route_id,nearest_substation_distance_km,nearest_substation_osm_id,nearest_mapped_charger_distance_km,nearest_charger_osm_id,electricity_kwh_day_low,electricity_kwh_day_base,electricity_kwh_day_high,candidate_terminal_count,site_control_verified,utility_capacity_verified,charging_site_verified,verified_available_capacity_kw,terminal_evidence_score,site_evidence_reference_count,mapped_substation_proximity_score,mapped_charger_proximity_score,energy_manageability_score,charging_readiness_score,charging_evidence_confidence,charging_claim_status,charging_source_ids,charging_method_version,charging_optional_osm_available,charging_limitation
LTFRB_PUJ1001,0.747,way/440588497,1.195,node/9462686325,1811.418,2156.45,2213.955,0,False,False,False,,0.0,0,100.0,82.0,84.96467565831728,76.74,38.0,PROXY,osm_power_snapshot_2026_08_20|route2zero_climate_scenario_v1,charging-v1.0,True,"Mapped proximity is not proof of distribution capacity, site control, interconnection approval or charger availability."
LTFRB_PUJ1002,0.747,way/440588497,1.195,node/9462686325,1742.16,2074.0,2129.307,0,False,False,False,,0.0,0,100.0,82.0,85.58766859344894,76.9,38.0,PROXY,osm_power_snapshot_2026_08_20|route2zero_climate_scenario_v1,charging-v1.0,True,"Mapped proximity is not proof of distribution capacity, site control, interconnection approval or charger availability."
LTFRB_PUJ1003,0.727,way/617091970,3.355,node/13895420988,908.922,1082.05,1110.905,0,False,False,False,,0.0,0,100.0,58.0,93.08285163776493,72.77,38.0,PROXY,osm_power_snapshot_2026_08_20|route2zero_climate_scenario_v1,charging-v1.0,True,"Mapped proximity is not proof of distribution capacity, site control, interconnection approval or charger availability."
LTFRB_PUJ1004,0.727,way/617091970,3.355,node/13895420988,908.922,1082.05,1110.905,0,False,False,False,,0.0,0,100.0,58.0,93.08285163776493,72.77,38.0,PROXY,osm_power_snapshot_2026_08_20|route2zero_climate_scenario_v1,charging-v1.0,True,"Mapped proximity is not proof of distribution capacity, site control, interconnection approval or charger availability."
LTFRB_PUJ1005,0.764,way/450041326,1.512,node/13895420988,1154.895,1374.875,1411.538,0,False,False,False,,0.0,0,100.0,82.0,90.87026332691073,78.22,38.0,PROXY,osm_power_snapshot_2026_08_20|route2zero_climate_scenario_v1,charging-v1.0,True,"Mapped proximity is not proof of distribution capacity, site control, interconnection approval or charger availability."
LTFRB_PUJ1006,0.764,way/450041326,1.512,node/13895420988,1266.993,1508.325,1548.547,0,False,False,False,,0.0,0,100.0,82.0,89.86191393705845,77.97,38.0,PROXY,osm_power_snapshot_2026_08_20|route2zero_climate_scenario_v1,charging-v1.0,True,"Mapped proximity is not proof of distribution capacity, site control, interconnection approval or charger availability."
LTFRB_PUJ1007,0.374,way/291478089,1.777,node/6836063735,801.465,954.125,979.568,0,False,False,False,,0.0,0,100.0,82.0,94.04945407835581,79.01,38.0,PROXY,osm_power_snapshot_2026_08_20|route2zero_climate_scenario_v1,charging-v1.0,True,"Mapped proximity is not proof of distribution capacity, site control, interconnection approval or charger availability."
LTFRB_PUJ1008,0.374,way/291478089,1.777,node/6836063735,803.964,957.1,982.623,0,False,False,False,,0.0,0,100.0,82.0,94.02697495183044,79.01,38.0,PROXY,osm_power_snapshot_2026_08_20|route2zero_climate_scenario_v1,charging-v1.0,True,"Mapped proximity is not proof of distribution capacity, site control, interconnection approval or charger availability."
LTFRB_PUJ1009,0.194,way/182922897,4.536,node/13895420988,420.189,500.225,513.564,0,False,False,False,,0.0,0,100.0,58.0,97.4791265253693,73.87,38.0,PROXY,osm_power_snapshot_2026_08_20|route2zero_climate_scenario_v1,charging-v1.0,True,"Mapped proximity is not proof of distribution capacity, site control, interconnection approval or charger availability."
LTFRB_PUJ1010,0.194,way/182922897,4.536,node/13895420988,420.189,500.225,513.564,0,False,False,False,,0.0,0,100.0,58.0,97.4791265253693,73.87,38.0,PROXY,osm_power_snapshot_2026_08_20|route2zero_climate_scenario_v1,charging-v1.0,True,"Mapped proximity is not proof of distribution capacity, site control, interconnection approval or charger availability."
LTFRB_PUJ1011,0.699,way/440593524,4.175,node/13895420988,774.69,922.25,946.843,0,False,False,False,,0.0,0,100.0,58.0,94.29030186255619,73.07,38.0,PROXY,osm_power_snapshot_2026_08_20|route2zero_climate_scenario_v1,charging-v1.0,True,"Mapped proximity is not proof of distribution capacity, site control, interconnection approval or charger availability."
LTFRB_PUJ1012,0.699,way/440593524,4.175,node/13895420988,838.95,998.75,1025.383,0,False,False,False,,0.0,0,100.0,58.0,93.71226718047527,72.93,38.0,PROXY,osm_power_snapshot_2026_08_20|route2zero_climate_scenario_v1,charging-v1.0,True,"Mapped proximity is not proof of distribution capacity, site control, interconnection approval or charger availability."
LTFRB_PUJ1013,0.336,node/4977761380,1.27,node/6836063735,4841.991,5764.275,5917.989,0,False,False,False,,0.0,0,100.0,82.0,57.703917790623,69.93,38.0,PROXY,osm_power_snapshot_2026_08_20|route2zero_climate_scenario_v1,charging-v1.0,True,"Mapped proximity is not proof of distribution capacity, site control, interconnection approval or charger availability."
LTFRB_PUJ1014,0.336,node/4977761380,1.27,node/6836063735,4808.076,5723.9,5876.537,0,False,False,False,,0.0,0,100.0,82.0,58.008991650610156,70.0,38.0,PROXY,osm_power_snapshot_2026_08_20|route2zero_climate_scenario_v1,charging-v1.0,True,"Mapped proximity is not proof of distribution capacity, site control, interconnection approval or charger availability."
LTFRB_PUJ1015,0.37,node/4592771042,1.556,node/6836063735,6592.719,7848.475,8057.768,0,False,False,False,,0.0,0,100.0,82.0,41.95568400770713,65.99,38.0,PROXY,osm_power_snapshot_2026_08_20|route2zero_climate_scenario_v1,charging-v1.0,True,"Mapped proximity is not proof of distribution capacity, site control, interconnection approval or charger availability."
LTFRB_PUJ1016,0.37,node/4592771042,1.556,node/6836063735,6876.177,8185.925,8404.216,0,False,False,False,,0.0,0,100.0,82.0,39.40590879897239,65.35,38.0,PROXY,osm_power_snapshot_2026_08_20|route2zero_climate_scenario_v1,charging-v1.0,True,"Mapped proximity is not proof of distribution capacity, site control, interconnection approval or charger availability."
LTFRB_PUJ1017,0.078,node/4592771042,10.666,node/12980211308,4345.047,5172.675,5310.613,0,False,False,False,,0.0,0,100.0,32.0,62.17405266538215,58.54,38.0,PROXY,osm_power_snapshot_2026_08_20|route2zero_climate_scenario_v1,charging-v1.0,True,"Mapped proximity is not proof of distribution capacity, site control, interconnection approval or charger availability."
LTFRB_PUJ1018,0.078,node/4592771042,10.666,node/12980211308,4320.057,5142.925,5280.07,0,False,False,False,,0.0,0,100.0,32.0,62.39884393063584,58.6,38.0,PROXY,osm_power_snapshot_2026_08_20|route2zero_climate_scenario_v1,charging-v1.0,True,"Mapped proximity is not proof of distribution capacity, site control, interconnection approval or charger availability."
LTFRB_PUJ1019,0.113,node/4592771042,10.735,node/12980211308,4314.702,5136.55,5273.525,0,False,False,False,,0.0,0,100.0,32.0,62.447013487475914,58.61,38.0,PROXY,osm_power_snapshot_2026_08_20|route2zero_climate_scenario_v1,charging-v1.0,True,"Mapped proximity is not proof of distribution capacity, site control, interconnection approval or charger availability."
LTFRB_PUJ1020,0.113,node/4592771042,10.735,node/12980211308,3890.943,4632.075,4755.597,0,False,False,False,,0.0,0,100.0,32.0,66.25883108542068,59.56,38.0,PROXY,osm_power_snapshot_2026_08_20|route2zero_climate_scenario_v1,charging-v1.0,True,"Mapped proximity is not proof of distribution capacity, site control, interconnection approval or charger availability."
LTFRB_PUJ1021,0.247,node/4592771042,10.813,node/12980211308,7182.84,8551.0,8779.027,0,False,False,False,,0.0,0,100.0,32.0,36.64739884393063,52.16,38.0,PROXY,osm_power_snapshot_2026_08_20|route2zero_climate_scenario_v1,charging-v1.0,True,"Mapped proximity is not proof of distribution capacity, site control, interconnection approval or charger availability."
LTFRB_PUJ1022,0.343,node/4592771042,10.929,node/12980211308,11256.924,13401.1,13758.463,0,False,False,False,,0.0,0,100.0,32.0,0.0,43.0,38.0,PROXY,osm_power_snapshot_2026_08_20|route2zero_climate_scenario_v1,charging-v1.0,True,"Mapped proximity is not proof of distribution capacity, site control, interconnection approval or charger availability."
LTFRB_PUJ1023,0.225,node/4533933869,5.019,node/12862848460,4050.165,4821.625,4950.202,0,False,False,False,,0.0,0,100.0,58.0,64.82658959537574,65.71,38.0,PROXY,osm_power_snapshot_2026_08_20|route2zero_climate_scenario_v1,charging-v1.0,True,"Mapped proximity is not proof of distribution capacity, site control, interconnection approval or charger availability."
LTFRB_PUJ1024,0.225,node/4533933869,5.019,node/12862848460,5129.733,6106.825,6269.674,0,False,False,False,,0.0,0,100.0,58.0,55.11560693641619,63.28,38.0,PROXY,osm_power_snapshot_2026_08_20|route2zero_climate_scenario_v1,charging-v1.0,True,"Mapped proximity is not proof of distribution capacity, site control, interconnection approval or charger availability."
LTFRB_PUJ1025,0.114,node/4533933869,11.059,node/12980211308,2153.781,2564.025,2632.399,0,False,False,False,,0.0,0,100.0,32.0,81.88503532434169,63.47,38.0,PROXY,osm_power_snapshot_2026_08_20|route2zero_climate_scenario_v1,charging-v1.0,True,"Mapped proximity is not proof of distribution capacity, site control, interconnection approval or charger availability."
LTFRB_PUJ1026,0.114,node/4533933869,11.059,node/12980211308,2153.781,2564.025,2632.399,0,False,False,False,,0.0,0,100.0,32.0,81.88503532434169,63.47,38.0,PROXY,osm_power_snapshot_2026_08_20|route2zero_climate_scenario_v1,charging-v1.0,True,"Mapped proximity is not proof of distribution capacity, site control, interconnection approval or charger availability."
LTFRB_PUJ1028,0.113,node/4592771042,10.54,node/12980211308,2137.002,2544.05,2611.891,0,False,False,False,,0.0,0,100.0,32.0,82.0359666024406,63.51,38.0,PROXY,osm_power_snapshot_2026_08_20|route2zero_climate_scenario_v1,charging-v1.0,True,"Mapped proximity is not proof of distribution capacity, site control, interconnection approval or charger availability."
LTFRB_PUJ1029,0.643,way/1296102890,1.103,node/6836063735,2890.272,3440.8,3532.555,0,False,False,False,,0.0,0,100.0,82.0,75.26011560693641,74.32,38.0,PROXY,osm_power_snapshot_2026_08_20|route2zero_climate_scenario_v1,charging-v1.0,True,"Mapped proximity is not proof of distribution capacity, site control, interconnection approval or charger availability."
LTFRB_PUJ1030,0.643,way/1296102890,1.103,node/6836063735,2903.838,3456.95,3549.135,0,False,False,False,,0.0,0,100.0,82.0,75.13808606294155,74.28,38.0,PROXY,osm_power_snapshot_2026_08_20|route2zero_climate_scenario_v1,charging-v1.0,True,"Mapped proximity is not proof of distribution capacity, site control, interconnection approval or charger availability."
LTFRB_PUJ1031,0.643,way/1296102890,0.773,node/6836063735,3008.796,3581.9,3677.417,0,False,False,False,,0.0,0,100.0,100.0,74.19396274887603,78.55,38.0,PROXY,osm_power_snapshot_2026_08_20|route2zero_climate_scenario_v1,charging-v1.0,True,"Mapped proximity is not proof of distribution capacity, site control, interconnection approval or charger availability."
LTFRB_PUJ1033,0.225,node/4533933869,4.814,node/12862848460,4117.281,4901.525,5032.232,0,False,False,False,,0.0,0,100.0,58.0,64.2228644829801,65.56,38.0,PROXY,osm_power_snapshot_2026_08_20|route2zero_climate_scenario_v1,charging-v1.0,True,"Mapped proximity is not proof of distribution capacity, site control, interconnection approval or charger availability."
LTFRB_PUJ1034,0.225,node/4533933869,4.814,node/12862848460,5001.57,5954.25,6113.03,0,False,False,False,,0.0,0,100.0,58.0,56.268464996788694,63.57,38.0,PROXY,osm_power_snapshot_2026_08_20|route2zero_climate_scenario_v1,charging-v1.0,True,"Mapped proximity is not proof of distribution capacity, site control, interconnection approval or charger availability."
LTFRB_PUJ1035,0.37,node/4592771042,10.283,node/12980211308,1301.979,1549.975,1591.308,0,False,False,False,,0.0,0,100.0,32.0,89.54720616570327,65.39,38.0,PROXY,osm_power_snapshot_2026_08_20|route2zero_climate_scenario_v1,charging-v1.0,True,"Mapped proximity is not proof of distribution capacity, site control, interconnection approval or charger availability."
LTFRB_PUJ1036,0.37,node/4592771042,10.283,node/12980211308,2404.395,2862.375,2938.705,0,False,False,False,,0.0,0,100.0,32.0,79.63070006422608,62.91,38.0,PROXY,osm_power_snapshot_2026_08_20|route2zero_climate_scenario_v1,charging-v1.0,True,"Mapped proximity is not proof of distribution capacity, site control, interconnection approval or charger availability."
LTFRB_PUJ1037,0.37,node/4592771042,10.301,node/12980211308,1591.863,1895.075,1945.61,0,False,False,False,,0.0,0,100.0,32.0,86.93962748876044,64.73,38.0,PROXY,osm_power_snapshot_2026_08_20|route2zero_climate_scenario_v1,charging-v1.0,True,"Mapped proximity is not proof of distribution capacity, site control, interconnection approval or charger availability."
LTFRB_PUJ1038,0.37,node/4592771042,10.301,node/12980211308,1591.863,1895.075,1945.61,0,False,False,False,,0.0,0,100.0,32.0,86.93962748876044,64.73,38.0,PROXY,osm_power_snapshot_2026_08_20|route2zero_climate_scenario_v1,charging-v1.0,True,"Mapped proximity is not proof of distribution capacity, site control, interconnection approval or charger availability."
LTFRB_PUJ1040,0.113,node/4592771042,2.084,node/12980211308,4036.599,4805.475,4933.621,0,False,False,False,,0.0,0,100.0,82.0,64.94861913937058,71.74,38.0,PROXY,osm_power_snapshot_2026_08_20|route2zero_climate_scenario_v1,charging-v1.0,True,"Mapped proximity is not proof of distribution capacity, site control, interconnection approval or charger availability."
LTFRB_PUJ1041,0.155,node/4977761380,1.482,node/6836063735,5292.168,6300.2,6468.205,0,False,False,False,,0.0,0,100.0,82.0,53.65446371226719,68.91,38.0,PROXY,osm_power_snapshot_2026_08_20|route2zero_climate_scenario_v1,charging-v1.0,True,"Mapped proximity is not proof of distribution capacity, site control, interconnection approval or charger availability."
LTFRB_PUJ1042,0.155,node/4977761380,1.482,node/6836063735,5564.559,6624.475,6801.128,0,False,False,False,,0.0,0,100.0,82.0,51.204238921001924,68.3,38.0,PROXY,osm_power_snapshot_2026_08_20|route2zero_climate_scenario_v1,charging-v1.0,True,"Mapped proximity is not proof of distribution capacity, site control, interconnection approval or charger availability."
LTFRB_PUJ1043,0.482,way/264246780,0.323,node/13081283763,7935.039,9446.475,9698.381,0,False,False,False,,0.0,0,100.0,100.0,29.881181759794472,67.47,38.0,PROXY,osm_power_snapshot_2026_08_20|route2zero_climate_scenario_v1,charging-v1.0,True,"Mapped proximity is not proof of distribution capacity, site control, interconnection approval or charger availability."
LTFRB_PUJ1044,0.482,way/264246780,0.323,node/13081283763,7698.348,9164.7,9409.092,0,False,False,False,,0.0,0,100.0,100.0,32.010276172125884,68.0,38.0,PROXY,osm_power_snapshot_2026_08_20|route2zero_climate_scenario_v1,charging-v1.0,True,"Mapped proximity is not proof of distribution capacity, site control, interconnection approval or charger availability."
LTFRB_PUJ1045,0.482,way/264246780,0.323,node/13081283763,7566.615,9007.875,9248.085,0,False,False,False,,0.0,0,100.0,100.0,33.195247270391775,68.3,38.0,PROXY,osm_power_snapshot_2026_08_20|route2zero_climate_scenario_v1,charging-v1.0,True,"Mapped proximity is not proof of distribution capacity, site control, interconnection approval or charger availability."
LTFRB_PUJ1046,0.482,way/264246780,0.323,node/13081283763,6792.282,8086.05,8301.678,0,False,False,False,,0.0,0,100.0,100.0,40.16056518946692,70.04,38.0,PROXY,osm_power_snapshot_2026_08_20|route2zero_climate_scenario_v1,charging-v1.0,True,"Mapped proximity is not proof of distribution capacity, site control, interconnection approval or charger availability."
LTFRB_PUJ1047,0.649,way/60193935,1.471,node/9596306272,5016.921,5972.525,6131.792,0,False,False,False,,0.0,0,100.0,82.0,56.13037893384715,69.53,38.0,PROXY,osm_power_snapshot_2026_08_20|route2zero_climate_scenario_v1,charging-v1.0,True,"Mapped proximity is not proof of distribution capacity, site control, interconnection approval or charger availability."
LTFRB_PUJ1048,0.649,way/60193935,1.471,node/9596306272,4939.809,5880.725,6037.544,0,False,False,False,,0.0,0,100.0,82.0,56.82402055234425,69.71,38.0,PROXY,osm_power_snapshot_2026_08_20|route2zero_climate_scenario_v1,charging-v1.0,True,"Mapped proximity is not proof of distribution capacity, site control, interconnection approval or charger availability."
LTFRB_PUJ1049,1.457,node/2126363194,1.724,node/9756145409,6286.056,7483.4,7682.957,0,False,False,False,,0.0,0,82.0,82.0,44.71419396274888,60.38,38.0,PROXY,osm_power_snapshot_2026_08_20|route2zero_climate_scenario_v1,charging-v1.0,True,"Mapped proximity is not proof of distribution capacity, site control, interconnection approval or charger availability."
LTFRB_PUJ1050,1.457,node/2126363194,1.724,node/9756145409,6170.745,7346.125,7542.022,0,False,False,False,,0.0,0,82.0,82.0,45.7514450867052,60.64,38.0,PROXY,osm_power_snapshot_2026_08_20|route2zero_climate_scenario_v1,charging-v1.0,True,"Mapped proximity is not proof of distribution capacity, site control, interconnection approval or charger availability."
LTFRB_PUJ1051,1.569,way/116061783,0.538,node/13081283762,4753.098,5658.45,5809.342,0,False,False,False,,0.0,0,82.0,100.0,58.50353243416828,68.33,38.0,PROXY,osm_power_snapshot_2026_08_20|route2zero_climate_scenario_v1,charging-v1.0,True,"Mapped proximity is not proof of distribution capacity, site control, interconnection approval or charger availability."
LTFRB_PUJ1053,1.118,way/264246780,1.047,node/6110400886,6149.325,7320.625,7515.842,0,False,False,False,,0.0,0,82.0,82.0,45.94412331406551,60.69,38.0,PROXY,osm_power_snapshot_2026_08_20|route2zero_climate_scenario_v1,charging-v1.0,True,"Mapped proximity is not proof of distribution capacity, site control, interconnection approval or charger availability."
LTFRB_PUJ1054,1.118,way/264246780,1.047,node/6110400886,6334.251,7540.775,7741.862,0,False,False,False,,0.0,0,82.0,82.0,44.28066795118819,60.27,38.0,PROXY,osm_power_snapshot_2026_08_20|route2zero_climate_scenario_v1,charging-v1.0,True,"Mapped proximity is not proof of distribution capacity, site control, interconnection approval or charger availability."
LTFRB_PUJ1055,0.076,node/4823208932,1.776,node/13081283763,4736.676,5638.9,5789.271,0,False,False,False,,0.0,0,100.0,82.0,58.65125240847785,70.16,38.0,PROXY,osm_power_snapshot_2026_08_20|route2zero_climate_scenario_v1,charging-v1.0,True,"Mapped proximity is not proof of distribution capacity, site control, interconnection approval or charger availability."
LTFRB_PUJ1056,0.076,node/4823208932,1.776,node/13081283763,4474.995,5327.375,5469.438,0,False,False,False,,0.0,0,100.0,82.0,61.00513808606294,70.75,38.0,PROXY,osm_power_snapshot_2026_08_20|route2zero_climate_scenario_v1,charging-v1.0,True,"Mapped proximity is not proof of distribution capacity, site control, interconnection approval or charger availability."
LTFRB_PUJ1057,0.824,node/4823208932,1.896,node/13895420988,1525.104,1815.6,1864.016,0,False,False,False,,0.0,0,100.0,82.0,87.54014129736673,77.39,38.0,PROXY,osm_power_snapshot_2026_08_20|route2zero_climate_scenario_v1,charging-v1.0,True,"Mapped proximity is not proof of distribution capacity, site control, interconnection approval or charger availability."
LTFRB_PUJ1058,0.824,node/4823208932,1.896,node/13895420988,1525.104,1815.6,1864.016,0,False,False,False,,0.0,0,100.0,82.0,87.54014129736673,77.39,38.0,PROXY,osm_power_snapshot_2026_08_20|route2zero_climate_scenario_v1,charging-v1.0,True,"Mapped proximity is not proof of distribution capacity, site control, interconnection approval or charger availability."
LTFRB_PUJ1059,0.739,way/35583874,1.685,node/12862848460,2868.138,3414.45,3505.502,0,False,False,False,,0.0,0,100.0,82.0,75.4592164418754,74.36,38.0,PROXY,osm_power_snapshot_2026_08_20|route2zero_climate_scenario_v1,charging-v1.0,True,"Mapped proximity is not proof of distribution capacity, site control, interconnection approval or charger availability."
LTFRB_PUJ1060,0.739,way/35583874,1.685,node/12862848460,2607.171,3103.775,3186.542,0,False,False,False,,0.0,0,100.0,82.0,77.80667951188182,74.95,38.0,PROXY,osm_power_snapshot_2026_08_20|route2zero_climate_scenario_v1,charging-v1.0,True,"Mapped proximity is not proof of distribution capacity, site control, interconnection approval or charger availability."
LTFRB_PUJ1061,0.57,way/35583874,2.142,node/9462686325,772.191,919.275,943.789,0,False,False,False,,0.0,0,100.0,82.0,94.31278098908157,79.08,38.0,PROXY,osm_power_snapshot_2026_08_20|route2zero_climate_scenario_v1,charging-v1.0,True,"Mapped proximity is not proof of distribution capacity, site control, interconnection approval or charger availability."
LTFRB_PUJ1062,0.57,way/35583874,2.142,node/9462686325,1193.808,1421.2,1459.099,0,False,False,False,,0.0,0,100.0,82.0,90.52023121387283,78.13,38.0,PROXY,osm_power_snapshot_2026_08_20|route2zero_climate_scenario_v1,charging-v1.0,True,"Mapped proximity is not proof of distribution capacity, site control, interconnection approval or charger availability."
LTFRB_PUJ1063,0.128,way/47570428,1.616,node/9462686325,925.344,1101.6,1130.976,0,False,False,False,,0.0,0,100.0,82.0,92.93513166345537,78.73,38.0,PROXY,osm_power_snapshot_2026_08_20|route2zero_climate_scenario_v1,charging-v1.0,True,"Mapped proximity is not proof of distribution capacity, site control, interconnection approval or charger availability."
LTFRB_PUJ1064,0.128,way/47570428,1.616,node/9462686325,924.987,1101.175,1130.54,0,False,False,False,,0.0,0,100.0,82.0,92.9383429672447,78.73,38.0,PROXY,osm_power_snapshot_2026_08_20|route2zero_climate_scenario_v1,charging-v1.0,True,"Mapped proximity is not proof of distribution capacity, site control, interconnection approval or charger availability."
LTFRB_PUJ1065,0.546,node/4977761380,0.351,node/12980211308,4147.626,4937.65,5069.321,0,False,False,False,,0.0,0,100.0,100.0,63.94990366088633,75.99,38.0,PROXY,osm_power_snapshot_2026_08_20|route2zero_climate_scenario_v1,charging-v1.0,True,"Mapped proximity is not proof of distribution capacity, site control, interconnection approval or charger availability."
LTFRB_PUJ1066,0.546,node/4977761380,0.351,node/12980211308,4216.884,5020.1,5153.969,0,False,False,False,,0.0,0,100.0,100.0,63.32691072575465,75.83,38.0,PROXY,osm_power_snapshot_2026_08_20|route2zero_climate_scenario_v1,charging-v1.0,True,"Mapped proximity is not proof of distribution capacity, site control, interconnection approval or charger availability."
LTFRB_PUJ1067,0.71,node/4977761380,1.937,node/6836063735,1178.1,1402.5,1439.9,0,False,False,False,,0.0,0,100.0,82.0,90.66152858060373,78.17,38.0,PROXY,osm_power_snapshot_2026_08_20|route2zero_climate_scenario_v1,charging-v1.0,True,"Mapped proximity is not proof of distribution capacity, site control, interconnection approval or charger availability."
LTFRB_PUJ1068,0.71,node/4977761380,1.937,node/6836063735,1259.496,1499.4,1539.384,0,False,False,False,,0.0,0,100.0,82.0,89.92935131663455,77.98,38.0,PROXY,osm_power_snapshot_2026_08_20|route2zero_climate_scenario_v1,charging-v1.0,True,"Mapped proximity is not proof of distribution capacity, site control, interconnection approval or charger availability."
LTFRB_PUJ1069,0.71,node/4977761380,1.937,node/6836063735,916.776,1091.4,1120.504,0,False,False,False,,0.0,0,100.0,82.0,93.01220295439948,78.75,38.0,PROXY,osm_power_snapshot_2026_08_20|route2zero_climate_scenario_v1,charging-v1.0,True,"Mapped proximity is not proof of distribution capacity, site control, interconnection approval or charger availability."
LTFRB_PUJ1070,0.71,node/4977761380,1.937,node/6836063735,2050.608,2441.2,2506.299,0,False,False,False,,0.0,0,100.0,82.0,82.8131021194605,76.2,38.0,PROXY,osm_power_snapshot_2026_08_20|route2zero_climate_scenario_v1,charging-v1.0,True,"Mapped proximity is not proof of distribution capacity, site control, interconnection approval or charger availability."
LTFRB_PUJ1071,0.155,node/4977761380,1.482,node/6836063735,4078.011,4854.775,4984.236,0,False,False,False,,0.0,0,100.0,82.0,64.57610789980733,71.64,38.0,PROXY,osm_power_snapshot_2026_08_20|route2zero_climate_scenario_v1,charging-v1.0,True,"Mapped proximity is not proof of distribution capacity, site control, interconnection approval or charger availability."
LTFRB_PUJ1072,0.155,node/4977761380,1.482,node/6836063735,4220.811,5024.775,5158.769,0,False,False,False,,0.0,0,100.0,82.0,63.29158638407194,71.32,38.0,PROXY,osm_power_snapshot_2026_08_20|route2zero_climate_scenario_v1,charging-v1.0,True,"Mapped proximity is not proof of distribution capacity, site control, interconnection approval or charger availability."
LTFRB_PUJ1073,0.209,node/4977761380,1.362,node/6836063735,4070.871,4846.275,4975.509,0,False,False,False,,0.0,0,100.0,82.0,64.6403339755941,71.66,38.0,PROXY,osm_power_snapshot_2026_08_20|route2zero_climate_scenario_v1,charging-v1.0,True,"Mapped proximity is not proof of distribution capacity, site control, interconnection approval or charger availability."
LTFRB_PUJ1074,0.209,node/4977761380,1.362,node/6836063735,3923.787,4671.175,4795.74,0,False,False,False,,0.0,0,100.0,82.0,65.96339113680153,71.99,38.0,PROXY,osm_power_snapshot_2026_08_20|route2zero_climate_scenario_v1,charging-v1.0,True,"Mapped proximity is not proof of distribution capacity, site control, interconnection approval or charger availability."
LTFRB_PUJ1075,0.155,node/4977761380,1.482,node/6836063735,4120.494,4905.35,5036.159,0,False,False,False,,0.0,0,100.0,82.0,64.19396274887605,71.55,38.0,PROXY,osm_power_snapshot_2026_08_20|route2zero_climate_scenario_v1,charging-v1.0,True,"Mapped proximity is not proof of distribution capacity, site control, interconnection approval or charger availability."
LTFRB_PUJ1076,0.155,node/4977761380,1.482,node/6836063735,4161.906,4954.65,5086.774,0,False,False,False,,0.0,0,100.0,82.0,63.82145150931279,71.46,38.0,PROXY,osm_power_snapshot_2026_08_20|route2zero_climate_scenario_v1,charging-v1.0,True,"Mapped proximity is not proof of distribution capacity, site control, interconnection approval or charger availability."
LTFRB_PUJ1077,0.509,node/4977761380,1.171,node/6836063735,3730.65,4441.25,4559.683,0,False,False,False,,0.0,0,100.0,82.0,67.70070648683365,72.43,38.0,PROXY,osm_power_snapshot_2026_08_20|route2zero_climate_scenario_v1,charging-v1.0,True,"Mapped proximity is not proof of distribution capacity, site control, interconnection approval or charger availability."
LTFRB_PUJ1078,0.509,node/4977761380,1.171,node/6836063735,3950.919,4703.475,4828.901,0,False,False,False,,0.0,0,100.0,82.0,65.71933204881182,71.93,38.0,PROXY,osm_power_snapshot_2026_08_20|route2zero_climate_scenario_v1,charging-v1.0,True,"Mapped proximity is not proof of distribution capacity, site control, interconnection approval or charger availability."
LTFRB_PUJ1079,0.538,node/4977761380,1.042,node/6836063735,4259.01,5070.25,5205.457,0,False,False,False,,0.0,0,100.0,82.0,62.94797687861272,71.24,38.0,PROXY,osm_power_snapshot_2026_08_20|route2zero_climate_scenario_v1,charging-v1.0,True,"Mapped proximity is not proof of distribution capacity, site control, interconnection approval or charger availability."
LTFRB_PUJ1080,0.538,node/4977761380,1.042,node/6836063735,4278.645,5093.625,5229.455,0,False,False,False,,0.0,0,100.0,82.0,62.77135517019911,71.19,38.0,PROXY,osm_power_snapshot_2026_08_20|route2zero_climate_scenario_v1,charging-v1.0,True,"Mapped proximity is not proof of distribution capacity, site control, interconnection approval or charger availability."
LTFRB_PUJ1081,0.538,node/4977761380,1.042,node/6836063735,3164.805,3767.625,3868.095,0,False,False,False,,0.0,0,100.0,82.0,72.79062299293514,73.7,38.0,PROXY,osm_power_snapshot_2026_08_20|route2zero_climate_scenario_v1,charging-v1.0,True,"Mapped proximity is not proof of distribution capacity, site control, interconnection approval or charger availability."
LTFRB_PUJ1083,0.458,node/4977761380,1.556,node/6836063735,5089.035,6058.375,6219.932,0,False,False,False,,0.0,0,100.0,82.0,55.481695568400774,69.37,38.0,PROXY,osm_power_snapshot_2026_08_20|route2zero_climate_scenario_v1,charging-v1.0,True,"Mapped proximity is not proof of distribution capacity, site control, interconnection approval or charger availability."
LTFRB_PUJ1084,0.458,node/4977761380,1.556,node/6836063735,5158.65,6141.25,6305.017,0,False,False,False,,0.0,0,100.0,82.0,54.85549132947977,69.21,38.0,PROXY,osm_power_snapshot_2026_08_20|route2zero_climate_scenario_v1,charging-v1.0,True,"Mapped proximity is not proof of distribution capacity, site control, interconnection approval or charger availability."
LTFRB_PUJ1085,0.155,node/4977761380,1.482,node/6836063735,3381.504,4025.6,4132.949,0,False,False,False,,0.0,0,100.0,82.0,70.84136159280668,73.21,38.0,PROXY,osm_power_snapshot_2026_08_20|route2zero_climate_scenario_v1,charging-v1.0,True,"Mapped proximity is not proof of distribution capacity, site control, interconnection approval or charger availability."
LTFRB_PUJ1086,0.155,node/4977761380,1.482,node/6836063735,3442.194,4097.85,4207.126,0,False,False,False,,0.0,0,100.0,82.0,70.29543994861913,73.07,38.0,PROXY,osm_power_snapshot_2026_08_20|route2zero_climate_scenario_v1,charging-v1.0,True,"Mapped proximity is not proof of distribution capacity, site control, interconnection approval or charger availability."
LTFRB_PUJ1087,0.458,node/4977761380,1.556,node/6836063735,3340.092,3976.3,4082.335,0,False,False,False,,0.0,0,100.0,82.0,71.21387283236994,73.3,38.0,PROXY,osm_power_snapshot_2026_08_20|route2zero_climate_scenario_v1,charging-v1.0,True,"Mapped proximity is not proof of distribution capacity, site control, interconnection approval or charger availability."
LTFRB_PUJ1088,0.458,node/4977761380,1.556,node/6836063735,3854.886,4589.15,4711.527,0,False,False,False,,0.0,0,100.0,82.0,66.58317276814387,72.15,38.0,PROXY,osm_power_snapshot_2026_08_20|route2zero_climate_scenario_v1,charging-v1.0,True,"Mapped proximity is not proof of distribution capacity, site control, interconnection approval or charger availability."
LTFRB_PUJ1089,0.209,node/4977761380,1.303,node/13895420988,4264.365,5076.625,5212.002,0,False,False,False,,0.0,0,100.0,82.0,62.89980732177264,71.22,38.0,PROXY,osm_power_snapshot_2026_08_20|route2zero_climate_scenario_v1,charging-v1.0,True,"Mapped proximity is not proof of distribution capacity, site control, interconnection approval or charger availability."
LTFRB_PUJ1090,0.209,node/4977761380,1.303,node/13895420988,4298.28,5117.0,5253.453,0,False,False,False,,0.0,0,100.0,82.0,62.59473346178549,71.15,38.0,PROXY,osm_power_snapshot_2026_08_20|route2zero_climate_scenario_v1,charging-v1.0,True,"Mapped proximity is not proof of distribution capacity, site control, interconnection approval or charger availability."
LTFRB_PUJ1091,0.155,node/4977761380,1.482,node/6836063735,4085.508,4863.7,4993.399,0,False,False,False,,0.0,0,100.0,82.0,64.50867052023122,71.63,38.0,PROXY,osm_power_snapshot_2026_08_20|route2zero_climate_scenario_v1,charging-v1.0,True,"Mapped proximity is not proof of distribution capacity, site control, interconnection approval or charger availability."
LTFRB_PUJ1094,0.209,node/4977761380,1.362,node/6836063735,4147.269,4937.225,5068.884,0,False,False,False,,0.0,0,100.0,82.0,63.953114964675656,71.49,38.0,PROXY,osm_power_snapshot_2026_08_20|route2zero_climate_scenario_v1,charging-v1.0,True,"Mapped proximity is not proof of distribution capacity, site control, interconnection approval or charger availability."
LTFRB_PUJ1095,0.538,node/4977761380,1.042,node/6836063735,4893.042,5825.05,5980.385,0,False,False,False,,0.0,0,100.0,82.0,57.2447013487476,69.81,38.0,PROXY,osm_power_snapshot_2026_08_20|route2zero_climate_scenario_v1,charging-v1.0,True,"Mapped proximity is not proof of distribution capacity, site control, interconnection approval or charger availability."
LTFRB_PUJ1096,0.538,node/4977761380,1.042,node/6836063735,4893.042,5825.05,5980.385,0,False,False,False,,0.0,0,100.0,82.0,57.2447013487476,69.81,38.0,PROXY,osm_power_snapshot_2026_08_20|route2zero_climate_scenario_v1,charging-v1.0,True,"Mapped proximity is not proof of distribution capacity, site control, interconnection approval or charger availability."
LTFRB_PUJ1097,0.546,node/4977761380,1.063,node/6836063735,4778.088,5688.2,5839.885,0,False,False,False,,0.0,0,100.0,82.0,58.278741168914586,70.07,38.0,PROXY,osm_power_snapshot_2026_08_20|route2zero_climate_scenario_v1,charging-v1.0,True,"Mapped proximity is not proof of distribution capacity, site control, interconnection approval or charger availability."
LTFRB_PUJ1098,0.546,node/4977761380,1.063,node/6836063735,4885.545,5816.125,5971.222,0,False,False,False,,0.0,0,100.0,82.0,57.3121387283237,69.83,38.0,PROXY,osm_power_snapshot_2026_08_20|route2zero_climate_scenario_v1,charging-v1.0,True,"Mapped proximity is not proof of distribution capacity, site control, interconnection approval or charger availability."
LTFRB_PUJ1099,0.336,node/4977761380,1.27,node/6836063735,3063.774,3647.35,3744.613,0,False,False,False,,0.0,0,100.0,82.0,73.69942196531792,73.92,38.0,PROXY,osm_power_snapshot_2026_08_20|route2zero_climate_scenario_v1,charging-v1.0,True,"Mapped proximity is not proof of distribution capacity, site control, interconnection approval or charger availability."
LTFRB_PUJ1100,0.336,node/4977761380,1.27,node/6836063735,3106.614,3698.35,3796.973,0,False,False,False,,0.0,0,100.0,82.0,73.3140655105973,73.83,38.0,PROXY,osm_power_snapshot_2026_08_20|route2zero_climate_scenario_v1,charging-v1.0,True,"Mapped proximity is not proof of distribution capacity, site control, interconnection approval or charger availability."
LTFRB_PUJ1101,0.209,node/4977761380,1.362,node/6836063735,6569.871,7821.275,8029.842,0,False,False,False,,0.0,0,100.0,82.0,42.16120745022479,66.04,38.0,PROXY,osm_power_snapshot_2026_08_20|route2zero_climate_scenario_v1,charging-v1.0,True,"Mapped proximity is not proof of distribution capacity, site control, interconnection approval or charger availability."
LTFRB_PUJ1102,0.209,node/4977761380,1.362,node/6836063735,6593.076,7848.9,8058.204,0,False,False,False,,0.0,0,100.0,82.0,41.9524727039178,65.99,38.0,PROXY,osm_power_snapshot_2026_08_20|route2zero_climate_scenario_v1,charging-v1.0,True,"Mapped proximity is not proof of distribution capacity, site control, interconnection approval or charger availability."
LTFRB_PUJ1103,0.309,node/2126363194,2.949,node/13895420988,944.979,1124.975,1154.974,0,False,False,False,,0.0,0,100.0,82.0,92.75850995504175,78.69,38.0,PROXY,osm_power_snapshot_2026_08_20|route2zero_climate_scenario_v1,charging-v1.0,True,"Mapped proximity is not proof of distribution capacity, site control, interconnection approval or charger availability."
LTFRB_PUJ1104,0.309,node/2126363194,2.949,node/13895420988,793.968,945.2,970.405,0,False,False,False,,0.0,0,100.0,82.0,94.11689145793191,79.03,38.0,PROXY,osm_power_snapshot_2026_08_20|route2zero_climate_scenario_v1,charging-v1.0,True,"Mapped proximity is not proof of distribution capacity, site control, interconnection approval or charger availability."
LTFRB_PUJ1105,1.537,way/1213040608,3.622,node/13895420988,566.916,674.9,692.897,0,False,False,False,,0.0,0,82.0,58.0,96.1592806679512,67.24,38.0,PROXY,osm_power_snapshot_2026_08_20|route2zero_climate_scenario_v1,charging-v1.0,True,"Mapped proximity is not proof of distribution capacity, site control, interconnection approval or charger availability."
LTFRB_PUJ1106,1.537,way/1213040608,3.622,node/13895420988,641.886,764.15,784.527,0,False,False,False,,0.0,0,82.0,58.0,95.48490687219011,67.07,38.0,PROXY,osm_power_snapshot_2026_08_20|route2zero_climate_scenario_v1,charging-v1.0,True,"Mapped proximity is not proof of distribution capacity, site control, interconnection approval or charger availability."
LTFRB_PUJ1107,1.569,way/116061783,0.538,node/13081283762,4389.672,5225.8,5365.155,0,False,False,False,,0.0,0,82.0,100.0,61.772639691714836,69.14,38.0,PROXY,osm_power_snapshot_2026_08_20|route2zero_climate_scenario_v1,charging-v1.0,True,"Mapped proximity is not proof of distribution capacity, site control, interconnection approval or charger availability."
LTFRB_PUJ1108,1.569,way/116061783,0.538,node/13081283762,4870.551,5798.275,5952.896,0,False,False,False,,0.0,0,82.0,100.0,57.44701348747592,68.06,38.0,PROXY,osm_power_snapshot_2026_08_20|route2zero_climate_scenario_v1,charging-v1.0,True,"Mapped proximity is not proof of distribution capacity, site control, interconnection approval or charger availability."
LTFRB_PUJ1109,1.585,way/583632006,2.268,node/12950633881,4489.275,5344.375,5486.892,0,False,False,False,,0.0,0,82.0,82.0,60.8766859344894,64.42,38.0,PROXY,osm_power_snapshot_2026_08_20|route2zero_climate_scenario_v1,charging-v1.0,True,"Mapped proximity is not proof of distribution capacity, site control, interconnection approval or charger availability."
LTFRB_PUJ1110,1.585,way/583632006,2.268,node/12950633881,4456.074,5304.85,5446.313,0,False,False,False,,0.0,0,82.0,82.0,61.175337186897885,64.49,38.0,PROXY,osm_power_snapshot_2026_08_20|route2zero_climate_scenario_v1,charging-v1.0,True,"Mapped proximity is not proof of distribution capacity, site control, interconnection approval or charger availability."
LTFRB_PUJ1111,2.465,way/800186096,0.248,node/10991144538,1752.156,2085.9,2141.524,0,False,False,False,,0.0,0,82.0,100.0,85.49775208734746,75.07,38.0,PROXY,osm_power_snapshot_2026_08_20|route2zero_climate_scenario_v1,charging-v1.0,True,"Mapped proximity is not proof of distribution capacity, site control, interconnection approval or charger availability."
LTFRB_PUJ1112,2.465,way/800186096,0.248,node/10991144538,2043.468,2432.7,2497.572,0,False,False,False,,0.0,0,82.0,100.0,82.87732819524727,74.42,38.0,PROXY,osm_power_snapshot_2026_08_20|route2zero_climate_scenario_v1,charging-v1.0,True,"Mapped proximity is not proof of distribution capacity, site control, interconnection approval or charger availability."
LTFRB_PUJ1113,0.143,way/441813417,9.682,node/12862848460,522.648,622.2,638.792,0,False,False,False,,0.0,0,100.0,32.0,96.55748233782916,67.14,38.0,PROXY,osm_power_snapshot_2026_08_20|route2zero_climate_scenario_v1,charging-v1.0,True,"Mapped proximity is not proof of distribution capacity, site control, interconnection approval or charger availability."
LTFRB_PUJ1114,0.143,way/441813417,9.682,node/12862848460,1284.486,1529.15,1569.927,0,False,False,False,,0.0,0,100.0,32.0,89.70456005138087,65.43,38.0,PROXY,osm_power_snapshot_2026_08_20|route2zero_climate_scenario_v1,charging-v1.0,True,"Mapped proximity is not proof of distribution capacity, site control, interconnection approval or charger availability."
LTFRB_PUJ1116,1.251,node/2508927841,3.057,node/6110400886,2922.759,3479.475,3572.261,0,False,False,False,,0.0,0,82.0,58.0,74.96788696210662,61.94,38.0,PROXY,osm_power_snapshot_2026_08_20|route2zero_climate_scenario_v1,charging-v1.0,True,"Mapped proximity is not proof of distribution capacity, site control, interconnection approval or charger availability."
LTFRB_PUJ1117,1.846,way/1411696988,0.418,node/6110400886,2617.881,3116.525,3199.632,0,False,False,False,,0.0,0,82.0,100.0,77.71034039820167,73.13,38.0,PROXY,osm_power_snapshot_2026_08_20|route2zero_climate_scenario_v1,charging-v1.0,True,"Mapped proximity is not proof of distribution capacity, site control, interconnection approval or charger availability."
LTFRB_PUJ1118,1.846,way/1411696988,0.418,node/6110400886,3280.473,3905.325,4009.467,0,False,False,False,,0.0,0,82.0,100.0,71.75016056518947,71.64,38.0,PROXY,osm_power_snapshot_2026_08_20|route2zero_climate_scenario_v1,charging-v1.0,True,"Mapped proximity is not proof of distribution capacity, site control, interconnection approval or charger availability."
LTFRB_PUJ1121,0.317,way/112645695,1.904,node/13895420988,918.561,1093.525,1122.686,0,False,False,False,,0.0,0,100.0,82.0,92.9961464354528,78.75,38.0,PROXY,osm_power_snapshot_2026_08_20|route2zero_climate_scenario_v1,charging-v1.0,True,"Mapped proximity is not proof of distribution capacity, site control, interconnection approval or charger availability."
LTFRB_PUJ1122,0.317,way/112645695,1.904,node/13895420988,1091.349,1299.225,1333.871,0,False,False,False,,0.0,0,100.0,82.0,91.44187540141297,78.36,38.0,PROXY,osm_power_snapshot_2026_08_20|route2zero_climate_scenario_v1,charging-v1.0,True,"Mapped proximity is not proof of distribution capacity, site control, interconnection approval or charger availability."
LTFRB_PUJ1123,0.317,way/112645695,1.904,node/13895420988,955.332,1137.3,1167.628,0,False,False,False,,0.0,0,100.0,82.0,92.66538214515093,78.67,38.0,PROXY,osm_power_snapshot_2026_08_20|route2zero_climate_scenario_v1,charging-v1.0,True,"Mapped proximity is not proof of distribution capacity, site control, interconnection approval or charger availability."
LTFRB_PUJ1124,0.317,way/112645695,1.904,node/13895420988,834.666,993.65,1020.147,0,False,False,False,,0.0,0,100.0,82.0,93.75080282594733,78.94,38.0,PROXY,osm_power_snapshot_2026_08_20|route2zero_climate_scenario_v1,charging-v1.0,True,"Mapped proximity is not proof of distribution capacity, site control, interconnection approval or charger availability."
LTFRB_PUJ1125,0.317,way/112645695,1.904,node/13895420988,1387.302,1651.55,1695.591,0,False,False,False,,0.0,0,100.0,82.0,88.77970456005139,77.69,38.0,PROXY,osm_power_snapshot_2026_08_20|route2zero_climate_scenario_v1,charging-v1.0,True,"Mapped proximity is not proof of distribution capacity, site control, interconnection approval or charger availability."
LTFRB_PUJ1128,0.317,way/112645695,1.904,node/13895420988,1319.829,1571.225,1613.124,0,False,False,False,,0.0,0,100.0,82.0,89.38664097623635,77.85,38.0,PROXY,osm_power_snapshot_2026_08_20|route2zero_climate_scenario_v1,charging-v1.0,True,"Mapped proximity is not proof of distribution capacity, site control, interconnection approval or charger availability."
LTFRB_PUJ1129,0.638,way/839789680,1.991,node/13081283763,1428.357,1700.425,1745.77,0,False,False,False,,0.0,0,100.0,82.0,88.41040462427746,77.6,38.0,PROXY,osm_power_snapshot_2026_08_20|route2zero_climate_scenario_v1,charging-v1.0,True,"Mapped proximity is not proof of distribution capacity, site control, interconnection approval or charger availability."
LTFRB_PUJ1130,1.273,way/440593524,2.912,node/13895420988,1429.785,1702.125,1747.515,0,False,False,False,,0.0,0,82.0,82.0,88.3975594091201,71.3,38.0,PROXY,osm_power_snapshot_2026_08_20|route2zero_climate_scenario_v1,charging-v1.0,True,"Mapped proximity is not proof of distribution capacity, site control, interconnection approval or charger availability."
LTFRB_PUJ1131,1.273,way/440593524,2.912,node/13895420988,1429.785,1702.125,1747.515,0,False,False,False,,0.0,0,82.0,82.0,88.3975594091201,71.3,38.0,PROXY,osm_power_snapshot_2026_08_20|route2zero_climate_scenario_v1,charging-v1.0,True,"Mapped proximity is not proof of distribution capacity, site control, interconnection approval or charger availability."
LTFRB_PUJ1132,0.605,way/530281328,2.495,node/6110400886,4567.101,5437.025,5582.012,0,False,False,False,,0.0,0,100.0,82.0,60.17662170841362,70.54,38.0,PROXY,osm_power_snapshot_2026_08_20|route2zero_climate_scenario_v1,charging-v1.0,True,"Mapped proximity is not proof of distribution capacity, site control, interconnection approval or charger availability."
LTFRB_PUJ1133,0.605,way/530281328,2.495,node/6110400886,4567.101,5437.025,5582.012,0,False,False,False,,0.0,0,100.0,82.0,60.17662170841362,70.54,38.0,PROXY,osm_power_snapshot_2026_08_20|route2zero_climate_scenario_v1,charging-v1.0,True,"Mapped proximity is not proof of distribution capacity, site control, interconnection approval or charger availability."
LTFRB_PUJ1134,0.733,way/1213040608,0.683,node/13895420988,1340.892,1596.3,1638.868,0,False,False,False,,0.0,0,100.0,100.0,89.19717405266539,82.3,38.0,PROXY,osm_power_snapshot_2026_08_20|route2zero_climate_scenario_v1,charging-v1.0,True,"Mapped proximity is not proof of distribution capacity, site control, interconnection approval or charger availability."
LTFRB_PUJ1135,0.733,way/1213040608,0.683,node/13895420988,1340.892,1596.3,1638.868,0,False,False,False,,0.0,0,100.0,100.0,89.19717405266539,82.3,38.0,PROXY,osm_power_snapshot_2026_08_20|route2zero_climate_scenario_v1,charging-v1.0,True,"Mapped proximity is not proof of distribution capacity, site control, interconnection approval or charger availability."
LTFRB_PUJ1136,1.302,way/1213040608,2.845,node/6110400886,6113.625,7278.125,7472.208,0,False,False,False,,0.0,0,82.0,82.0,46.265253692999366,60.77,38.0,PROXY,osm_power_snapshot_2026_08_20|route2zero_climate_scenario_v1,charging-v1.0,True,"Mapped proximity is not proof of distribution capacity, site control, interconnection approval or charger availability."
LTFRB_PUJ1137,1.302,way/1213040608,2.845,node/6110400886,5262.18,6264.5,6431.553,0,False,False,False,,0.0,0,82.0,82.0,53.92421323057162,62.68,38.0,PROXY,osm_power_snapshot_2026_08_20|route2zero_climate_scenario_v1,charging-v1.0,True,"Mapped proximity is not proof of distribution capacity, site control, interconnection approval or charger availability."
LTFRB_PUJ1138,0.919,way/617091970,3.456,node/13895420988,644.742,767.55,788.018,0,False,False,False,,0.0,0,100.0,58.0,95.4592164418754,73.36,38.0,PROXY,osm_power_snapshot_2026_08_20|route2zero_climate_scenario_v1,charging-v1.0,True,"Mapped proximity is not proof of distribution capacity, site control, interconnection approval or charger availability."
LTFRB_PUJ1139,0.919,way/617091970,3.456,node/13895420988,696.864,829.6,851.723,0,False,False,False,,0.0,0,100.0,58.0,94.99036608863199,73.25,38.0,PROXY,osm_power_snapshot_2026_08_20|route2zero_climate_scenario_v1,charging-v1.0,True,"Mapped proximity is not proof of distribution capacity, site control, interconnection approval or charger availability."
LTFRB_PUJ1140,1.342,way/1213040608,2.812,node/6110400886,3695.664,4399.6,4516.923,0,False,False,False,,0.0,0,82.0,82.0,68.01541425818883,66.2,38.0,PROXY,osm_power_snapshot_2026_08_20|route2zero_climate_scenario_v1,charging-v1.0,True,"Mapped proximity is not proof of distribution capacity, site control, interconnection approval or charger availability."
LTFRB_PUJ1141,1.342,way/1213040608,2.812,node/6110400886,3164.805,3767.625,3868.095,0,False,False,False,,0.0,0,82.0,82.0,72.79062299293514,67.4,38.0,PROXY,osm_power_snapshot_2026_08_20|route2zero_climate_scenario_v1,charging-v1.0,True,"Mapped proximity is not proof of distribution capacity, site control, interconnection approval or charger availability."
LTFRB_PUJ1142,1.342,way/1213040608,3.456,node/13895420988,1257.354,1496.85,1536.766,0,False,False,False,,0.0,0,82.0,58.0,89.94861913937058,65.69,38.0,PROXY,osm_power_snapshot_2026_08_20|route2zero_climate_scenario_v1,charging-v1.0,True,"Mapped proximity is not proof of distribution capacity, site control, interconnection approval or charger availability."
LTFRB_PUJ1143,1.342,way/1213040608,3.456,node/13895420988,1257.354,1496.85,1536.766,0,False,False,False,,0.0,0,82.0,58.0,89.94861913937058,65.69,38.0,PROXY,osm_power_snapshot_2026_08_20|route2zero_climate_scenario_v1,charging-v1.0,True,"Mapped proximity is not proof of distribution capacity, site control, interconnection approval or charger availability."
LTFRB_PUJ1144,0.726,way/161414200,5.048,node/13895420988,1146.684,1365.1,1401.503,0,False,False,False,,0.0,0,100.0,58.0,90.94412331406551,72.24,38.0,PROXY,osm_power_snapshot_2026_08_20|route2zero_climate_scenario_v1,charging-v1.0,True,"Mapped proximity is not proof of distribution capacity, site control, interconnection approval or charger availability."
LTFRB_PUJ1145,0.726,way/161414200,5.048,node/13895420988,1319.115,1570.375,1612.252,0,False,False,False,,0.0,0,100.0,58.0,89.39306358381504,71.85,38.0,PROXY,osm_power_snapshot_2026_08_20|route2zero_climate_scenario_v1,charging-v1.0,True,"Mapped proximity is not proof of distribution capacity, site control, interconnection approval or charger availability."
LTFRB_PUJ1146,1.298,way/1161606296,1.743,node/10703746877,6885.816,8197.4,8415.997,0,False,False,False,,0.0,0,82.0,82.0,39.319203596660245,59.03,38.0,PROXY,osm_power_snapshot_2026_08_20|route2zero_climate_scenario_v1,charging-v1.0,True,"Mapped proximity is not proof of distribution capacity, site control, interconnection approval or charger availability."
LTFRB_PUJ1147,1.298,way/1161606296,1.743,node/10703746877,7207.473,8580.325,8809.134,0,False,False,False,,0.0,0,82.0,82.0,36.425818882466274,58.31,38.0,PROXY,osm_power_snapshot_2026_08_20|route2zero_climate_scenario_v1,charging-v1.0,True,"Mapped proximity is not proof of distribution capacity, site control, interconnection approval or charger availability."
LTFRB_PUJ1148,0.621,way/35583874,0.69,node/9462686325,1111.698,1323.45,1358.742,0,False,False,False,,0.0,0,100.0,100.0,91.25883108542068,82.81,38.0,PROXY,osm_power_snapshot_2026_08_20|route2zero_climate_scenario_v1,charging-v1.0,True,"Mapped proximity is not proof of distribution capacity, site control, interconnection approval or charger availability."
LTFRB_PUJ1149,0.621,way/35583874,0.69,node/9462686325,1112.769,1324.725,1360.051,0,False,False,False,,0.0,0,100.0,100.0,91.24919717405267,82.81,38.0,PROXY,osm_power_snapshot_2026_08_20|route2zero_climate_scenario_v1,charging-v1.0,True,"Mapped proximity is not proof of distribution capacity, site control, interconnection approval or charger availability."
LTFRB_PUJ1150,1.471,way/583632006,2.389,node/12950633881,3784.557,4505.425,4625.57,0,False,False,False,,0.0,0,82.0,82.0,67.21579961464354,66.0,38.0,PROXY,osm_power_snapshot_2026_08_20|route2zero_climate_scenario_v1,charging-v1.0,True,"Mapped proximity is not proof of distribution capacity, site control, interconnection approval or charger availability."
LTFRB_PUJ1151,1.471,way/583632006,2.389,node/12950633881,3749.214,4463.35,4582.373,0,False,False,False,,0.0,0,82.0,82.0,67.53371868978806,66.08,38.0,PROXY,osm_power_snapshot_2026_08_20|route2zero_climate_scenario_v1,charging-v1.0,True,"Mapped proximity is not proof of distribution capacity, site control, interconnection approval or charger availability."
LTFRB_PUJ1152,1.141,node/2126363194,2.088,node/9756145409,10113.81,12040.25,12361.323,0,False,False,False,,0.0,0,82.0,82.0,10.282594733461792,51.77,38.0,PROXY,osm_power_snapshot_2026_08_20|route2zero_climate_scenario_v1,charging-v1.0,True,"Mapped proximity is not proof of distribution capacity, site control, interconnection approval or charger availability."
LTFRB_PUJ1153,1.141,node/2126363194,2.088,node/9756145409,10235.19,12184.75,12509.677,0,False,False,False,,0.0,0,82.0,82.0,9.190751445086704,51.5,38.0,PROXY,osm_power_snapshot_2026_08_20|route2zero_climate_scenario_v1,charging-v1.0,True,"Mapped proximity is not proof of distribution capacity, site control, interconnection approval or charger availability."
LTFRB_PUJ1154,2.384,way/116061783,0.919,node/13111228298,8041.068,9572.7,9827.972,0,False,False,False,,0.0,0,82.0,100.0,28.927424534360952,60.93,38.0,PROXY,osm_power_snapshot_2026_08_20|route2zero_climate_scenario_v1,charging-v1.0,True,"Mapped proximity is not proof of distribution capacity, site control, interconnection approval or charger availability."
LTFRB_PUJ1155,2.384,way/116061783,0.919,node/13111228298,8078.196,9616.9,9873.351,0,False,False,False,,0.0,0,82.0,100.0,28.593448940269752,60.85,38.0,PROXY,osm_power_snapshot_2026_08_20|route2zero_climate_scenario_v1,charging-v1.0,True,"Mapped proximity is not proof of distribution capacity, site control, interconnection approval or charger availability."
LTFRB_PUJ1156,1.746,way/583632006,2.111,node/12950633881,10992.03,13085.75,13434.703,0,False,False,False,,0.0,0,82.0,82.0,2.3827874116891508,49.8,38.0,PROXY,osm_power_snapshot_2026_08_20|route2zero_climate_scenario_v1,charging-v1.0,True,"Mapped proximity is not proof of distribution capacity, site control, interconnection approval or charger availability."
LTFRB_PUJ1157,1.746,way/583632006,2.111,node/12950633881,10541.496,12549.4,12884.051,0,False,False,False,,0.0,0,82.0,82.0,6.435452793834301,50.81,38.0,PROXY,osm_power_snapshot_2026_08_20|route2zero_climate_scenario_v1,charging-v1.0,True,"Mapped proximity is not proof of distribution capacity, site control, interconnection approval or charger availability."
LTFRB_PUJ1159,0.335,way/182922897,3.385,node/13895420988,870.009,1035.725,1063.344,0,False,False,False,,0.0,0,100.0,58.0,93.43288375080283,72.86,38.0,PROXY,osm_power_snapshot_2026_08_20|route2zero_climate_scenario_v1,charging-v1.0,True,"Mapped proximity is not proof of distribution capacity, site control, interconnection approval or charger availability."
LTFRB_PUJ1160,0.273,way/193633026,1.336,node/13895420988,1713.957,2040.425,2094.836,0,False,False,False,,0.0,0,100.0,82.0,85.84136159280668,76.96,38.0,PROXY,osm_power_snapshot_2026_08_20|route2zero_climate_scenario_v1,charging-v1.0,True,"Mapped proximity is not proof of distribution capacity, site control, interconnection approval or charger availability."
LTFRB_PUJ1161,0.273,way/193633026,1.336,node/13895420988,1720.74,2048.5,2103.127,0,False,False,False,,0.0,0,100.0,82.0,85.78034682080924,76.95,38.0,PROXY,osm_power_snapshot_2026_08_20|route2zero_climate_scenario_v1,charging-v1.0,True,"Mapped proximity is not proof of distribution capacity, site control, interconnection approval or charger availability."
LTFRB_PUJ1162,0.578,way/30679817,3.385,node/13895420988,934.626,1112.65,1142.321,0,False,False,False,,0.0,0,100.0,58.0,92.85163776493256,72.71,38.0,PROXY,osm_power_snapshot_2026_08_20|route2zero_climate_scenario_v1,charging-v1.0,True,"Mapped proximity is not proof of distribution capacity, site control, interconnection approval or charger availability."
LTFRB_PUJ1163,0.578,way/30679817,3.385,node/13895420988,857.157,1020.425,1047.636,0,False,False,False,,0.0,0,100.0,58.0,93.54849068721902,72.89,38.0,PROXY,osm_power_snapshot_2026_08_20|route2zero_climate_scenario_v1,charging-v1.0,True,"Mapped proximity is not proof of distribution capacity, site control, interconnection approval or charger availability."
LTFRB_PUJ1164,0.45,node/4977761380,1.822,node/6836063735,4124.778,4910.45,5041.395,0,False,False,False,,0.0,0,100.0,82.0,64.15542710340398,71.54,38.0,PROXY,osm_power_snapshot_2026_08_20|route2zero_climate_scenario_v1,charging-v1.0,True,"Mapped proximity is not proof of distribution capacity, site control, interconnection approval or charger availability."
LTFRB_PUJ1165,0.45,node/4977761380,1.822,node/6836063735,3943.065,4694.125,4819.302,0,False,False,False,,0.0,0,100.0,82.0,65.78998073217727,71.95,38.0,PROXY,osm_power_snapshot_2026_08_20|route2zero_climate_scenario_v1,charging-v1.0,True,"Mapped proximity is not proof of distribution capacity, site control, interconnection approval or charger availability."
LTFRB_PUJ1166,0.509,node/4977761380,1.171,node/6836063735,4228.665,5034.125,5168.368,0,False,False,False,,0.0,0,100.0,82.0,63.22093770070649,71.31,38.0,PROXY,osm_power_snapshot_2026_08_20|route2zero_climate_scenario_v1,charging-v1.0,True,"Mapped proximity is not proof of distribution capacity, site control, interconnection approval or charger availability."
LTFRB_PUJ1167,0.509,node/4977761380,1.171,node/6836063735,4178.685,4974.625,5107.282,0,False,False,False,,0.0,0,100.0,82.0,63.67052023121387,71.42,38.0,PROXY,osm_power_snapshot_2026_08_20|route2zero_climate_scenario_v1,charging-v1.0,True,"Mapped proximity is not proof of distribution capacity, site control, interconnection approval or charger availability."
LTFRB_PUJ1168,0.922,way/440593524,1.777,node/6836063735,3649.254,4344.35,4460.199,0,False,False,False,,0.0,0,100.0,82.0,68.43288375080283,72.61,38.0,PROXY,osm_power_snapshot_2026_08_20|route2zero_climate_scenario_v1,charging-v1.0,True,"Mapped proximity is not proof of distribution capacity, site control, interconnection approval or charger availability."
LTFRB_PUJ1169,0.922,way/440593524,1.777,node/6836063735,3700.662,4405.55,4523.031,0,False,False,False,,0.0,0,100.0,82.0,67.97045600513809,72.49,38.0,PROXY,osm_power_snapshot_2026_08_20|route2zero_climate_scenario_v1,charging-v1.0,True,"Mapped proximity is not proof of distribution capacity, site control, interconnection approval or charger availability."
LTFRB_PUJ1170,1.031,way/440593524,1.777,node/6836063735,3309.747,3940.175,4045.246,0,False,False,False,,0.0,0,82.0,82.0,71.48683365446371,67.07,38.0,PROXY,osm_power_snapshot_2026_08_20|route2zero_climate_scenario_v1,charging-v1.0,True,"Mapped proximity is not proof of distribution capacity, site control, interconnection approval or charger availability."
LTFRB_PUJ1171,1.031,way/440593524,1.777,node/6836063735,3533.943,4207.075,4319.264,0,False,False,False,,0.0,0,82.0,82.0,69.47013487475915,66.57,38.0,PROXY,osm_power_snapshot_2026_08_20|route2zero_climate_scenario_v1,charging-v1.0,True,"Mapped proximity is not proof of distribution capacity, site control, interconnection approval or charger availability."
LTFRB_PUJ1172,0.222,way/182922897,3.385,node/13895420988,847.875,1009.375,1036.292,0,False,False,False,,0.0,0,100.0,58.0,93.6319845857418,72.91,38.0,PROXY,osm_power_snapshot_2026_08_20|route2zero_climate_scenario_v1,charging-v1.0,True,"Mapped proximity is not proof of distribution capacity, site control, interconnection approval or charger availability."
LTFRB_PUJ1173,0.222,way/182922897,3.385,node/13895420988,936.768,1115.2,1144.939,0,False,False,False,,0.0,0,100.0,58.0,92.83236994219654,72.71,38.0,PROXY,osm_power_snapshot_2026_08_20|route2zero_climate_scenario_v1,charging-v1.0,True,"Mapped proximity is not proof of distribution capacity, site control, interconnection approval or charger availability."
LTFRB_PUJ1174,0.45,node/4977761380,1.822,node/6836063735,4079.439,4856.475,4985.981,0,False,False,False,,0.0,0,100.0,82.0,64.56326268464997,71.64,38.0,PROXY,osm_power_snapshot_2026_08_20|route2zero_climate_scenario_v1,charging-v1.0,True,"Mapped proximity is not proof of distribution capacity, site control, interconnection approval or charger availability."
LTFRB_PUJ1175,0.45,node/4977761380,1.822,node/6836063735,4036.242,4805.05,4933.185,0,False,False,False,,0.0,0,100.0,82.0,64.95183044315993,71.74,38.0,PROXY,osm_power_snapshot_2026_08_20|route2zero_climate_scenario_v1,charging-v1.0,True,"Mapped proximity is not proof of distribution capacity, site control, interconnection approval or charger availability."
LTFRB_PUJ1176,0.518,node/4977761380,1.837,node/6836063735,3916.29,4662.25,4786.577,0,False,False,False,,0.0,0,100.0,82.0,66.03082851637765,72.01,38.0,PROXY,osm_power_snapshot_2026_08_20|route2zero_climate_scenario_v1,charging-v1.0,True,"Mapped proximity is not proof of distribution capacity, site control, interconnection approval or charger availability."
LTFRB_PUJ1177,0.518,node/4977761380,1.837,node/6836063735,3717.798,4425.95,4543.975,0,False,False,False,,0.0,0,100.0,82.0,67.81631342324984,72.45,38.0,PROXY,osm_power_snapshot_2026_08_20|route2zero_climate_scenario_v1,charging-v1.0,True,"Mapped proximity is not proof of distribution capacity, site control, interconnection approval or charger availability."
LTFRB_PUJ1178,0.518,node/4977761380,1.837,node/6836063735,3985.191,4744.275,4870.789,0,False,False,False,,0.0,0,100.0,82.0,65.41104688503532,71.85,38.0,PROXY,osm_power_snapshot_2026_08_20|route2zero_climate_scenario_v1,charging-v1.0,True,"Mapped proximity is not proof of distribution capacity, site control, interconnection approval or charger availability."
LTFRB_PUJ1179,0.518,node/4977761380,1.837,node/6836063735,3799.908,4523.7,4644.332,0,False,False,False,,0.0,0,100.0,82.0,67.077713551702,72.27,38.0,PROXY,osm_power_snapshot_2026_08_20|route2zero_climate_scenario_v1,charging-v1.0,True,"Mapped proximity is not proof of distribution capacity, site control, interconnection approval or charger availability."
LTFRB_PUJ1180,0.72,way/291478089,3.385,node/13895420988,2624.664,3124.6,3207.923,0,False,False,False,,0.0,0,100.0,58.0,77.64932562620425,68.91,38.0,PROXY,osm_power_snapshot_2026_08_20|route2zero_climate_scenario_v1,charging-v1.0,True,"Mapped proximity is not proof of distribution capacity, site control, interconnection approval or charger availability."
LTFRB_PUJ1181,0.72,way/291478089,3.385,node/13895420988,2627.877,3128.425,3211.85,0,False,False,False,,0.0,0,100.0,58.0,77.62042389210019,68.91,38.0,PROXY,osm_power_snapshot_2026_08_20|route2zero_climate_scenario_v1,charging-v1.0,True,"Mapped proximity is not proof of distribution capacity, site control, interconnection approval or charger availability."
LTFRB_PUJ1182,0.695,way/450041326,1.356,node/13895420988,865.725,1030.625,1058.108,0,False,False,False,,0.0,0,100.0,82.0,93.47141939627488,78.87,38.0,PROXY,osm_power_snapshot_2026_08_20|route2zero_climate_scenario_v1,charging-v1.0,True,"Mapped proximity is not proof of distribution capacity, site control, interconnection approval or charger availability."
LTFRB_PUJ1183,0.695,way/450041326,1.356,node/13895420988,916.776,1091.4,1120.504,0,False,False,False,,0.0,0,100.0,82.0,93.01220295439948,78.75,38.0,PROXY,osm_power_snapshot_2026_08_20|route2zero_climate_scenario_v1,charging-v1.0,True,"Mapped proximity is not proof of distribution capacity, site control, interconnection approval or charger availability."
LTFRB_PUJ1184,1.033,way/440593524,3.151,node/13895420988,2944.536,3505.4,3598.877,0,False,False,False,,0.0,0,82.0,58.0,74.77199743095696,61.89,38.0,PROXY,osm_power_snapshot_2026_08_20|route2zero_climate_scenario_v1,charging-v1.0,True,"Mapped proximity is not proof of distribution capacity, site control, interconnection approval or charger availability."
LTFRB_PUJ1185,1.033,way/440593524,3.151,node/13895420988,2877.063,3425.075,3516.41,0,False,False,False,,0.0,0,82.0,58.0,75.37893384714194,62.04,38.0,PROXY,osm_power_snapshot_2026_08_20|route2zero_climate_scenario_v1,charging-v1.0,True,"Mapped proximity is not proof of distribution capacity, site control, interconnection approval or charger availability."
LTFRB_PUJ1186,0.782,way/291478089,3.001,node/6836063735,3262.266,3883.65,3987.214,0,False,False,False,,0.0,0,100.0,58.0,71.91393705844573,67.48,38.0,PROXY,osm_power_snapshot_2026_08_20|route2zero_climate_scenario_v1,charging-v1.0,True,"Mapped proximity is not proof of distribution capacity, site control, interconnection approval or charger availability."
LTFRB_PUJ1187,0.782,way/291478089,3.001,node/6836063735,3265.836,3887.9,3991.577,0,False,False,False,,0.0,0,100.0,58.0,71.88182402055234,67.47,38.0,PROXY,osm_power_snapshot_2026_08_20|route2zero_climate_scenario_v1,charging-v1.0,True,"Mapped proximity is not proof of distribution capacity, site control, interconnection approval or charger availability."
LTFRB_PUJ1188,0.919,node/2126363194,1.069,node/9756145409,1413.72,1683.0,1727.88,0,False,False,False,,0.0,0,100.0,82.0,88.54206807964033,77.64,38.0,PROXY,osm_power_snapshot_2026_08_20|route2zero_climate_scenario_v1,charging-v1.0,True,"Mapped proximity is not proof of distribution capacity, site control, interconnection approval or charger availability."
LTFRB_PUJ1189,0.919,node/2126363194,1.069,node/9756145409,1757.868,2092.7,2148.505,0,False,False,False,,0.0,0,100.0,82.0,85.44637122671804,76.86,38.0,PROXY,osm_power_snapshot_2026_08_20|route2zero_climate_scenario_v1,charging-v1.0,True,"Mapped proximity is not proof of distribution capacity, site control, interconnection approval or charger availability."
LTFRB_PUJ1190,0.659,node/2126363194,1.069,node/9756145409,1264.137,1504.925,1545.056,0,False,False,False,,0.0,0,100.0,82.0,89.88760436737316,77.97,38.0,PROXY,osm_power_snapshot_2026_08_20|route2zero_climate_scenario_v1,charging-v1.0,True,"Mapped proximity is not proof of distribution capacity, site control, interconnection approval or charger availability."
LTFRB_PUJ1191,0.659,node/2126363194,1.069,node/9756145409,1395.156,1660.9,1705.191,0,False,False,False,,0.0,0,100.0,82.0,88.70905587668594,77.68,38.0,PROXY,osm_power_snapshot_2026_08_20|route2zero_climate_scenario_v1,charging-v1.0,True,"Mapped proximity is not proof of distribution capacity, site control, interconnection approval or charger availability."
LTFRB_PUJ1192,0.659,node/2126363194,1.677,node/9756145409,1465.485,1744.625,1791.148,0,False,False,False,,0.0,0,100.0,82.0,88.07642903018626,77.52,38.0,PROXY,osm_power_snapshot_2026_08_20|route2zero_climate_scenario_v1,charging-v1.0,True,"Mapped proximity is not proof of distribution capacity, site control, interconnection approval or charger availability."
LTFRB_PUJ1193,0.659,node/2126363194,1.677,node/9756145409,1591.506,1894.65,1945.174,0,False,False,False,,0.0,0,100.0,82.0,86.94283879254978,77.24,38.0,PROXY,osm_power_snapshot_2026_08_20|route2zero_climate_scenario_v1,charging-v1.0,True,"Mapped proximity is not proof of distribution capacity, site control, interconnection approval or charger availability."
LTFRB_PUJ1194,0.859,node/2126363168,1.069,node/9756145409,2400.111,2857.275,2933.469,0,False,False,False,,0.0,0,100.0,82.0,79.66923570969814,75.42,38.0,PROXY,osm_power_snapshot_2026_08_20|route2zero_climate_scenario_v1,charging-v1.0,True,"Mapped proximity is not proof of distribution capacity, site control, interconnection approval or charger availability."
LTFRB_PUJ1195,0.859,node/2126363168,1.069,node/9756145409,2426.172,2888.3,2965.321,0,False,False,False,,0.0,0,100.0,82.0,79.43481053307643,75.36,38.0,PROXY,osm_power_snapshot_2026_08_20|route2zero_climate_scenario_v1,charging-v1.0,True,"Mapped proximity is not proof of distribution capacity, site control, interconnection approval or charger availability."
LTFRB_PUJ1196,0.817,way/1161688518,2.008,node/6836063735,1730.379,2059.975,2114.908,0,False,False,False,,0.0,0,100.0,82.0,85.69364161849711,76.92,38.0,PROXY,osm_power_snapshot_2026_08_20|route2zero_climate_scenario_v1,charging-v1.0,True,"Mapped proximity is not proof of distribution capacity, site control, interconnection approval or charger availability."
LTFRB_PUJ1197,0.817,way/1161688518,2.008,node/6836063735,1581.867,1883.175,1933.393,0,False,False,False,,0.0,0,100.0,82.0,87.02954399486191,77.26,38.0,PROXY,osm_power_snapshot_2026_08_20|route2zero_climate_scenario_v1,charging-v1.0,True,"Mapped proximity is not proof of distribution capacity, site control, interconnection approval or charger availability."
LTFRB_PUJ1198,0.629,node/4977761380,1.957,node/6836063735,403.053,479.825,492.62,0,False,False,False,,0.0,0,100.0,82.0,97.63326910725755,79.91,38.0,PROXY,osm_power_snapshot_2026_08_20|route2zero_climate_scenario_v1,charging-v1.0,True,"Mapped proximity is not proof of distribution capacity, site control, interconnection approval or charger availability."
LTFRB_PUJ1199,0.629,node/4977761380,1.957,node/6836063735,673.659,801.975,823.361,0,False,False,False,,0.0,0,100.0,82.0,95.19910083493899,79.3,38.0,PROXY,osm_power_snapshot_2026_08_20|route2zero_climate_scenario_v1,charging-v1.0,True,"Mapped proximity is not proof of distribution capacity, site control, interconnection approval or charger availability."
LTFRB_PUJ1200,0.217,way/264246780,0.675,node/13081283763,5493.873,6540.325,6714.734,0,False,False,False,,0.0,0,100.0,100.0,51.84007707129095,72.96,38.0,PROXY,osm_power_snapshot_2026_08_20|route2zero_climate_scenario_v1,charging-v1.0,True,"Mapped proximity is not proof of distribution capacity, site control, interconnection approval or charger availability."
LTFRB_PUJ1201,0.217,way/264246780,0.675,node/13081283763,5049.408,6011.2,6171.499,0,False,False,False,,0.0,0,100.0,100.0,55.83815028901735,73.96,38.0,PROXY,osm_power_snapshot_2026_08_20|route2zero_climate_scenario_v1,charging-v1.0,True,"Mapped proximity is not proof of distribution capacity, site control, interconnection approval or charger availability."
LTFRB_PUJ1202,0.229,way/264246780,0.503,node/13081283763,2842.434,3383.85,3474.086,0,False,False,False,,0.0,0,100.0,100.0,75.69043031470777,78.92,38.0,PROXY,osm_power_snapshot_2026_08_20|route2zero_climate_scenario_v1,charging-v1.0,True,"Mapped proximity is not proof of distribution capacity, site control, interconnection approval or charger availability."
LTFRB_PUJ1203,0.229,way/264246780,0.503,node/13081283763,2584.68,3077.0,3159.053,0,False,False,False,,0.0,0,100.0,100.0,78.00899165061014,79.5,38.0,PROXY,osm_power_snapshot_2026_08_20|route2zero_climate_scenario_v1,charging-v1.0,True,"Mapped proximity is not proof of distribution capacity, site control, interconnection approval or charger availability."
LTFRB_PUJ1204,0.571,node/2126363168,0.438,node/13111228298,4071.585,4847.125,4976.382,0,False,False,False,,0.0,0,100.0,100.0,64.63391136801542,76.16,38.0,PROXY,osm_power_snapshot_2026_08_20|route2zero_climate_scenario_v1,charging-v1.0,True,"Mapped proximity is not proof of distribution capacity, site control, interconnection approval or charger availability."
LTFRB_PUJ1205,0.571,node/2126363168,0.438,node/13111228298,4418.946,5260.65,5400.934,0,False,False,False,,0.0,0,100.0,100.0,61.50931278098909,75.38,38.0,PROXY,osm_power_snapshot_2026_08_20|route2zero_climate_scenario_v1,charging-v1.0,True,"Mapped proximity is not proof of distribution capacity, site control, interconnection approval or charger availability."
LTFRB_PUJ1206,1.398,node/2508927841,2.011,node/6110400886,2222.325,2645.625,2716.175,0,False,False,False,,0.0,0,82.0,82.0,81.2684649967887,69.52,38.0,PROXY,osm_power_snapshot_2026_08_20|route2zero_climate_scenario_v1,charging-v1.0,True,"Mapped proximity is not proof of distribution capacity, site control, interconnection approval or charger availability."
LTFRB_PUJ1207,1.398,node/2508927841,2.011,node/6110400886,2205.546,2625.65,2695.667,0,False,False,False,,0.0,0,82.0,82.0,81.4193962748876,69.55,38.0,PROXY,osm_power_snapshot_2026_08_20|route2zero_climate_scenario_v1,charging-v1.0,True,"Mapped proximity is not proof of distribution capacity, site control, interconnection approval or charger availability."
LTFRB_PUJ1208,1.93,way/1161975443,6.584,node/12980211308,2279.802,2714.05,2786.425,0,False,False,False,,0.0,0,82.0,58.0,80.7514450867052,63.39,38.0,PROXY,osm_power_snapshot_2026_08_20|route2zero_climate_scenario_v1,charging-v1.0,True,"Mapped proximity is not proof of distribution capacity, site control, interconnection approval or charger availability."
LTFRB_PUJ1209,1.93,way/1161975443,6.584,node/12980211308,2755.326,3280.15,3367.621,0,False,False,False,,0.0,0,82.0,58.0,76.47398843930635,62.32,38.0,PROXY,osm_power_snapshot_2026_08_20|route2zero_climate_scenario_v1,charging-v1.0,True,"Mapped proximity is not proof of distribution capacity, site control, interconnection approval or charger availability."
LTFRB_PUJ1210,1.682,node/4548885225,6.357,node/12980211308,2196.264,2614.6,2684.323,0,False,False,False,,0.0,0,82.0,58.0,81.5028901734104,63.58,38.0,PROXY,osm_power_snapshot_2026_08_20|route2zero_climate_scenario_v1,charging-v1.0,True,"Mapped proximity is not proof of distribution capacity, site control, interconnection approval or charger availability."
LTFRB_PUJ1211,1.682,node/4548885225,6.357,node/12980211308,1919.589,2285.225,2346.164,0,False,False,False,,0.0,0,82.0,58.0,83.99165061014772,64.2,38.0,PROXY,osm_power_snapshot_2026_08_20|route2zero_climate_scenario_v1,charging-v1.0,True,"Mapped proximity is not proof of distribution capacity, site control, interconnection approval or charger availability."
LTFRB_PUJ1212,0.929,way/440588497,1.011,node/9462686325,2550.051,3035.775,3116.729,0,False,False,False,,0.0,0,100.0,82.0,78.32048811817597,75.08,38.0,PROXY,osm_power_snapshot_2026_08_20|route2zero_climate_scenario_v1,charging-v1.0,True,"Mapped proximity is not proof of distribution capacity, site control, interconnection approval or charger availability."
LTFRB_PUJ1213,0.929,way/440588497,1.011,node/9462686325,2657.151,3163.275,3247.629,0,False,False,False,,0.0,0,100.0,82.0,77.35709698137444,74.84,38.0,PROXY,osm_power_snapshot_2026_08_20|route2zero_climate_scenario_v1,charging-v1.0,True,"Mapped proximity is not proof of distribution capacity, site control, interconnection approval or charger availability."
LTFRB_PUJ1214,0.363,way/291478089,1.365,node/6836063735,1054.578,1255.45,1288.929,0,False,False,False,,0.0,0,100.0,82.0,91.77263969171483,78.44,38.0,PROXY,osm_power_snapshot_2026_08_20|route2zero_climate_scenario_v1,charging-v1.0,True,"Mapped proximity is not proof of distribution capacity, site control, interconnection approval or charger availability."
LTFRB_PUJ1215,0.363,way/291478089,1.365,node/6836063735,1054.578,1255.45,1288.929,0,False,False,False,,0.0,0,100.0,82.0,91.77263969171483,78.44,38.0,PROXY,osm_power_snapshot_2026_08_20|route2zero_climate_scenario_v1,charging-v1.0,True,"Mapped proximity is not proof of distribution capacity, site control, interconnection approval or charger availability."
LTFRB_PUJ1216,1.584,node/2508927841,1.482,node/6110400886,1412.292,1681.3,1726.135,0,False,False,False,,0.0,0,82.0,82.0,88.55491329479769,71.34,38.0,PROXY,osm_power_snapshot_2026_08_20|route2zero_climate_scenario_v1,charging-v1.0,True,"Mapped proximity is not proof of distribution capacity, site control, interconnection approval or charger availability."
LTFRB_PUJ1217,1.584,node/2508927841,1.482,node/6110400886,1412.292,1681.3,1726.135,0,False,False,False,,0.0,0,82.0,82.0,88.55491329479769,71.34,38.0,PROXY,osm_power_snapshot_2026_08_20|route2zero_climate_scenario_v1,charging-v1.0,True,"Mapped proximity is not proof of distribution capacity, site control, interconnection approval or charger availability."
LTFRB_PUJ1218,1.294,way/617091162,0.974,node/13081283763,5359.284,6380.1,6550.236,0,False,False,False,,0.0,0,82.0,100.0,53.05073859987155,66.96,38.0,PROXY,osm_power_snapshot_2026_08_20|route2zero_climate_scenario_v1,charging-v1.0,True,"Mapped proximity is not proof of distribution capacity, site control, interconnection approval or charger availability."
LTFRB_PUJ1219,1.294,way/617091162,0.974,node/13081283763,5359.284,6380.1,6550.236,0,False,False,False,,0.0,0,82.0,100.0,53.05073859987155,66.96,38.0,PROXY,osm_power_snapshot_2026_08_20|route2zero_climate_scenario_v1,charging-v1.0,True,"Mapped proximity is not proof of distribution capacity, site control, interconnection approval or charger availability."
LTFRB_PUJ1220,0.461,way/264246780,0.023,node/13081283763,1253.784,1492.6,1532.403,0,False,False,False,,0.0,0,100.0,100.0,89.98073217726397,82.5,38.0,PROXY,osm_power_snapshot_2026_08_20|route2zero_climate_scenario_v1,charging-v1.0,True,"Mapped proximity is not proof of distribution capacity, site control, interconnection approval or charger availability."
LTFRB_PUJ1221,0.461,way/264246780,0.023,node/13081283763,1102.773,1312.825,1347.834,0,False,False,False,,0.0,0,100.0,100.0,91.33911368015414,82.83,38.0,PROXY,osm_power_snapshot_2026_08_20|route2zero_climate_scenario_v1,charging-v1.0,True,"Mapped proximity is not proof of distribution capacity, site control, interconnection approval or charger availability."
LTFRB_PUJ1222,1.125,way/136815994,0.551,node/13072158270,1733.592,2063.8,2118.835,0,False,False,False,,0.0,0,82.0,100.0,85.66473988439306,75.12,38.0,PROXY,osm_power_snapshot_2026_08_20|route2zero_climate_scenario_v1,charging-v1.0,True,"Mapped proximity is not proof of distribution capacity, site control, interconnection approval or charger availability."
LTFRB_PUJ1223,1.125,way/136815994,0.551,node/13072158270,1666.476,1983.9,2036.804,0,False,False,False,,0.0,0,82.0,100.0,86.2684649967887,75.27,38.0,PROXY,osm_power_snapshot_2026_08_20|route2zero_climate_scenario_v1,charging-v1.0,True,"Mapped proximity is not proof of distribution capacity, site control, interconnection approval or charger availability."
LTFRB_PUJ1224,0.335,way/182922897,0.546,node/13081283763,3684.24,4386.0,4502.96,0,False,False,False,,0.0,0,100.0,100.0,68.11817597944766,77.03,38.0,PROXY,osm_power_snapshot_2026_08_20|route2zero_climate_scenario_v1,charging-v1.0,True,"Mapped proximity is not proof of distribution capacity, site control, interconnection approval or charger availability."
LTFRB_PUJ1225,0.335,way/182922897,0.546,node/13081283763,3305.106,3934.65,4039.574,0,False,False,False,,0.0,0,100.0,100.0,71.52858060372512,77.88,38.0,PROXY,osm_power_snapshot_2026_08_20|route2zero_climate_scenario_v1,charging-v1.0,True,"Mapped proximity is not proof of distribution capacity, site control, interconnection approval or charger availability."
LTFRB_PUJ1226,0.763,way/264246780,0.885,node/13081283763,4174.401,4969.525,5102.046,0,False,False,False,,0.0,0,100.0,100.0,63.70905587668594,75.93,38.0,PROXY,osm_power_snapshot_2026_08_20|route2zero_climate_scenario_v1,charging-v1.0,True,"Mapped proximity is not proof of distribution capacity, site control, interconnection approval or charger availability."
LTFRB_PUJ1227,0.763,way/264246780,0.885,node/13081283763,4263.651,5075.775,5211.129,0,False,False,False,,0.0,0,100.0,100.0,62.90622992935132,75.73,38.0,PROXY,osm_power_snapshot_2026_08_20|route2zero_climate_scenario_v1,charging-v1.0,True,"Mapped proximity is not proof of distribution capacity, site control, interconnection approval or charger availability."
LTFRB_PUJ1228,0.677,way/264246780,1.14,node/13081283763,956.76,1139.0,1169.373,0,False,False,False,,0.0,0,100.0,82.0,92.65253692999357,78.66,38.0,PROXY,osm_power_snapshot_2026_08_20|route2zero_climate_scenario_v1,charging-v1.0,True,"Mapped proximity is not proof of distribution capacity, site control, interconnection approval or charger availability."
LTFRB_PUJ1229,0.677,way/264246780,1.14,node/13081283763,956.76,1139.0,1169.373,0,False,False,False,,0.0,0,100.0,82.0,92.65253692999357,78.66,38.0,PROXY,osm_power_snapshot_2026_08_20|route2zero_climate_scenario_v1,charging-v1.0,True,"Mapped proximity is not proof of distribution capacity, site control, interconnection approval or charger availability."
LTFRB_PUJ1230,0.56,way/264246780,0.653,node/13081283763,4501.77,5359.25,5502.163,0,False,False,False,,0.0,0,100.0,100.0,60.76429030186256,75.19,38.0,PROXY,osm_power_snapshot_2026_08_20|route2zero_climate_scenario_v1,charging-v1.0,True,"Mapped proximity is not proof of distribution capacity, site control, interconnection approval or charger availability."
LTFRB_PUJ1232,0.823,way/30679817,0.569,node/13081283763,3266.907,3889.175,3992.886,0,False,False,False,,0.0,0,100.0,100.0,71.87219010918432,77.97,38.0,PROXY,osm_power_snapshot_2026_08_20|route2zero_climate_scenario_v1,charging-v1.0,True,"Mapped proximity is not proof of distribution capacity, site control, interconnection approval or charger availability."
LTFRB_PUJ1233,0.823,way/30679817,0.569,node/13081283763,2754.969,3279.725,3367.184,0,False,False,False,,0.0,0,100.0,100.0,76.4771997430957,79.12,38.0,PROXY,osm_power_snapshot_2026_08_20|route2zero_climate_scenario_v1,charging-v1.0,True,"Mapped proximity is not proof of distribution capacity, site control, interconnection approval or charger availability."
LTFRB_PUJ1234,0.065,way/264246780,0.443,node/13081283763,6479.55,7713.75,7919.45,0,False,False,False,,0.0,0,100.0,100.0,42.97366730892743,70.74,38.0,PROXY,osm_power_snapshot_2026_08_20|route2zero_climate_scenario_v1,charging-v1.0,True,"Mapped proximity is not proof of distribution capacity, site control, interconnection approval or charger availability."
LTFRB_PUJ1235,0.065,way/264246780,0.443,node/13081283763,6886.887,8198.675,8417.306,0,False,False,False,,0.0,0,100.0,100.0,39.30956968529223,69.83,38.0,PROXY,osm_power_snapshot_2026_08_20|route2zero_climate_scenario_v1,charging-v1.0,True,"Mapped proximity is not proof of distribution capacity, site control, interconnection approval or charger availability."
LTFRB_PUJ1236,0.971,way/264246780,0.554,node/13081283763,1879.962,2238.05,2297.731,0,False,False,False,,0.0,0,100.0,100.0,84.34810533076428,81.09,38.0,PROXY,osm_power_snapshot_2026_08_20|route2zero_climate_scenario_v1,charging-v1.0,True,"Mapped proximity is not proof of distribution capacity, site control, interconnection approval or charger availability."
LTFRB_PUJ1237,0.971,way/264246780,0.554,node/13081283763,1709.673,2035.325,2089.6,0,False,False,False,,0.0,0,100.0,100.0,85.87989723827874,81.47,38.0,PROXY,osm_power_snapshot_2026_08_20|route2zero_climate_scenario_v1,charging-v1.0,True,"Mapped proximity is not proof of distribution capacity, site control, interconnection approval or charger availability."
LTFRB_PUJ1238,0.767,way/161414200,5.536,node/13895420988,1857.471,2211.275,2270.242,0,False,False,False,,0.0,0,100.0,58.0,84.55041746949261,70.64,38.0,PROXY,osm_power_snapshot_2026_08_20|route2zero_climate_scenario_v1,charging-v1.0,True,"Mapped proximity is not proof of distribution capacity, site control, interconnection approval or charger availability."
LTFRB_PUJ1239,0.767,way/161414200,5.536,node/13895420988,1827.126,2175.15,2233.154,0,False,False,False,,0.0,0,100.0,58.0,84.82337829158638,70.71,38.0,PROXY,osm_power_snapshot_2026_08_20|route2zero_climate_scenario_v1,charging-v1.0,True,"Mapped proximity is not proof of distribution capacity, site control, interconnection approval or charger availability."
LTFRB_PUJ1240,0.155,node/4977761380,1.482,node/6836063735,10571.127,12584.675,12920.266,0,False,False,False,,0.0,0,100.0,82.0,6.168914579319207,57.04,38.0,PROXY,osm_power_snapshot_2026_08_20|route2zero_climate_scenario_v1,charging-v1.0,True,"Mapped proximity is not proof of distribution capacity, site control, interconnection approval or charger availability."
LTFRB_PUJ1241,0.155,node/4977761380,1.482,node/6836063735,10976.679,13067.475,13415.941,0,False,False,False,,0.0,0,100.0,82.0,2.5208734746307044,56.13,38.0,PROXY,osm_power_snapshot_2026_08_20|route2zero_climate_scenario_v1,charging-v1.0,True,"Mapped proximity is not proof of distribution capacity, site control, interconnection approval or charger availability."
LTFRB_PUJ1243,0.823,way/30679817,1.73,node/13895420988,914.277,1088.425,1117.45,0,False,False,False,,0.0,0,100.0,82.0,93.03468208092485,78.76,38.0,PROXY,osm_power_snapshot_2026_08_20|route2zero_climate_scenario_v1,charging-v1.0,True,"Mapped proximity is not proof of distribution capacity, site control, interconnection approval or charger availability."
LTFRB_PUJ1244,1.442,way/30679817,1.73,node/13895420988,3507.882,4176.05,4287.411,0,False,False,False,,0.0,0,82.0,82.0,69.70456005138087,66.63,38.0,PROXY,osm_power_snapshot_2026_08_20|route2zero_climate_scenario_v1,charging-v1.0,True,"Mapped proximity is not proof of distribution capacity, site control, interconnection approval or charger availability."
LTFRB_PUJ1245,1.442,way/30679817,1.73,node/13895420988,3761.709,4478.225,4597.644,0,False,False,False,,0.0,0,82.0,82.0,67.4213230571612,66.06,38.0,PROXY,osm_power_snapshot_2026_08_20|route2zero_climate_scenario_v1,charging-v1.0,True,"Mapped proximity is not proof of distribution capacity, site control, interconnection approval or charger availability."
LTFRB_PUJ1246,0.45,node/4977761380,1.73,node/13895420988,3909.864,4654.6,4778.723,0,False,False,False,,0.0,0,100.0,82.0,66.08863198458575,72.02,38.0,PROXY,osm_power_snapshot_2026_08_20|route2zero_climate_scenario_v1,charging-v1.0,True,"Mapped proximity is not proof of distribution capacity, site control, interconnection approval or charger availability."
LTFRB_PUJ1247,0.45,node/4977761380,1.73,node/13895420988,4605.657,5482.925,5629.136,0,False,False,False,,0.0,0,100.0,82.0,59.829800899165065,70.46,38.0,PROXY,osm_power_snapshot_2026_08_20|route2zero_climate_scenario_v1,charging-v1.0,True,"Mapped proximity is not proof of distribution capacity, site control, interconnection approval or charger availability."
LTFRB_PUJ1248,1.761,way/1500158674,0.514,node/6110400886,1264.137,1504.925,1545.056,0,False,False,False,,0.0,0,82.0,100.0,89.88760436737316,76.17,38.0,PROXY,osm_power_snapshot_2026_08_20|route2zero_climate_scenario_v1,charging-v1.0,True,"Mapped proximity is not proof of distribution capacity, site control, interconnection approval or charger availability."
LTFRB_PUJ1249,1.761,way/1500158674,0.514,node/6110400886,2204.118,2623.95,2693.922,0,False,False,False,,0.0,0,82.0,100.0,81.43224149004496,74.06,38.0,PROXY,osm_power_snapshot_2026_08_20|route2zero_climate_scenario_v1,charging-v1.0,True,"Mapped proximity is not proof of distribution capacity, site control, interconnection approval or charger availability."
LTFRB_PUJ1250,0.156,way/450041326,0.871,node/13895420988,600.474,714.85,733.913,0,False,False,False,,0.0,0,100.0,100.0,95.85741811175338,83.96,38.0,PROXY,osm_power_snapshot_2026_08_20|route2zero_climate_scenario_v1,charging-v1.0,True,"Mapped proximity is not proof of distribution capacity, site control, interconnection approval or charger availability."
LTFRB_PUJ1251,0.156,way/450041326,0.871,node/13895420988,600.474,714.85,733.913,0,False,False,False,,0.0,0,100.0,100.0,95.85741811175338,83.96,38.0,PROXY,osm_power_snapshot_2026_08_20|route2zero_climate_scenario_v1,charging-v1.0,True,"Mapped proximity is not proof of distribution capacity, site control, interconnection approval or charger availability."
LTFRB_PUJ1252,0.72,way/838900324,1.029,node/9462686325,1520.463,1810.075,1858.344,0,False,False,False,,0.0,0,100.0,82.0,87.58188824662813,77.4,38.0,PROXY,osm_power_snapshot_2026_08_20|route2zero_climate_scenario_v1,charging-v1.0,True,"Mapped proximity is not proof of distribution capacity, site control, interconnection approval or charger availability."
LTFRB_PUJ1253,0.72,way/838900324,1.029,node/9462686325,1645.77,1959.25,2011.497,0,False,False,False,,0.0,0,100.0,82.0,86.45472061657033,77.11,38.0,PROXY,osm_power_snapshot_2026_08_20|route2zero_climate_scenario_v1,charging-v1.0,True,"Mapped proximity is not proof of distribution capacity, site control, interconnection approval or charger availability."
LTFRB_PUJ1254,0.615,way/291478089,2.78,node/6836063735,859.656,1023.4,1050.691,0,False,False,False,,0.0,0,100.0,82.0,93.52601156069365,78.88,38.0,PROXY,osm_power_snapshot_2026_08_20|route2zero_climate_scenario_v1,charging-v1.0,True,"Mapped proximity is not proof of distribution capacity, site control, interconnection approval or charger availability."
LTFRB_PUJ1255,0.615,way/291478089,2.78,node/6836063735,1305.906,1554.65,1596.107,0,False,False,False,,0.0,0,100.0,82.0,89.51188182402055,77.88,38.0,PROXY,osm_power_snapshot_2026_08_20|route2zero_climate_scenario_v1,charging-v1.0,True,"Mapped proximity is not proof of distribution capacity, site control, interconnection approval or charger availability."
LTFRB_PUJ1256,0.577,way/161414200,5.318,node/13895420988,784.329,933.725,958.624,0,False,False,False,,0.0,0,100.0,58.0,94.20359666024406,73.05,38.0,PROXY,osm_power_snapshot_2026_08_20|route2zero_climate_scenario_v1,charging-v1.0,True,"Mapped proximity is not proof of distribution capacity, site control, interconnection approval or charger availability."
LTFRB_PUJ1257,0.403,way/161414200,5.102,node/13895420988,823.599,980.475,1006.621,0,False,False,False,,0.0,0,100.0,58.0,93.85035324341683,72.96,38.0,PROXY,osm_power_snapshot_2026_08_20|route2zero_climate_scenario_v1,charging-v1.0,True,"Mapped proximity is not proof of distribution capacity, site control, interconnection approval or charger availability."
LTFRB_PUJ1258,0.811,way/161414200,5.56,node/13895420988,3135.888,3733.2,3832.752,0,False,False,False,,0.0,0,100.0,58.0,73.05073859987155,67.76,38.0,PROXY,osm_power_snapshot_2026_08_20|route2zero_climate_scenario_v1,charging-v1.0,True,"Mapped proximity is not proof of distribution capacity, site control, interconnection approval or charger availability."
LTFRB_PUJ1259,0.811,way/161414200,5.56,node/13895420988,3160.521,3762.525,3862.859,0,False,False,False,,0.0,0,100.0,58.0,72.8291586384072,67.71,38.0,PROXY,osm_power_snapshot_2026_08_20|route2zero_climate_scenario_v1,charging-v1.0,True,"Mapped proximity is not proof of distribution capacity, site control, interconnection approval or charger availability."
LTFRB_PUJ1260,0.648,way/182922897,2.464,node/6836063735,2631.09,3132.25,3215.777,0,False,False,False,,0.0,0,100.0,82.0,77.59152215799614,74.9,38.0,PROXY,osm_power_snapshot_2026_08_20|route2zero_climate_scenario_v1,charging-v1.0,True,"Mapped proximity is not proof of distribution capacity, site control, interconnection approval or charger availability."
LTFRB_PUJ1261,0.648,way/182922897,2.464,node/6836063735,2653.938,3159.45,3243.702,0,False,False,False,,0.0,0,100.0,82.0,77.38599871547848,74.85,38.0,PROXY,osm_power_snapshot_2026_08_20|route2zero_climate_scenario_v1,charging-v1.0,True,"Mapped proximity is not proof of distribution capacity, site control, interconnection approval or charger availability."
LTFRB_PUJ1262,0.648,way/182922897,1.956,node/6836063735,3562.503,4241.075,4354.17,0,False,False,False,,0.0,0,100.0,82.0,69.21323057161207,72.8,38.0,PROXY,osm_power_snapshot_2026_08_20|route2zero_climate_scenario_v1,charging-v1.0,True,"Mapped proximity is not proof of distribution capacity, site control, interconnection approval or charger availability."
LTFRB_PUJ1263,0.648,way/182922897,1.956,node/6836063735,2846.004,3388.1,3478.449,0,False,False,False,,0.0,0,100.0,82.0,75.65831727681439,74.41,38.0,PROXY,osm_power_snapshot_2026_08_20|route2zero_climate_scenario_v1,charging-v1.0,True,"Mapped proximity is not proof of distribution capacity, site control, interconnection approval or charger availability."
LTFRB_PUJ1264,0.222,way/182922897,4.891,node/13895420988,4114.425,4898.125,5028.742,0,False,False,False,,0.0,0,100.0,58.0,64.24855491329481,65.56,38.0,PROXY,osm_power_snapshot_2026_08_20|route2zero_climate_scenario_v1,charging-v1.0,True,"Mapped proximity is not proof of distribution capacity, site control, interconnection approval or charger availability."
LTFRB_PUJ1265,0.222,way/182922897,4.891,node/13895420988,4166.904,4960.6,5092.883,0,False,False,False,,0.0,0,100.0,58.0,63.77649325626204,65.44,38.0,PROXY,osm_power_snapshot_2026_08_20|route2zero_climate_scenario_v1,charging-v1.0,True,"Mapped proximity is not proof of distribution capacity, site control, interconnection approval or charger availability."
LTFRB_PUJ1266,0.403,way/161414200,4.217,node/13895420988,1357.314,1615.85,1658.939,0,False,False,False,,0.0,0,100.0,58.0,89.04945407835581,71.76,38.0,PROXY,osm_power_snapshot_2026_08_20|route2zero_climate_scenario_v1,charging-v1.0,True,"Mapped proximity is not proof of distribution capacity, site control, interconnection approval or charger availability."
LTFRB_PUJ1267,0.403,way/161414200,4.217,node/13895420988,1381.59,1644.75,1688.61,0,False,False,False,,0.0,0,100.0,58.0,88.8310854206808,71.71,38.0,PROXY,osm_power_snapshot_2026_08_20|route2zero_climate_scenario_v1,charging-v1.0,True,"Mapped proximity is not proof of distribution capacity, site control, interconnection approval or charger availability."
LTFRB_PUJ1268,0.222,way/182922897,3.905,node/13895420988,2419.389,2880.225,2957.031,0,False,False,False,,0.0,0,100.0,58.0,79.49582530507386,69.37,38.0,PROXY,osm_power_snapshot_2026_08_20|route2zero_climate_scenario_v1,charging-v1.0,True,"Mapped proximity is not proof of distribution capacity, site control, interconnection approval or charger availability."
LTFRB_PUJ1269,0.222,way/182922897,3.905,node/13895420988,2544.339,3028.975,3109.748,0,False,False,False,,0.0,0,100.0,58.0,78.3718689788054,69.09,38.0,PROXY,osm_power_snapshot_2026_08_20|route2zero_climate_scenario_v1,charging-v1.0,True,"Mapped proximity is not proof of distribution capacity, site control, interconnection approval or charger availability."
LTFRB_PUJ1270,0.222,way/182922897,0.777,node/13081283763,3739.575,4451.875,4570.592,0,False,False,False,,0.0,0,100.0,100.0,67.6204238921002,76.91,38.0,PROXY,osm_power_snapshot_2026_08_20|route2zero_climate_scenario_v1,charging-v1.0,True,"Mapped proximity is not proof of distribution capacity, site control, interconnection approval or charger availability."
LTFRB_PUJ1271,0.222,way/182922897,0.546,node/13081283763,3369.366,4011.15,4118.114,0,False,False,False,,0.0,0,100.0,100.0,70.95054592164419,77.74,38.0,PROXY,osm_power_snapshot_2026_08_20|route2zero_climate_scenario_v1,charging-v1.0,True,"Mapped proximity is not proof of distribution capacity, site control, interconnection approval or charger availability."
LTFRB_PUJ1272,0.726,way/161414200,5.495,node/13895420988,3096.975,3686.875,3785.192,0,False,False,False,,0.0,0,100.0,58.0,73.40077071290943,67.85,38.0,PROXY,osm_power_snapshot_2026_08_20|route2zero_climate_scenario_v1,charging-v1.0,True,"Mapped proximity is not proof of distribution capacity, site control, interconnection approval or charger availability."
LTFRB_PUJ1273,0.726,way/161414200,5.495,node/13895420988,3122.679,3717.475,3816.608,0,False,False,False,,0.0,0,100.0,58.0,73.16955684007706,67.79,38.0,PROXY,osm_power_snapshot_2026_08_20|route2zero_climate_scenario_v1,charging-v1.0,True,"Mapped proximity is not proof of distribution capacity, site control, interconnection approval or charger availability."
LTFRB_PUJ1274,0.468,way/182922897,2.165,node/6836063735,3074.484,3660.1,3757.703,0,False,False,False,,0.0,0,100.0,82.0,73.60308285163777,73.9,38.0,PROXY,osm_power_snapshot_2026_08_20|route2zero_climate_scenario_v1,charging-v1.0,True,"Mapped proximity is not proof of distribution capacity, site control, interconnection approval or charger availability."
LTFRB_PUJ1275,0.468,way/182922897,2.165,node/6836063735,3228.351,3843.275,3945.762,0,False,False,False,,0.0,0,100.0,82.0,72.21901091843287,73.55,38.0,PROXY,osm_power_snapshot_2026_08_20|route2zero_climate_scenario_v1,charging-v1.0,True,"Mapped proximity is not proof of distribution capacity, site control, interconnection approval or charger availability."
LTFRB_PUJ1276,0.727,way/161414200,5.443,node/13895420988,691.152,822.8,844.741,0,False,False,False,,0.0,0,100.0,58.0,95.0417469492614,73.26,38.0,PROXY,osm_power_snapshot_2026_08_20|route2zero_climate_scenario_v1,charging-v1.0,True,"Mapped proximity is not proof of distribution capacity, site control, interconnection approval or charger availability."
LTFRB_PUJ1277,0.727,way/161414200,5.443,node/13895420988,691.152,822.8,844.741,0,False,False,False,,0.0,0,100.0,58.0,95.0417469492614,73.26,38.0,PROXY,osm_power_snapshot_2026_08_20|route2zero_climate_scenario_v1,charging-v1.0,True,"Mapped proximity is not proof of distribution capacity, site control, interconnection approval or charger availability."
LTFRB_PUJ1278,0.335,way/182922897,3.563,node/9756145409,2863.497,3408.925,3499.83,0,False,False,False,,0.0,0,100.0,58.0,75.50096339113679,68.38,38.0,PROXY,osm_power_snapshot_2026_08_20|route2zero_climate_scenario_v1,charging-v1.0,True,"Mapped proximity is not proof of distribution capacity, site control, interconnection approval or charger availability."
LTFRB_PUJ1279,0.335,way/182922897,3.563,node/9756145409,2837.793,3378.325,3468.414,0,False,False,False,,0.0,0,100.0,58.0,75.73217726396918,68.43,38.0,PROXY,osm_power_snapshot_2026_08_20|route2zero_climate_scenario_v1,charging-v1.0,True,"Mapped proximity is not proof of distribution capacity, site control, interconnection approval or charger availability."
LTFRB_PUJ1280,0.291,way/182922897,0.969,node/13895420988,2154.852,2565.3,2633.708,0,False,False,False,,0.0,0,100.0,100.0,81.87540141297366,80.47,38.0,PROXY,osm_power_snapshot_2026_08_20|route2zero_climate_scenario_v1,charging-v1.0,True,"Mapped proximity is not proof of distribution capacity, site control, interconnection approval or charger availability."
LTFRB_PUJ1281,0.291,way/182922897,0.969,node/13895420988,2074.527,2469.675,2535.533,0,False,False,False,,0.0,0,100.0,100.0,82.59794476557482,80.65,38.0,PROXY,osm_power_snapshot_2026_08_20|route2zero_climate_scenario_v1,charging-v1.0,True,"Mapped proximity is not proof of distribution capacity, site control, interconnection approval or charger availability."
LTFRB_PUJ1282,0.403,way/161414200,5.102,node/13895420988,2176.272,2590.8,2659.888,0,False,False,False,,0.0,0,100.0,58.0,81.68272318561336,69.92,38.0,PROXY,osm_power_snapshot_2026_08_20|route2zero_climate_scenario_v1,charging-v1.0,True,"Mapped proximity is not proof of distribution capacity, site control, interconnection approval or charger availability."
LTFRB_PUJ1283,0.403,way/161414200,5.102,node/13895420988,2238.033,2664.325,2735.374,0,False,False,False,,0.0,0,100.0,58.0,81.1271676300578,69.78,38.0,PROXY,osm_power_snapshot_2026_08_20|route2zero_climate_scenario_v1,charging-v1.0,True,"Mapped proximity is not proof of distribution capacity, site control, interconnection approval or charger availability."
LTFRB_PUJ1284,0.712,way/617091162,2.763,node/13895420988,2687.496,3199.4,3284.717,0,False,False,False,,0.0,0,100.0,82.0,77.08413615928066,74.77,38.0,PROXY,osm_power_snapshot_2026_08_20|route2zero_climate_scenario_v1,charging-v1.0,True,"Mapped proximity is not proof of distribution capacity, site control, interconnection approval or charger availability."
LTFRB_PUJ1285,0.712,way/617091162,2.763,node/13895420988,2687.496,3199.4,3284.717,0,False,False,False,,0.0,0,100.0,82.0,77.08413615928066,74.77,38.0,PROXY,osm_power_snapshot_2026_08_20|route2zero_climate_scenario_v1,charging-v1.0,True,"Mapped proximity is not proof of distribution capacity, site control, interconnection approval or charger availability."
LTFRB_PUJ1286,1.151,way/182922897,4.95,node/13895420988,561.561,668.525,686.352,0,False,False,False,,0.0,0,82.0,58.0,96.20745022479126,67.25,38.0,PROXY,osm_power_snapshot_2026_08_20|route2zero_climate_scenario_v1,charging-v1.0,True,"Mapped proximity is not proof of distribution capacity, site control, interconnection approval or charger availability."
LTFRB_PUJ1288,0.64,way/264246780,0.546,node/13081283763,4059.09,4832.25,4961.11,0,False,False,False,,0.0,0,100.0,100.0,64.74630700064226,76.19,38.0,PROXY,osm_power_snapshot_2026_08_20|route2zero_climate_scenario_v1,charging-v1.0,True,"Mapped proximity is not proof of distribution capacity, site control, interconnection approval or charger availability."
LTFRB_PUJ1289,0.64,way/264246780,0.546,node/13081283763,3682.812,4384.3,4501.215,0,False,False,False,,0.0,0,100.0,100.0,68.13102119460501,77.03,38.0,PROXY,osm_power_snapshot_2026_08_20|route2zero_climate_scenario_v1,charging-v1.0,True,"Mapped proximity is not proof of distribution capacity, site control, interconnection approval or charger availability."
LTFRB_PUJ1290,0.194,way/182922897,3.776,node/13895420988,825.741,983.025,1009.239,0,False,False,False,,0.0,0,100.0,58.0,93.8310854206808,72.96,38.0,PROXY,osm_power_snapshot_2026_08_20|route2zero_climate_scenario_v1,charging-v1.0,True,"Mapped proximity is not proof of distribution capacity, site control, interconnection approval or charger availability."
LTFRB_PUJ1291,0.194,way/182922897,3.776,node/13895420988,825.741,983.025,1009.239,0,False,False,False,,0.0,0,100.0,58.0,93.8310854206808,72.96,38.0,PROXY,osm_power_snapshot_2026_08_20|route2zero_climate_scenario_v1,charging-v1.0,True,"Mapped proximity is not proof of distribution capacity, site control, interconnection approval or charger availability."
LTFRB_PUJ1292,0.251,way/90125781,5.314,node/13895420988,1158.822,1379.55,1416.338,0,False,False,False,,0.0,0,100.0,58.0,90.834938985228,72.21,38.0,PROXY,osm_power_snapshot_2026_08_20|route2zero_climate_scenario_v1,charging-v1.0,True,"Mapped proximity is not proof of distribution capacity, site control, interconnection approval or charger availability."
LTFRB_PUJ1293,0.251,way/90125781,5.314,node/13895420988,1175.958,1399.95,1437.282,0,False,False,False,,0.0,0,100.0,58.0,90.68079640333976,72.17,38.0,PROXY,osm_power_snapshot_2026_08_20|route2zero_climate_scenario_v1,charging-v1.0,True,"Mapped proximity is not proof of distribution capacity, site control, interconnection approval or charger availability."
LTFRB_PUJ1294,0.403,way/161414200,4.493,node/13895420988,394.842,470.05,482.585,0,False,False,False,,0.0,0,100.0,58.0,97.70712909441234,73.93,38.0,PROXY,osm_power_snapshot_2026_08_20|route2zero_climate_scenario_v1,charging-v1.0,True,"Mapped proximity is not proof of distribution capacity, site control, interconnection approval or charger availability."
LTFRB_PUJ1295,0.403,way/161414200,4.493,node/13895420988,394.842,470.05,482.585,0,False,False,False,,0.0,0,100.0,58.0,97.70712909441234,73.93,38.0,PROXY,osm_power_snapshot_2026_08_20|route2zero_climate_scenario_v1,charging-v1.0,True,"Mapped proximity is not proof of distribution capacity, site control, interconnection approval or charger availability."
LTFRB_PUJ1296,0.577,way/161414200,5.318,node/13895420988,1017.45,1211.25,1243.55,0,False,False,False,,0.0,0,100.0,58.0,92.10661528580604,72.53,38.0,PROXY,osm_power_snapshot_2026_08_20|route2zero_climate_scenario_v1,charging-v1.0,True,"Mapped proximity is not proof of distribution capacity, site control, interconnection approval or charger availability."
LTFRB_PUJ1297,0.577,way/161414200,5.318,node/13895420988,1113.84,1326.0,1361.36,0,False,False,False,,0.0,0,100.0,58.0,91.23956326268465,72.31,38.0,PROXY,osm_power_snapshot_2026_08_20|route2zero_climate_scenario_v1,charging-v1.0,True,"Mapped proximity is not proof of distribution capacity, site control, interconnection approval or charger availability."
LTFRB_PUJ1298,0.363,way/291478089,1.777,node/6836063735,1283.772,1528.3,1569.055,0,False,False,False,,0.0,0,100.0,82.0,89.71098265895954,77.93,38.0,PROXY,osm_power_snapshot_2026_08_20|route2zero_climate_scenario_v1,charging-v1.0,True,"Mapped proximity is not proof of distribution capacity, site control, interconnection approval or charger availability."
LTFRB_PUJ1299,0.363,way/291478089,1.777,node/6836063735,1375.878,1637.95,1681.629,0,False,False,False,,0.0,0,100.0,82.0,88.88246628131022,77.72,38.0,PROXY,osm_power_snapshot_2026_08_20|route2zero_climate_scenario_v1,charging-v1.0,True,"Mapped proximity is not proof of distribution capacity, site control, interconnection approval or charger availability."
LTFRB_PUJ1300,2.069,way/193633026,0.539,node/10703746877,2047.752,2437.8,2502.808,0,False,False,False,,0.0,0,82.0,100.0,82.8387925497752,74.41,38.0,PROXY,osm_power_snapshot_2026_08_20|route2zero_climate_scenario_v1,charging-v1.0,True,"Mapped proximity is not proof of distribution capacity, site control, interconnection approval or charger availability."
LTFRB_PUJ1301,2.069,way/193633026,0.539,node/10703746877,1596.861,1901.025,1951.719,0,False,False,False,,0.0,0,82.0,100.0,86.8946692357097,75.42,38.0,PROXY,osm_power_snapshot_2026_08_20|route2zero_climate_scenario_v1,charging-v1.0,True,"Mapped proximity is not proof of distribution capacity, site control, interconnection approval or charger availability."
LTFRB_PUJ1304,0.948,way/96332510,0.539,node/10703746877,2356.2,2805.0,2879.8,0,False,False,False,,0.0,0,100.0,100.0,80.06422607578676,80.02,38.0,PROXY,osm_power_snapshot_2026_08_20|route2zero_climate_scenario_v1,charging-v1.0,True,"Mapped proximity is not proof of distribution capacity, site control, interconnection approval or charger availability."
LTFRB_PUJ1305,0.948,way/96332510,0.539,node/10703746877,2102.373,2502.825,2569.567,0,False,False,False,,0.0,0,100.0,100.0,82.34746307000643,80.59,38.0,PROXY,osm_power_snapshot_2026_08_20|route2zero_climate_scenario_v1,charging-v1.0,True,"Mapped proximity is not proof of distribution capacity, site control, interconnection approval or charger availability."
LTFRB_PUJ1306,0.559,way/60193935,0.942,node/9756145409,2783.886,3314.15,3402.527,0,False,False,False,,0.0,0,100.0,100.0,76.21708413615929,79.05,38.0,PROXY,osm_power_snapshot_2026_08_20|route2zero_climate_scenario_v1,charging-v1.0,True,"Mapped proximity is not proof of distribution capacity, site control, interconnection approval or charger availability."
LTFRB_PUJ1307,0.559,way/60193935,0.942,node/9756145409,2609.313,3106.325,3189.16,0,False,False,False,,0.0,0,100.0,100.0,77.7874116891458,79.45,38.0,PROXY,osm_power_snapshot_2026_08_20|route2zero_climate_scenario_v1,charging-v1.0,True,"Mapped proximity is not proof of distribution capacity, site control, interconnection approval or charger availability."
LTFRB_PUJ1308,0.568,way/30331256,3.306,node/9462686325,3772.062,4490.55,4610.298,0,False,False,False,,0.0,0,100.0,58.0,67.3281952472704,66.33,38.0,PROXY,osm_power_snapshot_2026_08_20|route2zero_climate_scenario_v1,charging-v1.0,True,"Mapped proximity is not proof of distribution capacity, site control, interconnection approval or charger availability."
LTFRB_PUJ1309,0.568,way/30331256,3.306,node/9462686325,3772.062,4490.55,4610.298,0,False,False,False,,0.0,0,100.0,58.0,67.3281952472704,66.33,38.0,PROXY,osm_power_snapshot_2026_08_20|route2zero_climate_scenario_v1,charging-v1.0,True,"Mapped proximity is not proof of distribution capacity, site control, interconnection approval or charger availability."
LTFRB_PUJ1310,0.52,way/1337513227,0.428,node/12950633881,1954.218,2326.45,2388.489,0,False,False,False,,0.0,0,100.0,100.0,83.68015414258188,80.92,38.0,PROXY,osm_power_snapshot_2026_08_20|route2zero_climate_scenario_v1,charging-v1.0,True,"Mapped proximity is not proof of distribution capacity, site control, interconnection approval or charger availability."
LTFRB_PUJ1311,0.374,way/1337513227,0.414,node/12950633881,1690.752,2012.8,2066.475,0,False,False,False,,0.0,0,100.0,100.0,86.05009633911368,81.51,38.0,PROXY,osm_power_snapshot_2026_08_20|route2zero_climate_scenario_v1,charging-v1.0,True,"Mapped proximity is not proof of distribution capacity, site control, interconnection approval or charger availability."
LTFRB_PUJ1312,0.269,way/60193935,0.953,node/9596306271,1152.396,1371.9,1408.484,0,False,False,False,,0.0,0,100.0,100.0,90.8927424534361,82.72,38.0,PROXY,osm_power_snapshot_2026_08_20|route2zero_climate_scenario_v1,charging-v1.0,True,"Mapped proximity is not proof of distribution capacity, site control, interconnection approval or charger availability."
LTFRB_PUJ1313,0.269,way/60193935,0.953,node/9596306271,1152.396,1371.9,1408.484,0,False,False,False,,0.0,0,100.0,100.0,90.8927424534361,82.72,38.0,PROXY,osm_power_snapshot_2026_08_20|route2zero_climate_scenario_v1,charging-v1.0,True,"Mapped proximity is not proof of distribution capacity, site control, interconnection approval or charger availability."
LTFRB_PUJ1314,0.269,way/60193935,0.953,node/9596306271,8506.239,10126.475,10396.514,0,False,False,False,,0.0,0,100.0,100.0,24.74309569685292,66.19,38.0,PROXY,osm_power_snapshot_2026_08_20|route2zero_climate_scenario_v1,charging-v1.0,True,"Mapped proximity is not proof of distribution capacity, site control, interconnection approval or charger availability."
LTFRB_PUJ1315,0.269,way/60193935,0.953,node/9596306271,8652.609,10300.725,10575.411,0,False,False,False,,0.0,0,100.0,100.0,23.42646114322416,65.86,38.0,PROXY,osm_power_snapshot_2026_08_20|route2zero_climate_scenario_v1,charging-v1.0,True,"Mapped proximity is not proof of distribution capacity, site control, interconnection approval or charger availability."
LTFRB_PUJ1316,0.532,way/60193935,0.879,node/13688427301,999.6,1190.0,1221.733,0,False,False,False,,0.0,0,100.0,100.0,92.26718047527297,83.07,38.0,PROXY,osm_power_snapshot_2026_08_20|route2zero_climate_scenario_v1,charging-v1.0,True,"Mapped proximity is not proof of distribution capacity, site control, interconnection approval or charger availability."
LTFRB_PUJ1317,0.532,way/60193935,0.879,node/13688427301,1090.992,1298.8,1333.435,0,False,False,False,,0.0,0,100.0,100.0,91.44508670520231,82.86,38.0,PROXY,osm_power_snapshot_2026_08_20|route2zero_climate_scenario_v1,charging-v1.0,True,"Mapped proximity is not proof of distribution capacity, site control, interconnection approval or charger availability."
LTFRB_PUJ1318,0.559,way/60193935,0.942,node/9756145409,2037.399,2425.475,2490.154,0,False,False,False,,0.0,0,100.0,100.0,82.93192035966602,80.73,38.0,PROXY,osm_power_snapshot_2026_08_20|route2zero_climate_scenario_v1,charging-v1.0,True,"Mapped proximity is not proof of distribution capacity, site control, interconnection approval or charger availability."
LTFRB_PUJ1319,0.559,way/60193935,0.942,node/9756145409,1956.717,2329.425,2391.543,0,False,False,False,,0.0,0,100.0,100.0,83.65767501605652,80.91,38.0,PROXY,osm_power_snapshot_2026_08_20|route2zero_climate_scenario_v1,charging-v1.0,True,"Mapped proximity is not proof of distribution capacity, site control, interconnection approval or charger availability."
LTFRB_PUJ1321,0.325,way/30755991,0.942,node/9756145409,3346.875,3984.375,4090.625,0,False,False,False,,0.0,0,100.0,100.0,71.15285806037251,77.79,38.0,PROXY,osm_power_snapshot_2026_08_20|route2zero_climate_scenario_v1,charging-v1.0,True,"Mapped proximity is not proof of distribution capacity, site control, interconnection approval or charger availability."
LTFRB_PUJ1322,0.635,way/60193935,1.154,node/9756145409,2046.681,2436.525,2501.499,0,False,False,False,,0.0,0,100.0,82.0,82.84842646114322,76.21,38.0,PROXY,osm_power_snapshot_2026_08_20|route2zero_climate_scenario_v1,charging-v1.0,True,"Mapped proximity is not proof of distribution capacity, site control, interconnection approval or charger availability."
LTFRB_PUJ1323,0.635,way/60193935,1.154,node/9756145409,2310.861,2751.025,2824.386,0,False,False,False,,0.0,0,100.0,82.0,80.47206165703275,75.62,38.0,PROXY,osm_power_snapshot_2026_08_20|route2zero_climate_scenario_v1,charging-v1.0,True,"Mapped proximity is not proof of distribution capacity, site control, interconnection approval or charger availability."
LTFRB_PUJ1324,0.754,way/260934319,0.746,node/10703746877,1149.183,1368.075,1404.557,0,False,False,False,,0.0,0,100.0,100.0,90.92164418754014,82.73,38.0,PROXY,osm_power_snapshot_2026_08_20|route2zero_climate_scenario_v1,charging-v1.0,True,"Mapped proximity is not proof of distribution capacity, site control, interconnection approval or charger availability."
LTFRB_PUJ1325,0.754,way/260934319,0.746,node/10703746877,965.328,1149.2,1179.845,0,False,False,False,,0.0,0,100.0,100.0,92.57546563904945,83.14,38.0,PROXY,osm_power_snapshot_2026_08_20|route2zero_climate_scenario_v1,charging-v1.0,True,"Mapped proximity is not proof of distribution capacity, site control, interconnection approval or charger availability."
LTFRB_PUJ1326,1.297,way/182922897,1.777,node/6836063735,2194.479,2612.475,2682.141,0,False,False,False,,0.0,0,82.0,82.0,81.5189466923571,69.58,38.0,PROXY,osm_power_snapshot_2026_08_20|route2zero_climate_scenario_v1,charging-v1.0,True,"Mapped proximity is not proof of distribution capacity, site control, interconnection approval or charger availability."
LTFRB_PUJ1327,1.297,way/182922897,1.777,node/6836063735,2703.561,3218.525,3304.352,0,False,False,False,,0.0,0,82.0,82.0,76.93962748876044,68.43,38.0,PROXY,osm_power_snapshot_2026_08_20|route2zero_climate_scenario_v1,charging-v1.0,True,"Mapped proximity is not proof of distribution capacity, site control, interconnection approval or charger availability."
LTFRB_PUJ1328,0.471,way/291478089,3.34,node/6836063735,4277.931,5092.775,5228.582,0,False,False,False,,0.0,0,100.0,58.0,62.777777777777786,65.19,38.0,PROXY,osm_power_snapshot_2026_08_20|route2zero_climate_scenario_v1,charging-v1.0,True,"Mapped proximity is not proof of distribution capacity, site control, interconnection approval or charger availability."
LTFRB_PUJ1330,0.919,way/617091970,4.554,node/13895420988,2382.618,2836.45,2912.089,0,False,False,False,,0.0,0,100.0,58.0,79.82658959537572,69.46,38.0,PROXY,osm_power_snapshot_2026_08_20|route2zero_climate_scenario_v1,charging-v1.0,True,"Mapped proximity is not proof of distribution capacity, site control, interconnection approval or charger availability."
LTFRB_PUJ1331,0.919,way/617091970,4.554,node/13895420988,2388.687,2843.675,2919.506,0,False,False,False,,0.0,0,100.0,58.0,79.77199743095697,69.44,38.0,PROXY,osm_power_snapshot_2026_08_20|route2zero_climate_scenario_v1,charging-v1.0,True,"Mapped proximity is not proof of distribution capacity, site control, interconnection approval or charger availability."
LTFRB_PUJ1332,1.248,node/4823208932,4.09,node/13895420988,3255.483,3875.575,3978.924,0,False,False,False,,0.0,0,82.0,58.0,71.97495183044316,61.19,38.0,PROXY,osm_power_snapshot_2026_08_20|route2zero_climate_scenario_v1,charging-v1.0,True,"Mapped proximity is not proof of distribution capacity, site control, interconnection approval or charger availability."
LTFRB_PUJ1333,1.248,node/4823208932,4.09,node/13895420988,3740.289,4452.725,4571.464,0,False,False,False,,0.0,0,82.0,58.0,67.61400128452152,60.1,38.0,PROXY,osm_power_snapshot_2026_08_20|route2zero_climate_scenario_v1,charging-v1.0,True,"Mapped proximity is not proof of distribution capacity, site control, interconnection approval or charger availability."
LTFRB_PUJ1334,0.78,way/31489448,1.41,node/13895420988,3614.625,4303.125,4417.875,0,False,False,False,,0.0,0,100.0,82.0,68.74438021836866,72.69,38.0,PROXY,osm_power_snapshot_2026_08_20|route2zero_climate_scenario_v1,charging-v1.0,True,"Mapped proximity is not proof of distribution capacity, site control, interconnection approval or charger availability."
LTFRB_PUJ1335,0.78,way/31489448,1.41,node/13895420988,3511.452,4180.3,4291.775,0,False,False,False,,0.0,0,100.0,82.0,69.67244701348747,72.92,38.0,PROXY,osm_power_snapshot_2026_08_20|route2zero_climate_scenario_v1,charging-v1.0,True,"Mapped proximity is not proof of distribution capacity, site control, interconnection approval or charger availability."
LTFRB_PUJ1336,1.007,way/30679817,2.101,node/13895420988,708.288,843.2,865.685,0,False,False,False,,0.0,0,82.0,82.0,94.88760436737316,72.92,38.0,PROXY,osm_power_snapshot_2026_08_20|route2zero_climate_scenario_v1,charging-v1.0,True,"Mapped proximity is not proof of distribution capacity, site control, interconnection approval or charger availability."
LTFRB_PUJ1337,1.007,way/30679817,2.101,node/13895420988,632.961,753.525,773.619,0,False,False,False,,0.0,0,82.0,82.0,95.56518946692357,73.09,38.0,PROXY,osm_power_snapshot_2026_08_20|route2zero_climate_scenario_v1,charging-v1.0,True,"Mapped proximity is not proof of distribution capacity, site control, interconnection approval or charger availability."
LTFRB_PUJ1338,1.084,way/30331256,1.777,node/6836063735,1734.306,2064.65,2119.707,0,False,False,False,,0.0,0,82.0,82.0,85.65831727681439,70.61,38.0,PROXY,osm_power_snapshot_2026_08_20|route2zero_climate_scenario_v1,charging-v1.0,True,"Mapped proximity is not proof of distribution capacity, site control, interconnection approval or charger availability."
LTFRB_PUJ1339,1.084,way/30331256,1.777,node/6836063735,1054.221,1255.025,1288.492,0,False,False,False,,0.0,0,82.0,82.0,91.77585099550417,72.14,38.0,PROXY,osm_power_snapshot_2026_08_20|route2zero_climate_scenario_v1,charging-v1.0,True,"Mapped proximity is not proof of distribution capacity, site control, interconnection approval or charger availability."
LTFRB_PUJ1340,0.971,way/264246780,0.554,node/13081283763,5647.026,6722.65,6901.921,0,False,False,False,,0.0,0,100.0,100.0,50.46242774566475,72.62,38.0,PROXY,osm_power_snapshot_2026_08_20|route2zero_climate_scenario_v1,charging-v1.0,True,"Mapped proximity is not proof of distribution capacity, site control, interconnection approval or charger availability."
LTFRB_PUJ1341,0.971,way/264246780,0.554,node/13081283763,5661.663,6740.075,6919.81,0,False,False,False,,0.0,0,100.0,100.0,50.330764290301865,72.58,38.0,PROXY,osm_power_snapshot_2026_08_20|route2zero_climate_scenario_v1,charging-v1.0,True,"Mapped proximity is not proof of distribution capacity, site control, interconnection approval or charger availability."
LTFRB_PUJ1342,0.142,way/47570428,0.348,node/12862848460,1108.128,1319.2,1354.379,0,False,False,False,,0.0,0,100.0,100.0,91.29094412331406,82.82,38.0,PROXY,osm_power_snapshot_2026_08_20|route2zero_climate_scenario_v1,charging-v1.0,True,"Mapped proximity is not proof of distribution capacity, site control, interconnection approval or charger availability."
LTFRB_PUJ1343,0.142,way/47570428,0.348,node/12862848460,1108.128,1319.2,1354.379,0,False,False,False,,0.0,0,100.0,100.0,91.29094412331406,82.82,38.0,PROXY,osm_power_snapshot_2026_08_20|route2zero_climate_scenario_v1,charging-v1.0,True,"Mapped proximity is not proof of distribution capacity, site control, interconnection approval or charger availability."
LTFRB_PUJ1344,0.409,way/35583874,3.007,node/9462686325,2655.366,3161.15,3245.447,0,False,False,False,,0.0,0,100.0,58.0,77.37315350032114,68.84,38.0,PROXY,osm_power_snapshot_2026_08_20|route2zero_climate_scenario_v1,charging-v1.0,True,"Mapped proximity is not proof of distribution capacity, site control, interconnection approval or charger availability."
LTFRB_PUJ1345,0.409,way/35583874,3.007,node/9462686325,2322.642,2765.05,2838.785,0,False,False,False,,0.0,0,100.0,58.0,80.36608863198458,69.59,38.0,PROXY,osm_power_snapshot_2026_08_20|route2zero_climate_scenario_v1,charging-v1.0,True,"Mapped proximity is not proof of distribution capacity, site control, interconnection approval or charger availability."
LTFRB_PUJ1346,0.929,way/440588497,1.011,node/9462686325,4294.71,5112.75,5249.09,0,False,False,False,,0.0,0,100.0,82.0,62.62684649967888,71.16,38.0,PROXY,osm_power_snapshot_2026_08_20|route2zero_climate_scenario_v1,charging-v1.0,True,"Mapped proximity is not proof of distribution capacity, site control, interconnection approval or charger availability."
LTFRB_PUJ1347,0.929,way/440588497,1.011,node/9462686325,2793.168,3325.2,3413.872,0,False,False,False,,0.0,0,100.0,82.0,76.13359023763648,74.53,38.0,PROXY,osm_power_snapshot_2026_08_20|route2zero_climate_scenario_v1,charging-v1.0,True,"Mapped proximity is not proof of distribution capacity, site control, interconnection approval or charger availability."
LTFRB_PUJ1348,1.405,node/2508927841,2.82,node/6110400886,5896.212,7019.3,7206.481,0,False,False,False,,0.0,0,82.0,82.0,48.22093770070649,61.26,38.0,PROXY,osm_power_snapshot_2026_08_20|route2zero_climate_scenario_v1,charging-v1.0,True,"Mapped proximity is not proof of distribution capacity, site control, interconnection approval or charger availability."
LTFRB_PUJ1349,1.405,node/2508927841,2.82,node/6110400886,5526.36,6579.0,6754.44,0,False,False,False,,0.0,0,82.0,82.0,51.547848426461144,62.09,38.0,PROXY,osm_power_snapshot_2026_08_20|route2zero_climate_scenario_v1,charging-v1.0,True,"Mapped proximity is not proof of distribution capacity, site control, interconnection approval or charger availability."
LTFRB_PUJ1350,1.298,way/1161606296,1.743,node/10703746877,9770.733,11631.825,11942.007,0,False,False,False,,0.0,0,82.0,82.0,13.368657675016053,52.54,38.0,PROXY,osm_power_snapshot_2026_08_20|route2zero_climate_scenario_v1,charging-v1.0,True,"Mapped proximity is not proof of distribution capacity, site control, interconnection approval or charger availability."
LTFRB_PUJ1351,1.298,way/1161606296,1.743,node/10703746877,8977.122,10687.05,10972.038,0,False,False,False,,0.0,0,82.0,82.0,20.507385998715492,54.33,38.0,PROXY,osm_power_snapshot_2026_08_20|route2zero_climate_scenario_v1,charging-v1.0,True,"Mapped proximity is not proof of distribution capacity, site control, interconnection approval or charger availability."
LTFRB_PUJ1352,0.56,way/264246780,0.653,node/13081283763,10109.883,12035.575,12356.524,0,False,False,False,,0.0,0,100.0,100.0,10.317919075144516,62.58,38.0,PROXY,osm_power_snapshot_2026_08_20|route2zero_climate_scenario_v1,charging-v1.0,True,"Mapped proximity is not proof of distribution capacity, site control, interconnection approval or charger availability."
LTFRB_PUJ1353,0.56,way/264246780,0.653,node/13081283763,11054.862,13160.55,13511.498,0,False,False,False,,0.0,0,100.0,100.0,1.8175979447655806,60.45,38.0,PROXY,osm_power_snapshot_2026_08_20|route2zero_climate_scenario_v1,charging-v1.0,True,"Mapped proximity is not proof of distribution capacity, site control, interconnection approval or charger availability."
LTFRB_PUJ1354,0.273,way/193633026,1.336,node/13895420988,3451.833,4109.325,4218.907,0,False,False,False,,0.0,0,100.0,82.0,70.208734746307,73.05,38.0,PROXY,osm_power_snapshot_2026_08_20|route2zero_climate_scenario_v1,charging-v1.0,True,"Mapped proximity is not proof of distribution capacity, site control, interconnection approval or charger availability."
LTFRB_PUJ1355,0.273,way/193633026,1.336,node/13895420988,4054.449,4826.725,4955.438,0,False,False,False,,0.0,0,100.0,82.0,64.78805394990366,71.7,38.0,PROXY,osm_power_snapshot_2026_08_20|route2zero_climate_scenario_v1,charging-v1.0,True,"Mapped proximity is not proof of distribution capacity, site control, interconnection approval or charger availability."
LTFRB_PUJ1356,1.372,way/182922897,4.331,node/13895420988,4090.506,4869.65,4999.507,0,False,False,False,,0.0,0,82.0,58.0,64.46371226718048,59.32,38.0,PROXY,osm_power_snapshot_2026_08_20|route2zero_climate_scenario_v1,charging-v1.0,True,"Mapped proximity is not proof of distribution capacity, site control, interconnection approval or charger availability."
LTFRB_PUJ1357,1.372,way/182922897,4.331,node/13895420988,4104.072,4885.8,5016.088,0,False,False,False,,0.0,0,82.0,58.0,64.34168272318561,59.29,38.0,PROXY,osm_power_snapshot_2026_08_20|route2zero_climate_scenario_v1,charging-v1.0,True,"Mapped proximity is not proof of distribution capacity, site control, interconnection approval or charger availability."
LTFRB_PUJ1358,0.66,way/30618817,3.552,node/9462686325,1024.947,1220.175,1252.713,0,False,False,False,,0.0,0,100.0,58.0,92.03917790622992,72.51,38.0,PROXY,osm_power_snapshot_2026_08_20|route2zero_climate_scenario_v1,charging-v1.0,True,"Mapped proximity is not proof of distribution capacity, site control, interconnection approval or charger availability."
LTFRB_PUJ1359,0.66,way/30618817,3.552,node/9462686325,3894.156,4635.9,4759.524,0,False,False,False,,0.0,0,100.0,58.0,66.22992935131664,66.06,38.0,PROXY,osm_power_snapshot_2026_08_20|route2zero_climate_scenario_v1,charging-v1.0,True,"Mapped proximity is not proof of distribution capacity, site control, interconnection approval or charger availability."
LTFRB_PUJ1360,0.793,node/10817230042,1.011,node/9462686325,3692.094,4395.35,4512.559,0,False,False,False,,0.0,0,100.0,82.0,68.04752729608221,72.51,38.0,PROXY,osm_power_snapshot_2026_08_20|route2zero_climate_scenario_v1,charging-v1.0,True,"Mapped proximity is not proof of distribution capacity, site control, interconnection approval or charger availability."
LTFRB_PUJ1361,0.793,node/10817230042,1.011,node/9462686325,2644.656,3148.4,3232.357,0,False,False,False,,0.0,0,100.0,82.0,77.46949261400128,74.87,38.0,PROXY,osm_power_snapshot_2026_08_20|route2zero_climate_scenario_v1,charging-v1.0,True,"Mapped proximity is not proof of distribution capacity, site control, interconnection approval or charger availability."
LTFRB_PUJ1362,0.925,way/440588497,0.861,node/9462686325,1297.695,1544.875,1586.072,0,False,False,False,,0.0,0,100.0,100.0,89.58574181117534,82.4,38.0,PROXY,osm_power_snapshot_2026_08_20|route2zero_climate_scenario_v1,charging-v1.0,True,"Mapped proximity is not proof of distribution capacity, site control, interconnection approval or charger availability."
LTFRB_PUJ1363,0.925,way/440588497,0.861,node/9462686325,1289.127,1534.675,1575.6,0,False,False,False,,0.0,0,100.0,100.0,89.66281310211946,82.42,38.0,PROXY,osm_power_snapshot_2026_08_20|route2zero_climate_scenario_v1,charging-v1.0,True,"Mapped proximity is not proof of distribution capacity, site control, interconnection approval or charger availability."
LTFRB_PUJ1364,0.714,node/6280454079,2.82,node/6110400886,5316.087,6328.675,6497.44,0,False,False,False,,0.0,0,100.0,82.0,53.43930635838151,68.86,38.0,PROXY,osm_power_snapshot_2026_08_20|route2zero_climate_scenario_v1,charging-v1.0,True,"Mapped proximity is not proof of distribution capacity, site control, interconnection approval or charger availability."
LTFRB_PUJ1365,0.714,node/6280454079,2.82,node/6110400886,4991.931,5942.775,6101.249,0,False,False,False,,0.0,0,100.0,82.0,56.35517019910084,69.59,38.0,PROXY,osm_power_snapshot_2026_08_20|route2zero_climate_scenario_v1,charging-v1.0,True,"Mapped proximity is not proof of distribution capacity, site control, interconnection approval or charger availability."
LTFRB_PUJ1366,0.929,way/440588497,1.011,node/9462686325,1570.8,1870.0,1919.867,0,False,False,False,,0.0,0,100.0,82.0,87.12909441233141,77.28,38.0,PROXY,osm_power_snapshot_2026_08_20|route2zero_climate_scenario_v1,charging-v1.0,True,"Mapped proximity is not proof of distribution capacity, site control, interconnection approval or charger availability."
LTFRB_PUJ1367,0.929,way/440588497,1.011,node/9462686325,1922.088,2288.2,2349.219,0,False,False,False,,0.0,0,100.0,82.0,83.96917148362235,76.49,38.0,PROXY,osm_power_snapshot_2026_08_20|route2zero_climate_scenario_v1,charging-v1.0,True,"Mapped proximity is not proof of distribution capacity, site control, interconnection approval or charger availability."
LTFRB_PUJ1368,0.929,way/440588497,1.011,node/9462686325,1888.887,2248.675,2308.64,0,False,False,False,,0.0,0,100.0,82.0,84.26782273603082,76.57,38.0,PROXY,osm_power_snapshot_2026_08_20|route2zero_climate_scenario_v1,charging-v1.0,True,"Mapped proximity is not proof of distribution capacity, site control, interconnection approval or charger availability."
LTFRB_PUJ1369,0.929,way/440588497,1.011,node/9462686325,1929.228,2296.7,2357.945,0,False,False,False,,0.0,0,100.0,82.0,83.90494540783558,76.48,38.0,PROXY,osm_power_snapshot_2026_08_20|route2zero_climate_scenario_v1,charging-v1.0,True,"Mapped proximity is not proof of distribution capacity, site control, interconnection approval or charger availability."
LTFRB_PUJ1370,0.643,way/1296102890,1.154,node/9462686325,4246.158,5054.95,5189.749,0,False,False,False,,0.0,0,100.0,82.0,63.063583815028906,71.27,38.0,PROXY,osm_power_snapshot_2026_08_20|route2zero_climate_scenario_v1,charging-v1.0,True,"Mapped proximity is not proof of distribution capacity, site control, interconnection approval or charger availability."
LTFRB_PUJ1371,0.643,way/1296102890,1.154,node/9462686325,4083.366,4861.15,4990.781,0,False,False,False,,0.0,0,100.0,82.0,64.52793834296725,71.63,38.0,PROXY,osm_power_snapshot_2026_08_20|route2zero_climate_scenario_v1,charging-v1.0,True,"Mapped proximity is not proof of distribution capacity, site control, interconnection approval or charger availability."
LTFRB_PUJ1372,0.929,way/440588497,1.011,node/9462686325,2612.169,3109.725,3192.651,0,False,False,False,,0.0,0,100.0,82.0,77.76172125883109,74.94,38.0,PROXY,osm_power_snapshot_2026_08_20|route2zero_climate_scenario_v1,charging-v1.0,True,"Mapped proximity is not proof of distribution capacity, site control, interconnection approval or charger availability."
LTFRB_PUJ1373,0.929,way/440588497,1.011,node/9462686325,2504.712,2981.8,3061.315,0,False,False,False,,0.0,0,100.0,82.0,78.72832369942196,75.18,38.0,PROXY,osm_power_snapshot_2026_08_20|route2zero_climate_scenario_v1,charging-v1.0,True,"Mapped proximity is not proof of distribution capacity, site control, interconnection approval or charger availability."
LTFRB_PUJ1374,0.26,way/1411696988,4.678,node/13895420988,7166.418,8531.45,8758.955,0,False,False,False,,0.0,0,100.0,58.0,36.795118818240205,58.7,38.0,PROXY,osm_power_snapshot_2026_08_20|route2zero_climate_scenario_v1,charging-v1.0,True,"Mapped proximity is not proof of distribution capacity, site control, interconnection approval or charger availability."
LTFRB_PUJ1375,0.26,way/1411696988,4.678,node/13895420988,7139.286,8499.15,8725.794,0,False,False,False,,0.0,0,100.0,58.0,37.03917790622994,58.76,38.0,PROXY,osm_power_snapshot_2026_08_20|route2zero_climate_scenario_v1,charging-v1.0,True,"Mapped proximity is not proof of distribution capacity, site control, interconnection approval or charger availability."
LTFRB_PUJ1376,1.101,way/800186096,2.246,node/10991144538,1532.601,1824.525,1873.179,0,False,False,False,,0.0,0,82.0,82.0,87.47270391779062,71.07,38.0,PROXY,osm_power_snapshot_2026_08_20|route2zero_climate_scenario_v1,charging-v1.0,True,"Mapped proximity is not proof of distribution capacity, site control, interconnection approval or charger availability."
LTFRB_PUJ1377,1.101,way/800186096,2.246,node/10991144538,1532.601,1824.525,1873.179,0,False,False,False,,0.0,0,82.0,82.0,87.47270391779062,71.07,38.0,PROXY,osm_power_snapshot_2026_08_20|route2zero_climate_scenario_v1,charging-v1.0,True,"Mapped proximity is not proof of distribution capacity, site control, interconnection approval or charger availability."
LTFRB_PUJ1378,1.298,way/1161606296,1.743,node/10703746877,4817.715,5735.375,5888.318,0,False,False,False,,0.0,0,82.0,82.0,57.92228644829801,63.68,38.0,PROXY,osm_power_snapshot_2026_08_20|route2zero_climate_scenario_v1,charging-v1.0,True,"Mapped proximity is not proof of distribution capacity, site control, interconnection approval or charger availability."
LTFRB_PUJ1379,1.298,way/1161606296,1.743,node/10703746877,5118.666,6093.65,6256.147,0,False,False,False,,0.0,0,82.0,82.0,55.21515735388569,63.0,38.0,PROXY,osm_power_snapshot_2026_08_20|route2zero_climate_scenario_v1,charging-v1.0,True,"Mapped proximity is not proof of distribution capacity, site control, interconnection approval or charger availability."
LTFRB_PUJ1380,0.902,way/441813417,4.444,node/6836063735,2920.26,3476.5,3569.207,0,False,False,False,,0.0,0,100.0,58.0,74.99036608863199,68.25,38.0,PROXY,osm_power_snapshot_2026_08_20|route2zero_climate_scenario_v1,charging-v1.0,True,"Mapped proximity is not proof of distribution capacity, site control, interconnection approval or charger availability."
LTFRB_PUJ1381,0.902,way/441813417,4.444,node/6836063735,2920.26,3476.5,3569.207,0,False,False,False,,0.0,0,100.0,58.0,74.99036608863199,68.25,38.0,PROXY,osm_power_snapshot_2026_08_20|route2zero_climate_scenario_v1,charging-v1.0,True,"Mapped proximity is not proof of distribution capacity, site control, interconnection approval or charger availability."
LTFRB_PUJ1382,0.771,way/839789680,1.678,node/13081283763,4568.886,5439.15,5584.194,0,False,False,False,,0.0,0,100.0,82.0,60.16056518946693,70.54,38.0,PROXY,osm_power_snapshot_2026_08_20|route2zero_climate_scenario_v1,charging-v1.0,True,"Mapped proximity is not proof of distribution capacity, site control, interconnection approval or charger availability."
LTFRB_PUJ1383,0.771,way/839789680,1.678,node/13081283763,4961.943,5907.075,6064.597,0,False,False,False,,0.0,0,100.0,82.0,56.62491971740527,69.66,38.0,PROXY,osm_power_snapshot_2026_08_20|route2zero_climate_scenario_v1,charging-v1.0,True,"Mapped proximity is not proof of distribution capacity, site control, interconnection approval or charger availability."
LTFRB_PUJ1384,0.628,way/1161688518,3.003,node/9462686325,1213.086,1444.15,1482.661,0,False,False,False,,0.0,0,100.0,58.0,90.34682080924856,72.09,38.0,PROXY,osm_power_snapshot_2026_08_20|route2zero_climate_scenario_v1,charging-v1.0,True,"Mapped proximity is not proof of distribution capacity, site control, interconnection approval or charger availability."
LTFRB_PUJ1385,0.628,way/1161688518,3.003,node/9462686325,1237.362,1473.05,1512.331,0,False,False,False,,0.0,0,100.0,58.0,90.12845215157354,72.03,38.0,PROXY,osm_power_snapshot_2026_08_20|route2zero_climate_scenario_v1,charging-v1.0,True,"Mapped proximity is not proof of distribution capacity, site control, interconnection approval or charger availability."
LTFRB_PUJ1386,0.497,node/2126363194,3.529,node/9756145409,1340.178,1595.45,1637.995,0,False,False,False,,0.0,0,100.0,58.0,89.20359666024406,71.8,38.0,PROXY,osm_power_snapshot_2026_08_20|route2zero_climate_scenario_v1,charging-v1.0,True,"Mapped proximity is not proof of distribution capacity, site control, interconnection approval or charger availability."
LTFRB_PUJ1387,0.497,node/2126363194,3.529,node/9756145409,1308.405,1557.625,1599.162,0,False,False,False,,0.0,0,100.0,58.0,89.48940269749518,71.87,38.0,PROXY,osm_power_snapshot_2026_08_20|route2zero_climate_scenario_v1,charging-v1.0,True,"Mapped proximity is not proof of distribution capacity, site control, interconnection approval or charger availability."
LTFRB_PUJ1388,0.576,way/90125781,2.611,node/9756145409,1622.565,1931.625,1983.135,0,False,False,False,,0.0,0,100.0,82.0,86.66345536287733,77.17,38.0,PROXY,osm_power_snapshot_2026_08_20|route2zero_climate_scenario_v1,charging-v1.0,True,"Mapped proximity is not proof of distribution capacity, site control, interconnection approval or charger availability."
LTFRB_PUJ1389,0.576,way/90125781,2.611,node/9756145409,1956.36,2329.0,2391.107,0,False,False,False,,0.0,0,100.0,82.0,83.66088631984586,76.42,38.0,PROXY,osm_power_snapshot_2026_08_20|route2zero_climate_scenario_v1,charging-v1.0,True,"Mapped proximity is not proof of distribution capacity, site control, interconnection approval or charger availability."
LTFRB_PUJ1390,0.363,way/291478089,3.502,node/6836063735,572.985,682.125,700.315,0,False,False,False,,0.0,0,100.0,58.0,96.10468850353243,73.53,38.0,PROXY,osm_power_snapshot_2026_08_20|route2zero_climate_scenario_v1,charging-v1.0,True,"Mapped proximity is not proof of distribution capacity, site control, interconnection approval or charger availability."
LTFRB_PUJ1391,0.363,way/291478089,3.502,node/6836063735,510.867,608.175,624.393,0,False,False,False,,0.0,0,100.0,58.0,96.66345536287733,73.67,38.0,PROXY,osm_power_snapshot_2026_08_20|route2zero_climate_scenario_v1,charging-v1.0,True,"Mapped proximity is not proof of distribution capacity, site control, interconnection approval or charger availability."
LTFRB_PUJ1392,1.405,node/2508927841,2.403,node/6110400886,2501.856,2978.4,3057.824,0,False,False,False,,0.0,0,82.0,82.0,78.75401412973667,68.89,38.0,PROXY,osm_power_snapshot_2026_08_20|route2zero_climate_scenario_v1,charging-v1.0,True,"Mapped proximity is not proof of distribution capacity, site control, interconnection approval or charger availability."
LTFRB_PUJ1393,1.405,node/2508927841,2.403,node/6110400886,2177.7,2592.5,2661.633,0,False,False,False,,0.0,0,82.0,82.0,81.669877970456,69.62,38.0,PROXY,osm_power_snapshot_2026_08_20|route2zero_climate_scenario_v1,charging-v1.0,True,"Mapped proximity is not proof of distribution capacity, site control, interconnection approval or charger availability."
LTFRB_PUJ1394,0.754,way/260934319,1.024,node/6110400886,6299.979,7499.975,7699.974,0,False,False,False,,0.0,0,100.0,82.0,44.58895311496468,66.65,38.0,PROXY,osm_power_snapshot_2026_08_20|route2zero_climate_scenario_v1,charging-v1.0,True,"Mapped proximity is not proof of distribution capacity, site control, interconnection approval or charger availability."
LTFRB_PUJ1395,0.754,way/260934319,1.024,node/6110400886,6316.401,7519.525,7720.046,0,False,False,False,,0.0,0,100.0,82.0,44.441233140655115,66.61,38.0,PROXY,osm_power_snapshot_2026_08_20|route2zero_climate_scenario_v1,charging-v1.0,True,"Mapped proximity is not proof of distribution capacity, site control, interconnection approval or charger availability."
LTFRB_PUJ1396,1.122,way/112645695,1.024,node/6110400886,7269.591,8654.275,8885.056,0,False,False,False,,0.0,0,82.0,82.0,35.86705202312139,58.17,38.0,PROXY,osm_power_snapshot_2026_08_20|route2zero_climate_scenario_v1,charging-v1.0,True,"Mapped proximity is not proof of distribution capacity, site control, interconnection approval or charger availability."
LTFRB_PUJ1397,1.122,way/112645695,1.024,node/6110400886,7406.322,8817.05,9052.171,0,False,False,False,,0.0,0,82.0,82.0,34.63712267180476,57.86,38.0,PROXY,osm_power_snapshot_2026_08_20|route2zero_climate_scenario_v1,charging-v1.0,True,"Mapped proximity is not proof of distribution capacity, site control, interconnection approval or charger availability."
LTFRB_PUJ1398,0.669,way/530281328,1.053,node/10703746877,6885.102,8196.55,8415.125,0,False,False,False,,0.0,0,100.0,82.0,39.32562620423893,65.33,38.0,PROXY,osm_power_snapshot_2026_08_20|route2zero_climate_scenario_v1,charging-v1.0,True,"Mapped proximity is not proof of distribution capacity, site control, interconnection approval or charger availability."
LTFRB_PUJ1399,0.669,way/530281328,1.053,node/10703746877,6953.289,8277.725,8498.464,0,False,False,False,,0.0,0,100.0,82.0,38.712267180475266,65.18,38.0,PROXY,osm_power_snapshot_2026_08_20|route2zero_climate_scenario_v1,charging-v1.0,True,"Mapped proximity is not proof of distribution capacity, site control, interconnection approval or charger availability."
LTFRB_PUJ1400,1.298,way/1161606296,1.743,node/10703746877,6906.522,8222.05,8441.305,0,False,False,False,,0.0,0,82.0,82.0,39.13294797687862,58.98,38.0,PROXY,osm_power_snapshot_2026_08_20|route2zero_climate_scenario_v1,charging-v1.0,True,"Mapped proximity is not proof of distribution capacity, site control, interconnection approval or charger availability."
LTFRB_PUJ1401,1.298,way/1161606296,1.743,node/10703746877,7510.923,8941.575,9180.017,0,False,False,False,,0.0,0,82.0,82.0,33.69621066152858,57.62,38.0,PROXY,osm_power_snapshot_2026_08_20|route2zero_climate_scenario_v1,charging-v1.0,True,"Mapped proximity is not proof of distribution capacity, site control, interconnection approval or charger availability."
LTFRB_PUJ1402,1.566,way/530281328,1.884,node/10703746877,6620.565,7881.625,8091.802,0,False,False,False,,0.0,0,82.0,82.0,41.70520231213873,59.63,38.0,PROXY,osm_power_snapshot_2026_08_20|route2zero_climate_scenario_v1,charging-v1.0,True,"Mapped proximity is not proof of distribution capacity, site control, interconnection approval or charger availability."
LTFRB_PUJ1405,1.566,way/530281328,1.884,node/10703746877,8080.695,9619.875,9876.405,0,False,False,False,,0.0,0,82.0,82.0,28.570969813744384,56.34,38.0,PROXY,osm_power_snapshot_2026_08_20|route2zero_climate_scenario_v1,charging-v1.0,True,"Mapped proximity is not proof of distribution capacity, site control, interconnection approval or charger availability."
LTFRB_PUJ1406,2.972,way/1500158674,0.514,node/6110400886,831.453,989.825,1016.22,0,False,False,False,,0.0,0,82.0,100.0,93.77970456005139,77.14,38.0,PROXY,osm_power_snapshot_2026_08_20|route2zero_climate_scenario_v1,charging-v1.0,True,"Mapped proximity is not proof of distribution capacity, site control, interconnection approval or charger availability."
LTFRB_PUJ1407,2.972,way/1500158674,0.514,node/6110400886,831.453,989.825,1016.22,0,False,False,False,,0.0,0,82.0,100.0,93.77970456005139,77.14,38.0,PROXY,osm_power_snapshot_2026_08_20|route2zero_climate_scenario_v1,charging-v1.0,True,"Mapped proximity is not proof of distribution capacity, site control, interconnection approval or charger availability."
LTFRB_PUJ1408,0.924,way/30679817,3.161,node/13895420988,917.847,1092.675,1121.813,0,False,False,False,,0.0,0,100.0,58.0,93.00256904303147,72.75,38.0,PROXY,osm_power_snapshot_2026_08_20|route2zero_climate_scenario_v1,charging-v1.0,True,"Mapped proximity is not proof of distribution capacity, site control, interconnection approval or charger availability."
LTFRB_PUJ1409,0.924,way/30679817,3.161,node/13895420988,999.957,1190.425,1222.17,0,False,False,False,,0.0,0,100.0,58.0,92.26396917148362,72.57,38.0,PROXY,osm_power_snapshot_2026_08_20|route2zero_climate_scenario_v1,charging-v1.0,True,"Mapped proximity is not proof of distribution capacity, site control, interconnection approval or charger availability."
LTFRB_PUJ1410,1.517,way/35583874,2.464,node/6836063735,429.114,510.85,524.473,0,False,False,False,,0.0,0,82.0,82.0,97.39884393063583,73.55,38.0,PROXY,osm_power_snapshot_2026_08_20|route2zero_climate_scenario_v1,charging-v1.0,True,"Mapped proximity is not proof of distribution capacity, site control, interconnection approval or charger availability."
LTFRB_PUJ1411,1.517,way/35583874,2.464,node/6836063735,444.465,529.125,543.235,0,False,False,False,,0.0,0,82.0,82.0,97.26075786769428,73.52,38.0,PROXY,osm_power_snapshot_2026_08_20|route2zero_climate_scenario_v1,charging-v1.0,True,"Mapped proximity is not proof of distribution capacity, site control, interconnection approval or charger availability."
LTFRB_PUJ1412,0.568,way/30331256,0.364,node/6836063735,1770.006,2107.15,2163.341,0,False,False,False,,0.0,0,100.0,100.0,85.33718689788054,81.33,38.0,PROXY,osm_power_snapshot_2026_08_20|route2zero_climate_scenario_v1,charging-v1.0,True,"Mapped proximity is not proof of distribution capacity, site control, interconnection approval or charger availability."
LTFRB_PUJ1413,0.568,way/30331256,0.364,node/6836063735,1313.76,1564.0,1605.707,0,False,False,False,,0.0,0,100.0,100.0,89.4412331406551,82.36,38.0,PROXY,osm_power_snapshot_2026_08_20|route2zero_climate_scenario_v1,charging-v1.0,True,"Mapped proximity is not proof of distribution capacity, site control, interconnection approval or charger availability."
LTFRB_PUJ1414,0.404,way/47570428,1.948,node/9462686325,1802.136,2145.4,2202.611,0,False,False,False,,0.0,0,100.0,82.0,85.04816955684008,76.76,38.0,PROXY,osm_power_snapshot_2026_08_20|route2zero_climate_scenario_v1,charging-v1.0,True,"Mapped proximity is not proof of distribution capacity, site control, interconnection approval or charger availability."
LTFRB_PUJ1415,0.404,way/47570428,1.948,node/9462686325,1174.887,1398.675,1435.973,0,False,False,False,,0.0,0,100.0,82.0,90.69043031470777,78.17,38.0,PROXY,osm_power_snapshot_2026_08_20|route2zero_climate_scenario_v1,charging-v1.0,True,"Mapped proximity is not proof of distribution capacity, site control, interconnection approval or charger availability."
LTFRB_PUJ1416,0.644,way/450041326,1.21,node/13895420988,4161.906,4954.65,5086.774,0,False,False,False,,0.0,0,100.0,82.0,63.82145150931279,71.46,38.0,PROXY,osm_power_snapshot_2026_08_20|route2zero_climate_scenario_v1,charging-v1.0,True,"Mapped proximity is not proof of distribution capacity, site control, interconnection approval or charger availability."
LTFRB_PUJ1417,0.644,way/450041326,1.21,node/13895420988,4145.841,4935.525,5067.139,0,False,False,False,,0.0,0,100.0,82.0,63.96596017983302,71.49,38.0,PROXY,osm_power_snapshot_2026_08_20|route2zero_climate_scenario_v1,charging-v1.0,True,"Mapped proximity is not proof of distribution capacity, site control, interconnection approval or charger availability."
LTFRB_PUJ1418,0.791,way/617091970,4.678,node/13895420988,1421.217,1691.925,1737.043,0,False,False,False,,0.0,0,100.0,58.0,88.47463070006422,71.62,38.0,PROXY,osm_power_snapshot_2026_08_20|route2zero_climate_scenario_v1,charging-v1.0,True,"Mapped proximity is not proof of distribution capacity, site control, interconnection approval or charger availability."
LTFRB_PUJ1419,0.791,way/617091970,4.678,node/13895420988,1264.851,1505.775,1545.929,0,False,False,False,,0.0,0,100.0,58.0,89.88118175979447,71.97,38.0,PROXY,osm_power_snapshot_2026_08_20|route2zero_climate_scenario_v1,charging-v1.0,True,"Mapped proximity is not proof of distribution capacity, site control, interconnection approval or charger availability."
LTFRB_PUJ1420,2.591,way/1231042724,8.979,node/13895420988,1853.544,2206.6,2265.443,0,False,False,False,,0.0,0,82.0,32.0,84.58574181117534,57.85,38.0,PROXY,osm_power_snapshot_2026_08_20|route2zero_climate_scenario_v1,charging-v1.0,True,"Mapped proximity is not proof of distribution capacity, site control, interconnection approval or charger availability."
LTFRB_PUJ1421,2.591,way/1231042724,8.979,node/13895420988,2270.52,2703.0,2775.08,0,False,False,False,,0.0,0,82.0,32.0,80.834938985228,56.91,38.0,PROXY,osm_power_snapshot_2026_08_20|route2zero_climate_scenario_v1,charging-v1.0,True,"Mapped proximity is not proof of distribution capacity, site control, interconnection approval or charger availability."
LTFRB_PUJ1422,3.005,way/1231042724,9.415,node/13895420988,3003.441,3575.525,3670.872,0,False,False,False,,0.0,0,58.0,32.0,74.24213230571613,46.86,38.0,PROXY,osm_power_snapshot_2026_08_20|route2zero_climate_scenario_v1,charging-v1.0,True,"Mapped proximity is not proof of distribution capacity, site control, interconnection approval or charger availability."
LTFRB_PUJ1423,3.005,way/1231042724,9.415,node/13895420988,3033.072,3610.8,3707.088,0,False,False,False,,0.0,0,58.0,32.0,73.97559409120103,46.79,38.0,PROXY,osm_power_snapshot_2026_08_20|route2zero_climate_scenario_v1,charging-v1.0,True,"Mapped proximity is not proof of distribution capacity, site control, interconnection approval or charger availability."
LTFRB_PUJ1424,1.265,way/659226728,11.099,node/10703746877,2234.82,2660.5,2731.447,0,False,False,False,,0.0,0,82.0,32.0,81.15606936416185,56.99,38.0,PROXY,osm_power_snapshot_2026_08_20|route2zero_climate_scenario_v1,charging-v1.0,True,"Mapped proximity is not proof of distribution capacity, site control, interconnection approval or charger availability."
LTFRB_PUJ1425,1.265,way/659226728,11.099,node/10703746877,2234.82,2660.5,2731.447,0,False,False,False,,0.0,0,82.0,32.0,81.15606936416185,56.99,38.0,PROXY,osm_power_snapshot_2026_08_20|route2zero_climate_scenario_v1,charging-v1.0,True,"Mapped proximity is not proof of distribution capacity, site control, interconnection approval or charger availability."
LTFRB_PUJ1426,1.046,way/182922897,4.32,node/13895420988,5167.575,6151.875,6315.925,0,False,False,False,,0.0,0,82.0,58.0,54.775208734746315,56.89,38.0,PROXY,osm_power_snapshot_2026_08_20|route2zero_climate_scenario_v1,charging-v1.0,True,"Mapped proximity is not proof of distribution capacity, site control, interconnection approval or charger availability."
LTFRB_PUJ1427,1.046,way/182922897,4.32,node/13895420988,5347.86,6366.5,6536.273,0,False,False,False,,0.0,0,82.0,58.0,53.15350032113038,56.49,38.0,PROXY,osm_power_snapshot_2026_08_20|route2zero_climate_scenario_v1,charging-v1.0,True,"Mapped proximity is not proof of distribution capacity, site control, interconnection approval or charger availability."
LTFRB_PUJ1428,1.296,node/4823208932,6.276,node/6836063735,6613.782,7873.55,8083.511,0,False,False,False,,0.0,0,82.0,58.0,41.76621708413616,53.64,38.0,PROXY,osm_power_snapshot_2026_08_20|route2zero_climate_scenario_v1,charging-v1.0,True,"Mapped proximity is not proof of distribution capacity, site control, interconnection approval or charger availability."
LTFRB_PUJ1429,1.296,node/4823208932,6.276,node/6836063735,6208.23,7390.75,7587.837,0,False,False,False,,0.0,0,82.0,58.0,45.41425818882466,54.55,38.0,PROXY,osm_power_snapshot_2026_08_20|route2zero_climate_scenario_v1,charging-v1.0,True,"Mapped proximity is not proof of distribution capacity, site control, interconnection approval or charger availability."
LTFRB_PUJ1430,0.822,way/542773481,8.396,node/10703746877,3395.427,4042.175,4149.966,0,False,False,False,,0.0,0,100.0,32.0,70.71612074502248,60.68,38.0,PROXY,osm_power_snapshot_2026_08_20|route2zero_climate_scenario_v1,charging-v1.0,True,"Mapped proximity is not proof of distribution capacity, site control, interconnection approval or charger availability."
LTFRB_PUJ1431,0.822,way/542773481,8.396,node/10703746877,3395.427,4042.175,4149.966,0,False,False,False,,0.0,0,100.0,32.0,70.71612074502248,60.68,38.0,PROXY,osm_power_snapshot_2026_08_20|route2zero_climate_scenario_v1,charging-v1.0,True,"Mapped proximity is not proof of distribution capacity, site control, interconnection approval or charger availability."
LTFRB_PUJ1432,2.051,way/659226728,8.396,node/10703746877,2196.621,2615.025,2684.759,0,False,False,False,,0.0,0,82.0,32.0,81.49967886962106,57.07,38.0,PROXY,osm_power_snapshot_2026_08_20|route2zero_climate_scenario_v1,charging-v1.0,True,"Mapped proximity is not proof of distribution capacity, site control, interconnection approval or charger availability."
LTFRB_PUJ1433,0.919,way/617091970,4.554,node/13895420988,1914.948,2279.7,2340.492,0,False,False,False,,0.0,0,100.0,58.0,84.03339755940912,70.51,38.0,PROXY,osm_power_snapshot_2026_08_20|route2zero_climate_scenario_v1,charging-v1.0,True,"Mapped proximity is not proof of distribution capacity, site control, interconnection approval or charger availability."
LTFRB_PUJ1434,1.303,node/2508927841,2.973,node/6110400886,3157.665,3759.125,3859.368,0,False,False,False,,0.0,0,82.0,82.0,72.8548490687219,67.41,38.0,PROXY,osm_power_snapshot_2026_08_20|route2zero_climate_scenario_v1,charging-v1.0,True,"Mapped proximity is not proof of distribution capacity, site control, interconnection approval or charger availability."
LTFRB_PUJ1435,1.303,node/2508927841,2.973,node/6110400886,3157.665,3759.125,3859.368,0,False,False,False,,0.0,0,82.0,82.0,72.8548490687219,67.41,38.0,PROXY,osm_power_snapshot_2026_08_20|route2zero_climate_scenario_v1,charging-v1.0,True,"Mapped proximity is not proof of distribution capacity, site control, interconnection approval or charger availability."
LTFRB_PUJ1436,2.051,way/659226728,8.396,node/10703746877,6406.722,7627.05,7830.438,0,False,False,False,,0.0,0,82.0,32.0,43.62877328195247,47.61,38.0,PROXY,osm_power_snapshot_2026_08_20|route2zero_climate_scenario_v1,charging-v1.0,True,"Mapped proximity is not proof of distribution capacity, site control, interconnection approval or charger availability."
LTFRB_PUJ1437,2.051,way/659226728,8.396,node/10703746877,6425.286,7649.15,7853.127,0,False,False,False,,0.0,0,82.0,32.0,43.461785484906876,47.57,38.0,PROXY,osm_power_snapshot_2026_08_20|route2zero_climate_scenario_v1,charging-v1.0,True,"Mapped proximity is not proof of distribution capacity, site control, interconnection approval or charger availability."
LTFRB_PUJ1438,0.857,way/658601412,7.674,node/10703746877,1286.985,1532.125,1572.982,0,False,False,False,,0.0,0,100.0,58.0,89.68208092485548,71.92,38.0,PROXY,osm_power_snapshot_2026_08_20|route2zero_climate_scenario_v1,charging-v1.0,True,"Mapped proximity is not proof of distribution capacity, site control, interconnection approval or charger availability."
LTFRB_PUJ1439,0.857,way/658601412,7.674,node/10703746877,1286.985,1532.125,1572.982,0,False,False,False,,0.0,0,100.0,58.0,89.68208092485548,71.92,38.0,PROXY,osm_power_snapshot_2026_08_20|route2zero_climate_scenario_v1,charging-v1.0,True,"Mapped proximity is not proof of distribution capacity, site control, interconnection approval or charger availability."
LTFRB_PUJ1440,1.11,way/96332510,0.741,node/13081283218,2831.367,3370.675,3460.56,0,False,False,False,,0.0,0,82.0,100.0,75.78998073217727,72.65,38.0,PROXY,osm_power_snapshot_2026_08_20|route2zero_climate_scenario_v1,charging-v1.0,True,"Mapped proximity is not proof of distribution capacity, site control, interconnection approval or charger availability."
LTFRB_PUJ1441,1.11,way/96332510,0.741,node/13081283218,2788.17,3319.25,3407.763,0,False,False,False,,0.0,0,82.0,100.0,76.17854849068722,72.74,38.0,PROXY,osm_power_snapshot_2026_08_20|route2zero_climate_scenario_v1,charging-v1.0,True,"Mapped proximity is not proof of distribution capacity, site control, interconnection approval or charger availability."
LTFRB_PUJ1442,1.101,way/800186096,2.246,node/10991144538,3317.958,3949.95,4055.282,0,False,False,False,,0.0,0,82.0,82.0,71.41297366730893,67.05,38.0,PROXY,osm_power_snapshot_2026_08_20|route2zero_climate_scenario_v1,charging-v1.0,True,"Mapped proximity is not proof of distribution capacity, site control, interconnection approval or charger availability."
LTFRB_PUJ1443,1.101,way/800186096,2.246,node/10991144538,3317.958,3949.95,4055.282,0,False,False,False,,0.0,0,82.0,82.0,71.41297366730893,67.05,38.0,PROXY,osm_power_snapshot_2026_08_20|route2zero_climate_scenario_v1,charging-v1.0,True,"Mapped proximity is not proof of distribution capacity, site control, interconnection approval or charger availability."
LTFRB_PUJ1444,2.481,way/800186096,0.869,node/10991144538,4433.226,5277.65,5418.387,0,False,False,False,,0.0,0,82.0,100.0,61.380860629415544,69.05,38.0,PROXY,osm_power_snapshot_2026_08_20|route2zero_climate_scenario_v1,charging-v1.0,True,"Mapped proximity is not proof of distribution capacity, site control, interconnection approval or charger availability."
LTFRB_PUJ1445,2.481,way/800186096,0.869,node/10991144538,4433.226,5277.65,5418.387,0,False,False,False,,0.0,0,82.0,100.0,61.380860629415544,69.05,38.0,PROXY,osm_power_snapshot_2026_08_20|route2zero_climate_scenario_v1,charging-v1.0,True,"Mapped proximity is not proof of distribution capacity, site control, interconnection approval or charger availability."
LTFRB_PUJ1446,1.569,way/116061783,0.538,node/13081283762,5125.806,6102.15,6264.874,0,False,False,False,,0.0,0,82.0,100.0,55.150931278098916,67.49,38.0,PROXY,osm_power_snapshot_2026_08_20|route2zero_climate_scenario_v1,charging-v1.0,True,"Mapped proximity is not proof of distribution capacity, site control, interconnection approval or charger availability."
LTFRB_PUJ1447,1.569,way/116061783,0.538,node/13081283762,4456.074,5304.85,5446.313,0,False,False,False,,0.0,0,82.0,100.0,61.175337186897885,68.99,38.0,PROXY,osm_power_snapshot_2026_08_20|route2zero_climate_scenario_v1,charging-v1.0,True,"Mapped proximity is not proof of distribution capacity, site control, interconnection approval or charger availability."
LTFRB_PUJ1448,1.585,way/583632006,0.588,node/13081283762,3692.808,4396.2,4513.432,0,False,False,False,,0.0,0,82.0,100.0,68.04110468850354,70.71,38.0,PROXY,osm_power_snapshot_2026_08_20|route2zero_climate_scenario_v1,charging-v1.0,True,"Mapped proximity is not proof of distribution capacity, site control, interconnection approval or charger availability."
LTFRB_PUJ1449,1.585,way/583632006,0.588,node/13081283762,4123.35,4908.75,5039.65,0,False,False,False,,0.0,0,82.0,100.0,64.16827231856134,69.74,38.0,PROXY,osm_power_snapshot_2026_08_20|route2zero_climate_scenario_v1,charging-v1.0,True,"Mapped proximity is not proof of distribution capacity, site control, interconnection approval or charger availability."
LTFRB_PUJ1450,0.441,way/116129645,0.588,node/13081283762,2214.114,2635.85,2706.139,0,False,False,False,,0.0,0,100.0,100.0,81.34232498394348,80.34,38.0,PROXY,osm_power_snapshot_2026_08_20|route2zero_climate_scenario_v1,charging-v1.0,True,"Mapped proximity is not proof of distribution capacity, site control, interconnection approval or charger availability."
LTFRB_PUJ1451,0.441,way/116129645,0.588,node/13081283762,2259.81,2690.25,2761.99,0,False,False,False,,0.0,0,100.0,100.0,80.93127809890815,80.23,38.0,PROXY,osm_power_snapshot_2026_08_20|route2zero_climate_scenario_v1,charging-v1.0,True,"Mapped proximity is not proof of distribution capacity, site control, interconnection approval or charger availability."
LTFRB_PUJ1453,1.569,way/116061783,0.538,node/13081283762,4145.127,4934.675,5066.266,0,False,False,False,,0.0,0,82.0,100.0,63.97238278741169,69.69,38.0,PROXY,osm_power_snapshot_2026_08_20|route2zero_climate_scenario_v1,charging-v1.0,True,"Mapped proximity is not proof of distribution capacity, site control, interconnection approval or charger availability."
LTFRB_PUJ1454,1.727,way/116061783,0.564,node/13081283762,4508.91,5367.75,5510.89,0,False,False,False,,0.0,0,82.0,100.0,60.70006422607579,68.88,38.0,PROXY,osm_power_snapshot_2026_08_20|route2zero_climate_scenario_v1,charging-v1.0,True,"Mapped proximity is not proof of distribution capacity, site control, interconnection approval or charger availability."
LTFRB_PUJ1455,1.727,way/116061783,0.564,node/13081283762,4068.729,4843.725,4972.891,0,False,False,False,,0.0,0,82.0,100.0,64.65960179833013,69.86,38.0,PROXY,osm_power_snapshot_2026_08_20|route2zero_climate_scenario_v1,charging-v1.0,True,"Mapped proximity is not proof of distribution capacity, site control, interconnection approval or charger availability."
LTFRB_PUJ1456,1.626,way/116061783,0.588,node/13081283762,2090.235,2488.375,2554.732,0,False,False,False,,0.0,0,82.0,100.0,82.45664739884393,74.31,38.0,PROXY,osm_power_snapshot_2026_08_20|route2zero_climate_scenario_v1,charging-v1.0,True,"Mapped proximity is not proof of distribution capacity, site control, interconnection approval or charger availability."
LTFRB_PUJ1457,1.626,way/116061783,0.588,node/13081283762,2085.594,2482.85,2549.059,0,False,False,False,,0.0,0,82.0,100.0,82.49839434810534,74.32,38.0,PROXY,osm_power_snapshot_2026_08_20|route2zero_climate_scenario_v1,charging-v1.0,True,"Mapped proximity is not proof of distribution capacity, site control, interconnection approval or charger availability."
LTFRB_PUJ1458,2.384,way/116061783,0.687,node/6110400886,6346.746,7555.65,7757.134,0,False,False,False,,0.0,0,82.0,100.0,44.16827231856134,64.74,38.0,PROXY,osm_power_snapshot_2026_08_20|route2zero_climate_scenario_v1,charging-v1.0,True,"Mapped proximity is not proof of distribution capacity, site control, interconnection approval or charger availability."
LTFRB_PUJ1459,2.384,way/116061783,0.687,node/6110400886,6324.969,7529.725,7730.518,0,False,False,False,,0.0,0,82.0,100.0,44.36416184971098,64.79,38.0,PROXY,osm_power_snapshot_2026_08_20|route2zero_climate_scenario_v1,charging-v1.0,True,"Mapped proximity is not proof of distribution capacity, site control, interconnection approval or charger availability."
LTFRB_PUJ1460,0.509,node/4977761380,1.171,node/6836063735,5276.46,6281.5,6449.007,0,False,False,False,,0.0,0,100.0,82.0,53.795761078998076,68.95,38.0,PROXY,osm_power_snapshot_2026_08_20|route2zero_climate_scenario_v1,charging-v1.0,True,"Mapped proximity is not proof of distribution capacity, site control, interconnection approval or charger availability."
LTFRB_PUJ1462,0.45,node/4977761380,1.822,node/6836063735,5145.441,6125.525,6288.872,0,False,False,False,,0.0,0,100.0,82.0,54.974309569685296,69.24,38.0,PROXY,osm_power_snapshot_2026_08_20|route2zero_climate_scenario_v1,charging-v1.0,True,"Mapped proximity is not proof of distribution capacity, site control, interconnection approval or charger availability."
LTFRB_PUJ1463,0.45,node/4977761380,1.822,node/6836063735,5077.611,6044.775,6205.969,0,False,False,False,,0.0,0,100.0,82.0,55.5844572896596,69.4,38.0,PROXY,osm_power_snapshot_2026_08_20|route2zero_climate_scenario_v1,charging-v1.0,True,"Mapped proximity is not proof of distribution capacity, site control, interconnection approval or charger availability."
LTFRB_PUJ1464,1.009,way/617091970,4.202,node/13895420988,2406.537,2864.925,2941.323,0,False,False,False,,0.0,0,82.0,58.0,79.61143224149004,63.1,38.0,PROXY,osm_power_snapshot_2026_08_20|route2zero_climate_scenario_v1,charging-v1.0,True,"Mapped proximity is not proof of distribution capacity, site control, interconnection approval or charger availability."
LTFRB_PUJ1465,1.009,way/617091970,4.202,node/13895420988,2738.547,3260.175,3347.113,0,False,False,False,,0.0,0,82.0,58.0,76.62491971740526,62.36,38.0,PROXY,osm_power_snapshot_2026_08_20|route2zero_climate_scenario_v1,charging-v1.0,True,"Mapped proximity is not proof of distribution capacity, site control, interconnection approval or charger availability."
LTFRB_PUJ1466,1.009,way/617091970,4.373,node/13895420988,631.89,752.25,772.31,0,False,False,False,,0.0,0,82.0,58.0,95.57482337829158,67.09,38.0,PROXY,osm_power_snapshot_2026_08_20|route2zero_climate_scenario_v1,charging-v1.0,True,"Mapped proximity is not proof of distribution capacity, site control, interconnection approval or charger availability."
LTFRB_PUJ1467,1.009,way/617091970,4.373,node/13895420988,597.618,711.45,730.422,0,False,False,False,,0.0,0,82.0,58.0,95.88310854206807,67.17,38.0,PROXY,osm_power_snapshot_2026_08_20|route2zero_climate_scenario_v1,charging-v1.0,True,"Mapped proximity is not proof of distribution capacity, site control, interconnection approval or charger availability."
LTFRB_PUJ1468,0.806,way/617091970,4.461,node/13895420988,3918.789,4665.225,4789.631,0,False,False,False,,0.0,0,100.0,58.0,66.00834938985227,66.0,38.0,PROXY,osm_power_snapshot_2026_08_20|route2zero_climate_scenario_v1,charging-v1.0,True,"Mapped proximity is not proof of distribution capacity, site control, interconnection approval or charger availability."
LTFRB_PUJ1469,0.806,way/617091970,4.461,node/13895420988,3918.432,4664.8,4789.195,0,False,False,False,,0.0,0,100.0,58.0,66.01156069364163,66.0,38.0,PROXY,osm_power_snapshot_2026_08_20|route2zero_climate_scenario_v1,charging-v1.0,True,"Mapped proximity is not proof of distribution capacity, site control, interconnection approval or charger availability."
LTFRB_PUJ1470,0.919,way/617091970,4.554,node/13895420988,2451.519,2918.475,2996.301,0,False,False,False,,0.0,0,100.0,58.0,79.2068079640334,69.3,38.0,PROXY,osm_power_snapshot_2026_08_20|route2zero_climate_scenario_v1,charging-v1.0,True,"Mapped proximity is not proof of distribution capacity, site control, interconnection approval or charger availability."
LTFRB_PUJ1471,0.919,way/617091970,4.554,node/13895420988,2488.647,2962.675,3041.68,0,False,False,False,,0.0,0,100.0,58.0,78.87283236994219,69.22,38.0,PROXY,osm_power_snapshot_2026_08_20|route2zero_climate_scenario_v1,charging-v1.0,True,"Mapped proximity is not proof of distribution capacity, site control, interconnection approval or charger availability."
LTFRB_PUJ1472,0.791,way/617091970,4.678,node/13895420988,5035.128,5994.2,6154.045,0,False,False,False,,0.0,0,100.0,58.0,55.96660244059088,63.49,38.0,PROXY,osm_power_snapshot_2026_08_20|route2zero_climate_scenario_v1,charging-v1.0,True,"Mapped proximity is not proof of distribution capacity, site control, interconnection approval or charger availability."
LTFRB_PUJ1473,0.791,way/617091970,4.678,node/13895420988,5048.694,6010.35,6170.626,0,False,False,False,,0.0,0,100.0,58.0,55.84457289659602,63.46,38.0,PROXY,osm_power_snapshot_2026_08_20|route2zero_climate_scenario_v1,charging-v1.0,True,"Mapped proximity is not proof of distribution capacity, site control, interconnection approval or charger availability."
LTFRB_PUJ1474,0.535,node/4977761380,1.43,node/6836063735,5171.502,6156.55,6320.725,0,False,False,False,,0.0,0,100.0,82.0,54.73988439306359,69.18,38.0,PROXY,osm_power_snapshot_2026_08_20|route2zero_climate_scenario_v1,charging-v1.0,True,"Mapped proximity is not proof of distribution capacity, site control, interconnection approval or charger availability."
LTFRB_PUJ1475,0.535,node/4977761380,1.43,node/6836063735,5375.349,6399.225,6569.871,0,False,False,False,,0.0,0,100.0,82.0,52.90622992935132,68.73,38.0,PROXY,osm_power_snapshot_2026_08_20|route2zero_climate_scenario_v1,charging-v1.0,True,"Mapped proximity is not proof of distribution capacity, site control, interconnection approval or charger availability."
LTFRB_PUJ1476,0.763,way/119129012,4.373,node/13895420988,6317.829,7521.225,7721.791,0,False,False,False,,0.0,0,100.0,58.0,44.428387925497745,60.61,38.0,PROXY,osm_power_snapshot_2026_08_20|route2zero_climate_scenario_v1,charging-v1.0,True,"Mapped proximity is not proof of distribution capacity, site control, interconnection approval or charger availability."
LTFRB_PUJ1477,0.763,way/119129012,4.373,node/13895420988,5819.814,6928.35,7113.106,0,False,False,False,,0.0,0,100.0,58.0,48.90815671162492,61.73,38.0,PROXY,osm_power_snapshot_2026_08_20|route2zero_climate_scenario_v1,charging-v1.0,True,"Mapped proximity is not proof of distribution capacity, site control, interconnection approval or charger availability."
LTFRB_PUJ1478,0.484,way/291478089,3.267,node/6836063735,4309.347,5130.175,5266.98,0,False,False,False,,0.0,0,100.0,58.0,62.49518304431599,65.12,38.0,PROXY,osm_power_snapshot_2026_08_20|route2zero_climate_scenario_v1,charging-v1.0,True,"Mapped proximity is not proof of distribution capacity, site control, interconnection approval or charger availability."
LTFRB_PUJ1480,0.782,way/291478089,3.001,node/6836063735,4244.016,5052.4,5187.131,0,False,False,False,,0.0,0,100.0,58.0,63.08285163776494,65.27,38.0,PROXY,osm_power_snapshot_2026_08_20|route2zero_climate_scenario_v1,charging-v1.0,True,"Mapped proximity is not proof of distribution capacity, site control, interconnection approval or charger availability."
LTFRB_PUJ1482,0.471,way/291478089,1.735,node/10703746877,4992.288,5943.2,6101.685,0,False,False,False,,0.0,0,100.0,82.0,56.3519588953115,69.59,38.0,PROXY,osm_power_snapshot_2026_08_20|route2zero_climate_scenario_v1,charging-v1.0,True,"Mapped proximity is not proof of distribution capacity, site control, interconnection approval or charger availability."
LTFRB_PUJ1483,0.471,way/291478089,1.735,node/10703746877,4893.756,5825.9,5981.257,0,False,False,False,,0.0,0,100.0,82.0,57.23827874116892,69.81,38.0,PROXY,osm_power_snapshot_2026_08_20|route2zero_climate_scenario_v1,charging-v1.0,True,"Mapped proximity is not proof of distribution capacity, site control, interconnection approval or charger availability."
LTFRB_PUJ1484,0.568,way/264246780,0.81,node/13081283763,4162.977,4955.925,5088.083,0,False,False,False,,0.0,0,100.0,100.0,63.81181759794477,75.95,38.0,PROXY,osm_power_snapshot_2026_08_20|route2zero_climate_scenario_v1,charging-v1.0,True,"Mapped proximity is not proof of distribution capacity, site control, interconnection approval or charger availability."
LTFRB_PUJ1485,0.568,way/264246780,0.81,node/13081283763,4085.508,4863.7,4993.399,0,False,False,False,,0.0,0,100.0,100.0,64.50867052023122,76.13,38.0,PROXY,osm_power_snapshot_2026_08_20|route2zero_climate_scenario_v1,charging-v1.0,True,"Mapped proximity is not proof of distribution capacity, site control, interconnection approval or charger availability."
LTFRB_PUJ1486,2.069,way/193633026,0.539,node/10703746877,2449.734,2916.35,2994.119,0,False,False,False,,0.0,0,82.0,100.0,79.22286448298009,73.51,38.0,PROXY,osm_power_snapshot_2026_08_20|route2zero_climate_scenario_v1,charging-v1.0,True,"Mapped proximity is not proof of distribution capacity, site control, interconnection approval or charger availability."
LTFRB_PUJ1487,2.069,way/193633026,0.539,node/10703746877,2338.707,2784.175,2858.42,0,False,False,False,,0.0,0,82.0,100.0,80.22157996146436,73.76,38.0,PROXY,osm_power_snapshot_2026_08_20|route2zero_climate_scenario_v1,charging-v1.0,True,"Mapped proximity is not proof of distribution capacity, site control, interconnection approval or charger availability."
LTFRB_PUJ1488,1.209,way/30679817,4.202,node/13895420988,4571.385,5442.125,5587.248,0,False,False,False,,0.0,0,82.0,58.0,60.13808606294156,58.23,38.0,PROXY,osm_power_snapshot_2026_08_20|route2zero_climate_scenario_v1,charging-v1.0,True,"Mapped proximity is not proof of distribution capacity, site control, interconnection approval or charger availability."
LTFRB_PUJ1489,1.209,way/30679817,4.202,node/13895420988,4524.975,5386.875,5530.525,0,False,False,False,,0.0,0,82.0,58.0,60.55555555555556,58.34,38.0,PROXY,osm_power_snapshot_2026_08_20|route2zero_climate_scenario_v1,charging-v1.0,True,"Mapped proximity is not proof of distribution capacity, site control, interconnection approval or charger availability."
LTFRB_PUJ1490,0.55,way/1296102890,3.152,node/6836063735,4403.595,5242.375,5382.172,0,False,False,False,,0.0,0,100.0,58.0,61.64739884393064,64.91,38.0,PROXY,osm_power_snapshot_2026_08_20|route2zero_climate_scenario_v1,charging-v1.0,True,"Mapped proximity is not proof of distribution capacity, site control, interconnection approval or charger availability."
LTFRB_PUJ1491,0.55,way/1296102890,3.152,node/6836063735,4133.703,4921.075,5052.304,0,False,False,False,,0.0,0,100.0,58.0,64.07514450867052,65.52,38.0,PROXY,osm_power_snapshot_2026_08_20|route2zero_climate_scenario_v1,charging-v1.0,True,"Mapped proximity is not proof of distribution capacity, site control, interconnection approval or charger availability."
LTFRB_PUJ1492,0.133,way/300425719,2.164,node/6836063735,1686.468,2007.7,2061.239,0,False,False,False,,0.0,0,100.0,82.0,86.08863198458573,77.02,38.0,PROXY,osm_power_snapshot_2026_08_20|route2zero_climate_scenario_v1,charging-v1.0,True,"Mapped proximity is not proof of distribution capacity, site control, interconnection approval or charger availability."
LTFRB_PUJ1493,0.133,way/300425719,2.164,node/6836063735,1087.065,1294.125,1328.635,0,False,False,False,,0.0,0,100.0,82.0,91.48041104688504,78.37,38.0,PROXY,osm_power_snapshot_2026_08_20|route2zero_climate_scenario_v1,charging-v1.0,True,"Mapped proximity is not proof of distribution capacity, site control, interconnection approval or charger availability."
LTFRB_PUJ1494,1.165,way/30665662,2.533,node/6110400886,6439.209,7665.725,7870.144,0,False,False,False,,0.0,0,82.0,82.0,43.33654463712268,60.03,38.0,PROXY,osm_power_snapshot_2026_08_20|route2zero_climate_scenario_v1,charging-v1.0,True,"Mapped proximity is not proof of distribution capacity, site control, interconnection approval or charger availability."
LTFRB_PUJ1495,1.165,way/30665662,2.533,node/6110400886,5954.76,7089.0,7278.04,0,False,False,False,,0.0,0,82.0,82.0,47.69428387925498,61.12,38.0,PROXY,osm_power_snapshot_2026_08_20|route2zero_climate_scenario_v1,charging-v1.0,True,"Mapped proximity is not proof of distribution capacity, site control, interconnection approval or charger availability."
LTFRB_PUJ1496,1.425,node/2508927841,2.812,node/6110400886,1768.221,2105.025,2161.159,0,False,False,False,,0.0,0,82.0,82.0,85.35324341682723,70.54,38.0,PROXY,osm_power_snapshot_2026_08_20|route2zero_climate_scenario_v1,charging-v1.0,True,"Mapped proximity is not proof of distribution capacity, site control, interconnection approval or charger availability."
LTFRB_PUJ1497,1.425,node/2508927841,2.812,node/6110400886,1770.006,2107.15,2163.341,0,False,False,False,,0.0,0,82.0,82.0,85.33718689788054,70.53,38.0,PROXY,osm_power_snapshot_2026_08_20|route2zero_climate_scenario_v1,charging-v1.0,True,"Mapped proximity is not proof of distribution capacity, site control, interconnection approval or charger availability."
LTFRB_PUJ1498,1.425,node/2508927841,2.812,node/6110400886,3017.721,3592.525,3688.326,0,False,False,False,,0.0,0,82.0,82.0,74.11368015414259,67.73,38.0,PROXY,osm_power_snapshot_2026_08_20|route2zero_climate_scenario_v1,charging-v1.0,True,"Mapped proximity is not proof of distribution capacity, site control, interconnection approval or charger availability."
LTFRB_PUJ1499,1.425,node/2508927841,2.812,node/6110400886,3017.721,3592.525,3688.326,0,False,False,False,,0.0,0,82.0,82.0,74.11368015414259,67.73,38.0,PROXY,osm_power_snapshot_2026_08_20|route2zero_climate_scenario_v1,charging-v1.0,True,"Mapped proximity is not proof of distribution capacity, site control, interconnection approval or charger availability."
LTFRB_PUJ1500,1.584,node/2508927841,2.642,node/6110400886,4648.854,5534.35,5681.933,0,False,False,False,,0.0,0,82.0,82.0,59.44123314065511,64.06,38.0,PROXY,osm_power_snapshot_2026_08_20|route2zero_climate_scenario_v1,charging-v1.0,True,"Mapped proximity is not proof of distribution capacity, site control, interconnection approval or charger availability."
LTFRB_PUJ1501,1.584,node/2508927841,2.642,node/6110400886,4151.91,4942.75,5074.557,0,False,False,False,,0.0,0,82.0,82.0,63.91136801541426,65.18,38.0,PROXY,osm_power_snapshot_2026_08_20|route2zero_climate_scenario_v1,charging-v1.0,True,"Mapped proximity is not proof of distribution capacity, site control, interconnection approval or charger availability."
LTFRB_PUJ1502,1.425,node/2508927841,1.94,node/6110400886,2226.252,2650.3,2720.975,0,False,False,False,,0.0,0,82.0,82.0,81.23314065510597,69.51,38.0,PROXY,osm_power_snapshot_2026_08_20|route2zero_climate_scenario_v1,charging-v1.0,True,"Mapped proximity is not proof of distribution capacity, site control, interconnection approval or charger availability."
LTFRB_PUJ1504,1.425,node/2508927841,2.648,node/6110400886,1474.767,1755.675,1802.493,0,False,False,False,,0.0,0,82.0,82.0,87.99293513166346,71.2,38.0,PROXY,osm_power_snapshot_2026_08_20|route2zero_climate_scenario_v1,charging-v1.0,True,"Mapped proximity is not proof of distribution capacity, site control, interconnection approval or charger availability."
LTFRB_PUJ1505,1.425,node/2508927841,2.648,node/6110400886,1050.651,1250.775,1284.129,0,False,False,False,,0.0,0,82.0,82.0,91.80796403339755,72.15,38.0,PROXY,osm_power_snapshot_2026_08_20|route2zero_climate_scenario_v1,charging-v1.0,True,"Mapped proximity is not proof of distribution capacity, site control, interconnection approval or charger availability."
LTFRB_PUJ1506,1.298,node/2508927841,2.943,node/6110400886,7787.598,9270.95,9518.175,0,False,False,False,,0.0,0,82.0,82.0,31.207450224791273,57.0,38.0,PROXY,osm_power_snapshot_2026_08_20|route2zero_climate_scenario_v1,charging-v1.0,True,"Mapped proximity is not proof of distribution capacity, site control, interconnection approval or charger availability."
LTFRB_PUJ1507,1.298,node/2508927841,2.943,node/6110400886,7172.844,8539.1,8766.809,0,False,False,False,,0.0,0,82.0,82.0,36.73731535003212,58.38,38.0,PROXY,osm_power_snapshot_2026_08_20|route2zero_climate_scenario_v1,charging-v1.0,True,"Mapped proximity is not proof of distribution capacity, site control, interconnection approval or charger availability."
LTFRB_PUJ1508,0.251,node/10817230042,4.274,node/9462686325,1008.168,1200.2,1232.205,0,False,False,False,,0.0,0,100.0,58.0,92.19010918432883,72.55,38.0,PROXY,osm_power_snapshot_2026_08_20|route2zero_climate_scenario_v1,charging-v1.0,True,"Mapped proximity is not proof of distribution capacity, site control, interconnection approval or charger availability."
LTFRB_PUJ1509,0.251,node/10817230042,4.274,node/9462686325,1122.765,1336.625,1372.268,0,False,False,False,,0.0,0,100.0,58.0,91.15928066795118,72.29,38.0,PROXY,osm_power_snapshot_2026_08_20|route2zero_climate_scenario_v1,charging-v1.0,True,"Mapped proximity is not proof of distribution capacity, site control, interconnection approval or charger availability."
LTFRB_PUJ1510,0.66,way/30618817,5.025,node/6836063735,1185.24,1411.0,1448.627,0,False,False,False,,0.0,0,100.0,58.0,90.59730250481695,72.15,38.0,PROXY,osm_power_snapshot_2026_08_20|route2zero_climate_scenario_v1,charging-v1.0,True,"Mapped proximity is not proof of distribution capacity, site control, interconnection approval or charger availability."
LTFRB_PUJ1511,0.66,way/30618817,5.025,node/6836063735,1354.815,1612.875,1655.885,0,False,False,False,,0.0,0,100.0,58.0,89.07193320488118,71.77,38.0,PROXY,osm_power_snapshot_2026_08_20|route2zero_climate_scenario_v1,charging-v1.0,True,"Mapped proximity is not proof of distribution capacity, site control, interconnection approval or charger availability."
LTFRB_PUJ1512,0.403,way/30618817,3.529,node/13895420988,849.66,1011.5,1038.473,0,False,False,False,,0.0,0,100.0,58.0,93.61592806679512,72.9,38.0,PROXY,osm_power_snapshot_2026_08_20|route2zero_climate_scenario_v1,charging-v1.0,True,"Mapped proximity is not proof of distribution capacity, site control, interconnection approval or charger availability."
LTFRB_PUJ1513,0.403,way/30618817,3.529,node/13895420988,849.66,1011.5,1038.473,0,False,False,False,,0.0,0,100.0,58.0,93.61592806679512,72.9,38.0,PROXY,osm_power_snapshot_2026_08_20|route2zero_climate_scenario_v1,charging-v1.0,True,"Mapped proximity is not proof of distribution capacity, site control, interconnection approval or charger availability."
LTFRB_PUJ1514,0.78,way/31489448,0.494,node/13895420988,2545.053,3029.825,3110.62,0,False,False,False,,0.0,0,100.0,100.0,78.36544637122671,79.59,38.0,PROXY,osm_power_snapshot_2026_08_20|route2zero_climate_scenario_v1,charging-v1.0,True,"Mapped proximity is not proof of distribution capacity, site control, interconnection approval or charger availability."
LTFRB_PUJ1515,0.78,way/31489448,0.643,node/13895420988,2554.335,3040.875,3121.965,0,False,False,False,,0.0,0,100.0,100.0,78.28195247270392,79.57,38.0,PROXY,osm_power_snapshot_2026_08_20|route2zero_climate_scenario_v1,charging-v1.0,True,"Mapped proximity is not proof of distribution capacity, site control, interconnection approval or charger availability."
LTFRB_PUJ1516,0.837,way/193633026,0.742,node/13895420988,2571.471,3061.275,3142.909,0,False,False,False,,0.0,0,100.0,100.0,78.12780989081567,79.53,38.0,PROXY,osm_power_snapshot_2026_08_20|route2zero_climate_scenario_v1,charging-v1.0,True,"Mapped proximity is not proof of distribution capacity, site control, interconnection approval or charger availability."
LTFRB_PUJ1517,0.837,way/193633026,0.742,node/13895420988,2517.921,2997.525,3077.459,0,False,False,False,,0.0,0,100.0,100.0,78.60950545921645,79.65,38.0,PROXY,osm_power_snapshot_2026_08_20|route2zero_climate_scenario_v1,charging-v1.0,True,"Mapped proximity is not proof of distribution capacity, site control, interconnection approval or charger availability."
LTFRB_PUJ1518,0.877,way/193633026,0.633,node/13081283218,2802.807,3336.675,3425.653,0,False,False,False,,0.0,0,100.0,100.0,76.04688503532434,79.01,38.0,PROXY,osm_power_snapshot_2026_08_20|route2zero_climate_scenario_v1,charging-v1.0,True,"Mapped proximity is not proof of distribution capacity, site control, interconnection approval or charger availability."
LTFRB_PUJ1519,0.877,way/193633026,0.633,node/13081283218,2889.201,3439.525,3531.246,0,False,False,False,,0.0,0,100.0,100.0,75.26974951830442,78.82,38.0,PROXY,osm_power_snapshot_2026_08_20|route2zero_climate_scenario_v1,charging-v1.0,True,"Mapped proximity is not proof of distribution capacity, site control, interconnection approval or charger availability."
LTFRB_PUJ1520,0.441,way/116129645,1.143,node/13081283763,4172.616,4967.4,5099.864,0,False,False,False,,0.0,0,100.0,82.0,63.725112395632635,71.43,38.0,PROXY,osm_power_snapshot_2026_08_20|route2zero_climate_scenario_v1,charging-v1.0,True,"Mapped proximity is not proof of distribution capacity, site control, interconnection approval or charger availability."
LTFRB_PUJ1521,0.441,way/116129645,1.143,node/13081283763,3946.992,4698.8,4824.101,0,False,False,False,,0.0,0,100.0,82.0,65.75465639049455,71.94,38.0,PROXY,osm_power_snapshot_2026_08_20|route2zero_climate_scenario_v1,charging-v1.0,True,"Mapped proximity is not proof of distribution capacity, site control, interconnection approval or charger availability."
LTFRB_PUJ1522,0.441,way/116129645,3.055,node/13895420988,5598.474,6664.85,6842.579,0,False,False,False,,0.0,0,100.0,58.0,50.89916506101477,62.22,38.0,PROXY,osm_power_snapshot_2026_08_20|route2zero_climate_scenario_v1,charging-v1.0,True,"Mapped proximity is not proof of distribution capacity, site control, interconnection approval or charger availability."
LTFRB_PUJ1523,0.441,way/116129645,3.055,node/13895420988,5608.113,6676.325,6854.36,0,False,False,False,,0.0,0,100.0,58.0,50.81245985870264,62.2,38.0,PROXY,osm_power_snapshot_2026_08_20|route2zero_climate_scenario_v1,charging-v1.0,True,"Mapped proximity is not proof of distribution capacity, site control, interconnection approval or charger availability."
LTFRB_PUJ1524,0.518,node/4977761380,1.837,node/6836063735,2546.124,3031.1,3111.929,0,False,False,False,,0.0,0,100.0,82.0,78.3558124598587,75.09,38.0,PROXY,osm_power_snapshot_2026_08_20|route2zero_climate_scenario_v1,charging-v1.0,True,"Mapped proximity is not proof of distribution capacity, site control, interconnection approval or charger availability."
LTFRB_PUJ1525,0.518,node/4977761380,1.837,node/6836063735,4432.869,5277.225,5417.951,0,False,False,False,,0.0,0,100.0,82.0,61.38407193320488,70.85,38.0,PROXY,osm_power_snapshot_2026_08_20|route2zero_climate_scenario_v1,charging-v1.0,True,"Mapped proximity is not proof of distribution capacity, site control, interconnection approval or charger availability."
LTFRB_PUJ1526,0.928,way/489733574,2.387,node/12862848460,5252.541,6253.025,6419.772,0,False,False,False,,0.0,0,100.0,82.0,54.010918432883756,69.0,38.0,PROXY,osm_power_snapshot_2026_08_20|route2zero_climate_scenario_v1,charging-v1.0,True,"Mapped proximity is not proof of distribution capacity, site control, interconnection approval or charger availability."
LTFRB_PUJ1527,1.334,way/489733574,2.022,node/12950633881,4355.757,5185.425,5323.703,0,False,False,False,,0.0,0,82.0,82.0,62.07771355170199,64.72,38.0,PROXY,osm_power_snapshot_2026_08_20|route2zero_climate_scenario_v1,charging-v1.0,True,"Mapped proximity is not proof of distribution capacity, site control, interconnection approval or charger availability."
LTFRB_PUJ1528,1.173,way/880523791,2.025,node/12950633881,1783.572,2123.3,2179.921,0,False,False,False,,0.0,0,82.0,82.0,85.21515735388567,70.5,38.0,PROXY,osm_power_snapshot_2026_08_20|route2zero_climate_scenario_v1,charging-v1.0,True,"Mapped proximity is not proof of distribution capacity, site control, interconnection approval or charger availability."
LTFRB_PUJ1529,1.173,way/880523791,2.025,node/12950633881,1676.472,1995.8,2049.021,0,False,False,False,,0.0,0,82.0,82.0,86.17854849068722,70.74,38.0,PROXY,osm_power_snapshot_2026_08_20|route2zero_climate_scenario_v1,charging-v1.0,True,"Mapped proximity is not proof of distribution capacity, site control, interconnection approval or charger availability."
LTFRB_PUJ1530,1.696,way/96332510,1.884,node/10703746877,6670.902,7941.55,8153.325,0,False,False,False,,0.0,0,82.0,82.0,41.252408477842,59.51,38.0,PROXY,osm_power_snapshot_2026_08_20|route2zero_climate_scenario_v1,charging-v1.0,True,"Mapped proximity is not proof of distribution capacity, site control, interconnection approval or charger availability."
LTFRB_PUJ1531,1.696,way/96332510,1.884,node/10703746877,6775.86,8066.5,8281.607,0,False,False,False,,0.0,0,82.0,82.0,40.30828516377649,59.28,38.0,PROXY,osm_power_snapshot_2026_08_20|route2zero_climate_scenario_v1,charging-v1.0,True,"Mapped proximity is not proof of distribution capacity, site control, interconnection approval or charger availability."
LTFRB_PUJ1532,0.251,way/90125781,1.776,node/13152399652,4809.147,5725.175,5877.846,0,False,False,False,,0.0,0,100.0,82.0,57.999357739242136,70.0,38.0,PROXY,osm_power_snapshot_2026_08_20|route2zero_climate_scenario_v1,charging-v1.0,True,"Mapped proximity is not proof of distribution capacity, site control, interconnection approval or charger availability."
LTFRB_PUJ1533,0.251,way/90125781,1.776,node/13152399652,4676.7,5567.5,5715.967,0,False,False,False,,0.0,0,100.0,82.0,59.19075144508671,70.3,38.0,PROXY,osm_power_snapshot_2026_08_20|route2zero_climate_scenario_v1,charging-v1.0,True,"Mapped proximity is not proof of distribution capacity, site control, interconnection approval or charger availability."
LTFRB_PUJ1534,1.172,way/31489448,1.716,node/13081283763,5549.208,6606.2,6782.365,0,False,False,False,,0.0,0,82.0,82.0,51.342324983943485,62.04,38.0,PROXY,osm_power_snapshot_2026_08_20|route2zero_climate_scenario_v1,charging-v1.0,True,"Mapped proximity is not proof of distribution capacity, site control, interconnection approval or charger availability."
LTFRB_PUJ1535,1.172,way/31489448,1.716,node/13081283763,5102.601,6074.525,6236.512,0,False,False,False,,0.0,0,82.0,82.0,55.35966602440591,63.04,38.0,PROXY,osm_power_snapshot_2026_08_20|route2zero_climate_scenario_v1,charging-v1.0,True,"Mapped proximity is not proof of distribution capacity, site control, interconnection approval or charger availability."
LTFRB_PUJ1536,1.248,node/4823208932,1.724,node/13895420988,2354.058,2802.45,2877.182,0,False,False,False,,0.0,0,82.0,82.0,80.0834938985228,69.22,38.0,PROXY,osm_power_snapshot_2026_08_20|route2zero_climate_scenario_v1,charging-v1.0,True,"Mapped proximity is not proof of distribution capacity, site control, interconnection approval or charger availability."
LTFRB_PUJ1537,1.248,node/4823208932,1.724,node/13895420988,1868.538,2224.45,2283.769,0,False,False,False,,0.0,0,82.0,82.0,84.45086705202311,70.31,38.0,PROXY,osm_power_snapshot_2026_08_20|route2zero_climate_scenario_v1,charging-v1.0,True,"Mapped proximity is not proof of distribution capacity, site control, interconnection approval or charger availability."
LTFRB_PUJ1538,0.692,way/264246780,0.871,node/13081283763,4552.821,5420.025,5564.559,0,False,False,False,,0.0,0,100.0,100.0,60.30507385998716,75.08,38.0,PROXY,osm_power_snapshot_2026_08_20|route2zero_climate_scenario_v1,charging-v1.0,True,"Mapped proximity is not proof of distribution capacity, site control, interconnection approval or charger availability."
LTFRB_PUJ1539,0.692,way/264246780,0.871,node/13081283763,3997.686,4759.15,4886.061,0,False,False,False,,0.0,0,100.0,100.0,65.29865125240849,76.32,38.0,PROXY,osm_power_snapshot_2026_08_20|route2zero_climate_scenario_v1,charging-v1.0,True,"Mapped proximity is not proof of distribution capacity, site control, interconnection approval or charger availability."
LTFRB_PUJ1540,1.296,node/4823208932,1.216,node/10703746877,5661.306,6739.65,6919.374,0,False,False,False,,0.0,0,82.0,82.0,50.33397559409121,61.78,38.0,PROXY,osm_power_snapshot_2026_08_20|route2zero_climate_scenario_v1,charging-v1.0,True,"Mapped proximity is not proof of distribution capacity, site control, interconnection approval or charger availability."
LTFRB_PUJ1542,0.802,way/1213040608,1.818,node/10703746877,3918.432,4664.8,4789.195,0,False,False,False,,0.0,0,100.0,82.0,66.01156069364163,72.0,38.0,PROXY,osm_power_snapshot_2026_08_20|route2zero_climate_scenario_v1,charging-v1.0,True,"Mapped proximity is not proof of distribution capacity, site control, interconnection approval or charger availability."
LTFRB_PUJ1543,0.802,way/1213040608,1.818,node/10703746877,4453.575,5301.875,5443.258,0,False,False,False,,0.0,0,100.0,82.0,61.19781631342325,70.8,38.0,PROXY,osm_power_snapshot_2026_08_20|route2zero_climate_scenario_v1,charging-v1.0,True,"Mapped proximity is not proof of distribution capacity, site control, interconnection approval or charger availability."
LTFRB_PUJ1544,1.296,node/4823208932,2.983,node/10703746877,5829.81,6940.25,7125.323,0,False,False,False,,0.0,0,82.0,82.0,48.818240205523445,61.4,38.0,PROXY,osm_power_snapshot_2026_08_20|route2zero_climate_scenario_v1,charging-v1.0,True,"Mapped proximity is not proof of distribution capacity, site control, interconnection approval or charger availability."
LTFRB_PUJ1545,1.296,node/4823208932,2.983,node/10703746877,5592.405,6657.625,6835.162,0,False,False,False,,0.0,0,82.0,82.0,50.95375722543353,61.94,38.0,PROXY,osm_power_snapshot_2026_08_20|route2zero_climate_scenario_v1,charging-v1.0,True,"Mapped proximity is not proof of distribution capacity, site control, interconnection approval or charger availability."
LTFRB_PUJ1547,0.695,way/450041326,1.356,node/13895420988,2703.561,3218.525,3304.352,0,False,False,False,,0.0,0,100.0,82.0,76.93962748876044,74.73,38.0,PROXY,osm_power_snapshot_2026_08_20|route2zero_climate_scenario_v1,charging-v1.0,True,"Mapped proximity is not proof of distribution capacity, site control, interconnection approval or charger availability."
LTFRB_PUJ1548,0.66,way/30618817,5.025,node/6836063735,1196.664,1424.6,1462.589,0,False,False,False,,0.0,0,100.0,58.0,90.49454078355812,72.12,38.0,PROXY,osm_power_snapshot_2026_08_20|route2zero_climate_scenario_v1,charging-v1.0,True,"Mapped proximity is not proof of distribution capacity, site control, interconnection approval or charger availability."
LTFRB_PUJ1549,0.66,way/30618817,5.025,node/6836063735,1311.618,1561.45,1603.089,0,False,False,False,,0.0,0,100.0,58.0,89.46050096339114,71.87,38.0,PROXY,osm_power_snapshot_2026_08_20|route2zero_climate_scenario_v1,charging-v1.0,True,"Mapped proximity is not proof of distribution capacity, site control, interconnection approval or charger availability."
LTFRB_PUJ1550,1.124,way/31489448,1.776,node/13081283763,4099.431,4880.275,5010.416,0,False,False,False,,0.0,0,82.0,82.0,64.38342967244702,65.3,38.0,PROXY,osm_power_snapshot_2026_08_20|route2zero_climate_scenario_v1,charging-v1.0,True,"Mapped proximity is not proof of distribution capacity, site control, interconnection approval or charger availability."
LTFRB_PUJ1551,1.124,way/31489448,1.776,node/13081283763,4099.431,4880.275,5010.416,0,False,False,False,,0.0,0,82.0,82.0,64.38342967244702,65.3,38.0,PROXY,osm_power_snapshot_2026_08_20|route2zero_climate_scenario_v1,charging-v1.0,True,"Mapped proximity is not proof of distribution capacity, site control, interconnection approval or charger availability."
LTFRB_PUJ1552,0.251,way/90125781,1.776,node/13081283763,4588.164,5462.1,5607.756,0,False,False,False,,0.0,0,100.0,82.0,59.987154784842645,70.5,38.0,PROXY,osm_power_snapshot_2026_08_20|route2zero_climate_scenario_v1,charging-v1.0,True,"Mapped proximity is not proof of distribution capacity, site control, interconnection approval or charger availability."
LTFRB_PUJ1554,0.78,way/31489448,1.632,node/13081283763,1027.089,1222.725,1255.331,0,False,False,False,,0.0,0,100.0,82.0,92.0199100834939,78.5,38.0,PROXY,osm_power_snapshot_2026_08_20|route2zero_climate_scenario_v1,charging-v1.0,True,"Mapped proximity is not proof of distribution capacity, site control, interconnection approval or charger availability."
LTFRB_PUJ1555,0.78,way/31489448,1.632,node/13081283763,1251.285,1489.625,1529.348,0,False,False,False,,0.0,0,100.0,82.0,90.00321130378934,78.0,38.0,PROXY,osm_power_snapshot_2026_08_20|route2zero_climate_scenario_v1,charging-v1.0,True,"Mapped proximity is not proof of distribution capacity, site control, interconnection approval or charger availability."
LTFRB_PUJ1557,0.441,node/10817230042,1.216,node/10703746877,5254.683,6255.575,6422.39,0,False,False,False,,0.0,0,100.0,82.0,53.99165061014772,69.0,38.0,PROXY,osm_power_snapshot_2026_08_20|route2zero_climate_scenario_v1,charging-v1.0,True,"Mapped proximity is not proof of distribution capacity, site control, interconnection approval or charger availability."
LTFRB_PUJ1558,0.251,way/90125781,1.268,node/10703746877,4015.179,4779.975,4907.441,0,False,False,False,,0.0,0,100.0,82.0,65.1412973667309,71.79,38.0,PROXY,osm_power_snapshot_2026_08_20|route2zero_climate_scenario_v1,charging-v1.0,True,"Mapped proximity is not proof of distribution capacity, site control, interconnection approval or charger availability."
LTFRB_PUJ1559,0.251,way/90125781,1.268,node/10703746877,4621.722,5502.05,5648.771,0,False,False,False,,0.0,0,100.0,82.0,59.68529222864483,70.42,38.0,PROXY,osm_power_snapshot_2026_08_20|route2zero_climate_scenario_v1,charging-v1.0,True,"Mapped proximity is not proof of distribution capacity, site control, interconnection approval or charger availability."
LTFRB_PUJ1560,0.251,way/90125781,2.983,node/10703746877,5528.859,6581.975,6757.494,0,False,False,False,,0.0,0,100.0,82.0,51.525369299935775,68.38,38.0,PROXY,osm_power_snapshot_2026_08_20|route2zero_climate_scenario_v1,charging-v1.0,True,"Mapped proximity is not proof of distribution capacity, site control, interconnection approval or charger availability."
LTFRB_PUJ1561,0.251,way/90125781,2.983,node/10703746877,5609.184,6677.6,6855.669,0,False,False,False,,0.0,0,100.0,82.0,50.80282594733462,68.2,38.0,PROXY,osm_power_snapshot_2026_08_20|route2zero_climate_scenario_v1,charging-v1.0,True,"Mapped proximity is not proof of distribution capacity, site control, interconnection approval or charger availability."
LTFRB_PUJ1562,0.653,way/838900324,3.563,node/9756145409,2525.418,3006.45,3086.622,0,False,False,False,,0.0,0,100.0,58.0,78.54206807964033,69.14,38.0,PROXY,osm_power_snapshot_2026_08_20|route2zero_climate_scenario_v1,charging-v1.0,True,"Mapped proximity is not proof of distribution capacity, site control, interconnection approval or charger availability."
LTFRB_PUJ1563,0.653,way/838900324,3.563,node/9756145409,2470.083,2940.575,3018.99,0,False,False,False,,0.0,0,100.0,58.0,79.0398201669878,69.26,38.0,PROXY,osm_power_snapshot_2026_08_20|route2zero_climate_scenario_v1,charging-v1.0,True,"Mapped proximity is not proof of distribution capacity, site control, interconnection approval or charger availability."
LTFRB_PUJ1564,0.653,way/838900324,3.563,node/9756145409,2254.812,2684.3,2755.881,0,False,False,False,,0.0,0,100.0,58.0,80.97623635195889,69.74,38.0,PROXY,osm_power_snapshot_2026_08_20|route2zero_climate_scenario_v1,charging-v1.0,True,"Mapped proximity is not proof of distribution capacity, site control, interconnection approval or charger availability."
LTFRB_PUJ1565,0.653,way/838900324,3.563,node/9756145409,2228.751,2653.275,2724.029,0,False,False,False,,0.0,0,100.0,58.0,81.2106615285806,69.8,38.0,PROXY,osm_power_snapshot_2026_08_20|route2zero_climate_scenario_v1,charging-v1.0,True,"Mapped proximity is not proof of distribution capacity, site control, interconnection approval or charger availability."
LTFRB_PUJ1566,2.4,way/1161975443,5.597,node/12980211308,812.532,967.3,993.095,0,False,False,False,,0.0,0,82.0,58.0,93.94990366088632,66.69,38.0,PROXY,osm_power_snapshot_2026_08_20|route2zero_climate_scenario_v1,charging-v1.0,True,"Mapped proximity is not proof of distribution capacity, site control, interconnection approval or charger availability."
LTFRB_PUJ1567,2.4,way/1161975443,5.693,node/12980211308,997.458,1187.45,1219.115,0,False,False,False,,0.0,0,82.0,58.0,92.28644829800899,66.27,38.0,PROXY,osm_power_snapshot_2026_08_20|route2zero_climate_scenario_v1,charging-v1.0,True,"Mapped proximity is not proof of distribution capacity, site control, interconnection approval or charger availability."
LTFRB_PUJ1568,1.032,way/112645695,0.141,node/13895420988,1077.426,1282.65,1316.854,0,False,False,False,,0.0,0,82.0,100.0,91.56711624919717,76.59,38.0,PROXY,osm_power_snapshot_2026_08_20|route2zero_climate_scenario_v1,charging-v1.0,True,"Mapped proximity is not proof of distribution capacity, site control, interconnection approval or charger availability."
LTFRB_PUJ1569,1.032,way/112645695,0.141,node/13895420988,870.723,1036.575,1064.217,0,False,False,False,,0.0,0,82.0,100.0,93.42646114322415,77.06,38.0,PROXY,osm_power_snapshot_2026_08_20|route2zero_climate_scenario_v1,charging-v1.0,True,"Mapped proximity is not proof of distribution capacity, site control, interconnection approval or charger availability."
LTFRB_PUJ1570,0.61,way/260934319,0.316,node/13895420988,523.362,623.05,639.665,0,False,False,False,,0.0,0,100.0,100.0,96.55105973025049,84.14,38.0,PROXY,osm_power_snapshot_2026_08_20|route2zero_climate_scenario_v1,charging-v1.0,True,"Mapped proximity is not proof of distribution capacity, site control, interconnection approval or charger availability."
LTFRB_PUJ1571,0.61,way/260934319,0.316,node/13895420988,471.954,561.85,576.833,0,False,False,False,,0.0,0,100.0,100.0,97.01348747591523,84.25,38.0,PROXY,osm_power_snapshot_2026_08_20|route2zero_climate_scenario_v1,charging-v1.0,True,"Mapped proximity is not proof of distribution capacity, site control, interconnection approval or charger availability."
LTFRB_PUJ1572,0.438,way/617091162,2.623,node/13081283763,2104.872,2505.8,2572.621,0,False,False,False,,0.0,0,100.0,82.0,82.32498394348104,76.08,38.0,PROXY,osm_power_snapshot_2026_08_20|route2zero_climate_scenario_v1,charging-v1.0,True,"Mapped proximity is not proof of distribution capacity, site control, interconnection approval or charger availability."
LTFRB_PUJ1573,0.438,way/617091162,2.623,node/13081283763,2049.537,2439.925,2504.99,0,False,False,False,,0.0,0,100.0,82.0,82.82273603082851,76.21,38.0,PROXY,osm_power_snapshot_2026_08_20|route2zero_climate_scenario_v1,charging-v1.0,True,"Mapped proximity is not proof of distribution capacity, site control, interconnection approval or charger availability."
LTFRB_PUJ1574,0.61,way/260934319,1.324,node/13895420988,2359.056,2808.4,2883.291,0,False,False,False,,0.0,0,100.0,82.0,80.03853564547207,75.51,38.0,PROXY,osm_power_snapshot_2026_08_20|route2zero_climate_scenario_v1,charging-v1.0,True,"Mapped proximity is not proof of distribution capacity, site control, interconnection approval or charger availability."
LTFRB_PUJ1575,0.61,way/260934319,1.324,node/13895420988,1992.06,2371.5,2434.74,0,False,False,False,,0.0,0,100.0,82.0,83.33975594091201,76.33,38.0,PROXY,osm_power_snapshot_2026_08_20|route2zero_climate_scenario_v1,charging-v1.0,True,"Mapped proximity is not proof of distribution capacity, site control, interconnection approval or charger availability."
LTFRB_PUJ1576,0.76,way/30679817,2.653,node/13081283762,6759.438,8046.95,8261.535,0,False,False,False,,0.0,0,100.0,82.0,40.45600513808607,65.61,38.0,PROXY,osm_power_snapshot_2026_08_20|route2zero_climate_scenario_v1,charging-v1.0,True,"Mapped proximity is not proof of distribution capacity, site control, interconnection approval or charger availability."
LTFRB_PUJ1577,0.76,way/30679817,2.653,node/13081283762,6816.915,8115.375,8331.785,0,False,False,False,,0.0,0,100.0,82.0,39.93898522800258,65.48,38.0,PROXY,osm_power_snapshot_2026_08_20|route2zero_climate_scenario_v1,charging-v1.0,True,"Mapped proximity is not proof of distribution capacity, site control, interconnection approval or charger availability."
LTFRB_PUJ1578,0.294,way/987363495,0.57,node/13688427301,2617.524,3116.1,3199.196,0,False,False,False,,0.0,0,100.0,100.0,77.71355170199101,79.43,38.0,PROXY,osm_power_snapshot_2026_08_20|route2zero_climate_scenario_v1,charging-v1.0,True,"Mapped proximity is not proof of distribution capacity, site control, interconnection approval or charger availability."
LTFRB_PUJ1580,1.182,way/617091162,2.701,node/13895420988,5499.228,6546.7,6721.279,0,False,False,False,,0.0,0,82.0,82.0,51.79190751445087,62.15,38.0,PROXY,osm_power_snapshot_2026_08_20|route2zero_climate_scenario_v1,charging-v1.0,True,"Mapped proximity is not proof of distribution capacity, site control, interconnection approval or charger availability."
LTFRB_PUJ1581,1.182,way/617091162,2.701,node/13895420988,5372.85,6396.25,6566.817,0,False,False,False,,0.0,0,82.0,82.0,52.92870905587669,62.43,38.0,PROXY,osm_power_snapshot_2026_08_20|route2zero_climate_scenario_v1,charging-v1.0,True,"Mapped proximity is not proof of distribution capacity, site control, interconnection approval or charger availability."
LTFRB_PUJ1582,0.647,node/10817230042,2.445,node/9756145409,1626.135,1935.875,1987.498,0,False,False,False,,0.0,0,100.0,82.0,86.63134232498395,77.16,38.0,PROXY,osm_power_snapshot_2026_08_20|route2zero_climate_scenario_v1,charging-v1.0,True,"Mapped proximity is not proof of distribution capacity, site control, interconnection approval or charger availability."
LTFRB_PUJ1583,0.647,node/10817230042,2.445,node/9756145409,2190.909,2608.225,2677.778,0,False,False,False,,0.0,0,100.0,82.0,81.55105973025049,75.89,38.0,PROXY,osm_power_snapshot_2026_08_20|route2zero_climate_scenario_v1,charging-v1.0,True,"Mapped proximity is not proof of distribution capacity, site control, interconnection approval or charger availability."
LTFRB_PUJ1584,0.824,node/4823208932,4.23,node/13895420988,806.82,960.5,986.113,0,False,False,False,,0.0,0,100.0,58.0,94.00128452151574,73.0,38.0,PROXY,osm_power_snapshot_2026_08_20|route2zero_climate_scenario_v1,charging-v1.0,True,"Mapped proximity is not proof of distribution capacity, site control, interconnection approval or charger availability."
LTFRB_PUJ1585,0.824,node/4823208932,4.23,node/13895420988,684.012,814.3,836.015,0,False,False,False,,0.0,0,100.0,58.0,95.10597302504817,73.28,38.0,PROXY,osm_power_snapshot_2026_08_20|route2zero_climate_scenario_v1,charging-v1.0,True,"Mapped proximity is not proof of distribution capacity, site control, interconnection approval or charger availability."
LTFRB_PUJ1587,0.092,way/112645695,1.659,node/13895420988,606.543,722.075,741.33,0,False,False,False,,0.0,0,100.0,82.0,95.80282594733461,79.45,38.0,PROXY,osm_power_snapshot_2026_08_20|route2zero_climate_scenario_v1,charging-v1.0,True,"Mapped proximity is not proof of distribution capacity, site control, interconnection approval or charger availability."
LTFRB_PUJ1588,0.859,node/2126363168,2.653,node/13081283762,6014.736,7160.4,7351.344,0,False,False,False,,0.0,0,100.0,82.0,47.15478484264612,67.29,38.0,PROXY,osm_power_snapshot_2026_08_20|route2zero_climate_scenario_v1,charging-v1.0,True,"Mapped proximity is not proof of distribution capacity, site control, interconnection approval or charger availability."
LTFRB_PUJ1589,0.859,node/2126363168,2.653,node/13081283762,5956.545,7091.125,7280.222,0,False,False,False,,0.0,0,100.0,82.0,47.67822736030829,67.42,38.0,PROXY,osm_power_snapshot_2026_08_20|route2zero_climate_scenario_v1,charging-v1.0,True,"Mapped proximity is not proof of distribution capacity, site control, interconnection approval or charger availability."
LTFRB_PUJ1590,0.902,way/441813417,8.856,node/12862848460,1115.625,1328.125,1363.542,0,False,False,False,,0.0,0,100.0,32.0,91.22350674373796,65.81,38.0,PROXY,osm_power_snapshot_2026_08_20|route2zero_climate_scenario_v1,charging-v1.0,True,"Mapped proximity is not proof of distribution capacity, site control, interconnection approval or charger availability."
LTFRB_PUJ1591,0.902,way/441813417,8.856,node/12862848460,1115.625,1328.125,1363.542,0,False,False,False,,0.0,0,100.0,32.0,91.22350674373796,65.81,38.0,PROXY,osm_power_snapshot_2026_08_20|route2zero_climate_scenario_v1,charging-v1.0,True,"Mapped proximity is not proof of distribution capacity, site control, interconnection approval or charger availability."
LTFRB_PUJ1592,0.768,way/341383347,0.355,node/12862848460,4825.569,5744.725,5897.918,0,False,False,False,,0.0,0,100.0,100.0,57.85163776493256,74.46,38.0,PROXY,osm_power_snapshot_2026_08_20|route2zero_climate_scenario_v1,charging-v1.0,True,"Mapped proximity is not proof of distribution capacity, site control, interconnection approval or charger availability."
LTFRB_PUJ1593,0.768,way/341383347,0.355,node/12862848460,4702.404,5598.1,5747.383,0,False,False,False,,0.0,0,100.0,100.0,58.959537572254334,74.74,38.0,PROXY,osm_power_snapshot_2026_08_20|route2zero_climate_scenario_v1,charging-v1.0,True,"Mapped proximity is not proof of distribution capacity, site control, interconnection approval or charger availability."
LTFRB_PUJ1594,0.166,way/96332510,1.075,node/13152399652,4352.544,5181.6,5319.776,0,False,False,False,,0.0,0,100.0,82.0,62.106615285806036,71.03,38.0,PROXY,osm_power_snapshot_2026_08_20|route2zero_climate_scenario_v1,charging-v1.0,True,"Mapped proximity is not proof of distribution capacity, site control, interconnection approval or charger availability."
LTFRB_PUJ1595,0.166,way/96332510,1.075,node/13152399652,4368.609,5200.725,5339.411,0,False,False,False,,0.0,0,100.0,82.0,61.962106615285805,70.99,38.0,PROXY,osm_power_snapshot_2026_08_20|route2zero_climate_scenario_v1,charging-v1.0,True,"Mapped proximity is not proof of distribution capacity, site control, interconnection approval or charger availability."
LTFRB_PUJ1596,1.372,node/2153569632,7.086,node/12980211308,6095.061,7256.025,7449.519,0,False,False,False,,0.0,0,82.0,58.0,46.432241490044966,54.81,38.0,PROXY,osm_power_snapshot_2026_08_20|route2zero_climate_scenario_v1,charging-v1.0,True,"Mapped proximity is not proof of distribution capacity, site control, interconnection approval or charger availability."
LTFRB_PUJ1597,1.372,node/2153569632,7.086,node/12980211308,6098.631,7260.275,7453.882,0,False,False,False,,0.0,0,82.0,58.0,46.40012845215158,54.8,38.0,PROXY,osm_power_snapshot_2026_08_20|route2zero_climate_scenario_v1,charging-v1.0,True,"Mapped proximity is not proof of distribution capacity, site control, interconnection approval or charger availability."
LTFRB_PUJ1598,1.93,way/1161975443,6.584,node/12980211308,4742.745,5646.125,5796.688,0,False,False,False,,0.0,0,82.0,58.0,58.59666024405909,57.85,38.0,PROXY,osm_power_snapshot_2026_08_20|route2zero_climate_scenario_v1,charging-v1.0,True,"Mapped proximity is not proof of distribution capacity, site control, interconnection approval or charger availability."
LTFRB_PUJ1599,1.93,way/1161975443,6.584,node/12980211308,4742.745,5646.125,5796.688,0,False,False,False,,0.0,0,82.0,58.0,58.59666024405909,57.85,38.0,PROXY,osm_power_snapshot_2026_08_20|route2zero_climate_scenario_v1,charging-v1.0,True,"Mapped proximity is not proof of distribution capacity, site control, interconnection approval or charger availability."
LTFRB_PUJ1600,1.097,way/508441360,0.056,node/12980211308,811.104,965.6,991.349,0,False,False,False,,0.0,0,82.0,100.0,93.96274887604368,77.19,38.0,PROXY,osm_power_snapshot_2026_08_20|route2zero_climate_scenario_v1,charging-v1.0,True,"Mapped proximity is not proof of distribution capacity, site control, interconnection approval or charger availability."
LTFRB_PUJ1601,1.097,way/508441360,0.056,node/12980211308,811.104,965.6,991.349,0,False,False,False,,0.0,0,82.0,100.0,93.96274887604368,77.19,38.0,PROXY,osm_power_snapshot_2026_08_20|route2zero_climate_scenario_v1,charging-v1.0,True,"Mapped proximity is not proof of distribution capacity, site control, interconnection approval or charger availability."
LTFRB_PUJ1602,1.298,way/1161606296,1.743,node/10703746877,1207.731,1437.775,1476.116,0,False,False,False,,0.0,0,82.0,82.0,90.39499036608863,71.8,38.0,PROXY,osm_power_snapshot_2026_08_20|route2zero_climate_scenario_v1,charging-v1.0,True,"Mapped proximity is not proof of distribution capacity, site control, interconnection approval or charger availability."
LTFRB_PUJ1603,1.298,way/1161606296,1.743,node/10703746877,1175.601,1399.525,1436.846,0,False,False,False,,0.0,0,82.0,82.0,90.6840077071291,71.87,38.0,PROXY,osm_power_snapshot_2026_08_20|route2zero_climate_scenario_v1,charging-v1.0,True,"Mapped proximity is not proof of distribution capacity, site control, interconnection approval or charger availability."
LTFRB_PUJ1604,1.209,way/530281328,0.539,node/10703746877,7529.13,8963.25,9202.27,0,False,False,False,,0.0,0,82.0,100.0,33.53243416827232,62.08,38.0,PROXY,osm_power_snapshot_2026_08_20|route2zero_climate_scenario_v1,charging-v1.0,True,"Mapped proximity is not proof of distribution capacity, site control, interconnection approval or charger availability."
LTFRB_PUJ1605,1.209,way/530281328,0.539,node/10703746877,7832.223,9324.075,9572.717,0,False,False,False,,0.0,0,82.0,100.0,30.806037251123954,61.4,38.0,PROXY,osm_power_snapshot_2026_08_20|route2zero_climate_scenario_v1,charging-v1.0,True,"Mapped proximity is not proof of distribution capacity, site control, interconnection approval or charger availability."
LTFRB_PUJ1606,1.158,way/489733574,0.937,node/10703746877,3656.394,4352.85,4468.926,0,False,False,False,,0.0,0,82.0,100.0,68.36865767501607,70.79,38.0,PROXY,osm_power_snapshot_2026_08_20|route2zero_climate_scenario_v1,charging-v1.0,True,"Mapped proximity is not proof of distribution capacity, site control, interconnection approval or charger availability."
LTFRB_PUJ1607,1.158,way/489733574,0.937,node/10703746877,3481.821,4145.025,4255.559,0,False,False,False,,0.0,0,82.0,100.0,69.93898522800257,71.18,38.0,PROXY,osm_power_snapshot_2026_08_20|route2zero_climate_scenario_v1,charging-v1.0,True,"Mapped proximity is not proof of distribution capacity, site control, interconnection approval or charger availability."
LTFRB_PUJ1608,0.652,way/291478089,1.216,node/10703746877,6269.991,7464.275,7663.322,0,False,False,False,,0.0,0,100.0,82.0,44.85870263326911,66.71,38.0,PROXY,osm_power_snapshot_2026_08_20|route2zero_climate_scenario_v1,charging-v1.0,True,"Mapped proximity is not proof of distribution capacity, site control, interconnection approval or charger availability."
LTFRB_PUJ1609,0.652,way/291478089,1.216,node/10703746877,6386.373,7602.825,7805.567,0,False,False,False,,0.0,0,100.0,82.0,43.81181759794477,66.45,38.0,PROXY,osm_power_snapshot_2026_08_20|route2zero_climate_scenario_v1,charging-v1.0,True,"Mapped proximity is not proof of distribution capacity, site control, interconnection approval or charger availability."
LTFRB_PUJ1610,1.158,way/489733574,2.983,node/10703746877,4825.212,5744.3,5897.481,0,False,False,False,,0.0,0,82.0,82.0,57.854849068721904,63.66,38.0,PROXY,osm_power_snapshot_2026_08_20|route2zero_climate_scenario_v1,charging-v1.0,True,"Mapped proximity is not proof of distribution capacity, site control, interconnection approval or charger availability."
LTFRB_PUJ1611,1.158,way/489733574,2.983,node/10703746877,4774.875,5684.375,5835.958,0,False,False,False,,0.0,0,82.0,82.0,58.30764290301863,63.78,38.0,PROXY,osm_power_snapshot_2026_08_20|route2zero_climate_scenario_v1,charging-v1.0,True,"Mapped proximity is not proof of distribution capacity, site control, interconnection approval or charger availability."
LTFRB_PUJ1612,0.763,way/33302915,1.029,node/9462686325,1173.102,1396.55,1433.791,0,False,False,False,,0.0,0,100.0,82.0,90.70648683365447,78.18,38.0,PROXY,osm_power_snapshot_2026_08_20|route2zero_climate_scenario_v1,charging-v1.0,True,"Mapped proximity is not proof of distribution capacity, site control, interconnection approval or charger availability."
LTFRB_PUJ1613,0.763,way/33302915,1.029,node/9462686325,1987.776,2366.4,2429.504,0,False,False,False,,0.0,0,100.0,82.0,83.37829158638407,76.34,38.0,PROXY,osm_power_snapshot_2026_08_20|route2zero_climate_scenario_v1,charging-v1.0,True,"Mapped proximity is not proof of distribution capacity, site control, interconnection approval or charger availability."
LTFRB_PUJ1614,1.104,node/4823208932,5.144,node/13895420988,5493.159,6539.475,6713.861,0,False,False,False,,0.0,0,82.0,58.0,51.84649967886962,56.16,38.0,PROXY,osm_power_snapshot_2026_08_20|route2zero_climate_scenario_v1,charging-v1.0,True,"Mapped proximity is not proof of distribution capacity, site control, interconnection approval or charger availability."
LTFRB_PUJ1615,1.104,node/4823208932,5.144,node/13895420988,5497.8,6545.0,6719.533,0,False,False,False,,0.0,0,82.0,58.0,51.804752729608225,56.15,38.0,PROXY,osm_power_snapshot_2026_08_20|route2zero_climate_scenario_v1,charging-v1.0,True,"Mapped proximity is not proof of distribution capacity, site control, interconnection approval or charger availability."
LTFRB_PUJ1616,0.854,way/1213040608,1.477,node/13152399652,1445.136,1720.4,1766.277,0,False,False,False,,0.0,0,100.0,82.0,88.25947334617855,77.56,38.0,PROXY,osm_power_snapshot_2026_08_20|route2zero_climate_scenario_v1,charging-v1.0,True,"Mapped proximity is not proof of distribution capacity, site control, interconnection approval or charger availability."
LTFRB_PUJ1617,0.854,way/1213040608,1.477,node/13152399652,1445.136,1720.4,1766.277,0,False,False,False,,0.0,0,100.0,82.0,88.25947334617855,77.56,38.0,PROXY,osm_power_snapshot_2026_08_20|route2zero_climate_scenario_v1,charging-v1.0,True,"Mapped proximity is not proof of distribution capacity, site control, interconnection approval or charger availability."
LTFRB_PUJ1618,0.929,way/440588497,1.011,node/9462686325,2667.861,3176.025,3260.719,0,False,False,False,,0.0,0,100.0,82.0,77.26075786769428,74.82,38.0,PROXY,osm_power_snapshot_2026_08_20|route2zero_climate_scenario_v1,charging-v1.0,True,"Mapped proximity is not proof of distribution capacity, site control, interconnection approval or charger availability."
LTFRB_PUJ1619,0.929,way/440588497,1.011,node/9462686325,2774.961,3303.525,3391.619,0,False,False,False,,0.0,0,100.0,82.0,76.29736673089275,74.57,38.0,PROXY,osm_power_snapshot_2026_08_20|route2zero_climate_scenario_v1,charging-v1.0,True,"Mapped proximity is not proof of distribution capacity, site control, interconnection approval or charger availability."
LTFRB_PUJ1620,2.276,way/96332510,0.502,node/10991144538,1843.548,2194.7,2253.225,0,False,False,False,,0.0,0,82.0,100.0,84.67565831727681,74.87,38.0,PROXY,osm_power_snapshot_2026_08_20|route2zero_climate_scenario_v1,charging-v1.0,True,"Mapped proximity is not proof of distribution capacity, site control, interconnection approval or charger availability."
LTFRB_PUJ1621,2.276,way/96332510,0.502,node/10991144538,2135.217,2541.925,2609.71,0,False,False,False,,0.0,0,82.0,100.0,82.05202312138728,74.21,38.0,PROXY,osm_power_snapshot_2026_08_20|route2zero_climate_scenario_v1,charging-v1.0,True,"Mapped proximity is not proof of distribution capacity, site control, interconnection approval or charger availability."
LTFRB_PUJ1622,0.313,way/96332510,0.924,node/13152399652,2172.702,2586.55,2655.525,0,False,False,False,,0.0,0,100.0,100.0,81.71483622350675,80.43,38.0,PROXY,osm_power_snapshot_2026_08_20|route2zero_climate_scenario_v1,charging-v1.0,True,"Mapped proximity is not proof of distribution capacity, site control, interconnection approval or charger availability."
LTFRB_PUJ1623,0.313,way/96332510,0.924,node/13152399652,2184.126,2600.15,2669.487,0,False,False,False,,0.0,0,100.0,100.0,81.6120745022479,80.4,38.0,PROXY,osm_power_snapshot_2026_08_20|route2zero_climate_scenario_v1,charging-v1.0,True,"Mapped proximity is not proof of distribution capacity, site control, interconnection approval or charger availability."
LTFRB_PUJ1624,1.362,way/1161606296,0.448,node/10703746877,1971.711,2347.275,2409.869,0,False,False,False,,0.0,0,82.0,100.0,83.5228002569043,74.58,38.0,PROXY,osm_power_snapshot_2026_08_20|route2zero_climate_scenario_v1,charging-v1.0,True,"Mapped proximity is not proof of distribution capacity, site control, interconnection approval or charger availability."
LTFRB_PUJ1625,1.362,way/1161606296,0.448,node/10703746877,2350.131,2797.775,2872.382,0,False,False,False,,0.0,0,82.0,100.0,80.11881824020551,73.73,38.0,PROXY,osm_power_snapshot_2026_08_20|route2zero_climate_scenario_v1,charging-v1.0,True,"Mapped proximity is not proof of distribution capacity, site control, interconnection approval or charger availability."
LTFRB_PUJ1626,0.406,way/542773481,4.461,node/13895420988,4904.823,5839.075,5994.784,0,False,False,False,,0.0,0,100.0,58.0,57.138728323699425,63.78,38.0,PROXY,osm_power_snapshot_2026_08_20|route2zero_climate_scenario_v1,charging-v1.0,True,"Mapped proximity is not proof of distribution capacity, site control, interconnection approval or charger availability."
LTFRB_PUJ1627,0.406,way/542773481,4.461,node/13895420988,4904.823,5839.075,5994.784,0,False,False,False,,0.0,0,100.0,58.0,57.138728323699425,63.78,38.0,PROXY,osm_power_snapshot_2026_08_20|route2zero_climate_scenario_v1,charging-v1.0,True,"Mapped proximity is not proof of distribution capacity, site control, interconnection approval or charger availability."
LTFRB_PUJ1628,0.789,way/450041326,1.579,node/13895420988,894.999,1065.475,1093.888,0,False,False,False,,0.0,0,100.0,82.0,93.20809248554913,78.8,38.0,PROXY,osm_power_snapshot_2026_08_20|route2zero_climate_scenario_v1,charging-v1.0,True,"Mapped proximity is not proof of distribution capacity, site control, interconnection approval or charger availability."
LTFRB_PUJ1629,0.789,way/450041326,1.579,node/13895420988,861.084,1025.1,1052.436,0,False,False,False,,0.0,0,100.0,82.0,93.51316634553629,78.88,38.0,PROXY,osm_power_snapshot_2026_08_20|route2zero_climate_scenario_v1,charging-v1.0,True,"Mapped proximity is not proof of distribution capacity, site control, interconnection approval or charger availability."
LTFRB_PUJ1630,1.045,node/4426323848,13.903,node/12980211308,4049.094,4820.35,4948.893,0,False,False,False,,0.0,0,82.0,32.0,64.83622350674375,52.91,38.0,PROXY,osm_power_snapshot_2026_08_20|route2zero_climate_scenario_v1,charging-v1.0,True,"Mapped proximity is not proof of distribution capacity, site control, interconnection approval or charger availability."
LTFRB_PUJ1631,1.045,node/4426323848,13.903,node/12980211308,4049.094,4820.35,4948.893,0,False,False,False,,0.0,0,82.0,32.0,64.83622350674375,52.91,38.0,PROXY,osm_power_snapshot_2026_08_20|route2zero_climate_scenario_v1,charging-v1.0,True,"Mapped proximity is not proof of distribution capacity, site control, interconnection approval or charger availability."
LTFRB_PUJ1632,0.22,way/440474410,16.662,node/12980211308,3749.928,4464.2,4583.245,0,False,False,False,,0.0,0,100.0,8.0,67.52729608220938,53.88,38.0,PROXY,osm_power_snapshot_2026_08_20|route2zero_climate_scenario_v1,charging-v1.0,True,"Mapped proximity is not proof of distribution capacity, site control, interconnection approval or charger availability."
LTFRB_PUJ1633,0.22,way/440474410,16.662,node/12980211308,3748.5,4462.5,4581.5,0,False,False,False,,0.0,0,100.0,8.0,67.54014129736674,53.89,38.0,PROXY,osm_power_snapshot_2026_08_20|route2zero_climate_scenario_v1,charging-v1.0,True,"Mapped proximity is not proof of distribution capacity, site control, interconnection approval or charger availability."
LTFRB_PUJ1634,2.315,way/1060888354,7.364,node/13081283762,2808.519,3343.475,3432.634,0,False,False,False,,0.0,0,82.0,58.0,75.99550417469493,62.2,38.0,PROXY,osm_power_snapshot_2026_08_20|route2zero_climate_scenario_v1,charging-v1.0,True,"Mapped proximity is not proof of distribution capacity, site control, interconnection approval or charger availability."
LTFRB_PUJ1635,2.315,way/1060888354,7.364,node/13081283762,2808.519,3343.475,3432.634,0,False,False,False,,0.0,0,82.0,58.0,75.99550417469493,62.2,38.0,PROXY,osm_power_snapshot_2026_08_20|route2zero_climate_scenario_v1,charging-v1.0,True,"Mapped proximity is not proof of distribution capacity, site control, interconnection approval or charger availability."
LTFRB_PUJ1636,0.269,way/60193935,0.953,node/9596306271,8246.7,9817.5,10079.3,0,False,False,False,,0.0,0,100.0,100.0,27.077713551702004,66.77,38.0,PROXY,osm_power_snapshot_2026_08_20|route2zero_climate_scenario_v1,charging-v1.0,True,"Mapped proximity is not proof of distribution capacity, site control, interconnection approval or charger availability."
LTFRB_PUJ1637,0.269,way/60193935,0.953,node/9596306271,8232.777,9800.925,10062.283,0,False,False,False,,0.0,0,100.0,100.0,27.202954399486202,66.8,38.0,PROXY,osm_power_snapshot_2026_08_20|route2zero_climate_scenario_v1,charging-v1.0,True,"Mapped proximity is not proof of distribution capacity, site control, interconnection approval or charger availability."
LTFRB_PUJ1638,0.269,way/60193935,0.953,node/9596306271,9436.938,11234.45,11534.035,0,False,False,False,,0.0,0,100.0,100.0,16.371226718047524,64.09,38.0,PROXY,osm_power_snapshot_2026_08_20|route2zero_climate_scenario_v1,charging-v1.0,True,"Mapped proximity is not proof of distribution capacity, site control, interconnection approval or charger availability."
LTFRB_PUJ1639,0.269,way/60193935,0.953,node/9596306271,9099.93,10833.25,11122.137,0,False,False,False,,0.0,0,100.0,100.0,19.402697495183048,64.85,38.0,PROXY,osm_power_snapshot_2026_08_20|route2zero_climate_scenario_v1,charging-v1.0,True,"Mapped proximity is not proof of distribution capacity, site control, interconnection approval or charger availability."
LTFRB_PUJ1640,0.269,way/60193935,0.953,node/9596306271,8484.462,10100.55,10369.898,0,False,False,False,,0.0,0,100.0,100.0,24.93898522800258,66.23,38.0,PROXY,osm_power_snapshot_2026_08_20|route2zero_climate_scenario_v1,charging-v1.0,True,"Mapped proximity is not proof of distribution capacity, site control, interconnection approval or charger availability."
LTFRB_PUJ1643,0.269,way/60193935,0.953,node/9596306271,8484.462,10100.55,10369.898,0,False,False,False,,0.0,0,100.0,100.0,24.93898522800258,66.23,38.0,PROXY,osm_power_snapshot_2026_08_20|route2zero_climate_scenario_v1,charging-v1.0,True,"Mapped proximity is not proof of distribution capacity, site control, interconnection approval or charger availability."
LTFRB_PUJ1645,0.393,way/1426427969,8.396,node/10703746877,6406.722,7627.05,7830.438,0,False,False,False,,0.0,0,100.0,32.0,43.62877328195247,53.91,38.0,PROXY,osm_power_snapshot_2026_08_20|route2zero_climate_scenario_v1,charging-v1.0,True,"Mapped proximity is not proof of distribution capacity, site control, interconnection approval or charger availability."
LTFRB_PUJ1648,0.465,way/508441360,2.901,node/12980211308,9405.879,11197.475,11496.074,0,False,False,False,,0.0,0,100.0,82.0,16.650610147719973,59.66,38.0,PROXY,osm_power_snapshot_2026_08_20|route2zero_climate_scenario_v1,charging-v1.0,True,"Mapped proximity is not proof of distribution capacity, site control, interconnection approval or charger availability."
LTFRB_PUJ1649,0.465,way/508441360,2.901,node/12980211308,9405.879,11197.475,11496.074,0,False,False,False,,0.0,0,100.0,82.0,16.650610147719973,59.66,38.0,PROXY,osm_power_snapshot_2026_08_20|route2zero_climate_scenario_v1,charging-v1.0,True,"Mapped proximity is not proof of distribution capacity, site control, interconnection approval or charger availability."
LTFRB_PUJ1650,0.103,way/318895102,2.69,node/9462686325,881.076,1048.9,1076.871,0,False,False,False,,0.0,0,100.0,82.0,93.33333333333333,78.83,38.0,PROXY,osm_power_snapshot_2026_08_20|route2zero_climate_scenario_v1,charging-v1.0,True,"Mapped proximity is not proof of distribution capacity, site control, interconnection approval or charger availability."
LTFRB_PUJ1651,1.056,node/4977761380,2.038,node/6836063735,2001.342,2382.55,2446.085,0,False,False,False,,0.0,0,82.0,82.0,83.25626204238921,70.01,38.0,PROXY,osm_power_snapshot_2026_08_20|route2zero_climate_scenario_v1,charging-v1.0,True,"Mapped proximity is not proof of distribution capacity, site control, interconnection approval or charger availability."
LTFRB_PUJ1652,0.916,way/489733574,4.331,node/13895420988,818.958,974.95,1000.949,0,False,False,False,,0.0,0,100.0,58.0,93.89210019267823,72.97,38.0,PROXY,osm_power_snapshot_2026_08_20|route2zero_climate_scenario_v1,charging-v1.0,True,"Mapped proximity is not proof of distribution capacity, site control, interconnection approval or charger availability."
LTFRB_PUJ1653,1.16,node/2508927841,2.148,node/6110400886,3758.496,4474.4,4593.717,0,False,False,False,,0.0,0,82.0,82.0,67.45022479126527,66.06,38.0,PROXY,osm_power_snapshot_2026_08_20|route2zero_climate_scenario_v1,charging-v1.0,True,"Mapped proximity is not proof of distribution capacity, site control, interconnection approval or charger availability."
LTFRB_PUJ1654,1.16,node/2508927841,2.148,node/6110400886,3188.724,3796.1,3897.329,0,False,False,False,,0.0,0,82.0,82.0,72.57546563904945,67.34,38.0,PROXY,osm_power_snapshot_2026_08_20|route2zero_climate_scenario_v1,charging-v1.0,True,"Mapped proximity is not proof of distribution capacity, site control, interconnection approval or charger availability."
LTFRB_PUJ1655,0.155,way/112645695,1.554,node/13895420988,1619.709,1928.225,1979.644,0,False,False,False,,0.0,0,100.0,82.0,86.68914579319204,77.17,38.0,PROXY,osm_power_snapshot_2026_08_20|route2zero_climate_scenario_v1,charging-v1.0,True,"Mapped proximity is not proof of distribution capacity, site control, interconnection approval or charger availability."
LTFRB_PUJ1656,0.155,way/112645695,1.554,node/13895420988,1822.842,2170.05,2227.918,0,False,False,False,,0.0,0,100.0,82.0,84.86191393705845,76.72,38.0,PROXY,osm_power_snapshot_2026_08_20|route2zero_climate_scenario_v1,charging-v1.0,True,"Mapped proximity is not proof of distribution capacity, site control, interconnection approval or charger availability."
LTFRB_PUJ1657,0.791,way/617091970,4.678,node/13895420988,2875.992,3423.8,3515.101,0,False,False,False,,0.0,0,100.0,58.0,75.38856775850995,68.35,38.0,PROXY,osm_power_snapshot_2026_08_20|route2zero_climate_scenario_v1,charging-v1.0,True,"Mapped proximity is not proof of distribution capacity, site control, interconnection approval or charger availability."
LTFRB_PUJ1658,0.791,way/617091970,4.678,node/13895420988,2875.992,3423.8,3515.101,0,False,False,False,,0.0,0,100.0,58.0,75.38856775850995,68.35,38.0,PROXY,osm_power_snapshot_2026_08_20|route2zero_climate_scenario_v1,charging-v1.0,True,"Mapped proximity is not proof of distribution capacity, site control, interconnection approval or charger availability."
LTFRB_PUJ1659,0.251,way/90125781,0.6,node/10703746877,3895.227,4637.175,4760.833,0,False,False,False,,0.0,0,100.0,100.0,66.22029543994861,76.56,38.0,PROXY,osm_power_snapshot_2026_08_20|route2zero_climate_scenario_v1,charging-v1.0,True,"Mapped proximity is not proof of distribution capacity, site control, interconnection approval or charger availability."
LTFRB_PUJ1660,0.251,way/90125781,0.6,node/10703746877,3778.845,4498.625,4618.588,0,False,False,False,,0.0,0,100.0,100.0,67.26718047527297,76.82,38.0,PROXY,osm_power_snapshot_2026_08_20|route2zero_climate_scenario_v1,charging-v1.0,True,"Mapped proximity is not proof of distribution capacity, site control, interconnection approval or charger availability."
LTFRB_PUJ1661,0.613,way/1161606296,0.633,node/13081283218,2174.844,2589.1,2658.143,0,False,False,False,,0.0,0,100.0,100.0,81.69556840077071,80.42,38.0,PROXY,osm_power_snapshot_2026_08_20|route2zero_climate_scenario_v1,charging-v1.0,True,"Mapped proximity is not proof of distribution capacity, site control, interconnection approval or charger availability."
LTFRB_PUJ1662,0.613,way/1161606296,0.633,node/13081283218,1603.644,1909.1,1960.009,0,False,False,False,,0.0,0,100.0,100.0,86.83365446371226,81.71,38.0,PROXY,osm_power_snapshot_2026_08_20|route2zero_climate_scenario_v1,charging-v1.0,True,"Mapped proximity is not proof of distribution capacity, site control, interconnection approval or charger availability."
LTFRB_PUJ1663,1.132,way/96332510,0.633,node/13081283218,1191.309,1418.225,1456.044,0,False,False,False,,0.0,0,82.0,100.0,90.5427103403982,76.34,38.0,PROXY,osm_power_snapshot_2026_08_20|route2zero_climate_scenario_v1,charging-v1.0,True,"Mapped proximity is not proof of distribution capacity, site control, interconnection approval or charger availability."
LTFRB_PUJ1664,1.132,way/96332510,0.633,node/13081283218,373.065,444.125,455.968,0,False,False,False,,0.0,0,82.0,100.0,97.90301862556198,78.18,38.0,PROXY,osm_power_snapshot_2026_08_20|route2zero_climate_scenario_v1,charging-v1.0,True,"Mapped proximity is not proof of distribution capacity, site control, interconnection approval or charger availability."
LTFRB_PUJ1665,0.45,node/4977761380,0.364,node/6836063735,672.231,800.275,821.616,0,False,False,False,,0.0,0,100.0,100.0,95.21194605009634,83.8,38.0,PROXY,osm_power_snapshot_2026_08_20|route2zero_climate_scenario_v1,charging-v1.0,True,"Mapped proximity is not proof of distribution capacity, site control, interconnection approval or charger availability."
LTFRB_PUJ1666,0.45,node/4977761380,0.364,node/6836063735,673.659,801.975,823.361,0,False,False,False,,0.0,0,100.0,100.0,95.19910083493899,83.8,38.0,PROXY,osm_power_snapshot_2026_08_20|route2zero_climate_scenario_v1,charging-v1.0,True,"Mapped proximity is not proof of distribution capacity, site control, interconnection approval or charger availability."
LTFRB_PUJ1667,0.406,way/987363495,0.613,node/13688427301,1530.816,1822.4,1870.997,0,False,False,False,,0.0,0,100.0,100.0,87.48876043673731,81.87,38.0,PROXY,osm_power_snapshot_2026_08_20|route2zero_climate_scenario_v1,charging-v1.0,True,"Mapped proximity is not proof of distribution capacity, site control, interconnection approval or charger availability."
LTFRB_PUJ1668,0.406,way/987363495,0.613,node/13688427301,1002.813,1193.825,1225.66,0,False,False,False,,0.0,0,100.0,100.0,92.23827874116891,83.06,38.0,PROXY,osm_power_snapshot_2026_08_20|route2zero_climate_scenario_v1,charging-v1.0,True,"Mapped proximity is not proof of distribution capacity, site control, interconnection approval or charger availability."
LTFRB_PUJ1670,1.248,node/4823208932,2.163,node/6836063735,2384.76,2839.0,2914.707,0,False,False,False,,0.0,0,82.0,82.0,79.8073217726397,69.15,38.0,PROXY,osm_power_snapshot_2026_08_20|route2zero_climate_scenario_v1,charging-v1.0,True,"Mapped proximity is not proof of distribution capacity, site control, interconnection approval or charger availability."
LTFRB_PUJ1671,0.856,node/4823208932,5.682,node/6836063735,6091.491,7251.775,7445.156,0,False,False,False,,0.0,0,100.0,58.0,46.46435452793835,61.12,38.0,PROXY,osm_power_snapshot_2026_08_20|route2zero_climate_scenario_v1,charging-v1.0,True,"Mapped proximity is not proof of distribution capacity, site control, interconnection approval or charger availability."
LTFRB_PUJ1672,0.856,node/4823208932,5.682,node/6836063735,6168.96,7344.0,7539.84,0,False,False,False,,0.0,0,100.0,58.0,45.767501605651894,60.94,38.0,PROXY,osm_power_snapshot_2026_08_20|route2zero_climate_scenario_v1,charging-v1.0,True,"Mapped proximity is not proof of distribution capacity, site control, interconnection approval or charger availability."
LTFRB_PUJ1673,1.076,node/4823208932,6.14,node/13895420988,641.886,764.15,784.527,0,False,False,False,,0.0,0,82.0,58.0,95.48490687219011,67.07,38.0,PROXY,osm_power_snapshot_2026_08_20|route2zero_climate_scenario_v1,charging-v1.0,True,"Mapped proximity is not proof of distribution capacity, site control, interconnection approval or charger availability."
LTFRB_PUJ1674,1.076,node/4823208932,6.14,node/13895420988,658.665,784.125,805.035,0,False,False,False,,0.0,0,82.0,58.0,95.3339755940912,67.03,38.0,PROXY,osm_power_snapshot_2026_08_20|route2zero_climate_scenario_v1,charging-v1.0,True,"Mapped proximity is not proof of distribution capacity, site control, interconnection approval or charger availability."
LTFRB_PUJ1675,0.856,node/4823208932,1.413,node/10703746877,5176.5,6162.5,6326.833,0,False,False,False,,0.0,0,100.0,82.0,54.69492614001285,69.17,38.0,PROXY,osm_power_snapshot_2026_08_20|route2zero_climate_scenario_v1,charging-v1.0,True,"Mapped proximity is not proof of distribution capacity, site control, interconnection approval or charger availability."
LTFRB_PUJ1676,0.856,node/4823208932,1.413,node/10703746877,5383.917,6409.425,6580.343,0,False,False,False,,0.0,0,100.0,82.0,52.82915863840719,68.71,38.0,PROXY,osm_power_snapshot_2026_08_20|route2zero_climate_scenario_v1,charging-v1.0,True,"Mapped proximity is not proof of distribution capacity, site control, interconnection approval or charger availability."
LTFRB_PUJ1677,0.66,way/30618817,5.025,node/6836063735,1350.888,1608.2,1651.085,0,False,False,False,,0.0,0,100.0,58.0,89.1072575465639,71.78,38.0,PROXY,osm_power_snapshot_2026_08_20|route2zero_climate_scenario_v1,charging-v1.0,True,"Mapped proximity is not proof of distribution capacity, site control, interconnection approval or charger availability."
LTFRB_PUJ1678,0.66,way/30618817,5.025,node/6836063735,1417.29,1687.25,1732.243,0,False,False,False,,0.0,0,100.0,58.0,88.50995504174695,71.63,38.0,PROXY,osm_power_snapshot_2026_08_20|route2zero_climate_scenario_v1,charging-v1.0,True,"Mapped proximity is not proof of distribution capacity, site control, interconnection approval or charger availability."
LTFRB_PUJ1680,0.856,node/4823208932,2.783,node/10991144538,8066.772,9603.3,9859.388,0,False,False,False,,0.0,0,100.0,82.0,28.696210661528582,62.67,38.0,PROXY,osm_power_snapshot_2026_08_20|route2zero_climate_scenario_v1,charging-v1.0,True,"Mapped proximity is not proof of distribution capacity, site control, interconnection approval or charger availability."
LTFRB_PUJ1682,0.676,way/30679817,1.776,node/13152399652,3521.448,4192.2,4303.992,0,False,False,False,,0.0,0,100.0,82.0,69.582530507386,72.9,38.0,PROXY,osm_power_snapshot_2026_08_20|route2zero_climate_scenario_v1,charging-v1.0,True,"Mapped proximity is not proof of distribution capacity, site control, interconnection approval or charger availability."
LTFRB_PUJ1683,0.676,way/30679817,1.776,node/13152399652,3552.15,4228.75,4341.517,0,False,False,False,,0.0,0,100.0,82.0,69.30635838150289,72.83,38.0,PROXY,osm_power_snapshot_2026_08_20|route2zero_climate_scenario_v1,charging-v1.0,True,"Mapped proximity is not proof of distribution capacity, site control, interconnection approval or charger availability."
LTFRB_PUJ1684,0.856,node/4823208932,1.776,node/13152399652,4867.338,5794.45,5948.969,0,False,False,False,,0.0,0,100.0,82.0,57.47591522157997,69.87,38.0,PROXY,osm_power_snapshot_2026_08_20|route2zero_climate_scenario_v1,charging-v1.0,True,"Mapped proximity is not proof of distribution capacity, site control, interconnection approval or charger availability."
LTFRB_PUJ1685,0.856,node/4823208932,1.776,node/13152399652,4996.215,5947.875,6106.485,0,False,False,False,,0.0,0,100.0,82.0,56.316634553628774,69.58,38.0,PROXY,osm_power_snapshot_2026_08_20|route2zero_climate_scenario_v1,charging-v1.0,True,"Mapped proximity is not proof of distribution capacity, site control, interconnection approval or charger availability."
LTFRB_PUJ1686,0.689,way/583632006,2.389,node/12950633881,2818.515,3355.375,3444.852,0,False,False,False,,0.0,0,100.0,82.0,75.90558766859345,74.48,38.0,PROXY,osm_power_snapshot_2026_08_20|route2zero_climate_scenario_v1,charging-v1.0,True,"Mapped proximity is not proof of distribution capacity, site control, interconnection approval or charger availability."
LTFRB_PUJ1687,0.689,way/583632006,2.389,node/12950633881,2664.648,3172.2,3256.792,0,False,False,False,,0.0,0,100.0,82.0,77.28965960179833,74.82,38.0,PROXY,osm_power_snapshot_2026_08_20|route2zero_climate_scenario_v1,charging-v1.0,True,"Mapped proximity is not proof of distribution capacity, site control, interconnection approval or charger availability."
LTFRB_PUJ1688,1.471,way/583632006,2.389,node/12950633881,4504.269,5362.225,5505.218,0,False,False,False,,0.0,0,82.0,82.0,60.74181117533718,64.39,38.0,PROXY,osm_power_snapshot_2026_08_20|route2zero_climate_scenario_v1,charging-v1.0,True,"Mapped proximity is not proof of distribution capacity, site control, interconnection approval or charger availability."
LTFRB_PUJ1689,1.471,way/583632006,2.389,node/12950633881,4360.041,5190.525,5328.939,0,False,False,False,,0.0,0,82.0,82.0,62.03917790622994,64.71,38.0,PROXY,osm_power_snapshot_2026_08_20|route2zero_climate_scenario_v1,charging-v1.0,True,"Mapped proximity is not proof of distribution capacity, site control, interconnection approval or charger availability."
LTFRB_PUJ1691,1.585,way/583632006,0.588,node/13081283762,3839.535,4570.875,4692.765,0,False,False,False,,0.0,0,82.0,100.0,66.72125883108542,70.38,38.0,PROXY,osm_power_snapshot_2026_08_20|route2zero_climate_scenario_v1,charging-v1.0,True,"Mapped proximity is not proof of distribution capacity, site control, interconnection approval or charger availability."
LTFRB_PUJ1693,0.113,node/4592771042,1.837,node/6836063735,5849.088,6963.2,7148.885,0,False,False,False,,0.0,0,100.0,82.0,48.64482980089917,67.66,38.0,PROXY,osm_power_snapshot_2026_08_20|route2zero_climate_scenario_v1,charging-v1.0,True,"Mapped proximity is not proof of distribution capacity, site control, interconnection approval or charger availability."
LTFRB_PUJ1694,0.982,way/1411696988,2.657,node/6110400886,2641.8,3145.0,3228.867,0,False,False,False,,0.0,0,100.0,82.0,77.495183044316,74.87,38.0,PROXY,osm_power_snapshot_2026_08_20|route2zero_climate_scenario_v1,charging-v1.0,True,"Mapped proximity is not proof of distribution capacity, site control, interconnection approval or charger availability."
LTFRB_PUJ1695,0.982,way/1411696988,2.657,node/6110400886,2641.8,3145.0,3228.867,0,False,False,False,,0.0,0,100.0,82.0,77.495183044316,74.87,38.0,PROXY,osm_power_snapshot_2026_08_20|route2zero_climate_scenario_v1,charging-v1.0,True,"Mapped proximity is not proof of distribution capacity, site control, interconnection approval or charger availability."
LTFRB_PUJ1696,1.251,node/2508927841,3.057,node/6110400886,2872.065,3419.125,3510.302,0,False,False,False,,0.0,0,82.0,58.0,75.42389210019267,62.06,38.0,PROXY,osm_power_snapshot_2026_08_20|route2zero_climate_scenario_v1,charging-v1.0,True,"Mapped proximity is not proof of distribution capacity, site control, interconnection approval or charger availability."
LTFRB_PUJ1697,1.251,node/2508927841,3.057,node/6110400886,2944.179,3504.975,3598.441,0,False,False,False,,0.0,0,82.0,58.0,74.77520873474631,61.89,38.0,PROXY,osm_power_snapshot_2026_08_20|route2zero_climate_scenario_v1,charging-v1.0,True,"Mapped proximity is not proof of distribution capacity, site control, interconnection approval or charger availability."
LTFRB_PUJ1698,1.251,node/2508927841,3.057,node/6110400886,3085.908,3673.7,3771.665,0,False,False,False,,0.0,0,82.0,58.0,73.50032113037894,61.58,38.0,PROXY,osm_power_snapshot_2026_08_20|route2zero_climate_scenario_v1,charging-v1.0,True,"Mapped proximity is not proof of distribution capacity, site control, interconnection approval or charger availability."
LTFRB_PUJ1699,1.251,node/2508927841,3.057,node/6110400886,3094.119,3683.475,3781.701,0,False,False,False,,0.0,0,82.0,58.0,73.42646114322415,61.56,38.0,PROXY,osm_power_snapshot_2026_08_20|route2zero_climate_scenario_v1,charging-v1.0,True,"Mapped proximity is not proof of distribution capacity, site control, interconnection approval or charger availability."
LTFRB_PUJ1700,1.425,node/2508927841,1.94,node/6110400886,2225.895,2649.875,2720.538,0,False,False,False,,0.0,0,82.0,82.0,81.23635195889531,69.51,38.0,PROXY,osm_power_snapshot_2026_08_20|route2zero_climate_scenario_v1,charging-v1.0,True,"Mapped proximity is not proof of distribution capacity, site control, interconnection approval or charger availability."
LTFRB_PUJ1701,1.398,node/2508927841,1.94,node/6110400886,2221.611,2644.775,2715.302,0,False,False,False,,0.0,0,82.0,82.0,81.27488760436736,69.52,38.0,PROXY,osm_power_snapshot_2026_08_20|route2zero_climate_scenario_v1,charging-v1.0,True,"Mapped proximity is not proof of distribution capacity, site control, interconnection approval or charger availability."
LTFRB_PUJ1702,0.31,way/300425719,2.131,node/6836063735,715.428,851.7,874.412,0,False,False,False,,0.0,0,100.0,82.0,94.82337829158638,79.21,38.0,PROXY,osm_power_snapshot_2026_08_20|route2zero_climate_scenario_v1,charging-v1.0,True,"Mapped proximity is not proof of distribution capacity, site control, interconnection approval or charger availability."
LTFRB_PUJ1703,0.31,way/300425719,2.131,node/6836063735,776.475,924.375,949.025,0,False,False,False,,0.0,0,100.0,82.0,94.27424534360951,79.07,38.0,PROXY,osm_power_snapshot_2026_08_20|route2zero_climate_scenario_v1,charging-v1.0,True,"Mapped proximity is not proof of distribution capacity, site control, interconnection approval or charger availability."
LTFRB_PUJ1704,0.133,way/300425719,3.246,node/6836063735,806.82,960.5,986.113,0,False,False,False,,0.0,0,100.0,58.0,94.00128452151574,73.0,38.0,PROXY,osm_power_snapshot_2026_08_20|route2zero_climate_scenario_v1,charging-v1.0,True,"Mapped proximity is not proof of distribution capacity, site control, interconnection approval or charger availability."
LTFRB_PUJ1705,0.133,way/300425719,3.246,node/6836063735,717.927,854.675,877.466,0,False,False,False,,0.0,0,100.0,58.0,94.80089916506101,73.2,38.0,PROXY,osm_power_snapshot_2026_08_20|route2zero_climate_scenario_v1,charging-v1.0,True,"Mapped proximity is not proof of distribution capacity, site control, interconnection approval or charger availability."
LTFRB_PUJ1706,0.782,way/291478089,1.792,node/10703746877,5208.273,6200.325,6365.667,0,False,False,False,,0.0,0,100.0,82.0,54.409120102761726,69.1,38.0,PROXY,osm_power_snapshot_2026_08_20|route2zero_climate_scenario_v1,charging-v1.0,True,"Mapped proximity is not proof of distribution capacity, site control, interconnection approval or charger availability."
LTFRB_PUJ1707,0.782,way/291478089,1.792,node/10703746877,5319.3,6332.5,6501.367,0,False,False,False,,0.0,0,100.0,82.0,53.410404624277454,68.85,38.0,PROXY,osm_power_snapshot_2026_08_20|route2zero_climate_scenario_v1,charging-v1.0,True,"Mapped proximity is not proof of distribution capacity, site control, interconnection approval or charger availability."
LTFRB_PUJ1708,0.854,way/1213040608,1.777,node/10703746877,1168.104,1390.6,1427.683,0,False,False,False,,0.0,0,100.0,82.0,90.7514450867052,78.19,38.0,PROXY,osm_power_snapshot_2026_08_20|route2zero_climate_scenario_v1,charging-v1.0,True,"Mapped proximity is not proof of distribution capacity, site control, interconnection approval or charger availability."
LTFRB_PUJ1709,0.854,way/1213040608,1.777,node/10703746877,1168.104,1390.6,1427.683,0,False,False,False,,0.0,0,100.0,82.0,90.7514450867052,78.19,38.0,PROXY,osm_power_snapshot_2026_08_20|route2zero_climate_scenario_v1,charging-v1.0,True,"Mapped proximity is not proof of distribution capacity, site control, interconnection approval or charger availability."
LTFRB_PUJ1710,0.877,way/1213040608,1.735,node/10703746877,1211.658,1442.45,1480.915,0,False,False,False,,0.0,0,100.0,82.0,90.35966602440591,78.09,38.0,PROXY,osm_power_snapshot_2026_08_20|route2zero_climate_scenario_v1,charging-v1.0,True,"Mapped proximity is not proof of distribution capacity, site control, interconnection approval or charger availability."
LTFRB_PUJ1711,0.877,way/1213040608,1.735,node/10703746877,1616.139,1923.975,1975.281,0,False,False,False,,0.0,0,100.0,82.0,86.72125883108542,77.18,38.0,PROXY,osm_power_snapshot_2026_08_20|route2zero_climate_scenario_v1,charging-v1.0,True,"Mapped proximity is not proof of distribution capacity, site control, interconnection approval or charger availability."
LTFRB_PUJ1712,0.802,way/1213040608,0.494,node/13895420988,1385.874,1649.85,1693.846,0,False,False,False,,0.0,0,100.0,100.0,88.79254977520873,82.2,38.0,PROXY,osm_power_snapshot_2026_08_20|route2zero_climate_scenario_v1,charging-v1.0,True,"Mapped proximity is not proof of distribution capacity, site control, interconnection approval or charger availability."
LTFRB_PUJ1713,0.802,way/1213040608,0.494,node/13895420988,1113.483,1325.575,1360.924,0,False,False,False,,0.0,0,100.0,100.0,91.24277456647398,82.81,38.0,PROXY,osm_power_snapshot_2026_08_20|route2zero_climate_scenario_v1,charging-v1.0,True,"Mapped proximity is not proof of distribution capacity, site control, interconnection approval or charger availability."
LTFRB_PUJ1715,0.734,way/617091970,4.399,node/13895420988,3225.852,3840.3,3942.708,0,False,False,False,,0.0,0,100.0,58.0,72.24149004495825,67.56,38.0,PROXY,osm_power_snapshot_2026_08_20|route2zero_climate_scenario_v1,charging-v1.0,True,"Mapped proximity is not proof of distribution capacity, site control, interconnection approval or charger availability."
LTFRB_PUJ1716,0.871,way/617091970,1.523,node/10703746877,1483.692,1766.3,1813.401,0,False,False,False,,0.0,0,100.0,82.0,87.91265253693,77.48,38.0,PROXY,osm_power_snapshot_2026_08_20|route2zero_climate_scenario_v1,charging-v1.0,True,"Mapped proximity is not proof of distribution capacity, site control, interconnection approval or charger availability."
LTFRB_PUJ1717,0.871,way/617091970,1.523,node/10703746877,1462.629,1741.225,1787.658,0,False,False,False,,0.0,0,100.0,82.0,88.10211946050096,77.53,38.0,PROXY,osm_power_snapshot_2026_08_20|route2zero_climate_scenario_v1,charging-v1.0,True,"Mapped proximity is not proof of distribution capacity, site control, interconnection approval or charger availability."
LTFRB_PUJ1718,0.919,way/617091970,4.554,node/13895420988,1524.39,1814.75,1863.143,0,False,False,False,,0.0,0,100.0,58.0,87.5465639049454,71.39,38.0,PROXY,osm_power_snapshot_2026_08_20|route2zero_climate_scenario_v1,charging-v1.0,True,"Mapped proximity is not proof of distribution capacity, site control, interconnection approval or charger availability."
LTFRB_PUJ1719,0.919,way/617091970,4.554,node/13895420988,1502.613,1788.825,1836.527,0,False,False,False,,0.0,0,100.0,58.0,87.74245343609505,71.44,38.0,PROXY,osm_power_snapshot_2026_08_20|route2zero_climate_scenario_v1,charging-v1.0,True,"Mapped proximity is not proof of distribution capacity, site control, interconnection approval or charger availability."
LTFRB_PUJ1720,0.535,node/4977761380,1.43,node/6836063735,5222.196,6216.9,6382.684,0,False,False,False,,0.0,0,100.0,82.0,54.28387925497752,69.07,38.0,PROXY,osm_power_snapshot_2026_08_20|route2zero_climate_scenario_v1,charging-v1.0,True,"Mapped proximity is not proof of distribution capacity, site control, interconnection approval or charger availability."
LTFRB_PUJ1721,0.535,node/4977761380,1.43,node/6836063735,5408.55,6438.75,6610.45,0,False,False,False,,0.0,0,100.0,82.0,52.60757867694284,68.65,38.0,PROXY,osm_power_snapshot_2026_08_20|route2zero_climate_scenario_v1,charging-v1.0,True,"Mapped proximity is not proof of distribution capacity, site control, interconnection approval or charger availability."
LTFRB_PUJ1722,1.335,way/617091970,2.571,node/6836063735,5126.163,6102.575,6265.31,0,False,False,False,,0.0,0,82.0,82.0,55.147719974309574,62.99,38.0,PROXY,osm_power_snapshot_2026_08_20|route2zero_climate_scenario_v1,charging-v1.0,True,"Mapped proximity is not proof of distribution capacity, site control, interconnection approval or charger availability."
LTFRB_PUJ1723,1.335,way/617091970,2.571,node/6836063735,4683.126,5575.15,5723.821,0,False,False,False,,0.0,0,82.0,82.0,59.13294797687862,63.98,38.0,PROXY,osm_power_snapshot_2026_08_20|route2zero_climate_scenario_v1,charging-v1.0,True,"Mapped proximity is not proof of distribution capacity, site control, interconnection approval or charger availability."
LTFRB_PUJ1724,1.248,node/4823208932,2.163,node/6836063735,2442.237,2907.425,2984.956,0,False,False,False,,0.0,0,82.0,82.0,79.29030186255619,69.02,38.0,PROXY,osm_power_snapshot_2026_08_20|route2zero_climate_scenario_v1,charging-v1.0,True,"Mapped proximity is not proof of distribution capacity, site control, interconnection approval or charger availability."
LTFRB_PUJ1725,1.248,node/4823208932,2.163,node/6836063735,2401.182,2858.55,2934.778,0,False,False,False,,0.0,0,82.0,82.0,79.65960179833013,69.11,38.0,PROXY,osm_power_snapshot_2026_08_20|route2zero_climate_scenario_v1,charging-v1.0,True,"Mapped proximity is not proof of distribution capacity, site control, interconnection approval or charger availability."
LTFRB_PUJ1726,1.084,way/30331256,2.163,node/6836063735,843.948,1004.7,1031.492,0,False,False,False,,0.0,0,82.0,82.0,93.66730892742453,72.62,38.0,PROXY,osm_power_snapshot_2026_08_20|route2zero_climate_scenario_v1,charging-v1.0,True,"Mapped proximity is not proof of distribution capacity, site control, interconnection approval or charger availability."
LTFRB_PUJ1727,1.084,way/30331256,2.163,node/6836063735,894.285,1064.625,1093.015,0,False,False,False,,0.0,0,82.0,82.0,93.21451509312782,72.5,38.0,PROXY,osm_power_snapshot_2026_08_20|route2zero_climate_scenario_v1,charging-v1.0,True,"Mapped proximity is not proof of distribution capacity, site control, interconnection approval or charger availability."
LTFRB_PUJ1729,0.615,way/291478089,2.464,node/6836063735,980.679,1167.475,1198.608,0,False,False,False,,0.0,0,100.0,82.0,92.4373795761079,78.61,38.0,PROXY,osm_power_snapshot_2026_08_20|route2zero_climate_scenario_v1,charging-v1.0,True,"Mapped proximity is not proof of distribution capacity, site control, interconnection approval or charger availability."
LTFRB_PUJ1730,1.696,way/96332510,1.024,node/6110400886,4782.372,5693.3,5845.121,0,False,False,False,,0.0,0,82.0,82.0,58.24020552344252,63.76,38.0,PROXY,osm_power_snapshot_2026_08_20|route2zero_climate_scenario_v1,charging-v1.0,True,"Mapped proximity is not proof of distribution capacity, site control, interconnection approval or charger availability."
LTFRB_PUJ1731,1.696,way/96332510,1.024,node/6110400886,4782.372,5693.3,5845.121,0,False,False,False,,0.0,0,82.0,82.0,58.24020552344252,63.76,38.0,PROXY,osm_power_snapshot_2026_08_20|route2zero_climate_scenario_v1,charging-v1.0,True,"Mapped proximity is not proof of distribution capacity, site control, interconnection approval or charger availability."
LTFRB_PUJ1732,1.657,node/2508927841,1.024,node/6110400886,1805.349,2149.225,2206.538,0,False,False,False,,0.0,0,82.0,82.0,85.01926782273603,70.45,38.0,PROXY,osm_power_snapshot_2026_08_20|route2zero_climate_scenario_v1,charging-v1.0,True,"Mapped proximity is not proof of distribution capacity, site control, interconnection approval or charger availability."
LTFRB_PUJ1734,0.065,way/264246780,0.443,node/13081283763,6536.313,7781.325,7988.827,0,False,False,False,,0.0,0,100.0,100.0,42.46307000642261,70.62,38.0,PROXY,osm_power_snapshot_2026_08_20|route2zero_climate_scenario_v1,charging-v1.0,True,"Mapped proximity is not proof of distribution capacity, site control, interconnection approval or charger availability."
LTFRB_PUJ1735,0.065,way/264246780,0.443,node/13081283763,6896.883,8210.575,8429.524,0,False,False,False,,0.0,0,100.0,100.0,39.21965317919075,69.8,38.0,PROXY,osm_power_snapshot_2026_08_20|route2zero_climate_scenario_v1,charging-v1.0,True,"Mapped proximity is not proof of distribution capacity, site control, interconnection approval or charger availability."
LTFRB_PUJ1736,1.257,way/1161606296,0.521,node/6110400886,4850.559,5774.475,5928.461,0,False,False,False,,0.0,0,82.0,100.0,57.62684649967887,68.11,38.0,PROXY,osm_power_snapshot_2026_08_20|route2zero_climate_scenario_v1,charging-v1.0,True,"Mapped proximity is not proof of distribution capacity, site control, interconnection approval or charger availability."
LTFRB_PUJ1737,1.257,way/1161606296,0.521,node/6110400886,5642.742,6717.55,6896.685,0,False,False,False,,0.0,0,82.0,100.0,50.50096339113681,66.33,38.0,PROXY,osm_power_snapshot_2026_08_20|route2zero_climate_scenario_v1,charging-v1.0,True,"Mapped proximity is not proof of distribution capacity, site control, interconnection approval or charger availability."
LTFRB_PUJ1738,1.184,way/264246780,1.024,node/6110400886,6227.508,7413.7,7611.399,0,False,False,False,,0.0,0,82.0,82.0,45.24084778420039,60.51,38.0,PROXY,osm_power_snapshot_2026_08_20|route2zero_climate_scenario_v1,charging-v1.0,True,"Mapped proximity is not proof of distribution capacity, site control, interconnection approval or charger availability."
LTFRB_PUJ1739,1.184,way/264246780,1.024,node/6110400886,6412.434,7633.85,7837.419,0,False,False,False,,0.0,0,82.0,82.0,43.577392421323054,60.09,38.0,PROXY,osm_power_snapshot_2026_08_20|route2zero_climate_scenario_v1,charging-v1.0,True,"Mapped proximity is not proof of distribution capacity, site control, interconnection approval or charger availability."
LTFRB_PUJ1740,0.284,way/31489448,0.664,node/13081283218,912.492,1086.3,1115.268,0,False,False,False,,0.0,0,100.0,100.0,93.05073859987155,83.26,38.0,PROXY,osm_power_snapshot_2026_08_20|route2zero_climate_scenario_v1,charging-v1.0,True,"Mapped proximity is not proof of distribution capacity, site control, interconnection approval or charger availability."
LTFRB_PUJ1741,0.284,way/31489448,0.664,node/13081283218,903.21,1075.25,1103.923,0,False,False,False,,0.0,0,100.0,100.0,93.13423249839435,83.28,38.0,PROXY,osm_power_snapshot_2026_08_20|route2zero_climate_scenario_v1,charging-v1.0,True,"Mapped proximity is not proof of distribution capacity, site control, interconnection approval or charger availability."
LTFRB_PUJ1742,0.284,way/31489448,0.633,node/13081283218,1877.82,2235.5,2295.113,0,False,False,False,,0.0,0,100.0,100.0,84.36737315350032,81.09,38.0,PROXY,osm_power_snapshot_2026_08_20|route2zero_climate_scenario_v1,charging-v1.0,True,"Mapped proximity is not proof of distribution capacity, site control, interconnection approval or charger availability."
LTFRB_PUJ1743,0.284,way/31489448,0.633,node/13081283218,1187.739,1413.975,1451.681,0,False,False,False,,0.0,0,100.0,100.0,90.57482337829158,82.64,38.0,PROXY,osm_power_snapshot_2026_08_20|route2zero_climate_scenario_v1,charging-v1.0,True,"Mapped proximity is not proof of distribution capacity, site control, interconnection approval or charger availability."
LTFRB_PUJ1744,1.11,way/96332510,0.741,node/13081283218,2893.128,3444.2,3536.045,0,False,False,False,,0.0,0,82.0,100.0,75.23442517662171,72.51,38.0,PROXY,osm_power_snapshot_2026_08_20|route2zero_climate_scenario_v1,charging-v1.0,True,"Mapped proximity is not proof of distribution capacity, site control, interconnection approval or charger availability."
LTFRB_PUJ1745,1.11,way/96332510,0.741,node/13081283218,2869.923,3416.575,3507.684,0,False,False,False,,0.0,0,82.0,100.0,75.44315992292871,72.56,38.0,PROXY,osm_power_snapshot_2026_08_20|route2zero_climate_scenario_v1,charging-v1.0,True,"Mapped proximity is not proof of distribution capacity, site control, interconnection approval or charger availability."
LTFRB_PUJ1746,0.55,way/1296102890,1.011,node/9462686325,4115.139,4898.975,5029.614,0,False,False,False,,0.0,0,100.0,82.0,64.24213230571613,71.56,38.0,PROXY,osm_power_snapshot_2026_08_20|route2zero_climate_scenario_v1,charging-v1.0,True,"Mapped proximity is not proof of distribution capacity, site control, interconnection approval or charger availability."
LTFRB_PUJ1747,0.55,way/1296102890,1.011,node/9462686325,4272.576,5086.4,5222.037,0,False,False,False,,0.0,0,100.0,82.0,62.82594733461786,71.21,38.0,PROXY,osm_power_snapshot_2026_08_20|route2zero_climate_scenario_v1,charging-v1.0,True,"Mapped proximity is not proof of distribution capacity, site control, interconnection approval or charger availability."
LTFRB_PUJ1748,0.916,way/341383347,0.861,node/9462686325,1751.799,2085.475,2141.088,0,False,False,False,,0.0,0,100.0,100.0,85.5009633911368,81.38,38.0,PROXY,osm_power_snapshot_2026_08_20|route2zero_climate_scenario_v1,charging-v1.0,True,"Mapped proximity is not proof of distribution capacity, site control, interconnection approval or charger availability."
LTFRB_PUJ1749,0.916,way/341383347,0.878,node/9462686325,1541.883,1835.575,1884.524,0,False,False,False,,0.0,0,100.0,100.0,87.38921001926782,81.85,38.0,PROXY,osm_power_snapshot_2026_08_20|route2zero_climate_scenario_v1,charging-v1.0,True,"Mapped proximity is not proof of distribution capacity, site control, interconnection approval or charger availability."
LTFRB_PUJ1750,0.925,way/440588497,0.861,node/9462686325,1334.466,1588.65,1631.014,0,False,False,False,,0.0,0,100.0,100.0,89.25497752087347,82.31,38.0,PROXY,osm_power_snapshot_2026_08_20|route2zero_climate_scenario_v1,charging-v1.0,True,"Mapped proximity is not proof of distribution capacity, site control, interconnection approval or charger availability."
LTFRB_PUJ1752,1.155,way/136815994,0.517,node/13072158270,667.233,794.325,815.507,0,False,False,False,,0.0,0,82.0,100.0,95.25690430314708,77.51,38.0,PROXY,osm_power_snapshot_2026_08_20|route2zero_climate_scenario_v1,charging-v1.0,True,"Mapped proximity is not proof of distribution capacity, site control, interconnection approval or charger availability."
LTFRB_PUJ1753,1.155,way/136815994,0.517,node/13072158270,440.538,524.45,538.435,0,False,False,False,,0.0,0,82.0,100.0,97.296082209377,78.02,38.0,PROXY,osm_power_snapshot_2026_08_20|route2zero_climate_scenario_v1,charging-v1.0,True,"Mapped proximity is not proof of distribution capacity, site control, interconnection approval or charger availability."
LTFRB_PUJ1754,0.381,way/193633026,1.3,node/13895420988,4541.754,5406.85,5551.033,0,False,False,False,,0.0,0,100.0,82.0,60.40462427745665,70.6,38.0,PROXY,osm_power_snapshot_2026_08_20|route2zero_climate_scenario_v1,charging-v1.0,True,"Mapped proximity is not proof of distribution capacity, site control, interconnection approval or charger availability."
LTFRB_PUJ1755,0.381,way/193633026,1.3,node/13895420988,4622.079,5502.475,5649.208,0,False,False,False,,0.0,0,100.0,82.0,59.68208092485549,70.42,38.0,PROXY,osm_power_snapshot_2026_08_20|route2zero_climate_scenario_v1,charging-v1.0,True,"Mapped proximity is not proof of distribution capacity, site control, interconnection approval or charger availability."
LTFRB_PUJ1756,0.381,way/193633026,1.3,node/13895420988,4064.445,4838.625,4967.655,0,False,False,False,,0.0,0,100.0,82.0,64.69813744380218,71.67,38.0,PROXY,osm_power_snapshot_2026_08_20|route2zero_climate_scenario_v1,charging-v1.0,True,"Mapped proximity is not proof of distribution capacity, site control, interconnection approval or charger availability."
LTFRB_PUJ1757,0.381,way/193633026,1.3,node/13895420988,4070.514,4845.85,4975.073,0,False,False,False,,0.0,0,100.0,82.0,64.64354527938343,71.66,38.0,PROXY,osm_power_snapshot_2026_08_20|route2zero_climate_scenario_v1,charging-v1.0,True,"Mapped proximity is not proof of distribution capacity, site control, interconnection approval or charger availability."
LTFRB_PUJ1758,0.283,node/10817230042,0.653,node/13081283763,4016.25,4781.25,4908.75,0,False,False,False,,0.0,0,100.0,100.0,65.13166345536288,76.28,38.0,PROXY,osm_power_snapshot_2026_08_20|route2zero_climate_scenario_v1,charging-v1.0,True,"Mapped proximity is not proof of distribution capacity, site control, interconnection approval or charger availability."
LTFRB_PUJ1759,0.283,node/10817230042,0.653,node/13081283763,4093.719,4873.475,5003.434,0,False,False,False,,0.0,0,100.0,100.0,64.43481053307643,76.11,38.0,PROXY,osm_power_snapshot_2026_08_20|route2zero_climate_scenario_v1,charging-v1.0,True,"Mapped proximity is not proof of distribution capacity, site control, interconnection approval or charger availability."
LTFRB_PUJ1760,0.571,node/2126363168,0.546,node/13081283763,1791.069,2132.225,2189.084,0,False,False,False,,0.0,0,100.0,100.0,85.14771997430957,81.29,38.0,PROXY,osm_power_snapshot_2026_08_20|route2zero_climate_scenario_v1,charging-v1.0,True,"Mapped proximity is not proof of distribution capacity, site control, interconnection approval or charger availability."
LTFRB_PUJ1761,0.571,node/2126363168,0.546,node/13081283763,1916.376,2281.4,2342.237,0,False,False,False,,0.0,0,100.0,100.0,84.02055234425177,81.01,38.0,PROXY,osm_power_snapshot_2026_08_20|route2zero_climate_scenario_v1,charging-v1.0,True,"Mapped proximity is not proof of distribution capacity, site control, interconnection approval or charger availability."
LTFRB_PUJ1762,0.229,way/264246780,0.503,node/13081283763,2759.61,3285.25,3372.857,0,False,False,False,,0.0,0,100.0,100.0,76.4354527938343,79.11,38.0,PROXY,osm_power_snapshot_2026_08_20|route2zero_climate_scenario_v1,charging-v1.0,True,"Mapped proximity is not proof of distribution capacity, site control, interconnection approval or charger availability."
LTFRB_PUJ1763,0.229,way/264246780,0.503,node/13081283763,3138.387,3736.175,3835.806,0,False,False,False,,0.0,0,100.0,100.0,73.02825947334617,78.26,38.0,PROXY,osm_power_snapshot_2026_08_20|route2zero_climate_scenario_v1,charging-v1.0,True,"Mapped proximity is not proof of distribution capacity, site control, interconnection approval or charger availability."
LTFRB_PUJ1764,0.229,way/264246780,0.503,node/13081283763,2179.485,2594.625,2663.815,0,False,False,False,,0.0,0,100.0,100.0,81.65382145150932,80.41,38.0,PROXY,osm_power_snapshot_2026_08_20|route2zero_climate_scenario_v1,charging-v1.0,True,"Mapped proximity is not proof of distribution capacity, site control, interconnection approval or charger availability."
LTFRB_PUJ1765,0.229,way/264246780,0.503,node/13081283763,2179.485,2594.625,2663.815,0,False,False,False,,0.0,0,100.0,100.0,81.65382145150932,80.41,38.0,PROXY,osm_power_snapshot_2026_08_20|route2zero_climate_scenario_v1,charging-v1.0,True,"Mapped proximity is not proof of distribution capacity, site control, interconnection approval or charger availability."
LTFRB_PUJ1766,0.871,way/260934319,0.569,node/13081283763,1322.685,1574.625,1616.615,0,False,False,False,,0.0,0,100.0,100.0,89.36095054592164,82.34,38.0,PROXY,osm_power_snapshot_2026_08_20|route2zero_climate_scenario_v1,charging-v1.0,True,"Mapped proximity is not proof of distribution capacity, site control, interconnection approval or charger availability."
LTFRB_PUJ1767,0.871,way/260934319,0.569,node/13081283763,1322.685,1574.625,1616.615,0,False,False,False,,0.0,0,100.0,100.0,89.36095054592164,82.34,38.0,PROXY,osm_power_snapshot_2026_08_20|route2zero_climate_scenario_v1,charging-v1.0,True,"Mapped proximity is not proof of distribution capacity, site control, interconnection approval or charger availability."
LTFRB_PUJ1768,0.065,way/264246780,0.443,node/13081283763,1194.522,1422.05,1459.971,0,False,False,False,,0.0,0,100.0,100.0,90.51380860629416,82.63,38.0,PROXY,osm_power_snapshot_2026_08_20|route2zero_climate_scenario_v1,charging-v1.0,True,"Mapped proximity is not proof of distribution capacity, site control, interconnection approval or charger availability."
LTFRB_PUJ1769,0.065,way/264246780,0.443,node/13081283763,1194.522,1422.05,1459.971,0,False,False,False,,0.0,0,100.0,100.0,90.51380860629416,82.63,38.0,PROXY,osm_power_snapshot_2026_08_20|route2zero_climate_scenario_v1,charging-v1.0,True,"Mapped proximity is not proof of distribution capacity, site control, interconnection approval or charger availability."
LTFRB_PUJ1770,0.229,way/264246780,0.503,node/13081283763,1140.258,1357.45,1393.649,0,False,False,False,,0.0,0,100.0,100.0,91.0019267822736,82.75,38.0,PROXY,osm_power_snapshot_2026_08_20|route2zero_climate_scenario_v1,charging-v1.0,True,"Mapped proximity is not proof of distribution capacity, site control, interconnection approval or charger availability."
LTFRB_PUJ1771,0.229,way/264246780,0.503,node/13081283763,842.163,1002.575,1029.31,0,False,False,False,,0.0,0,100.0,100.0,93.68336544637123,83.42,38.0,PROXY,osm_power_snapshot_2026_08_20|route2zero_climate_scenario_v1,charging-v1.0,True,"Mapped proximity is not proof of distribution capacity, site control, interconnection approval or charger availability."
LTFRB_PUJ1772,0.229,way/264246780,0.503,node/13081283763,1019.592,1213.8,1246.168,0,False,False,False,,0.0,0,100.0,100.0,92.08734746307,83.02,38.0,PROXY,osm_power_snapshot_2026_08_20|route2zero_climate_scenario_v1,charging-v1.0,True,"Mapped proximity is not proof of distribution capacity, site control, interconnection approval or charger availability."
LTFRB_PUJ1773,0.229,way/264246780,0.503,node/13081283763,1380.519,1643.475,1687.301,0,False,False,False,,0.0,0,100.0,100.0,88.8407193320488,82.21,38.0,PROXY,osm_power_snapshot_2026_08_20|route2zero_climate_scenario_v1,charging-v1.0,True,"Mapped proximity is not proof of distribution capacity, site control, interconnection approval or charger availability."
LTFRB_PUJ1775,0.229,way/264246780,0.503,node/13081283763,1878.891,2236.775,2296.422,0,False,False,False,,0.0,0,100.0,100.0,84.35773924213231,81.09,38.0,PROXY,osm_power_snapshot_2026_08_20|route2zero_climate_scenario_v1,charging-v1.0,True,"Mapped proximity is not proof of distribution capacity, site control, interconnection approval or charger availability."
LTFRB_PUJ1776,0.971,way/264246780,0.554,node/13081283763,5610.255,6678.875,6856.978,0,False,False,False,,0.0,0,100.0,100.0,50.793192035966605,72.7,38.0,PROXY,osm_power_snapshot_2026_08_20|route2zero_climate_scenario_v1,charging-v1.0,True,"Mapped proximity is not proof of distribution capacity, site control, interconnection approval or charger availability."
LTFRB_PUJ1777,0.971,way/264246780,0.554,node/13081283763,5670.588,6750.7,6930.719,0,False,False,False,,0.0,0,100.0,100.0,50.2504816955684,72.56,38.0,PROXY,osm_power_snapshot_2026_08_20|route2zero_climate_scenario_v1,charging-v1.0,True,"Mapped proximity is not proof of distribution capacity, site control, interconnection approval or charger availability."
LTFRB_PUJ1778,0.546,way/406977698,1.154,node/9756145409,1243.788,1480.7,1520.185,0,False,False,False,,0.0,0,100.0,82.0,90.07064868336545,78.02,38.0,PROXY,osm_power_snapshot_2026_08_20|route2zero_climate_scenario_v1,charging-v1.0,True,"Mapped proximity is not proof of distribution capacity, site control, interconnection approval or charger availability."
LTFRB_PUJ1779,0.546,way/406977698,1.154,node/9756145409,1001.742,1192.55,1224.351,0,False,False,False,,0.0,0,100.0,82.0,92.24791265253693,78.56,38.0,PROXY,osm_power_snapshot_2026_08_20|route2zero_climate_scenario_v1,charging-v1.0,True,"Mapped proximity is not proof of distribution capacity, site control, interconnection approval or charger availability."
LTFRB_PUJ1780,0.269,way/60193935,0.576,node/9462686325,1022.805,1217.625,1250.095,0,False,False,False,,0.0,0,100.0,100.0,92.05844572896596,83.01,38.0,PROXY,osm_power_snapshot_2026_08_20|route2zero_climate_scenario_v1,charging-v1.0,True,"Mapped proximity is not proof of distribution capacity, site control, interconnection approval or charger availability."
LTFRB_PUJ1781,0.269,way/60193935,0.576,node/9462686325,1221.297,1453.925,1492.696,0,False,False,False,,0.0,0,100.0,100.0,90.27296082209376,82.57,38.0,PROXY,osm_power_snapshot_2026_08_20|route2zero_climate_scenario_v1,charging-v1.0,True,"Mapped proximity is not proof of distribution capacity, site control, interconnection approval or charger availability."
LTFRB_PUJ1782,0.55,way/1296102890,0.773,node/6836063735,2937.039,3496.475,3589.714,0,False,False,False,,0.0,0,100.0,100.0,74.83943481053308,78.71,38.0,PROXY,osm_power_snapshot_2026_08_20|route2zero_climate_scenario_v1,charging-v1.0,True,"Mapped proximity is not proof of distribution capacity, site control, interconnection approval or charger availability."
LTFRB_PUJ1783,0.55,way/1296102890,0.773,node/6836063735,3141.6,3740.0,3839.733,0,False,False,False,,0.0,0,100.0,100.0,72.99935773924213,78.25,38.0,PROXY,osm_power_snapshot_2026_08_20|route2zero_climate_scenario_v1,charging-v1.0,True,"Mapped proximity is not proof of distribution capacity, site control, interconnection approval or charger availability."
LTFRB_PUJ1784,0.113,node/4592771042,1.43,node/6836063735,5998.314,7140.85,7331.273,0,False,False,False,,0.0,0,100.0,82.0,47.30250481695568,67.33,38.0,PROXY,osm_power_snapshot_2026_08_20|route2zero_climate_scenario_v1,charging-v1.0,True,"Mapped proximity is not proof of distribution capacity, site control, interconnection approval or charger availability."
LTFRB_PUJ1785,0.113,node/4592771042,1.43,node/6836063735,5942.622,7074.55,7263.205,0,False,False,False,,0.0,0,100.0,82.0,47.80346820809249,67.45,38.0,PROXY,osm_power_snapshot_2026_08_20|route2zero_climate_scenario_v1,charging-v1.0,True,"Mapped proximity is not proof of distribution capacity, site control, interconnection approval or charger availability."
LTFRB_PUJ1786,0.113,node/4592771042,1.837,node/6836063735,6415.647,7637.675,7841.346,0,False,False,False,,0.0,0,100.0,82.0,43.54849068721901,66.39,38.0,PROXY,osm_power_snapshot_2026_08_20|route2zero_climate_scenario_v1,charging-v1.0,True,"Mapped proximity is not proof of distribution capacity, site control, interconnection approval or charger availability."
LTFRB_PUJ1787,0.518,node/4977761380,1.837,node/6836063735,3114.111,3707.275,3806.136,0,False,False,False,,0.0,0,100.0,82.0,73.2466281310212,73.81,38.0,PROXY,osm_power_snapshot_2026_08_20|route2zero_climate_scenario_v1,charging-v1.0,True,"Mapped proximity is not proof of distribution capacity, site control, interconnection approval or charger availability."
LTFRB_PUJ1788,1.265,way/30679817,2.642,node/6110400886,5042.625,6003.125,6163.208,0,False,False,False,,0.0,0,82.0,82.0,55.89916506101478,63.17,38.0,PROXY,osm_power_snapshot_2026_08_20|route2zero_climate_scenario_v1,charging-v1.0,True,"Mapped proximity is not proof of distribution capacity, site control, interconnection approval or charger availability."
LTFRB_PUJ1789,1.265,way/30679817,2.642,node/6110400886,4763.094,5670.35,5821.559,0,False,False,False,,0.0,0,82.0,82.0,58.4136159280668,63.8,38.0,PROXY,osm_power_snapshot_2026_08_20|route2zero_climate_scenario_v1,charging-v1.0,True,"Mapped proximity is not proof of distribution capacity, site control, interconnection approval or charger availability."
LTFRB_PUJ1790,0.806,way/617091970,2.163,node/6836063735,4699.548,5594.7,5743.892,0,False,False,False,,0.0,0,100.0,82.0,58.985228002569045,70.25,38.0,PROXY,osm_power_snapshot_2026_08_20|route2zero_climate_scenario_v1,charging-v1.0,True,"Mapped proximity is not proof of distribution capacity, site control, interconnection approval or charger availability."
LTFRB_PUJ1791,0.806,way/617091970,2.163,node/6836063735,4969.083,5915.575,6073.324,0,False,False,False,,0.0,0,100.0,82.0,56.560693641618506,69.64,38.0,PROXY,osm_power_snapshot_2026_08_20|route2zero_climate_scenario_v1,charging-v1.0,True,"Mapped proximity is not proof of distribution capacity, site control, interconnection approval or charger availability."
LTFRB_PUJ1792,0.339,node/4977761380,1.379,node/6836063735,5178.999,6165.475,6329.888,0,False,False,False,,0.0,0,100.0,82.0,54.67244701348747,69.17,38.0,PROXY,osm_power_snapshot_2026_08_20|route2zero_climate_scenario_v1,charging-v1.0,True,"Mapped proximity is not proof of distribution capacity, site control, interconnection approval or charger availability."
LTFRB_PUJ1793,0.339,node/4977761380,1.379,node/6836063735,5289.312,6296.8,6464.715,0,False,False,False,,0.0,0,100.0,82.0,53.680154142581884,68.92,38.0,PROXY,osm_power_snapshot_2026_08_20|route2zero_climate_scenario_v1,charging-v1.0,True,"Mapped proximity is not proof of distribution capacity, site control, interconnection approval or charger availability."
LTFRB_PUJ1794,1.171,way/617091970,1.777,node/6836063735,5030.13,5988.25,6147.937,0,False,False,False,,0.0,0,82.0,82.0,56.01156069364162,63.2,38.0,PROXY,osm_power_snapshot_2026_08_20|route2zero_climate_scenario_v1,charging-v1.0,True,"Mapped proximity is not proof of distribution capacity, site control, interconnection approval or charger availability."
LTFRB_PUJ1795,1.171,way/617091970,1.777,node/6836063735,5331.081,6346.525,6515.766,0,False,False,False,,0.0,0,82.0,82.0,53.30443159922929,62.53,38.0,PROXY,osm_power_snapshot_2026_08_20|route2zero_climate_scenario_v1,charging-v1.0,True,"Mapped proximity is not proof of distribution capacity, site control, interconnection approval or charger availability."
LTFRB_PUJ1796,0.453,way/35583874,2.464,node/6836063735,833.238,991.95,1018.402,0,False,False,False,,0.0,0,100.0,82.0,93.76364804110469,78.94,38.0,PROXY,osm_power_snapshot_2026_08_20|route2zero_climate_scenario_v1,charging-v1.0,True,"Mapped proximity is not proof of distribution capacity, site control, interconnection approval or charger availability."
LTFRB_PUJ1797,0.453,way/35583874,2.464,node/6836063735,485.877,578.425,593.85,0,False,False,False,,0.0,0,100.0,82.0,96.88824662813101,79.72,38.0,PROXY,osm_power_snapshot_2026_08_20|route2zero_climate_scenario_v1,charging-v1.0,True,"Mapped proximity is not proof of distribution capacity, site control, interconnection approval or charger availability."
LTFRB_PUJ1798,0.817,way/1161688518,2.773,node/6836063735,1271.634,1513.85,1554.219,0,False,False,False,,0.0,0,100.0,82.0,89.82016698779705,77.96,38.0,PROXY,osm_power_snapshot_2026_08_20|route2zero_climate_scenario_v1,charging-v1.0,True,"Mapped proximity is not proof of distribution capacity, site control, interconnection approval or charger availability."
LTFRB_PUJ1799,0.817,way/1161688518,2.773,node/6836063735,1123.122,1337.05,1372.705,0,False,False,False,,0.0,0,100.0,82.0,91.15606936416185,78.29,38.0,PROXY,osm_power_snapshot_2026_08_20|route2zero_climate_scenario_v1,charging-v1.0,True,"Mapped proximity is not proof of distribution capacity, site control, interconnection approval or charger availability."
LTFRB_PUJ1800,0.568,way/30331256,2.163,node/6836063735,1177.743,1402.075,1439.464,0,False,False,False,,0.0,0,100.0,82.0,90.66473988439306,78.17,38.0,PROXY,osm_power_snapshot_2026_08_20|route2zero_climate_scenario_v1,charging-v1.0,True,"Mapped proximity is not proof of distribution capacity, site control, interconnection approval or charger availability."
LTFRB_PUJ1801,0.568,way/30331256,2.163,node/6836063735,2050.251,2440.775,2505.862,0,False,False,False,,0.0,0,100.0,82.0,82.81631342324984,76.2,38.0,PROXY,osm_power_snapshot_2026_08_20|route2zero_climate_scenario_v1,charging-v1.0,True,"Mapped proximity is not proof of distribution capacity, site control, interconnection approval or charger availability."
LTFRB_PUJ1802,0.518,node/4977761380,1.837,node/6836063735,437.682,521.05,534.945,0,False,False,False,,0.0,0,100.0,82.0,97.32177263969172,79.83,38.0,PROXY,osm_power_snapshot_2026_08_20|route2zero_climate_scenario_v1,charging-v1.0,True,"Mapped proximity is not proof of distribution capacity, site control, interconnection approval or charger availability."
LTFRB_PUJ1803,0.518,node/4977761380,1.837,node/6836063735,344.862,410.55,421.498,0,False,False,False,,0.0,0,100.0,82.0,98.15671162491972,80.04,38.0,PROXY,osm_power_snapshot_2026_08_20|route2zero_climate_scenario_v1,charging-v1.0,True,"Mapped proximity is not proof of distribution capacity, site control, interconnection approval or charger availability."
LTFRB_PUJ1804,1.253,way/440593524,2.812,node/6110400886,5110.812,6084.3,6246.548,0,False,False,False,,0.0,0,82.0,82.0,55.28580603725112,63.02,38.0,PROXY,osm_power_snapshot_2026_08_20|route2zero_climate_scenario_v1,charging-v1.0,True,"Mapped proximity is not proof of distribution capacity, site control, interconnection approval or charger availability."
LTFRB_PUJ1805,1.253,way/440593524,2.912,node/6110400886,4626.006,5507.15,5654.007,0,False,False,False,,0.0,0,82.0,82.0,59.646756583172774,64.11,38.0,PROXY,osm_power_snapshot_2026_08_20|route2zero_climate_scenario_v1,charging-v1.0,True,"Mapped proximity is not proof of distribution capacity, site control, interconnection approval or charger availability."
LTFRB_PUJ1806,1.803,way/1213040608,2.216,node/6110400886,2882.061,3431.025,3522.519,0,False,False,False,,0.0,0,82.0,82.0,75.3339755940912,68.03,38.0,PROXY,osm_power_snapshot_2026_08_20|route2zero_climate_scenario_v1,charging-v1.0,True,"Mapped proximity is not proof of distribution capacity, site control, interconnection approval or charger availability."
LTFRB_PUJ1807,1.657,node/2508927841,2.571,node/6110400886,2281.944,2716.6,2789.043,0,False,False,False,,0.0,0,82.0,82.0,80.73217726396916,69.38,38.0,PROXY,osm_power_snapshot_2026_08_20|route2zero_climate_scenario_v1,charging-v1.0,True,"Mapped proximity is not proof of distribution capacity, site control, interconnection approval or charger availability."
LTFRB_PUJ1809,0.971,way/264246780,0.554,node/13081283763,2140.572,2548.3,2616.255,0,False,False,False,,0.0,0,100.0,100.0,82.0038535645472,80.5,38.0,PROXY,osm_power_snapshot_2026_08_20|route2zero_climate_scenario_v1,charging-v1.0,True,"Mapped proximity is not proof of distribution capacity, site control, interconnection approval or charger availability."
LTFRB_PUJ1811,0.971,way/264246780,0.554,node/13081283763,1163.82,1385.5,1422.447,0,False,False,False,,0.0,0,100.0,100.0,90.78998073217727,82.7,38.0,PROXY,osm_power_snapshot_2026_08_20|route2zero_climate_scenario_v1,charging-v1.0,True,"Mapped proximity is not proof of distribution capacity, site control, interconnection approval or charger availability."
LTFRB_PUJ1812,0.793,way/30755991,1.78,node/11953464116,5839.806,6952.15,7137.541,0,False,False,False,,0.0,0,100.0,82.0,48.72832369942197,67.68,38.0,PROXY,osm_power_snapshot_2026_08_20|route2zero_climate_scenario_v1,charging-v1.0,True,"Mapped proximity is not proof of distribution capacity, site control, interconnection approval or charger availability."
LTFRB_PUJ1813,0.793,way/30755991,1.78,node/11953464116,5866.938,6984.45,7170.702,0,False,False,False,,0.0,0,100.0,82.0,48.48426461143225,67.62,38.0,PROXY,osm_power_snapshot_2026_08_20|route2zero_climate_scenario_v1,charging-v1.0,True,"Mapped proximity is not proof of distribution capacity, site control, interconnection approval or charger availability."
LTFRB_PUJ1814,2.181,way/116061783,0.603,node/13111228298,7890.771,9393.775,9644.276,0,False,False,False,,0.0,0,82.0,100.0,30.279383429672464,61.27,38.0,PROXY,osm_power_snapshot_2026_08_20|route2zero_climate_scenario_v1,charging-v1.0,True,"Mapped proximity is not proof of distribution capacity, site control, interconnection approval or charger availability."
LTFRB_PUJ1815,2.181,way/116061783,0.603,node/13111228298,8034.285,9564.625,9819.682,0,False,False,False,,0.0,0,82.0,100.0,28.988439306358387,60.95,38.0,PROXY,osm_power_snapshot_2026_08_20|route2zero_climate_scenario_v1,charging-v1.0,True,"Mapped proximity is not proof of distribution capacity, site control, interconnection approval or charger availability."
LTFRB_PUJ1816,3.193,way/1087775057,8.662,node/11953464116,2742.831,3265.275,3352.349,0,False,False,False,,0.0,0,58.0,32.0,76.5863840719332,47.45,38.0,PROXY,osm_power_snapshot_2026_08_20|route2zero_climate_scenario_v1,charging-v1.0,True,"Mapped proximity is not proof of distribution capacity, site control, interconnection approval or charger availability."
LTFRB_PUJ1817,1.342,way/1213040608,2.216,node/6110400886,3859.884,4595.1,4717.636,0,False,False,False,,0.0,0,82.0,82.0,66.53821451509313,65.83,38.0,PROXY,osm_power_snapshot_2026_08_20|route2zero_climate_scenario_v1,charging-v1.0,True,"Mapped proximity is not proof of distribution capacity, site control, interconnection approval or charger availability."
LTFRB_PUJ1818,1.342,way/1213040608,2.216,node/6110400886,3734.577,4445.925,4564.483,0,False,False,False,,0.0,0,82.0,82.0,67.66538214515093,66.12,38.0,PROXY,osm_power_snapshot_2026_08_20|route2zero_climate_scenario_v1,charging-v1.0,True,"Mapped proximity is not proof of distribution capacity, site control, interconnection approval or charger availability."
LTFRB_PUJ1819,0.635,way/60193935,1.154,node/9756145409,4451.076,5298.9,5440.204,0,False,False,False,,0.0,0,100.0,82.0,61.22029543994862,70.81,38.0,PROXY,osm_power_snapshot_2026_08_20|route2zero_climate_scenario_v1,charging-v1.0,True,"Mapped proximity is not proof of distribution capacity, site control, interconnection approval or charger availability."
LTFRB_PUJ1820,0.635,way/60193935,1.154,node/9756145409,4420.017,5261.925,5402.243,0,False,False,False,,0.0,0,100.0,82.0,61.499678869621064,70.87,38.0,PROXY,osm_power_snapshot_2026_08_20|route2zero_climate_scenario_v1,charging-v1.0,True,"Mapped proximity is not proof of distribution capacity, site control, interconnection approval or charger availability."
LTFRB_PUJ1821,0.971,way/264246780,0.554,node/13081283763,1917.447,2282.675,2343.546,0,False,False,False,,0.0,0,100.0,100.0,84.01091843288376,81.0,38.0,PROXY,osm_power_snapshot_2026_08_20|route2zero_climate_scenario_v1,charging-v1.0,True,"Mapped proximity is not proof of distribution capacity, site control, interconnection approval or charger availability."
LTFRB_PUJ1822,0.971,way/264246780,0.554,node/13081283763,1545.81,1840.25,1889.323,0,False,False,False,,0.0,0,100.0,100.0,87.3538856775851,81.84,38.0,PROXY,osm_power_snapshot_2026_08_20|route2zero_climate_scenario_v1,charging-v1.0,True,"Mapped proximity is not proof of distribution capacity, site control, interconnection approval or charger availability."
LTFRB_PUJ1823,1.265,way/30679817,2.642,node/6110400886,5057.976,6021.4,6181.971,0,False,False,False,,0.0,0,82.0,82.0,55.76107899807322,63.14,38.0,PROXY,osm_power_snapshot_2026_08_20|route2zero_climate_scenario_v1,charging-v1.0,True,"Mapped proximity is not proof of distribution capacity, site control, interconnection approval or charger availability."
LTFRB_PUJ1824,1.265,way/30679817,2.642,node/6110400886,4780.587,5691.175,5842.94,0,False,False,False,,0.0,0,82.0,82.0,58.25626204238921,63.76,38.0,PROXY,osm_power_snapshot_2026_08_20|route2zero_climate_scenario_v1,charging-v1.0,True,"Mapped proximity is not proof of distribution capacity, site control, interconnection approval or charger availability."
LTFRB_PUJ1826,0.699,way/161414200,4.302,node/13895420988,858.585,1022.125,1049.382,0,False,False,False,,0.0,0,100.0,58.0,93.53564547206166,72.88,38.0,PROXY,osm_power_snapshot_2026_08_20|route2zero_climate_scenario_v1,charging-v1.0,True,"Mapped proximity is not proof of distribution capacity, site control, interconnection approval or charger availability."
LTFRB_PUJ1827,0.325,node/4381582607,10.315,node/12980211308,5939.409,7070.725,7259.278,0,False,False,False,,0.0,0,100.0,32.0,47.83236994219653,54.96,38.0,PROXY,osm_power_snapshot_2026_08_20|route2zero_climate_scenario_v1,charging-v1.0,True,"Mapped proximity is not proof of distribution capacity, site control, interconnection approval or charger availability."
LTFRB_PUJ1828,0.113,node/4592771042,10.54,node/12980211308,2137.002,2544.05,2611.891,0,False,False,False,,0.0,0,100.0,32.0,82.0359666024406,63.51,38.0,PROXY,osm_power_snapshot_2026_08_20|route2zero_climate_scenario_v1,charging-v1.0,True,"Mapped proximity is not proof of distribution capacity, site control, interconnection approval or charger availability."
LTFRB_PUJ1830,0.113,node/4592771042,2.459,node/12980211308,4080.153,4857.325,4986.854,0,False,False,False,,0.0,0,100.0,82.0,64.55684007707129,71.64,38.0,PROXY,osm_power_snapshot_2026_08_20|route2zero_climate_scenario_v1,charging-v1.0,True,"Mapped proximity is not proof of distribution capacity, site control, interconnection approval or charger availability."
LTFRB_PUJ1831,0.113,node/4592771042,2.459,node/12980211308,4040.883,4810.575,4938.857,0,False,False,False,,0.0,0,100.0,82.0,64.91008349389853,71.73,38.0,PROXY,osm_power_snapshot_2026_08_20|route2zero_climate_scenario_v1,charging-v1.0,True,"Mapped proximity is not proof of distribution capacity, site control, interconnection approval or charger availability."
LTFRB_PUJ1833,0.37,node/4592771042,10.763,node/12980211308,2507.568,2985.2,3064.805,0,False,False,False,,0.0,0,100.0,32.0,78.70263326910725,62.68,38.0,PROXY,osm_power_snapshot_2026_08_20|route2zero_climate_scenario_v1,charging-v1.0,True,"Mapped proximity is not proof of distribution capacity, site control, interconnection approval or charger availability."
LTFRB_PUJ1834,0.343,node/4592771042,5.019,node/12862848460,4019.106,4784.65,4912.241,0,False,False,False,,0.0,0,100.0,58.0,65.10597302504817,65.78,38.0,PROXY,osm_power_snapshot_2026_08_20|route2zero_climate_scenario_v1,charging-v1.0,True,"Mapped proximity is not proof of distribution capacity, site control, interconnection approval or charger availability."
LTFRB_PUJ1836,1.132,way/96332510,0.539,node/10703746877,2193.051,2610.775,2680.396,0,False,False,False,,0.0,0,82.0,100.0,81.53179190751445,74.08,38.0,PROXY,osm_power_snapshot_2026_08_20|route2zero_climate_scenario_v1,charging-v1.0,True,"Mapped proximity is not proof of distribution capacity, site control, interconnection approval or charger availability."
LTFRB_PUJ1837,1.132,way/96332510,0.539,node/10703746877,2265.165,2696.625,2768.535,0,False,False,False,,0.0,0,82.0,100.0,80.88310854206807,73.92,38.0,PROXY,osm_power_snapshot_2026_08_20|route2zero_climate_scenario_v1,charging-v1.0,True,"Mapped proximity is not proof of distribution capacity, site control, interconnection approval or charger availability."
LTFRB_PUJ1838,1.18,way/97816397,1.912,node/12950633881,3611.412,4299.3,4413.948,0,False,False,False,,0.0,0,82.0,82.0,68.7732819524727,66.39,38.0,PROXY,osm_power_snapshot_2026_08_20|route2zero_climate_scenario_v1,charging-v1.0,True,"Mapped proximity is not proof of distribution capacity, site control, interconnection approval or charger availability."
LTFRB_PUJ1839,2.834,way/96332510,2.245,node/13152399652,749.7,892.5,916.3,0,False,False,False,,0.0,0,82.0,82.0,94.51509312780989,72.83,38.0,PROXY,osm_power_snapshot_2026_08_20|route2zero_climate_scenario_v1,charging-v1.0,True,"Mapped proximity is not proof of distribution capacity, site control, interconnection approval or charger availability."
LTFRB_PUJ1840,2.834,way/96332510,2.245,node/13152399652,865.011,1029.775,1057.236,0,False,False,False,,0.0,0,82.0,82.0,93.47784200385357,72.57,38.0,PROXY,osm_power_snapshot_2026_08_20|route2zero_climate_scenario_v1,charging-v1.0,True,"Mapped proximity is not proof of distribution capacity, site control, interconnection approval or charger availability."
LTFRB_PUJ1841,0.309,node/2126363194,3.055,node/13895420988,669.018,796.45,817.689,0,False,False,False,,0.0,0,100.0,58.0,95.24084778420038,73.31,38.0,PROXY,osm_power_snapshot_2026_08_20|route2zero_climate_scenario_v1,charging-v1.0,True,"Mapped proximity is not proof of distribution capacity, site control, interconnection approval or charger availability."
LTFRB_PUJ1842,0.309,node/2126363194,3.055,node/13895420988,820.029,976.225,1002.258,0,False,False,False,,0.0,0,100.0,58.0,93.88246628131022,72.97,38.0,PROXY,osm_power_snapshot_2026_08_20|route2zero_climate_scenario_v1,charging-v1.0,True,"Mapped proximity is not proof of distribution capacity, site control, interconnection approval or charger availability."
LTFRB_PUJ1843,1.101,way/800186096,0.539,node/10703746877,3476.109,4138.225,4248.578,0,False,False,False,,0.0,0,82.0,100.0,69.99036608863199,71.2,38.0,PROXY,osm_power_snapshot_2026_08_20|route2zero_climate_scenario_v1,charging-v1.0,True,"Mapped proximity is not proof of distribution capacity, site control, interconnection approval or charger availability."
LTFRB_PUJ1844,1.101,way/800186096,0.539,node/10703746877,3355.443,3994.575,4101.097,0,False,False,False,,0.0,0,82.0,100.0,71.07578676942839,71.47,38.0,PROXY,osm_power_snapshot_2026_08_20|route2zero_climate_scenario_v1,charging-v1.0,True,"Mapped proximity is not proof of distribution capacity, site control, interconnection approval or charger availability."
LTFRB_PUJ1845,1.182,way/617091162,0.868,node/11953464116,3232.635,3848.375,3950.998,0,False,False,False,,0.0,0,82.0,100.0,72.18047527296082,71.75,38.0,PROXY,osm_power_snapshot_2026_08_20|route2zero_climate_scenario_v1,charging-v1.0,True,"Mapped proximity is not proof of distribution capacity, site control, interconnection approval or charger availability."
LTFRB_PUJ1846,1.182,way/617091162,0.868,node/11953464116,3153.738,3754.45,3854.569,0,False,False,False,,0.0,0,82.0,100.0,72.89017341040463,71.92,38.0,PROXY,osm_power_snapshot_2026_08_20|route2zero_climate_scenario_v1,charging-v1.0,True,"Mapped proximity is not proof of distribution capacity, site control, interconnection approval or charger availability."
LTFRB_PUJ1847,0.971,way/264246780,0.554,node/13081283763,1166.319,1388.475,1425.501,0,False,False,False,,0.0,0,100.0,100.0,90.76750160565189,82.69,38.0,PROXY,osm_power_snapshot_2026_08_20|route2zero_climate_scenario_v1,charging-v1.0,True,"Mapped proximity is not proof of distribution capacity, site control, interconnection approval or charger availability."
LTFRB_PUJ1849,0.965,way/182922897,4.222,node/13895420988,4510.338,5369.45,5512.635,0,False,False,False,,0.0,0,100.0,58.0,60.68721901091843,64.67,38.0,PROXY,osm_power_snapshot_2026_08_20|route2zero_climate_scenario_v1,charging-v1.0,True,"Mapped proximity is not proof of distribution capacity, site control, interconnection approval or charger availability."
LTFRB_PUJ1850,0.965,way/182922897,4.222,node/13895420988,4336.122,5162.05,5299.705,0,False,False,False,,0.0,0,100.0,58.0,62.2543352601156,65.06,38.0,PROXY,osm_power_snapshot_2026_08_20|route2zero_climate_scenario_v1,charging-v1.0,True,"Mapped proximity is not proof of distribution capacity, site control, interconnection approval or charger availability."
LTFRB_PUJ1851,0.309,node/2126363194,3.072,node/9756145409,1815.702,2161.55,2219.191,0,False,False,False,,0.0,0,100.0,58.0,84.92614001284521,70.73,38.0,PROXY,osm_power_snapshot_2026_08_20|route2zero_climate_scenario_v1,charging-v1.0,True,"Mapped proximity is not proof of distribution capacity, site control, interconnection approval or charger availability."
LTFRB_PUJ1852,0.309,node/2126363194,3.072,node/9756145409,1966.356,2340.9,2403.324,0,False,False,False,,0.0,0,100.0,58.0,83.57096981374437,70.39,38.0,PROXY,osm_power_snapshot_2026_08_20|route2zero_climate_scenario_v1,charging-v1.0,True,"Mapped proximity is not proof of distribution capacity, site control, interconnection approval or charger availability."
LTFRB_PUJ1853,1.118,way/264246780,1.514,node/13081283763,2843.505,3385.125,3475.395,0,False,False,False,,0.0,0,82.0,82.0,75.68079640333976,68.12,38.0,PROXY,osm_power_snapshot_2026_08_20|route2zero_climate_scenario_v1,charging-v1.0,True,"Mapped proximity is not proof of distribution capacity, site control, interconnection approval or charger availability."
LTFRB_PUJ1854,1.118,way/264246780,1.514,node/13081283763,2725.695,3244.875,3331.405,0,False,False,False,,0.0,0,82.0,82.0,76.74052665382145,68.39,38.0,PROXY,osm_power_snapshot_2026_08_20|route2zero_climate_scenario_v1,charging-v1.0,True,"Mapped proximity is not proof of distribution capacity, site control, interconnection approval or charger availability."
LTFRB_PUJ1855,0.869,way/291478089,1.679,node/13081283763,4607.085,5484.625,5630.882,0,False,False,False,,0.0,0,100.0,82.0,59.81695568400771,70.45,38.0,PROXY,osm_power_snapshot_2026_08_20|route2zero_climate_scenario_v1,charging-v1.0,True,"Mapped proximity is not proof of distribution capacity, site control, interconnection approval or charger availability."
LTFRB_PUJ1856,0.869,way/291478089,1.679,node/13081283763,4629.219,5510.975,5657.934,0,False,False,False,,0.0,0,100.0,82.0,59.61785484906873,70.4,38.0,PROXY,osm_power_snapshot_2026_08_20|route2zero_climate_scenario_v1,charging-v1.0,True,"Mapped proximity is not proof of distribution capacity, site control, interconnection approval or charger availability."
LTFRB_PUJ1857,0.78,way/31489448,2.105,node/13081283763,4586.022,5459.55,5605.138,0,False,False,False,,0.0,0,100.0,82.0,60.00642260757868,70.5,38.0,PROXY,osm_power_snapshot_2026_08_20|route2zero_climate_scenario_v1,charging-v1.0,True,"Mapped proximity is not proof of distribution capacity, site control, interconnection approval or charger availability."
LTFRB_PUJ1859,0.56,way/264246780,0.653,node/13081283763,1970.997,2346.425,2408.996,0,False,False,False,,0.0,0,100.0,100.0,83.52922286448297,80.88,38.0,PROXY,osm_power_snapshot_2026_08_20|route2zero_climate_scenario_v1,charging-v1.0,True,"Mapped proximity is not proof of distribution capacity, site control, interconnection approval or charger availability."
LTFRB_PUJ1860,0.56,way/264246780,0.653,node/13081283763,2127.72,2533.0,2600.547,0,False,False,False,,0.0,0,100.0,100.0,82.11946050096338,80.53,38.0,PROXY,osm_power_snapshot_2026_08_20|route2zero_climate_scenario_v1,charging-v1.0,True,"Mapped proximity is not proof of distribution capacity, site control, interconnection approval or charger availability."
LTFRB_PUJ1862,0.56,way/264246780,0.653,node/13081283763,2884.56,3434.0,3525.573,0,False,False,False,,0.0,0,100.0,100.0,75.31149646756583,78.83,38.0,PROXY,osm_power_snapshot_2026_08_20|route2zero_climate_scenario_v1,charging-v1.0,True,"Mapped proximity is not proof of distribution capacity, site control, interconnection approval or charger availability."
LTFRB_PUJ1863,0.78,way/31489448,2.105,node/13081283763,6047.223,7199.075,7391.05,0,False,False,False,,0.0,0,100.0,82.0,46.86255619781632,67.22,38.0,PROXY,osm_power_snapshot_2026_08_20|route2zero_climate_scenario_v1,charging-v1.0,True,"Mapped proximity is not proof of distribution capacity, site control, interconnection approval or charger availability."
LTFRB_PUJ1865,0.78,way/31489448,1.632,node/13081283763,1325.184,1577.6,1619.669,0,False,False,False,,0.0,0,100.0,82.0,89.33847141939627,77.83,38.0,PROXY,osm_power_snapshot_2026_08_20|route2zero_climate_scenario_v1,charging-v1.0,True,"Mapped proximity is not proof of distribution capacity, site control, interconnection approval or charger availability."
LTFRB_PUJ1866,0.251,way/90125781,2.105,node/13081283763,5423.187,6456.175,6628.34,0,False,False,False,,0.0,0,100.0,82.0,52.47591522157996,68.62,38.0,PROXY,osm_power_snapshot_2026_08_20|route2zero_climate_scenario_v1,charging-v1.0,True,"Mapped proximity is not proof of distribution capacity, site control, interconnection approval or charger availability."
LTFRB_PUJ1867,0.251,way/90125781,2.105,node/13081283763,5377.848,6402.2,6572.925,0,False,False,False,,0.0,0,100.0,82.0,52.88375080282595,68.72,38.0,PROXY,osm_power_snapshot_2026_08_20|route2zero_climate_scenario_v1,charging-v1.0,True,"Mapped proximity is not proof of distribution capacity, site control, interconnection approval or charger availability."
LTFRB_PUJ1868,1.706,way/1161606296,1.777,node/10703746877,3528.588,4200.7,4312.719,0,False,False,False,,0.0,0,82.0,82.0,69.51830443159923,66.58,38.0,PROXY,osm_power_snapshot_2026_08_20|route2zero_climate_scenario_v1,charging-v1.0,True,"Mapped proximity is not proof of distribution capacity, site control, interconnection approval or charger availability."
LTFRB_PUJ1869,1.706,way/1161606296,1.777,node/10703746877,3530.016,4202.4,4314.464,0,False,False,False,,0.0,0,82.0,82.0,69.50545921644188,66.58,38.0,PROXY,osm_power_snapshot_2026_08_20|route2zero_climate_scenario_v1,charging-v1.0,True,"Mapped proximity is not proof of distribution capacity, site control, interconnection approval or charger availability."
LTFRB_PUJ1870,0.384,way/341383347,0.556,node/12862848460,1071.357,1275.425,1309.436,0,False,False,False,,0.0,0,100.0,100.0,91.62170841361592,82.91,38.0,PROXY,osm_power_snapshot_2026_08_20|route2zero_climate_scenario_v1,charging-v1.0,True,"Mapped proximity is not proof of distribution capacity, site control, interconnection approval or charger availability."
LTFRB_PUJ1871,0.384,way/341383347,0.556,node/12862848460,924.987,1101.175,1130.54,0,False,False,False,,0.0,0,100.0,100.0,92.9383429672447,83.23,38.0,PROXY,osm_power_snapshot_2026_08_20|route2zero_climate_scenario_v1,charging-v1.0,True,"Mapped proximity is not proof of distribution capacity, site control, interconnection approval or charger availability."
LTFRB_PUJ1872,0.446,way/47570428,1.832,node/12862848460,3102.687,3693.675,3792.173,0,False,False,False,,0.0,0,100.0,82.0,73.34938985228003,73.84,38.0,PROXY,osm_power_snapshot_2026_08_20|route2zero_climate_scenario_v1,charging-v1.0,True,"Mapped proximity is not proof of distribution capacity, site control, interconnection approval or charger availability."
LTFRB_PUJ1873,0.446,way/47570428,1.832,node/12862848460,3183.726,3790.15,3891.221,0,False,False,False,,0.0,0,100.0,82.0,72.62042389210019,73.66,38.0,PROXY,osm_power_snapshot_2026_08_20|route2zero_climate_scenario_v1,charging-v1.0,True,"Mapped proximity is not proof of distribution capacity, site control, interconnection approval or charger availability."
LTFRB_PUJ1874,2.069,way/193633026,0.539,node/10703746877,2106.3,2507.5,2574.367,0,False,False,False,,0.0,0,82.0,100.0,82.3121387283237,74.28,38.0,PROXY,osm_power_snapshot_2026_08_20|route2zero_climate_scenario_v1,charging-v1.0,True,"Mapped proximity is not proof of distribution capacity, site control, interconnection approval or charger availability."
LTFRB_PUJ1875,2.069,way/193633026,0.539,node/10703746877,2201.619,2620.975,2690.868,0,False,False,False,,0.0,0,82.0,100.0,81.45472061657033,74.06,38.0,PROXY,osm_power_snapshot_2026_08_20|route2zero_climate_scenario_v1,charging-v1.0,True,"Mapped proximity is not proof of distribution capacity, site control, interconnection approval or charger availability."
LTFRB_PUJ1876,1.657,node/2508927841,2.571,node/6110400886,4487.49,5342.25,5484.71,0,False,False,False,,0.0,0,82.0,82.0,60.8927424534361,64.42,38.0,PROXY,osm_power_snapshot_2026_08_20|route2zero_climate_scenario_v1,charging-v1.0,True,"Mapped proximity is not proof of distribution capacity, site control, interconnection approval or charger availability."
LTFRB_PUJ1877,1.657,node/2508927841,2.571,node/6110400886,3819.543,4547.075,4668.33,0,False,False,False,,0.0,0,82.0,82.0,66.90109184328838,65.93,38.0,PROXY,osm_power_snapshot_2026_08_20|route2zero_climate_scenario_v1,charging-v1.0,True,"Mapped proximity is not proof of distribution capacity, site control, interconnection approval or charger availability."
LTFRB_PUJ1878,1.169,way/1500158674,2.571,node/6110400886,3178.014,3783.35,3884.239,0,False,False,False,,0.0,0,82.0,82.0,72.6718047527296,67.37,38.0,PROXY,osm_power_snapshot_2026_08_20|route2zero_climate_scenario_v1,charging-v1.0,True,"Mapped proximity is not proof of distribution capacity, site control, interconnection approval or charger availability."
LTFRB_PUJ1879,1.169,way/1500158674,2.571,node/6110400886,2686.068,3197.7,3282.972,0,False,False,False,,0.0,0,82.0,82.0,77.09698137443803,68.47,38.0,PROXY,osm_power_snapshot_2026_08_20|route2zero_climate_scenario_v1,charging-v1.0,True,"Mapped proximity is not proof of distribution capacity, site control, interconnection approval or charger availability."
LTFRB_PUJ1880,1.425,node/2508927841,2.812,node/6110400886,1692.894,2015.35,2069.093,0,False,False,False,,0.0,0,82.0,82.0,86.03082851637765,70.71,38.0,PROXY,osm_power_snapshot_2026_08_20|route2zero_climate_scenario_v1,charging-v1.0,True,"Mapped proximity is not proof of distribution capacity, site control, interconnection approval or charger availability."
LTFRB_PUJ1881,1.425,node/2508927841,2.812,node/6110400886,1692.894,2015.35,2069.093,0,False,False,False,,0.0,0,82.0,82.0,86.03082851637765,70.71,38.0,PROXY,osm_power_snapshot_2026_08_20|route2zero_climate_scenario_v1,charging-v1.0,True,"Mapped proximity is not proof of distribution capacity, site control, interconnection approval or charger availability."
LTFRB_PUJ1882,1.209,way/30679817,4.202,node/13895420988,3742.074,4454.85,4573.646,0,False,False,False,,0.0,0,82.0,58.0,67.59794476557482,60.1,38.0,PROXY,osm_power_snapshot_2026_08_20|route2zero_climate_scenario_v1,charging-v1.0,True,"Mapped proximity is not proof of distribution capacity, site control, interconnection approval or charger availability."
LTFRB_PUJ1883,1.209,way/30679817,4.202,node/13895420988,3763.494,4480.35,4599.826,0,False,False,False,,0.0,0,82.0,58.0,67.4052665382145,60.05,38.0,PROXY,osm_power_snapshot_2026_08_20|route2zero_climate_scenario_v1,charging-v1.0,True,"Mapped proximity is not proof of distribution capacity, site control, interconnection approval or charger availability."
LTFRB_PUJ1884,0.636,way/161414200,5.396,node/13895420988,2334.066,2778.65,2852.747,0,False,False,False,,0.0,0,100.0,58.0,80.26332691072575,69.57,38.0,PROXY,osm_power_snapshot_2026_08_20|route2zero_climate_scenario_v1,charging-v1.0,True,"Mapped proximity is not proof of distribution capacity, site control, interconnection approval or charger availability."
LTFRB_PUJ1885,0.636,way/161414200,5.396,node/13895420988,2335.851,2780.775,2854.929,0,False,False,False,,0.0,0,100.0,58.0,80.24727039177907,69.56,38.0,PROXY,osm_power_snapshot_2026_08_20|route2zero_climate_scenario_v1,charging-v1.0,True,"Mapped proximity is not proof of distribution capacity, site control, interconnection approval or charger availability."
LTFRB_PUJ1886,0.56,way/264246780,0.653,node/13081283763,1877.463,2235.075,2294.677,0,False,False,False,,0.0,0,100.0,100.0,84.37058445728965,81.09,38.0,PROXY,osm_power_snapshot_2026_08_20|route2zero_climate_scenario_v1,charging-v1.0,True,"Mapped proximity is not proof of distribution capacity, site control, interconnection approval or charger availability."
LTFRB_PUJ1887,0.56,way/264246780,0.653,node/13081283763,2003.127,2384.675,2448.266,0,False,False,False,,0.0,0,100.0,100.0,83.24020552344251,80.81,38.0,PROXY,osm_power_snapshot_2026_08_20|route2zero_climate_scenario_v1,charging-v1.0,True,"Mapped proximity is not proof of distribution capacity, site control, interconnection approval or charger availability."
LTFRB_PUJ1888,0.359,way/136815994,1.001,node/13072158270,1237.719,1473.475,1512.768,0,False,False,False,,0.0,0,100.0,82.0,90.1252408477842,78.03,38.0,PROXY,osm_power_snapshot_2026_08_20|route2zero_climate_scenario_v1,charging-v1.0,True,"Mapped proximity is not proof of distribution capacity, site control, interconnection approval or charger availability."
LTFRB_PUJ1889,0.359,way/136815994,1.001,node/13072158270,969.255,1153.875,1184.645,0,False,False,False,,0.0,0,100.0,82.0,92.54014129736673,78.64,38.0,PROXY,osm_power_snapshot_2026_08_20|route2zero_climate_scenario_v1,charging-v1.0,True,"Mapped proximity is not proof of distribution capacity, site control, interconnection approval or charger availability."
LTFRB_PUJ1890,0.838,way/617091970,4.353,node/13895420988,8228.136,9795.4,10056.611,0,False,False,False,,0.0,0,100.0,58.0,27.244701348747597,56.31,38.0,PROXY,osm_power_snapshot_2026_08_20|route2zero_climate_scenario_v1,charging-v1.0,True,"Mapped proximity is not proof of distribution capacity, site control, interconnection approval or charger availability."
LTFRB_PUJ1891,0.838,way/617091970,4.353,node/13895420988,8264.907,9839.175,10101.553,0,False,False,False,,0.0,0,100.0,58.0,26.91393705844574,56.23,38.0,PROXY,osm_power_snapshot_2026_08_20|route2zero_climate_scenario_v1,charging-v1.0,True,"Mapped proximity is not proof of distribution capacity, site control, interconnection approval or charger availability."
LTFRB_PUJ1892,1.335,way/617091970,4.09,node/13895420988,4313.274,5134.85,5271.779,0,False,False,False,,0.0,0,82.0,58.0,62.45985870263327,58.81,38.0,PROXY,osm_power_snapshot_2026_08_20|route2zero_climate_scenario_v1,charging-v1.0,True,"Mapped proximity is not proof of distribution capacity, site control, interconnection approval or charger availability."
LTFRB_PUJ1893,1.335,way/617091970,4.09,node/13895420988,4235.091,5041.775,5176.222,0,False,False,False,,0.0,0,82.0,58.0,63.1631342324984,58.99,38.0,PROXY,osm_power_snapshot_2026_08_20|route2zero_climate_scenario_v1,charging-v1.0,True,"Mapped proximity is not proof of distribution capacity, site control, interconnection approval or charger availability."
LTFRB_PUJ1894,0.881,way/800186096,2.444,node/10991144538,3377.577,4020.925,4128.15,0,False,False,False,,0.0,0,100.0,82.0,70.8766859344894,73.22,38.0,PROXY,osm_power_snapshot_2026_08_20|route2zero_climate_scenario_v1,charging-v1.0,True,"Mapped proximity is not proof of distribution capacity, site control, interconnection approval or charger availability."
LTFRB_PUJ1895,0.881,way/800186096,2.444,node/10991144538,3377.577,4020.925,4128.15,0,False,False,False,,0.0,0,100.0,82.0,70.8766859344894,73.22,38.0,PROXY,osm_power_snapshot_2026_08_20|route2zero_climate_scenario_v1,charging-v1.0,True,"Mapped proximity is not proof of distribution capacity, site control, interconnection approval or charger availability."
LTFRB_PUJ1896,0.45,node/4977761380,1.822,node/6836063735,5845.518,6958.95,7144.522,0,False,False,False,,0.0,0,100.0,82.0,48.676942838792556,67.67,38.0,PROXY,osm_power_snapshot_2026_08_20|route2zero_climate_scenario_v1,charging-v1.0,True,"Mapped proximity is not proof of distribution capacity, site control, interconnection approval or charger availability."
LTFRB_PUJ1897,0.45,node/4977761380,1.822,node/6836063735,6314.973,7517.825,7718.3,0,False,False,False,,0.0,0,100.0,82.0,44.45407835581246,66.61,38.0,PROXY,osm_power_snapshot_2026_08_20|route2zero_climate_scenario_v1,charging-v1.0,True,"Mapped proximity is not proof of distribution capacity, site control, interconnection approval or charger availability."
LTFRB_PUJ1898,0.384,way/341383347,0.556,node/12862848460,633.318,753.95,774.055,0,False,False,False,,0.0,0,100.0,100.0,95.56197816313423,83.89,38.0,PROXY,osm_power_snapshot_2026_08_20|route2zero_climate_scenario_v1,charging-v1.0,True,"Mapped proximity is not proof of distribution capacity, site control, interconnection approval or charger availability."
LTFRB_PUJ1899,0.384,way/341383347,0.556,node/12862848460,747.915,890.375,914.118,0,False,False,False,,0.0,0,100.0,100.0,94.53114964675659,83.63,38.0,PROXY,osm_power_snapshot_2026_08_20|route2zero_climate_scenario_v1,charging-v1.0,True,"Mapped proximity is not proof of distribution capacity, site control, interconnection approval or charger availability."
LTFRB_PUJ1900,0.683,way/341383347,0.559,node/12862848460,1349.817,1606.925,1649.776,0,False,False,False,,0.0,0,100.0,100.0,89.11689145793191,82.28,38.0,PROXY,osm_power_snapshot_2026_08_20|route2zero_climate_scenario_v1,charging-v1.0,True,"Mapped proximity is not proof of distribution capacity, site control, interconnection approval or charger availability."
LTFRB_PUJ1901,0.683,way/341383347,0.559,node/12862848460,1203.804,1433.1,1471.316,0,False,False,False,,0.0,0,100.0,100.0,90.43031470777136,82.61,38.0,PROXY,osm_power_snapshot_2026_08_20|route2zero_climate_scenario_v1,charging-v1.0,True,"Mapped proximity is not proof of distribution capacity, site control, interconnection approval or charger availability."
LTFRB_PUJ1902,1.501,way/116061783,0.609,node/13081283762,3927.357,4675.425,4800.103,0,False,False,False,,0.0,0,82.0,100.0,65.93127809890817,70.18,38.0,PROXY,osm_power_snapshot_2026_08_20|route2zero_climate_scenario_v1,charging-v1.0,True,"Mapped proximity is not proof of distribution capacity, site control, interconnection approval or charger availability."
LTFRB_PUJ1903,1.501,way/116061783,0.609,node/13081283762,4041.24,4811.0,4939.293,0,False,False,False,,0.0,0,82.0,100.0,64.9068721901092,69.93,38.0,PROXY,osm_power_snapshot_2026_08_20|route2zero_climate_scenario_v1,charging-v1.0,True,"Mapped proximity is not proof of distribution capacity, site control, interconnection approval or charger availability."
LTFRB_PUJ1904,0.441,way/116129645,0.76,node/13081283762,2215.542,2637.55,2707.885,0,False,False,False,,0.0,0,100.0,100.0,81.32947976878613,80.33,38.0,PROXY,osm_power_snapshot_2026_08_20|route2zero_climate_scenario_v1,charging-v1.0,True,"Mapped proximity is not proof of distribution capacity, site control, interconnection approval or charger availability."
LTFRB_PUJ1905,0.441,way/116129645,0.817,node/13081283762,2139.144,2546.6,2614.509,0,False,False,False,,0.0,0,100.0,100.0,82.01669877970457,80.5,38.0,PROXY,osm_power_snapshot_2026_08_20|route2zero_climate_scenario_v1,charging-v1.0,True,"Mapped proximity is not proof of distribution capacity, site control, interconnection approval or charger availability."
LTFRB_PUJ1906,1.314,way/116061783,0.817,node/13081283762,4833.066,5753.65,5907.081,0,False,False,False,,0.0,0,82.0,100.0,57.78420038535646,68.15,38.0,PROXY,osm_power_snapshot_2026_08_20|route2zero_climate_scenario_v1,charging-v1.0,True,"Mapped proximity is not proof of distribution capacity, site control, interconnection approval or charger availability."
LTFRB_PUJ1907,1.314,way/116061783,0.817,node/13081283762,4852.344,5776.6,5930.643,0,False,False,False,,0.0,0,82.0,100.0,57.61078998073218,68.1,38.0,PROXY,osm_power_snapshot_2026_08_20|route2zero_climate_scenario_v1,charging-v1.0,True,"Mapped proximity is not proof of distribution capacity, site control, interconnection approval or charger availability."
LTFRB_PUJ1908,1.528,way/458977340,0.311,node/13081283762,1903.524,2266.1,2326.529,0,False,False,False,,0.0,0,82.0,100.0,84.13615928066795,74.73,38.0,PROXY,osm_power_snapshot_2026_08_20|route2zero_climate_scenario_v1,charging-v1.0,True,"Mapped proximity is not proof of distribution capacity, site control, interconnection approval or charger availability."
LTFRB_PUJ1909,1.528,way/458977340,0.311,node/13081283762,2100.231,2500.275,2566.949,0,False,False,False,,0.0,0,82.0,100.0,82.36673089274245,74.29,38.0,PROXY,osm_power_snapshot_2026_08_20|route2zero_climate_scenario_v1,charging-v1.0,True,"Mapped proximity is not proof of distribution capacity, site control, interconnection approval or charger availability."
LTFRB_PUJ1910,2.051,way/659226728,8.396,node/10703746877,6367.095,7579.875,7782.005,0,False,False,False,,0.0,0,82.0,32.0,43.985228002569045,47.7,38.0,PROXY,osm_power_snapshot_2026_08_20|route2zero_climate_scenario_v1,charging-v1.0,True,"Mapped proximity is not proof of distribution capacity, site control, interconnection approval or charger availability."
LTFRB_PUJ1911,2.051,way/659226728,8.396,node/10703746877,6406.722,7627.05,7830.438,0,False,False,False,,0.0,0,82.0,32.0,43.62877328195247,47.61,38.0,PROXY,osm_power_snapshot_2026_08_20|route2zero_climate_scenario_v1,charging-v1.0,True,"Mapped proximity is not proof of distribution capacity, site control, interconnection approval or charger availability."
LTFRB_PUJ1912,1.819,way/82869523,8.396,node/10703746877,4976.58,5924.5,6082.487,0,False,False,False,,0.0,0,82.0,32.0,56.493256262042394,50.82,38.0,PROXY,osm_power_snapshot_2026_08_20|route2zero_climate_scenario_v1,charging-v1.0,True,"Mapped proximity is not proof of distribution capacity, site control, interconnection approval or charger availability."
LTFRB_PUJ1913,1.819,way/82869523,8.396,node/10703746877,4976.58,5924.5,6082.487,0,False,False,False,,0.0,0,82.0,32.0,56.493256262042394,50.82,38.0,PROXY,osm_power_snapshot_2026_08_20|route2zero_climate_scenario_v1,charging-v1.0,True,"Mapped proximity is not proof of distribution capacity, site control, interconnection approval or charger availability."
LTFRB_PUJ1914,0.925,way/658601413,5.929,node/6110400886,1801.779,2144.975,2202.174,0,False,False,False,,0.0,0,100.0,58.0,85.05138086062942,70.76,38.0,PROXY,osm_power_snapshot_2026_08_20|route2zero_climate_scenario_v1,charging-v1.0,True,"Mapped proximity is not proof of distribution capacity, site control, interconnection approval or charger availability."
LTFRB_PUJ1915,0.925,way/658601413,5.929,node/6110400886,1801.779,2144.975,2202.174,0,False,False,False,,0.0,0,100.0,58.0,85.05138086062942,70.76,38.0,PROXY,osm_power_snapshot_2026_08_20|route2zero_climate_scenario_v1,charging-v1.0,True,"Mapped proximity is not proof of distribution capacity, site control, interconnection approval or charger availability."
LTFRB_PUJ1916,2.528,way/659226728,9.402,node/13895420988,1065.288,1268.2,1302.019,0,False,False,False,,0.0,0,82.0,32.0,91.67630057803468,59.62,38.0,PROXY,osm_power_snapshot_2026_08_20|route2zero_climate_scenario_v1,charging-v1.0,True,"Mapped proximity is not proof of distribution capacity, site control, interconnection approval or charger availability."
LTFRB_PUJ1917,2.528,way/659226728,9.402,node/13895420988,1065.288,1268.2,1302.019,0,False,False,False,,0.0,0,82.0,32.0,91.67630057803468,59.62,38.0,PROXY,osm_power_snapshot_2026_08_20|route2zero_climate_scenario_v1,charging-v1.0,True,"Mapped proximity is not proof of distribution capacity, site control, interconnection approval or charger availability."
LTFRB_PUJ1918,0.801,way/440588497,1.346,node/9462686325,1972.782,2348.55,2411.178,0,False,False,False,,0.0,0,100.0,82.0,83.51316634553629,76.38,38.0,PROXY,osm_power_snapshot_2026_08_20|route2zero_climate_scenario_v1,charging-v1.0,True,"Mapped proximity is not proof of distribution capacity, site control, interconnection approval or charger availability."
LTFRB_PUJ1919,0.801,way/440588497,1.346,node/9462686325,1858.185,2212.125,2271.115,0,False,False,False,,0.0,0,100.0,82.0,84.54399486191394,76.64,38.0,PROXY,osm_power_snapshot_2026_08_20|route2zero_climate_scenario_v1,charging-v1.0,True,"Mapped proximity is not proof of distribution capacity, site control, interconnection approval or charger availability."
LTFRB_PUJ1920,0.518,node/4977761380,0.343,node/6836063735,798.252,950.3,975.641,0,False,False,False,,0.0,0,100.0,100.0,94.07835581245986,83.52,38.0,PROXY,osm_power_snapshot_2026_08_20|route2zero_climate_scenario_v1,charging-v1.0,True,"Mapped proximity is not proof of distribution capacity, site control, interconnection approval or charger availability."
LTFRB_PUJ1922,1.657,node/2508927841,1.024,node/6110400886,1996.344,2376.6,2439.976,0,False,False,False,,0.0,0,82.0,82.0,83.30122029543995,70.03,38.0,PROXY,osm_power_snapshot_2026_08_20|route2zero_climate_scenario_v1,charging-v1.0,True,"Mapped proximity is not proof of distribution capacity, site control, interconnection approval or charger availability."
LTFRB_PUJ1923,1.657,node/2508927841,1.024,node/6110400886,1313.403,1563.575,1605.27,0,False,False,False,,0.0,0,82.0,82.0,89.44444444444444,71.56,38.0,PROXY,osm_power_snapshot_2026_08_20|route2zero_climate_scenario_v1,charging-v1.0,True,"Mapped proximity is not proof of distribution capacity, site control, interconnection approval or charger availability."
LTFRB_PUJ1924,0.659,node/2126363194,2.611,node/9756145409,1334.823,1589.075,1631.45,0,False,False,False,,0.0,0,100.0,82.0,89.25176621708414,77.81,38.0,PROXY,osm_power_snapshot_2026_08_20|route2zero_climate_scenario_v1,charging-v1.0,True,"Mapped proximity is not proof of distribution capacity, site control, interconnection approval or charger availability."
LTFRB_PUJ1925,0.659,node/2126363194,2.611,node/9756145409,1334.823,1589.075,1631.45,0,False,False,False,,0.0,0,100.0,82.0,89.25176621708414,77.81,38.0,PROXY,osm_power_snapshot_2026_08_20|route2zero_climate_scenario_v1,charging-v1.0,True,"Mapped proximity is not proof of distribution capacity, site control, interconnection approval or charger availability."
LTFRB_PUJ1926,0.497,node/2126363194,3.529,node/9756145409,1395.156,1660.9,1705.191,0,False,False,False,,0.0,0,100.0,58.0,88.70905587668594,71.68,38.0,PROXY,osm_power_snapshot_2026_08_20|route2zero_climate_scenario_v1,charging-v1.0,True,"Mapped proximity is not proof of distribution capacity, site control, interconnection approval or charger availability."
LTFRB_PUJ1928,0.747,way/440588497,1.195,node/9462686325,1696.821,2020.025,2073.892,0,False,False,False,,0.0,0,100.0,82.0,85.99550417469493,77.0,38.0,PROXY,osm_power_snapshot_2026_08_20|route2zero_climate_scenario_v1,charging-v1.0,True,"Mapped proximity is not proof of distribution capacity, site control, interconnection approval or charger availability."
LTFRB_PUJ1929,0.747,way/440588497,1.195,node/9462686325,1857.828,2211.7,2270.679,0,False,False,False,,0.0,0,100.0,82.0,84.54720616570327,76.64,38.0,PROXY,osm_power_snapshot_2026_08_20|route2zero_climate_scenario_v1,charging-v1.0,True,"Mapped proximity is not proof of distribution capacity, site control, interconnection approval or charger availability."
LTFRB_PUJ1930,1.101,way/800186096,2.246,node/10991144538,1370.88,1632.0,1675.52,0,False,False,False,,0.0,0,82.0,82.0,88.92742453436095,71.43,38.0,PROXY,osm_power_snapshot_2026_08_20|route2zero_climate_scenario_v1,charging-v1.0,True,"Mapped proximity is not proof of distribution capacity, site control, interconnection approval or charger availability."
LTFRB_PUJ1931,1.101,way/800186096,2.246,node/10991144538,1370.88,1632.0,1675.52,0,False,False,False,,0.0,0,82.0,82.0,88.92742453436095,71.43,38.0,PROXY,osm_power_snapshot_2026_08_20|route2zero_climate_scenario_v1,charging-v1.0,True,"Mapped proximity is not proof of distribution capacity, site control, interconnection approval or charger availability."
LTFRB_PUJ1932,0.95,way/800186096,2.411,node/10991144538,1297.695,1544.875,1586.072,0,False,False,False,,0.0,0,100.0,82.0,89.58574181117534,77.9,38.0,PROXY,osm_power_snapshot_2026_08_20|route2zero_climate_scenario_v1,charging-v1.0,True,"Mapped proximity is not proof of distribution capacity, site control, interconnection approval or charger availability."
LTFRB_PUJ1933,0.95,way/800186096,2.411,node/10991144538,1297.695,1544.875,1586.072,0,False,False,False,,0.0,0,100.0,82.0,89.58574181117534,77.9,38.0,PROXY,osm_power_snapshot_2026_08_20|route2zero_climate_scenario_v1,charging-v1.0,True,"Mapped proximity is not proof of distribution capacity, site control, interconnection approval or charger availability."
LTFRB_PUJ1934,2.907,way/1231042724,9.154,node/13895420988,1799.994,2142.85,2199.993,0,False,False,False,,0.0,0,82.0,32.0,85.0674373795761,57.97,38.0,PROXY,osm_power_snapshot_2026_08_20|route2zero_climate_scenario_v1,charging-v1.0,True,"Mapped proximity is not proof of distribution capacity, site control, interconnection approval or charger availability."
LTFRB_PUJ1935,2.907,way/1231042724,9.154,node/13895420988,1921.731,2287.775,2348.782,0,False,False,False,,0.0,0,82.0,32.0,83.97238278741169,57.69,38.0,PROXY,osm_power_snapshot_2026_08_20|route2zero_climate_scenario_v1,charging-v1.0,True,"Mapped proximity is not proof of distribution capacity, site control, interconnection approval or charger availability."
LTFRB_PUJ1936,0.856,node/4823208932,2.783,node/10991144538,8039.64,9571.0,9826.227,0,False,False,False,,0.0,0,100.0,82.0,28.940269749518308,62.74,38.0,PROXY,osm_power_snapshot_2026_08_20|route2zero_climate_scenario_v1,charging-v1.0,True,"Mapped proximity is not proof of distribution capacity, site control, interconnection approval or charger availability."
LTFRB_PUJ1937,0.856,node/4823208932,2.783,node/10991144538,8195.649,9756.725,10016.904,0,False,False,False,,0.0,0,100.0,82.0,27.536929993577402,62.38,38.0,PROXY,osm_power_snapshot_2026_08_20|route2zero_climate_scenario_v1,charging-v1.0,True,"Mapped proximity is not proof of distribution capacity, site control, interconnection approval or charger availability."
LTFRB_PUJ1940,1.158,way/489733574,2.783,node/10991144538,7243.887,8623.675,8853.64,0,False,False,False,,0.0,0,82.0,82.0,36.098265895953766,58.22,38.0,PROXY,osm_power_snapshot_2026_08_20|route2zero_climate_scenario_v1,charging-v1.0,True,"Mapped proximity is not proof of distribution capacity, site control, interconnection approval or charger availability."
LTFRB_PUJ1941,1.158,way/489733574,2.783,node/10991144538,7230.321,8607.525,8837.059,0,False,False,False,,0.0,0,82.0,82.0,36.22029543994862,58.26,38.0,PROXY,osm_power_snapshot_2026_08_20|route2zero_climate_scenario_v1,charging-v1.0,True,"Mapped proximity is not proof of distribution capacity, site control, interconnection approval or charger availability."
LTFRB_PUJ1942,1.298,way/1161606296,1.743,node/10703746877,3415.062,4065.55,4173.965,0,False,False,False,,0.0,0,82.0,82.0,70.53949903660886,66.83,38.0,PROXY,osm_power_snapshot_2026_08_20|route2zero_climate_scenario_v1,charging-v1.0,True,"Mapped proximity is not proof of distribution capacity, site control, interconnection approval or charger availability."
LTFRB_PUJ1943,1.298,way/1161606296,1.743,node/10703746877,3737.433,4449.325,4567.974,0,False,False,False,,0.0,0,82.0,82.0,67.63969171483623,66.11,38.0,PROXY,osm_power_snapshot_2026_08_20|route2zero_climate_scenario_v1,charging-v1.0,True,"Mapped proximity is not proof of distribution capacity, site control, interconnection approval or charger availability."
LTFRB_PUJ1944,0.076,node/4823208932,2.783,node/10991144538,7790.097,9273.925,9521.23,0,False,False,False,,0.0,0,100.0,82.0,31.184971098265905,63.3,38.0,PROXY,osm_power_snapshot_2026_08_20|route2zero_climate_scenario_v1,charging-v1.0,True,"Mapped proximity is not proof of distribution capacity, site control, interconnection approval or charger availability."
LTFRB_PUJ1947,1.362,way/1161606296,0.448,node/10703746877,2423.673,2885.325,2962.267,0,False,False,False,,0.0,0,82.0,100.0,79.4572896596018,73.56,38.0,PROXY,osm_power_snapshot_2026_08_20|route2zero_climate_scenario_v1,charging-v1.0,True,"Mapped proximity is not proof of distribution capacity, site control, interconnection approval or charger availability."
LTFRB_PUJ1948,1.298,way/1161606296,0.539,node/10703746877,828.24,986.0,1012.293,0,False,False,False,,0.0,0,82.0,100.0,93.80860629415542,77.15,38.0,PROXY,osm_power_snapshot_2026_08_20|route2zero_climate_scenario_v1,charging-v1.0,True,"Mapped proximity is not proof of distribution capacity, site control, interconnection approval or charger availability."
LTFRB_PUJ1949,1.298,way/1161606296,0.539,node/10703746877,1032.801,1229.525,1262.312,0,False,False,False,,0.0,0,82.0,100.0,91.96852922286448,76.69,38.0,PROXY,osm_power_snapshot_2026_08_20|route2zero_climate_scenario_v1,charging-v1.0,True,"Mapped proximity is not proof of distribution capacity, site control, interconnection approval or charger availability."
LTFRB_PUJ1950,2.069,way/193633026,0.539,node/10703746877,1137.402,1354.05,1390.158,0,False,False,False,,0.0,0,82.0,100.0,91.02761721258831,76.46,38.0,PROXY,osm_power_snapshot_2026_08_20|route2zero_climate_scenario_v1,charging-v1.0,True,"Mapped proximity is not proof of distribution capacity, site control, interconnection approval or charger availability."
LTFRB_PUJ1951,2.069,way/193633026,0.539,node/10703746877,1349.103,1606.075,1648.904,0,False,False,False,,0.0,0,82.0,100.0,89.1233140655106,75.98,38.0,PROXY,osm_power_snapshot_2026_08_20|route2zero_climate_scenario_v1,charging-v1.0,True,"Mapped proximity is not proof of distribution capacity, site control, interconnection approval or charger availability."
LTFRB_PUJ1952,2.069,way/193633026,0.539,node/10703746877,438.396,521.9,535.817,0,False,False,False,,0.0,0,82.0,100.0,97.31535003211305,78.03,38.0,PROXY,osm_power_snapshot_2026_08_20|route2zero_climate_scenario_v1,charging-v1.0,True,"Mapped proximity is not proof of distribution capacity, site control, interconnection approval or charger availability."
LTFRB_PUJ1953,2.069,way/193633026,0.539,node/10703746877,367.71,437.75,449.423,0,False,False,False,,0.0,0,82.0,100.0,97.95118818240205,78.19,38.0,PROXY,osm_power_snapshot_2026_08_20|route2zero_climate_scenario_v1,charging-v1.0,True,"Mapped proximity is not proof of distribution capacity, site control, interconnection approval or charger availability."
LTFRB_PUJ1954,0.635,way/60193935,0.576,node/9462686325,904.995,1077.375,1106.105,0,False,False,False,,0.0,0,100.0,100.0,93.11817597944766,83.28,38.0,PROXY,osm_power_snapshot_2026_08_20|route2zero_climate_scenario_v1,charging-v1.0,True,"Mapped proximity is not proof of distribution capacity, site control, interconnection approval or charger availability."
LTFRB_PUJ1955,0.635,way/60193935,0.576,node/9462686325,1552.593,1848.325,1897.614,0,False,False,False,,0.0,0,100.0,100.0,87.29287090558768,81.82,38.0,PROXY,osm_power_snapshot_2026_08_20|route2zero_climate_scenario_v1,charging-v1.0,True,"Mapped proximity is not proof of distribution capacity, site control, interconnection approval or charger availability."
LTFRB_PUJ1956,0.635,way/60193935,1.154,node/9756145409,2373.693,2825.825,2901.18,0,False,False,False,,0.0,0,100.0,82.0,79.90687219010918,75.48,38.0,PROXY,osm_power_snapshot_2026_08_20|route2zero_climate_scenario_v1,charging-v1.0,True,"Mapped proximity is not proof of distribution capacity, site control, interconnection approval or charger availability."
LTFRB_PUJ1957,0.635,way/60193935,1.154,node/9756145409,2034.9,2422.5,2487.1,0,False,False,False,,0.0,0,100.0,82.0,82.95439948619139,76.24,38.0,PROXY,osm_power_snapshot_2026_08_20|route2zero_climate_scenario_v1,charging-v1.0,True,"Mapped proximity is not proof of distribution capacity, site control, interconnection approval or charger availability."
LTFRB_PUJ1958,0.291,way/182922897,3.055,node/13895420988,1706.46,2031.5,2085.673,0,False,False,False,,0.0,0,100.0,58.0,85.90879897238278,70.98,38.0,PROXY,osm_power_snapshot_2026_08_20|route2zero_climate_scenario_v1,charging-v1.0,True,"Mapped proximity is not proof of distribution capacity, site control, interconnection approval or charger availability."
LTFRB_PUJ1959,0.376,way/161414200,3.055,node/13895420988,1992.417,2371.925,2435.176,0,False,False,False,,0.0,0,100.0,58.0,83.33654463712267,70.33,38.0,PROXY,osm_power_snapshot_2026_08_20|route2zero_climate_scenario_v1,charging-v1.0,True,"Mapped proximity is not proof of distribution capacity, site control, interconnection approval or charger availability."
LTFRB_PUJ1960,1.171,way/182922897,4.73,node/13895420988,533.715,635.375,652.318,0,False,False,False,,0.0,0,82.0,58.0,96.45793192035967,67.31,38.0,PROXY,osm_power_snapshot_2026_08_20|route2zero_climate_scenario_v1,charging-v1.0,True,"Mapped proximity is not proof of distribution capacity, site control, interconnection approval or charger availability."
LTFRB_PUJ1961,1.171,way/182922897,4.73,node/13895420988,463.029,551.225,565.924,0,False,False,False,,0.0,0,82.0,58.0,97.09377007064869,67.47,38.0,PROXY,osm_power_snapshot_2026_08_20|route2zero_climate_scenario_v1,charging-v1.0,True,"Mapped proximity is not proof of distribution capacity, site control, interconnection approval or charger availability."
LTFRB_PUJ1962,1.171,way/182922897,4.73,node/13895420988,653.31,777.75,798.49,0,False,False,False,,0.0,0,82.0,58.0,95.38214515093128,67.05,38.0,PROXY,osm_power_snapshot_2026_08_20|route2zero_climate_scenario_v1,charging-v1.0,True,"Mapped proximity is not proof of distribution capacity, site control, interconnection approval or charger availability."
LTFRB_PUJ1963,1.171,way/182922897,4.73,node/13895420988,263.823,314.075,322.45,0,False,False,False,,0.0,0,82.0,58.0,98.88567758509956,67.92,38.0,PROXY,osm_power_snapshot_2026_08_20|route2zero_climate_scenario_v1,charging-v1.0,True,"Mapped proximity is not proof of distribution capacity, site control, interconnection approval or charger availability."
LTFRB_PUJ1964,0.403,way/161414200,5.102,node/13895420988,2195.193,2613.325,2683.014,0,False,False,False,,0.0,0,100.0,58.0,81.51252408477842,69.88,38.0,PROXY,osm_power_snapshot_2026_08_20|route2zero_climate_scenario_v1,charging-v1.0,True,"Mapped proximity is not proof of distribution capacity, site control, interconnection approval or charger availability."
LTFRB_PUJ1965,0.403,way/161414200,5.102,node/13895420988,2187.696,2604.4,2673.851,0,False,False,False,,0.0,0,100.0,58.0,81.57996146435453,69.89,38.0,PROXY,osm_power_snapshot_2026_08_20|route2zero_climate_scenario_v1,charging-v1.0,True,"Mapped proximity is not proof of distribution capacity, site control, interconnection approval or charger availability."
LTFRB_PUJ1966,0.222,way/182922897,2.763,node/13895420988,2449.377,2915.925,2993.683,0,False,False,False,,0.0,0,100.0,82.0,79.22607578676943,75.31,38.0,PROXY,osm_power_snapshot_2026_08_20|route2zero_climate_scenario_v1,charging-v1.0,True,"Mapped proximity is not proof of distribution capacity, site control, interconnection approval or charger availability."
LTFRB_PUJ1967,0.222,way/182922897,2.763,node/13895420988,2374.05,2826.25,2901.617,0,False,False,False,,0.0,0,100.0,82.0,79.90366088631984,75.48,38.0,PROXY,osm_power_snapshot_2026_08_20|route2zero_climate_scenario_v1,charging-v1.0,True,"Mapped proximity is not proof of distribution capacity, site control, interconnection approval or charger availability."
LTFRB_PUJ1968,0.403,way/161414200,4.564,node/13895420988,622.965,741.625,761.402,0,False,False,False,,0.0,0,100.0,58.0,95.65510597302504,73.41,38.0,PROXY,osm_power_snapshot_2026_08_20|route2zero_climate_scenario_v1,charging-v1.0,True,"Mapped proximity is not proof of distribution capacity, site control, interconnection approval or charger availability."
LTFRB_PUJ1969,0.403,way/161414200,4.564,node/13895420988,684.369,814.725,836.451,0,False,False,False,,0.0,0,100.0,58.0,95.10276172125883,73.28,38.0,PROXY,osm_power_snapshot_2026_08_20|route2zero_climate_scenario_v1,charging-v1.0,True,"Mapped proximity is not proof of distribution capacity, site control, interconnection approval or charger availability."
LTFRB_PUJ1970,0.961,way/161414200,5.661,node/13895420988,1166.319,1388.475,1425.501,0,False,False,False,,0.0,0,100.0,58.0,90.76750160565189,72.19,38.0,PROXY,osm_power_snapshot_2026_08_20|route2zero_climate_scenario_v1,charging-v1.0,True,"Mapped proximity is not proof of distribution capacity, site control, interconnection approval or charger availability."
LTFRB_PUJ1971,0.961,way/161414200,5.661,node/13895420988,1166.319,1388.475,1425.501,0,False,False,False,,0.0,0,100.0,58.0,90.76750160565189,72.19,38.0,PROXY,osm_power_snapshot_2026_08_20|route2zero_climate_scenario_v1,charging-v1.0,True,"Mapped proximity is not proof of distribution capacity, site control, interconnection approval or charger availability."
LTFRB_PUJ1972,0.2,node/4823208932,5.314,node/13895420988,939.981,1119.025,1148.866,0,False,False,False,,0.0,0,100.0,58.0,92.80346820809248,72.7,38.0,PROXY,osm_power_snapshot_2026_08_20|route2zero_climate_scenario_v1,charging-v1.0,True,"Mapped proximity is not proof of distribution capacity, site control, interconnection approval or charger availability."
LTFRB_PUJ1973,0.2,node/4823208932,5.314,node/13895420988,1424.43,1695.75,1740.97,0,False,False,False,,0.0,0,100.0,58.0,88.44572896596019,71.61,38.0,PROXY,osm_power_snapshot_2026_08_20|route2zero_climate_scenario_v1,charging-v1.0,True,"Mapped proximity is not proof of distribution capacity, site control, interconnection approval or charger availability."
LTFRB_PUJ1974,0.291,way/182922897,0.653,node/13081283763,3552.507,4229.175,4341.953,0,False,False,False,,0.0,0,100.0,100.0,69.30314707771355,77.33,38.0,PROXY,osm_power_snapshot_2026_08_20|route2zero_climate_scenario_v1,charging-v1.0,True,"Mapped proximity is not proof of distribution capacity, site control, interconnection approval or charger availability."
LTFRB_PUJ1975,0.335,way/182922897,0.653,node/13081283763,3777.417,4496.925,4616.843,0,False,False,False,,0.0,0,100.0,100.0,67.2800256904303,76.82,38.0,PROXY,osm_power_snapshot_2026_08_20|route2zero_climate_scenario_v1,charging-v1.0,True,"Mapped proximity is not proof of distribution capacity, site control, interconnection approval or charger availability."
LTFRB_PUJ1978,0.856,node/4823208932,1.73,node/13895420988,2213.4,2635.0,2705.267,0,False,False,False,,0.0,0,100.0,82.0,81.34874759152216,75.84,38.0,PROXY,osm_power_snapshot_2026_08_20|route2zero_climate_scenario_v1,charging-v1.0,True,"Mapped proximity is not proof of distribution capacity, site control, interconnection approval or charger availability."
LTFRB_PUJ1979,0.856,node/4823208932,1.73,node/13895420988,2186.982,2603.55,2672.978,0,False,False,False,,0.0,0,100.0,82.0,81.5863840719332,75.9,38.0,PROXY,osm_power_snapshot_2026_08_20|route2zero_climate_scenario_v1,charging-v1.0,True,"Mapped proximity is not proof of distribution capacity, site control, interconnection approval or charger availability."
LTFRB_PUJ1980,1.158,way/489733574,1.73,node/13895420988,1258.425,1498.125,1538.075,0,False,False,False,,0.0,0,82.0,82.0,89.93898522800257,71.68,38.0,PROXY,osm_power_snapshot_2026_08_20|route2zero_climate_scenario_v1,charging-v1.0,True,"Mapped proximity is not proof of distribution capacity, site control, interconnection approval or charger availability."
LTFRB_PUJ1981,1.158,way/489733574,1.73,node/13895420988,1222.011,1454.775,1493.569,0,False,False,False,,0.0,0,82.0,82.0,90.2665382145151,71.77,38.0,PROXY,osm_power_snapshot_2026_08_20|route2zero_climate_scenario_v1,charging-v1.0,True,"Mapped proximity is not proof of distribution capacity, site control, interconnection approval or charger availability."
LTFRB_PUJ1982,0.065,way/264246780,0.443,node/13081283763,6397.44,7616.0,7819.093,0,False,False,False,,0.0,0,100.0,100.0,43.71226718047527,70.93,38.0,PROXY,osm_power_snapshot_2026_08_20|route2zero_climate_scenario_v1,charging-v1.0,True,"Mapped proximity is not proof of distribution capacity, site control, interconnection approval or charger availability."
LTFRB_PUJ1983,0.065,way/264246780,0.418,node/6110400886,6976.851,8305.775,8527.262,0,False,False,False,,0.0,0,100.0,100.0,38.500321130378936,69.63,38.0,PROXY,osm_power_snapshot_2026_08_20|route2zero_climate_scenario_v1,charging-v1.0,True,"Mapped proximity is not proof of distribution capacity, site control, interconnection approval or charger availability."
LTFRB_PUJ1984,0.065,way/264246780,0.443,node/13081283763,4401.453,5239.825,5379.554,0,False,False,False,,0.0,0,100.0,100.0,61.66666666666667,75.42,38.0,PROXY,osm_power_snapshot_2026_08_20|route2zero_climate_scenario_v1,charging-v1.0,True,"Mapped proximity is not proof of distribution capacity, site control, interconnection approval or charger availability."
LTFRB_PUJ1985,0.065,way/264246780,0.443,node/13081283763,4591.377,5465.925,5611.683,0,False,False,False,,0.0,0,100.0,100.0,59.958253050738605,74.99,38.0,PROXY,osm_power_snapshot_2026_08_20|route2zero_climate_scenario_v1,charging-v1.0,True,"Mapped proximity is not proof of distribution capacity, site control, interconnection approval or charger availability."
LTFRB_PUJ1986,0.879,way/264246780,0.569,node/13081283763,1954.575,2326.875,2388.925,0,False,False,False,,0.0,0,100.0,100.0,83.67694283879254,80.92,38.0,PROXY,osm_power_snapshot_2026_08_20|route2zero_climate_scenario_v1,charging-v1.0,True,"Mapped proximity is not proof of distribution capacity, site control, interconnection approval or charger availability."
LTFRB_PUJ1987,0.879,way/264246780,0.569,node/13081283763,1954.575,2326.875,2388.925,0,False,False,False,,0.0,0,100.0,100.0,83.67694283879254,80.92,38.0,PROXY,osm_power_snapshot_2026_08_20|route2zero_climate_scenario_v1,charging-v1.0,True,"Mapped proximity is not proof of distribution capacity, site control, interconnection approval or charger availability."
LTFRB_PUJ1988,0.568,way/264246780,0.81,node/13081283763,5047.266,6008.65,6168.881,0,False,False,False,,0.0,0,100.0,100.0,55.857418111753375,73.96,38.0,PROXY,osm_power_snapshot_2026_08_20|route2zero_climate_scenario_v1,charging-v1.0,True,"Mapped proximity is not proof of distribution capacity, site control, interconnection approval or charger availability."
LTFRB_PUJ1989,0.568,way/264246780,0.81,node/13081283763,5398.554,6426.85,6598.233,0,False,False,False,,0.0,0,100.0,100.0,52.69749518304432,73.17,38.0,PROXY,osm_power_snapshot_2026_08_20|route2zero_climate_scenario_v1,charging-v1.0,True,"Mapped proximity is not proof of distribution capacity, site control, interconnection approval or charger availability."
LTFRB_PUJ1990,0.56,way/264246780,0.653,node/13081283763,3789.198,4510.95,4631.242,0,False,False,False,,0.0,0,100.0,100.0,67.17405266538215,76.79,38.0,PROXY,osm_power_snapshot_2026_08_20|route2zero_climate_scenario_v1,charging-v1.0,True,"Mapped proximity is not proof of distribution capacity, site control, interconnection approval or charger availability."
LTFRB_PUJ1991,0.56,way/264246780,0.653,node/13081283763,3832.395,4562.375,4684.038,0,False,False,False,,0.0,0,100.0,100.0,66.7854849068722,76.7,38.0,PROXY,osm_power_snapshot_2026_08_20|route2zero_climate_scenario_v1,charging-v1.0,True,"Mapped proximity is not proof of distribution capacity, site control, interconnection approval or charger availability."
LTFRB_PUJ1992,0.441,way/116129645,0.81,node/13081283763,3484.32,4148.0,4258.613,0,False,False,False,,0.0,0,100.0,100.0,69.9165061014772,77.48,38.0,PROXY,osm_power_snapshot_2026_08_20|route2zero_climate_scenario_v1,charging-v1.0,True,"Mapped proximity is not proof of distribution capacity, site control, interconnection approval or charger availability."
LTFRB_PUJ1993,0.441,way/116129645,0.81,node/13081283763,3408.279,4057.475,4165.674,0,False,False,False,,0.0,0,100.0,100.0,70.6005138086063,77.65,38.0,PROXY,osm_power_snapshot_2026_08_20|route2zero_climate_scenario_v1,charging-v1.0,True,"Mapped proximity is not proof of distribution capacity, site control, interconnection approval or charger availability."
LTFRB_PUJ1994,0.568,way/264246780,0.81,node/13081283763,4423.587,5266.175,5406.606,0,False,False,False,,0.0,0,100.0,100.0,61.46756583172768,75.37,38.0,PROXY,osm_power_snapshot_2026_08_20|route2zero_climate_scenario_v1,charging-v1.0,True,"Mapped proximity is not proof of distribution capacity, site control, interconnection approval or charger availability."
LTFRB_PUJ1995,0.568,way/264246780,0.81,node/13081283763,4727.037,5627.425,5777.49,0,False,False,False,,0.0,0,100.0,100.0,58.737957610789984,74.68,38.0,PROXY,osm_power_snapshot_2026_08_20|route2zero_climate_scenario_v1,charging-v1.0,True,"Mapped proximity is not proof of distribution capacity, site control, interconnection approval or charger availability."
LTFRB_PUJ1996,0.56,way/264246780,0.653,node/13081283763,3230.85,3846.25,3948.817,0,False,False,False,,0.0,0,100.0,100.0,72.19653179190752,78.05,38.0,PROXY,osm_power_snapshot_2026_08_20|route2zero_climate_scenario_v1,charging-v1.0,True,"Mapped proximity is not proof of distribution capacity, site control, interconnection approval or charger availability."
LTFRB_PUJ1999,0.64,way/264246780,0.546,node/13081283763,3022.719,3598.475,3694.434,0,False,False,False,,0.0,0,100.0,100.0,74.06872190109185,78.52,38.0,PROXY,osm_power_snapshot_2026_08_20|route2zero_climate_scenario_v1,charging-v1.0,True,"Mapped proximity is not proof of distribution capacity, site control, interconnection approval or charger availability."
LTFRB_PUJ2000,0.56,way/264246780,0.653,node/13081283763,5695.578,6780.45,6961.262,0,False,False,False,,0.0,0,100.0,100.0,50.02569043031471,72.51,38.0,PROXY,osm_power_snapshot_2026_08_20|route2zero_climate_scenario_v1,charging-v1.0,True,"Mapped proximity is not proof of distribution capacity, site control, interconnection approval or charger availability."
LTFRB_PUJ2001,0.56,way/264246780,0.653,node/13081283763,5728.422,6819.55,7001.405,0,False,False,False,,0.0,0,100.0,100.0,49.73025048169557,72.43,38.0,PROXY,osm_power_snapshot_2026_08_20|route2zero_climate_scenario_v1,charging-v1.0,True,"Mapped proximity is not proof of distribution capacity, site control, interconnection approval or charger availability."
LTFRB_PUJ2002,1.032,way/264246780,1.439,node/13081283763,7785.813,9268.825,9515.994,0,False,False,False,,0.0,0,82.0,82.0,31.223506743737943,57.01,38.0,PROXY,osm_power_snapshot_2026_08_20|route2zero_climate_scenario_v1,charging-v1.0,True,"Mapped proximity is not proof of distribution capacity, site control, interconnection approval or charger availability."
LTFRB_PUJ2003,1.032,way/264246780,1.439,node/13081283763,6979.707,8309.175,8530.753,0,False,False,False,,0.0,0,82.0,82.0,38.47463070006424,58.82,38.0,PROXY,osm_power_snapshot_2026_08_20|route2zero_climate_scenario_v1,charging-v1.0,True,"Mapped proximity is not proof of distribution capacity, site control, interconnection approval or charger availability."
LTFRB_PUJ2004,0.56,way/264246780,0.206,node/13111228298,2913.477,3468.425,3560.916,0,False,False,False,,0.0,0,100.0,100.0,75.05138086062942,78.76,38.0,PROXY,osm_power_snapshot_2026_08_20|route2zero_climate_scenario_v1,charging-v1.0,True,"Mapped proximity is not proof of distribution capacity, site control, interconnection approval or charger availability."
LTFRB_PUJ2005,0.56,way/264246780,0.206,node/13111228298,2655.009,3160.725,3245.011,0,False,False,False,,0.0,0,100.0,100.0,77.37636480411047,79.34,38.0,PROXY,osm_power_snapshot_2026_08_20|route2zero_climate_scenario_v1,charging-v1.0,True,"Mapped proximity is not proof of distribution capacity, site control, interconnection approval or charger availability."
LTFRB_PUJ2006,0.56,way/264246780,0.206,node/13111228298,2680.713,3191.325,3276.427,0,False,False,False,,0.0,0,100.0,100.0,77.1451509312781,79.29,38.0,PROXY,osm_power_snapshot_2026_08_20|route2zero_climate_scenario_v1,charging-v1.0,True,"Mapped proximity is not proof of distribution capacity, site control, interconnection approval or charger availability."
LTFRB_PUJ2008,0.862,way/136815994,0.721,node/13072158270,1110.984,1322.6,1357.869,0,False,False,False,,0.0,0,100.0,100.0,91.26525369299935,82.82,38.0,PROXY,osm_power_snapshot_2026_08_20|route2zero_climate_scenario_v1,charging-v1.0,True,"Mapped proximity is not proof of distribution capacity, site control, interconnection approval or charger availability."
LTFRB_PUJ2009,0.862,way/136815994,0.721,node/13072158270,1110.984,1322.6,1357.869,0,False,False,False,,0.0,0,100.0,100.0,91.26525369299935,82.82,38.0,PROXY,osm_power_snapshot_2026_08_20|route2zero_climate_scenario_v1,charging-v1.0,True,"Mapped proximity is not proof of distribution capacity, site control, interconnection approval or charger availability."
LTFRB_PUJ2010,2.241,way/800186096,1.093,node/10991144538,4272.219,5085.975,5221.601,0,False,False,False,,0.0,0,82.0,82.0,62.82915863840719,64.91,38.0,PROXY,osm_power_snapshot_2026_08_20|route2zero_climate_scenario_v1,charging-v1.0,True,"Mapped proximity is not proof of distribution capacity, site control, interconnection approval or charger availability."
LTFRB_PUJ2011,2.241,way/800186096,1.093,node/10991144538,4530.687,5393.675,5537.506,0,False,False,False,,0.0,0,82.0,82.0,60.50417469492614,64.33,38.0,PROXY,osm_power_snapshot_2026_08_20|route2zero_climate_scenario_v1,charging-v1.0,True,"Mapped proximity is not proof of distribution capacity, site control, interconnection approval or charger availability."
LTFRB_PUJ2012,1.33,way/530281328,0.345,node/6110400886,1933.155,2301.375,2362.745,0,False,False,False,,0.0,0,82.0,100.0,83.86962106615286,74.67,38.0,PROXY,osm_power_snapshot_2026_08_20|route2zero_climate_scenario_v1,charging-v1.0,True,"Mapped proximity is not proof of distribution capacity, site control, interconnection approval or charger availability."
LTFRB_PUJ2013,1.33,way/530281328,0.345,node/6110400886,1007.097,1198.925,1230.896,0,False,False,False,,0.0,0,82.0,100.0,92.19974309569685,76.75,38.0,PROXY,osm_power_snapshot_2026_08_20|route2zero_climate_scenario_v1,charging-v1.0,True,"Mapped proximity is not proof of distribution capacity, site control, interconnection approval or charger availability."
LTFRB_PUJ2014,1.098,way/1161606296,1.197,node/10703746877,6050.436,7202.9,7394.977,0,False,False,False,,0.0,0,82.0,82.0,46.83365446371227,60.91,38.0,PROXY,osm_power_snapshot_2026_08_20|route2zero_climate_scenario_v1,charging-v1.0,True,"Mapped proximity is not proof of distribution capacity, site control, interconnection approval or charger availability."
LTFRB_PUJ2015,1.098,way/1161606296,1.197,node/10703746877,6469.911,7702.275,7907.669,0,False,False,False,,0.0,0,82.0,82.0,43.060372511239564,59.97,38.0,PROXY,osm_power_snapshot_2026_08_20|route2zero_climate_scenario_v1,charging-v1.0,True,"Mapped proximity is not proof of distribution capacity, site control, interconnection approval or charger availability."
LTFRB_PUJ2016,1.33,way/530281328,2.062,node/6110400886,2068.458,2462.45,2528.115,0,False,False,False,,0.0,0,82.0,82.0,82.65253692999357,69.86,38.0,PROXY,osm_power_snapshot_2026_08_20|route2zero_climate_scenario_v1,charging-v1.0,True,"Mapped proximity is not proof of distribution capacity, site control, interconnection approval or charger availability."
LTFRB_PUJ2017,1.33,way/530281328,2.062,node/6110400886,2022.405,2407.625,2471.828,0,False,False,False,,0.0,0,82.0,82.0,83.06679511881825,69.97,38.0,PROXY,osm_power_snapshot_2026_08_20|route2zero_climate_scenario_v1,charging-v1.0,True,"Mapped proximity is not proof of distribution capacity, site control, interconnection approval or charger availability."
LTFRB_PUJ2018,0.421,way/31489448,0.206,node/13111228298,1787.142,2127.55,2184.285,0,False,False,False,,0.0,0,100.0,100.0,85.18304431599229,81.3,38.0,PROXY,osm_power_snapshot_2026_08_20|route2zero_climate_scenario_v1,charging-v1.0,True,"Mapped proximity is not proof of distribution capacity, site control, interconnection approval or charger availability."
LTFRB_PUJ2019,0.421,way/31489448,0.206,node/13111228298,1534.386,1826.65,1875.361,0,False,False,False,,0.0,0,100.0,100.0,87.45664739884393,81.86,38.0,PROXY,osm_power_snapshot_2026_08_20|route2zero_climate_scenario_v1,charging-v1.0,True,"Mapped proximity is not proof of distribution capacity, site control, interconnection approval or charger availability."
LTFRB_PUJ2020,0.461,way/264246780,0.023,node/13081283763,4834.137,5754.925,5908.39,0,False,False,False,,0.0,0,100.0,100.0,57.77456647398844,74.44,38.0,PROXY,osm_power_snapshot_2026_08_20|route2zero_climate_scenario_v1,charging-v1.0,True,"Mapped proximity is not proof of distribution capacity, site control, interconnection approval or charger availability."
LTFRB_PUJ2021,0.461,way/264246780,0.023,node/13081283763,4269.363,5082.575,5218.11,0,False,False,False,,0.0,0,100.0,100.0,62.854849068721904,75.71,38.0,PROXY,osm_power_snapshot_2026_08_20|route2zero_climate_scenario_v1,charging-v1.0,True,"Mapped proximity is not proof of distribution capacity, site control, interconnection approval or charger availability."
LTFRB_PUJ2022,0.473,way/30755991,1.875,node/11953464116,3105.186,3696.65,3795.227,0,False,False,False,,0.0,0,100.0,82.0,73.32691072575466,73.83,38.0,PROXY,osm_power_snapshot_2026_08_20|route2zero_climate_scenario_v1,charging-v1.0,True,"Mapped proximity is not proof of distribution capacity, site control, interconnection approval or charger availability."
LTFRB_PUJ2023,0.464,way/30755991,1.883,node/11953464116,3592.134,4276.35,4390.386,0,False,False,False,,0.0,0,100.0,82.0,68.94669235709699,72.74,38.0,PROXY,osm_power_snapshot_2026_08_20|route2zero_climate_scenario_v1,charging-v1.0,True,"Mapped proximity is not proof of distribution capacity, site control, interconnection approval or charger availability."
LTFRB_PUJ2024,1.225,way/30755991,1.904,node/11953464116,3124.464,3719.6,3818.789,0,False,False,False,,0.0,0,82.0,82.0,73.15350032113038,67.49,38.0,PROXY,osm_power_snapshot_2026_08_20|route2zero_climate_scenario_v1,charging-v1.0,True,"Mapped proximity is not proof of distribution capacity, site control, interconnection approval or charger availability."
LTFRB_PUJ2025,0.662,way/445259991,0.194,node/6836063735,1097.775,1306.875,1341.725,0,False,False,False,,0.0,0,100.0,100.0,91.38407193320488,82.85,38.0,PROXY,osm_power_snapshot_2026_08_20|route2zero_climate_scenario_v1,charging-v1.0,True,"Mapped proximity is not proof of distribution capacity, site control, interconnection approval or charger availability."
LTFRB_PUJ2026,0.662,way/445259991,0.194,node/6836063735,1097.775,1306.875,1341.725,0,False,False,False,,0.0,0,100.0,100.0,91.38407193320488,82.85,38.0,PROXY,osm_power_snapshot_2026_08_20|route2zero_climate_scenario_v1,charging-v1.0,True,"Mapped proximity is not proof of distribution capacity, site control, interconnection approval or charger availability."
LTFRB_PUJ2027,1.051,way/440588497,1.154,node/9462686325,2602.173,3097.825,3180.434,0,False,False,False,,0.0,0,82.0,82.0,77.85163776493256,68.66,38.0,PROXY,osm_power_snapshot_2026_08_20|route2zero_climate_scenario_v1,charging-v1.0,True,"Mapped proximity is not proof of distribution capacity, site control, interconnection approval or charger availability."
LTFRB_PUJ2028,0.844,way/440588497,1.053,node/9462686325,1961.358,2334.95,2397.215,0,False,False,False,,0.0,0,100.0,82.0,83.61592806679512,76.4,38.0,PROXY,osm_power_snapshot_2026_08_20|route2zero_climate_scenario_v1,charging-v1.0,True,"Mapped proximity is not proof of distribution capacity, site control, interconnection approval or charger availability."
LTFRB_PUJ2029,0.885,way/445259991,0.364,node/6836063735,1631.847,1942.675,1994.48,0,False,False,False,,0.0,0,100.0,100.0,86.57996146435453,81.64,38.0,PROXY,osm_power_snapshot_2026_08_20|route2zero_climate_scenario_v1,charging-v1.0,True,"Mapped proximity is not proof of distribution capacity, site control, interconnection approval or charger availability."
LTFRB_PUJ2030,0.885,way/445259991,0.364,node/6836063735,1631.847,1942.675,1994.48,0,False,False,False,,0.0,0,100.0,100.0,86.57996146435453,81.64,38.0,PROXY,osm_power_snapshot_2026_08_20|route2zero_climate_scenario_v1,charging-v1.0,True,"Mapped proximity is not proof of distribution capacity, site control, interconnection approval or charger availability."
LTFRB_PUJ2031,1.372,way/291478089,1.262,node/9462686325,2521.848,3002.2,3082.259,0,False,False,False,,0.0,0,82.0,82.0,78.57418111753373,68.84,38.0,PROXY,osm_power_snapshot_2026_08_20|route2zero_climate_scenario_v1,charging-v1.0,True,"Mapped proximity is not proof of distribution capacity, site control, interconnection approval or charger availability."
LTFRB_PUJ2032,0.813,way/318895102,1.262,node/9462686325,1842.834,2193.85,2252.353,0,False,False,False,,0.0,0,100.0,82.0,84.68208092485548,76.67,38.0,PROXY,osm_power_snapshot_2026_08_20|route2zero_climate_scenario_v1,charging-v1.0,True,"Mapped proximity is not proof of distribution capacity, site control, interconnection approval or charger availability."
LTFRB_PUJ2033,1.011,node/2126363168,1.349,node/9756145409,2435.811,2899.775,2977.102,0,False,False,False,,0.0,0,82.0,82.0,79.3481053307643,69.04,38.0,PROXY,osm_power_snapshot_2026_08_20|route2zero_climate_scenario_v1,charging-v1.0,True,"Mapped proximity is not proof of distribution capacity, site control, interconnection approval or charger availability."
LTFRB_PUJ2034,1.011,node/2126363168,1.349,node/9756145409,2461.872,2930.8,3008.955,0,False,False,False,,0.0,0,82.0,82.0,79.11368015414257,68.98,38.0,PROXY,osm_power_snapshot_2026_08_20|route2zero_climate_scenario_v1,charging-v1.0,True,"Mapped proximity is not proof of distribution capacity, site control, interconnection approval or charger availability."
LTFRB_PUJ2035,0.919,node/2126363194,1.283,node/9756145409,1304.835,1553.375,1594.798,0,False,False,False,,0.0,0,100.0,82.0,89.52151573538856,77.88,38.0,PROXY,osm_power_snapshot_2026_08_20|route2zero_climate_scenario_v1,charging-v1.0,True,"Mapped proximity is not proof of distribution capacity, site control, interconnection approval or charger availability."
LTFRB_PUJ2036,0.919,node/2126363194,1.349,node/9756145409,1792.854,2134.35,2191.266,0,False,False,False,,0.0,0,100.0,82.0,85.13166345536288,76.78,38.0,PROXY,osm_power_snapshot_2026_08_20|route2zero_climate_scenario_v1,charging-v1.0,True,"Mapped proximity is not proof of distribution capacity, site control, interconnection approval or charger availability."
LTFRB_PUJ2037,0.942,node/10817230042,2.582,node/13895420988,2299.437,2737.425,2810.423,0,False,False,False,,0.0,0,100.0,82.0,80.57482337829158,75.64,38.0,PROXY,osm_power_snapshot_2026_08_20|route2zero_climate_scenario_v1,charging-v1.0,True,"Mapped proximity is not proof of distribution capacity, site control, interconnection approval or charger availability."
LTFRB_PUJ2038,0.942,node/10817230042,2.582,node/13895420988,2437.953,2902.325,2979.72,0,False,False,False,,0.0,0,100.0,82.0,79.32883750802826,75.33,38.0,PROXY,osm_power_snapshot_2026_08_20|route2zero_climate_scenario_v1,charging-v1.0,True,"Mapped proximity is not proof of distribution capacity, site control, interconnection approval or charger availability."
LTFRB_PUJ2039,1.158,way/489733574,2.724,node/13895420988,1144.899,1362.975,1399.321,0,False,False,False,,0.0,0,82.0,82.0,90.9601798330122,71.94,38.0,PROXY,osm_power_snapshot_2026_08_20|route2zero_climate_scenario_v1,charging-v1.0,True,"Mapped proximity is not proof of distribution capacity, site control, interconnection approval or charger availability."
LTFRB_PUJ2040,1.158,way/489733574,2.582,node/13895420988,1358.028,1616.7,1659.812,0,False,False,False,,0.0,0,82.0,82.0,89.04303147077714,71.46,38.0,PROXY,osm_power_snapshot_2026_08_20|route2zero_climate_scenario_v1,charging-v1.0,True,"Mapped proximity is not proof of distribution capacity, site control, interconnection approval or charger availability."
LTFRB_PUJ2041,1.265,way/30679817,2.724,node/13895420988,2699.277,3213.425,3299.116,0,False,False,False,,0.0,0,82.0,82.0,76.97816313423249,68.44,38.0,PROXY,osm_power_snapshot_2026_08_20|route2zero_climate_scenario_v1,charging-v1.0,True,"Mapped proximity is not proof of distribution capacity, site control, interconnection approval or charger availability."
LTFRB_PUJ2042,1.265,way/30679817,2.724,node/13895420988,2821.014,3358.35,3447.906,0,False,False,False,,0.0,0,82.0,82.0,75.88310854206807,68.17,38.0,PROXY,osm_power_snapshot_2026_08_20|route2zero_climate_scenario_v1,charging-v1.0,True,"Mapped proximity is not proof of distribution capacity, site control, interconnection approval or charger availability."
LTFRB_PUJ2043,0.689,node/4823208932,3.385,node/13895420988,1732.164,2062.1,2117.089,0,False,False,False,,0.0,0,100.0,58.0,85.67758509955041,70.92,38.0,PROXY,osm_power_snapshot_2026_08_20|route2zero_climate_scenario_v1,charging-v1.0,True,"Mapped proximity is not proof of distribution capacity, site control, interconnection approval or charger availability."
LTFRB_PUJ2044,0.815,way/440593524,3.385,node/13895420988,1864.254,2219.35,2278.533,0,False,False,False,,0.0,0,100.0,58.0,84.48940269749518,70.62,38.0,PROXY,osm_power_snapshot_2026_08_20|route2zero_climate_scenario_v1,charging-v1.0,True,"Mapped proximity is not proof of distribution capacity, site control, interconnection approval or charger availability."
LTFRB_PUJ2045,0.734,node/4977761380,1.902,node/6836063735,3531.801,4204.525,4316.646,0,False,False,False,,0.0,0,100.0,82.0,69.48940269749518,72.87,38.0,PROXY,osm_power_snapshot_2026_08_20|route2zero_climate_scenario_v1,charging-v1.0,True,"Mapped proximity is not proof of distribution capacity, site control, interconnection approval or charger availability."
LTFRB_PUJ2046,0.734,node/4977761380,1.902,node/6836063735,3607.485,4294.625,4409.148,0,False,False,False,,0.0,0,100.0,82.0,68.80860629415542,72.7,38.0,PROXY,osm_power_snapshot_2026_08_20|route2zero_climate_scenario_v1,charging-v1.0,True,"Mapped proximity is not proof of distribution capacity, site control, interconnection approval or charger availability."
LTFRB_PUJ2047,0.734,node/4977761380,1.902,node/6836063735,3673.887,4373.675,4490.306,0,False,False,False,,0.0,0,100.0,82.0,68.21130378933847,72.55,38.0,PROXY,osm_power_snapshot_2026_08_20|route2zero_climate_scenario_v1,charging-v1.0,True,"Mapped proximity is not proof of distribution capacity, site control, interconnection approval or charger availability."
LTFRB_PUJ2048,0.734,node/4977761380,1.902,node/6836063735,3709.944,4416.6,4534.376,0,False,False,False,,0.0,0,100.0,82.0,67.88696210661529,72.47,38.0,PROXY,osm_power_snapshot_2026_08_20|route2zero_climate_scenario_v1,charging-v1.0,True,"Mapped proximity is not proof of distribution capacity, site control, interconnection approval or charger availability."
LTFRB_PUJ2049,0.535,node/4977761380,1.43,node/6836063735,3595.704,4280.6,4394.749,0,False,False,False,,0.0,0,100.0,82.0,68.9145793192036,72.73,38.0,PROXY,osm_power_snapshot_2026_08_20|route2zero_climate_scenario_v1,charging-v1.0,True,"Mapped proximity is not proof of distribution capacity, site control, interconnection approval or charger availability."
LTFRB_PUJ2050,0.535,node/4977761380,1.43,node/6836063735,3739.932,4452.3,4571.028,0,False,False,False,,0.0,0,100.0,82.0,67.61721258831085,72.4,38.0,PROXY,osm_power_snapshot_2026_08_20|route2zero_climate_scenario_v1,charging-v1.0,True,"Mapped proximity is not proof of distribution capacity, site control, interconnection approval or charger availability."
LTFRB_PUJ2051,0.823,way/30679817,2.724,node/13895420988,799.323,951.575,976.95,0,False,False,False,,0.0,0,100.0,82.0,94.06872190109185,79.02,38.0,PROXY,osm_power_snapshot_2026_08_20|route2zero_climate_scenario_v1,charging-v1.0,True,"Mapped proximity is not proof of distribution capacity, site control, interconnection approval or charger availability."
LTFRB_PUJ2052,0.823,way/30679817,2.724,node/13895420988,799.323,951.575,976.95,0,False,False,False,,0.0,0,100.0,82.0,94.06872190109185,79.02,38.0,PROXY,osm_power_snapshot_2026_08_20|route2zero_climate_scenario_v1,charging-v1.0,True,"Mapped proximity is not proof of distribution capacity, site control, interconnection approval or charger availability."
LTFRB_PUJ2053,1.265,way/30679817,2.724,node/13895420988,3438.981,4094.025,4203.199,0,False,False,False,,0.0,0,82.0,82.0,70.32434168272319,66.78,38.0,PROXY,osm_power_snapshot_2026_08_20|route2zero_climate_scenario_v1,charging-v1.0,True,"Mapped proximity is not proof of distribution capacity, site control, interconnection approval or charger availability."
LTFRB_PUJ2054,1.265,way/30679817,2.724,node/13895420988,4728.822,5629.55,5779.671,0,False,False,False,,0.0,0,82.0,82.0,58.721901091843286,63.88,38.0,PROXY,osm_power_snapshot_2026_08_20|route2zero_climate_scenario_v1,charging-v1.0,True,"Mapped proximity is not proof of distribution capacity, site control, interconnection approval or charger availability."
LTFRB_PUJ2055,0.838,way/440593524,1.777,node/6836063735,3191.937,3799.925,3901.256,0,False,False,False,,0.0,0,100.0,82.0,72.5465639049454,73.64,38.0,PROXY,osm_power_snapshot_2026_08_20|route2zero_climate_scenario_v1,charging-v1.0,True,"Mapped proximity is not proof of distribution capacity, site control, interconnection approval or charger availability."
LTFRB_PUJ2056,0.838,way/440593524,1.777,node/6836063735,3335.094,3970.35,4076.226,0,False,False,False,,0.0,0,100.0,82.0,71.25883108542068,73.31,38.0,PROXY,osm_power_snapshot_2026_08_20|route2zero_climate_scenario_v1,charging-v1.0,True,"Mapped proximity is not proof of distribution capacity, site control, interconnection approval or charger availability."
LTFRB_PUJ2057,0.28,way/440593524,3.902,node/13895420988,645.813,768.825,789.327,0,False,False,False,,0.0,0,100.0,58.0,95.44958253050739,73.36,38.0,PROXY,osm_power_snapshot_2026_08_20|route2zero_climate_scenario_v1,charging-v1.0,True,"Mapped proximity is not proof of distribution capacity, site control, interconnection approval or charger availability."
LTFRB_PUJ2058,0.28,way/440593524,3.902,node/13895420988,615.825,733.125,752.675,0,False,False,False,,0.0,0,100.0,58.0,95.71933204881182,73.43,38.0,PROXY,osm_power_snapshot_2026_08_20|route2zero_climate_scenario_v1,charging-v1.0,True,"Mapped proximity is not proof of distribution capacity, site control, interconnection approval or charger availability."
LTFRB_PUJ2059,0.599,way/440588497,0.765,node/9462686325,1348.032,1604.8,1647.595,0,False,False,False,,0.0,0,100.0,100.0,89.13294797687861,82.28,38.0,PROXY,osm_power_snapshot_2026_08_20|route2zero_climate_scenario_v1,charging-v1.0,True,"Mapped proximity is not proof of distribution capacity, site control, interconnection approval or charger availability."
LTFRB_PUJ2060,0.72,way/838900324,1.029,node/9462686325,1655.052,1970.3,2022.841,0,False,False,False,,0.0,0,100.0,82.0,86.37122671804752,77.09,38.0,PROXY,osm_power_snapshot_2026_08_20|route2zero_climate_scenario_v1,charging-v1.0,True,"Mapped proximity is not proof of distribution capacity, site control, interconnection approval or charger availability."
LTFRB_PUJ2061,0.639,way/33302915,0.786,node/9462686325,1097.775,1306.875,1341.725,0,False,False,False,,0.0,0,100.0,100.0,91.38407193320488,82.85,38.0,PROXY,osm_power_snapshot_2026_08_20|route2zero_climate_scenario_v1,charging-v1.0,True,"Mapped proximity is not proof of distribution capacity, site control, interconnection approval or charger availability."
LTFRB_PUJ2062,0.759,way/33302915,0.69,node/9462686325,1055.292,1256.3,1289.801,0,False,False,False,,0.0,0,100.0,100.0,91.76621708413616,82.94,38.0,PROXY,osm_power_snapshot_2026_08_20|route2zero_climate_scenario_v1,charging-v1.0,True,"Mapped proximity is not proof of distribution capacity, site control, interconnection approval or charger availability."
LTFRB_PUJ2064,0.726,way/161414200,5.048,node/13895420988,1124.55,1338.75,1374.45,0,False,False,False,,0.0,0,100.0,58.0,91.1432241490045,72.29,38.0,PROXY,osm_power_snapshot_2026_08_20|route2zero_climate_scenario_v1,charging-v1.0,True,"Mapped proximity is not proof of distribution capacity, site control, interconnection approval or charger availability."
LTFRB_PUJ2065,1.949,way/1411696988,0.405,node/6110400886,2427.243,2889.575,2966.63,0,False,False,False,,0.0,0,82.0,100.0,79.42517662170842,73.56,38.0,PROXY,osm_power_snapshot_2026_08_20|route2zero_climate_scenario_v1,charging-v1.0,True,"Mapped proximity is not proof of distribution capacity, site control, interconnection approval or charger availability."
LTFRB_PUJ2066,1.949,way/1411696988,0.405,node/6110400886,2432.598,2895.95,2973.175,0,False,False,False,,0.0,0,82.0,100.0,79.37700706486834,73.54,38.0,PROXY,osm_power_snapshot_2026_08_20|route2zero_climate_scenario_v1,charging-v1.0,True,"Mapped proximity is not proof of distribution capacity, site control, interconnection approval or charger availability."
LTFRB_PUJ2067,1.566,way/530281328,1.368,node/6110400886,2434.383,2898.075,2975.357,0,False,False,False,,0.0,0,82.0,82.0,79.36095054592164,69.04,38.0,PROXY,osm_power_snapshot_2026_08_20|route2zero_climate_scenario_v1,charging-v1.0,True,"Mapped proximity is not proof of distribution capacity, site control, interconnection approval or charger availability."
LTFRB_PUJ2068,1.566,way/530281328,1.368,node/6110400886,2533.629,3016.225,3096.658,0,False,False,False,,0.0,0,82.0,82.0,78.46820809248555,68.82,38.0,PROXY,osm_power_snapshot_2026_08_20|route2zero_climate_scenario_v1,charging-v1.0,True,"Mapped proximity is not proof of distribution capacity, site control, interconnection approval or charger availability."
LTFRB_PUJ2069,1.043,way/530281328,3.057,node/6110400886,2338.35,2783.75,2857.983,0,False,False,False,,0.0,0,82.0,58.0,80.22479126525369,63.26,38.0,PROXY,osm_power_snapshot_2026_08_20|route2zero_climate_scenario_v1,charging-v1.0,True,"Mapped proximity is not proof of distribution capacity, site control, interconnection approval or charger availability."
LTFRB_PUJ2070,1.566,way/530281328,1.368,node/6110400886,2465.442,2935.05,3013.318,0,False,False,False,,0.0,0,82.0,82.0,79.0815671162492,68.97,38.0,PROXY,osm_power_snapshot_2026_08_20|route2zero_climate_scenario_v1,charging-v1.0,True,"Mapped proximity is not proof of distribution capacity, site control, interconnection approval or charger availability."
LTFRB_PUJ2071,0.307,node/4977761380,1.512,node/6836063735,3309.39,3939.75,4044.81,0,False,False,False,,0.0,0,100.0,82.0,71.49004495825305,73.37,38.0,PROXY,osm_power_snapshot_2026_08_20|route2zero_climate_scenario_v1,charging-v1.0,True,"Mapped proximity is not proof of distribution capacity, site control, interconnection approval or charger availability."
LTFRB_PUJ2072,0.307,node/4977761380,1.512,node/6836063735,3309.39,3939.75,4044.81,0,False,False,False,,0.0,0,100.0,82.0,71.49004495825305,73.37,38.0,PROXY,osm_power_snapshot_2026_08_20|route2zero_climate_scenario_v1,charging-v1.0,True,"Mapped proximity is not proof of distribution capacity, site control, interconnection approval or charger availability."
LTFRB_PUJ2073,0.458,node/4977761380,1.556,node/6836063735,4604.229,5481.225,5627.391,0,False,False,False,,0.0,0,100.0,82.0,59.84264611432242,70.46,38.0,PROXY,osm_power_snapshot_2026_08_20|route2zero_climate_scenario_v1,charging-v1.0,True,"Mapped proximity is not proof of distribution capacity, site control, interconnection approval or charger availability."
LTFRB_PUJ2074,0.458,node/4977761380,1.556,node/6836063735,4612.797,5491.425,5637.863,0,False,False,False,,0.0,0,100.0,82.0,59.765574823378294,70.44,38.0,PROXY,osm_power_snapshot_2026_08_20|route2zero_climate_scenario_v1,charging-v1.0,True,"Mapped proximity is not proof of distribution capacity, site control, interconnection approval or charger availability."
LTFRB_PUJ2075,0.538,node/4977761380,1.042,node/6836063735,3229.422,3844.55,3947.071,0,False,False,False,,0.0,0,100.0,82.0,72.20937700706486,73.55,38.0,PROXY,osm_power_snapshot_2026_08_20|route2zero_climate_scenario_v1,charging-v1.0,True,"Mapped proximity is not proof of distribution capacity, site control, interconnection approval or charger availability."
LTFRB_PUJ2076,0.76,way/30679817,3.46,node/6836063735,2178.771,2593.775,2662.942,0,False,False,False,,0.0,0,100.0,58.0,81.66024405908799,69.92,38.0,PROXY,osm_power_snapshot_2026_08_20|route2zero_climate_scenario_v1,charging-v1.0,True,"Mapped proximity is not proof of distribution capacity, site control, interconnection approval or charger availability."
LTFRB_PUJ2077,0.535,node/4977761380,1.43,node/6836063735,5145.441,6125.525,6288.872,0,False,False,False,,0.0,0,100.0,82.0,54.974309569685296,69.24,38.0,PROXY,osm_power_snapshot_2026_08_20|route2zero_climate_scenario_v1,charging-v1.0,True,"Mapped proximity is not proof of distribution capacity, site control, interconnection approval or charger availability."
LTFRB_PUJ2078,0.676,node/4977761380,1.103,node/6836063735,5493.516,6539.9,6714.297,0,False,False,False,,0.0,0,100.0,82.0,51.843288375080284,68.46,38.0,PROXY,osm_power_snapshot_2026_08_20|route2zero_climate_scenario_v1,charging-v1.0,True,"Mapped proximity is not proof of distribution capacity, site control, interconnection approval or charger availability."
LTFRB_PUJ2079,0.538,node/4977761380,1.042,node/6836063735,1269.135,1510.875,1551.165,0,False,False,False,,0.0,0,100.0,82.0,89.8426461143224,77.96,38.0,PROXY,osm_power_snapshot_2026_08_20|route2zero_climate_scenario_v1,charging-v1.0,True,"Mapped proximity is not proof of distribution capacity, site control, interconnection approval or charger availability."
LTFRB_PUJ2080,0.538,node/4977761380,1.042,node/6836063735,1286.628,1531.7,1572.545,0,False,False,False,,0.0,0,100.0,82.0,89.68529222864483,77.92,38.0,PROXY,osm_power_snapshot_2026_08_20|route2zero_climate_scenario_v1,charging-v1.0,True,"Mapped proximity is not proof of distribution capacity, site control, interconnection approval or charger availability."
LTFRB_PUJ2081,0.538,node/4977761380,1.042,node/6836063735,3088.05,3676.25,3774.283,0,False,False,False,,0.0,0,100.0,82.0,73.4810533076429,73.87,38.0,PROXY,osm_power_snapshot_2026_08_20|route2zero_climate_scenario_v1,charging-v1.0,True,"Mapped proximity is not proof of distribution capacity, site control, interconnection approval or charger availability."
LTFRB_PUJ2082,0.676,node/4977761380,1.103,node/6836063735,3079.482,3666.05,3763.811,0,False,False,False,,0.0,0,100.0,82.0,73.55812459858703,73.89,38.0,PROXY,osm_power_snapshot_2026_08_20|route2zero_climate_scenario_v1,charging-v1.0,True,"Mapped proximity is not proof of distribution capacity, site control, interconnection approval or charger availability."
LTFRB_PUJ2083,0.627,node/4977761380,1.265,node/6836063735,10894.926,12970.15,13316.021,0,False,False,False,,0.0,0,100.0,82.0,3.25626204238921,56.31,38.0,PROXY,osm_power_snapshot_2026_08_20|route2zero_climate_scenario_v1,charging-v1.0,True,"Mapped proximity is not proof of distribution capacity, site control, interconnection approval or charger availability."
LTFRB_PUJ2084,0.627,node/4977761380,1.265,node/6836063735,10297.308,12258.7,12585.599,0,False,False,False,,0.0,0,100.0,82.0,8.631984585741804,57.66,38.0,PROXY,osm_power_snapshot_2026_08_20|route2zero_climate_scenario_v1,charging-v1.0,True,"Mapped proximity is not proof of distribution capacity, site control, interconnection approval or charger availability."
LTFRB_PUJ2085,0.72,way/30331256,1.842,node/13895420988,4359.327,5189.675,5328.066,0,False,False,False,,0.0,0,100.0,82.0,62.04560051380861,71.01,38.0,PROXY,osm_power_snapshot_2026_08_20|route2zero_climate_scenario_v1,charging-v1.0,True,"Mapped proximity is not proof of distribution capacity, site control, interconnection approval or charger availability."
LTFRB_PUJ2086,0.518,node/4977761380,1.73,node/13895420988,4681.341,5573.025,5721.639,0,False,False,False,,0.0,0,100.0,82.0,59.14900449582531,70.29,38.0,PROXY,osm_power_snapshot_2026_08_20|route2zero_climate_scenario_v1,charging-v1.0,True,"Mapped proximity is not proof of distribution capacity, site control, interconnection approval or charger availability."
LTFRB_PUJ2087,0.325,node/4381582607,1.063,node/6836063735,6701.604,7978.1,8190.849,0,False,False,False,,0.0,0,100.0,82.0,40.976236351958896,65.74,38.0,PROXY,osm_power_snapshot_2026_08_20|route2zero_climate_scenario_v1,charging-v1.0,True,"Mapped proximity is not proof of distribution capacity, site control, interconnection approval or charger availability."
LTFRB_PUJ2088,0.325,node/4381582607,1.063,node/6836063735,6487.047,7722.675,7928.613,0,False,False,False,,0.0,0,100.0,82.0,42.90622992935131,66.23,38.0,PROXY,osm_power_snapshot_2026_08_20|route2zero_climate_scenario_v1,charging-v1.0,True,"Mapped proximity is not proof of distribution capacity, site control, interconnection approval or charger availability."
LTFRB_PUJ2089,0.325,node/4381582607,1.042,node/6836063735,6579.867,7833.175,8042.06,0,False,False,False,,0.0,0,100.0,82.0,42.07129094412332,66.02,38.0,PROXY,osm_power_snapshot_2026_08_20|route2zero_climate_scenario_v1,charging-v1.0,True,"Mapped proximity is not proof of distribution capacity, site control, interconnection approval or charger availability."
LTFRB_PUJ2090,0.538,node/4977761380,1.042,node/6836063735,6200.733,7381.825,7578.674,0,False,False,False,,0.0,0,100.0,82.0,45.481695568400774,66.87,38.0,PROXY,osm_power_snapshot_2026_08_20|route2zero_climate_scenario_v1,charging-v1.0,True,"Mapped proximity is not proof of distribution capacity, site control, interconnection approval or charger availability."
LTFRB_PUJ2091,0.511,way/47570428,2.03,node/9462686325,1481.193,1763.325,1810.347,0,False,False,False,,0.0,0,100.0,82.0,87.93513166345537,77.48,38.0,PROXY,osm_power_snapshot_2026_08_20|route2zero_climate_scenario_v1,charging-v1.0,True,"Mapped proximity is not proof of distribution capacity, site control, interconnection approval or charger availability."
LTFRB_PUJ2092,0.511,way/47570428,2.03,node/9462686325,1434.426,1707.65,1753.187,0,False,False,False,,0.0,0,100.0,82.0,88.3558124598587,77.59,38.0,PROXY,osm_power_snapshot_2026_08_20|route2zero_climate_scenario_v1,charging-v1.0,True,"Mapped proximity is not proof of distribution capacity, site control, interconnection approval or charger availability."
LTFRB_PUJ2093,0.362,way/1161688518,2.235,node/9462686325,923.202,1099.05,1128.358,0,False,False,False,,0.0,0,100.0,82.0,92.95439948619139,78.74,38.0,PROXY,osm_power_snapshot_2026_08_20|route2zero_climate_scenario_v1,charging-v1.0,True,"Mapped proximity is not proof of distribution capacity, site control, interconnection approval or charger availability."
LTFRB_PUJ2094,0.362,way/1161688518,2.235,node/9462686325,1127.763,1342.575,1378.377,0,False,False,False,,0.0,0,100.0,82.0,91.11432241490044,78.28,38.0,PROXY,osm_power_snapshot_2026_08_20|route2zero_climate_scenario_v1,charging-v1.0,True,"Mapped proximity is not proof of distribution capacity, site control, interconnection approval or charger availability."
LTFRB_PUJ2095,1.124,way/31489448,1.743,node/10703746877,1385.874,1649.85,1693.846,0,False,False,False,,0.0,0,82.0,82.0,88.79254977520873,71.4,38.0,PROXY,osm_power_snapshot_2026_08_20|route2zero_climate_scenario_v1,charging-v1.0,True,"Mapped proximity is not proof of distribution capacity, site control, interconnection approval or charger availability."
LTFRB_PUJ2096,1.124,way/31489448,1.743,node/10703746877,1911.378,2275.45,2336.129,0,False,False,False,,0.0,0,82.0,82.0,84.0655105973025,70.22,38.0,PROXY,osm_power_snapshot_2026_08_20|route2zero_climate_scenario_v1,charging-v1.0,True,"Mapped proximity is not proof of distribution capacity, site control, interconnection approval or charger availability."
LTFRB_PUJ2097,1.158,way/489733574,2.748,node/10703746877,4556.748,5424.7,5569.359,0,False,False,False,,0.0,0,82.0,82.0,60.26974951830444,64.27,38.0,PROXY,osm_power_snapshot_2026_08_20|route2zero_climate_scenario_v1,charging-v1.0,True,"Mapped proximity is not proof of distribution capacity, site control, interconnection approval or charger availability."
LTFRB_PUJ2098,1.158,way/489733574,2.748,node/10703746877,4537.113,5401.325,5545.36,0,False,False,False,,0.0,0,82.0,82.0,60.44637122671806,64.31,38.0,PROXY,osm_power_snapshot_2026_08_20|route2zero_climate_scenario_v1,charging-v1.0,True,"Mapped proximity is not proof of distribution capacity, site control, interconnection approval or charger availability."
LTFRB_PUJ2099,1.158,way/489733574,1.549,node/13081283763,3722.439,4431.475,4549.648,0,False,False,False,,0.0,0,82.0,82.0,67.77456647398844,66.14,38.0,PROXY,osm_power_snapshot_2026_08_20|route2zero_climate_scenario_v1,charging-v1.0,True,"Mapped proximity is not proof of distribution capacity, site control, interconnection approval or charger availability."
LTFRB_PUJ2100,1.124,way/31489448,1.776,node/13081283763,3937.353,4687.325,4812.32,0,False,False,False,,0.0,0,82.0,82.0,65.84136159280669,65.66,38.0,PROXY,osm_power_snapshot_2026_08_20|route2zero_climate_scenario_v1,charging-v1.0,True,"Mapped proximity is not proof of distribution capacity, site control, interconnection approval or charger availability."
LTFRB_PUJ2101,1.158,way/489733574,0.418,node/6110400886,8398.425,9998.125,10264.742,0,False,False,False,,0.0,0,82.0,100.0,25.71290944123315,60.13,38.0,PROXY,osm_power_snapshot_2026_08_20|route2zero_climate_scenario_v1,charging-v1.0,True,"Mapped proximity is not proof of distribution capacity, site control, interconnection approval or charger availability."
LTFRB_PUJ2102,1.158,way/489733574,0.418,node/6110400886,8391.642,9990.05,10256.451,0,False,False,False,,0.0,0,82.0,100.0,25.773924213230586,60.14,38.0,PROXY,osm_power_snapshot_2026_08_20|route2zero_climate_scenario_v1,charging-v1.0,True,"Mapped proximity is not proof of distribution capacity, site control, interconnection approval or charger availability."
LTFRB_PUJ2104,0.988,way/489733574,1.73,node/13895420988,1283.058,1527.45,1568.182,0,False,False,False,,0.0,0,100.0,82.0,89.71740526653821,77.93,38.0,PROXY,osm_power_snapshot_2026_08_20|route2zero_climate_scenario_v1,charging-v1.0,True,"Mapped proximity is not proof of distribution capacity, site control, interconnection approval or charger availability."
LTFRB_PUJ2105,0.879,way/264246780,0.569,node/13081283763,3110.184,3702.6,3801.336,0,False,False,False,,0.0,0,100.0,100.0,73.28195247270392,78.32,38.0,PROXY,osm_power_snapshot_2026_08_20|route2zero_climate_scenario_v1,charging-v1.0,True,"Mapped proximity is not proof of distribution capacity, site control, interconnection approval or charger availability."
LTFRB_PUJ2106,0.879,way/264246780,0.569,node/13081283763,3110.184,3702.6,3801.336,0,False,False,False,,0.0,0,100.0,100.0,73.28195247270392,78.32,38.0,PROXY,osm_power_snapshot_2026_08_20|route2zero_climate_scenario_v1,charging-v1.0,True,"Mapped proximity is not proof of distribution capacity, site control, interconnection approval or charger availability."
LTFRB_PUJ2107,0.988,way/489733574,2.724,node/13895420988,1174.53,1398.25,1435.537,0,False,False,False,,0.0,0,100.0,82.0,90.69364161849711,78.17,38.0,PROXY,osm_power_snapshot_2026_08_20|route2zero_climate_scenario_v1,charging-v1.0,True,"Mapped proximity is not proof of distribution capacity, site control, interconnection approval or charger availability."
LTFRB_PUJ2108,0.988,way/489733574,2.912,node/13895420988,1269.135,1510.875,1551.165,0,False,False,False,,0.0,0,100.0,82.0,89.8426461143224,77.96,38.0,PROXY,osm_power_snapshot_2026_08_20|route2zero_climate_scenario_v1,charging-v1.0,True,"Mapped proximity is not proof of distribution capacity, site control, interconnection approval or charger availability."
LTFRB_PUJ2109,1.457,node/2126363194,1.724,node/9756145409,6749.442,8035.05,8249.318,0,False,False,False,,0.0,0,82.0,82.0,40.545921644187544,59.34,38.0,PROXY,osm_power_snapshot_2026_08_20|route2zero_climate_scenario_v1,charging-v1.0,True,"Mapped proximity is not proof of distribution capacity, site control, interconnection approval or charger availability."
LTFRB_PUJ2110,1.457,node/2126363194,1.724,node/9756145409,6422.073,7645.325,7849.2,0,False,False,False,,0.0,0,82.0,82.0,43.49068721901092,60.07,38.0,PROXY,osm_power_snapshot_2026_08_20|route2zero_climate_scenario_v1,charging-v1.0,True,"Mapped proximity is not proof of distribution capacity, site control, interconnection approval or charger availability."
LTFRB_PUJ2111,1.457,node/2126363194,1.724,node/9756145409,6725.523,8006.575,8220.084,0,False,False,False,,0.0,0,82.0,82.0,40.761078998073216,59.39,38.0,PROXY,osm_power_snapshot_2026_08_20|route2zero_climate_scenario_v1,charging-v1.0,True,"Mapped proximity is not proof of distribution capacity, site control, interconnection approval or charger availability."
LTFRB_PUJ2112,1.457,node/2126363194,1.724,node/9756145409,6407.793,7628.325,7831.747,0,False,False,False,,0.0,0,82.0,82.0,43.619139370584456,60.1,38.0,PROXY,osm_power_snapshot_2026_08_20|route2zero_climate_scenario_v1,charging-v1.0,True,"Mapped proximity is not proof of distribution capacity, site control, interconnection approval or charger availability."
LTFRB_PUJ2113,0.482,way/264246780,0.323,node/13081283763,7534.842,8970.05,9209.251,0,False,False,False,,0.0,0,100.0,100.0,33.48105330764291,68.37,38.0,PROXY,osm_power_snapshot_2026_08_20|route2zero_climate_scenario_v1,charging-v1.0,True,"Mapped proximity is not proof of distribution capacity, site control, interconnection approval or charger availability."
LTFRB_PUJ2114,0.3,way/264246780,0.212,node/13081283763,7041.111,8382.275,8605.802,0,False,False,False,,0.0,0,100.0,100.0,37.92228644829802,69.48,38.0,PROXY,osm_power_snapshot_2026_08_20|route2zero_climate_scenario_v1,charging-v1.0,True,"Mapped proximity is not proof of distribution capacity, site control, interconnection approval or charger availability."
LTFRB_PUJ2115,2.181,way/116061783,0.603,node/13111228298,5072.97,6039.25,6200.297,0,False,False,False,,0.0,0,82.0,100.0,55.626204238921005,67.61,38.0,PROXY,osm_power_snapshot_2026_08_20|route2zero_climate_scenario_v1,charging-v1.0,True,"Mapped proximity is not proof of distribution capacity, site control, interconnection approval or charger availability."
LTFRB_PUJ2116,2.181,way/116061783,0.603,node/13111228298,5194.707,6184.175,6349.086,0,False,False,False,,0.0,0,82.0,100.0,54.53114964675658,67.33,38.0,PROXY,osm_power_snapshot_2026_08_20|route2zero_climate_scenario_v1,charging-v1.0,True,"Mapped proximity is not proof of distribution capacity, site control, interconnection approval or charger availability."
LTFRB_PUJ2117,0.727,way/1500158674,2.369,node/6110400886,2689.995,3202.375,3287.772,0,False,False,False,,0.0,0,100.0,82.0,77.0616570327553,74.77,38.0,PROXY,osm_power_snapshot_2026_08_20|route2zero_climate_scenario_v1,charging-v1.0,True,"Mapped proximity is not proof of distribution capacity, site control, interconnection approval or charger availability."
LTFRB_PUJ2118,0.727,way/1500158674,2.369,node/6110400886,2205.546,2625.65,2695.667,0,False,False,False,,0.0,0,100.0,82.0,81.4193962748876,75.85,38.0,PROXY,osm_power_snapshot_2026_08_20|route2zero_climate_scenario_v1,charging-v1.0,True,"Mapped proximity is not proof of distribution capacity, site control, interconnection approval or charger availability."
LTFRB_PUJ2119,0.605,way/530281328,1.579,node/13895420988,8591.919,10228.475,10501.234,0,False,False,False,,0.0,0,100.0,82.0,23.97238278741169,61.49,38.0,PROXY,osm_power_snapshot_2026_08_20|route2zero_climate_scenario_v1,charging-v1.0,True,"Mapped proximity is not proof of distribution capacity, site control, interconnection approval or charger availability."
LTFRB_PUJ2120,0.669,way/530281328,1.512,node/13895420988,8685.096,10339.4,10615.117,0,False,False,False,,0.0,0,100.0,82.0,23.134232498394354,61.28,38.0,PROXY,osm_power_snapshot_2026_08_20|route2zero_climate_scenario_v1,charging-v1.0,True,"Mapped proximity is not proof of distribution capacity, site control, interconnection approval or charger availability."
LTFRB_PUJ2121,0.325,node/4381582607,10.315,node/12980211308,6811.203,8108.575,8324.804,0,False,False,False,,0.0,0,100.0,32.0,39.99036608863199,53.0,38.0,PROXY,osm_power_snapshot_2026_08_20|route2zero_climate_scenario_v1,charging-v1.0,True,"Mapped proximity is not proof of distribution capacity, site control, interconnection approval or charger availability."
LTFRB_PUJ2122,0.325,node/4381582607,10.315,node/12980211308,6530.601,7774.525,7981.846,0,False,False,False,,0.0,0,100.0,32.0,42.514450867052034,53.63,38.0,PROXY,osm_power_snapshot_2026_08_20|route2zero_climate_scenario_v1,charging-v1.0,True,"Mapped proximity is not proof of distribution capacity, site control, interconnection approval or charger availability."
LTFRB_PUJ2123,0.247,node/4592771042,5.107,node/12862848460,3965.199,4720.475,4846.354,0,False,False,False,,0.0,0,100.0,58.0,65.59087989723828,65.9,38.0,PROXY,osm_power_snapshot_2026_08_20|route2zero_climate_scenario_v1,charging-v1.0,True,"Mapped proximity is not proof of distribution capacity, site control, interconnection approval or charger availability."
LTFRB_PUJ2124,0.343,node/4592771042,5.019,node/12862848460,3990.903,4751.075,4877.77,0,False,False,False,,0.0,0,100.0,58.0,65.35966602440591,65.84,38.0,PROXY,osm_power_snapshot_2026_08_20|route2zero_climate_scenario_v1,charging-v1.0,True,"Mapped proximity is not proof of distribution capacity, site control, interconnection approval or charger availability."
LTFRB_PUJ2125,0.37,node/4592771042,10.763,node/12980211308,2507.568,2985.2,3064.805,0,False,False,False,,0.0,0,100.0,32.0,78.70263326910725,62.68,38.0,PROXY,osm_power_snapshot_2026_08_20|route2zero_climate_scenario_v1,charging-v1.0,True,"Mapped proximity is not proof of distribution capacity, site control, interconnection approval or charger availability."
LTFRB_PUJ2126,0.113,node/4592771042,10.735,node/12980211308,2405.109,2863.225,2939.578,0,False,False,False,,0.0,0,100.0,32.0,79.6242774566474,62.91,38.0,PROXY,osm_power_snapshot_2026_08_20|route2zero_climate_scenario_v1,charging-v1.0,True,"Mapped proximity is not proof of distribution capacity, site control, interconnection approval or charger availability."
LTFRB_PUJ2127,0.113,node/4592771042,2.619,node/12980211308,3922.002,4669.05,4793.558,0,False,False,False,,0.0,0,100.0,82.0,65.97944765574823,71.99,38.0,PROXY,osm_power_snapshot_2026_08_20|route2zero_climate_scenario_v1,charging-v1.0,True,"Mapped proximity is not proof of distribution capacity, site control, interconnection approval or charger availability."
LTFRB_PUJ2129,0.343,node/4592771042,10.929,node/12980211308,2291.94,2728.5,2801.26,0,False,False,False,,0.0,0,100.0,32.0,80.64226075786769,63.16,38.0,PROXY,osm_power_snapshot_2026_08_20|route2zero_climate_scenario_v1,charging-v1.0,True,"Mapped proximity is not proof of distribution capacity, site control, interconnection approval or charger availability."
LTFRB_PUJ2130,0.343,node/4592771042,10.929,node/12980211308,2291.94,2728.5,2801.26,0,False,False,False,,0.0,0,100.0,32.0,80.64226075786769,63.16,38.0,PROXY,osm_power_snapshot_2026_08_20|route2zero_climate_scenario_v1,charging-v1.0,True,"Mapped proximity is not proof of distribution capacity, site control, interconnection approval or charger availability."
LTFRB_PUJ2131,0.343,node/4592771042,10.54,node/12980211308,2023.476,2408.9,2473.137,0,False,False,False,,0.0,0,100.0,32.0,83.05716120745022,63.76,38.0,PROXY,osm_power_snapshot_2026_08_20|route2zero_climate_scenario_v1,charging-v1.0,True,"Mapped proximity is not proof of distribution capacity, site control, interconnection approval or charger availability."
LTFRB_PUJ2132,0.343,node/4592771042,10.54,node/12980211308,2022.048,2407.2,2471.392,0,False,False,False,,0.0,0,100.0,32.0,83.07000642260758,63.77,38.0,PROXY,osm_power_snapshot_2026_08_20|route2zero_climate_scenario_v1,charging-v1.0,True,"Mapped proximity is not proof of distribution capacity, site control, interconnection approval or charger availability."
LTFRB_PUJ2133,0.343,node/4592771042,10.929,node/12980211308,6749.799,8035.475,8249.754,0,False,False,False,,0.0,0,100.0,32.0,40.5427103403982,53.14,38.0,PROXY,osm_power_snapshot_2026_08_20|route2zero_climate_scenario_v1,charging-v1.0,True,"Mapped proximity is not proof of distribution capacity, site control, interconnection approval or charger availability."
LTFRB_PUJ2134,0.247,node/4592771042,10.813,node/12980211308,6622.707,7884.175,8094.42,0,False,False,False,,0.0,0,100.0,32.0,41.6859344894027,53.42,38.0,PROXY,osm_power_snapshot_2026_08_20|route2zero_climate_scenario_v1,charging-v1.0,True,"Mapped proximity is not proof of distribution capacity, site control, interconnection approval or charger availability."
LTFRB_PUJ2135,0.656,node/4381582607,10.295,node/12980211308,7479.15,8903.75,9141.183,0,False,False,False,,0.0,0,100.0,32.0,33.9820166987797,51.5,38.0,PROXY,osm_power_snapshot_2026_08_20|route2zero_climate_scenario_v1,charging-v1.0,True,"Mapped proximity is not proof of distribution capacity, site control, interconnection approval or charger availability."
LTFRB_PUJ2137,0.699,way/161414200,4.302,node/13895420988,791.469,942.225,967.351,0,False,False,False,,0.0,0,100.0,58.0,94.13937058445728,73.03,38.0,PROXY,osm_power_snapshot_2026_08_20|route2zero_climate_scenario_v1,charging-v1.0,True,"Mapped proximity is not proof of distribution capacity, site control, interconnection approval or charger availability."
LTFRB_PUJ2138,0.699,way/440593524,4.175,node/13895420988,771.834,918.85,943.353,0,False,False,False,,0.0,0,100.0,58.0,94.3159922928709,73.08,38.0,PROXY,osm_power_snapshot_2026_08_20|route2zero_climate_scenario_v1,charging-v1.0,True,"Mapped proximity is not proof of distribution capacity, site control, interconnection approval or charger availability."
LTFRB_PUJ2140,1.18,way/97816397,1.912,node/12950633881,3611.412,4299.3,4413.948,0,False,False,False,,0.0,0,82.0,82.0,68.7732819524727,66.39,38.0,PROXY,osm_power_snapshot_2026_08_20|route2zero_climate_scenario_v1,charging-v1.0,True,"Mapped proximity is not proof of distribution capacity, site control, interconnection approval or charger availability."
LTFRB_PUJ2141,0.674,way/31489448,1.954,node/13081283218,5889.786,7011.65,7198.627,0,False,False,False,,0.0,0,100.0,82.0,48.278741168914586,67.57,38.0,PROXY,osm_power_snapshot_2026_08_20|route2zero_climate_scenario_v1,charging-v1.0,True,"Mapped proximity is not proof of distribution capacity, site control, interconnection approval or charger availability."
LTFRB_PUJ2142,0.78,way/31489448,2.105,node/13081283763,5984.748,7124.7,7314.692,0,False,False,False,,0.0,0,100.0,82.0,47.42453436095055,67.36,38.0,PROXY,osm_power_snapshot_2026_08_20|route2zero_climate_scenario_v1,charging-v1.0,True,"Mapped proximity is not proof of distribution capacity, site control, interconnection approval or charger availability."
LTFRB_PUJ2145,0.917,way/1500158674,2.571,node/6110400886,3074.127,3659.675,3757.266,0,False,False,False,,0.0,0,100.0,82.0,73.6062941554271,73.9,38.0,PROXY,osm_power_snapshot_2026_08_20|route2zero_climate_scenario_v1,charging-v1.0,True,"Mapped proximity is not proof of distribution capacity, site control, interconnection approval or charger availability."
LTFRB_PUJ2146,0.917,way/1500158674,2.571,node/6110400886,2593.962,3088.05,3170.398,0,False,False,False,,0.0,0,100.0,82.0,77.92549775208735,74.98,38.0,PROXY,osm_power_snapshot_2026_08_20|route2zero_climate_scenario_v1,charging-v1.0,True,"Mapped proximity is not proof of distribution capacity, site control, interconnection approval or charger availability."
LTFRB_PUJ2147,0.3,way/264246780,0.212,node/13081283763,521.577,620.925,637.483,0,False,False,False,,0.0,0,100.0,100.0,96.56711624919717,84.14,38.0,PROXY,osm_power_snapshot_2026_08_20|route2zero_climate_scenario_v1,charging-v1.0,True,"Mapped proximity is not proof of distribution capacity, site control, interconnection approval or charger availability."
LTFRB_PUJ2148,0.359,way/136815994,0.323,node/13081283763,327.012,389.3,399.681,0,False,False,False,,0.0,0,100.0,100.0,98.31727681438664,84.58,38.0,PROXY,osm_power_snapshot_2026_08_20|route2zero_climate_scenario_v1,charging-v1.0,True,"Mapped proximity is not proof of distribution capacity, site control, interconnection approval or charger availability."
LTFRB_PUJ2149,1.335,way/617091970,4.09,node/13895420988,4384.317,5219.425,5358.61,0,False,False,False,,0.0,0,82.0,58.0,61.820809248554916,58.66,38.0,PROXY,osm_power_snapshot_2026_08_20|route2zero_climate_scenario_v1,charging-v1.0,True,"Mapped proximity is not proof of distribution capacity, site control, interconnection approval or charger availability."
LTFRB_PUJ2150,1.335,way/617091970,4.09,node/13895420988,4210.815,5012.875,5146.552,0,False,False,False,,0.0,0,82.0,58.0,63.381502890173415,59.05,38.0,PROXY,osm_power_snapshot_2026_08_20|route2zero_climate_scenario_v1,charging-v1.0,True,"Mapped proximity is not proof of distribution capacity, site control, interconnection approval or charger availability."
LTFRB_PUJ2151,1.569,way/116061783,0.538,node/13081283762,4742.388,5645.7,5796.252,0,False,False,False,,0.0,0,82.0,100.0,58.59987154784843,68.35,38.0,PROXY,osm_power_snapshot_2026_08_20|route2zero_climate_scenario_v1,charging-v1.0,True,"Mapped proximity is not proof of distribution capacity, site control, interconnection approval or charger availability."
LTFRB_PUJ2152,1.798,way/116061783,0.311,node/13081283762,4638.858,5522.45,5669.715,0,False,False,False,,0.0,0,82.0,100.0,59.53114964675659,68.58,38.0,PROXY,osm_power_snapshot_2026_08_20|route2zero_climate_scenario_v1,charging-v1.0,True,"Mapped proximity is not proof of distribution capacity, site control, interconnection approval or charger availability."
LTFRB_PUJ2153,0.791,way/617091970,4.678,node/13895420988,2165.562,2578.05,2646.798,0,False,False,False,,0.0,0,100.0,58.0,81.77906229929351,69.94,38.0,PROXY,osm_power_snapshot_2026_08_20|route2zero_climate_scenario_v1,charging-v1.0,True,"Mapped proximity is not proof of distribution capacity, site control, interconnection approval or charger availability."
LTFRB_PUJ2154,0.791,way/617091970,4.678,node/13895420988,2283.015,2717.875,2790.352,0,False,False,False,,0.0,0,100.0,58.0,80.72254335260115,69.68,38.0,PROXY,osm_power_snapshot_2026_08_20|route2zero_climate_scenario_v1,charging-v1.0,True,"Mapped proximity is not proof of distribution capacity, site control, interconnection approval or charger availability."
LTFRB_PUJ2155,0.66,way/30618817,0.57,node/9462686325,2657.865,3164.125,3248.502,0,False,False,False,,0.0,0,100.0,100.0,77.35067437379575,79.34,38.0,PROXY,osm_power_snapshot_2026_08_20|route2zero_climate_scenario_v1,charging-v1.0,True,"Mapped proximity is not proof of distribution capacity, site control, interconnection approval or charger availability."
LTFRB_PUJ2156,0.976,way/30618817,0.676,node/9462686325,3117.324,3711.1,3810.063,0,False,False,False,,0.0,0,100.0,100.0,73.21772639691716,78.3,38.0,PROXY,osm_power_snapshot_2026_08_20|route2zero_climate_scenario_v1,charging-v1.0,True,"Mapped proximity is not proof of distribution capacity, site control, interconnection approval or charger availability."
LTFRB_PUJ2157,0.763,way/33302915,1.029,node/9462686325,1997.415,2377.875,2441.285,0,False,False,False,,0.0,0,100.0,82.0,83.29158638407193,76.32,38.0,PROXY,osm_power_snapshot_2026_08_20|route2zero_climate_scenario_v1,charging-v1.0,True,"Mapped proximity is not proof of distribution capacity, site control, interconnection approval or charger availability."
LTFRB_PUJ2158,0.599,way/440588497,0.765,node/9462686325,1048.152,1247.8,1281.075,0,False,False,False,,0.0,0,100.0,100.0,91.83044315992294,82.96,38.0,PROXY,osm_power_snapshot_2026_08_20|route2zero_climate_scenario_v1,charging-v1.0,True,"Mapped proximity is not proof of distribution capacity, site control, interconnection approval or charger availability."
LTFRB_PUJ2159,0.509,way/987363495,0.764,node/13688427301,4358.613,5188.825,5327.194,0,False,False,False,,0.0,0,100.0,100.0,62.05202312138729,75.51,38.0,PROXY,osm_power_snapshot_2026_08_20|route2zero_climate_scenario_v1,charging-v1.0,True,"Mapped proximity is not proof of distribution capacity, site control, interconnection approval or charger availability."
LTFRB_PUJ2160,0.509,way/987363495,0.764,node/13688427301,4354.329,5183.725,5321.958,0,False,False,False,,0.0,0,100.0,100.0,62.090558766859345,75.52,38.0,PROXY,osm_power_snapshot_2026_08_20|route2zero_climate_scenario_v1,charging-v1.0,True,"Mapped proximity is not proof of distribution capacity, site control, interconnection approval or charger availability."
LTFRB_PUJ2161,0.699,way/440593524,4.175,node/13895420988,766.836,912.9,937.244,0,False,False,False,,0.0,0,100.0,58.0,94.36095054592164,73.09,38.0,PROXY,osm_power_snapshot_2026_08_20|route2zero_climate_scenario_v1,charging-v1.0,True,"Mapped proximity is not proof of distribution capacity, site control, interconnection approval or charger availability."
LTFRB_PUJ2163,0.232,node/4977761380,1.691,node/6836063735,4759.881,5666.525,5817.632,0,False,False,False,,0.0,0,100.0,82.0,58.44251766217084,70.11,38.0,PROXY,osm_power_snapshot_2026_08_20|route2zero_climate_scenario_v1,charging-v1.0,True,"Mapped proximity is not proof of distribution capacity, site control, interconnection approval or charger availability."
LTFRB_PUJ2164,0.384,node/4977761380,1.712,node/6836063735,4229.736,5035.4,5169.677,0,False,False,False,,0.0,0,100.0,82.0,63.21130378933847,71.3,38.0,PROXY,osm_power_snapshot_2026_08_20|route2zero_climate_scenario_v1,charging-v1.0,True,"Mapped proximity is not proof of distribution capacity, site control, interconnection approval or charger availability."
LTFRB_PUJ2165,0.509,node/4977761380,1.171,node/6836063735,2709.273,3225.325,3311.334,0,False,False,False,,0.0,0,100.0,82.0,76.88824662813101,74.72,38.0,PROXY,osm_power_snapshot_2026_08_20|route2zero_climate_scenario_v1,charging-v1.0,True,"Mapped proximity is not proof of distribution capacity, site control, interconnection approval or charger availability."
LTFRB_PUJ2166,0.676,node/4977761380,1.103,node/6836063735,3038.07,3616.75,3713.197,0,False,False,False,,0.0,0,100.0,82.0,73.9306358381503,73.98,38.0,PROXY,osm_power_snapshot_2026_08_20|route2zero_climate_scenario_v1,charging-v1.0,True,"Mapped proximity is not proof of distribution capacity, site control, interconnection approval or charger availability."
LTFRB_PUJ2167,0.155,node/4977761380,1.482,node/6836063735,3479.679,4142.475,4252.941,0,False,False,False,,0.0,0,100.0,82.0,69.95825305073859,72.99,38.0,PROXY,osm_power_snapshot_2026_08_20|route2zero_climate_scenario_v1,charging-v1.0,True,"Mapped proximity is not proof of distribution capacity, site control, interconnection approval or charger availability."
LTFRB_PUJ2168,0.155,node/4977761380,1.482,node/6836063735,3356.871,3996.275,4102.842,0,False,False,False,,0.0,0,100.0,82.0,71.06294155427103,73.27,38.0,PROXY,osm_power_snapshot_2026_08_20|route2zero_climate_scenario_v1,charging-v1.0,True,"Mapped proximity is not proof of distribution capacity, site control, interconnection approval or charger availability."
LTFRB_PUJ2169,1.265,way/30679817,2.724,node/13895420988,4977.294,5925.35,6083.359,0,False,False,False,,0.0,0,82.0,82.0,56.486833654463716,63.32,38.0,PROXY,osm_power_snapshot_2026_08_20|route2zero_climate_scenario_v1,charging-v1.0,True,"Mapped proximity is not proof of distribution capacity, site control, interconnection approval or charger availability."
LTFRB_PUJ2170,1.273,way/440593524,2.812,node/6110400886,4548.18,5414.5,5558.887,0,False,False,False,,0.0,0,82.0,82.0,60.346820809248555,64.29,38.0,PROXY,osm_power_snapshot_2026_08_20|route2zero_climate_scenario_v1,charging-v1.0,True,"Mapped proximity is not proof of distribution capacity, site control, interconnection approval or charger availability."
LTFRB_PUJ2171,1.342,way/1213040608,2.216,node/6110400886,3839.178,4570.45,4692.329,0,False,False,False,,0.0,0,82.0,82.0,66.72447013487476,65.88,38.0,PROXY,osm_power_snapshot_2026_08_20|route2zero_climate_scenario_v1,charging-v1.0,True,"Mapped proximity is not proof of distribution capacity, site control, interconnection approval or charger availability."
LTFRB_PUJ2172,1.097,way/1213040608,2.216,node/6110400886,3165.519,3768.475,3868.968,0,False,False,False,,0.0,0,82.0,82.0,72.78420038535646,67.4,38.0,PROXY,osm_power_snapshot_2026_08_20|route2zero_climate_scenario_v1,charging-v1.0,True,"Mapped proximity is not proof of distribution capacity, site control, interconnection approval or charger availability."
LTFRB_PUJ2173,1.009,way/617091970,3.622,node/13895420988,461.601,549.525,564.179,0,False,False,False,,0.0,0,82.0,58.0,97.10661528580604,67.48,38.0,PROXY,osm_power_snapshot_2026_08_20|route2zero_climate_scenario_v1,charging-v1.0,True,"Mapped proximity is not proof of distribution capacity, site control, interconnection approval or charger availability."
LTFRB_PUJ2174,1.009,way/617091970,3.456,node/13895420988,1097.775,1306.875,1341.725,0,False,False,False,,0.0,0,82.0,58.0,91.38407193320488,66.05,38.0,PROXY,osm_power_snapshot_2026_08_20|route2zero_climate_scenario_v1,charging-v1.0,True,"Mapped proximity is not proof of distribution capacity, site control, interconnection approval or charger availability."
LTFRB_PUJ2175,1.342,way/1213040608,3.456,node/13895420988,1209.873,1440.325,1478.734,0,False,False,False,,0.0,0,82.0,58.0,90.3757225433526,65.79,38.0,PROXY,osm_power_snapshot_2026_08_20|route2zero_climate_scenario_v1,charging-v1.0,True,"Mapped proximity is not proof of distribution capacity, site control, interconnection approval or charger availability."
LTFRB_PUJ2176,1.325,way/1213040608,3.526,node/13895420988,1170.603,1393.575,1430.737,0,False,False,False,,0.0,0,82.0,58.0,90.72896596017983,65.88,38.0,PROXY,osm_power_snapshot_2026_08_20|route2zero_climate_scenario_v1,charging-v1.0,True,"Mapped proximity is not proof of distribution capacity, site control, interconnection approval or charger availability."
LTFRB_PUJ2177,0.752,way/291478089,2.912,node/13895420988,2705.346,3220.65,3306.534,0,False,False,False,,0.0,0,100.0,82.0,76.92357096981374,74.73,38.0,PROXY,osm_power_snapshot_2026_08_20|route2zero_climate_scenario_v1,charging-v1.0,True,"Mapped proximity is not proof of distribution capacity, site control, interconnection approval or charger availability."
LTFRB_PUJ2178,0.752,way/291478089,2.912,node/13895420988,2883.132,3432.3,3523.828,0,False,False,False,,0.0,0,100.0,82.0,75.32434168272319,74.33,38.0,PROXY,osm_power_snapshot_2026_08_20|route2zero_climate_scenario_v1,charging-v1.0,True,"Mapped proximity is not proof of distribution capacity, site control, interconnection approval or charger availability."
LTFRB_PUJ2179,0.922,way/440593524,3.325,node/13895420988,1112.412,1324.3,1359.615,0,False,False,False,,0.0,0,100.0,58.0,91.25240847784201,72.31,38.0,PROXY,osm_power_snapshot_2026_08_20|route2zero_climate_scenario_v1,charging-v1.0,True,"Mapped proximity is not proof of distribution capacity, site control, interconnection approval or charger availability."
LTFRB_PUJ2180,0.922,way/440593524,3.325,node/13895420988,1129.191,1344.275,1380.122,0,False,False,False,,0.0,0,100.0,58.0,91.1014771997431,72.28,38.0,PROXY,osm_power_snapshot_2026_08_20|route2zero_climate_scenario_v1,charging-v1.0,True,"Mapped proximity is not proof of distribution capacity, site control, interconnection approval or charger availability."
LTFRB_PUJ2181,0.782,way/291478089,3.001,node/6836063735,2560.761,3048.525,3129.819,0,False,False,False,,0.0,0,100.0,58.0,78.22414900449583,69.06,38.0,PROXY,osm_power_snapshot_2026_08_20|route2zero_climate_scenario_v1,charging-v1.0,True,"Mapped proximity is not proof of distribution capacity, site control, interconnection approval or charger availability."
LTFRB_PUJ2182,0.752,way/291478089,3.264,node/6836063735,2608.242,3105.05,3187.851,0,False,False,False,,0.0,0,100.0,58.0,77.7970456005138,68.95,38.0,PROXY,osm_power_snapshot_2026_08_20|route2zero_climate_scenario_v1,charging-v1.0,True,"Mapped proximity is not proof of distribution capacity, site control, interconnection approval or charger availability."
LTFRB_PUJ2183,0.782,way/291478089,2.724,node/13895420988,3326.169,3959.725,4065.318,0,False,False,False,,0.0,0,100.0,82.0,71.33911368015414,73.33,38.0,PROXY,osm_power_snapshot_2026_08_20|route2zero_climate_scenario_v1,charging-v1.0,True,"Mapped proximity is not proof of distribution capacity, site control, interconnection approval or charger availability."
LTFRB_PUJ2184,0.752,way/291478089,2.813,node/13895420988,2613.954,3111.85,3194.833,0,False,False,False,,0.0,0,100.0,82.0,77.74566473988439,74.94,38.0,PROXY,osm_power_snapshot_2026_08_20|route2zero_climate_scenario_v1,charging-v1.0,True,"Mapped proximity is not proof of distribution capacity, site control, interconnection approval or charger availability."
LTFRB_PUJ2185,0.715,way/440593524,3.506,node/13895420988,753.627,897.175,921.1,0,False,False,False,,0.0,0,100.0,58.0,94.47976878612717,73.12,38.0,PROXY,osm_power_snapshot_2026_08_20|route2zero_climate_scenario_v1,charging-v1.0,True,"Mapped proximity is not proof of distribution capacity, site control, interconnection approval or charger availability."
LTFRB_PUJ2186,0.715,way/440593524,3.506,node/13895420988,680.085,809.625,831.215,0,False,False,False,,0.0,0,100.0,58.0,95.1412973667309,73.29,38.0,PROXY,osm_power_snapshot_2026_08_20|route2zero_climate_scenario_v1,charging-v1.0,True,"Mapped proximity is not proof of distribution capacity, site control, interconnection approval or charger availability."
LTFRB_PUJ2187,0.565,way/291478089,3.385,node/13895420988,2216.613,2638.825,2709.194,0,False,False,False,,0.0,0,100.0,58.0,81.31984585741812,69.83,38.0,PROXY,osm_power_snapshot_2026_08_20|route2zero_climate_scenario_v1,charging-v1.0,True,"Mapped proximity is not proof of distribution capacity, site control, interconnection approval or charger availability."
LTFRB_PUJ2188,0.09,way/291478089,3.503,node/13895420988,2272.305,2705.125,2777.262,0,False,False,False,,0.0,0,100.0,58.0,80.81888246628131,69.7,38.0,PROXY,osm_power_snapshot_2026_08_20|route2zero_climate_scenario_v1,charging-v1.0,True,"Mapped proximity is not proof of distribution capacity, site control, interconnection approval or charger availability."
LTFRB_PUJ2189,1.475,way/800186096,0.93,node/13111228298,3918.432,4664.8,4789.195,0,False,False,False,,0.0,0,82.0,100.0,66.01156069364163,70.2,38.0,PROXY,osm_power_snapshot_2026_08_20|route2zero_climate_scenario_v1,charging-v1.0,True,"Mapped proximity is not proof of distribution capacity, site control, interconnection approval or charger availability."
LTFRB_PUJ2190,2.166,way/116061783,0.709,node/13111228298,3720.654,4429.35,4547.466,0,False,False,False,,0.0,0,82.0,100.0,67.79062299293513,70.65,38.0,PROXY,osm_power_snapshot_2026_08_20|route2zero_climate_scenario_v1,charging-v1.0,True,"Mapped proximity is not proof of distribution capacity, site control, interconnection approval or charger availability."
LTFRB_PUJ2192,0.862,way/136815994,0.721,node/13072158270,1140.615,1357.875,1394.085,0,False,False,False,,0.0,0,100.0,100.0,90.99871547848426,82.75,38.0,PROXY,osm_power_snapshot_2026_08_20|route2zero_climate_scenario_v1,charging-v1.0,True,"Mapped proximity is not proof of distribution capacity, site control, interconnection approval or charger availability."
LTFRB_PUJ2193,0.61,way/260934319,0.769,node/13081283763,1041.369,1239.725,1272.784,0,False,False,False,,0.0,0,100.0,100.0,91.89145793192036,82.97,38.0,PROXY,osm_power_snapshot_2026_08_20|route2zero_climate_scenario_v1,charging-v1.0,True,"Mapped proximity is not proof of distribution capacity, site control, interconnection approval or charger availability."
LTFRB_PUJ2194,0.871,way/260934319,0.761,node/13081283763,1251.999,1490.475,1530.221,0,False,False,False,,0.0,0,100.0,100.0,89.99678869621066,82.5,38.0,PROXY,osm_power_snapshot_2026_08_20|route2zero_climate_scenario_v1,charging-v1.0,True,"Mapped proximity is not proof of distribution capacity, site control, interconnection approval or charger availability."
LTFRB_PUJ2195,0.461,way/264246780,0.023,node/13081283763,1012.095,1204.875,1237.005,0,False,False,False,,0.0,0,100.0,100.0,92.15478484264611,83.04,38.0,PROXY,osm_power_snapshot_2026_08_20|route2zero_climate_scenario_v1,charging-v1.0,True,"Mapped proximity is not proof of distribution capacity, site control, interconnection approval or charger availability."
LTFRB_PUJ2196,0.461,way/264246780,0.023,node/13081283763,885.717,1054.425,1082.543,0,False,False,False,,0.0,0,100.0,100.0,93.29158638407193,83.32,38.0,PROXY,osm_power_snapshot_2026_08_20|route2zero_climate_scenario_v1,charging-v1.0,True,"Mapped proximity is not proof of distribution capacity, site control, interconnection approval or charger availability."
LTFRB_PUJ2197,0.335,way/182922897,0.569,node/13081283763,3114.468,3707.7,3806.572,0,False,False,False,,0.0,0,100.0,100.0,73.24341682723185,78.31,38.0,PROXY,osm_power_snapshot_2026_08_20|route2zero_climate_scenario_v1,charging-v1.0,True,"Mapped proximity is not proof of distribution capacity, site control, interconnection approval or charger availability."
LTFRB_PUJ2198,0.335,way/182922897,0.885,node/13081283763,2966.67,3531.75,3625.93,0,False,False,False,,0.0,0,100.0,100.0,74.57289659601798,78.64,38.0,PROXY,osm_power_snapshot_2026_08_20|route2zero_climate_scenario_v1,charging-v1.0,True,"Mapped proximity is not proof of distribution capacity, site control, interconnection approval or charger availability."
LTFRB_PUJ2199,0.879,way/264246780,0.569,node/13081283763,5706.288,6793.2,6974.352,0,False,False,False,,0.0,0,100.0,100.0,49.929351316634566,72.48,38.0,PROXY,osm_power_snapshot_2026_08_20|route2zero_climate_scenario_v1,charging-v1.0,True,"Mapped proximity is not proof of distribution capacity, site control, interconnection approval or charger availability."
LTFRB_PUJ2200,0.879,way/264246780,0.569,node/13081283763,5736.276,6828.9,7011.004,0,False,False,False,,0.0,0,100.0,100.0,49.65960179833013,72.41,38.0,PROXY,osm_power_snapshot_2026_08_20|route2zero_climate_scenario_v1,charging-v1.0,True,"Mapped proximity is not proof of distribution capacity, site control, interconnection approval or charger availability."
LTFRB_PUJ2201,0.64,way/264246780,0.546,node/13081283763,4549.251,5415.775,5560.196,0,False,False,False,,0.0,0,100.0,100.0,60.33718689788054,75.08,38.0,PROXY,osm_power_snapshot_2026_08_20|route2zero_climate_scenario_v1,charging-v1.0,True,"Mapped proximity is not proof of distribution capacity, site control, interconnection approval or charger availability."
LTFRB_PUJ2202,0.568,way/264246780,0.81,node/13081283763,4351.116,5179.9,5318.031,0,False,False,False,,0.0,0,100.0,100.0,62.1194605009634,75.53,38.0,PROXY,osm_power_snapshot_2026_08_20|route2zero_climate_scenario_v1,charging-v1.0,True,"Mapped proximity is not proof of distribution capacity, site control, interconnection approval or charger availability."
LTFRB_PUJ2203,0.217,way/264246780,0.675,node/13081283763,5554.206,6612.15,6788.474,0,False,False,False,,0.0,0,100.0,100.0,51.29736673089275,72.82,38.0,PROXY,osm_power_snapshot_2026_08_20|route2zero_climate_scenario_v1,charging-v1.0,True,"Mapped proximity is not proof of distribution capacity, site control, interconnection approval or charger availability."
LTFRB_PUJ2204,0.065,way/264246780,0.443,node/13081283763,4411.449,5251.725,5391.771,0,False,False,False,,0.0,0,100.0,100.0,61.57675016056519,75.39,38.0,PROXY,osm_power_snapshot_2026_08_20|route2zero_climate_scenario_v1,charging-v1.0,True,"Mapped proximity is not proof of distribution capacity, site control, interconnection approval or charger availability."
LTFRB_PUJ2205,0.269,way/60193935,0.953,node/9596306271,6550.593,7798.325,8006.28,0,False,False,False,,0.0,0,100.0,100.0,42.33461785484908,70.58,38.0,PROXY,osm_power_snapshot_2026_08_20|route2zero_climate_scenario_v1,charging-v1.0,True,"Mapped proximity is not proof of distribution capacity, site control, interconnection approval or charger availability."
LTFRB_PUJ2206,0.722,way/658030273,1.506,node/12950633881,6093.276,7253.9,7447.337,0,False,False,False,,0.0,0,100.0,82.0,46.44829800899165,67.11,38.0,PROXY,osm_power_snapshot_2026_08_20|route2zero_climate_scenario_v1,charging-v1.0,True,"Mapped proximity is not proof of distribution capacity, site control, interconnection approval or charger availability."
LTFRB_PUJ2207,0.52,way/1337513227,0.428,node/12950633881,1054.578,1255.45,1288.929,0,False,False,False,,0.0,0,100.0,100.0,91.77263969171483,82.94,38.0,PROXY,osm_power_snapshot_2026_08_20|route2zero_climate_scenario_v1,charging-v1.0,True,"Mapped proximity is not proof of distribution capacity, site control, interconnection approval or charger availability."
LTFRB_PUJ2208,0.635,way/60193935,0.656,node/12950633881,1099.917,1309.425,1344.343,0,False,False,False,,0.0,0,100.0,100.0,91.36480411046885,82.84,38.0,PROXY,osm_power_snapshot_2026_08_20|route2zero_climate_scenario_v1,charging-v1.0,True,"Mapped proximity is not proof of distribution capacity, site control, interconnection approval or charger availability."
LTFRB_PUJ2209,0.635,way/60193935,0.57,node/9462686325,837.879,997.475,1024.074,0,False,False,False,,0.0,0,100.0,100.0,93.72190109184329,83.43,38.0,PROXY,osm_power_snapshot_2026_08_20|route2zero_climate_scenario_v1,charging-v1.0,True,"Mapped proximity is not proof of distribution capacity, site control, interconnection approval or charger availability."
LTFRB_PUJ2210,0.635,way/60193935,0.676,node/9462686325,1208.445,1438.625,1476.988,0,False,False,False,,0.0,0,100.0,100.0,90.38856775850995,82.6,38.0,PROXY,osm_power_snapshot_2026_08_20|route2zero_climate_scenario_v1,charging-v1.0,True,"Mapped proximity is not proof of distribution capacity, site control, interconnection approval or charger availability."
LTFRB_PUJ2211,1.036,way/489733574,2.545,node/12950633881,4790.583,5703.075,5855.157,0,False,False,False,,0.0,0,82.0,82.0,58.166345536287736,63.74,38.0,PROXY,osm_power_snapshot_2026_08_20|route2zero_climate_scenario_v1,charging-v1.0,True,"Mapped proximity is not proof of distribution capacity, site control, interconnection approval or charger availability."
LTFRB_PUJ2212,0.675,way/489733574,2.355,node/12950633881,5334.651,6350.775,6520.129,0,False,False,False,,0.0,0,100.0,82.0,53.27231856133591,68.82,38.0,PROXY,osm_power_snapshot_2026_08_20|route2zero_climate_scenario_v1,charging-v1.0,True,"Mapped proximity is not proof of distribution capacity, site control, interconnection approval or charger availability."
LTFRB_PUJ2213,0.532,way/60193935,1.511,node/9596306271,1635.06,1946.5,1998.407,0,False,False,False,,0.0,0,100.0,82.0,86.55105973025049,77.14,38.0,PROXY,osm_power_snapshot_2026_08_20|route2zero_climate_scenario_v1,charging-v1.0,True,"Mapped proximity is not proof of distribution capacity, site control, interconnection approval or charger availability."
LTFRB_PUJ2214,0.649,way/60193935,1.471,node/9596306272,1927.443,2294.575,2355.764,0,False,False,False,,0.0,0,100.0,82.0,83.92100192678228,76.48,38.0,PROXY,osm_power_snapshot_2026_08_20|route2zero_climate_scenario_v1,charging-v1.0,True,"Mapped proximity is not proof of distribution capacity, site control, interconnection approval or charger availability."
LTFRB_PUJ2215,0.929,way/440588497,1.011,node/9462686325,2339.778,2785.45,2859.729,0,False,False,False,,0.0,0,100.0,82.0,80.21194605009634,75.55,38.0,PROXY,osm_power_snapshot_2026_08_20|route2zero_climate_scenario_v1,charging-v1.0,True,"Mapped proximity is not proof of distribution capacity, site control, interconnection approval or charger availability."
LTFRB_PUJ2217,0.55,way/1296102890,0.878,node/9462686325,3397.926,4045.15,4153.021,0,False,False,False,,0.0,0,100.0,100.0,70.69364161849711,77.67,38.0,PROXY,osm_power_snapshot_2026_08_20|route2zero_climate_scenario_v1,charging-v1.0,True,"Mapped proximity is not proof of distribution capacity, site control, interconnection approval or charger availability."
LTFRB_PUJ2218,0.473,way/1296102890,1.154,node/9462686325,3676.386,4376.65,4493.361,0,False,False,False,,0.0,0,100.0,82.0,68.1888246628131,72.55,38.0,PROXY,osm_power_snapshot_2026_08_20|route2zero_climate_scenario_v1,charging-v1.0,True,"Mapped proximity is not proof of distribution capacity, site control, interconnection approval or charger availability."
LTFRB_PUJ2219,1.03,way/440588497,1.007,node/9462686325,1791.783,2133.075,2189.957,0,False,False,False,,0.0,0,82.0,82.0,85.1412973667309,70.49,38.0,PROXY,osm_power_snapshot_2026_08_20|route2zero_climate_scenario_v1,charging-v1.0,True,"Mapped proximity is not proof of distribution capacity, site control, interconnection approval or charger availability."
LTFRB_PUJ2220,0.929,way/440588497,1.011,node/9462686325,1681.827,2002.175,2055.566,0,False,False,False,,0.0,0,100.0,82.0,86.13037893384714,77.03,38.0,PROXY,osm_power_snapshot_2026_08_20|route2zero_climate_scenario_v1,charging-v1.0,True,"Mapped proximity is not proof of distribution capacity, site control, interconnection approval or charger availability."
LTFRB_PUJ2221,0.465,way/839789680,2.171,node/13895420988,3533.943,4207.075,4319.264,0,False,False,False,,0.0,0,100.0,82.0,69.47013487475915,72.87,38.0,PROXY,osm_power_snapshot_2026_08_20|route2zero_climate_scenario_v1,charging-v1.0,True,"Mapped proximity is not proof of distribution capacity, site control, interconnection approval or charger availability."
LTFRB_PUJ2222,0.123,way/839789680,1.996,node/13081283763,3665.319,4363.475,4479.834,0,False,False,False,,0.0,0,100.0,82.0,68.28837508028259,72.57,38.0,PROXY,osm_power_snapshot_2026_08_20|route2zero_climate_scenario_v1,charging-v1.0,True,"Mapped proximity is not proof of distribution capacity, site control, interconnection approval or charger availability."
LTFRB_PUJ2223,0.347,node/4823208932,1.678,node/13081283763,3507.525,4175.625,4286.975,0,False,False,False,,0.0,0,100.0,82.0,69.7077713551702,72.93,38.0,PROXY,osm_power_snapshot_2026_08_20|route2zero_climate_scenario_v1,charging-v1.0,True,"Mapped proximity is not proof of distribution capacity, site control, interconnection approval or charger availability."
LTFRB_PUJ2224,0.689,node/4823208932,1.678,node/13081283763,3809.547,4535.175,4656.113,0,False,False,False,,0.0,0,100.0,82.0,66.99100834938986,72.25,38.0,PROXY,osm_power_snapshot_2026_08_20|route2zero_climate_scenario_v1,charging-v1.0,True,"Mapped proximity is not proof of distribution capacity, site control, interconnection approval or charger availability."
LTFRB_PUJ2225,2.514,way/96332510,0.248,node/10991144538,2577.54,3068.5,3150.327,0,False,False,False,,0.0,0,82.0,100.0,78.07321772639692,73.22,38.0,PROXY,osm_power_snapshot_2026_08_20|route2zero_climate_scenario_v1,charging-v1.0,True,"Mapped proximity is not proof of distribution capacity, site control, interconnection approval or charger availability."
LTFRB_PUJ2226,3.031,way/800186096,2.197,node/6110400886,623.322,742.05,761.838,0,False,False,False,,0.0,0,58.0,82.0,95.65189466923572,64.71,38.0,PROXY,osm_power_snapshot_2026_08_20|route2zero_climate_scenario_v1,charging-v1.0,True,"Mapped proximity is not proof of distribution capacity, site control, interconnection approval or charger availability."
LTFRB_PUJ2227,1.237,way/112645695,0.816,node/13895420988,6257.496,7449.4,7648.051,0,False,False,False,,0.0,0,82.0,100.0,44.97109826589596,64.94,38.0,PROXY,osm_power_snapshot_2026_08_20|route2zero_climate_scenario_v1,charging-v1.0,True,"Mapped proximity is not proof of distribution capacity, site control, interconnection approval or charger availability."
LTFRB_PUJ2228,1.121,way/112645695,1.41,node/13895420988,6856.899,8162.975,8380.654,0,False,False,False,,0.0,0,82.0,82.0,39.57931920359666,59.09,38.0,PROXY,osm_power_snapshot_2026_08_20|route2zero_climate_scenario_v1,charging-v1.0,True,"Mapped proximity is not proof of distribution capacity, site control, interconnection approval or charger availability."
LTFRB_PUJ2229,1.449,way/96332510,2.104,node/10703746877,4006.254,4769.35,4896.533,0,False,False,False,,0.0,0,82.0,82.0,65.22157996146436,65.51,38.0,PROXY,osm_power_snapshot_2026_08_20|route2zero_climate_scenario_v1,charging-v1.0,True,"Mapped proximity is not proof of distribution capacity, site control, interconnection approval or charger availability."
LTFRB_PUJ2230,3.085,way/800186096,2.197,node/6110400886,495.159,589.475,605.194,0,False,False,False,,0.0,0,58.0,82.0,96.80475272960823,65.0,38.0,PROXY,osm_power_snapshot_2026_08_20|route2zero_climate_scenario_v1,charging-v1.0,True,"Mapped proximity is not proof of distribution capacity, site control, interconnection approval or charger availability."
LTFRB_PUJ2231,2.069,way/193633026,0.539,node/10703746877,5720.925,6810.625,6992.242,0,False,False,False,,0.0,0,82.0,100.0,49.797687861271676,66.15,38.0,PROXY,osm_power_snapshot_2026_08_20|route2zero_climate_scenario_v1,charging-v1.0,True,"Mapped proximity is not proof of distribution capacity, site control, interconnection approval or charger availability."
LTFRB_PUJ2232,1.363,way/1161606296,1.047,node/6110400886,4989.432,5939.8,6098.195,0,False,False,False,,0.0,0,82.0,82.0,56.37764932562621,63.29,38.0,PROXY,osm_power_snapshot_2026_08_20|route2zero_climate_scenario_v1,charging-v1.0,True,"Mapped proximity is not proof of distribution capacity, site control, interconnection approval or charger availability."
LTFRB_PUJ2233,1.207,way/1161606296,1.047,node/6110400886,5604.543,6672.075,6849.997,0,False,False,False,,0.0,0,82.0,82.0,50.84457289659603,61.91,38.0,PROXY,osm_power_snapshot_2026_08_20|route2zero_climate_scenario_v1,charging-v1.0,True,"Mapped proximity is not proof of distribution capacity, site control, interconnection approval or charger availability."
LTFRB_PUJ2234,1.207,way/1161606296,1.047,node/6110400886,5801.607,6906.675,7090.853,0,False,False,False,,0.0,0,82.0,82.0,49.07193320488118,61.47,38.0,PROXY,osm_power_snapshot_2026_08_20|route2zero_climate_scenario_v1,charging-v1.0,True,"Mapped proximity is not proof of distribution capacity, site control, interconnection approval or charger availability."
LTFRB_PUJ2235,0.806,way/617091970,1.854,node/6836063735,4515.336,5375.4,5518.744,0,False,False,False,,0.0,0,100.0,82.0,60.6422607578677,70.66,38.0,PROXY,osm_power_snapshot_2026_08_20|route2zero_climate_scenario_v1,charging-v1.0,True,"Mapped proximity is not proof of distribution capacity, site control, interconnection approval or charger availability."
LTFRB_PUJ2236,1.009,way/617091970,1.777,node/6836063735,4949.805,5892.625,6049.762,0,False,False,False,,0.0,0,82.0,82.0,56.73410404624278,63.38,38.0,PROXY,osm_power_snapshot_2026_08_20|route2zero_climate_scenario_v1,charging-v1.0,True,"Mapped proximity is not proof of distribution capacity, site control, interconnection approval or charger availability."
LTFRB_PUJ2238,0.492,way/617091970,1.854,node/6836063735,4446.792,5293.8,5434.968,0,False,False,False,,0.0,0,100.0,82.0,61.25883108542068,70.81,38.0,PROXY,osm_power_snapshot_2026_08_20|route2zero_climate_scenario_v1,charging-v1.0,True,"Mapped proximity is not proof of distribution capacity, site control, interconnection approval or charger availability."
LTFRB_PUJ2239,0.568,way/30331256,1.777,node/6836063735,1248.786,1486.65,1526.294,0,False,False,False,,0.0,0,100.0,82.0,90.02569043031471,78.01,38.0,PROXY,osm_power_snapshot_2026_08_20|route2zero_climate_scenario_v1,charging-v1.0,True,"Mapped proximity is not proof of distribution capacity, site control, interconnection approval or charger availability."
LTFRB_PUJ2240,0.568,way/30331256,1.396,node/6836063735,1048.866,1248.65,1281.947,0,False,False,False,,0.0,0,100.0,82.0,91.82402055234425,78.46,38.0,PROXY,osm_power_snapshot_2026_08_20|route2zero_climate_scenario_v1,charging-v1.0,True,"Mapped proximity is not proof of distribution capacity, site control, interconnection approval or charger availability."
LTFRB_PUJ2241,0.585,way/112645695,1.126,node/13895420988,3575.712,4256.8,4370.315,0,False,False,False,,0.0,0,100.0,82.0,69.09441233140655,72.77,38.0,PROXY,osm_power_snapshot_2026_08_20|route2zero_climate_scenario_v1,charging-v1.0,True,"Mapped proximity is not proof of distribution capacity, site control, interconnection approval or charger availability."
LTFRB_PUJ2242,0.585,way/112645695,1.126,node/13895420988,3609.627,4297.175,4411.766,0,False,False,False,,0.0,0,100.0,82.0,68.7893384714194,72.7,38.0,PROXY,osm_power_snapshot_2026_08_20|route2zero_climate_scenario_v1,charging-v1.0,True,"Mapped proximity is not proof of distribution capacity, site control, interconnection approval or charger availability."
LTFRB_PUJ2243,0.705,way/112645695,1.092,node/13895420988,3998.4,4760.0,4886.933,0,False,False,False,,0.0,0,100.0,82.0,65.2922286448298,71.82,38.0,PROXY,osm_power_snapshot_2026_08_20|route2zero_climate_scenario_v1,charging-v1.0,True,"Mapped proximity is not proof of distribution capacity, site control, interconnection approval or charger availability."
LTFRB_PUJ2244,0.585,way/112645695,1.126,node/13895420988,3544.296,4219.4,4331.917,0,False,False,False,,0.0,0,100.0,82.0,69.37700706486834,72.84,38.0,PROXY,osm_power_snapshot_2026_08_20|route2zero_climate_scenario_v1,charging-v1.0,True,"Mapped proximity is not proof of distribution capacity, site control, interconnection approval or charger availability."
LTFRB_PUJ2245,1.489,way/30679817,2.163,node/6836063735,3749.928,4464.2,4583.245,0,False,False,False,,0.0,0,82.0,82.0,67.52729608220938,66.08,38.0,PROXY,osm_power_snapshot_2026_08_20|route2zero_climate_scenario_v1,charging-v1.0,True,"Mapped proximity is not proof of distribution capacity, site control, interconnection approval or charger availability."
LTFRB_PUJ2246,1.273,way/440593524,2.571,node/6836063735,3142.671,3741.275,3841.042,0,False,False,False,,0.0,0,82.0,82.0,72.98972382787412,67.45,38.0,PROXY,osm_power_snapshot_2026_08_20|route2zero_climate_scenario_v1,charging-v1.0,True,"Mapped proximity is not proof of distribution capacity, site control, interconnection approval or charger availability."
LTFRB_PUJ2247,0.782,way/291478089,1.854,node/6836063735,506.583,603.075,619.157,0,False,False,False,,0.0,0,100.0,82.0,96.7019910083494,79.68,38.0,PROXY,osm_power_snapshot_2026_08_20|route2zero_climate_scenario_v1,charging-v1.0,True,"Mapped proximity is not proof of distribution capacity, site control, interconnection approval or charger availability."
LTFRB_PUJ2248,0.782,way/291478089,1.854,node/6836063735,507.297,603.925,620.03,0,False,False,False,,0.0,0,100.0,82.0,96.69556840077071,79.67,38.0,PROXY,osm_power_snapshot_2026_08_20|route2zero_climate_scenario_v1,charging-v1.0,True,"Mapped proximity is not proof of distribution capacity, site control, interconnection approval or charger availability."
LTFRB_PUJ2249,0.384,way/96332510,1.346,node/13152399652,2331.567,2775.675,2849.693,0,False,False,False,,0.0,0,100.0,82.0,80.28580603725112,75.57,38.0,PROXY,osm_power_snapshot_2026_08_20|route2zero_climate_scenario_v1,charging-v1.0,True,"Mapped proximity is not proof of distribution capacity, site control, interconnection approval or charger availability."
LTFRB_PUJ2250,0.313,way/96332510,0.924,node/13152399652,1920.303,2286.075,2347.037,0,False,False,False,,0.0,0,100.0,100.0,83.98522800256904,81.0,38.0,PROXY,osm_power_snapshot_2026_08_20|route2zero_climate_scenario_v1,charging-v1.0,True,"Mapped proximity is not proof of distribution capacity, site control, interconnection approval or charger availability."
LTFRB_PUJ2251,0.752,way/291478089,3.264,node/6836063735,2485.434,2958.85,3037.753,0,False,False,False,,0.0,0,100.0,58.0,78.90173410404624,69.23,38.0,PROXY,osm_power_snapshot_2026_08_20|route2zero_climate_scenario_v1,charging-v1.0,True,"Mapped proximity is not proof of distribution capacity, site control, interconnection approval or charger availability."
LTFRB_PUJ2252,0.752,way/291478089,3.264,node/6836063735,2506.14,2983.5,3063.06,0,False,False,False,,0.0,0,100.0,58.0,78.71547848426461,69.18,38.0,PROXY,osm_power_snapshot_2026_08_20|route2zero_climate_scenario_v1,charging-v1.0,True,"Mapped proximity is not proof of distribution capacity, site control, interconnection approval or charger availability."
LTFRB_PUJ2253,0.78,way/31489448,2.105,node/13081283763,3542.511,4217.275,4329.736,0,False,False,False,,0.0,0,100.0,82.0,69.39306358381504,72.85,38.0,PROXY,osm_power_snapshot_2026_08_20|route2zero_climate_scenario_v1,charging-v1.0,True,"Mapped proximity is not proof of distribution capacity, site control, interconnection approval or charger availability."
LTFRB_PUJ2254,0.674,way/31489448,1.954,node/13081283218,3684.597,4386.425,4503.396,0,False,False,False,,0.0,0,100.0,82.0,68.11496467565831,72.53,38.0,PROXY,osm_power_snapshot_2026_08_20|route2zero_climate_scenario_v1,charging-v1.0,True,"Mapped proximity is not proof of distribution capacity, site control, interconnection approval or charger availability."
LTFRB_PUJ2255,0.312,node/4823208932,2.105,node/13081283763,4624.578,5505.45,5652.262,0,False,False,False,,0.0,0,100.0,82.0,59.65960179833012,70.41,38.0,PROXY,osm_power_snapshot_2026_08_20|route2zero_climate_scenario_v1,charging-v1.0,True,"Mapped proximity is not proof of distribution capacity, site control, interconnection approval or charger availability."
LTFRB_PUJ2256,0.337,node/10817230042,1.954,node/13081283218,4704.903,5601.075,5750.437,0,False,False,False,,0.0,0,100.0,82.0,58.937058445728965,70.23,38.0,PROXY,osm_power_snapshot_2026_08_20|route2zero_climate_scenario_v1,charging-v1.0,True,"Mapped proximity is not proof of distribution capacity, site control, interconnection approval or charger availability."
LTFRB_PUJ2257,0.251,way/90125781,2.105,node/13081283763,4713.471,5611.275,5760.909,0,False,False,False,,0.0,0,100.0,82.0,58.85998715478485,70.21,38.0,PROXY,osm_power_snapshot_2026_08_20|route2zero_climate_scenario_v1,charging-v1.0,True,"Mapped proximity is not proof of distribution capacity, site control, interconnection approval or charger availability."
LTFRB_PUJ2258,0.251,way/90125781,1.954,node/13081283218,4789.512,5701.8,5853.848,0,False,False,False,,0.0,0,100.0,82.0,58.17597944765575,70.04,38.0,PROXY,osm_power_snapshot_2026_08_20|route2zero_climate_scenario_v1,charging-v1.0,True,"Mapped proximity is not proof of distribution capacity, site control, interconnection approval or charger availability."
LTFRB_PUJ2259,0.674,way/31489448,1.41,node/13895420988,3312.246,3943.15,4048.301,0,False,False,False,,0.0,0,100.0,82.0,71.46435452793834,73.37,38.0,PROXY,osm_power_snapshot_2026_08_20|route2zero_climate_scenario_v1,charging-v1.0,True,"Mapped proximity is not proof of distribution capacity, site control, interconnection approval or charger availability."
LTFRB_PUJ2260,0.127,way/260934319,1.843,node/13895420988,2058.462,2450.55,2515.898,0,False,False,False,,0.0,0,100.0,82.0,82.74245343609505,76.19,38.0,PROXY,osm_power_snapshot_2026_08_20|route2zero_climate_scenario_v1,charging-v1.0,True,"Mapped proximity is not proof of distribution capacity, site control, interconnection approval or charger availability."
LTFRB_PUJ2261,0.669,way/530281328,1.743,node/10703746877,6255.711,7447.275,7645.869,0,False,False,False,,0.0,0,100.0,82.0,44.98715478484265,66.75,38.0,PROXY,osm_power_snapshot_2026_08_20|route2zero_climate_scenario_v1,charging-v1.0,True,"Mapped proximity is not proof of distribution capacity, site control, interconnection approval or charger availability."
LTFRB_PUJ2262,0.669,way/530281328,1.457,node/10703746877,6246.072,7435.8,7634.088,0,False,False,False,,0.0,0,100.0,82.0,45.07385998715478,66.77,38.0,PROXY,osm_power_snapshot_2026_08_20|route2zero_climate_scenario_v1,charging-v1.0,True,"Mapped proximity is not proof of distribution capacity, site control, interconnection approval or charger availability."
LTFRB_PUJ2263,0.955,node/2508927841,3.68,node/6110400886,938.91,1117.75,1147.557,0,False,False,False,,0.0,0,100.0,58.0,92.8131021194605,72.7,38.0,PROXY,osm_power_snapshot_2026_08_20|route2zero_climate_scenario_v1,charging-v1.0,True,"Mapped proximity is not proof of distribution capacity, site control, interconnection approval or charger availability."
LTFRB_PUJ2264,0.955,node/2508927841,3.743,node/13152399652,724.353,862.325,885.32,0,False,False,False,,0.0,0,100.0,58.0,94.74309569685292,73.19,38.0,PROXY,osm_power_snapshot_2026_08_20|route2zero_climate_scenario_v1,charging-v1.0,True,"Mapped proximity is not proof of distribution capacity, site control, interconnection approval or charger availability."
LTFRB_PUJ2265,3.098,way/1500158674,0.521,node/6110400886,1086.351,1293.275,1327.762,0,False,False,False,,0.0,0,58.0,100.0,91.48683365446371,68.17,38.0,PROXY,osm_power_snapshot_2026_08_20|route2zero_climate_scenario_v1,charging-v1.0,True,"Mapped proximity is not proof of distribution capacity, site control, interconnection approval or charger availability."
LTFRB_PUJ2266,2.972,way/1500158674,0.514,node/6110400886,554.778,660.45,678.062,0,False,False,False,,0.0,0,82.0,100.0,96.2684649967887,77.77,38.0,PROXY,osm_power_snapshot_2026_08_20|route2zero_climate_scenario_v1,charging-v1.0,True,"Mapped proximity is not proof of distribution capacity, site control, interconnection approval or charger availability."
LTFRB_PUJ2267,1.696,way/96332510,0.092,node/10991144538,1634.346,1945.65,1997.534,0,False,False,False,,0.0,0,82.0,100.0,86.55748233782916,75.34,38.0,PROXY,osm_power_snapshot_2026_08_20|route2zero_climate_scenario_v1,charging-v1.0,True,"Mapped proximity is not proof of distribution capacity, site control, interconnection approval or charger availability."
LTFRB_PUJ2268,2.159,way/1500158674,1.297,node/6110400886,1351.245,1608.625,1651.522,0,False,False,False,,0.0,0,82.0,82.0,89.10404624277457,71.48,38.0,PROXY,osm_power_snapshot_2026_08_20|route2zero_climate_scenario_v1,charging-v1.0,True,"Mapped proximity is not proof of distribution capacity, site control, interconnection approval or charger availability."
LTFRB_PUJ2269,2.302,way/530281328,0.418,node/6110400886,3036.999,3615.475,3711.888,0,False,False,False,,0.0,0,82.0,100.0,73.94026974951831,72.19,38.0,PROXY,osm_power_snapshot_2026_08_20|route2zero_climate_scenario_v1,charging-v1.0,True,"Mapped proximity is not proof of distribution capacity, site control, interconnection approval or charger availability."
LTFRB_PUJ2270,2.013,way/530281328,0.509,node/6110400886,3231.921,3847.525,3950.126,0,False,False,False,,0.0,0,82.0,100.0,72.1868978805395,71.75,38.0,PROXY,osm_power_snapshot_2026_08_20|route2zero_climate_scenario_v1,charging-v1.0,True,"Mapped proximity is not proof of distribution capacity, site control, interconnection approval or charger availability."
LTFRB_PUJ2271,0.56,way/264246780,0.653,node/13081283763,2706.06,3221.5,3307.407,0,False,False,False,,0.0,0,100.0,100.0,76.91714836223507,79.23,38.0,PROXY,osm_power_snapshot_2026_08_20|route2zero_climate_scenario_v1,charging-v1.0,True,"Mapped proximity is not proof of distribution capacity, site control, interconnection approval or charger availability."
LTFRB_PUJ2272,1.216,way/30679817,0.885,node/13081283763,2485.434,2958.85,3037.753,0,False,False,False,,0.0,0,82.0,100.0,78.90173410404624,73.43,38.0,PROXY,osm_power_snapshot_2026_08_20|route2zero_climate_scenario_v1,charging-v1.0,True,"Mapped proximity is not proof of distribution capacity, site control, interconnection approval or charger availability."
LTFRB_PUJ2273,3.38,way/1087775057,7.439,node/11953464116,470.526,560.15,575.087,0,False,False,False,,0.0,0,58.0,58.0,97.02633269107258,59.06,38.0,PROXY,osm_power_snapshot_2026_08_20|route2zero_climate_scenario_v1,charging-v1.0,True,"Mapped proximity is not proof of distribution capacity, site control, interconnection approval or charger availability."
LTFRB_PUJ2274,1.702,way/30755991,2.969,node/11953464116,2526.489,3007.725,3087.931,0,False,False,False,,0.0,0,82.0,82.0,78.53243416827232,68.83,38.0,PROXY,osm_power_snapshot_2026_08_20|route2zero_climate_scenario_v1,charging-v1.0,True,"Mapped proximity is not proof of distribution capacity, site control, interconnection approval or charger availability."
LTFRB_PUJ2275,1.035,way/97816397,2.969,node/11953464116,368.067,438.175,449.86,0,False,False,False,,0.0,0,82.0,82.0,97.94797687861272,73.69,38.0,PROXY,osm_power_snapshot_2026_08_20|route2zero_climate_scenario_v1,charging-v1.0,True,"Mapped proximity is not proof of distribution capacity, site control, interconnection approval or charger availability."
LTFRB_PUJ2276,0.882,way/97816397,4.144,node/11953464116,2616.096,3114.4,3197.451,0,False,False,False,,0.0,0,100.0,58.0,77.72639691714836,68.93,38.0,PROXY,osm_power_snapshot_2026_08_20|route2zero_climate_scenario_v1,charging-v1.0,True,"Mapped proximity is not proof of distribution capacity, site control, interconnection approval or charger availability."
LTFRB_PUJ2277,0.683,node/4823208932,1.235,node/10703746877,4069.086,4844.15,4973.327,0,False,False,False,,0.0,0,100.0,82.0,64.65639049454079,71.66,38.0,PROXY,osm_power_snapshot_2026_08_20|route2zero_climate_scenario_v1,charging-v1.0,True,"Mapped proximity is not proof of distribution capacity, site control, interconnection approval or charger availability."
LTFRB_PUJ2278,1.881,way/1161606296,0.277,node/10703746877,368.781,439.025,450.732,0,False,False,False,,0.0,0,82.0,100.0,97.94155427103404,78.19,38.0,PROXY,osm_power_snapshot_2026_08_20|route2zero_climate_scenario_v1,charging-v1.0,True,"Mapped proximity is not proof of distribution capacity, site control, interconnection approval or charger availability."
LTFRB_PUJ2279,1.024,node/4823208932,0.967,node/10703746877,3359.013,3998.825,4105.46,0,False,False,False,,0.0,0,82.0,100.0,71.04367373153501,71.46,38.0,PROXY,osm_power_snapshot_2026_08_20|route2zero_climate_scenario_v1,charging-v1.0,True,"Mapped proximity is not proof of distribution capacity, site control, interconnection approval or charger availability."
LTFRB_PUJ2280,0.744,way/440588497,1.021,node/9462686325,2026.689,2412.725,2477.064,0,False,False,False,,0.0,0,100.0,82.0,83.02825947334618,76.26,38.0,PROXY,osm_power_snapshot_2026_08_20|route2zero_climate_scenario_v1,charging-v1.0,True,"Mapped proximity is not proof of distribution capacity, site control, interconnection approval or charger availability."
LTFRB_PUJ2281,0.599,way/440588497,0.765,node/9462686325,1016.379,1209.975,1242.241,0,False,False,False,,0.0,0,100.0,100.0,92.11624919717406,83.03,38.0,PROXY,osm_power_snapshot_2026_08_20|route2zero_climate_scenario_v1,charging-v1.0,True,"Mapped proximity is not proof of distribution capacity, site control, interconnection approval or charger availability."
LTFRB_PUJ2282,0.089,way/300425719,1.063,node/6836063735,869.295,1034.875,1062.472,0,False,False,False,,0.0,0,100.0,82.0,93.4393063583815,78.86,38.0,PROXY,osm_power_snapshot_2026_08_20|route2zero_climate_scenario_v1,charging-v1.0,True,"Mapped proximity is not proof of distribution capacity, site control, interconnection approval or charger availability."
LTFRB_PUJ2283,0.518,node/4977761380,1.837,node/6836063735,502.299,597.975,613.921,0,False,False,False,,0.0,0,100.0,82.0,96.74052665382145,79.69,38.0,PROXY,osm_power_snapshot_2026_08_20|route2zero_climate_scenario_v1,charging-v1.0,True,"Mapped proximity is not proof of distribution capacity, site control, interconnection approval or charger availability."
LTFRB_PUJ2284,0.309,node/2126363194,3.072,node/9756145409,1699.677,2023.425,2077.383,0,False,False,False,,0.0,0,100.0,58.0,85.96981374438022,70.99,38.0,PROXY,osm_power_snapshot_2026_08_20|route2zero_climate_scenario_v1,charging-v1.0,True,"Mapped proximity is not proof of distribution capacity, site control, interconnection approval or charger availability."
LTFRB_PUJ2285,0.571,node/2126363168,3.055,node/13895420988,1409.436,1677.9,1722.644,0,False,False,False,,0.0,0,100.0,58.0,88.5806037251124,71.65,38.0,PROXY,osm_power_snapshot_2026_08_20|route2zero_climate_scenario_v1,charging-v1.0,True,"Mapped proximity is not proof of distribution capacity, site control, interconnection approval or charger availability."
LTFRB_PUJ2286,0.309,node/2126363194,3.072,node/9756145409,778.26,926.5,951.207,0,False,False,False,,0.0,0,100.0,58.0,94.25818882466281,73.06,38.0,PROXY,osm_power_snapshot_2026_08_20|route2zero_climate_scenario_v1,charging-v1.0,True,"Mapped proximity is not proof of distribution capacity, site control, interconnection approval or charger availability."
LTFRB_PUJ2287,1.991,way/800186096,0.248,node/10991144538,583.695,694.875,713.405,0,False,False,False,,0.0,0,82.0,100.0,96.00834938985228,77.7,38.0,PROXY,osm_power_snapshot_2026_08_20|route2zero_climate_scenario_v1,charging-v1.0,True,"Mapped proximity is not proof of distribution capacity, site control, interconnection approval or charger availability."
LTFRB_PUJ2288,1.566,way/530281328,1.615,node/10991144538,4652.781,5539.025,5686.732,0,False,False,False,,0.0,0,82.0,82.0,59.40590879897239,64.05,38.0,PROXY,osm_power_snapshot_2026_08_20|route2zero_climate_scenario_v1,charging-v1.0,True,"Mapped proximity is not proof of distribution capacity, site control, interconnection approval or charger availability."
LTFRB_PUJ2289,1.566,way/530281328,0.248,node/10991144538,5373.564,6397.1,6567.689,0,False,False,False,,0.0,0,82.0,100.0,52.92228644829801,66.93,38.0,PROXY,osm_power_snapshot_2026_08_20|route2zero_climate_scenario_v1,charging-v1.0,True,"Mapped proximity is not proof of distribution capacity, site control, interconnection approval or charger availability."
LTFRB_PUJ2290,1.842,way/530281328,1.368,node/6110400886,4470.354,5321.85,5463.766,0,False,False,False,,0.0,0,82.0,82.0,61.046885035324344,64.46,38.0,PROXY,osm_power_snapshot_2026_08_20|route2zero_climate_scenario_v1,charging-v1.0,True,"Mapped proximity is not proof of distribution capacity, site control, interconnection approval or charger availability."
LTFRB_PUJ2293,1.842,way/530281328,1.368,node/6110400886,2944.536,3505.4,3598.877,0,False,False,False,,0.0,0,82.0,82.0,74.77199743095696,67.89,38.0,PROXY,osm_power_snapshot_2026_08_20|route2zero_climate_scenario_v1,charging-v1.0,True,"Mapped proximity is not proof of distribution capacity, site control, interconnection approval or charger availability."
LTFRB_PUJ2294,1.471,way/583632006,2.389,node/12950633881,4439.295,5284.875,5425.805,0,False,False,False,,0.0,0,82.0,82.0,61.326268464996794,64.53,38.0,PROXY,osm_power_snapshot_2026_08_20|route2zero_climate_scenario_v1,charging-v1.0,True,"Mapped proximity is not proof of distribution capacity, site control, interconnection approval or charger availability."
LTFRB_PUJ2295,1.471,way/583632006,2.389,node/12950633881,4516.764,5377.1,5520.489,0,False,False,False,,0.0,0,82.0,82.0,60.62941554271034,64.36,38.0,PROXY,osm_power_snapshot_2026_08_20|route2zero_climate_scenario_v1,charging-v1.0,True,"Mapped proximity is not proof of distribution capacity, site control, interconnection approval or charger availability."
LTFRB_PUJ2296,1.342,way/1213040608,2.82,node/6110400886,3512.88,4182.0,4293.52,0,False,False,False,,0.0,0,82.0,82.0,69.65960179833013,66.61,38.0,PROXY,osm_power_snapshot_2026_08_20|route2zero_climate_scenario_v1,charging-v1.0,True,"Mapped proximity is not proof of distribution capacity, site control, interconnection approval or charger availability."
LTFRB_PUJ2297,1.315,node/2508927841,2.912,node/6110400886,3074.127,3659.675,3757.266,0,False,False,False,,0.0,0,82.0,82.0,73.6062941554271,67.6,38.0,PROXY,osm_power_snapshot_2026_08_20|route2zero_climate_scenario_v1,charging-v1.0,True,"Mapped proximity is not proof of distribution capacity, site control, interconnection approval or charger availability."
LTFRB_PUJ2298,0.563,way/161414200,5.336,node/13895420988,303.45,361.25,370.883,0,False,False,False,,0.0,0,100.0,58.0,98.52922286448297,74.13,38.0,PROXY,osm_power_snapshot_2026_08_20|route2zero_climate_scenario_v1,charging-v1.0,True,"Mapped proximity is not proof of distribution capacity, site control, interconnection approval or charger availability."
LTFRB_PUJ2299,0.563,way/161414200,5.336,node/13895420988,303.807,361.675,371.32,0,False,False,False,,0.0,0,100.0,58.0,98.52601156069365,74.13,38.0,PROXY,osm_power_snapshot_2026_08_20|route2zero_climate_scenario_v1,charging-v1.0,True,"Mapped proximity is not proof of distribution capacity, site control, interconnection approval or charger availability."
LTFRB_PUJ2300,0.935,node/4977761380,2.378,node/6836063735,4061.589,4835.225,4964.164,0,False,False,False,,0.0,0,100.0,82.0,64.72382787411689,71.68,38.0,PROXY,osm_power_snapshot_2026_08_20|route2zero_climate_scenario_v1,charging-v1.0,True,"Mapped proximity is not proof of distribution capacity, site control, interconnection approval or charger availability."
LTFRB_PUJ2301,0.369,way/30331256,2.378,node/6836063735,516.936,615.4,631.811,0,False,False,False,,0.0,0,100.0,82.0,96.60886319845858,79.65,38.0,PROXY,osm_power_snapshot_2026_08_20|route2zero_climate_scenario_v1,charging-v1.0,True,"Mapped proximity is not proof of distribution capacity, site control, interconnection approval or charger availability."
LTFRB_PUJ2302,0.335,way/30331256,3.522,node/9462686325,3321.885,3954.625,4060.082,0,False,False,False,,0.0,0,100.0,58.0,71.37764932562621,67.34,38.0,PROXY,osm_power_snapshot_2026_08_20|route2zero_climate_scenario_v1,charging-v1.0,True,"Mapped proximity is not proof of distribution capacity, site control, interconnection approval or charger availability."
LTFRB_PUJ2303,0.034,node/4592771042,10.632,node/12980211308,5404.623,6434.075,6605.65,0,False,False,False,,0.0,0,100.0,32.0,52.64290301862557,56.16,38.0,PROXY,osm_power_snapshot_2026_08_20|route2zero_climate_scenario_v1,charging-v1.0,True,"Mapped proximity is not proof of distribution capacity, site control, interconnection approval or charger availability."
LTFRB_PUJ2304,0.078,node/4592771042,10.666,node/12980211308,5228.622,6224.55,6390.538,0,False,False,False,,0.0,0,100.0,32.0,54.22607578676943,56.56,38.0,PROXY,osm_power_snapshot_2026_08_20|route2zero_climate_scenario_v1,charging-v1.0,True,"Mapped proximity is not proof of distribution capacity, site control, interconnection approval or charger availability."
LTFRB_PUJ2305,1.087,way/90992537,7.444,node/12862848460,6497.4,7735.0,7941.267,0,False,False,False,,0.0,0,82.0,58.0,42.8131021194605,53.9,38.0,PROXY,osm_power_snapshot_2026_08_20|route2zero_climate_scenario_v1,charging-v1.0,True,"Mapped proximity is not proof of distribution capacity, site control, interconnection approval or charger availability."
LTFRB_PUJ2306,1.087,way/90992537,7.444,node/12862848460,6587.721,7842.525,8051.659,0,False,False,False,,0.0,0,82.0,58.0,42.00064226075787,53.7,38.0,PROXY,osm_power_snapshot_2026_08_20|route2zero_climate_scenario_v1,charging-v1.0,True,"Mapped proximity is not proof of distribution capacity, site control, interconnection approval or charger availability."
LTFRB_PUJ2307,0.659,node/2126363194,1.165,node/9756145409,1370.523,1631.575,1675.084,0,False,False,False,,0.0,0,100.0,82.0,88.9306358381503,77.73,38.0,PROXY,osm_power_snapshot_2026_08_20|route2zero_climate_scenario_v1,charging-v1.0,True,"Mapped proximity is not proof of distribution capacity, site control, interconnection approval or charger availability."
LTFRB_PUJ2308,0.849,node/2126363194,1.069,node/9756145409,1195.593,1423.325,1461.28,0,False,False,False,,0.0,0,100.0,82.0,90.50417469492614,78.13,38.0,PROXY,osm_power_snapshot_2026_08_20|route2zero_climate_scenario_v1,charging-v1.0,True,"Mapped proximity is not proof of distribution capacity, site control, interconnection approval or charger availability."
LTFRB_PUJ2309,0.859,node/2126363168,1.165,node/9756145409,2293.368,2730.2,2803.005,0,False,False,False,,0.0,0,100.0,82.0,80.62941554271035,75.66,38.0,PROXY,osm_power_snapshot_2026_08_20|route2zero_climate_scenario_v1,charging-v1.0,True,"Mapped proximity is not proof of distribution capacity, site control, interconnection approval or charger availability."
LTFRB_PUJ2310,0.571,node/2126363168,1.069,node/9756145409,2457.231,2925.275,3003.282,0,False,False,False,,0.0,0,100.0,82.0,79.15542710340398,75.29,38.0,PROXY,osm_power_snapshot_2026_08_20|route2zero_climate_scenario_v1,charging-v1.0,True,"Mapped proximity is not proof of distribution capacity, site control, interconnection approval or charger availability."
LTFRB_PUJ2311,1.405,way/800186096,2.343,node/10991144538,624.036,742.9,762.711,0,False,False,False,,0.0,0,82.0,82.0,95.64547206165703,73.11,38.0,PROXY,osm_power_snapshot_2026_08_20|route2zero_climate_scenario_v1,charging-v1.0,True,"Mapped proximity is not proof of distribution capacity, site control, interconnection approval or charger availability."
LTFRB_PUJ2312,1.405,way/800186096,2.343,node/10991144538,624.036,742.9,762.711,0,False,False,False,,0.0,0,82.0,82.0,95.64547206165703,73.11,38.0,PROXY,osm_power_snapshot_2026_08_20|route2zero_climate_scenario_v1,charging-v1.0,True,"Mapped proximity is not proof of distribution capacity, site control, interconnection approval or charger availability."
LTFRB_PUJ2313,0.662,way/445259991,0.194,node/6836063735,1125.621,1340.025,1375.759,0,False,False,False,,0.0,0,100.0,100.0,91.13359023763648,82.78,38.0,PROXY,osm_power_snapshot_2026_08_20|route2zero_climate_scenario_v1,charging-v1.0,True,"Mapped proximity is not proof of distribution capacity, site control, interconnection approval or charger availability."
LTFRB_PUJ2314,0.662,way/445259991,0.194,node/6836063735,1125.621,1340.025,1375.759,0,False,False,False,,0.0,0,100.0,100.0,91.13359023763648,82.78,38.0,PROXY,osm_power_snapshot_2026_08_20|route2zero_climate_scenario_v1,charging-v1.0,True,"Mapped proximity is not proof of distribution capacity, site control, interconnection approval or charger availability."
LTFRB_PUJ2315,0.374,node/10817230042,2.395,node/6836063735,1310.547,1560.175,1601.78,0,False,False,False,,0.0,0,100.0,82.0,89.47013487475915,77.87,38.0,PROXY,osm_power_snapshot_2026_08_20|route2zero_climate_scenario_v1,charging-v1.0,True,"Mapped proximity is not proof of distribution capacity, site control, interconnection approval or charger availability."
LTFRB_PUJ2316,0.374,node/10817230042,2.163,node/6836063735,1573.299,1872.975,1922.921,0,False,False,False,,0.0,0,100.0,82.0,87.10661528580604,77.28,38.0,PROXY,osm_power_snapshot_2026_08_20|route2zero_climate_scenario_v1,charging-v1.0,True,"Mapped proximity is not proof of distribution capacity, site control, interconnection approval or charger availability."
LTFRB_PUJ2317,0.313,way/96332510,0.924,node/13152399652,2090.949,2489.225,2555.604,0,False,False,False,,0.0,0,100.0,100.0,82.45022479126526,80.61,38.0,PROXY,osm_power_snapshot_2026_08_20|route2zero_climate_scenario_v1,charging-v1.0,True,"Mapped proximity is not proof of distribution capacity, site control, interconnection approval or charger availability."
LTFRB_PUJ2318,0.313,way/96332510,0.924,node/13152399652,1920.66,2286.5,2347.473,0,False,False,False,,0.0,0,100.0,100.0,83.9820166987797,81.0,38.0,PROXY,osm_power_snapshot_2026_08_20|route2zero_climate_scenario_v1,charging-v1.0,True,"Mapped proximity is not proof of distribution capacity, site control, interconnection approval or charger availability."
LTFRB_PUJ2319,0.669,way/530281328,0.248,node/10991144538,4536.756,5400.9,5544.924,0,False,False,False,,0.0,0,100.0,100.0,60.44958253050739,75.11,38.0,PROXY,osm_power_snapshot_2026_08_20|route2zero_climate_scenario_v1,charging-v1.0,True,"Mapped proximity is not proof of distribution capacity, site control, interconnection approval or charger availability."
LTFRB_PUJ2320,0.669,way/530281328,0.248,node/10991144538,4575.312,5446.8,5592.048,0,False,False,False,,0.0,0,100.0,100.0,60.10276172125884,75.03,38.0,PROXY,osm_power_snapshot_2026_08_20|route2zero_climate_scenario_v1,charging-v1.0,True,"Mapped proximity is not proof of distribution capacity, site control, interconnection approval or charger availability."
LTFRB_PUJ2321,0.727,way/530281328,0.248,node/10991144538,4794.867,5708.175,5860.393,0,False,False,False,,0.0,0,100.0,100.0,58.127809890815676,74.53,38.0,PROXY,osm_power_snapshot_2026_08_20|route2zero_climate_scenario_v1,charging-v1.0,True,"Mapped proximity is not proof of distribution capacity, site control, interconnection approval or charger availability."
LTFRB_PUJ2322,0.727,way/530281328,0.248,node/10991144538,5070.828,6036.7,6197.679,0,False,False,False,,0.0,0,100.0,100.0,55.64547206165704,73.91,38.0,PROXY,osm_power_snapshot_2026_08_20|route2zero_climate_scenario_v1,charging-v1.0,True,"Mapped proximity is not proof of distribution capacity, site control, interconnection approval or charger availability."
LTFRB_PUJ2323,0.312,node/4823208932,2.818,node/10991144538,7042.182,8383.55,8607.111,0,False,False,False,,0.0,0,100.0,82.0,37.912652536930004,64.98,38.0,PROXY,osm_power_snapshot_2026_08_20|route2zero_climate_scenario_v1,charging-v1.0,True,"Mapped proximity is not proof of distribution capacity, site control, interconnection approval or charger availability."
LTFRB_PUJ2324,0.337,node/10817230042,2.562,node/10991144538,6905.451,8220.775,8439.996,0,False,False,False,,0.0,0,100.0,82.0,39.14258188824663,65.29,38.0,PROXY,osm_power_snapshot_2026_08_20|route2zero_climate_scenario_v1,charging-v1.0,True,"Mapped proximity is not proof of distribution capacity, site control, interconnection approval or charger availability."
LTFRB_PUJ2325,0.929,way/440588497,1.011,node/9462686325,2393.328,2849.2,2925.179,0,False,False,False,,0.0,0,100.0,82.0,79.73025048169558,75.43,38.0,PROXY,osm_power_snapshot_2026_08_20|route2zero_climate_scenario_v1,charging-v1.0,True,"Mapped proximity is not proof of distribution capacity, site control, interconnection approval or charger availability."
LTFRB_PUJ2326,0.932,way/440588497,1.029,node/9462686325,2398.683,2855.575,2931.724,0,False,False,False,,0.0,0,100.0,82.0,79.68208092485548,75.42,38.0,PROXY,osm_power_snapshot_2026_08_20|route2zero_climate_scenario_v1,charging-v1.0,True,"Mapped proximity is not proof of distribution capacity, site control, interconnection approval or charger availability."
LTFRB_PUJ2327,0.72,way/838900324,1.029,node/9462686325,1416.576,1686.4,1731.371,0,False,False,False,,0.0,0,100.0,82.0,88.51637764932562,77.63,38.0,PROXY,osm_power_snapshot_2026_08_20|route2zero_climate_scenario_v1,charging-v1.0,True,"Mapped proximity is not proof of distribution capacity, site control, interconnection approval or charger availability."
LTFRB_PUJ2329,0.627,node/4977761380,1.265,node/6836063735,5214.699,6207.975,6373.521,0,False,False,False,,0.0,0,100.0,82.0,54.35131663455363,69.09,38.0,PROXY,osm_power_snapshot_2026_08_20|route2zero_climate_scenario_v1,charging-v1.0,True,"Mapped proximity is not proof of distribution capacity, site control, interconnection approval or charger availability."
LTFRB_PUJ2330,0.336,node/4977761380,1.27,node/6836063735,5296.095,6304.875,6473.005,0,False,False,False,,0.0,0,100.0,82.0,53.61913937058446,68.9,38.0,PROXY,osm_power_snapshot_2026_08_20|route2zero_climate_scenario_v1,charging-v1.0,True,"Mapped proximity is not proof of distribution capacity, site control, interconnection approval or charger availability."
LTFRB_PUJ2331,1.285,way/182922897,4.82,node/13895420988,4191.18,4989.5,5122.553,0,False,False,False,,0.0,0,82.0,58.0,63.55812459858703,59.09,38.0,PROXY,osm_power_snapshot_2026_08_20|route2zero_climate_scenario_v1,charging-v1.0,True,"Mapped proximity is not proof of distribution capacity, site control, interconnection approval or charger availability."
LTFRB_PUJ2332,1.224,way/182922897,4.892,node/13895420988,4205.103,5006.075,5139.57,0,False,False,False,,0.0,0,82.0,58.0,63.43288375080283,59.06,38.0,PROXY,osm_power_snapshot_2026_08_20|route2zero_climate_scenario_v1,charging-v1.0,True,"Mapped proximity is not proof of distribution capacity, site control, interconnection approval or charger availability."
LTFRB_PUJ2333,2.611,way/659226728,5.34,node/10703746877,1084.923,1291.575,1326.017,0,False,False,False,,0.0,0,82.0,58.0,91.49967886962106,66.07,38.0,PROXY,osm_power_snapshot_2026_08_20|route2zero_climate_scenario_v1,charging-v1.0,True,"Mapped proximity is not proof of distribution capacity, site control, interconnection approval or charger availability."
LTFRB_PUJ2334,2.611,way/659226728,5.34,node/10703746877,1084.923,1291.575,1326.017,0,False,False,False,,0.0,0,82.0,58.0,91.49967886962106,66.07,38.0,PROXY,osm_power_snapshot_2026_08_20|route2zero_climate_scenario_v1,charging-v1.0,True,"Mapped proximity is not proof of distribution capacity, site control, interconnection approval or charger availability."
LTFRB_PUJ2335,1.764,way/530281328,0.418,node/6110400886,1193.808,1421.2,1459.099,0,False,False,False,,0.0,0,82.0,100.0,90.52023121387283,76.33,38.0,PROXY,osm_power_snapshot_2026_08_20|route2zero_climate_scenario_v1,charging-v1.0,True,"Mapped proximity is not proof of distribution capacity, site control, interconnection approval or charger availability."
LTFRB_PUJ2336,1.764,way/530281328,0.418,node/6110400886,1216.656,1448.4,1487.024,0,False,False,False,,0.0,0,82.0,100.0,90.31470777135517,76.28,38.0,PROXY,osm_power_snapshot_2026_08_20|route2zero_climate_scenario_v1,charging-v1.0,True,"Mapped proximity is not proof of distribution capacity, site control, interconnection approval or charger availability."
LTFRB_PUJ2337,0.74,way/35583874,2.039,node/9462686325,1234.149,1469.225,1508.404,0,False,False,False,,0.0,0,100.0,82.0,90.15735388567758,78.04,38.0,PROXY,osm_power_snapshot_2026_08_20|route2zero_climate_scenario_v1,charging-v1.0,True,"Mapped proximity is not proof of distribution capacity, site control, interconnection approval or charger availability."
LTFRB_PUJ2338,0.74,way/35583874,2.039,node/9462686325,1218.441,1450.525,1489.206,0,False,False,False,,0.0,0,100.0,82.0,90.29865125240848,78.07,38.0,PROXY,osm_power_snapshot_2026_08_20|route2zero_climate_scenario_v1,charging-v1.0,True,"Mapped proximity is not proof of distribution capacity, site control, interconnection approval or charger availability."
LTFRB_PUJ2339,1.038,way/112645695,2.114,node/13895420988,847.875,1009.375,1036.292,0,False,False,False,,0.0,0,82.0,82.0,93.6319845857418,72.61,38.0,PROXY,osm_power_snapshot_2026_08_20|route2zero_climate_scenario_v1,charging-v1.0,True,"Mapped proximity is not proof of distribution capacity, site control, interconnection approval or charger availability."
LTFRB_PUJ2340,1.038,way/112645695,2.114,node/13895420988,837.522,997.05,1023.638,0,False,False,False,,0.0,0,82.0,82.0,93.72511239563262,72.63,38.0,PROXY,osm_power_snapshot_2026_08_20|route2zero_climate_scenario_v1,charging-v1.0,True,"Mapped proximity is not proof of distribution capacity, site control, interconnection approval or charger availability."
LTFRB_PUJ2341,0.98,node/4977761380,1.526,node/6836063735,5136.873,6115.325,6278.4,0,False,False,False,,0.0,0,100.0,82.0,55.051380860629415,69.26,38.0,PROXY,osm_power_snapshot_2026_08_20|route2zero_climate_scenario_v1,charging-v1.0,True,"Mapped proximity is not proof of distribution capacity, site control, interconnection approval or charger availability."
LTFRB_PUJ2342,0.576,way/90125781,4.09,node/13895420988,3798.48,4522.0,4642.587,0,False,False,False,,0.0,0,100.0,58.0,67.09055876685935,66.27,38.0,PROXY,osm_power_snapshot_2026_08_20|route2zero_climate_scenario_v1,charging-v1.0,True,"Mapped proximity is not proof of distribution capacity, site control, interconnection approval or charger availability."
LTFRB_PUJ2343,0.989,way/658601413,6.137,node/6110400886,1805.706,2149.65,2206.974,0,False,False,False,,0.0,0,100.0,58.0,85.0160565189467,70.75,38.0,PROXY,osm_power_snapshot_2026_08_20|route2zero_climate_scenario_v1,charging-v1.0,True,"Mapped proximity is not proof of distribution capacity, site control, interconnection approval or charger availability."
LTFRB_PUJ2344,0.989,way/658601413,6.137,node/6110400886,1805.706,2149.65,2206.974,0,False,False,False,,0.0,0,100.0,58.0,85.0160565189467,70.75,38.0,PROXY,osm_power_snapshot_2026_08_20|route2zero_climate_scenario_v1,charging-v1.0,True,"Mapped proximity is not proof of distribution capacity, site control, interconnection approval or charger availability."
LTFRB_PUJ2345,0.393,way/1426427969,5.539,node/13895420988,7594.104,9040.6,9281.683,0,False,False,False,,0.0,0,100.0,58.0,32.94797687861272,57.74,38.0,PROXY,osm_power_snapshot_2026_08_20|route2zero_climate_scenario_v1,charging-v1.0,True,"Mapped proximity is not proof of distribution capacity, site control, interconnection approval or charger availability."
LTFRB_PUJ2346,1.146,way/1426427969,5.539,node/13895420988,8132.817,9681.925,9940.11,0,False,False,False,,0.0,0,82.0,58.0,28.102119460500973,50.23,38.0,PROXY,osm_power_snapshot_2026_08_20|route2zero_climate_scenario_v1,charging-v1.0,True,"Mapped proximity is not proof of distribution capacity, site control, interconnection approval or charger availability."
LTFRB_PUJ2347,2.095,way/116061783,0.21,node/13081283762,1928.514,2295.85,2357.073,0,False,False,False,,0.0,0,82.0,100.0,83.91136801541425,74.68,38.0,PROXY,osm_power_snapshot_2026_08_20|route2zero_climate_scenario_v1,charging-v1.0,True,"Mapped proximity is not proof of distribution capacity, site control, interconnection approval or charger availability."
LTFRB_PUJ2348,1.855,way/116061783,0.386,node/13081283762,1018.164,1212.1,1244.423,0,False,False,False,,0.0,0,82.0,100.0,92.10019267822736,76.73,38.0,PROXY,osm_power_snapshot_2026_08_20|route2zero_climate_scenario_v1,charging-v1.0,True,"Mapped proximity is not proof of distribution capacity, site control, interconnection approval or charger availability."
LTFRB_PUJ2349,4.286,way/800186096,5.967,node/10991144538,1758.225,2093.125,2148.942,0,False,False,False,,0.0,0,58.0,58.0,85.44315992292871,56.16,38.0,PROXY,osm_power_snapshot_2026_08_20|route2zero_climate_scenario_v1,charging-v1.0,True,"Mapped proximity is not proof of distribution capacity, site control, interconnection approval or charger availability."
LTFRB_PUJ2350,4.286,way/800186096,5.967,node/10991144538,1758.225,2093.125,2148.942,0,False,False,False,,0.0,0,58.0,58.0,85.44315992292871,56.16,38.0,PROXY,osm_power_snapshot_2026_08_20|route2zero_climate_scenario_v1,charging-v1.0,True,"Mapped proximity is not proof of distribution capacity, site control, interconnection approval or charger availability."
LTFRB_PUJ2351,7.837,way/800186096,10.153,node/10991144538,1222.368,1455.2,1494.005,0,False,False,False,,0.0,0,32.0,32.0,90.26332691072575,41.77,38.0,PROXY,osm_power_snapshot_2026_08_20|route2zero_climate_scenario_v1,charging-v1.0,True,"Mapped proximity is not proof of distribution capacity, site control, interconnection approval or charger availability."
LTFRB_PUJ2352,7.837,way/800186096,10.153,node/10991144538,1222.368,1455.2,1494.005,0,False,False,False,,0.0,0,32.0,32.0,90.26332691072575,41.77,38.0,PROXY,osm_power_snapshot_2026_08_20|route2zero_climate_scenario_v1,charging-v1.0,True,"Mapped proximity is not proof of distribution capacity, site control, interconnection approval or charger availability."
LTFRB_PUJ2353,1.434,node/2126363168,3.437,node/13895420988,297.738,354.45,363.902,0,False,False,False,,0.0,0,82.0,58.0,98.5806037251124,67.85,38.0,PROXY,osm_power_snapshot_2026_08_20|route2zero_climate_scenario_v1,charging-v1.0,True,"Mapped proximity is not proof of distribution capacity, site control, interconnection approval or charger availability."
LTFRB_PUJ2354,1.434,node/2126363168,3.437,node/13895420988,297.738,354.45,363.902,0,False,False,False,,0.0,0,82.0,58.0,98.5806037251124,67.85,38.0,PROXY,osm_power_snapshot_2026_08_20|route2zero_climate_scenario_v1,charging-v1.0,True,"Mapped proximity is not proof of distribution capacity, site control, interconnection approval or charger availability."
LTFRB_PUJ2355,1.141,node/2126363194,2.088,node/9756145409,642.957,765.425,785.836,0,False,False,False,,0.0,0,82.0,82.0,95.4752729608221,73.07,38.0,PROXY,osm_power_snapshot_2026_08_20|route2zero_climate_scenario_v1,charging-v1.0,True,"Mapped proximity is not proof of distribution capacity, site control, interconnection approval or charger availability."
LTFRB_PUJ2356,1.149,node/2126363194,2.115,node/9756145409,669.375,796.875,818.125,0,False,False,False,,0.0,0,82.0,82.0,95.23763648041104,73.01,38.0,PROXY,osm_power_snapshot_2026_08_20|route2zero_climate_scenario_v1,charging-v1.0,True,"Mapped proximity is not proof of distribution capacity, site control, interconnection approval or charger availability."
LTFRB_PUJ2357,0.166,way/96332510,0.979,node/10703746877,1233.078,1467.95,1507.095,0,False,False,False,,0.0,0,100.0,100.0,90.16698779704559,82.54,38.0,PROXY,osm_power_snapshot_2026_08_20|route2zero_climate_scenario_v1,charging-v1.0,True,"Mapped proximity is not proof of distribution capacity, site control, interconnection approval or charger availability."
LTFRB_PUJ2358,0.166,way/96332510,0.979,node/10703746877,1243.431,1480.275,1519.749,0,False,False,False,,0.0,0,100.0,100.0,90.07385998715478,82.52,38.0,PROXY,osm_power_snapshot_2026_08_20|route2zero_climate_scenario_v1,charging-v1.0,True,"Mapped proximity is not proof of distribution capacity, site control, interconnection approval or charger availability."
LTFRB_PUJ2359,0.965,way/182922897,4.222,node/13895420988,3805.977,4530.925,4651.75,0,False,False,False,,0.0,0,100.0,58.0,67.02312138728324,66.26,38.0,PROXY,osm_power_snapshot_2026_08_20|route2zero_climate_scenario_v1,charging-v1.0,True,"Mapped proximity is not proof of distribution capacity, site control, interconnection approval or charger availability."
LTFRB_PUJ2360,1.046,way/182922897,4.32,node/13895420988,4451.79,5299.75,5441.077,0,False,False,False,,0.0,0,82.0,58.0,61.21387283236995,58.5,38.0,PROXY,osm_power_snapshot_2026_08_20|route2zero_climate_scenario_v1,charging-v1.0,True,"Mapped proximity is not proof of distribution capacity, site control, interconnection approval or charger availability."
LTFRB_PUJ2361,1.046,way/182922897,3.437,node/13895420988,632.604,753.1,773.183,0,False,False,False,,0.0,0,82.0,58.0,95.56840077071291,67.09,38.0,PROXY,osm_power_snapshot_2026_08_20|route2zero_climate_scenario_v1,charging-v1.0,True,"Mapped proximity is not proof of distribution capacity, site control, interconnection approval or charger availability."
LTFRB_PUJ2362,0.859,node/2126363168,2.949,node/13895420988,1062.075,1264.375,1298.092,0,False,False,False,,0.0,0,100.0,82.0,91.70520231213872,78.43,38.0,PROXY,osm_power_snapshot_2026_08_20|route2zero_climate_scenario_v1,charging-v1.0,True,"Mapped proximity is not proof of distribution capacity, site control, interconnection approval or charger availability."
LTFRB_PUJ2363,1.501,node/2508927841,2.784,node/6110400886,1175.601,1399.525,1436.846,0,False,False,False,,0.0,0,82.0,82.0,90.6840077071291,71.87,38.0,PROXY,osm_power_snapshot_2026_08_20|route2zero_climate_scenario_v1,charging-v1.0,True,"Mapped proximity is not proof of distribution capacity, site control, interconnection approval or charger availability."
LTFRB_PUJ2364,1.498,node/2508927841,2.836,node/6110400886,1167.747,1390.175,1427.246,0,False,False,False,,0.0,0,82.0,82.0,90.75465639049455,71.89,38.0,PROXY,osm_power_snapshot_2026_08_20|route2zero_climate_scenario_v1,charging-v1.0,True,"Mapped proximity is not proof of distribution capacity, site control, interconnection approval or charger availability."
LTFRB_PUJ2365,1.303,node/2508927841,2.973,node/6110400886,1451.205,1727.625,1773.695,0,False,False,False,,0.0,0,82.0,82.0,88.20488118175979,71.25,38.0,PROXY,osm_power_snapshot_2026_08_20|route2zero_climate_scenario_v1,charging-v1.0,True,"Mapped proximity is not proof of distribution capacity, site control, interconnection approval or charger availability."
LTFRB_PUJ2366,1.251,node/2508927841,3.057,node/6110400886,1413.006,1682.15,1727.007,0,False,False,False,,0.0,0,82.0,58.0,88.54849068721902,65.34,38.0,PROXY,osm_power_snapshot_2026_08_20|route2zero_climate_scenario_v1,charging-v1.0,True,"Mapped proximity is not proof of distribution capacity, site control, interconnection approval or charger availability."
LTFRB_PUJ2367,1.298,node/2508927841,2.943,node/6110400886,5225.052,6220.3,6386.175,0,False,False,False,,0.0,0,82.0,82.0,54.25818882466281,62.76,38.0,PROXY,osm_power_snapshot_2026_08_20|route2zero_climate_scenario_v1,charging-v1.0,True,"Mapped proximity is not proof of distribution capacity, site control, interconnection approval or charger availability."
LTFRB_PUJ2368,1.425,node/2508927841,2.812,node/6110400886,4575.312,5446.8,5592.048,0,False,False,False,,0.0,0,82.0,82.0,60.10276172125884,64.23,38.0,PROXY,osm_power_snapshot_2026_08_20|route2zero_climate_scenario_v1,charging-v1.0,True,"Mapped proximity is not proof of distribution capacity, site control, interconnection approval or charger availability."
LTFRB_PUJ2369,1.298,node/2508927841,2.943,node/6110400886,5851.587,6966.175,7151.94,0,False,False,False,,0.0,0,82.0,82.0,48.62235067437379,61.36,38.0,PROXY,osm_power_snapshot_2026_08_20|route2zero_climate_scenario_v1,charging-v1.0,True,"Mapped proximity is not proof of distribution capacity, site control, interconnection approval or charger availability."
LTFRB_PUJ2370,1.425,node/2508927841,2.812,node/6110400886,5203.632,6194.8,6359.995,0,False,False,False,,0.0,0,82.0,82.0,54.45086705202312,62.81,38.0,PROXY,osm_power_snapshot_2026_08_20|route2zero_climate_scenario_v1,charging-v1.0,True,"Mapped proximity is not proof of distribution capacity, site control, interconnection approval or charger availability."
LTFRB_PUJ2371,1.226,way/441813417,7.424,node/12980211308,1152.396,1371.9,1408.484,0,False,False,False,,0.0,0,82.0,58.0,90.8927424534361,65.92,38.0,PROXY,osm_power_snapshot_2026_08_20|route2zero_climate_scenario_v1,charging-v1.0,True,"Mapped proximity is not proof of distribution capacity, site control, interconnection approval or charger availability."
LTFRB_PUJ2372,1.226,way/441813417,7.424,node/12980211308,1152.396,1371.9,1408.484,0,False,False,False,,0.0,0,82.0,58.0,90.8927424534361,65.92,38.0,PROXY,osm_power_snapshot_2026_08_20|route2zero_climate_scenario_v1,charging-v1.0,True,"Mapped proximity is not proof of distribution capacity, site control, interconnection approval or charger availability."
LTFRB_PUJ2373,0.36,way/406977698,1.408,node/9596306271,139.944,166.6,171.043,0,False,False,False,,0.0,0,100.0,82.0,100.0,80.5,38.0,PROXY,osm_power_snapshot_2026_08_20|route2zero_climate_scenario_v1,charging-v1.0,True,"Mapped proximity is not proof of distribution capacity, site control, interconnection approval or charger availability."
LTFRB_PUJ2376,0.347,node/4823208932,0.596,node/10703746877,4419.303,5261.075,5401.37,0,False,False,False,,0.0,0,100.0,100.0,61.50610147719975,75.38,38.0,PROXY,osm_power_snapshot_2026_08_20|route2zero_climate_scenario_v1,charging-v1.0,True,"Mapped proximity is not proof of distribution capacity, site control, interconnection approval or charger availability."
LTFRB_PUJ2377,0.689,node/4823208932,0.796,node/10703746877,4668.132,5557.3,5705.495,0,False,False,False,,0.0,0,100.0,100.0,59.26782273603083,74.82,38.0,PROXY,osm_power_snapshot_2026_08_20|route2zero_climate_scenario_v1,charging-v1.0,True,"Mapped proximity is not proof of distribution capacity, site control, interconnection approval or charger availability."
LTFRB_PUJ2378,0.66,way/30618817,5.025,node/6836063735,1324.47,1576.75,1618.797,0,False,False,False,,0.0,0,100.0,58.0,89.34489402697496,71.84,38.0,PROXY,osm_power_snapshot_2026_08_20|route2zero_climate_scenario_v1,charging-v1.0,True,"Mapped proximity is not proof of distribution capacity, site control, interconnection approval or charger availability."
LTFRB_PUJ2379,0.66,way/30618817,5.025,node/6836063735,1308.048,1557.2,1598.725,0,False,False,False,,0.0,0,100.0,58.0,89.49261400128452,71.87,38.0,PROXY,osm_power_snapshot_2026_08_20|route2zero_climate_scenario_v1,charging-v1.0,True,"Mapped proximity is not proof of distribution capacity, site control, interconnection approval or charger availability."
LTFRB_PUJ2380,0.734,node/4977761380,1.902,node/6836063735,3480.75,4143.75,4254.25,0,False,False,False,,0.0,0,100.0,82.0,69.94861913937058,72.99,38.0,PROXY,osm_power_snapshot_2026_08_20|route2zero_climate_scenario_v1,charging-v1.0,True,"Mapped proximity is not proof of distribution capacity, site control, interconnection approval or charger availability."
LTFRB_PUJ2381,0.734,node/4977761380,1.902,node/6836063735,3420.417,4071.925,4180.51,0,False,False,False,,0.0,0,100.0,82.0,70.49132947976878,73.12,38.0,PROXY,osm_power_snapshot_2026_08_20|route2zero_climate_scenario_v1,charging-v1.0,True,"Mapped proximity is not proof of distribution capacity, site control, interconnection approval or charger availability."
LTFRB_PUJ2382,0.734,node/4977761380,1.902,node/6836063735,1457.274,1734.85,1781.113,0,False,False,False,,0.0,0,100.0,82.0,88.15028901734104,77.54,38.0,PROXY,osm_power_snapshot_2026_08_20|route2zero_climate_scenario_v1,charging-v1.0,True,"Mapped proximity is not proof of distribution capacity, site control, interconnection approval or charger availability."
LTFRB_PUJ2383,0.734,node/4977761380,1.902,node/6836063735,1774.29,2112.25,2168.577,0,False,False,False,,0.0,0,100.0,82.0,85.29865125240848,76.82,38.0,PROXY,osm_power_snapshot_2026_08_20|route2zero_climate_scenario_v1,charging-v1.0,True,"Mapped proximity is not proof of distribution capacity, site control, interconnection approval or charger availability."
LTFRB_PUJ2384,0.91,way/92831296,2.378,node/6836063735,3280.116,3904.9,4009.031,0,False,False,False,,0.0,0,100.0,82.0,71.7533718689788,73.44,38.0,PROXY,osm_power_snapshot_2026_08_20|route2zero_climate_scenario_v1,charging-v1.0,True,"Mapped proximity is not proof of distribution capacity, site control, interconnection approval or charger availability."
LTFRB_PUJ2385,1.021,way/30331256,3.134,node/6836063735,3612.483,4300.575,4415.257,0,False,False,False,,0.0,0,82.0,58.0,68.76364804110469,60.39,38.0,PROXY,osm_power_snapshot_2026_08_20|route2zero_climate_scenario_v1,charging-v1.0,True,"Mapped proximity is not proof of distribution capacity, site control, interconnection approval or charger availability."
LTFRB_PUJ2386,0.251,node/10817230042,4.274,node/9462686325,954.618,1136.45,1166.755,0,False,False,False,,0.0,0,100.0,58.0,92.67180475272961,72.67,38.0,PROXY,osm_power_snapshot_2026_08_20|route2zero_climate_scenario_v1,charging-v1.0,True,"Mapped proximity is not proof of distribution capacity, site control, interconnection approval or charger availability."
LTFRB_PUJ2387,0.647,node/10817230042,4.274,node/9462686325,862.155,1026.375,1053.745,0,False,False,False,,0.0,0,100.0,58.0,93.50353243416828,72.88,38.0,PROXY,osm_power_snapshot_2026_08_20|route2zero_climate_scenario_v1,charging-v1.0,True,"Mapped proximity is not proof of distribution capacity, site control, interconnection approval or charger availability."
LTFRB_PUJ2388,0.546,way/638531784,5.536,node/13895420988,1624.35,1933.75,1985.317,0,False,False,False,,0.0,0,100.0,58.0,86.64739884393063,71.16,38.0,PROXY,osm_power_snapshot_2026_08_20|route2zero_climate_scenario_v1,charging-v1.0,True,"Mapped proximity is not proof of distribution capacity, site control, interconnection approval or charger availability."
LTFRB_PUJ2389,0.546,way/638531784,5.805,node/13895420988,791.826,942.65,967.787,0,False,False,False,,0.0,0,100.0,58.0,94.13615928066795,73.03,38.0,PROXY,osm_power_snapshot_2026_08_20|route2zero_climate_scenario_v1,charging-v1.0,True,"Mapped proximity is not proof of distribution capacity, site control, interconnection approval or charger availability."
LTFRB_PUJ2390,0.636,way/161414200,5.396,node/13895420988,795.396,946.9,972.151,0,False,False,False,,0.0,0,100.0,58.0,94.10404624277457,73.03,38.0,PROXY,osm_power_snapshot_2026_08_20|route2zero_climate_scenario_v1,charging-v1.0,True,"Mapped proximity is not proof of distribution capacity, site control, interconnection approval or charger availability."
LTFRB_PUJ2392,0.393,way/1426427969,10.637,node/6110400886,4706.688,5603.2,5752.619,0,False,False,False,,0.0,0,100.0,32.0,58.92100192678228,57.73,38.0,PROXY,osm_power_snapshot_2026_08_20|route2zero_climate_scenario_v1,charging-v1.0,True,"Mapped proximity is not proof of distribution capacity, site control, interconnection approval or charger availability."
LTFRB_PUJ2393,0.347,node/4823208932,4.725,node/13895420988,640.815,762.875,783.218,0,False,False,False,,0.0,0,100.0,58.0,95.49454078355812,73.37,38.0,PROXY,osm_power_snapshot_2026_08_20|route2zero_climate_scenario_v1,charging-v1.0,True,"Mapped proximity is not proof of distribution capacity, site control, interconnection approval or charger availability."
LTFRB_PUJ2394,0.724,node/4823208932,4.725,node/13895420988,849.303,1011.075,1038.037,0,False,False,False,,0.0,0,100.0,58.0,93.61913937058446,72.9,38.0,PROXY,osm_power_snapshot_2026_08_20|route2zero_climate_scenario_v1,charging-v1.0,True,"Mapped proximity is not proof of distribution capacity, site control, interconnection approval or charger availability."
LTFRB_PUJ2395,0.934,way/1231042724,5.661,node/13895420988,2233.035,2658.375,2729.265,0,False,False,False,,0.0,0,100.0,58.0,81.17212588310855,69.79,38.0,PROXY,osm_power_snapshot_2026_08_20|route2zero_climate_scenario_v1,charging-v1.0,True,"Mapped proximity is not proof of distribution capacity, site control, interconnection approval or charger availability."
LTFRB_PUJ2396,0.934,way/1231042724,5.661,node/13895420988,2233.035,2658.375,2729.265,0,False,False,False,,0.0,0,100.0,58.0,81.17212588310855,69.79,38.0,PROXY,osm_power_snapshot_2026_08_20|route2zero_climate_scenario_v1,charging-v1.0,True,"Mapped proximity is not proof of distribution capacity, site control, interconnection approval or charger availability."
LTFRB_PUJ2397,1.354,way/489733574,1.079,node/10703746877,3676.029,4376.225,4492.924,0,False,False,False,,0.0,0,82.0,82.0,68.19203596660245,66.25,38.0,PROXY,osm_power_snapshot_2026_08_20|route2zero_climate_scenario_v1,charging-v1.0,True,"Mapped proximity is not proof of distribution capacity, site control, interconnection approval or charger availability."
LTFRB_PUJ2398,1.354,way/489733574,1.079,node/10703746877,3966.984,4722.6,4848.536,0,False,False,False,,0.0,0,82.0,82.0,65.57482337829158,65.59,38.0,PROXY,osm_power_snapshot_2026_08_20|route2zero_climate_scenario_v1,charging-v1.0,True,"Mapped proximity is not proof of distribution capacity, site control, interconnection approval or charger availability."
LTFRB_PUJ2399,0.263,node/4823208932,1.126,node/13895420988,1932.441,2300.525,2361.872,0,False,False,False,,0.0,0,100.0,82.0,83.87604367373153,76.47,38.0,PROXY,osm_power_snapshot_2026_08_20|route2zero_climate_scenario_v1,charging-v1.0,True,"Mapped proximity is not proof of distribution capacity, site control, interconnection approval or charger availability."
LTFRB_PUJ2400,0.441,node/10817230042,1.126,node/13895420988,2097.732,2497.3,2563.895,0,False,False,False,,0.0,0,100.0,82.0,82.38921001926782,76.1,38.0,PROXY,osm_power_snapshot_2026_08_20|route2zero_climate_scenario_v1,charging-v1.0,True,"Mapped proximity is not proof of distribution capacity, site control, interconnection approval or charger availability."
LTFRB_PUJ2401,0.802,way/617091970,0.242,node/13895420988,1459.059,1736.975,1783.294,0,False,False,False,,0.0,0,100.0,100.0,88.13423249839434,82.03,38.0,PROXY,osm_power_snapshot_2026_08_20|route2zero_climate_scenario_v1,charging-v1.0,True,"Mapped proximity is not proof of distribution capacity, site control, interconnection approval or charger availability."
LTFRB_PUJ2403,0.944,node/2126363194,2.32,node/9756145409,1685.397,2006.425,2059.93,0,False,False,False,,0.0,0,100.0,82.0,86.09826589595376,77.02,38.0,PROXY,osm_power_snapshot_2026_08_20|route2zero_climate_scenario_v1,charging-v1.0,True,"Mapped proximity is not proof of distribution capacity, site control, interconnection approval or charger availability."
LTFRB_PUJ2404,0.944,node/2126363194,2.32,node/9756145409,1674.33,1993.25,2046.403,0,False,False,False,,0.0,0,100.0,82.0,86.19781631342325,77.05,38.0,PROXY,osm_power_snapshot_2026_08_20|route2zero_climate_scenario_v1,charging-v1.0,True,"Mapped proximity is not proof of distribution capacity, site control, interconnection approval or charger availability."
LTFRB_PUJ2405,0.383,way/182922897,4.564,node/13895420988,554.778,660.45,678.062,0,False,False,False,,0.0,0,100.0,58.0,96.2684649967887,73.57,38.0,PROXY,osm_power_snapshot_2026_08_20|route2zero_climate_scenario_v1,charging-v1.0,True,"Mapped proximity is not proof of distribution capacity, site control, interconnection approval or charger availability."
LTFRB_PUJ2406,0.383,way/182922897,4.331,node/13895420988,520.506,619.65,636.174,0,False,False,False,,0.0,0,100.0,58.0,96.57675016056518,73.64,38.0,PROXY,osm_power_snapshot_2026_08_20|route2zero_climate_scenario_v1,charging-v1.0,True,"Mapped proximity is not proof of distribution capacity, site control, interconnection approval or charger availability."
LTFRB_PUJ2407,0.623,way/1161263456,3.005,node/12980211308,7798.308,9283.7,9531.265,0,False,False,False,,0.0,0,100.0,58.0,31.111111111111114,57.28,38.0,PROXY,osm_power_snapshot_2026_08_20|route2zero_climate_scenario_v1,charging-v1.0,True,"Mapped proximity is not proof of distribution capacity, site control, interconnection approval or charger availability."
LTFRB_PUJ2408,0.783,way/508441360,2.619,node/12980211308,7214.97,8589.25,8818.297,0,False,False,False,,0.0,0,100.0,82.0,36.35838150289018,64.59,38.0,PROXY,osm_power_snapshot_2026_08_20|route2zero_climate_scenario_v1,charging-v1.0,True,"Mapped proximity is not proof of distribution capacity, site control, interconnection approval or charger availability."
LTFRB_PUJ2409,0.455,way/35583874,2.297,node/9462686325,507.297,603.925,620.03,0,False,False,False,,0.0,0,100.0,82.0,96.69556840077071,79.67,38.0,PROXY,osm_power_snapshot_2026_08_20|route2zero_climate_scenario_v1,charging-v1.0,True,"Mapped proximity is not proof of distribution capacity, site control, interconnection approval or charger availability."
LTFRB_PUJ2410,0.455,way/35583874,1.983,node/9462686325,571.557,680.425,698.57,0,False,False,False,,0.0,0,100.0,82.0,96.11753371868978,79.53,38.0,PROXY,osm_power_snapshot_2026_08_20|route2zero_climate_scenario_v1,charging-v1.0,True,"Mapped proximity is not proof of distribution capacity, site control, interconnection approval or charger availability."
LTFRB_PUJ2411,2.656,way/82869523,13.105,node/6110400886,6161.463,7335.075,7530.677,0,False,False,False,,0.0,0,82.0,32.0,45.834938985228,48.16,38.0,PROXY,osm_power_snapshot_2026_08_20|route2zero_climate_scenario_v1,charging-v1.0,True,"Mapped proximity is not proof of distribution capacity, site control, interconnection approval or charger availability."
LTFRB_PUJ2412,1.895,node/6280454079,7.551,node/6110400886,2976.309,3543.225,3637.711,0,False,False,False,,0.0,0,82.0,58.0,74.48619139370585,61.82,38.0,PROXY,osm_power_snapshot_2026_08_20|route2zero_climate_scenario_v1,charging-v1.0,True,"Mapped proximity is not proof of distribution capacity, site control, interconnection approval or charger availability."
LTFRB_PUJ2413,0.728,node/10817230042,4.274,node/9462686325,639.03,760.75,781.037,0,False,False,False,,0.0,0,100.0,58.0,95.51059730250482,73.38,38.0,PROXY,osm_power_snapshot_2026_08_20|route2zero_climate_scenario_v1,charging-v1.0,True,"Mapped proximity is not proof of distribution capacity, site control, interconnection approval or charger availability."
LTFRB_PUJ2414,0.728,node/10817230042,4.274,node/9462686325,737.919,878.475,901.901,0,False,False,False,,0.0,0,100.0,58.0,94.62106615285806,73.16,38.0,PROXY,osm_power_snapshot_2026_08_20|route2zero_climate_scenario_v1,charging-v1.0,True,"Mapped proximity is not proof of distribution capacity, site control, interconnection approval or charger availability."
LTFRB_PUJ2415,1.298,node/2508927841,2.533,node/6110400886,336.651,400.775,411.462,0,False,False,False,,0.0,0,82.0,82.0,98.2305716120745,73.76,38.0,PROXY,osm_power_snapshot_2026_08_20|route2zero_climate_scenario_v1,charging-v1.0,True,"Mapped proximity is not proof of distribution capacity, site control, interconnection approval or charger availability."
LTFRB_PUJ2416,1.917,node/2508927841,0.902,node/6110400886,568.344,676.6,694.643,0,False,False,False,,0.0,0,82.0,100.0,96.14643545279384,77.74,38.0,PROXY,osm_power_snapshot_2026_08_20|route2zero_climate_scenario_v1,charging-v1.0,True,"Mapped proximity is not proof of distribution capacity, site control, interconnection approval or charger availability."
LTFRB_PUJ2417,2.882,way/30665662,0.687,node/6110400886,8157.807,9711.675,9970.653,0,False,False,False,,0.0,0,82.0,100.0,27.877328195247273,60.67,38.0,PROXY,osm_power_snapshot_2026_08_20|route2zero_climate_scenario_v1,charging-v1.0,True,"Mapped proximity is not proof of distribution capacity, site control, interconnection approval or charger availability."
LTFRB_PUJ2418,1.425,node/2508927841,2.812,node/6110400886,9071.37,10799.25,11087.23,0,False,False,False,,0.0,0,82.0,82.0,19.65960179833013,54.11,38.0,PROXY,osm_power_snapshot_2026_08_20|route2zero_climate_scenario_v1,charging-v1.0,True,"Mapped proximity is not proof of distribution capacity, site control, interconnection approval or charger availability."
LTFRB_PUJ2419,2.063,way/1500158674,0.776,node/6110400886,2277.303,2711.075,2783.37,0,False,False,False,,0.0,0,82.0,100.0,80.77392421323057,73.89,38.0,PROXY,osm_power_snapshot_2026_08_20|route2zero_climate_scenario_v1,charging-v1.0,True,"Mapped proximity is not proof of distribution capacity, site control, interconnection approval or charger availability."
LTFRB_PUJ2420,2.29,way/1500158674,0.509,node/6110400886,1933.869,2302.225,2363.618,0,False,False,False,,0.0,0,82.0,100.0,83.86319845857417,74.67,38.0,PROXY,osm_power_snapshot_2026_08_20|route2zero_climate_scenario_v1,charging-v1.0,True,"Mapped proximity is not proof of distribution capacity, site control, interconnection approval or charger availability."
LTFRB_PUJ2421,0.71,node/4977761380,1.937,node/6836063735,908.565,1081.625,1110.468,0,False,False,False,,0.0,0,100.0,82.0,93.08606294155427,78.77,38.0,PROXY,osm_power_snapshot_2026_08_20|route2zero_climate_scenario_v1,charging-v1.0,True,"Mapped proximity is not proof of distribution capacity, site control, interconnection approval or charger availability."
LTFRB_PUJ2422,0.82,node/4977761380,1.712,node/6836063735,599.403,713.575,732.604,0,False,False,False,,0.0,0,100.0,82.0,95.86705202312139,79.47,38.0,PROXY,osm_power_snapshot_2026_08_20|route2zero_climate_scenario_v1,charging-v1.0,True,"Mapped proximity is not proof of distribution capacity, site control, interconnection approval or charger availability."
LTFRB_PUJ2423,2.163,way/1161975443,6.012,node/12980211308,1080.639,1286.475,1320.781,0,False,False,False,,0.0,0,82.0,58.0,91.53821451509313,66.08,38.0,PROXY,osm_power_snapshot_2026_08_20|route2zero_climate_scenario_v1,charging-v1.0,True,"Mapped proximity is not proof of distribution capacity, site control, interconnection approval or charger availability."
LTFRB_PUJ2424,2.163,way/1161975443,6.012,node/12980211308,1143.114,1360.85,1397.139,0,False,False,False,,0.0,0,82.0,58.0,90.9762363519589,65.94,38.0,PROXY,osm_power_snapshot_2026_08_20|route2zero_climate_scenario_v1,charging-v1.0,True,"Mapped proximity is not proof of distribution capacity, site control, interconnection approval or charger availability."
LTFRB_PUJ2425,2.667,node/4548885225,4.415,node/12980211308,599.046,713.15,732.167,0,False,False,False,,0.0,0,82.0,58.0,95.87026332691073,67.17,38.0,PROXY,osm_power_snapshot_2026_08_20|route2zero_climate_scenario_v1,charging-v1.0,True,"Mapped proximity is not proof of distribution capacity, site control, interconnection approval or charger availability."
LTFRB_PUJ2426,2.386,node/2153569632,5.374,node/12980211308,1105.629,1316.225,1351.324,0,False,False,False,,0.0,0,82.0,58.0,91.31342324983943,66.03,38.0,PROXY,osm_power_snapshot_2026_08_20|route2zero_climate_scenario_v1,charging-v1.0,True,"Mapped proximity is not proof of distribution capacity, site control, interconnection approval or charger availability."
LTFRB_PUJ2427,2.386,node/2153569632,4.316,node/12980211308,1899.954,2261.85,2322.166,0,False,False,False,,0.0,0,82.0,58.0,84.16827231856134,64.24,38.0,PROXY,osm_power_snapshot_2026_08_20|route2zero_climate_scenario_v1,charging-v1.0,True,"Mapped proximity is not proof of distribution capacity, site control, interconnection approval or charger availability."
LTFRB_PUJ2428,0.647,node/10817230042,2.914,node/9756145409,1349.817,1606.925,1649.776,0,False,False,False,,0.0,0,100.0,82.0,89.11689145793191,77.78,38.0,PROXY,osm_power_snapshot_2026_08_20|route2zero_climate_scenario_v1,charging-v1.0,True,"Mapped proximity is not proof of distribution capacity, site control, interconnection approval or charger availability."
LTFRB_PUJ2429,0.576,way/90125781,2.914,node/9756145409,1799.637,2142.425,2199.556,0,False,False,False,,0.0,0,100.0,82.0,85.07064868336545,76.77,38.0,PROXY,osm_power_snapshot_2026_08_20|route2zero_climate_scenario_v1,charging-v1.0,True,"Mapped proximity is not proof of distribution capacity, site control, interconnection approval or charger availability."
LTFRB_PUJ2431,2.051,way/659226728,8.396,node/10703746877,6502.041,7740.525,7946.939,0,False,False,False,,0.0,0,82.0,32.0,42.77135517019911,47.39,38.0,PROXY,osm_power_snapshot_2026_08_20|route2zero_climate_scenario_v1,charging-v1.0,True,"Mapped proximity is not proof of distribution capacity, site control, interconnection approval or charger availability."
LTFRB_PUJ2432,0.802,way/617091970,0.141,node/13895420988,1584.009,1885.725,1936.011,0,False,False,False,,0.0,0,100.0,100.0,87.01027617212588,81.75,38.0,PROXY,osm_power_snapshot_2026_08_20|route2zero_climate_scenario_v1,charging-v1.0,True,"Mapped proximity is not proof of distribution capacity, site control, interconnection approval or charger availability."
LTFRB_PUJ2433,0.877,way/617091970,0.242,node/13895420988,1425.501,1697.025,1742.279,0,False,False,False,,0.0,0,100.0,100.0,88.43609505459216,82.11,38.0,PROXY,osm_power_snapshot_2026_08_20|route2zero_climate_scenario_v1,charging-v1.0,True,"Mapped proximity is not proof of distribution capacity, site control, interconnection approval or charger availability."
LTFRB_PUJ2436,1.048,way/987363495,1.256,node/11953464116,6256.782,7448.55,7647.178,0,False,False,False,,0.0,0,82.0,82.0,44.97752087347463,60.44,38.0,PROXY,osm_power_snapshot_2026_08_20|route2zero_climate_scenario_v1,charging-v1.0,True,"Mapped proximity is not proof of distribution capacity, site control, interconnection approval or charger availability."
LTFRB_PUJ2437,0.509,way/987363495,0.764,node/13688427301,6579.153,7832.325,8041.187,0,False,False,False,,0.0,0,100.0,100.0,42.077713551702004,70.52,38.0,PROXY,osm_power_snapshot_2026_08_20|route2zero_climate_scenario_v1,charging-v1.0,True,"Mapped proximity is not proof of distribution capacity, site control, interconnection approval or charger availability."
LTFRB_PUJ2438,0.313,way/96332510,0.924,node/13152399652,1495.473,1780.325,1827.8,0,False,False,False,,0.0,0,100.0,100.0,87.80667951188182,81.95,38.0,PROXY,osm_power_snapshot_2026_08_20|route2zero_climate_scenario_v1,charging-v1.0,True,"Mapped proximity is not proof of distribution capacity, site control, interconnection approval or charger availability."
LTFRB_PUJ2439,0.313,way/96332510,0.924,node/13152399652,1405.152,1672.8,1717.408,0,False,False,False,,0.0,0,100.0,100.0,88.61913937058446,82.15,38.0,PROXY,osm_power_snapshot_2026_08_20|route2zero_climate_scenario_v1,charging-v1.0,True,"Mapped proximity is not proof of distribution capacity, site control, interconnection approval or charger availability."
LTFRB_PUJ2440,0.601,way/161414200,3.773,node/13895420988,471.954,561.85,576.833,0,False,False,False,,0.0,0,100.0,58.0,97.01348747591523,73.75,38.0,PROXY,osm_power_snapshot_2026_08_20|route2zero_climate_scenario_v1,charging-v1.0,True,"Mapped proximity is not proof of distribution capacity, site control, interconnection approval or charger availability."
LTFRB_PUJ2441,0.733,way/440593524,3.416,node/13895420988,537.642,640.05,657.118,0,False,False,False,,0.0,0,100.0,58.0,96.42260757867695,73.61,38.0,PROXY,osm_power_snapshot_2026_08_20|route2zero_climate_scenario_v1,charging-v1.0,True,"Mapped proximity is not proof of distribution capacity, site control, interconnection approval or charger availability."
LTFRB_PUJ2442,1.316,way/508441360,1.806,node/12980211308,7987.161,9508.525,9762.086,0,False,False,False,,0.0,0,82.0,82.0,29.41233140655106,56.55,38.0,PROXY,osm_power_snapshot_2026_08_20|route2zero_climate_scenario_v1,charging-v1.0,True,"Mapped proximity is not proof of distribution capacity, site control, interconnection approval or charger availability."
LTFRB_PUJ2443,1.097,way/508441360,2.084,node/12980211308,7930.041,9440.525,9692.272,0,False,False,False,,0.0,0,82.0,82.0,29.926140012845224,56.68,38.0,PROXY,osm_power_snapshot_2026_08_20|route2zero_climate_scenario_v1,charging-v1.0,True,"Mapped proximity is not proof of distribution capacity, site control, interconnection approval or charger availability."
LTFRB_PUJ2444,0.406,way/987363495,0.613,node/13688427301,1534.029,1826.225,1874.924,0,False,False,False,,0.0,0,100.0,100.0,87.45985870263327,81.86,38.0,PROXY,osm_power_snapshot_2026_08_20|route2zero_climate_scenario_v1,charging-v1.0,True,"Mapped proximity is not proof of distribution capacity, site control, interconnection approval or charger availability."
LTFRB_PUJ2445,0.827,way/658030273,1.503,node/12950633881,585.48,697.0,715.587,0,False,False,False,,0.0,0,100.0,82.0,95.99229287090559,79.5,38.0,PROXY,osm_power_snapshot_2026_08_20|route2zero_climate_scenario_v1,charging-v1.0,True,"Mapped proximity is not proof of distribution capacity, site control, interconnection approval or charger availability."
LTFRB_PUJ2446,0.113,node/4592771042,10.735,node/12980211308,4814.859,5731.975,5884.828,0,False,False,False,,0.0,0,100.0,32.0,57.947976878612714,57.49,38.0,PROXY,osm_power_snapshot_2026_08_20|route2zero_climate_scenario_v1,charging-v1.0,True,"Mapped proximity is not proof of distribution capacity, site control, interconnection approval or charger availability."
LTFRB_PUJ2447,0.034,node/4592771042,10.632,node/12980211308,3864.882,4601.05,4723.745,0,False,False,False,,0.0,0,100.0,32.0,66.4932562620424,59.62,38.0,PROXY,osm_power_snapshot_2026_08_20|route2zero_climate_scenario_v1,charging-v1.0,True,"Mapped proximity is not proof of distribution capacity, site control, interconnection approval or charger availability."
LTFRB_PUJ2448,0.666,way/161414200,4.231,node/13895420988,529.788,630.7,647.519,0,False,False,False,,0.0,0,100.0,58.0,96.4932562620424,73.62,38.0,PROXY,osm_power_snapshot_2026_08_20|route2zero_climate_scenario_v1,charging-v1.0,True,"Mapped proximity is not proof of distribution capacity, site control, interconnection approval or charger availability."
LTFRB_PUJ2449,0.699,way/440593524,4.175,node/13895420988,677.229,806.225,827.724,0,False,False,False,,0.0,0,100.0,58.0,95.1669877970456,73.29,38.0,PROXY,osm_power_snapshot_2026_08_20|route2zero_climate_scenario_v1,charging-v1.0,True,"Mapped proximity is not proof of distribution capacity, site control, interconnection approval or charger availability."
LTFRB_PUJ2450,0.601,node/4592771042,8.233,node/12862848460,2336.208,2781.2,2855.365,0,False,False,False,,0.0,0,100.0,32.0,80.24405908798973,63.06,38.0,PROXY,osm_power_snapshot_2026_08_20|route2zero_climate_scenario_v1,charging-v1.0,True,"Mapped proximity is not proof of distribution capacity, site control, interconnection approval or charger availability."
LTFRB_PUJ2451,0.601,node/4592771042,8.233,node/12862848460,2309.386,2749.269,2822.583,0,False,False,False,,0.0,0,100.0,32.0,80.48533000868942,63.12,38.0,PROXY,osm_power_snapshot_2026_08_20|route2zero_climate_scenario_v1,charging-v1.0,True,"Mapped proximity is not proof of distribution capacity, site control, interconnection approval or charger availability."
LTFRB_PUJ2452,0.37,node/4592771042,1.837,node/6836063735,5658.093,6735.825,6915.447,0,False,False,False,,0.0,0,100.0,82.0,50.362877328195246,68.09,38.0,PROXY,osm_power_snapshot_2026_08_20|route2zero_climate_scenario_v1,charging-v1.0,True,"Mapped proximity is not proof of distribution capacity, site control, interconnection approval or charger availability."
LTFRB_PUJ2453,0.37,node/4592771042,1.837,node/6836063735,5614.896,6684.4,6862.651,0,False,False,False,,0.0,0,100.0,82.0,50.75144508670521,68.19,38.0,PROXY,osm_power_snapshot_2026_08_20|route2zero_climate_scenario_v1,charging-v1.0,True,"Mapped proximity is not proof of distribution capacity, site control, interconnection approval or charger availability."
LTFRB_PUJ2454,0.406,node/4381582607,7.086,node/12980211308,1090.278,1297.95,1332.562,0,False,False,False,,0.0,0,100.0,58.0,91.45150931278098,72.36,38.0,PROXY,osm_power_snapshot_2026_08_20|route2zero_climate_scenario_v1,charging-v1.0,True,"Mapped proximity is not proof of distribution capacity, site control, interconnection approval or charger availability."
LTFRB_PUJ2455,0.186,node/4381582607,7.086,node/12980211308,1189.524,1416.1,1453.863,0,False,False,False,,0.0,0,100.0,58.0,90.5587668593449,72.14,38.0,PROXY,osm_power_snapshot_2026_08_20|route2zero_climate_scenario_v1,charging-v1.0,True,"Mapped proximity is not proof of distribution capacity, site control, interconnection approval or charger availability."
LTFRB_PUJ2456,0.289,node/4592771042,2.7,node/6836063735,5684.511,6767.275,6947.736,0,False,False,False,,0.0,0,100.0,82.0,50.125240847784205,68.03,38.0,PROXY,osm_power_snapshot_2026_08_20|route2zero_climate_scenario_v1,charging-v1.0,True,"Mapped proximity is not proof of distribution capacity, site control, interconnection approval or charger availability."
LTFRB_PUJ2457,0.289,node/4592771042,1.063,node/6836063735,6836.907,8139.175,8356.22,0,False,False,False,,0.0,0,100.0,82.0,39.75915221579962,65.44,38.0,PROXY,osm_power_snapshot_2026_08_20|route2zero_climate_scenario_v1,charging-v1.0,True,"Mapped proximity is not proof of distribution capacity, site control, interconnection approval or charger availability."
LTFRB_PUJ2458,0.289,node/4592771042,10.559,node/12980211308,3960.558,4714.95,4840.682,0,False,False,False,,0.0,0,100.0,32.0,65.63262684649968,59.41,38.0,PROXY,osm_power_snapshot_2026_08_20|route2zero_climate_scenario_v1,charging-v1.0,True,"Mapped proximity is not proof of distribution capacity, site control, interconnection approval or charger availability."
LTFRB_PUJ2459,0.113,node/4592771042,10.735,node/12980211308,3873.45,4611.25,4734.217,0,False,False,False,,0.0,0,100.0,32.0,66.41618497109826,59.6,38.0,PROXY,osm_power_snapshot_2026_08_20|route2zero_climate_scenario_v1,charging-v1.0,True,"Mapped proximity is not proof of distribution capacity, site control, interconnection approval or charger availability."
LTFRB_PUJ2460,1.769,way/97816397,4.947,node/11953464116,1649.34,1963.5,2015.86,0,False,False,False,,0.0,0,82.0,58.0,86.42260757867695,64.81,38.0,PROXY,osm_power_snapshot_2026_08_20|route2zero_climate_scenario_v1,charging-v1.0,True,"Mapped proximity is not proof of distribution capacity, site control, interconnection approval or charger availability."
LTFRB_PUJ2461,1.769,way/97816397,4.947,node/11953464116,1621.494,1930.35,1981.826,0,False,False,False,,0.0,0,82.0,58.0,86.67308927424534,64.87,38.0,PROXY,osm_power_snapshot_2026_08_20|route2zero_climate_scenario_v1,charging-v1.0,True,"Mapped proximity is not proof of distribution capacity, site control, interconnection approval or charger availability."
LTFRB_PUJ2462,0.223,way/30755991,1.363,node/11953464116,3412.206,4062.15,4170.474,0,False,False,False,,0.0,0,100.0,82.0,70.56518946692357,73.14,38.0,PROXY,osm_power_snapshot_2026_08_20|route2zero_climate_scenario_v1,charging-v1.0,True,"Mapped proximity is not proof of distribution capacity, site control, interconnection approval or charger availability."
LTFRB_PUJ2463,0.223,way/30755991,1.363,node/11953464116,3577.497,4258.925,4372.496,0,False,False,False,,0.0,0,100.0,82.0,69.07835581245986,72.77,38.0,PROXY,osm_power_snapshot_2026_08_20|route2zero_climate_scenario_v1,charging-v1.0,True,"Mapped proximity is not proof of distribution capacity, site control, interconnection approval or charger availability."
LTFRB_PUJ2464,1.637,way/583632006,2.255,node/12950633881,5909.064,7034.6,7222.189,0,False,False,False,,0.0,0,82.0,82.0,48.1053307642903,61.23,38.0,PROXY,osm_power_snapshot_2026_08_20|route2zero_climate_scenario_v1,charging-v1.0,True,"Mapped proximity is not proof of distribution capacity, site control, interconnection approval or charger availability."
LTFRB_PUJ2465,1.637,way/583632006,2.255,node/12950633881,5897.997,7021.425,7208.663,0,False,False,False,,0.0,0,82.0,82.0,48.204881181759795,61.25,38.0,PROXY,osm_power_snapshot_2026_08_20|route2zero_climate_scenario_v1,charging-v1.0,True,"Mapped proximity is not proof of distribution capacity, site control, interconnection approval or charger availability."
LTFRB_PUJ2466,0.294,way/987363495,0.57,node/13688427301,4826.283,5745.575,5898.79,0,False,False,False,,0.0,0,100.0,100.0,57.84521515735389,74.46,38.0,PROXY,osm_power_snapshot_2026_08_20|route2zero_climate_scenario_v1,charging-v1.0,True,"Mapped proximity is not proof of distribution capacity, site control, interconnection approval or charger availability."
LTFRB_PUJ2467,0.294,way/987363495,0.57,node/13688427301,5327.511,6342.275,6511.402,0,False,False,False,,0.0,0,100.0,100.0,53.33654463712268,73.33,38.0,PROXY,osm_power_snapshot_2026_08_20|route2zero_climate_scenario_v1,charging-v1.0,True,"Mapped proximity is not proof of distribution capacity, site control, interconnection approval or charger availability."
LTFRB_PUJ2468,0.571,way/1161606296,1.549,node/13081283763,726.852,865.3,888.375,0,False,False,False,,0.0,0,100.0,82.0,94.72061657032755,79.18,38.0,PROXY,osm_power_snapshot_2026_08_20|route2zero_climate_scenario_v1,charging-v1.0,True,"Mapped proximity is not proof of distribution capacity, site control, interconnection approval or charger availability."
LTFRB_PUJ2469,0.571,way/1161606296,1.514,node/13081283763,784.686,934.15,959.061,0,False,False,False,,0.0,0,100.0,82.0,94.20038535645472,79.05,38.0,PROXY,osm_power_snapshot_2026_08_20|route2zero_climate_scenario_v1,charging-v1.0,True,"Mapped proximity is not proof of distribution capacity, site control, interconnection approval or charger availability."
LTFRB_PUJ2470,1.637,way/583632006,2.255,node/12950633881,5674.158,6754.95,6935.082,0,False,False,False,,0.0,0,82.0,82.0,50.21836865767502,61.75,38.0,PROXY,osm_power_snapshot_2026_08_20|route2zero_climate_scenario_v1,charging-v1.0,True,"Mapped proximity is not proof of distribution capacity, site control, interconnection approval or charger availability."
LTFRB_PUJ2471,1.711,way/583632006,2.15,node/12950633881,5635.959,6709.475,6888.394,0,False,False,False,,0.0,0,82.0,82.0,50.56197816313423,61.84,38.0,PROXY,osm_power_snapshot_2026_08_20|route2zero_climate_scenario_v1,charging-v1.0,True,"Mapped proximity is not proof of distribution capacity, site control, interconnection approval or charger availability."
LTFRB_PUJ2472,0.45,node/4977761380,1.822,node/6836063735,3941.994,4692.85,4817.993,0,False,False,False,,0.0,0,100.0,82.0,65.79961464354528,71.95,38.0,PROXY,osm_power_snapshot_2026_08_20|route2zero_climate_scenario_v1,charging-v1.0,True,"Mapped proximity is not proof of distribution capacity, site control, interconnection approval or charger availability."
LTFRB_PUJ2473,0.397,node/4977761380,1.613,node/6836063735,3104.472,3695.8,3794.355,0,False,False,False,,0.0,0,100.0,82.0,73.33333333333333,73.83,38.0,PROXY,osm_power_snapshot_2026_08_20|route2zero_climate_scenario_v1,charging-v1.0,True,"Mapped proximity is not proof of distribution capacity, site control, interconnection approval or charger availability."
LTFRB_PUJ2474,0.393,way/1426427969,15.78,node/6110400886,1423.359,1694.475,1739.661,0,False,False,False,,0.0,0,100.0,8.0,88.4553628773282,59.11,38.0,PROXY,osm_power_snapshot_2026_08_20|route2zero_climate_scenario_v1,charging-v1.0,True,"Mapped proximity is not proof of distribution capacity, site control, interconnection approval or charger availability."
LTFRB_PUJ2475,0.393,way/1426427969,15.78,node/6110400886,1430.142,1702.55,1747.951,0,False,False,False,,0.0,0,100.0,8.0,88.39434810533076,59.1,38.0,PROXY,osm_power_snapshot_2026_08_20|route2zero_climate_scenario_v1,charging-v1.0,True,"Mapped proximity is not proof of distribution capacity, site control, interconnection approval or charger availability."
LTFRB_PUJ2476,0.393,way/1426427969,10.656,node/6110400886,4768.806,5677.15,5828.541,0,False,False,False,,0.0,0,100.0,32.0,58.36223506743738,57.59,38.0,PROXY,osm_power_snapshot_2026_08_20|route2zero_climate_scenario_v1,charging-v1.0,True,"Mapped proximity is not proof of distribution capacity, site control, interconnection approval or charger availability."
LTFRB_PUJ2477,0.393,way/1426427969,10.656,node/6110400886,4768.806,5677.15,5828.541,0,False,False,False,,0.0,0,100.0,32.0,58.36223506743738,57.59,38.0,PROXY,osm_power_snapshot_2026_08_20|route2zero_climate_scenario_v1,charging-v1.0,True,"Mapped proximity is not proof of distribution capacity, site control, interconnection approval or charger availability."
LTFRB_PUJ2480,1.046,way/182922897,4.32,node/13895420988,3463.257,4122.925,4232.87,0,False,False,False,,0.0,0,82.0,58.0,70.10597302504817,60.73,38.0,PROXY,osm_power_snapshot_2026_08_20|route2zero_climate_scenario_v1,charging-v1.0,True,"Mapped proximity is not proof of distribution capacity, site control, interconnection approval or charger availability."
LTFRB_PUJ2481,0.76,way/30679817,3.817,node/13895420988,2836.365,3376.625,3466.668,0,False,False,False,,0.0,0,100.0,58.0,75.74502247912653,68.44,38.0,PROXY,osm_power_snapshot_2026_08_20|route2zero_climate_scenario_v1,charging-v1.0,True,"Mapped proximity is not proof of distribution capacity, site control, interconnection approval or charger availability."
LTFRB_PUJ2482,1.285,way/182922897,4.82,node/13895420988,3055.563,3637.575,3734.577,0,False,False,False,,0.0,0,82.0,58.0,73.7732819524727,61.64,38.0,PROXY,osm_power_snapshot_2026_08_20|route2zero_climate_scenario_v1,charging-v1.0,True,"Mapped proximity is not proof of distribution capacity, site control, interconnection approval or charger availability."
LTFRB_PUJ2483,1.224,way/182922897,4.892,node/13895420988,3018.078,3592.95,3688.762,0,False,False,False,,0.0,0,82.0,58.0,74.11046885035324,61.73,38.0,PROXY,osm_power_snapshot_2026_08_20|route2zero_climate_scenario_v1,charging-v1.0,True,"Mapped proximity is not proof of distribution capacity, site control, interconnection approval or charger availability."
LTFRB_PUJ2484,0.393,way/1426427969,6.032,node/13895420988,7294.938,8684.45,8916.035,0,False,False,False,,0.0,0,100.0,58.0,35.63904945407835,58.41,38.0,PROXY,osm_power_snapshot_2026_08_20|route2zero_climate_scenario_v1,charging-v1.0,True,"Mapped proximity is not proof of distribution capacity, site control, interconnection approval or charger availability."
LTFRB_PUJ2485,0.393,way/1426427969,6.032,node/13895420988,7376.691,8781.775,9015.956,0,False,False,False,,0.0,0,100.0,58.0,34.903660886319855,58.23,38.0,PROXY,osm_power_snapshot_2026_08_20|route2zero_climate_scenario_v1,charging-v1.0,True,"Mapped proximity is not proof of distribution capacity, site control, interconnection approval or charger availability."
LTFRB_PUJ2486,1.432,way/30755991,2.044,node/11953464116,4538.898,5403.45,5547.542,0,False,False,False,,0.0,0,82.0,82.0,60.43031470777136,64.31,38.0,PROXY,osm_power_snapshot_2026_08_20|route2zero_climate_scenario_v1,charging-v1.0,True,"Mapped proximity is not proof of distribution capacity, site control, interconnection approval or charger availability."
LTFRB_PUJ2487,1.432,way/30755991,2.044,node/11953464116,4704.189,5600.225,5749.564,0,False,False,False,,0.0,0,82.0,82.0,58.94348105330764,63.94,38.0,PROXY,osm_power_snapshot_2026_08_20|route2zero_climate_scenario_v1,charging-v1.0,True,"Mapped proximity is not proof of distribution capacity, site control, interconnection approval or charger availability."
LTFRB_PUJ2488,0.542,way/30755991,1.165,node/11953464116,5896.569,7019.725,7206.918,0,False,False,False,,0.0,0,100.0,82.0,48.21772639691715,67.55,38.0,PROXY,osm_power_snapshot_2026_08_20|route2zero_climate_scenario_v1,charging-v1.0,True,"Mapped proximity is not proof of distribution capacity, site control, interconnection approval or charger availability."
LTFRB_PUJ2489,0.722,way/658030273,1.506,node/12950633881,7929.327,9439.675,9691.4,0,False,False,False,,0.0,0,100.0,82.0,29.932562620423894,62.98,38.0,PROXY,osm_power_snapshot_2026_08_20|route2zero_climate_scenario_v1,charging-v1.0,True,"Mapped proximity is not proof of distribution capacity, site control, interconnection approval or charger availability."
LTFRB_PUJ2490,1.048,way/987363495,1.256,node/11953464116,5797.323,6901.575,7085.617,0,False,False,False,,0.0,0,82.0,82.0,49.11046885035325,61.48,38.0,PROXY,osm_power_snapshot_2026_08_20|route2zero_climate_scenario_v1,charging-v1.0,True,"Mapped proximity is not proof of distribution capacity, site control, interconnection approval or charger availability."
LTFRB_PUJ2491,0.509,way/987363495,0.764,node/13688427301,6108.27,7271.75,7465.663,0,False,False,False,,0.0,0,100.0,100.0,46.31342324983944,71.58,38.0,PROXY,osm_power_snapshot_2026_08_20|route2zero_climate_scenario_v1,charging-v1.0,True,"Mapped proximity is not proof of distribution capacity, site control, interconnection approval or charger availability."
LTFRB_PUJ2492,0.722,way/658030273,1.506,node/12950633881,7270.305,8655.125,8885.928,0,False,False,False,,0.0,0,100.0,82.0,35.86062941554272,64.47,38.0,PROXY,osm_power_snapshot_2026_08_20|route2zero_climate_scenario_v1,charging-v1.0,True,"Mapped proximity is not proof of distribution capacity, site control, interconnection approval or charger availability."
LTFRB_PUJ2493,0.722,way/658030273,1.506,node/12950633881,7744.758,9219.95,9465.815,0,False,False,False,,0.0,0,100.0,82.0,31.59280667951188,63.4,38.0,PROXY,osm_power_snapshot_2026_08_20|route2zero_climate_scenario_v1,charging-v1.0,True,"Mapped proximity is not proof of distribution capacity, site control, interconnection approval or charger availability."
LTFRB_PUJ2494,1.543,way/97816397,4.72,node/11953464116,3557.148,4234.7,4347.625,0,False,False,False,,0.0,0,82.0,58.0,69.26140012845215,60.52,38.0,PROXY,osm_power_snapshot_2026_08_20|route2zero_climate_scenario_v1,charging-v1.0,True,"Mapped proximity is not proof of distribution capacity, site control, interconnection approval or charger availability."
LTFRB_PUJ2495,1.543,way/97816397,4.72,node/11953464116,3556.791,4234.275,4347.189,0,False,False,False,,0.0,0,82.0,58.0,69.2646114322415,60.52,38.0,PROXY,osm_power_snapshot_2026_08_20|route2zero_climate_scenario_v1,charging-v1.0,True,"Mapped proximity is not proof of distribution capacity, site control, interconnection approval or charger availability."
LTFRB_PUJ2496,0.473,way/30755991,0.323,node/13081283763,4094.79,4874.75,5004.743,0,False,False,False,,0.0,0,100.0,100.0,64.42517662170842,76.11,38.0,PROXY,osm_power_snapshot_2026_08_20|route2zero_climate_scenario_v1,charging-v1.0,True,"Mapped proximity is not proof of distribution capacity, site control, interconnection approval or charger availability."
LTFRB_PUJ2497,0.3,way/264246780,0.212,node/13081283763,3652.824,4348.6,4464.563,0,False,False,False,,0.0,0,100.0,100.0,68.40077071290943,77.1,38.0,PROXY,osm_power_snapshot_2026_08_20|route2zero_climate_scenario_v1,charging-v1.0,True,"Mapped proximity is not proof of distribution capacity, site control, interconnection approval or charger availability."
LTFRB_PUJ2498,0.535,node/4977761380,1.43,node/6836063735,2597.532,3092.3,3174.761,0,False,False,False,,0.0,0,100.0,82.0,77.89338471419396,74.97,38.0,PROXY,osm_power_snapshot_2026_08_20|route2zero_climate_scenario_v1,charging-v1.0,True,"Mapped proximity is not proof of distribution capacity, site control, interconnection approval or charger availability."
LTFRB_PUJ2499,0.676,node/4977761380,1.103,node/6836063735,2865.639,3411.475,3502.448,0,False,False,False,,0.0,0,100.0,82.0,75.48169556840077,74.37,38.0,PROXY,osm_power_snapshot_2026_08_20|route2zero_climate_scenario_v1,charging-v1.0,True,"Mapped proximity is not proof of distribution capacity, site control, interconnection approval or charger availability."
LTFRB_PUJ2500,0.232,node/4977761380,1.691,node/6836063735,3878.448,4617.2,4740.325,0,False,False,False,,0.0,0,100.0,82.0,66.37122671804752,72.09,38.0,PROXY,osm_power_snapshot_2026_08_20|route2zero_climate_scenario_v1,charging-v1.0,True,"Mapped proximity is not proof of distribution capacity, site control, interconnection approval or charger availability."
LTFRB_PUJ2501,0.232,node/4977761380,1.691,node/6836063735,3464.685,4124.625,4234.615,0,False,False,False,,0.0,0,100.0,82.0,70.09312780989082,73.02,38.0,PROXY,osm_power_snapshot_2026_08_20|route2zero_climate_scenario_v1,charging-v1.0,True,"Mapped proximity is not proof of distribution capacity, site control, interconnection approval or charger availability."
LTFRB_PUJ2502,0.347,node/4823208932,2.197,node/13895420988,1589.364,1892.1,1942.556,0,False,False,False,,0.0,0,100.0,82.0,86.9621066152858,77.24,38.0,PROXY,osm_power_snapshot_2026_08_20|route2zero_climate_scenario_v1,charging-v1.0,True,"Mapped proximity is not proof of distribution capacity, site control, interconnection approval or charger availability."
LTFRB_PUJ2503,0.724,node/4823208932,1.896,node/13895420988,1933.512,2301.8,2363.181,0,False,False,False,,0.0,0,100.0,82.0,83.86640976236352,76.47,38.0,PROXY,osm_power_snapshot_2026_08_20|route2zero_climate_scenario_v1,charging-v1.0,True,"Mapped proximity is not proof of distribution capacity, site control, interconnection approval or charger availability."
LTFRB_PUJ2504,0.93,way/1213040608,1.78,node/10703746877,4325.055,5148.875,5286.178,0,False,False,False,,0.0,0,100.0,82.0,62.353885677585104,71.09,38.0,PROXY,osm_power_snapshot_2026_08_20|route2zero_climate_scenario_v1,charging-v1.0,True,"Mapped proximity is not proof of distribution capacity, site control, interconnection approval or charger availability."
LTFRB_PUJ2505,0.868,way/1213040608,1.792,node/10703746877,4281.144,5096.6,5232.509,0,False,False,False,,0.0,0,100.0,82.0,62.74887604367373,71.19,38.0,PROXY,osm_power_snapshot_2026_08_20|route2zero_climate_scenario_v1,charging-v1.0,True,"Mapped proximity is not proof of distribution capacity, site control, interconnection approval or charger availability."
LTFRB_PUJ2506,0.317,way/112645695,1.904,node/13895420988,677.229,806.225,827.724,0,False,False,False,,0.0,0,100.0,82.0,95.1669877970456,79.29,38.0,PROXY,osm_power_snapshot_2026_08_20|route2zero_climate_scenario_v1,charging-v1.0,True,"Mapped proximity is not proof of distribution capacity, site control, interconnection approval or charger availability."
LTFRB_PUJ2507,0.317,way/112645695,1.904,node/13895420988,690.795,822.375,844.305,0,False,False,False,,0.0,0,100.0,82.0,95.04495825305074,79.26,38.0,PROXY,osm_power_snapshot_2026_08_20|route2zero_climate_scenario_v1,charging-v1.0,True,"Mapped proximity is not proof of distribution capacity, site control, interconnection approval or charger availability."
LTFRB_PUJ2508,0.965,way/182922897,4.222,node/13895420988,4268.292,5081.3,5216.801,0,False,False,False,,0.0,0,100.0,58.0,62.86448298008992,65.22,38.0,PROXY,osm_power_snapshot_2026_08_20|route2zero_climate_scenario_v1,charging-v1.0,True,"Mapped proximity is not proof of distribution capacity, site control, interconnection approval or charger availability."
LTFRB_PUJ2509,1.046,way/182922897,4.32,node/13895420988,4263.651,5075.775,5211.129,0,False,False,False,,0.0,0,82.0,58.0,62.90622992935132,58.93,38.0,PROXY,osm_power_snapshot_2026_08_20|route2zero_climate_scenario_v1,charging-v1.0,True,"Mapped proximity is not proof of distribution capacity, site control, interconnection approval or charger availability."
LTFRB_PUJ2510,0.993,way/136815994,0.344,node/13072158270,237.048,282.2,289.725,0,False,False,False,,0.0,0,100.0,100.0,99.12652536929994,84.78,38.0,PROXY,osm_power_snapshot_2026_08_20|route2zero_climate_scenario_v1,charging-v1.0,True,"Mapped proximity is not proof of distribution capacity, site control, interconnection approval or charger availability."
LTFRB_PUJ2511,0.789,way/136815994,0.051,node/13072158270,609.399,725.475,744.821,0,False,False,False,,0.0,0,100.0,100.0,95.77713551701991,83.94,38.0,PROXY,osm_power_snapshot_2026_08_20|route2zero_climate_scenario_v1,charging-v1.0,True,"Mapped proximity is not proof of distribution capacity, site control, interconnection approval or charger availability."
LTFRB_PUJ2512,0.52,way/412906998,0.73,node/9596306272,1140.258,1357.45,1393.649,0,False,False,False,,0.0,0,100.0,100.0,91.0019267822736,82.75,38.0,PROXY,osm_power_snapshot_2026_08_20|route2zero_climate_scenario_v1,charging-v1.0,True,"Mapped proximity is not proof of distribution capacity, site control, interconnection approval or charger availability."
LTFRB_PUJ2513,0.379,way/60193935,0.898,node/9596306272,1442.28,1717.0,1762.787,0,False,False,False,,0.0,0,100.0,100.0,88.28516377649325,82.07,38.0,PROXY,osm_power_snapshot_2026_08_20|route2zero_climate_scenario_v1,charging-v1.0,True,"Mapped proximity is not proof of distribution capacity, site control, interconnection approval or charger availability."
LTFRB_PUJ2514,0.659,node/2126363194,0.657,node/9756145409,1338.036,1592.9,1635.377,0,False,False,False,,0.0,0,100.0,100.0,89.22286448298009,82.31,38.0,PROXY,osm_power_snapshot_2026_08_20|route2zero_climate_scenario_v1,charging-v1.0,True,"Mapped proximity is not proof of distribution capacity, site control, interconnection approval or charger availability."
LTFRB_PUJ2515,0.906,way/412906998,0.657,node/9756145409,1324.47,1576.75,1618.797,0,False,False,False,,0.0,0,100.0,100.0,89.34489402697496,82.34,38.0,PROXY,osm_power_snapshot_2026_08_20|route2zero_climate_scenario_v1,charging-v1.0,True,"Mapped proximity is not proof of distribution capacity, site control, interconnection approval or charger availability."
LTFRB_PUJ2516,0.659,node/2126363194,1.916,node/9756145409,384.132,457.3,469.495,0,False,False,False,,0.0,0,100.0,82.0,97.80346820809248,79.95,38.0,PROXY,osm_power_snapshot_2026_08_20|route2zero_climate_scenario_v1,charging-v1.0,True,"Mapped proximity is not proof of distribution capacity, site control, interconnection approval or charger availability."
LTFRB_PUJ2517,0.659,node/2126363194,2.115,node/9756145409,373.065,444.125,455.968,0,False,False,False,,0.0,0,100.0,82.0,97.90301862556198,79.98,38.0,PROXY,osm_power_snapshot_2026_08_20|route2zero_climate_scenario_v1,charging-v1.0,True,"Mapped proximity is not proof of distribution capacity, site control, interconnection approval or charger availability."
LTFRB_PUJ2518,0.844,way/450041326,1.646,node/13895420988,758.625,903.125,927.208,0,False,False,False,,0.0,0,100.0,82.0,94.43481053307643,79.11,38.0,PROXY,osm_power_snapshot_2026_08_20|route2zero_climate_scenario_v1,charging-v1.0,True,"Mapped proximity is not proof of distribution capacity, site control, interconnection approval or charger availability."
LTFRB_PUJ2519,0.844,way/450041326,1.579,node/13895420988,794.682,946.05,971.278,0,False,False,False,,0.0,0,100.0,82.0,94.11046885035324,79.03,38.0,PROXY,osm_power_snapshot_2026_08_20|route2zero_climate_scenario_v1,charging-v1.0,True,"Mapped proximity is not proof of distribution capacity, site control, interconnection approval or charger availability."
LTFRB_PUJ2520,0.919,way/617091970,4.554,node/13895420988,1442.637,1717.425,1763.223,0,False,False,False,,0.0,0,100.0,58.0,88.28195247270392,71.57,38.0,PROXY,osm_power_snapshot_2026_08_20|route2zero_climate_scenario_v1,charging-v1.0,True,"Mapped proximity is not proof of distribution capacity, site control, interconnection approval or charger availability."
LTFRB_PUJ2521,0.919,way/617091970,4.554,node/13895420988,1442.637,1717.425,1763.223,0,False,False,False,,0.0,0,100.0,58.0,88.28195247270392,71.57,38.0,PROXY,osm_power_snapshot_2026_08_20|route2zero_climate_scenario_v1,charging-v1.0,True,"Mapped proximity is not proof of distribution capacity, site control, interconnection approval or charger availability."
LTFRB_PUJ2522,2.961,way/800186096,0.418,node/6110400886,851.802,1014.05,1041.091,0,False,False,False,,0.0,0,82.0,100.0,93.5966602440591,77.1,38.0,PROXY,osm_power_snapshot_2026_08_20|route2zero_climate_scenario_v1,charging-v1.0,True,"Mapped proximity is not proof of distribution capacity, site control, interconnection approval or charger availability."
LTFRB_PUJ2523,2.961,way/800186096,0.418,node/6110400886,851.802,1014.05,1041.091,0,False,False,False,,0.0,0,82.0,100.0,93.5966602440591,77.1,38.0,PROXY,osm_power_snapshot_2026_08_20|route2zero_climate_scenario_v1,charging-v1.0,True,"Mapped proximity is not proof of distribution capacity, site control, interconnection approval or charger availability."
LTFRB_PUJ2524,1.209,way/30679817,2.395,node/6836063735,2357.985,2807.125,2881.982,0,False,False,False,,0.0,0,82.0,82.0,80.04816955684008,69.21,38.0,PROXY,osm_power_snapshot_2026_08_20|route2zero_climate_scenario_v1,charging-v1.0,True,"Mapped proximity is not proof of distribution capacity, site control, interconnection approval or charger availability."
LTFRB_PUJ2525,1.048,way/30679817,2.163,node/6836063735,2665.005,3172.625,3257.228,0,False,False,False,,0.0,0,82.0,82.0,77.28644829800899,68.52,38.0,PROXY,osm_power_snapshot_2026_08_20|route2zero_climate_scenario_v1,charging-v1.0,True,"Mapped proximity is not proof of distribution capacity, site control, interconnection approval or charger availability."
LTFRB_PUJ2526,1.253,way/1231042724,5.711,node/13895420988,4217.955,5021.375,5155.278,0,False,False,False,,0.0,0,82.0,58.0,63.317276814386645,59.03,38.0,PROXY,osm_power_snapshot_2026_08_20|route2zero_climate_scenario_v1,charging-v1.0,True,"Mapped proximity is not proof of distribution capacity, site control, interconnection approval or charger availability."
LTFRB_PUJ2527,2.662,way/1231042724,9.018,node/13895420988,3178.014,3783.35,3884.239,0,False,False,False,,0.0,0,82.0,32.0,72.6718047527296,54.87,38.0,PROXY,osm_power_snapshot_2026_08_20|route2zero_climate_scenario_v1,charging-v1.0,True,"Mapped proximity is not proof of distribution capacity, site control, interconnection approval or charger availability."
LTFRB_PUJ2528,1.13,way/182922897,4.561,node/13895420988,3904.866,4648.65,4772.614,0,False,False,False,,0.0,0,82.0,58.0,66.13359023763648,59.73,38.0,PROXY,osm_power_snapshot_2026_08_20|route2zero_climate_scenario_v1,charging-v1.0,True,"Mapped proximity is not proof of distribution capacity, site control, interconnection approval or charger availability."
LTFRB_PUJ2529,1.13,way/182922897,4.561,node/13895420988,4067.658,4842.45,4971.582,0,False,False,False,,0.0,0,82.0,58.0,64.66923570969814,59.37,38.0,PROXY,osm_power_snapshot_2026_08_20|route2zero_climate_scenario_v1,charging-v1.0,True,"Mapped proximity is not proof of distribution capacity, site control, interconnection approval or charger availability."
LTFRB_PUJ2530,1.285,way/182922897,4.82,node/13895420988,3993.759,4754.475,4881.261,0,False,False,False,,0.0,0,82.0,58.0,65.33397559409121,59.53,38.0,PROXY,osm_power_snapshot_2026_08_20|route2zero_climate_scenario_v1,charging-v1.0,True,"Mapped proximity is not proof of distribution capacity, site control, interconnection approval or charger availability."
LTFRB_PUJ2531,1.224,way/182922897,4.892,node/13895420988,4205.103,5006.075,5139.57,0,False,False,False,,0.0,0,82.0,58.0,63.43288375080283,59.06,38.0,PROXY,osm_power_snapshot_2026_08_20|route2zero_climate_scenario_v1,charging-v1.0,True,"Mapped proximity is not proof of distribution capacity, site control, interconnection approval or charger availability."
LTFRB_PUJ2532,0.393,way/1426427969,8.396,node/10703746877,6406.722,7627.05,7830.438,0,False,False,False,,0.0,0,100.0,32.0,43.62877328195247,53.91,38.0,PROXY,osm_power_snapshot_2026_08_20|route2zero_climate_scenario_v1,charging-v1.0,True,"Mapped proximity is not proof of distribution capacity, site control, interconnection approval or charger availability."
LTFRB_PUJ2533,0.393,way/1426427969,8.178,node/10703746877,6457.416,7687.4,7892.397,0,False,False,False,,0.0,0,100.0,32.0,43.17276814386641,53.79,38.0,PROXY,osm_power_snapshot_2026_08_20|route2zero_climate_scenario_v1,charging-v1.0,True,"Mapped proximity is not proof of distribution capacity, site control, interconnection approval or charger availability."
LTFRB_PUJ2535,0.393,way/1426427969,8.178,node/10703746877,6487.047,7722.675,7928.613,0,False,False,False,,0.0,0,100.0,32.0,42.90622992935131,53.73,38.0,PROXY,osm_power_snapshot_2026_08_20|route2zero_climate_scenario_v1,charging-v1.0,True,"Mapped proximity is not proof of distribution capacity, site control, interconnection approval or charger availability."
LTFRB_PUJ2536,2.051,way/659226728,8.396,node/10703746877,2094.519,2493.475,2559.968,0,False,False,False,,0.0,0,82.0,32.0,82.41811175337187,57.3,38.0,PROXY,osm_power_snapshot_2026_08_20|route2zero_climate_scenario_v1,charging-v1.0,True,"Mapped proximity is not proof of distribution capacity, site control, interconnection approval or charger availability."
LTFRB_PUJ2537,0.047,way/542773481,8.396,node/10703746877,3091.62,3680.5,3778.647,0,False,False,False,,0.0,0,100.0,32.0,73.44894026974951,61.36,38.0,PROXY,osm_power_snapshot_2026_08_20|route2zero_climate_scenario_v1,charging-v1.0,True,"Mapped proximity is not proof of distribution capacity, site control, interconnection approval or charger availability."
LTFRB_PUJ2538,0.218,way/90125781,5.204,node/6836063735,4797.366,5711.15,5863.447,0,False,False,False,,0.0,0,100.0,58.0,58.10533076429031,64.03,38.0,PROXY,osm_power_snapshot_2026_08_20|route2zero_climate_scenario_v1,charging-v1.0,True,"Mapped proximity is not proof of distribution capacity, site control, interconnection approval or charger availability."
LTFRB_PUJ2539,0.689,node/4823208932,5.545,node/6836063735,4940.88,5882.0,6038.853,0,False,False,False,,0.0,0,100.0,58.0,56.81438664097624,63.7,38.0,PROXY,osm_power_snapshot_2026_08_20|route2zero_climate_scenario_v1,charging-v1.0,True,"Mapped proximity is not proof of distribution capacity, site control, interconnection approval or charger availability."
LTFRB_PUJ2540,0.965,way/182922897,4.222,node/13895420988,4022.319,4788.475,4916.168,0,False,False,False,,0.0,0,100.0,58.0,65.07707129094412,65.77,38.0,PROXY,osm_power_snapshot_2026_08_20|route2zero_climate_scenario_v1,charging-v1.0,True,"Mapped proximity is not proof of distribution capacity, site control, interconnection approval or charger availability."
LTFRB_PUJ2541,1.046,way/182922897,4.32,node/13895420988,4198.32,4998.0,5131.28,0,False,False,False,,0.0,0,82.0,58.0,63.49389852280026,59.07,38.0,PROXY,osm_power_snapshot_2026_08_20|route2zero_climate_scenario_v1,charging-v1.0,True,"Mapped proximity is not proof of distribution capacity, site control, interconnection approval or charger availability."
LTFRB_PUJ2543,2.051,way/659226728,8.396,node/10703746877,6502.041,7740.525,7946.939,0,False,False,False,,0.0,0,82.0,32.0,42.77135517019911,47.39,38.0,PROXY,osm_power_snapshot_2026_08_20|route2zero_climate_scenario_v1,charging-v1.0,True,"Mapped proximity is not proof of distribution capacity, site control, interconnection approval or charger availability."
LTFRB_PUJ2544,0.393,way/1426427969,10.564,node/6110400886,4312.203,5133.575,5270.47,0,False,False,False,,0.0,0,100.0,32.0,62.46949261400129,58.62,38.0,PROXY,osm_power_snapshot_2026_08_20|route2zero_climate_scenario_v1,charging-v1.0,True,"Mapped proximity is not proof of distribution capacity, site control, interconnection approval or charger availability."
LTFRB_PUJ2545,0.393,way/1426427969,10.564,node/6110400886,4312.203,5133.575,5270.47,0,False,False,False,,0.0,0,100.0,32.0,62.46949261400129,58.62,38.0,PROXY,osm_power_snapshot_2026_08_20|route2zero_climate_scenario_v1,charging-v1.0,True,"Mapped proximity is not proof of distribution capacity, site control, interconnection approval or charger availability."
LTFRB_PUJ2546,0.393,way/1426427969,10.637,node/6110400886,4713.471,5611.275,5760.909,0,False,False,False,,0.0,0,100.0,32.0,58.85998715478485,57.71,38.0,PROXY,osm_power_snapshot_2026_08_20|route2zero_climate_scenario_v1,charging-v1.0,True,"Mapped proximity is not proof of distribution capacity, site control, interconnection approval or charger availability."
LTFRB_PUJ2547,0.393,way/1426427969,10.637,node/6110400886,4713.471,5611.275,5760.909,0,False,False,False,,0.0,0,100.0,32.0,58.85998715478485,57.71,38.0,PROXY,osm_power_snapshot_2026_08_20|route2zero_climate_scenario_v1,charging-v1.0,True,"Mapped proximity is not proof of distribution capacity, site control, interconnection approval or charger availability."
LTFRB_PUJ2548,0.946,way/182922897,4.389,node/13895420988,5817.315,6925.375,7110.052,0,False,False,False,,0.0,0,100.0,58.0,48.930635838150295,61.73,38.0,PROXY,osm_power_snapshot_2026_08_20|route2zero_climate_scenario_v1,charging-v1.0,True,"Mapped proximity is not proof of distribution capacity, site control, interconnection approval or charger availability."
LTFRB_PUJ2549,0.946,way/182922897,4.389,node/13895420988,5728.065,6819.125,7000.968,0,False,False,False,,0.0,0,100.0,58.0,49.73346178548491,61.93,38.0,PROXY,osm_power_snapshot_2026_08_20|route2zero_climate_scenario_v1,charging-v1.0,True,"Mapped proximity is not proof of distribution capacity, site control, interconnection approval or charger availability."
LTFRB_PUJ2550,2.273,node/4548885225,5.987,node/12980211308,1785.714,2125.85,2182.539,0,False,False,False,,0.0,0,82.0,58.0,85.19588953114965,64.5,38.0,PROXY,osm_power_snapshot_2026_08_20|route2zero_climate_scenario_v1,charging-v1.0,True,"Mapped proximity is not proof of distribution capacity, site control, interconnection approval or charger availability."
LTFRB_PUJ2551,0.776,way/508441360,2.295,node/12980211308,2392.257,2847.925,2923.87,0,False,False,False,,0.0,0,100.0,82.0,79.73988439306358,75.43,38.0,PROXY,osm_power_snapshot_2026_08_20|route2zero_climate_scenario_v1,charging-v1.0,True,"Mapped proximity is not proof of distribution capacity, site control, interconnection approval or charger availability."
LTFRB_PUJ2552,1.211,way/508441360,2.079,node/12980211308,2552.907,3039.175,3120.22,0,False,False,False,,0.0,0,82.0,82.0,78.29479768786126,68.77,38.0,PROXY,osm_power_snapshot_2026_08_20|route2zero_climate_scenario_v1,charging-v1.0,True,"Mapped proximity is not proof of distribution capacity, site control, interconnection approval or charger availability."
LTFRB_PUJ2553,0.919,way/617091970,4.554,node/13895420988,6404.937,7624.925,7828.256,0,False,False,False,,0.0,0,100.0,58.0,43.64482980089917,60.41,38.0,PROXY,osm_power_snapshot_2026_08_20|route2zero_climate_scenario_v1,charging-v1.0,True,"Mapped proximity is not proof of distribution capacity, site control, interconnection approval or charger availability."
LTFRB_PUJ2554,0.919,way/617091970,4.554,node/13895420988,6404.937,7624.925,7828.256,0,False,False,False,,0.0,0,100.0,58.0,43.64482980089917,60.41,38.0,PROXY,osm_power_snapshot_2026_08_20|route2zero_climate_scenario_v1,charging-v1.0,True,"Mapped proximity is not proof of distribution capacity, site control, interconnection approval or charger availability."
LTFRB_PUJ2555,0.222,way/182922897,4.461,node/13895420988,2182.698,2598.45,2667.742,0,False,False,False,,0.0,0,100.0,58.0,81.62491971740526,69.91,38.0,PROXY,osm_power_snapshot_2026_08_20|route2zero_climate_scenario_v1,charging-v1.0,True,"Mapped proximity is not proof of distribution capacity, site control, interconnection approval or charger availability."
LTFRB_PUJ2556,0.335,way/182922897,3.922,node/13895420988,1782.144,2121.6,2178.176,0,False,False,False,,0.0,0,100.0,58.0,85.22800256904303,70.81,38.0,PROXY,osm_power_snapshot_2026_08_20|route2zero_climate_scenario_v1,charging-v1.0,True,"Mapped proximity is not proof of distribution capacity, site control, interconnection approval or charger availability."
LTFRB_PUJ2557,0.919,way/617091970,4.554,node/13895420988,2865.996,3411.9,3502.884,0,False,False,False,,0.0,0,100.0,58.0,75.47848426461144,68.37,38.0,PROXY,osm_power_snapshot_2026_08_20|route2zero_climate_scenario_v1,charging-v1.0,True,"Mapped proximity is not proof of distribution capacity, site control, interconnection approval or charger availability."
LTFRB_PUJ2558,0.919,way/617091970,4.554,node/13895420988,2865.996,3411.9,3502.884,0,False,False,False,,0.0,0,100.0,58.0,75.47848426461144,68.37,38.0,PROXY,osm_power_snapshot_2026_08_20|route2zero_climate_scenario_v1,charging-v1.0,True,"Mapped proximity is not proof of distribution capacity, site control, interconnection approval or charger availability."
LTFRB_PUJ2559,0.393,way/1426427969,4.554,node/13895420988,8017.863,9545.075,9799.61,0,False,False,False,,0.0,0,100.0,58.0,29.136159280667954,56.78,38.0,PROXY,osm_power_snapshot_2026_08_20|route2zero_climate_scenario_v1,charging-v1.0,True,"Mapped proximity is not proof of distribution capacity, site control, interconnection approval or charger availability."
LTFRB_PUJ2560,0.393,way/1426427969,4.554,node/13895420988,8017.863,9545.075,9799.61,0,False,False,False,,0.0,0,100.0,58.0,29.136159280667954,56.78,38.0,PROXY,osm_power_snapshot_2026_08_20|route2zero_climate_scenario_v1,charging-v1.0,True,"Mapped proximity is not proof of distribution capacity, site control, interconnection approval or charger availability."
LTFRB_PUJ2561,1.168,way/617091970,4.755,node/13895420988,2719.983,3238.075,3324.424,0,False,False,False,,0.0,0,82.0,58.0,76.79190751445087,62.4,38.0,PROXY,osm_power_snapshot_2026_08_20|route2zero_climate_scenario_v1,charging-v1.0,True,"Mapped proximity is not proof of distribution capacity, site control, interconnection approval or charger availability."
LTFRB_PUJ2562,1.168,way/617091970,4.755,node/13895420988,2717.841,3235.525,3321.806,0,False,False,False,,0.0,0,82.0,58.0,76.8111753371869,62.4,38.0,PROXY,osm_power_snapshot_2026_08_20|route2zero_climate_scenario_v1,charging-v1.0,True,"Mapped proximity is not proof of distribution capacity, site control, interconnection approval or charger availability."
LTFRB_PUJ2563,1.656,way/240100505,4.219,node/6836063735,1316.616,1567.4,1609.197,0,False,False,False,,0.0,0,82.0,58.0,89.41554271034039,65.55,38.0,PROXY,osm_power_snapshot_2026_08_20|route2zero_climate_scenario_v1,charging-v1.0,True,"Mapped proximity is not proof of distribution capacity, site control, interconnection approval or charger availability."
LTFRB_PUJ2564,1.656,way/240100505,4.219,node/6836063735,621.894,740.35,760.093,0,False,False,False,,0.0,0,82.0,58.0,95.66473988439306,67.12,38.0,PROXY,osm_power_snapshot_2026_08_20|route2zero_climate_scenario_v1,charging-v1.0,True,"Mapped proximity is not proof of distribution capacity, site control, interconnection approval or charger availability."
LTFRB_PUJ2565,0.802,way/1213040608,0.742,node/13895420988,968.898,1153.45,1184.209,0,False,False,False,,0.0,0,100.0,100.0,92.54335260115607,83.14,38.0,PROXY,osm_power_snapshot_2026_08_20|route2zero_climate_scenario_v1,charging-v1.0,True,"Mapped proximity is not proof of distribution capacity, site control, interconnection approval or charger availability."
LTFRB_PUJ2566,0.615,way/193633026,1.818,node/10703746877,417.69,497.25,510.51,0,False,False,False,,0.0,0,100.0,82.0,97.50160565189466,79.88,38.0,PROXY,osm_power_snapshot_2026_08_20|route2zero_climate_scenario_v1,charging-v1.0,True,"Mapped proximity is not proof of distribution capacity, site control, interconnection approval or charger availability."
LTFRB_PUJ2567,0.433,way/193633026,0.727,node/13895420988,542.283,645.575,662.79,0,False,False,False,,0.0,0,100.0,100.0,96.38086062941554,84.1,38.0,PROXY,osm_power_snapshot_2026_08_20|route2zero_climate_scenario_v1,charging-v1.0,True,"Mapped proximity is not proof of distribution capacity, site control, interconnection approval or charger availability."
LTFRB_PUJ2568,0.251,way/90125781,3.001,node/6836063735,964.971,1148.775,1179.409,0,False,False,False,,0.0,0,100.0,58.0,92.5786769428388,72.64,38.0,PROXY,osm_power_snapshot_2026_08_20|route2zero_climate_scenario_v1,charging-v1.0,True,"Mapped proximity is not proof of distribution capacity, site control, interconnection approval or charger availability."
LTFRB_PUJ2569,0.312,node/4823208932,1.78,node/10703746877,3860.955,4596.375,4718.945,0,False,False,False,,0.0,0,100.0,82.0,66.52858060372512,72.13,38.0,PROXY,osm_power_snapshot_2026_08_20|route2zero_climate_scenario_v1,charging-v1.0,True,"Mapped proximity is not proof of distribution capacity, site control, interconnection approval or charger availability."
LTFRB_PUJ2570,0.782,way/291478089,1.792,node/10703746877,5157.936,6140.4,6304.144,0,False,False,False,,0.0,0,100.0,82.0,54.861913937058446,69.22,38.0,PROXY,osm_power_snapshot_2026_08_20|route2zero_climate_scenario_v1,charging-v1.0,True,"Mapped proximity is not proof of distribution capacity, site control, interconnection approval or charger availability."
LTFRB_PUJ2571,0.93,way/1213040608,1.78,node/10703746877,4558.176,5426.4,5571.104,0,False,False,False,,0.0,0,100.0,82.0,60.25690430314709,70.56,38.0,PROXY,osm_power_snapshot_2026_08_20|route2zero_climate_scenario_v1,charging-v1.0,True,"Mapped proximity is not proof of distribution capacity, site control, interconnection approval or charger availability."
LTFRB_PUJ2572,0.868,way/1213040608,1.792,node/10703746877,4627.434,5508.85,5655.753,0,False,False,False,,0.0,0,100.0,82.0,59.63391136801541,70.41,38.0,PROXY,osm_power_snapshot_2026_08_20|route2zero_climate_scenario_v1,charging-v1.0,True,"Mapped proximity is not proof of distribution capacity, site control, interconnection approval or charger availability."
LTFRB_PUJ2573,1.482,way/341383347,2.3,node/12862848460,1422.288,1693.2,1738.352,0,False,False,False,,0.0,0,82.0,82.0,88.46499678869621,71.32,38.0,PROXY,osm_power_snapshot_2026_08_20|route2zero_climate_scenario_v1,charging-v1.0,True,"Mapped proximity is not proof of distribution capacity, site control, interconnection approval or charger availability."
LTFRB_PUJ2574,1.482,way/341383347,2.3,node/12862848460,1366.953,1627.325,1670.72,0,False,False,False,,0.0,0,82.0,82.0,88.96274887604368,71.44,38.0,PROXY,osm_power_snapshot_2026_08_20|route2zero_climate_scenario_v1,charging-v1.0,True,"Mapped proximity is not proof of distribution capacity, site control, interconnection approval or charger availability."
LTFRB_PUJ2575,0.689,way/583632006,2.387,node/12862848460,1974.924,2351.1,2413.796,0,False,False,False,,0.0,0,100.0,82.0,83.49389852280025,76.37,38.0,PROXY,osm_power_snapshot_2026_08_20|route2zero_climate_scenario_v1,charging-v1.0,True,"Mapped proximity is not proof of distribution capacity, site control, interconnection approval or charger availability."
LTFRB_PUJ2576,0.689,way/583632006,2.387,node/12862848460,1929.228,2296.7,2357.945,0,False,False,False,,0.0,0,100.0,82.0,83.90494540783558,76.48,38.0,PROXY,osm_power_snapshot_2026_08_20|route2zero_climate_scenario_v1,charging-v1.0,True,"Mapped proximity is not proof of distribution capacity, site control, interconnection approval or charger availability."
LTFRB_PUJ2577,0.635,way/60193935,1.154,node/9756145409,4265.436,5077.9,5213.311,0,False,False,False,,0.0,0,100.0,82.0,62.89017341040463,71.22,38.0,PROXY,osm_power_snapshot_2026_08_20|route2zero_climate_scenario_v1,charging-v1.0,True,"Mapped proximity is not proof of distribution capacity, site control, interconnection approval or charger availability."
LTFRB_PUJ2578,0.649,way/60193935,1.471,node/9596306272,2182.341,2598.025,2667.306,0,False,False,False,,0.0,0,100.0,82.0,81.6281310211946,75.91,38.0,PROXY,osm_power_snapshot_2026_08_20|route2zero_climate_scenario_v1,charging-v1.0,True,"Mapped proximity is not proof of distribution capacity, site control, interconnection approval or charger availability."
LTFRB_PUJ2579,0.56,way/264246780,0.653,node/13081283763,2762.466,3288.65,3376.347,0,False,False,False,,0.0,0,100.0,100.0,76.40976236351959,79.1,38.0,PROXY,osm_power_snapshot_2026_08_20|route2zero_climate_scenario_v1,charging-v1.0,True,"Mapped proximity is not proof of distribution capacity, site control, interconnection approval or charger availability."
LTFRB_PUJ2581,1.158,way/489733574,2.545,node/12950633881,5201.49,6192.25,6357.377,0,False,False,False,,0.0,0,82.0,82.0,54.470134874759154,62.82,38.0,PROXY,osm_power_snapshot_2026_08_20|route2zero_climate_scenario_v1,charging-v1.0,True,"Mapped proximity is not proof of distribution capacity, site control, interconnection approval or charger availability."
LTFRB_PUJ2582,1.158,way/489733574,2.545,node/12950633881,5325.369,6339.725,6508.784,0,False,False,False,,0.0,0,82.0,82.0,53.355812459858704,62.54,38.0,PROXY,osm_power_snapshot_2026_08_20|route2zero_climate_scenario_v1,charging-v1.0,True,"Mapped proximity is not proof of distribution capacity, site control, interconnection approval or charger availability."
LTFRB_PUJ2583,0.565,way/489733574,2.545,node/12950633881,5193.279,6182.475,6347.341,0,False,False,False,,0.0,0,100.0,82.0,54.54399486191394,69.14,38.0,PROXY,osm_power_snapshot_2026_08_20|route2zero_climate_scenario_v1,charging-v1.0,True,"Mapped proximity is not proof of distribution capacity, site control, interconnection approval or charger availability."
LTFRB_PUJ2584,0.675,way/489733574,2.545,node/12950633881,5483.877,6528.425,6702.516,0,False,False,False,,0.0,0,100.0,82.0,51.92999357739242,68.48,38.0,PROXY,osm_power_snapshot_2026_08_20|route2zero_climate_scenario_v1,charging-v1.0,True,"Mapped proximity is not proof of distribution capacity, site control, interconnection approval or charger availability."
LTFRB_PUJ2585,1.326,way/97816397,2.268,node/12950633881,4308.99,5129.75,5266.543,0,False,False,False,,0.0,0,82.0,82.0,62.498394348105336,64.82,38.0,PROXY,osm_power_snapshot_2026_08_20|route2zero_climate_scenario_v1,charging-v1.0,True,"Mapped proximity is not proof of distribution capacity, site control, interconnection approval or charger availability."
LTFRB_PUJ2586,1.31,way/583632006,2.545,node/12950633881,3925.572,4673.3,4797.921,0,False,False,False,,0.0,0,82.0,82.0,65.94733461785485,65.69,38.0,PROXY,osm_power_snapshot_2026_08_20|route2zero_climate_scenario_v1,charging-v1.0,True,"Mapped proximity is not proof of distribution capacity, site control, interconnection approval or charger availability."
LTFRB_PUJ2588,0.406,way/987363495,0.613,node/13688427301,1540.455,1833.875,1882.778,0,False,False,False,,0.0,0,100.0,100.0,87.40205523442518,81.85,38.0,PROXY,osm_power_snapshot_2026_08_20|route2zero_climate_scenario_v1,charging-v1.0,True,"Mapped proximity is not proof of distribution capacity, site control, interconnection approval or charger availability."
LTFRB_PUJ2589,0.509,way/987363495,0.764,node/13688427301,2991.303,3561.075,3656.037,0,False,False,False,,0.0,0,100.0,100.0,74.35131663455363,78.59,38.0,PROXY,osm_power_snapshot_2026_08_20|route2zero_climate_scenario_v1,charging-v1.0,True,"Mapped proximity is not proof of distribution capacity, site control, interconnection approval or charger availability."
LTFRB_PUJ2590,0.509,way/987363495,0.764,node/13688427301,2991.303,3561.075,3656.037,0,False,False,False,,0.0,0,100.0,100.0,74.35131663455363,78.59,38.0,PROXY,osm_power_snapshot_2026_08_20|route2zero_climate_scenario_v1,charging-v1.0,True,"Mapped proximity is not proof of distribution capacity, site control, interconnection approval or charger availability."
LTFRB_PUJ2591,0.294,way/987363495,0.57,node/13688427301,2617.524,3116.1,3199.196,0,False,False,False,,0.0,0,100.0,100.0,77.71355170199101,79.43,38.0,PROXY,osm_power_snapshot_2026_08_20|route2zero_climate_scenario_v1,charging-v1.0,True,"Mapped proximity is not proof of distribution capacity, site control, interconnection approval or charger availability."
LTFRB_PUJ2592,0.294,way/987363495,0.57,node/13688427301,2617.524,3116.1,3199.196,0,False,False,False,,0.0,0,100.0,100.0,77.71355170199101,79.43,38.0,PROXY,osm_power_snapshot_2026_08_20|route2zero_climate_scenario_v1,charging-v1.0,True,"Mapped proximity is not proof of distribution capacity, site control, interconnection approval or charger availability."
LTFRB_PUJ2593,0.902,way/445259991,0.343,node/6836063735,5276.46,6281.5,6449.007,0,False,False,False,,0.0,0,100.0,100.0,53.795761078998076,73.45,38.0,PROXY,osm_power_snapshot_2026_08_20|route2zero_climate_scenario_v1,charging-v1.0,True,"Mapped proximity is not proof of distribution capacity, site control, interconnection approval or charger availability."
LTFRB_PUJ2594,0.902,way/445259991,0.343,node/6836063735,5157.936,6140.4,6304.144,0,False,False,False,,0.0,0,100.0,100.0,54.861913937058446,73.72,38.0,PROXY,osm_power_snapshot_2026_08_20|route2zero_climate_scenario_v1,charging-v1.0,True,"Mapped proximity is not proof of distribution capacity, site control, interconnection approval or charger availability."
LTFRB_PUJ2595,1.182,way/617091162,2.701,node/13895420988,5685.939,6768.975,6949.481,0,False,False,False,,0.0,0,82.0,82.0,50.11239563262684,61.73,38.0,PROXY,osm_power_snapshot_2026_08_20|route2zero_climate_scenario_v1,charging-v1.0,True,"Mapped proximity is not proof of distribution capacity, site control, interconnection approval or charger availability."
LTFRB_PUJ2596,1.182,way/617091162,2.701,node/13895420988,5685.582,6768.55,6949.045,0,False,False,False,,0.0,0,82.0,82.0,50.115606936416185,61.73,38.0,PROXY,osm_power_snapshot_2026_08_20|route2zero_climate_scenario_v1,charging-v1.0,True,"Mapped proximity is not proof of distribution capacity, site control, interconnection approval or charger availability."
LTFRB_PUJ2597,0.269,way/60193935,0.953,node/9596306271,6266.064,7459.6,7658.523,0,False,False,False,,0.0,0,100.0,100.0,44.89402697495183,71.22,38.0,PROXY,osm_power_snapshot_2026_08_20|route2zero_climate_scenario_v1,charging-v1.0,True,"Mapped proximity is not proof of distribution capacity, site control, interconnection approval or charger availability."
LTFRB_PUJ2598,0.722,way/658030273,1.506,node/12950633881,5848.374,6962.35,7148.013,0,False,False,False,,0.0,0,100.0,82.0,48.65125240847784,67.66,38.0,PROXY,osm_power_snapshot_2026_08_20|route2zero_climate_scenario_v1,charging-v1.0,True,"Mapped proximity is not proof of distribution capacity, site control, interconnection approval or charger availability."
LTFRB_PUJ2599,0.381,way/193633026,1.3,node/13895420988,3144.099,3742.975,3842.788,0,False,False,False,,0.0,0,100.0,82.0,72.97687861271676,73.74,38.0,PROXY,osm_power_snapshot_2026_08_20|route2zero_climate_scenario_v1,charging-v1.0,True,"Mapped proximity is not proof of distribution capacity, site control, interconnection approval or charger availability."
LTFRB_PUJ2600,0.381,way/193633026,1.3,node/13895420988,2878.848,3427.2,3518.592,0,False,False,False,,0.0,0,100.0,82.0,75.36287732819525,74.34,38.0,PROXY,osm_power_snapshot_2026_08_20|route2zero_climate_scenario_v1,charging-v1.0,True,"Mapped proximity is not proof of distribution capacity, site control, interconnection approval or charger availability."
LTFRB_PUJ2601,0.535,node/4823208932,1.884,node/10703746877,3980.193,4738.325,4864.68,0,False,False,False,,0.0,0,100.0,82.0,65.45600513808606,71.86,38.0,PROXY,osm_power_snapshot_2026_08_20|route2zero_climate_scenario_v1,charging-v1.0,True,"Mapped proximity is not proof of distribution capacity, site control, interconnection approval or charger availability."
LTFRB_PUJ2602,0.535,node/4823208932,1.457,node/10703746877,3809.19,4534.75,4655.677,0,False,False,False,,0.0,0,100.0,82.0,66.99421965317919,72.25,38.0,PROXY,osm_power_snapshot_2026_08_20|route2zero_climate_scenario_v1,charging-v1.0,True,"Mapped proximity is not proof of distribution capacity, site control, interconnection approval or charger availability."
LTFRB_PUJ2603,0.535,node/4823208932,2.088,node/13895420988,2680.356,3190.9,3275.991,0,False,False,False,,0.0,0,100.0,82.0,77.14836223506744,74.79,38.0,PROXY,osm_power_snapshot_2026_08_20|route2zero_climate_scenario_v1,charging-v1.0,True,"Mapped proximity is not proof of distribution capacity, site control, interconnection approval or charger availability."
LTFRB_PUJ2604,0.535,node/4823208932,2.088,node/13895420988,2699.634,3213.85,3299.553,0,False,False,False,,0.0,0,100.0,82.0,76.97495183044316,74.74,38.0,PROXY,osm_power_snapshot_2026_08_20|route2zero_climate_scenario_v1,charging-v1.0,True,"Mapped proximity is not proof of distribution capacity, site control, interconnection approval or charger availability."
LTFRB_PUJ2605,0.535,node/4823208932,0.6,node/10703746877,3459.33,4118.25,4228.07,0,False,False,False,,0.0,0,100.0,100.0,70.1412973667309,77.54,38.0,PROXY,osm_power_snapshot_2026_08_20|route2zero_climate_scenario_v1,charging-v1.0,True,"Mapped proximity is not proof of distribution capacity, site control, interconnection approval or charger availability."
LTFRB_PUJ2606,0.535,node/4823208932,0.6,node/10703746877,3385.788,4030.7,4138.185,0,False,False,False,,0.0,0,100.0,100.0,70.80282594733461,77.7,38.0,PROXY,osm_power_snapshot_2026_08_20|route2zero_climate_scenario_v1,charging-v1.0,True,"Mapped proximity is not proof of distribution capacity, site control, interconnection approval or charger availability."
LTFRB_PUJ2607,0.535,node/4823208932,1.407,node/10703746877,3621.408,4311.2,4426.165,0,False,False,False,,0.0,0,100.0,82.0,68.68336544637123,72.67,38.0,PROXY,osm_power_snapshot_2026_08_20|route2zero_climate_scenario_v1,charging-v1.0,True,"Mapped proximity is not proof of distribution capacity, site control, interconnection approval or charger availability."
LTFRB_PUJ2608,0.535,node/4823208932,1.523,node/10703746877,3443.622,4099.55,4208.871,0,False,False,False,,0.0,0,100.0,82.0,70.28259473346179,73.07,38.0,PROXY,osm_power_snapshot_2026_08_20|route2zero_climate_scenario_v1,charging-v1.0,True,"Mapped proximity is not proof of distribution capacity, site control, interconnection approval or charger availability."
LTFRB_PUJ2609,0.535,node/4823208932,2.724,node/13895420988,1418.361,1688.525,1733.552,0,False,False,False,,0.0,0,100.0,82.0,88.50032113037894,77.63,38.0,PROXY,osm_power_snapshot_2026_08_20|route2zero_climate_scenario_v1,charging-v1.0,True,"Mapped proximity is not proof of distribution capacity, site control, interconnection approval or charger availability."
LTFRB_PUJ2610,0.535,node/4823208932,2.724,node/13895420988,1431.57,1704.25,1749.697,0,False,False,False,,0.0,0,100.0,82.0,88.38150289017341,77.6,38.0,PROXY,osm_power_snapshot_2026_08_20|route2zero_climate_scenario_v1,charging-v1.0,True,"Mapped proximity is not proof of distribution capacity, site control, interconnection approval or charger availability."
LTFRB_PUJ2611,0.902,way/441813417,8.977,node/12980211308,536.214,638.35,655.373,0,False,False,False,,0.0,0,100.0,32.0,96.4354527938343,67.11,38.0,PROXY,osm_power_snapshot_2026_08_20|route2zero_climate_scenario_v1,charging-v1.0,True,"Mapped proximity is not proof of distribution capacity, site control, interconnection approval or charger availability."
LTFRB_PUJ2612,0.902,way/441813417,8.977,node/12980211308,535.857,637.925,654.936,0,False,False,False,,0.0,0,100.0,32.0,96.43866409762363,67.11,38.0,PROXY,osm_power_snapshot_2026_08_20|route2zero_climate_scenario_v1,charging-v1.0,True,"Mapped proximity is not proof of distribution capacity, site control, interconnection approval or charger availability."
LTFRB_PUJ2613,0.229,node/2153569632,8.261,node/12980211308,946.764,1127.1,1157.156,0,False,False,False,,0.0,0,100.0,32.0,92.74245343609506,66.19,38.0,PROXY,osm_power_snapshot_2026_08_20|route2zero_climate_scenario_v1,charging-v1.0,True,"Mapped proximity is not proof of distribution capacity, site control, interconnection approval or charger availability."
LTFRB_PUJ2614,0.117,node/2153569632,8.357,node/12980211308,858.942,1022.55,1049.818,0,False,False,False,,0.0,0,100.0,32.0,93.53243416827232,66.38,38.0,PROXY,osm_power_snapshot_2026_08_20|route2zero_climate_scenario_v1,charging-v1.0,True,"Mapped proximity is not proof of distribution capacity, site control, interconnection approval or charger availability."
LTFRB_PUJ2615,0.546,way/638531784,5.536,node/13895420988,1683.612,2004.3,2057.748,0,False,False,False,,0.0,0,100.0,58.0,86.11432241490044,71.03,38.0,PROXY,osm_power_snapshot_2026_08_20|route2zero_climate_scenario_v1,charging-v1.0,True,"Mapped proximity is not proof of distribution capacity, site control, interconnection approval or charger availability."
LTFRB_PUJ2616,0.546,way/638531784,5.536,node/13895420988,1746.087,2078.675,2134.106,0,False,False,False,,0.0,0,100.0,58.0,85.55234425176621,70.89,38.0,PROXY,osm_power_snapshot_2026_08_20|route2zero_climate_scenario_v1,charging-v1.0,True,"Mapped proximity is not proof of distribution capacity, site control, interconnection approval or charger availability."
LTFRB_PUJ2617,1.573,way/264246780,1.786,node/13081283763,6026.874,7174.85,7366.179,0,False,False,False,,0.0,0,82.0,82.0,47.04560051380861,60.96,38.0,PROXY,osm_power_snapshot_2026_08_20|route2zero_climate_scenario_v1,charging-v1.0,True,"Mapped proximity is not proof of distribution capacity, site control, interconnection approval or charger availability."
LTFRB_PUJ2618,1.573,way/264246780,1.786,node/13081283763,5834.808,6946.2,7131.432,0,False,False,False,,0.0,0,82.0,82.0,48.773281952472715,61.39,38.0,PROXY,osm_power_snapshot_2026_08_20|route2zero_climate_scenario_v1,charging-v1.0,True,"Mapped proximity is not proof of distribution capacity, site control, interconnection approval or charger availability."
