route_id,historic_daily_vehicle_km_proxy,ml_service_intensity_prediction,ml_model_version,ml_model_meaningful_vs_baseline,daily_vkt,service_intensity_source,service_intensity_claim_status,ml_service_intensity_used,electrified_vkt_low,diesel_liters_avoided_low,electricity_kwh_day_low,baseline_co2e_kg_day_low,grid_co2e_kg_day_low,net_co2e_avoided_kg_day_low,net_co2e_avoided_t_year_low,electrified_vkt_base,diesel_liters_avoided_base,electricity_kwh_day_base,baseline_co2e_kg_day_base,grid_co2e_kg_day_base,net_co2e_avoided_kg_day_base,net_co2e_avoided_t_year_base,electrified_vkt_high,diesel_liters_avoided_high,electricity_kwh_day_high,baseline_co2e_kg_day_high,grid_co2e_kg_day_high,net_co2e_avoided_kg_day_high,net_co2e_avoided_t_year_high,climate_impact_score,climate_assumption_set,impact_is_scenario_not_measurement,climate_claim_status,climate_source_ids,grid_kgco2e_per_kwh_current,grid_kgco2e_per_kwh_low,grid_kgco2e_per_kwh_base,grid_kgco2e_per_kwh_high,operating_days_per_year,electrification_share_low,electrification_share_base,electrification_share_high
LTFRB_PUJ1001,5175.48,5221.441,service-v1-266e0b1d,True,5175.48,historic_gtfs_service_activity_proxy,DERIVED,False,1552.644,258.774,1811.418,693.514,1300.779,-607.265,-182.179,2587.74,517.548,2156.45,1387.029,1186.048,200.981,60.294,3622.836,905.709,2213.955,2427.3,774.884,1652.416,495.725,15.04,climate-v1.0,True,SCENARIO,sakay_gtfs_master_historic|doe_luzon_generation_2024|route2zero_climate_scenario_v1,0.7181,0.7181,0.55,0.35,300,0.3,0.5,0.7
LTFRB_PUJ1002,4977.599999999999,4878.116,service-v1-266e0b1d,True,4977.599999999999,historic_gtfs_service_activity_proxy,DERIVED,False,1493.28,248.88,1742.16,666.998,1251.045,-584.047,-175.214,2488.8,497.76,2074.0,1333.997,1140.7,193.297,57.989,3484.32,871.08,2129.307,2334.494,745.257,1589.237,476.771,14.41,climate-v1.0,True,SCENARIO,sakay_gtfs_master_historic|doe_luzon_generation_2024|route2zero_climate_scenario_v1,0.7181,0.7181,0.55,0.35,300,0.3,0.5,0.7
LTFRB_PUJ1003,2843.76,2920.164,service-v1-266e0b1d,True,2843.76,historic_gtfs_service_activity_proxy,DERIVED,False,853.128,142.188,995.316,381.064,714.736,-333.673,-100.102,1421.88,284.376,1184.9,762.128,651.695,110.433,33.13,1990.632,497.658,1216.497,1333.723,425.774,907.949,272.385,7.69,climate-v1.0,True,SCENARIO,sakay_gtfs_master_historic|doe_luzon_generation_2024|route2zero_climate_scenario_v1,0.7181,0.7181,0.55,0.35,300,0.3,0.5,0.7
LTFRB_PUJ1004,2596.92,2607.72,service-v1-266e0b1d,True,2596.92,historic_gtfs_service_activity_proxy,DERIVED,False,779.076,129.846,908.922,347.987,652.697,-304.71,-91.413,1298.46,259.692,1082.05,695.975,595.128,100.847,30.254,1817.844,454.461,1110.905,1217.955,388.817,829.139,248.742,6.92,climate-v1.0,True,SCENARIO,sakay_gtfs_master_historic|doe_luzon_generation_2024|route2zero_climate_scenario_v1,0.7181,0.7181,0.55,0.35,300,0.3,0.5,0.7
LTFRB_PUJ1005,3299.7,3304.612,service-v1-266e0b1d,True,3299.7,historic_gtfs_service_activity_proxy,DERIVED,False,989.91,164.985,1154.895,442.16,829.33,-387.17,-116.151,1649.85,329.97,1374.875,884.32,756.181,128.138,38.442,2309.79,577.447,1411.538,1547.559,494.038,1053.521,316.056,9.13,climate-v1.0,True,SCENARIO,sakay_gtfs_master_historic|doe_luzon_generation_2024|route2zero_climate_scenario_v1,0.7181,0.7181,0.55,0.35,300,0.3,0.5,0.7
LTFRB_PUJ1006,3619.98,3614.993,service-v1-266e0b1d,True,3619.98,historic_gtfs_service_activity_proxy,DERIVED,False,1085.994,180.999,1266.993,485.077,909.828,-424.75,-127.425,1809.99,361.998,1508.325,970.155,829.579,140.576,42.173,2533.986,633.496,1548.547,1697.771,541.991,1155.779,346.734,10.14,climate-v1.0,True,SCENARIO,sakay_gtfs_master_historic|doe_luzon_generation_2024|route2zero_climate_scenario_v1,0.7181,0.7181,0.55,0.35,300,0.3,0.5,0.7
LTFRB_PUJ1007,2289.9,2308.971,service-v1-266e0b1d,True,2289.9,historic_gtfs_service_activity_proxy,DERIVED,False,686.97,114.495,801.465,306.847,575.532,-268.685,-80.606,1144.95,228.99,954.125,613.693,524.769,88.924,26.677,1602.93,400.732,979.568,1073.963,342.849,731.114,219.334,5.95,climate-v1.0,True,SCENARIO,sakay_gtfs_master_historic|doe_luzon_generation_2024|route2zero_climate_scenario_v1,0.7181,0.7181,0.55,0.35,300,0.3,0.5,0.7
LTFRB_PUJ1008,2297.04,2187.523,service-v1-266e0b1d,True,2297.04,historic_gtfs_service_activity_proxy,DERIVED,False,689.112,114.852,803.964,307.803,577.327,-269.523,-80.857,1148.52,229.704,957.1,615.607,526.405,89.202,26.761,1607.928,401.982,982.623,1077.312,343.918,733.394,220.018,5.97,climate-v1.0,True,SCENARIO,sakay_gtfs_master_historic|doe_luzon_generation_2024|route2zero_climate_scenario_v1,0.7181,0.7181,0.55,0.35,300,0.3,0.5,0.7
LTFRB_PUJ1009,1200.54,1198.093,service-v1-266e0b1d,True,1200.54,historic_gtfs_service_activity_proxy,DERIVED,False,360.162,60.027,420.189,160.872,301.738,-140.865,-42.26,600.27,120.054,500.225,321.745,275.124,46.621,13.986,840.378,210.094,513.564,563.053,179.748,383.306,114.992,2.52,climate-v1.0,True,SCENARIO,sakay_gtfs_master_historic|doe_luzon_generation_2024|route2zero_climate_scenario_v1,0.7181,0.7181,0.55,0.35,300,0.3,0.5,0.7
LTFRB_PUJ1010,1200.54,1198.093,service-v1-266e0b1d,True,1200.54,historic_gtfs_service_activity_proxy,DERIVED,False,360.162,60.027,420.189,160.872,301.738,-140.865,-42.26,600.27,120.054,500.225,321.745,275.124,46.621,13.986,840.378,210.094,513.564,563.053,179.748,383.306,114.992,2.52,climate-v1.0,True,SCENARIO,sakay_gtfs_master_historic|doe_luzon_generation_2024|route2zero_climate_scenario_v1,0.7181,0.7181,0.55,0.35,300,0.3,0.5,0.7
LTFRB_PUJ1011,2213.4,2256.577,service-v1-266e0b1d,True,2213.4,historic_gtfs_service_activity_proxy,DERIVED,False,664.02,110.67,774.69,296.596,556.305,-259.709,-77.913,1106.7,221.34,922.25,593.191,507.238,85.954,25.786,1549.38,387.345,946.843,1038.085,331.395,706.689,212.007,5.71,climate-v1.0,True,SCENARIO,sakay_gtfs_master_historic|doe_luzon_generation_2024|route2zero_climate_scenario_v1,0.7181,0.7181,0.55,0.35,300,0.3,0.5,0.7
LTFRB_PUJ1012,2397.0,2426.787,service-v1-266e0b1d,True,2397.0,historic_gtfs_service_activity_proxy,DERIVED,False,719.1,119.85,838.95,321.198,602.45,-281.252,-84.376,1198.5,239.7,998.75,642.396,549.312,93.083,27.925,1677.9,419.475,1025.383,1124.193,358.884,765.309,229.593,6.29,climate-v1.0,True,SCENARIO,sakay_gtfs_master_historic|doe_luzon_generation_2024|route2zero_climate_scenario_v1,0.7181,0.7181,0.55,0.35,300,0.3,0.5,0.7
LTFRB_PUJ1013,13834.26,13697.081,service-v1-266e0b1d,True,13834.26,historic_gtfs_service_activity_proxy,DERIVED,False,4150.278,691.713,4841.991,1853.791,3477.034,-1623.243,-486.973,6917.13,1383.426,5764.275,3707.582,3170.351,537.23,161.169,9683.982,2420.996,5917.989,6488.268,2071.296,4416.972,1325.092,42.3,climate-v1.0,True,SCENARIO,sakay_gtfs_master_historic|doe_luzon_generation_2024|route2zero_climate_scenario_v1,0.7181,0.7181,0.55,0.35,300,0.3,0.5,0.7
LTFRB_PUJ1014,13737.36,13714.052,service-v1-266e0b1d,True,13737.36,historic_gtfs_service_activity_proxy,DERIVED,False,4121.208,686.868,4808.076,1840.806,3452.679,-1611.873,-483.562,6868.68,1373.736,5723.9,3681.612,3148.145,533.467,160.04,9616.152,2404.038,5876.537,6442.822,2056.788,4386.034,1315.81,41.99,climate-v1.0,True,SCENARIO,sakay_gtfs_master_historic|doe_luzon_generation_2024|route2zero_climate_scenario_v1,0.7181,0.7181,0.55,0.35,300,0.3,0.5,0.7
LTFRB_PUJ1015,18836.34,19005.179,service-v1-266e0b1d,True,18836.34,historic_gtfs_service_activity_proxy,DERIVED,False,5650.902,941.817,6592.719,2524.07,4734.232,-2210.162,-663.049,9418.17,1883.634,7848.475,5048.139,4316.661,731.478,219.443,13185.438,3296.36,8057.768,8834.243,2820.219,6014.025,1804.207,58.04,climate-v1.0,True,SCENARIO,sakay_gtfs_master_historic|doe_luzon_generation_2024|route2zero_climate_scenario_v1,0.7181,0.7181,0.55,0.35,300,0.3,0.5,0.7
LTFRB_PUJ1016,19646.22,19505.388,service-v1-266e0b1d,True,19646.22,historic_gtfs_service_activity_proxy,DERIVED,False,5893.866,982.311,6876.177,2632.593,4937.783,-2305.189,-691.557,9823.11,1964.622,8185.925,5265.187,4502.259,762.928,228.878,13752.354,3438.088,8404.216,9214.077,2941.476,6272.601,1881.78,60.59,climate-v1.0,True,SCENARIO,sakay_gtfs_master_historic|doe_luzon_generation_2024|route2zero_climate_scenario_v1,0.7181,0.7181,0.55,0.35,300,0.3,0.5,0.7
LTFRB_PUJ1017,12414.42,12333.857,service-v1-266e0b1d,True,12414.42,historic_gtfs_service_activity_proxy,DERIVED,False,3724.326,620.721,4345.047,1663.532,3120.178,-1456.646,-436.994,6207.21,1241.442,5172.675,3327.065,2844.971,482.093,144.628,8690.094,2172.524,5310.613,5822.363,1858.715,3963.648,1189.095,37.83,climate-v1.0,True,SCENARIO,sakay_gtfs_master_historic|doe_luzon_generation_2024|route2zero_climate_scenario_v1,0.7181,0.7181,0.55,0.35,300,0.3,0.5,0.7
LTFRB_PUJ1018,12343.02,12320.862,service-v1-266e0b1d,True,12343.02,historic_gtfs_service_activity_proxy,DERIVED,False,3702.906,617.151,4320.057,1653.965,3102.233,-1448.268,-434.48,6171.51,1234.302,5142.925,3307.929,2828.609,479.321,143.796,8640.114,2160.028,5280.07,5788.876,1848.024,3940.852,1182.256,37.6,climate-v1.0,True,SCENARIO,sakay_gtfs_master_historic|doe_luzon_generation_2024|route2zero_climate_scenario_v1,0.7181,0.7181,0.55,0.35,300,0.3,0.5,0.7
LTFRB_PUJ1019,12327.72,12218.881,service-v1-266e0b1d,True,12327.72,historic_gtfs_service_activity_proxy,DERIVED,False,3698.316,616.386,4314.702,1651.914,3098.388,-1446.473,-433.942,6163.86,1232.772,5136.55,3303.829,2825.102,478.726,143.618,8629.404,2157.351,5273.525,5781.701,1845.734,3935.967,1180.79,37.55,climate-v1.0,True,SCENARIO,sakay_gtfs_master_historic|doe_luzon_generation_2024|route2zero_climate_scenario_v1,0.7181,0.7181,0.55,0.35,300,0.3,0.5,0.7
LTFRB_PUJ1020,11116.98,11145.799,service-v1-266e0b1d,True,11116.98,historic_gtfs_service_activity_proxy,DERIVED,False,3335.094,555.849,3890.943,1489.675,2794.086,-1304.411,-391.323,5558.49,1111.698,4632.075,2979.351,2547.641,431.709,129.513,7781.886,1945.471,4755.597,5213.864,1664.459,3549.405,1064.821,33.74,climate-v1.0,True,SCENARIO,sakay_gtfs_master_historic|doe_luzon_generation_2024|route2zero_climate_scenario_v1,0.7181,0.7181,0.55,0.35,300,0.3,0.5,0.7
LTFRB_PUJ1021,20522.4,20731.976,service-v1-266e0b1d,True,20522.4,historic_gtfs_service_activity_proxy,DERIVED,False,6156.72,1026.12,7182.84,2750.002,5157.997,-2407.996,-722.399,10261.2,2052.24,8551.0,5500.003,4703.05,796.953,239.086,14365.68,3591.42,8779.027,9625.006,3072.659,6552.346,1965.704,63.35,climate-v1.0,True,SCENARIO,sakay_gtfs_master_historic|doe_luzon_generation_2024|route2zero_climate_scenario_v1,0.7181,0.7181,0.55,0.35,300,0.3,0.5,0.7
LTFRB_PUJ1022,32162.64,29559.373,service-v1-266e0b1d,True,32162.64,historic_gtfs_service_activity_proxy,DERIVED,False,9648.792,1608.132,11256.924,4309.794,8083.597,-3773.803,-1132.141,16081.32,3216.264,13401.1,8619.588,7370.605,1248.983,374.695,22513.848,5628.462,13758.463,15084.278,4815.462,10268.816,3080.645,100.0,climate-v1.0,True,SCENARIO,sakay_gtfs_master_historic|doe_luzon_generation_2024|route2zero_climate_scenario_v1,0.7181,0.7181,0.55,0.35,300,0.3,0.5,0.7
LTFRB_PUJ1023,11571.9,11560.115,service-v1-266e0b1d,True,11571.9,historic_gtfs_service_activity_proxy,DERIVED,False,3471.57,578.595,4050.165,1550.635,2908.423,-1357.789,-407.337,5785.95,1157.19,4821.625,3101.269,2651.894,449.375,134.813,8100.33,2025.082,4950.202,5427.221,1732.571,3694.651,1108.395,35.17,climate-v1.0,True,SCENARIO,sakay_gtfs_master_historic|doe_luzon_generation_2024|route2zero_climate_scenario_v1,0.7181,0.7181,0.55,0.35,300,0.3,0.5,0.7
LTFRB_PUJ1024,14656.38,14383.308,service-v1-266e0b1d,True,14656.38,historic_gtfs_service_activity_proxy,DERIVED,False,4396.914,732.819,5129.733,1963.955,3683.661,-1719.706,-515.912,7328.19,1465.638,6106.825,3927.91,3358.754,569.156,170.747,10259.466,2564.866,6269.674,6873.842,2194.386,4679.456,1403.837,44.88,climate-v1.0,True,SCENARIO,sakay_gtfs_master_historic|doe_luzon_generation_2024|route2zero_climate_scenario_v1,0.7181,0.7181,0.55,0.35,300,0.3,0.5,0.7
LTFRB_PUJ1025,6153.660000000001,6223.109,service-v1-266e0b1d,True,6153.660000000001,historic_gtfs_service_activity_proxy,DERIVED,False,1846.098,307.683,2153.781,824.59,1546.63,-722.04,-216.612,3076.83,615.366,2564.025,1649.181,1410.214,238.967,71.69,4307.562,1076.89,2632.399,2886.067,921.34,1964.727,589.418,18.11,climate-v1.0,True,SCENARIO,sakay_gtfs_master_historic|doe_luzon_generation_2024|route2zero_climate_scenario_v1,0.7181,0.7181,0.55,0.35,300,0.3,0.5,0.7
LTFRB_PUJ1026,6153.660000000001,6223.109,service-v1-266e0b1d,True,6153.660000000001,historic_gtfs_service_activity_proxy,DERIVED,False,1846.098,307.683,2153.781,824.59,1546.63,-722.04,-216.612,3076.83,615.366,2564.025,1649.181,1410.214,238.967,71.69,4307.562,1076.89,2632.399,2886.067,921.34,1964.727,589.418,18.11,climate-v1.0,True,SCENARIO,sakay_gtfs_master_historic|doe_luzon_generation_2024|route2zero_climate_scenario_v1,0.7181,0.7181,0.55,0.35,300,0.3,0.5,0.7
LTFRB_PUJ1028,6105.719999999999,6300.928,service-v1-266e0b1d,True,6105.719999999999,historic_gtfs_service_activity_proxy,DERIVED,False,1831.716,305.286,2137.002,818.166,1534.581,-716.415,-214.924,3052.86,610.572,2544.05,1636.333,1399.227,237.105,71.132,4274.004,1068.501,2611.891,2863.583,914.162,1949.421,584.826,17.96,climate-v1.0,True,SCENARIO,sakay_gtfs_master_historic|doe_luzon_generation_2024|route2zero_climate_scenario_v1,0.7181,0.7181,0.55,0.35,300,0.3,0.5,0.7
LTFRB_PUJ1029,8257.92,8163.544,service-v1-266e0b1d,True,8257.92,historic_gtfs_service_activity_proxy,DERIVED,False,2477.376,412.896,2890.272,1106.561,2075.504,-968.943,-290.683,4128.96,825.792,3440.8,2213.123,1892.44,320.683,96.205,5780.544,1445.136,3532.555,3872.964,1236.394,2636.57,790.971,24.74,climate-v1.0,True,SCENARIO,sakay_gtfs_master_historic|doe_luzon_generation_2024|route2zero_climate_scenario_v1,0.7181,0.7181,0.55,0.35,300,0.3,0.5,0.7
LTFRB_PUJ1030,8296.68,8376.091,service-v1-266e0b1d,True,8296.68,historic_gtfs_service_activity_proxy,DERIVED,False,2489.004,414.834,2903.838,1111.755,2085.246,-973.491,-292.047,4148.34,829.668,3456.95,2223.51,1901.322,322.188,96.656,5807.676,1451.919,3549.135,3891.143,1242.197,2648.946,794.684,24.86,climate-v1.0,True,SCENARIO,sakay_gtfs_master_historic|doe_luzon_generation_2024|route2zero_climate_scenario_v1,0.7181,0.7181,0.55,0.35,300,0.3,0.5,0.7
LTFRB_PUJ1031,8596.560000000001,8820.651,service-v1-266e0b1d,True,8596.560000000001,historic_gtfs_service_activity_proxy,DERIVED,False,2578.968,429.828,3008.796,1151.939,2160.616,-1008.677,-302.603,4298.28,859.656,3581.9,2303.878,1970.045,333.833,100.15,6017.592,1504.398,3677.417,4031.787,1287.096,2744.691,823.407,25.81,climate-v1.0,True,SCENARIO,sakay_gtfs_master_historic|doe_luzon_generation_2024|route2zero_climate_scenario_v1,0.7181,0.7181,0.55,0.35,300,0.3,0.5,0.7
LTFRB_PUJ1033,11763.66,11765.748,service-v1-266e0b1d,True,11763.66,historic_gtfs_service_activity_proxy,DERIVED,False,3529.098,588.183,4117.281,1576.33,2956.619,-1380.289,-414.087,5881.83,1176.366,4901.525,3152.661,2695.839,456.822,137.047,8234.562,2058.64,5032.232,5517.157,1761.281,3755.875,1126.763,35.78,climate-v1.0,True,SCENARIO,sakay_gtfs_master_historic|doe_luzon_generation_2024|route2zero_climate_scenario_v1,0.7181,0.7181,0.55,0.35,300,0.3,0.5,0.7
LTFRB_PUJ1034,14765.52,14687.093,service-v1-266e0b1d,True,14765.52,historic_gtfs_service_activity_proxy,DERIVED,False,4429.656,738.276,5167.932,1978.58,3711.092,-1732.512,-519.754,7382.76,1476.552,6152.3,3957.159,3383.765,573.394,172.018,10335.864,2583.966,6316.361,6925.029,2210.726,4714.302,1414.291,45.23,climate-v1.0,True,SCENARIO,sakay_gtfs_master_historic|doe_luzon_generation_2024|route2zero_climate_scenario_v1,0.7181,0.7181,0.55,0.35,300,0.3,0.5,0.7
LTFRB_PUJ1035,3719.94,3851.513,service-v1-266e0b1d,True,3719.94,historic_gtfs_service_activity_proxy,DERIVED,False,1115.982,185.997,1301.979,498.472,934.951,-436.479,-130.944,1859.97,371.994,1549.975,996.944,852.486,144.458,43.337,2603.958,650.99,1591.308,1744.652,556.958,1187.694,356.308,10.45,climate-v1.0,True,SCENARIO,sakay_gtfs_master_historic|doe_luzon_generation_2024|route2zero_climate_scenario_v1,0.7181,0.7181,0.55,0.35,300,0.3,0.5,0.7
LTFRB_PUJ1036,6869.700000000001,6839.173,service-v1-266e0b1d,True,6869.700000000001,historic_gtfs_service_activity_proxy,DERIVED,False,2060.91,343.485,2404.395,920.54,1726.596,-806.056,-241.817,3434.85,686.97,2862.375,1841.08,1574.306,266.773,80.032,4808.79,1202.198,2938.705,3221.889,1028.547,2193.343,658.003,20.37,climate-v1.0,True,SCENARIO,sakay_gtfs_master_historic|doe_luzon_generation_2024|route2zero_climate_scenario_v1,0.7181,0.7181,0.55,0.35,300,0.3,0.5,0.7
LTFRB_PUJ1037,4548.179999999999,4555.032,service-v1-266e0b1d,True,4548.179999999999,historic_gtfs_service_activity_proxy,DERIVED,False,1364.454,227.409,1591.863,609.456,1143.117,-533.661,-160.098,2274.09,454.818,1895.075,1218.912,1042.291,176.621,52.986,3183.726,795.931,1945.61,2133.096,680.964,1452.133,435.64,13.06,climate-v1.0,True,SCENARIO,sakay_gtfs_master_historic|doe_luzon_generation_2024|route2zero_climate_scenario_v1,0.7181,0.7181,0.55,0.35,300,0.3,0.5,0.7
LTFRB_PUJ1038,4548.179999999999,4555.032,service-v1-266e0b1d,True,4548.179999999999,historic_gtfs_service_activity_proxy,DERIVED,False,1364.454,227.409,1591.863,609.456,1143.117,-533.661,-160.098,2274.09,454.818,1895.075,1218.912,1042.291,176.621,52.986,3183.726,795.931,1945.61,2133.096,680.964,1452.133,435.64,13.06,climate-v1.0,True,SCENARIO,sakay_gtfs_master_historic|doe_luzon_generation_2024|route2zero_climate_scenario_v1,0.7181,0.7181,0.55,0.35,300,0.3,0.5,0.7
LTFRB_PUJ1040,11533.14,11575.885,service-v1-266e0b1d,True,11533.14,historic_gtfs_service_activity_proxy,DERIVED,False,3459.942,576.657,4036.599,1545.441,2898.682,-1353.241,-405.972,5766.57,1153.314,4805.475,3090.882,2643.011,447.87,134.361,8073.198,2018.299,4933.621,5409.043,1726.767,3682.275,1104.683,35.05,climate-v1.0,True,SCENARIO,sakay_gtfs_master_historic|doe_luzon_generation_2024|route2zero_climate_scenario_v1,0.7181,0.7181,0.55,0.35,300,0.3,0.5,0.7
LTFRB_PUJ1041,15120.48,15116.16,service-v1-266e0b1d,True,15120.48,historic_gtfs_service_activity_proxy,DERIVED,False,4536.144,756.024,5292.168,2026.144,3800.306,-1774.162,-532.248,7560.24,1512.048,6300.2,4052.289,3465.11,587.179,176.154,10584.336,2646.084,6468.205,7091.505,2263.872,4827.633,1448.29,46.35,climate-v1.0,True,SCENARIO,sakay_gtfs_master_historic|doe_luzon_generation_2024|route2zero_climate_scenario_v1,0.7181,0.7181,0.55,0.35,300,0.3,0.5,0.7
LTFRB_PUJ1042,15898.74,15918.566,service-v1-266e0b1d,True,15898.74,historic_gtfs_service_activity_proxy,DERIVED,False,4769.622,794.937,5564.559,2130.431,3995.91,-1865.479,-559.644,7949.37,1589.874,6624.475,4260.862,3643.461,617.401,185.22,11129.118,2782.279,6801.128,7456.509,2380.395,5076.114,1522.834,48.8,climate-v1.0,True,SCENARIO,sakay_gtfs_master_historic|doe_luzon_generation_2024|route2zero_climate_scenario_v1,0.7181,0.7181,0.55,0.35,300,0.3,0.5,0.7
LTFRB_PUJ1043,22671.54,22616.961,service-v1-266e0b1d,True,22671.54,historic_gtfs_service_activity_proxy,DERIVED,False,6801.462,1133.577,7935.039,3037.986,5698.152,-2660.165,-798.05,11335.77,2267.154,9446.475,6075.973,5195.561,880.411,264.123,15870.078,3967.52,9698.381,10632.952,3394.433,7238.519,2171.556,70.12,climate-v1.0,True,SCENARIO,sakay_gtfs_master_historic|doe_luzon_generation_2024|route2zero_climate_scenario_v1,0.7181,0.7181,0.55,0.35,300,0.3,0.5,0.7
LTFRB_PUJ1044,21995.28,22279.016,service-v1-266e0b1d,True,21995.28,historic_gtfs_service_activity_proxy,DERIVED,False,6598.584,1099.764,7698.348,2947.368,5528.184,-2580.816,-774.245,10997.64,2199.528,9164.7,5894.735,5040.585,854.15,256.245,15396.696,3849.174,9409.092,10315.786,3293.182,7022.604,2106.781,67.99,climate-v1.0,True,SCENARIO,sakay_gtfs_master_historic|doe_luzon_generation_2024|route2zero_climate_scenario_v1,0.7181,0.7181,0.55,0.35,300,0.3,0.5,0.7
LTFRB_PUJ1045,21618.9,21525.721,service-v1-266e0b1d,True,21618.9,historic_gtfs_service_activity_proxy,DERIVED,False,6485.67,1080.945,7566.615,2896.933,5433.586,-2536.654,-760.996,10809.45,2161.89,9007.875,5793.865,4954.331,839.534,251.86,15133.23,3783.308,9248.085,10139.264,3236.83,6902.434,2070.73,66.8,climate-v1.0,True,SCENARIO,sakay_gtfs_master_historic|doe_luzon_generation_2024|route2zero_climate_scenario_v1,0.7181,0.7181,0.55,0.35,300,0.3,0.5,0.7
LTFRB_PUJ1046,19406.52,19501.664,service-v1-266e0b1d,True,19406.52,historic_gtfs_service_activity_proxy,DERIVED,False,5821.956,970.326,6792.282,2600.474,4877.538,-2277.064,-683.119,9703.26,1940.652,8086.05,5200.947,4447.328,753.62,226.086,13584.564,3396.141,8301.678,9101.658,2905.587,6196.071,1858.821,59.84,climate-v1.0,True,SCENARIO,sakay_gtfs_master_historic|doe_luzon_generation_2024|route2zero_climate_scenario_v1,0.7181,0.7181,0.55,0.35,300,0.3,0.5,0.7
LTFRB_PUJ1047,14334.06,14473.472,service-v1-266e0b1d,True,14334.06,historic_gtfs_service_activity_proxy,DERIVED,False,4300.218,716.703,5016.921,1920.764,3602.651,-1681.887,-504.566,7167.03,1433.406,5972.525,3841.528,3284.889,556.639,166.992,10033.842,2508.46,6131.792,6722.674,2146.127,4576.547,1372.964,43.87,climate-v1.0,True,SCENARIO,sakay_gtfs_master_historic|doe_luzon_generation_2024|route2zero_climate_scenario_v1,0.7181,0.7181,0.55,0.35,300,0.3,0.5,0.7
LTFRB_PUJ1048,14113.74,14024.839,service-v1-266e0b1d,True,14113.74,historic_gtfs_service_activity_proxy,DERIVED,False,4234.122,705.687,4939.809,1891.241,3547.277,-1656.036,-496.811,7056.87,1411.374,5880.725,3782.482,3234.399,548.084,164.425,9879.618,2469.904,6037.544,6619.344,2113.141,4506.204,1351.861,43.18,climate-v1.0,True,SCENARIO,sakay_gtfs_master_historic|doe_luzon_generation_2024|route2zero_climate_scenario_v1,0.7181,0.7181,0.55,0.35,300,0.3,0.5,0.7
LTFRB_PUJ1049,17960.16,17857.647,service-v1-266e0b1d,True,17960.16,historic_gtfs_service_activity_proxy,DERIVED,False,5388.048,898.008,6286.056,2406.661,4514.017,-2107.355,-632.207,8980.08,1796.016,7483.4,4813.323,4115.87,697.453,209.236,12572.112,3143.028,7682.957,8423.315,2689.035,5734.28,1720.284,55.29,climate-v1.0,True,SCENARIO,sakay_gtfs_master_historic|doe_luzon_generation_2024|route2zero_climate_scenario_v1,0.7181,0.7181,0.55,0.35,300,0.3,0.5,0.7
LTFRB_PUJ1050,17630.7,17698.801,service-v1-266e0b1d,True,17630.7,historic_gtfs_service_activity_proxy,DERIVED,False,5289.21,881.535,6170.745,2362.514,4431.212,-2068.698,-620.609,8815.35,1763.07,7346.125,4725.028,4040.369,684.659,205.398,12341.49,3085.372,7542.022,8268.798,2639.708,5629.091,1688.727,54.25,climate-v1.0,True,SCENARIO,sakay_gtfs_master_historic|doe_luzon_generation_2024|route2zero_climate_scenario_v1,0.7181,0.7181,0.55,0.35,300,0.3,0.5,0.7
LTFRB_PUJ1051,13580.28,13456.485,service-v1-266e0b1d,True,13580.28,historic_gtfs_service_activity_proxy,DERIVED,False,4074.084,679.014,4753.098,1819.758,3413.2,-1593.442,-478.033,6790.14,1358.028,5658.45,3639.515,3112.148,527.368,158.21,9506.196,2376.549,5809.342,6369.151,2033.27,4335.882,1300.764,41.5,climate-v1.0,True,SCENARIO,sakay_gtfs_master_historic|doe_luzon_generation_2024|route2zero_climate_scenario_v1,0.7181,0.7181,0.55,0.35,300,0.3,0.5,0.7
LTFRB_PUJ1053,17569.5,17553.479,service-v1-266e0b1d,True,17569.5,historic_gtfs_service_activity_proxy,DERIVED,False,5270.85,878.475,6149.325,2354.313,4415.83,-2061.517,-618.455,8784.75,1756.95,7320.625,4708.626,4026.344,682.282,204.685,12298.65,3074.662,7515.842,8240.095,2630.545,5609.551,1682.865,54.06,climate-v1.0,True,SCENARIO,sakay_gtfs_master_historic|doe_luzon_generation_2024|route2zero_climate_scenario_v1,0.7181,0.7181,0.55,0.35,300,0.3,0.5,0.7
LTFRB_PUJ1054,18097.86,17918.663,service-v1-266e0b1d,True,18097.86,historic_gtfs_service_activity_proxy,DERIVED,False,5429.358,904.893,6334.251,2425.113,4548.626,-2123.512,-637.054,9048.93,1809.786,7540.775,4850.226,4147.426,702.8,210.84,12668.502,3167.126,7741.862,8487.896,2709.652,5778.245,1733.473,55.72,climate-v1.0,True,SCENARIO,sakay_gtfs_master_historic|doe_luzon_generation_2024|route2zero_climate_scenario_v1,0.7181,0.7181,0.55,0.35,300,0.3,0.5,0.7
LTFRB_PUJ1055,13533.36,13390.207,service-v1-266e0b1d,True,13533.36,historic_gtfs_service_activity_proxy,DERIVED,False,4060.008,676.668,4736.676,1813.47,3401.407,-1587.937,-476.381,6766.68,1353.336,5638.9,3626.94,3101.395,525.545,157.664,9473.352,2368.338,5789.271,6347.146,2026.245,4320.901,1296.27,41.35,climate-v1.0,True,SCENARIO,sakay_gtfs_master_historic|doe_luzon_generation_2024|route2zero_climate_scenario_v1,0.7181,0.7181,0.55,0.35,300,0.3,0.5,0.7
LTFRB_PUJ1056,12785.7,12740.448,service-v1-266e0b1d,True,12785.7,historic_gtfs_service_activity_proxy,DERIVED,False,3835.71,639.285,4474.995,1713.284,3213.494,-1500.21,-450.063,6392.85,1278.57,5327.375,3426.568,2930.056,496.511,148.953,8949.99,2237.498,5469.438,5996.493,1914.303,4082.19,1224.657,38.99,climate-v1.0,True,SCENARIO,sakay_gtfs_master_historic|doe_luzon_generation_2024|route2zero_climate_scenario_v1,0.7181,0.7181,0.55,0.35,300,0.3,0.5,0.7
LTFRB_PUJ1057,4357.4400000000005,4359.67,service-v1-266e0b1d,True,4357.4400000000005,historic_gtfs_service_activity_proxy,DERIVED,False,1307.232,217.872,1525.104,583.897,1095.177,-511.28,-153.384,2178.72,435.744,1815.6,1167.794,998.58,169.214,50.764,3050.208,762.552,1864.016,2043.639,652.406,1391.234,417.37,12.46,climate-v1.0,True,SCENARIO,sakay_gtfs_master_historic|doe_luzon_generation_2024|route2zero_climate_scenario_v1,0.7181,0.7181,0.55,0.35,300,0.3,0.5,0.7
LTFRB_PUJ1058,4357.4400000000005,4359.67,service-v1-266e0b1d,True,4357.4400000000005,historic_gtfs_service_activity_proxy,DERIVED,False,1307.232,217.872,1525.104,583.897,1095.177,-511.28,-153.384,2178.72,435.744,1815.6,1167.794,998.58,169.214,50.764,3050.208,762.552,1864.016,2043.639,652.406,1391.234,417.37,12.46,climate-v1.0,True,SCENARIO,sakay_gtfs_master_historic|doe_luzon_generation_2024|route2zero_climate_scenario_v1,0.7181,0.7181,0.55,0.35,300,0.3,0.5,0.7
LTFRB_PUJ1059,8194.68,8225.921,service-v1-266e0b1d,True,8194.68,historic_gtfs_service_activity_proxy,DERIVED,False,2458.404,409.734,2868.138,1098.087,2059.61,-961.523,-288.457,4097.34,819.468,3414.45,2196.174,1877.948,318.227,95.468,5736.276,1434.069,3505.502,3843.305,1226.926,2616.379,784.914,24.54,climate-v1.0,True,SCENARIO,sakay_gtfs_master_historic|doe_luzon_generation_2024|route2zero_climate_scenario_v1,0.7181,0.7181,0.55,0.35,300,0.3,0.5,0.7
LTFRB_PUJ1060,7449.059999999999,7333.822,service-v1-266e0b1d,True,7449.059999999999,historic_gtfs_service_activity_proxy,DERIVED,False,2234.718,372.453,2607.171,998.174,1872.209,-874.035,-262.211,3724.53,744.906,3103.775,1996.348,1707.076,289.272,86.782,5214.342,1303.585,3186.542,3493.609,1115.29,2378.319,713.496,22.19,climate-v1.0,True,SCENARIO,sakay_gtfs_master_historic|doe_luzon_generation_2024|route2zero_climate_scenario_v1,0.7181,0.7181,0.55,0.35,300,0.3,0.5,0.7
LTFRB_PUJ1061,2206.26,2272.822,service-v1-266e0b1d,True,2206.26,historic_gtfs_service_activity_proxy,DERIVED,False,661.878,110.313,772.191,295.639,554.51,-258.872,-77.661,1103.13,220.626,919.275,591.278,505.601,85.676,25.703,1544.382,386.096,943.789,1034.736,330.326,704.41,211.323,5.69,climate-v1.0,True,SCENARIO,sakay_gtfs_master_historic|doe_luzon_generation_2024|route2zero_climate_scenario_v1,0.7181,0.7181,0.55,0.35,300,0.3,0.5,0.7
LTFRB_PUJ1062,3410.88,3454.068,service-v1-266e0b1d,True,3410.88,historic_gtfs_service_activity_proxy,DERIVED,False,1023.264,170.544,1193.808,457.058,857.274,-400.216,-120.065,1705.44,341.088,1421.2,914.116,781.66,132.456,39.737,2387.616,596.904,1459.099,1599.703,510.685,1089.018,326.705,9.48,climate-v1.0,True,SCENARIO,sakay_gtfs_master_historic|doe_luzon_generation_2024|route2zero_climate_scenario_v1,0.7181,0.7181,0.55,0.35,300,0.3,0.5,0.7
LTFRB_PUJ1063,2643.84,2734.719,service-v1-266e0b1d,True,2643.84,historic_gtfs_service_activity_proxy,DERIVED,False,793.152,132.192,925.344,354.275,664.49,-310.215,-93.064,1321.92,264.384,1101.6,708.549,605.88,102.669,30.801,1850.688,462.672,1130.976,1239.961,395.842,844.119,253.236,7.06,climate-v1.0,True,SCENARIO,sakay_gtfs_master_historic|doe_luzon_generation_2024|route2zero_climate_scenario_v1,0.7181,0.7181,0.55,0.35,300,0.3,0.5,0.7
LTFRB_PUJ1064,2642.82,2734.719,service-v1-266e0b1d,True,2642.82,historic_gtfs_service_activity_proxy,DERIVED,False,792.846,132.141,924.987,354.138,664.233,-310.095,-93.029,1321.41,264.282,1101.175,708.276,605.646,102.63,30.789,1849.974,462.494,1130.54,1239.483,395.689,843.794,253.138,7.06,climate-v1.0,True,SCENARIO,sakay_gtfs_master_historic|doe_luzon_generation_2024|route2zero_climate_scenario_v1,0.7181,0.7181,0.55,0.35,300,0.3,0.5,0.7
LTFRB_PUJ1065,11850.36,11790.895,service-v1-266e0b1d,True,11850.36,historic_gtfs_service_activity_proxy,DERIVED,False,3555.108,592.518,4147.626,1587.948,2978.41,-1390.462,-417.139,5925.18,1185.036,4937.65,3175.896,2715.708,460.189,138.057,8295.252,2073.813,5069.321,5557.819,1774.262,3783.557,1135.067,36.05,climate-v1.0,True,SCENARIO,sakay_gtfs_master_historic|doe_luzon_generation_2024|route2zero_climate_scenario_v1,0.7181,0.7181,0.55,0.35,300,0.3,0.5,0.7
LTFRB_PUJ1066,12048.24,11996.356,service-v1-266e0b1d,True,12048.24,historic_gtfs_service_activity_proxy,DERIVED,False,3614.472,602.412,4216.884,1614.464,3028.144,-1413.68,-424.104,6024.12,1204.824,5020.1,3228.928,2761.055,467.873,140.362,8433.768,2108.442,5153.969,5650.625,1803.889,3846.735,1154.021,36.67,climate-v1.0,True,SCENARIO,sakay_gtfs_master_historic|doe_luzon_generation_2024|route2zero_climate_scenario_v1,0.7181,0.7181,0.55,0.35,300,0.3,0.5,0.7
LTFRB_PUJ1067,3366.0,3516.328,service-v1-266e0b1d,True,3366.0,historic_gtfs_service_activity_proxy,DERIVED,False,1009.8,168.3,1178.1,451.044,845.994,-394.95,-118.485,1683.0,336.6,1402.5,902.088,771.375,130.713,39.214,2356.2,589.05,1439.9,1578.654,503.965,1074.689,322.407,9.34,climate-v1.0,True,SCENARIO,sakay_gtfs_master_historic|doe_luzon_generation_2024|route2zero_climate_scenario_v1,0.7181,0.7181,0.55,0.35,300,0.3,0.5,0.7
LTFRB_PUJ1068,3598.56,3610.759,service-v1-266e0b1d,True,3598.56,historic_gtfs_service_activity_proxy,DERIVED,False,1079.568,179.928,1259.496,482.207,904.444,-422.237,-126.671,1799.28,359.856,1499.4,964.414,824.67,139.744,41.923,2518.992,629.748,1539.384,1687.725,538.784,1148.94,344.682,10.07,climate-v1.0,True,SCENARIO,sakay_gtfs_master_historic|doe_luzon_generation_2024|route2zero_climate_scenario_v1,0.7181,0.7181,0.55,0.35,300,0.3,0.5,0.7
LTFRB_PUJ1069,2619.36,2684.435,service-v1-266e0b1d,True,2619.36,historic_gtfs_service_activity_proxy,DERIVED,False,785.808,130.968,916.776,350.994,658.337,-307.343,-92.203,1309.68,261.936,1091.4,701.988,600.27,101.718,30.516,1833.552,458.388,1120.504,1228.48,392.176,836.303,250.891,6.99,climate-v1.0,True,SCENARIO,sakay_gtfs_master_historic|doe_luzon_generation_2024|route2zero_climate_scenario_v1,0.7181,0.7181,0.55,0.35,300,0.3,0.5,0.7
LTFRB_PUJ1070,5858.88,5847.809,service-v1-266e0b1d,True,5858.88,historic_gtfs_service_activity_proxy,DERIVED,False,1757.664,292.944,2050.608,785.09,1472.542,-687.452,-206.236,2929.44,585.888,2441.2,1570.18,1342.66,227.52,68.256,4101.216,1025.304,2506.299,2747.815,877.205,1870.61,561.183,17.19,climate-v1.0,True,SCENARIO,sakay_gtfs_master_historic|doe_luzon_generation_2024|route2zero_climate_scenario_v1,0.7181,0.7181,0.55,0.35,300,0.3,0.5,0.7
LTFRB_PUJ1071,11651.46,11687.257,service-v1-266e0b1d,True,11651.46,historic_gtfs_service_activity_proxy,DERIVED,False,3495.438,582.573,4078.011,1561.296,2928.42,-1367.124,-410.137,5825.73,1165.146,4854.775,3122.591,2670.126,452.465,135.74,8156.022,2039.005,4984.236,5464.535,1744.482,3720.052,1116.016,35.42,climate-v1.0,True,SCENARIO,sakay_gtfs_master_historic|doe_luzon_generation_2024|route2zero_climate_scenario_v1,0.7181,0.7181,0.55,0.35,300,0.3,0.5,0.7
LTFRB_PUJ1072,12059.46,12053.778,service-v1-266e0b1d,True,12059.46,historic_gtfs_service_activity_proxy,DERIVED,False,3617.838,602.973,4220.811,1615.968,3030.964,-1414.997,-424.499,6029.73,1205.946,5024.775,3231.935,2763.626,468.309,140.493,8441.622,2110.406,5158.769,5655.887,1805.569,3850.318,1155.095,36.71,climate-v1.0,True,SCENARIO,sakay_gtfs_master_historic|doe_luzon_generation_2024|route2zero_climate_scenario_v1,0.7181,0.7181,0.55,0.35,300,0.3,0.5,0.7
LTFRB_PUJ1073,11631.06,11557.68,service-v1-266e0b1d,True,11631.06,historic_gtfs_service_activity_proxy,DERIVED,False,3489.318,581.553,4070.871,1558.562,2923.292,-1364.73,-409.419,5815.53,1163.106,4846.275,3117.124,2665.451,451.673,135.502,8141.742,2035.435,4975.509,5454.967,1741.428,3713.539,1114.062,35.36,climate-v1.0,True,SCENARIO,sakay_gtfs_master_historic|doe_luzon_generation_2024|route2zero_climate_scenario_v1,0.7181,0.7181,0.55,0.35,300,0.3,0.5,0.7
LTFRB_PUJ1074,11210.82,11269.178,service-v1-266e0b1d,True,11210.82,historic_gtfs_service_activity_proxy,DERIVED,False,3363.246,560.541,3923.787,1502.25,2817.671,-1315.422,-394.626,5605.41,1121.082,4671.175,3004.5,2569.146,435.354,130.606,7847.574,1961.894,4795.74,5257.875,1678.509,3579.366,1073.81,34.04,climate-v1.0,True,SCENARIO,sakay_gtfs_master_historic|doe_luzon_generation_2024|route2zero_climate_scenario_v1,0.7181,0.7181,0.55,0.35,300,0.3,0.5,0.7
LTFRB_PUJ1075,11772.84,11806.069,service-v1-266e0b1d,True,11772.84,historic_gtfs_service_activity_proxy,DERIVED,False,3531.852,588.642,4120.494,1577.561,2958.927,-1381.366,-414.41,5886.42,1177.284,4905.35,3155.121,2697.943,457.179,137.154,8240.988,2060.247,5036.159,5521.462,1762.656,3758.806,1127.642,35.81,climate-v1.0,True,SCENARIO,sakay_gtfs_master_historic|doe_luzon_generation_2024|route2zero_climate_scenario_v1,0.7181,0.7181,0.55,0.35,300,0.3,0.5,0.7
LTFRB_PUJ1076,11891.16,11897.148,service-v1-266e0b1d,True,11891.16,historic_gtfs_service_activity_proxy,DERIVED,False,3567.348,594.558,4161.906,1593.415,2988.665,-1395.249,-418.575,5945.58,1189.116,4954.65,3186.831,2725.058,461.773,138.532,8323.812,2080.953,5086.774,5576.954,1780.371,3796.583,1138.975,36.18,climate-v1.0,True,SCENARIO,sakay_gtfs_master_historic|doe_luzon_generation_2024|route2zero_climate_scenario_v1,0.7181,0.7181,0.55,0.35,300,0.3,0.5,0.7
LTFRB_PUJ1077,10659.0,10800.481,service-v1-266e0b1d,True,10659.0,historic_gtfs_service_activity_proxy,DERIVED,False,3197.7,532.95,3730.65,1428.306,2678.98,-1250.674,-375.202,5329.5,1065.9,4441.25,2856.612,2442.688,413.925,124.177,7461.3,1865.325,4559.683,4999.071,1595.889,3403.182,1020.955,32.3,climate-v1.0,True,SCENARIO,sakay_gtfs_master_historic|doe_luzon_generation_2024|route2zero_climate_scenario_v1,0.7181,0.7181,0.55,0.35,300,0.3,0.5,0.7
LTFRB_PUJ1078,11288.34,11207.105,service-v1-266e0b1d,True,11288.34,historic_gtfs_service_activity_proxy,DERIVED,False,3386.502,564.417,3950.919,1512.638,2837.155,-1324.517,-397.355,5644.17,1128.834,4703.475,3025.275,2586.911,438.364,131.509,7901.838,1975.46,4828.901,5294.231,1690.115,3604.116,1081.235,34.28,climate-v1.0,True,SCENARIO,sakay_gtfs_master_historic|doe_luzon_generation_2024|route2zero_climate_scenario_v1,0.7181,0.7181,0.55,0.35,300,0.3,0.5,0.7
LTFRB_PUJ1079,12168.6,12159.055,service-v1-266e0b1d,True,12168.6,historic_gtfs_service_activity_proxy,DERIVED,False,3650.58,608.43,4259.01,1630.592,3058.395,-1427.803,-428.341,6084.3,1216.86,5070.25,3261.185,2788.638,472.547,141.764,8518.02,2129.505,5205.457,5707.073,1821.91,3885.164,1165.549,37.05,climate-v1.0,True,SCENARIO,sakay_gtfs_master_historic|doe_luzon_generation_2024|route2zero_climate_scenario_v1,0.7181,0.7181,0.55,0.35,300,0.3,0.5,0.7
LTFRB_PUJ1080,12224.7,12322.057,service-v1-266e0b1d,True,12224.7,historic_gtfs_service_activity_proxy,DERIVED,False,3667.41,611.235,4278.645,1638.11,3072.495,-1434.385,-430.316,6112.35,1222.47,5093.625,3276.22,2801.494,474.726,142.418,8557.29,2139.322,5229.455,5733.384,1830.309,3903.075,1170.923,37.23,climate-v1.0,True,SCENARIO,sakay_gtfs_master_historic|doe_luzon_generation_2024|route2zero_climate_scenario_v1,0.7181,0.7181,0.55,0.35,300,0.3,0.5,0.7
LTFRB_PUJ1081,9042.3,8801.714,service-v1-266e0b1d,True,9042.3,historic_gtfs_service_activity_proxy,DERIVED,False,2712.69,452.115,3164.805,1211.668,2272.646,-1060.978,-318.293,4521.15,904.23,3767.625,2423.336,2072.194,351.143,105.343,6329.61,1582.402,3868.095,4240.839,1353.833,2887.005,866.102,27.21,climate-v1.0,True,SCENARIO,sakay_gtfs_master_historic|doe_luzon_generation_2024|route2zero_climate_scenario_v1,0.7181,0.7181,0.55,0.35,300,0.3,0.5,0.7
LTFRB_PUJ1083,14540.1,14371.952,service-v1-266e0b1d,True,14540.1,historic_gtfs_service_activity_proxy,DERIVED,False,4362.03,727.005,5089.035,1948.373,3654.436,-1706.063,-511.819,7270.05,1454.01,6058.375,3896.747,3332.106,564.641,169.392,10178.07,2544.518,6219.932,6819.307,2176.976,4642.331,1392.699,44.52,climate-v1.0,True,SCENARIO,sakay_gtfs_master_historic|doe_luzon_generation_2024|route2zero_climate_scenario_v1,0.7181,0.7181,0.55,0.35,300,0.3,0.5,0.7
LTFRB_PUJ1084,14739.0,14635.51,service-v1-266e0b1d,True,14739.0,historic_gtfs_service_activity_proxy,DERIVED,False,4421.7,736.95,5158.65,1975.026,3704.427,-1729.401,-518.82,7369.5,1473.9,6141.25,3950.052,3377.688,572.365,171.709,10317.3,2579.325,6305.017,6912.591,2206.756,4705.835,1411.751,45.14,climate-v1.0,True,SCENARIO,sakay_gtfs_master_historic|doe_luzon_generation_2024|route2zero_climate_scenario_v1,0.7181,0.7181,0.55,0.35,300,0.3,0.5,0.7
LTFRB_PUJ1085,9661.44,9649.317,service-v1-266e0b1d,True,9661.44,historic_gtfs_service_activity_proxy,DERIVED,False,2898.432,483.072,3381.504,1294.633,2428.258,-1133.625,-340.088,4830.72,966.144,4025.6,2589.266,2214.08,375.186,112.556,6763.008,1690.752,4132.949,4531.215,1446.532,3084.683,925.405,29.16,climate-v1.0,True,SCENARIO,sakay_gtfs_master_historic|doe_luzon_generation_2024|route2zero_climate_scenario_v1,0.7181,0.7181,0.55,0.35,300,0.3,0.5,0.7
LTFRB_PUJ1086,9834.84,9750.922,service-v1-266e0b1d,True,9834.84,historic_gtfs_service_activity_proxy,DERIVED,False,2950.452,491.742,3442.194,1317.869,2471.84,-1153.971,-346.191,4917.42,983.484,4097.85,2635.737,2253.818,381.92,114.576,6884.388,1721.097,4207.126,4612.54,1472.494,3140.046,942.014,29.7,climate-v1.0,True,SCENARIO,sakay_gtfs_master_historic|doe_luzon_generation_2024|route2zero_climate_scenario_v1,0.7181,0.7181,0.55,0.35,300,0.3,0.5,0.7
LTFRB_PUJ1087,9543.12,9622.009,service-v1-266e0b1d,True,9543.12,historic_gtfs_service_activity_proxy,DERIVED,False,2862.936,477.156,3340.092,1278.778,2398.52,-1119.742,-335.923,4771.56,954.312,3976.3,2557.556,2186.965,370.591,111.177,6680.184,1670.046,4082.335,4475.723,1428.817,3046.906,914.072,28.79,climate-v1.0,True,SCENARIO,sakay_gtfs_master_historic|doe_luzon_generation_2024|route2zero_climate_scenario_v1,0.7181,0.7181,0.55,0.35,300,0.3,0.5,0.7
LTFRB_PUJ1088,11013.96,10702.079,service-v1-266e0b1d,True,11013.96,historic_gtfs_service_activity_proxy,DERIVED,False,3304.188,550.698,3854.886,1475.871,2768.194,-1292.323,-387.697,5506.98,1101.396,4589.15,2951.741,2524.032,427.709,128.313,7709.772,1927.443,4711.527,5165.547,1649.035,3516.513,1054.954,33.42,climate-v1.0,True,SCENARIO,sakay_gtfs_master_historic|doe_luzon_generation_2024|route2zero_climate_scenario_v1,0.7181,0.7181,0.55,0.35,300,0.3,0.5,0.7
LTFRB_PUJ1089,12183.9,12137.481,service-v1-266e0b1d,True,12183.9,historic_gtfs_service_activity_proxy,DERIVED,False,3655.17,609.195,4264.365,1632.643,3062.241,-1429.598,-428.879,6091.95,1218.39,5076.625,3265.285,2792.144,473.141,141.942,8528.73,2132.182,5212.002,5714.249,1824.201,3890.049,1167.015,37.1,climate-v1.0,True,SCENARIO,sakay_gtfs_master_historic|doe_luzon_generation_2024|route2zero_climate_scenario_v1,0.7181,0.7181,0.55,0.35,300,0.3,0.5,0.7
LTFRB_PUJ1090,12280.8,12312.965,service-v1-266e0b1d,True,12280.8,historic_gtfs_service_activity_proxy,DERIVED,False,3684.24,614.04,4298.28,1645.627,3086.595,-1440.968,-432.29,6140.4,1228.08,5117.0,3291.254,2814.35,476.904,143.071,8596.56,2149.14,5253.453,5759.695,1838.709,3920.987,1176.296,37.41,climate-v1.0,True,SCENARIO,sakay_gtfs_master_historic|doe_luzon_generation_2024|route2zero_climate_scenario_v1,0.7181,0.7181,0.55,0.35,300,0.3,0.5,0.7
LTFRB_PUJ1091,11672.88,11665.945,service-v1-266e0b1d,True,11672.88,historic_gtfs_service_activity_proxy,DERIVED,False,3501.864,583.644,4085.508,1564.166,2933.803,-1369.637,-410.891,5836.44,1167.288,4863.7,3128.332,2675.035,453.297,135.989,8171.016,2042.754,4993.399,5474.581,1747.69,3726.891,1118.067,35.49,climate-v1.0,True,SCENARIO,sakay_gtfs_master_historic|doe_luzon_generation_2024|route2zero_climate_scenario_v1,0.7181,0.7181,0.55,0.35,300,0.3,0.5,0.7
LTFRB_PUJ1094,11849.34,11823.673,service-v1-266e0b1d,True,11849.34,historic_gtfs_service_activity_proxy,DERIVED,False,3554.802,592.467,4147.269,1587.812,2978.154,-1390.342,-417.103,5924.67,1184.934,4937.225,3175.623,2715.474,460.149,138.045,8294.538,2073.634,5068.884,5557.34,1774.11,3783.231,1134.969,36.05,climate-v1.0,True,SCENARIO,sakay_gtfs_master_historic|doe_luzon_generation_2024|route2zero_climate_scenario_v1,0.7181,0.7181,0.55,0.35,300,0.3,0.5,0.7
LTFRB_PUJ1095,13980.12,14014.242,service-v1-266e0b1d,True,13980.12,historic_gtfs_service_activity_proxy,DERIVED,False,4194.036,699.006,4893.042,1873.336,3513.693,-1640.357,-492.107,6990.06,1398.012,5825.05,3746.672,3203.778,542.895,162.868,9786.084,2446.521,5980.385,6556.676,2093.135,4463.542,1339.062,42.76,climate-v1.0,True,SCENARIO,sakay_gtfs_master_historic|doe_luzon_generation_2024|route2zero_climate_scenario_v1,0.7181,0.7181,0.55,0.35,300,0.3,0.5,0.7
LTFRB_PUJ1096,13980.12,14014.242,service-v1-266e0b1d,True,13980.12,historic_gtfs_service_activity_proxy,DERIVED,False,4194.036,699.006,4893.042,1873.336,3513.693,-1640.357,-492.107,6990.06,1398.012,5825.05,3746.672,3203.778,542.895,162.868,9786.084,2446.521,5980.385,6556.676,2093.135,4463.542,1339.062,42.76,climate-v1.0,True,SCENARIO,sakay_gtfs_master_historic|doe_luzon_generation_2024|route2zero_climate_scenario_v1,0.7181,0.7181,0.55,0.35,300,0.3,0.5,0.7
LTFRB_PUJ1097,13651.68,13593.869,service-v1-266e0b1d,True,13651.68,historic_gtfs_service_activity_proxy,DERIVED,False,4095.504,682.584,4778.088,1829.325,3431.145,-1601.82,-480.546,6825.84,1365.168,5688.2,3658.65,3128.51,530.14,159.042,9556.176,2389.044,5839.885,6402.638,2043.96,4358.678,1307.603,41.72,climate-v1.0,True,SCENARIO,sakay_gtfs_master_historic|doe_luzon_generation_2024|route2zero_climate_scenario_v1,0.7181,0.7181,0.55,0.35,300,0.3,0.5,0.7
LTFRB_PUJ1098,13958.7,13883.347,service-v1-266e0b1d,True,13958.7,historic_gtfs_service_activity_proxy,DERIVED,False,4187.61,697.935,4885.545,1870.466,3508.31,-1637.844,-491.353,6979.35,1395.87,5816.125,3740.932,3198.869,542.063,162.619,9771.09,2442.772,5971.222,6546.63,2089.928,4456.703,1337.011,42.69,climate-v1.0,True,SCENARIO,sakay_gtfs_master_historic|doe_luzon_generation_2024|route2zero_climate_scenario_v1,0.7181,0.7181,0.55,0.35,300,0.3,0.5,0.7
LTFRB_PUJ1099,8753.640000000001,8652.534,service-v1-266e0b1d,True,8753.640000000001,historic_gtfs_service_activity_proxy,DERIVED,False,2626.092,437.682,3063.774,1172.988,2200.096,-1027.108,-308.133,4376.82,875.364,3647.35,2345.976,2006.043,339.933,101.98,6127.548,1531.887,3744.613,4105.457,1310.614,2794.843,838.453,26.3,climate-v1.0,True,SCENARIO,sakay_gtfs_master_historic|doe_luzon_generation_2024|route2zero_climate_scenario_v1,0.7181,0.7181,0.55,0.35,300,0.3,0.5,0.7
LTFRB_PUJ1100,8876.039999999999,8849.012,service-v1-266e0b1d,True,8876.039999999999,historic_gtfs_service_activity_proxy,DERIVED,False,2662.812,443.802,3106.614,1189.389,2230.86,-1041.47,-312.441,4438.02,887.604,3698.35,2378.779,2034.092,344.686,103.406,6213.228,1553.307,3796.973,4162.863,1328.94,2833.922,850.177,26.69,climate-v1.0,True,SCENARIO,sakay_gtfs_master_historic|doe_luzon_generation_2024|route2zero_climate_scenario_v1,0.7181,0.7181,0.55,0.35,300,0.3,0.5,0.7
LTFRB_PUJ1101,18771.06,19081.507,service-v1-266e0b1d,True,18771.06,historic_gtfs_service_activity_proxy,DERIVED,False,5631.318,938.553,6569.871,2515.322,4717.824,-2202.502,-660.751,9385.53,1877.106,7821.275,5030.644,4301.701,728.943,218.683,13139.742,3284.936,8029.842,8803.627,2810.445,5993.182,1797.955,57.84,climate-v1.0,True,SCENARIO,sakay_gtfs_master_historic|doe_luzon_generation_2024|route2zero_climate_scenario_v1,0.7181,0.7181,0.55,0.35,300,0.3,0.5,0.7
LTFRB_PUJ1102,18837.36,18869.901,service-v1-266e0b1d,True,18837.36,historic_gtfs_service_activity_proxy,DERIVED,False,5651.208,941.868,6593.076,2524.206,4734.488,-2210.282,-663.084,9418.68,1883.736,7848.9,5048.412,4316.895,731.517,219.455,13186.152,3296.538,8058.204,8834.722,2820.371,6014.35,1804.305,58.05,climate-v1.0,True,SCENARIO,sakay_gtfs_master_historic|doe_luzon_generation_2024|route2zero_climate_scenario_v1,0.7181,0.7181,0.55,0.35,300,0.3,0.5,0.7
LTFRB_PUJ1103,2699.94,2659.752,service-v1-266e0b1d,True,2699.94,historic_gtfs_service_activity_proxy,DERIVED,False,809.982,134.997,944.979,361.792,678.589,-316.797,-95.039,1349.97,269.994,1124.975,723.584,618.736,104.848,31.454,1889.958,472.489,1154.974,1266.272,404.241,862.031,258.609,7.24,climate-v1.0,True,SCENARIO,sakay_gtfs_master_historic|doe_luzon_generation_2024|route2zero_climate_scenario_v1,0.7181,0.7181,0.55,0.35,300,0.3,0.5,0.7
LTFRB_PUJ1104,2268.48,2374.087,service-v1-266e0b1d,True,2268.48,historic_gtfs_service_activity_proxy,DERIVED,False,680.544,113.424,793.968,303.976,570.148,-266.172,-79.852,1134.24,226.848,945.2,607.953,519.86,88.093,26.428,1587.936,396.984,970.405,1063.917,339.642,724.275,217.283,5.88,climate-v1.0,True,SCENARIO,sakay_gtfs_master_historic|doe_luzon_generation_2024|route2zero_climate_scenario_v1,0.7181,0.7181,0.55,0.35,300,0.3,0.5,0.7
LTFRB_PUJ1105,1619.76,1721.127,service-v1-266e0b1d,True,1619.76,historic_gtfs_service_activity_proxy,DERIVED,False,485.928,80.988,566.916,217.048,407.102,-190.055,-57.016,809.88,161.976,674.9,434.096,371.195,62.901,18.87,1133.832,283.458,692.897,759.667,242.514,517.153,155.146,3.84,climate-v1.0,True,SCENARIO,sakay_gtfs_master_historic|doe_luzon_generation_2024|route2zero_climate_scenario_v1,0.7181,0.7181,0.55,0.35,300,0.3,0.5,0.7
LTFRB_PUJ1106,1833.96,1885.039,service-v1-266e0b1d,True,1833.96,historic_gtfs_service_activity_proxy,DERIVED,False,550.188,91.698,641.886,245.751,460.938,-215.188,-64.556,916.98,183.396,764.15,491.501,420.282,71.219,21.366,1283.772,320.943,784.527,860.127,274.585,585.543,175.663,4.52,climate-v1.0,True,SCENARIO,sakay_gtfs_master_historic|doe_luzon_generation_2024|route2zero_climate_scenario_v1,0.7181,0.7181,0.55,0.35,300,0.3,0.5,0.7
LTFRB_PUJ1107,12541.92,12487.482,service-v1-266e0b1d,True,12541.92,historic_gtfs_service_activity_proxy,DERIVED,False,3762.576,627.096,4389.672,1680.617,3152.223,-1471.606,-441.482,6270.96,1254.192,5225.8,3361.235,2874.19,487.045,146.113,8779.344,2194.836,5365.155,5882.16,1877.804,4004.356,1201.307,38.23,climate-v1.0,True,SCENARIO,sakay_gtfs_master_historic|doe_luzon_generation_2024|route2zero_climate_scenario_v1,0.7181,0.7181,0.55,0.35,300,0.3,0.5,0.7
LTFRB_PUJ1108,13915.86,13826.429,service-v1-266e0b1d,True,13915.86,historic_gtfs_service_activity_proxy,DERIVED,False,4174.758,695.793,4870.551,1864.725,3497.543,-1632.817,-489.845,6957.93,1391.586,5798.275,3729.45,3189.051,540.399,162.12,9741.102,2435.275,5952.896,6526.538,2083.513,4443.025,1332.907,42.55,climate-v1.0,True,SCENARIO,sakay_gtfs_master_historic|doe_luzon_generation_2024|route2zero_climate_scenario_v1,0.7181,0.7181,0.55,0.35,300,0.3,0.5,0.7
LTFRB_PUJ1109,12826.5,12811.703,service-v1-266e0b1d,True,12826.5,historic_gtfs_service_activity_proxy,DERIVED,False,3847.95,641.325,4489.275,1718.751,3223.748,-1504.997,-451.499,6413.25,1282.65,5344.375,3437.502,2939.406,498.096,149.429,8978.55,2244.638,5486.892,6015.628,1920.412,4095.216,1228.565,39.12,climate-v1.0,True,SCENARIO,sakay_gtfs_master_historic|doe_luzon_generation_2024|route2zero_climate_scenario_v1,0.7181,0.7181,0.55,0.35,300,0.3,0.5,0.7
LTFRB_PUJ1110,12731.64,12779.702,service-v1-266e0b1d,True,12731.64,historic_gtfs_service_activity_proxy,DERIVED,False,3819.492,636.582,4456.074,1706.04,3199.907,-1493.867,-448.16,6365.82,1273.164,5304.85,3412.08,2917.668,494.412,148.324,8912.148,2228.037,5446.313,5971.139,1906.209,4064.93,1219.479,38.82,climate-v1.0,True,SCENARIO,sakay_gtfs_master_historic|doe_luzon_generation_2024|route2zero_climate_scenario_v1,0.7181,0.7181,0.55,0.35,300,0.3,0.5,0.7
LTFRB_PUJ1111,5006.160000000001,5040.156,service-v1-266e0b1d,True,5006.160000000001,historic_gtfs_service_activity_proxy,DERIVED,False,1501.848,250.308,1752.156,670.825,1258.223,-587.398,-176.219,2503.08,500.616,2085.9,1341.651,1147.245,194.406,58.322,3504.312,876.078,2141.524,2347.889,749.533,1598.356,479.507,14.5,climate-v1.0,True,SCENARIO,sakay_gtfs_master_historic|doe_luzon_generation_2024|route2zero_climate_scenario_v1,0.7181,0.7181,0.55,0.35,300,0.3,0.5,0.7
LTFRB_PUJ1112,5838.4800000000005,5801.673,service-v1-266e0b1d,True,5838.4800000000005,historic_gtfs_service_activity_proxy,DERIVED,False,1751.544,291.924,2043.468,782.356,1467.414,-685.058,-205.517,2919.24,583.848,2432.7,1564.713,1337.985,226.728,68.018,4086.936,1021.734,2497.572,2738.247,874.15,1864.097,559.229,17.12,climate-v1.0,True,SCENARIO,sakay_gtfs_master_historic|doe_luzon_generation_2024|route2zero_climate_scenario_v1,0.7181,0.7181,0.55,0.35,300,0.3,0.5,0.7
LTFRB_PUJ1113,1493.28,1391.18,service-v1-266e0b1d,True,1493.28,historic_gtfs_service_activity_proxy,DERIVED,False,447.984,74.664,522.648,200.1,375.314,-175.214,-52.564,746.64,149.328,622.2,400.199,342.21,57.989,17.397,1045.296,261.324,638.792,700.348,223.577,476.771,143.031,3.44,climate-v1.0,True,SCENARIO,sakay_gtfs_master_historic|doe_luzon_generation_2024|route2zero_climate_scenario_v1,0.7181,0.7181,0.55,0.35,300,0.3,0.5,0.7
LTFRB_PUJ1114,3669.96,4028.994,service-v1-266e0b1d,True,3669.96,historic_gtfs_service_activity_proxy,DERIVED,False,1100.988,183.498,1284.486,491.775,922.389,-430.615,-129.184,1834.98,366.996,1529.15,983.549,841.033,142.517,42.755,2568.972,642.243,1569.927,1721.211,549.475,1171.737,351.521,10.3,climate-v1.0,True,SCENARIO,sakay_gtfs_master_historic|doe_luzon_generation_2024|route2zero_climate_scenario_v1,0.7181,0.7181,0.55,0.35,300,0.3,0.5,0.7
LTFRB_PUJ1116,7424.58,7677.072,service-v1-266e0b1d,True,7424.58,historic_gtfs_service_activity_proxy,DERIVED,False,2227.374,371.229,2598.603,994.894,1866.057,-871.163,-261.349,3712.29,742.458,3093.575,1989.787,1701.466,288.321,86.496,5197.206,1299.301,3176.07,3482.128,1111.625,2370.503,711.151,22.12,climate-v1.0,True,SCENARIO,sakay_gtfs_master_historic|doe_luzon_generation_2024|route2zero_climate_scenario_v1,0.7181,0.7181,0.55,0.35,300,0.3,0.5,0.7
LTFRB_PUJ1117,7479.66,7324.689,service-v1-266e0b1d,True,7479.66,historic_gtfs_service_activity_proxy,DERIVED,False,2243.898,373.983,2617.881,1002.274,1879.9,-877.626,-263.288,3739.83,747.966,3116.525,2004.549,1714.089,290.46,87.138,5235.762,1308.94,3199.632,3507.961,1119.871,2388.089,716.427,22.29,climate-v1.0,True,SCENARIO,sakay_gtfs_master_historic|doe_luzon_generation_2024|route2zero_climate_scenario_v1,0.7181,0.7181,0.55,0.35,300,0.3,0.5,0.7
LTFRB_PUJ1118,9372.78,9249.305,service-v1-266e0b1d,True,9372.78,historic_gtfs_service_activity_proxy,DERIVED,False,2811.834,468.639,3280.473,1255.953,2355.708,-1099.755,-329.927,4686.39,937.278,3905.325,2511.905,2147.929,363.976,109.193,6560.946,1640.236,4009.467,4395.834,1403.313,2992.52,897.756,28.25,climate-v1.0,True,SCENARIO,sakay_gtfs_master_historic|doe_luzon_generation_2024|route2zero_climate_scenario_v1,0.7181,0.7181,0.55,0.35,300,0.3,0.5,0.7
LTFRB_PUJ1121,2624.46,2632.352,service-v1-266e0b1d,True,2624.46,historic_gtfs_service_activity_proxy,DERIVED,False,787.338,131.223,918.561,351.678,659.619,-307.941,-92.382,1312.23,262.446,1093.525,703.355,601.439,101.917,30.575,1837.122,459.28,1122.686,1230.872,392.94,837.932,251.38,7.0,climate-v1.0,True,SCENARIO,sakay_gtfs_master_historic|doe_luzon_generation_2024|route2zero_climate_scenario_v1,0.7181,0.7181,0.55,0.35,300,0.3,0.5,0.7
LTFRB_PUJ1122,3607.74,3683.749,service-v1-266e0b1d,True,3607.74,historic_gtfs_service_activity_proxy,DERIVED,False,1082.322,180.387,1262.709,483.437,906.751,-423.314,-126.994,1803.87,360.774,1503.225,966.874,826.774,140.101,42.03,2525.418,631.354,1543.311,1692.03,540.159,1151.871,345.561,10.1,climate-v1.0,True,SCENARIO,sakay_gtfs_master_historic|doe_luzon_generation_2024|route2zero_climate_scenario_v1,0.7181,0.7181,0.55,0.35,300,0.3,0.5,0.7
LTFRB_PUJ1123,2961.06,2973.535,service-v1-266e0b1d,True,2961.06,historic_gtfs_service_activity_proxy,DERIVED,False,888.318,148.053,1036.371,396.782,744.218,-347.436,-104.231,1480.53,296.106,1233.775,793.564,678.576,114.988,34.496,2072.742,518.185,1266.676,1388.737,443.336,945.401,283.62,8.06,climate-v1.0,True,SCENARIO,sakay_gtfs_master_historic|doe_luzon_generation_2024|route2zero_climate_scenario_v1,0.7181,0.7181,0.55,0.35,300,0.3,0.5,0.7
LTFRB_PUJ1124,2384.76,2338.164,service-v1-266e0b1d,True,2384.76,historic_gtfs_service_activity_proxy,DERIVED,False,715.428,119.238,834.666,319.558,599.374,-279.816,-83.945,1192.38,238.476,993.65,639.116,546.508,92.608,27.782,1669.332,417.333,1020.147,1118.452,357.052,761.401,228.42,6.25,climate-v1.0,True,SCENARIO,sakay_gtfs_master_historic|doe_luzon_generation_2024|route2zero_climate_scenario_v1,0.7181,0.7181,0.55,0.35,300,0.3,0.5,0.7
LTFRB_PUJ1125,4386.0,4188.029,service-v1-266e0b1d,True,4386.0,historic_gtfs_service_activity_proxy,DERIVED,False,1315.8,219.3,1535.1,587.724,1102.355,-514.631,-154.389,2193.0,438.6,1827.5,1175.448,1005.125,170.323,51.097,3070.2,767.55,1876.233,2057.034,656.682,1400.352,420.106,12.55,climate-v1.0,True,SCENARIO,sakay_gtfs_master_historic|doe_luzon_generation_2024|route2zero_climate_scenario_v1,0.7181,0.7181,0.55,0.35,300,0.3,0.5,0.7
LTFRB_PUJ1128,3770.94,3796.447,service-v1-266e0b1d,True,3770.94,historic_gtfs_service_activity_proxy,DERIVED,False,1131.282,188.547,1319.829,505.306,947.769,-442.463,-132.739,1885.47,377.094,1571.225,1010.612,864.174,146.438,43.931,2639.658,659.914,1613.124,1768.571,564.594,1203.977,361.193,10.61,climate-v1.0,True,SCENARIO,sakay_gtfs_master_historic|doe_luzon_generation_2024|route2zero_climate_scenario_v1,0.7181,0.7181,0.55,0.35,300,0.3,0.5,0.7
LTFRB_PUJ1129,4081.02,3983.757,service-v1-266e0b1d,True,4081.02,historic_gtfs_service_activity_proxy,DERIVED,False,1224.306,204.051,1428.357,546.857,1025.703,-478.846,-143.654,2040.51,408.102,1700.425,1093.713,935.234,158.48,47.544,2856.714,714.178,1745.77,1913.998,611.019,1302.979,390.894,11.59,climate-v1.0,True,SCENARIO,sakay_gtfs_master_historic|doe_luzon_generation_2024|route2zero_climate_scenario_v1,0.7181,0.7181,0.55,0.35,300,0.3,0.5,0.7
LTFRB_PUJ1130,4085.1,4094.206,service-v1-266e0b1d,True,4085.1,historic_gtfs_service_activity_proxy,DERIVED,False,1225.53,204.255,1429.785,547.403,1026.729,-479.325,-143.798,2042.55,408.51,1702.125,1094.807,936.169,158.638,47.591,2859.57,714.892,1747.515,1915.912,611.63,1304.282,391.284,11.6,climate-v1.0,True,SCENARIO,sakay_gtfs_master_historic|doe_luzon_generation_2024|route2zero_climate_scenario_v1,0.7181,0.7181,0.55,0.35,300,0.3,0.5,0.7
LTFRB_PUJ1131,4085.1,4094.206,service-v1-266e0b1d,True,4085.1,historic_gtfs_service_activity_proxy,DERIVED,False,1225.53,204.255,1429.785,547.403,1026.729,-479.325,-143.798,2042.55,408.51,1702.125,1094.807,936.169,158.638,47.591,2859.57,714.892,1747.515,1915.912,611.63,1304.282,391.284,11.6,climate-v1.0,True,SCENARIO,sakay_gtfs_master_historic|doe_luzon_generation_2024|route2zero_climate_scenario_v1,0.7181,0.7181,0.55,0.35,300,0.3,0.5,0.7
LTFRB_PUJ1132,13048.86,13140.175,service-v1-266e0b1d,True,13048.86,historic_gtfs_service_activity_proxy,DERIVED,False,3914.658,652.443,4567.101,1748.547,3279.635,-1531.088,-459.326,6524.43,1304.886,5437.025,3497.094,2990.364,506.731,152.019,9134.202,2283.55,5582.012,6119.915,1953.704,4166.211,1249.863,39.82,climate-v1.0,True,SCENARIO,sakay_gtfs_master_historic|doe_luzon_generation_2024|route2zero_climate_scenario_v1,0.7181,0.7181,0.55,0.35,300,0.3,0.5,0.7
LTFRB_PUJ1133,13048.86,13140.175,service-v1-266e0b1d,True,13048.86,historic_gtfs_service_activity_proxy,DERIVED,False,3914.658,652.443,4567.101,1748.547,3279.635,-1531.088,-459.326,6524.43,1304.886,5437.025,3497.094,2990.364,506.731,152.019,9134.202,2283.55,5582.012,6119.915,1953.704,4166.211,1249.863,39.82,climate-v1.0,True,SCENARIO,sakay_gtfs_master_historic|doe_luzon_generation_2024|route2zero_climate_scenario_v1,0.7181,0.7181,0.55,0.35,300,0.3,0.5,0.7
LTFRB_PUJ1134,3831.12,3857.106,service-v1-266e0b1d,True,3831.12,historic_gtfs_service_activity_proxy,DERIVED,False,1149.336,191.556,1340.892,513.37,962.895,-449.524,-134.857,1915.56,383.112,1596.3,1026.74,877.965,148.775,44.633,2681.784,670.446,1638.868,1796.795,573.604,1223.191,366.957,10.8,climate-v1.0,True,SCENARIO,sakay_gtfs_master_historic|doe_luzon_generation_2024|route2zero_climate_scenario_v1,0.7181,0.7181,0.55,0.35,300,0.3,0.5,0.7
LTFRB_PUJ1135,3831.12,3857.106,service-v1-266e0b1d,True,3831.12,historic_gtfs_service_activity_proxy,DERIVED,False,1149.336,191.556,1340.892,513.37,962.895,-449.524,-134.857,1915.56,383.112,1596.3,1026.74,877.965,148.775,44.633,2681.784,670.446,1638.868,1796.795,573.604,1223.191,366.957,10.8,climate-v1.0,True,SCENARIO,sakay_gtfs_master_historic|doe_luzon_generation_2024|route2zero_climate_scenario_v1,0.7181,0.7181,0.55,0.35,300,0.3,0.5,0.7
LTFRB_PUJ1136,17467.5,17475.962,service-v1-266e0b1d,True,17467.5,historic_gtfs_service_activity_proxy,DERIVED,False,5240.25,873.375,6113.625,2340.645,4390.194,-2049.549,-614.865,8733.75,1746.75,7278.125,4681.29,4002.969,678.321,203.496,12227.25,3056.812,7472.208,8192.258,2615.273,5576.985,1673.095,53.73,climate-v1.0,True,SCENARIO,sakay_gtfs_master_historic|doe_luzon_generation_2024|route2zero_climate_scenario_v1,0.7181,0.7181,0.55,0.35,300,0.3,0.5,0.7
LTFRB_PUJ1137,15034.8,15292.66,service-v1-266e0b1d,True,15034.8,historic_gtfs_service_activity_proxy,DERIVED,False,4510.44,751.74,5262.18,2014.663,3778.771,-1764.108,-529.232,7517.4,1503.48,6264.5,4029.326,3445.475,583.851,175.155,10524.36,2631.09,6431.553,7051.321,2251.044,4800.278,1440.083,46.08,climate-v1.0,True,SCENARIO,sakay_gtfs_master_historic|doe_luzon_generation_2024|route2zero_climate_scenario_v1,0.7181,0.7181,0.55,0.35,300,0.3,0.5,0.7
LTFRB_PUJ1138,1842.12,1830.81,service-v1-266e0b1d,True,1842.12,historic_gtfs_service_activity_proxy,DERIVED,False,552.636,92.106,644.742,246.844,462.989,-216.145,-64.844,921.06,184.212,767.55,493.688,422.153,71.536,21.461,1289.484,322.371,788.018,863.954,275.806,588.148,176.444,4.54,climate-v1.0,True,SCENARIO,sakay_gtfs_master_historic|doe_luzon_generation_2024|route2zero_climate_scenario_v1,0.7181,0.7181,0.55,0.35,300,0.3,0.5,0.7
LTFRB_PUJ1139,1991.04,1977.806,service-v1-266e0b1d,True,1991.04,historic_gtfs_service_activity_proxy,DERIVED,False,597.312,99.552,696.864,266.799,500.418,-233.619,-70.086,995.52,199.104,829.6,533.599,456.28,77.319,23.196,1393.728,348.432,851.723,933.798,298.103,635.695,190.708,5.01,climate-v1.0,True,SCENARIO,sakay_gtfs_master_historic|doe_luzon_generation_2024|route2zero_climate_scenario_v1,0.7181,0.7181,0.55,0.35,300,0.3,0.5,0.7
LTFRB_PUJ1140,10559.04,10303.306,service-v1-266e0b1d,True,10559.04,historic_gtfs_service_activity_proxy,DERIVED,False,3167.712,527.952,3695.664,1414.911,2653.856,-1238.945,-371.683,5279.52,1055.904,4399.6,2829.823,2419.78,410.043,123.013,7391.328,1847.832,4516.923,4952.19,1580.923,3371.267,1011.38,31.98,climate-v1.0,True,SCENARIO,sakay_gtfs_master_historic|doe_luzon_generation_2024|route2zero_climate_scenario_v1,0.7181,0.7181,0.55,0.35,300,0.3,0.5,0.7
LTFRB_PUJ1141,9042.3,9095.021,service-v1-266e0b1d,True,9042.3,historic_gtfs_service_activity_proxy,DERIVED,False,2712.69,452.115,3164.805,1211.668,2272.646,-1060.978,-318.293,4521.15,904.23,3767.625,2423.336,2072.194,351.143,105.343,6329.61,1582.402,3868.095,4240.839,1353.833,2887.005,866.102,27.21,climate-v1.0,True,SCENARIO,sakay_gtfs_master_historic|doe_luzon_generation_2024|route2zero_climate_scenario_v1,0.7181,0.7181,0.55,0.35,300,0.3,0.5,0.7
LTFRB_PUJ1142,3592.44,3608.769,service-v1-266e0b1d,True,3592.44,historic_gtfs_service_activity_proxy,DERIVED,False,1077.732,179.622,1257.354,481.387,902.906,-421.519,-126.456,1796.22,359.244,1496.85,962.774,823.268,139.506,41.852,2514.708,628.677,1536.766,1684.854,537.868,1146.986,344.096,10.05,climate-v1.0,True,SCENARIO,sakay_gtfs_master_historic|doe_luzon_generation_2024|route2zero_climate_scenario_v1,0.7181,0.7181,0.55,0.35,300,0.3,0.5,0.7
LTFRB_PUJ1143,3592.44,3608.769,service-v1-266e0b1d,True,3592.44,historic_gtfs_service_activity_proxy,DERIVED,False,1077.732,179.622,1257.354,481.387,902.906,-421.519,-126.456,1796.22,359.244,1496.85,962.774,823.268,139.506,41.852,2514.708,628.677,1536.766,1684.854,537.868,1146.986,344.096,10.05,climate-v1.0,True,SCENARIO,sakay_gtfs_master_historic|doe_luzon_generation_2024|route2zero_climate_scenario_v1,0.7181,0.7181,0.55,0.35,300,0.3,0.5,0.7
LTFRB_PUJ1144,3276.24,3346.952,service-v1-266e0b1d,True,3276.24,historic_gtfs_service_activity_proxy,DERIVED,False,982.872,163.812,1146.684,439.016,823.434,-384.418,-115.325,1638.12,327.624,1365.1,878.032,750.805,127.227,38.168,2293.368,573.342,1401.503,1536.557,490.526,1046.031,313.809,9.06,climate-v1.0,True,SCENARIO,sakay_gtfs_master_historic|doe_luzon_generation_2024|route2zero_climate_scenario_v1,0.7181,0.7181,0.55,0.35,300,0.3,0.5,0.7
LTFRB_PUJ1145,3768.9,3804.2,service-v1-266e0b1d,True,3768.9,historic_gtfs_service_activity_proxy,DERIVED,False,1130.67,188.445,1319.115,505.033,947.256,-442.224,-132.667,1884.45,376.89,1570.375,1010.065,863.706,146.359,43.908,2638.23,659.558,1612.252,1767.614,564.288,1203.326,360.998,10.61,climate-v1.0,True,SCENARIO,sakay_gtfs_master_historic|doe_luzon_generation_2024|route2zero_climate_scenario_v1,0.7181,0.7181,0.55,0.35,300,0.3,0.5,0.7
LTFRB_PUJ1146,19673.76,19547.526,service-v1-266e0b1d,True,19673.76,historic_gtfs_service_activity_proxy,DERIVED,False,5902.128,983.688,6885.816,2636.284,4944.704,-2308.421,-692.526,9836.88,1967.376,8197.4,5272.568,4508.57,763.998,229.199,13771.632,3442.908,8415.997,9226.993,2945.599,6281.394,1884.418,60.68,climate-v1.0,True,SCENARIO,sakay_gtfs_master_historic|doe_luzon_generation_2024|route2zero_climate_scenario_v1,0.7181,0.7181,0.55,0.35,300,0.3,0.5,0.7
LTFRB_PUJ1147,20592.78,20494.808,service-v1-266e0b1d,True,20592.78,historic_gtfs_service_activity_proxy,DERIVED,False,6177.834,1029.639,7207.473,2759.433,5175.686,-2416.254,-724.876,10296.39,2059.278,8580.325,5518.865,4719.179,799.686,239.906,14414.946,3603.736,8809.134,9658.014,3083.197,6574.817,1972.445,63.57,climate-v1.0,True,SCENARIO,sakay_gtfs_master_historic|doe_luzon_generation_2024|route2zero_climate_scenario_v1,0.7181,0.7181,0.55,0.35,300,0.3,0.5,0.7
LTFRB_PUJ1148,3176.28,3113.259,service-v1-266e0b1d,True,3176.28,historic_gtfs_service_activity_proxy,DERIVED,False,952.884,158.814,1111.698,425.622,798.31,-372.689,-111.807,1588.14,317.628,1323.45,851.243,727.898,123.346,37.004,2223.396,555.849,1358.742,1489.675,475.56,1014.116,304.235,8.74,climate-v1.0,True,SCENARIO,sakay_gtfs_master_historic|doe_luzon_generation_2024|route2zero_climate_scenario_v1,0.7181,0.7181,0.55,0.35,300,0.3,0.5,0.7
LTFRB_PUJ1149,3179.34,3113.259,service-v1-266e0b1d,True,3179.34,historic_gtfs_service_activity_proxy,DERIVED,False,953.802,158.967,1112.769,426.032,799.079,-373.048,-111.914,1589.67,317.934,1324.725,852.063,728.599,123.464,37.039,2225.538,556.384,1360.051,1491.11,476.018,1015.093,304.528,8.75,climate-v1.0,True,SCENARIO,sakay_gtfs_master_historic|doe_luzon_generation_2024|route2zero_climate_scenario_v1,0.7181,0.7181,0.55,0.35,300,0.3,0.5,0.7
LTFRB_PUJ1150,10813.02,10881.212,service-v1-266e0b1d,True,10813.02,historic_gtfs_service_activity_proxy,DERIVED,False,3243.906,540.651,3784.557,1448.945,2717.69,-1268.746,-380.624,5406.51,1081.302,4505.425,2897.889,2477.984,419.906,125.972,7569.114,1892.278,4625.57,5071.306,1618.949,3452.357,1035.707,32.78,climate-v1.0,True,SCENARIO,sakay_gtfs_master_historic|doe_luzon_generation_2024|route2zero_climate_scenario_v1,0.7181,0.7181,0.55,0.35,300,0.3,0.5,0.7
LTFRB_PUJ1151,10712.04,10839.566,service-v1-266e0b1d,True,10712.04,historic_gtfs_service_activity_proxy,DERIVED,False,3213.612,535.602,3749.214,1435.413,2692.311,-1256.897,-377.069,5356.02,1071.204,4463.35,2870.827,2454.842,415.984,124.795,7498.428,1874.607,4582.373,5023.947,1603.83,3420.116,1026.035,32.47,climate-v1.0,True,SCENARIO,sakay_gtfs_master_historic|doe_luzon_generation_2024|route2zero_climate_scenario_v1,0.7181,0.7181,0.55,0.35,300,0.3,0.5,0.7
LTFRB_PUJ1152,28896.6,29261.192,service-v1-266e0b1d,True,28896.6,historic_gtfs_service_activity_proxy,DERIVED,False,8668.98,1444.83,10113.81,3872.144,7262.727,-3390.583,-1017.175,14448.3,2889.66,12040.25,7744.289,6622.138,1122.151,336.645,20227.62,5056.905,12361.323,13552.505,4326.463,9226.042,2767.813,89.72,climate-v1.0,True,SCENARIO,sakay_gtfs_master_historic|doe_luzon_generation_2024|route2zero_climate_scenario_v1,0.7181,0.7181,0.55,0.35,300,0.3,0.5,0.7
LTFRB_PUJ1153,29243.4,29406.151,service-v1-266e0b1d,True,29243.4,historic_gtfs_service_activity_proxy,DERIVED,False,8773.02,1462.17,10235.19,3918.616,7349.89,-3431.274,-1029.382,14621.7,2924.34,12184.75,7837.231,6701.613,1135.619,340.686,20470.38,5117.595,12509.677,13715.155,4378.387,9336.768,2801.03,90.81,climate-v1.0,True,SCENARIO,sakay_gtfs_master_historic|doe_luzon_generation_2024|route2zero_climate_scenario_v1,0.7181,0.7181,0.55,0.35,300,0.3,0.5,0.7
LTFRB_PUJ1154,22974.48,23271.988,service-v1-266e0b1d,True,22974.48,historic_gtfs_service_activity_proxy,DERIVED,False,6892.344,1148.724,8041.068,3078.58,5774.291,-2695.711,-808.713,11487.24,2297.448,9572.7,6157.161,5264.985,892.176,267.653,16082.136,4020.534,9827.972,10775.031,3439.79,7335.241,2200.572,71.07,climate-v1.0,True,SCENARIO,sakay_gtfs_master_historic|doe_luzon_generation_2024|route2zero_climate_scenario_v1,0.7181,0.7181,0.55,0.35,300,0.3,0.5,0.7
LTFRB_PUJ1155,23080.56,23238.057,service-v1-266e0b1d,True,23080.56,historic_gtfs_service_activity_proxy,DERIVED,False,6924.168,1154.028,8078.196,3092.795,5800.953,-2708.158,-812.447,11540.28,2308.056,9616.9,6185.59,5289.295,896.295,268.889,16156.392,4039.098,9873.351,10824.783,3455.673,7369.11,2210.733,71.41,climate-v1.0,True,SCENARIO,sakay_gtfs_master_historic|doe_luzon_generation_2024|route2zero_climate_scenario_v1,0.7181,0.7181,0.55,0.35,300,0.3,0.5,0.7
LTFRB_PUJ1156,31405.8,29802.558,service-v1-266e0b1d,True,31405.8,historic_gtfs_service_activity_proxy,DERIVED,False,9421.74,1570.29,10992.03,4208.377,7893.377,-3685.0,-1105.5,15702.9,3140.58,13085.75,8416.754,7197.162,1219.592,365.878,21984.06,5496.015,13434.703,14729.32,4702.146,10027.174,3008.152,97.62,climate-v1.0,True,SCENARIO,sakay_gtfs_master_historic|doe_luzon_generation_2024|route2zero_climate_scenario_v1,0.7181,0.7181,0.55,0.35,300,0.3,0.5,0.7
LTFRB_PUJ1157,30118.56,29542.225,service-v1-266e0b1d,True,30118.56,historic_gtfs_service_activity_proxy,DERIVED,False,9035.568,1505.928,10541.496,4035.887,7569.848,-3533.961,-1060.188,15059.28,3011.856,12549.4,8071.774,6902.17,1169.604,350.881,21082.992,5270.748,12884.051,14125.605,4509.418,9616.187,2884.856,93.56,climate-v1.0,True,SCENARIO,sakay_gtfs_master_historic|doe_luzon_generation_2024|route2zero_climate_scenario_v1,0.7181,0.7181,0.55,0.35,300,0.3,0.5,0.7
LTFRB_PUJ1159,2485.74,2443.462,service-v1-266e0b1d,True,2485.74,historic_gtfs_service_activity_proxy,DERIVED,False,745.722,124.287,870.009,333.089,624.753,-291.664,-87.499,1242.87,248.574,1035.725,666.178,569.649,96.53,28.959,1740.018,435.004,1063.344,1165.812,372.171,793.642,238.092,6.57,climate-v1.0,True,SCENARIO,sakay_gtfs_master_historic|doe_luzon_generation_2024|route2zero_climate_scenario_v1,0.7181,0.7181,0.55,0.35,300,0.3,0.5,0.7
LTFRB_PUJ1160,4897.02,5054.949,service-v1-266e0b1d,True,4897.02,historic_gtfs_service_activity_proxy,DERIVED,False,1469.106,244.851,1713.957,656.201,1230.793,-574.592,-172.378,2448.51,489.702,2040.425,1312.401,1122.234,190.168,57.05,3427.914,856.978,2094.836,2296.702,733.193,1563.51,469.053,14.16,climate-v1.0,True,SCENARIO,sakay_gtfs_master_historic|doe_luzon_generation_2024|route2zero_climate_scenario_v1,0.7181,0.7181,0.55,0.35,300,0.3,0.5,0.7
LTFRB_PUJ1161,4916.400000000001,4775.598,service-v1-266e0b1d,True,4916.400000000001,historic_gtfs_service_activity_proxy,DERIVED,False,1474.92,245.82,1720.74,658.798,1235.663,-576.866,-173.06,2458.2,491.64,2048.5,1317.595,1126.675,190.92,57.276,3441.48,860.37,2103.127,2305.792,736.094,1569.697,470.909,14.22,climate-v1.0,True,SCENARIO,sakay_gtfs_master_historic|doe_luzon_generation_2024|route2zero_climate_scenario_v1,0.7181,0.7181,0.55,0.35,300,0.3,0.5,0.7
LTFRB_PUJ1162,2670.36,2661.275,service-v1-266e0b1d,True,2670.36,historic_gtfs_service_activity_proxy,DERIVED,False,801.108,133.518,934.626,357.828,671.155,-313.327,-93.998,1335.18,267.036,1112.65,715.656,611.958,103.699,31.11,1869.252,467.313,1142.321,1252.399,399.812,852.587,255.776,7.15,climate-v1.0,True,SCENARIO,sakay_gtfs_master_historic|doe_luzon_generation_2024|route2zero_climate_scenario_v1,0.7181,0.7181,0.55,0.35,300,0.3,0.5,0.7
LTFRB_PUJ1163,2449.02,2480.39,service-v1-266e0b1d,True,2449.02,historic_gtfs_service_activity_proxy,DERIVED,False,734.706,122.451,857.157,328.169,615.524,-287.356,-86.207,1224.51,244.902,1020.425,656.337,561.234,95.104,28.531,1714.314,428.578,1047.636,1148.59,366.673,781.918,234.575,6.45,climate-v1.0,True,SCENARIO,sakay_gtfs_master_historic|doe_luzon_generation_2024|route2zero_climate_scenario_v1,0.7181,0.7181,0.55,0.35,300,0.3,0.5,0.7
LTFRB_PUJ1164,11785.08,11763.985,service-v1-266e0b1d,True,11785.08,historic_gtfs_service_activity_proxy,DERIVED,False,3535.524,589.254,4124.778,1579.201,2962.003,-1382.802,-414.841,5892.54,1178.508,4910.45,3158.401,2700.748,457.654,137.296,8249.556,2062.389,5041.395,5527.203,1764.488,3762.714,1128.814,35.84,climate-v1.0,True,SCENARIO,sakay_gtfs_master_historic|doe_luzon_generation_2024|route2zero_climate_scenario_v1,0.7181,0.7181,0.55,0.35,300,0.3,0.5,0.7
LTFRB_PUJ1165,11265.9,11398.247,service-v1-266e0b1d,True,11265.9,historic_gtfs_service_activity_proxy,DERIVED,False,3379.77,563.295,3943.065,1509.631,2831.515,-1321.884,-396.565,5632.95,1126.59,4694.125,3019.261,2581.769,437.492,131.248,7886.13,1971.532,4819.302,5283.707,1686.756,3596.952,1079.085,34.21,climate-v1.0,True,SCENARIO,sakay_gtfs_master_historic|doe_luzon_generation_2024|route2zero_climate_scenario_v1,0.7181,0.7181,0.55,0.35,300,0.3,0.5,0.7
LTFRB_PUJ1166,12081.9,12103.852,service-v1-266e0b1d,True,12081.9,historic_gtfs_service_activity_proxy,DERIVED,False,3624.57,604.095,4228.665,1618.975,3036.604,-1417.63,-425.289,6040.95,1208.19,5034.125,3237.949,2768.769,469.18,140.754,8457.33,2114.332,5168.368,5666.411,1808.929,3857.482,1157.245,36.78,climate-v1.0,True,SCENARIO,sakay_gtfs_master_historic|doe_luzon_generation_2024|route2zero_climate_scenario_v1,0.7181,0.7181,0.55,0.35,300,0.3,0.5,0.7
LTFRB_PUJ1167,11939.1,12078.775,service-v1-266e0b1d,True,11939.1,historic_gtfs_service_activity_proxy,DERIVED,False,3581.73,596.955,4178.685,1599.839,3000.714,-1400.874,-420.262,5969.55,1193.91,4974.625,3199.679,2736.044,463.635,139.091,8357.37,2089.342,5107.282,5599.438,1787.549,3811.889,1143.567,36.33,climate-v1.0,True,SCENARIO,sakay_gtfs_master_historic|doe_luzon_generation_2024|route2zero_climate_scenario_v1,0.7181,0.7181,0.55,0.35,300,0.3,0.5,0.7
LTFRB_PUJ1168,10426.44,10303.851,service-v1-266e0b1d,True,10426.44,historic_gtfs_service_activity_proxy,DERIVED,False,3127.932,521.322,3649.254,1397.143,2620.529,-1223.386,-367.016,5213.22,1042.644,4344.35,2794.286,2389.392,404.893,121.468,7298.508,1824.627,4460.199,4890.0,1561.07,3328.931,998.679,31.57,climate-v1.0,True,SCENARIO,sakay_gtfs_master_historic|doe_luzon_generation_2024|route2zero_climate_scenario_v1,0.7181,0.7181,0.55,0.35,300,0.3,0.5,0.7
LTFRB_PUJ1169,10573.32,10474.799,service-v1-266e0b1d,True,10573.32,historic_gtfs_service_activity_proxy,DERIVED,False,3171.996,528.666,3700.662,1416.825,2657.445,-1240.621,-372.186,5286.66,1057.332,4405.55,2833.65,2423.053,410.597,123.179,7401.324,1850.331,4523.031,4958.887,1583.061,3375.826,1012.748,32.03,climate-v1.0,True,SCENARIO,sakay_gtfs_master_historic|doe_luzon_generation_2024|route2zero_climate_scenario_v1,0.7181,0.7181,0.55,0.35,300,0.3,0.5,0.7
LTFRB_PUJ1170,9456.42,9439.064,service-v1-266e0b1d,True,9456.42,historic_gtfs_service_activity_proxy,DERIVED,False,2836.926,472.821,3309.747,1267.16,2376.729,-1109.569,-332.871,4728.21,945.642,3940.175,2534.321,2167.096,367.224,110.167,6619.494,1654.874,4045.246,4435.061,1415.836,3019.225,905.767,28.51,climate-v1.0,True,SCENARIO,sakay_gtfs_master_historic|doe_luzon_generation_2024|route2zero_climate_scenario_v1,0.7181,0.7181,0.55,0.35,300,0.3,0.5,0.7
LTFRB_PUJ1171,10096.98,9997.402,service-v1-266e0b1d,True,10096.98,historic_gtfs_service_activity_proxy,DERIVED,False,3029.094,504.849,3533.943,1352.995,2537.724,-1184.729,-355.419,5048.49,1009.698,4207.075,2705.991,2313.891,392.099,117.63,7067.886,1766.971,4319.264,4735.484,1511.742,3223.741,967.122,30.53,climate-v1.0,True,SCENARIO,sakay_gtfs_master_historic|doe_luzon_generation_2024|route2zero_climate_scenario_v1,0.7181,0.7181,0.55,0.35,300,0.3,0.5,0.7
LTFRB_PUJ1172,2422.5,2424.953,service-v1-266e0b1d,True,2422.5,historic_gtfs_service_activity_proxy,DERIVED,False,726.75,121.125,847.875,324.615,608.859,-284.244,-85.273,1211.25,242.25,1009.375,649.23,555.156,94.074,28.222,1695.75,423.938,1036.292,1136.153,362.702,773.45,232.035,6.37,climate-v1.0,True,SCENARIO,sakay_gtfs_master_historic|doe_luzon_generation_2024|route2zero_climate_scenario_v1,0.7181,0.7181,0.55,0.35,300,0.3,0.5,0.7
LTFRB_PUJ1173,5910.9,6016.556,service-v1-266e0b1d,True,5910.9,historic_gtfs_service_activity_proxy,DERIVED,False,1773.27,295.545,2068.815,792.061,1485.616,-693.555,-208.067,2955.45,591.09,2462.875,1584.121,1354.581,229.54,68.862,4137.63,1034.407,2528.552,2772.212,884.993,1887.219,566.166,17.35,climate-v1.0,True,SCENARIO,sakay_gtfs_master_historic|doe_luzon_generation_2024|route2zero_climate_scenario_v1,0.7181,0.7181,0.55,0.35,300,0.3,0.5,0.7
LTFRB_PUJ1174,11655.54,11621.242,service-v1-266e0b1d,True,11655.54,historic_gtfs_service_activity_proxy,DERIVED,False,3496.662,582.777,4079.439,1561.842,2929.445,-1367.603,-410.281,5827.77,1165.554,4856.475,3123.685,2671.061,452.623,135.787,8158.878,2039.72,4985.981,5466.448,1745.093,3721.355,1116.406,35.44,climate-v1.0,True,SCENARIO,sakay_gtfs_master_historic|doe_luzon_generation_2024|route2zero_climate_scenario_v1,0.7181,0.7181,0.55,0.35,300,0.3,0.5,0.7
LTFRB_PUJ1175,11532.12,11606.172,service-v1-266e0b1d,True,11532.12,historic_gtfs_service_activity_proxy,DERIVED,False,3459.636,576.606,4036.242,1545.304,2898.425,-1353.121,-405.936,5766.06,1153.212,4805.05,3090.608,2642.778,447.831,134.349,8072.484,2018.121,4933.185,5408.564,1726.615,3681.95,1104.585,35.05,climate-v1.0,True,SCENARIO,sakay_gtfs_master_historic|doe_luzon_generation_2024|route2zero_climate_scenario_v1,0.7181,0.7181,0.55,0.35,300,0.3,0.5,0.7
LTFRB_PUJ1176,11189.4,11289.451,service-v1-266e0b1d,True,11189.4,historic_gtfs_service_activity_proxy,DERIVED,False,3356.82,559.47,3916.29,1499.38,2812.288,-1312.908,-393.872,5594.7,1118.94,4662.25,2998.759,2564.237,434.522,130.357,7832.58,1958.145,4786.577,5247.829,1675.302,3572.527,1071.758,33.97,climate-v1.0,True,SCENARIO,sakay_gtfs_master_historic|doe_luzon_generation_2024|route2zero_climate_scenario_v1,0.7181,0.7181,0.55,0.35,300,0.3,0.5,0.7
LTFRB_PUJ1177,10622.28,10756.727,service-v1-266e0b1d,True,10622.28,historic_gtfs_service_activity_proxy,DERIVED,False,3186.684,531.114,3717.798,1423.386,2669.751,-1246.365,-373.91,5311.14,1062.228,4425.95,2846.771,2434.273,412.499,123.75,7435.596,1858.899,4543.975,4981.849,1590.391,3391.458,1017.437,32.18,climate-v1.0,True,SCENARIO,sakay_gtfs_master_historic|doe_luzon_generation_2024|route2zero_climate_scenario_v1,0.7181,0.7181,0.55,0.35,300,0.3,0.5,0.7
LTFRB_PUJ1178,11386.26,11323.542,service-v1-266e0b1d,True,11386.26,historic_gtfs_service_activity_proxy,DERIVED,False,3415.878,569.313,3985.191,1525.759,2861.766,-1336.007,-400.802,5693.13,1138.626,4744.275,3051.518,2609.351,442.166,132.65,7970.382,1992.596,4870.789,5340.156,1704.776,3635.38,1090.614,34.59,climate-v1.0,True,SCENARIO,sakay_gtfs_master_historic|doe_luzon_generation_2024|route2zero_climate_scenario_v1,0.7181,0.7181,0.55,0.35,300,0.3,0.5,0.7
LTFRB_PUJ1179,10856.88,10705.194,service-v1-266e0b1d,True,10856.88,historic_gtfs_service_activity_proxy,DERIVED,False,3257.064,542.844,3799.908,1454.822,2728.714,-1273.892,-382.168,5428.44,1085.688,4523.7,2909.644,2488.035,421.609,126.483,7599.816,1899.954,4644.332,5091.877,1625.516,3466.361,1039.908,32.92,climate-v1.0,True,SCENARIO,sakay_gtfs_master_historic|doe_luzon_generation_2024|route2zero_climate_scenario_v1,0.7181,0.7181,0.55,0.35,300,0.3,0.5,0.7
LTFRB_PUJ1180,7499.04,7549.082,service-v1-266e0b1d,True,7499.04,historic_gtfs_service_activity_proxy,DERIVED,False,2249.712,374.952,2624.664,1004.871,1884.771,-879.9,-263.97,3749.52,749.904,3124.6,2009.743,1718.53,291.213,87.364,5249.328,1312.332,3207.923,3517.05,1122.773,2394.277,718.283,22.35,climate-v1.0,True,SCENARIO,sakay_gtfs_master_historic|doe_luzon_generation_2024|route2zero_climate_scenario_v1,0.7181,0.7181,0.55,0.35,300,0.3,0.5,0.7
LTFRB_PUJ1181,7508.219999999999,7546.322,service-v1-266e0b1d,True,7508.219999999999,historic_gtfs_service_activity_proxy,DERIVED,False,2252.466,375.411,2627.877,1006.101,1887.078,-880.977,-264.293,3754.11,750.822,3128.425,2012.203,1720.634,291.569,87.471,5255.754,1313.938,3211.85,3521.355,1124.147,2397.208,719.162,22.38,climate-v1.0,True,SCENARIO,sakay_gtfs_master_historic|doe_luzon_generation_2024|route2zero_climate_scenario_v1,0.7181,0.7181,0.55,0.35,300,0.3,0.5,0.7
LTFRB_PUJ1182,2473.5,2572.992,service-v1-266e0b1d,True,2473.5,historic_gtfs_service_activity_proxy,DERIVED,False,742.05,123.675,865.725,331.449,621.677,-290.228,-87.068,1236.75,247.35,1030.625,662.898,566.844,96.054,28.816,1731.45,432.862,1058.108,1160.072,370.338,789.734,236.92,6.53,climate-v1.0,True,SCENARIO,sakay_gtfs_master_historic|doe_luzon_generation_2024|route2zero_climate_scenario_v1,0.7181,0.7181,0.55,0.35,300,0.3,0.5,0.7
LTFRB_PUJ1183,2619.36,2666.443,service-v1-266e0b1d,True,2619.36,historic_gtfs_service_activity_proxy,DERIVED,False,785.808,130.968,916.776,350.994,658.337,-307.343,-92.203,1309.68,261.936,1091.4,701.988,600.27,101.718,30.516,1833.552,458.388,1120.504,1228.48,392.176,836.303,250.891,6.99,climate-v1.0,True,SCENARIO,sakay_gtfs_master_historic|doe_luzon_generation_2024|route2zero_climate_scenario_v1,0.7181,0.7181,0.55,0.35,300,0.3,0.5,0.7
LTFRB_PUJ1184,8412.96,8526.214,service-v1-266e0b1d,True,8412.96,historic_gtfs_service_activity_proxy,DERIVED,False,2523.888,420.648,2944.536,1127.337,2114.471,-987.135,-296.14,4206.48,841.296,3505.4,2254.673,1927.97,326.703,98.011,5889.072,1472.268,3598.877,3945.678,1259.607,2686.071,805.821,25.23,climate-v1.0,True,SCENARIO,sakay_gtfs_master_historic|doe_luzon_generation_2024|route2zero_climate_scenario_v1,0.7181,0.7181,0.55,0.35,300,0.3,0.5,0.7
LTFRB_PUJ1185,8220.179999999998,8186.602,service-v1-266e0b1d,True,8220.179999999998,historic_gtfs_service_activity_proxy,DERIVED,False,2466.054,411.009,2877.063,1101.504,2066.019,-964.515,-289.354,4110.09,822.018,3425.075,2203.008,1883.791,319.217,95.765,5754.126,1438.531,3516.41,3855.264,1230.744,2624.521,787.356,24.62,climate-v1.0,True,SCENARIO,sakay_gtfs_master_historic|doe_luzon_generation_2024|route2zero_climate_scenario_v1,0.7181,0.7181,0.55,0.35,300,0.3,0.5,0.7
LTFRB_PUJ1186,9320.76,9277.774,service-v1-266e0b1d,True,9320.76,historic_gtfs_service_activity_proxy,DERIVED,False,2796.228,466.038,3262.266,1248.982,2342.633,-1093.651,-328.095,4660.38,932.076,3883.65,2497.964,2136.008,361.956,108.587,6524.532,1631.133,3987.214,4371.436,1395.525,2975.912,892.773,28.09,climate-v1.0,True,SCENARIO,sakay_gtfs_master_historic|doe_luzon_generation_2024|route2zero_climate_scenario_v1,0.7181,0.7181,0.55,0.35,300,0.3,0.5,0.7
LTFRB_PUJ1187,9330.96,9308.963,service-v1-266e0b1d,True,9330.96,historic_gtfs_service_activity_proxy,DERIVED,False,2799.288,466.548,3265.836,1250.349,2345.197,-1094.848,-328.454,4665.48,933.096,3887.9,2500.697,2138.345,362.352,108.706,6531.672,1632.918,3991.577,4376.22,1397.052,2979.168,893.75,28.12,climate-v1.0,True,SCENARIO,sakay_gtfs_master_historic|doe_luzon_generation_2024|route2zero_climate_scenario_v1,0.7181,0.7181,0.55,0.35,300,0.3,0.5,0.7
LTFRB_PUJ1188,4039.2,3976.721,service-v1-266e0b1d,True,4039.2,historic_gtfs_service_activity_proxy,DERIVED,False,1211.76,201.96,1413.72,541.253,1015.192,-473.94,-142.182,2019.6,403.92,1683.0,1082.506,925.65,156.856,47.057,2827.44,706.86,1727.88,1894.385,604.758,1289.627,386.888,11.46,climate-v1.0,True,SCENARIO,sakay_gtfs_master_historic|doe_luzon_generation_2024|route2zero_climate_scenario_v1,0.7181,0.7181,0.55,0.35,300,0.3,0.5,0.7
LTFRB_PUJ1189,5022.4800000000005,5234.084,service-v1-266e0b1d,True,5022.4800000000005,historic_gtfs_service_activity_proxy,DERIVED,False,1506.744,251.124,1757.868,673.012,1262.325,-589.313,-176.794,2511.24,502.248,2092.7,1346.025,1150.985,195.04,58.512,3515.736,878.934,2148.505,2355.543,751.977,1603.566,481.07,14.55,climate-v1.0,True,SCENARIO,sakay_gtfs_master_historic|doe_luzon_generation_2024|route2zero_climate_scenario_v1,0.7181,0.7181,0.55,0.35,300,0.3,0.5,0.7
LTFRB_PUJ1190,3611.82,3506.55,service-v1-266e0b1d,True,3611.82,historic_gtfs_service_activity_proxy,DERIVED,False,1083.546,180.591,1264.137,483.984,907.777,-423.793,-127.138,1805.91,361.182,1504.925,967.968,827.709,140.259,42.078,2528.274,632.068,1545.056,1693.944,540.77,1153.174,345.952,10.11,climate-v1.0,True,SCENARIO,sakay_gtfs_master_historic|doe_luzon_generation_2024|route2zero_climate_scenario_v1,0.7181,0.7181,0.55,0.35,300,0.3,0.5,0.7
LTFRB_PUJ1191,3986.16,3951.07,service-v1-266e0b1d,True,3986.16,historic_gtfs_service_activity_proxy,DERIVED,False,1195.848,199.308,1395.156,534.145,1001.862,-467.716,-140.315,1993.08,398.616,1660.9,1068.291,913.495,154.796,46.439,2790.312,697.578,1705.191,1869.509,596.817,1272.692,381.808,11.29,climate-v1.0,True,SCENARIO,sakay_gtfs_master_historic|doe_luzon_generation_2024|route2zero_climate_scenario_v1,0.7181,0.7181,0.55,0.35,300,0.3,0.5,0.7
LTFRB_PUJ1192,4187.1,4154.451,service-v1-266e0b1d,True,4187.1,historic_gtfs_service_activity_proxy,DERIVED,False,1256.13,209.355,1465.485,561.071,1052.365,-491.293,-147.388,2093.55,418.71,1744.625,1122.143,959.544,162.599,48.78,2930.97,732.743,1791.148,1963.75,626.902,1336.848,401.054,11.92,climate-v1.0,True,SCENARIO,sakay_gtfs_master_historic|doe_luzon_generation_2024|route2zero_climate_scenario_v1,0.7181,0.7181,0.55,0.35,300,0.3,0.5,0.7
LTFRB_PUJ1193,4105.5,4254.138,service-v1-266e0b1d,True,4105.5,historic_gtfs_service_activity_proxy,DERIVED,False,1231.65,205.275,1436.925,550.137,1031.856,-481.719,-144.516,2052.75,410.55,1710.625,1100.274,940.844,159.43,47.829,2873.85,718.462,1756.242,1925.48,614.685,1310.795,393.238,11.67,climate-v1.0,True,SCENARIO,sakay_gtfs_master_historic|doe_luzon_generation_2024|route2zero_climate_scenario_v1,0.7181,0.7181,0.55,0.35,300,0.3,0.5,0.7
LTFRB_PUJ1194,6857.46,6866.57,service-v1-266e0b1d,True,6857.46,historic_gtfs_service_activity_proxy,DERIVED,False,2057.238,342.873,2400.111,918.9,1723.52,-804.62,-241.386,3428.73,685.746,2857.275,1837.799,1571.501,266.298,79.889,4800.222,1200.056,2933.469,3216.149,1026.714,2189.435,656.83,20.33,climate-v1.0,True,SCENARIO,sakay_gtfs_master_historic|doe_luzon_generation_2024|route2zero_climate_scenario_v1,0.7181,0.7181,0.55,0.35,300,0.3,0.5,0.7
LTFRB_PUJ1195,6931.92,6869.664,service-v1-266e0b1d,True,6931.92,historic_gtfs_service_activity_proxy,DERIVED,False,2079.576,346.596,2426.172,928.877,1742.234,-813.357,-244.007,3465.96,693.192,2888.3,1857.755,1588.565,269.19,80.757,4852.344,1213.086,2965.321,3251.07,1037.862,2213.208,663.962,20.57,climate-v1.0,True,SCENARIO,sakay_gtfs_master_historic|doe_luzon_generation_2024|route2zero_climate_scenario_v1,0.7181,0.7181,0.55,0.35,300,0.3,0.5,0.7
LTFRB_PUJ1196,4943.9400000000005,4793.042,service-v1-266e0b1d,True,4943.9400000000005,historic_gtfs_service_activity_proxy,DERIVED,False,1483.182,247.197,1730.379,662.488,1242.585,-580.097,-174.029,2471.97,494.394,2059.975,1324.976,1132.986,191.99,57.597,3460.758,865.19,2114.908,2318.708,740.218,1578.49,473.547,14.31,climate-v1.0,True,SCENARIO,sakay_gtfs_master_historic|doe_luzon_generation_2024|route2zero_climate_scenario_v1,0.7181,0.7181,0.55,0.35,300,0.3,0.5,0.7
LTFRB_PUJ1197,4519.62,4547.215,service-v1-266e0b1d,True,4519.62,historic_gtfs_service_activity_proxy,DERIVED,False,1355.886,225.981,1581.867,605.629,1135.939,-530.31,-159.093,2259.81,451.962,1883.175,1211.258,1035.746,175.512,52.654,3163.734,790.934,1933.393,2119.702,676.688,1443.014,432.904,12.97,climate-v1.0,True,SCENARIO,sakay_gtfs_master_historic|doe_luzon_generation_2024|route2zero_climate_scenario_v1,0.7181,0.7181,0.55,0.35,300,0.3,0.5,0.7
LTFRB_PUJ1198,1151.58,1173.212,service-v1-266e0b1d,True,1151.58,historic_gtfs_service_activity_proxy,DERIVED,False,345.474,57.579,403.053,154.312,289.432,-135.121,-40.536,575.79,115.158,479.825,308.623,263.904,44.72,13.416,806.106,201.526,492.62,540.091,172.417,367.674,110.302,2.37,climate-v1.0,True,SCENARIO,sakay_gtfs_master_historic|doe_luzon_generation_2024|route2zero_climate_scenario_v1,0.7181,0.7181,0.55,0.35,300,0.3,0.5,0.7
LTFRB_PUJ1199,1924.74,2021.155,service-v1-266e0b1d,True,1924.74,historic_gtfs_service_activity_proxy,DERIVED,False,577.422,96.237,673.659,257.915,483.755,-225.839,-67.752,962.37,192.474,801.975,515.83,441.086,74.744,22.423,1347.318,336.83,823.361,902.703,288.176,614.527,184.358,4.8,climate-v1.0,True,SCENARIO,sakay_gtfs_master_historic|doe_luzon_generation_2024|route2zero_climate_scenario_v1,0.7181,0.7181,0.55,0.35,300,0.3,0.5,0.7
LTFRB_PUJ1200,15696.78,15893.926,service-v1-266e0b1d,True,15696.78,historic_gtfs_service_activity_proxy,DERIVED,False,4709.034,784.839,5493.873,2103.369,3945.15,-1841.782,-552.535,7848.39,1569.678,6540.325,4206.737,3597.179,609.558,182.867,10987.746,2746.936,6714.734,7361.79,2350.157,5011.633,1503.49,48.16,climate-v1.0,True,SCENARIO,sakay_gtfs_master_historic|doe_luzon_generation_2024|route2zero_climate_scenario_v1,0.7181,0.7181,0.55,0.35,300,0.3,0.5,0.7
LTFRB_PUJ1201,14426.88,14140.085,service-v1-266e0b1d,True,14426.88,historic_gtfs_service_activity_proxy,DERIVED,False,4328.064,721.344,5049.408,1933.202,3625.98,-1692.778,-507.833,7213.44,1442.688,6011.2,3866.404,3306.16,560.244,168.073,10098.816,2524.704,6171.499,6766.207,2160.025,4606.182,1381.855,44.16,climate-v1.0,True,SCENARIO,sakay_gtfs_master_historic|doe_luzon_generation_2024|route2zero_climate_scenario_v1,0.7181,0.7181,0.55,0.35,300,0.3,0.5,0.7
LTFRB_PUJ1202,8121.24,8333.308,service-v1-266e0b1d,True,8121.24,historic_gtfs_service_activity_proxy,DERIVED,False,2436.372,406.062,2842.434,1088.246,2041.152,-952.906,-285.872,4060.62,812.124,3383.85,2176.492,1861.118,315.375,94.612,5684.868,1421.217,3474.086,3808.862,1215.93,2592.931,777.879,24.31,climate-v1.0,True,SCENARIO,sakay_gtfs_master_historic|doe_luzon_generation_2024|route2zero_climate_scenario_v1,0.7181,0.7181,0.55,0.35,300,0.3,0.5,0.7
LTFRB_PUJ1203,7384.8,7112.921,service-v1-266e0b1d,True,7384.8,historic_gtfs_service_activity_proxy,DERIVED,False,2215.44,369.24,2584.68,989.563,1856.059,-866.496,-259.949,3692.4,738.48,3077.0,1979.126,1692.35,286.776,86.033,5169.36,1292.34,3159.053,3463.471,1105.669,2357.803,707.341,21.99,climate-v1.0,True,SCENARIO,sakay_gtfs_master_historic|doe_luzon_generation_2024|route2zero_climate_scenario_v1,0.7181,0.7181,0.55,0.35,300,0.3,0.5,0.7
LTFRB_PUJ1204,11633.1,11498.53,service-v1-266e0b1d,True,11633.1,historic_gtfs_service_activity_proxy,DERIVED,False,3489.93,581.655,4071.585,1558.835,2923.805,-1364.97,-409.491,5816.55,1163.31,4847.125,3117.671,2665.919,451.752,135.526,8143.17,2035.792,4976.382,5455.924,1741.734,3714.19,1114.257,35.37,climate-v1.0,True,SCENARIO,sakay_gtfs_master_historic|doe_luzon_generation_2024|route2zero_climate_scenario_v1,0.7181,0.7181,0.55,0.35,300,0.3,0.5,0.7
LTFRB_PUJ1205,12625.56,12549.272,service-v1-266e0b1d,True,12625.56,historic_gtfs_service_activity_proxy,DERIVED,False,3787.668,631.278,4418.946,1691.825,3173.245,-1481.42,-444.426,6312.78,1262.556,5260.65,3383.65,2893.358,490.293,147.088,8837.892,2209.473,5400.934,5921.388,1890.327,4031.061,1209.318,38.49,climate-v1.0,True,SCENARIO,sakay_gtfs_master_historic|doe_luzon_generation_2024|route2zero_climate_scenario_v1,0.7181,0.7181,0.55,0.35,300,0.3,0.5,0.7
LTFRB_PUJ1206,6349.5,6317.796,service-v1-266e0b1d,True,6349.5,historic_gtfs_service_activity_proxy,DERIVED,False,1904.85,317.475,2222.325,850.833,1595.852,-745.019,-223.506,3174.75,634.95,2645.625,1701.666,1455.094,246.572,73.972,4444.65,1111.162,2716.175,2977.916,950.661,2027.254,608.176,18.73,climate-v1.0,True,SCENARIO,sakay_gtfs_master_historic|doe_luzon_generation_2024|route2zero_climate_scenario_v1,0.7181,0.7181,0.55,0.35,300,0.3,0.5,0.7
LTFRB_PUJ1207,6301.56,6319.694,service-v1-266e0b1d,True,6301.56,historic_gtfs_service_activity_proxy,DERIVED,False,1890.468,315.078,2205.546,844.409,1583.803,-739.394,-221.818,3150.78,630.156,2625.65,1688.818,1444.108,244.711,73.413,4411.092,1102.773,2695.667,2955.432,943.484,2011.948,603.584,18.58,climate-v1.0,True,SCENARIO,sakay_gtfs_master_historic|doe_luzon_generation_2024|route2zero_climate_scenario_v1,0.7181,0.7181,0.55,0.35,300,0.3,0.5,0.7
LTFRB_PUJ1208,6513.72,6551.17,service-v1-266e0b1d,True,6513.72,historic_gtfs_service_activity_proxy,DERIVED,False,1954.116,325.686,2279.802,872.838,1637.126,-764.287,-229.286,3256.86,651.372,2714.05,1745.677,1492.728,252.949,75.885,4559.604,1139.901,2786.425,3054.935,975.249,2079.686,623.906,19.25,climate-v1.0,True,SCENARIO,sakay_gtfs_master_historic|doe_luzon_generation_2024|route2zero_climate_scenario_v1,0.7181,0.7181,0.55,0.35,300,0.3,0.5,0.7
LTFRB_PUJ1209,7872.36,7538.9,service-v1-266e0b1d,True,7872.36,historic_gtfs_service_activity_proxy,DERIVED,False,2361.708,393.618,2755.326,1054.896,1978.6,-923.703,-277.111,3936.18,787.236,3280.15,2109.792,1804.082,305.71,91.713,5510.652,1377.663,3367.621,3692.137,1178.667,2513.47,754.041,23.53,climate-v1.0,True,SCENARIO,sakay_gtfs_master_historic|doe_luzon_generation_2024|route2zero_climate_scenario_v1,0.7181,0.7181,0.55,0.35,300,0.3,0.5,0.7
LTFRB_PUJ1210,6275.04,6207.048,service-v1-266e0b1d,True,6275.04,historic_gtfs_service_activity_proxy,DERIVED,False,1882.512,313.752,2196.264,840.855,1577.137,-736.282,-220.885,3137.52,627.504,2614.6,1681.711,1438.03,243.681,73.104,4392.528,1098.132,2684.323,2942.994,939.513,2003.481,601.044,18.5,climate-v1.0,True,SCENARIO,sakay_gtfs_master_historic|doe_luzon_generation_2024|route2zero_climate_scenario_v1,0.7181,0.7181,0.55,0.35,300,0.3,0.5,0.7
LTFRB_PUJ1211,5484.54,5426.421,service-v1-266e0b1d,True,5484.54,historic_gtfs_service_activity_proxy,DERIVED,False,1645.362,274.227,1919.589,734.928,1378.457,-643.529,-193.059,2742.27,548.454,2285.225,1469.857,1256.874,212.983,63.895,3839.178,959.794,2346.164,2572.249,821.158,1751.092,525.328,16.01,climate-v1.0,True,SCENARIO,sakay_gtfs_master_historic|doe_luzon_generation_2024|route2zero_climate_scenario_v1,0.7181,0.7181,0.55,0.35,300,0.3,0.5,0.7
LTFRB_PUJ1212,7285.86,7163.331,service-v1-266e0b1d,True,7285.86,historic_gtfs_service_activity_proxy,DERIVED,False,2185.758,364.293,2550.051,976.305,1831.192,-854.886,-256.466,3642.93,728.586,3035.775,1952.61,1669.676,282.934,84.88,5100.102,1275.026,3116.729,3417.068,1090.855,2326.213,697.864,21.68,climate-v1.0,True,SCENARIO,sakay_gtfs_master_historic|doe_luzon_generation_2024|route2zero_climate_scenario_v1,0.7181,0.7181,0.55,0.35,300,0.3,0.5,0.7
LTFRB_PUJ1213,7591.86,7494.26,service-v1-266e0b1d,True,7591.86,historic_gtfs_service_activity_proxy,DERIVED,False,2277.558,379.593,2657.151,1017.309,1908.1,-890.791,-267.237,3795.93,759.186,3163.275,2034.618,1739.801,294.817,88.445,5314.302,1328.576,3247.629,3560.582,1136.67,2423.912,727.174,22.64,climate-v1.0,True,SCENARIO,sakay_gtfs_master_historic|doe_luzon_generation_2024|route2zero_climate_scenario_v1,0.7181,0.7181,0.55,0.35,300,0.3,0.5,0.7
LTFRB_PUJ1214,3013.0800000000004,3060.339,service-v1-266e0b1d,True,3013.0800000000004,historic_gtfs_service_activity_proxy,DERIVED,False,903.924,150.654,1054.578,403.753,757.292,-353.54,-106.062,1506.54,301.308,1255.45,807.505,690.498,117.008,35.102,2109.156,527.289,1288.929,1413.135,451.125,962.009,288.603,8.23,climate-v1.0,True,SCENARIO,sakay_gtfs_master_historic|doe_luzon_generation_2024|route2zero_climate_scenario_v1,0.7181,0.7181,0.55,0.35,300,0.3,0.5,0.7
LTFRB_PUJ1215,3013.0800000000004,3060.339,service-v1-266e0b1d,True,3013.0800000000004,historic_gtfs_service_activity_proxy,DERIVED,False,903.924,150.654,1054.578,403.753,757.292,-353.54,-106.062,1506.54,301.308,1255.45,807.505,690.498,117.008,35.102,2109.156,527.289,1288.929,1413.135,451.125,962.009,288.603,8.23,climate-v1.0,True,SCENARIO,sakay_gtfs_master_historic|doe_luzon_generation_2024|route2zero_climate_scenario_v1,0.7181,0.7181,0.55,0.35,300,0.3,0.5,0.7
LTFRB_PUJ1216,4035.12,4004.904,service-v1-266e0b1d,True,4035.12,historic_gtfs_service_activity_proxy,DERIVED,False,1210.536,201.756,1412.292,540.706,1014.167,-473.461,-142.038,2017.56,403.512,1681.3,1081.412,924.715,156.697,47.009,2824.584,706.146,1726.135,1892.471,604.147,1288.324,386.497,11.45,climate-v1.0,True,SCENARIO,sakay_gtfs_master_historic|doe_luzon_generation_2024|route2zero_climate_scenario_v1,0.7181,0.7181,0.55,0.35,300,0.3,0.5,0.7
LTFRB_PUJ1217,4035.12,4004.904,service-v1-266e0b1d,True,4035.12,historic_gtfs_service_activity_proxy,DERIVED,False,1210.536,201.756,1412.292,540.706,1014.167,-473.461,-142.038,2017.56,403.512,1681.3,1081.412,924.715,156.697,47.009,2824.584,706.146,1726.135,1892.471,604.147,1288.324,386.497,11.45,climate-v1.0,True,SCENARIO,sakay_gtfs_master_historic|doe_luzon_generation_2024|route2zero_climate_scenario_v1,0.7181,0.7181,0.55,0.35,300,0.3,0.5,0.7
LTFRB_PUJ1218,15312.24,15298.643,service-v1-266e0b1d,True,15312.24,historic_gtfs_service_activity_proxy,DERIVED,False,4593.672,765.612,5359.284,2051.84,3848.502,-1796.662,-538.999,7656.12,1531.224,6380.1,4103.68,3509.055,594.625,178.388,10718.568,2679.642,6550.236,7181.441,2292.583,4888.858,1466.657,46.95,climate-v1.0,True,SCENARIO,sakay_gtfs_master_historic|doe_luzon_generation_2024|route2zero_climate_scenario_v1,0.7181,0.7181,0.55,0.35,300,0.3,0.5,0.7
LTFRB_PUJ1219,15312.24,15298.643,service-v1-266e0b1d,True,15312.24,historic_gtfs_service_activity_proxy,DERIVED,False,4593.672,765.612,5359.284,2051.84,3848.502,-1796.662,-538.999,7656.12,1531.224,6380.1,4103.68,3509.055,594.625,178.388,10718.568,2679.642,6550.236,7181.441,2292.583,4888.858,1466.657,46.95,climate-v1.0,True,SCENARIO,sakay_gtfs_master_historic|doe_luzon_generation_2024|route2zero_climate_scenario_v1,0.7181,0.7181,0.55,0.35,300,0.3,0.5,0.7
LTFRB_PUJ1220,3582.24,3809.433,service-v1-266e0b1d,True,3582.24,historic_gtfs_service_activity_proxy,DERIVED,False,1074.672,179.112,1253.784,480.02,900.342,-420.322,-126.097,1791.12,358.224,1492.6,960.04,820.93,139.11,41.733,2507.568,626.892,1532.403,1680.071,536.341,1143.73,343.119,10.02,climate-v1.0,True,SCENARIO,sakay_gtfs_master_historic|doe_luzon_generation_2024|route2zero_climate_scenario_v1,0.7181,0.7181,0.55,0.35,300,0.3,0.5,0.7
LTFRB_PUJ1221,3150.78,3318.338,service-v1-266e0b1d,True,3150.78,historic_gtfs_service_activity_proxy,DERIVED,False,945.234,157.539,1102.773,422.205,791.901,-369.697,-110.909,1575.39,315.078,1312.825,844.409,722.054,122.355,36.707,2205.546,551.386,1347.834,1477.716,471.742,1005.974,301.792,8.66,climate-v1.0,True,SCENARIO,sakay_gtfs_master_historic|doe_luzon_generation_2024|route2zero_climate_scenario_v1,0.7181,0.7181,0.55,0.35,300,0.3,0.5,0.7
LTFRB_PUJ1222,4953.12,4959.532,service-v1-266e0b1d,True,4953.12,historic_gtfs_service_activity_proxy,DERIVED,False,1485.936,247.656,1733.592,663.718,1244.892,-581.174,-174.352,2476.56,495.312,2063.8,1327.436,1135.09,192.346,57.704,3467.184,866.796,2118.835,2323.013,741.592,1581.421,474.426,14.34,climate-v1.0,True,SCENARIO,sakay_gtfs_master_historic|doe_luzon_generation_2024|route2zero_climate_scenario_v1,0.7181,0.7181,0.55,0.35,300,0.3,0.5,0.7
LTFRB_PUJ1223,4761.360000000001,4762.316,service-v1-266e0b1d,True,4761.360000000001,historic_gtfs_service_activity_proxy,DERIVED,False,1428.408,238.068,1666.476,638.022,1196.696,-558.674,-167.602,2380.68,476.136,1983.9,1276.044,1091.145,184.899,55.47,3332.952,833.238,2036.804,2233.078,712.881,1520.196,456.059,13.73,climate-v1.0,True,SCENARIO,sakay_gtfs_master_historic|doe_luzon_generation_2024|route2zero_climate_scenario_v1,0.7181,0.7181,0.55,0.35,300,0.3,0.5,0.7
LTFRB_PUJ1224,10526.4,10524.892,service-v1-266e0b1d,True,10526.4,historic_gtfs_service_activity_proxy,DERIVED,False,3157.92,526.32,3684.24,1410.538,2645.653,-1235.115,-370.535,5263.2,1052.64,4386.0,2821.075,2412.3,408.775,122.633,7368.48,1842.12,4502.96,4936.882,1576.036,3360.846,1008.254,31.88,climate-v1.0,True,SCENARIO,sakay_gtfs_master_historic|doe_luzon_generation_2024|route2zero_climate_scenario_v1,0.7181,0.7181,0.55,0.35,300,0.3,0.5,0.7
LTFRB_PUJ1225,9443.16,9379.72,service-v1-266e0b1d,True,9443.16,historic_gtfs_service_activity_proxy,DERIVED,False,2832.948,472.158,3305.106,1265.383,2373.397,-1108.013,-332.404,4721.58,944.316,3934.65,2530.767,2164.058,366.709,110.013,6610.212,1652.553,4039.574,4428.842,1413.851,3014.991,904.497,28.47,climate-v1.0,True,SCENARIO,sakay_gtfs_master_historic|doe_luzon_generation_2024|route2zero_climate_scenario_v1,0.7181,0.7181,0.55,0.35,300,0.3,0.5,0.7
LTFRB_PUJ1226,11926.86,11895.91,service-v1-266e0b1d,True,11926.86,historic_gtfs_service_activity_proxy,DERIVED,False,3578.058,596.343,4174.401,1598.199,2997.637,-1399.438,-419.831,5963.43,1192.686,4969.525,3196.398,2733.239,463.16,138.948,8348.802,2087.2,5102.046,5593.697,1785.716,3807.981,1142.394,36.29,climate-v1.0,True,SCENARIO,sakay_gtfs_master_historic|doe_luzon_generation_2024|route2zero_climate_scenario_v1,0.7181,0.7181,0.55,0.35,300,0.3,0.5,0.7
LTFRB_PUJ1227,12181.86,12162.926,service-v1-266e0b1d,True,12181.86,historic_gtfs_service_activity_proxy,DERIVED,False,3654.558,609.093,4263.651,1632.369,3061.728,-1429.359,-428.808,6090.93,1218.186,5075.775,3264.738,2791.676,473.062,141.919,8527.302,2131.826,5211.129,5713.292,1823.895,3889.397,1166.819,37.09,climate-v1.0,True,SCENARIO,sakay_gtfs_master_historic|doe_luzon_generation_2024|route2zero_climate_scenario_v1,0.7181,0.7181,0.55,0.35,300,0.3,0.5,0.7
LTFRB_PUJ1228,2733.6000000000004,2530.292,service-v1-266e0b1d,True,2733.6000000000004,historic_gtfs_service_activity_proxy,DERIVED,False,820.08,136.68,956.76,366.302,687.049,-320.747,-96.224,1366.8,273.36,1139.0,732.605,626.45,106.155,31.846,1913.52,478.38,1169.373,1282.058,409.281,872.778,261.833,7.35,climate-v1.0,True,SCENARIO,sakay_gtfs_master_historic|doe_luzon_generation_2024|route2zero_climate_scenario_v1,0.7181,0.7181,0.55,0.35,300,0.3,0.5,0.7
LTFRB_PUJ1229,2733.6000000000004,2530.292,service-v1-266e0b1d,True,2733.6000000000004,historic_gtfs_service_activity_proxy,DERIVED,False,820.08,136.68,956.76,366.302,687.049,-320.747,-96.224,1366.8,273.36,1139.0,732.605,626.45,106.155,31.846,1913.52,478.38,1169.373,1282.058,409.281,872.778,261.833,7.35,climate-v1.0,True,SCENARIO,sakay_gtfs_master_historic|doe_luzon_generation_2024|route2zero_climate_scenario_v1,0.7181,0.7181,0.55,0.35,300,0.3,0.5,0.7
LTFRB_PUJ1230,12862.2,12799.964,service-v1-266e0b1d,True,12862.2,historic_gtfs_service_activity_proxy,DERIVED,False,3858.66,643.11,4501.77,1723.535,3232.721,-1509.186,-452.756,6431.1,1286.22,5359.25,3447.07,2947.588,499.482,149.845,9003.54,2250.885,5502.163,6032.372,1925.757,4106.615,1231.984,39.24,climate-v1.0,True,SCENARIO,sakay_gtfs_master_historic|doe_luzon_generation_2024|route2zero_climate_scenario_v1,0.7181,0.7181,0.55,0.35,300,0.3,0.5,0.7
LTFRB_PUJ1232,9334.02,9247.599,service-v1-266e0b1d,True,9334.02,historic_gtfs_service_activity_proxy,DERIVED,False,2800.206,466.701,3266.907,1250.759,2345.966,-1095.207,-328.562,4667.01,933.402,3889.175,2501.517,2139.046,362.471,108.741,6533.814,1633.454,3992.886,4377.655,1397.51,2980.145,894.044,28.13,climate-v1.0,True,SCENARIO,sakay_gtfs_master_historic|doe_luzon_generation_2024|route2zero_climate_scenario_v1,0.7181,0.7181,0.55,0.35,300,0.3,0.5,0.7
LTFRB_PUJ1233,7871.339999999999,8074.455,service-v1-266e0b1d,True,7871.339999999999,historic_gtfs_service_activity_proxy,DERIVED,False,2361.402,393.567,2754.969,1054.76,1978.343,-923.584,-277.075,3935.67,787.134,3279.725,2109.519,1803.849,305.67,91.701,5509.938,1377.484,3367.184,3691.658,1178.515,2513.144,753.943,23.52,climate-v1.0,True,SCENARIO,sakay_gtfs_master_historic|doe_luzon_generation_2024|route2zero_climate_scenario_v1,0.7181,0.7181,0.55,0.35,300,0.3,0.5,0.7
LTFRB_PUJ1234,18513.0,18708.112,service-v1-266e0b1d,True,18513.0,historic_gtfs_service_activity_proxy,DERIVED,False,5553.9,925.65,6479.55,2480.742,4652.965,-2172.223,-651.667,9256.5,1851.3,7713.75,4961.484,4242.562,718.922,215.676,12959.1,3239.775,7919.45,8682.597,2771.808,5910.79,1773.237,57.03,climate-v1.0,True,SCENARIO,sakay_gtfs_master_historic|doe_luzon_generation_2024|route2zero_climate_scenario_v1,0.7181,0.7181,0.55,0.35,300,0.3,0.5,0.7
LTFRB_PUJ1235,19676.82,19375.601,service-v1-266e0b1d,True,19676.82,historic_gtfs_service_activity_proxy,DERIVED,False,5903.046,983.841,6886.887,2636.694,4945.474,-2308.78,-692.634,9838.41,1967.682,8198.675,5273.388,4509.271,764.117,229.235,13773.774,3443.444,8417.306,9228.429,2946.057,6282.371,1884.711,60.69,climate-v1.0,True,SCENARIO,sakay_gtfs_master_historic|doe_luzon_generation_2024|route2zero_climate_scenario_v1,0.7181,0.7181,0.55,0.35,300,0.3,0.5,0.7
LTFRB_PUJ1236,5371.32,5288.736,service-v1-266e0b1d,True,5371.32,historic_gtfs_service_activity_proxy,DERIVED,False,1611.396,268.566,1879.962,719.757,1350.001,-630.244,-189.073,2685.66,537.132,2238.05,1439.514,1230.928,208.586,62.576,3759.924,939.981,2297.731,2519.149,804.206,1714.943,514.483,15.65,climate-v1.0,True,SCENARIO,sakay_gtfs_master_historic|doe_luzon_generation_2024|route2zero_climate_scenario_v1,0.7181,0.7181,0.55,0.35,300,0.3,0.5,0.7
LTFRB_PUJ1237,5596.74,5670.835,service-v1-266e0b1d,True,5596.74,historic_gtfs_service_activity_proxy,DERIVED,False,1679.022,279.837,1958.859,749.963,1406.657,-656.693,-197.008,2798.37,559.674,2331.975,1499.926,1282.586,217.34,65.202,3917.718,979.429,2394.161,2624.871,837.956,1786.915,536.074,16.36,climate-v1.0,True,SCENARIO,sakay_gtfs_master_historic|doe_luzon_generation_2024|route2zero_climate_scenario_v1,0.7181,0.7181,0.55,0.35,300,0.3,0.5,0.7
LTFRB_PUJ1238,5307.06,5329.958,service-v1-266e0b1d,True,5307.06,historic_gtfs_service_activity_proxy,DERIVED,False,1592.118,265.353,1857.471,711.146,1333.85,-622.704,-186.811,2653.53,530.706,2211.275,1422.292,1216.201,206.091,61.827,3714.942,928.736,2270.242,2489.011,794.585,1694.426,508.328,15.45,climate-v1.0,True,SCENARIO,sakay_gtfs_master_historic|doe_luzon_generation_2024|route2zero_climate_scenario_v1,0.7181,0.7181,0.55,0.35,300,0.3,0.5,0.7
LTFRB_PUJ1239,5220.360000000001,5210.796,service-v1-266e0b1d,True,5220.360000000001,historic_gtfs_service_activity_proxy,DERIVED,False,1566.108,261.018,1827.126,699.528,1312.059,-612.531,-183.759,2610.18,522.036,2175.15,1399.056,1196.333,202.724,60.817,3654.252,913.563,2233.154,2448.349,781.604,1666.745,500.023,15.18,climate-v1.0,True,SCENARIO,sakay_gtfs_master_historic|doe_luzon_generation_2024|route2zero_climate_scenario_v1,0.7181,0.7181,0.55,0.35,300,0.3,0.5,0.7
LTFRB_PUJ1240,30203.22,29931.862,service-v1-266e0b1d,True,30203.22,historic_gtfs_service_activity_proxy,DERIVED,False,9060.966,1510.161,10571.127,4047.231,7591.126,-3543.895,-1063.168,15101.61,3020.322,12584.675,8094.463,6921.571,1172.892,351.868,21142.254,5285.564,12920.266,14165.31,4522.093,9643.217,2892.965,93.83,climate-v1.0,True,SCENARIO,sakay_gtfs_master_historic|doe_luzon_generation_2024|route2zero_climate_scenario_v1,0.7181,0.7181,0.55,0.35,300,0.3,0.5,0.7
LTFRB_PUJ1241,31361.94,30663.522,service-v1-266e0b1d,True,31361.94,historic_gtfs_service_activity_proxy,DERIVED,False,9408.582,1568.097,10976.679,4202.5,7882.353,-3679.853,-1103.956,15680.97,3136.194,13067.475,8405.0,7187.111,1217.889,365.367,21953.358,5488.339,13415.941,14708.75,4695.579,10013.171,3003.951,97.48,climate-v1.0,True,SCENARIO,sakay_gtfs_master_historic|doe_luzon_generation_2024|route2zero_climate_scenario_v1,0.7181,0.7181,0.55,0.35,300,0.3,0.5,0.7
LTFRB_PUJ1243,2612.22,2673.606,service-v1-266e0b1d,True,2612.22,historic_gtfs_service_activity_proxy,DERIVED,False,783.666,130.611,914.277,350.037,656.542,-306.505,-91.951,1306.11,261.222,1088.425,700.075,598.634,101.441,30.432,1828.554,457.138,1117.45,1225.131,391.107,834.024,250.207,6.97,climate-v1.0,True,SCENARIO,sakay_gtfs_master_historic|doe_luzon_generation_2024|route2zero_climate_scenario_v1,0.7181,0.7181,0.55,0.35,300,0.3,0.5,0.7
LTFRB_PUJ1244,10022.52,10005.383,service-v1-266e0b1d,True,10022.52,historic_gtfs_service_activity_proxy,DERIVED,False,3006.756,501.126,3507.882,1343.018,2519.01,-1175.992,-352.798,5011.26,1002.252,4176.05,2686.035,2296.828,389.208,116.762,7015.764,1753.941,4287.411,4700.562,1500.594,3199.968,959.99,30.3,climate-v1.0,True,SCENARIO,sakay_gtfs_master_historic|doe_luzon_generation_2024|route2zero_climate_scenario_v1,0.7181,0.7181,0.55,0.35,300,0.3,0.5,0.7
LTFRB_PUJ1245,10747.740000000002,10475.292,service-v1-266e0b1d,True,10747.740000000002,historic_gtfs_service_activity_proxy,DERIVED,False,3224.322,537.387,3761.709,1440.197,2701.283,-1261.086,-378.326,5373.87,1074.774,4478.225,2880.394,2463.024,417.371,125.211,7523.418,1880.855,4597.644,5040.69,1609.176,3431.515,1029.454,32.58,climate-v1.0,True,SCENARIO,sakay_gtfs_master_historic|doe_luzon_generation_2024|route2zero_climate_scenario_v1,0.7181,0.7181,0.55,0.35,300,0.3,0.5,0.7
LTFRB_PUJ1246,11171.04,11093.281,service-v1-266e0b1d,True,11171.04,historic_gtfs_service_activity_proxy,DERIVED,False,3351.312,558.552,3909.864,1496.919,2807.673,-1310.754,-393.226,5585.52,1117.104,4654.6,2993.839,2560.03,433.809,130.143,7819.728,1954.932,4778.723,5239.218,1672.553,3566.665,1069.999,33.91,climate-v1.0,True,SCENARIO,sakay_gtfs_master_historic|doe_luzon_generation_2024|route2zero_climate_scenario_v1,0.7181,0.7181,0.55,0.35,300,0.3,0.5,0.7
LTFRB_PUJ1247,13159.02,13031.187,service-v1-266e0b1d,True,13159.02,historic_gtfs_service_activity_proxy,DERIVED,False,3947.706,657.951,4605.657,1763.309,3307.322,-1544.014,-463.204,6579.51,1315.902,5482.925,3526.617,3015.609,511.009,153.303,9211.314,2302.828,5629.136,6171.58,1970.198,4201.383,1260.415,40.17,climate-v1.0,True,SCENARIO,sakay_gtfs_master_historic|doe_luzon_generation_2024|route2zero_climate_scenario_v1,0.7181,0.7181,0.55,0.35,300,0.3,0.5,0.7
LTFRB_PUJ1248,3611.82,3646.166,service-v1-266e0b1d,True,3611.82,historic_gtfs_service_activity_proxy,DERIVED,False,1083.546,180.591,1264.137,483.984,907.777,-423.793,-127.138,1805.91,361.182,1504.925,967.968,827.709,140.259,42.078,2528.274,632.068,1545.056,1693.944,540.77,1153.174,345.952,10.11,climate-v1.0,True,SCENARIO,sakay_gtfs_master_historic|doe_luzon_generation_2024|route2zero_climate_scenario_v1,0.7181,0.7181,0.55,0.35,300,0.3,0.5,0.7
LTFRB_PUJ1249,6297.4800000000005,6398.956,service-v1-266e0b1d,True,6297.4800000000005,historic_gtfs_service_activity_proxy,DERIVED,False,1889.244,314.874,2204.118,843.862,1582.777,-738.915,-221.674,3148.74,629.748,2623.95,1687.725,1443.173,244.552,73.366,4408.236,1102.059,2693.922,2953.518,942.873,2010.645,603.194,18.57,climate-v1.0,True,SCENARIO,sakay_gtfs_master_historic|doe_luzon_generation_2024|route2zero_climate_scenario_v1,0.7181,0.7181,0.55,0.35,300,0.3,0.5,0.7
LTFRB_PUJ1250,1715.64,1725.426,service-v1-266e0b1d,True,1715.64,historic_gtfs_service_activity_proxy,DERIVED,False,514.692,85.782,600.474,229.896,431.2,-201.305,-60.391,857.82,171.564,714.85,459.792,393.168,66.624,19.987,1200.948,300.237,733.913,804.635,256.869,547.766,164.33,4.14,climate-v1.0,True,SCENARIO,sakay_gtfs_master_historic|doe_luzon_generation_2024|route2zero_climate_scenario_v1,0.7181,0.7181,0.55,0.35,300,0.3,0.5,0.7
LTFRB_PUJ1251,1715.64,1725.426,service-v1-266e0b1d,True,1715.64,historic_gtfs_service_activity_proxy,DERIVED,False,514.692,85.782,600.474,229.896,431.2,-201.305,-60.391,857.82,171.564,714.85,459.792,393.168,66.624,19.987,1200.948,300.237,733.913,804.635,256.869,547.766,164.33,4.14,climate-v1.0,True,SCENARIO,sakay_gtfs_master_historic|doe_luzon_generation_2024|route2zero_climate_scenario_v1,0.7181,0.7181,0.55,0.35,300,0.3,0.5,0.7
LTFRB_PUJ1252,4425.780000000001,4451.451,service-v1-266e0b1d,True,4425.780000000001,historic_gtfs_service_activity_proxy,DERIVED,False,1327.734,221.289,1549.023,593.055,1112.353,-519.299,-155.79,2212.89,442.578,1844.075,1186.109,1014.241,171.868,51.56,3098.046,774.512,1893.25,2075.691,662.638,1413.053,423.916,12.67,climate-v1.0,True,SCENARIO,sakay_gtfs_master_historic|doe_luzon_generation_2024|route2zero_climate_scenario_v1,0.7181,0.7181,0.55,0.35,300,0.3,0.5,0.7
LTFRB_PUJ1253,4702.200000000001,4720.987,service-v1-266e0b1d,True,4702.200000000001,historic_gtfs_service_activity_proxy,DERIVED,False,1410.66,235.11,1645.77,630.095,1181.827,-551.733,-165.52,2351.1,470.22,1959.25,1260.19,1077.588,182.602,54.781,3291.54,822.885,2011.497,2205.332,704.024,1501.308,450.392,13.55,climate-v1.0,True,SCENARIO,sakay_gtfs_master_historic|doe_luzon_generation_2024|route2zero_climate_scenario_v1,0.7181,0.7181,0.55,0.35,300,0.3,0.5,0.7
LTFRB_PUJ1254,2456.16,2426.492,service-v1-266e0b1d,True,2456.16,historic_gtfs_service_activity_proxy,DERIVED,False,736.848,122.808,859.656,329.125,617.319,-288.194,-86.458,1228.08,245.616,1023.4,658.251,562.87,95.381,28.614,1719.312,429.828,1050.691,1151.939,367.742,784.197,235.259,6.47,climate-v1.0,True,SCENARIO,sakay_gtfs_master_historic|doe_luzon_generation_2024|route2zero_climate_scenario_v1,0.7181,0.7181,0.55,0.35,300,0.3,0.5,0.7
LTFRB_PUJ1255,3731.16,3626.781,service-v1-266e0b1d,True,3731.16,historic_gtfs_service_activity_proxy,DERIVED,False,1119.348,186.558,1305.906,499.975,937.771,-437.796,-131.339,1865.58,373.116,1554.65,999.951,855.058,144.893,43.468,2611.812,652.953,1596.107,1749.914,558.638,1191.276,357.383,10.49,climate-v1.0,True,SCENARIO,sakay_gtfs_master_historic|doe_luzon_generation_2024|route2zero_climate_scenario_v1,0.7181,0.7181,0.55,0.35,300,0.3,0.5,0.7
LTFRB_PUJ1256,2240.94,2223.055,service-v1-266e0b1d,True,2240.94,historic_gtfs_service_activity_proxy,DERIVED,False,672.282,112.047,784.329,300.286,563.227,-262.941,-78.882,1120.47,224.094,933.725,600.572,513.549,87.023,26.107,1568.658,392.164,958.624,1051.001,335.519,715.482,214.645,5.8,climate-v1.0,True,SCENARIO,sakay_gtfs_master_historic|doe_luzon_generation_2024|route2zero_climate_scenario_v1,0.7181,0.7181,0.55,0.35,300,0.3,0.5,0.7
LTFRB_PUJ1257,2353.14,2239.479,service-v1-266e0b1d,True,2353.14,historic_gtfs_service_activity_proxy,DERIVED,False,705.942,117.657,823.599,315.321,591.426,-276.106,-82.832,1176.57,235.314,980.475,630.642,539.261,91.38,27.414,1647.198,411.799,1006.621,1103.623,352.317,751.305,225.392,6.15,climate-v1.0,True,SCENARIO,sakay_gtfs_master_historic|doe_luzon_generation_2024|route2zero_climate_scenario_v1,0.7181,0.7181,0.55,0.35,300,0.3,0.5,0.7
LTFRB_PUJ1258,8959.68,8914.86,service-v1-266e0b1d,True,8959.68,historic_gtfs_service_activity_proxy,DERIVED,False,2687.904,447.984,3135.888,1200.597,2251.881,-1051.284,-315.385,4479.84,895.968,3733.2,2401.194,2053.26,347.934,104.38,6271.776,1567.944,3832.752,4202.09,1341.463,2860.627,858.188,26.95,climate-v1.0,True,SCENARIO,sakay_gtfs_master_historic|doe_luzon_generation_2024|route2zero_climate_scenario_v1,0.7181,0.7181,0.55,0.35,300,0.3,0.5,0.7
LTFRB_PUJ1259,9030.06,9075.026,service-v1-266e0b1d,True,9030.06,historic_gtfs_service_activity_proxy,DERIVED,False,2709.018,451.503,3160.521,1210.028,2269.57,-1059.542,-317.863,4515.03,903.006,3762.525,2420.056,2069.389,350.667,105.2,6321.042,1580.26,3862.859,4235.098,1352.001,2883.097,864.929,27.17,climate-v1.0,True,SCENARIO,sakay_gtfs_master_historic|doe_luzon_generation_2024|route2zero_climate_scenario_v1,0.7181,0.7181,0.55,0.35,300,0.3,0.5,0.7
LTFRB_PUJ1260,7517.400000000001,7630.106,service-v1-266e0b1d,True,7517.400000000001,historic_gtfs_service_activity_proxy,DERIVED,False,2255.22,375.87,2631.09,1007.332,1889.386,-882.054,-264.616,3758.7,751.74,3132.25,2014.663,1722.738,291.926,87.578,5262.18,1315.545,3215.777,3525.661,1125.522,2400.139,720.042,22.41,climate-v1.0,True,SCENARIO,sakay_gtfs_master_historic|doe_luzon_generation_2024|route2zero_climate_scenario_v1,0.7181,0.7181,0.55,0.35,300,0.3,0.5,0.7
LTFRB_PUJ1261,7582.68,7650.583,service-v1-266e0b1d,True,7582.68,historic_gtfs_service_activity_proxy,DERIVED,False,2274.804,379.134,2653.938,1016.079,1905.793,-889.714,-266.914,3791.34,758.268,3159.45,2032.158,1737.698,294.461,88.338,5307.876,1326.969,3243.702,3556.277,1135.296,2420.981,726.294,22.61,climate-v1.0,True,SCENARIO,sakay_gtfs_master_historic|doe_luzon_generation_2024|route2zero_climate_scenario_v1,0.7181,0.7181,0.55,0.35,300,0.3,0.5,0.7
LTFRB_PUJ1262,10178.58,10468.437,service-v1-266e0b1d,True,10178.58,historic_gtfs_service_activity_proxy,DERIVED,False,3053.574,508.929,3562.503,1363.93,2558.233,-1194.304,-358.291,5089.29,1017.858,4241.075,2727.859,2332.591,395.268,118.58,7125.006,1781.251,4354.17,4773.754,1523.96,3249.794,974.938,30.79,climate-v1.0,True,SCENARIO,sakay_gtfs_master_historic|doe_luzon_generation_2024|route2zero_climate_scenario_v1,0.7181,0.7181,0.55,0.35,300,0.3,0.5,0.7
LTFRB_PUJ1263,8131.44,8239.541,service-v1-266e0b1d,True,8131.44,historic_gtfs_service_activity_proxy,DERIVED,False,2439.432,406.572,2846.004,1089.613,2043.715,-954.103,-286.231,4065.72,813.144,3388.1,2179.226,1863.455,315.771,94.731,5692.008,1423.002,3478.449,3813.645,1217.457,2596.188,778.856,24.34,climate-v1.0,True,SCENARIO,sakay_gtfs_master_historic|doe_luzon_generation_2024|route2zero_climate_scenario_v1,0.7181,0.7181,0.55,0.35,300,0.3,0.5,0.7
LTFRB_PUJ1264,11755.5,11948.599,service-v1-266e0b1d,True,11755.5,historic_gtfs_service_activity_proxy,DERIVED,False,3526.65,587.775,4114.425,1575.237,2954.569,-1379.332,-413.799,5877.75,1175.55,4898.125,3150.474,2693.969,456.505,136.952,8228.85,2057.212,5028.742,5513.33,1760.06,3753.27,1125.981,35.75,climate-v1.0,True,SCENARIO,sakay_gtfs_master_historic|doe_luzon_generation_2024|route2zero_climate_scenario_v1,0.7181,0.7181,0.55,0.35,300,0.3,0.5,0.7
LTFRB_PUJ1265,11905.44,12021.723,service-v1-266e0b1d,True,11905.44,historic_gtfs_service_activity_proxy,DERIVED,False,3571.632,595.272,4166.904,1595.329,2992.254,-1396.925,-419.077,5952.72,1190.544,4960.6,3190.658,2728.33,462.328,138.698,8333.808,2083.452,5092.883,5583.651,1782.509,3801.142,1140.343,36.22,climate-v1.0,True,SCENARIO,sakay_gtfs_master_historic|doe_luzon_generation_2024|route2zero_climate_scenario_v1,0.7181,0.7181,0.55,0.35,300,0.3,0.5,0.7
LTFRB_PUJ1266,3878.04,4029.685,service-v1-266e0b1d,True,3878.04,historic_gtfs_service_activity_proxy,DERIVED,False,1163.412,193.902,1357.314,519.657,974.687,-455.03,-136.509,1939.02,387.804,1615.85,1039.315,888.718,150.597,45.179,2714.628,678.657,1658.939,1818.801,580.629,1238.172,371.452,10.95,climate-v1.0,True,SCENARIO,sakay_gtfs_master_historic|doe_luzon_generation_2024|route2zero_climate_scenario_v1,0.7181,0.7181,0.55,0.35,300,0.3,0.5,0.7
LTFRB_PUJ1267,3947.4,3949.445,service-v1-266e0b1d,True,3947.4,historic_gtfs_service_activity_proxy,DERIVED,False,1184.22,197.37,1381.59,528.952,992.12,-463.168,-138.95,1973.7,394.74,1644.75,1057.903,904.613,153.291,45.987,2763.18,690.795,1688.61,1851.331,591.013,1260.317,378.095,11.17,climate-v1.0,True,SCENARIO,sakay_gtfs_master_historic|doe_luzon_generation_2024|route2zero_climate_scenario_v1,0.7181,0.7181,0.55,0.35,300,0.3,0.5,0.7
LTFRB_PUJ1268,6912.54,7126.191,service-v1-266e0b1d,True,6912.54,historic_gtfs_service_activity_proxy,DERIVED,False,2073.762,345.627,2419.389,926.28,1737.363,-811.083,-243.325,3456.27,691.254,2880.225,1852.561,1584.124,268.437,80.531,4838.778,1209.694,2957.031,3241.981,1034.961,2207.02,662.106,20.5,climate-v1.0,True,SCENARIO,sakay_gtfs_master_historic|doe_luzon_generation_2024|route2zero_climate_scenario_v1,0.7181,0.7181,0.55,0.35,300,0.3,0.5,0.7
LTFRB_PUJ1269,7269.54,7249.632,service-v1-266e0b1d,True,7269.54,historic_gtfs_service_activity_proxy,DERIVED,False,2180.862,363.477,2544.339,974.118,1827.09,-852.971,-255.891,3634.77,726.954,3028.975,1948.237,1665.936,282.3,84.69,5088.678,1272.17,3109.748,3409.414,1088.412,2321.003,696.301,21.63,climate-v1.0,True,SCENARIO,sakay_gtfs_master_historic|doe_luzon_generation_2024|route2zero_climate_scenario_v1,0.7181,0.7181,0.55,0.35,300,0.3,0.5,0.7
LTFRB_PUJ1270,10684.5,10583.455,service-v1-266e0b1d,True,10684.5,historic_gtfs_service_activity_proxy,DERIVED,False,3205.35,534.225,3739.575,1431.723,2685.389,-1253.666,-376.1,5342.25,1068.45,4451.875,2863.446,2448.531,414.915,124.474,7479.15,1869.788,4570.592,5011.03,1599.707,3411.323,1023.397,32.38,climate-v1.0,True,SCENARIO,sakay_gtfs_master_historic|doe_luzon_generation_2024|route2zero_climate_scenario_v1,0.7181,0.7181,0.55,0.35,300,0.3,0.5,0.7
LTFRB_PUJ1271,9626.76,9672.971,service-v1-266e0b1d,True,9626.76,historic_gtfs_service_activity_proxy,DERIVED,False,2888.028,481.338,3369.366,1289.986,2419.542,-1129.556,-338.867,4813.38,962.676,4011.15,2579.972,2206.132,373.839,112.152,6738.732,1684.683,4118.114,4514.95,1441.34,3073.611,922.083,29.05,climate-v1.0,True,SCENARIO,sakay_gtfs_master_historic|doe_luzon_generation_2024|route2zero_climate_scenario_v1,0.7181,0.7181,0.55,0.35,300,0.3,0.5,0.7
LTFRB_PUJ1272,8848.5,8834.918,service-v1-266e0b1d,True,8848.5,historic_gtfs_service_activity_proxy,DERIVED,False,2654.55,442.425,3096.975,1185.699,2223.938,-1038.239,-311.472,4424.25,884.85,3686.875,2371.398,2027.781,343.617,103.085,6193.95,1548.488,3785.192,4149.946,1324.817,2825.129,847.539,26.6,climate-v1.0,True,SCENARIO,sakay_gtfs_master_historic|doe_luzon_generation_2024|route2zero_climate_scenario_v1,0.7181,0.7181,0.55,0.35,300,0.3,0.5,0.7
LTFRB_PUJ1273,8921.94,8825.588,service-v1-266e0b1d,True,8921.94,historic_gtfs_service_activity_proxy,DERIVED,False,2676.582,446.097,3122.679,1195.54,2242.396,-1046.856,-314.057,4460.97,892.194,3717.475,2391.08,2044.611,346.469,103.941,6245.358,1561.34,3816.608,4184.39,1335.813,2848.577,854.573,26.83,climate-v1.0,True,SCENARIO,sakay_gtfs_master_historic|doe_luzon_generation_2024|route2zero_climate_scenario_v1,0.7181,0.7181,0.55,0.35,300,0.3,0.5,0.7
LTFRB_PUJ1274,8784.24,8807.358,service-v1-266e0b1d,True,8784.24,historic_gtfs_service_activity_proxy,DERIVED,False,2635.272,439.212,3074.484,1177.088,2207.787,-1030.699,-309.21,4392.12,878.424,3660.1,2354.176,2013.055,341.121,102.336,6148.968,1537.242,3757.703,4119.809,1315.196,2804.613,841.384,26.4,climate-v1.0,True,SCENARIO,sakay_gtfs_master_historic|doe_luzon_generation_2024|route2zero_climate_scenario_v1,0.7181,0.7181,0.55,0.35,300,0.3,0.5,0.7
LTFRB_PUJ1275,9223.86,9251.898,service-v1-266e0b1d,True,9223.86,historic_gtfs_service_activity_proxy,DERIVED,False,2767.158,461.193,3228.351,1235.997,2318.279,-1082.282,-324.684,4611.93,922.386,3843.275,2471.994,2113.801,358.193,107.458,6456.702,1614.176,3945.762,4325.99,1381.017,2944.974,883.492,27.78,climate-v1.0,True,SCENARIO,sakay_gtfs_master_historic|doe_luzon_generation_2024|route2zero_climate_scenario_v1,0.7181,0.7181,0.55,0.35,300,0.3,0.5,0.7
LTFRB_PUJ1276,1974.72,2048.789,service-v1-266e0b1d,True,1974.72,historic_gtfs_service_activity_proxy,DERIVED,False,592.416,98.736,691.152,264.612,496.316,-231.704,-69.511,987.36,197.472,822.8,529.225,452.54,76.685,23.005,1382.304,345.576,844.741,926.144,295.659,630.484,189.145,4.96,climate-v1.0,True,SCENARIO,sakay_gtfs_master_historic|doe_luzon_generation_2024|route2zero_climate_scenario_v1,0.7181,0.7181,0.55,0.35,300,0.3,0.5,0.7
LTFRB_PUJ1277,1974.72,2048.789,service-v1-266e0b1d,True,1974.72,historic_gtfs_service_activity_proxy,DERIVED,False,592.416,98.736,691.152,264.612,496.316,-231.704,-69.511,987.36,197.472,822.8,529.225,452.54,76.685,23.005,1382.304,345.576,844.741,926.144,295.659,630.484,189.145,4.96,climate-v1.0,True,SCENARIO,sakay_gtfs_master_historic|doe_luzon_generation_2024|route2zero_climate_scenario_v1,0.7181,0.7181,0.55,0.35,300,0.3,0.5,0.7
LTFRB_PUJ1278,8181.420000000001,8165.45,service-v1-266e0b1d,True,8181.420000000001,historic_gtfs_service_activity_proxy,DERIVED,False,2454.426,409.071,2863.497,1096.31,2056.277,-959.967,-287.99,4090.71,818.142,3408.925,2192.621,1874.909,317.712,95.314,5726.994,1431.749,3499.83,3837.086,1224.94,2612.146,783.644,24.5,climate-v1.0,True,SCENARIO,sakay_gtfs_master_historic|doe_luzon_generation_2024|route2zero_climate_scenario_v1,0.7181,0.7181,0.55,0.35,300,0.3,0.5,0.7
LTFRB_PUJ1279,8107.98,8122.301,service-v1-266e0b1d,True,8107.98,historic_gtfs_service_activity_proxy,DERIVED,False,2432.394,405.399,2837.793,1086.469,2037.819,-951.35,-285.405,4053.99,810.798,3378.325,2172.939,1858.079,314.86,94.458,5675.586,1418.896,3468.414,3802.643,1213.945,2588.698,776.609,24.27,climate-v1.0,True,SCENARIO,sakay_gtfs_master_historic|doe_luzon_generation_2024|route2zero_climate_scenario_v1,0.7181,0.7181,0.55,0.35,300,0.3,0.5,0.7
LTFRB_PUJ1280,6156.719999999999,6175.56,service-v1-266e0b1d,True,6156.719999999999,historic_gtfs_service_activity_proxy,DERIVED,False,1847.016,307.836,2154.852,825.0,1547.399,-722.399,-216.72,3078.36,615.672,2565.3,1650.001,1410.915,239.086,71.726,4309.704,1077.426,2633.708,2887.502,921.798,1965.704,589.711,18.12,climate-v1.0,True,SCENARIO,sakay_gtfs_master_historic|doe_luzon_generation_2024|route2zero_climate_scenario_v1,0.7181,0.7181,0.55,0.35,300,0.3,0.5,0.7
LTFRB_PUJ1281,5927.22,5957.877,service-v1-266e0b1d,True,5927.22,historic_gtfs_service_activity_proxy,DERIVED,False,1778.166,296.361,2074.527,794.247,1489.718,-695.47,-208.641,2963.61,592.722,2469.675,1588.495,1358.321,230.174,69.052,4149.054,1037.264,2535.533,2779.866,887.437,1892.43,567.729,17.4,climate-v1.0,True,SCENARIO,sakay_gtfs_master_historic|doe_luzon_generation_2024|route2zero_climate_scenario_v1,0.7181,0.7181,0.55,0.35,300,0.3,0.5,0.7
LTFRB_PUJ1282,6217.92,6022.024,service-v1-266e0b1d,True,6217.92,historic_gtfs_service_activity_proxy,DERIVED,False,1865.376,310.896,2176.272,833.201,1562.781,-729.58,-218.874,3108.96,621.792,2590.8,1666.403,1424.94,241.463,72.439,4352.544,1088.136,2659.888,2916.204,930.961,1985.244,595.573,18.32,climate-v1.0,True,SCENARIO,sakay_gtfs_master_historic|doe_luzon_generation_2024|route2zero_climate_scenario_v1,0.7181,0.7181,0.55,0.35,300,0.3,0.5,0.7
LTFRB_PUJ1283,6394.38,6388.268,service-v1-266e0b1d,True,6394.38,historic_gtfs_service_activity_proxy,DERIVED,False,1918.314,319.719,2238.033,856.847,1607.131,-750.285,-225.085,3197.19,639.438,2664.325,1713.694,1465.379,248.315,74.495,4476.066,1119.016,2735.374,2998.964,957.381,2041.583,612.475,18.87,climate-v1.0,True,SCENARIO,sakay_gtfs_master_historic|doe_luzon_generation_2024|route2zero_climate_scenario_v1,0.7181,0.7181,0.55,0.35,300,0.3,0.5,0.7
LTFRB_PUJ1284,7678.559999999999,7733.726,service-v1-266e0b1d,True,7678.559999999999,historic_gtfs_service_activity_proxy,DERIVED,False,2303.568,383.928,2687.496,1028.927,1929.891,-900.964,-270.289,3839.28,767.856,3199.4,2057.854,1759.67,298.184,89.455,5374.992,1343.748,3284.717,3601.245,1149.651,2451.594,735.478,22.92,climate-v1.0,True,SCENARIO,sakay_gtfs_master_historic|doe_luzon_generation_2024|route2zero_climate_scenario_v1,0.7181,0.7181,0.55,0.35,300,0.3,0.5,0.7
LTFRB_PUJ1285,7678.559999999999,7733.726,service-v1-266e0b1d,True,7678.559999999999,historic_gtfs_service_activity_proxy,DERIVED,False,2303.568,383.928,2687.496,1028.927,1929.891,-900.964,-270.289,3839.28,767.856,3199.4,2057.854,1759.67,298.184,89.455,5374.992,1343.748,3284.717,3601.245,1149.651,2451.594,735.478,22.92,climate-v1.0,True,SCENARIO,sakay_gtfs_master_historic|doe_luzon_generation_2024|route2zero_climate_scenario_v1,0.7181,0.7181,0.55,0.35,300,0.3,0.5,0.7
LTFRB_PUJ1286,1604.46,1610.2,service-v1-266e0b1d,True,1604.46,historic_gtfs_service_activity_proxy,DERIVED,False,481.338,80.223,561.561,214.998,403.257,-188.259,-56.478,802.23,160.446,668.525,429.995,367.689,62.307,18.692,1123.122,280.78,686.352,752.492,240.223,512.268,153.681,3.79,climate-v1.0,True,SCENARIO,sakay_gtfs_master_historic|doe_luzon_generation_2024|route2zero_climate_scenario_v1,0.7181,0.7181,0.55,0.35,300,0.3,0.5,0.7
LTFRB_PUJ1288,11597.4,11463.274,service-v1-266e0b1d,True,11597.4,historic_gtfs_service_activity_proxy,DERIVED,False,3479.22,579.87,4059.09,1554.052,2914.833,-1360.781,-408.234,5798.7,1159.74,4832.25,3108.103,2657.737,450.366,135.11,8118.18,2029.545,4961.11,5439.181,1736.388,3702.792,1110.838,35.25,climate-v1.0,True,SCENARIO,sakay_gtfs_master_historic|doe_luzon_generation_2024|route2zero_climate_scenario_v1,0.7181,0.7181,0.55,0.35,300,0.3,0.5,0.7
LTFRB_PUJ1289,10522.320000000002,10463.088,service-v1-266e0b1d,True,10522.320000000002,historic_gtfs_service_activity_proxy,DERIVED,False,3156.696,526.116,3682.812,1409.991,2644.627,-1234.636,-370.391,5261.16,1052.232,4384.3,2819.982,2411.365,408.617,122.585,7365.624,1841.406,4501.215,4934.968,1575.425,3359.543,1007.863,31.87,climate-v1.0,True,SCENARIO,sakay_gtfs_master_historic|doe_luzon_generation_2024|route2zero_climate_scenario_v1,0.7181,0.7181,0.55,0.35,300,0.3,0.5,0.7
LTFRB_PUJ1290,2359.26,2348.129,service-v1-266e0b1d,True,2359.26,historic_gtfs_service_activity_proxy,DERIVED,False,707.778,117.963,825.741,316.141,592.965,-276.824,-83.047,1179.63,235.926,983.025,632.282,540.664,91.618,27.485,1651.482,412.87,1009.239,1106.493,353.234,753.259,225.978,6.17,climate-v1.0,True,SCENARIO,sakay_gtfs_master_historic|doe_luzon_generation_2024|route2zero_climate_scenario_v1,0.7181,0.7181,0.55,0.35,300,0.3,0.5,0.7
LTFRB_PUJ1291,2359.26,2348.129,service-v1-266e0b1d,True,2359.26,historic_gtfs_service_activity_proxy,DERIVED,False,707.778,117.963,825.741,316.141,592.965,-276.824,-83.047,1179.63,235.926,983.025,632.282,540.664,91.618,27.485,1651.482,412.87,1009.239,1106.493,353.234,753.259,225.978,6.17,climate-v1.0,True,SCENARIO,sakay_gtfs_master_historic|doe_luzon_generation_2024|route2zero_climate_scenario_v1,0.7181,0.7181,0.55,0.35,300,0.3,0.5,0.7
LTFRB_PUJ1292,3310.92,3241.905,service-v1-266e0b1d,True,3310.92,historic_gtfs_service_activity_proxy,DERIVED,False,993.276,165.546,1158.822,443.663,832.15,-388.487,-116.546,1655.46,331.092,1379.55,887.327,758.752,128.574,38.572,2317.644,579.411,1416.338,1552.821,495.718,1057.103,317.131,9.17,climate-v1.0,True,SCENARIO,sakay_gtfs_master_historic|doe_luzon_generation_2024|route2zero_climate_scenario_v1,0.7181,0.7181,0.55,0.35,300,0.3,0.5,0.7
LTFRB_PUJ1293,3359.88,3254.718,service-v1-266e0b1d,True,3359.88,historic_gtfs_service_activity_proxy,DERIVED,False,1007.964,167.994,1175.958,450.224,844.455,-394.232,-118.269,1679.94,335.988,1399.95,900.448,769.972,130.475,39.143,2351.916,587.979,1437.282,1575.784,503.049,1072.735,321.821,9.32,climate-v1.0,True,SCENARIO,sakay_gtfs_master_historic|doe_luzon_generation_2024|route2zero_climate_scenario_v1,0.7181,0.7181,0.55,0.35,300,0.3,0.5,0.7
LTFRB_PUJ1294,1128.12,1115.728,service-v1-266e0b1d,True,1128.12,historic_gtfs_service_activity_proxy,DERIVED,False,338.436,56.406,394.842,151.168,283.536,-132.368,-39.71,564.06,112.812,470.05,302.336,258.527,43.809,13.143,789.684,197.421,482.585,529.088,168.905,360.184,108.055,2.29,climate-v1.0,True,SCENARIO,sakay_gtfs_master_historic|doe_luzon_generation_2024|route2zero_climate_scenario_v1,0.7181,0.7181,0.55,0.35,300,0.3,0.5,0.7
LTFRB_PUJ1295,1128.12,1115.728,service-v1-266e0b1d,True,1128.12,historic_gtfs_service_activity_proxy,DERIVED,False,338.436,56.406,394.842,151.168,283.536,-132.368,-39.71,564.06,112.812,470.05,302.336,258.527,43.809,13.143,789.684,197.421,482.585,529.088,168.905,360.184,108.055,2.29,climate-v1.0,True,SCENARIO,sakay_gtfs_master_historic|doe_luzon_generation_2024|route2zero_climate_scenario_v1,0.7181,0.7181,0.55,0.35,300,0.3,0.5,0.7
LTFRB_PUJ1296,2907.0,2837.772,service-v1-266e0b1d,True,2907.0,historic_gtfs_service_activity_proxy,DERIVED,False,872.1,145.35,1017.45,389.538,730.631,-341.093,-102.328,1453.5,290.7,1211.25,779.076,666.188,112.889,33.867,2034.9,508.725,1243.55,1363.383,435.242,928.141,278.442,7.89,climate-v1.0,True,SCENARIO,sakay_gtfs_master_historic|doe_luzon_generation_2024|route2zero_climate_scenario_v1,0.7181,0.7181,0.55,0.35,300,0.3,0.5,0.7
LTFRB_PUJ1297,3182.4,3095.086,service-v1-266e0b1d,True,3182.4,historic_gtfs_service_activity_proxy,DERIVED,False,954.72,159.12,1113.84,426.442,799.849,-373.407,-112.022,1591.2,318.24,1326.0,852.883,729.3,123.583,37.075,2227.68,556.92,1361.36,1492.546,476.476,1016.07,304.821,8.76,climate-v1.0,True,SCENARIO,sakay_gtfs_master_historic|doe_luzon_generation_2024|route2zero_climate_scenario_v1,0.7181,0.7181,0.55,0.35,300,0.3,0.5,0.7
LTFRB_PUJ1298,3667.92,3735.884,service-v1-266e0b1d,True,3667.92,historic_gtfs_service_activity_proxy,DERIVED,False,1100.376,183.396,1283.772,491.501,921.877,-430.375,-129.113,1833.96,366.792,1528.3,983.003,840.565,142.438,42.731,2567.544,641.886,1569.055,1720.254,549.169,1171.085,351.326,10.29,climate-v1.0,True,SCENARIO,sakay_gtfs_master_historic|doe_luzon_generation_2024|route2zero_climate_scenario_v1,0.7181,0.7181,0.55,0.35,300,0.3,0.5,0.7
LTFRB_PUJ1299,3931.08,3946.901,service-v1-266e0b1d,True,3931.08,historic_gtfs_service_activity_proxy,DERIVED,False,1179.324,196.554,1375.878,526.765,988.018,-461.253,-138.376,1965.54,393.108,1637.95,1053.529,900.872,152.657,45.797,2751.756,687.939,1681.629,1843.677,588.57,1255.106,376.532,11.12,climate-v1.0,True,SCENARIO,sakay_gtfs_master_historic|doe_luzon_generation_2024|route2zero_climate_scenario_v1,0.7181,0.7181,0.55,0.35,300,0.3,0.5,0.7
LTFRB_PUJ1300,5850.719999999999,5665.619,service-v1-266e0b1d,True,5850.719999999999,historic_gtfs_service_activity_proxy,DERIVED,False,1755.216,292.536,2047.752,783.996,1470.491,-686.494,-205.948,2925.36,585.072,2437.8,1567.993,1340.79,227.203,68.161,4095.504,1023.876,2502.808,2743.988,875.983,1868.005,560.401,17.16,climate-v1.0,True,SCENARIO,sakay_gtfs_master_historic|doe_luzon_generation_2024|route2zero_climate_scenario_v1,0.7181,0.7181,0.55,0.35,300,0.3,0.5,0.7
LTFRB_PUJ1301,4562.46,4588.392,service-v1-266e0b1d,True,4562.46,historic_gtfs_service_activity_proxy,DERIVED,False,1368.738,228.123,1596.861,611.37,1146.706,-535.336,-160.601,2281.23,456.246,1901.025,1222.739,1045.564,177.176,53.153,3193.722,798.43,1951.719,2139.794,683.102,1456.692,437.008,13.11,climate-v1.0,True,SCENARIO,sakay_gtfs_master_historic|doe_luzon_generation_2024|route2zero_climate_scenario_v1,0.7181,0.7181,0.55,0.35,300,0.3,0.5,0.7
LTFRB_PUJ1304,6732.0,6758.752,service-v1-266e0b1d,True,6732.0,historic_gtfs_service_activity_proxy,DERIVED,False,2019.6,336.6,2356.2,902.088,1691.987,-789.899,-236.97,3366.0,673.2,2805.0,1804.176,1542.75,261.426,78.428,4712.4,1178.1,2879.8,3157.308,1007.93,2149.378,644.813,19.94,climate-v1.0,True,SCENARIO,sakay_gtfs_master_historic|doe_luzon_generation_2024|route2zero_climate_scenario_v1,0.7181,0.7181,0.55,0.35,300,0.3,0.5,0.7
LTFRB_PUJ1305,6006.780000000001,6111.432,service-v1-266e0b1d,True,6006.780000000001,historic_gtfs_service_activity_proxy,DERIVED,False,1802.034,300.339,2102.373,804.909,1509.714,-704.806,-211.442,3003.39,600.678,2502.825,1609.817,1376.554,233.263,69.979,4204.746,1051.186,2569.567,2817.18,899.348,1917.831,575.349,17.65,climate-v1.0,True,SCENARIO,sakay_gtfs_master_historic|doe_luzon_generation_2024|route2zero_climate_scenario_v1,0.7181,0.7181,0.55,0.35,300,0.3,0.5,0.7
LTFRB_PUJ1306,7953.96,7858.989,service-v1-266e0b1d,True,7953.96,historic_gtfs_service_activity_proxy,DERIVED,False,2386.188,397.698,2783.886,1065.831,1999.109,-933.278,-279.983,3976.98,795.396,3314.15,2131.661,1822.783,308.879,92.664,5567.772,1391.943,3402.527,3730.407,1190.885,2539.523,761.857,23.78,climate-v1.0,True,SCENARIO,sakay_gtfs_master_historic|doe_luzon_generation_2024|route2zero_climate_scenario_v1,0.7181,0.7181,0.55,0.35,300,0.3,0.5,0.7
LTFRB_PUJ1307,7455.18,7360.638,service-v1-266e0b1d,True,7455.18,historic_gtfs_service_activity_proxy,DERIVED,False,2236.554,372.759,2609.313,998.994,1873.748,-874.754,-262.426,3727.59,745.518,3106.325,1997.988,1708.479,289.509,86.853,5218.626,1304.656,3189.16,3496.479,1116.206,2380.273,714.082,22.21,climate-v1.0,True,SCENARIO,sakay_gtfs_master_historic|doe_luzon_generation_2024|route2zero_climate_scenario_v1,0.7181,0.7181,0.55,0.35,300,0.3,0.5,0.7
LTFRB_PUJ1308,10777.320000000002,10782.193,service-v1-266e0b1d,True,10777.320000000002,historic_gtfs_service_activity_proxy,DERIVED,False,3233.196,538.866,3772.062,1444.161,2708.718,-1264.557,-379.367,5388.66,1077.732,4490.55,2888.322,2469.803,418.519,125.556,7544.124,1886.031,4610.298,5054.563,1613.604,3440.959,1032.288,32.67,climate-v1.0,True,SCENARIO,sakay_gtfs_master_historic|doe_luzon_generation_2024|route2zero_climate_scenario_v1,0.7181,0.7181,0.55,0.35,300,0.3,0.5,0.7
LTFRB_PUJ1309,10777.320000000002,10782.193,service-v1-266e0b1d,True,10777.320000000002,historic_gtfs_service_activity_proxy,DERIVED,False,3233.196,538.866,3772.062,1444.161,2708.718,-1264.557,-379.367,5388.66,1077.732,4490.55,2888.322,2469.803,418.519,125.556,7544.124,1886.031,4610.298,5054.563,1613.604,3440.959,1032.288,32.67,climate-v1.0,True,SCENARIO,sakay_gtfs_master_historic|doe_luzon_generation_2024|route2zero_climate_scenario_v1,0.7181,0.7181,0.55,0.35,300,0.3,0.5,0.7
LTFRB_PUJ1310,5583.4800000000005,5772.234,service-v1-266e0b1d,True,5583.4800000000005,historic_gtfs_service_activity_proxy,DERIVED,False,1675.044,279.174,1954.218,748.186,1403.324,-655.138,-196.541,2791.74,558.348,2326.45,1496.373,1279.548,216.825,65.048,3908.436,977.109,2388.489,2618.652,835.971,1782.681,534.804,16.32,climate-v1.0,True,SCENARIO,sakay_gtfs_master_historic|doe_luzon_generation_2024|route2zero_climate_scenario_v1,0.7181,0.7181,0.55,0.35,300,0.3,0.5,0.7
LTFRB_PUJ1311,4830.719999999999,4886.809,service-v1-266e0b1d,True,4830.719999999999,historic_gtfs_service_activity_proxy,DERIVED,False,1449.216,241.536,1690.752,647.316,1214.129,-566.813,-170.044,2415.36,483.072,2012.8,1294.633,1107.04,187.593,56.278,3381.504,845.376,2066.475,2265.608,723.266,1542.342,462.702,13.95,climate-v1.0,True,SCENARIO,sakay_gtfs_master_historic|doe_luzon_generation_2024|route2zero_climate_scenario_v1,0.7181,0.7181,0.55,0.35,300,0.3,0.5,0.7
LTFRB_PUJ1312,3292.5600000000004,3240.94,service-v1-266e0b1d,True,3292.5600000000004,historic_gtfs_service_activity_proxy,DERIVED,False,987.768,164.628,1152.396,441.203,827.536,-386.333,-115.9,1646.28,329.256,1371.9,882.406,754.545,127.861,38.358,2304.792,576.198,1408.484,1544.211,492.969,1051.241,315.372,9.11,climate-v1.0,True,SCENARIO,sakay_gtfs_master_historic|doe_luzon_generation_2024|route2zero_climate_scenario_v1,0.7181,0.7181,0.55,0.35,300,0.3,0.5,0.7
LTFRB_PUJ1313,3292.5600000000004,3240.94,service-v1-266e0b1d,True,3292.5600000000004,historic_gtfs_service_activity_proxy,DERIVED,False,987.768,164.628,1152.396,441.203,827.536,-386.333,-115.9,1646.28,329.256,1371.9,882.406,754.545,127.861,38.358,2304.792,576.198,1408.484,1544.211,492.969,1051.241,315.372,9.11,climate-v1.0,True,SCENARIO,sakay_gtfs_master_historic|doe_luzon_generation_2024|route2zero_climate_scenario_v1,0.7181,0.7181,0.55,0.35,300,0.3,0.5,0.7
LTFRB_PUJ1314,24303.54,23972.102,service-v1-266e0b1d,True,24303.54,historic_gtfs_service_activity_proxy,DERIVED,False,7291.062,1215.177,8506.239,3256.674,6108.33,-2851.656,-855.497,12151.77,2430.354,10126.475,6513.349,5569.561,943.787,283.136,17012.478,4253.12,10396.514,11398.36,3638.78,7759.58,2327.874,75.26,climate-v1.0,True,SCENARIO,sakay_gtfs_master_historic|doe_luzon_generation_2024|route2zero_climate_scenario_v1,0.7181,0.7181,0.55,0.35,300,0.3,0.5,0.7
LTFRB_PUJ1315,24721.74,24363.453,service-v1-266e0b1d,True,24721.74,historic_gtfs_service_activity_proxy,DERIVED,False,7416.522,1236.087,8652.609,3312.713,6213.439,-2900.725,-870.218,12360.87,2472.174,10300.725,6625.426,5665.399,960.028,288.008,17305.218,4326.304,10575.411,11594.496,3701.394,7893.102,2367.931,76.57,climate-v1.0,True,SCENARIO,sakay_gtfs_master_historic|doe_luzon_generation_2024|route2zero_climate_scenario_v1,0.7181,0.7181,0.55,0.35,300,0.3,0.5,0.7
LTFRB_PUJ1316,2856.0,2812.932,service-v1-266e0b1d,True,2856.0,historic_gtfs_service_activity_proxy,DERIVED,False,856.8,142.8,999.6,382.704,717.813,-335.109,-100.533,1428.0,285.6,1190.0,765.408,654.5,110.908,33.272,1999.2,499.8,1221.733,1339.464,427.607,911.857,273.557,7.73,climate-v1.0,True,SCENARIO,sakay_gtfs_master_historic|doe_luzon_generation_2024|route2zero_climate_scenario_v1,0.7181,0.7181,0.55,0.35,300,0.3,0.5,0.7
LTFRB_PUJ1317,3117.12,3112.226,service-v1-266e0b1d,True,3117.12,historic_gtfs_service_activity_proxy,DERIVED,False,935.136,155.856,1090.992,417.694,783.441,-365.747,-109.724,1558.56,311.712,1298.8,835.388,714.34,121.048,36.314,2181.984,545.496,1333.435,1461.929,466.702,995.227,298.568,8.55,climate-v1.0,True,SCENARIO,sakay_gtfs_master_historic|doe_luzon_generation_2024|route2zero_climate_scenario_v1,0.7181,0.7181,0.55,0.35,300,0.3,0.5,0.7
LTFRB_PUJ1318,5821.139999999999,5600.703,service-v1-266e0b1d,True,5821.139999999999,historic_gtfs_service_activity_proxy,DERIVED,False,1746.342,291.057,2037.399,780.033,1463.056,-683.023,-204.907,2910.57,582.114,2425.475,1560.066,1334.011,226.054,67.816,4074.798,1018.699,2490.154,2730.115,871.554,1858.561,557.568,17.07,climate-v1.0,True,SCENARIO,sakay_gtfs_master_historic|doe_luzon_generation_2024|route2zero_climate_scenario_v1,0.7181,0.7181,0.55,0.35,300,0.3,0.5,0.7
LTFRB_PUJ1319,5590.62,5511.653,service-v1-266e0b1d,True,5590.62,historic_gtfs_service_activity_proxy,DERIVED,False,1677.186,279.531,1956.717,749.143,1405.118,-655.975,-196.793,2795.31,559.062,2329.425,1498.286,1281.184,217.102,65.131,3913.434,978.358,2391.543,2622.001,837.04,1784.961,535.488,16.34,climate-v1.0,True,SCENARIO,sakay_gtfs_master_historic|doe_luzon_generation_2024|route2zero_climate_scenario_v1,0.7181,0.7181,0.55,0.35,300,0.3,0.5,0.7
LTFRB_PUJ1321,9562.5,9348.97,service-v1-266e0b1d,True,9562.5,historic_gtfs_service_activity_proxy,DERIVED,False,2868.75,478.125,3346.875,1281.375,2403.391,-1122.016,-336.605,4781.25,956.25,3984.375,2562.75,2191.406,371.344,111.403,6693.75,1673.438,4090.625,4484.812,1431.719,3053.094,915.928,28.85,climate-v1.0,True,SCENARIO,sakay_gtfs_master_historic|doe_luzon_generation_2024|route2zero_climate_scenario_v1,0.7181,0.7181,0.55,0.35,300,0.3,0.5,0.7
LTFRB_PUJ1322,5847.66,5803.819,service-v1-266e0b1d,True,5847.66,historic_gtfs_service_activity_proxy,DERIVED,False,1754.298,292.383,2046.681,783.586,1469.722,-686.135,-205.841,2923.83,584.766,2436.525,1567.173,1340.089,227.084,68.125,4093.362,1023.34,2501.499,2742.553,875.525,1867.028,560.108,17.15,climate-v1.0,True,SCENARIO,sakay_gtfs_master_historic|doe_luzon_generation_2024|route2zero_climate_scenario_v1,0.7181,0.7181,0.55,0.35,300,0.3,0.5,0.7
LTFRB_PUJ1323,6602.46,6783.123,service-v1-266e0b1d,True,6602.46,historic_gtfs_service_activity_proxy,DERIVED,False,1980.738,330.123,2310.861,884.73,1659.429,-774.7,-232.41,3301.23,660.246,2751.025,1769.459,1513.064,256.396,76.919,4621.722,1155.43,2824.386,3096.554,988.535,2108.019,632.406,19.53,climate-v1.0,True,SCENARIO,sakay_gtfs_master_historic|doe_luzon_generation_2024|route2zero_climate_scenario_v1,0.7181,0.7181,0.55,0.35,300,0.3,0.5,0.7
LTFRB_PUJ1324,3283.38,3294.592,service-v1-266e0b1d,True,3283.38,historic_gtfs_service_activity_proxy,DERIVED,False,985.014,164.169,1149.183,439.973,825.228,-385.255,-115.577,1641.69,328.338,1368.075,879.946,752.441,127.505,38.251,2298.366,574.592,1404.557,1539.905,491.595,1048.31,314.493,9.08,climate-v1.0,True,SCENARIO,sakay_gtfs_master_historic|doe_luzon_generation_2024|route2zero_climate_scenario_v1,0.7181,0.7181,0.55,0.35,300,0.3,0.5,0.7
LTFRB_PUJ1325,2758.0800000000004,2797.696,service-v1-266e0b1d,True,2758.0800000000004,historic_gtfs_service_activity_proxy,DERIVED,False,827.424,137.904,965.328,369.583,693.202,-323.619,-97.086,1379.04,275.808,1149.2,739.165,632.06,107.105,32.132,1930.656,482.664,1179.845,1293.54,412.946,880.594,264.178,7.42,climate-v1.0,True,SCENARIO,sakay_gtfs_master_historic|doe_luzon_generation_2024|route2zero_climate_scenario_v1,0.7181,0.7181,0.55,0.35,300,0.3,0.5,0.7
LTFRB_PUJ1326,6269.9400000000005,6458.063,service-v1-266e0b1d,True,6269.9400000000005,historic_gtfs_service_activity_proxy,DERIVED,False,1880.982,313.497,2194.479,840.172,1575.855,-735.683,-220.705,3134.97,626.994,2612.475,1680.344,1436.861,243.483,73.045,4388.958,1097.24,2682.141,2940.602,938.749,2001.853,600.556,18.48,climate-v1.0,True,SCENARIO,sakay_gtfs_master_historic|doe_luzon_generation_2024|route2zero_climate_scenario_v1,0.7181,0.7181,0.55,0.35,300,0.3,0.5,0.7
LTFRB_PUJ1327,7724.46,7547.075,service-v1-266e0b1d,True,7724.46,historic_gtfs_service_activity_proxy,DERIVED,False,2317.338,386.223,2703.561,1035.078,1941.427,-906.35,-271.905,3862.23,772.446,3218.525,2070.155,1770.189,299.967,89.99,5407.122,1351.78,3304.352,3622.772,1156.523,2466.248,739.875,23.06,climate-v1.0,True,SCENARIO,sakay_gtfs_master_historic|doe_luzon_generation_2024|route2zero_climate_scenario_v1,0.7181,0.7181,0.55,0.35,300,0.3,0.5,0.7
LTFRB_PUJ1328,12222.66,12255.745,service-v1-266e0b1d,True,12222.66,historic_gtfs_service_activity_proxy,DERIVED,False,3666.798,611.133,4277.931,1637.836,3071.982,-1434.146,-430.244,6111.33,1222.266,5092.775,3275.673,2801.026,474.647,142.394,8555.862,2138.966,5228.582,5732.428,1830.004,3902.424,1170.727,37.22,climate-v1.0,True,SCENARIO,sakay_gtfs_master_historic|doe_luzon_generation_2024|route2zero_climate_scenario_v1,0.7181,0.7181,0.55,0.35,300,0.3,0.5,0.7
LTFRB_PUJ1330,6807.4800000000005,6922.994,service-v1-266e0b1d,True,6807.4800000000005,historic_gtfs_service_activity_proxy,DERIVED,False,2042.244,340.374,2382.618,912.202,1710.958,-798.756,-239.627,3403.74,680.748,2836.45,1824.405,1560.048,264.357,79.307,4765.236,1191.309,2912.089,3192.708,1019.231,2173.477,652.043,20.17,climate-v1.0,True,SCENARIO,sakay_gtfs_master_historic|doe_luzon_generation_2024|route2zero_climate_scenario_v1,0.7181,0.7181,0.55,0.35,300,0.3,0.5,0.7
LTFRB_PUJ1331,6824.82,6683.786,service-v1-266e0b1d,True,6824.82,historic_gtfs_service_activity_proxy,DERIVED,False,2047.446,341.241,2388.687,914.526,1715.316,-800.79,-240.237,3412.41,682.482,2843.675,1829.052,1564.021,265.031,79.509,4777.374,1194.344,2919.506,3200.841,1021.827,2179.013,653.704,20.23,climate-v1.0,True,SCENARIO,sakay_gtfs_master_historic|doe_luzon_generation_2024|route2zero_climate_scenario_v1,0.7181,0.7181,0.55,0.35,300,0.3,0.5,0.7
LTFRB_PUJ1332,9301.38,9227.158,service-v1-266e0b1d,True,9301.38,historic_gtfs_service_activity_proxy,DERIVED,False,2790.414,465.069,3255.483,1246.385,2337.762,-1091.377,-327.413,4650.69,930.138,3875.575,2492.77,2131.566,361.204,108.361,6510.966,1627.741,3978.924,4362.347,1392.623,2969.724,890.917,28.03,climate-v1.0,True,SCENARIO,sakay_gtfs_master_historic|doe_luzon_generation_2024|route2zero_climate_scenario_v1,0.7181,0.7181,0.55,0.35,300,0.3,0.5,0.7
LTFRB_PUJ1333,10686.54,10764.623,service-v1-266e0b1d,True,10686.54,historic_gtfs_service_activity_proxy,DERIVED,False,3205.962,534.327,3740.289,1431.996,2685.902,-1253.905,-376.172,5343.27,1068.654,4452.725,2863.993,2448.999,414.994,124.498,7480.578,1870.144,4571.464,5011.987,1600.013,3411.975,1023.592,32.39,climate-v1.0,True,SCENARIO,sakay_gtfs_master_historic|doe_luzon_generation_2024|route2zero_climate_scenario_v1,0.7181,0.7181,0.55,0.35,300,0.3,0.5,0.7
LTFRB_PUJ1334,10327.5,10459.937,service-v1-266e0b1d,True,10327.5,historic_gtfs_service_activity_proxy,DERIVED,False,3098.25,516.375,3614.625,1383.885,2595.662,-1211.777,-363.533,5163.75,1032.75,4303.125,2767.77,2366.719,401.051,120.315,7229.25,1807.312,4417.875,4843.598,1546.256,3297.341,989.202,31.26,climate-v1.0,True,SCENARIO,sakay_gtfs_master_historic|doe_luzon_generation_2024|route2zero_climate_scenario_v1,0.7181,0.7181,0.55,0.35,300,0.3,0.5,0.7
LTFRB_PUJ1335,10032.72,9895.314,service-v1-266e0b1d,True,10032.72,historic_gtfs_service_activity_proxy,DERIVED,False,3009.816,501.636,3511.452,1344.384,2521.574,-1177.189,-353.157,5016.36,1003.272,4180.3,2688.769,2299.165,389.604,116.881,7022.904,1755.726,4291.775,4705.346,1502.121,3203.225,960.967,30.33,climate-v1.0,True,SCENARIO,sakay_gtfs_master_historic|doe_luzon_generation_2024|route2zero_climate_scenario_v1,0.7181,0.7181,0.55,0.35,300,0.3,0.5,0.7
LTFRB_PUJ1336,2023.68,1993.925,service-v1-266e0b1d,True,2023.68,historic_gtfs_service_activity_proxy,DERIVED,False,607.104,101.184,708.288,271.173,508.622,-237.448,-71.235,1011.84,202.368,843.2,542.346,463.76,78.586,23.576,1416.576,354.144,865.685,949.106,302.99,646.116,193.835,5.11,climate-v1.0,True,SCENARIO,sakay_gtfs_master_historic|doe_luzon_generation_2024|route2zero_climate_scenario_v1,0.7181,0.7181,0.55,0.35,300,0.3,0.5,0.7
LTFRB_PUJ1337,1808.46,1800.189,service-v1-266e0b1d,True,1808.46,historic_gtfs_service_activity_proxy,DERIVED,False,542.538,90.423,632.961,242.334,454.529,-212.196,-63.659,904.23,180.846,753.525,484.667,414.439,70.229,21.069,1265.922,316.48,773.619,848.168,270.767,577.401,173.22,4.43,climate-v1.0,True,SCENARIO,sakay_gtfs_master_historic|doe_luzon_generation_2024|route2zero_climate_scenario_v1,0.7181,0.7181,0.55,0.35,300,0.3,0.5,0.7
LTFRB_PUJ1338,4955.16,4871.103,service-v1-266e0b1d,True,4955.16,historic_gtfs_service_activity_proxy,DERIVED,False,1486.548,247.758,1734.306,663.991,1245.405,-581.414,-174.424,2477.58,495.516,2064.65,1327.983,1135.558,192.425,57.728,3468.612,867.153,2119.707,2323.97,741.898,1582.072,474.622,14.34,climate-v1.0,True,SCENARIO,sakay_gtfs_master_historic|doe_luzon_generation_2024|route2zero_climate_scenario_v1,0.7181,0.7181,0.55,0.35,300,0.3,0.5,0.7
LTFRB_PUJ1339,3012.06,2916.572,service-v1-266e0b1d,True,3012.06,historic_gtfs_service_activity_proxy,DERIVED,False,903.618,150.603,1054.221,403.616,757.036,-353.42,-106.026,1506.03,301.206,1255.025,807.232,690.264,116.968,35.09,2108.442,527.11,1288.492,1412.656,450.972,961.684,288.505,8.22,climate-v1.0,True,SCENARIO,sakay_gtfs_master_historic|doe_luzon_generation_2024|route2zero_climate_scenario_v1,0.7181,0.7181,0.55,0.35,300,0.3,0.5,0.7
LTFRB_PUJ1340,16134.36,16234.889,service-v1-266e0b1d,True,16134.36,historic_gtfs_service_activity_proxy,DERIVED,False,4840.308,806.718,5647.026,2162.004,4055.129,-1893.125,-567.938,8067.18,1613.436,6722.65,4324.008,3697.458,626.551,187.965,11294.052,2823.513,6901.921,7567.015,2415.672,5151.343,1545.403,49.54,climate-v1.0,True,SCENARIO,sakay_gtfs_master_historic|doe_luzon_generation_2024|route2zero_climate_scenario_v1,0.7181,0.7181,0.55,0.35,300,0.3,0.5,0.7
LTFRB_PUJ1341,16176.18,16236.634,service-v1-266e0b1d,True,16176.18,historic_gtfs_service_activity_proxy,DERIVED,False,4852.854,808.809,5661.663,2167.608,4065.64,-1898.032,-569.41,8088.09,1617.618,6740.075,4335.216,3707.041,628.175,188.452,11323.326,2830.832,6919.81,7586.628,2421.934,5164.695,1549.408,49.67,climate-v1.0,True,SCENARIO,sakay_gtfs_master_historic|doe_luzon_generation_2024|route2zero_climate_scenario_v1,0.7181,0.7181,0.55,0.35,300,0.3,0.5,0.7
LTFRB_PUJ1342,3166.08,3137.199,service-v1-266e0b1d,True,3166.08,historic_gtfs_service_activity_proxy,DERIVED,False,949.824,158.304,1108.128,424.255,795.747,-371.492,-111.448,1583.04,316.608,1319.2,848.509,725.56,122.949,36.885,2216.256,554.064,1354.379,1484.892,474.033,1010.859,303.258,8.71,climate-v1.0,True,SCENARIO,sakay_gtfs_master_historic|doe_luzon_generation_2024|route2zero_climate_scenario_v1,0.7181,0.7181,0.55,0.35,300,0.3,0.5,0.7
LTFRB_PUJ1343,3166.08,3137.199,service-v1-266e0b1d,True,3166.08,historic_gtfs_service_activity_proxy,DERIVED,False,949.824,158.304,1108.128,424.255,795.747,-371.492,-111.448,1583.04,316.608,1319.2,848.509,725.56,122.949,36.885,2216.256,554.064,1354.379,1484.892,474.033,1010.859,303.258,8.71,climate-v1.0,True,SCENARIO,sakay_gtfs_master_historic|doe_luzon_generation_2024|route2zero_climate_scenario_v1,0.7181,0.7181,0.55,0.35,300,0.3,0.5,0.7
LTFRB_PUJ1344,7586.759999999999,7456.154,service-v1-266e0b1d,True,7586.759999999999,historic_gtfs_service_activity_proxy,DERIVED,False,2276.028,379.338,2655.366,1016.626,1906.818,-890.192,-267.058,3793.38,758.676,3161.15,2033.252,1738.632,294.619,88.386,5310.732,1327.683,3245.447,3558.19,1135.907,2422.284,726.685,22.63,climate-v1.0,True,SCENARIO,sakay_gtfs_master_historic|doe_luzon_generation_2024|route2zero_climate_scenario_v1,0.7181,0.7181,0.55,0.35,300,0.3,0.5,0.7
LTFRB_PUJ1345,6636.12,6449.407,service-v1-266e0b1d,True,6636.12,historic_gtfs_service_activity_proxy,DERIVED,False,1990.836,331.806,2322.642,889.24,1667.889,-778.649,-233.595,3318.06,663.612,2765.05,1778.48,1520.778,257.703,77.311,4645.284,1161.321,2838.785,3112.34,993.575,2118.766,635.63,19.63,climate-v1.0,True,SCENARIO,sakay_gtfs_master_historic|doe_luzon_generation_2024|route2zero_climate_scenario_v1,0.7181,0.7181,0.55,0.35,300,0.3,0.5,0.7
LTFRB_PUJ1346,11186.34,11478.916,service-v1-266e0b1d,True,11186.34,historic_gtfs_service_activity_proxy,DERIVED,False,3355.902,559.317,3915.219,1498.97,2811.519,-1312.549,-393.765,5593.17,1118.634,4660.975,2997.939,2563.536,434.403,130.321,7830.438,1957.609,4785.268,5246.393,1674.844,3571.55,1071.465,33.96,climate-v1.0,True,SCENARIO,sakay_gtfs_master_historic|doe_luzon_generation_2024|route2zero_climate_scenario_v1,0.7181,0.7181,0.55,0.35,300,0.3,0.5,0.7
LTFRB_PUJ1347,7980.48,8128.097,service-v1-266e0b1d,True,7980.48,historic_gtfs_service_activity_proxy,DERIVED,False,2394.144,399.024,2793.168,1069.384,2005.774,-936.39,-280.917,3990.24,798.048,3325.2,2138.769,1828.86,309.909,92.973,5586.336,1396.584,3413.872,3742.845,1194.855,2547.99,764.397,23.87,climate-v1.0,True,SCENARIO,sakay_gtfs_master_historic|doe_luzon_generation_2024|route2zero_climate_scenario_v1,0.7181,0.7181,0.55,0.35,300,0.3,0.5,0.7
LTFRB_PUJ1348,16846.32,16807.84,service-v1-266e0b1d,True,16846.32,historic_gtfs_service_activity_proxy,DERIVED,False,5053.896,842.316,5896.212,2257.407,4234.07,-1976.663,-592.999,8423.16,1684.632,7019.3,4514.814,3860.615,654.199,196.26,11792.424,2948.106,7206.481,7900.924,2522.268,5378.656,1613.597,51.78,climate-v1.0,True,SCENARIO,sakay_gtfs_master_historic|doe_luzon_generation_2024|route2zero_climate_scenario_v1,0.7181,0.7181,0.55,0.35,300,0.3,0.5,0.7
LTFRB_PUJ1349,15789.6,15899.462,service-v1-266e0b1d,True,15789.6,historic_gtfs_service_activity_proxy,DERIVED,False,4736.88,789.48,5526.36,2115.806,3968.479,-1852.673,-555.802,7894.8,1578.96,6579.0,4231.613,3618.45,613.163,183.949,11052.72,2763.18,6754.44,7405.322,2364.054,5041.268,1512.381,48.45,climate-v1.0,True,SCENARIO,sakay_gtfs_master_historic|doe_luzon_generation_2024|route2zero_climate_scenario_v1,0.7181,0.7181,0.55,0.35,300,0.3,0.5,0.7
LTFRB_PUJ1350,27916.38,28749.547,service-v1-266e0b1d,True,27916.38,historic_gtfs_service_activity_proxy,DERIVED,False,8374.914,1395.819,9770.733,3740.795,7016.363,-3275.568,-982.671,13958.19,2791.638,11631.825,7481.59,6397.504,1084.086,325.226,19541.466,4885.366,11942.007,13092.782,4179.702,8913.08,2673.924,86.63,climate-v1.0,True,SCENARIO,sakay_gtfs_master_historic|doe_luzon_generation_2024|route2zero_climate_scenario_v1,0.7181,0.7181,0.55,0.35,300,0.3,0.5,0.7
LTFRB_PUJ1351,25648.92,26108.356,service-v1-266e0b1d,True,25648.92,historic_gtfs_service_activity_proxy,DERIVED,False,7694.676,1282.446,8977.122,3436.955,6446.471,-3009.516,-902.855,12824.46,2564.892,10687.05,6873.911,5877.878,996.033,298.81,17954.244,4488.561,10972.038,12029.343,3840.213,8189.13,2456.739,79.49,climate-v1.0,True,SCENARIO,sakay_gtfs_master_historic|doe_luzon_generation_2024|route2zero_climate_scenario_v1,0.7181,0.7181,0.55,0.35,300,0.3,0.5,0.7
LTFRB_PUJ1352,28885.38,29098.964,service-v1-266e0b1d,True,28885.38,historic_gtfs_service_activity_proxy,DERIVED,False,8665.614,1444.269,10109.883,3870.641,7259.907,-3389.266,-1016.78,14442.69,2888.538,12035.575,7741.282,6619.566,1121.716,336.515,20219.766,5054.942,12356.524,13547.243,4324.783,9222.46,2766.738,89.68,climate-v1.0,True,SCENARIO,sakay_gtfs_master_historic|doe_luzon_generation_2024|route2zero_climate_scenario_v1,0.7181,0.7181,0.55,0.35,300,0.3,0.5,0.7
LTFRB_PUJ1353,31585.32,29658.597,service-v1-266e0b1d,True,31585.32,historic_gtfs_service_activity_proxy,DERIVED,False,9475.596,1579.266,11054.862,4232.433,7938.496,-3706.064,-1111.819,15792.66,3158.532,13160.55,8464.866,7238.302,1226.563,367.969,22109.724,5527.431,13511.498,14813.515,4729.024,10084.491,3025.347,98.18,climate-v1.0,True,SCENARIO,sakay_gtfs_master_historic|doe_luzon_generation_2024|route2zero_climate_scenario_v1,0.7181,0.7181,0.55,0.35,300,0.3,0.5,0.7
LTFRB_PUJ1354,9862.38,10030.154,service-v1-266e0b1d,True,9862.38,historic_gtfs_service_activity_proxy,DERIVED,False,2958.714,493.119,3451.833,1321.559,2478.761,-1157.202,-347.161,4931.19,986.238,4109.325,2643.118,2260.129,382.989,114.897,6903.666,1725.916,4218.907,4625.456,1476.617,3148.839,944.652,29.79,climate-v1.0,True,SCENARIO,sakay_gtfs_master_historic|doe_luzon_generation_2024|route2zero_climate_scenario_v1,0.7181,0.7181,0.55,0.35,300,0.3,0.5,0.7
LTFRB_PUJ1355,11584.14,11384.23,service-v1-266e0b1d,True,11584.14,historic_gtfs_service_activity_proxy,DERIVED,False,3475.242,579.207,4054.449,1552.275,2911.5,-1359.225,-407.768,5792.07,1158.414,4826.725,3104.55,2654.699,449.851,134.955,8108.898,2027.224,4955.438,5432.962,1734.403,3698.558,1109.568,35.21,climate-v1.0,True,SCENARIO,sakay_gtfs_master_historic|doe_luzon_generation_2024|route2zero_climate_scenario_v1,0.7181,0.7181,0.55,0.35,300,0.3,0.5,0.7
LTFRB_PUJ1356,11687.16,12052.758,service-v1-266e0b1d,True,11687.16,historic_gtfs_service_activity_proxy,DERIVED,False,3506.148,584.358,4090.506,1566.079,2937.392,-1371.313,-411.394,5843.58,1168.716,4869.65,3132.159,2678.308,453.851,136.155,8181.012,2045.253,4999.507,5481.278,1749.828,3731.45,1119.435,35.54,climate-v1.0,True,SCENARIO,sakay_gtfs_master_historic|doe_luzon_generation_2024|route2zero_climate_scenario_v1,0.7181,0.7181,0.55,0.35,300,0.3,0.5,0.7
LTFRB_PUJ1357,11725.92,11844.176,service-v1-266e0b1d,True,11725.92,historic_gtfs_service_activity_proxy,DERIVED,False,3517.776,586.296,4104.072,1571.273,2947.134,-1375.861,-412.758,5862.96,1172.592,4885.8,3142.547,2687.19,455.357,136.607,8208.144,2052.036,5016.088,5499.456,1755.631,3743.826,1123.148,35.66,climate-v1.0,True,SCENARIO,sakay_gtfs_master_historic|doe_luzon_generation_2024|route2zero_climate_scenario_v1,0.7181,0.7181,0.55,0.35,300,0.3,0.5,0.7
LTFRB_PUJ1358,2928.42,2959.766,service-v1-266e0b1d,True,2928.42,historic_gtfs_service_activity_proxy,DERIVED,False,878.526,146.421,1024.947,392.408,736.014,-343.606,-103.082,1464.21,292.842,1220.175,784.817,671.096,113.72,34.116,2049.894,512.473,1252.713,1373.429,438.45,934.979,280.494,7.96,climate-v1.0,True,SCENARIO,sakay_gtfs_master_historic|doe_luzon_generation_2024|route2zero_climate_scenario_v1,0.7181,0.7181,0.55,0.35,300,0.3,0.5,0.7
LTFRB_PUJ1359,11126.16,11384.366,service-v1-266e0b1d,True,11126.16,historic_gtfs_service_activity_proxy,DERIVED,False,3337.848,556.308,3894.156,1490.905,2796.393,-1305.488,-391.646,5563.08,1112.616,4635.9,2981.811,2549.745,432.066,129.62,7788.312,1947.078,4759.524,5218.169,1665.833,3552.336,1065.701,33.77,climate-v1.0,True,SCENARIO,sakay_gtfs_master_historic|doe_luzon_generation_2024|route2zero_climate_scenario_v1,0.7181,0.7181,0.55,0.35,300,0.3,0.5,0.7
LTFRB_PUJ1360,10548.84,10330.584,service-v1-266e0b1d,True,10548.84,historic_gtfs_service_activity_proxy,DERIVED,False,3164.652,527.442,3692.094,1413.545,2651.293,-1237.748,-371.324,5274.42,1054.884,4395.35,2827.089,2417.443,409.647,122.894,7384.188,1846.047,4512.559,4947.406,1579.396,3368.01,1010.403,31.95,climate-v1.0,True,SCENARIO,sakay_gtfs_master_historic|doe_luzon_generation_2024|route2zero_climate_scenario_v1,0.7181,0.7181,0.55,0.35,300,0.3,0.5,0.7
LTFRB_PUJ1361,7556.160000000001,7535.957,service-v1-266e0b1d,True,7556.160000000001,historic_gtfs_service_activity_proxy,DERIVED,False,2266.848,377.808,2644.656,1012.525,1899.127,-886.602,-265.981,3778.08,755.616,3148.4,2025.051,1731.62,293.431,88.029,5289.312,1322.328,3232.357,3543.839,1131.325,2412.514,723.754,22.53,climate-v1.0,True,SCENARIO,sakay_gtfs_master_historic|doe_luzon_generation_2024|route2zero_climate_scenario_v1,0.7181,0.7181,0.55,0.35,300,0.3,0.5,0.7
LTFRB_PUJ1362,3707.7,3755.492,service-v1-266e0b1d,True,3707.7,historic_gtfs_service_activity_proxy,DERIVED,False,1112.31,185.385,1297.695,496.832,931.875,-435.043,-130.513,1853.85,370.77,1544.875,993.664,849.681,143.982,43.195,2595.39,648.848,1586.072,1738.911,555.125,1183.786,355.136,10.41,climate-v1.0,True,SCENARIO,sakay_gtfs_master_historic|doe_luzon_generation_2024|route2zero_climate_scenario_v1,0.7181,0.7181,0.55,0.35,300,0.3,0.5,0.7
LTFRB_PUJ1363,3683.22,3686.488,service-v1-266e0b1d,True,3683.22,historic_gtfs_service_activity_proxy,DERIVED,False,1104.966,184.161,1289.127,493.551,925.722,-432.171,-129.651,1841.61,368.322,1534.675,987.103,844.071,143.032,42.91,2578.254,644.564,1575.6,1727.43,551.46,1175.97,352.791,10.34,climate-v1.0,True,SCENARIO,sakay_gtfs_master_historic|doe_luzon_generation_2024|route2zero_climate_scenario_v1,0.7181,0.7181,0.55,0.35,300,0.3,0.5,0.7
LTFRB_PUJ1364,15188.82,15147.39,service-v1-266e0b1d,True,15188.82,historic_gtfs_service_activity_proxy,DERIVED,False,4556.646,759.441,5316.087,2035.302,3817.482,-1782.18,-534.654,7594.41,1518.882,6328.675,4070.604,3480.771,589.833,176.95,10632.174,2658.044,6497.44,7123.557,2274.104,4849.453,1454.836,46.56,climate-v1.0,True,SCENARIO,sakay_gtfs_master_historic|doe_luzon_generation_2024|route2zero_climate_scenario_v1,0.7181,0.7181,0.55,0.35,300,0.3,0.5,0.7
LTFRB_PUJ1365,14262.66,14319.325,service-v1-266e0b1d,True,14262.66,historic_gtfs_service_activity_proxy,DERIVED,False,4278.798,713.133,4991.931,1911.196,3584.706,-1673.509,-502.053,7131.33,1426.266,5942.775,3822.393,3268.526,553.867,166.16,9983.862,2495.966,6101.249,6689.188,2135.437,4553.75,1366.125,43.64,climate-v1.0,True,SCENARIO,sakay_gtfs_master_historic|doe_luzon_generation_2024|route2zero_climate_scenario_v1,0.7181,0.7181,0.55,0.35,300,0.3,0.5,0.7
LTFRB_PUJ1366,4488.0,4469.345,service-v1-266e0b1d,True,4488.0,historic_gtfs_service_activity_proxy,DERIVED,False,1346.4,224.4,1570.8,601.392,1127.991,-526.599,-157.98,2244.0,448.8,1870.0,1202.784,1028.5,174.284,52.285,3141.6,785.4,1919.867,2104.872,671.953,1432.919,429.876,12.87,climate-v1.0,True,SCENARIO,sakay_gtfs_master_historic|doe_luzon_generation_2024|route2zero_climate_scenario_v1,0.7181,0.7181,0.55,0.35,300,0.3,0.5,0.7
LTFRB_PUJ1367,5491.68,5457.713,service-v1-266e0b1d,True,5491.68,historic_gtfs_service_activity_proxy,DERIVED,False,1647.504,274.584,1922.088,735.885,1380.251,-644.366,-193.31,2745.84,549.168,2288.2,1471.77,1258.51,213.26,63.978,3844.176,961.044,2349.219,2575.598,822.227,1753.371,526.011,16.03,climate-v1.0,True,SCENARIO,sakay_gtfs_master_historic|doe_luzon_generation_2024|route2zero_climate_scenario_v1,0.7181,0.7181,0.55,0.35,300,0.3,0.5,0.7
LTFRB_PUJ1368,5396.820000000001,5391.722,service-v1-266e0b1d,True,5396.820000000001,historic_gtfs_service_activity_proxy,DERIVED,False,1619.046,269.841,1888.887,723.174,1356.41,-633.236,-189.971,2698.41,539.682,2248.675,1446.348,1236.771,209.577,62.873,3777.774,944.444,2308.64,2531.109,808.024,1723.085,516.925,15.73,climate-v1.0,True,SCENARIO,sakay_gtfs_master_historic|doe_luzon_generation_2024|route2zero_climate_scenario_v1,0.7181,0.7181,0.55,0.35,300,0.3,0.5,0.7
LTFRB_PUJ1369,5512.08,5331.393,service-v1-266e0b1d,True,5512.08,historic_gtfs_service_activity_proxy,DERIVED,False,1653.624,275.604,1929.228,738.619,1385.379,-646.76,-194.028,2756.04,551.208,2296.7,1477.237,1263.185,214.052,64.216,3858.456,964.614,2357.945,2585.166,825.281,1759.885,527.965,16.1,climate-v1.0,True,SCENARIO,sakay_gtfs_master_historic|doe_luzon_generation_2024|route2zero_climate_scenario_v1,0.7181,0.7181,0.55,0.35,300,0.3,0.5,0.7
LTFRB_PUJ1370,12131.88,11897.235,service-v1-266e0b1d,True,12131.88,historic_gtfs_service_activity_proxy,DERIVED,False,3639.564,606.594,4246.158,1625.672,3049.166,-1423.494,-427.048,6065.94,1213.188,5054.95,3251.344,2780.223,471.121,141.336,8492.316,2123.079,5189.749,5689.852,1816.412,3873.44,1162.032,36.94,climate-v1.0,True,SCENARIO,sakay_gtfs_master_historic|doe_luzon_generation_2024|route2zero_climate_scenario_v1,0.7181,0.7181,0.55,0.35,300,0.3,0.5,0.7
LTFRB_PUJ1371,11666.76,11835.221,service-v1-266e0b1d,True,11666.76,historic_gtfs_service_activity_proxy,DERIVED,False,3500.028,583.338,4083.366,1563.346,2932.265,-1368.919,-410.676,5833.38,1166.676,4861.15,3126.692,2673.632,453.059,135.918,8166.732,2041.683,4990.781,5471.71,1746.773,3724.937,1117.481,35.47,climate-v1.0,True,SCENARIO,sakay_gtfs_master_historic|doe_luzon_generation_2024|route2zero_climate_scenario_v1,0.7181,0.7181,0.55,0.35,300,0.3,0.5,0.7
LTFRB_PUJ1372,7463.34,7215.675,service-v1-266e0b1d,True,7463.34,historic_gtfs_service_activity_proxy,DERIVED,False,2239.002,373.167,2612.169,1000.088,1875.799,-875.711,-262.713,3731.67,746.334,3109.725,2000.175,1710.349,289.826,86.948,5224.338,1306.084,3192.651,3500.306,1117.428,2382.879,714.864,22.24,climate-v1.0,True,SCENARIO,sakay_gtfs_master_historic|doe_luzon_generation_2024|route2zero_climate_scenario_v1,0.7181,0.7181,0.55,0.35,300,0.3,0.5,0.7
LTFRB_PUJ1373,7156.32,7079.896,service-v1-266e0b1d,True,7156.32,historic_gtfs_service_activity_proxy,DERIVED,False,2146.896,357.816,2504.712,958.947,1798.634,-839.687,-251.906,3578.16,715.632,2981.8,1917.894,1639.99,277.904,83.371,5009.424,1252.356,3061.315,3356.314,1071.46,2284.854,685.456,21.27,climate-v1.0,True,SCENARIO,sakay_gtfs_master_historic|doe_luzon_generation_2024|route2zero_climate_scenario_v1,0.7181,0.7181,0.55,0.35,300,0.3,0.5,0.7
LTFRB_PUJ1374,20475.480000000003,20494.369,service-v1-266e0b1d,True,20475.480000000003,historic_gtfs_service_activity_proxy,DERIVED,False,6142.644,1023.774,7166.418,2743.714,5146.205,-2402.49,-720.747,10237.74,2047.548,8531.45,5487.429,4692.298,795.131,238.539,14332.836,3583.209,8758.955,9603.0,3065.634,6537.366,1961.21,63.2,climate-v1.0,True,SCENARIO,sakay_gtfs_master_historic|doe_luzon_generation_2024|route2zero_climate_scenario_v1,0.7181,0.7181,0.55,0.35,300,0.3,0.5,0.7
LTFRB_PUJ1375,20397.960000000003,20353.815,service-v1-266e0b1d,True,20397.960000000003,historic_gtfs_service_activity_proxy,DERIVED,False,6119.388,1019.898,7139.286,2733.327,5126.721,-2393.395,-718.018,10198.98,2039.796,8499.15,5466.653,4674.532,792.121,237.636,14278.572,3569.643,8725.794,9566.643,3054.028,6512.615,1953.785,62.96,climate-v1.0,True,SCENARIO,sakay_gtfs_master_historic|doe_luzon_generation_2024|route2zero_climate_scenario_v1,0.7181,0.7181,0.55,0.35,300,0.3,0.5,0.7
LTFRB_PUJ1376,4378.860000000001,4512.338,service-v1-266e0b1d,True,4378.860000000001,historic_gtfs_service_activity_proxy,DERIVED,False,1313.658,218.943,1532.601,586.767,1100.561,-513.794,-154.138,2189.43,437.886,1824.525,1173.534,1003.489,170.046,51.014,3065.202,766.3,1873.179,2053.685,655.613,1398.073,419.422,12.53,climate-v1.0,True,SCENARIO,sakay_gtfs_master_historic|doe_luzon_generation_2024|route2zero_climate_scenario_v1,0.7181,0.7181,0.55,0.35,300,0.3,0.5,0.7
LTFRB_PUJ1377,4378.860000000001,4512.338,service-v1-266e0b1d,True,4378.860000000001,historic_gtfs_service_activity_proxy,DERIVED,False,1313.658,218.943,1532.601,586.767,1100.561,-513.794,-154.138,2189.43,437.886,1824.525,1173.534,1003.489,170.046,51.014,3065.202,766.3,1873.179,2053.685,655.613,1398.073,419.422,12.53,climate-v1.0,True,SCENARIO,sakay_gtfs_master_historic|doe_luzon_generation_2024|route2zero_climate_scenario_v1,0.7181,0.7181,0.55,0.35,300,0.3,0.5,0.7
LTFRB_PUJ1378,13764.9,13712.698,service-v1-266e0b1d,True,13764.9,historic_gtfs_service_activity_proxy,DERIVED,False,4129.47,688.245,4817.715,1844.497,3459.601,-1615.105,-484.531,6882.45,1376.49,5735.375,3688.993,3154.456,534.537,160.361,9635.43,2408.857,5888.318,6455.738,2060.911,4394.827,1318.448,42.08,climate-v1.0,True,SCENARIO,sakay_gtfs_master_historic|doe_luzon_generation_2024|route2zero_climate_scenario_v1,0.7181,0.7181,0.55,0.35,300,0.3,0.5,0.7
LTFRB_PUJ1379,14624.759999999998,14537.305,service-v1-266e0b1d,True,14624.759999999998,historic_gtfs_service_activity_proxy,DERIVED,False,4387.428,731.238,5118.666,1959.718,3675.714,-1715.996,-514.799,7312.38,1462.476,6093.65,3919.436,3351.508,567.928,170.378,10237.332,2559.333,6256.147,6859.012,2189.652,4669.361,1400.808,44.78,climate-v1.0,True,SCENARIO,sakay_gtfs_master_historic|doe_luzon_generation_2024|route2zero_climate_scenario_v1,0.7181,0.7181,0.55,0.35,300,0.3,0.5,0.7
LTFRB_PUJ1380,8343.6,8295.721,service-v1-266e0b1d,True,8343.6,historic_gtfs_service_activity_proxy,DERIVED,False,2503.08,417.18,2920.26,1118.042,2097.039,-978.996,-293.699,4171.8,834.36,3476.5,2236.085,1912.075,324.01,97.203,5840.52,1460.13,3569.207,3913.148,1249.222,2663.926,799.178,25.01,climate-v1.0,True,SCENARIO,sakay_gtfs_master_historic|doe_luzon_generation_2024|route2zero_climate_scenario_v1,0.7181,0.7181,0.55,0.35,300,0.3,0.5,0.7
LTFRB_PUJ1381,8343.6,8295.721,service-v1-266e0b1d,True,8343.6,historic_gtfs_service_activity_proxy,DERIVED,False,2503.08,417.18,2920.26,1118.042,2097.039,-978.996,-293.699,4171.8,834.36,3476.5,2236.085,1912.075,324.01,97.203,5840.52,1460.13,3569.207,3913.148,1249.222,2663.926,799.178,25.01,climate-v1.0,True,SCENARIO,sakay_gtfs_master_historic|doe_luzon_generation_2024|route2zero_climate_scenario_v1,0.7181,0.7181,0.55,0.35,300,0.3,0.5,0.7
LTFRB_PUJ1382,13053.96,12973.751,service-v1-266e0b1d,True,13053.96,historic_gtfs_service_activity_proxy,DERIVED,False,3916.188,652.698,4568.886,1749.231,3280.917,-1531.686,-459.506,6526.98,1305.396,5439.15,3498.461,2991.533,506.929,152.079,9137.772,2284.443,5584.194,6122.307,1954.468,4167.839,1250.352,39.84,climate-v1.0,True,SCENARIO,sakay_gtfs_master_historic|doe_luzon_generation_2024|route2zero_climate_scenario_v1,0.7181,0.7181,0.55,0.35,300,0.3,0.5,0.7
LTFRB_PUJ1383,14176.98,13897.867,service-v1-266e0b1d,True,14176.98,historic_gtfs_service_activity_proxy,DERIVED,False,4253.094,708.849,4961.943,1899.715,3563.171,-1663.456,-499.037,7088.49,1417.698,5907.075,3799.431,3248.891,550.539,165.162,9923.886,2480.971,6064.597,6649.004,2122.609,4526.395,1357.918,43.38,climate-v1.0,True,SCENARIO,sakay_gtfs_master_historic|doe_luzon_generation_2024|route2zero_climate_scenario_v1,0.7181,0.7181,0.55,0.35,300,0.3,0.5,0.7
LTFRB_PUJ1384,3465.96,3432.119,service-v1-266e0b1d,True,3465.96,historic_gtfs_service_activity_proxy,DERIVED,False,1039.788,173.298,1213.086,464.439,871.117,-406.678,-122.004,1732.98,346.596,1444.15,928.877,794.283,134.595,40.378,2426.172,606.543,1482.661,1625.535,518.931,1106.604,331.981,9.65,climate-v1.0,True,SCENARIO,sakay_gtfs_master_historic|doe_luzon_generation_2024|route2zero_climate_scenario_v1,0.7181,0.7181,0.55,0.35,300,0.3,0.5,0.7
LTFRB_PUJ1385,3535.32,3500.735,service-v1-266e0b1d,True,3535.32,historic_gtfs_service_activity_proxy,DERIVED,False,1060.596,176.766,1237.362,473.733,888.55,-414.817,-124.445,1767.66,353.532,1473.05,947.466,810.178,137.288,41.186,2474.724,618.681,1512.331,1658.065,529.316,1128.749,338.625,9.87,climate-v1.0,True,SCENARIO,sakay_gtfs_master_historic|doe_luzon_generation_2024|route2zero_climate_scenario_v1,0.7181,0.7181,0.55,0.35,300,0.3,0.5,0.7
LTFRB_PUJ1386,3829.08,3795.746,service-v1-266e0b1d,True,3829.08,historic_gtfs_service_activity_proxy,DERIVED,False,1148.724,191.454,1340.178,513.097,962.382,-449.285,-134.786,1914.54,382.908,1595.45,1026.193,877.498,148.696,44.609,2680.356,670.089,1637.995,1795.839,573.298,1222.54,366.762,10.8,climate-v1.0,True,SCENARIO,sakay_gtfs_master_historic|doe_luzon_generation_2024|route2zero_climate_scenario_v1,0.7181,0.7181,0.55,0.35,300,0.3,0.5,0.7
LTFRB_PUJ1387,3738.3,3778.239,service-v1-266e0b1d,True,3738.3,historic_gtfs_service_activity_proxy,DERIVED,False,1121.49,186.915,1308.405,500.932,939.566,-438.633,-131.59,1869.15,373.83,1557.625,1001.864,856.694,145.171,43.551,2616.81,654.202,1599.162,1753.263,559.707,1193.556,358.067,10.51,climate-v1.0,True,SCENARIO,sakay_gtfs_master_historic|doe_luzon_generation_2024|route2zero_climate_scenario_v1,0.7181,0.7181,0.55,0.35,300,0.3,0.5,0.7
LTFRB_PUJ1388,4635.9,4599.357,service-v1-266e0b1d,True,4635.9,historic_gtfs_service_activity_proxy,DERIVED,False,1390.77,231.795,1622.565,621.211,1165.164,-543.953,-163.186,2317.95,463.59,1931.625,1242.421,1062.394,180.027,54.008,3245.13,811.282,1983.135,2174.237,694.097,1480.14,444.042,13.34,climate-v1.0,True,SCENARIO,sakay_gtfs_master_historic|doe_luzon_generation_2024|route2zero_climate_scenario_v1,0.7181,0.7181,0.55,0.35,300,0.3,0.5,0.7
LTFRB_PUJ1389,5589.6,5743.507,service-v1-266e0b1d,True,5589.6,historic_gtfs_service_activity_proxy,DERIVED,False,1676.88,279.48,1956.36,749.006,1404.862,-655.856,-196.757,2794.8,558.96,2329.0,1498.013,1280.95,217.063,65.119,3912.72,978.18,2391.107,2621.522,836.887,1784.635,535.391,16.34,climate-v1.0,True,SCENARIO,sakay_gtfs_master_historic|doe_luzon_generation_2024|route2zero_climate_scenario_v1,0.7181,0.7181,0.55,0.35,300,0.3,0.5,0.7
LTFRB_PUJ1390,1637.1,1678.775,service-v1-266e0b1d,True,1637.1,historic_gtfs_service_activity_proxy,DERIVED,False,491.13,81.855,572.985,219.371,411.461,-192.089,-57.627,818.55,163.71,682.125,438.743,375.169,63.574,19.072,1145.97,286.492,700.315,767.8,245.11,522.69,156.807,3.9,climate-v1.0,True,SCENARIO,sakay_gtfs_master_historic|doe_luzon_generation_2024|route2zero_climate_scenario_v1,0.7181,0.7181,0.55,0.35,300,0.3,0.5,0.7
LTFRB_PUJ1391,1459.62,1485.771,service-v1-266e0b1d,True,1459.62,historic_gtfs_service_activity_proxy,DERIVED,False,437.886,72.981,510.867,195.589,366.854,-171.265,-51.379,729.81,145.962,608.175,391.178,334.496,56.682,17.005,1021.734,255.433,624.393,684.562,218.538,466.024,139.807,3.34,climate-v1.0,True,SCENARIO,sakay_gtfs_master_historic|doe_luzon_generation_2024|route2zero_climate_scenario_v1,0.7181,0.7181,0.55,0.35,300,0.3,0.5,0.7
LTFRB_PUJ1392,7148.16,6900.573,service-v1-266e0b1d,True,7148.16,historic_gtfs_service_activity_proxy,DERIVED,False,2144.448,357.408,2501.856,957.853,1796.583,-838.729,-251.619,3574.08,714.816,2978.4,1915.707,1638.12,277.587,83.276,5003.712,1250.928,3057.824,3352.487,1070.238,2282.249,684.675,21.25,climate-v1.0,True,SCENARIO,sakay_gtfs_master_historic|doe_luzon_generation_2024|route2zero_climate_scenario_v1,0.7181,0.7181,0.55,0.35,300,0.3,0.5,0.7
LTFRB_PUJ1393,6222.0,6316.218,service-v1-266e0b1d,True,6222.0,historic_gtfs_service_activity_proxy,DERIVED,False,1866.6,311.1,2177.7,833.748,1563.806,-730.058,-219.018,3111.0,622.2,2592.5,1667.496,1425.875,241.621,72.486,4355.4,1088.85,2661.633,2918.118,931.572,1986.546,595.964,18.33,climate-v1.0,True,SCENARIO,sakay_gtfs_master_historic|doe_luzon_generation_2024|route2zero_climate_scenario_v1,0.7181,0.7181,0.55,0.35,300,0.3,0.5,0.7
LTFRB_PUJ1394,17999.94,17999.644,service-v1-266e0b1d,True,17999.94,historic_gtfs_service_activity_proxy,DERIVED,False,5399.982,899.997,6299.979,2411.992,4524.015,-2112.023,-633.607,8999.97,1799.994,7499.975,4823.984,4124.986,698.998,209.699,12599.958,3149.989,7699.974,8441.972,2694.991,5746.981,1724.094,55.41,climate-v1.0,True,SCENARIO,sakay_gtfs_master_historic|doe_luzon_generation_2024|route2zero_climate_scenario_v1,0.7181,0.7181,0.55,0.35,300,0.3,0.5,0.7
LTFRB_PUJ1395,18046.86,18204.481,service-v1-266e0b1d,True,18046.86,historic_gtfs_service_activity_proxy,DERIVED,False,5414.058,902.343,6316.401,2418.279,4535.808,-2117.528,-635.258,9023.43,1804.686,7519.525,4836.558,4135.739,700.82,210.246,12632.802,3158.2,7720.046,8463.977,2702.016,5761.961,1728.588,55.56,climate-v1.0,True,SCENARIO,sakay_gtfs_master_historic|doe_luzon_generation_2024|route2zero_climate_scenario_v1,0.7181,0.7181,0.55,0.35,300,0.3,0.5,0.7
LTFRB_PUJ1396,20770.26,20692.163,service-v1-266e0b1d,True,20770.26,historic_gtfs_service_activity_proxy,DERIVED,False,6231.078,1038.513,7269.591,2783.215,5220.293,-2437.078,-731.124,10385.13,2077.026,8654.275,5566.43,4759.851,806.578,241.974,14539.182,3634.795,8885.056,9741.252,3109.769,6631.482,1989.445,64.13,climate-v1.0,True,SCENARIO,sakay_gtfs_master_historic|doe_luzon_generation_2024|route2zero_climate_scenario_v1,0.7181,0.7181,0.55,0.35,300,0.3,0.5,0.7
LTFRB_PUJ1397,21160.92,21165.931,service-v1-266e0b1d,True,21160.92,historic_gtfs_service_activity_proxy,DERIVED,False,6348.276,1058.046,7406.322,2835.563,5318.48,-2482.917,-744.875,10580.46,2116.092,8817.05,5671.127,4849.378,821.749,246.525,14812.644,3703.161,9052.171,9924.471,3168.26,6756.212,2026.863,65.36,climate-v1.0,True,SCENARIO,sakay_gtfs_master_historic|doe_luzon_generation_2024|route2zero_climate_scenario_v1,0.7181,0.7181,0.55,0.35,300,0.3,0.5,0.7
LTFRB_PUJ1398,19671.72,19960.606,service-v1-266e0b1d,True,19671.72,historic_gtfs_service_activity_proxy,DERIVED,False,5901.516,983.586,6885.102,2636.01,4944.192,-2308.181,-692.454,9835.86,1967.172,8196.55,5272.021,4508.103,763.918,229.176,13770.204,3442.551,8415.125,9226.037,2945.294,6280.743,1884.223,60.67,climate-v1.0,True,SCENARIO,sakay_gtfs_master_historic|doe_luzon_generation_2024|route2zero_climate_scenario_v1,0.7181,0.7181,0.55,0.35,300,0.3,0.5,0.7
LTFRB_PUJ1399,19866.54,20032.995,service-v1-266e0b1d,True,19866.54,historic_gtfs_service_activity_proxy,DERIVED,False,5959.962,993.327,6953.289,2662.116,4993.157,-2331.04,-699.312,9933.27,1986.654,8277.725,5324.233,4552.749,771.484,231.445,13906.578,3476.644,8498.464,9317.407,2974.463,6342.945,1902.883,61.29,climate-v1.0,True,SCENARIO,sakay_gtfs_master_historic|doe_luzon_generation_2024|route2zero_climate_scenario_v1,0.7181,0.7181,0.55,0.35,300,0.3,0.5,0.7
LTFRB_PUJ1400,19732.92,19647.606,service-v1-266e0b1d,True,19732.92,historic_gtfs_service_activity_proxy,DERIVED,False,5919.876,986.646,6906.522,2644.211,4959.573,-2315.362,-694.609,9866.46,1973.292,8222.05,5288.423,4522.128,766.295,229.889,13813.044,3453.261,8441.305,9254.739,2954.457,6300.283,1890.085,60.87,climate-v1.0,True,SCENARIO,sakay_gtfs_master_historic|doe_luzon_generation_2024|route2zero_climate_scenario_v1,0.7181,0.7181,0.55,0.35,300,0.3,0.5,0.7
LTFRB_PUJ1401,21459.78,21497.99,service-v1-266e0b1d,True,21459.78,historic_gtfs_service_activity_proxy,DERIVED,False,6437.934,1072.989,7510.923,2875.611,5393.594,-2517.983,-755.395,10729.89,2145.978,8941.575,5751.221,4917.866,833.355,250.006,15021.846,3755.461,9180.017,10064.637,3213.006,6851.631,2055.489,66.3,climate-v1.0,True,SCENARIO,sakay_gtfs_master_historic|doe_luzon_generation_2024|route2zero_climate_scenario_v1,0.7181,0.7181,0.55,0.35,300,0.3,0.5,0.7
LTFRB_PUJ1402,18915.9,18842.242,service-v1-266e0b1d,True,18915.9,historic_gtfs_service_activity_proxy,DERIVED,False,5674.77,945.795,6620.565,2534.731,4754.228,-2219.497,-665.849,9457.95,1891.59,7881.625,5069.461,4334.894,734.567,220.37,13241.13,3310.283,8091.802,8871.557,2832.131,6039.427,1811.828,58.29,climate-v1.0,True,SCENARIO,sakay_gtfs_master_historic|doe_luzon_generation_2024|route2zero_climate_scenario_v1,0.7181,0.7181,0.55,0.35,300,0.3,0.5,0.7
LTFRB_PUJ1405,23087.7,23918.675,service-v1-266e0b1d,True,23087.7,historic_gtfs_service_activity_proxy,DERIVED,False,6926.31,1154.385,8080.695,3093.752,5802.747,-2708.995,-812.699,11543.85,2308.77,9619.875,6187.504,5290.931,896.572,268.972,16161.39,4040.348,9876.405,10828.131,3456.742,7371.39,2211.417,71.43,climate-v1.0,True,SCENARIO,sakay_gtfs_master_historic|doe_luzon_generation_2024|route2zero_climate_scenario_v1,0.7181,0.7181,0.55,0.35,300,0.3,0.5,0.7
LTFRB_PUJ1406,2375.5800000000004,2315.996,service-v1-266e0b1d,True,2375.5800000000004,historic_gtfs_service_activity_proxy,DERIVED,False,712.674,118.779,831.453,318.328,597.066,-278.739,-83.622,1187.79,237.558,989.825,636.655,544.404,92.252,27.676,1662.906,415.727,1016.22,1114.147,355.677,758.47,227.541,6.22,climate-v1.0,True,SCENARIO,sakay_gtfs_master_historic|doe_luzon_generation_2024|route2zero_climate_scenario_v1,0.7181,0.7181,0.55,0.35,300,0.3,0.5,0.7
LTFRB_PUJ1407,2375.5800000000004,2315.996,service-v1-266e0b1d,True,2375.5800000000004,historic_gtfs_service_activity_proxy,DERIVED,False,712.674,118.779,831.453,318.328,597.066,-278.739,-83.622,1187.79,237.558,989.825,636.655,544.404,92.252,27.676,1662.906,415.727,1016.22,1114.147,355.677,758.47,227.541,6.22,climate-v1.0,True,SCENARIO,sakay_gtfs_master_historic|doe_luzon_generation_2024|route2zero_climate_scenario_v1,0.7181,0.7181,0.55,0.35,300,0.3,0.5,0.7
LTFRB_PUJ1408,2622.42,2610.989,service-v1-266e0b1d,True,2622.42,historic_gtfs_service_activity_proxy,DERIVED,False,786.726,131.121,917.847,351.404,659.106,-307.702,-92.31,1311.21,262.242,1092.675,702.809,600.971,101.837,30.551,1835.694,458.924,1121.813,1229.915,392.635,837.28,251.184,7.0,climate-v1.0,True,SCENARIO,sakay_gtfs_master_historic|doe_luzon_generation_2024|route2zero_climate_scenario_v1,0.7181,0.7181,0.55,0.35,300,0.3,0.5,0.7
LTFRB_PUJ1409,2857.02,2891.985,service-v1-266e0b1d,True,2857.02,historic_gtfs_service_activity_proxy,DERIVED,False,857.106,142.851,999.957,382.841,718.069,-335.228,-100.569,1428.51,285.702,1190.425,765.681,654.734,110.948,33.284,1999.914,499.978,1222.17,1339.942,427.759,912.183,273.655,7.74,climate-v1.0,True,SCENARIO,sakay_gtfs_master_historic|doe_luzon_generation_2024|route2zero_climate_scenario_v1,0.7181,0.7181,0.55,0.35,300,0.3,0.5,0.7
LTFRB_PUJ1410,1226.04,1305.103,service-v1-266e0b1d,True,1226.04,historic_gtfs_service_activity_proxy,DERIVED,False,367.812,61.302,429.114,164.289,308.147,-143.857,-43.157,613.02,122.604,510.85,328.579,280.968,47.611,14.283,858.228,214.557,524.473,575.013,183.565,391.447,117.434,2.6,climate-v1.0,True,SCENARIO,sakay_gtfs_master_historic|doe_luzon_generation_2024|route2zero_climate_scenario_v1,0.7181,0.7181,0.55,0.35,300,0.3,0.5,0.7
LTFRB_PUJ1411,1269.9,1223.156,service-v1-266e0b1d,True,1269.9,historic_gtfs_service_activity_proxy,DERIVED,False,380.97,63.495,444.465,170.167,319.17,-149.004,-44.701,634.95,126.99,529.125,340.333,291.019,49.314,14.794,888.93,222.233,543.235,595.583,190.132,405.451,121.635,2.74,climate-v1.0,True,SCENARIO,sakay_gtfs_master_historic|doe_luzon_generation_2024|route2zero_climate_scenario_v1,0.7181,0.7181,0.55,0.35,300,0.3,0.5,0.7
LTFRB_PUJ1412,5057.16,5183.785,service-v1-266e0b1d,True,5057.16,historic_gtfs_service_activity_proxy,DERIVED,False,1517.148,252.858,1770.006,677.659,1271.041,-593.382,-178.015,2528.58,505.716,2107.15,1355.319,1158.933,196.386,58.916,3540.012,885.003,2163.341,2371.808,757.169,1614.639,484.392,14.66,climate-v1.0,True,SCENARIO,sakay_gtfs_master_historic|doe_luzon_generation_2024|route2zero_climate_scenario_v1,0.7181,0.7181,0.55,0.35,300,0.3,0.5,0.7
LTFRB_PUJ1413,3753.6,3834.026,service-v1-266e0b1d,True,3753.6,historic_gtfs_service_activity_proxy,DERIVED,False,1126.08,187.68,1313.76,502.982,943.411,-440.429,-132.129,1876.8,375.36,1564.0,1005.965,860.2,145.765,43.729,2627.52,656.88,1605.707,1760.438,561.997,1198.441,359.532,10.56,climate-v1.0,True,SCENARIO,sakay_gtfs_master_historic|doe_luzon_generation_2024|route2zero_climate_scenario_v1,0.7181,0.7181,0.55,0.35,300,0.3,0.5,0.7
LTFRB_PUJ1414,5148.96,5074.598,service-v1-266e0b1d,True,5148.96,historic_gtfs_service_activity_proxy,DERIVED,False,1544.688,257.448,1802.136,689.961,1294.114,-604.153,-181.246,2574.48,514.896,2145.4,1379.921,1179.97,199.951,59.985,3604.272,901.068,2202.611,2414.862,770.914,1643.949,493.185,14.95,climate-v1.0,True,SCENARIO,sakay_gtfs_master_historic|doe_luzon_generation_2024|route2zero_climate_scenario_v1,0.7181,0.7181,0.55,0.35,300,0.3,0.5,0.7
LTFRB_PUJ1415,3356.82,3377.716,service-v1-266e0b1d,True,3356.82,historic_gtfs_service_activity_proxy,DERIVED,False,1007.046,167.841,1174.887,449.814,843.686,-393.872,-118.162,1678.41,335.682,1398.675,899.628,769.271,130.357,39.107,2349.774,587.444,1435.973,1574.349,502.591,1071.758,321.527,9.31,climate-v1.0,True,SCENARIO,sakay_gtfs_master_historic|doe_luzon_generation_2024|route2zero_climate_scenario_v1,0.7181,0.7181,0.55,0.35,300,0.3,0.5,0.7
LTFRB_PUJ1416,11891.16,12006.648,service-v1-266e0b1d,True,11891.16,historic_gtfs_service_activity_proxy,DERIVED,False,3567.348,594.558,4161.906,1593.415,2988.665,-1395.249,-418.575,5945.58,1189.116,4954.65,3186.831,2725.058,461.773,138.532,8323.812,2080.953,5086.774,5576.954,1780.371,3796.583,1138.975,36.18,climate-v1.0,True,SCENARIO,sakay_gtfs_master_historic|doe_luzon_generation_2024|route2zero_climate_scenario_v1,0.7181,0.7181,0.55,0.35,300,0.3,0.5,0.7
LTFRB_PUJ1417,11845.26,11961.198,service-v1-266e0b1d,True,11845.26,historic_gtfs_service_activity_proxy,DERIVED,False,3553.578,592.263,4145.841,1587.265,2977.128,-1389.864,-416.959,5922.63,1184.526,4935.525,3174.53,2714.539,459.991,137.997,8291.682,2072.92,5067.139,5555.427,1773.499,3781.928,1134.578,36.03,climate-v1.0,True,SCENARIO,sakay_gtfs_master_historic|doe_luzon_generation_2024|route2zero_climate_scenario_v1,0.7181,0.7181,0.55,0.35,300,0.3,0.5,0.7
LTFRB_PUJ1418,4060.62,4081.54,service-v1-266e0b1d,True,4060.62,historic_gtfs_service_activity_proxy,DERIVED,False,1218.186,203.031,1421.217,544.123,1020.576,-476.453,-142.936,2030.31,406.062,1691.925,1088.246,930.559,157.687,47.306,2842.434,710.608,1737.043,1904.431,607.965,1296.466,388.94,11.53,climate-v1.0,True,SCENARIO,sakay_gtfs_master_historic|doe_luzon_generation_2024|route2zero_climate_scenario_v1,0.7181,0.7181,0.55,0.35,300,0.3,0.5,0.7
LTFRB_PUJ1419,3613.86,3680.737,service-v1-266e0b1d,True,3613.86,historic_gtfs_service_activity_proxy,DERIVED,False,1084.158,180.693,1264.851,484.257,908.29,-424.032,-127.21,1806.93,361.386,1505.775,968.514,828.176,140.338,42.101,2529.702,632.426,1545.929,1694.9,541.075,1153.825,346.148,10.12,climate-v1.0,True,SCENARIO,sakay_gtfs_master_historic|doe_luzon_generation_2024|route2zero_climate_scenario_v1,0.7181,0.7181,0.55,0.35,300,0.3,0.5,0.7
LTFRB_PUJ1420,5295.84,5164.986,service-v1-266e0b1d,True,5295.84,historic_gtfs_service_activity_proxy,DERIVED,False,1588.752,264.792,1853.544,709.643,1331.03,-621.387,-186.416,2647.92,529.584,2206.6,1419.285,1213.63,205.655,61.697,3707.088,926.772,2265.443,2483.749,792.905,1690.844,507.253,15.41,climate-v1.0,True,SCENARIO,sakay_gtfs_master_historic|doe_luzon_generation_2024|route2zero_climate_scenario_v1,0.7181,0.7181,0.55,0.35,300,0.3,0.5,0.7
LTFRB_PUJ1421,6487.200000000001,6964.677,service-v1-266e0b1d,True,6487.200000000001,historic_gtfs_service_activity_proxy,DERIVED,False,1946.16,324.36,2270.52,869.285,1630.46,-761.176,-228.353,3243.6,648.72,2703.0,1738.57,1486.65,251.92,75.576,4541.04,1135.26,2775.08,3042.497,971.278,2071.219,621.366,19.17,climate-v1.0,True,SCENARIO,sakay_gtfs_master_historic|doe_luzon_generation_2024|route2zero_climate_scenario_v1,0.7181,0.7181,0.55,0.35,300,0.3,0.5,0.7
LTFRB_PUJ1422,8581.26,8491.384,service-v1-266e0b1d,True,8581.26,historic_gtfs_service_activity_proxy,DERIVED,False,2574.378,429.063,3003.441,1149.889,2156.771,-1006.882,-302.065,4290.63,858.126,3575.525,2299.778,1966.539,333.239,99.972,6006.882,1501.72,3670.872,4024.611,1284.805,2739.806,821.942,25.76,climate-v1.0,True,SCENARIO,sakay_gtfs_master_historic|doe_luzon_generation_2024|route2zero_climate_scenario_v1,0.7181,0.7181,0.55,0.35,300,0.3,0.5,0.7
LTFRB_PUJ1423,8665.92,8742.89,service-v1-266e0b1d,True,8665.92,historic_gtfs_service_activity_proxy,DERIVED,False,2599.776,433.296,3033.072,1161.233,2178.049,-1016.816,-305.045,4332.96,866.592,3610.8,2322.467,1985.94,336.527,100.958,6066.144,1516.536,3707.088,4064.316,1297.481,2766.836,830.051,26.02,climate-v1.0,True,SCENARIO,sakay_gtfs_master_historic|doe_luzon_generation_2024|route2zero_climate_scenario_v1,0.7181,0.7181,0.55,0.35,300,0.3,0.5,0.7
LTFRB_PUJ1424,6385.2,6316.524,service-v1-266e0b1d,True,6385.2,historic_gtfs_service_activity_proxy,DERIVED,False,1915.56,319.26,2234.82,855.617,1604.824,-749.207,-224.762,3192.6,638.52,2660.5,1711.234,1463.275,247.959,74.388,4469.64,1117.41,2731.447,2994.659,956.006,2038.652,611.596,18.84,climate-v1.0,True,SCENARIO,sakay_gtfs_master_historic|doe_luzon_generation_2024|route2zero_climate_scenario_v1,0.7181,0.7181,0.55,0.35,300,0.3,0.5,0.7
LTFRB_PUJ1425,6385.2,6316.524,service-v1-266e0b1d,True,6385.2,historic_gtfs_service_activity_proxy,DERIVED,False,1915.56,319.26,2234.82,855.617,1604.824,-749.207,-224.762,3192.6,638.52,2660.5,1711.234,1463.275,247.959,74.388,4469.64,1117.41,2731.447,2994.659,956.006,2038.652,611.596,18.84,climate-v1.0,True,SCENARIO,sakay_gtfs_master_historic|doe_luzon_generation_2024|route2zero_climate_scenario_v1,0.7181,0.7181,0.55,0.35,300,0.3,0.5,0.7
LTFRB_PUJ1426,14764.5,14737.006,service-v1-266e0b1d,True,14764.5,historic_gtfs_service_activity_proxy,DERIVED,False,4429.35,738.225,5167.575,1978.443,3710.836,-1732.393,-519.718,7382.25,1476.45,6151.875,3956.886,3383.531,573.355,172.006,10335.15,2583.788,6315.925,6924.55,2210.574,4713.977,1414.193,45.22,climate-v1.0,True,SCENARIO,sakay_gtfs_master_historic|doe_luzon_generation_2024|route2zero_climate_scenario_v1,0.7181,0.7181,0.55,0.35,300,0.3,0.5,0.7
LTFRB_PUJ1427,15279.6,15082.777,service-v1-266e0b1d,True,15279.6,historic_gtfs_service_activity_proxy,DERIVED,False,4583.88,763.98,5347.86,2047.466,3840.298,-1792.832,-537.85,7639.8,1527.96,6366.5,4094.933,3501.575,593.358,178.007,10695.72,2673.93,6536.273,7166.132,2287.696,4878.437,1463.531,46.85,climate-v1.0,True,SCENARIO,sakay_gtfs_master_historic|doe_luzon_generation_2024|route2zero_climate_scenario_v1,0.7181,0.7181,0.55,0.35,300,0.3,0.5,0.7
LTFRB_PUJ1428,18896.52,18932.72,service-v1-266e0b1d,True,18896.52,historic_gtfs_service_activity_proxy,DERIVED,False,5668.956,944.826,6613.782,2532.134,4749.357,-2217.223,-665.167,9448.26,1889.652,7873.55,5064.267,4330.452,733.815,220.144,13227.564,3306.891,8083.511,8862.468,2829.229,6033.239,1809.972,58.23,climate-v1.0,True,SCENARIO,sakay_gtfs_master_historic|doe_luzon_generation_2024|route2zero_climate_scenario_v1,0.7181,0.7181,0.55,0.35,300,0.3,0.5,0.7
LTFRB_PUJ1429,17737.8,17958.348,service-v1-266e0b1d,True,17737.8,historic_gtfs_service_activity_proxy,DERIVED,False,5321.34,886.89,6208.23,2376.865,4458.13,-2081.265,-624.379,8868.9,1773.78,7390.75,4753.73,4064.912,688.818,206.645,12416.46,3104.115,7587.837,8319.028,2655.743,5663.285,1698.986,54.59,climate-v1.0,True,SCENARIO,sakay_gtfs_master_historic|doe_luzon_generation_2024|route2zero_climate_scenario_v1,0.7181,0.7181,0.55,0.35,300,0.3,0.5,0.7
LTFRB_PUJ1430,9701.22,9596.886,service-v1-266e0b1d,True,9701.22,historic_gtfs_service_activity_proxy,DERIVED,False,2910.366,485.061,3395.427,1299.963,2438.256,-1138.293,-341.488,4850.61,970.122,4042.175,2599.927,2223.196,376.731,113.019,6790.854,1697.713,4149.966,4549.872,1452.488,3097.384,929.215,29.28,climate-v1.0,True,SCENARIO,sakay_gtfs_master_historic|doe_luzon_generation_2024|route2zero_climate_scenario_v1,0.7181,0.7181,0.55,0.35,300,0.3,0.5,0.7
LTFRB_PUJ1431,9701.22,9596.886,service-v1-266e0b1d,True,9701.22,historic_gtfs_service_activity_proxy,DERIVED,False,2910.366,485.061,3395.427,1299.963,2438.256,-1138.293,-341.488,4850.61,970.122,4042.175,2599.927,2223.196,376.731,113.019,6790.854,1697.713,4149.966,4549.872,1452.488,3097.384,929.215,29.28,climate-v1.0,True,SCENARIO,sakay_gtfs_master_historic|doe_luzon_generation_2024|route2zero_climate_scenario_v1,0.7181,0.7181,0.55,0.35,300,0.3,0.5,0.7
LTFRB_PUJ1432,6276.06,6267.663,service-v1-266e0b1d,True,6276.06,historic_gtfs_service_activity_proxy,DERIVED,False,1882.818,313.803,2196.621,840.992,1577.394,-736.402,-220.92,3138.03,627.606,2615.025,1681.984,1438.264,243.72,73.116,4393.242,1098.31,2684.759,2943.472,939.666,2003.806,601.142,18.5,climate-v1.0,True,SCENARIO,sakay_gtfs_master_historic|doe_luzon_generation_2024|route2zero_climate_scenario_v1,0.7181,0.7181,0.55,0.35,300,0.3,0.5,0.7
LTFRB_PUJ1433,5471.28,5463.16,service-v1-266e0b1d,True,5471.28,historic_gtfs_service_activity_proxy,DERIVED,False,1641.384,273.564,1914.948,733.152,1375.124,-641.973,-192.592,2735.64,547.128,2279.7,1466.303,1253.835,212.468,63.74,3829.896,957.474,2340.492,2566.03,819.172,1746.858,524.057,15.97,climate-v1.0,True,SCENARIO,sakay_gtfs_master_historic|doe_luzon_generation_2024|route2zero_climate_scenario_v1,0.7181,0.7181,0.55,0.35,300,0.3,0.5,0.7
LTFRB_PUJ1434,9021.9,8997.445,service-v1-266e0b1d,True,9021.9,historic_gtfs_service_activity_proxy,DERIVED,False,2706.57,451.095,3157.665,1208.935,2267.519,-1058.585,-317.575,4510.95,902.19,3759.125,2417.869,2067.519,350.35,105.105,6315.33,1578.832,3859.368,4231.271,1350.779,2880.492,864.148,27.15,climate-v1.0,True,SCENARIO,sakay_gtfs_master_historic|doe_luzon_generation_2024|route2zero_climate_scenario_v1,0.7181,0.7181,0.55,0.35,300,0.3,0.5,0.7
LTFRB_PUJ1435,9021.9,8997.445,service-v1-266e0b1d,True,9021.9,historic_gtfs_service_activity_proxy,DERIVED,False,2706.57,451.095,3157.665,1208.935,2267.519,-1058.585,-317.575,4510.95,902.19,3759.125,2417.869,2067.519,350.35,105.105,6315.33,1578.832,3859.368,4231.271,1350.779,2880.492,864.148,27.15,climate-v1.0,True,SCENARIO,sakay_gtfs_master_historic|doe_luzon_generation_2024|route2zero_climate_scenario_v1,0.7181,0.7181,0.55,0.35,300,0.3,0.5,0.7
LTFRB_PUJ1436,18304.92,18372.118,service-v1-266e0b1d,True,18304.92,historic_gtfs_service_activity_proxy,DERIVED,False,5491.476,915.246,6406.722,2452.859,4600.667,-2147.808,-644.342,9152.46,1830.492,7627.05,4905.719,4194.878,710.841,213.252,12813.444,3203.361,7830.438,8585.007,2740.653,5844.354,1753.306,56.37,climate-v1.0,True,SCENARIO,sakay_gtfs_master_historic|doe_luzon_generation_2024|route2zero_climate_scenario_v1,0.7181,0.7181,0.55,0.35,300,0.3,0.5,0.7
LTFRB_PUJ1437,18357.960000000003,18261.851,service-v1-266e0b1d,True,18357.960000000003,historic_gtfs_service_activity_proxy,DERIVED,False,5507.388,917.898,6425.286,2459.967,4613.998,-2154.031,-646.209,9178.98,1835.796,7649.15,4919.933,4207.032,712.901,213.87,12850.572,3212.643,7853.127,8609.883,2748.595,5861.289,1758.387,56.54,climate-v1.0,True,SCENARIO,sakay_gtfs_master_historic|doe_luzon_generation_2024|route2zero_climate_scenario_v1,0.7181,0.7181,0.55,0.35,300,0.3,0.5,0.7
LTFRB_PUJ1438,3677.1,3727.667,service-v1-266e0b1d,True,3677.1,historic_gtfs_service_activity_proxy,DERIVED,False,1103.13,183.855,1286.985,492.731,924.184,-431.453,-129.436,1838.55,367.71,1532.125,985.463,842.669,142.794,42.838,2573.97,643.492,1572.982,1724.56,550.544,1174.016,352.205,10.32,climate-v1.0,True,SCENARIO,sakay_gtfs_master_historic|doe_luzon_generation_2024|route2zero_climate_scenario_v1,0.7181,0.7181,0.55,0.35,300,0.3,0.5,0.7
LTFRB_PUJ1439,3677.1,3727.667,service-v1-266e0b1d,True,3677.1,historic_gtfs_service_activity_proxy,DERIVED,False,1103.13,183.855,1286.985,492.731,924.184,-431.453,-129.436,1838.55,367.71,1532.125,985.463,842.669,142.794,42.838,2573.97,643.492,1572.982,1724.56,550.544,1174.016,352.205,10.32,climate-v1.0,True,SCENARIO,sakay_gtfs_master_historic|doe_luzon_generation_2024|route2zero_climate_scenario_v1,0.7181,0.7181,0.55,0.35,300,0.3,0.5,0.7
LTFRB_PUJ1440,8089.62,8201.873,service-v1-266e0b1d,True,8089.62,historic_gtfs_service_activity_proxy,DERIVED,False,2426.886,404.481,2831.367,1084.009,2033.205,-949.196,-284.759,4044.81,808.962,3370.675,2168.018,1853.871,314.147,94.244,5662.734,1415.683,3460.56,3794.032,1211.196,2582.836,774.851,24.21,climate-v1.0,True,SCENARIO,sakay_gtfs_master_historic|doe_luzon_generation_2024|route2zero_climate_scenario_v1,0.7181,0.7181,0.55,0.35,300,0.3,0.5,0.7
LTFRB_PUJ1441,7966.2,8025.949,service-v1-266e0b1d,True,7966.2,historic_gtfs_service_activity_proxy,DERIVED,False,2389.86,398.31,2788.17,1067.471,2002.185,-934.714,-280.414,3983.1,796.62,3319.25,2134.942,1825.587,309.354,92.806,5576.34,1394.085,3407.763,3736.148,1192.717,2543.431,763.029,23.82,climate-v1.0,True,SCENARIO,sakay_gtfs_master_historic|doe_luzon_generation_2024|route2zero_climate_scenario_v1,0.7181,0.7181,0.55,0.35,300,0.3,0.5,0.7
LTFRB_PUJ1442,9479.88,9486.549,service-v1-266e0b1d,True,9479.88,historic_gtfs_service_activity_proxy,DERIVED,False,2843.964,473.994,3317.958,1270.304,2382.626,-1112.322,-333.697,4739.94,947.988,3949.95,2540.608,2172.472,368.135,110.441,6635.916,1658.979,4055.282,4446.064,1419.349,3026.715,908.015,28.59,climate-v1.0,True,SCENARIO,sakay_gtfs_master_historic|doe_luzon_generation_2024|route2zero_climate_scenario_v1,0.7181,0.7181,0.55,0.35,300,0.3,0.5,0.7
LTFRB_PUJ1443,9479.88,9486.549,service-v1-266e0b1d,True,9479.88,historic_gtfs_service_activity_proxy,DERIVED,False,2843.964,473.994,3317.958,1270.304,2382.626,-1112.322,-333.697,4739.94,947.988,3949.95,2540.608,2172.472,368.135,110.441,6635.916,1658.979,4055.282,4446.064,1419.349,3026.715,908.015,28.59,climate-v1.0,True,SCENARIO,sakay_gtfs_master_historic|doe_luzon_generation_2024|route2zero_climate_scenario_v1,0.7181,0.7181,0.55,0.35,300,0.3,0.5,0.7
LTFRB_PUJ1444,13641.48,13391.676,service-v1-266e0b1d,True,13641.48,historic_gtfs_service_activity_proxy,DERIVED,False,4092.444,682.074,4774.518,1827.958,3428.581,-1600.623,-480.187,6820.74,1364.148,5683.95,3655.917,3126.172,529.744,158.923,9549.036,2387.259,5835.522,6397.854,2042.433,4355.421,1306.626,41.69,climate-v1.0,True,SCENARIO,sakay_gtfs_master_historic|doe_luzon_generation_2024|route2zero_climate_scenario_v1,0.7181,0.7181,0.55,0.35,300,0.3,0.5,0.7
LTFRB_PUJ1445,12666.36,12644.154,service-v1-266e0b1d,True,12666.36,historic_gtfs_service_activity_proxy,DERIVED,False,3799.908,633.318,4433.226,1697.292,3183.5,-1486.207,-445.862,6333.18,1266.636,5277.65,3394.584,2902.708,491.877,147.563,8866.452,2216.613,5418.387,5940.523,1896.436,4044.087,1213.226,38.62,climate-v1.0,True,SCENARIO,sakay_gtfs_master_historic|doe_luzon_generation_2024|route2zero_climate_scenario_v1,0.7181,0.7181,0.55,0.35,300,0.3,0.5,0.7
LTFRB_PUJ1446,14645.16,15141.529,service-v1-266e0b1d,True,14645.16,historic_gtfs_service_activity_proxy,DERIVED,False,4393.548,732.258,5125.806,1962.451,3680.841,-1718.39,-515.517,7322.58,1464.516,6102.15,3924.903,3356.182,568.72,170.616,10251.612,2562.903,6264.874,6868.58,2192.706,4675.874,1402.762,44.85,climate-v1.0,True,SCENARIO,sakay_gtfs_master_historic|doe_luzon_generation_2024|route2zero_climate_scenario_v1,0.7181,0.7181,0.55,0.35,300,0.3,0.5,0.7
LTFRB_PUJ1447,12731.64,12787.588,service-v1-266e0b1d,True,12731.64,historic_gtfs_service_activity_proxy,DERIVED,False,3819.492,636.582,4456.074,1706.04,3199.907,-1493.867,-448.16,6365.82,1273.164,5304.85,3412.08,2917.668,494.412,148.324,8912.148,2228.037,5446.313,5971.139,1906.209,4064.93,1219.479,38.82,climate-v1.0,True,SCENARIO,sakay_gtfs_master_historic|doe_luzon_generation_2024|route2zero_climate_scenario_v1,0.7181,0.7181,0.55,0.35,300,0.3,0.5,0.7
LTFRB_PUJ1448,10550.88,10292.139,service-v1-266e0b1d,True,10550.88,historic_gtfs_service_activity_proxy,DERIVED,False,3165.264,527.544,3692.808,1413.818,2651.805,-1237.988,-371.396,5275.44,1055.088,4396.2,2827.636,2417.91,409.726,122.918,7385.616,1846.404,4513.432,4948.363,1579.701,3368.662,1010.598,31.96,climate-v1.0,True,SCENARIO,sakay_gtfs_master_historic|doe_luzon_generation_2024|route2zero_climate_scenario_v1,0.7181,0.7181,0.55,0.35,300,0.3,0.5,0.7
LTFRB_PUJ1449,11781.0,11796.314,service-v1-266e0b1d,True,11781.0,historic_gtfs_service_activity_proxy,DERIVED,False,3534.3,589.05,4123.35,1578.654,2960.978,-1382.324,-414.697,5890.5,1178.1,4908.75,3157.308,2699.812,457.496,137.249,8246.7,2061.675,5039.65,5525.289,1763.877,3761.412,1128.423,35.83,climate-v1.0,True,SCENARIO,sakay_gtfs_master_historic|doe_luzon_generation_2024|route2zero_climate_scenario_v1,0.7181,0.7181,0.55,0.35,300,0.3,0.5,0.7
LTFRB_PUJ1450,6326.04,6356.164,service-v1-266e0b1d,True,6326.04,historic_gtfs_service_activity_proxy,DERIVED,False,1897.812,316.302,2214.114,847.689,1589.955,-742.266,-222.68,3163.02,632.604,2635.85,1695.379,1449.718,245.661,73.698,4428.228,1107.057,2706.139,2966.913,947.149,2019.764,605.929,18.66,climate-v1.0,True,SCENARIO,sakay_gtfs_master_historic|doe_luzon_generation_2024|route2zero_climate_scenario_v1,0.7181,0.7181,0.55,0.35,300,0.3,0.5,0.7
LTFRB_PUJ1451,6456.6,6502.824,service-v1-266e0b1d,True,6456.6,historic_gtfs_service_activity_proxy,DERIVED,False,1936.98,322.83,2259.81,865.184,1622.77,-757.585,-227.276,3228.3,645.66,2690.25,1730.369,1479.638,250.731,75.219,4519.62,1129.905,2761.99,3028.145,966.696,2061.449,618.435,19.07,climate-v1.0,True,SCENARIO,sakay_gtfs_master_historic|doe_luzon_generation_2024|route2zero_climate_scenario_v1,0.7181,0.7181,0.55,0.35,300,0.3,0.5,0.7
LTFRB_PUJ1453,11843.22,11640.496,service-v1-266e0b1d,True,11843.22,historic_gtfs_service_activity_proxy,DERIVED,False,3552.966,592.161,4145.127,1586.991,2976.616,-1389.624,-416.887,5921.61,1184.322,4934.675,3173.983,2714.071,459.912,137.974,8290.254,2072.563,5066.266,5554.47,1773.193,3781.277,1134.383,36.03,climate-v1.0,True,SCENARIO,sakay_gtfs_master_historic|doe_luzon_generation_2024|route2zero_climate_scenario_v1,0.7181,0.7181,0.55,0.35,300,0.3,0.5,0.7
LTFRB_PUJ1454,12882.6,12985.549,service-v1-266e0b1d,True,12882.6,historic_gtfs_service_activity_proxy,DERIVED,False,3864.78,644.13,4508.91,1726.268,3237.848,-1511.58,-453.474,6441.3,1288.26,5367.75,3452.537,2952.263,500.274,150.082,9017.82,2254.455,5510.89,6041.939,1928.812,4113.128,1233.938,39.3,climate-v1.0,True,SCENARIO,sakay_gtfs_master_historic|doe_luzon_generation_2024|route2zero_climate_scenario_v1,0.7181,0.7181,0.55,0.35,300,0.3,0.5,0.7
LTFRB_PUJ1455,11624.94,11554.38,service-v1-266e0b1d,True,11624.94,historic_gtfs_service_activity_proxy,DERIVED,False,3487.482,581.247,4068.729,1557.742,2921.754,-1364.012,-409.204,5812.47,1162.494,4843.725,3115.484,2664.049,451.435,135.431,8137.458,2034.364,4972.891,5452.097,1740.512,3711.585,1113.476,35.34,climate-v1.0,True,SCENARIO,sakay_gtfs_master_historic|doe_luzon_generation_2024|route2zero_climate_scenario_v1,0.7181,0.7181,0.55,0.35,300,0.3,0.5,0.7
LTFRB_PUJ1456,5972.1,5902.925,service-v1-266e0b1d,True,5972.1,historic_gtfs_service_activity_proxy,DERIVED,False,1791.63,298.605,2090.235,800.261,1500.998,-700.736,-210.221,2986.05,597.21,2488.375,1600.523,1368.606,231.917,69.575,4180.47,1045.118,2554.732,2800.915,894.156,1906.759,572.028,17.54,climate-v1.0,True,SCENARIO,sakay_gtfs_master_historic|doe_luzon_generation_2024|route2zero_climate_scenario_v1,0.7181,0.7181,0.55,0.35,300,0.3,0.5,0.7
LTFRB_PUJ1457,5958.839999999999,5797.078,service-v1-266e0b1d,True,5958.839999999999,historic_gtfs_service_activity_proxy,DERIVED,False,1787.652,297.942,2085.594,798.485,1497.665,-699.18,-209.754,2979.42,595.884,2482.85,1596.969,1365.567,231.402,69.42,4171.188,1042.797,2549.059,2794.696,892.171,1902.525,570.758,17.5,climate-v1.0,True,SCENARIO,sakay_gtfs_master_historic|doe_luzon_generation_2024|route2zero_climate_scenario_v1,0.7181,0.7181,0.55,0.35,300,0.3,0.5,0.7
LTFRB_PUJ1458,18133.56,18040.061,service-v1-266e0b1d,True,18133.56,historic_gtfs_service_activity_proxy,DERIVED,False,5440.068,906.678,6346.746,2429.897,4557.598,-2127.701,-638.31,9066.78,1813.356,7555.65,4859.794,4155.608,704.187,211.256,12693.492,3173.373,7757.134,8504.64,2714.997,5789.643,1736.893,55.83,climate-v1.0,True,SCENARIO,sakay_gtfs_master_historic|doe_luzon_generation_2024|route2zero_climate_scenario_v1,0.7181,0.7181,0.55,0.35,300,0.3,0.5,0.7
LTFRB_PUJ1459,18071.34,17968.82,service-v1-266e0b1d,True,18071.34,historic_gtfs_service_activity_proxy,DERIVED,False,5421.402,903.567,6324.969,2421.56,4541.96,-2120.401,-636.12,9035.67,1807.134,7529.725,4843.119,4141.349,701.77,210.531,12649.938,3162.484,7730.518,8475.458,2705.681,5769.777,1730.933,55.64,climate-v1.0,True,SCENARIO,sakay_gtfs_master_historic|doe_luzon_generation_2024|route2zero_climate_scenario_v1,0.7181,0.7181,0.55,0.35,300,0.3,0.5,0.7
LTFRB_PUJ1460,15075.6,15248.457,service-v1-266e0b1d,True,15075.6,historic_gtfs_service_activity_proxy,DERIVED,False,4522.68,753.78,5276.46,2020.13,3789.026,-1768.896,-530.669,7537.8,1507.56,6281.5,4040.261,3454.825,585.436,175.631,10552.92,2638.23,6449.007,7070.456,2257.152,4813.304,1443.991,46.2,climate-v1.0,True,SCENARIO,sakay_gtfs_master_historic|doe_luzon_generation_2024|route2zero_climate_scenario_v1,0.7181,0.7181,0.55,0.35,300,0.3,0.5,0.7
LTFRB_PUJ1462,14701.26,14466.635,service-v1-266e0b1d,True,14701.26,historic_gtfs_service_activity_proxy,DERIVED,False,4410.378,735.063,5145.441,1969.969,3694.941,-1724.972,-517.492,7350.63,1470.126,6125.525,3939.938,3369.039,570.899,171.27,10290.882,2572.72,6288.872,6894.891,2201.105,4693.786,1408.136,45.03,climate-v1.0,True,SCENARIO,sakay_gtfs_master_historic|doe_luzon_generation_2024|route2zero_climate_scenario_v1,0.7181,0.7181,0.55,0.35,300,0.3,0.5,0.7
LTFRB_PUJ1463,14507.46,14364.17,service-v1-266e0b1d,True,14507.46,historic_gtfs_service_activity_proxy,DERIVED,False,4352.238,725.373,5077.611,1944.0,3646.232,-1702.233,-510.67,7253.73,1450.746,6044.775,3887.999,3324.626,563.373,169.012,10155.222,2538.805,6205.969,6803.999,2172.089,4631.91,1389.573,44.42,climate-v1.0,True,SCENARIO,sakay_gtfs_master_historic|doe_luzon_generation_2024|route2zero_climate_scenario_v1,0.7181,0.7181,0.55,0.35,300,0.3,0.5,0.7
LTFRB_PUJ1464,6875.82,6787.688,service-v1-266e0b1d,True,6875.82,historic_gtfs_service_activity_proxy,DERIVED,False,2062.746,343.791,2406.537,921.36,1728.134,-806.774,-242.032,3437.91,687.582,2864.925,1842.72,1575.709,267.011,80.103,4813.074,1203.268,2941.323,3224.76,1029.463,2195.297,658.589,20.39,climate-v1.0,True,SCENARIO,sakay_gtfs_master_historic|doe_luzon_generation_2024|route2zero_climate_scenario_v1,0.7181,0.7181,0.55,0.35,300,0.3,0.5,0.7
LTFRB_PUJ1465,7824.42,7761.799,service-v1-266e0b1d,True,7824.42,historic_gtfs_service_activity_proxy,DERIVED,False,2347.326,391.221,2738.547,1048.472,1966.551,-918.078,-275.423,3912.21,782.442,3260.175,2096.945,1793.096,303.848,91.154,5477.094,1369.274,3347.113,3669.653,1171.49,2498.163,749.449,23.37,climate-v1.0,True,SCENARIO,sakay_gtfs_master_historic|doe_luzon_generation_2024|route2zero_climate_scenario_v1,0.7181,0.7181,0.55,0.35,300,0.3,0.5,0.7
LTFRB_PUJ1466,1805.4,1803.288,service-v1-266e0b1d,True,1805.4,historic_gtfs_service_activity_proxy,DERIVED,False,541.62,90.27,631.89,241.924,453.76,-211.837,-63.551,902.7,180.54,752.25,483.847,413.738,70.11,21.033,1263.78,315.945,772.31,846.733,270.308,576.424,172.927,4.43,climate-v1.0,True,SCENARIO,sakay_gtfs_master_historic|doe_luzon_generation_2024|route2zero_climate_scenario_v1,0.7181,0.7181,0.55,0.35,300,0.3,0.5,0.7
LTFRB_PUJ1467,1707.48,1719.791,service-v1-266e0b1d,True,1707.48,historic_gtfs_service_activity_proxy,DERIVED,False,512.244,85.374,597.618,228.802,429.149,-200.347,-60.104,853.74,170.748,711.45,457.605,391.298,66.307,19.892,1195.236,298.809,730.422,800.808,255.648,545.16,163.548,4.12,climate-v1.0,True,SCENARIO,sakay_gtfs_master_historic|doe_luzon_generation_2024|route2zero_climate_scenario_v1,0.7181,0.7181,0.55,0.35,300,0.3,0.5,0.7
LTFRB_PUJ1468,11196.54,11168.967,service-v1-266e0b1d,True,11196.54,historic_gtfs_service_activity_proxy,DERIVED,False,3358.962,559.827,3918.789,1500.336,2814.082,-1313.746,-394.124,5598.27,1119.654,4665.225,3000.673,2565.874,434.799,130.44,7837.578,1959.394,4789.631,5251.177,1676.371,3574.806,1072.442,33.99,climate-v1.0,True,SCENARIO,sakay_gtfs_master_historic|doe_luzon_generation_2024|route2zero_climate_scenario_v1,0.7181,0.7181,0.55,0.35,300,0.3,0.5,0.7
LTFRB_PUJ1469,11195.52,11169.209,service-v1-266e0b1d,True,11195.52,historic_gtfs_service_activity_proxy,DERIVED,False,3358.656,559.776,3918.432,1500.2,2813.826,-1313.626,-394.088,5597.76,1119.552,4664.8,3000.399,2565.64,434.759,130.428,7836.864,1959.216,4789.195,5250.699,1676.218,3574.481,1072.344,33.99,climate-v1.0,True,SCENARIO,sakay_gtfs_master_historic|doe_luzon_generation_2024|route2zero_climate_scenario_v1,0.7181,0.7181,0.55,0.35,300,0.3,0.5,0.7
LTFRB_PUJ1470,7004.34,7145.184,service-v1-266e0b1d,True,7004.34,historic_gtfs_service_activity_proxy,DERIVED,False,2101.302,350.217,2451.519,938.582,1760.436,-821.854,-246.556,3502.17,700.434,2918.475,1877.163,1605.161,272.002,81.601,4903.038,1225.76,2996.301,3285.035,1048.705,2236.33,670.899,20.79,climate-v1.0,True,SCENARIO,sakay_gtfs_master_historic|doe_luzon_generation_2024|route2zero_climate_scenario_v1,0.7181,0.7181,0.55,0.35,300,0.3,0.5,0.7
LTFRB_PUJ1471,7110.42,7130.69,service-v1-266e0b1d,True,7110.42,historic_gtfs_service_activity_proxy,DERIVED,False,2133.126,355.521,2488.647,952.796,1787.097,-834.301,-250.29,3555.21,711.042,2962.675,1905.593,1629.471,276.121,82.836,4977.294,1244.324,3041.68,3334.787,1064.588,2270.199,681.06,21.13,climate-v1.0,True,SCENARIO,sakay_gtfs_master_historic|doe_luzon_generation_2024|route2zero_climate_scenario_v1,0.7181,0.7181,0.55,0.35,300,0.3,0.5,0.7
LTFRB_PUJ1472,14386.08,14225.945,service-v1-266e0b1d,True,14386.08,historic_gtfs_service_activity_proxy,DERIVED,False,4315.824,719.304,5035.128,1927.735,3615.725,-1687.991,-506.397,7193.04,1438.608,5994.2,3855.469,3296.81,558.659,167.598,10070.256,2517.564,6154.045,6747.072,2153.916,4593.156,1377.947,44.03,climate-v1.0,True,SCENARIO,sakay_gtfs_master_historic|doe_luzon_generation_2024|route2zero_climate_scenario_v1,0.7181,0.7181,0.55,0.35,300,0.3,0.5,0.7
LTFRB_PUJ1473,14424.84,14219.377,service-v1-266e0b1d,True,14424.84,historic_gtfs_service_activity_proxy,DERIVED,False,4327.452,721.242,5048.694,1932.929,3625.467,-1692.539,-507.762,7212.42,1442.484,6010.35,3865.857,3305.693,560.165,168.049,10097.388,2524.347,6170.626,6765.25,2159.719,4605.531,1381.659,44.16,climate-v1.0,True,SCENARIO,sakay_gtfs_master_historic|doe_luzon_generation_2024|route2zero_climate_scenario_v1,0.7181,0.7181,0.55,0.35,300,0.3,0.5,0.7
LTFRB_PUJ1474,14775.72,14797.258,service-v1-266e0b1d,True,14775.72,historic_gtfs_service_activity_proxy,DERIVED,False,4432.716,738.786,5171.502,1979.946,3713.656,-1733.709,-520.113,7387.86,1477.572,6156.55,3959.893,3386.102,573.79,172.137,10343.004,2585.751,6320.725,6929.813,2212.254,4717.559,1415.268,45.26,climate-v1.0,True,SCENARIO,sakay_gtfs_master_historic|doe_luzon_generation_2024|route2zero_climate_scenario_v1,0.7181,0.7181,0.55,0.35,300,0.3,0.5,0.7
LTFRB_PUJ1475,15358.14,15100.713,service-v1-266e0b1d,True,15358.14,historic_gtfs_service_activity_proxy,DERIVED,False,4607.442,767.907,5375.349,2057.991,3860.038,-1802.047,-540.614,7679.07,1535.814,6399.225,4115.982,3519.574,596.408,178.922,10750.698,2687.674,6569.871,7202.968,2299.455,4903.513,1471.054,47.09,climate-v1.0,True,SCENARIO,sakay_gtfs_master_historic|doe_luzon_generation_2024|route2zero_climate_scenario_v1,0.7181,0.7181,0.55,0.35,300,0.3,0.5,0.7
LTFRB_PUJ1476,18050.94,17947.407,service-v1-266e0b1d,True,18050.94,historic_gtfs_service_activity_proxy,DERIVED,False,5415.282,902.547,6317.829,2418.826,4536.833,-2118.007,-635.402,9025.47,1805.094,7521.225,4837.652,4136.674,700.978,210.293,12635.658,3158.914,7721.791,8465.891,2702.627,5763.264,1728.979,55.57,climate-v1.0,True,SCENARIO,sakay_gtfs_master_historic|doe_luzon_generation_2024|route2zero_climate_scenario_v1,0.7181,0.7181,0.55,0.35,300,0.3,0.5,0.7
LTFRB_PUJ1477,16628.04,16555.861,service-v1-266e0b1d,True,16628.04,historic_gtfs_service_activity_proxy,DERIVED,False,4988.412,831.402,5819.814,2228.157,4179.208,-1951.051,-585.315,8314.02,1662.804,6928.35,4456.315,3810.593,645.722,193.717,11639.628,2909.907,7113.106,7798.551,2489.587,5308.964,1592.689,51.09,climate-v1.0,True,SCENARIO,sakay_gtfs_master_historic|doe_luzon_generation_2024|route2zero_climate_scenario_v1,0.7181,0.7181,0.55,0.35,300,0.3,0.5,0.7
LTFRB_PUJ1478,12312.42,12514.077,service-v1-266e0b1d,True,12312.42,historic_gtfs_service_activity_proxy,DERIVED,False,3693.726,615.621,4309.347,1649.864,3094.542,-1444.678,-433.403,6156.21,1231.242,5130.175,3299.729,2821.596,478.132,143.44,8618.694,2154.674,5266.98,5774.525,1843.443,3931.082,1179.325,37.5,climate-v1.0,True,SCENARIO,sakay_gtfs_master_historic|doe_luzon_generation_2024|route2zero_climate_scenario_v1,0.7181,0.7181,0.55,0.35,300,0.3,0.5,0.7
LTFRB_PUJ1480,12125.76,12065.717,service-v1-266e0b1d,True,12125.76,historic_gtfs_service_activity_proxy,DERIVED,False,3637.728,606.288,4244.016,1624.852,3047.628,-1422.776,-426.833,6062.88,1212.576,5052.4,3249.704,2778.82,470.884,141.265,8488.032,2122.008,5187.131,5686.981,1815.496,3871.486,1161.446,36.92,climate-v1.0,True,SCENARIO,sakay_gtfs_master_historic|doe_luzon_generation_2024|route2zero_climate_scenario_v1,0.7181,0.7181,0.55,0.35,300,0.3,0.5,0.7
LTFRB_PUJ1482,14263.68,14402.87,service-v1-266e0b1d,True,14263.68,historic_gtfs_service_activity_proxy,DERIVED,False,4279.104,713.184,4992.288,1911.333,3584.962,-1673.629,-502.089,7131.84,1426.368,5943.2,3822.666,3268.76,553.906,166.172,9984.576,2496.144,6101.685,6689.666,2135.59,4554.076,1366.223,43.65,climate-v1.0,True,SCENARIO,sakay_gtfs_master_historic|doe_luzon_generation_2024|route2zero_climate_scenario_v1,0.7181,0.7181,0.55,0.35,300,0.3,0.5,0.7
LTFRB_PUJ1483,13982.16,13999.532,service-v1-266e0b1d,True,13982.16,historic_gtfs_service_activity_proxy,DERIVED,False,4194.648,699.108,4893.756,1873.609,3514.206,-1640.597,-492.179,6991.08,1398.216,5825.9,3747.219,3204.245,542.974,162.892,9787.512,2446.878,5981.257,6557.633,2093.44,4464.193,1339.258,42.76,climate-v1.0,True,SCENARIO,sakay_gtfs_master_historic|doe_luzon_generation_2024|route2zero_climate_scenario_v1,0.7181,0.7181,0.55,0.35,300,0.3,0.5,0.7
LTFRB_PUJ1484,11894.22,11859.104,service-v1-266e0b1d,True,11894.22,historic_gtfs_service_activity_proxy,DERIVED,False,3568.266,594.711,4162.977,1593.825,2989.434,-1395.608,-418.682,5947.11,1189.422,4955.925,3187.651,2725.759,461.892,138.568,8325.954,2081.488,5088.083,5578.389,1780.829,3797.56,1139.268,36.19,climate-v1.0,True,SCENARIO,sakay_gtfs_master_historic|doe_luzon_generation_2024|route2zero_climate_scenario_v1,0.7181,0.7181,0.55,0.35,300,0.3,0.5,0.7
LTFRB_PUJ1485,11672.88,11618.759,service-v1-266e0b1d,True,11672.88,historic_gtfs_service_activity_proxy,DERIVED,False,3501.864,583.644,4085.508,1564.166,2933.803,-1369.637,-410.891,5836.44,1167.288,4863.7,3128.332,2675.035,453.297,135.989,8171.016,2042.754,4993.399,5474.581,1747.69,3726.891,1118.067,35.49,climate-v1.0,True,SCENARIO,sakay_gtfs_master_historic|doe_luzon_generation_2024|route2zero_climate_scenario_v1,0.7181,0.7181,0.55,0.35,300,0.3,0.5,0.7
LTFRB_PUJ1486,6999.24,6984.56,service-v1-266e0b1d,True,6999.24,historic_gtfs_service_activity_proxy,DERIVED,False,2099.772,349.962,2449.734,937.898,1759.154,-821.256,-246.377,3499.62,699.924,2916.35,1875.796,1603.992,271.804,81.541,4899.468,1224.867,2994.119,3282.644,1047.942,2234.702,670.411,20.78,climate-v1.0,True,SCENARIO,sakay_gtfs_master_historic|doe_luzon_generation_2024|route2zero_climate_scenario_v1,0.7181,0.7181,0.55,0.35,300,0.3,0.5,0.7
LTFRB_PUJ1487,6682.02,6824.302,service-v1-266e0b1d,True,6682.02,historic_gtfs_service_activity_proxy,DERIVED,False,2004.606,334.101,2338.707,895.391,1679.425,-784.035,-235.21,3341.01,668.202,2784.175,1790.781,1531.296,259.485,77.846,4677.414,1169.354,2858.42,3133.867,1000.447,2133.42,640.026,19.78,climate-v1.0,True,SCENARIO,sakay_gtfs_master_historic|doe_luzon_generation_2024|route2zero_climate_scenario_v1,0.7181,0.7181,0.55,0.35,300,0.3,0.5,0.7
LTFRB_PUJ1488,13061.1,13393.248,service-v1-266e0b1d,True,13061.1,historic_gtfs_service_activity_proxy,DERIVED,False,3918.33,653.055,4571.385,1750.187,3282.712,-1532.524,-459.757,6530.55,1306.11,5442.125,3500.375,2993.169,507.206,152.162,9142.77,2285.692,5587.248,6125.656,1955.537,4170.119,1251.036,39.86,climate-v1.0,True,SCENARIO,sakay_gtfs_master_historic|doe_luzon_generation_2024|route2zero_climate_scenario_v1,0.7181,0.7181,0.55,0.35,300,0.3,0.5,0.7
LTFRB_PUJ1489,12928.5,12950.402,service-v1-266e0b1d,True,12928.5,historic_gtfs_service_activity_proxy,DERIVED,False,3878.55,646.425,4524.975,1732.419,3249.385,-1516.966,-455.09,6464.25,1292.85,5386.875,3464.838,2962.781,502.057,150.617,9049.95,2262.487,5530.525,6063.466,1935.684,4127.783,1238.335,39.44,climate-v1.0,True,SCENARIO,sakay_gtfs_master_historic|doe_luzon_generation_2024|route2zero_climate_scenario_v1,0.7181,0.7181,0.55,0.35,300,0.3,0.5,0.7
LTFRB_PUJ1490,12581.7,12478.63,service-v1-266e0b1d,True,12581.7,historic_gtfs_service_activity_proxy,DERIVED,False,3774.51,629.085,4403.595,1685.948,3162.222,-1476.274,-442.882,6290.85,1258.17,5242.375,3371.896,2883.306,488.589,146.577,8807.19,2201.798,5382.172,5900.817,1883.76,4017.057,1205.117,38.35,climate-v1.0,True,SCENARIO,sakay_gtfs_master_historic|doe_luzon_generation_2024|route2zero_climate_scenario_v1,0.7181,0.7181,0.55,0.35,300,0.3,0.5,0.7
LTFRB_PUJ1491,11810.58,11820.835,service-v1-266e0b1d,True,11810.58,historic_gtfs_service_activity_proxy,DERIVED,False,3543.174,590.529,4133.703,1582.618,2968.412,-1385.794,-415.738,5905.29,1181.058,4921.075,3165.235,2706.591,458.644,137.593,8267.406,2066.851,5052.304,5539.162,1768.306,3770.856,1131.257,35.92,climate-v1.0,True,SCENARIO,sakay_gtfs_master_historic|doe_luzon_generation_2024|route2zero_climate_scenario_v1,0.7181,0.7181,0.55,0.35,300,0.3,0.5,0.7
LTFRB_PUJ1492,4818.4800000000005,4894.762,service-v1-266e0b1d,True,4818.4800000000005,historic_gtfs_service_activity_proxy,DERIVED,False,1445.544,240.924,1686.468,645.676,1211.053,-565.376,-169.613,2409.24,481.848,2007.7,1291.353,1104.235,187.118,56.135,3372.936,843.234,2061.239,2259.867,721.434,1538.434,461.53,13.91,climate-v1.0,True,SCENARIO,sakay_gtfs_master_historic|doe_luzon_generation_2024|route2zero_climate_scenario_v1,0.7181,0.7181,0.55,0.35,300,0.3,0.5,0.7
LTFRB_PUJ1493,3105.9,3049.082,service-v1-266e0b1d,True,3105.9,historic_gtfs_service_activity_proxy,DERIVED,False,931.77,155.295,1087.065,416.191,780.621,-364.431,-109.329,1552.95,310.59,1294.125,832.381,711.769,120.612,36.184,2174.13,543.532,1328.635,1456.667,465.022,991.645,297.493,8.52,climate-v1.0,True,SCENARIO,sakay_gtfs_master_historic|doe_luzon_generation_2024|route2zero_climate_scenario_v1,0.7181,0.7181,0.55,0.35,300,0.3,0.5,0.7
LTFRB_PUJ1494,18397.74,18577.884,service-v1-266e0b1d,True,18397.74,historic_gtfs_service_activity_proxy,DERIVED,False,5519.322,919.887,6439.209,2465.297,4623.996,-2158.699,-647.61,9198.87,1839.774,7665.725,4930.594,4216.149,714.446,214.334,12878.418,3219.604,7870.144,8628.54,2754.551,5873.99,1762.197,56.66,climate-v1.0,True,SCENARIO,sakay_gtfs_master_historic|doe_luzon_generation_2024|route2zero_climate_scenario_v1,0.7181,0.7181,0.55,0.35,300,0.3,0.5,0.7
LTFRB_PUJ1495,17013.6,17045.765,service-v1-266e0b1d,True,17013.6,historic_gtfs_service_activity_proxy,DERIVED,False,5104.08,850.68,5954.76,2279.822,4276.113,-1996.291,-598.887,8506.8,1701.36,7089.0,4559.645,3898.95,660.695,198.208,11909.52,2977.38,7278.04,7979.378,2547.314,5432.064,1629.619,52.31,climate-v1.0,True,SCENARIO,sakay_gtfs_master_historic|doe_luzon_generation_2024|route2zero_climate_scenario_v1,0.7181,0.7181,0.55,0.35,300,0.3,0.5,0.7
LTFRB_PUJ1496,5052.06,4965.797,service-v1-266e0b1d,True,5052.06,historic_gtfs_service_activity_proxy,DERIVED,False,1515.618,252.603,1768.221,676.976,1269.76,-592.783,-177.835,2526.03,505.206,2105.025,1353.952,1157.764,196.188,58.856,3536.442,884.11,2161.159,2369.416,756.406,1613.01,483.903,14.65,climate-v1.0,True,SCENARIO,sakay_gtfs_master_historic|doe_luzon_generation_2024|route2zero_climate_scenario_v1,0.7181,0.7181,0.55,0.35,300,0.3,0.5,0.7
LTFRB_PUJ1497,5057.16,5124.436,service-v1-266e0b1d,True,5057.16,historic_gtfs_service_activity_proxy,DERIVED,False,1517.148,252.858,1770.006,677.659,1271.041,-593.382,-178.015,2528.58,505.716,2107.15,1355.319,1158.933,196.386,58.916,3540.012,885.003,2163.341,2371.808,757.169,1614.639,484.392,14.66,climate-v1.0,True,SCENARIO,sakay_gtfs_master_historic|doe_luzon_generation_2024|route2zero_climate_scenario_v1,0.7181,0.7181,0.55,0.35,300,0.3,0.5,0.7
LTFRB_PUJ1498,8622.06,8498.098,service-v1-266e0b1d,True,8622.06,historic_gtfs_service_activity_proxy,DERIVED,False,2586.618,431.103,3017.721,1155.356,2167.025,-1011.669,-303.501,4311.03,862.206,3592.525,2310.712,1975.889,334.823,100.447,6035.442,1508.86,3688.326,4043.746,1290.914,2752.832,825.85,25.89,climate-v1.0,True,SCENARIO,sakay_gtfs_master_historic|doe_luzon_generation_2024|route2zero_climate_scenario_v1,0.7181,0.7181,0.55,0.35,300,0.3,0.5,0.7
LTFRB_PUJ1499,8622.06,8498.098,service-v1-266e0b1d,True,8622.06,historic_gtfs_service_activity_proxy,DERIVED,False,2586.618,431.103,3017.721,1155.356,2167.025,-1011.669,-303.501,4311.03,862.206,3592.525,2310.712,1975.889,334.823,100.447,6035.442,1508.86,3688.326,4043.746,1290.914,2752.832,825.85,25.89,climate-v1.0,True,SCENARIO,sakay_gtfs_master_historic|doe_luzon_generation_2024|route2zero_climate_scenario_v1,0.7181,0.7181,0.55,0.35,300,0.3,0.5,0.7
LTFRB_PUJ1500,13282.44,13337.819,service-v1-266e0b1d,True,13282.44,historic_gtfs_service_activity_proxy,DERIVED,False,3984.732,664.122,4648.854,1779.847,3338.342,-1558.495,-467.549,6641.22,1328.244,5534.35,3559.694,3043.892,515.801,154.74,9297.708,2324.427,5681.933,6229.464,1988.676,4240.788,1272.236,40.56,climate-v1.0,True,SCENARIO,sakay_gtfs_master_historic|doe_luzon_generation_2024|route2zero_climate_scenario_v1,0.7181,0.7181,0.55,0.35,300,0.3,0.5,0.7
LTFRB_PUJ1501,11862.6,12063.819,service-v1-266e0b1d,True,11862.6,historic_gtfs_service_activity_proxy,DERIVED,False,3558.78,593.13,4151.91,1589.588,2981.487,-1391.898,-417.569,5931.3,1186.26,4942.75,3179.177,2718.513,460.664,138.199,8303.82,2075.955,5074.557,5563.559,1776.095,3787.465,1136.239,36.09,climate-v1.0,True,SCENARIO,sakay_gtfs_master_historic|doe_luzon_generation_2024|route2zero_climate_scenario_v1,0.7181,0.7181,0.55,0.35,300,0.3,0.5,0.7
LTFRB_PUJ1502,6360.719999999999,6317.796,service-v1-266e0b1d,True,6360.719999999999,historic_gtfs_service_activity_proxy,DERIVED,False,1908.216,318.036,2226.252,852.336,1598.672,-746.335,-223.901,3180.36,636.072,2650.3,1704.673,1457.665,247.008,74.102,4452.504,1113.126,2720.975,2983.178,952.341,2030.837,609.251,18.77,climate-v1.0,True,SCENARIO,sakay_gtfs_master_historic|doe_luzon_generation_2024|route2zero_climate_scenario_v1,0.7181,0.7181,0.55,0.35,300,0.3,0.5,0.7
LTFRB_PUJ1504,4213.62,4142.903,service-v1-266e0b1d,True,4213.62,historic_gtfs_service_activity_proxy,DERIVED,False,1264.086,210.681,1474.767,564.625,1059.03,-494.405,-148.322,2106.81,421.362,1755.675,1129.25,965.621,163.629,49.089,2949.534,737.383,1802.493,1976.188,630.873,1345.315,403.595,12.01,climate-v1.0,True,SCENARIO,sakay_gtfs_master_historic|doe_luzon_generation_2024|route2zero_climate_scenario_v1,0.7181,0.7181,0.55,0.35,300,0.3,0.5,0.7
LTFRB_PUJ1505,3001.86,2990.864,service-v1-266e0b1d,True,3001.86,historic_gtfs_service_activity_proxy,DERIVED,False,900.558,150.093,1050.651,402.249,754.472,-352.223,-105.667,1500.93,300.186,1250.775,804.498,687.926,116.572,34.972,2101.302,525.326,1284.129,1407.872,449.445,958.427,287.528,8.19,climate-v1.0,True,SCENARIO,sakay_gtfs_master_historic|doe_luzon_generation_2024|route2zero_climate_scenario_v1,0.7181,0.7181,0.55,0.35,300,0.3,0.5,0.7
LTFRB_PUJ1506,22250.28,22445.872,service-v1-266e0b1d,True,22250.28,historic_gtfs_service_activity_proxy,DERIVED,False,6675.084,1112.514,7787.598,2981.538,5592.274,-2610.737,-783.221,11125.14,2225.028,9270.95,5963.075,5099.022,864.053,259.216,15575.196,3893.799,9518.175,10435.381,3331.361,7104.02,2131.206,68.79,climate-v1.0,True,SCENARIO,sakay_gtfs_master_historic|doe_luzon_generation_2024|route2zero_climate_scenario_v1,0.7181,0.7181,0.55,0.35,300,0.3,0.5,0.7
LTFRB_PUJ1507,20493.84,20572.245,service-v1-266e0b1d,True,20493.84,historic_gtfs_service_activity_proxy,DERIVED,False,6148.152,1024.692,7172.844,2746.175,5150.819,-2404.645,-721.393,10246.92,2049.384,8539.1,5492.349,4696.505,795.844,238.753,14345.688,3586.422,8766.809,9611.611,3068.383,6543.228,1962.968,63.26,climate-v1.0,True,SCENARIO,sakay_gtfs_master_historic|doe_luzon_generation_2024|route2zero_climate_scenario_v1,0.7181,0.7181,0.55,0.35,300,0.3,0.5,0.7
LTFRB_PUJ1508,2880.48,2826.693,service-v1-266e0b1d,True,2880.48,historic_gtfs_service_activity_proxy,DERIVED,False,864.144,144.024,1008.168,385.984,723.965,-337.981,-101.394,1440.24,288.048,1200.2,771.969,660.11,111.859,33.558,2016.336,504.084,1232.205,1350.945,431.272,919.673,275.902,7.81,climate-v1.0,True,SCENARIO,sakay_gtfs_master_historic|doe_luzon_generation_2024|route2zero_climate_scenario_v1,0.7181,0.7181,0.55,0.35,300,0.3,0.5,0.7
LTFRB_PUJ1509,3207.9,3289.685,service-v1-266e0b1d,True,3207.9,historic_gtfs_service_activity_proxy,DERIVED,False,962.37,160.395,1122.765,429.859,806.258,-376.399,-112.92,1603.95,320.79,1336.625,859.717,735.144,124.573,37.372,2245.53,561.382,1372.268,1504.505,480.294,1024.211,307.263,8.84,climate-v1.0,True,SCENARIO,sakay_gtfs_master_historic|doe_luzon_generation_2024|route2zero_climate_scenario_v1,0.7181,0.7181,0.55,0.35,300,0.3,0.5,0.7
LTFRB_PUJ1510,3386.4,3404.875,service-v1-266e0b1d,True,3386.4,historic_gtfs_service_activity_proxy,DERIVED,False,1015.92,169.32,1185.24,453.778,851.121,-397.343,-119.203,1693.2,338.64,1411.0,907.555,776.05,131.505,39.452,2370.48,592.62,1448.627,1588.222,507.019,1081.202,324.361,9.4,climate-v1.0,True,SCENARIO,sakay_gtfs_master_historic|doe_luzon_generation_2024|route2zero_climate_scenario_v1,0.7181,0.7181,0.55,0.35,300,0.3,0.5,0.7
LTFRB_PUJ1511,3870.9,3787.173,service-v1-266e0b1d,True,3870.9,historic_gtfs_service_activity_proxy,DERIVED,False,1161.27,193.545,1354.815,518.701,972.893,-454.192,-136.258,1935.45,387.09,1612.875,1037.401,887.081,150.32,45.096,2709.63,677.408,1655.885,1815.452,579.56,1235.892,370.768,10.93,climate-v1.0,True,SCENARIO,sakay_gtfs_master_historic|doe_luzon_generation_2024|route2zero_climate_scenario_v1,0.7181,0.7181,0.55,0.35,300,0.3,0.5,0.7
LTFRB_PUJ1512,2427.6,2440.845,service-v1-266e0b1d,True,2427.6,historic_gtfs_service_activity_proxy,DERIVED,False,728.28,121.38,849.66,325.298,610.141,-284.842,-85.453,1213.8,242.76,1011.5,650.597,556.325,94.272,28.282,1699.32,424.83,1038.473,1138.544,363.466,775.079,232.524,6.38,climate-v1.0,True,SCENARIO,sakay_gtfs_master_historic|doe_luzon_generation_2024|route2zero_climate_scenario_v1,0.7181,0.7181,0.55,0.35,300,0.3,0.5,0.7
LTFRB_PUJ1513,2427.6,2440.845,service-v1-266e0b1d,True,2427.6,historic_gtfs_service_activity_proxy,DERIVED,False,728.28,121.38,849.66,325.298,610.141,-284.842,-85.453,1213.8,242.76,1011.5,650.597,556.325,94.272,28.282,1699.32,424.83,1038.473,1138.544,363.466,775.079,232.524,6.38,climate-v1.0,True,SCENARIO,sakay_gtfs_master_historic|doe_luzon_generation_2024|route2zero_climate_scenario_v1,0.7181,0.7181,0.55,0.35,300,0.3,0.5,0.7
LTFRB_PUJ1514,7081.86,7157.242,service-v1-266e0b1d,True,7081.86,historic_gtfs_service_activity_proxy,DERIVED,False,2124.558,354.093,2478.651,948.969,1779.919,-830.95,-249.285,3540.93,708.186,2950.775,1897.938,1622.926,275.012,82.504,4957.302,1239.326,3029.462,3321.392,1060.312,2261.081,678.324,21.04,climate-v1.0,True,SCENARIO,sakay_gtfs_master_historic|doe_luzon_generation_2024|route2zero_climate_scenario_v1,0.7181,0.7181,0.55,0.35,300,0.3,0.5,0.7
LTFRB_PUJ1515,7298.1,7324.301,service-v1-266e0b1d,True,7298.1,historic_gtfs_service_activity_proxy,DERIVED,False,2189.43,364.905,2554.335,977.945,1834.268,-856.323,-256.897,3649.05,729.81,3040.875,1955.891,1672.481,283.41,85.023,5108.67,1277.168,3121.965,3422.809,1092.688,2330.121,699.036,21.72,climate-v1.0,True,SCENARIO,sakay_gtfs_master_historic|doe_luzon_generation_2024|route2zero_climate_scenario_v1,0.7181,0.7181,0.55,0.35,300,0.3,0.5,0.7
LTFRB_PUJ1516,7347.06,7216.31,service-v1-266e0b1d,True,7347.06,historic_gtfs_service_activity_proxy,DERIVED,False,2204.118,367.353,2571.471,984.506,1846.573,-862.067,-258.62,3673.53,734.706,3061.275,1969.012,1683.701,285.311,85.593,5142.942,1285.736,3142.909,3445.771,1100.018,2345.753,703.726,21.87,climate-v1.0,True,SCENARIO,sakay_gtfs_master_historic|doe_luzon_generation_2024|route2zero_climate_scenario_v1,0.7181,0.7181,0.55,0.35,300,0.3,0.5,0.7
LTFRB_PUJ1517,7194.06,7086.914,service-v1-266e0b1d,True,7194.06,historic_gtfs_service_activity_proxy,DERIVED,False,2158.218,359.703,2517.921,964.004,1808.119,-844.115,-253.235,3597.03,719.406,2997.525,1928.008,1648.639,279.369,83.811,5035.842,1258.96,3077.459,3374.014,1077.111,2296.903,689.071,21.39,climate-v1.0,True,SCENARIO,sakay_gtfs_master_historic|doe_luzon_generation_2024|route2zero_climate_scenario_v1,0.7181,0.7181,0.55,0.35,300,0.3,0.5,0.7
LTFRB_PUJ1518,8008.019999999999,7932.389,service-v1-266e0b1d,True,8008.019999999999,historic_gtfs_service_activity_proxy,DERIVED,False,2402.406,400.401,2802.807,1073.075,2012.696,-939.621,-281.886,4004.01,800.802,3336.675,2146.149,1835.171,310.978,93.293,5605.614,1401.403,3425.653,3755.761,1198.979,2556.783,767.035,23.95,climate-v1.0,True,SCENARIO,sakay_gtfs_master_historic|doe_luzon_generation_2024|route2zero_climate_scenario_v1,0.7181,0.7181,0.55,0.35,300,0.3,0.5,0.7
LTFRB_PUJ1519,8254.86,8351.612,service-v1-266e0b1d,True,8254.86,historic_gtfs_service_activity_proxy,DERIVED,False,2476.458,412.743,2889.201,1106.151,2074.735,-968.584,-290.575,4127.43,825.486,3439.525,2212.302,1891.739,320.564,96.169,5778.402,1444.6,3531.246,3871.529,1235.936,2635.593,790.678,24.73,climate-v1.0,True,SCENARIO,sakay_gtfs_master_historic|doe_luzon_generation_2024|route2zero_climate_scenario_v1,0.7181,0.7181,0.55,0.35,300,0.3,0.5,0.7
LTFRB_PUJ1520,11921.76,11923.364,service-v1-266e0b1d,True,11921.76,historic_gtfs_service_activity_proxy,DERIVED,False,3576.528,596.088,4172.616,1597.516,2996.356,-1398.84,-419.652,5960.88,1192.176,4967.4,3195.032,2732.07,462.962,138.889,8345.232,2086.308,5099.864,5591.305,1784.952,3806.353,1141.906,36.28,climate-v1.0,True,SCENARIO,sakay_gtfs_master_historic|doe_luzon_generation_2024|route2zero_climate_scenario_v1,0.7181,0.7181,0.55,0.35,300,0.3,0.5,0.7
LTFRB_PUJ1521,11277.12,11353.418,service-v1-266e0b1d,True,11277.12,historic_gtfs_service_activity_proxy,DERIVED,False,3383.136,563.856,3946.992,1511.134,2834.335,-1323.201,-396.96,5638.56,1127.712,4698.8,3022.268,2584.34,437.928,131.378,7893.984,1973.496,4824.101,5288.969,1688.435,3600.534,1080.16,34.25,climate-v1.0,True,SCENARIO,sakay_gtfs_master_historic|doe_luzon_generation_2024|route2zero_climate_scenario_v1,0.7181,0.7181,0.55,0.35,300,0.3,0.5,0.7
LTFRB_PUJ1522,15995.64,15959.908,service-v1-266e0b1d,True,15995.64,historic_gtfs_service_activity_proxy,DERIVED,False,4798.692,799.782,5598.474,2143.416,4020.264,-1876.848,-563.055,7997.82,1599.564,6664.85,4286.832,3665.668,621.164,186.349,11196.948,2799.237,6842.579,7501.955,2394.903,5107.052,1532.116,49.1,climate-v1.0,True,SCENARIO,sakay_gtfs_master_historic|doe_luzon_generation_2024|route2zero_climate_scenario_v1,0.7181,0.7181,0.55,0.35,300,0.3,0.5,0.7
LTFRB_PUJ1523,16023.18,15999.488,service-v1-266e0b1d,True,16023.18,historic_gtfs_service_activity_proxy,DERIVED,False,4806.954,801.159,5608.113,2147.106,4027.186,-1880.08,-564.024,8011.59,1602.318,6676.325,4294.212,3671.979,622.233,186.67,11216.226,2804.056,6854.36,7514.871,2399.026,5115.845,1534.754,49.19,climate-v1.0,True,SCENARIO,sakay_gtfs_master_historic|doe_luzon_generation_2024|route2zero_climate_scenario_v1,0.7181,0.7181,0.55,0.35,300,0.3,0.5,0.7
LTFRB_PUJ1524,7274.639999999999,7118.231,service-v1-266e0b1d,True,7274.639999999999,historic_gtfs_service_activity_proxy,DERIVED,False,2182.392,363.732,2546.124,974.802,1828.372,-853.57,-256.071,3637.32,727.464,3031.1,1949.604,1667.105,282.499,84.75,5092.248,1273.062,3111.929,3411.806,1089.175,2322.631,696.789,21.64,climate-v1.0,True,SCENARIO,sakay_gtfs_master_historic|doe_luzon_generation_2024|route2zero_climate_scenario_v1,0.7181,0.7181,0.55,0.35,300,0.3,0.5,0.7
LTFRB_PUJ1525,12665.34,12525.705,service-v1-266e0b1d,True,12665.34,historic_gtfs_service_activity_proxy,DERIVED,False,3799.602,633.267,4432.869,1697.156,3183.243,-1486.088,-445.826,6332.67,1266.534,5277.225,3394.311,2902.474,491.837,147.551,8865.738,2216.434,5417.951,5940.044,1896.283,4043.762,1213.128,38.62,climate-v1.0,True,SCENARIO,sakay_gtfs_master_historic|doe_luzon_generation_2024|route2zero_climate_scenario_v1,0.7181,0.7181,0.55,0.35,300,0.3,0.5,0.7
LTFRB_PUJ1526,15007.259999999998,14911.023,service-v1-266e0b1d,True,15007.259999999998,historic_gtfs_service_activity_proxy,DERIVED,False,4502.178,750.363,5252.541,2010.973,3771.85,-1760.877,-528.263,7503.63,1500.726,6253.025,4021.946,3439.164,582.782,174.835,10505.082,2626.27,6419.772,7038.405,2246.92,4791.485,1437.445,45.99,climate-v1.0,True,SCENARIO,sakay_gtfs_master_historic|doe_luzon_generation_2024|route2zero_climate_scenario_v1,0.7181,0.7181,0.55,0.35,300,0.3,0.5,0.7
LTFRB_PUJ1527,12445.02,12353.49,service-v1-266e0b1d,True,12445.02,historic_gtfs_service_activity_proxy,DERIVED,False,3733.506,622.251,4355.757,1667.633,3127.869,-1460.236,-438.071,6222.51,1244.502,5185.425,3335.265,2851.984,483.282,144.984,8711.514,2177.878,5323.703,5836.714,1863.296,3973.418,1192.025,37.92,climate-v1.0,True,SCENARIO,sakay_gtfs_master_historic|doe_luzon_generation_2024|route2zero_climate_scenario_v1,0.7181,0.7181,0.55,0.35,300,0.3,0.5,0.7
LTFRB_PUJ1528,5095.92,4987.522,service-v1-266e0b1d,True,5095.92,historic_gtfs_service_activity_proxy,DERIVED,False,1528.776,254.796,1783.572,682.853,1280.783,-597.93,-179.379,2547.96,509.592,2123.3,1365.707,1167.815,197.892,59.367,3567.144,891.786,2179.921,2389.986,762.972,1627.014,488.104,14.78,climate-v1.0,True,SCENARIO,sakay_gtfs_master_historic|doe_luzon_generation_2024|route2zero_climate_scenario_v1,0.7181,0.7181,0.55,0.35,300,0.3,0.5,0.7
LTFRB_PUJ1529,4789.92,4762.571,service-v1-266e0b1d,True,4789.92,historic_gtfs_service_activity_proxy,DERIVED,False,1436.976,239.496,1676.472,641.849,1203.875,-562.025,-168.608,2394.96,478.992,1995.8,1283.699,1097.69,186.009,55.803,3352.944,838.236,2049.021,2246.472,717.157,1529.315,458.795,13.82,climate-v1.0,True,SCENARIO,sakay_gtfs_master_historic|doe_luzon_generation_2024|route2zero_climate_scenario_v1,0.7181,0.7181,0.55,0.35,300,0.3,0.5,0.7
LTFRB_PUJ1530,19059.72,18987.922,service-v1-266e0b1d,True,19059.72,historic_gtfs_service_activity_proxy,DERIVED,False,5717.916,952.986,6670.902,2554.002,4790.375,-2236.372,-670.912,9529.86,1905.972,7941.55,5108.005,4367.853,740.152,222.046,13341.804,3335.451,8153.325,8939.009,2853.664,6085.345,1825.604,58.75,climate-v1.0,True,SCENARIO,sakay_gtfs_master_historic|doe_luzon_generation_2024|route2zero_climate_scenario_v1,0.7181,0.7181,0.55,0.35,300,0.3,0.5,0.7
LTFRB_PUJ1531,19359.6,19493.997,service-v1-266e0b1d,True,19359.6,historic_gtfs_service_activity_proxy,DERIVED,False,5807.88,967.98,6775.86,2594.186,4865.745,-2271.559,-681.468,9679.8,1935.96,8066.5,5188.373,4436.575,751.798,225.539,13551.72,3387.93,8281.607,9079.652,2898.562,6181.09,1854.327,59.69,climate-v1.0,True,SCENARIO,sakay_gtfs_master_historic|doe_luzon_generation_2024|route2zero_climate_scenario_v1,0.7181,0.7181,0.55,0.35,300,0.3,0.5,0.7
LTFRB_PUJ1532,13740.42,13811.41,service-v1-266e0b1d,True,13740.42,historic_gtfs_service_activity_proxy,DERIVED,False,4122.126,687.021,4809.147,1841.216,3453.448,-1612.232,-483.67,6870.21,1374.042,5725.175,3682.433,3148.846,533.586,160.076,9618.294,2404.574,5877.846,6444.257,2057.246,4387.011,1316.103,42.0,climate-v1.0,True,SCENARIO,sakay_gtfs_master_historic|doe_luzon_generation_2024|route2zero_climate_scenario_v1,0.7181,0.7181,0.55,0.35,300,0.3,0.5,0.7
LTFRB_PUJ1533,13362.0,13297.625,service-v1-266e0b1d,True,13362.0,historic_gtfs_service_activity_proxy,DERIVED,False,4008.6,668.1,4676.7,1790.508,3358.338,-1567.83,-470.349,6681.0,1336.2,5567.5,3581.016,3062.125,518.891,155.667,9353.4,2338.35,5715.967,6266.778,2000.588,4266.19,1279.857,40.81,climate-v1.0,True,SCENARIO,sakay_gtfs_master_historic|doe_luzon_generation_2024|route2zero_climate_scenario_v1,0.7181,0.7181,0.55,0.35,300,0.3,0.5,0.7
LTFRB_PUJ1534,15854.88,16102.307,service-v1-266e0b1d,True,15854.88,historic_gtfs_service_activity_proxy,DERIVED,False,4756.464,792.744,5549.208,2124.554,3984.886,-1860.332,-558.1,7927.44,1585.488,6606.2,4249.108,3633.41,615.698,184.709,11098.416,2774.604,6782.365,7435.939,2373.828,5062.111,1518.633,48.66,climate-v1.0,True,SCENARIO,sakay_gtfs_master_historic|doe_luzon_generation_2024|route2zero_climate_scenario_v1,0.7181,0.7181,0.55,0.35,300,0.3,0.5,0.7
LTFRB_PUJ1535,14578.86,14666.698,service-v1-266e0b1d,True,14578.86,historic_gtfs_service_activity_proxy,DERIVED,False,4373.658,728.943,5102.601,1953.567,3664.178,-1710.611,-513.183,7289.43,1457.886,6074.525,3907.134,3340.989,566.146,169.844,10205.202,2551.3,6236.512,6837.485,2182.779,4654.706,1396.412,44.64,climate-v1.0,True,SCENARIO,sakay_gtfs_master_historic|doe_luzon_generation_2024|route2zero_climate_scenario_v1,0.7181,0.7181,0.55,0.35,300,0.3,0.5,0.7
LTFRB_PUJ1536,6725.88,6788.031,service-v1-266e0b1d,True,6725.88,historic_gtfs_service_activity_proxy,DERIVED,False,2017.764,336.294,2354.058,901.268,1690.449,-789.181,-236.754,3362.94,672.588,2802.45,1802.536,1541.348,261.188,78.357,4708.116,1177.029,2877.182,3154.438,1007.014,2147.424,644.227,19.92,climate-v1.0,True,SCENARIO,sakay_gtfs_master_historic|doe_luzon_generation_2024|route2zero_climate_scenario_v1,0.7181,0.7181,0.55,0.35,300,0.3,0.5,0.7
LTFRB_PUJ1537,5338.68,5448.489,service-v1-266e0b1d,True,5338.68,historic_gtfs_service_activity_proxy,DERIVED,False,1601.604,266.934,1868.538,715.383,1341.797,-626.414,-187.924,2669.34,533.868,2224.45,1430.766,1223.448,207.319,62.196,3737.076,934.269,2283.769,2503.841,799.319,1704.522,511.357,15.55,climate-v1.0,True,SCENARIO,sakay_gtfs_master_historic|doe_luzon_generation_2024|route2zero_climate_scenario_v1,0.7181,0.7181,0.55,0.35,300,0.3,0.5,0.7
LTFRB_PUJ1538,13008.06,12963.002,service-v1-266e0b1d,True,13008.06,historic_gtfs_service_activity_proxy,DERIVED,False,3902.418,650.403,4552.821,1743.08,3269.381,-1526.301,-457.89,6504.03,1300.806,5420.025,3486.16,2981.014,505.146,151.544,9105.642,2276.41,5564.559,6100.78,1947.596,4153.184,1245.955,39.69,climate-v1.0,True,SCENARIO,sakay_gtfs_master_historic|doe_luzon_generation_2024|route2zero_climate_scenario_v1,0.7181,0.7181,0.55,0.35,300,0.3,0.5,0.7
LTFRB_PUJ1539,11421.96,11536.504,service-v1-266e0b1d,True,11421.96,historic_gtfs_service_activity_proxy,DERIVED,False,3426.588,571.098,3997.686,1530.543,2870.738,-1340.196,-402.059,5710.98,1142.196,4759.15,3061.085,2617.532,443.553,133.066,7995.372,1998.843,4886.061,5356.899,1710.121,3646.778,1094.033,34.7,climate-v1.0,True,SCENARIO,sakay_gtfs_master_historic|doe_luzon_generation_2024|route2zero_climate_scenario_v1,0.7181,0.7181,0.55,0.35,300,0.3,0.5,0.7
LTFRB_PUJ1540,16175.16,16014.807,service-v1-266e0b1d,True,16175.16,historic_gtfs_service_activity_proxy,DERIVED,False,4852.548,808.758,5661.306,2167.471,4065.384,-1897.912,-569.374,8087.58,1617.516,6739.65,4334.943,3706.808,628.135,188.441,11322.612,2830.653,6919.374,7586.15,2421.781,5164.369,1549.311,49.67,climate-v1.0,True,SCENARIO,sakay_gtfs_master_historic|doe_luzon_generation_2024|route2zero_climate_scenario_v1,0.7181,0.7181,0.55,0.35,300,0.3,0.5,0.7
LTFRB_PUJ1542,11195.52,11151.767,service-v1-266e0b1d,True,11195.52,historic_gtfs_service_activity_proxy,DERIVED,False,3358.656,559.776,3918.432,1500.2,2813.826,-1313.626,-394.088,5597.76,1119.552,4664.8,3000.399,2565.64,434.759,130.428,7836.864,1959.216,4789.195,5250.699,1676.218,3574.481,1072.344,33.99,climate-v1.0,True,SCENARIO,sakay_gtfs_master_historic|doe_luzon_generation_2024|route2zero_climate_scenario_v1,0.7181,0.7181,0.55,0.35,300,0.3,0.5,0.7
LTFRB_PUJ1543,12724.5,12913.591,service-v1-266e0b1d,True,12724.5,historic_gtfs_service_activity_proxy,DERIVED,False,3817.35,636.225,4453.575,1705.083,3198.112,-1493.029,-447.909,6362.25,1272.45,5301.875,3410.166,2916.031,494.135,148.24,8907.15,2226.788,5443.258,5967.79,1905.14,4062.65,1218.795,38.8,climate-v1.0,True,SCENARIO,sakay_gtfs_master_historic|doe_luzon_generation_2024|route2zero_climate_scenario_v1,0.7181,0.7181,0.55,0.35,300,0.3,0.5,0.7
LTFRB_PUJ1544,16656.6,16717.437,service-v1-266e0b1d,True,16656.6,historic_gtfs_service_activity_proxy,DERIVED,False,4996.98,832.83,5829.81,2231.984,4186.387,-1954.402,-586.321,8328.3,1665.66,6940.25,4463.969,3817.138,646.831,194.049,11659.62,2914.905,7125.323,7811.945,2493.863,5318.082,1595.425,51.18,climate-v1.0,True,SCENARIO,sakay_gtfs_master_historic|doe_luzon_generation_2024|route2zero_climate_scenario_v1,0.7181,0.7181,0.55,0.35,300,0.3,0.5,0.7
LTFRB_PUJ1545,15978.3,16020.854,service-v1-266e0b1d,True,15978.3,historic_gtfs_service_activity_proxy,DERIVED,False,4793.49,798.915,5592.405,2141.092,4015.906,-1874.814,-562.444,7989.15,1597.83,6657.625,4282.184,3661.694,620.491,186.147,11184.81,2796.202,6835.162,7493.823,2392.307,5101.516,1530.455,49.05,climate-v1.0,True,SCENARIO,sakay_gtfs_master_historic|doe_luzon_generation_2024|route2zero_climate_scenario_v1,0.7181,0.7181,0.55,0.35,300,0.3,0.5,0.7
LTFRB_PUJ1547,7724.46,7760.064,service-v1-266e0b1d,True,7724.46,historic_gtfs_service_activity_proxy,DERIVED,False,2317.338,386.223,2703.561,1035.078,1941.427,-906.35,-271.905,3862.23,772.446,3218.525,2070.155,1770.189,299.967,89.99,5407.122,1351.78,3304.352,3622.772,1156.523,2466.248,739.875,23.06,climate-v1.0,True,SCENARIO,sakay_gtfs_master_historic|doe_luzon_generation_2024|route2zero_climate_scenario_v1,0.7181,0.7181,0.55,0.35,300,0.3,0.5,0.7
LTFRB_PUJ1548,3419.04,3440.657,service-v1-266e0b1d,True,3419.04,historic_gtfs_service_activity_proxy,DERIVED,False,1025.712,170.952,1196.664,458.151,859.324,-401.173,-120.352,1709.52,341.904,1424.6,916.303,783.53,132.773,39.832,2393.328,598.332,1462.589,1603.53,511.906,1091.623,327.487,9.51,climate-v1.0,True,SCENARIO,sakay_gtfs_master_historic|doe_luzon_generation_2024|route2zero_climate_scenario_v1,0.7181,0.7181,0.55,0.35,300,0.3,0.5,0.7
LTFRB_PUJ1549,3747.48,3766.886,service-v1-266e0b1d,True,3747.48,historic_gtfs_service_activity_proxy,DERIVED,False,1124.244,187.374,1311.618,502.162,941.873,-439.711,-131.913,1873.74,374.748,1561.45,1004.325,858.798,145.527,43.658,2623.236,655.809,1603.089,1757.568,561.081,1196.487,358.946,10.54,climate-v1.0,True,SCENARIO,sakay_gtfs_master_historic|doe_luzon_generation_2024|route2zero_climate_scenario_v1,0.7181,0.7181,0.55,0.35,300,0.3,0.5,0.7
LTFRB_PUJ1550,11712.66,11740.165,service-v1-266e0b1d,True,11712.66,historic_gtfs_service_activity_proxy,DERIVED,False,3513.798,585.633,4099.431,1569.496,2943.801,-1374.305,-412.291,5856.33,1171.266,4880.275,3138.993,2684.151,454.842,136.452,8198.862,2049.715,5010.416,5493.238,1753.645,3739.592,1121.878,35.62,climate-v1.0,True,SCENARIO,sakay_gtfs_master_historic|doe_luzon_generation_2024|route2zero_climate_scenario_v1,0.7181,0.7181,0.55,0.35,300,0.3,0.5,0.7
LTFRB_PUJ1551,11712.66,11740.165,service-v1-266e0b1d,True,11712.66,historic_gtfs_service_activity_proxy,DERIVED,False,3513.798,585.633,4099.431,1569.496,2943.801,-1374.305,-412.291,5856.33,1171.266,4880.275,3138.993,2684.151,454.842,136.452,8198.862,2049.715,5010.416,5493.238,1753.645,3739.592,1121.878,35.62,climate-v1.0,True,SCENARIO,sakay_gtfs_master_historic|doe_luzon_generation_2024|route2zero_climate_scenario_v1,0.7181,0.7181,0.55,0.35,300,0.3,0.5,0.7
LTFRB_PUJ1552,13109.04,13090.299,service-v1-266e0b1d,True,13109.04,historic_gtfs_service_activity_proxy,DERIVED,False,3932.712,655.452,4588.164,1756.611,3294.761,-1538.149,-461.445,6554.52,1310.904,5462.1,3513.223,3004.155,509.068,152.72,9176.328,2294.082,5607.756,6148.14,1962.715,4185.425,1255.628,40.01,climate-v1.0,True,SCENARIO,sakay_gtfs_master_historic|doe_luzon_generation_2024|route2zero_climate_scenario_v1,0.7181,0.7181,0.55,0.35,300,0.3,0.5,0.7
LTFRB_PUJ1554,2934.54,3012.988,service-v1-266e0b1d,True,2934.54,historic_gtfs_service_activity_proxy,DERIVED,False,880.362,146.727,1027.089,393.228,737.553,-344.324,-103.297,1467.27,293.454,1222.725,786.457,672.499,113.958,34.187,2054.178,513.544,1255.331,1376.299,439.366,936.933,281.08,7.98,climate-v1.0,True,SCENARIO,sakay_gtfs_master_historic|doe_luzon_generation_2024|route2zero_climate_scenario_v1,0.7181,0.7181,0.55,0.35,300,0.3,0.5,0.7
LTFRB_PUJ1555,3575.1,3565.759,service-v1-266e0b1d,True,3575.1,historic_gtfs_service_activity_proxy,DERIVED,False,1072.53,178.755,1251.285,479.063,898.548,-419.484,-125.845,1787.55,357.51,1489.625,958.127,819.294,138.833,41.65,2502.57,625.642,1529.348,1676.722,535.272,1141.45,342.435,10.0,climate-v1.0,True,SCENARIO,sakay_gtfs_master_historic|doe_luzon_generation_2024|route2zero_climate_scenario_v1,0.7181,0.7181,0.55,0.35,300,0.3,0.5,0.7
LTFRB_PUJ1557,15013.38,14760.252,service-v1-266e0b1d,True,15013.38,historic_gtfs_service_activity_proxy,DERIVED,False,4504.014,750.669,5254.683,2011.793,3773.388,-1761.595,-528.478,7506.69,1501.338,6255.575,4023.586,3440.566,583.02,174.906,10509.366,2627.341,6422.39,7041.275,2247.837,4793.439,1438.032,46.01,climate-v1.0,True,SCENARIO,sakay_gtfs_master_historic|doe_luzon_generation_2024|route2zero_climate_scenario_v1,0.7181,0.7181,0.55,0.35,300,0.3,0.5,0.7
LTFRB_PUJ1558,11471.94,11552.923,service-v1-266e0b1d,True,11471.94,historic_gtfs_service_activity_proxy,DERIVED,False,3441.582,573.597,4015.179,1537.24,2883.3,-1346.06,-403.818,5735.97,1147.194,4779.975,3074.48,2628.986,445.494,133.648,8030.358,2007.59,4907.441,5380.34,1717.604,3662.736,1098.821,34.86,climate-v1.0,True,SCENARIO,sakay_gtfs_master_historic|doe_luzon_generation_2024|route2zero_climate_scenario_v1,0.7181,0.7181,0.55,0.35,300,0.3,0.5,0.7
LTFRB_PUJ1559,13204.92,13074.244,service-v1-266e0b1d,True,13204.92,historic_gtfs_service_activity_proxy,DERIVED,False,3961.476,660.246,4621.722,1769.459,3318.859,-1549.399,-464.82,6602.46,1320.492,5502.05,3538.919,3026.128,512.791,153.837,9243.444,2310.861,5648.771,6193.107,1977.07,4216.038,1264.811,40.31,climate-v1.0,True,SCENARIO,sakay_gtfs_master_historic|doe_luzon_generation_2024|route2zero_climate_scenario_v1,0.7181,0.7181,0.55,0.35,300,0.3,0.5,0.7
LTFRB_PUJ1560,15796.74,15677.343,service-v1-266e0b1d,True,15796.74,historic_gtfs_service_activity_proxy,DERIVED,False,4739.022,789.837,5528.859,2116.763,3970.274,-1853.51,-556.053,7898.37,1579.674,6581.975,4233.526,3620.086,613.44,184.032,11057.718,2764.429,6757.494,7408.671,2365.123,5043.548,1513.064,48.47,climate-v1.0,True,SCENARIO,sakay_gtfs_master_historic|doe_luzon_generation_2024|route2zero_climate_scenario_v1,0.7181,0.7181,0.55,0.35,300,0.3,0.5,0.7
LTFRB_PUJ1561,16026.24,15826.298,service-v1-266e0b1d,True,16026.24,historic_gtfs_service_activity_proxy,DERIVED,False,4807.872,801.312,5609.184,2147.516,4027.955,-1880.439,-564.132,8013.12,1602.624,6677.6,4295.032,3672.68,622.352,186.706,11218.368,2804.592,6855.669,7516.307,2399.484,5116.822,1535.047,49.2,climate-v1.0,True,SCENARIO,sakay_gtfs_master_historic|doe_luzon_generation_2024|route2zero_climate_scenario_v1,0.7181,0.7181,0.55,0.35,300,0.3,0.5,0.7
LTFRB_PUJ1562,7215.48,7033.179,service-v1-266e0b1d,True,7215.48,historic_gtfs_service_activity_proxy,DERIVED,False,2164.644,360.774,2525.418,966.874,1813.503,-846.628,-253.989,3607.74,721.548,3006.45,1933.749,1653.548,280.201,84.06,5050.836,1262.709,3086.622,3384.06,1080.318,2303.742,691.123,21.46,climate-v1.0,True,SCENARIO,sakay_gtfs_master_historic|doe_luzon_generation_2024|route2zero_climate_scenario_v1,0.7181,0.7181,0.55,0.35,300,0.3,0.5,0.7
LTFRB_PUJ1563,7057.379999999999,6869.359,service-v1-266e0b1d,True,7057.379999999999,historic_gtfs_service_activity_proxy,DERIVED,False,2117.214,352.869,2470.083,945.689,1773.767,-828.078,-248.423,3528.69,705.738,2940.575,1891.378,1617.316,274.062,82.218,4940.166,1235.041,3018.99,3309.911,1056.647,2253.265,675.979,20.96,climate-v1.0,True,SCENARIO,sakay_gtfs_master_historic|doe_luzon_generation_2024|route2zero_climate_scenario_v1,0.7181,0.7181,0.55,0.35,300,0.3,0.5,0.7
LTFRB_PUJ1564,6442.32,6419.837,service-v1-266e0b1d,True,6442.32,historic_gtfs_service_activity_proxy,DERIVED,False,1932.696,322.116,2254.812,863.271,1619.18,-755.91,-226.773,3221.16,644.232,2684.3,1726.542,1476.365,250.177,75.053,4509.624,1127.406,2755.881,3021.448,964.558,2056.89,617.067,19.02,climate-v1.0,True,SCENARIO,sakay_gtfs_master_historic|doe_luzon_generation_2024|route2zero_climate_scenario_v1,0.7181,0.7181,0.55,0.35,300,0.3,0.5,0.7
LTFRB_PUJ1565,6367.860000000001,6406.903,service-v1-266e0b1d,True,6367.860000000001,historic_gtfs_service_activity_proxy,DERIVED,False,1910.358,318.393,2228.751,853.293,1600.466,-747.173,-224.152,3183.93,636.786,2653.275,1706.586,1459.301,247.285,74.186,4457.502,1114.376,2724.029,2986.526,953.41,2033.116,609.935,18.79,climate-v1.0,True,SCENARIO,sakay_gtfs_master_historic|doe_luzon_generation_2024|route2zero_climate_scenario_v1,0.7181,0.7181,0.55,0.35,300,0.3,0.5,0.7
LTFRB_PUJ1566,2321.52,2499.373,service-v1-266e0b1d,True,2321.52,historic_gtfs_service_activity_proxy,DERIVED,False,696.456,116.076,812.532,311.084,583.479,-272.396,-81.719,1160.76,232.152,967.3,622.167,532.015,90.152,27.046,1625.064,406.266,993.095,1088.793,347.583,741.21,222.363,6.05,climate-v1.0,True,SCENARIO,sakay_gtfs_master_historic|doe_luzon_generation_2024|route2zero_climate_scenario_v1,0.7181,0.7181,0.55,0.35,300,0.3,0.5,0.7
LTFRB_PUJ1567,2849.88,2911.871,service-v1-266e0b1d,True,2849.88,historic_gtfs_service_activity_proxy,DERIVED,False,854.964,142.494,997.458,381.884,716.275,-334.391,-100.317,1424.94,284.988,1187.45,763.768,653.098,110.67,33.201,1994.916,498.729,1219.115,1336.594,426.69,909.903,272.971,7.71,climate-v1.0,True,SCENARIO,sakay_gtfs_master_historic|doe_luzon_generation_2024|route2zero_climate_scenario_v1,0.7181,0.7181,0.55,0.35,300,0.3,0.5,0.7
LTFRB_PUJ1568,3078.36,3127.444,service-v1-266e0b1d,True,3078.36,historic_gtfs_service_activity_proxy,DERIVED,False,923.508,153.918,1077.426,412.5,773.7,-361.199,-108.36,1539.18,307.836,1282.65,825.0,705.458,119.543,35.863,2154.852,538.713,1316.854,1443.751,460.899,982.852,294.856,8.43,climate-v1.0,True,SCENARIO,sakay_gtfs_master_historic|doe_luzon_generation_2024|route2zero_climate_scenario_v1,0.7181,0.7181,0.55,0.35,300,0.3,0.5,0.7
LTFRB_PUJ1569,2487.78,2486.881,service-v1-266e0b1d,True,2487.78,historic_gtfs_service_activity_proxy,DERIVED,False,746.334,124.389,870.723,333.363,625.266,-291.904,-87.571,1243.89,248.778,1036.575,666.725,570.116,96.609,28.983,1741.446,435.362,1064.217,1166.769,372.476,794.293,238.288,6.57,climate-v1.0,True,SCENARIO,sakay_gtfs_master_historic|doe_luzon_generation_2024|route2zero_climate_scenario_v1,0.7181,0.7181,0.55,0.35,300,0.3,0.5,0.7
LTFRB_PUJ1570,1495.32,1648.491,service-v1-266e0b1d,True,1495.32,historic_gtfs_service_activity_proxy,DERIVED,False,448.596,74.766,523.362,200.373,375.826,-175.453,-52.636,747.66,149.532,623.05,400.746,342.678,58.068,17.42,1046.724,261.681,639.665,701.305,223.883,477.422,143.227,3.45,climate-v1.0,True,SCENARIO,sakay_gtfs_master_historic|doe_luzon_generation_2024|route2zero_climate_scenario_v1,0.7181,0.7181,0.55,0.35,300,0.3,0.5,0.7
LTFRB_PUJ1571,1348.44,1369.974,service-v1-266e0b1d,True,1348.44,historic_gtfs_service_activity_proxy,DERIVED,False,404.532,67.422,471.954,180.691,338.91,-158.219,-47.466,674.22,134.844,561.85,361.382,309.018,52.364,15.709,943.908,235.977,576.833,632.418,201.891,430.527,129.158,2.99,climate-v1.0,True,SCENARIO,sakay_gtfs_master_historic|doe_luzon_generation_2024|route2zero_climate_scenario_v1,0.7181,0.7181,0.55,0.35,300,0.3,0.5,0.7
LTFRB_PUJ1572,6013.92,5953.392,service-v1-266e0b1d,True,6013.92,historic_gtfs_service_activity_proxy,DERIVED,False,1804.176,300.696,2104.872,805.865,1511.509,-705.643,-211.693,3006.96,601.392,2505.8,1611.731,1378.19,233.541,70.062,4209.744,1052.436,2572.621,2820.528,900.417,1920.111,576.033,17.67,climate-v1.0,True,SCENARIO,sakay_gtfs_master_historic|doe_luzon_generation_2024|route2zero_climate_scenario_v1,0.7181,0.7181,0.55,0.35,300,0.3,0.5,0.7
LTFRB_PUJ1573,5855.82,5826.638,service-v1-266e0b1d,True,5855.82,historic_gtfs_service_activity_proxy,DERIVED,False,1756.746,292.791,2049.537,784.68,1471.773,-687.093,-206.128,2927.91,585.582,2439.925,1569.36,1341.959,227.401,68.22,4099.074,1024.768,2504.99,2746.38,876.746,1869.633,560.89,17.18,climate-v1.0,True,SCENARIO,sakay_gtfs_master_historic|doe_luzon_generation_2024|route2zero_climate_scenario_v1,0.7181,0.7181,0.55,0.35,300,0.3,0.5,0.7
LTFRB_PUJ1574,6740.16,6685.844,service-v1-266e0b1d,True,6740.16,historic_gtfs_service_activity_proxy,DERIVED,False,2022.048,337.008,2359.056,903.181,1694.038,-790.857,-237.257,3370.08,674.016,2808.4,1806.363,1544.62,261.743,78.523,4718.112,1179.528,2883.291,3161.135,1009.152,2151.983,645.595,19.96,climate-v1.0,True,SCENARIO,sakay_gtfs_master_historic|doe_luzon_generation_2024|route2zero_climate_scenario_v1,0.7181,0.7181,0.55,0.35,300,0.3,0.5,0.7
LTFRB_PUJ1575,5691.6,5614.128,service-v1-266e0b1d,True,5691.6,historic_gtfs_service_activity_proxy,DERIVED,False,1707.48,284.58,1992.06,762.674,1430.498,-667.824,-200.347,2845.8,569.16,2371.5,1525.349,1304.325,221.024,66.307,3984.12,996.03,2434.74,2669.36,852.159,1817.201,545.16,16.66,climate-v1.0,True,SCENARIO,sakay_gtfs_master_historic|doe_luzon_generation_2024|route2zero_climate_scenario_v1,0.7181,0.7181,0.55,0.35,300,0.3,0.5,0.7
LTFRB_PUJ1576,19312.68,19177.928,service-v1-266e0b1d,True,19312.68,historic_gtfs_service_activity_proxy,DERIVED,False,5793.804,965.634,6759.438,2587.899,4853.952,-2266.053,-679.816,9656.34,1931.268,8046.95,5175.798,4425.822,749.976,224.993,13518.876,3379.719,8261.535,9057.647,2891.537,6166.11,1849.833,59.54,climate-v1.0,True,SCENARIO,sakay_gtfs_master_historic|doe_luzon_generation_2024|route2zero_climate_scenario_v1,0.7181,0.7181,0.55,0.35,300,0.3,0.5,0.7
LTFRB_PUJ1577,19476.9,19411.219,service-v1-266e0b1d,True,19476.9,historic_gtfs_service_activity_proxy,DERIVED,False,5843.07,973.845,6816.915,2609.905,4895.227,-2285.322,-685.597,9738.45,1947.69,8115.375,5219.809,4463.456,756.353,226.906,13633.83,3408.458,8331.785,9134.666,2916.125,6218.541,1865.562,60.06,climate-v1.0,True,SCENARIO,sakay_gtfs_master_historic|doe_luzon_generation_2024|route2zero_climate_scenario_v1,0.7181,0.7181,0.55,0.35,300,0.3,0.5,0.7
LTFRB_PUJ1578,7478.639999999999,7359.516,service-v1-266e0b1d,True,7478.639999999999,historic_gtfs_service_activity_proxy,DERIVED,False,2243.592,373.932,2617.524,1002.138,1879.644,-877.506,-263.252,3739.32,747.864,3116.1,2004.276,1713.855,290.421,87.126,5235.048,1308.762,3199.196,3507.482,1119.719,2387.764,716.329,22.29,climate-v1.0,True,SCENARIO,sakay_gtfs_master_historic|doe_luzon_generation_2024|route2zero_climate_scenario_v1,0.7181,0.7181,0.55,0.35,300,0.3,0.5,0.7
LTFRB_PUJ1580,15712.08,15813.017,service-v1-266e0b1d,True,15712.08,historic_gtfs_service_activity_proxy,DERIVED,False,4713.624,785.604,5499.228,2105.419,3948.996,-1843.577,-553.073,7856.04,1571.208,6546.7,4210.837,3600.685,610.152,183.046,10998.456,2749.614,6721.279,7368.966,2352.448,5016.518,1504.955,48.21,climate-v1.0,True,SCENARIO,sakay_gtfs_master_historic|doe_luzon_generation_2024|route2zero_climate_scenario_v1,0.7181,0.7181,0.55,0.35,300,0.3,0.5,0.7
LTFRB_PUJ1581,15351.0,15255.62,service-v1-266e0b1d,True,15351.0,historic_gtfs_service_activity_proxy,DERIVED,False,4605.3,767.55,5372.85,2057.034,3858.244,-1801.21,-540.363,7675.5,1535.1,6396.25,4114.068,3517.938,596.13,178.839,10745.7,2686.425,6566.817,7199.619,2298.386,4901.233,1470.37,47.07,climate-v1.0,True,SCENARIO,sakay_gtfs_master_historic|doe_luzon_generation_2024|route2zero_climate_scenario_v1,0.7181,0.7181,0.55,0.35,300,0.3,0.5,0.7
LTFRB_PUJ1582,4646.099999999999,4609.62,service-v1-266e0b1d,True,4646.099999999999,historic_gtfs_service_activity_proxy,DERIVED,False,1393.83,232.305,1626.135,622.577,1167.728,-545.15,-163.545,2323.05,464.61,1935.875,1245.155,1064.731,180.424,54.127,3252.27,813.067,1987.498,2179.021,695.624,1483.396,445.019,13.37,climate-v1.0,True,SCENARIO,sakay_gtfs_master_historic|doe_luzon_generation_2024|route2zero_climate_scenario_v1,0.7181,0.7181,0.55,0.35,300,0.3,0.5,0.7
LTFRB_PUJ1583,6259.74,6113.255,service-v1-266e0b1d,True,6259.74,historic_gtfs_service_activity_proxy,DERIVED,False,1877.922,312.987,2190.909,838.805,1573.292,-734.487,-220.346,3129.87,625.974,2608.225,1677.61,1434.524,243.087,72.926,4381.818,1095.454,2677.778,2935.818,937.222,1998.596,599.579,18.45,climate-v1.0,True,SCENARIO,sakay_gtfs_master_historic|doe_luzon_generation_2024|route2zero_climate_scenario_v1,0.7181,0.7181,0.55,0.35,300,0.3,0.5,0.7
LTFRB_PUJ1584,2305.2,2291.043,service-v1-266e0b1d,True,2305.2,historic_gtfs_service_activity_proxy,DERIVED,False,691.56,115.26,806.82,308.897,579.377,-270.481,-81.144,1152.6,230.52,960.5,617.794,528.275,89.519,26.856,1613.64,403.41,986.113,1081.139,345.14,735.999,220.8,6.0,climate-v1.0,True,SCENARIO,sakay_gtfs_master_historic|doe_luzon_generation_2024|route2zero_climate_scenario_v1,0.7181,0.7181,0.55,0.35,300,0.3,0.5,0.7
LTFRB_PUJ1585,1954.32,1871.252,service-v1-266e0b1d,True,1954.32,historic_gtfs_service_activity_proxy,DERIVED,False,586.296,97.716,684.012,261.879,491.189,-229.31,-68.793,977.16,195.432,814.3,523.758,447.865,75.893,22.768,1368.024,342.006,836.015,916.576,292.605,623.971,187.191,4.89,climate-v1.0,True,SCENARIO,sakay_gtfs_master_historic|doe_luzon_generation_2024|route2zero_climate_scenario_v1,0.7181,0.7181,0.55,0.35,300,0.3,0.5,0.7
LTFRB_PUJ1587,1732.98,1720.968,service-v1-266e0b1d,True,1732.98,historic_gtfs_service_activity_proxy,DERIVED,False,519.894,86.649,606.543,232.219,435.559,-203.339,-61.002,866.49,173.298,722.075,464.439,397.141,67.297,20.189,1213.086,303.272,741.33,812.768,259.466,553.302,165.991,4.2,climate-v1.0,True,SCENARIO,sakay_gtfs_master_historic|doe_luzon_generation_2024|route2zero_climate_scenario_v1,0.7181,0.7181,0.55,0.35,300,0.3,0.5,0.7
LTFRB_PUJ1588,17184.96,17183.292,service-v1-266e0b1d,True,17184.96,historic_gtfs_service_activity_proxy,DERIVED,False,5155.488,859.248,6014.736,2302.785,4319.182,-2016.397,-604.919,8592.48,1718.496,7160.4,4605.569,3938.22,667.349,200.205,12029.472,3007.368,7351.344,8059.746,2572.97,5486.776,1646.033,52.85,climate-v1.0,True,SCENARIO,sakay_gtfs_master_historic|doe_luzon_generation_2024|route2zero_climate_scenario_v1,0.7181,0.7181,0.55,0.35,300,0.3,0.5,0.7
LTFRB_PUJ1589,16702.5,15984.968,service-v1-266e0b1d,True,16702.5,historic_gtfs_service_activity_proxy,DERIVED,False,5010.75,835.125,5845.875,2238.135,4197.923,-1959.788,-587.936,8351.25,1670.25,6959.375,4476.27,3827.656,648.614,194.584,11691.75,2922.938,7144.958,7833.473,2500.735,5332.737,1599.821,51.33,climate-v1.0,True,SCENARIO,sakay_gtfs_master_historic|doe_luzon_generation_2024|route2zero_climate_scenario_v1,0.7181,0.7181,0.55,0.35,300,0.3,0.5,0.7
LTFRB_PUJ1590,3187.5,3201.939,service-v1-266e0b1d,True,3187.5,historic_gtfs_service_activity_proxy,DERIVED,False,956.25,159.375,1115.625,427.125,801.13,-374.005,-112.202,1593.75,318.75,1328.125,854.25,730.469,123.781,37.134,2231.25,557.812,1363.542,1494.938,477.24,1017.698,305.309,8.78,climate-v1.0,True,SCENARIO,sakay_gtfs_master_historic|doe_luzon_generation_2024|route2zero_climate_scenario_v1,0.7181,0.7181,0.55,0.35,300,0.3,0.5,0.7
LTFRB_PUJ1591,3187.5,3201.939,service-v1-266e0b1d,True,3187.5,historic_gtfs_service_activity_proxy,DERIVED,False,956.25,159.375,1115.625,427.125,801.13,-374.005,-112.202,1593.75,318.75,1328.125,854.25,730.469,123.781,37.134,2231.25,557.812,1363.542,1494.938,477.24,1017.698,305.309,8.78,climate-v1.0,True,SCENARIO,sakay_gtfs_master_historic|doe_luzon_generation_2024|route2zero_climate_scenario_v1,0.7181,0.7181,0.55,0.35,300,0.3,0.5,0.7
LTFRB_PUJ1592,13787.34,13442.62,service-v1-266e0b1d,True,13787.34,historic_gtfs_service_activity_proxy,DERIVED,False,4136.202,689.367,4825.569,1847.504,3465.241,-1617.738,-485.321,6893.67,1378.734,5744.725,3695.007,3159.599,535.408,160.623,9651.138,2412.784,5897.918,6466.262,2064.271,4401.991,1320.597,42.15,climate-v1.0,True,SCENARIO,sakay_gtfs_master_historic|doe_luzon_generation_2024|route2zero_climate_scenario_v1,0.7181,0.7181,0.55,0.35,300,0.3,0.5,0.7
LTFRB_PUJ1593,13435.44,13240.122,service-v1-266e0b1d,True,13435.44,historic_gtfs_service_activity_proxy,DERIVED,False,4030.632,671.772,4702.404,1800.349,3376.796,-1576.447,-472.934,6717.72,1343.544,5598.1,3600.698,3078.955,521.743,156.523,9404.808,2351.202,5747.383,6301.221,2011.584,4289.637,1286.891,41.04,climate-v1.0,True,SCENARIO,sakay_gtfs_master_historic|doe_luzon_generation_2024|route2zero_climate_scenario_v1,0.7181,0.7181,0.55,0.35,300,0.3,0.5,0.7
LTFRB_PUJ1594,12435.84,12697.847,service-v1-266e0b1d,True,12435.84,historic_gtfs_service_activity_proxy,DERIVED,False,3730.752,621.792,4352.544,1666.403,3125.562,-1459.159,-437.748,6217.92,1243.584,5181.6,3332.805,2849.88,482.925,144.878,8705.088,2176.272,5319.776,5832.409,1861.922,3970.487,1191.146,37.89,climate-v1.0,True,SCENARIO,sakay_gtfs_master_historic|doe_luzon_generation_2024|route2zero_climate_scenario_v1,0.7181,0.7181,0.55,0.35,300,0.3,0.5,0.7
LTFRB_PUJ1595,12481.74,12639.99,service-v1-266e0b1d,True,12481.74,historic_gtfs_service_activity_proxy,DERIVED,False,3744.522,624.087,4368.609,1672.553,3137.098,-1464.545,-439.363,6240.87,1248.174,5200.725,3345.106,2860.399,484.708,145.412,8737.218,2184.304,5339.411,5853.936,1868.794,3985.142,1195.543,38.04,climate-v1.0,True,SCENARIO,sakay_gtfs_master_historic|doe_luzon_generation_2024|route2zero_climate_scenario_v1,0.7181,0.7181,0.55,0.35,300,0.3,0.5,0.7
LTFRB_PUJ1596,17414.46,17371.454,service-v1-266e0b1d,True,17414.46,historic_gtfs_service_activity_proxy,DERIVED,False,5224.338,870.723,6095.061,2333.538,4376.863,-2043.326,-612.998,8707.23,1741.446,7256.025,4667.075,3990.814,676.262,202.878,12190.122,3047.53,7449.519,8167.382,2607.332,5560.05,1668.015,53.57,climate-v1.0,True,SCENARIO,sakay_gtfs_master_historic|doe_luzon_generation_2024|route2zero_climate_scenario_v1,0.7181,0.7181,0.55,0.35,300,0.3,0.5,0.7
LTFRB_PUJ1597,17424.66,17418.885,service-v1-266e0b1d,True,17424.66,historic_gtfs_service_activity_proxy,DERIVED,False,5227.398,871.233,6098.631,2334.904,4379.427,-2044.522,-613.357,8712.33,1742.466,7260.275,4669.809,3993.151,676.658,202.997,12197.262,3049.315,7453.882,8172.166,2608.859,5563.307,1668.992,53.6,climate-v1.0,True,SCENARIO,sakay_gtfs_master_historic|doe_luzon_generation_2024|route2zero_climate_scenario_v1,0.7181,0.7181,0.55,0.35,300,0.3,0.5,0.7
LTFRB_PUJ1598,13550.7,13563.705,service-v1-266e0b1d,True,13550.7,historic_gtfs_service_activity_proxy,DERIVED,False,4065.21,677.535,4742.745,1815.794,3405.765,-1589.971,-476.991,6775.35,1355.07,5646.125,3631.588,3105.369,526.219,157.866,9485.49,2371.372,5796.688,6355.278,2028.841,4326.437,1297.931,41.4,climate-v1.0,True,SCENARIO,sakay_gtfs_master_historic|doe_luzon_generation_2024|route2zero_climate_scenario_v1,0.7181,0.7181,0.55,0.35,300,0.3,0.5,0.7
LTFRB_PUJ1599,13550.7,13563.705,service-v1-266e0b1d,True,13550.7,historic_gtfs_service_activity_proxy,DERIVED,False,4065.21,677.535,4742.745,1815.794,3405.765,-1589.971,-476.991,6775.35,1355.07,5646.125,3631.588,3105.369,526.219,157.866,9485.49,2371.372,5796.688,6355.278,2028.841,4326.437,1297.931,41.4,climate-v1.0,True,SCENARIO,sakay_gtfs_master_historic|doe_luzon_generation_2024|route2zero_climate_scenario_v1,0.7181,0.7181,0.55,0.35,300,0.3,0.5,0.7
LTFRB_PUJ1600,2317.44,2307.485,service-v1-266e0b1d,True,2317.44,historic_gtfs_service_activity_proxy,DERIVED,False,695.232,115.872,811.104,310.537,582.454,-271.917,-81.575,1158.72,231.744,965.6,621.074,531.08,89.994,26.998,1622.208,405.552,991.349,1086.879,346.972,739.907,221.972,6.04,climate-v1.0,True,SCENARIO,sakay_gtfs_master_historic|doe_luzon_generation_2024|route2zero_climate_scenario_v1,0.7181,0.7181,0.55,0.35,300,0.3,0.5,0.7
LTFRB_PUJ1601,2317.44,2307.485,service-v1-266e0b1d,True,2317.44,historic_gtfs_service_activity_proxy,DERIVED,False,695.232,115.872,811.104,310.537,582.454,-271.917,-81.575,1158.72,231.744,965.6,621.074,531.08,89.994,26.998,1622.208,405.552,991.349,1086.879,346.972,739.907,221.972,6.04,climate-v1.0,True,SCENARIO,sakay_gtfs_master_historic|doe_luzon_generation_2024|route2zero_climate_scenario_v1,0.7181,0.7181,0.55,0.35,300,0.3,0.5,0.7
LTFRB_PUJ1602,3450.66,3378.515,service-v1-266e0b1d,True,3450.66,historic_gtfs_service_activity_proxy,DERIVED,False,1035.198,172.533,1207.731,462.388,867.272,-404.883,-121.465,1725.33,345.066,1437.775,924.777,790.776,134.001,40.2,2415.462,603.865,1476.116,1618.36,516.64,1101.719,330.516,9.6,climate-v1.0,True,SCENARIO,sakay_gtfs_master_historic|doe_luzon_generation_2024|route2zero_climate_scenario_v1,0.7181,0.7181,0.55,0.35,300,0.3,0.5,0.7
LTFRB_PUJ1603,3358.86,3254.965,service-v1-266e0b1d,True,3358.86,historic_gtfs_service_activity_proxy,DERIVED,False,1007.658,167.943,1175.601,450.087,844.199,-394.112,-118.234,1679.43,335.886,1399.525,900.174,769.739,130.436,39.131,2351.202,587.8,1436.846,1575.305,502.896,1072.409,321.723,9.32,climate-v1.0,True,SCENARIO,sakay_gtfs_master_historic|doe_luzon_generation_2024|route2zero_climate_scenario_v1,0.7181,0.7181,0.55,0.35,300,0.3,0.5,0.7
LTFRB_PUJ1604,21511.8,21585.249,service-v1-266e0b1d,True,21511.8,historic_gtfs_service_activity_proxy,DERIVED,False,6453.54,1075.59,7529.13,2882.581,5406.668,-2524.087,-757.226,10755.9,2151.18,8963.25,5765.162,4929.787,835.375,250.612,15058.26,3764.565,9202.27,10089.034,3220.794,6868.24,2060.472,66.47,climate-v1.0,True,SCENARIO,sakay_gtfs_master_historic|doe_luzon_generation_2024|route2zero_climate_scenario_v1,0.7181,0.7181,0.55,0.35,300,0.3,0.5,0.7
LTFRB_PUJ1605,22377.78,22412.62,service-v1-266e0b1d,True,22377.78,historic_gtfs_service_activity_proxy,DERIVED,False,6713.334,1118.889,7832.223,2998.623,5624.319,-2625.697,-787.709,11188.89,2237.778,9324.075,5997.245,5128.241,869.004,260.701,15664.446,3916.111,9572.717,10495.179,3350.451,7144.728,2143.418,69.19,climate-v1.0,True,SCENARIO,sakay_gtfs_master_historic|doe_luzon_generation_2024|route2zero_climate_scenario_v1,0.7181,0.7181,0.55,0.35,300,0.3,0.5,0.7
LTFRB_PUJ1606,10446.84,10091.606,service-v1-266e0b1d,True,10446.84,historic_gtfs_service_activity_proxy,DERIVED,False,3134.052,522.342,3656.394,1399.877,2625.657,-1225.78,-367.734,5223.42,1044.684,4352.85,2799.753,2394.068,405.686,121.706,7312.788,1828.197,4468.926,4899.568,1564.124,3335.444,1000.633,31.63,climate-v1.0,True,SCENARIO,sakay_gtfs_master_historic|doe_luzon_generation_2024|route2zero_climate_scenario_v1,0.7181,0.7181,0.55,0.35,300,0.3,0.5,0.7
LTFRB_PUJ1607,9948.06,9784.258,service-v1-266e0b1d,True,9948.06,historic_gtfs_service_activity_proxy,DERIVED,False,2984.418,497.403,3481.821,1333.04,2500.296,-1167.256,-350.177,4974.03,994.806,4145.025,2666.08,2279.764,386.316,115.895,6963.642,1740.91,4255.559,4665.64,1489.446,3176.194,952.858,30.06,climate-v1.0,True,SCENARIO,sakay_gtfs_master_historic|doe_luzon_generation_2024|route2zero_climate_scenario_v1,0.7181,0.7181,0.55,0.35,300,0.3,0.5,0.7
LTFRB_PUJ1608,17914.26,17888.254,service-v1-266e0b1d,True,17914.26,historic_gtfs_service_activity_proxy,DERIVED,False,5374.278,895.713,6269.991,2400.511,4502.481,-2101.97,-630.591,8957.13,1791.426,7464.275,4801.022,4105.351,695.67,208.701,12539.982,3134.995,7663.322,8401.788,2682.163,5719.625,1715.888,55.14,climate-v1.0,True,SCENARIO,sakay_gtfs_master_historic|doe_luzon_generation_2024|route2zero_climate_scenario_v1,0.7181,0.7181,0.55,0.35,300,0.3,0.5,0.7
LTFRB_PUJ1609,18246.78,17888.598,service-v1-266e0b1d,True,18246.78,historic_gtfs_service_activity_proxy,DERIVED,False,5474.034,912.339,6386.373,2445.069,4586.054,-2140.986,-642.296,9123.39,1824.678,7602.825,4890.137,4181.554,708.583,212.575,12772.746,3193.186,7805.567,8557.74,2731.948,5825.791,1747.737,56.19,climate-v1.0,True,SCENARIO,sakay_gtfs_master_historic|doe_luzon_generation_2024|route2zero_climate_scenario_v1,0.7181,0.7181,0.55,0.35,300,0.3,0.5,0.7
LTFRB_PUJ1610,13786.32,13758.584,service-v1-266e0b1d,True,13786.32,historic_gtfs_service_activity_proxy,DERIVED,False,4135.896,689.316,4825.212,1847.367,3464.985,-1617.618,-485.285,6893.16,1378.632,5744.3,3694.734,3159.365,535.369,160.611,9650.424,2412.606,5897.481,6465.784,2064.118,4401.666,1320.5,42.15,climate-v1.0,True,SCENARIO,sakay_gtfs_master_historic|doe_luzon_generation_2024|route2zero_climate_scenario_v1,0.7181,0.7181,0.55,0.35,300,0.3,0.5,0.7
LTFRB_PUJ1611,13642.5,13714.682,service-v1-266e0b1d,True,13642.5,historic_gtfs_service_activity_proxy,DERIVED,False,4092.75,682.125,4774.875,1828.095,3428.838,-1600.743,-480.223,6821.25,1364.25,5684.375,3656.19,3126.406,529.784,158.935,9549.75,2387.438,5835.958,6398.332,2042.585,4355.747,1306.724,41.69,climate-v1.0,True,SCENARIO,sakay_gtfs_master_historic|doe_luzon_generation_2024|route2zero_climate_scenario_v1,0.7181,0.7181,0.55,0.35,300,0.3,0.5,0.7
LTFRB_PUJ1612,3351.7200000000003,3372.659,service-v1-266e0b1d,True,3351.7200000000003,historic_gtfs_service_activity_proxy,DERIVED,False,1005.516,167.586,1173.102,449.13,842.405,-393.274,-117.982,1675.86,335.172,1396.55,898.261,768.103,130.158,39.048,2346.204,586.551,1433.791,1571.957,501.827,1070.13,321.039,9.29,climate-v1.0,True,SCENARIO,sakay_gtfs_master_historic|doe_luzon_generation_2024|route2zero_climate_scenario_v1,0.7181,0.7181,0.55,0.35,300,0.3,0.5,0.7
LTFRB_PUJ1613,5679.36,5727.332,service-v1-266e0b1d,True,5679.36,historic_gtfs_service_activity_proxy,DERIVED,False,1703.808,283.968,1987.776,761.034,1427.422,-666.388,-199.916,2839.68,567.936,2366.4,1522.068,1301.52,220.548,66.165,3975.552,993.888,2429.504,2663.62,850.326,1813.293,543.988,16.62,climate-v1.0,True,SCENARIO,sakay_gtfs_master_historic|doe_luzon_generation_2024|route2zero_climate_scenario_v1,0.7181,0.7181,0.55,0.35,300,0.3,0.5,0.7
LTFRB_PUJ1614,15694.74,15726.653,service-v1-266e0b1d,True,15694.74,historic_gtfs_service_activity_proxy,DERIVED,False,4708.422,784.737,5493.159,2103.095,3944.637,-1841.542,-552.463,7847.37,1569.474,6539.475,4206.19,3596.711,609.479,182.844,10986.318,2746.58,6713.861,7360.833,2349.851,5010.982,1503.295,48.15,climate-v1.0,True,SCENARIO,sakay_gtfs_master_historic|doe_luzon_generation_2024|route2zero_climate_scenario_v1,0.7181,0.7181,0.55,0.35,300,0.3,0.5,0.7
LTFRB_PUJ1615,15708.0,15701.38,service-v1-266e0b1d,True,15708.0,historic_gtfs_service_activity_proxy,DERIVED,False,4712.4,785.4,5497.8,2104.872,3947.97,-1843.098,-552.929,7854.0,1570.8,6545.0,4209.744,3599.75,609.994,182.998,10995.6,2748.9,6719.533,7367.052,2351.837,5015.215,1504.565,48.2,climate-v1.0,True,SCENARIO,sakay_gtfs_master_historic|doe_luzon_generation_2024|route2zero_climate_scenario_v1,0.7181,0.7181,0.55,0.35,300,0.3,0.5,0.7
LTFRB_PUJ1616,4128.96,4097.505,service-v1-266e0b1d,True,4128.96,historic_gtfs_service_activity_proxy,DERIVED,False,1238.688,206.448,1445.136,553.281,1037.752,-484.472,-145.341,2064.48,412.896,1720.4,1106.561,946.22,160.341,48.102,2890.272,722.568,1766.277,1936.482,618.197,1318.285,395.486,11.74,climate-v1.0,True,SCENARIO,sakay_gtfs_master_historic|doe_luzon_generation_2024|route2zero_climate_scenario_v1,0.7181,0.7181,0.55,0.35,300,0.3,0.5,0.7
LTFRB_PUJ1617,4128.96,4097.505,service-v1-266e0b1d,True,4128.96,historic_gtfs_service_activity_proxy,DERIVED,False,1238.688,206.448,1445.136,553.281,1037.752,-484.472,-145.341,2064.48,412.896,1720.4,1106.561,946.22,160.341,48.102,2890.272,722.568,1766.277,1936.482,618.197,1318.285,395.486,11.74,climate-v1.0,True,SCENARIO,sakay_gtfs_master_historic|doe_luzon_generation_2024|route2zero_climate_scenario_v1,0.7181,0.7181,0.55,0.35,300,0.3,0.5,0.7
LTFRB_PUJ1618,7622.46,7745.53,service-v1-266e0b1d,True,7622.46,historic_gtfs_service_activity_proxy,DERIVED,False,2286.738,381.123,2667.861,1021.41,1915.791,-894.381,-268.314,3811.23,762.246,3176.025,2042.819,1746.814,296.006,88.802,5335.722,1333.93,3260.719,3574.934,1141.252,2433.682,730.105,22.74,climate-v1.0,True,SCENARIO,sakay_gtfs_master_historic|doe_luzon_generation_2024|route2zero_climate_scenario_v1,0.7181,0.7181,0.55,0.35,300,0.3,0.5,0.7
LTFRB_PUJ1619,7928.46,7817.276,service-v1-266e0b1d,True,7928.46,historic_gtfs_service_activity_proxy,DERIVED,False,2378.538,396.423,2774.961,1062.414,1992.699,-930.286,-279.086,3964.23,792.846,3303.525,2124.827,1816.939,307.889,92.367,5549.922,1387.48,3391.619,3718.448,1187.067,2531.381,759.414,23.7,climate-v1.0,True,SCENARIO,sakay_gtfs_master_historic|doe_luzon_generation_2024|route2zero_climate_scenario_v1,0.7181,0.7181,0.55,0.35,300,0.3,0.5,0.7
LTFRB_PUJ1620,5267.28,5269.294,service-v1-266e0b1d,True,5267.28,historic_gtfs_service_activity_proxy,DERIVED,False,1580.184,263.364,1843.548,705.816,1323.852,-618.036,-185.411,2633.64,526.728,2194.7,1411.631,1207.085,204.546,61.364,3687.096,921.774,2253.225,2470.354,788.629,1681.725,504.518,15.32,climate-v1.0,True,SCENARIO,sakay_gtfs_master_historic|doe_luzon_generation_2024|route2zero_climate_scenario_v1,0.7181,0.7181,0.55,0.35,300,0.3,0.5,0.7
LTFRB_PUJ1621,6100.62,6004.84,service-v1-266e0b1d,True,6100.62,historic_gtfs_service_activity_proxy,DERIVED,False,1830.186,305.031,2135.217,817.483,1533.299,-715.816,-214.745,3050.31,610.062,2541.925,1634.966,1398.059,236.907,71.072,4270.434,1067.608,2609.71,2861.191,913.398,1947.792,584.338,17.95,climate-v1.0,True,SCENARIO,sakay_gtfs_master_historic|doe_luzon_generation_2024|route2zero_climate_scenario_v1,0.7181,0.7181,0.55,0.35,300,0.3,0.5,0.7
LTFRB_PUJ1622,6207.72,6243.391,service-v1-266e0b1d,True,6207.72,historic_gtfs_service_activity_proxy,DERIVED,False,1862.316,310.386,2172.702,831.834,1560.217,-728.383,-218.515,3103.86,620.772,2586.55,1663.669,1422.602,241.066,72.32,4345.404,1086.351,2655.525,2911.421,929.434,1981.987,594.596,18.29,climate-v1.0,True,SCENARIO,sakay_gtfs_master_historic|doe_luzon_generation_2024|route2zero_climate_scenario_v1,0.7181,0.7181,0.55,0.35,300,0.3,0.5,0.7
LTFRB_PUJ1623,6240.360000000001,6248.208,service-v1-266e0b1d,True,6240.360000000001,historic_gtfs_service_activity_proxy,DERIVED,False,1872.108,312.018,2184.126,836.208,1568.421,-732.213,-219.664,3120.18,624.036,2600.15,1672.416,1430.083,242.334,72.7,4368.252,1092.063,2669.487,2926.729,934.321,1992.408,597.722,18.39,climate-v1.0,True,SCENARIO,sakay_gtfs_master_historic|doe_luzon_generation_2024|route2zero_climate_scenario_v1,0.7181,0.7181,0.55,0.35,300,0.3,0.5,0.7
LTFRB_PUJ1624,5633.46,5673.385,service-v1-266e0b1d,True,5633.46,historic_gtfs_service_activity_proxy,DERIVED,False,1690.038,281.673,1971.711,754.884,1415.886,-661.002,-198.301,2816.73,563.346,2347.275,1509.767,1291.001,218.766,65.63,3943.422,985.855,2409.869,2642.093,843.454,1798.639,539.592,16.48,climate-v1.0,True,SCENARIO,sakay_gtfs_master_historic|doe_luzon_generation_2024|route2zero_climate_scenario_v1,0.7181,0.7181,0.55,0.35,300,0.3,0.5,0.7
LTFRB_PUJ1625,6714.66,6797.874,service-v1-266e0b1d,True,6714.66,historic_gtfs_service_activity_proxy,DERIVED,False,2014.398,335.733,2350.131,899.764,1687.629,-787.865,-236.359,3357.33,671.466,2797.775,1799.529,1538.776,260.753,78.226,4700.262,1175.066,2872.382,3149.176,1005.334,2143.842,643.153,19.88,climate-v1.0,True,SCENARIO,sakay_gtfs_master_historic|doe_luzon_generation_2024|route2zero_climate_scenario_v1,0.7181,0.7181,0.55,0.35,300,0.3,0.5,0.7
LTFRB_PUJ1626,14013.78,14078.012,service-v1-266e0b1d,True,14013.78,historic_gtfs_service_activity_proxy,DERIVED,False,4204.134,700.689,4904.823,1877.847,3522.153,-1644.307,-493.292,7006.89,1401.378,5839.075,3755.693,3211.491,544.202,163.261,9809.646,2452.412,5994.784,6572.463,2098.174,4474.289,1342.287,42.86,climate-v1.0,True,SCENARIO,sakay_gtfs_master_historic|doe_luzon_generation_2024|route2zero_climate_scenario_v1,0.7181,0.7181,0.55,0.35,300,0.3,0.5,0.7
LTFRB_PUJ1627,14013.78,14038.083,service-v1-266e0b1d,True,14013.78,historic_gtfs_service_activity_proxy,DERIVED,False,4204.134,700.689,4904.823,1877.847,3522.153,-1644.307,-493.292,7006.89,1401.378,5839.075,3755.693,3211.491,544.202,163.261,9809.646,2452.412,5994.784,6572.463,2098.174,4474.289,1342.287,42.86,climate-v1.0,True,SCENARIO,sakay_gtfs_master_historic|doe_luzon_generation_2024|route2zero_climate_scenario_v1,0.7181,0.7181,0.55,0.35,300,0.3,0.5,0.7
LTFRB_PUJ1628,2557.1400000000003,2617.61,service-v1-266e0b1d,True,2557.1400000000003,historic_gtfs_service_activity_proxy,DERIVED,False,767.142,127.857,894.999,342.657,642.699,-300.042,-90.013,1278.57,255.714,1065.475,685.314,586.011,99.302,29.791,1789.998,447.5,1093.888,1199.299,382.861,816.438,244.931,6.79,climate-v1.0,True,SCENARIO,sakay_gtfs_master_historic|doe_luzon_generation_2024|route2zero_climate_scenario_v1,0.7181,0.7181,0.55,0.35,300,0.3,0.5,0.7
LTFRB_PUJ1629,2460.24,2541.082,service-v1-266e0b1d,True,2460.24,historic_gtfs_service_activity_proxy,DERIVED,False,738.072,123.012,861.084,329.672,618.344,-288.672,-86.602,1230.12,246.024,1025.1,659.344,563.805,95.539,28.662,1722.168,430.542,1052.436,1153.853,368.353,785.5,235.65,6.49,climate-v1.0,True,SCENARIO,sakay_gtfs_master_historic|doe_luzon_generation_2024|route2zero_climate_scenario_v1,0.7181,0.7181,0.55,0.35,300,0.3,0.5,0.7
LTFRB_PUJ1630,11568.84,11545.364,service-v1-266e0b1d,True,11568.84,historic_gtfs_service_activity_proxy,DERIVED,False,3470.652,578.442,4049.094,1550.225,2907.654,-1357.43,-407.229,5784.42,1156.884,4820.35,3100.449,2651.193,449.257,134.777,8098.188,2024.547,4948.893,5425.786,1732.112,3693.674,1108.102,35.16,climate-v1.0,True,SCENARIO,sakay_gtfs_master_historic|doe_luzon_generation_2024|route2zero_climate_scenario_v1,0.7181,0.7181,0.55,0.35,300,0.3,0.5,0.7
LTFRB_PUJ1631,11568.84,11545.364,service-v1-266e0b1d,True,11568.84,historic_gtfs_service_activity_proxy,DERIVED,False,3470.652,578.442,4049.094,1550.225,2907.654,-1357.43,-407.229,5784.42,1156.884,4820.35,3100.449,2651.193,449.257,134.777,8098.188,2024.547,4948.893,5425.786,1732.112,3693.674,1108.102,35.16,climate-v1.0,True,SCENARIO,sakay_gtfs_master_historic|doe_luzon_generation_2024|route2zero_climate_scenario_v1,0.7181,0.7181,0.55,0.35,300,0.3,0.5,0.7
LTFRB_PUJ1632,10714.08,10785.735,service-v1-266e0b1d,True,10714.08,historic_gtfs_service_activity_proxy,DERIVED,False,3214.224,535.704,3749.928,1435.687,2692.823,-1257.137,-377.141,5357.04,1071.408,4464.2,2871.373,2455.31,416.063,124.819,7499.856,1874.964,4583.245,5024.904,1604.136,3420.768,1026.23,32.47,climate-v1.0,True,SCENARIO,sakay_gtfs_master_historic|doe_luzon_generation_2024|route2zero_climate_scenario_v1,0.7181,0.7181,0.55,0.35,300,0.3,0.5,0.7
LTFRB_PUJ1633,10710.0,10785.831,service-v1-266e0b1d,True,10710.0,historic_gtfs_service_activity_proxy,DERIVED,False,3213.0,535.5,3748.5,1435.14,2691.798,-1256.658,-376.997,5355.0,1071.0,4462.5,2870.28,2454.375,415.905,124.772,7497.0,1874.25,4581.5,5022.99,1603.525,3419.465,1025.84,32.46,climate-v1.0,True,SCENARIO,sakay_gtfs_master_historic|doe_luzon_generation_2024|route2zero_climate_scenario_v1,0.7181,0.7181,0.55,0.35,300,0.3,0.5,0.7
LTFRB_PUJ1634,8024.34,8088.823,service-v1-266e0b1d,True,8024.34,historic_gtfs_service_activity_proxy,DERIVED,False,2407.302,401.217,2808.519,1075.262,2016.797,-941.536,-282.461,4012.17,802.434,3343.475,2150.523,1838.911,311.612,93.484,5617.038,1404.26,3432.634,3763.415,1201.422,2561.993,768.598,24.0,climate-v1.0,True,SCENARIO,sakay_gtfs_master_historic|doe_luzon_generation_2024|route2zero_climate_scenario_v1,0.7181,0.7181,0.55,0.35,300,0.3,0.5,0.7
LTFRB_PUJ1635,8024.34,8088.823,service-v1-266e0b1d,True,8024.34,historic_gtfs_service_activity_proxy,DERIVED,False,2407.302,401.217,2808.519,1075.262,2016.797,-941.536,-282.461,4012.17,802.434,3343.475,2150.523,1838.911,311.612,93.484,5617.038,1404.26,3432.634,3763.415,1201.422,2561.993,768.598,24.0,climate-v1.0,True,SCENARIO,sakay_gtfs_master_historic|doe_luzon_generation_2024|route2zero_climate_scenario_v1,0.7181,0.7181,0.55,0.35,300,0.3,0.5,0.7
LTFRB_PUJ1636,23562.0,23611.656,service-v1-266e0b1d,True,23562.0,historic_gtfs_service_activity_proxy,DERIVED,False,7068.6,1178.1,8246.7,3157.308,5921.955,-2764.647,-829.394,11781.0,2356.2,9817.5,6314.616,5399.625,914.991,274.497,16493.4,4123.35,10079.3,11050.578,3527.755,7522.823,2256.847,72.92,climate-v1.0,True,SCENARIO,sakay_gtfs_master_historic|doe_luzon_generation_2024|route2zero_climate_scenario_v1,0.7181,0.7181,0.55,0.35,300,0.3,0.5,0.7
LTFRB_PUJ1637,23522.22,23611.656,service-v1-266e0b1d,True,23522.22,historic_gtfs_service_activity_proxy,DERIVED,False,7056.666,1176.111,8232.777,3151.977,5911.957,-2759.98,-827.994,11761.11,2352.222,9800.925,6303.955,5390.509,913.446,274.034,16465.554,4116.388,10062.283,11031.921,3521.799,7510.122,2253.037,72.8,climate-v1.0,True,SCENARIO,sakay_gtfs_master_historic|doe_luzon_generation_2024|route2zero_climate_scenario_v1,0.7181,0.7181,0.55,0.35,300,0.3,0.5,0.7
LTFRB_PUJ1638,26962.68,26570.046,service-v1-266e0b1d,True,26962.68,historic_gtfs_service_activity_proxy,DERIVED,False,8088.804,1348.134,9436.938,3612.999,6776.665,-3163.666,-949.1,13481.34,2696.268,11234.45,7225.998,6178.948,1047.051,314.115,18873.876,4718.469,11534.035,12645.497,4036.912,8608.585,2582.575,83.63,climate-v1.0,True,SCENARIO,sakay_gtfs_master_historic|doe_luzon_generation_2024|route2zero_climate_scenario_v1,0.7181,0.7181,0.55,0.35,300,0.3,0.5,0.7
LTFRB_PUJ1639,25999.8,26017.119,service-v1-266e0b1d,True,25999.8,historic_gtfs_service_activity_proxy,DERIVED,False,7799.94,1299.99,9099.93,3483.973,6534.66,-3050.687,-915.206,12999.9,2599.98,10833.25,6967.946,5958.287,1009.659,302.898,18199.86,4549.965,11122.137,12193.906,3892.748,8301.158,2490.348,80.6,climate-v1.0,True,SCENARIO,sakay_gtfs_master_historic|doe_luzon_generation_2024|route2zero_climate_scenario_v1,0.7181,0.7181,0.55,0.35,300,0.3,0.5,0.7
LTFRB_PUJ1640,24241.32,24255.555,service-v1-266e0b1d,True,24241.32,historic_gtfs_service_activity_proxy,DERIVED,False,7272.396,1212.066,8484.462,3248.337,6092.692,-2844.355,-853.307,12120.66,2424.132,10100.55,6496.674,5555.302,941.371,282.411,16968.924,4242.231,10369.898,11369.179,3629.464,7739.715,2321.914,75.06,climate-v1.0,True,SCENARIO,sakay_gtfs_master_historic|doe_luzon_generation_2024|route2zero_climate_scenario_v1,0.7181,0.7181,0.55,0.35,300,0.3,0.5,0.7
LTFRB_PUJ1643,24241.32,24255.555,service-v1-266e0b1d,True,24241.32,historic_gtfs_service_activity_proxy,DERIVED,False,7272.396,1212.066,8484.462,3248.337,6092.692,-2844.355,-853.307,12120.66,2424.132,10100.55,6496.674,5555.302,941.371,282.411,16968.924,4242.231,10369.898,11369.179,3629.464,7739.715,2321.914,75.06,climate-v1.0,True,SCENARIO,sakay_gtfs_master_historic|doe_luzon_generation_2024|route2zero_climate_scenario_v1,0.7181,0.7181,0.55,0.35,300,0.3,0.5,0.7
LTFRB_PUJ1645,18304.92,18151.07,service-v1-266e0b1d,True,18304.92,historic_gtfs_service_activity_proxy,DERIVED,False,5491.476,915.246,6406.722,2452.859,4600.667,-2147.808,-644.342,9152.46,1830.492,7627.05,4905.719,4194.878,710.841,213.252,12813.444,3203.361,7830.438,8585.007,2740.653,5844.354,1753.306,56.37,climate-v1.0,True,SCENARIO,sakay_gtfs_master_historic|doe_luzon_generation_2024|route2zero_climate_scenario_v1,0.7181,0.7181,0.55,0.35,300,0.3,0.5,0.7
LTFRB_PUJ1648,26873.94,26791.073,service-v1-266e0b1d,True,26873.94,historic_gtfs_service_activity_proxy,DERIVED,False,8062.182,1343.697,9405.879,3601.108,6754.362,-3153.254,-945.976,13436.97,2687.394,11197.475,7202.216,6158.611,1043.605,313.081,18811.758,4702.939,11496.074,12603.878,4023.626,8580.252,2574.076,83.35,climate-v1.0,True,SCENARIO,sakay_gtfs_master_historic|doe_luzon_generation_2024|route2zero_climate_scenario_v1,0.7181,0.7181,0.55,0.35,300,0.3,0.5,0.7
LTFRB_PUJ1649,26873.94,26791.073,service-v1-266e0b1d,True,26873.94,historic_gtfs_service_activity_proxy,DERIVED,False,8062.182,1343.697,9405.879,3601.108,6754.362,-3153.254,-945.976,13436.97,2687.394,11197.475,7202.216,6158.611,1043.605,313.081,18811.758,4702.939,11496.074,12603.878,4023.626,8580.252,2574.076,83.35,climate-v1.0,True,SCENARIO,sakay_gtfs_master_historic|doe_luzon_generation_2024|route2zero_climate_scenario_v1,0.7181,0.7181,0.55,0.35,300,0.3,0.5,0.7
LTFRB_PUJ1650,2517.36,2600.453,service-v1-266e0b1d,True,2517.36,historic_gtfs_service_activity_proxy,DERIVED,False,755.208,125.868,881.076,337.326,632.701,-295.374,-88.612,1258.68,251.736,1048.9,674.652,576.895,97.757,29.327,1762.152,440.538,1076.871,1180.642,376.905,803.737,241.121,6.67,climate-v1.0,True,SCENARIO,sakay_gtfs_master_historic|doe_luzon_generation_2024|route2zero_climate_scenario_v1,0.7181,0.7181,0.55,0.35,300,0.3,0.5,0.7
LTFRB_PUJ1651,5718.12,4987.048,service-v1-266e0b1d,True,5718.12,historic_gtfs_service_activity_proxy,DERIVED,False,1715.436,285.906,2001.342,766.228,1437.164,-670.936,-201.281,2859.06,571.812,2382.55,1532.456,1310.403,222.054,66.616,4002.684,1000.671,2446.085,2681.798,856.13,1825.669,547.701,16.74,climate-v1.0,True,SCENARIO,sakay_gtfs_master_historic|doe_luzon_generation_2024|route2zero_climate_scenario_v1,0.7181,0.7181,0.55,0.35,300,0.3,0.5,0.7
LTFRB_PUJ1652,2339.88,1962.941,service-v1-266e0b1d,True,2339.88,historic_gtfs_service_activity_proxy,DERIVED,False,701.964,116.994,818.958,313.544,588.094,-274.55,-82.365,1169.94,233.988,974.95,627.088,536.223,90.865,27.26,1637.916,409.479,1000.949,1097.404,350.332,747.072,224.122,6.11,climate-v1.0,True,SCENARIO,sakay_gtfs_master_historic|doe_luzon_generation_2024|route2zero_climate_scenario_v1,0.7181,0.7181,0.55,0.35,300,0.3,0.5,0.7
LTFRB_PUJ1653,10738.56,10814.468,service-v1-266e0b1d,True,10738.56,historic_gtfs_service_activity_proxy,DERIVED,False,3221.568,536.928,3758.496,1438.967,2698.976,-1260.009,-378.003,5369.28,1073.856,4474.4,2877.934,2460.92,417.014,125.104,7516.992,1879.248,4593.717,5036.385,1607.801,3428.584,1028.575,32.55,climate-v1.0,True,SCENARIO,sakay_gtfs_master_historic|doe_luzon_generation_2024|route2zero_climate_scenario_v1,0.7181,0.7181,0.55,0.35,300,0.3,0.5,0.7
LTFRB_PUJ1654,9110.64,9155.021,service-v1-266e0b1d,True,9110.64,historic_gtfs_service_activity_proxy,DERIVED,False,2733.192,455.532,3188.724,1220.826,2289.823,-1068.997,-320.699,4555.32,911.064,3796.1,2441.652,2087.855,353.797,106.139,6377.448,1594.362,3897.329,4272.89,1364.065,2908.825,872.647,27.42,climate-v1.0,True,SCENARIO,sakay_gtfs_master_historic|doe_luzon_generation_2024|route2zero_climate_scenario_v1,0.7181,0.7181,0.55,0.35,300,0.3,0.5,0.7
LTFRB_PUJ1655,4627.74,4787.812,service-v1-266e0b1d,True,4627.74,historic_gtfs_service_activity_proxy,DERIVED,False,1388.322,231.387,1619.709,620.117,1163.113,-542.996,-162.899,2313.87,462.774,1928.225,1240.234,1060.524,179.711,53.913,3239.418,809.854,1979.644,2170.41,692.876,1477.535,443.26,13.31,climate-v1.0,True,SCENARIO,sakay_gtfs_master_historic|doe_luzon_generation_2024|route2zero_climate_scenario_v1,0.7181,0.7181,0.55,0.35,300,0.3,0.5,0.7
LTFRB_PUJ1656,5208.12,5180.1,service-v1-266e0b1d,True,5208.12,historic_gtfs_service_activity_proxy,DERIVED,False,1562.436,260.406,1822.842,697.888,1308.983,-611.095,-183.328,2604.06,520.812,2170.05,1395.776,1193.528,202.249,60.675,3645.684,911.421,2227.918,2442.608,779.771,1662.837,498.851,15.14,climate-v1.0,True,SCENARIO,sakay_gtfs_master_historic|doe_luzon_generation_2024|route2zero_climate_scenario_v1,0.7181,0.7181,0.55,0.35,300,0.3,0.5,0.7
LTFRB_PUJ1657,8217.119999999999,8217.782,service-v1-266e0b1d,True,8217.119999999999,historic_gtfs_service_activity_proxy,DERIVED,False,2465.136,410.856,2875.992,1101.094,2065.25,-964.156,-289.247,4108.56,821.712,3423.8,2202.188,1883.09,319.098,95.729,5751.984,1437.996,3515.101,3853.829,1230.285,2623.544,787.063,24.61,climate-v1.0,True,SCENARIO,sakay_gtfs_master_historic|doe_luzon_generation_2024|route2zero_climate_scenario_v1,0.7181,0.7181,0.55,0.35,300,0.3,0.5,0.7
LTFRB_PUJ1658,8217.119999999999,8217.782,service-v1-266e0b1d,True,8217.119999999999,historic_gtfs_service_activity_proxy,DERIVED,False,2465.136,410.856,2875.992,1101.094,2065.25,-964.156,-289.247,4108.56,821.712,3423.8,2202.188,1883.09,319.098,95.729,5751.984,1437.996,3515.101,3853.829,1230.285,2623.544,787.063,24.61,climate-v1.0,True,SCENARIO,sakay_gtfs_master_historic|doe_luzon_generation_2024|route2zero_climate_scenario_v1,0.7181,0.7181,0.55,0.35,300,0.3,0.5,0.7
LTFRB_PUJ1659,11129.22,11045.505,service-v1-266e0b1d,True,11129.22,historic_gtfs_service_activity_proxy,DERIVED,False,3338.766,556.461,3895.227,1491.315,2797.163,-1305.847,-391.754,5564.61,1112.922,4637.175,2982.631,2550.446,432.185,129.655,7790.454,1947.613,4760.833,5219.604,1666.292,3553.313,1065.994,33.78,climate-v1.0,True,SCENARIO,sakay_gtfs_master_historic|doe_luzon_generation_2024|route2zero_climate_scenario_v1,0.7181,0.7181,0.55,0.35,300,0.3,0.5,0.7
LTFRB_PUJ1660,10796.7,10757.775,service-v1-266e0b1d,True,10796.7,historic_gtfs_service_activity_proxy,DERIVED,False,3239.01,539.835,3778.845,1446.758,2713.589,-1266.831,-380.049,5398.35,1079.67,4498.625,2893.516,2474.244,419.272,125.782,7557.69,1889.422,4618.588,5063.652,1616.506,3447.146,1034.144,32.73,climate-v1.0,True,SCENARIO,sakay_gtfs_master_historic|doe_luzon_generation_2024|route2zero_climate_scenario_v1,0.7181,0.7181,0.55,0.35,300,0.3,0.5,0.7
LTFRB_PUJ1661,6213.839999999999,6114.554,service-v1-266e0b1d,True,6213.839999999999,historic_gtfs_service_activity_proxy,DERIVED,False,1864.152,310.692,2174.844,832.655,1561.755,-729.101,-218.73,3106.92,621.384,2589.1,1665.309,1424.005,241.304,72.391,4349.688,1087.422,2658.143,2914.291,930.35,1983.941,595.182,18.3,climate-v1.0,True,SCENARIO,sakay_gtfs_master_historic|doe_luzon_generation_2024|route2zero_climate_scenario_v1,0.7181,0.7181,0.55,0.35,300,0.3,0.5,0.7
LTFRB_PUJ1662,4581.84,4668.51,service-v1-266e0b1d,True,4581.84,historic_gtfs_service_activity_proxy,DERIVED,False,1374.552,229.092,1603.644,613.967,1151.577,-537.61,-161.283,2290.92,458.184,1909.1,1227.933,1050.005,177.928,53.378,3207.288,801.822,1960.009,2148.883,686.003,1462.88,438.864,13.17,climate-v1.0,True,SCENARIO,sakay_gtfs_master_historic|doe_luzon_generation_2024|route2zero_climate_scenario_v1,0.7181,0.7181,0.55,0.35,300,0.3,0.5,0.7
LTFRB_PUJ1663,3403.74,3615.363,service-v1-266e0b1d,True,3403.74,historic_gtfs_service_activity_proxy,DERIVED,False,1021.122,170.187,1191.309,456.101,855.479,-399.378,-119.813,1701.87,340.374,1418.225,912.202,780.024,132.179,39.654,2382.618,595.654,1456.044,1596.354,509.616,1086.739,326.022,9.46,climate-v1.0,True,SCENARIO,sakay_gtfs_master_historic|doe_luzon_generation_2024|route2zero_climate_scenario_v1,0.7181,0.7181,0.55,0.35,300,0.3,0.5,0.7
LTFRB_PUJ1664,1065.9,1187.857,service-v1-266e0b1d,True,1065.9,historic_gtfs_service_activity_proxy,DERIVED,False,319.77,53.295,373.065,142.831,267.898,-125.067,-37.52,532.95,106.59,444.125,285.661,244.269,41.392,12.418,746.13,186.532,455.968,499.907,159.589,340.318,102.095,2.1,climate-v1.0,True,SCENARIO,sakay_gtfs_master_historic|doe_luzon_generation_2024|route2zero_climate_scenario_v1,0.7181,0.7181,0.55,0.35,300,0.3,0.5,0.7
LTFRB_PUJ1665,1920.66,1887.181,service-v1-266e0b1d,True,1920.66,historic_gtfs_service_activity_proxy,DERIVED,False,576.198,96.033,672.231,257.368,482.729,-225.361,-67.608,960.33,192.066,800.275,514.737,440.151,74.586,22.376,1344.462,336.116,821.616,900.79,287.565,613.224,183.967,4.79,climate-v1.0,True,SCENARIO,sakay_gtfs_master_historic|doe_luzon_generation_2024|route2zero_climate_scenario_v1,0.7181,0.7181,0.55,0.35,300,0.3,0.5,0.7
LTFRB_PUJ1666,1924.74,1924.919,service-v1-266e0b1d,True,1924.74,historic_gtfs_service_activity_proxy,DERIVED,False,577.422,96.237,673.659,257.915,483.755,-225.839,-67.752,962.37,192.474,801.975,515.83,441.086,74.744,22.423,1347.318,336.83,823.361,902.703,288.176,614.527,184.358,4.8,climate-v1.0,True,SCENARIO,sakay_gtfs_master_historic|doe_luzon_generation_2024|route2zero_climate_scenario_v1,0.7181,0.7181,0.55,0.35,300,0.3,0.5,0.7
LTFRB_PUJ1667,4373.76,4354.901,service-v1-266e0b1d,True,4373.76,historic_gtfs_service_activity_proxy,DERIVED,False,1312.128,218.688,1530.816,586.084,1099.279,-513.195,-153.959,2186.88,437.376,1822.4,1172.168,1002.32,169.848,50.954,3061.632,765.408,1870.997,2051.293,654.849,1396.444,418.933,12.51,climate-v1.0,True,SCENARIO,sakay_gtfs_master_historic|doe_luzon_generation_2024|route2zero_climate_scenario_v1,0.7181,0.7181,0.55,0.35,300,0.3,0.5,0.7
LTFRB_PUJ1668,2865.1800000000003,3014.063,service-v1-266e0b1d,True,2865.1800000000003,historic_gtfs_service_activity_proxy,DERIVED,False,859.554,143.259,1002.813,383.934,720.12,-336.186,-100.856,1432.59,286.518,1193.825,767.868,656.604,111.264,33.379,2005.626,501.406,1225.66,1343.769,428.981,914.788,274.436,7.76,climate-v1.0,True,SCENARIO,sakay_gtfs_master_historic|doe_luzon_generation_2024|route2zero_climate_scenario_v1,0.7181,0.7181,0.55,0.35,300,0.3,0.5,0.7
LTFRB_PUJ1670,6813.599999999999,6816.376,service-v1-266e0b1d,True,6813.599999999999,historic_gtfs_service_activity_proxy,DERIVED,False,2044.08,340.68,2384.76,913.022,1712.496,-799.474,-239.842,3406.8,681.36,2839.0,1826.045,1561.45,264.595,79.378,4769.52,1192.38,2914.707,3195.578,1020.147,2175.431,652.629,20.19,climate-v1.0,True,SCENARIO,sakay_gtfs_master_historic|doe_luzon_generation_2024|route2zero_climate_scenario_v1,0.7181,0.7181,0.55,0.35,300,0.3,0.5,0.7
LTFRB_PUJ1671,17404.26,17465.385,service-v1-266e0b1d,True,17404.26,historic_gtfs_service_activity_proxy,DERIVED,False,5221.278,870.213,6091.491,2332.171,4374.3,-2042.129,-612.639,8702.13,1740.426,7251.775,4664.342,3988.476,675.865,202.76,12182.982,3045.745,7445.156,8162.598,2605.804,5556.793,1667.038,53.54,climate-v1.0,True,SCENARIO,sakay_gtfs_master_historic|doe_luzon_generation_2024|route2zero_climate_scenario_v1,0.7181,0.7181,0.55,0.35,300,0.3,0.5,0.7
LTFRB_PUJ1672,17625.600000000002,17819.661,service-v1-266e0b1d,True,17625.600000000002,historic_gtfs_service_activity_proxy,DERIVED,False,5287.68,881.28,6168.96,2361.83,4429.93,-2068.1,-620.43,8812.8,1762.56,7344.0,4723.661,4039.2,684.461,205.338,12337.92,3084.48,7539.84,8266.406,2638.944,5627.462,1688.239,54.23,climate-v1.0,True,SCENARIO,sakay_gtfs_master_historic|doe_luzon_generation_2024|route2zero_climate_scenario_v1,0.7181,0.7181,0.55,0.35,300,0.3,0.5,0.7
LTFRB_PUJ1673,1833.96,1927.48,service-v1-266e0b1d,True,1833.96,historic_gtfs_service_activity_proxy,DERIVED,False,550.188,91.698,641.886,245.751,460.938,-215.188,-64.556,916.98,183.396,764.15,491.501,420.282,71.219,21.366,1283.772,320.943,784.527,860.127,274.585,585.543,175.663,4.52,climate-v1.0,True,SCENARIO,sakay_gtfs_master_historic|doe_luzon_generation_2024|route2zero_climate_scenario_v1,0.7181,0.7181,0.55,0.35,300,0.3,0.5,0.7
LTFRB_PUJ1674,1881.9,1936.907,service-v1-266e0b1d,True,1881.9,historic_gtfs_service_activity_proxy,DERIVED,False,564.57,94.095,658.665,252.175,472.987,-220.813,-66.244,940.95,188.19,784.125,504.349,431.269,73.08,21.924,1317.33,329.332,805.035,882.611,281.762,600.849,180.255,4.67,climate-v1.0,True,SCENARIO,sakay_gtfs_master_historic|doe_luzon_generation_2024|route2zero_climate_scenario_v1,0.7181,0.7181,0.55,0.35,300,0.3,0.5,0.7
LTFRB_PUJ1675,14790.0,14766.834,service-v1-266e0b1d,True,14790.0,historic_gtfs_service_activity_proxy,DERIVED,False,4437.0,739.5,5176.5,1981.86,3717.245,-1735.385,-520.615,7395.0,1479.0,6162.5,3963.72,3389.375,574.345,172.303,10353.0,2588.25,6326.833,6936.51,2214.392,4722.118,1416.636,45.3,climate-v1.0,True,SCENARIO,sakay_gtfs_master_historic|doe_luzon_generation_2024|route2zero_climate_scenario_v1,0.7181,0.7181,0.55,0.35,300,0.3,0.5,0.7
LTFRB_PUJ1676,15382.62,15380.337,service-v1-266e0b1d,True,15382.62,historic_gtfs_service_activity_proxy,DERIVED,False,4614.786,769.131,5383.917,2061.271,3866.191,-1804.92,-541.476,7691.31,1538.262,6409.425,4122.542,3525.184,597.358,179.208,10767.834,2691.958,6580.343,7214.449,2303.12,4911.329,1473.399,47.17,climate-v1.0,True,SCENARIO,sakay_gtfs_master_historic|doe_luzon_generation_2024|route2zero_climate_scenario_v1,0.7181,0.7181,0.55,0.35,300,0.3,0.5,0.7
LTFRB_PUJ1677,3859.68,3902.054,service-v1-266e0b1d,True,3859.68,historic_gtfs_service_activity_proxy,DERIVED,False,1157.904,192.984,1350.888,517.197,970.073,-452.876,-135.863,1929.84,385.968,1608.2,1034.394,884.51,149.884,44.965,2701.776,675.444,1651.085,1810.19,577.88,1232.31,369.693,10.89,climate-v1.0,True,SCENARIO,sakay_gtfs_master_historic|doe_luzon_generation_2024|route2zero_climate_scenario_v1,0.7181,0.7181,0.55,0.35,300,0.3,0.5,0.7
LTFRB_PUJ1678,4049.4,4035.444,service-v1-266e0b1d,True,4049.4,historic_gtfs_service_activity_proxy,DERIVED,False,1214.82,202.47,1417.29,542.62,1017.756,-475.136,-142.541,2024.7,404.94,1687.25,1085.239,927.988,157.252,47.176,2834.58,708.645,1732.243,1899.169,606.285,1292.883,387.865,11.49,climate-v1.0,True,SCENARIO,sakay_gtfs_master_historic|doe_luzon_generation_2024|route2zero_climate_scenario_v1,0.7181,0.7181,0.55,0.35,300,0.3,0.5,0.7
LTFRB_PUJ1680,23047.92,23518.845,service-v1-266e0b1d,True,23047.92,historic_gtfs_service_activity_proxy,DERIVED,False,6914.376,1152.396,8066.772,3088.421,5792.749,-2704.328,-811.298,11523.96,2304.792,9603.3,6176.843,5281.815,895.028,268.508,16133.544,4033.386,9859.388,10809.474,3450.786,7358.689,2207.607,71.3,climate-v1.0,True,SCENARIO,sakay_gtfs_master_historic|doe_luzon_generation_2024|route2zero_climate_scenario_v1,0.7181,0.7181,0.55,0.35,300,0.3,0.5,0.7
LTFRB_PUJ1682,10061.28,10092.262,service-v1-266e0b1d,True,10061.28,historic_gtfs_service_activity_proxy,DERIVED,False,3018.384,503.064,3521.448,1348.212,2528.752,-1180.54,-354.162,5030.64,1006.128,4192.2,2696.423,2305.71,390.713,117.214,7042.896,1760.724,4303.992,4718.74,1506.397,3212.343,963.703,30.42,climate-v1.0,True,SCENARIO,sakay_gtfs_master_historic|doe_luzon_generation_2024|route2zero_climate_scenario_v1,0.7181,0.7181,0.55,0.35,300,0.3,0.5,0.7
LTFRB_PUJ1683,10149.0,10192.766,service-v1-266e0b1d,True,10149.0,historic_gtfs_service_activity_proxy,DERIVED,False,3044.7,507.45,3552.15,1359.966,2550.799,-1190.833,-357.25,5074.5,1014.9,4228.75,2719.932,2325.812,394.12,118.236,7104.3,1776.075,4341.517,4759.881,1519.531,3240.35,972.105,30.69,climate-v1.0,True,SCENARIO,sakay_gtfs_master_historic|doe_luzon_generation_2024|route2zero_climate_scenario_v1,0.7181,0.7181,0.55,0.35,300,0.3,0.5,0.7
LTFRB_PUJ1684,13906.68,13891.912,service-v1-266e0b1d,True,13906.68,historic_gtfs_service_activity_proxy,DERIVED,False,4172.004,695.334,4867.338,1863.495,3495.235,-1631.74,-489.522,6953.34,1390.668,5794.45,3726.99,3186.948,540.043,162.013,9734.676,2433.669,5948.969,6522.233,2082.139,4440.094,1332.028,42.52,climate-v1.0,True,SCENARIO,sakay_gtfs_master_historic|doe_luzon_generation_2024|route2zero_climate_scenario_v1,0.7181,0.7181,0.55,0.35,300,0.3,0.5,0.7
LTFRB_PUJ1685,14274.9,14219.528,service-v1-266e0b1d,True,14274.9,historic_gtfs_service_activity_proxy,DERIVED,False,4282.47,713.745,4996.215,1912.837,3587.782,-1674.945,-502.484,7137.45,1427.49,5947.875,3825.673,3271.331,554.342,166.303,9992.43,2498.107,6106.485,6694.928,2137.27,4557.658,1367.298,43.68,climate-v1.0,True,SCENARIO,sakay_gtfs_master_historic|doe_luzon_generation_2024|route2zero_climate_scenario_v1,0.7181,0.7181,0.55,0.35,300,0.3,0.5,0.7
LTFRB_PUJ1686,8052.9,8060.716,service-v1-266e0b1d,True,8052.9,historic_gtfs_service_activity_proxy,DERIVED,False,2415.87,402.645,2818.515,1079.089,2023.976,-944.887,-283.466,4026.45,805.29,3355.375,2158.177,1845.456,312.721,93.816,5637.03,1409.258,3444.852,3776.81,1205.698,2571.112,771.334,24.09,climate-v1.0,True,SCENARIO,sakay_gtfs_master_historic|doe_luzon_generation_2024|route2zero_climate_scenario_v1,0.7181,0.7181,0.55,0.35,300,0.3,0.5,0.7
LTFRB_PUJ1687,7613.280000000001,7556.375,service-v1-266e0b1d,True,7613.280000000001,historic_gtfs_service_activity_proxy,DERIVED,False,2283.984,380.664,2664.648,1020.18,1913.484,-893.304,-267.991,3806.64,761.328,3172.2,2040.359,1744.71,295.649,88.695,5329.296,1332.324,3256.792,3570.628,1139.877,2430.751,729.225,22.71,climate-v1.0,True,SCENARIO,sakay_gtfs_master_historic|doe_luzon_generation_2024|route2zero_climate_scenario_v1,0.7181,0.7181,0.55,0.35,300,0.3,0.5,0.7
LTFRB_PUJ1688,12869.34,12751.924,service-v1-266e0b1d,True,12869.34,historic_gtfs_service_activity_proxy,DERIVED,False,3860.802,643.467,4504.269,1724.492,3234.516,-1510.024,-453.007,6434.67,1286.934,5362.225,3448.983,2949.224,499.759,149.928,9008.538,2252.134,5505.218,6035.72,1926.826,4108.894,1232.668,39.26,climate-v1.0,True,SCENARIO,sakay_gtfs_master_historic|doe_luzon_generation_2024|route2zero_climate_scenario_v1,0.7181,0.7181,0.55,0.35,300,0.3,0.5,0.7
LTFRB_PUJ1689,12457.259999999998,12436.852,service-v1-266e0b1d,True,12457.259999999998,historic_gtfs_service_activity_proxy,DERIVED,False,3737.178,622.863,4360.041,1669.273,3130.945,-1461.673,-438.502,6228.63,1245.726,5190.525,3338.546,2854.789,483.757,145.127,8720.082,2180.02,5328.939,5842.455,1865.129,3977.326,1193.198,37.96,climate-v1.0,True,SCENARIO,sakay_gtfs_master_historic|doe_luzon_generation_2024|route2zero_climate_scenario_v1,0.7181,0.7181,0.55,0.35,300,0.3,0.5,0.7
LTFRB_PUJ1691,10970.1,11451.953,service-v1-266e0b1d,True,10970.1,historic_gtfs_service_activity_proxy,DERIVED,False,3291.03,548.505,3839.535,1469.993,2757.17,-1287.177,-386.153,5485.05,1097.01,4570.875,2939.987,2513.981,426.006,127.802,7679.07,1919.768,4692.765,5144.977,1642.468,3502.509,1050.753,33.28,climate-v1.0,True,SCENARIO,sakay_gtfs_master_historic|doe_luzon_generation_2024|route2zero_climate_scenario_v1,0.7181,0.7181,0.55,0.35,300,0.3,0.5,0.7
LTFRB_PUJ1693,16711.68,16804.445,service-v1-266e0b1d,True,16711.68,historic_gtfs_service_activity_proxy,DERIVED,False,5013.504,835.584,5849.088,2239.365,4200.23,-1960.865,-588.259,8355.84,1671.168,6963.2,4478.73,3829.76,648.97,194.691,11698.176,2924.544,7148.885,7837.778,2502.11,5335.668,1600.7,51.36,climate-v1.0,True,SCENARIO,sakay_gtfs_master_historic|doe_luzon_generation_2024|route2zero_climate_scenario_v1,0.7181,0.7181,0.55,0.35,300,0.3,0.5,0.7
LTFRB_PUJ1694,7548.0,7418.172,service-v1-266e0b1d,True,7548.0,historic_gtfs_service_activity_proxy,DERIVED,False,2264.4,377.4,2641.8,1011.432,1897.077,-885.645,-265.693,3774.0,754.8,3145.0,2022.864,1729.75,293.114,87.934,5283.6,1320.9,3228.867,3540.012,1130.103,2409.909,722.973,22.5,climate-v1.0,True,SCENARIO,sakay_gtfs_master_historic|doe_luzon_generation_2024|route2zero_climate_scenario_v1,0.7181,0.7181,0.55,0.35,300,0.3,0.5,0.7
LTFRB_PUJ1695,7548.0,7418.172,service-v1-266e0b1d,True,7548.0,historic_gtfs_service_activity_proxy,DERIVED,False,2264.4,377.4,2641.8,1011.432,1897.077,-885.645,-265.693,3774.0,754.8,3145.0,2022.864,1729.75,293.114,87.934,5283.6,1320.9,3228.867,3540.012,1130.103,2409.909,722.973,22.5,climate-v1.0,True,SCENARIO,sakay_gtfs_master_historic|doe_luzon_generation_2024|route2zero_climate_scenario_v1,0.7181,0.7181,0.55,0.35,300,0.3,0.5,0.7
LTFRB_PUJ1696,8205.9,8272.707,service-v1-266e0b1d,True,8205.9,historic_gtfs_service_activity_proxy,DERIVED,False,2461.77,410.295,2872.065,1099.591,2062.43,-962.839,-288.852,4102.95,820.59,3419.125,2199.181,1880.519,318.662,95.599,5744.13,1436.032,3510.302,3848.567,1228.606,2619.962,785.988,24.58,climate-v1.0,True,SCENARIO,sakay_gtfs_master_historic|doe_luzon_generation_2024|route2zero_climate_scenario_v1,0.7181,0.7181,0.55,0.35,300,0.3,0.5,0.7
LTFRB_PUJ1697,8411.94,8467.292,service-v1-266e0b1d,True,8411.94,historic_gtfs_service_activity_proxy,DERIVED,False,2523.582,420.597,2944.179,1127.2,2114.215,-987.015,-296.104,4205.97,841.194,3504.975,2254.4,1927.736,326.664,97.999,5888.358,1472.09,3598.441,3945.2,1259.454,2685.746,805.724,25.22,climate-v1.0,True,SCENARIO,sakay_gtfs_master_historic|doe_luzon_generation_2024|route2zero_climate_scenario_v1,0.7181,0.7181,0.55,0.35,300,0.3,0.5,0.7
LTFRB_PUJ1698,8816.880000000001,8889.071,service-v1-266e0b1d,True,8816.880000000001,historic_gtfs_service_activity_proxy,DERIVED,False,2645.064,440.844,3085.908,1181.462,2215.991,-1034.529,-310.359,4408.44,881.688,3673.7,2362.924,2020.535,342.389,102.717,6171.816,1542.954,3771.665,4135.117,1320.083,2815.034,844.51,26.5,climate-v1.0,True,SCENARIO,sakay_gtfs_master_historic|doe_luzon_generation_2024|route2zero_climate_scenario_v1,0.7181,0.7181,0.55,0.35,300,0.3,0.5,0.7
LTFRB_PUJ1699,8840.34,8638.964,service-v1-266e0b1d,True,8840.34,historic_gtfs_service_activity_proxy,DERIVED,False,2652.102,442.017,3094.119,1184.606,2221.887,-1037.281,-311.184,4420.17,884.034,3683.475,2369.211,2025.911,343.3,102.99,6188.238,1547.059,3781.701,4146.119,1323.595,2822.524,846.757,26.57,climate-v1.0,True,SCENARIO,sakay_gtfs_master_historic|doe_luzon_generation_2024|route2zero_climate_scenario_v1,0.7181,0.7181,0.55,0.35,300,0.3,0.5,0.7
LTFRB_PUJ1700,6359.700000000001,6317.796,service-v1-266e0b1d,True,6359.700000000001,historic_gtfs_service_activity_proxy,DERIVED,False,1907.91,317.985,2225.895,852.2,1598.415,-746.215,-223.865,3179.85,635.97,2649.875,1704.4,1457.431,246.968,74.091,4451.79,1112.948,2720.538,2982.699,952.188,2030.511,609.153,18.76,climate-v1.0,True,SCENARIO,sakay_gtfs_master_historic|doe_luzon_generation_2024|route2zero_climate_scenario_v1,0.7181,0.7181,0.55,0.35,300,0.3,0.5,0.7
LTFRB_PUJ1701,6347.46,6317.796,service-v1-266e0b1d,True,6347.46,historic_gtfs_service_activity_proxy,DERIVED,False,1904.238,317.373,2221.611,850.56,1595.339,-744.779,-223.434,3173.73,634.746,2644.775,1701.119,1454.626,246.493,73.948,4443.222,1110.806,2715.302,2976.959,950.356,2026.603,607.981,18.73,climate-v1.0,True,SCENARIO,sakay_gtfs_master_historic|doe_luzon_generation_2024|route2zero_climate_scenario_v1,0.7181,0.7181,0.55,0.35,300,0.3,0.5,0.7
LTFRB_PUJ1702,2044.08,1999.933,service-v1-266e0b1d,True,2044.08,historic_gtfs_service_activity_proxy,DERIVED,False,613.224,102.204,715.428,273.907,513.749,-239.842,-71.953,1022.04,204.408,851.7,547.813,468.435,79.378,23.814,1430.856,357.714,874.412,958.674,306.044,652.629,195.789,5.18,climate-v1.0,True,SCENARIO,sakay_gtfs_master_historic|doe_luzon_generation_2024|route2zero_climate_scenario_v1,0.7181,0.7181,0.55,0.35,300,0.3,0.5,0.7
LTFRB_PUJ1703,2218.5,2223.802,service-v1-266e0b1d,True,2218.5,historic_gtfs_service_activity_proxy,DERIVED,False,665.55,110.925,776.475,297.279,557.587,-260.308,-78.092,1109.25,221.85,924.375,594.558,508.406,86.152,25.846,1552.95,388.237,949.025,1040.476,332.159,708.318,212.495,5.73,climate-v1.0,True,SCENARIO,sakay_gtfs_master_historic|doe_luzon_generation_2024|route2zero_climate_scenario_v1,0.7181,0.7181,0.55,0.35,300,0.3,0.5,0.7
LTFRB_PUJ1704,2305.2,2376.609,service-v1-266e0b1d,True,2305.2,historic_gtfs_service_activity_proxy,DERIVED,False,691.56,115.26,806.82,308.897,579.377,-270.481,-81.144,1152.6,230.52,960.5,617.794,528.275,89.519,26.856,1613.64,403.41,986.113,1081.139,345.14,735.999,220.8,6.0,climate-v1.0,True,SCENARIO,sakay_gtfs_master_historic|doe_luzon_generation_2024|route2zero_climate_scenario_v1,0.7181,0.7181,0.55,0.35,300,0.3,0.5,0.7
LTFRB_PUJ1705,2051.2200000000003,2159.768,service-v1-266e0b1d,True,2051.2200000000003,historic_gtfs_service_activity_proxy,DERIVED,False,615.366,102.561,717.927,274.863,515.543,-240.68,-72.204,1025.61,205.122,854.675,549.727,470.071,79.656,23.897,1435.854,358.964,877.466,962.022,307.113,654.909,196.473,5.2,climate-v1.0,True,SCENARIO,sakay_gtfs_master_historic|doe_luzon_generation_2024|route2zero_climate_scenario_v1,0.7181,0.7181,0.55,0.35,300,0.3,0.5,0.7
LTFRB_PUJ1706,14880.78,14815.256,service-v1-266e0b1d,True,14880.78,historic_gtfs_service_activity_proxy,DERIVED,False,4464.234,744.039,5208.273,1994.025,3740.061,-1746.036,-523.811,7440.39,1488.078,6200.325,3988.049,3410.179,577.87,173.361,10416.546,2604.136,6365.667,6979.086,2227.983,4751.102,1425.331,45.59,climate-v1.0,True,SCENARIO,sakay_gtfs_master_historic|doe_luzon_generation_2024|route2zero_climate_scenario_v1,0.7181,0.7181,0.55,0.35,300,0.3,0.5,0.7
LTFRB_PUJ1707,15198.0,15301.237,service-v1-266e0b1d,True,15198.0,historic_gtfs_service_activity_proxy,DERIVED,False,4559.4,759.9,5319.3,2036.532,3819.789,-1783.257,-534.977,7599.0,1519.8,6332.5,4073.064,3482.875,590.189,177.057,10638.6,2659.65,6501.367,7127.862,2275.478,4852.384,1455.715,46.59,climate-v1.0,True,SCENARIO,sakay_gtfs_master_historic|doe_luzon_generation_2024|route2zero_climate_scenario_v1,0.7181,0.7181,0.55,0.35,300,0.3,0.5,0.7
LTFRB_PUJ1708,3337.44,3290.972,service-v1-266e0b1d,True,3337.44,historic_gtfs_service_activity_proxy,DERIVED,False,1001.232,166.872,1168.104,447.217,838.815,-391.599,-117.48,1668.72,333.744,1390.6,894.434,764.83,129.604,38.881,2336.208,584.052,1427.683,1565.259,499.689,1065.57,319.671,9.25,climate-v1.0,True,SCENARIO,sakay_gtfs_master_historic|doe_luzon_generation_2024|route2zero_climate_scenario_v1,0.7181,0.7181,0.55,0.35,300,0.3,0.5,0.7
LTFRB_PUJ1709,3337.44,3290.972,service-v1-266e0b1d,True,3337.44,historic_gtfs_service_activity_proxy,DERIVED,False,1001.232,166.872,1168.104,447.217,838.815,-391.599,-117.48,1668.72,333.744,1390.6,894.434,764.83,129.604,38.881,2336.208,584.052,1427.683,1565.259,499.689,1065.57,319.671,9.25,climate-v1.0,True,SCENARIO,sakay_gtfs_master_historic|doe_luzon_generation_2024|route2zero_climate_scenario_v1,0.7181,0.7181,0.55,0.35,300,0.3,0.5,0.7
LTFRB_PUJ1710,3461.88,3529.851,service-v1-266e0b1d,True,3461.88,historic_gtfs_service_activity_proxy,DERIVED,False,1038.564,173.094,1211.658,463.892,870.092,-406.2,-121.86,1730.94,346.188,1442.45,927.784,793.348,134.436,40.331,2423.316,605.829,1480.915,1623.622,518.32,1105.301,331.59,9.64,climate-v1.0,True,SCENARIO,sakay_gtfs_master_historic|doe_luzon_generation_2024|route2zero_climate_scenario_v1,0.7181,0.7181,0.55,0.35,300,0.3,0.5,0.7
LTFRB_PUJ1711,4617.54,4549.314,service-v1-266e0b1d,True,4617.54,historic_gtfs_service_activity_proxy,DERIVED,False,1385.262,230.877,1616.139,618.75,1160.549,-541.799,-162.54,2308.77,461.754,1923.975,1237.501,1058.186,179.314,53.794,3232.278,808.07,1975.281,2165.626,691.348,1474.278,442.283,13.28,climate-v1.0,True,SCENARIO,sakay_gtfs_master_historic|doe_luzon_generation_2024|route2zero_climate_scenario_v1,0.7181,0.7181,0.55,0.35,300,0.3,0.5,0.7
LTFRB_PUJ1712,3959.64,4033.993,service-v1-266e0b1d,True,3959.64,historic_gtfs_service_activity_proxy,DERIVED,False,1187.892,197.982,1385.874,530.592,995.196,-464.604,-139.381,1979.82,395.964,1649.85,1061.184,907.418,153.766,46.13,2771.748,692.937,1693.846,1857.071,592.846,1264.225,379.268,11.21,climate-v1.0,True,SCENARIO,sakay_gtfs_master_historic|doe_luzon_generation_2024|route2zero_climate_scenario_v1,0.7181,0.7181,0.55,0.35,300,0.3,0.5,0.7
LTFRB_PUJ1713,3181.38,3149.672,service-v1-266e0b1d,True,3181.38,historic_gtfs_service_activity_proxy,DERIVED,False,954.414,159.069,1113.483,426.305,799.592,-373.287,-111.986,1590.69,318.138,1325.575,852.61,729.066,123.544,37.063,2226.966,556.742,1360.924,1492.067,476.323,1015.744,304.723,8.76,climate-v1.0,True,SCENARIO,sakay_gtfs_master_historic|doe_luzon_generation_2024|route2zero_climate_scenario_v1,0.7181,0.7181,0.55,0.35,300,0.3,0.5,0.7
LTFRB_PUJ1715,9216.72,8901.71,service-v1-266e0b1d,True,9216.72,historic_gtfs_service_activity_proxy,DERIVED,False,2765.016,460.836,3225.852,1235.04,2316.484,-1081.444,-324.433,4608.36,921.672,3840.3,2470.081,2112.165,357.916,107.375,6451.704,1612.926,3942.708,4322.642,1379.948,2942.694,882.808,27.76,climate-v1.0,True,SCENARIO,sakay_gtfs_master_historic|doe_luzon_generation_2024|route2zero_climate_scenario_v1,0.7181,0.7181,0.55,0.35,300,0.3,0.5,0.7
LTFRB_PUJ1716,4239.12,4221.961,service-v1-266e0b1d,True,4239.12,historic_gtfs_service_activity_proxy,DERIVED,False,1271.736,211.956,1483.692,568.042,1065.439,-497.397,-149.219,2119.56,423.912,1766.3,1136.084,971.465,164.619,49.386,2967.384,741.846,1813.401,1988.147,634.69,1353.457,406.037,12.09,climate-v1.0,True,SCENARIO,sakay_gtfs_master_historic|doe_luzon_generation_2024|route2zero_climate_scenario_v1,0.7181,0.7181,0.55,0.35,300,0.3,0.5,0.7
LTFRB_PUJ1717,4178.9400000000005,4103.489,service-v1-266e0b1d,True,4178.9400000000005,historic_gtfs_service_activity_proxy,DERIVED,False,1253.682,208.947,1462.629,559.978,1050.314,-490.336,-147.101,2089.47,417.894,1741.225,1119.956,957.674,162.282,48.685,2925.258,731.315,1787.658,1959.923,625.68,1334.243,400.273,11.9,climate-v1.0,True,SCENARIO,sakay_gtfs_master_historic|doe_luzon_generation_2024|route2zero_climate_scenario_v1,0.7181,0.7181,0.55,0.35,300,0.3,0.5,0.7
LTFRB_PUJ1718,4355.4,4471.788,service-v1-266e0b1d,True,4355.4,historic_gtfs_service_activity_proxy,DERIVED,False,1306.62,217.77,1524.39,583.624,1094.664,-511.041,-153.312,2177.7,435.54,1814.75,1167.247,998.112,169.135,50.74,3048.78,762.195,1863.143,2042.683,652.1,1390.582,417.175,12.45,climate-v1.0,True,SCENARIO,sakay_gtfs_master_historic|doe_luzon_generation_2024|route2zero_climate_scenario_v1,0.7181,0.7181,0.55,0.35,300,0.3,0.5,0.7
LTFRB_PUJ1719,4293.179999999999,4340.403,service-v1-266e0b1d,True,4293.179999999999,historic_gtfs_service_activity_proxy,DERIVED,False,1287.954,214.659,1502.613,575.286,1079.026,-503.74,-151.122,2146.59,429.318,1788.825,1150.572,983.854,166.718,50.016,3005.226,751.306,1836.527,2013.501,642.784,1370.717,411.215,12.26,climate-v1.0,True,SCENARIO,sakay_gtfs_master_historic|doe_luzon_generation_2024|route2zero_climate_scenario_v1,0.7181,0.7181,0.55,0.35,300,0.3,0.5,0.7
LTFRB_PUJ1720,14920.56,14827.675,service-v1-266e0b1d,True,14920.56,historic_gtfs_service_activity_proxy,DERIVED,False,4476.168,746.028,5222.196,1999.355,3750.059,-1750.704,-525.211,7460.28,1492.056,6216.9,3998.71,3419.295,579.415,173.825,10444.392,2611.098,6382.684,6997.743,2233.939,4763.803,1429.141,45.72,climate-v1.0,True,SCENARIO,sakay_gtfs_master_historic|doe_luzon_generation_2024|route2zero_climate_scenario_v1,0.7181,0.7181,0.55,0.35,300,0.3,0.5,0.7
LTFRB_PUJ1721,15453.0,15581.047,service-v1-266e0b1d,True,15453.0,historic_gtfs_service_activity_proxy,DERIVED,False,4635.9,772.65,5408.55,2070.702,3883.88,-1813.178,-543.953,7726.5,1545.3,6438.75,4141.404,3541.313,600.092,180.027,10817.1,2704.275,6610.45,7247.457,2313.658,4933.799,1480.14,47.39,climate-v1.0,True,SCENARIO,sakay_gtfs_master_historic|doe_luzon_generation_2024|route2zero_climate_scenario_v1,0.7181,0.7181,0.55,0.35,300,0.3,0.5,0.7
LTFRB_PUJ1722,14646.18,14451.157,service-v1-266e0b1d,True,14646.18,historic_gtfs_service_activity_proxy,DERIVED,False,4393.854,732.309,5126.163,1962.588,3681.098,-1718.51,-515.553,7323.09,1464.618,6102.575,3925.176,3356.416,568.76,170.628,10252.326,2563.082,6265.31,6869.058,2192.859,4676.2,1402.86,44.85,climate-v1.0,True,SCENARIO,sakay_gtfs_master_historic|doe_luzon_generation_2024|route2zero_climate_scenario_v1,0.7181,0.7181,0.55,0.35,300,0.3,0.5,0.7
LTFRB_PUJ1723,13380.36,13530.205,service-v1-266e0b1d,True,13380.36,historic_gtfs_service_activity_proxy,DERIVED,False,4014.108,669.018,4683.126,1792.968,3362.953,-1569.985,-470.995,6690.18,1338.036,5575.15,3585.936,3066.333,519.604,155.881,9366.252,2341.563,5723.821,6275.389,2003.337,4272.052,1281.615,40.87,climate-v1.0,True,SCENARIO,sakay_gtfs_master_historic|doe_luzon_generation_2024|route2zero_climate_scenario_v1,0.7181,0.7181,0.55,0.35,300,0.3,0.5,0.7
LTFRB_PUJ1724,6977.820000000001,6959.275,service-v1-266e0b1d,True,6977.820000000001,historic_gtfs_service_activity_proxy,DERIVED,False,2093.346,348.891,2442.237,935.028,1753.77,-818.743,-245.623,3488.91,697.782,2907.425,1870.056,1599.084,270.972,81.292,4884.474,1221.118,2984.956,3272.598,1044.735,2227.863,668.359,20.71,climate-v1.0,True,SCENARIO,sakay_gtfs_master_historic|doe_luzon_generation_2024|route2zero_climate_scenario_v1,0.7181,0.7181,0.55,0.35,300,0.3,0.5,0.7
LTFRB_PUJ1725,6860.52,6890.175,service-v1-266e0b1d,True,6860.52,historic_gtfs_service_activity_proxy,DERIVED,False,2058.156,343.026,2401.182,919.31,1724.289,-804.979,-241.494,3430.26,686.052,2858.55,1838.619,1572.203,266.417,79.925,4802.364,1200.591,2934.778,3217.584,1027.172,2190.412,657.123,20.34,climate-v1.0,True,SCENARIO,sakay_gtfs_master_historic|doe_luzon_generation_2024|route2zero_climate_scenario_v1,0.7181,0.7181,0.55,0.35,300,0.3,0.5,0.7
LTFRB_PUJ1726,2411.28,2338.164,service-v1-266e0b1d,True,2411.28,historic_gtfs_service_activity_proxy,DERIVED,False,723.384,120.564,843.948,323.112,606.039,-282.928,-84.878,1205.64,241.128,1004.7,646.223,552.585,93.638,28.091,1687.896,421.974,1031.492,1130.89,361.022,769.868,230.96,6.33,climate-v1.0,True,SCENARIO,sakay_gtfs_master_historic|doe_luzon_generation_2024|route2zero_climate_scenario_v1,0.7181,0.7181,0.55,0.35,300,0.3,0.5,0.7
LTFRB_PUJ1727,2555.1,2581.396,service-v1-266e0b1d,True,2555.1,historic_gtfs_service_activity_proxy,DERIVED,False,766.53,127.755,894.285,342.383,642.186,-299.803,-89.941,1277.55,255.51,1064.625,684.767,585.544,99.223,29.767,1788.57,447.142,1093.015,1198.342,382.555,815.787,244.736,6.79,climate-v1.0,True,SCENARIO,sakay_gtfs_master_historic|doe_luzon_generation_2024|route2zero_climate_scenario_v1,0.7181,0.7181,0.55,0.35,300,0.3,0.5,0.7
LTFRB_PUJ1729,2801.94,2841.267,service-v1-266e0b1d,True,2801.94,historic_gtfs_service_activity_proxy,DERIVED,False,840.582,140.097,980.679,375.46,704.226,-328.766,-98.63,1400.97,280.194,1167.475,750.92,642.111,108.809,32.643,1961.358,490.34,1198.608,1314.11,419.513,894.597,268.379,7.56,climate-v1.0,True,SCENARIO,sakay_gtfs_master_historic|doe_luzon_generation_2024|route2zero_climate_scenario_v1,0.7181,0.7181,0.55,0.35,300,0.3,0.5,0.7
LTFRB_PUJ1730,13663.92,13696.699,service-v1-266e0b1d,True,13663.92,historic_gtfs_service_activity_proxy,DERIVED,False,4099.176,683.196,4782.372,1830.965,3434.221,-1603.256,-480.977,6831.96,1366.392,5693.3,3661.931,3131.315,530.616,159.185,9564.744,2391.186,5845.121,6408.378,2045.792,4362.586,1308.776,41.76,climate-v1.0,True,SCENARIO,sakay_gtfs_master_historic|doe_luzon_generation_2024|route2zero_climate_scenario_v1,0.7181,0.7181,0.55,0.35,300,0.3,0.5,0.7
LTFRB_PUJ1731,13663.92,13696.699,service-v1-266e0b1d,True,13663.92,historic_gtfs_service_activity_proxy,DERIVED,False,4099.176,683.196,4782.372,1830.965,3434.221,-1603.256,-480.977,6831.96,1366.392,5693.3,3661.931,3131.315,530.616,159.185,9564.744,2391.186,5845.121,6408.378,2045.792,4362.586,1308.776,41.76,climate-v1.0,True,SCENARIO,sakay_gtfs_master_historic|doe_luzon_generation_2024|route2zero_climate_scenario_v1,0.7181,0.7181,0.55,0.35,300,0.3,0.5,0.7
LTFRB_PUJ1732,5158.14,5345.081,service-v1-266e0b1d,True,5158.14,historic_gtfs_service_activity_proxy,DERIVED,False,1547.442,257.907,1805.349,691.191,1296.421,-605.23,-181.569,2579.07,515.814,2149.225,1382.382,1182.074,200.308,60.092,3610.698,902.674,2206.538,2419.168,772.288,1646.879,494.064,14.98,climate-v1.0,True,SCENARIO,sakay_gtfs_master_historic|doe_luzon_generation_2024|route2zero_climate_scenario_v1,0.7181,0.7181,0.55,0.35,300,0.3,0.5,0.7
LTFRB_PUJ1734,18675.18,18774.853,service-v1-266e0b1d,True,18675.18,historic_gtfs_service_activity_proxy,DERIVED,False,5602.554,933.759,6536.313,2502.474,4693.726,-2191.252,-657.376,9337.59,1867.518,7781.325,5004.948,4279.729,725.219,217.566,13072.626,3268.156,7988.827,8758.659,2796.089,5962.57,1788.771,57.54,climate-v1.0,True,SCENARIO,sakay_gtfs_master_historic|doe_luzon_generation_2024|route2zero_climate_scenario_v1,0.7181,0.7181,0.55,0.35,300,0.3,0.5,0.7
LTFRB_PUJ1735,19705.38,19796.812,service-v1-266e0b1d,True,19705.38,historic_gtfs_service_activity_proxy,DERIVED,False,5911.614,985.269,6896.883,2640.521,4952.652,-2312.131,-693.639,9852.69,1970.538,8210.575,5281.042,4515.816,765.226,229.568,13793.766,3448.442,8429.524,9241.823,2950.333,6291.49,1887.447,60.78,climate-v1.0,True,SCENARIO,sakay_gtfs_master_historic|doe_luzon_generation_2024|route2zero_climate_scenario_v1,0.7181,0.7181,0.55,0.35,300,0.3,0.5,0.7
LTFRB_PUJ1736,13858.74,13712.508,service-v1-266e0b1d,True,13858.74,historic_gtfs_service_activity_proxy,DERIVED,False,4157.622,692.937,4850.559,1857.071,3483.186,-1626.115,-487.835,6929.37,1385.874,5774.475,3714.142,3175.961,538.181,161.454,9701.118,2425.279,5928.461,6499.749,2074.961,4424.788,1327.436,42.37,climate-v1.0,True,SCENARIO,sakay_gtfs_master_historic|doe_luzon_generation_2024|route2zero_climate_scenario_v1,0.7181,0.7181,0.55,0.35,300,0.3,0.5,0.7
LTFRB_PUJ1737,16122.12,15966.452,service-v1-266e0b1d,True,16122.12,historic_gtfs_service_activity_proxy,DERIVED,False,4836.636,806.106,5642.742,2160.364,4052.053,-1891.689,-567.507,8061.06,1612.212,6717.55,4320.728,3694.653,626.076,187.823,11285.484,2821.371,6896.685,7561.274,2413.84,5147.435,1544.23,49.5,climate-v1.0,True,SCENARIO,sakay_gtfs_master_historic|doe_luzon_generation_2024|route2zero_climate_scenario_v1,0.7181,0.7181,0.55,0.35,300,0.3,0.5,0.7
LTFRB_PUJ1738,17792.879999999997,17695.523,service-v1-266e0b1d,True,17792.879999999997,historic_gtfs_service_activity_proxy,DERIVED,False,5337.864,889.644,6227.508,2384.246,4471.973,-2087.728,-626.318,8896.44,1779.288,7413.7,4768.492,4077.535,690.957,207.287,12455.016,3113.754,7611.399,8344.861,2663.99,5680.871,1704.261,54.76,climate-v1.0,True,SCENARIO,sakay_gtfs_master_historic|doe_luzon_generation_2024|route2zero_climate_scenario_v1,0.7181,0.7181,0.55,0.35,300,0.3,0.5,0.7
LTFRB_PUJ1739,18321.24,18408.385,service-v1-266e0b1d,True,18321.24,historic_gtfs_service_activity_proxy,DERIVED,False,5496.372,916.062,6412.434,2455.046,4604.769,-2149.723,-644.917,9160.62,1832.124,7633.85,4910.092,4198.618,711.475,213.442,12824.868,3206.217,7837.419,8592.662,2743.097,5849.565,1754.869,56.42,climate-v1.0,True,SCENARIO,sakay_gtfs_master_historic|doe_luzon_generation_2024|route2zero_climate_scenario_v1,0.7181,0.7181,0.55,0.35,300,0.3,0.5,0.7
LTFRB_PUJ1740,2607.12,2498.449,service-v1-266e0b1d,True,2607.12,historic_gtfs_service_activity_proxy,DERIVED,False,782.136,130.356,912.492,349.354,655.261,-305.906,-91.772,1303.56,260.712,1086.3,698.708,597.465,101.243,30.373,1824.984,456.246,1115.268,1222.739,390.344,832.395,249.719,6.95,climate-v1.0,True,SCENARIO,sakay_gtfs_master_historic|doe_luzon_generation_2024|route2zero_climate_scenario_v1,0.7181,0.7181,0.55,0.35,300,0.3,0.5,0.7
LTFRB_PUJ1741,2580.6,2651.796,service-v1-266e0b1d,True,2580.6,historic_gtfs_service_activity_proxy,DERIVED,False,774.18,129.03,903.21,345.8,648.595,-302.795,-90.838,1290.3,258.06,1075.25,691.601,591.387,100.213,30.064,1806.42,451.605,1103.923,1210.301,386.373,823.928,247.178,6.87,climate-v1.0,True,SCENARIO,sakay_gtfs_master_historic|doe_luzon_generation_2024|route2zero_climate_scenario_v1,0.7181,0.7181,0.55,0.35,300,0.3,0.5,0.7
LTFRB_PUJ1742,5365.2,5514.245,service-v1-266e0b1d,True,5365.2,historic_gtfs_service_activity_proxy,DERIVED,False,1609.56,268.26,1877.82,718.937,1348.463,-629.526,-188.858,2682.6,536.52,2235.5,1437.874,1229.525,208.349,62.505,3755.64,938.91,2295.113,2516.279,803.29,1712.989,513.897,15.63,climate-v1.0,True,SCENARIO,sakay_gtfs_master_historic|doe_luzon_generation_2024|route2zero_climate_scenario_v1,0.7181,0.7181,0.55,0.35,300,0.3,0.5,0.7
LTFRB_PUJ1743,3393.54,3390.462,service-v1-266e0b1d,True,3393.54,historic_gtfs_service_activity_proxy,DERIVED,False,1018.062,169.677,1187.739,454.734,852.915,-398.181,-119.454,1696.77,339.354,1413.975,909.469,777.686,131.782,39.535,2375.478,593.869,1451.681,1591.57,508.088,1083.482,325.045,9.43,climate-v1.0,True,SCENARIO,sakay_gtfs_master_historic|doe_luzon_generation_2024|route2zero_climate_scenario_v1,0.7181,0.7181,0.55,0.35,300,0.3,0.5,0.7
LTFRB_PUJ1744,8266.08,8285.934,service-v1-266e0b1d,True,8266.08,historic_gtfs_service_activity_proxy,DERIVED,False,2479.824,413.304,2893.128,1107.655,2077.555,-969.9,-290.97,4133.04,826.608,3444.2,2215.309,1894.31,320.999,96.3,5786.256,1446.564,3536.045,3876.792,1237.616,2639.176,791.753,24.77,climate-v1.0,True,SCENARIO,sakay_gtfs_master_historic|doe_luzon_generation_2024|route2zero_climate_scenario_v1,0.7181,0.7181,0.55,0.35,300,0.3,0.5,0.7
LTFRB_PUJ1745,8199.779999999999,8274.031,service-v1-266e0b1d,True,8199.779999999999,historic_gtfs_service_activity_proxy,DERIVED,False,2459.934,409.989,2869.923,1098.771,2060.892,-962.121,-288.636,4099.89,819.978,3416.575,2197.541,1879.116,318.425,95.527,5739.846,1434.961,3507.684,3845.697,1227.689,2618.008,785.402,24.56,climate-v1.0,True,SCENARIO,sakay_gtfs_master_historic|doe_luzon_generation_2024|route2zero_climate_scenario_v1,0.7181,0.7181,0.55,0.35,300,0.3,0.5,0.7
LTFRB_PUJ1746,11757.54,11780.857,service-v1-266e0b1d,True,11757.54,historic_gtfs_service_activity_proxy,DERIVED,False,3527.262,587.877,4115.139,1575.51,2955.081,-1379.571,-413.871,5878.77,1175.754,4898.975,3151.021,2694.436,456.584,136.975,8230.278,2057.57,5029.614,5514.286,1760.365,3753.921,1126.176,35.76,climate-v1.0,True,SCENARIO,sakay_gtfs_master_historic|doe_luzon_generation_2024|route2zero_climate_scenario_v1,0.7181,0.7181,0.55,0.35,300,0.3,0.5,0.7
LTFRB_PUJ1747,12207.36,12326.028,service-v1-266e0b1d,True,12207.36,historic_gtfs_service_activity_proxy,DERIVED,False,3662.208,610.368,4272.576,1635.786,3068.137,-1432.351,-429.705,6103.68,1220.736,5086.4,3271.572,2797.52,474.052,142.216,8545.152,2136.288,5222.037,5725.252,1827.713,3897.539,1169.262,37.17,climate-v1.0,True,SCENARIO,sakay_gtfs_master_historic|doe_luzon_generation_2024|route2zero_climate_scenario_v1,0.7181,0.7181,0.55,0.35,300,0.3,0.5,0.7
LTFRB_PUJ1748,5005.14,5129.742,service-v1-266e0b1d,True,5005.14,historic_gtfs_service_activity_proxy,DERIVED,False,1501.542,250.257,1751.799,670.689,1257.967,-587.278,-176.183,2502.57,500.514,2085.475,1341.378,1147.011,194.366,58.31,3503.598,875.9,2141.088,2347.411,749.381,1598.03,479.409,14.5,climate-v1.0,True,SCENARIO,sakay_gtfs_master_historic|doe_luzon_generation_2024|route2zero_climate_scenario_v1,0.7181,0.7181,0.55,0.35,300,0.3,0.5,0.7
LTFRB_PUJ1749,4405.38,4388.081,service-v1-266e0b1d,True,4405.38,historic_gtfs_service_activity_proxy,DERIVED,False,1321.614,220.269,1541.883,590.321,1107.226,-516.905,-155.072,2202.69,440.538,1835.575,1180.642,1009.566,171.076,51.323,3083.766,770.942,1884.524,2066.123,659.583,1406.54,421.962,12.61,climate-v1.0,True,SCENARIO,sakay_gtfs_master_historic|doe_luzon_generation_2024|route2zero_climate_scenario_v1,0.7181,0.7181,0.55,0.35,300,0.3,0.5,0.7
LTFRB_PUJ1750,3812.76,3776.637,service-v1-266e0b1d,True,3812.76,historic_gtfs_service_activity_proxy,DERIVED,False,1143.828,190.638,1334.466,510.91,958.28,-447.37,-134.211,1906.38,381.276,1588.65,1021.82,873.758,148.062,44.419,2668.932,667.233,1631.014,1788.184,570.855,1217.33,365.199,10.75,climate-v1.0,True,SCENARIO,sakay_gtfs_master_historic|doe_luzon_generation_2024|route2zero_climate_scenario_v1,0.7181,0.7181,0.55,0.35,300,0.3,0.5,0.7
LTFRB_PUJ1752,889.4399999999999,1214.831,service-v1-266e0b1d,True,889.4399999999999,historic_gtfs_service_activity_proxy,DERIVED,False,266.832,44.472,311.304,119.185,223.547,-104.362,-31.309,444.72,88.944,370.6,238.37,203.83,34.54,10.362,622.608,155.652,380.483,417.147,133.169,283.978,85.194,1.54,climate-v1.0,True,SCENARIO,sakay_gtfs_master_historic|doe_luzon_generation_2024|route2zero_climate_scenario_v1,0.7181,0.7181,0.55,0.35,300,0.3,0.5,0.7
LTFRB_PUJ1753,1258.68,1191.2,service-v1-266e0b1d,True,1258.68,historic_gtfs_service_activity_proxy,DERIVED,False,377.604,62.934,440.538,168.663,316.35,-147.687,-44.306,629.34,125.868,524.45,337.326,288.448,48.879,14.664,881.076,220.269,538.435,590.321,188.452,401.869,120.561,2.7,climate-v1.0,True,SCENARIO,sakay_gtfs_master_historic|doe_luzon_generation_2024|route2zero_climate_scenario_v1,0.7181,0.7181,0.55,0.35,300,0.3,0.5,0.7
LTFRB_PUJ1754,12976.44,12845.354,service-v1-266e0b1d,True,12976.44,historic_gtfs_service_activity_proxy,DERIVED,False,3892.932,648.822,4541.754,1738.843,3261.434,-1522.591,-456.777,6488.22,1297.644,5406.85,3477.686,2973.768,503.918,151.176,9083.508,2270.877,5551.033,6085.95,1942.861,4143.089,1242.927,39.6,climate-v1.0,True,SCENARIO,sakay_gtfs_master_historic|doe_luzon_generation_2024|route2zero_climate_scenario_v1,0.7181,0.7181,0.55,0.35,300,0.3,0.5,0.7
LTFRB_PUJ1755,13205.94,13202.693,service-v1-266e0b1d,True,13205.94,historic_gtfs_service_activity_proxy,DERIVED,False,3961.782,660.297,4622.079,1769.596,3319.115,-1549.519,-464.856,6602.97,1320.594,5502.475,3539.192,3026.361,512.831,153.849,9244.158,2311.04,5649.208,6193.586,1977.223,4216.363,1264.909,40.32,climate-v1.0,True,SCENARIO,sakay_gtfs_master_historic|doe_luzon_generation_2024|route2zero_climate_scenario_v1,0.7181,0.7181,0.55,0.35,300,0.3,0.5,0.7
LTFRB_PUJ1756,11612.7,11813.495,service-v1-266e0b1d,True,11612.7,historic_gtfs_service_activity_proxy,DERIVED,False,3483.81,580.635,4064.445,1556.102,2918.678,-1362.576,-408.773,5806.35,1161.27,4838.625,3112.204,2661.244,450.96,135.288,8128.89,2032.222,4967.655,5446.356,1738.679,3707.677,1112.303,35.3,climate-v1.0,True,SCENARIO,sakay_gtfs_master_historic|doe_luzon_generation_2024|route2zero_climate_scenario_v1,0.7181,0.7181,0.55,0.35,300,0.3,0.5,0.7
LTFRB_PUJ1757,11630.04,11505.558,service-v1-266e0b1d,True,11630.04,historic_gtfs_service_activity_proxy,DERIVED,False,3489.012,581.502,4070.514,1558.425,2923.036,-1364.611,-409.383,5815.02,1163.004,4845.85,3116.851,2665.218,451.633,135.49,8141.028,2035.257,4975.073,5454.489,1741.275,3713.213,1113.964,35.36,climate-v1.0,True,SCENARIO,sakay_gtfs_master_historic|doe_luzon_generation_2024|route2zero_climate_scenario_v1,0.7181,0.7181,0.55,0.35,300,0.3,0.5,0.7
LTFRB_PUJ1758,11475.0,11410.167,service-v1-266e0b1d,True,11475.0,historic_gtfs_service_activity_proxy,DERIVED,False,3442.5,573.75,4016.25,1537.65,2884.069,-1346.419,-403.926,5737.5,1147.5,4781.25,3075.3,2629.688,445.613,133.684,8032.5,2008.125,4908.75,5381.775,1718.062,3663.712,1099.114,34.87,climate-v1.0,True,SCENARIO,sakay_gtfs_master_historic|doe_luzon_generation_2024|route2zero_climate_scenario_v1,0.7181,0.7181,0.55,0.35,300,0.3,0.5,0.7
LTFRB_PUJ1759,11696.34,11502.617,service-v1-266e0b1d,True,11696.34,historic_gtfs_service_activity_proxy,DERIVED,False,3508.902,584.817,4093.719,1567.31,2939.7,-1372.39,-411.717,5848.17,1169.634,4873.475,3134.619,2680.411,454.208,136.262,8187.438,2046.859,5003.434,5485.583,1751.202,3734.381,1120.314,35.57,climate-v1.0,True,SCENARIO,sakay_gtfs_master_historic|doe_luzon_generation_2024|route2zero_climate_scenario_v1,0.7181,0.7181,0.55,0.35,300,0.3,0.5,0.7
LTFRB_PUJ1760,5117.34,5287.363,service-v1-266e0b1d,True,5117.34,historic_gtfs_service_activity_proxy,DERIVED,False,1535.202,255.867,1791.069,685.724,1286.167,-600.443,-180.133,2558.67,511.734,2132.225,1371.447,1172.724,198.723,59.617,3582.138,895.534,2189.084,2400.032,766.18,1633.853,490.156,14.85,climate-v1.0,True,SCENARIO,sakay_gtfs_master_historic|doe_luzon_generation_2024|route2zero_climate_scenario_v1,0.7181,0.7181,0.55,0.35,300,0.3,0.5,0.7
LTFRB_PUJ1761,5475.360000000001,5603.101,service-v1-266e0b1d,True,5475.360000000001,historic_gtfs_service_activity_proxy,DERIVED,False,1642.608,273.768,1916.376,733.698,1376.15,-642.451,-192.735,2737.68,547.536,2281.4,1467.396,1254.77,212.626,63.788,3832.752,958.188,2342.237,2567.944,819.783,1748.161,524.448,15.98,climate-v1.0,True,SCENARIO,sakay_gtfs_master_historic|doe_luzon_generation_2024|route2zero_climate_scenario_v1,0.7181,0.7181,0.55,0.35,300,0.3,0.5,0.7
LTFRB_PUJ1762,7884.6,7761.975,service-v1-266e0b1d,True,7884.6,historic_gtfs_service_activity_proxy,DERIVED,False,2365.38,394.23,2759.61,1056.536,1981.676,-925.14,-277.542,3942.3,788.46,3285.25,2113.073,1806.888,306.185,91.856,5519.22,1379.805,3372.857,3697.877,1180.5,2517.378,755.213,23.56,climate-v1.0,True,SCENARIO,sakay_gtfs_master_historic|doe_luzon_generation_2024|route2zero_climate_scenario_v1,0.7181,0.7181,0.55,0.35,300,0.3,0.5,0.7
LTFRB_PUJ1763,8966.82,9115.83,service-v1-266e0b1d,True,8966.82,historic_gtfs_service_activity_proxy,DERIVED,False,2690.046,448.341,3138.387,1201.554,2253.676,-1052.122,-315.637,4483.41,896.682,3736.175,2403.108,2054.896,348.212,104.463,6276.774,1569.193,3835.806,4205.439,1342.532,2862.906,858.872,26.97,climate-v1.0,True,SCENARIO,sakay_gtfs_master_historic|doe_luzon_generation_2024|route2zero_climate_scenario_v1,0.7181,0.7181,0.55,0.35,300,0.3,0.5,0.7
LTFRB_PUJ1764,6227.1,6209.502,service-v1-266e0b1d,True,6227.1,historic_gtfs_service_activity_proxy,DERIVED,False,1868.13,311.355,2179.485,834.431,1565.088,-730.657,-219.197,3113.55,622.71,2594.625,1668.863,1427.044,241.819,72.546,4358.97,1089.742,2663.815,2920.51,932.335,1988.175,596.452,18.35,climate-v1.0,True,SCENARIO,sakay_gtfs_master_historic|doe_luzon_generation_2024|route2zero_climate_scenario_v1,0.7181,0.7181,0.55,0.35,300,0.3,0.5,0.7
LTFRB_PUJ1765,6227.1,6209.502,service-v1-266e0b1d,True,6227.1,historic_gtfs_service_activity_proxy,DERIVED,False,1868.13,311.355,2179.485,834.431,1565.088,-730.657,-219.197,3113.55,622.71,2594.625,1668.863,1427.044,241.819,72.546,4358.97,1089.742,2663.815,2920.51,932.335,1988.175,596.452,18.35,climate-v1.0,True,SCENARIO,sakay_gtfs_master_historic|doe_luzon_generation_2024|route2zero_climate_scenario_v1,0.7181,0.7181,0.55,0.35,300,0.3,0.5,0.7
LTFRB_PUJ1766,3779.1,3778.136,service-v1-266e0b1d,True,3779.1,historic_gtfs_service_activity_proxy,DERIVED,False,1133.73,188.955,1322.685,506.399,949.82,-443.421,-133.026,1889.55,377.91,1574.625,1012.799,866.044,146.755,44.027,2645.37,661.342,1616.615,1772.398,565.815,1206.583,361.975,10.64,climate-v1.0,True,SCENARIO,sakay_gtfs_master_historic|doe_luzon_generation_2024|route2zero_climate_scenario_v1,0.7181,0.7181,0.55,0.35,300,0.3,0.5,0.7
LTFRB_PUJ1767,3779.1,3778.136,service-v1-266e0b1d,True,3779.1,historic_gtfs_service_activity_proxy,DERIVED,False,1133.73,188.955,1322.685,506.399,949.82,-443.421,-133.026,1889.55,377.91,1574.625,1012.799,866.044,146.755,44.027,2645.37,661.342,1616.615,1772.398,565.815,1206.583,361.975,10.64,climate-v1.0,True,SCENARIO,sakay_gtfs_master_historic|doe_luzon_generation_2024|route2zero_climate_scenario_v1,0.7181,0.7181,0.55,0.35,300,0.3,0.5,0.7
LTFRB_PUJ1768,3412.92,3391.73,service-v1-266e0b1d,True,3412.92,historic_gtfs_service_activity_proxy,DERIVED,False,1023.876,170.646,1194.522,457.331,857.786,-400.455,-120.136,1706.46,341.292,1422.05,914.663,782.128,132.535,39.761,2389.044,597.261,1459.971,1600.659,510.99,1089.67,326.901,9.49,climate-v1.0,True,SCENARIO,sakay_gtfs_master_historic|doe_luzon_generation_2024|route2zero_climate_scenario_v1,0.7181,0.7181,0.55,0.35,300,0.3,0.5,0.7
LTFRB_PUJ1769,3412.92,3391.73,service-v1-266e0b1d,True,3412.92,historic_gtfs_service_activity_proxy,DERIVED,False,1023.876,170.646,1194.522,457.331,857.786,-400.455,-120.136,1706.46,341.292,1422.05,914.663,782.128,132.535,39.761,2389.044,597.261,1459.971,1600.659,510.99,1089.67,326.901,9.49,climate-v1.0,True,SCENARIO,sakay_gtfs_master_historic|doe_luzon_generation_2024|route2zero_climate_scenario_v1,0.7181,0.7181,0.55,0.35,300,0.3,0.5,0.7
LTFRB_PUJ1770,3257.88,3305.535,service-v1-266e0b1d,True,3257.88,historic_gtfs_service_activity_proxy,DERIVED,False,977.364,162.894,1140.258,436.556,818.819,-382.263,-114.679,1628.94,325.788,1357.45,873.112,746.598,126.514,37.954,2280.516,570.129,1393.649,1527.946,487.777,1040.169,312.051,9.0,climate-v1.0,True,SCENARIO,sakay_gtfs_master_historic|doe_luzon_generation_2024|route2zero_climate_scenario_v1,0.7181,0.7181,0.55,0.35,300,0.3,0.5,0.7
LTFRB_PUJ1771,2406.18,2452.648,service-v1-266e0b1d,True,2406.18,historic_gtfs_service_activity_proxy,DERIVED,False,721.854,120.309,842.163,322.428,604.757,-282.329,-84.699,1203.09,240.618,1002.575,644.856,551.416,93.44,28.032,1684.326,421.081,1029.31,1128.498,360.259,768.24,230.472,6.32,climate-v1.0,True,SCENARIO,sakay_gtfs_master_historic|doe_luzon_generation_2024|route2zero_climate_scenario_v1,0.7181,0.7181,0.55,0.35,300,0.3,0.5,0.7
LTFRB_PUJ1772,2913.12,2959.309,service-v1-266e0b1d,True,2913.12,historic_gtfs_service_activity_proxy,DERIVED,False,873.936,145.656,1019.592,390.358,732.169,-341.811,-102.543,1456.56,291.312,1213.8,780.716,667.59,113.126,33.938,2039.184,509.796,1246.168,1366.253,436.159,930.094,279.028,7.91,climate-v1.0,True,SCENARIO,sakay_gtfs_master_historic|doe_luzon_generation_2024|route2zero_climate_scenario_v1,0.7181,0.7181,0.55,0.35,300,0.3,0.5,0.7
LTFRB_PUJ1773,3944.34,3803.74,service-v1-266e0b1d,True,3944.34,historic_gtfs_service_activity_proxy,DERIVED,False,1183.302,197.217,1380.519,528.542,991.351,-462.809,-138.843,1972.17,394.434,1643.475,1057.083,903.911,153.172,45.952,2761.038,690.26,1687.301,1849.895,590.555,1259.34,377.802,11.16,climate-v1.0,True,SCENARIO,sakay_gtfs_master_historic|doe_luzon_generation_2024|route2zero_climate_scenario_v1,0.7181,0.7181,0.55,0.35,300,0.3,0.5,0.7
LTFRB_PUJ1775,5368.26,5350.449,service-v1-266e0b1d,True,5368.26,historic_gtfs_service_activity_proxy,DERIVED,False,1610.478,268.413,1878.891,719.347,1349.232,-629.885,-188.965,2684.13,536.826,2236.775,1438.694,1230.226,208.467,62.54,3757.782,939.445,2296.422,2517.714,803.748,1713.966,514.19,15.64,climate-v1.0,True,SCENARIO,sakay_gtfs_master_historic|doe_luzon_generation_2024|route2zero_climate_scenario_v1,0.7181,0.7181,0.55,0.35,300,0.3,0.5,0.7
LTFRB_PUJ1776,16029.3,15916.97,service-v1-266e0b1d,True,16029.3,historic_gtfs_service_activity_proxy,DERIVED,False,4808.79,801.465,5610.255,2147.926,4028.724,-1880.798,-564.239,8014.65,1602.93,6678.875,4295.852,3673.381,622.471,186.741,11220.51,2805.127,6856.978,7517.742,2399.942,5117.799,1535.34,49.21,climate-v1.0,True,SCENARIO,sakay_gtfs_master_historic|doe_luzon_generation_2024|route2zero_climate_scenario_v1,0.7181,0.7181,0.55,0.35,300,0.3,0.5,0.7
LTFRB_PUJ1777,16201.68,16214.856,service-v1-266e0b1d,True,16201.68,historic_gtfs_service_activity_proxy,DERIVED,False,4860.504,810.084,5670.588,2171.025,4072.049,-1901.024,-570.307,8100.84,1620.168,6750.7,4342.05,3712.885,629.165,188.75,11341.176,2835.294,6930.719,7598.588,2425.752,5172.836,1551.851,49.75,climate-v1.0,True,SCENARIO,sakay_gtfs_master_historic|doe_luzon_generation_2024|route2zero_climate_scenario_v1,0.7181,0.7181,0.55,0.35,300,0.3,0.5,0.7
LTFRB_PUJ1778,3553.68,3566.091,service-v1-266e0b1d,True,3553.68,historic_gtfs_service_activity_proxy,DERIVED,False,1066.104,177.684,1243.788,476.193,893.164,-416.971,-125.091,1776.84,355.368,1480.7,952.386,814.385,138.001,41.4,2487.576,621.894,1520.185,1666.676,532.065,1134.611,340.383,9.93,climate-v1.0,True,SCENARIO,sakay_gtfs_master_historic|doe_luzon_generation_2024|route2zero_climate_scenario_v1,0.7181,0.7181,0.55,0.35,300,0.3,0.5,0.7
LTFRB_PUJ1779,2862.12,2821.18,service-v1-266e0b1d,True,2862.12,historic_gtfs_service_activity_proxy,DERIVED,False,858.636,143.106,1001.742,383.524,719.351,-335.827,-100.748,1431.06,286.212,1192.55,767.048,655.902,111.146,33.344,2003.484,500.871,1224.351,1342.334,428.523,913.811,274.143,7.75,climate-v1.0,True,SCENARIO,sakay_gtfs_master_historic|doe_luzon_generation_2024|route2zero_climate_scenario_v1,0.7181,0.7181,0.55,0.35,300,0.3,0.5,0.7
LTFRB_PUJ1780,2922.3,2952.496,service-v1-266e0b1d,True,2922.3,historic_gtfs_service_activity_proxy,DERIVED,False,876.69,146.115,1022.805,391.588,734.476,-342.888,-102.866,1461.15,292.23,1217.625,783.176,669.694,113.483,34.045,2045.61,511.402,1250.095,1370.559,437.533,933.025,279.908,7.94,climate-v1.0,True,SCENARIO,sakay_gtfs_master_historic|doe_luzon_generation_2024|route2zero_climate_scenario_v1,0.7181,0.7181,0.55,0.35,300,0.3,0.5,0.7
LTFRB_PUJ1781,3489.42,3423.265,service-v1-266e0b1d,True,3489.42,historic_gtfs_service_activity_proxy,DERIVED,False,1046.826,174.471,1221.297,467.582,877.013,-409.431,-122.829,1744.71,348.942,1453.925,935.165,799.659,135.506,40.652,2442.594,610.648,1492.696,1636.538,522.444,1114.094,334.228,9.73,climate-v1.0,True,SCENARIO,sakay_gtfs_master_historic|doe_luzon_generation_2024|route2zero_climate_scenario_v1,0.7181,0.7181,0.55,0.35,300,0.3,0.5,0.7
LTFRB_PUJ1782,8391.54,8448.096,service-v1-266e0b1d,True,8391.54,historic_gtfs_service_activity_proxy,DERIVED,False,2517.462,419.577,2937.039,1124.466,2109.088,-984.621,-295.386,4195.77,839.154,3496.475,2248.933,1923.061,325.871,97.761,5874.078,1468.52,3589.714,3935.632,1256.4,2679.232,803.77,25.16,climate-v1.0,True,SCENARIO,sakay_gtfs_master_historic|doe_luzon_generation_2024|route2zero_climate_scenario_v1,0.7181,0.7181,0.55,0.35,300,0.3,0.5,0.7
LTFRB_PUJ1783,8976.0,8926.112,service-v1-266e0b1d,True,8976.0,historic_gtfs_service_activity_proxy,DERIVED,False,2692.8,448.8,3141.6,1202.784,2255.983,-1053.199,-315.96,4488.0,897.6,3740.0,2405.568,2057.0,348.568,104.57,6283.2,1570.8,3839.733,4209.744,1343.907,2865.837,859.751,27.0,climate-v1.0,True,SCENARIO,sakay_gtfs_master_historic|doe_luzon_generation_2024|route2zero_climate_scenario_v1,0.7181,0.7181,0.55,0.35,300,0.3,0.5,0.7
LTFRB_PUJ1784,17138.04,17350.009,service-v1-266e0b1d,True,17138.04,historic_gtfs_service_activity_proxy,DERIVED,False,5141.412,856.902,5998.314,2296.497,4307.389,-2010.892,-603.268,8569.02,1713.804,7140.85,4592.995,3927.468,665.527,199.658,11996.628,2999.157,7331.273,8037.741,2565.945,5471.795,1641.539,52.7,climate-v1.0,True,SCENARIO,sakay_gtfs_master_historic|doe_luzon_generation_2024|route2zero_climate_scenario_v1,0.7181,0.7181,0.55,0.35,300,0.3,0.5,0.7
LTFRB_PUJ1785,16978.920000000002,16834.401,service-v1-266e0b1d,True,16978.920000000002,historic_gtfs_service_activity_proxy,DERIVED,False,5093.676,848.946,5942.622,2275.175,4267.397,-1992.222,-597.666,8489.46,1697.892,7074.55,4550.351,3891.003,659.348,197.804,11885.244,2971.311,7263.205,7963.113,2542.122,5420.992,1626.298,52.2,climate-v1.0,True,SCENARIO,sakay_gtfs_master_historic|doe_luzon_generation_2024|route2zero_climate_scenario_v1,0.7181,0.7181,0.55,0.35,300,0.3,0.5,0.7
LTFRB_PUJ1786,18330.42,18308.678,service-v1-266e0b1d,True,18330.42,historic_gtfs_service_activity_proxy,DERIVED,False,5499.126,916.521,6415.647,2456.276,4607.076,-2150.8,-645.24,9165.21,1833.042,7637.675,4912.553,4200.721,711.831,213.549,12831.294,3207.823,7841.346,8596.967,2744.471,5852.496,1755.749,56.45,climate-v1.0,True,SCENARIO,sakay_gtfs_master_historic|doe_luzon_generation_2024|route2zero_climate_scenario_v1,0.7181,0.7181,0.55,0.35,300,0.3,0.5,0.7
LTFRB_PUJ1787,8897.460000000001,9118.547,service-v1-266e0b1d,True,8897.460000000001,historic_gtfs_service_activity_proxy,DERIVED,False,2669.238,444.873,3114.111,1192.26,2236.243,-1043.983,-313.195,4448.73,889.746,3707.275,2384.519,2039.001,345.518,103.655,6228.222,1557.056,3806.136,4172.909,1332.147,2840.761,852.228,26.75,climate-v1.0,True,SCENARIO,sakay_gtfs_master_historic|doe_luzon_generation_2024|route2zero_climate_scenario_v1,0.7181,0.7181,0.55,0.35,300,0.3,0.5,0.7
LTFRB_PUJ1788,14407.5,14265.56,service-v1-266e0b1d,True,14407.5,historic_gtfs_service_activity_proxy,DERIVED,False,4322.25,720.375,5042.625,1930.605,3621.109,-1690.504,-507.151,7203.75,1440.75,6003.125,3861.21,3301.719,559.491,167.847,10085.25,2521.312,6163.208,6757.118,2157.123,4599.995,1379.998,44.1,climate-v1.0,True,SCENARIO,sakay_gtfs_master_historic|doe_luzon_generation_2024|route2zero_climate_scenario_v1,0.7181,0.7181,0.55,0.35,300,0.3,0.5,0.7
LTFRB_PUJ1789,13608.84,13644.74,service-v1-266e0b1d,True,13608.84,historic_gtfs_service_activity_proxy,DERIVED,False,4082.652,680.442,4763.094,1823.585,3420.378,-1596.793,-479.038,6804.42,1360.884,5670.35,3647.169,3118.693,528.477,158.543,9526.188,2381.547,5821.559,6382.546,2037.546,4345.0,1303.5,41.59,climate-v1.0,True,SCENARIO,sakay_gtfs_master_historic|doe_luzon_generation_2024|route2zero_climate_scenario_v1,0.7181,0.7181,0.55,0.35,300,0.3,0.5,0.7
LTFRB_PUJ1790,13427.28,13405.158,service-v1-266e0b1d,True,13427.28,historic_gtfs_service_activity_proxy,DERIVED,False,4028.184,671.364,4699.548,1799.256,3374.745,-1575.49,-472.647,6713.64,1342.728,5594.7,3598.511,3077.085,521.426,156.428,9399.096,2349.774,5743.892,6297.394,2010.362,4287.032,1286.11,41.01,climate-v1.0,True,SCENARIO,sakay_gtfs_master_historic|doe_luzon_generation_2024|route2zero_climate_scenario_v1,0.7181,0.7181,0.55,0.35,300,0.3,0.5,0.7
LTFRB_PUJ1791,14197.38,14012.764,service-v1-266e0b1d,True,14197.38,historic_gtfs_service_activity_proxy,DERIVED,False,4259.214,709.869,4969.083,1902.449,3568.299,-1665.85,-499.755,7098.69,1419.738,5915.575,3804.898,3253.566,551.332,165.399,9938.166,2484.542,6073.324,6658.571,2125.663,4532.908,1359.872,43.44,climate-v1.0,True,SCENARIO,sakay_gtfs_master_historic|doe_luzon_generation_2024|route2zero_climate_scenario_v1,0.7181,0.7181,0.55,0.35,300,0.3,0.5,0.7
LTFRB_PUJ1792,14797.14,14813.399,service-v1-266e0b1d,True,14797.14,historic_gtfs_service_activity_proxy,DERIVED,False,4439.142,739.857,5178.999,1982.817,3719.039,-1736.222,-520.867,7398.57,1479.714,6165.475,3965.634,3391.011,574.622,172.387,10357.998,2589.5,6329.888,6939.859,2215.461,4724.398,1417.319,45.33,climate-v1.0,True,SCENARIO,sakay_gtfs_master_historic|doe_luzon_generation_2024|route2zero_climate_scenario_v1,0.7181,0.7181,0.55,0.35,300,0.3,0.5,0.7
LTFRB_PUJ1793,15112.320000000002,15237.133,service-v1-266e0b1d,True,15112.320000000002,historic_gtfs_service_activity_proxy,DERIVED,False,4533.696,755.616,5289.312,2025.051,3798.255,-1773.204,-531.961,7556.16,1511.232,6296.8,4050.102,3463.24,586.862,176.059,10578.624,2644.656,6464.715,7087.678,2262.65,4825.028,1447.508,46.32,climate-v1.0,True,SCENARIO,sakay_gtfs_master_historic|doe_luzon_generation_2024|route2zero_climate_scenario_v1,0.7181,0.7181,0.55,0.35,300,0.3,0.5,0.7
LTFRB_PUJ1794,14371.8,14251.432,service-v1-266e0b1d,True,14371.8,historic_gtfs_service_activity_proxy,DERIVED,False,4311.54,718.59,5030.13,1925.821,3612.136,-1686.315,-505.895,7185.9,1437.18,5988.25,3851.642,3293.538,558.105,167.431,10060.26,2515.065,6147.937,6740.374,2151.778,4588.596,1376.579,43.99,climate-v1.0,True,SCENARIO,sakay_gtfs_master_historic|doe_luzon_generation_2024|route2zero_climate_scenario_v1,0.7181,0.7181,0.55,0.35,300,0.3,0.5,0.7
LTFRB_PUJ1795,15231.66,15299.95,service-v1-266e0b1d,True,15231.66,historic_gtfs_service_activity_proxy,DERIVED,False,4569.498,761.583,5331.081,2041.042,3828.249,-1787.207,-536.162,7615.83,1523.166,6346.525,4082.085,3490.589,591.496,177.449,10662.162,2665.54,6515.766,7143.649,2280.518,4863.131,1458.939,46.7,climate-v1.0,True,SCENARIO,sakay_gtfs_master_historic|doe_luzon_generation_2024|route2zero_climate_scenario_v1,0.7181,0.7181,0.55,0.35,300,0.3,0.5,0.7
LTFRB_PUJ1796,2380.6800000000003,2338.649,service-v1-266e0b1d,True,2380.6800000000003,historic_gtfs_service_activity_proxy,DERIVED,False,714.204,119.034,833.238,319.011,598.348,-279.337,-83.801,1190.34,238.068,991.95,638.022,545.573,92.45,27.735,1666.476,416.619,1018.402,1116.539,356.441,760.098,228.029,6.24,climate-v1.0,True,SCENARIO,sakay_gtfs_master_historic|doe_luzon_generation_2024|route2zero_climate_scenario_v1,0.7181,0.7181,0.55,0.35,300,0.3,0.5,0.7
LTFRB_PUJ1797,1388.22,1314.729,service-v1-266e0b1d,True,1388.22,historic_gtfs_service_activity_proxy,DERIVED,False,416.466,69.411,485.877,186.021,348.908,-162.887,-48.866,694.11,138.822,578.425,372.043,318.134,53.909,16.173,971.754,242.938,593.85,651.075,207.847,443.228,132.968,3.11,climate-v1.0,True,SCENARIO,sakay_gtfs_master_historic|doe_luzon_generation_2024|route2zero_climate_scenario_v1,0.7181,0.7181,0.55,0.35,300,0.3,0.5,0.7
LTFRB_PUJ1798,3633.24,3673.607,service-v1-266e0b1d,True,3633.24,historic_gtfs_service_activity_proxy,DERIVED,False,1089.972,181.662,1271.634,486.854,913.16,-426.306,-127.892,1816.62,363.324,1513.85,973.708,832.618,141.091,42.327,2543.268,635.817,1554.219,1703.99,543.977,1160.013,348.004,10.18,climate-v1.0,True,SCENARIO,sakay_gtfs_master_historic|doe_luzon_generation_2024|route2zero_climate_scenario_v1,0.7181,0.7181,0.55,0.35,300,0.3,0.5,0.7
LTFRB_PUJ1799,3208.92,3301.903,service-v1-266e0b1d,True,3208.92,historic_gtfs_service_activity_proxy,DERIVED,False,962.676,160.446,1123.122,429.995,806.514,-376.519,-112.956,1604.46,320.892,1337.05,859.991,735.378,124.613,37.384,2246.244,561.561,1372.705,1504.983,480.447,1024.537,307.361,8.84,climate-v1.0,True,SCENARIO,sakay_gtfs_master_historic|doe_luzon_generation_2024|route2zero_climate_scenario_v1,0.7181,0.7181,0.55,0.35,300,0.3,0.5,0.7
LTFRB_PUJ1800,3364.98,3385.468,service-v1-266e0b1d,True,3364.98,historic_gtfs_service_activity_proxy,DERIVED,False,1009.494,168.249,1177.743,450.907,845.737,-394.83,-118.449,1682.49,336.498,1402.075,901.815,771.141,130.673,39.202,2355.486,588.872,1439.464,1578.176,503.812,1074.363,322.309,9.34,climate-v1.0,True,SCENARIO,sakay_gtfs_master_historic|doe_luzon_generation_2024|route2zero_climate_scenario_v1,0.7181,0.7181,0.55,0.35,300,0.3,0.5,0.7
LTFRB_PUJ1801,5857.860000000001,5823.052,service-v1-266e0b1d,True,5857.860000000001,historic_gtfs_service_activity_proxy,DERIVED,False,1757.358,292.893,2050.251,784.953,1472.285,-687.332,-206.2,2928.93,585.786,2440.775,1569.906,1342.426,227.48,68.244,4100.502,1025.126,2505.862,2747.336,877.052,1870.285,561.085,17.18,climate-v1.0,True,SCENARIO,sakay_gtfs_master_historic|doe_luzon_generation_2024|route2zero_climate_scenario_v1,0.7181,0.7181,0.55,0.35,300,0.3,0.5,0.7
LTFRB_PUJ1802,1250.52,1328.486,service-v1-266e0b1d,True,1250.52,historic_gtfs_service_activity_proxy,DERIVED,False,375.156,62.526,437.682,167.57,314.299,-146.73,-44.019,625.26,125.052,521.05,335.139,286.578,48.562,14.569,875.364,218.841,534.945,586.494,187.231,399.263,119.779,2.68,climate-v1.0,True,SCENARIO,sakay_gtfs_master_historic|doe_luzon_generation_2024|route2zero_climate_scenario_v1,0.7181,0.7181,0.55,0.35,300,0.3,0.5,0.7
LTFRB_PUJ1803,985.32,964.832,service-v1-266e0b1d,True,985.32,historic_gtfs_service_activity_proxy,DERIVED,False,295.596,49.266,344.862,132.033,247.645,-115.613,-34.684,492.66,98.532,410.55,264.066,225.803,38.263,11.479,689.724,172.431,421.498,462.115,147.524,314.591,94.377,1.84,climate-v1.0,True,SCENARIO,sakay_gtfs_master_historic|doe_luzon_generation_2024|route2zero_climate_scenario_v1,0.7181,0.7181,0.55,0.35,300,0.3,0.5,0.7
LTFRB_PUJ1804,14602.320000000002,14602.41,service-v1-266e0b1d,True,14602.320000000002,historic_gtfs_service_activity_proxy,DERIVED,False,4380.696,730.116,5110.812,1956.711,3670.074,-1713.363,-514.009,7301.16,1460.232,6084.3,3913.422,3346.365,567.057,170.117,10221.624,2555.406,6246.548,6848.488,2186.292,4662.196,1398.659,44.71,climate-v1.0,True,SCENARIO,sakay_gtfs_master_historic|doe_luzon_generation_2024|route2zero_climate_scenario_v1,0.7181,0.7181,0.55,0.35,300,0.3,0.5,0.7
LTFRB_PUJ1805,13217.16,13232.115,service-v1-266e0b1d,True,13217.16,historic_gtfs_service_activity_proxy,DERIVED,False,3965.148,660.858,4626.006,1771.099,3321.935,-1550.835,-465.251,6608.58,1321.716,5507.15,3542.199,3028.932,513.266,153.98,9252.012,2313.003,5654.007,6198.848,1978.903,4219.945,1265.984,40.35,climate-v1.0,True,SCENARIO,sakay_gtfs_master_historic|doe_luzon_generation_2024|route2zero_climate_scenario_v1,0.7181,0.7181,0.55,0.35,300,0.3,0.5,0.7
LTFRB_PUJ1806,8234.460000000001,8178.06,service-v1-266e0b1d,True,8234.460000000001,historic_gtfs_service_activity_proxy,DERIVED,False,2470.338,411.723,2882.061,1103.418,2069.608,-966.19,-289.857,4117.23,823.446,3431.025,2206.835,1887.064,319.772,95.931,5764.122,1441.03,3522.519,3861.962,1232.882,2629.08,788.724,24.67,climate-v1.0,True,SCENARIO,sakay_gtfs_master_historic|doe_luzon_generation_2024|route2zero_climate_scenario_v1,0.7181,0.7181,0.55,0.35,300,0.3,0.5,0.7
LTFRB_PUJ1807,6519.84,6512.393,service-v1-266e0b1d,True,6519.84,historic_gtfs_service_activity_proxy,DERIVED,False,1955.952,325.992,2281.944,873.659,1638.664,-765.005,-229.502,3259.92,651.984,2716.6,1747.317,1494.13,253.187,75.956,4563.888,1140.972,2789.043,3057.805,976.165,2081.64,624.492,19.27,climate-v1.0,True,SCENARIO,sakay_gtfs_master_historic|doe_luzon_generation_2024|route2zero_climate_scenario_v1,0.7181,0.7181,0.55,0.35,300,0.3,0.5,0.7
LTFRB_PUJ1809,6115.92,6090.799,service-v1-266e0b1d,True,6115.92,historic_gtfs_service_activity_proxy,DERIVED,False,1834.776,305.796,2140.572,819.533,1537.145,-717.611,-215.283,3057.96,611.592,2548.3,1639.067,1401.565,237.502,71.25,4281.144,1070.286,2616.255,2868.366,915.689,1952.677,585.803,18.0,climate-v1.0,True,SCENARIO,sakay_gtfs_master_historic|doe_luzon_generation_2024|route2zero_climate_scenario_v1,0.7181,0.7181,0.55,0.35,300,0.3,0.5,0.7
LTFRB_PUJ1811,3325.2,3247.545,service-v1-266e0b1d,True,3325.2,historic_gtfs_service_activity_proxy,DERIVED,False,997.56,166.26,1163.82,445.577,835.739,-390.162,-117.049,1662.6,332.52,1385.5,891.154,762.025,129.129,38.739,2327.64,581.91,1422.447,1559.519,497.856,1061.662,318.499,9.21,climate-v1.0,True,SCENARIO,sakay_gtfs_master_historic|doe_luzon_generation_2024|route2zero_climate_scenario_v1,0.7181,0.7181,0.55,0.35,300,0.3,0.5,0.7
LTFRB_PUJ1812,16685.16,16677.485,service-v1-266e0b1d,True,16685.16,historic_gtfs_service_activity_proxy,DERIVED,False,5005.548,834.258,5839.806,2235.811,4193.565,-1957.753,-587.326,8342.58,1668.516,6952.15,4471.623,3823.682,647.94,194.382,11679.612,2919.903,7137.541,7825.34,2498.139,5327.201,1598.16,51.27,climate-v1.0,True,SCENARIO,sakay_gtfs_master_historic|doe_luzon_generation_2024|route2zero_climate_scenario_v1,0.7181,0.7181,0.55,0.35,300,0.3,0.5,0.7
LTFRB_PUJ1813,16762.68,16764.703,service-v1-266e0b1d,True,16762.68,historic_gtfs_service_activity_proxy,DERIVED,False,5028.804,838.134,5866.938,2246.199,4213.048,-1966.849,-590.055,8381.34,1676.268,6984.45,4492.398,3841.448,650.951,195.285,11733.876,2933.469,7170.702,7861.697,2509.746,5351.951,1605.585,51.52,climate-v1.0,True,SCENARIO,sakay_gtfs_master_historic|doe_luzon_generation_2024|route2zero_climate_scenario_v1,0.7181,0.7181,0.55,0.35,300,0.3,0.5,0.7
LTFRB_PUJ1814,22545.06,22892.816,service-v1-266e0b1d,True,22545.06,historic_gtfs_service_activity_proxy,DERIVED,False,6763.518,1127.253,7890.771,3021.038,5666.363,-2645.325,-793.597,11272.53,2254.506,9393.775,6042.076,5166.576,875.5,262.65,15781.542,3945.386,9644.276,10573.633,3375.496,7198.137,2159.441,69.72,climate-v1.0,True,SCENARIO,sakay_gtfs_master_historic|doe_luzon_generation_2024|route2zero_climate_scenario_v1,0.7181,0.7181,0.55,0.35,300,0.3,0.5,0.7
LTFRB_PUJ1815,22955.1,23951.5,service-v1-266e0b1d,True,22955.1,historic_gtfs_service_activity_proxy,DERIVED,False,6886.53,1147.755,8034.285,3075.983,5769.42,-2693.437,-808.031,11477.55,2295.51,9564.625,6151.967,5260.544,891.423,267.427,16068.57,4017.142,9819.682,10765.942,3436.889,7329.053,2198.716,71.01,climate-v1.0,True,SCENARIO,sakay_gtfs_master_historic|doe_luzon_generation_2024|route2zero_climate_scenario_v1,0.7181,0.7181,0.55,0.35,300,0.3,0.5,0.7
LTFRB_PUJ1816,7836.66,7795.348,service-v1-266e0b1d,True,7836.66,historic_gtfs_service_activity_proxy,DERIVED,False,2350.998,391.833,2742.831,1050.112,1969.627,-919.515,-275.854,3918.33,783.666,3265.275,2100.225,1795.901,304.324,91.297,5485.662,1371.415,3352.349,3675.394,1173.322,2502.071,750.621,23.41,climate-v1.0,True,SCENARIO,sakay_gtfs_master_historic|doe_luzon_generation_2024|route2zero_climate_scenario_v1,0.7181,0.7181,0.55,0.35,300,0.3,0.5,0.7
LTFRB_PUJ1817,11028.24,10937.996,service-v1-266e0b1d,True,11028.24,historic_gtfs_service_activity_proxy,DERIVED,False,3308.472,551.412,3859.884,1477.784,2771.783,-1293.999,-388.2,5514.12,1102.824,4595.1,2955.568,2527.305,428.263,128.479,7719.768,1929.942,4717.636,5172.245,1651.173,3521.072,1056.322,33.46,climate-v1.0,True,SCENARIO,sakay_gtfs_master_historic|doe_luzon_generation_2024|route2zero_climate_scenario_v1,0.7181,0.7181,0.55,0.35,300,0.3,0.5,0.7
LTFRB_PUJ1818,10670.22,10686.351,service-v1-266e0b1d,True,10670.22,historic_gtfs_service_activity_proxy,DERIVED,False,3201.066,533.511,3734.577,1429.809,2681.8,-1251.99,-375.597,5335.11,1067.022,4445.925,2859.619,2445.259,414.36,124.308,7469.154,1867.288,4564.483,5004.333,1597.569,3406.764,1022.029,32.33,climate-v1.0,True,SCENARIO,sakay_gtfs_master_historic|doe_luzon_generation_2024|route2zero_climate_scenario_v1,0.7181,0.7181,0.55,0.35,300,0.3,0.5,0.7
LTFRB_PUJ1819,12717.36,12833.214,service-v1-266e0b1d,True,12717.36,historic_gtfs_service_activity_proxy,DERIVED,False,3815.208,635.868,4451.076,1704.126,3196.318,-1492.191,-447.657,6358.68,1271.736,5298.9,3408.252,2914.395,493.857,148.157,8902.152,2225.538,5440.204,5964.442,1904.071,4060.37,1218.111,38.78,climate-v1.0,True,SCENARIO,sakay_gtfs_master_historic|doe_luzon_generation_2024|route2zero_climate_scenario_v1,0.7181,0.7181,0.55,0.35,300,0.3,0.5,0.7
LTFRB_PUJ1820,12628.62,12723.308,service-v1-266e0b1d,True,12628.62,historic_gtfs_service_activity_proxy,DERIVED,False,3788.586,631.431,4420.017,1692.235,3174.014,-1481.779,-444.534,6314.31,1262.862,5261.925,3384.47,2894.059,490.411,147.123,8840.034,2210.008,5402.243,5922.823,1890.785,4032.038,1209.611,38.5,climate-v1.0,True,SCENARIO,sakay_gtfs_master_historic|doe_luzon_generation_2024|route2zero_climate_scenario_v1,0.7181,0.7181,0.55,0.35,300,0.3,0.5,0.7
LTFRB_PUJ1821,5478.42,5511.921,service-v1-266e0b1d,True,5478.42,historic_gtfs_service_activity_proxy,DERIVED,False,1643.526,273.921,1917.447,734.108,1376.919,-642.81,-192.843,2739.21,547.842,2282.675,1468.217,1255.471,212.745,63.824,3834.894,958.724,2343.546,2569.379,820.241,1749.138,524.741,15.99,climate-v1.0,True,SCENARIO,sakay_gtfs_master_historic|doe_luzon_generation_2024|route2zero_climate_scenario_v1,0.7181,0.7181,0.55,0.35,300,0.3,0.5,0.7
LTFRB_PUJ1822,4416.6,4497.715,service-v1-266e0b1d,True,4416.6,historic_gtfs_service_activity_proxy,DERIVED,False,1324.98,220.83,1545.81,591.824,1110.046,-518.222,-155.467,2208.3,441.66,1840.25,1183.649,1012.138,171.511,51.453,3091.62,772.905,1889.323,2071.385,661.263,1410.122,423.037,12.65,climate-v1.0,True,SCENARIO,sakay_gtfs_master_historic|doe_luzon_generation_2024|route2zero_climate_scenario_v1,0.7181,0.7181,0.55,0.35,300,0.3,0.5,0.7
LTFRB_PUJ1823,14451.36,14368.985,service-v1-266e0b1d,True,14451.36,historic_gtfs_service_activity_proxy,DERIVED,False,4335.408,722.568,5057.976,1936.482,3632.133,-1695.65,-508.695,7225.68,1445.136,6021.4,3872.964,3311.77,561.194,168.358,10115.952,2528.988,6181.971,6777.688,2163.69,4613.998,1384.199,44.24,climate-v1.0,True,SCENARIO,sakay_gtfs_master_historic|doe_luzon_generation_2024|route2zero_climate_scenario_v1,0.7181,0.7181,0.55,0.35,300,0.3,0.5,0.7
LTFRB_PUJ1824,13658.82,13664.105,service-v1-266e0b1d,True,13658.82,historic_gtfs_service_activity_proxy,DERIVED,False,4097.646,682.941,4780.587,1830.282,3432.94,-1602.658,-480.797,6829.41,1365.882,5691.175,3660.564,3130.146,530.418,159.125,9561.174,2390.294,5842.94,6405.987,2045.029,4360.958,1308.287,41.74,climate-v1.0,True,SCENARIO,sakay_gtfs_master_historic|doe_luzon_generation_2024|route2zero_climate_scenario_v1,0.7181,0.7181,0.55,0.35,300,0.3,0.5,0.7
LTFRB_PUJ1826,2453.1,2413.585,service-v1-266e0b1d,True,2453.1,historic_gtfs_service_activity_proxy,DERIVED,False,735.93,122.655,858.585,328.715,616.55,-287.834,-86.35,1226.55,245.31,1022.125,657.431,562.169,95.262,28.579,1717.17,429.292,1049.382,1150.504,367.284,783.22,234.966,6.46,climate-v1.0,True,SCENARIO,sakay_gtfs_master_historic|doe_luzon_generation_2024|route2zero_climate_scenario_v1,0.7181,0.7181,0.55,0.35,300,0.3,0.5,0.7
LTFRB_PUJ1827,16969.74,17176.851,service-v1-266e0b1d,True,16969.74,historic_gtfs_service_activity_proxy,DERIVED,False,5090.922,848.487,5939.409,2273.945,4265.09,-1991.144,-597.343,8484.87,1696.974,7070.725,4547.89,3888.899,658.992,197.697,11878.818,2969.705,7259.278,7958.808,2540.747,5418.061,1625.418,52.17,climate-v1.0,True,SCENARIO,sakay_gtfs_master_historic|doe_luzon_generation_2024|route2zero_climate_scenario_v1,0.7181,0.7181,0.55,0.35,300,0.3,0.5,0.7
LTFRB_PUJ1828,16419.96,12853.967,service-v1-266e0b1d,True,16419.96,historic_gtfs_service_activity_proxy,DERIVED,False,4925.988,820.998,5746.986,2200.275,4126.911,-1926.636,-577.991,8209.98,1641.996,6841.65,4400.549,3762.908,637.642,191.293,11493.972,2873.493,7024.094,7700.961,2458.433,5242.528,1572.759,50.44,climate-v1.0,True,SCENARIO,sakay_gtfs_master_historic|doe_luzon_generation_2024|route2zero_climate_scenario_v1,0.7181,0.7181,0.55,0.35,300,0.3,0.5,0.7
LTFRB_PUJ1830,11657.58,11644.432,service-v1-266e0b1d,True,11657.58,historic_gtfs_service_activity_proxy,DERIVED,False,3497.274,582.879,4080.153,1562.116,2929.958,-1367.842,-410.353,5828.79,1165.758,4857.325,3124.231,2671.529,452.703,135.811,8160.306,2040.076,4986.854,5467.405,1745.399,3722.006,1116.602,35.44,climate-v1.0,True,SCENARIO,sakay_gtfs_master_historic|doe_luzon_generation_2024|route2zero_climate_scenario_v1,0.7181,0.7181,0.55,0.35,300,0.3,0.5,0.7
LTFRB_PUJ1831,11545.38,11554.762,service-v1-266e0b1d,True,11545.38,historic_gtfs_service_activity_proxy,DERIVED,False,3463.614,577.269,4040.883,1547.081,2901.758,-1354.677,-406.403,5772.69,1154.538,4810.575,3094.162,2645.816,448.346,134.504,8081.766,2020.441,4938.857,5414.783,1728.6,3686.183,1105.855,35.09,climate-v1.0,True,SCENARIO,sakay_gtfs_master_historic|doe_luzon_generation_2024|route2zero_climate_scenario_v1,0.7181,0.7181,0.55,0.35,300,0.3,0.5,0.7
LTFRB_PUJ1833,7164.4800000000005,7033.179,service-v1-266e0b1d,True,7164.4800000000005,historic_gtfs_service_activity_proxy,DERIVED,False,2149.344,358.224,2507.568,960.04,1800.685,-840.644,-252.193,3582.24,716.448,2985.2,1920.081,1641.86,278.221,83.466,5015.136,1253.784,3064.805,3360.141,1072.682,2287.459,686.238,21.3,climate-v1.0,True,SCENARIO,sakay_gtfs_master_historic|doe_luzon_generation_2024|route2zero_climate_scenario_v1,0.7181,0.7181,0.55,0.35,300,0.3,0.5,0.7
LTFRB_PUJ1834,11483.16,11479.94,service-v1-266e0b1d,True,11483.16,historic_gtfs_service_activity_proxy,DERIVED,False,3444.948,574.158,4019.106,1538.743,2886.12,-1347.377,-404.213,5741.58,1148.316,4784.65,3077.487,2631.558,445.929,133.779,8038.212,2009.553,4912.241,5385.602,1719.284,3666.318,1099.895,34.89,climate-v1.0,True,SCENARIO,sakay_gtfs_master_historic|doe_luzon_generation_2024|route2zero_climate_scenario_v1,0.7181,0.7181,0.55,0.35,300,0.3,0.5,0.7
LTFRB_PUJ1836,6265.86,6179.332,service-v1-266e0b1d,True,6265.86,historic_gtfs_service_activity_proxy,DERIVED,False,1879.758,313.293,2193.051,839.625,1574.83,-735.205,-220.561,3132.93,626.586,2610.775,1679.25,1435.926,243.324,72.997,4386.102,1096.526,2680.396,2938.688,938.138,2000.55,600.165,18.47,climate-v1.0,True,SCENARIO,sakay_gtfs_master_historic|doe_luzon_generation_2024|route2zero_climate_scenario_v1,0.7181,0.7181,0.55,0.35,300,0.3,0.5,0.7
LTFRB_PUJ1837,6471.9,6585.545,service-v1-266e0b1d,True,6471.9,historic_gtfs_service_activity_proxy,DERIVED,False,1941.57,323.595,2265.165,867.235,1626.615,-759.38,-227.814,3235.95,647.19,2696.625,1734.469,1483.144,251.325,75.398,4530.33,1132.582,2768.535,3035.321,968.987,2066.334,619.9,19.12,climate-v1.0,True,SCENARIO,sakay_gtfs_master_historic|doe_luzon_generation_2024|route2zero_climate_scenario_v1,0.7181,0.7181,0.55,0.35,300,0.3,0.5,0.7
LTFRB_PUJ1838,10318.32,10391.098,service-v1-266e0b1d,True,10318.32,historic_gtfs_service_activity_proxy,DERIVED,False,3095.496,515.916,3611.412,1382.655,2593.355,-1210.7,-363.21,5159.16,1031.832,4299.3,2765.31,2364.615,400.695,120.208,7222.824,1805.706,4413.948,4839.292,1544.882,3294.41,988.323,31.23,climate-v1.0,True,SCENARIO,sakay_gtfs_master_historic|doe_luzon_generation_2024|route2zero_climate_scenario_v1,0.7181,0.7181,0.55,0.35,300,0.3,0.5,0.7
LTFRB_PUJ1839,2142.0,2149.866,service-v1-266e0b1d,True,2142.0,historic_gtfs_service_activity_proxy,DERIVED,False,642.6,107.1,749.7,287.028,538.36,-251.332,-75.399,1071.0,214.2,892.5,574.056,490.875,83.181,24.954,1499.4,374.85,916.3,1004.598,320.705,683.893,205.168,5.48,climate-v1.0,True,SCENARIO,sakay_gtfs_master_historic|doe_luzon_generation_2024|route2zero_climate_scenario_v1,0.7181,0.7181,0.55,0.35,300,0.3,0.5,0.7
LTFRB_PUJ1840,2471.46,2424.429,service-v1-266e0b1d,True,2471.46,historic_gtfs_service_activity_proxy,DERIVED,False,741.438,123.573,865.011,331.176,621.164,-289.989,-86.997,1235.73,247.146,1029.775,662.351,566.376,95.975,28.793,1730.022,432.506,1057.236,1159.115,370.032,789.082,236.725,6.52,climate-v1.0,True,SCENARIO,sakay_gtfs_master_historic|doe_luzon_generation_2024|route2zero_climate_scenario_v1,0.7181,0.7181,0.55,0.35,300,0.3,0.5,0.7
LTFRB_PUJ1841,1911.48,2014.816,service-v1-266e0b1d,True,1911.48,historic_gtfs_service_activity_proxy,DERIVED,False,573.444,95.574,669.018,256.138,480.422,-224.284,-67.285,955.74,191.148,796.45,512.277,438.048,74.229,22.269,1338.036,334.509,817.689,896.484,286.191,610.293,183.088,4.76,climate-v1.0,True,SCENARIO,sakay_gtfs_master_historic|doe_luzon_generation_2024|route2zero_climate_scenario_v1,0.7181,0.7181,0.55,0.35,300,0.3,0.5,0.7
LTFRB_PUJ1842,2342.94,2462.22,service-v1-266e0b1d,True,2342.94,historic_gtfs_service_activity_proxy,DERIVED,False,702.882,117.147,820.029,313.954,588.863,-274.909,-82.473,1171.47,234.294,976.225,627.908,536.924,90.984,27.295,1640.058,410.014,1002.258,1098.839,350.79,748.049,224.415,6.12,climate-v1.0,True,SCENARIO,sakay_gtfs_master_historic|doe_luzon_generation_2024|route2zero_climate_scenario_v1,0.7181,0.7181,0.55,0.35,300,0.3,0.5,0.7
LTFRB_PUJ1843,9931.74,9846.156,service-v1-266e0b1d,True,9931.74,historic_gtfs_service_activity_proxy,DERIVED,False,2979.522,496.587,3476.109,1330.853,2496.194,-1165.341,-349.602,4965.87,993.174,4138.225,2661.706,2276.024,385.683,115.705,6952.218,1738.054,4248.578,4657.986,1487.002,3170.984,951.295,30.01,climate-v1.0,True,SCENARIO,sakay_gtfs_master_historic|doe_luzon_generation_2024|route2zero_climate_scenario_v1,0.7181,0.7181,0.55,0.35,300,0.3,0.5,0.7
LTFRB_PUJ1844,9586.98,9656.363,service-v1-266e0b1d,True,9586.98,historic_gtfs_service_activity_proxy,DERIVED,False,2876.094,479.349,3355.443,1284.655,2409.544,-1124.888,-337.466,4793.49,958.698,3994.575,2569.311,2197.016,372.294,111.688,6710.886,1677.721,4101.097,4496.294,1435.384,3060.91,918.273,28.92,climate-v1.0,True,SCENARIO,sakay_gtfs_master_historic|doe_luzon_generation_2024|route2zero_climate_scenario_v1,0.7181,0.7181,0.55,0.35,300,0.3,0.5,0.7
LTFRB_PUJ1845,9236.1,9068.333,service-v1-266e0b1d,True,9236.1,historic_gtfs_service_activity_proxy,DERIVED,False,2770.83,461.805,3232.635,1237.637,2321.355,-1083.718,-325.115,4618.05,923.61,3848.375,2475.275,2116.606,358.669,107.601,6465.27,1616.317,3950.998,4331.731,1382.849,2948.881,884.664,27.82,climate-v1.0,True,SCENARIO,sakay_gtfs_master_historic|doe_luzon_generation_2024|route2zero_climate_scenario_v1,0.7181,0.7181,0.55,0.35,300,0.3,0.5,0.7
LTFRB_PUJ1846,9010.68,8926.605,service-v1-266e0b1d,True,9010.68,historic_gtfs_service_activity_proxy,DERIVED,False,2703.204,450.534,3153.738,1207.431,2264.699,-1057.268,-317.18,4505.34,901.068,3754.45,2414.862,2064.948,349.915,104.974,6307.476,1576.869,3854.569,4226.009,1349.099,2876.91,863.073,27.11,climate-v1.0,True,SCENARIO,sakay_gtfs_master_historic|doe_luzon_generation_2024|route2zero_climate_scenario_v1,0.7181,0.7181,0.55,0.35,300,0.3,0.5,0.7
LTFRB_PUJ1847,3332.34,3221.254,service-v1-266e0b1d,True,3332.34,historic_gtfs_service_activity_proxy,DERIVED,False,999.702,166.617,1166.319,446.534,837.534,-391.0,-117.3,1666.17,333.234,1388.475,893.067,763.661,129.406,38.822,2332.638,583.16,1425.501,1562.867,498.925,1063.942,319.183,9.23,climate-v1.0,True,SCENARIO,sakay_gtfs_master_historic|doe_luzon_generation_2024|route2zero_climate_scenario_v1,0.7181,0.7181,0.55,0.35,300,0.3,0.5,0.7
LTFRB_PUJ1849,12886.68,12815.104,service-v1-266e0b1d,True,12886.68,historic_gtfs_service_activity_proxy,DERIVED,False,3866.004,644.334,4510.338,1726.815,3238.874,-1512.059,-453.618,6443.34,1288.668,5369.45,3453.63,2953.198,500.433,150.13,9020.676,2255.169,5512.635,6043.853,1929.422,4114.431,1234.329,39.31,climate-v1.0,True,SCENARIO,sakay_gtfs_master_historic|doe_luzon_generation_2024|route2zero_climate_scenario_v1,0.7181,0.7181,0.55,0.35,300,0.3,0.5,0.7
LTFRB_PUJ1850,12388.92,12516.738,service-v1-266e0b1d,True,12388.92,historic_gtfs_service_activity_proxy,DERIVED,False,3716.676,619.446,4336.122,1660.115,3113.769,-1453.654,-436.096,6194.46,1238.892,5162.05,3320.231,2839.128,481.103,144.331,8672.244,2168.061,5299.705,5810.403,1854.897,3955.507,1186.652,37.75,climate-v1.0,True,SCENARIO,sakay_gtfs_master_historic|doe_luzon_generation_2024|route2zero_climate_scenario_v1,0.7181,0.7181,0.55,0.35,300,0.3,0.5,0.7
LTFRB_PUJ1851,5187.72,5219.537,service-v1-266e0b1d,True,5187.72,historic_gtfs_service_activity_proxy,DERIVED,False,1556.316,259.386,1815.702,695.154,1303.856,-608.701,-182.61,2593.86,518.772,2161.55,1390.309,1188.852,201.456,60.437,3631.404,907.851,2219.191,2433.041,776.717,1656.324,496.897,15.07,climate-v1.0,True,SCENARIO,sakay_gtfs_master_historic|doe_luzon_generation_2024|route2zero_climate_scenario_v1,0.7181,0.7181,0.55,0.35,300,0.3,0.5,0.7
LTFRB_PUJ1852,5618.16,5549.649,service-v1-266e0b1d,True,5618.16,historic_gtfs_service_activity_proxy,DERIVED,False,1685.448,280.908,1966.356,752.833,1412.04,-659.207,-197.762,2809.08,561.816,2340.9,1505.667,1287.495,218.172,65.452,3932.712,983.178,2403.324,2634.917,841.163,1793.754,538.126,16.43,climate-v1.0,True,SCENARIO,sakay_gtfs_master_historic|doe_luzon_generation_2024|route2zero_climate_scenario_v1,0.7181,0.7181,0.55,0.35,300,0.3,0.5,0.7
LTFRB_PUJ1853,8124.3,8226.675,service-v1-266e0b1d,True,8124.3,historic_gtfs_service_activity_proxy,DERIVED,False,2437.29,406.215,2843.505,1088.656,2041.921,-953.265,-285.979,4062.15,812.43,3385.125,2177.312,1861.819,315.494,94.648,5687.01,1421.752,3475.395,3810.297,1216.388,2593.908,778.173,24.32,climate-v1.0,True,SCENARIO,sakay_gtfs_master_historic|doe_luzon_generation_2024|route2zero_climate_scenario_v1,0.7181,0.7181,0.55,0.35,300,0.3,0.5,0.7
LTFRB_PUJ1854,7787.7,7880.677,service-v1-266e0b1d,True,7787.7,historic_gtfs_service_activity_proxy,DERIVED,False,2336.31,389.385,2725.695,1043.552,1957.322,-913.77,-274.131,3893.85,778.77,3244.875,2087.104,1784.681,302.422,90.727,5451.39,1362.847,3331.405,3652.431,1165.992,2486.44,745.932,23.26,climate-v1.0,True,SCENARIO,sakay_gtfs_master_historic|doe_luzon_generation_2024|route2zero_climate_scenario_v1,0.7181,0.7181,0.55,0.35,300,0.3,0.5,0.7
LTFRB_PUJ1855,13163.1,13204.581,service-v1-266e0b1d,True,13163.1,historic_gtfs_service_activity_proxy,DERIVED,False,3948.93,658.155,4607.085,1763.855,3308.348,-1544.492,-463.348,6581.55,1316.31,5484.625,3527.711,3016.544,511.167,153.35,9214.17,2303.542,5630.882,6173.494,1970.809,4202.685,1260.806,40.18,climate-v1.0,True,SCENARIO,sakay_gtfs_master_historic|doe_luzon_generation_2024|route2zero_climate_scenario_v1,0.7181,0.7181,0.55,0.35,300,0.3,0.5,0.7
LTFRB_PUJ1856,13226.34,13314.227,service-v1-266e0b1d,True,13226.34,historic_gtfs_service_activity_proxy,DERIVED,False,3967.902,661.317,4629.219,1772.33,3324.242,-1551.913,-465.574,6613.17,1322.634,5510.975,3544.659,3031.036,513.623,154.087,9258.438,2314.61,5657.934,6203.153,1980.277,4222.876,1266.863,40.38,climate-v1.0,True,SCENARIO,sakay_gtfs_master_historic|doe_luzon_generation_2024|route2zero_climate_scenario_v1,0.7181,0.7181,0.55,0.35,300,0.3,0.5,0.7
LTFRB_PUJ1857,13102.92,13052.627,service-v1-266e0b1d,True,13102.92,historic_gtfs_service_activity_proxy,DERIVED,False,3930.876,655.146,4586.022,1755.791,3293.222,-1537.431,-461.229,6551.46,1310.292,5459.55,3511.583,3002.753,508.83,152.649,9172.044,2293.011,5605.138,6145.269,1961.798,4183.471,1255.041,39.99,climate-v1.0,True,SCENARIO,sakay_gtfs_master_historic|doe_luzon_generation_2024|route2zero_climate_scenario_v1,0.7181,0.7181,0.55,0.35,300,0.3,0.5,0.7
LTFRB_PUJ1859,5631.42,5769.503,service-v1-266e0b1d,True,5631.42,historic_gtfs_service_activity_proxy,DERIVED,False,1689.426,281.571,1970.997,754.61,1415.373,-660.763,-198.229,2815.71,563.142,2346.425,1509.221,1290.534,218.687,65.606,3941.994,985.498,2408.996,2641.136,843.149,1797.987,539.396,16.47,climate-v1.0,True,SCENARIO,sakay_gtfs_master_historic|doe_luzon_generation_2024|route2zero_climate_scenario_v1,0.7181,0.7181,0.55,0.35,300,0.3,0.5,0.7
LTFRB_PUJ1860,6079.2,6129.658,service-v1-266e0b1d,True,6079.2,historic_gtfs_service_activity_proxy,DERIVED,False,1823.76,303.96,2127.72,814.613,1527.916,-713.303,-213.991,3039.6,607.92,2533.0,1629.226,1393.15,236.076,70.823,4255.44,1063.86,2600.547,2851.145,910.191,1940.953,582.286,17.88,climate-v1.0,True,SCENARIO,sakay_gtfs_master_historic|doe_luzon_generation_2024|route2zero_climate_scenario_v1,0.7181,0.7181,0.55,0.35,300,0.3,0.5,0.7
LTFRB_PUJ1862,8241.6,8180.456,service-v1-266e0b1d,True,8241.6,historic_gtfs_service_activity_proxy,DERIVED,False,2472.48,412.08,2884.56,1104.374,2071.403,-967.028,-290.108,4120.8,824.16,3434.0,2208.749,1888.7,320.049,96.015,5769.12,1442.28,3525.573,3865.31,1233.951,2631.36,789.408,24.69,climate-v1.0,True,SCENARIO,sakay_gtfs_master_historic|doe_luzon_generation_2024|route2zero_climate_scenario_v1,0.7181,0.7181,0.55,0.35,300,0.3,0.5,0.7
LTFRB_PUJ1863,17277.78,17176.208,service-v1-266e0b1d,True,17277.78,historic_gtfs_service_activity_proxy,DERIVED,False,5183.334,863.889,6047.223,2315.223,4342.511,-2027.288,-608.186,8638.89,1727.778,7199.075,4630.445,3959.491,670.954,201.286,12094.446,3023.611,7391.05,8103.279,2586.868,5516.411,1654.923,53.14,climate-v1.0,True,SCENARIO,sakay_gtfs_master_historic|doe_luzon_generation_2024|route2zero_climate_scenario_v1,0.7181,0.7181,0.55,0.35,300,0.3,0.5,0.7
LTFRB_PUJ1865,3786.24,3774.061,service-v1-266e0b1d,True,3786.24,historic_gtfs_service_activity_proxy,DERIVED,False,1135.872,189.312,1325.184,507.356,951.615,-444.258,-133.278,1893.12,378.624,1577.6,1014.712,867.68,147.032,44.11,2650.368,662.592,1619.669,1775.747,566.884,1208.862,362.659,10.66,climate-v1.0,True,SCENARIO,sakay_gtfs_master_historic|doe_luzon_generation_2024|route2zero_climate_scenario_v1,0.7181,0.7181,0.55,0.35,300,0.3,0.5,0.7
LTFRB_PUJ1866,15494.820000000002,15441.673,service-v1-266e0b1d,True,15494.820000000002,historic_gtfs_service_activity_proxy,DERIVED,False,4648.446,774.741,5423.187,2076.306,3894.391,-1818.085,-545.425,7747.41,1549.482,6456.175,4152.612,3550.896,601.716,180.515,10846.374,2711.594,6628.34,7267.071,2319.919,4947.152,1484.146,47.52,climate-v1.0,True,SCENARIO,sakay_gtfs_master_historic|doe_luzon_generation_2024|route2zero_climate_scenario_v1,0.7181,0.7181,0.55,0.35,300,0.3,0.5,0.7
LTFRB_PUJ1867,15365.28,15193.555,service-v1-266e0b1d,True,15365.28,historic_gtfs_service_activity_proxy,DERIVED,False,4609.584,768.264,5377.848,2058.948,3861.833,-1802.885,-540.866,7682.64,1536.528,6402.2,4117.895,3521.21,596.685,179.006,10755.696,2688.924,6572.925,7206.316,2300.524,4905.792,1471.738,47.12,climate-v1.0,True,SCENARIO,sakay_gtfs_master_historic|doe_luzon_generation_2024|route2zero_climate_scenario_v1,0.7181,0.7181,0.55,0.35,300,0.3,0.5,0.7
LTFRB_PUJ1868,10081.68,10333.397,service-v1-266e0b1d,True,10081.68,historic_gtfs_service_activity_proxy,DERIVED,False,3024.504,504.084,3528.588,1350.945,2533.879,-1182.934,-354.88,5040.84,1008.168,4200.7,2701.89,2310.385,391.505,117.452,7057.176,1764.294,4312.719,4728.308,1509.452,3218.856,965.657,30.48,climate-v1.0,True,SCENARIO,sakay_gtfs_master_historic|doe_luzon_generation_2024|route2zero_climate_scenario_v1,0.7181,0.7181,0.55,0.35,300,0.3,0.5,0.7
LTFRB_PUJ1869,10085.76,10325.231,service-v1-266e0b1d,True,10085.76,historic_gtfs_service_activity_proxy,DERIVED,False,3025.728,504.288,3530.016,1351.492,2534.904,-1183.413,-355.024,5042.88,1008.576,4202.4,2702.984,2311.32,391.664,117.499,7060.032,1765.008,4314.464,4730.221,1510.062,3220.159,966.048,30.49,climate-v1.0,True,SCENARIO,sakay_gtfs_master_historic|doe_luzon_generation_2024|route2zero_climate_scenario_v1,0.7181,0.7181,0.55,0.35,300,0.3,0.5,0.7
LTFRB_PUJ1870,3061.02,2876.893,service-v1-266e0b1d,True,3061.02,historic_gtfs_service_activity_proxy,DERIVED,False,918.306,153.051,1071.357,410.177,769.341,-359.165,-107.749,1530.51,306.102,1275.425,820.353,701.484,118.87,35.661,2142.714,535.678,1309.436,1435.618,458.303,977.316,293.195,8.38,climate-v1.0,True,SCENARIO,sakay_gtfs_master_historic|doe_luzon_generation_2024|route2zero_climate_scenario_v1,0.7181,0.7181,0.55,0.35,300,0.3,0.5,0.7
LTFRB_PUJ1871,2642.82,2621.753,service-v1-266e0b1d,True,2642.82,historic_gtfs_service_activity_proxy,DERIVED,False,792.846,132.141,924.987,354.138,664.233,-310.095,-93.029,1321.41,264.282,1101.175,708.276,605.646,102.63,30.789,1849.974,462.494,1130.54,1239.483,395.689,843.794,253.138,7.06,climate-v1.0,True,SCENARIO,sakay_gtfs_master_historic|doe_luzon_generation_2024|route2zero_climate_scenario_v1,0.7181,0.7181,0.55,0.35,300,0.3,0.5,0.7
LTFRB_PUJ1872,8864.820000000002,8942.913,service-v1-266e0b1d,True,8864.820000000002,historic_gtfs_service_activity_proxy,DERIVED,False,2659.446,443.241,3102.687,1187.886,2228.04,-1040.154,-312.046,4432.41,886.482,3693.675,2375.772,2031.521,344.251,103.275,6205.374,1551.344,3792.173,4157.601,1327.261,2830.34,849.102,26.65,climate-v1.0,True,SCENARIO,sakay_gtfs_master_historic|doe_luzon_generation_2024|route2zero_climate_scenario_v1,0.7181,0.7181,0.55,0.35,300,0.3,0.5,0.7
LTFRB_PUJ1873,9096.36,9016.763,service-v1-266e0b1d,True,9096.36,historic_gtfs_service_activity_proxy,DERIVED,False,2728.908,454.818,3183.726,1218.912,2286.234,-1067.321,-320.196,4548.18,909.636,3790.15,2437.824,2084.583,353.242,105.973,6367.452,1591.863,3891.221,4266.193,1361.927,2904.266,871.28,27.38,climate-v1.0,True,SCENARIO,sakay_gtfs_master_historic|doe_luzon_generation_2024|route2zero_climate_scenario_v1,0.7181,0.7181,0.55,0.35,300,0.3,0.5,0.7
LTFRB_PUJ1874,6018.0,5835.288,service-v1-266e0b1d,True,6018.0,historic_gtfs_service_activity_proxy,DERIVED,False,1805.4,300.9,2106.3,806.412,1512.534,-706.122,-211.837,3009.0,601.8,2507.5,1612.824,1379.125,233.699,70.11,4212.6,1053.15,2574.367,2822.442,901.028,1921.414,576.424,17.69,climate-v1.0,True,SCENARIO,sakay_gtfs_master_historic|doe_luzon_generation_2024|route2zero_climate_scenario_v1,0.7181,0.7181,0.55,0.35,300,0.3,0.5,0.7
LTFRB_PUJ1875,6290.34,6374.835,service-v1-266e0b1d,True,6290.34,historic_gtfs_service_activity_proxy,DERIVED,False,1887.102,314.517,2201.619,842.906,1580.983,-738.077,-221.423,3145.17,629.034,2620.975,1685.811,1441.536,244.275,73.282,4403.238,1100.809,2690.868,2950.169,941.804,2008.366,602.51,18.55,climate-v1.0,True,SCENARIO,sakay_gtfs_master_historic|doe_luzon_generation_2024|route2zero_climate_scenario_v1,0.7181,0.7181,0.55,0.35,300,0.3,0.5,0.7
LTFRB_PUJ1876,12821.4,12778.833,service-v1-266e0b1d,True,12821.4,historic_gtfs_service_activity_proxy,DERIVED,False,3846.42,641.07,4487.49,1718.068,3222.467,-1504.399,-451.32,6410.7,1282.14,5342.25,3436.135,2938.237,497.898,149.369,8974.98,2243.745,5484.71,6013.237,1919.648,4093.588,1228.076,39.11,climate-v1.0,True,SCENARIO,sakay_gtfs_master_historic|doe_luzon_generation_2024|route2zero_climate_scenario_v1,0.7181,0.7181,0.55,0.35,300,0.3,0.5,0.7
LTFRB_PUJ1877,10912.98,10671.059,service-v1-266e0b1d,True,10912.98,historic_gtfs_service_activity_proxy,DERIVED,False,3273.894,545.649,3819.543,1462.339,2742.814,-1280.475,-384.142,5456.49,1091.298,4547.075,2924.679,2500.891,423.787,127.136,7639.086,1909.771,4668.33,5118.188,1633.916,3484.272,1045.282,33.1,climate-v1.0,True,SCENARIO,sakay_gtfs_master_historic|doe_luzon_generation_2024|route2zero_climate_scenario_v1,0.7181,0.7181,0.55,0.35,300,0.3,0.5,0.7
LTFRB_PUJ1878,9080.04,9100.887,service-v1-266e0b1d,True,9080.04,historic_gtfs_service_activity_proxy,DERIVED,False,2724.012,454.002,3178.014,1216.725,2282.132,-1065.406,-319.622,4540.02,908.004,3783.35,2433.451,2080.843,352.608,105.782,6356.028,1589.007,3884.239,4258.539,1359.484,2899.055,869.716,27.33,climate-v1.0,True,SCENARIO,sakay_gtfs_master_historic|doe_luzon_generation_2024|route2zero_climate_scenario_v1,0.7181,0.7181,0.55,0.35,300,0.3,0.5,0.7
LTFRB_PUJ1879,7674.48,7451.191,service-v1-266e0b1d,True,7674.48,historic_gtfs_service_activity_proxy,DERIVED,False,2302.344,383.724,2686.068,1028.38,1928.865,-900.485,-270.146,3837.24,767.448,3197.7,2056.761,1758.735,298.026,89.408,5372.136,1343.034,3282.972,3599.331,1149.04,2450.291,735.087,22.9,climate-v1.0,True,SCENARIO,sakay_gtfs_master_historic|doe_luzon_generation_2024|route2zero_climate_scenario_v1,0.7181,0.7181,0.55,0.35,300,0.3,0.5,0.7
LTFRB_PUJ1880,4836.84,4815.067,service-v1-266e0b1d,True,4836.84,historic_gtfs_service_activity_proxy,DERIVED,False,1451.052,241.842,1692.894,648.137,1215.667,-567.531,-170.259,2418.42,483.684,2015.35,1296.273,1108.442,187.831,56.349,3385.788,846.447,2069.093,2268.478,724.182,1544.296,463.289,13.97,climate-v1.0,True,SCENARIO,sakay_gtfs_master_historic|doe_luzon_generation_2024|route2zero_climate_scenario_v1,0.7181,0.7181,0.55,0.35,300,0.3,0.5,0.7
LTFRB_PUJ1881,4836.84,4815.067,service-v1-266e0b1d,True,4836.84,historic_gtfs_service_activity_proxy,DERIVED,False,1451.052,241.842,1692.894,648.137,1215.667,-567.531,-170.259,2418.42,483.684,2015.35,1296.273,1108.442,187.831,56.349,3385.788,846.447,2069.093,2268.478,724.182,1544.296,463.289,13.97,climate-v1.0,True,SCENARIO,sakay_gtfs_master_historic|doe_luzon_generation_2024|route2zero_climate_scenario_v1,0.7181,0.7181,0.55,0.35,300,0.3,0.5,0.7
LTFRB_PUJ1882,10691.64,10644.027,service-v1-266e0b1d,True,10691.64,historic_gtfs_service_activity_proxy,DERIVED,False,3207.492,534.582,3742.074,1432.68,2687.183,-1254.504,-376.351,5345.82,1069.164,4454.85,2865.36,2450.168,415.192,124.558,7484.148,1871.037,4573.646,5014.379,1600.776,3413.603,1024.081,32.4,climate-v1.0,True,SCENARIO,sakay_gtfs_master_historic|doe_luzon_generation_2024|route2zero_climate_scenario_v1,0.7181,0.7181,0.55,0.35,300,0.3,0.5,0.7
LTFRB_PUJ1883,10752.84,10741.536,service-v1-266e0b1d,True,10752.84,historic_gtfs_service_activity_proxy,DERIVED,False,3225.852,537.642,3763.494,1440.881,2702.565,-1261.684,-378.505,5376.42,1075.284,4480.35,2881.761,2464.193,417.569,125.271,7526.988,1881.747,4599.826,5043.082,1609.939,3433.143,1029.943,32.59,climate-v1.0,True,SCENARIO,sakay_gtfs_master_historic|doe_luzon_generation_2024|route2zero_climate_scenario_v1,0.7181,0.7181,0.55,0.35,300,0.3,0.5,0.7
LTFRB_PUJ1884,6668.76,6517.042,service-v1-266e0b1d,True,6668.76,historic_gtfs_service_activity_proxy,DERIVED,False,2000.628,333.438,2334.066,893.614,1676.093,-782.479,-234.744,3334.38,666.876,2778.65,1787.228,1528.258,258.97,77.691,4668.132,1167.033,2852.747,3127.648,998.462,2129.187,638.756,19.74,climate-v1.0,True,SCENARIO,sakay_gtfs_master_historic|doe_luzon_generation_2024|route2zero_climate_scenario_v1,0.7181,0.7181,0.55,0.35,300,0.3,0.5,0.7
LTFRB_PUJ1885,6673.860000000001,6699.078,service-v1-266e0b1d,True,6673.860000000001,historic_gtfs_service_activity_proxy,DERIVED,False,2002.158,333.693,2335.851,894.297,1677.375,-783.077,-234.923,3336.93,667.386,2780.775,1788.594,1529.426,259.168,77.75,4671.702,1167.926,2854.929,3130.04,999.225,2130.815,639.245,19.75,climate-v1.0,True,SCENARIO,sakay_gtfs_master_historic|doe_luzon_generation_2024|route2zero_climate_scenario_v1,0.7181,0.7181,0.55,0.35,300,0.3,0.5,0.7
LTFRB_PUJ1886,5364.18,5398.834,service-v1-266e0b1d,True,5364.18,historic_gtfs_service_activity_proxy,DERIVED,False,1609.254,268.209,1877.463,718.8,1348.206,-629.406,-188.822,2682.09,536.418,2235.075,1437.6,1229.291,208.309,62.493,3754.926,938.732,2294.677,2515.8,803.137,1712.663,513.799,15.63,climate-v1.0,True,SCENARIO,sakay_gtfs_master_historic|doe_luzon_generation_2024|route2zero_climate_scenario_v1,0.7181,0.7181,0.55,0.35,300,0.3,0.5,0.7
LTFRB_PUJ1887,5723.219999999999,5634.202,service-v1-266e0b1d,True,5723.219999999999,historic_gtfs_service_activity_proxy,DERIVED,False,1716.966,286.161,2003.127,766.911,1438.445,-671.534,-201.46,2861.61,572.322,2384.675,1533.823,1311.571,222.252,66.676,4006.254,1001.563,2448.266,2684.19,856.893,1827.297,548.189,16.76,climate-v1.0,True,SCENARIO,sakay_gtfs_master_historic|doe_luzon_generation_2024|route2zero_climate_scenario_v1,0.7181,0.7181,0.55,0.35,300,0.3,0.5,0.7
LTFRB_PUJ1888,3536.34,3618.904,service-v1-266e0b1d,True,3536.34,historic_gtfs_service_activity_proxy,DERIVED,False,1060.902,176.817,1237.719,473.87,888.806,-414.936,-124.481,1768.17,353.634,1473.475,947.739,810.411,137.328,41.198,2475.438,618.86,1512.768,1658.543,529.469,1129.075,338.722,9.87,climate-v1.0,True,SCENARIO,sakay_gtfs_master_historic|doe_luzon_generation_2024|route2zero_climate_scenario_v1,0.7181,0.7181,0.55,0.35,300,0.3,0.5,0.7
LTFRB_PUJ1889,2769.3,2867.356,service-v1-266e0b1d,True,2769.3,historic_gtfs_service_activity_proxy,DERIVED,False,830.79,138.465,969.255,371.086,696.022,-324.936,-97.481,1384.65,276.93,1153.875,742.172,634.631,107.541,32.262,1938.51,484.628,1184.645,1298.802,414.626,884.176,265.253,7.46,climate-v1.0,True,SCENARIO,sakay_gtfs_master_historic|doe_luzon_generation_2024|route2zero_climate_scenario_v1,0.7181,0.7181,0.55,0.35,300,0.3,0.5,0.7
LTFRB_PUJ1890,23508.96,23692.829,service-v1-266e0b1d,True,23508.96,historic_gtfs_service_activity_proxy,DERIVED,False,7052.688,1175.448,8228.136,3150.201,5908.624,-2758.424,-827.527,11754.48,2350.896,9795.4,6300.401,5387.47,912.931,273.879,16456.272,4114.068,10056.611,11025.702,3519.814,7505.889,2251.767,72.76,climate-v1.0,True,SCENARIO,sakay_gtfs_master_historic|doe_luzon_generation_2024|route2zero_climate_scenario_v1,0.7181,0.7181,0.55,0.35,300,0.3,0.5,0.7
LTFRB_PUJ1891,23614.02,23567.997,service-v1-266e0b1d,True,23614.02,historic_gtfs_service_activity_proxy,DERIVED,False,7084.206,1180.701,8264.907,3164.279,5935.03,-2770.751,-831.225,11807.01,2361.402,9839.175,6328.557,5411.546,917.011,275.103,16529.814,4132.453,10101.553,11074.975,3535.544,7539.432,2261.83,73.09,climate-v1.0,True,SCENARIO,sakay_gtfs_master_historic|doe_luzon_generation_2024|route2zero_climate_scenario_v1,0.7181,0.7181,0.55,0.35,300,0.3,0.5,0.7
LTFRB_PUJ1892,12323.64,12360.05,service-v1-266e0b1d,True,12323.64,historic_gtfs_service_activity_proxy,DERIVED,False,3697.092,616.182,4313.274,1651.368,3097.362,-1445.994,-433.798,6161.82,1232.364,5134.85,3302.736,2824.168,478.568,143.57,8626.548,2156.637,5271.779,5779.787,1845.123,3934.664,1180.399,37.54,climate-v1.0,True,SCENARIO,sakay_gtfs_master_historic|doe_luzon_generation_2024|route2zero_climate_scenario_v1,0.7181,0.7181,0.55,0.35,300,0.3,0.5,0.7
LTFRB_PUJ1893,12100.26,12043.31,service-v1-266e0b1d,True,12100.26,historic_gtfs_service_activity_proxy,DERIVED,False,3630.078,605.013,4235.091,1621.435,3041.219,-1419.784,-425.935,6050.13,1210.026,5041.775,3242.87,2772.976,469.893,140.968,8470.182,2117.545,5176.222,5675.022,1811.678,3863.344,1159.003,36.84,climate-v1.0,True,SCENARIO,sakay_gtfs_master_historic|doe_luzon_generation_2024|route2zero_climate_scenario_v1,0.7181,0.7181,0.55,0.35,300,0.3,0.5,0.7
LTFRB_PUJ1894,9650.22,9583.18,service-v1-266e0b1d,True,9650.22,historic_gtfs_service_activity_proxy,DERIVED,False,2895.066,482.511,3377.577,1293.129,2425.438,-1132.309,-339.693,4825.11,965.022,4020.925,2586.259,2211.509,374.75,112.425,6755.154,1688.788,4128.15,4525.953,1444.852,3081.101,924.33,29.12,climate-v1.0,True,SCENARIO,sakay_gtfs_master_historic|doe_luzon_generation_2024|route2zero_climate_scenario_v1,0.7181,0.7181,0.55,0.35,300,0.3,0.5,0.7
LTFRB_PUJ1895,9650.22,9583.18,service-v1-266e0b1d,True,9650.22,historic_gtfs_service_activity_proxy,DERIVED,False,2895.066,482.511,3377.577,1293.129,2425.438,-1132.309,-339.693,4825.11,965.022,4020.925,2586.259,2211.509,374.75,112.425,6755.154,1688.788,4128.15,4525.953,1444.852,3081.101,924.33,29.12,climate-v1.0,True,SCENARIO,sakay_gtfs_master_historic|doe_luzon_generation_2024|route2zero_climate_scenario_v1,0.7181,0.7181,0.55,0.35,300,0.3,0.5,0.7
LTFRB_PUJ1896,16701.48,17164.569,service-v1-266e0b1d,True,16701.48,historic_gtfs_service_activity_proxy,DERIVED,False,5010.444,835.074,5845.518,2237.998,4197.666,-1959.668,-587.9,8350.74,1670.148,6958.95,4475.997,3827.422,648.574,194.572,11691.036,2922.759,7144.522,7832.994,2500.583,5332.411,1599.723,51.32,climate-v1.0,True,SCENARIO,sakay_gtfs_master_historic|doe_luzon_generation_2024|route2zero_climate_scenario_v1,0.7181,0.7181,0.55,0.35,300,0.3,0.5,0.7
LTFRB_PUJ1897,18042.78,17933.379,service-v1-266e0b1d,True,18042.78,historic_gtfs_service_activity_proxy,DERIVED,False,5412.834,902.139,6314.973,2417.733,4534.782,-2117.05,-635.115,9021.39,1804.278,7517.825,4835.465,4134.804,700.661,210.198,12629.946,3157.486,7718.3,8462.064,2701.405,5760.659,1728.198,55.55,climate-v1.0,True,SCENARIO,sakay_gtfs_master_historic|doe_luzon_generation_2024|route2zero_climate_scenario_v1,0.7181,0.7181,0.55,0.35,300,0.3,0.5,0.7
LTFRB_PUJ1898,1809.48,1797.655,service-v1-266e0b1d,True,1809.48,historic_gtfs_service_activity_proxy,DERIVED,False,542.844,90.474,633.318,242.47,454.786,-212.315,-63.695,904.74,180.948,753.95,484.941,414.673,70.268,21.08,1266.636,316.659,774.055,848.646,270.919,577.727,173.318,4.44,climate-v1.0,True,SCENARIO,sakay_gtfs_master_historic|doe_luzon_generation_2024|route2zero_climate_scenario_v1,0.7181,0.7181,0.55,0.35,300,0.3,0.5,0.7
LTFRB_PUJ1899,2136.9,2158.288,service-v1-266e0b1d,True,2136.9,historic_gtfs_service_activity_proxy,DERIVED,False,641.07,106.845,747.915,286.345,537.078,-250.733,-75.22,1068.45,213.69,890.375,572.689,489.706,82.983,24.895,1495.83,373.958,914.118,1002.206,319.941,682.265,204.679,5.47,climate-v1.0,True,SCENARIO,sakay_gtfs_master_historic|doe_luzon_generation_2024|route2zero_climate_scenario_v1,0.7181,0.7181,0.55,0.35,300,0.3,0.5,0.7
LTFRB_PUJ1900,3856.62,3810.161,service-v1-266e0b1d,True,3856.62,historic_gtfs_service_activity_proxy,DERIVED,False,1156.986,192.831,1349.817,516.787,969.304,-452.517,-135.755,1928.31,385.662,1606.925,1033.574,883.809,149.765,44.93,2699.634,674.908,1649.776,1808.755,577.422,1231.333,369.4,10.88,climate-v1.0,True,SCENARIO,sakay_gtfs_master_historic|doe_luzon_generation_2024|route2zero_climate_scenario_v1,0.7181,0.7181,0.55,0.35,300,0.3,0.5,0.7
LTFRB_PUJ1901,3439.44,3553.261,service-v1-266e0b1d,True,3439.44,historic_gtfs_service_activity_proxy,DERIVED,False,1031.832,171.972,1203.804,460.885,864.452,-403.567,-121.07,1719.72,343.944,1433.1,921.77,788.205,133.565,40.069,2407.608,601.902,1471.316,1613.097,514.961,1098.137,329.441,9.57,climate-v1.0,True,SCENARIO,sakay_gtfs_master_historic|doe_luzon_generation_2024|route2zero_climate_scenario_v1,0.7181,0.7181,0.55,0.35,300,0.3,0.5,0.7
LTFRB_PUJ1902,11221.02,11095.958,service-v1-266e0b1d,True,11221.02,historic_gtfs_service_activity_proxy,DERIVED,False,3366.306,561.051,3927.357,1503.617,2820.235,-1316.618,-394.986,5610.51,1122.102,4675.425,3007.233,2571.484,435.75,130.725,7854.714,1963.678,4800.103,5262.658,1680.036,3582.622,1074.787,34.07,climate-v1.0,True,SCENARIO,sakay_gtfs_master_historic|doe_luzon_generation_2024|route2zero_climate_scenario_v1,0.7181,0.7181,0.55,0.35,300,0.3,0.5,0.7
LTFRB_PUJ1903,11546.4,11549.045,service-v1-266e0b1d,True,11546.4,historic_gtfs_service_activity_proxy,DERIVED,False,3463.92,577.32,4041.24,1547.218,2902.014,-1354.797,-406.439,5773.2,1154.64,4811.0,3094.435,2646.05,448.385,134.516,8082.48,2020.62,4939.293,5415.262,1728.753,3686.509,1105.953,35.09,climate-v1.0,True,SCENARIO,sakay_gtfs_master_historic|doe_luzon_generation_2024|route2zero_climate_scenario_v1,0.7181,0.7181,0.55,0.35,300,0.3,0.5,0.7
LTFRB_PUJ1904,6330.120000000001,6345.93,service-v1-266e0b1d,True,6330.120000000001,historic_gtfs_service_activity_proxy,DERIVED,False,1899.036,316.506,2215.542,848.236,1590.981,-742.745,-222.823,3165.06,633.012,2637.55,1696.472,1450.653,245.82,73.746,4431.084,1107.771,2707.885,2968.826,947.76,2021.067,606.32,18.67,climate-v1.0,True,SCENARIO,sakay_gtfs_master_historic|doe_luzon_generation_2024|route2zero_climate_scenario_v1,0.7181,0.7181,0.55,0.35,300,0.3,0.5,0.7
LTFRB_PUJ1905,6111.84,6155.088,service-v1-266e0b1d,True,6111.84,historic_gtfs_service_activity_proxy,DERIVED,False,1833.552,305.592,2139.144,818.987,1536.119,-717.133,-215.14,3055.92,611.184,2546.6,1637.973,1400.63,237.343,71.203,4278.288,1069.572,2614.509,2866.453,915.078,1951.375,585.412,17.98,climate-v1.0,True,SCENARIO,sakay_gtfs_master_historic|doe_luzon_generation_2024|route2zero_climate_scenario_v1,0.7181,0.7181,0.55,0.35,300,0.3,0.5,0.7
LTFRB_PUJ1906,13808.76,13868.531,service-v1-266e0b1d,True,13808.76,historic_gtfs_service_activity_proxy,DERIVED,False,4142.628,690.438,4833.066,1850.374,3470.625,-1620.251,-486.075,6904.38,1380.876,5753.65,3700.748,3164.508,536.24,160.872,9666.132,2416.533,5907.081,6476.308,2067.478,4408.83,1322.649,42.22,climate-v1.0,True,SCENARIO,sakay_gtfs_master_historic|doe_luzon_generation_2024|route2zero_climate_scenario_v1,0.7181,0.7181,0.55,0.35,300,0.3,0.5,0.7
LTFRB_PUJ1907,13863.84,13812.598,service-v1-266e0b1d,True,13863.84,historic_gtfs_service_activity_proxy,DERIVED,False,4159.152,693.192,4852.344,1857.755,3484.468,-1626.714,-488.014,6931.92,1386.384,5776.6,3715.509,3177.13,538.379,161.514,9704.688,2426.172,5930.643,6502.141,2075.725,4426.416,1327.925,42.39,climate-v1.0,True,SCENARIO,sakay_gtfs_master_historic|doe_luzon_generation_2024|route2zero_climate_scenario_v1,0.7181,0.7181,0.55,0.35,300,0.3,0.5,0.7
LTFRB_PUJ1908,5438.639999999999,5467.215,service-v1-266e0b1d,True,5438.639999999999,historic_gtfs_service_activity_proxy,DERIVED,False,1631.592,271.932,1903.524,728.778,1366.921,-638.143,-191.443,2719.32,543.864,2266.1,1457.556,1246.355,211.201,63.36,3807.048,951.762,2326.529,2550.722,814.285,1736.437,520.931,15.86,climate-v1.0,True,SCENARIO,sakay_gtfs_master_historic|doe_luzon_generation_2024|route2zero_climate_scenario_v1,0.7181,0.7181,0.55,0.35,300,0.3,0.5,0.7
LTFRB_PUJ1909,6000.66,6167.997,service-v1-266e0b1d,True,6000.66,historic_gtfs_service_activity_proxy,DERIVED,False,1800.198,300.033,2100.231,804.088,1508.176,-704.087,-211.226,3000.33,600.066,2500.275,1608.177,1375.151,233.026,69.908,4200.462,1050.116,2566.949,2814.31,898.432,1915.877,574.763,17.63,climate-v1.0,True,SCENARIO,sakay_gtfs_master_historic|doe_luzon_generation_2024|route2zero_climate_scenario_v1,0.7181,0.7181,0.55,0.35,300,0.3,0.5,0.7
LTFRB_PUJ1910,18191.7,18257.547,service-v1-266e0b1d,True,18191.7,historic_gtfs_service_activity_proxy,DERIVED,False,5457.51,909.585,6367.095,2437.688,4572.211,-2134.523,-640.357,9095.85,1819.17,7579.875,4875.376,4168.931,706.444,211.933,12734.19,3183.548,7782.005,8531.907,2723.702,5808.206,1742.462,56.01,climate-v1.0,True,SCENARIO,sakay_gtfs_master_historic|doe_luzon_generation_2024|route2zero_climate_scenario_v1,0.7181,0.7181,0.55,0.35,300,0.3,0.5,0.7
LTFRB_PUJ1911,18304.92,18372.118,service-v1-266e0b1d,True,18304.92,historic_gtfs_service_activity_proxy,DERIVED,False,5491.476,915.246,6406.722,2452.859,4600.667,-2147.808,-644.342,9152.46,1830.492,7627.05,4905.719,4194.878,710.841,213.252,12813.444,3203.361,7830.438,8585.007,2740.653,5844.354,1753.306,56.37,climate-v1.0,True,SCENARIO,sakay_gtfs_master_historic|doe_luzon_generation_2024|route2zero_climate_scenario_v1,0.7181,0.7181,0.55,0.35,300,0.3,0.5,0.7
LTFRB_PUJ1912,14218.8,14205.736,service-v1-266e0b1d,True,14218.8,historic_gtfs_service_activity_proxy,DERIVED,False,4265.64,710.94,4976.58,1905.319,3573.682,-1668.363,-500.509,7109.4,1421.88,5924.5,3810.638,3258.475,552.163,165.649,9953.16,2488.29,6082.487,6668.617,2128.87,4539.747,1361.924,43.51,climate-v1.0,True,SCENARIO,sakay_gtfs_master_historic|doe_luzon_generation_2024|route2zero_climate_scenario_v1,0.7181,0.7181,0.55,0.35,300,0.3,0.5,0.7
LTFRB_PUJ1913,14218.8,14205.736,service-v1-266e0b1d,True,14218.8,historic_gtfs_service_activity_proxy,DERIVED,False,4265.64,710.94,4976.58,1905.319,3573.682,-1668.363,-500.509,7109.4,1421.88,5924.5,3810.638,3258.475,552.163,165.649,9953.16,2488.29,6082.487,6668.617,2128.87,4539.747,1361.924,43.51,climate-v1.0,True,SCENARIO,sakay_gtfs_master_historic|doe_luzon_generation_2024|route2zero_climate_scenario_v1,0.7181,0.7181,0.55,0.35,300,0.3,0.5,0.7
LTFRB_PUJ1914,5147.94,5118.879,service-v1-266e0b1d,True,5147.94,historic_gtfs_service_activity_proxy,DERIVED,False,1544.382,257.397,1801.779,689.824,1293.857,-604.034,-181.21,2573.97,514.794,2144.975,1379.648,1179.736,199.912,59.974,3603.558,900.889,2202.174,2414.384,770.761,1643.623,493.087,14.95,climate-v1.0,True,SCENARIO,sakay_gtfs_master_historic|doe_luzon_generation_2024|route2zero_climate_scenario_v1,0.7181,0.7181,0.55,0.35,300,0.3,0.5,0.7
LTFRB_PUJ1915,5147.94,5118.879,service-v1-266e0b1d,True,5147.94,historic_gtfs_service_activity_proxy,DERIVED,False,1544.382,257.397,1801.779,689.824,1293.857,-604.034,-181.21,2573.97,514.794,2144.975,1379.648,1179.736,199.912,59.974,3603.558,900.889,2202.174,2414.384,770.761,1643.623,493.087,14.95,climate-v1.0,True,SCENARIO,sakay_gtfs_master_historic|doe_luzon_generation_2024|route2zero_climate_scenario_v1,0.7181,0.7181,0.55,0.35,300,0.3,0.5,0.7
LTFRB_PUJ1916,3043.68,3023.538,service-v1-266e0b1d,True,3043.68,historic_gtfs_service_activity_proxy,DERIVED,False,913.104,152.184,1065.288,407.853,764.983,-357.13,-107.139,1521.84,304.368,1268.2,815.706,697.51,118.196,35.459,2130.576,532.644,1302.019,1427.486,455.707,971.779,291.534,8.32,climate-v1.0,True,SCENARIO,sakay_gtfs_master_historic|doe_luzon_generation_2024|route2zero_climate_scenario_v1,0.7181,0.7181,0.55,0.35,300,0.3,0.5,0.7
LTFRB_PUJ1917,3043.68,3032.834,service-v1-266e0b1d,True,3043.68,historic_gtfs_service_activity_proxy,DERIVED,False,913.104,152.184,1065.288,407.853,764.983,-357.13,-107.139,1521.84,304.368,1268.2,815.706,697.51,118.196,35.459,2130.576,532.644,1302.019,1427.486,455.707,971.779,291.534,8.32,climate-v1.0,True,SCENARIO,sakay_gtfs_master_historic|doe_luzon_generation_2024|route2zero_climate_scenario_v1,0.7181,0.7181,0.55,0.35,300,0.3,0.5,0.7
LTFRB_PUJ1918,5636.52,5632.349,service-v1-266e0b1d,True,5636.52,historic_gtfs_service_activity_proxy,DERIVED,False,1690.956,281.826,1972.782,755.294,1416.655,-661.361,-198.408,2818.26,563.652,2348.55,1510.587,1291.702,218.885,65.665,3945.564,986.391,2411.178,2643.528,843.912,1799.616,539.885,16.49,climate-v1.0,True,SCENARIO,sakay_gtfs_master_historic|doe_luzon_generation_2024|route2zero_climate_scenario_v1,0.7181,0.7181,0.55,0.35,300,0.3,0.5,0.7
LTFRB_PUJ1919,5309.1,5402.569,service-v1-266e0b1d,True,5309.1,historic_gtfs_service_activity_proxy,DERIVED,False,1592.73,265.455,1858.185,711.419,1334.363,-622.943,-186.883,2654.55,530.91,2212.125,1422.839,1216.669,206.17,61.851,3716.37,929.092,2271.115,2489.968,794.89,1695.078,508.523,15.46,climate-v1.0,True,SCENARIO,sakay_gtfs_master_historic|doe_luzon_generation_2024|route2zero_climate_scenario_v1,0.7181,0.7181,0.55,0.35,300,0.3,0.5,0.7
LTFRB_PUJ1920,2280.7200000000003,2325.854,service-v1-266e0b1d,True,2280.7200000000003,historic_gtfs_service_activity_proxy,DERIVED,False,684.216,114.036,798.252,305.616,573.225,-267.608,-80.282,1140.36,228.072,950.3,611.233,522.665,88.568,26.57,1596.504,399.126,975.641,1069.658,341.474,728.183,218.455,5.92,climate-v1.0,True,SCENARIO,sakay_gtfs_master_historic|doe_luzon_generation_2024|route2zero_climate_scenario_v1,0.7181,0.7181,0.55,0.35,300,0.3,0.5,0.7
LTFRB_PUJ1922,5703.839999999999,5678.73,service-v1-266e0b1d,True,5703.839999999999,historic_gtfs_service_activity_proxy,DERIVED,False,1711.152,285.192,1996.344,764.315,1433.575,-669.26,-200.778,2851.92,570.384,2376.6,1528.629,1307.13,221.499,66.45,3992.688,998.172,2439.976,2675.101,853.992,1821.109,546.333,16.7,climate-v1.0,True,SCENARIO,sakay_gtfs_master_historic|doe_luzon_generation_2024|route2zero_climate_scenario_v1,0.7181,0.7181,0.55,0.35,300,0.3,0.5,0.7
LTFRB_PUJ1923,3752.58,3662.581,service-v1-266e0b1d,True,3752.58,historic_gtfs_service_activity_proxy,DERIVED,False,1125.774,187.629,1313.403,502.846,943.155,-440.309,-132.093,1876.29,375.258,1563.575,1005.691,859.966,145.725,43.718,2626.806,656.701,1605.27,1759.96,561.845,1198.115,359.435,10.56,climate-v1.0,True,SCENARIO,sakay_gtfs_master_historic|doe_luzon_generation_2024|route2zero_climate_scenario_v1,0.7181,0.7181,0.55,0.35,300,0.3,0.5,0.7
LTFRB_PUJ1924,5174.46,5354.641,service-v1-266e0b1d,True,5174.46,historic_gtfs_service_activity_proxy,DERIVED,False,1552.338,258.723,1811.061,693.378,1300.523,-607.145,-182.144,2587.23,517.446,2156.025,1386.755,1185.814,200.942,60.282,3622.122,905.53,2213.519,2426.822,774.732,1652.09,495.627,15.03,climate-v1.0,True,SCENARIO,sakay_gtfs_master_historic|doe_luzon_generation_2024|route2zero_climate_scenario_v1,0.7181,0.7181,0.55,0.35,300,0.3,0.5,0.7
LTFRB_PUJ1925,3813.78,3919.849,service-v1-266e0b1d,True,3813.78,historic_gtfs_service_activity_proxy,DERIVED,False,1144.134,190.689,1334.823,511.047,958.536,-447.49,-134.247,1906.89,381.378,1589.075,1022.093,873.991,148.102,44.431,2669.646,667.412,1631.45,1788.663,571.008,1217.655,365.297,10.75,climate-v1.0,True,SCENARIO,sakay_gtfs_master_historic|doe_luzon_generation_2024|route2zero_climate_scenario_v1,0.7181,0.7181,0.55,0.35,300,0.3,0.5,0.7
LTFRB_PUJ1926,3986.16,3936.983,service-v1-266e0b1d,True,3986.16,historic_gtfs_service_activity_proxy,DERIVED,False,1195.848,199.308,1395.156,534.145,1001.862,-467.716,-140.315,1993.08,398.616,1660.9,1068.291,913.495,154.796,46.439,2790.312,697.578,1705.191,1869.509,596.817,1272.692,381.808,11.29,climate-v1.0,True,SCENARIO,sakay_gtfs_master_historic|doe_luzon_generation_2024|route2zero_climate_scenario_v1,0.7181,0.7181,0.55,0.35,300,0.3,0.5,0.7
LTFRB_PUJ1928,4848.06,4766.627,service-v1-266e0b1d,True,4848.06,historic_gtfs_service_activity_proxy,DERIVED,False,1454.418,242.403,1696.821,649.64,1218.487,-568.847,-170.654,2424.03,484.806,2020.025,1299.28,1111.014,188.266,56.48,3393.642,848.411,2073.892,2273.74,725.862,1547.878,464.363,14.0,climate-v1.0,True,SCENARIO,sakay_gtfs_master_historic|doe_luzon_generation_2024|route2zero_climate_scenario_v1,0.7181,0.7181,0.55,0.35,300,0.3,0.5,0.7
LTFRB_PUJ1929,5308.08,5198.6,service-v1-266e0b1d,True,5308.08,historic_gtfs_service_activity_proxy,DERIVED,False,1592.424,265.404,1857.828,711.283,1334.106,-622.824,-186.847,2654.04,530.808,2211.7,1422.565,1216.435,206.13,61.839,3715.656,928.914,2270.679,2489.49,794.738,1694.752,508.426,15.45,climate-v1.0,True,SCENARIO,sakay_gtfs_master_historic|doe_luzon_generation_2024|route2zero_climate_scenario_v1,0.7181,0.7181,0.55,0.35,300,0.3,0.5,0.7
LTFRB_PUJ1930,3916.8,3863.098,service-v1-266e0b1d,True,3916.8,historic_gtfs_service_activity_proxy,DERIVED,False,1175.04,195.84,1370.88,524.851,984.429,-459.578,-137.873,1958.4,391.68,1632.0,1049.702,897.6,152.102,45.631,2741.76,685.44,1675.52,1836.979,586.432,1250.547,375.164,11.07,climate-v1.0,True,SCENARIO,sakay_gtfs_master_historic|doe_luzon_generation_2024|route2zero_climate_scenario_v1,0.7181,0.7181,0.55,0.35,300,0.3,0.5,0.7
LTFRB_PUJ1931,3916.8,3863.098,service-v1-266e0b1d,True,3916.8,historic_gtfs_service_activity_proxy,DERIVED,False,1175.04,195.84,1370.88,524.851,984.429,-459.578,-137.873,1958.4,391.68,1632.0,1049.702,897.6,152.102,45.631,2741.76,685.44,1675.52,1836.979,586.432,1250.547,375.164,11.07,climate-v1.0,True,SCENARIO,sakay_gtfs_master_historic|doe_luzon_generation_2024|route2zero_climate_scenario_v1,0.7181,0.7181,0.55,0.35,300,0.3,0.5,0.7
LTFRB_PUJ1932,3707.7,3662.153,service-v1-266e0b1d,True,3707.7,historic_gtfs_service_activity_proxy,DERIVED,False,1112.31,185.385,1297.695,496.832,931.875,-435.043,-130.513,1853.85,370.77,1544.875,993.664,849.681,143.982,43.195,2595.39,648.848,1586.072,1738.911,555.125,1183.786,355.136,10.41,climate-v1.0,True,SCENARIO,sakay_gtfs_master_historic|doe_luzon_generation_2024|route2zero_climate_scenario_v1,0.7181,0.7181,0.55,0.35,300,0.3,0.5,0.7
LTFRB_PUJ1933,3707.7,3662.153,service-v1-266e0b1d,True,3707.7,historic_gtfs_service_activity_proxy,DERIVED,False,1112.31,185.385,1297.695,496.832,931.875,-435.043,-130.513,1853.85,370.77,1544.875,993.664,849.681,143.982,43.195,2595.39,648.848,1586.072,1738.911,555.125,1183.786,355.136,10.41,climate-v1.0,True,SCENARIO,sakay_gtfs_master_historic|doe_luzon_generation_2024|route2zero_climate_scenario_v1,0.7181,0.7181,0.55,0.35,300,0.3,0.5,0.7
LTFRB_PUJ1934,5142.84,5219.627,service-v1-266e0b1d,True,5142.84,historic_gtfs_service_activity_proxy,DERIVED,False,1542.852,257.142,1799.994,689.141,1292.576,-603.435,-181.031,2571.42,514.284,2142.85,1378.281,1178.568,199.714,59.914,3599.988,899.997,2199.993,2411.992,769.997,1641.995,492.598,14.93,climate-v1.0,True,SCENARIO,sakay_gtfs_master_historic|doe_luzon_generation_2024|route2zero_climate_scenario_v1,0.7181,0.7181,0.55,0.35,300,0.3,0.5,0.7
LTFRB_PUJ1935,5490.66,5497.759,service-v1-266e0b1d,True,5490.66,historic_gtfs_service_activity_proxy,DERIVED,False,1647.198,274.533,1921.731,735.748,1379.995,-644.247,-193.274,2745.33,549.066,2287.775,1471.497,1258.276,213.221,63.966,3843.462,960.865,2348.782,2575.12,822.074,1753.046,525.914,16.03,climate-v1.0,True,SCENARIO,sakay_gtfs_master_historic|doe_luzon_generation_2024|route2zero_climate_scenario_v1,0.7181,0.7181,0.55,0.35,300,0.3,0.5,0.7
LTFRB_PUJ1936,22970.4,23400.483,service-v1-266e0b1d,True,22970.4,historic_gtfs_service_activity_proxy,DERIVED,False,6891.12,1148.52,8039.64,3078.034,5773.265,-2695.232,-808.57,11485.2,2297.04,9571.0,6156.067,5264.05,892.017,267.605,16079.28,4019.82,9826.227,10773.118,3439.179,7333.938,2200.181,71.06,climate-v1.0,True,SCENARIO,sakay_gtfs_master_historic|doe_luzon_generation_2024|route2zero_climate_scenario_v1,0.7181,0.7181,0.55,0.35,300,0.3,0.5,0.7
LTFRB_PUJ1937,23416.14,23594.365,service-v1-266e0b1d,True,23416.14,historic_gtfs_service_activity_proxy,DERIVED,False,7024.842,1170.807,8195.649,3137.763,5885.296,-2747.533,-824.26,11708.07,2341.614,9756.725,6275.526,5366.199,909.327,272.798,16391.298,4097.824,10016.904,10982.17,3505.917,7476.253,2242.876,72.46,climate-v1.0,True,SCENARIO,sakay_gtfs_master_historic|doe_luzon_generation_2024|route2zero_climate_scenario_v1,0.7181,0.7181,0.55,0.35,300,0.3,0.5,0.7
LTFRB_PUJ1940,20696.82,20706.886,service-v1-266e0b1d,True,20696.82,historic_gtfs_service_activity_proxy,DERIVED,False,6209.046,1034.841,7243.887,2773.374,5201.835,-2428.461,-728.538,10348.41,2069.682,8623.675,5546.748,4743.021,803.727,241.118,14487.774,3621.944,8853.64,9706.809,3098.774,6608.035,1982.41,63.9,climate-v1.0,True,SCENARIO,sakay_gtfs_master_historic|doe_luzon_generation_2024|route2zero_climate_scenario_v1,0.7181,0.7181,0.55,0.35,300,0.3,0.5,0.7
LTFRB_PUJ1941,20658.06,20499.176,service-v1-266e0b1d,True,20658.06,historic_gtfs_service_activity_proxy,DERIVED,False,6197.418,1032.903,7230.321,2768.18,5192.094,-2423.913,-727.174,10329.03,2065.806,8607.525,5536.36,4734.139,802.221,240.666,14460.642,3615.16,8837.059,9688.63,3092.971,6595.659,1978.698,63.78,climate-v1.0,True,SCENARIO,sakay_gtfs_master_historic|doe_luzon_generation_2024|route2zero_climate_scenario_v1,0.7181,0.7181,0.55,0.35,300,0.3,0.5,0.7
LTFRB_PUJ1942,9757.320000000002,10138.524,service-v1-266e0b1d,True,9757.320000000002,historic_gtfs_service_activity_proxy,DERIVED,False,2927.196,487.866,3415.062,1307.481,2452.356,-1144.875,-343.463,4878.66,975.732,4065.55,2614.962,2236.053,378.909,113.673,6830.124,1707.531,4173.965,4576.183,1460.888,3115.295,934.589,29.46,climate-v1.0,True,SCENARIO,sakay_gtfs_master_historic|doe_luzon_generation_2024|route2zero_climate_scenario_v1,0.7181,0.7181,0.55,0.35,300,0.3,0.5,0.7
LTFRB_PUJ1943,10678.38,10530.183,service-v1-266e0b1d,True,10678.38,historic_gtfs_service_activity_proxy,DERIVED,False,3203.514,533.919,3737.433,1430.903,2683.851,-1252.948,-375.884,5339.19,1067.838,4449.325,2861.806,2447.129,414.677,124.403,7474.866,1868.716,4567.974,5008.16,1598.791,3409.369,1022.811,32.36,climate-v1.0,True,SCENARIO,sakay_gtfs_master_historic|doe_luzon_generation_2024|route2zero_climate_scenario_v1,0.7181,0.7181,0.55,0.35,300,0.3,0.5,0.7
LTFRB_PUJ1944,22257.42,21861.866,service-v1-266e0b1d,True,22257.42,historic_gtfs_service_activity_proxy,DERIVED,False,6677.226,1112.871,7790.097,2982.494,5594.069,-2611.574,-783.472,11128.71,2225.742,9273.925,5964.989,5100.659,864.33,259.299,15580.194,3895.048,9521.23,10438.73,3332.43,7106.3,2131.89,68.82,climate-v1.0,True,SCENARIO,sakay_gtfs_master_historic|doe_luzon_generation_2024|route2zero_climate_scenario_v1,0.7181,0.7181,0.55,0.35,300,0.3,0.5,0.7
LTFRB_PUJ1947,6924.78,6898.687,service-v1-266e0b1d,True,6924.78,historic_gtfs_service_activity_proxy,DERIVED,False,2077.434,346.239,2423.673,927.921,1740.44,-812.519,-243.756,3462.39,692.478,2885.325,1855.841,1586.929,268.912,80.674,4847.346,1211.836,2962.267,3247.722,1036.793,2210.928,663.279,20.54,climate-v1.0,True,SCENARIO,sakay_gtfs_master_historic|doe_luzon_generation_2024|route2zero_climate_scenario_v1,0.7181,0.7181,0.55,0.35,300,0.3,0.5,0.7
LTFRB_PUJ1948,2366.4,2389.987,service-v1-266e0b1d,True,2366.4,historic_gtfs_service_activity_proxy,DERIVED,False,709.92,118.32,828.24,317.098,594.759,-277.662,-83.298,1183.2,236.64,986.0,634.195,542.3,91.895,27.569,1656.48,414.12,1012.293,1109.842,354.303,755.539,226.662,6.19,climate-v1.0,True,SCENARIO,sakay_gtfs_master_historic|doe_luzon_generation_2024|route2zero_climate_scenario_v1,0.7181,0.7181,0.55,0.35,300,0.3,0.5,0.7
LTFRB_PUJ1949,2950.86,3010.531,service-v1-266e0b1d,True,2950.86,historic_gtfs_service_activity_proxy,DERIVED,False,885.258,147.543,1032.801,395.415,741.654,-346.239,-103.872,1475.43,295.086,1229.525,790.83,676.239,114.592,34.378,2065.602,516.4,1262.312,1383.953,441.809,942.144,282.643,8.03,climate-v1.0,True,SCENARIO,sakay_gtfs_master_historic|doe_luzon_generation_2024|route2zero_climate_scenario_v1,0.7181,0.7181,0.55,0.35,300,0.3,0.5,0.7
LTFRB_PUJ1950,3249.72,3122.36,service-v1-266e0b1d,True,3249.72,historic_gtfs_service_activity_proxy,DERIVED,False,974.916,162.486,1137.402,435.462,816.768,-381.306,-114.392,1624.86,324.972,1354.05,870.925,744.728,126.197,37.859,2274.804,568.701,1390.158,1524.119,486.555,1037.563,311.269,8.97,climate-v1.0,True,SCENARIO,sakay_gtfs_master_historic|doe_luzon_generation_2024|route2zero_climate_scenario_v1,0.7181,0.7181,0.55,0.35,300,0.3,0.5,0.7
LTFRB_PUJ1951,3854.58,3815.952,service-v1-266e0b1d,True,3854.58,historic_gtfs_service_activity_proxy,DERIVED,False,1156.374,192.729,1349.103,516.514,968.791,-452.277,-135.683,1927.29,385.458,1606.075,1033.027,883.341,149.686,44.906,2698.206,674.551,1648.904,1807.798,577.116,1230.682,369.205,10.88,climate-v1.0,True,SCENARIO,sakay_gtfs_master_historic|doe_luzon_generation_2024|route2zero_climate_scenario_v1,0.7181,0.7181,0.55,0.35,300,0.3,0.5,0.7
LTFRB_PUJ1952,1252.56,1277.879,service-v1-266e0b1d,True,1252.56,historic_gtfs_service_activity_proxy,DERIVED,False,375.768,62.628,438.396,167.843,314.812,-146.969,-44.091,626.28,125.256,521.9,335.686,287.045,48.641,14.592,876.792,219.198,535.817,587.451,187.536,399.915,119.974,2.68,climate-v1.0,True,SCENARIO,sakay_gtfs_master_historic|doe_luzon_generation_2024|route2zero_climate_scenario_v1,0.7181,0.7181,0.55,0.35,300,0.3,0.5,0.7
LTFRB_PUJ1953,1050.6,1093.637,service-v1-266e0b1d,True,1050.6,historic_gtfs_service_activity_proxy,DERIVED,False,315.18,52.53,367.71,140.78,264.053,-123.272,-36.982,525.3,105.06,437.75,281.561,240.762,40.798,12.239,735.42,183.855,449.423,492.731,157.298,335.433,100.63,2.05,climate-v1.0,True,SCENARIO,sakay_gtfs_master_historic|doe_luzon_generation_2024|route2zero_climate_scenario_v1,0.7181,0.7181,0.55,0.35,300,0.3,0.5,0.7
LTFRB_PUJ1954,2585.7000000000003,2669.128,service-v1-266e0b1d,True,2585.7000000000003,historic_gtfs_service_activity_proxy,DERIVED,False,775.71,129.285,904.995,346.484,649.877,-303.393,-91.018,1292.85,258.57,1077.375,692.968,592.556,100.411,30.123,1809.99,452.498,1106.105,1212.693,387.137,825.557,247.667,6.88,climate-v1.0,True,SCENARIO,sakay_gtfs_master_historic|doe_luzon_generation_2024|route2zero_climate_scenario_v1,0.7181,0.7181,0.55,0.35,300,0.3,0.5,0.7
LTFRB_PUJ1955,4435.9800000000005,4500.612,service-v1-266e0b1d,True,4435.9800000000005,historic_gtfs_service_activity_proxy,DERIVED,False,1330.794,221.799,1552.593,594.421,1114.917,-520.496,-156.149,2217.99,443.598,1848.325,1188.843,1016.579,172.264,51.679,3105.186,776.296,1897.614,2080.475,664.165,1416.31,424.893,12.71,climate-v1.0,True,SCENARIO,sakay_gtfs_master_historic|doe_luzon_generation_2024|route2zero_climate_scenario_v1,0.7181,0.7181,0.55,0.35,300,0.3,0.5,0.7
LTFRB_PUJ1956,6781.9800000000005,6540.376,service-v1-266e0b1d,True,6781.9800000000005,historic_gtfs_service_activity_proxy,DERIVED,False,2034.594,339.099,2373.693,908.785,1704.549,-795.764,-238.729,3390.99,678.198,2825.825,1817.571,1554.204,263.367,79.01,4747.386,1186.846,2901.18,3180.749,1015.413,2165.336,649.601,20.09,climate-v1.0,True,SCENARIO,sakay_gtfs_master_historic|doe_luzon_generation_2024|route2zero_climate_scenario_v1,0.7181,0.7181,0.55,0.35,300,0.3,0.5,0.7
LTFRB_PUJ1957,5814.0,5687.833,service-v1-266e0b1d,True,5814.0,historic_gtfs_service_activity_proxy,DERIVED,False,1744.2,290.7,2034.9,779.076,1461.262,-682.186,-204.656,2907.0,581.4,2422.5,1558.152,1332.375,225.777,67.733,4069.8,1017.45,2487.1,2726.766,870.485,1856.281,556.884,17.05,climate-v1.0,True,SCENARIO,sakay_gtfs_master_historic|doe_luzon_generation_2024|route2zero_climate_scenario_v1,0.7181,0.7181,0.55,0.35,300,0.3,0.5,0.7
LTFRB_PUJ1958,4875.6,4807.476,service-v1-266e0b1d,True,4875.6,historic_gtfs_service_activity_proxy,DERIVED,False,1462.68,243.78,1706.46,653.33,1225.409,-572.079,-171.624,2437.8,487.56,2031.5,1306.661,1117.325,189.336,56.801,3412.92,853.23,2085.673,2286.656,729.986,1556.671,467.001,14.09,climate-v1.0,True,SCENARIO,sakay_gtfs_master_historic|doe_luzon_generation_2024|route2zero_climate_scenario_v1,0.7181,0.7181,0.55,0.35,300,0.3,0.5,0.7
LTFRB_PUJ1959,5692.620000000001,5600.66,service-v1-266e0b1d,True,5692.620000000001,historic_gtfs_service_activity_proxy,DERIVED,False,1707.786,284.631,1992.417,762.811,1430.755,-667.944,-200.383,2846.31,569.262,2371.925,1525.622,1304.559,221.063,66.319,3984.834,996.209,2435.176,2669.839,852.312,1817.527,545.258,16.66,climate-v1.0,True,SCENARIO,sakay_gtfs_master_historic|doe_luzon_generation_2024|route2zero_climate_scenario_v1,0.7181,0.7181,0.55,0.35,300,0.3,0.5,0.7
LTFRB_PUJ1960,1524.9,1595.401,service-v1-266e0b1d,True,1524.9,historic_gtfs_service_activity_proxy,DERIVED,False,457.47,76.245,533.715,204.337,383.261,-178.924,-53.677,762.45,152.49,635.375,408.673,349.456,59.217,17.765,1067.43,266.858,652.318,715.178,228.311,486.867,146.06,3.54,climate-v1.0,True,SCENARIO,sakay_gtfs_master_historic|doe_luzon_generation_2024|route2zero_climate_scenario_v1,0.7181,0.7181,0.55,0.35,300,0.3,0.5,0.7
LTFRB_PUJ1961,1322.9399999999998,1244.87,service-v1-266e0b1d,True,1322.9399999999998,historic_gtfs_service_activity_proxy,DERIVED,False,396.882,66.147,463.029,177.274,332.501,-155.227,-46.568,661.47,132.294,551.225,354.548,303.174,51.374,15.412,926.058,231.514,565.924,620.459,198.074,422.385,126.716,2.91,climate-v1.0,True,SCENARIO,sakay_gtfs_master_historic|doe_luzon_generation_2024|route2zero_climate_scenario_v1,0.7181,0.7181,0.55,0.35,300,0.3,0.5,0.7
LTFRB_PUJ1962,1866.6,1887.956,service-v1-266e0b1d,True,1866.6,historic_gtfs_service_activity_proxy,DERIVED,False,559.98,93.33,653.31,250.124,469.142,-219.018,-65.705,933.3,186.66,777.75,500.249,427.762,72.486,21.746,1306.62,326.655,798.49,875.435,279.471,595.964,178.789,4.62,climate-v1.0,True,SCENARIO,sakay_gtfs_master_historic|doe_luzon_generation_2024|route2zero_climate_scenario_v1,0.7181,0.7181,0.55,0.35,300,0.3,0.5,0.7
LTFRB_PUJ1963,753.78,823.658,service-v1-266e0b1d,True,753.78,historic_gtfs_service_activity_proxy,DERIVED,False,226.134,37.689,263.823,101.007,189.451,-88.445,-26.533,376.89,75.378,314.075,202.013,172.741,29.272,8.782,527.646,131.912,322.45,353.523,112.858,240.665,72.2,1.11,climate-v1.0,True,SCENARIO,sakay_gtfs_master_historic|doe_luzon_generation_2024|route2zero_climate_scenario_v1,0.7181,0.7181,0.55,0.35,300,0.3,0.5,0.7
LTFRB_PUJ1964,6271.9800000000005,6285.737,service-v1-266e0b1d,True,6271.9800000000005,historic_gtfs_service_activity_proxy,DERIVED,False,1881.594,313.599,2195.193,840.445,1576.368,-735.923,-220.777,3135.99,627.198,2613.325,1680.891,1437.329,243.562,73.069,4390.386,1097.596,2683.014,2941.559,939.055,2002.504,600.751,18.49,climate-v1.0,True,SCENARIO,sakay_gtfs_master_historic|doe_luzon_generation_2024|route2zero_climate_scenario_v1,0.7181,0.7181,0.55,0.35,300,0.3,0.5,0.7
LTFRB_PUJ1965,6250.56,6215.859,service-v1-266e0b1d,True,6250.56,historic_gtfs_service_activity_proxy,DERIVED,False,1875.168,312.528,2187.696,837.575,1570.984,-733.409,-220.023,3125.28,625.056,2604.4,1675.15,1432.42,242.73,72.819,4375.392,1093.848,2673.851,2931.513,935.848,1995.665,598.699,18.42,climate-v1.0,True,SCENARIO,sakay_gtfs_master_historic|doe_luzon_generation_2024|route2zero_climate_scenario_v1,0.7181,0.7181,0.55,0.35,300,0.3,0.5,0.7
LTFRB_PUJ1966,6998.219999999999,7111.168,service-v1-266e0b1d,True,6998.219999999999,historic_gtfs_service_activity_proxy,DERIVED,False,2099.466,349.911,2449.377,937.761,1758.898,-821.136,-246.341,3499.11,699.822,2915.925,1875.523,1603.759,271.764,81.529,4898.754,1224.688,2993.683,3282.165,1047.789,2234.376,670.313,20.77,climate-v1.0,True,SCENARIO,sakay_gtfs_master_historic|doe_luzon_generation_2024|route2zero_climate_scenario_v1,0.7181,0.7181,0.55,0.35,300,0.3,0.5,0.7
LTFRB_PUJ1967,6783.0,6896.059,service-v1-266e0b1d,True,6783.0,historic_gtfs_service_activity_proxy,DERIVED,False,2034.9,339.15,2374.05,908.922,1704.805,-795.883,-238.765,3391.5,678.3,2826.25,1817.844,1554.438,263.406,79.022,4748.1,1187.025,2901.617,3181.227,1015.566,2165.661,649.698,20.1,climate-v1.0,True,SCENARIO,sakay_gtfs_master_historic|doe_luzon_generation_2024|route2zero_climate_scenario_v1,0.7181,0.7181,0.55,0.35,300,0.3,0.5,0.7
LTFRB_PUJ1968,1779.9,1784.532,service-v1-266e0b1d,True,1779.9,historic_gtfs_service_activity_proxy,DERIVED,False,533.97,88.995,622.965,238.507,447.351,-208.845,-62.653,889.95,177.99,741.625,477.013,407.894,69.119,20.736,1245.93,311.482,761.402,834.773,266.491,568.283,170.485,4.34,climate-v1.0,True,SCENARIO,sakay_gtfs_master_historic|doe_luzon_generation_2024|route2zero_climate_scenario_v1,0.7181,0.7181,0.55,0.35,300,0.3,0.5,0.7
LTFRB_PUJ1969,1955.34,1888.835,service-v1-266e0b1d,True,1955.34,historic_gtfs_service_activity_proxy,DERIVED,False,586.602,97.767,684.369,262.016,491.445,-229.43,-68.829,977.67,195.534,814.725,524.031,448.099,75.932,22.78,1368.738,342.184,836.451,917.054,292.758,624.297,187.289,4.9,climate-v1.0,True,SCENARIO,sakay_gtfs_master_historic|doe_luzon_generation_2024|route2zero_climate_scenario_v1,0.7181,0.7181,0.55,0.35,300,0.3,0.5,0.7
LTFRB_PUJ1970,3332.34,3288.941,service-v1-266e0b1d,True,3332.34,historic_gtfs_service_activity_proxy,DERIVED,False,999.702,166.617,1166.319,446.534,837.534,-391.0,-117.3,1666.17,333.234,1388.475,893.067,763.661,129.406,38.822,2332.638,583.16,1425.501,1562.867,498.925,1063.942,319.183,9.23,climate-v1.0,True,SCENARIO,sakay_gtfs_master_historic|doe_luzon_generation_2024|route2zero_climate_scenario_v1,0.7181,0.7181,0.55,0.35,300,0.3,0.5,0.7
LTFRB_PUJ1971,3332.34,3288.941,service-v1-266e0b1d,True,3332.34,historic_gtfs_service_activity_proxy,DERIVED,False,999.702,166.617,1166.319,446.534,837.534,-391.0,-117.3,1666.17,333.234,1388.475,893.067,763.661,129.406,38.822,2332.638,583.16,1425.501,1562.867,498.925,1063.942,319.183,9.23,climate-v1.0,True,SCENARIO,sakay_gtfs_master_historic|doe_luzon_generation_2024|route2zero_climate_scenario_v1,0.7181,0.7181,0.55,0.35,300,0.3,0.5,0.7
LTFRB_PUJ1972,2685.66,2655.309,service-v1-266e0b1d,True,2685.66,historic_gtfs_service_activity_proxy,DERIVED,False,805.698,134.283,939.981,359.878,675.0,-315.122,-94.537,1342.83,268.566,1119.025,719.757,615.464,104.293,31.288,1879.962,469.99,1148.866,1259.575,402.103,857.472,257.241,7.2,climate-v1.0,True,SCENARIO,sakay_gtfs_master_historic|doe_luzon_generation_2024|route2zero_climate_scenario_v1,0.7181,0.7181,0.55,0.35,300,0.3,0.5,0.7
LTFRB_PUJ1973,4069.8,3984.791,service-v1-266e0b1d,True,4069.8,historic_gtfs_service_activity_proxy,DERIVED,False,1220.94,203.49,1424.43,545.353,1022.883,-477.53,-143.259,2034.9,406.98,1695.75,1090.706,932.663,158.044,47.413,2848.86,712.215,1740.97,1908.736,609.34,1299.397,389.819,11.55,climate-v1.0,True,SCENARIO,sakay_gtfs_master_historic|doe_luzon_generation_2024|route2zero_climate_scenario_v1,0.7181,0.7181,0.55,0.35,300,0.3,0.5,0.7
LTFRB_PUJ1974,10150.02,10098.274,service-v1-266e0b1d,True,10150.02,historic_gtfs_service_activity_proxy,DERIVED,False,3045.006,507.501,3552.507,1360.103,2551.055,-1190.953,-357.286,5075.01,1015.002,4229.175,2720.205,2326.046,394.159,118.248,7105.014,1776.254,4341.953,4760.359,1519.684,3240.676,972.203,30.7,climate-v1.0,True,SCENARIO,sakay_gtfs_master_historic|doe_luzon_generation_2024|route2zero_climate_scenario_v1,0.7181,0.7181,0.55,0.35,300,0.3,0.5,0.7
LTFRB_PUJ1975,10792.62,10839.984,service-v1-266e0b1d,True,10792.62,historic_gtfs_service_activity_proxy,DERIVED,False,3237.786,539.631,3777.417,1446.211,2712.563,-1266.352,-379.906,5396.31,1079.262,4496.925,2892.422,2473.309,419.113,125.734,7554.834,1888.708,4616.843,5061.739,1615.895,3445.844,1033.753,32.72,climate-v1.0,True,SCENARIO,sakay_gtfs_master_historic|doe_luzon_generation_2024|route2zero_climate_scenario_v1,0.7181,0.7181,0.55,0.35,300,0.3,0.5,0.7
LTFRB_PUJ1978,6324.0,6268.714,service-v1-266e0b1d,True,6324.0,historic_gtfs_service_activity_proxy,DERIVED,False,1897.2,316.2,2213.4,847.416,1589.443,-742.027,-222.608,3162.0,632.4,2635.0,1694.832,1449.25,245.582,73.675,4426.8,1106.7,2705.267,2965.956,946.843,2019.113,605.734,18.65,climate-v1.0,True,SCENARIO,sakay_gtfs_master_historic|doe_luzon_generation_2024|route2zero_climate_scenario_v1,0.7181,0.7181,0.55,0.35,300,0.3,0.5,0.7
LTFRB_PUJ1979,6248.52,6301.914,service-v1-266e0b1d,True,6248.52,historic_gtfs_service_activity_proxy,DERIVED,False,1874.556,312.426,2186.982,837.302,1570.472,-733.17,-219.951,3124.26,624.852,2603.55,1674.603,1431.953,242.651,72.795,4373.964,1093.491,2672.978,2930.556,935.542,1995.014,598.504,18.41,climate-v1.0,True,SCENARIO,sakay_gtfs_master_historic|doe_luzon_generation_2024|route2zero_climate_scenario_v1,0.7181,0.7181,0.55,0.35,300,0.3,0.5,0.7
LTFRB_PUJ1980,3595.5,3520.159,service-v1-266e0b1d,True,3595.5,historic_gtfs_service_activity_proxy,DERIVED,False,1078.65,179.775,1258.425,481.797,903.675,-421.878,-126.563,1797.75,359.55,1498.125,963.594,823.969,139.625,41.888,2516.85,629.212,1538.075,1686.29,538.326,1147.963,344.389,10.06,climate-v1.0,True,SCENARIO,sakay_gtfs_master_historic|doe_luzon_generation_2024|route2zero_climate_scenario_v1,0.7181,0.7181,0.55,0.35,300,0.3,0.5,0.7
LTFRB_PUJ1981,3491.46,3455.528,service-v1-266e0b1d,True,3491.46,historic_gtfs_service_activity_proxy,DERIVED,False,1047.438,174.573,1222.011,467.856,877.526,-409.67,-122.901,1745.73,349.146,1454.775,935.711,800.126,135.585,40.676,2444.022,611.006,1493.569,1637.495,522.749,1114.746,334.424,9.73,climate-v1.0,True,SCENARIO,sakay_gtfs_master_historic|doe_luzon_generation_2024|route2zero_climate_scenario_v1,0.7181,0.7181,0.55,0.35,300,0.3,0.5,0.7
LTFRB_PUJ1982,18278.4,18521.575,service-v1-266e0b1d,True,18278.4,historic_gtfs_service_activity_proxy,DERIVED,False,5483.52,913.92,6397.44,2449.306,4594.002,-2144.696,-643.409,9139.2,1827.84,7616.0,4898.611,4188.8,709.811,212.943,12794.88,3198.72,7819.093,8572.57,2736.683,5835.887,1750.766,56.29,climate-v1.0,True,SCENARIO,sakay_gtfs_master_historic|doe_luzon_generation_2024|route2zero_climate_scenario_v1,0.7181,0.7181,0.55,0.35,300,0.3,0.5,0.7
LTFRB_PUJ1983,19933.86,20078.085,service-v1-266e0b1d,True,19933.86,historic_gtfs_service_activity_proxy,DERIVED,False,5980.158,996.693,6976.851,2671.137,5010.077,-2338.939,-701.682,9966.93,1993.386,8305.775,5342.274,4568.176,774.098,232.229,13953.702,3488.426,8527.262,9348.98,2984.542,6364.439,1909.332,61.5,climate-v1.0,True,SCENARIO,sakay_gtfs_master_historic|doe_luzon_generation_2024|route2zero_climate_scenario_v1,0.7181,0.7181,0.55,0.35,300,0.3,0.5,0.7
LTFRB_PUJ1984,12575.58,12678.619,service-v1-266e0b1d,True,12575.58,historic_gtfs_service_activity_proxy,DERIVED,False,3772.674,628.779,4401.453,1685.128,3160.683,-1475.556,-442.667,6287.79,1257.558,5239.825,3370.255,2881.904,488.352,146.506,8802.906,2200.726,5379.554,5897.947,1882.844,4015.103,1204.531,38.33,climate-v1.0,True,SCENARIO,sakay_gtfs_master_historic|doe_luzon_generation_2024|route2zero_climate_scenario_v1,0.7181,0.7181,0.55,0.35,300,0.3,0.5,0.7
LTFRB_PUJ1985,13118.22,13101.9,service-v1-266e0b1d,True,13118.22,historic_gtfs_service_activity_proxy,DERIVED,False,3935.466,655.911,4591.377,1757.841,3297.068,-1539.226,-461.768,6559.11,1311.822,5465.925,3515.683,3006.259,509.424,152.827,9182.754,2295.688,5611.683,6152.445,1964.089,4188.356,1256.507,40.04,climate-v1.0,True,SCENARIO,sakay_gtfs_master_historic|doe_luzon_generation_2024|route2zero_climate_scenario_v1,0.7181,0.7181,0.55,0.35,300,0.3,0.5,0.7
LTFRB_PUJ1986,5584.5,5453.171,service-v1-266e0b1d,True,5584.5,historic_gtfs_service_activity_proxy,DERIVED,False,1675.35,279.225,1954.575,748.323,1403.58,-655.257,-196.577,2792.25,558.45,2326.875,1496.646,1279.781,216.865,65.059,3909.15,977.287,2388.925,2619.13,836.124,1783.007,534.902,16.32,climate-v1.0,True,SCENARIO,sakay_gtfs_master_historic|doe_luzon_generation_2024|route2zero_climate_scenario_v1,0.7181,0.7181,0.55,0.35,300,0.3,0.5,0.7
LTFRB_PUJ1987,5584.5,5453.171,service-v1-266e0b1d,True,5584.5,historic_gtfs_service_activity_proxy,DERIVED,False,1675.35,279.225,1954.575,748.323,1403.58,-655.257,-196.577,2792.25,558.45,2326.875,1496.646,1279.781,216.865,65.059,3909.15,977.287,2388.925,2619.13,836.124,1783.007,534.902,16.32,climate-v1.0,True,SCENARIO,sakay_gtfs_master_historic|doe_luzon_generation_2024|route2zero_climate_scenario_v1,0.7181,0.7181,0.55,0.35,300,0.3,0.5,0.7
LTFRB_PUJ1988,14420.76,14230.95,service-v1-266e0b1d,True,14420.76,historic_gtfs_service_activity_proxy,DERIVED,False,4326.228,721.038,5047.266,1932.382,3624.442,-1692.06,-507.618,7210.38,1442.076,6008.65,3864.764,3304.758,560.006,168.002,10094.532,2523.633,6168.881,6763.336,2159.108,4604.228,1381.268,44.14,climate-v1.0,True,SCENARIO,sakay_gtfs_master_historic|doe_luzon_generation_2024|route2zero_climate_scenario_v1,0.7181,0.7181,0.55,0.35,300,0.3,0.5,0.7
LTFRB_PUJ1989,15424.44,15454.315,service-v1-266e0b1d,True,15424.44,historic_gtfs_service_activity_proxy,DERIVED,False,4627.332,771.222,5398.554,2066.875,3876.702,-1809.827,-542.948,7712.22,1542.444,6426.85,4133.75,3534.768,598.982,179.695,10797.108,2699.277,6598.233,7234.062,2309.381,4924.681,1477.404,47.3,climate-v1.0,True,SCENARIO,sakay_gtfs_master_historic|doe_luzon_generation_2024|route2zero_climate_scenario_v1,0.7181,0.7181,0.55,0.35,300,0.3,0.5,0.7
LTFRB_PUJ1990,10826.28,10805.35,service-v1-266e0b1d,True,10826.28,historic_gtfs_service_activity_proxy,DERIVED,False,3247.884,541.314,3789.198,1450.722,2721.023,-1270.302,-381.09,5413.14,1082.628,4510.95,2901.443,2481.023,420.421,126.126,7578.396,1894.599,4631.242,5077.525,1620.935,3456.591,1036.977,32.83,climate-v1.0,True,SCENARIO,sakay_gtfs_master_historic|doe_luzon_generation_2024|route2zero_climate_scenario_v1,0.7181,0.7181,0.55,0.35,300,0.3,0.5,0.7
LTFRB_PUJ1991,10949.7,10956.417,service-v1-266e0b1d,True,10949.7,historic_gtfs_service_activity_proxy,DERIVED,False,3284.91,547.485,3832.395,1467.26,2752.043,-1284.783,-385.435,5474.85,1094.97,4562.375,2934.52,2509.306,425.213,127.564,7664.79,1916.198,4684.038,5135.409,1639.413,3495.996,1048.799,33.21,climate-v1.0,True,SCENARIO,sakay_gtfs_master_historic|doe_luzon_generation_2024|route2zero_climate_scenario_v1,0.7181,0.7181,0.55,0.35,300,0.3,0.5,0.7
LTFRB_PUJ1992,9955.2,9949.989,service-v1-266e0b1d,True,9955.2,historic_gtfs_service_activity_proxy,DERIVED,False,2986.56,497.76,3484.32,1333.997,2502.09,-1168.093,-350.428,4977.6,995.52,4148.0,2667.994,2281.4,386.594,115.978,6968.64,1742.16,4258.613,4668.989,1490.515,3178.474,953.542,30.08,climate-v1.0,True,SCENARIO,sakay_gtfs_master_historic|doe_luzon_generation_2024|route2zero_climate_scenario_v1,0.7181,0.7181,0.55,0.35,300,0.3,0.5,0.7
LTFRB_PUJ1993,9737.94,9773.641,service-v1-266e0b1d,True,9737.94,historic_gtfs_service_activity_proxy,DERIVED,False,2921.382,486.897,3408.279,1304.884,2447.485,-1142.601,-342.78,4868.97,973.794,4057.475,2609.768,2231.611,378.157,113.447,6816.558,1704.14,4165.674,4567.094,1457.986,3109.108,932.732,29.4,climate-v1.0,True,SCENARIO,sakay_gtfs_master_historic|doe_luzon_generation_2024|route2zero_climate_scenario_v1,0.7181,0.7181,0.55,0.35,300,0.3,0.5,0.7
LTFRB_PUJ1994,12638.82,12871.532,service-v1-266e0b1d,True,12638.82,historic_gtfs_service_activity_proxy,DERIVED,False,3791.646,631.941,4423.587,1693.602,3176.578,-1482.976,-444.893,6319.41,1263.882,5266.175,3387.204,2896.396,490.808,147.242,8847.174,2211.794,5406.606,5927.607,1892.312,4035.294,1210.588,38.53,climate-v1.0,True,SCENARIO,sakay_gtfs_master_historic|doe_luzon_generation_2024|route2zero_climate_scenario_v1,0.7181,0.7181,0.55,0.35,300,0.3,0.5,0.7
LTFRB_PUJ1995,13505.82,13479.208,service-v1-266e0b1d,True,13505.82,historic_gtfs_service_activity_proxy,DERIVED,False,4051.746,675.291,4727.037,1809.78,3394.485,-1584.705,-475.412,6752.91,1350.582,5627.425,3619.56,3095.084,524.476,157.343,9454.074,2363.518,5777.49,6334.23,2022.121,4312.108,1293.632,41.26,climate-v1.0,True,SCENARIO,sakay_gtfs_master_historic|doe_luzon_generation_2024|route2zero_climate_scenario_v1,0.7181,0.7181,0.55,0.35,300,0.3,0.5,0.7
LTFRB_PUJ1996,9231.0,9352.316,service-v1-266e0b1d,True,9231.0,historic_gtfs_service_activity_proxy,DERIVED,False,2769.3,461.55,3230.85,1236.954,2320.073,-1083.119,-324.936,4615.5,923.1,3846.25,2473.908,2115.438,358.471,107.541,6461.7,1615.425,3948.817,4329.339,1382.086,2947.253,884.176,27.8,climate-v1.0,True,SCENARIO,sakay_gtfs_master_historic|doe_luzon_generation_2024|route2zero_climate_scenario_v1,0.7181,0.7181,0.55,0.35,300,0.3,0.5,0.7
LTFRB_PUJ1999,8636.34,8733.8,service-v1-266e0b1d,True,8636.34,historic_gtfs_service_activity_proxy,DERIVED,False,2590.902,431.817,3022.719,1157.27,2170.615,-1013.345,-304.003,4318.17,863.634,3598.475,2314.539,1979.161,335.378,100.613,6045.438,1511.36,3694.434,4050.443,1293.052,2757.391,827.217,25.93,climate-v1.0,True,SCENARIO,sakay_gtfs_master_historic|doe_luzon_generation_2024|route2zero_climate_scenario_v1,0.7181,0.7181,0.55,0.35,300,0.3,0.5,0.7
LTFRB_PUJ2000,16273.08,16413.708,service-v1-266e0b1d,True,16273.08,historic_gtfs_service_activity_proxy,DERIVED,False,4881.924,813.654,5695.578,2180.593,4089.995,-1909.402,-572.821,8136.54,1627.308,6780.45,4361.185,3729.248,631.938,189.581,11391.156,2847.789,6961.262,7632.075,2436.442,5195.633,1558.69,49.97,climate-v1.0,True,SCENARIO,sakay_gtfs_master_historic|doe_luzon_generation_2024|route2zero_climate_scenario_v1,0.7181,0.7181,0.55,0.35,300,0.3,0.5,0.7
LTFRB_PUJ2001,16366.92,16420.241,service-v1-266e0b1d,True,16366.92,historic_gtfs_service_activity_proxy,DERIVED,False,4910.076,818.346,5728.422,2193.167,4113.58,-1920.413,-576.124,8183.46,1636.692,6819.55,4386.335,3750.753,635.582,190.675,11456.844,2864.211,7001.405,7676.085,2450.492,5225.594,1567.678,50.27,climate-v1.0,True,SCENARIO,sakay_gtfs_master_historic|doe_luzon_generation_2024|route2zero_climate_scenario_v1,0.7181,0.7181,0.55,0.35,300,0.3,0.5,0.7
LTFRB_PUJ2002,22245.18,22251.484,service-v1-266e0b1d,True,22245.18,historic_gtfs_service_activity_proxy,DERIVED,False,6673.554,1112.259,7785.813,2980.854,5590.992,-2610.138,-783.041,11122.59,2224.518,9268.825,5961.708,5097.854,863.854,259.156,15571.626,3892.906,9515.994,10432.989,3330.598,7102.392,2130.717,68.78,climate-v1.0,True,SCENARIO,sakay_gtfs_master_historic|doe_luzon_generation_2024|route2zero_climate_scenario_v1,0.7181,0.7181,0.55,0.35,300,0.3,0.5,0.7
LTFRB_PUJ2003,19942.02,20050.611,service-v1-266e0b1d,True,19942.02,historic_gtfs_service_activity_proxy,DERIVED,False,5982.606,997.101,6979.707,2672.231,5012.128,-2339.897,-701.969,9971.01,1994.202,8309.175,5344.461,4570.046,774.415,232.325,13959.414,3489.853,8530.753,9352.807,2985.764,6367.044,1910.113,61.53,climate-v1.0,True,SCENARIO,sakay_gtfs_master_historic|doe_luzon_generation_2024|route2zero_climate_scenario_v1,0.7181,0.7181,0.55,0.35,300,0.3,0.5,0.7
LTFRB_PUJ2004,8324.22,8731.749,service-v1-266e0b1d,True,8324.22,historic_gtfs_service_activity_proxy,DERIVED,False,2497.266,416.211,2913.477,1115.445,2092.168,-976.722,-293.017,4162.11,832.422,3468.425,2230.891,1907.634,323.257,96.977,5826.954,1456.738,3560.916,3904.059,1246.321,2657.738,797.322,24.95,climate-v1.0,True,SCENARIO,sakay_gtfs_master_historic|doe_luzon_generation_2024|route2zero_climate_scenario_v1,0.7181,0.7181,0.55,0.35,300,0.3,0.5,0.7
LTFRB_PUJ2005,7585.740000000001,7460.441,service-v1-266e0b1d,True,7585.740000000001,historic_gtfs_service_activity_proxy,DERIVED,False,2275.722,379.287,2655.009,1016.489,1906.562,-890.073,-267.022,3792.87,758.574,3160.725,2032.978,1738.399,294.58,88.374,5310.018,1327.504,3245.011,3557.712,1135.754,2421.958,726.587,22.62,climate-v1.0,True,SCENARIO,sakay_gtfs_master_historic|doe_luzon_generation_2024|route2zero_climate_scenario_v1,0.7181,0.7181,0.55,0.35,300,0.3,0.5,0.7
LTFRB_PUJ2006,7659.18,7440.979,service-v1-266e0b1d,True,7659.18,historic_gtfs_service_activity_proxy,DERIVED,False,2297.754,382.959,2680.713,1026.33,1925.02,-898.69,-269.607,3829.59,765.918,3191.325,2052.66,1755.229,297.431,89.229,5361.426,1340.356,3276.427,3592.155,1146.749,2445.406,733.622,22.85,climate-v1.0,True,SCENARIO,sakay_gtfs_master_historic|doe_luzon_generation_2024|route2zero_climate_scenario_v1,0.7181,0.7181,0.55,0.35,300,0.3,0.5,0.7
LTFRB_PUJ2008,3174.24,3418.269,service-v1-266e0b1d,True,3174.24,historic_gtfs_service_activity_proxy,DERIVED,False,952.272,158.712,1110.984,425.348,797.798,-372.449,-111.735,1587.12,317.424,1322.6,850.696,727.43,123.266,36.98,2221.968,555.492,1357.869,1488.719,475.254,1013.464,304.039,8.73,climate-v1.0,True,SCENARIO,sakay_gtfs_master_historic|doe_luzon_generation_2024|route2zero_climate_scenario_v1,0.7181,0.7181,0.55,0.35,300,0.3,0.5,0.7
LTFRB_PUJ2009,3174.24,3418.269,service-v1-266e0b1d,True,3174.24,historic_gtfs_service_activity_proxy,DERIVED,False,952.272,158.712,1110.984,425.348,797.798,-372.449,-111.735,1587.12,317.424,1322.6,850.696,727.43,123.266,36.98,2221.968,555.492,1357.869,1488.719,475.254,1013.464,304.039,8.73,climate-v1.0,True,SCENARIO,sakay_gtfs_master_historic|doe_luzon_generation_2024|route2zero_climate_scenario_v1,0.7181,0.7181,0.55,0.35,300,0.3,0.5,0.7
LTFRB_PUJ2010,12206.34,12365.722,service-v1-266e0b1d,True,12206.34,historic_gtfs_service_activity_proxy,DERIVED,False,3661.902,610.317,4272.219,1635.65,3067.88,-1432.231,-429.669,6103.17,1220.634,5085.975,3271.299,2797.286,474.013,142.204,8544.438,2136.11,5221.601,5724.773,1827.56,3897.213,1169.164,37.17,climate-v1.0,True,SCENARIO,sakay_gtfs_master_historic|doe_luzon_generation_2024|route2zero_climate_scenario_v1,0.7181,0.7181,0.55,0.35,300,0.3,0.5,0.7
LTFRB_PUJ2011,12944.820000000002,13134.351,service-v1-266e0b1d,True,12944.820000000002,historic_gtfs_service_activity_proxy,DERIVED,False,3883.446,647.241,4530.687,1734.606,3253.486,-1518.88,-455.664,6472.41,1294.482,5393.675,3469.212,2966.521,502.691,150.807,9061.374,2265.344,5537.506,6071.121,1938.127,4132.993,1239.898,39.5,climate-v1.0,True,SCENARIO,sakay_gtfs_master_historic|doe_luzon_generation_2024|route2zero_climate_scenario_v1,0.7181,0.7181,0.55,0.35,300,0.3,0.5,0.7
LTFRB_PUJ2012,5523.3,5594.503,service-v1-266e0b1d,True,5523.3,historic_gtfs_service_activity_proxy,DERIVED,False,1656.99,276.165,1933.155,740.122,1388.199,-648.076,-194.423,2761.65,552.33,2301.375,1480.244,1265.756,214.488,64.346,3866.31,966.578,2362.745,2590.428,826.961,1763.467,529.04,16.13,climate-v1.0,True,SCENARIO,sakay_gtfs_master_historic|doe_luzon_generation_2024|route2zero_climate_scenario_v1,0.7181,0.7181,0.55,0.35,300,0.3,0.5,0.7
LTFRB_PUJ2013,2877.42,2913.392,service-v1-266e0b1d,True,2877.42,historic_gtfs_service_activity_proxy,DERIVED,False,863.226,143.871,1007.097,385.574,723.196,-337.622,-101.287,1438.71,287.742,1198.925,771.149,659.409,111.74,33.522,2014.194,503.548,1230.896,1349.51,430.814,918.696,275.609,7.8,climate-v1.0,True,SCENARIO,sakay_gtfs_master_historic|doe_luzon_generation_2024|route2zero_climate_scenario_v1,0.7181,0.7181,0.55,0.35,300,0.3,0.5,0.7
LTFRB_PUJ2014,17286.96,17490.435,service-v1-266e0b1d,True,17286.96,historic_gtfs_service_activity_proxy,DERIVED,False,5186.088,864.348,6050.436,2316.453,4344.818,-2028.365,-608.51,8643.48,1728.696,7202.9,4632.905,3961.595,671.31,201.393,12100.872,3025.218,7394.977,8107.584,2588.242,5519.342,1655.803,53.17,climate-v1.0,True,SCENARIO,sakay_gtfs_master_historic|doe_luzon_generation_2024|route2zero_climate_scenario_v1,0.7181,0.7181,0.55,0.35,300,0.3,0.5,0.7
LTFRB_PUJ2015,18485.460000000003,18289.087,service-v1-266e0b1d,True,18485.460000000003,historic_gtfs_service_activity_proxy,DERIVED,False,5545.638,924.273,6469.911,2477.052,4646.043,-2168.991,-650.697,9242.73,1848.546,7702.275,4954.103,4236.251,717.852,215.356,12939.822,3234.956,7907.669,8669.681,2767.684,5901.997,1770.599,56.94,climate-v1.0,True,SCENARIO,sakay_gtfs_master_historic|doe_luzon_generation_2024|route2zero_climate_scenario_v1,0.7181,0.7181,0.55,0.35,300,0.3,0.5,0.7
LTFRB_PUJ2016,5909.879999999999,6196.723,service-v1-266e0b1d,True,5909.879999999999,historic_gtfs_service_activity_proxy,DERIVED,False,1772.964,295.494,2068.458,791.924,1485.36,-693.436,-208.031,2954.94,590.988,2462.45,1583.848,1354.348,229.5,68.85,4136.916,1034.229,2528.115,2771.734,884.84,1886.893,566.068,17.35,climate-v1.0,True,SCENARIO,sakay_gtfs_master_historic|doe_luzon_generation_2024|route2zero_climate_scenario_v1,0.7181,0.7181,0.55,0.35,300,0.3,0.5,0.7
LTFRB_PUJ2017,5778.3,6069.99,service-v1-266e0b1d,True,5778.3,historic_gtfs_service_activity_proxy,DERIVED,False,1733.49,288.915,2022.405,774.292,1452.289,-677.997,-203.399,2889.15,577.83,2407.625,1548.584,1324.194,224.391,67.317,4044.81,1011.202,2471.828,2710.023,865.14,1844.883,553.465,16.93,climate-v1.0,True,SCENARIO,sakay_gtfs_master_historic|doe_luzon_generation_2024|route2zero_climate_scenario_v1,0.7181,0.7181,0.55,0.35,300,0.3,0.5,0.7
LTFRB_PUJ2018,5106.12,5332.549,service-v1-266e0b1d,True,5106.12,historic_gtfs_service_activity_proxy,DERIVED,False,1531.836,255.306,1787.142,684.22,1283.347,-599.127,-179.738,2553.06,510.612,2127.55,1368.44,1170.153,198.288,59.486,3574.284,893.571,2184.285,2394.77,764.5,1630.271,489.081,14.82,climate-v1.0,True,SCENARIO,sakay_gtfs_master_historic|doe_luzon_generation_2024|route2zero_climate_scenario_v1,0.7181,0.7181,0.55,0.35,300,0.3,0.5,0.7
LTFRB_PUJ2019,4383.96,4307.179,service-v1-266e0b1d,True,4383.96,historic_gtfs_service_activity_proxy,DERIVED,False,1315.188,219.198,1534.386,587.451,1101.843,-514.392,-154.318,2191.98,438.396,1826.65,1174.901,1004.658,170.244,51.073,3068.772,767.193,1875.361,2056.077,656.376,1399.701,419.91,12.54,climate-v1.0,True,SCENARIO,sakay_gtfs_master_historic|doe_luzon_generation_2024|route2zero_climate_scenario_v1,0.7181,0.7181,0.55,0.35,300,0.3,0.5,0.7
LTFRB_PUJ2020,13811.82,14000.273,service-v1-266e0b1d,True,13811.82,historic_gtfs_service_activity_proxy,DERIVED,False,4143.546,690.591,4834.137,1850.784,3471.394,-1620.61,-486.183,6905.91,1381.182,5754.925,3701.568,3165.209,536.359,160.908,9668.274,2417.068,5908.39,6477.744,2067.936,4409.807,1322.942,42.23,climate-v1.0,True,SCENARIO,sakay_gtfs_master_historic|doe_luzon_generation_2024|route2zero_climate_scenario_v1,0.7181,0.7181,0.55,0.35,300,0.3,0.5,0.7
LTFRB_PUJ2021,12198.18,12331.981,service-v1-266e0b1d,True,12198.18,historic_gtfs_service_activity_proxy,DERIVED,False,3659.454,609.909,4269.363,1634.556,3065.83,-1431.273,-429.382,6099.09,1219.818,5082.575,3269.112,2795.416,473.696,142.109,8538.726,2134.682,5218.11,5720.946,1826.339,3894.608,1168.382,37.15,climate-v1.0,True,SCENARIO,sakay_gtfs_master_historic|doe_luzon_generation_2024|route2zero_climate_scenario_v1,0.7181,0.7181,0.55,0.35,300,0.3,0.5,0.7
LTFRB_PUJ2022,8871.960000000001,8927.838,service-v1-266e0b1d,True,8871.960000000001,historic_gtfs_service_activity_proxy,DERIVED,False,2661.588,443.598,3105.186,1188.843,2229.834,-1040.991,-312.297,4435.98,887.196,3696.65,2377.685,2033.158,344.528,103.358,6210.372,1552.593,3795.227,4160.949,1328.33,2832.62,849.786,26.67,climate-v1.0,True,SCENARIO,sakay_gtfs_master_historic|doe_luzon_generation_2024|route2zero_climate_scenario_v1,0.7181,0.7181,0.55,0.35,300,0.3,0.5,0.7
LTFRB_PUJ2023,10263.24,10050.755,service-v1-266e0b1d,True,10263.24,historic_gtfs_service_activity_proxy,DERIVED,False,3078.972,513.162,3592.134,1375.274,2579.511,-1204.237,-361.271,5131.62,1026.324,4276.35,2750.548,2351.993,398.556,119.567,7184.268,1796.067,4390.386,4813.46,1536.635,3276.824,983.047,31.05,climate-v1.0,True,SCENARIO,sakay_gtfs_master_historic|doe_luzon_generation_2024|route2zero_climate_scenario_v1,0.7181,0.7181,0.55,0.35,300,0.3,0.5,0.7
LTFRB_PUJ2024,8927.04,9057.164,service-v1-266e0b1d,True,8927.04,historic_gtfs_service_activity_proxy,DERIVED,False,2678.112,446.352,3124.464,1196.223,2243.678,-1047.454,-314.236,4463.52,892.704,3719.6,2392.447,2045.78,346.667,104.0,6248.928,1562.232,3818.789,4186.782,1336.576,2850.205,855.062,26.85,climate-v1.0,True,SCENARIO,sakay_gtfs_master_historic|doe_luzon_generation_2024|route2zero_climate_scenario_v1,0.7181,0.7181,0.55,0.35,300,0.3,0.5,0.7
LTFRB_PUJ2025,3136.5,3261.445,service-v1-266e0b1d,True,3136.5,historic_gtfs_service_activity_proxy,DERIVED,False,940.95,156.825,1097.775,420.291,788.312,-368.021,-110.406,1568.25,313.65,1306.875,840.582,718.781,121.801,36.54,2195.55,548.887,1341.725,1471.018,469.604,1001.415,300.424,8.62,climate-v1.0,True,SCENARIO,sakay_gtfs_master_historic|doe_luzon_generation_2024|route2zero_climate_scenario_v1,0.7181,0.7181,0.55,0.35,300,0.3,0.5,0.7
LTFRB_PUJ2026,3136.5,3261.445,service-v1-266e0b1d,True,3136.5,historic_gtfs_service_activity_proxy,DERIVED,False,940.95,156.825,1097.775,420.291,788.312,-368.021,-110.406,1568.25,313.65,1306.875,840.582,718.781,121.801,36.54,2195.55,548.887,1341.725,1471.018,469.604,1001.415,300.424,8.62,climate-v1.0,True,SCENARIO,sakay_gtfs_master_historic|doe_luzon_generation_2024|route2zero_climate_scenario_v1,0.7181,0.7181,0.55,0.35,300,0.3,0.5,0.7
LTFRB_PUJ2027,7434.78,7413.081,service-v1-266e0b1d,True,7434.78,historic_gtfs_service_activity_proxy,DERIVED,False,2230.434,371.739,2602.173,996.261,1868.62,-872.36,-261.708,3717.39,743.478,3097.825,1992.521,1703.804,288.717,86.615,5204.346,1301.086,3180.434,3486.912,1113.152,2373.76,712.128,22.15,climate-v1.0,True,SCENARIO,sakay_gtfs_master_historic|doe_luzon_generation_2024|route2zero_climate_scenario_v1,0.7181,0.7181,0.55,0.35,300,0.3,0.5,0.7
LTFRB_PUJ2028,5603.88,5792.631,service-v1-266e0b1d,True,5603.88,historic_gtfs_service_activity_proxy,DERIVED,False,1681.164,280.194,1961.358,750.92,1408.451,-657.531,-197.259,2801.94,560.388,2334.95,1501.84,1284.222,217.617,65.285,3922.716,980.679,2397.215,2628.22,839.025,1789.194,536.758,16.38,climate-v1.0,True,SCENARIO,sakay_gtfs_master_historic|doe_luzon_generation_2024|route2zero_climate_scenario_v1,0.7181,0.7181,0.55,0.35,300,0.3,0.5,0.7
LTFRB_PUJ2029,4662.42,4647.48,service-v1-266e0b1d,True,4662.42,historic_gtfs_service_activity_proxy,DERIVED,False,1398.726,233.121,1631.847,624.764,1171.829,-547.065,-164.12,2331.21,466.242,1942.675,1249.529,1068.471,181.057,54.317,3263.694,815.924,1994.48,2186.675,698.068,1488.607,446.582,13.42,climate-v1.0,True,SCENARIO,sakay_gtfs_master_historic|doe_luzon_generation_2024|route2zero_climate_scenario_v1,0.7181,0.7181,0.55,0.35,300,0.3,0.5,0.7
LTFRB_PUJ2030,4662.42,4647.48,service-v1-266e0b1d,True,4662.42,historic_gtfs_service_activity_proxy,DERIVED,False,1398.726,233.121,1631.847,624.764,1171.829,-547.065,-164.12,2331.21,466.242,1942.675,1249.529,1068.471,181.057,54.317,3263.694,815.924,1994.48,2186.675,698.068,1488.607,446.582,13.42,climate-v1.0,True,SCENARIO,sakay_gtfs_master_historic|doe_luzon_generation_2024|route2zero_climate_scenario_v1,0.7181,0.7181,0.55,0.35,300,0.3,0.5,0.7
LTFRB_PUJ2031,7205.28,7320.547,service-v1-266e0b1d,True,7205.28,historic_gtfs_service_activity_proxy,DERIVED,False,2161.584,360.264,2521.848,965.508,1810.939,-845.432,-253.629,3602.64,720.528,3002.2,1931.015,1651.21,279.805,83.942,5043.696,1260.924,3082.259,3379.276,1078.791,2300.486,690.146,21.43,climate-v1.0,True,SCENARIO,sakay_gtfs_master_historic|doe_luzon_generation_2024|route2zero_climate_scenario_v1,0.7181,0.7181,0.55,0.35,300,0.3,0.5,0.7
LTFRB_PUJ2032,5265.24,5434.145,service-v1-266e0b1d,True,5265.24,historic_gtfs_service_activity_proxy,DERIVED,False,1579.572,263.262,1842.834,705.542,1323.339,-617.797,-185.339,2632.62,526.524,2193.85,1411.084,1206.618,204.467,61.34,3685.668,921.417,2252.353,2469.398,788.323,1681.074,504.322,15.32,climate-v1.0,True,SCENARIO,sakay_gtfs_master_historic|doe_luzon_generation_2024|route2zero_climate_scenario_v1,0.7181,0.7181,0.55,0.35,300,0.3,0.5,0.7
LTFRB_PUJ2033,6959.46,6933.945,service-v1-266e0b1d,True,6959.46,historic_gtfs_service_activity_proxy,DERIVED,False,2087.838,347.973,2435.811,932.568,1749.156,-816.588,-244.976,3479.73,695.946,2899.775,1865.135,1594.876,270.259,81.078,4871.622,1217.905,2977.102,3263.987,1041.986,2222.001,666.6,20.65,climate-v1.0,True,SCENARIO,sakay_gtfs_master_historic|doe_luzon_generation_2024|route2zero_climate_scenario_v1,0.7181,0.7181,0.55,0.35,300,0.3,0.5,0.7
LTFRB_PUJ2034,7033.92,7021.369,service-v1-266e0b1d,True,7033.92,historic_gtfs_service_activity_proxy,DERIVED,False,2110.176,351.696,2461.872,942.545,1767.87,-825.325,-247.598,3516.96,703.392,2930.8,1885.091,1611.94,273.151,81.945,4923.744,1230.936,3008.955,3298.908,1053.134,2245.774,673.732,20.89,climate-v1.0,True,SCENARIO,sakay_gtfs_master_historic|doe_luzon_generation_2024|route2zero_climate_scenario_v1,0.7181,0.7181,0.55,0.35,300,0.3,0.5,0.7
LTFRB_PUJ2035,3728.1,3627.692,service-v1-266e0b1d,True,3728.1,historic_gtfs_service_activity_proxy,DERIVED,False,1118.43,186.405,1304.835,499.565,937.002,-437.437,-131.231,1864.05,372.81,1553.375,999.131,854.356,144.775,43.432,2609.67,652.417,1594.798,1748.479,558.179,1190.299,357.09,10.48,climate-v1.0,True,SCENARIO,sakay_gtfs_master_historic|doe_luzon_generation_2024|route2zero_climate_scenario_v1,0.7181,0.7181,0.55,0.35,300,0.3,0.5,0.7
LTFRB_PUJ2036,5122.4400000000005,5049.466,service-v1-266e0b1d,True,5122.4400000000005,historic_gtfs_service_activity_proxy,DERIVED,False,1536.732,256.122,1792.854,686.407,1287.448,-601.041,-180.312,2561.22,512.244,2134.35,1372.814,1173.893,198.921,59.676,3585.708,896.427,2191.266,2402.424,766.943,1635.481,490.644,14.87,climate-v1.0,True,SCENARIO,sakay_gtfs_master_historic|doe_luzon_generation_2024|route2zero_climate_scenario_v1,0.7181,0.7181,0.55,0.35,300,0.3,0.5,0.7
LTFRB_PUJ2037,6569.82,6717.242,service-v1-266e0b1d,True,6569.82,historic_gtfs_service_activity_proxy,DERIVED,False,1970.946,328.491,2299.437,880.356,1651.226,-770.87,-231.261,3284.91,656.982,2737.425,1760.712,1505.584,255.128,76.538,4598.874,1149.718,2810.423,3081.246,983.648,2097.598,629.279,19.43,climate-v1.0,True,SCENARIO,sakay_gtfs_master_historic|doe_luzon_generation_2024|route2zero_climate_scenario_v1,0.7181,0.7181,0.55,0.35,300,0.3,0.5,0.7
LTFRB_PUJ2038,6965.58,7029.385,service-v1-266e0b1d,True,6965.58,historic_gtfs_service_activity_proxy,DERIVED,False,2089.674,348.279,2437.953,933.388,1750.694,-817.306,-245.192,3482.79,696.558,2902.325,1866.775,1596.279,270.497,81.149,4875.906,1218.976,2979.72,3266.857,1042.902,2223.955,667.186,20.67,climate-v1.0,True,SCENARIO,sakay_gtfs_master_historic|doe_luzon_generation_2024|route2zero_climate_scenario_v1,0.7181,0.7181,0.55,0.35,300,0.3,0.5,0.7
LTFRB_PUJ2039,3271.14,3313.543,service-v1-266e0b1d,True,3271.14,historic_gtfs_service_activity_proxy,DERIVED,False,981.342,163.557,1144.899,438.333,822.152,-383.819,-115.146,1635.57,327.114,1362.975,876.666,749.636,127.029,38.109,2289.798,572.45,1399.321,1534.165,489.762,1044.402,313.321,9.04,climate-v1.0,True,SCENARIO,sakay_gtfs_master_historic|doe_luzon_generation_2024|route2zero_climate_scenario_v1,0.7181,0.7181,0.55,0.35,300,0.3,0.5,0.7
LTFRB_PUJ2040,3880.08,4014.606,service-v1-266e0b1d,True,3880.08,historic_gtfs_service_activity_proxy,DERIVED,False,1164.024,194.004,1358.028,519.931,975.2,-455.269,-136.581,1940.04,388.008,1616.7,1039.861,889.185,150.676,45.203,2716.056,679.014,1659.812,1819.758,580.934,1238.823,371.647,10.96,climate-v1.0,True,SCENARIO,sakay_gtfs_master_historic|doe_luzon_generation_2024|route2zero_climate_scenario_v1,0.7181,0.7181,0.55,0.35,300,0.3,0.5,0.7
LTFRB_PUJ2041,7712.22,7889.948,service-v1-266e0b1d,True,7712.22,historic_gtfs_service_activity_proxy,DERIVED,False,2313.666,385.611,2699.277,1033.437,1938.351,-904.913,-271.474,3856.11,771.222,3213.425,2066.875,1767.384,299.491,89.847,5398.554,1349.638,3299.116,3617.031,1154.691,2462.34,738.702,23.02,climate-v1.0,True,SCENARIO,sakay_gtfs_master_historic|doe_luzon_generation_2024|route2zero_climate_scenario_v1,0.7181,0.7181,0.55,0.35,300,0.3,0.5,0.7
LTFRB_PUJ2042,8060.04,8114.814,service-v1-266e0b1d,True,8060.04,historic_gtfs_service_activity_proxy,DERIVED,False,2418.012,403.002,2821.014,1080.045,2025.77,-945.725,-283.717,4030.02,806.004,3358.35,2160.091,1847.093,312.998,93.899,5642.028,1410.507,3447.906,3780.159,1206.767,2573.392,772.017,24.12,climate-v1.0,True,SCENARIO,sakay_gtfs_master_historic|doe_luzon_generation_2024|route2zero_climate_scenario_v1,0.7181,0.7181,0.55,0.35,300,0.3,0.5,0.7
LTFRB_PUJ2043,4949.04,4684.455,service-v1-266e0b1d,True,4949.04,historic_gtfs_service_activity_proxy,DERIVED,False,1484.712,247.452,1732.164,663.171,1243.867,-580.696,-174.209,2474.52,494.904,2062.1,1326.343,1134.155,192.188,57.656,3464.328,866.082,2117.089,2321.1,740.981,1580.118,474.036,14.32,climate-v1.0,True,SCENARIO,sakay_gtfs_master_historic|doe_luzon_generation_2024|route2zero_climate_scenario_v1,0.7181,0.7181,0.55,0.35,300,0.3,0.5,0.7
LTFRB_PUJ2044,5326.4400000000005,5285.748,service-v1-266e0b1d,True,5326.4400000000005,historic_gtfs_service_activity_proxy,DERIVED,False,1597.932,266.322,1864.254,713.743,1338.721,-624.978,-187.493,2663.22,532.644,2219.35,1427.486,1220.643,206.843,62.053,3728.508,932.127,2278.533,2498.1,797.486,1700.614,510.184,15.51,climate-v1.0,True,SCENARIO,sakay_gtfs_master_historic|doe_luzon_generation_2024|route2zero_climate_scenario_v1,0.7181,0.7181,0.55,0.35,300,0.3,0.5,0.7
LTFRB_PUJ2045,10090.86,9960.858,service-v1-266e0b1d,True,10090.86,historic_gtfs_service_activity_proxy,DERIVED,False,3027.258,504.543,3531.801,1352.175,2536.186,-1184.011,-355.203,5045.43,1009.086,4204.525,2704.35,2312.489,391.862,117.559,7063.602,1765.9,4316.646,4732.613,1510.826,3221.787,966.536,30.51,climate-v1.0,True,SCENARIO,sakay_gtfs_master_historic|doe_luzon_generation_2024|route2zero_climate_scenario_v1,0.7181,0.7181,0.55,0.35,300,0.3,0.5,0.7
LTFRB_PUJ2046,10307.1,10234.313,service-v1-266e0b1d,True,10307.1,historic_gtfs_service_activity_proxy,DERIVED,False,3092.13,515.355,3607.485,1381.151,2590.535,-1209.384,-362.815,5153.55,1030.71,4294.625,2762.303,2362.044,400.259,120.078,7214.97,1803.742,4409.148,4834.03,1543.202,3290.828,987.248,31.19,climate-v1.0,True,SCENARIO,sakay_gtfs_master_historic|doe_luzon_generation_2024|route2zero_climate_scenario_v1,0.7181,0.7181,0.55,0.35,300,0.3,0.5,0.7
LTFRB_PUJ2047,10496.82,10425.587,service-v1-266e0b1d,True,10496.82,historic_gtfs_service_activity_proxy,DERIVED,False,3149.046,524.841,3673.887,1406.574,2638.218,-1231.644,-369.493,5248.41,1049.682,4373.675,2813.148,2405.521,407.627,122.288,7347.774,1836.943,4490.306,4923.009,1571.607,3351.401,1005.42,31.79,climate-v1.0,True,SCENARIO,sakay_gtfs_master_historic|doe_luzon_generation_2024|route2zero_climate_scenario_v1,0.7181,0.7181,0.55,0.35,300,0.3,0.5,0.7
LTFRB_PUJ2048,10599.84,10543.972,service-v1-266e0b1d,True,10599.84,historic_gtfs_service_activity_proxy,DERIVED,False,3179.952,529.992,3709.944,1420.379,2664.111,-1243.732,-373.12,5299.92,1059.984,4416.6,2840.757,2429.13,411.627,123.488,7419.888,1854.972,4534.376,4971.325,1587.032,3384.293,1015.288,32.11,climate-v1.0,True,SCENARIO,sakay_gtfs_master_historic|doe_luzon_generation_2024|route2zero_climate_scenario_v1,0.7181,0.7181,0.55,0.35,300,0.3,0.5,0.7
LTFRB_PUJ2049,10273.44,10179.37,service-v1-266e0b1d,True,10273.44,historic_gtfs_service_activity_proxy,DERIVED,False,3082.032,513.672,3595.704,1376.641,2582.075,-1205.434,-361.63,5136.72,1027.344,4280.6,2753.282,2354.33,398.952,119.686,7191.408,1797.852,4394.749,4818.243,1538.162,3280.081,984.024,31.09,climate-v1.0,True,SCENARIO,sakay_gtfs_master_historic|doe_luzon_generation_2024|route2zero_climate_scenario_v1,0.7181,0.7181,0.55,0.35,300,0.3,0.5,0.7
LTFRB_PUJ2050,10685.52,10836.302,service-v1-266e0b1d,True,10685.52,historic_gtfs_service_activity_proxy,DERIVED,False,3205.656,534.276,3739.932,1431.86,2685.645,-1253.785,-376.136,5342.76,1068.552,4452.3,2863.719,2448.765,414.954,124.486,7479.864,1869.966,4571.028,5011.509,1599.86,3411.649,1023.495,32.38,climate-v1.0,True,SCENARIO,sakay_gtfs_master_historic|doe_luzon_generation_2024|route2zero_climate_scenario_v1,0.7181,0.7181,0.55,0.35,300,0.3,0.5,0.7
LTFRB_PUJ2051,2283.78,2204.059,service-v1-266e0b1d,True,2283.78,historic_gtfs_service_activity_proxy,DERIVED,False,685.134,114.189,799.323,306.027,573.994,-267.967,-80.39,1141.89,228.378,951.575,612.053,523.366,88.687,26.606,1598.646,399.662,976.95,1071.093,341.933,729.16,218.748,5.93,climate-v1.0,True,SCENARIO,sakay_gtfs_master_historic|doe_luzon_generation_2024|route2zero_climate_scenario_v1,0.7181,0.7181,0.55,0.35,300,0.3,0.5,0.7
LTFRB_PUJ2052,2283.78,2204.059,service-v1-266e0b1d,True,2283.78,historic_gtfs_service_activity_proxy,DERIVED,False,685.134,114.189,799.323,306.027,573.994,-267.967,-80.39,1141.89,228.378,951.575,612.053,523.366,88.687,26.606,1598.646,399.662,976.95,1071.093,341.933,729.16,218.748,5.93,climate-v1.0,True,SCENARIO,sakay_gtfs_master_historic|doe_luzon_generation_2024|route2zero_climate_scenario_v1,0.7181,0.7181,0.55,0.35,300,0.3,0.5,0.7
LTFRB_PUJ2053,9825.66,9738.964,service-v1-266e0b1d,True,9825.66,historic_gtfs_service_activity_proxy,DERIVED,False,2947.698,491.283,3438.981,1316.638,2469.532,-1152.894,-345.868,4912.83,982.566,4094.025,2633.277,2251.714,381.563,114.469,6877.962,1719.49,4203.199,4608.235,1471.12,3137.115,941.134,29.68,climate-v1.0,True,SCENARIO,sakay_gtfs_master_historic|doe_luzon_generation_2024|route2zero_climate_scenario_v1,0.7181,0.7181,0.55,0.35,300,0.3,0.5,0.7
LTFRB_PUJ2054,13510.92,13566.515,service-v1-266e0b1d,True,13510.92,historic_gtfs_service_activity_proxy,DERIVED,False,4053.276,675.546,4728.822,1810.463,3395.767,-1585.304,-475.591,6755.46,1351.092,5629.55,3620.927,3096.253,524.674,157.402,9457.644,2364.411,5779.671,6336.621,2022.885,4313.737,1294.121,41.28,climate-v1.0,True,SCENARIO,sakay_gtfs_master_historic|doe_luzon_generation_2024|route2zero_climate_scenario_v1,0.7181,0.7181,0.55,0.35,300,0.3,0.5,0.7
LTFRB_PUJ2055,9119.820000000002,9049.09,service-v1-266e0b1d,True,9119.820000000002,historic_gtfs_service_activity_proxy,DERIVED,False,2735.946,455.991,3191.937,1222.056,2292.13,-1070.074,-321.022,4559.91,911.982,3799.925,2444.112,2089.959,354.153,106.246,6383.874,1595.969,3901.256,4277.196,1365.44,2911.756,873.527,27.45,climate-v1.0,True,SCENARIO,sakay_gtfs_master_historic|doe_luzon_generation_2024|route2zero_climate_scenario_v1,0.7181,0.7181,0.55,0.35,300,0.3,0.5,0.7
LTFRB_PUJ2056,9528.84,9497.538,service-v1-266e0b1d,True,9528.84,historic_gtfs_service_activity_proxy,DERIVED,False,2858.652,476.442,3335.094,1276.865,2394.931,-1118.066,-335.42,4764.42,952.884,3970.35,2553.729,2183.692,370.037,111.011,6670.188,1667.547,4076.226,4469.026,1426.679,3042.347,912.704,28.74,climate-v1.0,True,SCENARIO,sakay_gtfs_master_historic|doe_luzon_generation_2024|route2zero_climate_scenario_v1,0.7181,0.7181,0.55,0.35,300,0.3,0.5,0.7
LTFRB_PUJ2057,1845.18,1841.719,service-v1-266e0b1d,True,1845.18,historic_gtfs_service_activity_proxy,DERIVED,False,553.554,92.259,645.813,247.254,463.758,-216.504,-64.951,922.59,184.518,768.825,494.508,422.854,71.654,21.496,1291.626,322.906,789.327,865.389,276.264,589.125,176.737,4.55,climate-v1.0,True,SCENARIO,sakay_gtfs_master_historic|doe_luzon_generation_2024|route2zero_climate_scenario_v1,0.7181,0.7181,0.55,0.35,300,0.3,0.5,0.7
LTFRB_PUJ2058,1759.5,1887.279,service-v1-266e0b1d,True,1759.5,historic_gtfs_service_activity_proxy,DERIVED,False,527.85,87.975,615.825,235.773,442.224,-206.451,-61.935,879.75,175.95,733.125,471.546,403.219,68.327,20.498,1231.65,307.912,752.675,825.205,263.436,561.769,168.531,4.28,climate-v1.0,True,SCENARIO,sakay_gtfs_master_historic|doe_luzon_generation_2024|route2zero_climate_scenario_v1,0.7181,0.7181,0.55,0.35,300,0.3,0.5,0.7
LTFRB_PUJ2059,3851.52,3898.311,service-v1-266e0b1d,True,3851.52,historic_gtfs_service_activity_proxy,DERIVED,False,1155.456,192.576,1348.032,516.104,968.022,-451.918,-135.575,1925.76,385.152,1604.8,1032.207,882.64,149.567,44.87,2696.064,674.016,1647.595,1806.363,576.658,1229.705,368.911,10.87,climate-v1.0,True,SCENARIO,sakay_gtfs_master_historic|doe_luzon_generation_2024|route2zero_climate_scenario_v1,0.7181,0.7181,0.55,0.35,300,0.3,0.5,0.7
LTFRB_PUJ2060,4728.72,4785.455,service-v1-266e0b1d,True,4728.72,historic_gtfs_service_activity_proxy,DERIVED,False,1418.616,236.436,1655.052,633.648,1188.493,-554.844,-166.453,2364.36,472.872,1970.3,1267.297,1083.665,183.632,55.09,3310.104,827.526,2022.841,2217.77,707.994,1509.775,452.933,13.63,climate-v1.0,True,SCENARIO,sakay_gtfs_master_historic|doe_luzon_generation_2024|route2zero_climate_scenario_v1,0.7181,0.7181,0.55,0.35,300,0.3,0.5,0.7
LTFRB_PUJ2061,3136.5,3194.943,service-v1-266e0b1d,True,3136.5,historic_gtfs_service_activity_proxy,DERIVED,False,940.95,156.825,1097.775,420.291,788.312,-368.021,-110.406,1568.25,313.65,1306.875,840.582,718.781,121.801,36.54,2195.55,548.887,1341.725,1471.018,469.604,1001.415,300.424,8.62,climate-v1.0,True,SCENARIO,sakay_gtfs_master_historic|doe_luzon_generation_2024|route2zero_climate_scenario_v1,0.7181,0.7181,0.55,0.35,300,0.3,0.5,0.7
LTFRB_PUJ2062,3015.12,3044.414,service-v1-266e0b1d,True,3015.12,historic_gtfs_service_activity_proxy,DERIVED,False,904.536,150.756,1055.292,404.026,757.805,-353.779,-106.134,1507.56,301.512,1256.3,808.052,690.965,117.087,35.126,2110.584,527.646,1289.801,1414.091,451.43,962.661,288.798,8.23,climate-v1.0,True,SCENARIO,sakay_gtfs_master_historic|doe_luzon_generation_2024|route2zero_climate_scenario_v1,0.7181,0.7181,0.55,0.35,300,0.3,0.5,0.7
LTFRB_PUJ2064,3213.0,3263.545,service-v1-266e0b1d,True,3213.0,historic_gtfs_service_activity_proxy,DERIVED,False,963.9,160.65,1124.55,430.542,807.539,-376.997,-113.099,1606.5,321.3,1338.75,861.084,736.313,124.771,37.431,2249.1,562.275,1374.45,1506.897,481.058,1025.84,307.752,8.86,climate-v1.0,True,SCENARIO,sakay_gtfs_master_historic|doe_luzon_generation_2024|route2zero_climate_scenario_v1,0.7181,0.7181,0.55,0.35,300,0.3,0.5,0.7
LTFRB_PUJ2065,6934.9800000000005,6983.605,service-v1-266e0b1d,True,6934.9800000000005,historic_gtfs_service_activity_proxy,DERIVED,False,2080.494,346.749,2427.243,929.287,1743.003,-813.716,-244.115,3467.49,693.498,2889.575,1858.575,1589.266,269.308,80.793,4854.486,1213.622,2966.63,3252.506,1038.321,2214.185,664.256,20.57,climate-v1.0,True,SCENARIO,sakay_gtfs_master_historic|doe_luzon_generation_2024|route2zero_climate_scenario_v1,0.7181,0.7181,0.55,0.35,300,0.3,0.5,0.7
LTFRB_PUJ2066,6950.28,6957.584,service-v1-266e0b1d,True,6950.28,historic_gtfs_service_activity_proxy,DERIVED,False,2085.084,347.514,2432.598,931.338,1746.849,-815.511,-244.653,3475.14,695.028,2895.95,1862.675,1592.772,269.903,80.971,4865.196,1216.299,2973.175,3259.681,1040.611,2219.07,665.721,20.62,climate-v1.0,True,SCENARIO,sakay_gtfs_master_historic|doe_luzon_generation_2024|route2zero_climate_scenario_v1,0.7181,0.7181,0.55,0.35,300,0.3,0.5,0.7
LTFRB_PUJ2067,6955.38,6868.839,service-v1-266e0b1d,True,6955.38,historic_gtfs_service_activity_proxy,DERIVED,False,2086.614,347.769,2434.383,932.021,1748.13,-816.11,-244.833,3477.69,695.538,2898.075,1864.042,1593.941,270.101,81.03,4868.766,1217.192,2975.357,3262.073,1041.375,2220.698,666.209,20.64,climate-v1.0,True,SCENARIO,sakay_gtfs_master_historic|doe_luzon_generation_2024|route2zero_climate_scenario_v1,0.7181,0.7181,0.55,0.35,300,0.3,0.5,0.7
LTFRB_PUJ2068,7238.94,7145.49,service-v1-266e0b1d,True,7238.94,historic_gtfs_service_activity_proxy,DERIVED,False,2171.682,361.947,2533.629,970.018,1819.399,-849.381,-254.814,3619.47,723.894,3016.225,1940.036,1658.924,281.112,84.334,5067.258,1266.814,3096.658,3395.063,1083.83,2311.233,693.37,21.53,climate-v1.0,True,SCENARIO,sakay_gtfs_master_historic|doe_luzon_generation_2024|route2zero_climate_scenario_v1,0.7181,0.7181,0.55,0.35,300,0.3,0.5,0.7
LTFRB_PUJ2069,6681.0,6724.728,service-v1-266e0b1d,True,6681.0,historic_gtfs_service_activity_proxy,DERIVED,False,2004.3,334.05,2338.35,895.254,1679.169,-783.915,-235.175,3340.5,668.1,2783.75,1790.508,1531.063,259.446,77.834,4676.7,1169.175,2857.983,3133.389,1000.294,2133.095,639.928,19.78,climate-v1.0,True,SCENARIO,sakay_gtfs_master_historic|doe_luzon_generation_2024|route2zero_climate_scenario_v1,0.7181,0.7181,0.55,0.35,300,0.3,0.5,0.7
LTFRB_PUJ2070,7044.12,7108.21,service-v1-266e0b1d,True,7044.12,historic_gtfs_service_activity_proxy,DERIVED,False,2113.236,352.206,2465.442,943.912,1770.434,-826.522,-247.957,3522.06,704.412,2935.05,1887.824,1614.278,273.547,82.064,4930.884,1232.721,3013.318,3303.692,1054.661,2249.031,674.709,20.92,climate-v1.0,True,SCENARIO,sakay_gtfs_master_historic|doe_luzon_generation_2024|route2zero_climate_scenario_v1,0.7181,0.7181,0.55,0.35,300,0.3,0.5,0.7
LTFRB_PUJ2071,9455.4,9483.086,service-v1-266e0b1d,True,9455.4,historic_gtfs_service_activity_proxy,DERIVED,False,2836.62,472.77,3309.39,1267.024,2376.473,-1109.449,-332.835,4727.7,945.54,3939.75,2534.047,2166.862,367.185,110.155,6618.78,1654.695,4044.81,4434.583,1415.683,3018.899,905.67,28.51,climate-v1.0,True,SCENARIO,sakay_gtfs_master_historic|doe_luzon_generation_2024|route2zero_climate_scenario_v1,0.7181,0.7181,0.55,0.35,300,0.3,0.5,0.7
LTFRB_PUJ2072,9455.4,9483.086,service-v1-266e0b1d,True,9455.4,historic_gtfs_service_activity_proxy,DERIVED,False,2836.62,472.77,3309.39,1267.024,2376.473,-1109.449,-332.835,4727.7,945.54,3939.75,2534.047,2166.862,367.185,110.155,6618.78,1654.695,4044.81,4434.583,1415.683,3018.899,905.67,28.51,climate-v1.0,True,SCENARIO,sakay_gtfs_master_historic|doe_luzon_generation_2024|route2zero_climate_scenario_v1,0.7181,0.7181,0.55,0.35,300,0.3,0.5,0.7
LTFRB_PUJ2073,13154.94,13236.414,service-v1-266e0b1d,True,13154.94,historic_gtfs_service_activity_proxy,DERIVED,False,3946.482,657.747,4604.229,1762.762,3306.297,-1543.535,-463.06,6577.47,1315.494,5481.225,3525.524,3014.674,510.85,153.255,9208.458,2302.114,5627.391,6169.667,1969.587,4200.08,1260.024,40.16,climate-v1.0,True,SCENARIO,sakay_gtfs_master_historic|doe_luzon_generation_2024|route2zero_climate_scenario_v1,0.7181,0.7181,0.55,0.35,300,0.3,0.5,0.7
LTFRB_PUJ2074,13179.42,13127.999,service-v1-266e0b1d,True,13179.42,historic_gtfs_service_activity_proxy,DERIVED,False,3953.826,658.971,4612.797,1766.042,3312.45,-1546.407,-463.922,6589.71,1317.942,5491.425,3532.085,3020.284,511.801,153.54,9225.594,2306.398,5637.863,6181.148,1973.252,4207.896,1262.369,40.23,climate-v1.0,True,SCENARIO,sakay_gtfs_master_historic|doe_luzon_generation_2024|route2zero_climate_scenario_v1,0.7181,0.7181,0.55,0.35,300,0.3,0.5,0.7
LTFRB_PUJ2075,9226.92,9283.054,service-v1-266e0b1d,True,9226.92,historic_gtfs_service_activity_proxy,DERIVED,False,2768.076,461.346,3229.422,1236.407,2319.048,-1082.641,-324.792,4613.46,922.692,3844.55,2472.815,2114.502,358.312,107.494,6458.844,1614.711,3947.071,4327.425,1381.475,2945.951,883.785,27.79,climate-v1.0,True,SCENARIO,sakay_gtfs_master_historic|doe_luzon_generation_2024|route2zero_climate_scenario_v1,0.7181,0.7181,0.55,0.35,300,0.3,0.5,0.7
LTFRB_PUJ2076,6225.06,6344.163,service-v1-266e0b1d,True,6225.06,historic_gtfs_service_activity_proxy,DERIVED,False,1867.518,311.253,2178.771,834.158,1564.575,-730.417,-219.125,3112.53,622.506,2593.775,1668.316,1426.576,241.74,72.522,4357.542,1089.386,2662.942,2919.553,932.03,1987.523,596.257,18.34,climate-v1.0,True,SCENARIO,sakay_gtfs_master_historic|doe_luzon_generation_2024|route2zero_climate_scenario_v1,0.7181,0.7181,0.55,0.35,300,0.3,0.5,0.7
LTFRB_PUJ2077,14701.26,14792.818,service-v1-266e0b1d,True,14701.26,historic_gtfs_service_activity_proxy,DERIVED,False,4410.378,735.063,5145.441,1969.969,3694.941,-1724.972,-517.492,7350.63,1470.126,6125.525,3939.938,3369.039,570.899,171.27,10290.882,2572.72,6288.872,6894.891,2201.105,4693.786,1408.136,45.03,climate-v1.0,True,SCENARIO,sakay_gtfs_master_historic|doe_luzon_generation_2024|route2zero_climate_scenario_v1,0.7181,0.7181,0.55,0.35,300,0.3,0.5,0.7
LTFRB_PUJ2078,15695.76,15506.727,service-v1-266e0b1d,True,15695.76,historic_gtfs_service_activity_proxy,DERIVED,False,4708.728,784.788,5493.516,2103.232,3944.894,-1841.662,-552.499,7847.88,1569.576,6539.9,4206.464,3596.945,609.519,182.856,10987.032,2746.758,6714.297,7361.311,2350.004,5011.307,1503.392,48.16,climate-v1.0,True,SCENARIO,sakay_gtfs_master_historic|doe_luzon_generation_2024|route2zero_climate_scenario_v1,0.7181,0.7181,0.55,0.35,300,0.3,0.5,0.7
LTFRB_PUJ2079,3626.1,3514.608,service-v1-266e0b1d,True,3626.1,historic_gtfs_service_activity_proxy,DERIVED,False,1087.83,181.305,1269.135,485.897,911.366,-425.468,-127.641,1813.05,362.61,1510.875,971.795,830.981,140.814,42.244,2538.27,634.568,1551.165,1700.641,542.908,1157.733,347.32,10.16,climate-v1.0,True,SCENARIO,sakay_gtfs_master_historic|doe_luzon_generation_2024|route2zero_climate_scenario_v1,0.7181,0.7181,0.55,0.35,300,0.3,0.5,0.7
LTFRB_PUJ2080,3676.08,3669.813,service-v1-266e0b1d,True,3676.08,historic_gtfs_service_activity_proxy,DERIVED,False,1102.824,183.804,1286.628,492.595,923.928,-431.333,-129.4,1838.04,367.608,1531.7,985.189,842.435,142.754,42.826,2573.256,643.314,1572.545,1724.082,550.391,1173.691,352.107,10.31,climate-v1.0,True,SCENARIO,sakay_gtfs_master_historic|doe_luzon_generation_2024|route2zero_climate_scenario_v1,0.7181,0.7181,0.55,0.35,300,0.3,0.5,0.7
LTFRB_PUJ2081,8823.0,8716.832,service-v1-266e0b1d,True,8823.0,historic_gtfs_service_activity_proxy,DERIVED,False,2646.9,441.15,3088.05,1182.282,2217.529,-1035.247,-310.574,4411.5,882.3,3676.25,2364.564,2021.938,342.626,102.788,6176.1,1544.025,3774.283,4137.987,1320.999,2816.988,845.096,26.52,climate-v1.0,True,SCENARIO,sakay_gtfs_master_historic|doe_luzon_generation_2024|route2zero_climate_scenario_v1,0.7181,0.7181,0.55,0.35,300,0.3,0.5,0.7
LTFRB_PUJ2082,8798.519999999999,8785.718,service-v1-266e0b1d,True,8798.519999999999,historic_gtfs_service_activity_proxy,DERIVED,False,2639.556,439.926,3079.482,1179.002,2211.376,-1032.374,-309.712,4399.26,879.852,3666.05,2358.003,2016.328,341.676,102.503,6158.964,1539.741,3763.811,4126.506,1317.334,2809.172,842.752,26.44,climate-v1.0,True,SCENARIO,sakay_gtfs_master_historic|doe_luzon_generation_2024|route2zero_climate_scenario_v1,0.7181,0.7181,0.55,0.35,300,0.3,0.5,0.7
LTFRB_PUJ2083,31128.36,30053.86,service-v1-266e0b1d,True,31128.36,historic_gtfs_service_activity_proxy,DERIVED,False,9338.508,1556.418,10894.926,4171.2,7823.646,-3652.446,-1095.734,15564.18,3112.836,12970.15,8342.4,7133.582,1208.818,362.645,21789.852,5447.463,13316.021,14599.201,4660.607,9938.594,2981.578,96.74,climate-v1.0,True,SCENARIO,sakay_gtfs_master_historic|doe_luzon_generation_2024|route2zero_climate_scenario_v1,0.7181,0.7181,0.55,0.35,300,0.3,0.5,0.7
LTFRB_PUJ2084,29420.88,29373.226,service-v1-266e0b1d,True,29420.88,historic_gtfs_service_activity_proxy,DERIVED,False,8826.264,1471.044,10297.308,3942.398,7394.497,-3452.099,-1035.63,14710.44,2942.088,12258.7,7884.796,6742.285,1142.511,342.753,20594.616,5148.654,12585.599,13798.393,4404.96,9393.433,2818.03,91.37,climate-v1.0,True,SCENARIO,sakay_gtfs_master_historic|doe_luzon_generation_2024|route2zero_climate_scenario_v1,0.7181,0.7181,0.55,0.35,300,0.3,0.5,0.7
LTFRB_PUJ2085,12455.22,12890.678,service-v1-266e0b1d,True,12455.22,historic_gtfs_service_activity_proxy,DERIVED,False,3736.566,622.761,4359.327,1668.999,3130.433,-1461.433,-438.43,6227.61,1245.522,5189.675,3337.999,2854.321,483.678,145.103,8718.654,2179.663,5328.066,5841.498,1864.823,3976.675,1193.002,37.95,climate-v1.0,True,SCENARIO,sakay_gtfs_master_historic|doe_luzon_generation_2024|route2zero_climate_scenario_v1,0.7181,0.7181,0.55,0.35,300,0.3,0.5,0.7
LTFRB_PUJ2086,13375.26,13354.469,service-v1-266e0b1d,True,13375.26,historic_gtfs_service_activity_proxy,DERIVED,False,4012.578,668.763,4681.341,1792.285,3361.671,-1569.386,-470.816,6687.63,1337.526,5573.025,3584.57,3065.164,519.406,155.822,9362.682,2340.67,5721.639,6272.997,2002.574,4270.423,1281.127,40.85,climate-v1.0,True,SCENARIO,sakay_gtfs_master_historic|doe_luzon_generation_2024|route2zero_climate_scenario_v1,0.7181,0.7181,0.55,0.35,300,0.3,0.5,0.7
LTFRB_PUJ2087,19147.44,19125.093,service-v1-266e0b1d,True,19147.44,historic_gtfs_service_activity_proxy,DERIVED,False,5744.232,957.372,6701.604,2565.757,4812.422,-2246.665,-673.999,9573.72,1914.744,7978.1,5131.514,4387.955,743.559,223.068,13403.208,3350.802,8190.849,8980.149,2866.797,6113.352,1834.006,59.02,climate-v1.0,True,SCENARIO,sakay_gtfs_master_historic|doe_luzon_generation_2024|route2zero_climate_scenario_v1,0.7181,0.7181,0.55,0.35,300,0.3,0.5,0.7
LTFRB_PUJ2088,18534.42,18521.449,service-v1-266e0b1d,True,18534.42,historic_gtfs_service_activity_proxy,DERIVED,False,5560.326,926.721,6487.047,2483.612,4658.348,-2174.736,-652.421,9267.21,1853.442,7722.675,4967.225,4247.471,719.753,215.926,12974.094,3243.523,7928.613,8692.643,2775.015,5917.628,1775.289,57.09,climate-v1.0,True,SCENARIO,sakay_gtfs_master_historic|doe_luzon_generation_2024|route2zero_climate_scenario_v1,0.7181,0.7181,0.55,0.35,300,0.3,0.5,0.7
LTFRB_PUJ2089,18799.620000000003,18803.902,service-v1-266e0b1d,True,18799.620000000003,historic_gtfs_service_activity_proxy,DERIVED,False,5639.886,939.981,6579.867,2519.149,4725.002,-2205.853,-661.756,9399.81,1879.962,7833.175,5038.298,4308.246,730.052,219.016,13159.734,3289.934,8042.06,8817.022,2814.721,6002.301,1800.69,57.93,climate-v1.0,True,SCENARIO,sakay_gtfs_master_historic|doe_luzon_generation_2024|route2zero_climate_scenario_v1,0.7181,0.7181,0.55,0.35,300,0.3,0.5,0.7
LTFRB_PUJ2090,17716.38,17682.515,service-v1-266e0b1d,True,17716.38,historic_gtfs_service_activity_proxy,DERIVED,False,5314.914,885.819,6200.733,2373.995,4452.746,-2078.751,-623.625,8858.19,1771.638,7381.825,4747.99,4060.004,687.986,206.396,12401.466,3100.366,7578.674,8308.982,2652.536,5656.446,1696.934,54.52,climate-v1.0,True,SCENARIO,sakay_gtfs_master_historic|doe_luzon_generation_2024|route2zero_climate_scenario_v1,0.7181,0.7181,0.55,0.35,300,0.3,0.5,0.7
LTFRB_PUJ2091,4231.9800000000005,4266.676,service-v1-266e0b1d,True,4231.9800000000005,historic_gtfs_service_activity_proxy,DERIVED,False,1269.594,211.599,1481.193,567.085,1063.645,-496.559,-148.968,2115.99,423.198,1763.325,1134.171,969.829,164.342,49.303,2962.386,740.596,1810.347,1984.799,633.621,1351.177,405.353,12.07,climate-v1.0,True,SCENARIO,sakay_gtfs_master_historic|doe_luzon_generation_2024|route2zero_climate_scenario_v1,0.7181,0.7181,0.55,0.35,300,0.3,0.5,0.7
LTFRB_PUJ2092,4098.36,4004.809,service-v1-266e0b1d,True,4098.36,historic_gtfs_service_activity_proxy,DERIVED,False,1229.508,204.918,1434.426,549.18,1030.061,-480.881,-144.264,2049.18,409.836,1707.65,1098.36,939.207,159.153,47.746,2868.852,717.213,1753.187,1922.131,613.616,1308.515,392.555,11.64,climate-v1.0,True,SCENARIO,sakay_gtfs_master_historic|doe_luzon_generation_2024|route2zero_climate_scenario_v1,0.7181,0.7181,0.55,0.35,300,0.3,0.5,0.7
LTFRB_PUJ2093,2637.72,2688.187,service-v1-266e0b1d,True,2637.72,historic_gtfs_service_activity_proxy,DERIVED,False,791.316,131.886,923.202,353.454,662.951,-309.497,-92.849,1318.86,263.772,1099.05,706.909,604.478,102.431,30.729,1846.404,461.601,1128.358,1237.091,394.925,842.165,252.65,7.05,climate-v1.0,True,SCENARIO,sakay_gtfs_master_historic|doe_luzon_generation_2024|route2zero_climate_scenario_v1,0.7181,0.7181,0.55,0.35,300,0.3,0.5,0.7
LTFRB_PUJ2094,3222.18,3229.905,service-v1-266e0b1d,True,3222.18,historic_gtfs_service_activity_proxy,DERIVED,False,966.654,161.109,1127.763,431.772,809.847,-378.074,-113.422,1611.09,322.218,1342.575,863.544,738.416,125.128,37.538,2255.526,563.882,1378.377,1511.202,482.432,1028.77,308.631,8.89,climate-v1.0,True,SCENARIO,sakay_gtfs_master_historic|doe_luzon_generation_2024|route2zero_climate_scenario_v1,0.7181,0.7181,0.55,0.35,300,0.3,0.5,0.7
LTFRB_PUJ2095,3959.64,3877.111,service-v1-266e0b1d,True,3959.64,historic_gtfs_service_activity_proxy,DERIVED,False,1187.892,197.982,1385.874,530.592,995.196,-464.604,-139.381,1979.82,395.964,1649.85,1061.184,907.418,153.766,46.13,2771.748,692.937,1693.846,1857.071,592.846,1264.225,379.268,11.21,climate-v1.0,True,SCENARIO,sakay_gtfs_master_historic|doe_luzon_generation_2024|route2zero_climate_scenario_v1,0.7181,0.7181,0.55,0.35,300,0.3,0.5,0.7
LTFRB_PUJ2096,5461.08,5511.639,service-v1-266e0b1d,True,5461.08,historic_gtfs_service_activity_proxy,DERIVED,False,1638.324,273.054,1911.378,731.785,1372.561,-640.776,-192.233,2730.54,546.108,2275.45,1463.569,1251.498,212.072,63.622,3822.756,955.689,2336.129,2561.247,817.645,1743.601,523.08,15.93,climate-v1.0,True,SCENARIO,sakay_gtfs_master_historic|doe_luzon_generation_2024|route2zero_climate_scenario_v1,0.7181,0.7181,0.55,0.35,300,0.3,0.5,0.7
LTFRB_PUJ2097,13019.28,12959.279,service-v1-266e0b1d,True,13019.28,historic_gtfs_service_activity_proxy,DERIVED,False,3905.784,650.964,4556.748,1744.584,3272.201,-1527.617,-458.285,6509.64,1301.928,5424.7,3489.167,2983.585,505.582,151.675,9113.496,2278.374,5569.359,6106.042,1949.276,4156.767,1247.03,39.73,climate-v1.0,True,SCENARIO,sakay_gtfs_master_historic|doe_luzon_generation_2024|route2zero_climate_scenario_v1,0.7181,0.7181,0.55,0.35,300,0.3,0.5,0.7
LTFRB_PUJ2098,12963.18,13017.187,service-v1-266e0b1d,True,12963.18,historic_gtfs_service_activity_proxy,DERIVED,False,3888.954,648.159,4537.113,1737.066,3258.101,-1521.035,-456.31,6481.59,1296.318,5401.325,3474.132,2970.729,503.403,151.021,9074.226,2268.556,5545.36,6079.731,1940.876,4138.855,1241.657,39.55,climate-v1.0,True,SCENARIO,sakay_gtfs_master_historic|doe_luzon_generation_2024|route2zero_climate_scenario_v1,0.7181,0.7181,0.55,0.35,300,0.3,0.5,0.7
LTFRB_PUJ2099,10635.54,10780.229,service-v1-266e0b1d,True,10635.54,historic_gtfs_service_activity_proxy,DERIVED,False,3190.662,531.777,3722.439,1425.162,2673.083,-1247.921,-374.376,5317.77,1063.554,4431.475,2850.325,2437.311,413.013,123.904,7444.878,1861.22,4549.648,4988.068,1592.377,3395.692,1018.707,32.23,climate-v1.0,True,SCENARIO,sakay_gtfs_master_historic|doe_luzon_generation_2024|route2zero_climate_scenario_v1,0.7181,0.7181,0.55,0.35,300,0.3,0.5,0.7
LTFRB_PUJ2100,11249.58,11256.797,service-v1-266e0b1d,True,11249.58,historic_gtfs_service_activity_proxy,DERIVED,False,3374.874,562.479,3937.353,1507.444,2827.413,-1319.969,-395.991,5624.79,1124.958,4687.325,3014.887,2578.029,436.859,131.058,7874.706,1968.676,4812.32,5276.053,1684.312,3591.741,1077.522,34.16,climate-v1.0,True,SCENARIO,sakay_gtfs_master_historic|doe_luzon_generation_2024|route2zero_climate_scenario_v1,0.7181,0.7181,0.55,0.35,300,0.3,0.5,0.7
LTFRB_PUJ2101,23995.5,24101.847,service-v1-266e0b1d,True,23995.5,historic_gtfs_service_activity_proxy,DERIVED,False,7198.65,1199.775,8398.425,3215.397,6030.909,-2815.512,-844.654,11997.75,2399.55,9998.125,6430.794,5498.969,931.825,279.548,16796.85,4199.212,10264.742,11253.89,3592.66,7661.23,2298.369,74.29,climate-v1.0,True,SCENARIO,sakay_gtfs_master_historic|doe_luzon_generation_2024|route2zero_climate_scenario_v1,0.7181,0.7181,0.55,0.35,300,0.3,0.5,0.7
LTFRB_PUJ2102,23976.12,23680.193,service-v1-266e0b1d,True,23976.12,historic_gtfs_service_activity_proxy,DERIVED,False,7192.836,1198.806,8391.642,3212.8,6026.038,-2813.238,-843.971,11988.06,2397.612,9990.05,6425.6,5494.528,931.073,279.322,16783.284,4195.821,10256.451,11244.8,3589.758,7655.042,2296.513,74.23,climate-v1.0,True,SCENARIO,sakay_gtfs_master_historic|doe_luzon_generation_2024|route2zero_climate_scenario_v1,0.7181,0.7181,0.55,0.35,300,0.3,0.5,0.7
LTFRB_PUJ2104,3665.88,3762.915,service-v1-266e0b1d,True,3665.88,historic_gtfs_service_activity_proxy,DERIVED,False,1099.764,183.294,1283.058,491.228,921.364,-430.136,-129.041,1832.94,366.588,1527.45,982.456,840.098,142.358,42.708,2566.116,641.529,1568.182,1719.298,548.864,1170.434,351.13,10.28,climate-v1.0,True,SCENARIO,sakay_gtfs_master_historic|doe_luzon_generation_2024|route2zero_climate_scenario_v1,0.7181,0.7181,0.55,0.35,300,0.3,0.5,0.7
LTFRB_PUJ2105,8886.24,8873.325,service-v1-266e0b1d,True,8886.24,historic_gtfs_service_activity_proxy,DERIVED,False,2665.872,444.312,3110.184,1190.756,2233.423,-1042.667,-312.8,4443.12,888.624,3702.6,2381.512,2036.43,345.082,103.525,6220.368,1555.092,3801.336,4167.647,1330.468,2837.179,851.154,26.72,climate-v1.0,True,SCENARIO,sakay_gtfs_master_historic|doe_luzon_generation_2024|route2zero_climate_scenario_v1,0.7181,0.7181,0.55,0.35,300,0.3,0.5,0.7
LTFRB_PUJ2106,8886.24,8873.325,service-v1-266e0b1d,True,8886.24,historic_gtfs_service_activity_proxy,DERIVED,False,2665.872,444.312,3110.184,1190.756,2233.423,-1042.667,-312.8,4443.12,888.624,3702.6,2381.512,2036.43,345.082,103.525,6220.368,1555.092,3801.336,4167.647,1330.468,2837.179,851.154,26.72,climate-v1.0,True,SCENARIO,sakay_gtfs_master_historic|doe_luzon_generation_2024|route2zero_climate_scenario_v1,0.7181,0.7181,0.55,0.35,300,0.3,0.5,0.7
LTFRB_PUJ2107,3355.8,3447.006,service-v1-266e0b1d,True,3355.8,historic_gtfs_service_activity_proxy,DERIVED,False,1006.74,167.79,1174.53,449.677,843.43,-393.753,-118.126,1677.9,335.58,1398.25,899.354,769.038,130.317,39.095,2349.06,587.265,1435.537,1573.87,502.438,1071.432,321.43,9.31,climate-v1.0,True,SCENARIO,sakay_gtfs_master_historic|doe_luzon_generation_2024|route2zero_climate_scenario_v1,0.7181,0.7181,0.55,0.35,300,0.3,0.5,0.7
LTFRB_PUJ2108,3626.1,3520.121,service-v1-266e0b1d,True,3626.1,historic_gtfs_service_activity_proxy,DERIVED,False,1087.83,181.305,1269.135,485.897,911.366,-425.468,-127.641,1813.05,362.61,1510.875,971.795,830.981,140.814,42.244,2538.27,634.568,1551.165,1700.641,542.908,1157.733,347.32,10.16,climate-v1.0,True,SCENARIO,sakay_gtfs_master_historic|doe_luzon_generation_2024|route2zero_climate_scenario_v1,0.7181,0.7181,0.55,0.35,300,0.3,0.5,0.7
LTFRB_PUJ2109,19284.12,19115.529,service-v1-266e0b1d,True,19284.12,historic_gtfs_service_activity_proxy,DERIVED,False,5785.236,964.206,6749.442,2584.072,4846.774,-2262.702,-678.811,9642.06,1928.412,8035.05,5168.144,4419.278,748.867,224.66,13498.884,3374.721,8249.318,9044.252,2887.261,6156.991,1847.097,59.45,climate-v1.0,True,SCENARIO,sakay_gtfs_master_historic|doe_luzon_generation_2024|route2zero_climate_scenario_v1,0.7181,0.7181,0.55,0.35,300,0.3,0.5,0.7
LTFRB_PUJ2110,18348.78,18443.669,service-v1-266e0b1d,True,18348.78,historic_gtfs_service_activity_proxy,DERIVED,False,5504.634,917.439,6422.073,2458.737,4611.691,-2152.954,-645.886,9174.39,1834.878,7645.325,4917.473,4204.929,712.544,213.763,12844.146,3211.036,7849.2,8605.578,2747.22,5858.358,1757.507,56.51,climate-v1.0,True,SCENARIO,sakay_gtfs_master_historic|doe_luzon_generation_2024|route2zero_climate_scenario_v1,0.7181,0.7181,0.55,0.35,300,0.3,0.5,0.7
LTFRB_PUJ2111,19215.78,19115.529,service-v1-266e0b1d,True,19215.78,historic_gtfs_service_activity_proxy,DERIVED,False,5764.734,960.789,6725.523,2574.915,4829.598,-2254.684,-676.405,9607.89,1921.578,8006.575,5149.829,4403.616,746.213,223.864,13451.046,3362.761,8220.084,9012.201,2877.029,6135.172,1840.551,59.24,climate-v1.0,True,SCENARIO,sakay_gtfs_master_historic|doe_luzon_generation_2024|route2zero_climate_scenario_v1,0.7181,0.7181,0.55,0.35,300,0.3,0.5,0.7
LTFRB_PUJ2112,18307.980000000003,17904.834,service-v1-266e0b1d,True,18307.980000000003,historic_gtfs_service_activity_proxy,DERIVED,False,5492.394,915.399,6407.793,2453.269,4601.436,-2148.167,-644.45,9153.99,1830.798,7628.325,4906.539,4195.579,710.96,213.288,12815.586,3203.897,7831.747,8586.443,2741.111,5845.331,1753.599,56.38,climate-v1.0,True,SCENARIO,sakay_gtfs_master_historic|doe_luzon_generation_2024|route2zero_climate_scenario_v1,0.7181,0.7181,0.55,0.35,300,0.3,0.5,0.7
LTFRB_PUJ2113,21528.120000000003,21761.127,service-v1-266e0b1d,True,21528.120000000003,historic_gtfs_service_activity_proxy,DERIVED,False,6458.436,1076.406,7534.842,2884.768,5410.77,-2526.002,-757.801,10764.06,2152.812,8970.05,5769.536,4933.528,836.009,250.803,15069.684,3767.421,9209.251,10096.688,3223.238,6873.45,2062.035,66.52,climate-v1.0,True,SCENARIO,sakay_gtfs_master_historic|doe_luzon_generation_2024|route2zero_climate_scenario_v1,0.7181,0.7181,0.55,0.35,300,0.3,0.5,0.7
LTFRB_PUJ2114,20117.46,19926.127,service-v1-266e0b1d,True,20117.46,historic_gtfs_service_activity_proxy,DERIVED,False,6035.238,1005.873,7041.111,2695.74,5056.222,-2360.482,-708.145,10058.73,2011.746,8382.275,5391.479,4610.251,781.228,234.368,14082.222,3520.555,8605.802,9435.089,3012.031,6423.058,1926.917,62.08,climate-v1.0,True,SCENARIO,sakay_gtfs_master_historic|doe_luzon_generation_2024|route2zero_climate_scenario_v1,0.7181,0.7181,0.55,0.35,300,0.3,0.5,0.7
LTFRB_PUJ2115,14494.2,14401.128,service-v1-266e0b1d,True,14494.2,historic_gtfs_service_activity_proxy,DERIVED,False,4348.26,724.71,5072.97,1942.223,3642.9,-1700.677,-510.203,7247.1,1449.42,6039.25,3884.446,3321.588,562.858,168.857,10145.94,2536.485,6200.297,6797.78,2170.104,4627.676,1388.303,44.37,climate-v1.0,True,SCENARIO,sakay_gtfs_master_historic|doe_luzon_generation_2024|route2zero_climate_scenario_v1,0.7181,0.7181,0.55,0.35,300,0.3,0.5,0.7
LTFRB_PUJ2116,14842.02,14728.188,service-v1-266e0b1d,True,14842.02,historic_gtfs_service_activity_proxy,DERIVED,False,4452.606,742.101,5194.707,1988.831,3730.319,-1741.488,-522.447,7421.01,1484.202,6184.175,3977.661,3401.296,576.365,172.91,10389.414,2597.353,6349.086,6960.907,2222.18,4738.727,1421.618,45.47,climate-v1.0,True,SCENARIO,sakay_gtfs_master_historic|doe_luzon_generation_2024|route2zero_climate_scenario_v1,0.7181,0.7181,0.55,0.35,300,0.3,0.5,0.7
LTFRB_PUJ2117,7685.7,7611.743,service-v1-266e0b1d,True,7685.7,historic_gtfs_service_activity_proxy,DERIVED,False,2305.71,384.285,2689.995,1029.884,1931.685,-901.802,-270.54,3842.85,768.57,3202.375,2059.768,1761.306,298.461,89.538,5379.99,1344.998,3287.772,3604.593,1150.72,2453.873,736.162,22.94,climate-v1.0,True,SCENARIO,sakay_gtfs_master_historic|doe_luzon_generation_2024|route2zero_climate_scenario_v1,0.7181,0.7181,0.55,0.35,300,0.3,0.5,0.7
LTFRB_PUJ2118,6301.56,6377.716,service-v1-266e0b1d,True,6301.56,historic_gtfs_service_activity_proxy,DERIVED,False,1890.468,315.078,2205.546,844.409,1583.803,-739.394,-221.818,3150.78,630.156,2625.65,1688.818,1444.108,244.711,73.413,4411.092,1102.773,2695.667,2955.432,943.484,2011.948,603.584,18.58,climate-v1.0,True,SCENARIO,sakay_gtfs_master_historic|doe_luzon_generation_2024|route2zero_climate_scenario_v1,0.7181,0.7181,0.55,0.35,300,0.3,0.5,0.7
LTFRB_PUJ2119,24548.34,25137.377,service-v1-266e0b1d,True,24548.34,historic_gtfs_service_activity_proxy,DERIVED,False,7364.502,1227.417,8591.919,3289.478,6169.857,-2880.379,-864.114,12274.17,2454.834,10228.475,6578.955,5625.661,953.294,285.988,17183.838,4295.96,10501.234,11513.171,3675.432,7837.739,2351.322,76.03,climate-v1.0,True,SCENARIO,sakay_gtfs_master_historic|doe_luzon_generation_2024|route2zero_climate_scenario_v1,0.7181,0.7181,0.55,0.35,300,0.3,0.5,0.7
LTFRB_PUJ2120,24814.56,25547.436,service-v1-266e0b1d,True,24814.56,historic_gtfs_service_activity_proxy,DERIVED,False,7444.368,1240.728,8685.096,3325.151,6236.767,-2911.616,-873.485,12407.28,2481.456,10339.4,6650.302,5686.67,963.632,289.09,17370.192,4342.548,10615.117,11638.029,3715.291,7922.738,2376.821,76.87,climate-v1.0,True,SCENARIO,sakay_gtfs_master_historic|doe_luzon_generation_2024|route2zero_climate_scenario_v1,0.7181,0.7181,0.55,0.35,300,0.3,0.5,0.7
LTFRB_PUJ2121,19460.58,19152.959,service-v1-266e0b1d,True,19460.58,historic_gtfs_service_activity_proxy,DERIVED,False,5838.174,973.029,6811.203,2607.718,4891.125,-2283.407,-685.022,9730.29,1946.058,8108.575,5215.435,4459.716,755.719,226.716,13622.406,3405.602,8324.804,9127.012,2913.681,6213.331,1863.999,60.01,climate-v1.0,True,SCENARIO,sakay_gtfs_master_historic|doe_luzon_generation_2024|route2zero_climate_scenario_v1,0.7181,0.7181,0.55,0.35,300,0.3,0.5,0.7
LTFRB_PUJ2122,18658.86,18768.366,service-v1-266e0b1d,True,18658.86,historic_gtfs_service_activity_proxy,DERIVED,False,5597.658,932.943,6530.601,2500.287,4689.625,-2189.337,-656.801,9329.43,1865.886,7774.525,5000.574,4275.989,724.586,217.376,13061.202,3265.3,7981.846,8751.005,2793.646,5957.359,1787.208,57.49,climate-v1.0,True,SCENARIO,sakay_gtfs_master_historic|doe_luzon_generation_2024|route2zero_climate_scenario_v1,0.7181,0.7181,0.55,0.35,300,0.3,0.5,0.7
LTFRB_PUJ2123,11329.14,11494.304,service-v1-266e0b1d,True,11329.14,historic_gtfs_service_activity_proxy,DERIVED,False,3398.742,566.457,3965.199,1518.105,2847.409,-1329.305,-398.791,5664.57,1132.914,4720.475,3036.21,2596.261,439.948,131.984,7930.398,1982.599,4846.354,5313.367,1696.224,3617.143,1085.143,34.41,climate-v1.0,True,SCENARIO,sakay_gtfs_master_historic|doe_luzon_generation_2024|route2zero_climate_scenario_v1,0.7181,0.7181,0.55,0.35,300,0.3,0.5,0.7
LTFRB_PUJ2124,11402.58,11433.287,service-v1-266e0b1d,True,11402.58,historic_gtfs_service_activity_proxy,DERIVED,False,3420.774,570.129,3990.903,1527.946,2865.867,-1337.922,-401.377,5701.29,1140.258,4751.075,3055.891,2613.091,442.8,132.84,7981.806,1995.452,4877.77,5347.81,1707.22,3640.59,1092.177,34.64,climate-v1.0,True,SCENARIO,sakay_gtfs_master_historic|doe_luzon_generation_2024|route2zero_climate_scenario_v1,0.7181,0.7181,0.55,0.35,300,0.3,0.5,0.7
LTFRB_PUJ2125,7164.4800000000005,7033.179,service-v1-266e0b1d,True,7164.4800000000005,historic_gtfs_service_activity_proxy,DERIVED,False,2149.344,358.224,2507.568,960.04,1800.685,-840.644,-252.193,3582.24,716.448,2985.2,1920.081,1641.86,278.221,83.466,5015.136,1253.784,3064.805,3360.141,1072.682,2287.459,686.238,21.3,climate-v1.0,True,SCENARIO,sakay_gtfs_master_historic|doe_luzon_generation_2024|route2zero_climate_scenario_v1,0.7181,0.7181,0.55,0.35,300,0.3,0.5,0.7
LTFRB_PUJ2126,6871.74,6878.721,service-v1-266e0b1d,True,6871.74,historic_gtfs_service_activity_proxy,DERIVED,False,2061.522,343.587,2405.109,920.813,1727.109,-806.296,-241.889,3435.87,687.174,2863.225,1841.626,1574.774,266.853,80.056,4810.218,1202.554,2939.578,3222.846,1028.852,2193.994,658.198,20.38,climate-v1.0,True,SCENARIO,sakay_gtfs_master_historic|doe_luzon_generation_2024|route2zero_climate_scenario_v1,0.7181,0.7181,0.55,0.35,300,0.3,0.5,0.7
LTFRB_PUJ2127,11205.72,11356.683,service-v1-266e0b1d,True,11205.72,historic_gtfs_service_activity_proxy,DERIVED,False,3361.716,560.286,3922.002,1501.566,2816.39,-1314.823,-394.447,5602.86,1120.572,4669.05,3003.133,2567.978,435.155,130.547,7844.004,1961.001,4793.558,5255.483,1677.745,3577.737,1073.321,34.02,climate-v1.0,True,SCENARIO,sakay_gtfs_master_historic|doe_luzon_generation_2024|route2zero_climate_scenario_v1,0.7181,0.7181,0.55,0.35,300,0.3,0.5,0.7
LTFRB_PUJ2129,6548.4,6615.35,service-v1-266e0b1d,True,6548.4,historic_gtfs_service_activity_proxy,DERIVED,False,1964.52,327.42,2291.94,877.486,1645.842,-768.357,-230.507,3274.2,654.84,2728.5,1754.971,1500.675,254.296,76.289,4583.88,1145.97,2801.26,3071.2,980.441,2090.759,627.228,19.36,climate-v1.0,True,SCENARIO,sakay_gtfs_master_historic|doe_luzon_generation_2024|route2zero_climate_scenario_v1,0.7181,0.7181,0.55,0.35,300,0.3,0.5,0.7
LTFRB_PUJ2130,6548.4,6615.35,service-v1-266e0b1d,True,6548.4,historic_gtfs_service_activity_proxy,DERIVED,False,1964.52,327.42,2291.94,877.486,1645.842,-768.357,-230.507,3274.2,654.84,2728.5,1754.971,1500.675,254.296,76.289,4583.88,1145.97,2801.26,3071.2,980.441,2090.759,627.228,19.36,climate-v1.0,True,SCENARIO,sakay_gtfs_master_historic|doe_luzon_generation_2024|route2zero_climate_scenario_v1,0.7181,0.7181,0.55,0.35,300,0.3,0.5,0.7
LTFRB_PUJ2131,5781.360000000001,5717.907,service-v1-266e0b1d,True,5781.360000000001,historic_gtfs_service_activity_proxy,DERIVED,False,1734.408,289.068,2023.476,774.702,1453.058,-678.356,-203.507,2890.68,578.136,2408.9,1549.404,1324.895,224.509,67.353,4046.952,1011.738,2473.137,2711.458,865.598,1845.86,553.758,16.94,climate-v1.0,True,SCENARIO,sakay_gtfs_master_historic|doe_luzon_generation_2024|route2zero_climate_scenario_v1,0.7181,0.7181,0.55,0.35,300,0.3,0.5,0.7
LTFRB_PUJ2132,5777.28,5585.785,service-v1-266e0b1d,True,5777.28,historic_gtfs_service_activity_proxy,DERIVED,False,1733.184,288.864,2022.048,774.156,1452.033,-677.877,-203.363,2888.64,577.728,2407.2,1548.311,1323.96,224.351,67.305,4044.096,1011.024,2471.392,2709.544,864.987,1844.557,553.367,16.93,climate-v1.0,True,SCENARIO,sakay_gtfs_master_historic|doe_luzon_generation_2024|route2zero_climate_scenario_v1,0.7181,0.7181,0.55,0.35,300,0.3,0.5,0.7
LTFRB_PUJ2133,19285.14,19312.435,service-v1-266e0b1d,True,19285.14,historic_gtfs_service_activity_proxy,DERIVED,False,5785.542,964.257,6749.799,2584.209,4847.031,-2262.822,-678.847,9642.57,1928.514,8035.475,5168.418,4419.511,748.906,224.672,13499.598,3374.899,8249.754,9044.731,2887.414,6157.317,1847.195,59.46,climate-v1.0,True,SCENARIO,sakay_gtfs_master_historic|doe_luzon_generation_2024|route2zero_climate_scenario_v1,0.7181,0.7181,0.55,0.35,300,0.3,0.5,0.7
LTFRB_PUJ2134,18922.02,19094.737,service-v1-266e0b1d,True,18922.02,historic_gtfs_service_activity_proxy,DERIVED,False,5676.606,946.101,6622.707,2535.551,4755.766,-2220.215,-666.065,9461.01,1892.202,7884.175,5071.101,4336.296,734.805,220.442,13245.414,3311.353,8094.42,8874.427,2833.047,6041.38,1812.414,58.31,climate-v1.0,True,SCENARIO,sakay_gtfs_master_historic|doe_luzon_generation_2024|route2zero_climate_scenario_v1,0.7181,0.7181,0.55,0.35,300,0.3,0.5,0.7
LTFRB_PUJ2135,21369.0,20928.556,service-v1-266e0b1d,True,21369.0,historic_gtfs_service_activity_proxy,DERIVED,False,6410.7,1068.45,7479.15,2863.446,5370.778,-2507.332,-752.199,10684.5,2136.9,8903.75,5726.892,4897.062,829.83,248.949,14958.3,3739.575,9141.183,10022.061,3199.414,6822.647,2046.794,66.02,climate-v1.0,True,SCENARIO,sakay_gtfs_master_historic|doe_luzon_generation_2024|route2zero_climate_scenario_v1,0.7181,0.7181,0.55,0.35,300,0.3,0.5,0.7
LTFRB_PUJ2137,2261.34,2248.145,service-v1-266e0b1d,True,2261.34,historic_gtfs_service_activity_proxy,DERIVED,False,678.402,113.067,791.469,303.02,568.354,-265.334,-79.6,1130.67,226.134,942.225,606.039,518.224,87.815,26.345,1582.938,395.734,967.351,1060.568,338.573,721.996,216.599,5.86,climate-v1.0,True,SCENARIO,sakay_gtfs_master_historic|doe_luzon_generation_2024|route2zero_climate_scenario_v1,0.7181,0.7181,0.55,0.35,300,0.3,0.5,0.7
LTFRB_PUJ2138,2205.24,2181.724,service-v1-266e0b1d,True,2205.24,historic_gtfs_service_activity_proxy,DERIVED,False,661.572,110.262,771.834,295.502,554.254,-258.752,-77.626,1102.62,220.524,918.85,591.004,505.368,85.637,25.691,1543.668,385.917,943.353,1034.258,330.173,704.084,211.225,5.68,climate-v1.0,True,SCENARIO,sakay_gtfs_master_historic|doe_luzon_generation_2024|route2zero_climate_scenario_v1,0.7181,0.7181,0.55,0.35,300,0.3,0.5,0.7
LTFRB_PUJ2140,10318.32,10391.098,service-v1-266e0b1d,True,10318.32,historic_gtfs_service_activity_proxy,DERIVED,False,3095.496,515.916,3611.412,1382.655,2593.355,-1210.7,-363.21,5159.16,1031.832,4299.3,2765.31,2364.615,400.695,120.208,7222.824,1805.706,4413.948,4839.292,1544.882,3294.41,988.323,31.23,climate-v1.0,True,SCENARIO,sakay_gtfs_master_historic|doe_luzon_generation_2024|route2zero_climate_scenario_v1,0.7181,0.7181,0.55,0.35,300,0.3,0.5,0.7
LTFRB_PUJ2141,16827.960000000003,16909.801,service-v1-266e0b1d,True,16827.960000000003,historic_gtfs_service_activity_proxy,DERIVED,False,5048.388,841.398,5889.786,2254.947,4229.455,-1974.509,-592.353,8413.98,1682.796,7011.65,4509.893,3856.408,653.486,196.046,11779.572,2944.893,7198.627,7892.313,2519.52,5372.794,1611.838,51.72,climate-v1.0,True,SCENARIO,sakay_gtfs_master_historic|doe_luzon_generation_2024|route2zero_climate_scenario_v1,0.7181,0.7181,0.55,0.35,300,0.3,0.5,0.7
LTFRB_PUJ2142,17099.28,16979.637,service-v1-266e0b1d,True,17099.28,historic_gtfs_service_activity_proxy,DERIVED,False,5129.784,854.964,5984.748,2291.304,4297.648,-2006.344,-601.903,8549.64,1709.928,7124.7,4582.607,3918.585,664.022,199.207,11969.496,2992.374,7314.692,8019.562,2560.142,5459.42,1637.826,52.58,climate-v1.0,True,SCENARIO,sakay_gtfs_master_historic|doe_luzon_generation_2024|route2zero_climate_scenario_v1,0.7181,0.7181,0.55,0.35,300,0.3,0.5,0.7
LTFRB_PUJ2145,8783.220000000001,8983.18,service-v1-266e0b1d,True,8783.220000000001,historic_gtfs_service_activity_proxy,DERIVED,False,2634.966,439.161,3074.127,1176.951,2207.531,-1030.579,-309.174,4391.61,878.322,3659.675,2353.903,2012.821,341.082,102.325,6148.254,1537.064,3757.266,4119.33,1315.043,2804.287,841.286,26.39,climate-v1.0,True,SCENARIO,sakay_gtfs_master_historic|doe_luzon_generation_2024|route2zero_climate_scenario_v1,0.7181,0.7181,0.55,0.35,300,0.3,0.5,0.7
LTFRB_PUJ2146,7411.32,7363.933,service-v1-266e0b1d,True,7411.32,historic_gtfs_service_activity_proxy,DERIVED,False,2223.396,370.566,2593.962,993.117,1862.724,-869.607,-260.882,3705.66,741.132,3088.05,1986.234,1698.428,287.806,86.342,5187.924,1296.981,3170.398,3475.909,1109.639,2366.27,709.881,22.07,climate-v1.0,True,SCENARIO,sakay_gtfs_master_historic|doe_luzon_generation_2024|route2zero_climate_scenario_v1,0.7181,0.7181,0.55,0.35,300,0.3,0.5,0.7
LTFRB_PUJ2147,1490.22,1474.196,service-v1-266e0b1d,True,1490.22,historic_gtfs_service_activity_proxy,DERIVED,False,447.066,74.511,521.577,199.689,374.544,-174.855,-52.456,745.11,149.022,620.925,399.379,341.509,57.87,17.361,1043.154,260.788,637.483,698.913,223.119,475.794,142.738,3.43,climate-v1.0,True,SCENARIO,sakay_gtfs_master_historic|doe_luzon_generation_2024|route2zero_climate_scenario_v1,0.7181,0.7181,0.55,0.35,300,0.3,0.5,0.7
LTFRB_PUJ2148,934.32,943.383,service-v1-266e0b1d,True,934.32,historic_gtfs_service_activity_proxy,DERIVED,False,280.296,46.716,327.012,125.199,234.827,-109.628,-32.889,467.16,93.432,389.3,250.398,214.115,36.283,10.885,654.024,163.506,399.681,438.196,139.888,298.308,89.492,1.68,climate-v1.0,True,SCENARIO,sakay_gtfs_master_historic|doe_luzon_generation_2024|route2zero_climate_scenario_v1,0.7181,0.7181,0.55,0.35,300,0.3,0.5,0.7
LTFRB_PUJ2149,12526.62,12637.609,service-v1-266e0b1d,True,12526.62,historic_gtfs_service_activity_proxy,DERIVED,False,3757.986,626.331,4384.317,1678.567,3148.378,-1469.811,-440.943,6263.31,1252.662,5219.425,3357.134,2870.684,486.45,145.935,8768.634,2192.158,5358.61,5874.985,1875.513,3999.471,1199.841,38.18,climate-v1.0,True,SCENARIO,sakay_gtfs_master_historic|doe_luzon_generation_2024|route2zero_climate_scenario_v1,0.7181,0.7181,0.55,0.35,300,0.3,0.5,0.7
LTFRB_PUJ2150,12030.9,12087.493,service-v1-266e0b1d,True,12030.9,historic_gtfs_service_activity_proxy,DERIVED,False,3609.27,601.545,4210.815,1612.141,3023.786,-1411.646,-423.494,6015.45,1203.09,5012.875,3224.281,2757.081,467.2,140.16,8421.63,2105.408,5146.552,5642.492,1801.293,3841.199,1152.36,36.62,climate-v1.0,True,SCENARIO,sakay_gtfs_master_historic|doe_luzon_generation_2024|route2zero_climate_scenario_v1,0.7181,0.7181,0.55,0.35,300,0.3,0.5,0.7
LTFRB_PUJ2151,13549.68,13396.307,service-v1-266e0b1d,True,13549.68,historic_gtfs_service_activity_proxy,DERIVED,False,4064.904,677.484,4742.388,1815.657,3405.509,-1589.852,-476.956,6774.84,1354.968,5645.7,3631.314,3105.135,526.179,157.854,9484.776,2371.194,5796.252,6354.8,2028.688,4326.112,1297.834,41.4,climate-v1.0,True,SCENARIO,sakay_gtfs_master_historic|doe_luzon_generation_2024|route2zero_climate_scenario_v1,0.7181,0.7181,0.55,0.35,300,0.3,0.5,0.7
LTFRB_PUJ2152,13253.88,13264.596,service-v1-266e0b1d,True,13253.88,historic_gtfs_service_activity_proxy,DERIVED,False,3976.164,662.694,4638.858,1776.02,3331.164,-1555.144,-466.543,6626.94,1325.388,5522.45,3552.04,3037.348,514.692,154.408,9277.716,2319.429,5669.715,6216.07,1984.4,4231.669,1269.501,40.47,climate-v1.0,True,SCENARIO,sakay_gtfs_master_historic|doe_luzon_generation_2024|route2zero_climate_scenario_v1,0.7181,0.7181,0.55,0.35,300,0.3,0.5,0.7
LTFRB_PUJ2153,6187.32,6369.044,service-v1-266e0b1d,True,6187.32,historic_gtfs_service_activity_proxy,DERIVED,False,1856.196,309.366,2165.562,829.101,1555.09,-725.989,-217.797,3093.66,618.732,2578.05,1658.202,1417.928,240.274,72.082,4331.124,1082.781,2646.798,2901.853,926.379,1975.474,592.642,18.22,climate-v1.0,True,SCENARIO,sakay_gtfs_master_historic|doe_luzon_generation_2024|route2zero_climate_scenario_v1,0.7181,0.7181,0.55,0.35,300,0.3,0.5,0.7
LTFRB_PUJ2154,6522.9,6547.553,service-v1-266e0b1d,True,6522.9,historic_gtfs_service_activity_proxy,DERIVED,False,1956.87,326.145,2283.015,874.069,1639.433,-765.364,-229.609,3261.45,652.29,2717.875,1748.137,1494.831,253.306,75.992,4566.03,1141.508,2790.352,3059.24,976.623,2082.617,624.785,19.28,climate-v1.0,True,SCENARIO,sakay_gtfs_master_historic|doe_luzon_generation_2024|route2zero_climate_scenario_v1,0.7181,0.7181,0.55,0.35,300,0.3,0.5,0.7
LTFRB_PUJ2155,7593.900000000001,7604.678,service-v1-266e0b1d,True,7593.900000000001,historic_gtfs_service_activity_proxy,DERIVED,False,2278.17,379.695,2657.865,1017.583,1908.613,-891.03,-267.309,3796.95,759.39,3164.125,2035.165,1740.269,294.896,88.469,5315.73,1328.933,3248.502,3561.539,1136.976,2424.564,727.369,22.65,climate-v1.0,True,SCENARIO,sakay_gtfs_master_historic|doe_luzon_generation_2024|route2zero_climate_scenario_v1,0.7181,0.7181,0.55,0.35,300,0.3,0.5,0.7
LTFRB_PUJ2156,8906.64,8787.896,service-v1-266e0b1d,True,8906.64,historic_gtfs_service_activity_proxy,DERIVED,False,2671.992,445.332,3117.324,1193.49,2238.55,-1045.061,-313.518,4453.32,890.664,3711.1,2386.98,2041.105,345.875,103.762,6234.648,1558.662,3810.063,4177.214,1333.522,2843.692,853.108,26.78,climate-v1.0,True,SCENARIO,sakay_gtfs_master_historic|doe_luzon_generation_2024|route2zero_climate_scenario_v1,0.7181,0.7181,0.55,0.35,300,0.3,0.5,0.7
LTFRB_PUJ2157,5706.9,5669.238,service-v1-266e0b1d,True,5706.9,historic_gtfs_service_activity_proxy,DERIVED,False,1712.07,285.345,1997.415,764.725,1434.344,-669.619,-200.886,2853.45,570.69,2377.875,1529.449,1307.831,221.618,66.485,3994.83,998.707,2441.285,2676.536,854.45,1822.086,546.626,16.71,climate-v1.0,True,SCENARIO,sakay_gtfs_master_historic|doe_luzon_generation_2024|route2zero_climate_scenario_v1,0.7181,0.7181,0.55,0.35,300,0.3,0.5,0.7
LTFRB_PUJ2158,2994.72,3046.96,service-v1-266e0b1d,True,2994.72,historic_gtfs_service_activity_proxy,DERIVED,False,898.416,149.736,1048.152,401.292,752.678,-351.385,-105.416,1497.36,299.472,1247.8,802.585,686.29,116.295,34.888,2096.304,524.076,1281.075,1404.524,448.376,956.148,286.844,8.17,climate-v1.0,True,SCENARIO,sakay_gtfs_master_historic|doe_luzon_generation_2024|route2zero_climate_scenario_v1,0.7181,0.7181,0.55,0.35,300,0.3,0.5,0.7
LTFRB_PUJ2159,12453.18,12466.081,service-v1-266e0b1d,True,12453.18,historic_gtfs_service_activity_proxy,DERIVED,False,3735.954,622.659,4358.613,1668.726,3129.92,-1461.194,-438.358,6226.59,1245.318,5188.825,3337.452,2853.854,483.598,145.08,8717.226,2179.306,5327.194,5840.541,1864.518,3976.024,1192.807,37.95,climate-v1.0,True,SCENARIO,sakay_gtfs_master_historic|doe_luzon_generation_2024|route2zero_climate_scenario_v1,0.7181,0.7181,0.55,0.35,300,0.3,0.5,0.7
LTFRB_PUJ2160,12440.94,12466.081,service-v1-266e0b1d,True,12440.94,historic_gtfs_service_activity_proxy,DERIVED,False,3732.282,622.047,4354.329,1667.086,3126.844,-1459.758,-437.927,6220.47,1244.094,5183.725,3334.172,2851.049,483.123,144.937,8708.658,2177.164,5321.958,5834.801,1862.685,3972.116,1191.635,37.91,climate-v1.0,True,SCENARIO,sakay_gtfs_master_historic|doe_luzon_generation_2024|route2zero_climate_scenario_v1,0.7181,0.7181,0.55,0.35,300,0.3,0.5,0.7
LTFRB_PUJ2161,2190.96,2126.436,service-v1-266e0b1d,True,2190.96,historic_gtfs_service_activity_proxy,DERIVED,False,657.288,109.548,766.836,293.589,550.665,-257.076,-77.123,1095.48,219.096,912.9,587.177,502.095,85.082,25.525,1533.672,383.418,937.244,1027.56,328.035,699.525,209.857,5.64,climate-v1.0,True,SCENARIO,sakay_gtfs_master_historic|doe_luzon_generation_2024|route2zero_climate_scenario_v1,0.7181,0.7181,0.55,0.35,300,0.3,0.5,0.7
LTFRB_PUJ2163,13599.66,13303.315,service-v1-266e0b1d,True,13599.66,historic_gtfs_service_activity_proxy,DERIVED,False,4079.898,679.983,4759.881,1822.354,3418.071,-1595.716,-478.715,6799.83,1359.966,5666.525,3644.709,3116.589,528.12,158.436,9519.762,2379.94,5817.632,6378.241,2036.171,4342.069,1302.621,41.56,climate-v1.0,True,SCENARIO,sakay_gtfs_master_historic|doe_luzon_generation_2024|route2zero_climate_scenario_v1,0.7181,0.7181,0.55,0.35,300,0.3,0.5,0.7
LTFRB_PUJ2164,12084.96,12189.811,service-v1-266e0b1d,True,12084.96,historic_gtfs_service_activity_proxy,DERIVED,False,3625.488,604.248,4229.736,1619.385,3037.373,-1417.989,-425.397,6042.48,1208.496,5035.4,3238.769,2769.47,469.299,140.79,8459.472,2114.868,5169.677,5667.846,1809.387,3858.459,1157.538,36.79,climate-v1.0,True,SCENARIO,sakay_gtfs_master_historic|doe_luzon_generation_2024|route2zero_climate_scenario_v1,0.7181,0.7181,0.55,0.35,300,0.3,0.5,0.7
LTFRB_PUJ2165,7740.780000000001,7582.919,service-v1-266e0b1d,True,7740.780000000001,historic_gtfs_service_activity_proxy,DERIVED,False,2322.234,387.039,2709.273,1037.265,1945.529,-908.264,-272.479,3870.39,774.078,3225.325,2074.529,1773.929,300.6,90.18,5418.546,1354.636,3311.334,3630.426,1158.967,2471.459,741.438,23.11,climate-v1.0,True,SCENARIO,sakay_gtfs_master_historic|doe_luzon_generation_2024|route2zero_climate_scenario_v1,0.7181,0.7181,0.55,0.35,300,0.3,0.5,0.7
LTFRB_PUJ2166,8680.199999999999,8794.561,service-v1-266e0b1d,True,8680.199999999999,historic_gtfs_service_activity_proxy,DERIVED,False,2604.06,434.01,3038.07,1163.147,2181.638,-1018.491,-305.547,4340.1,868.02,3616.75,2326.294,1989.212,337.081,101.124,6076.14,1519.035,3713.197,4071.014,1299.619,2771.395,831.418,26.07,climate-v1.0,True,SCENARIO,sakay_gtfs_master_historic|doe_luzon_generation_2024|route2zero_climate_scenario_v1,0.7181,0.7181,0.55,0.35,300,0.3,0.5,0.7
LTFRB_PUJ2167,9941.94,10021.941,service-v1-266e0b1d,True,9941.94,historic_gtfs_service_activity_proxy,DERIVED,False,2982.582,497.097,3479.679,1332.22,2498.757,-1166.538,-349.961,4970.97,994.194,4142.475,2664.44,2278.361,386.079,115.824,6959.358,1739.84,4252.941,4662.77,1488.529,3174.241,952.272,30.04,climate-v1.0,True,SCENARIO,sakay_gtfs_master_historic|doe_luzon_generation_2024|route2zero_climate_scenario_v1,0.7181,0.7181,0.55,0.35,300,0.3,0.5,0.7
LTFRB_PUJ2168,9591.06,9664.8,service-v1-266e0b1d,True,9591.06,historic_gtfs_service_activity_proxy,DERIVED,False,2877.318,479.553,3356.871,1285.202,2410.569,-1125.367,-337.61,4795.53,959.106,3996.275,2570.404,2197.951,372.453,111.736,6713.742,1678.435,4102.842,4498.207,1435.995,3062.212,918.664,28.94,climate-v1.0,True,SCENARIO,sakay_gtfs_master_historic|doe_luzon_generation_2024|route2zero_climate_scenario_v1,0.7181,0.7181,0.55,0.35,300,0.3,0.5,0.7
LTFRB_PUJ2169,14220.84,14159.223,service-v1-266e0b1d,True,14220.84,historic_gtfs_service_activity_proxy,DERIVED,False,4266.252,711.042,4977.294,1905.593,3574.195,-1668.602,-500.581,7110.42,1422.084,5925.35,3811.185,3258.943,552.243,165.673,9954.588,2488.647,6083.359,6669.574,2129.176,4540.398,1362.119,43.51,climate-v1.0,True,SCENARIO,sakay_gtfs_master_historic|doe_luzon_generation_2024|route2zero_climate_scenario_v1,0.7181,0.7181,0.55,0.35,300,0.3,0.5,0.7
LTFRB_PUJ2170,12994.8,12834.737,service-v1-266e0b1d,True,12994.8,historic_gtfs_service_activity_proxy,DERIVED,False,3898.44,649.74,4548.18,1741.303,3266.048,-1524.745,-457.423,6497.4,1299.48,5414.5,3482.606,2977.975,504.631,151.389,9096.36,2274.09,5558.887,6094.561,1945.61,4148.951,1244.685,39.65,climate-v1.0,True,SCENARIO,sakay_gtfs_master_historic|doe_luzon_generation_2024|route2zero_climate_scenario_v1,0.7181,0.7181,0.55,0.35,300,0.3,0.5,0.7
LTFRB_PUJ2171,10969.08,10875.403,service-v1-266e0b1d,True,10969.08,historic_gtfs_service_activity_proxy,DERIVED,False,3290.724,548.454,3839.178,1469.857,2756.914,-1287.057,-386.117,5484.54,1096.908,4570.45,2939.713,2513.748,425.966,127.79,7678.356,1919.589,4692.329,5144.499,1642.315,3502.183,1050.655,33.28,climate-v1.0,True,SCENARIO,sakay_gtfs_master_historic|doe_luzon_generation_2024|route2zero_climate_scenario_v1,0.7181,0.7181,0.55,0.35,300,0.3,0.5,0.7
LTFRB_PUJ2172,9044.34,9061.541,service-v1-266e0b1d,True,9044.34,historic_gtfs_service_activity_proxy,DERIVED,False,2713.302,452.217,3165.519,1211.942,2273.159,-1061.218,-318.365,4522.17,904.434,3768.475,2423.883,2072.661,351.222,105.367,6331.038,1582.76,3868.968,4241.795,1354.139,2887.657,866.297,27.22,climate-v1.0,True,SCENARIO,sakay_gtfs_master_historic|doe_luzon_generation_2024|route2zero_climate_scenario_v1,0.7181,0.7181,0.55,0.35,300,0.3,0.5,0.7
LTFRB_PUJ2173,1318.86,1393.265,service-v1-266e0b1d,True,1318.86,historic_gtfs_service_activity_proxy,DERIVED,False,395.658,65.943,461.601,176.727,331.476,-154.748,-46.425,659.43,131.886,549.525,353.454,302.239,51.216,15.365,923.202,230.8,564.179,618.545,197.463,421.083,126.325,2.89,climate-v1.0,True,SCENARIO,sakay_gtfs_master_historic|doe_luzon_generation_2024|route2zero_climate_scenario_v1,0.7181,0.7181,0.55,0.35,300,0.3,0.5,0.7
LTFRB_PUJ2174,3136.5,3457.489,service-v1-266e0b1d,True,3136.5,historic_gtfs_service_activity_proxy,DERIVED,False,940.95,156.825,1097.775,420.291,788.312,-368.021,-110.406,1568.25,313.65,1306.875,840.582,718.781,121.801,36.54,2195.55,548.887,1341.725,1471.018,469.604,1001.415,300.424,8.62,climate-v1.0,True,SCENARIO,sakay_gtfs_master_historic|doe_luzon_generation_2024|route2zero_climate_scenario_v1,0.7181,0.7181,0.55,0.35,300,0.3,0.5,0.7
LTFRB_PUJ2175,3456.78,3523.9,service-v1-266e0b1d,True,3456.78,historic_gtfs_service_activity_proxy,DERIVED,False,1037.034,172.839,1209.873,463.209,868.81,-405.601,-121.68,1728.39,345.678,1440.325,926.417,792.179,134.238,40.271,2419.746,604.936,1478.734,1621.23,517.557,1103.673,331.102,9.62,climate-v1.0,True,SCENARIO,sakay_gtfs_master_historic|doe_luzon_generation_2024|route2zero_climate_scenario_v1,0.7181,0.7181,0.55,0.35,300,0.3,0.5,0.7
LTFRB_PUJ2176,3344.58,3336.306,service-v1-266e0b1d,True,3344.58,historic_gtfs_service_activity_proxy,DERIVED,False,1003.374,167.229,1170.603,448.174,840.61,-392.436,-117.731,1672.29,334.458,1393.575,896.347,766.466,129.881,38.964,2341.206,585.301,1430.737,1568.608,500.758,1067.85,320.355,9.27,climate-v1.0,True,SCENARIO,sakay_gtfs_master_historic|doe_luzon_generation_2024|route2zero_climate_scenario_v1,0.7181,0.7181,0.55,0.35,300,0.3,0.5,0.7
LTFRB_PUJ2177,7729.56,7745.19,service-v1-266e0b1d,True,7729.56,historic_gtfs_service_activity_proxy,DERIVED,False,2318.868,386.478,2705.346,1035.761,1942.709,-906.948,-272.084,3864.78,772.956,3220.65,2071.522,1771.358,300.165,90.049,5410.692,1352.673,3306.534,3625.164,1157.287,2467.877,740.363,23.08,climate-v1.0,True,SCENARIO,sakay_gtfs_master_historic|doe_luzon_generation_2024|route2zero_climate_scenario_v1,0.7181,0.7181,0.55,0.35,300,0.3,0.5,0.7
LTFRB_PUJ2178,8237.52,8192.367,service-v1-266e0b1d,True,8237.52,historic_gtfs_service_activity_proxy,DERIVED,False,2471.256,411.876,2883.132,1103.828,2070.377,-966.549,-289.965,4118.76,823.752,3432.3,2207.655,1887.765,319.89,95.967,5766.264,1441.566,3523.828,3863.397,1233.34,2630.057,789.017,24.68,climate-v1.0,True,SCENARIO,sakay_gtfs_master_historic|doe_luzon_generation_2024|route2zero_climate_scenario_v1,0.7181,0.7181,0.55,0.35,300,0.3,0.5,0.7
LTFRB_PUJ2179,3178.32,3137.426,service-v1-266e0b1d,True,3178.32,historic_gtfs_service_activity_proxy,DERIVED,False,953.496,158.916,1112.412,425.895,798.823,-372.928,-111.878,1589.16,317.832,1324.3,851.79,728.365,123.425,37.027,2224.824,556.206,1359.615,1490.632,475.865,1014.767,304.43,8.75,climate-v1.0,True,SCENARIO,sakay_gtfs_master_historic|doe_luzon_generation_2024|route2zero_climate_scenario_v1,0.7181,0.7181,0.55,0.35,300,0.3,0.5,0.7
LTFRB_PUJ2180,3226.26,3146.872,service-v1-266e0b1d,True,3226.26,historic_gtfs_service_activity_proxy,DERIVED,False,967.878,161.313,1129.191,432.319,810.872,-378.553,-113.566,1613.13,322.626,1344.275,864.638,739.351,125.286,37.586,2258.382,564.596,1380.122,1513.116,483.043,1030.073,309.022,8.9,climate-v1.0,True,SCENARIO,sakay_gtfs_master_historic|doe_luzon_generation_2024|route2zero_climate_scenario_v1,0.7181,0.7181,0.55,0.35,300,0.3,0.5,0.7
LTFRB_PUJ2181,7316.46,7534.27,service-v1-266e0b1d,True,7316.46,historic_gtfs_service_activity_proxy,DERIVED,False,2194.938,365.823,2560.761,980.406,1838.882,-858.477,-257.543,3658.23,731.646,3048.525,1960.811,1676.689,284.123,85.237,5121.522,1280.38,3129.819,3431.42,1095.437,2335.983,700.795,21.78,climate-v1.0,True,SCENARIO,sakay_gtfs_master_historic|doe_luzon_generation_2024|route2zero_climate_scenario_v1,0.7181,0.7181,0.55,0.35,300,0.3,0.5,0.7
LTFRB_PUJ2182,7452.12,7370.316,service-v1-266e0b1d,True,7452.12,historic_gtfs_service_activity_proxy,DERIVED,False,2235.636,372.606,2608.242,998.584,1872.979,-874.395,-262.318,3726.06,745.212,3105.05,1997.168,1707.778,289.391,86.817,5216.484,1304.121,3187.851,3495.044,1115.748,2379.296,713.789,22.2,climate-v1.0,True,SCENARIO,sakay_gtfs_master_historic|doe_luzon_generation_2024|route2zero_climate_scenario_v1,0.7181,0.7181,0.55,0.35,300,0.3,0.5,0.7
LTFRB_PUJ2183,9503.34,9594.121,service-v1-266e0b1d,True,9503.34,historic_gtfs_service_activity_proxy,DERIVED,False,2851.002,475.167,3326.169,1273.448,2388.522,-1115.074,-334.522,4751.67,950.334,3959.725,2546.895,2177.849,369.046,110.714,6652.338,1663.084,4065.318,4457.066,1422.861,3034.205,910.262,28.66,climate-v1.0,True,SCENARIO,sakay_gtfs_master_historic|doe_luzon_generation_2024|route2zero_climate_scenario_v1,0.7181,0.7181,0.55,0.35,300,0.3,0.5,0.7
LTFRB_PUJ2184,7468.44,7252.997,service-v1-266e0b1d,True,7468.44,historic_gtfs_service_activity_proxy,DERIVED,False,2240.532,373.422,2613.954,1000.771,1877.08,-876.309,-262.893,3734.22,746.844,3111.85,2001.542,1711.518,290.024,87.007,5227.908,1306.977,3194.833,3502.698,1118.191,2384.507,715.352,22.25,climate-v1.0,True,SCENARIO,sakay_gtfs_master_historic|doe_luzon_generation_2024|route2zero_climate_scenario_v1,0.7181,0.7181,0.55,0.35,300,0.3,0.5,0.7
LTFRB_PUJ2185,2153.2200000000003,2084.234,service-v1-266e0b1d,True,2153.2200000000003,historic_gtfs_service_activity_proxy,DERIVED,False,645.966,107.661,753.627,288.531,541.18,-252.648,-75.794,1076.61,215.322,897.175,577.063,493.446,83.617,25.085,1507.254,376.814,921.1,1009.86,322.385,687.475,206.243,5.52,climate-v1.0,True,SCENARIO,sakay_gtfs_master_historic|doe_luzon_generation_2024|route2zero_climate_scenario_v1,0.7181,0.7181,0.55,0.35,300,0.3,0.5,0.7
LTFRB_PUJ2186,1943.1,1924.221,service-v1-266e0b1d,True,1943.1,historic_gtfs_service_activity_proxy,DERIVED,False,582.93,97.155,680.085,260.375,488.369,-227.994,-68.398,971.55,194.31,809.625,520.751,445.294,75.457,22.637,1360.17,340.042,831.215,911.314,290.925,620.389,186.117,4.86,climate-v1.0,True,SCENARIO,sakay_gtfs_master_historic|doe_luzon_generation_2024|route2zero_climate_scenario_v1,0.7181,0.7181,0.55,0.35,300,0.3,0.5,0.7
LTFRB_PUJ2187,6333.179999999999,6416.146,service-v1-266e0b1d,True,6333.179999999999,historic_gtfs_service_activity_proxy,DERIVED,False,1899.954,316.659,2216.613,848.646,1591.75,-743.104,-222.931,3166.59,633.318,2638.825,1697.292,1451.354,245.938,73.782,4433.226,1108.306,2709.194,2970.261,948.218,2022.044,606.613,18.68,climate-v1.0,True,SCENARIO,sakay_gtfs_master_historic|doe_luzon_generation_2024|route2zero_climate_scenario_v1,0.7181,0.7181,0.55,0.35,300,0.3,0.5,0.7
LTFRB_PUJ2188,6492.3,6350.22,service-v1-266e0b1d,True,6492.3,historic_gtfs_service_activity_proxy,DERIVED,False,1947.69,324.615,2272.305,869.968,1631.742,-761.774,-228.532,3246.15,649.23,2705.125,1739.936,1487.819,252.118,75.635,4544.61,1136.152,2777.262,3044.889,972.042,2072.847,621.854,19.18,climate-v1.0,True,SCENARIO,sakay_gtfs_master_historic|doe_luzon_generation_2024|route2zero_climate_scenario_v1,0.7181,0.7181,0.55,0.35,300,0.3,0.5,0.7
LTFRB_PUJ2189,11195.52,11202.684,service-v1-266e0b1d,True,11195.52,historic_gtfs_service_activity_proxy,DERIVED,False,3358.656,559.776,3918.432,1500.2,2813.826,-1313.626,-394.088,5597.76,1119.552,4664.8,3000.399,2565.64,434.759,130.428,7836.864,1959.216,4789.195,5250.699,1676.218,3574.481,1072.344,33.99,climate-v1.0,True,SCENARIO,sakay_gtfs_master_historic|doe_luzon_generation_2024|route2zero_climate_scenario_v1,0.7181,0.7181,0.55,0.35,300,0.3,0.5,0.7
LTFRB_PUJ2190,10630.44,10590.271,service-v1-266e0b1d,True,10630.44,historic_gtfs_service_activity_proxy,DERIVED,False,3189.132,531.522,3720.654,1424.479,2671.802,-1247.323,-374.197,5315.22,1063.044,4429.35,2848.958,2436.142,412.815,123.845,7441.308,1860.327,4547.466,4985.676,1591.613,3394.063,1018.219,32.21,climate-v1.0,True,SCENARIO,sakay_gtfs_master_historic|doe_luzon_generation_2024|route2zero_climate_scenario_v1,0.7181,0.7181,0.55,0.35,300,0.3,0.5,0.7
LTFRB_PUJ2192,3258.9,3272.416,service-v1-266e0b1d,True,3258.9,historic_gtfs_service_activity_proxy,DERIVED,False,977.67,162.945,1140.615,436.693,819.076,-382.383,-114.715,1629.45,325.89,1357.875,873.385,746.831,126.554,37.966,2281.23,570.308,1394.085,1528.424,487.93,1040.494,312.148,9.0,climate-v1.0,True,SCENARIO,sakay_gtfs_master_historic|doe_luzon_generation_2024|route2zero_climate_scenario_v1,0.7181,0.7181,0.55,0.35,300,0.3,0.5,0.7
LTFRB_PUJ2193,4242.179999999999,4377.437,service-v1-266e0b1d,True,4242.179999999999,historic_gtfs_service_activity_proxy,DERIVED,False,1272.654,212.109,1484.763,568.452,1066.208,-497.756,-149.327,2121.09,424.218,1767.575,1136.904,972.166,164.738,49.421,2969.526,742.381,1814.71,1989.582,635.149,1354.434,406.33,12.1,climate-v1.0,True,SCENARIO,sakay_gtfs_master_historic|doe_luzon_generation_2024|route2zero_climate_scenario_v1,0.7181,0.7181,0.55,0.35,300,0.3,0.5,0.7
LTFRB_PUJ2194,3577.1400000000003,3539.312,service-v1-266e0b1d,True,3577.1400000000003,historic_gtfs_service_activity_proxy,DERIVED,False,1073.142,178.857,1251.999,479.337,899.06,-419.724,-125.917,1788.57,357.714,1490.475,958.674,819.761,138.912,41.674,2503.998,626.0,1530.221,1677.679,535.577,1142.101,342.63,10.0,climate-v1.0,True,SCENARIO,sakay_gtfs_master_historic|doe_luzon_generation_2024|route2zero_climate_scenario_v1,0.7181,0.7181,0.55,0.35,300,0.3,0.5,0.7
LTFRB_PUJ2195,2891.7,2916.808,service-v1-266e0b1d,True,2891.7,historic_gtfs_service_activity_proxy,DERIVED,False,867.51,144.585,1012.095,387.488,726.785,-339.298,-101.789,1445.85,289.17,1204.875,774.976,662.681,112.294,33.688,2024.19,506.047,1237.005,1356.207,432.952,923.256,276.977,7.85,climate-v1.0,True,SCENARIO,sakay_gtfs_master_historic|doe_luzon_generation_2024|route2zero_climate_scenario_v1,0.7181,0.7181,0.55,0.35,300,0.3,0.5,0.7
LTFRB_PUJ2196,2530.62,2569.046,service-v1-266e0b1d,True,2530.62,historic_gtfs_service_activity_proxy,DERIVED,False,759.186,126.531,885.717,339.103,636.033,-296.93,-89.079,1265.31,253.062,1054.425,678.206,579.934,98.272,29.482,1771.434,442.858,1082.543,1186.861,378.89,807.971,242.391,6.71,climate-v1.0,True,SCENARIO,sakay_gtfs_master_historic|doe_luzon_generation_2024|route2zero_climate_scenario_v1,0.7181,0.7181,0.55,0.35,300,0.3,0.5,0.7
LTFRB_PUJ2197,8898.48,8849.947,service-v1-266e0b1d,True,8898.48,historic_gtfs_service_activity_proxy,DERIVED,False,2669.544,444.924,3114.468,1192.396,2236.499,-1044.103,-313.231,4449.24,889.848,3707.7,2384.793,2039.235,345.558,103.667,6228.936,1557.234,3806.572,4173.387,1332.3,2841.087,852.326,26.76,climate-v1.0,True,SCENARIO,sakay_gtfs_master_historic|doe_luzon_generation_2024|route2zero_climate_scenario_v1,0.7181,0.7181,0.55,0.35,300,0.3,0.5,0.7
LTFRB_PUJ2198,8476.2,8615.601,service-v1-266e0b1d,True,8476.2,historic_gtfs_service_activity_proxy,DERIVED,False,2542.86,423.81,2966.67,1135.811,2130.366,-994.555,-298.366,4238.1,847.62,3531.75,2271.622,1942.462,329.159,98.748,5933.34,1483.335,3625.93,3975.338,1269.076,2706.262,811.879,25.43,climate-v1.0,True,SCENARIO,sakay_gtfs_master_historic|doe_luzon_generation_2024|route2zero_climate_scenario_v1,0.7181,0.7181,0.55,0.35,300,0.3,0.5,0.7
LTFRB_PUJ2199,16303.68,16137.63,service-v1-266e0b1d,True,16303.68,historic_gtfs_service_activity_proxy,DERIVED,False,4891.104,815.184,5706.288,2184.693,4097.685,-1912.992,-573.898,8151.84,1630.368,6793.2,4369.386,3736.26,633.126,189.938,11412.576,2853.144,6974.352,7646.426,2441.023,5205.403,1561.621,50.07,climate-v1.0,True,SCENARIO,sakay_gtfs_master_historic|doe_luzon_generation_2024|route2zero_climate_scenario_v1,0.7181,0.7181,0.55,0.35,300,0.3,0.5,0.7
LTFRB_PUJ2200,16389.36,16266.192,service-v1-266e0b1d,True,16389.36,historic_gtfs_service_activity_proxy,DERIVED,False,4916.808,819.468,5736.276,2196.174,4119.22,-1923.046,-576.914,8194.68,1638.936,6828.9,4392.348,3755.895,636.453,190.936,11472.552,2868.138,7011.004,7686.61,2453.851,5232.758,1569.828,50.34,climate-v1.0,True,SCENARIO,sakay_gtfs_master_historic|doe_luzon_generation_2024|route2zero_climate_scenario_v1,0.7181,0.7181,0.55,0.35,300,0.3,0.5,0.7
LTFRB_PUJ2201,12997.86,12888.362,service-v1-266e0b1d,True,12997.86,historic_gtfs_service_activity_proxy,DERIVED,False,3899.358,649.893,4549.251,1741.713,3266.817,-1525.104,-457.531,6498.93,1299.786,5415.775,3483.426,2978.676,504.75,151.425,9098.502,2274.626,5560.196,6095.996,1946.068,4149.928,1244.978,39.66,climate-v1.0,True,SCENARIO,sakay_gtfs_master_historic|doe_luzon_generation_2024|route2zero_climate_scenario_v1,0.7181,0.7181,0.55,0.35,300,0.3,0.5,0.7
LTFRB_PUJ2202,12431.76,12415.945,service-v1-266e0b1d,True,12431.76,historic_gtfs_service_activity_proxy,DERIVED,False,3729.528,621.588,4351.116,1665.856,3124.536,-1458.681,-437.604,6215.88,1243.176,5179.9,3331.712,2848.945,482.767,144.83,8702.232,2175.558,5318.031,5830.495,1861.311,3969.185,1190.755,37.88,climate-v1.0,True,SCENARIO,sakay_gtfs_master_historic|doe_luzon_generation_2024|route2zero_climate_scenario_v1,0.7181,0.7181,0.55,0.35,300,0.3,0.5,0.7
LTFRB_PUJ2203,15869.16,16064.307,service-v1-266e0b1d,True,15869.16,historic_gtfs_service_activity_proxy,DERIVED,False,4760.748,793.458,5554.206,2126.467,3988.475,-1862.008,-558.602,7934.58,1586.916,6612.15,4252.935,3636.682,616.252,184.876,11108.412,2777.103,6788.474,7442.636,2375.966,5066.67,1520.001,48.7,climate-v1.0,True,SCENARIO,sakay_gtfs_master_historic|doe_luzon_generation_2024|route2zero_climate_scenario_v1,0.7181,0.7181,0.55,0.35,300,0.3,0.5,0.7
LTFRB_PUJ2204,12604.14,12518.191,service-v1-266e0b1d,True,12604.14,historic_gtfs_service_activity_proxy,DERIVED,False,3781.242,630.207,4411.449,1688.955,3167.862,-1478.907,-443.672,6302.07,1260.414,5251.725,3377.91,2888.449,489.461,146.838,8822.898,2205.724,5391.771,5911.342,1887.12,4024.222,1207.267,38.42,climate-v1.0,True,SCENARIO,sakay_gtfs_master_historic|doe_luzon_generation_2024|route2zero_climate_scenario_v1,0.7181,0.7181,0.55,0.35,300,0.3,0.5,0.7
LTFRB_PUJ2205,18715.98,18825.136,service-v1-266e0b1d,True,18715.98,historic_gtfs_service_activity_proxy,DERIVED,False,5614.794,935.799,6550.593,2507.941,4703.981,-2196.04,-658.812,9357.99,1871.598,7798.325,5015.883,4289.079,726.804,218.041,13101.186,3275.296,8006.28,8777.795,2802.198,5975.597,1792.679,57.67,climate-v1.0,True,SCENARIO,sakay_gtfs_master_historic|doe_luzon_generation_2024|route2zero_climate_scenario_v1,0.7181,0.7181,0.55,0.35,300,0.3,0.5,0.7
LTFRB_PUJ2206,17409.36,17409.916,service-v1-266e0b1d,True,17409.36,historic_gtfs_service_activity_proxy,DERIVED,False,5222.808,870.468,6093.276,2332.854,4375.581,-2042.727,-612.818,8704.68,1740.936,7253.9,4665.708,3989.645,676.063,202.819,12186.552,3046.638,7447.337,8164.99,2606.568,5558.422,1667.527,53.55,climate-v1.0,True,SCENARIO,sakay_gtfs_master_historic|doe_luzon_generation_2024|route2zero_climate_scenario_v1,0.7181,0.7181,0.55,0.35,300,0.3,0.5,0.7
LTFRB_PUJ2207,3013.0800000000004,3531.636,service-v1-266e0b1d,True,3013.0800000000004,historic_gtfs_service_activity_proxy,DERIVED,False,903.924,150.654,1054.578,403.753,757.292,-353.54,-106.062,1506.54,301.308,1255.45,807.505,690.498,117.008,35.102,2109.156,527.289,1288.929,1413.135,451.125,962.009,288.603,8.23,climate-v1.0,True,SCENARIO,sakay_gtfs_master_historic|doe_luzon_generation_2024|route2zero_climate_scenario_v1,0.7181,0.7181,0.55,0.35,300,0.3,0.5,0.7
LTFRB_PUJ2208,3142.62,3118.097,service-v1-266e0b1d,True,3142.62,historic_gtfs_service_activity_proxy,DERIVED,False,942.786,157.131,1099.917,421.111,789.85,-368.739,-110.622,1571.31,314.262,1309.425,842.222,720.184,122.038,36.612,2199.834,549.958,1344.343,1473.889,470.52,1003.369,301.011,8.64,climate-v1.0,True,SCENARIO,sakay_gtfs_master_historic|doe_luzon_generation_2024|route2zero_climate_scenario_v1,0.7181,0.7181,0.55,0.35,300,0.3,0.5,0.7
LTFRB_PUJ2209,2393.94,2438.035,service-v1-266e0b1d,True,2393.94,historic_gtfs_service_activity_proxy,DERIVED,False,718.182,119.697,837.879,320.788,601.681,-280.893,-84.268,1196.97,239.394,997.475,641.576,548.611,92.965,27.889,1675.758,418.94,1024.074,1122.758,358.426,764.332,229.3,6.28,climate-v1.0,True,SCENARIO,sakay_gtfs_master_historic|doe_luzon_generation_2024|route2zero_climate_scenario_v1,0.7181,0.7181,0.55,0.35,300,0.3,0.5,0.7
LTFRB_PUJ2210,3452.7,3454.919,service-v1-266e0b1d,True,3452.7,historic_gtfs_service_activity_proxy,DERIVED,False,1035.81,172.635,1208.445,462.662,867.784,-405.123,-121.537,1726.35,345.27,1438.625,925.324,791.244,134.08,40.224,2416.89,604.222,1476.988,1619.316,516.946,1102.37,330.711,9.61,climate-v1.0,True,SCENARIO,sakay_gtfs_master_historic|doe_luzon_generation_2024|route2zero_climate_scenario_v1,0.7181,0.7181,0.55,0.35,300,0.3,0.5,0.7
LTFRB_PUJ2211,13687.38,13610.128,service-v1-266e0b1d,True,13687.38,historic_gtfs_service_activity_proxy,DERIVED,False,4106.214,684.369,4790.583,1834.109,3440.118,-1606.009,-481.803,6843.69,1368.738,5703.075,3668.218,3136.691,531.527,159.458,9581.166,2395.292,5855.157,6419.381,2049.305,4370.076,1311.023,41.83,climate-v1.0,True,SCENARIO,sakay_gtfs_master_historic|doe_luzon_generation_2024|route2zero_climate_scenario_v1,0.7181,0.7181,0.55,0.35,300,0.3,0.5,0.7
LTFRB_PUJ2212,15241.86,15247.357,service-v1-266e0b1d,True,15241.86,historic_gtfs_service_activity_proxy,DERIVED,False,4572.558,762.093,5334.651,2042.409,3830.813,-1788.404,-536.521,7620.93,1524.186,6350.775,4084.818,3492.926,591.892,177.568,10669.302,2667.326,6520.129,7148.432,2282.045,4866.387,1459.916,46.73,climate-v1.0,True,SCENARIO,sakay_gtfs_master_historic|doe_luzon_generation_2024|route2zero_climate_scenario_v1,0.7181,0.7181,0.55,0.35,300,0.3,0.5,0.7
LTFRB_PUJ2213,4671.6,4822.685,service-v1-266e0b1d,True,4671.6,historic_gtfs_service_activity_proxy,DERIVED,False,1401.48,233.58,1635.06,625.994,1174.137,-548.142,-164.443,2335.8,467.16,1946.5,1251.989,1070.575,181.414,54.424,3270.12,817.53,1998.407,2190.98,699.442,1491.538,447.461,13.45,climate-v1.0,True,SCENARIO,sakay_gtfs_master_historic|doe_luzon_generation_2024|route2zero_climate_scenario_v1,0.7181,0.7181,0.55,0.35,300,0.3,0.5,0.7
LTFRB_PUJ2214,5506.9800000000005,5454.621,service-v1-266e0b1d,True,5506.9800000000005,historic_gtfs_service_activity_proxy,DERIVED,False,1652.094,275.349,1927.443,737.935,1384.097,-646.161,-193.848,2753.49,550.698,2294.575,1475.871,1262.016,213.854,64.156,3854.886,963.722,2355.764,2582.774,824.517,1758.256,527.477,16.08,climate-v1.0,True,SCENARIO,sakay_gtfs_master_historic|doe_luzon_generation_2024|route2zero_climate_scenario_v1,0.7181,0.7181,0.55,0.35,300,0.3,0.5,0.7
LTFRB_PUJ2215,6685.08,6830.729,service-v1-266e0b1d,True,6685.08,historic_gtfs_service_activity_proxy,DERIVED,False,2005.524,334.254,2339.778,895.801,1680.195,-784.394,-235.318,3342.54,668.508,2785.45,1791.601,1531.998,259.604,77.881,4679.556,1169.889,2859.729,3135.303,1000.905,2134.397,640.319,19.79,climate-v1.0,True,SCENARIO,sakay_gtfs_master_historic|doe_luzon_generation_2024|route2zero_climate_scenario_v1,0.7181,0.7181,0.55,0.35,300,0.3,0.5,0.7
LTFRB_PUJ2217,9708.36,10043.354,service-v1-266e0b1d,True,9708.36,historic_gtfs_service_activity_proxy,DERIVED,False,2912.508,485.418,3397.926,1300.92,2440.051,-1139.13,-341.739,4854.18,970.836,4045.15,2601.84,2224.833,377.008,113.102,6795.852,1698.963,4153.021,4553.221,1453.557,3099.664,929.899,29.31,climate-v1.0,True,SCENARIO,sakay_gtfs_master_historic|doe_luzon_generation_2024|route2zero_climate_scenario_v1,0.7181,0.7181,0.55,0.35,300,0.3,0.5,0.7
LTFRB_PUJ2218,10503.96,10663.674,service-v1-266e0b1d,True,10503.96,historic_gtfs_service_activity_proxy,DERIVED,False,3151.188,525.198,3676.386,1407.531,2640.013,-1232.482,-369.745,5251.98,1050.396,4376.65,2815.061,2407.158,407.904,122.371,7352.772,1838.193,4493.361,4926.357,1572.676,3353.681,1006.104,31.81,climate-v1.0,True,SCENARIO,sakay_gtfs_master_historic|doe_luzon_generation_2024|route2zero_climate_scenario_v1,0.7181,0.7181,0.55,0.35,300,0.3,0.5,0.7
LTFRB_PUJ2219,5119.38,5305.132,service-v1-266e0b1d,True,5119.38,historic_gtfs_service_activity_proxy,DERIVED,False,1535.814,255.969,1791.783,685.997,1286.679,-600.682,-180.205,2559.69,511.938,2133.075,1371.994,1173.191,198.803,59.641,3583.566,895.892,2189.957,2400.989,766.485,1634.504,490.351,14.86,climate-v1.0,True,SCENARIO,sakay_gtfs_master_historic|doe_luzon_generation_2024|route2zero_climate_scenario_v1,0.7181,0.7181,0.55,0.35,300,0.3,0.5,0.7
LTFRB_PUJ2220,4805.22,4960.931,service-v1-266e0b1d,True,4805.22,historic_gtfs_service_activity_proxy,DERIVED,False,1441.566,240.261,1681.827,643.899,1207.72,-563.82,-169.146,2402.61,480.522,2002.175,1287.799,1101.196,186.603,55.981,3363.654,840.914,2055.566,2253.648,719.448,1534.2,460.26,13.87,climate-v1.0,True,SCENARIO,sakay_gtfs_master_historic|doe_luzon_generation_2024|route2zero_climate_scenario_v1,0.7181,0.7181,0.55,0.35,300,0.3,0.5,0.7
LTFRB_PUJ2221,10096.98,10132.477,service-v1-266e0b1d,True,10096.98,historic_gtfs_service_activity_proxy,DERIVED,False,3029.094,504.849,3533.943,1352.995,2537.724,-1184.729,-355.419,5048.49,1009.698,4207.075,2705.991,2313.891,392.099,117.63,7067.886,1766.971,4319.264,4735.484,1511.742,3223.741,967.122,30.53,climate-v1.0,True,SCENARIO,sakay_gtfs_master_historic|doe_luzon_generation_2024|route2zero_climate_scenario_v1,0.7181,0.7181,0.55,0.35,300,0.3,0.5,0.7
LTFRB_PUJ2222,10472.34,10590.891,service-v1-266e0b1d,True,10472.34,historic_gtfs_service_activity_proxy,DERIVED,False,3141.702,523.617,3665.319,1403.294,2632.066,-1228.772,-368.632,5236.17,1047.234,4363.475,2806.587,2399.911,406.676,122.003,7330.638,1832.66,4479.834,4911.527,1567.942,3343.585,1003.076,31.71,climate-v1.0,True,SCENARIO,sakay_gtfs_master_historic|doe_luzon_generation_2024|route2zero_climate_scenario_v1,0.7181,0.7181,0.55,0.35,300,0.3,0.5,0.7
LTFRB_PUJ2223,10021.5,10092.831,service-v1-266e0b1d,True,10021.5,historic_gtfs_service_activity_proxy,DERIVED,False,3006.45,501.075,3507.525,1342.881,2518.754,-1175.873,-352.762,5010.75,1002.15,4175.625,2685.762,2296.594,389.168,116.75,7015.05,1753.762,4286.975,4700.084,1500.441,3199.642,959.893,30.29,climate-v1.0,True,SCENARIO,sakay_gtfs_master_historic|doe_luzon_generation_2024|route2zero_climate_scenario_v1,0.7181,0.7181,0.55,0.35,300,0.3,0.5,0.7
LTFRB_PUJ2224,10884.42,10774.143,service-v1-266e0b1d,True,10884.42,historic_gtfs_service_activity_proxy,DERIVED,False,3265.326,544.221,3809.547,1458.512,2735.636,-1277.123,-383.137,5442.21,1088.442,4535.175,2917.025,2494.346,422.678,126.803,7619.094,1904.773,4656.113,5104.793,1629.64,3475.153,1042.546,33.01,climate-v1.0,True,SCENARIO,sakay_gtfs_master_historic|doe_luzon_generation_2024|route2zero_climate_scenario_v1,0.7181,0.7181,0.55,0.35,300,0.3,0.5,0.7
LTFRB_PUJ2225,7364.4,7392.45,service-v1-266e0b1d,True,7364.4,historic_gtfs_service_activity_proxy,DERIVED,False,2209.32,368.22,2577.54,986.83,1850.931,-864.102,-259.231,3682.2,736.44,3068.5,1973.659,1687.675,285.984,85.795,5155.08,1288.77,3150.327,3453.904,1102.614,2351.289,705.387,21.93,climate-v1.0,True,SCENARIO,sakay_gtfs_master_historic|doe_luzon_generation_2024|route2zero_climate_scenario_v1,0.7181,0.7181,0.55,0.35,300,0.3,0.5,0.7
LTFRB_PUJ2226,1780.92,1820.78,service-v1-266e0b1d,True,1780.92,historic_gtfs_service_activity_proxy,DERIVED,False,534.276,89.046,623.322,238.643,447.608,-208.964,-62.689,890.46,178.092,742.05,477.287,408.128,69.159,20.748,1246.644,311.661,761.838,835.251,266.643,568.608,170.582,4.35,climate-v1.0,True,SCENARIO,sakay_gtfs_master_historic|doe_luzon_generation_2024|route2zero_climate_scenario_v1,0.7181,0.7181,0.55,0.35,300,0.3,0.5,0.7
LTFRB_PUJ2227,17878.559999999998,18112.142,service-v1-266e0b1d,True,17878.559999999998,historic_gtfs_service_activity_proxy,DERIVED,False,5363.568,893.928,6257.496,2395.727,4493.508,-2097.781,-629.334,8939.28,1787.856,7449.4,4791.454,4097.17,694.284,208.285,12514.992,3128.748,7648.051,8385.045,2676.818,5708.227,1712.468,55.03,climate-v1.0,True,SCENARIO,sakay_gtfs_master_historic|doe_luzon_generation_2024|route2zero_climate_scenario_v1,0.7181,0.7181,0.55,0.35,300,0.3,0.5,0.7
LTFRB_PUJ2228,19591.14,19518.059,service-v1-266e0b1d,True,19591.14,historic_gtfs_service_activity_proxy,DERIVED,False,5877.342,979.557,6856.899,2625.213,4923.939,-2298.726,-689.618,9795.57,1959.114,8162.975,5250.426,4489.636,760.789,228.237,13713.798,3428.449,8380.654,9188.245,2933.229,6255.016,1876.505,60.42,climate-v1.0,True,SCENARIO,sakay_gtfs_master_historic|doe_luzon_generation_2024|route2zero_climate_scenario_v1,0.7181,0.7181,0.55,0.35,300,0.3,0.5,0.7
LTFRB_PUJ2229,11446.44,11419.247,service-v1-266e0b1d,True,11446.44,historic_gtfs_service_activity_proxy,DERIVED,False,3433.932,572.322,4006.254,1533.823,2876.891,-1343.068,-402.92,5723.22,1144.644,4769.35,3067.646,2623.142,444.503,133.351,8012.508,2003.127,4896.533,5368.38,1713.786,3654.594,1096.378,34.78,climate-v1.0,True,SCENARIO,sakay_gtfs_master_historic|doe_luzon_generation_2024|route2zero_climate_scenario_v1,0.7181,0.7181,0.55,0.35,300,0.3,0.5,0.7
LTFRB_PUJ2230,1414.74,1269.269,service-v1-266e0b1d,True,1414.74,historic_gtfs_service_activity_proxy,DERIVED,False,424.422,70.737,495.159,189.575,355.574,-165.999,-49.8,707.37,141.474,589.475,379.15,324.211,54.939,16.482,990.318,247.58,605.194,663.513,211.818,451.695,135.509,3.2,climate-v1.0,True,SCENARIO,sakay_gtfs_master_historic|doe_luzon_generation_2024|route2zero_climate_scenario_v1,0.7181,0.7181,0.55,0.35,300,0.3,0.5,0.7
LTFRB_PUJ2231,16345.499999999998,16157.996,service-v1-266e0b1d,True,16345.499999999998,historic_gtfs_service_activity_proxy,DERIVED,False,4903.65,817.275,5720.925,2190.297,4108.196,-1917.899,-575.37,8172.75,1634.55,6810.625,4380.594,3745.844,634.75,190.425,11441.85,2860.462,6992.242,7666.04,2447.285,5218.755,1565.626,50.2,climate-v1.0,True,SCENARIO,sakay_gtfs_master_historic|doe_luzon_generation_2024|route2zero_climate_scenario_v1,0.7181,0.7181,0.55,0.35,300,0.3,0.5,0.7
LTFRB_PUJ2232,14255.52,14532.886,service-v1-266e0b1d,True,14255.52,historic_gtfs_service_activity_proxy,DERIVED,False,4276.656,712.776,4989.432,1910.24,3582.911,-1672.671,-501.801,7127.76,1425.552,5939.8,3820.479,3266.89,553.589,166.077,9978.864,2494.716,6098.195,6685.839,2134.368,4551.471,1365.441,43.62,climate-v1.0,True,SCENARIO,sakay_gtfs_master_historic|doe_luzon_generation_2024|route2zero_climate_scenario_v1,0.7181,0.7181,0.55,0.35,300,0.3,0.5,0.7
LTFRB_PUJ2233,16012.98,15964.887,service-v1-266e0b1d,True,16012.98,historic_gtfs_service_activity_proxy,DERIVED,False,4803.894,800.649,5604.543,2145.739,4024.622,-1878.883,-563.665,8006.49,1601.298,6672.075,4291.479,3669.641,621.837,186.551,11209.086,2802.272,6849.997,7510.088,2397.499,5112.589,1533.777,49.16,climate-v1.0,True,SCENARIO,sakay_gtfs_master_historic|doe_luzon_generation_2024|route2zero_climate_scenario_v1,0.7181,0.7181,0.55,0.35,300,0.3,0.5,0.7
LTFRB_PUJ2234,16576.02,16662.865,service-v1-266e0b1d,True,16576.02,historic_gtfs_service_activity_proxy,DERIVED,False,4972.806,828.801,5801.607,2221.187,4166.134,-1944.947,-583.484,8288.01,1657.602,6906.675,4442.373,3798.671,643.702,193.111,11603.214,2900.804,7090.853,7774.153,2481.799,5292.355,1587.706,50.93,climate-v1.0,True,SCENARIO,sakay_gtfs_master_historic|doe_luzon_generation_2024|route2zero_climate_scenario_v1,0.7181,0.7181,0.55,0.35,300,0.3,0.5,0.7
LTFRB_PUJ2235,12900.96,12920.797,service-v1-266e0b1d,True,12900.96,historic_gtfs_service_activity_proxy,DERIVED,False,3870.288,645.048,4515.336,1728.729,3242.463,-1513.734,-454.12,6450.48,1290.096,5375.4,3457.457,2956.47,500.987,150.296,9030.672,2257.668,5518.744,6050.55,1931.56,4118.99,1235.697,39.36,climate-v1.0,True,SCENARIO,sakay_gtfs_master_historic|doe_luzon_generation_2024|route2zero_climate_scenario_v1,0.7181,0.7181,0.55,0.35,300,0.3,0.5,0.7
LTFRB_PUJ2236,14142.3,14398.629,service-v1-266e0b1d,True,14142.3,historic_gtfs_service_activity_proxy,DERIVED,False,4242.69,707.115,4949.805,1895.068,3554.455,-1659.387,-497.816,7071.15,1414.23,5892.625,3790.136,3240.944,549.193,164.758,9899.61,2474.902,6049.762,6632.739,2117.417,4515.322,1354.597,43.27,climate-v1.0,True,SCENARIO,sakay_gtfs_master_historic|doe_luzon_generation_2024|route2zero_climate_scenario_v1,0.7181,0.7181,0.55,0.35,300,0.3,0.5,0.7
LTFRB_PUJ2238,12705.12,12745.812,service-v1-266e0b1d,True,12705.12,historic_gtfs_service_activity_proxy,DERIVED,False,3811.536,635.256,4446.792,1702.486,3193.241,-1490.755,-447.227,6352.56,1270.512,5293.8,3404.972,2911.59,493.382,148.015,8893.584,2223.396,5434.968,5958.701,1902.239,4056.462,1216.939,38.74,climate-v1.0,True,SCENARIO,sakay_gtfs_master_historic|doe_luzon_generation_2024|route2zero_climate_scenario_v1,0.7181,0.7181,0.55,0.35,300,0.3,0.5,0.7
LTFRB_PUJ2239,3567.96,3495.089,service-v1-266e0b1d,True,3567.96,historic_gtfs_service_activity_proxy,DERIVED,False,1070.388,178.398,1248.786,478.107,896.753,-418.647,-125.594,1783.98,356.796,1486.65,956.213,817.658,138.556,41.567,2497.572,624.393,1526.294,1673.373,534.203,1139.17,341.751,9.97,climate-v1.0,True,SCENARIO,sakay_gtfs_master_historic|doe_luzon_generation_2024|route2zero_climate_scenario_v1,0.7181,0.7181,0.55,0.35,300,0.3,0.5,0.7
LTFRB_PUJ2240,2996.76,3454.544,service-v1-266e0b1d,True,2996.76,historic_gtfs_service_activity_proxy,DERIVED,False,899.028,149.838,1048.866,401.566,753.191,-351.625,-105.487,1498.38,299.676,1248.65,803.132,686.758,116.374,34.912,2097.732,524.433,1281.947,1405.48,448.682,956.799,287.04,8.18,climate-v1.0,True,SCENARIO,sakay_gtfs_master_historic|doe_luzon_generation_2024|route2zero_climate_scenario_v1,0.7181,0.7181,0.55,0.35,300,0.3,0.5,0.7
LTFRB_PUJ2241,10216.32,10248.722,service-v1-266e0b1d,True,10216.32,historic_gtfs_service_activity_proxy,DERIVED,False,3064.896,510.816,3575.712,1368.987,2567.719,-1198.732,-359.62,5108.16,1021.632,4256.8,2737.974,2341.24,396.734,119.02,7151.424,1787.856,4370.315,4791.454,1529.61,3261.844,978.553,30.91,climate-v1.0,True,SCENARIO,sakay_gtfs_master_historic|doe_luzon_generation_2024|route2zero_climate_scenario_v1,0.7181,0.7181,0.55,0.35,300,0.3,0.5,0.7
LTFRB_PUJ2242,10313.22,10155.545,service-v1-266e0b1d,True,10313.22,historic_gtfs_service_activity_proxy,DERIVED,False,3093.966,515.661,3609.627,1381.971,2592.073,-1210.102,-363.031,5156.61,1031.322,4297.175,2763.943,2363.446,400.497,120.149,7219.254,1804.813,4411.766,4836.9,1544.118,3292.782,987.835,31.21,climate-v1.0,True,SCENARIO,sakay_gtfs_master_historic|doe_luzon_generation_2024|route2zero_climate_scenario_v1,0.7181,0.7181,0.55,0.35,300,0.3,0.5,0.7
LTFRB_PUJ2243,11424.0,11927.793,service-v1-266e0b1d,True,11424.0,historic_gtfs_service_activity_proxy,DERIVED,False,3427.2,571.2,3998.4,1530.816,2871.251,-1340.435,-402.131,5712.0,1142.4,4760.0,3061.632,2618.0,443.632,133.09,7996.8,1999.2,4886.933,5357.856,1710.427,3647.429,1094.229,34.71,climate-v1.0,True,SCENARIO,sakay_gtfs_master_historic|doe_luzon_generation_2024|route2zero_climate_scenario_v1,0.7181,0.7181,0.55,0.35,300,0.3,0.5,0.7
LTFRB_PUJ2244,10126.56,10164.248,service-v1-266e0b1d,True,10126.56,historic_gtfs_service_activity_proxy,DERIVED,False,3037.968,506.328,3544.296,1356.959,2545.159,-1188.2,-356.46,5063.28,1012.656,4219.4,2713.918,2320.67,393.248,117.974,7088.592,1772.148,4331.917,4749.357,1516.171,3233.186,969.956,30.62,climate-v1.0,True,SCENARIO,sakay_gtfs_master_historic|doe_luzon_generation_2024|route2zero_climate_scenario_v1,0.7181,0.7181,0.55,0.35,300,0.3,0.5,0.7
LTFRB_PUJ2245,10714.08,10775.867,service-v1-266e0b1d,True,10714.08,historic_gtfs_service_activity_proxy,DERIVED,False,3214.224,535.704,3749.928,1435.687,2692.823,-1257.137,-377.141,5357.04,1071.408,4464.2,2871.373,2455.31,416.063,124.819,7499.856,1874.964,4583.245,5024.904,1604.136,3420.768,1026.23,32.47,climate-v1.0,True,SCENARIO,sakay_gtfs_master_historic|doe_luzon_generation_2024|route2zero_climate_scenario_v1,0.7181,0.7181,0.55,0.35,300,0.3,0.5,0.7
LTFRB_PUJ2246,8979.060000000001,8713.574,service-v1-266e0b1d,True,8979.060000000001,historic_gtfs_service_activity_proxy,DERIVED,False,2693.718,448.953,3142.671,1203.194,2256.752,-1053.558,-316.067,4489.53,897.906,3741.275,2406.388,2057.701,348.687,104.606,6285.342,1571.336,3841.042,4211.179,1344.365,2866.814,860.044,27.01,climate-v1.0,True,SCENARIO,sakay_gtfs_master_historic|doe_luzon_generation_2024|route2zero_climate_scenario_v1,0.7181,0.7181,0.55,0.35,300,0.3,0.5,0.7
LTFRB_PUJ2247,1447.38,1422.408,service-v1-266e0b1d,True,1447.38,historic_gtfs_service_activity_proxy,DERIVED,False,434.214,72.369,506.583,193.949,363.777,-169.828,-50.948,723.69,144.738,603.075,387.898,331.691,56.207,16.862,1013.166,253.292,619.157,678.821,216.705,462.116,138.635,3.3,climate-v1.0,True,SCENARIO,sakay_gtfs_master_historic|doe_luzon_generation_2024|route2zero_climate_scenario_v1,0.7181,0.7181,0.55,0.35,300,0.3,0.5,0.7
LTFRB_PUJ2248,1449.42,1328.45,service-v1-266e0b1d,True,1449.42,historic_gtfs_service_activity_proxy,DERIVED,False,434.826,72.471,507.297,194.222,364.29,-170.068,-51.02,724.71,144.942,603.925,388.445,332.159,56.286,16.886,1014.594,253.648,620.03,679.778,217.01,462.768,138.83,3.3,climate-v1.0,True,SCENARIO,sakay_gtfs_master_historic|doe_luzon_generation_2024|route2zero_climate_scenario_v1,0.7181,0.7181,0.55,0.35,300,0.3,0.5,0.7
LTFRB_PUJ2249,6661.62,6719.398,service-v1-266e0b1d,True,6661.62,historic_gtfs_service_activity_proxy,DERIVED,False,1998.486,333.081,2331.567,892.657,1674.298,-781.641,-234.492,3330.81,666.162,2775.675,1785.314,1526.621,258.693,77.608,4663.134,1165.784,2849.693,3124.3,997.393,2126.907,638.072,19.71,climate-v1.0,True,SCENARIO,sakay_gtfs_master_historic|doe_luzon_generation_2024|route2zero_climate_scenario_v1,0.7181,0.7181,0.55,0.35,300,0.3,0.5,0.7
LTFRB_PUJ2250,5486.58,5415.732,service-v1-266e0b1d,True,5486.58,historic_gtfs_service_activity_proxy,DERIVED,False,1645.974,274.329,1920.303,735.202,1378.97,-643.768,-193.13,2743.29,548.658,2286.075,1470.403,1257.341,213.062,63.919,3840.606,960.152,2347.037,2573.206,821.463,1751.743,525.523,16.01,climate-v1.0,True,SCENARIO,sakay_gtfs_master_historic|doe_luzon_generation_2024|route2zero_climate_scenario_v1,0.7181,0.7181,0.55,0.35,300,0.3,0.5,0.7
LTFRB_PUJ2251,7101.24,7027.098,service-v1-266e0b1d,True,7101.24,historic_gtfs_service_activity_proxy,DERIVED,False,2130.372,355.062,2485.434,951.566,1784.79,-833.224,-249.967,3550.62,710.124,2958.85,1903.132,1627.368,275.765,82.729,4970.868,1242.717,3037.753,3330.482,1063.213,2267.268,680.18,21.1,climate-v1.0,True,SCENARIO,sakay_gtfs_master_historic|doe_luzon_generation_2024|route2zero_climate_scenario_v1,0.7181,0.7181,0.55,0.35,300,0.3,0.5,0.7
LTFRB_PUJ2252,7160.4,7288.128,service-v1-266e0b1d,True,7160.4,historic_gtfs_service_activity_proxy,DERIVED,False,2148.12,358.02,2506.14,959.494,1799.659,-840.166,-252.05,3580.2,716.04,2983.5,1918.987,1640.925,278.062,83.419,5012.28,1253.07,3063.06,3358.228,1072.071,2286.157,685.847,21.28,climate-v1.0,True,SCENARIO,sakay_gtfs_master_historic|doe_luzon_generation_2024|route2zero_climate_scenario_v1,0.7181,0.7181,0.55,0.35,300,0.3,0.5,0.7
LTFRB_PUJ2253,10121.46,10038.93,service-v1-266e0b1d,True,10121.46,historic_gtfs_service_activity_proxy,DERIVED,False,3036.438,506.073,3542.511,1356.276,2543.877,-1187.602,-356.28,5060.73,1012.146,4217.275,2712.551,2319.501,393.05,117.915,7085.022,1771.255,4329.736,4746.965,1515.407,3231.557,969.467,30.61,climate-v1.0,True,SCENARIO,sakay_gtfs_master_historic|doe_luzon_generation_2024|route2zero_climate_scenario_v1,0.7181,0.7181,0.55,0.35,300,0.3,0.5,0.7
LTFRB_PUJ2254,10527.42,10412.487,service-v1-266e0b1d,True,10527.42,historic_gtfs_service_activity_proxy,DERIVED,False,3158.226,526.371,3684.597,1410.674,2645.909,-1235.235,-370.57,5263.71,1052.742,4386.425,2821.349,2412.534,408.815,122.644,7369.194,1842.298,4503.396,4937.36,1576.189,3361.171,1008.351,31.88,climate-v1.0,True,SCENARIO,sakay_gtfs_master_historic|doe_luzon_generation_2024|route2zero_climate_scenario_v1,0.7181,0.7181,0.55,0.35,300,0.3,0.5,0.7
LTFRB_PUJ2255,13213.08,13572.228,service-v1-266e0b1d,True,13213.08,historic_gtfs_service_activity_proxy,DERIVED,False,3963.924,660.654,4624.578,1770.553,3320.909,-1550.357,-465.107,6606.54,1321.308,5505.45,3541.105,3027.998,513.108,153.932,9249.156,2312.289,5652.262,6196.935,1978.292,4218.643,1265.593,40.34,climate-v1.0,True,SCENARIO,sakay_gtfs_master_historic|doe_luzon_generation_2024|route2zero_climate_scenario_v1,0.7181,0.7181,0.55,0.35,300,0.3,0.5,0.7
LTFRB_PUJ2256,13442.58,13267.577,service-v1-266e0b1d,True,13442.58,historic_gtfs_service_activity_proxy,DERIVED,False,4032.774,672.129,4704.903,1801.306,3378.591,-1577.285,-473.186,6721.29,1344.258,5601.075,3602.611,3080.591,522.02,156.606,9409.806,2352.451,5750.437,6304.57,2012.653,4291.917,1287.575,41.06,climate-v1.0,True,SCENARIO,sakay_gtfs_master_historic|doe_luzon_generation_2024|route2zero_climate_scenario_v1,0.7181,0.7181,0.55,0.35,300,0.3,0.5,0.7
LTFRB_PUJ2257,13467.06,13866.332,service-v1-266e0b1d,True,13467.06,historic_gtfs_service_activity_proxy,DERIVED,False,4040.118,673.353,4713.471,1804.586,3384.744,-1580.157,-474.047,6733.53,1346.706,5611.275,3609.172,3086.201,522.971,156.891,9426.942,2356.736,5760.909,6316.051,2016.318,4299.733,1289.92,41.14,climate-v1.0,True,SCENARIO,sakay_gtfs_master_historic|doe_luzon_generation_2024|route2zero_climate_scenario_v1,0.7181,0.7181,0.55,0.35,300,0.3,0.5,0.7
LTFRB_PUJ2258,13684.32,13790.489,service-v1-266e0b1d,True,13684.32,historic_gtfs_service_activity_proxy,DERIVED,False,4105.296,684.216,4789.512,1833.699,3439.349,-1605.65,-481.695,6842.16,1368.432,5701.8,3667.398,3135.99,531.408,159.422,9579.024,2394.756,5853.848,6417.946,2048.847,4369.099,1310.73,41.82,climate-v1.0,True,SCENARIO,sakay_gtfs_master_historic|doe_luzon_generation_2024|route2zero_climate_scenario_v1,0.7181,0.7181,0.55,0.35,300,0.3,0.5,0.7
LTFRB_PUJ2259,9463.56,9570.112,service-v1-266e0b1d,True,9463.56,historic_gtfs_service_activity_proxy,DERIVED,False,2839.068,473.178,3312.246,1268.117,2378.524,-1110.407,-333.122,4731.78,946.356,3943.15,2536.234,2168.732,367.502,110.25,6624.492,1656.123,4048.301,4438.41,1416.905,3021.504,906.451,28.54,climate-v1.0,True,SCENARIO,sakay_gtfs_master_historic|doe_luzon_generation_2024|route2zero_climate_scenario_v1,0.7181,0.7181,0.55,0.35,300,0.3,0.5,0.7
LTFRB_PUJ2260,5881.32,5905.908,service-v1-266e0b1d,True,5881.32,historic_gtfs_service_activity_proxy,DERIVED,False,1764.396,294.066,2058.462,788.097,1478.182,-690.085,-207.025,2940.66,588.132,2450.55,1576.194,1347.802,228.391,68.517,4116.924,1029.231,2515.898,2758.339,880.564,1877.775,563.332,17.26,climate-v1.0,True,SCENARIO,sakay_gtfs_master_historic|doe_luzon_generation_2024|route2zero_climate_scenario_v1,0.7181,0.7181,0.55,0.35,300,0.3,0.5,0.7
LTFRB_PUJ2261,17873.46,17759.311,service-v1-266e0b1d,True,17873.46,historic_gtfs_service_activity_proxy,DERIVED,False,5362.038,893.673,6255.711,2395.044,4492.226,-2097.182,-629.155,8936.73,1787.346,7447.275,4790.087,4096.001,694.086,208.226,12511.422,3127.855,7645.869,8382.653,2676.054,5706.599,1711.98,55.01,climate-v1.0,True,SCENARIO,sakay_gtfs_master_historic|doe_luzon_generation_2024|route2zero_climate_scenario_v1,0.7181,0.7181,0.55,0.35,300,0.3,0.5,0.7
LTFRB_PUJ2262,17845.92,17630.039,service-v1-266e0b1d,True,17845.92,historic_gtfs_service_activity_proxy,DERIVED,False,5353.776,892.296,6246.072,2391.353,4485.304,-2093.951,-628.185,8922.96,1784.592,7435.8,4782.707,4089.69,693.017,207.905,12492.144,3123.036,7634.088,8369.736,2671.931,5697.806,1709.342,54.93,climate-v1.0,True,SCENARIO,sakay_gtfs_master_historic|doe_luzon_generation_2024|route2zero_climate_scenario_v1,0.7181,0.7181,0.55,0.35,300,0.3,0.5,0.7
LTFRB_PUJ2263,2028.78,1973.524,service-v1-266e0b1d,True,2028.78,historic_gtfs_service_activity_proxy,DERIVED,False,608.634,101.439,710.073,271.857,509.903,-238.047,-71.414,1014.39,202.878,845.325,543.713,464.929,78.784,23.635,1420.146,355.036,867.867,951.498,303.753,647.744,194.323,5.13,climate-v1.0,True,SCENARIO,sakay_gtfs_master_historic|doe_luzon_generation_2024|route2zero_climate_scenario_v1,0.7181,0.7181,0.55,0.35,300,0.3,0.5,0.7
LTFRB_PUJ2264,2069.58,2006.571,service-v1-266e0b1d,True,2069.58,historic_gtfs_service_activity_proxy,DERIVED,False,620.874,103.479,724.353,277.324,520.158,-242.834,-72.85,1034.79,206.958,862.325,554.647,474.279,80.369,24.111,1448.706,362.176,885.32,970.633,309.862,660.771,198.231,5.26,climate-v1.0,True,SCENARIO,sakay_gtfs_master_historic|doe_luzon_generation_2024|route2zero_climate_scenario_v1,0.7181,0.7181,0.55,0.35,300,0.3,0.5,0.7
LTFRB_PUJ2265,3103.86,3168.279,service-v1-266e0b1d,True,3103.86,historic_gtfs_service_activity_proxy,DERIVED,False,931.158,155.193,1086.351,415.917,780.109,-364.191,-109.257,1551.93,310.386,1293.275,831.834,711.301,120.533,36.16,2172.702,543.176,1327.762,1455.71,464.717,990.994,297.298,8.51,climate-v1.0,True,SCENARIO,sakay_gtfs_master_historic|doe_luzon_generation_2024|route2zero_climate_scenario_v1,0.7181,0.7181,0.55,0.35,300,0.3,0.5,0.7
LTFRB_PUJ2266,1585.0800000000002,1612.644,service-v1-266e0b1d,True,1585.0800000000002,historic_gtfs_service_activity_proxy,DERIVED,False,475.524,79.254,554.778,212.401,398.386,-185.985,-55.796,792.54,158.508,660.45,424.801,363.248,61.554,18.466,1109.556,277.389,678.062,743.403,237.322,506.081,151.824,3.73,climate-v1.0,True,SCENARIO,sakay_gtfs_master_historic|doe_luzon_generation_2024|route2zero_climate_scenario_v1,0.7181,0.7181,0.55,0.35,300,0.3,0.5,0.7
LTFRB_PUJ2267,4669.56,4609.825,service-v1-266e0b1d,True,4669.56,historic_gtfs_service_activity_proxy,DERIVED,False,1400.868,233.478,1634.346,625.721,1173.624,-547.903,-164.371,2334.78,466.956,1945.65,1251.442,1070.108,181.335,54.4,3268.692,817.173,1997.534,2190.024,699.137,1490.887,447.266,13.44,climate-v1.0,True,SCENARIO,sakay_gtfs_master_historic|doe_luzon_generation_2024|route2zero_climate_scenario_v1,0.7181,0.7181,0.55,0.35,300,0.3,0.5,0.7
LTFRB_PUJ2268,3860.7,3826.085,service-v1-266e0b1d,True,3860.7,historic_gtfs_service_activity_proxy,DERIVED,False,1158.21,193.035,1351.245,517.334,970.329,-452.995,-135.899,1930.35,386.07,1608.625,1034.668,884.744,149.924,44.977,2702.49,675.622,1651.522,1810.668,578.033,1232.636,369.791,10.9,climate-v1.0,True,SCENARIO,sakay_gtfs_master_historic|doe_luzon_generation_2024|route2zero_climate_scenario_v1,0.7181,0.7181,0.55,0.35,300,0.3,0.5,0.7
LTFRB_PUJ2269,8677.14,8942.447,service-v1-266e0b1d,True,8677.14,historic_gtfs_service_activity_proxy,DERIVED,False,2603.142,433.857,3036.999,1162.737,2180.869,-1018.132,-305.44,4338.57,867.714,3615.475,2325.474,1988.511,336.962,101.089,6073.998,1518.5,3711.888,4069.579,1299.161,2770.418,831.125,26.06,climate-v1.0,True,SCENARIO,sakay_gtfs_master_historic|doe_luzon_generation_2024|route2zero_climate_scenario_v1,0.7181,0.7181,0.55,0.35,300,0.3,0.5,0.7
LTFRB_PUJ2270,9234.06,9308.774,service-v1-266e0b1d,True,9234.06,historic_gtfs_service_activity_proxy,DERIVED,False,2770.218,461.703,3231.921,1237.364,2320.842,-1083.478,-325.044,4617.03,923.406,3847.525,2474.728,2116.139,358.589,107.577,6463.842,1615.96,3950.126,4330.774,1382.544,2948.23,884.469,27.81,climate-v1.0,True,SCENARIO,sakay_gtfs_master_historic|doe_luzon_generation_2024|route2zero_climate_scenario_v1,0.7181,0.7181,0.55,0.35,300,0.3,0.5,0.7
LTFRB_PUJ2271,7731.6,7518.457,service-v1-266e0b1d,True,7731.6,historic_gtfs_service_activity_proxy,DERIVED,False,2319.48,386.58,2706.06,1036.034,1943.222,-907.187,-272.156,3865.8,773.16,3221.5,2072.069,1771.825,300.244,90.073,5412.12,1353.03,3307.407,3626.12,1157.592,2468.528,740.558,23.08,climate-v1.0,True,SCENARIO,sakay_gtfs_master_historic|doe_luzon_generation_2024|route2zero_climate_scenario_v1,0.7181,0.7181,0.55,0.35,300,0.3,0.5,0.7
LTFRB_PUJ2272,7101.24,6844.349,service-v1-266e0b1d,True,7101.24,historic_gtfs_service_activity_proxy,DERIVED,False,2130.372,355.062,2485.434,951.566,1784.79,-833.224,-249.967,3550.62,710.124,2958.85,1903.132,1627.368,275.765,82.729,4970.868,1242.717,3037.753,3330.482,1063.213,2267.268,680.18,21.1,climate-v1.0,True,SCENARIO,sakay_gtfs_master_historic|doe_luzon_generation_2024|route2zero_climate_scenario_v1,0.7181,0.7181,0.55,0.35,300,0.3,0.5,0.7
LTFRB_PUJ2273,1344.36,1289.11,service-v1-266e0b1d,True,1344.36,historic_gtfs_service_activity_proxy,DERIVED,False,403.308,67.218,470.526,180.144,337.885,-157.74,-47.322,672.18,134.436,560.15,360.288,308.083,52.206,15.662,941.052,235.263,575.087,630.505,201.281,429.224,128.767,2.97,climate-v1.0,True,SCENARIO,sakay_gtfs_master_historic|doe_luzon_generation_2024|route2zero_climate_scenario_v1,0.7181,0.7181,0.55,0.35,300,0.3,0.5,0.7
LTFRB_PUJ2274,7218.54,7293.307,service-v1-266e0b1d,True,7218.54,historic_gtfs_service_activity_proxy,DERIVED,False,2165.562,360.927,2526.489,967.284,1814.272,-846.987,-254.096,3609.27,721.854,3007.725,1934.569,1654.249,280.32,84.096,5052.978,1263.244,3087.931,3385.495,1080.776,2304.719,691.416,21.47,climate-v1.0,True,SCENARIO,sakay_gtfs_master_historic|doe_luzon_generation_2024|route2zero_climate_scenario_v1,0.7181,0.7181,0.55,0.35,300,0.3,0.5,0.7
LTFRB_PUJ2275,1051.62,1022.811,service-v1-266e0b1d,True,1051.62,historic_gtfs_service_activity_proxy,DERIVED,False,315.486,52.581,368.067,140.917,264.309,-123.392,-37.018,525.81,105.162,438.175,281.834,240.996,40.838,12.251,736.134,184.033,449.86,493.21,157.451,335.759,100.728,2.05,climate-v1.0,True,SCENARIO,sakay_gtfs_master_historic|doe_luzon_generation_2024|route2zero_climate_scenario_v1,0.7181,0.7181,0.55,0.35,300,0.3,0.5,0.7
LTFRB_PUJ2276,7474.56,7317.438,service-v1-266e0b1d,True,7474.56,historic_gtfs_service_activity_proxy,DERIVED,False,2242.368,373.728,2616.096,1001.591,1878.619,-877.027,-263.108,3737.28,747.456,3114.4,2003.182,1712.92,290.262,87.079,5232.192,1308.048,3197.451,3505.569,1119.108,2386.461,715.938,22.27,climate-v1.0,True,SCENARIO,sakay_gtfs_master_historic|doe_luzon_generation_2024|route2zero_climate_scenario_v1,0.7181,0.7181,0.55,0.35,300,0.3,0.5,0.7
LTFRB_PUJ2277,11625.96,11880.824,service-v1-266e0b1d,True,11625.96,historic_gtfs_service_activity_proxy,DERIVED,False,3487.788,581.298,4069.086,1557.879,2922.011,-1364.132,-409.24,5812.98,1162.596,4844.15,3115.757,2664.282,451.475,135.442,8138.172,2034.543,4973.327,5452.575,1740.665,3711.911,1113.573,35.34,climate-v1.0,True,SCENARIO,sakay_gtfs_master_historic|doe_luzon_generation_2024|route2zero_climate_scenario_v1,0.7181,0.7181,0.55,0.35,300,0.3,0.5,0.7
LTFRB_PUJ2278,1053.66,992.105,service-v1-266e0b1d,True,1053.66,historic_gtfs_service_activity_proxy,DERIVED,False,316.098,52.683,368.781,141.19,264.822,-123.631,-37.089,526.83,105.366,439.025,282.381,241.464,40.917,12.275,737.562,184.39,450.732,494.167,157.756,336.41,100.923,2.06,climate-v1.0,True,SCENARIO,sakay_gtfs_master_historic|doe_luzon_generation_2024|route2zero_climate_scenario_v1,0.7181,0.7181,0.55,0.35,300,0.3,0.5,0.7
LTFRB_PUJ2279,9597.18,9556.173,service-v1-266e0b1d,True,9597.18,historic_gtfs_service_activity_proxy,DERIVED,False,2879.154,479.859,3359.013,1286.022,2412.107,-1126.085,-337.826,4798.59,959.718,3998.825,2572.044,2199.354,372.69,111.807,6718.026,1679.506,4105.46,4501.077,1436.911,3064.166,919.25,28.96,climate-v1.0,True,SCENARIO,sakay_gtfs_master_historic|doe_luzon_generation_2024|route2zero_climate_scenario_v1,0.7181,0.7181,0.55,0.35,300,0.3,0.5,0.7
LTFRB_PUJ2280,5790.54,5734.463,service-v1-266e0b1d,True,5790.54,historic_gtfs_service_activity_proxy,DERIVED,False,1737.162,289.527,2026.689,775.932,1455.365,-679.433,-203.83,2895.27,579.054,2412.725,1551.865,1326.999,224.866,67.46,4053.378,1013.344,2477.064,2715.763,866.973,1848.791,554.637,16.97,climate-v1.0,True,SCENARIO,sakay_gtfs_master_historic|doe_luzon_generation_2024|route2zero_climate_scenario_v1,0.7181,0.7181,0.55,0.35,300,0.3,0.5,0.7
LTFRB_PUJ2281,2903.94,2820.423,service-v1-266e0b1d,True,2903.94,historic_gtfs_service_activity_proxy,DERIVED,False,871.182,145.197,1016.379,389.128,729.862,-340.734,-102.22,1451.97,290.394,1209.975,778.256,665.486,112.77,33.831,2032.758,508.189,1242.241,1361.948,434.784,927.164,278.149,7.88,climate-v1.0,True,SCENARIO,sakay_gtfs_master_historic|doe_luzon_generation_2024|route2zero_climate_scenario_v1,0.7181,0.7181,0.55,0.35,300,0.3,0.5,0.7
LTFRB_PUJ2282,2483.7000000000003,2470.593,service-v1-266e0b1d,True,2483.7000000000003,historic_gtfs_service_activity_proxy,DERIVED,False,745.11,124.185,869.295,332.816,624.241,-291.425,-87.427,1241.85,248.37,1034.875,665.632,569.181,96.45,28.935,1738.59,434.648,1062.472,1164.855,371.865,792.99,237.897,6.56,climate-v1.0,True,SCENARIO,sakay_gtfs_master_historic|doe_luzon_generation_2024|route2zero_climate_scenario_v1,0.7181,0.7181,0.55,0.35,300,0.3,0.5,0.7
LTFRB_PUJ2283,1435.14,1467.284,service-v1-266e0b1d,True,1435.14,historic_gtfs_service_activity_proxy,DERIVED,False,430.542,71.757,502.299,192.309,360.701,-168.392,-50.518,717.57,143.514,597.975,384.618,328.886,55.731,16.719,1004.598,251.15,613.921,673.081,214.872,458.208,137.462,3.26,climate-v1.0,True,SCENARIO,sakay_gtfs_master_historic|doe_luzon_generation_2024|route2zero_climate_scenario_v1,0.7181,0.7181,0.55,0.35,300,0.3,0.5,0.7
LTFRB_PUJ2284,4856.22,4915.776,service-v1-266e0b1d,True,4856.22,historic_gtfs_service_activity_proxy,DERIVED,False,1456.866,242.811,1699.677,650.733,1220.538,-569.805,-170.941,2428.11,485.622,2023.425,1301.467,1112.884,188.583,56.575,3399.354,849.838,2077.383,2277.567,727.084,1550.483,465.145,14.03,climate-v1.0,True,SCENARIO,sakay_gtfs_master_historic|doe_luzon_generation_2024|route2zero_climate_scenario_v1,0.7181,0.7181,0.55,0.35,300,0.3,0.5,0.7
LTFRB_PUJ2285,4026.96,4087.657,service-v1-266e0b1d,True,4026.96,historic_gtfs_service_activity_proxy,DERIVED,False,1208.088,201.348,1409.436,539.613,1012.116,-472.503,-141.751,2013.48,402.696,1677.9,1079.225,922.845,156.38,46.914,2818.872,704.718,1722.644,1888.644,602.925,1285.719,385.716,11.42,climate-v1.0,True,SCENARIO,sakay_gtfs_master_historic|doe_luzon_generation_2024|route2zero_climate_scenario_v1,0.7181,0.7181,0.55,0.35,300,0.3,0.5,0.7
LTFRB_PUJ2286,2223.6000000000004,2289.82,service-v1-266e0b1d,True,2223.6000000000004,historic_gtfs_service_activity_proxy,DERIVED,False,667.08,111.18,778.26,297.962,558.869,-260.906,-78.272,1111.8,222.36,926.5,595.925,509.575,86.35,25.905,1556.52,389.13,951.207,1042.868,332.922,709.946,212.984,5.74,climate-v1.0,True,SCENARIO,sakay_gtfs_master_historic|doe_luzon_generation_2024|route2zero_climate_scenario_v1,0.7181,0.7181,0.55,0.35,300,0.3,0.5,0.7
LTFRB_PUJ2287,1667.7,1617.947,service-v1-266e0b1d,True,1667.7,historic_gtfs_service_activity_proxy,DERIVED,False,500.31,83.385,583.695,223.472,419.151,-195.68,-58.704,833.85,166.77,694.875,446.944,382.181,64.762,19.429,1167.39,291.847,713.405,782.151,249.692,532.46,159.738,3.99,climate-v1.0,True,SCENARIO,sakay_gtfs_master_historic|doe_luzon_generation_2024|route2zero_climate_scenario_v1,0.7181,0.7181,0.55,0.35,300,0.3,0.5,0.7
LTFRB_PUJ2288,13293.66,13197.333,service-v1-266e0b1d,True,13293.66,historic_gtfs_service_activity_proxy,DERIVED,False,3988.098,664.683,4652.781,1781.35,3341.162,-1559.812,-467.943,6646.83,1329.366,5539.025,3562.701,3046.464,516.237,154.871,9305.562,2326.39,5686.732,6234.727,1990.356,4244.37,1273.311,40.59,climate-v1.0,True,SCENARIO,sakay_gtfs_master_historic|doe_luzon_generation_2024|route2zero_climate_scenario_v1,0.7181,0.7181,0.55,0.35,300,0.3,0.5,0.7
LTFRB_PUJ2289,15353.04,15346.882,service-v1-266e0b1d,True,15353.04,historic_gtfs_service_activity_proxy,DERIVED,False,4605.912,767.652,5373.564,2057.307,3858.756,-1801.449,-540.435,7676.52,1535.304,6397.1,4114.615,3518.405,596.21,178.863,10747.128,2686.782,6567.689,7200.576,2298.691,4901.884,1470.565,47.08,climate-v1.0,True,SCENARIO,sakay_gtfs_master_historic|doe_luzon_generation_2024|route2zero_climate_scenario_v1,0.7181,0.7181,0.55,0.35,300,0.3,0.5,0.7
LTFRB_PUJ2290,12772.44,13014.711,service-v1-266e0b1d,True,12772.44,historic_gtfs_service_activity_proxy,DERIVED,False,3831.732,638.622,4470.354,1711.507,3210.161,-1498.654,-449.596,6386.22,1277.244,5321.85,3423.014,2927.018,495.996,148.799,8940.708,2235.177,5463.766,5990.274,1912.318,4077.956,1223.387,38.95,climate-v1.0,True,SCENARIO,sakay_gtfs_master_historic|doe_luzon_generation_2024|route2zero_climate_scenario_v1,0.7181,0.7181,0.55,0.35,300,0.3,0.5,0.7
LTFRB_PUJ2293,8412.96,8494.696,service-v1-266e0b1d,True,8412.96,historic_gtfs_service_activity_proxy,DERIVED,False,2523.888,420.648,2944.536,1127.337,2114.471,-987.135,-296.14,4206.48,841.296,3505.4,2254.673,1927.97,326.703,98.011,5889.072,1472.268,3598.877,3945.678,1259.607,2686.071,805.821,25.23,climate-v1.0,True,SCENARIO,sakay_gtfs_master_historic|doe_luzon_generation_2024|route2zero_climate_scenario_v1,0.7181,0.7181,0.55,0.35,300,0.3,0.5,0.7
LTFRB_PUJ2294,12683.7,12711.943,service-v1-266e0b1d,True,12683.7,historic_gtfs_service_activity_proxy,DERIVED,False,3805.11,634.185,4439.295,1699.616,3187.858,-1488.242,-446.473,6341.85,1268.37,5284.875,3399.232,2906.681,492.55,147.765,8878.59,2219.648,5425.805,5948.655,1899.032,4049.624,1214.887,38.67,climate-v1.0,True,SCENARIO,sakay_gtfs_master_historic|doe_luzon_generation_2024|route2zero_climate_scenario_v1,0.7181,0.7181,0.55,0.35,300,0.3,0.5,0.7
LTFRB_PUJ2295,12905.04,12751.924,service-v1-266e0b1d,True,12905.04,historic_gtfs_service_activity_proxy,DERIVED,False,3871.512,645.252,4516.764,1729.275,3243.488,-1514.213,-454.264,6452.52,1290.504,5377.1,3458.551,2957.405,501.146,150.344,9033.528,2258.382,5520.489,6052.464,1932.171,4120.292,1236.088,39.37,climate-v1.0,True,SCENARIO,sakay_gtfs_master_historic|doe_luzon_generation_2024|route2zero_climate_scenario_v1,0.7181,0.7181,0.55,0.35,300,0.3,0.5,0.7
LTFRB_PUJ2296,10036.8,10123.627,service-v1-266e0b1d,True,10036.8,historic_gtfs_service_activity_proxy,DERIVED,False,3011.04,501.84,3512.88,1344.931,2522.599,-1177.668,-353.3,5018.4,1003.68,4182.0,2689.862,2300.1,389.762,116.929,7025.76,1756.44,4293.52,4707.259,1502.732,3204.527,961.358,30.34,climate-v1.0,True,SCENARIO,sakay_gtfs_master_historic|doe_luzon_generation_2024|route2zero_climate_scenario_v1,0.7181,0.7181,0.55,0.35,300,0.3,0.5,0.7
LTFRB_PUJ2297,8783.220000000001,8975.233,service-v1-266e0b1d,True,8783.220000000001,historic_gtfs_service_activity_proxy,DERIVED,False,2634.966,439.161,3074.127,1176.951,2207.531,-1030.579,-309.174,4391.61,878.322,3659.675,2353.903,2012.821,341.082,102.325,6148.254,1537.064,3757.266,4119.33,1315.043,2804.287,841.286,26.39,climate-v1.0,True,SCENARIO,sakay_gtfs_master_historic|doe_luzon_generation_2024|route2zero_climate_scenario_v1,0.7181,0.7181,0.55,0.35,300,0.3,0.5,0.7
LTFRB_PUJ2298,867.0,913.523,service-v1-266e0b1d,True,867.0,historic_gtfs_service_activity_proxy,DERIVED,False,260.1,43.35,303.45,116.178,217.907,-101.729,-30.519,433.5,86.7,361.25,232.356,198.688,33.668,10.101,606.9,151.725,370.883,406.623,129.809,276.814,83.044,1.47,climate-v1.0,True,SCENARIO,sakay_gtfs_master_historic|doe_luzon_generation_2024|route2zero_climate_scenario_v1,0.7181,0.7181,0.55,0.35,300,0.3,0.5,0.7
LTFRB_PUJ2299,868.02,889.198,service-v1-266e0b1d,True,868.02,historic_gtfs_service_activity_proxy,DERIVED,False,260.406,43.401,303.807,116.315,218.164,-101.849,-30.555,434.01,86.802,361.675,232.629,198.921,33.708,10.112,607.614,151.903,371.32,407.101,129.962,277.139,83.142,1.47,climate-v1.0,True,SCENARIO,sakay_gtfs_master_historic|doe_luzon_generation_2024|route2zero_climate_scenario_v1,0.7181,0.7181,0.55,0.35,300,0.3,0.5,0.7
LTFRB_PUJ2300,11604.54,11773.466,service-v1-266e0b1d,True,11604.54,historic_gtfs_service_activity_proxy,DERIVED,False,3481.362,580.227,4061.589,1555.008,2916.627,-1361.619,-408.486,5802.27,1160.454,4835.225,3110.017,2659.374,450.643,135.193,8123.178,2030.794,4964.164,5442.529,1737.458,3705.072,1111.522,35.28,climate-v1.0,True,SCENARIO,sakay_gtfs_master_historic|doe_luzon_generation_2024|route2zero_climate_scenario_v1,0.7181,0.7181,0.55,0.35,300,0.3,0.5,0.7
LTFRB_PUJ2301,1476.96,1477.647,service-v1-266e0b1d,True,1476.96,historic_gtfs_service_activity_proxy,DERIVED,False,443.088,73.848,516.936,197.913,371.212,-173.299,-51.99,738.48,147.696,615.4,395.825,338.47,57.355,17.207,1033.872,258.468,631.811,692.694,221.134,471.561,141.468,3.39,climate-v1.0,True,SCENARIO,sakay_gtfs_master_historic|doe_luzon_generation_2024|route2zero_climate_scenario_v1,0.7181,0.7181,0.55,0.35,300,0.3,0.5,0.7
LTFRB_PUJ2302,9491.1,9619.136,service-v1-266e0b1d,True,9491.1,historic_gtfs_service_activity_proxy,DERIVED,False,2847.33,474.555,3321.885,1271.807,2385.446,-1113.638,-334.091,4745.55,949.11,3954.625,2543.615,2175.044,368.571,110.571,6643.77,1660.942,4060.082,4451.326,1421.029,3030.297,909.089,28.62,climate-v1.0,True,SCENARIO,sakay_gtfs_master_historic|doe_luzon_generation_2024|route2zero_climate_scenario_v1,0.7181,0.7181,0.55,0.35,300,0.3,0.5,0.7
LTFRB_PUJ2303,15441.78,15552.475,service-v1-266e0b1d,True,15441.78,historic_gtfs_service_activity_proxy,DERIVED,False,4632.534,772.089,5404.623,2069.199,3881.06,-1811.861,-543.558,7720.89,1544.178,6434.075,4138.397,3538.741,599.656,179.897,10809.246,2702.312,6605.65,7242.195,2311.978,4930.217,1479.065,47.36,climate-v1.0,True,SCENARIO,sakay_gtfs_master_historic|doe_luzon_generation_2024|route2zero_climate_scenario_v1,0.7181,0.7181,0.55,0.35,300,0.3,0.5,0.7
LTFRB_PUJ2304,14938.92,15182.852,service-v1-266e0b1d,True,14938.92,historic_gtfs_service_activity_proxy,DERIVED,False,4481.676,746.946,5228.622,2001.815,3754.673,-1752.858,-525.857,7469.46,1493.892,6224.55,4003.631,3423.503,580.128,174.038,10457.244,2614.311,6390.538,7006.353,2236.688,4769.665,1430.9,45.77,climate-v1.0,True,SCENARIO,sakay_gtfs_master_historic|doe_luzon_generation_2024|route2zero_climate_scenario_v1,0.7181,0.7181,0.55,0.35,300,0.3,0.5,0.7
LTFRB_PUJ2305,18564.0,18496.572,service-v1-266e0b1d,True,18564.0,historic_gtfs_service_activity_proxy,DERIVED,False,5569.2,928.2,6497.4,2487.576,4665.783,-2178.207,-653.462,9282.0,1856.4,7735.0,4975.152,4254.25,720.902,216.271,12994.8,3248.7,7941.267,8706.516,2779.443,5927.073,1778.122,57.19,climate-v1.0,True,SCENARIO,sakay_gtfs_master_historic|doe_luzon_generation_2024|route2zero_climate_scenario_v1,0.7181,0.7181,0.55,0.35,300,0.3,0.5,0.7
LTFRB_PUJ2306,18822.06,18598.952,service-v1-266e0b1d,True,18822.06,historic_gtfs_service_activity_proxy,DERIVED,False,5646.618,941.103,6587.721,2522.156,4730.642,-2208.486,-662.546,9411.03,1882.206,7842.525,5044.312,4313.389,730.923,219.277,13175.442,3293.86,8051.659,8827.546,2818.081,6009.465,1802.84,58.0,climate-v1.0,True,SCENARIO,sakay_gtfs_master_historic|doe_luzon_generation_2024|route2zero_climate_scenario_v1,0.7181,0.7181,0.55,0.35,300,0.3,0.5,0.7
LTFRB_PUJ2307,3915.78,3916.903,service-v1-266e0b1d,True,3915.78,historic_gtfs_service_activity_proxy,DERIVED,False,1174.734,195.789,1370.523,524.715,984.173,-459.458,-137.837,1957.89,391.578,1631.575,1049.429,897.366,152.063,45.619,2741.046,685.262,1675.084,1836.501,586.279,1250.222,375.066,11.07,climate-v1.0,True,SCENARIO,sakay_gtfs_master_historic|doe_luzon_generation_2024|route2zero_climate_scenario_v1,0.7181,0.7181,0.55,0.35,300,0.3,0.5,0.7
LTFRB_PUJ2308,3415.98,3425.554,service-v1-266e0b1d,True,3415.98,historic_gtfs_service_activity_proxy,DERIVED,False,1024.794,170.799,1195.593,457.741,858.555,-400.814,-120.244,1707.99,341.598,1423.325,915.483,782.829,132.654,39.796,2391.186,597.796,1461.28,1602.095,511.448,1090.647,327.194,9.5,climate-v1.0,True,SCENARIO,sakay_gtfs_master_historic|doe_luzon_generation_2024|route2zero_climate_scenario_v1,0.7181,0.7181,0.55,0.35,300,0.3,0.5,0.7
LTFRB_PUJ2309,6552.4800000000005,6609.876,service-v1-266e0b1d,True,6552.4800000000005,historic_gtfs_service_activity_proxy,DERIVED,False,1965.744,327.624,2293.368,878.032,1646.868,-768.835,-230.651,3276.24,655.248,2730.2,1756.065,1501.61,254.455,76.336,4586.736,1146.684,2803.005,3073.113,981.052,2092.061,627.618,19.37,climate-v1.0,True,SCENARIO,sakay_gtfs_master_historic|doe_luzon_generation_2024|route2zero_climate_scenario_v1,0.7181,0.7181,0.55,0.35,300,0.3,0.5,0.7
LTFRB_PUJ2310,7020.66,6952.422,service-v1-266e0b1d,True,7020.66,historic_gtfs_service_activity_proxy,DERIVED,False,2106.198,351.033,2457.231,940.768,1764.538,-823.769,-247.131,3510.33,702.066,2925.275,1881.537,1608.901,272.636,81.791,4914.462,1228.616,3003.282,3292.69,1051.149,2241.541,672.462,20.84,climate-v1.0,True,SCENARIO,sakay_gtfs_master_historic|doe_luzon_generation_2024|route2zero_climate_scenario_v1,0.7181,0.7181,0.55,0.35,300,0.3,0.5,0.7
LTFRB_PUJ2311,1782.96,1751.071,service-v1-266e0b1d,True,1782.96,historic_gtfs_service_activity_proxy,DERIVED,False,534.888,89.148,624.036,238.917,448.12,-209.204,-62.761,891.48,178.296,742.9,477.833,408.595,69.238,20.771,1248.072,312.018,762.711,836.208,266.949,569.26,170.778,4.35,climate-v1.0,True,SCENARIO,sakay_gtfs_master_historic|doe_luzon_generation_2024|route2zero_climate_scenario_v1,0.7181,0.7181,0.55,0.35,300,0.3,0.5,0.7
LTFRB_PUJ2312,1782.96,1751.071,service-v1-266e0b1d,True,1782.96,historic_gtfs_service_activity_proxy,DERIVED,False,534.888,89.148,624.036,238.917,448.12,-209.204,-62.761,891.48,178.296,742.9,477.833,408.595,69.238,20.771,1248.072,312.018,762.711,836.208,266.949,569.26,170.778,4.35,climate-v1.0,True,SCENARIO,sakay_gtfs_master_historic|doe_luzon_generation_2024|route2zero_climate_scenario_v1,0.7181,0.7181,0.55,0.35,300,0.3,0.5,0.7
LTFRB_PUJ2313,3216.06,3215.686,service-v1-266e0b1d,True,3216.06,historic_gtfs_service_activity_proxy,DERIVED,False,964.818,160.803,1125.621,430.952,808.308,-377.356,-113.207,1608.03,321.606,1340.025,861.904,737.014,124.89,37.467,2251.242,562.81,1375.759,1508.332,481.516,1026.816,308.045,8.87,climate-v1.0,True,SCENARIO,sakay_gtfs_master_historic|doe_luzon_generation_2024|route2zero_climate_scenario_v1,0.7181,0.7181,0.55,0.35,300,0.3,0.5,0.7
LTFRB_PUJ2314,3216.06,3215.686,service-v1-266e0b1d,True,3216.06,historic_gtfs_service_activity_proxy,DERIVED,False,964.818,160.803,1125.621,430.952,808.308,-377.356,-113.207,1608.03,321.606,1340.025,861.904,737.014,124.89,37.467,2251.242,562.81,1375.759,1508.332,481.516,1026.816,308.045,8.87,climate-v1.0,True,SCENARIO,sakay_gtfs_master_historic|doe_luzon_generation_2024|route2zero_climate_scenario_v1,0.7181,0.7181,0.55,0.35,300,0.3,0.5,0.7
LTFRB_PUJ2315,3744.42,3862.451,service-v1-266e0b1d,True,3744.42,historic_gtfs_service_activity_proxy,DERIVED,False,1123.326,187.221,1310.547,501.752,941.104,-439.352,-131.805,1872.21,374.442,1560.175,1003.505,858.096,145.408,43.622,2621.094,655.274,1601.78,1756.133,560.623,1195.51,358.653,10.53,climate-v1.0,True,SCENARIO,sakay_gtfs_master_historic|doe_luzon_generation_2024|route2zero_climate_scenario_v1,0.7181,0.7181,0.55,0.35,300,0.3,0.5,0.7
LTFRB_PUJ2316,4495.14,4470.045,service-v1-266e0b1d,True,4495.14,historic_gtfs_service_activity_proxy,DERIVED,False,1348.542,224.757,1573.299,602.349,1129.786,-527.437,-158.231,2247.57,449.514,1872.975,1204.698,1030.136,174.561,52.368,3146.598,786.65,1922.921,2108.221,673.022,1435.198,430.559,12.89,climate-v1.0,True,SCENARIO,sakay_gtfs_master_historic|doe_luzon_generation_2024|route2zero_climate_scenario_v1,0.7181,0.7181,0.55,0.35,300,0.3,0.5,0.7
LTFRB_PUJ2317,5974.14,6026.257,service-v1-266e0b1d,True,5974.14,historic_gtfs_service_activity_proxy,DERIVED,False,1792.242,298.707,2090.949,800.535,1501.51,-700.976,-210.293,2987.07,597.414,2489.225,1601.07,1369.074,231.996,69.599,4181.898,1045.474,2555.604,2801.872,894.462,1907.41,572.223,17.55,climate-v1.0,True,SCENARIO,sakay_gtfs_master_historic|doe_luzon_generation_2024|route2zero_climate_scenario_v1,0.7181,0.7181,0.55,0.35,300,0.3,0.5,0.7
LTFRB_PUJ2318,5487.599999999999,5537.197,service-v1-266e0b1d,True,5487.599999999999,historic_gtfs_service_activity_proxy,DERIVED,False,1646.28,274.38,1920.66,735.338,1379.226,-643.888,-193.166,2743.8,548.76,2286.5,1470.677,1257.575,213.102,63.931,3841.32,960.33,2347.473,2573.684,821.616,1752.069,525.621,16.02,climate-v1.0,True,SCENARIO,sakay_gtfs_master_historic|doe_luzon_generation_2024|route2zero_climate_scenario_v1,0.7181,0.7181,0.55,0.35,300,0.3,0.5,0.7
LTFRB_PUJ2319,12962.16,12998.508,service-v1-266e0b1d,True,12962.16,historic_gtfs_service_activity_proxy,DERIVED,False,3888.648,648.108,4536.756,1736.929,3257.844,-1520.915,-456.275,6481.08,1296.216,5400.9,3473.859,2970.495,503.364,151.009,9073.512,2268.378,5544.924,6079.253,1940.723,4138.53,1241.559,39.55,climate-v1.0,True,SCENARIO,sakay_gtfs_master_historic|doe_luzon_generation_2024|route2zero_climate_scenario_v1,0.7181,0.7181,0.55,0.35,300,0.3,0.5,0.7
LTFRB_PUJ2320,13072.320000000002,13005.175,service-v1-266e0b1d,True,13072.320000000002,historic_gtfs_service_activity_proxy,DERIVED,False,3921.696,653.616,4575.312,1751.691,3285.532,-1533.841,-460.152,6536.16,1307.232,5446.8,3503.382,2995.74,507.642,152.293,9150.624,2287.656,5592.048,6130.918,1957.217,4173.701,1252.11,39.9,climate-v1.0,True,SCENARIO,sakay_gtfs_master_historic|doe_luzon_generation_2024|route2zero_climate_scenario_v1,0.7181,0.7181,0.55,0.35,300,0.3,0.5,0.7
LTFRB_PUJ2321,13699.62,13790.772,service-v1-266e0b1d,True,13699.62,historic_gtfs_service_activity_proxy,DERIVED,False,4109.886,684.981,4794.867,1835.749,3443.194,-1607.445,-482.233,6849.81,1369.962,5708.175,3671.498,3139.496,532.002,159.601,9589.734,2397.434,5860.393,6425.122,2051.138,4373.984,1312.195,41.87,climate-v1.0,True,SCENARIO,sakay_gtfs_master_historic|doe_luzon_generation_2024|route2zero_climate_scenario_v1,0.7181,0.7181,0.55,0.35,300,0.3,0.5,0.7
LTFRB_PUJ2322,14488.08,14411.514,service-v1-266e0b1d,True,14488.08,historic_gtfs_service_activity_proxy,DERIVED,False,4346.424,724.404,5070.828,1941.403,3641.362,-1699.959,-509.988,7244.04,1448.808,6036.7,3882.805,3320.185,562.62,168.786,10141.656,2535.414,6197.679,6794.91,2169.188,4625.722,1387.717,44.35,climate-v1.0,True,SCENARIO,sakay_gtfs_master_historic|doe_luzon_generation_2024|route2zero_climate_scenario_v1,0.7181,0.7181,0.55,0.35,300,0.3,0.5,0.7
LTFRB_PUJ2323,20120.52,20319.047,service-v1-266e0b1d,True,20120.52,historic_gtfs_service_activity_proxy,DERIVED,False,6036.156,1006.026,7042.182,2696.15,5056.991,-2360.841,-708.252,10060.26,2012.052,8383.55,5392.299,4610.952,781.347,234.404,14084.364,3521.091,8607.111,9436.524,3012.489,6424.035,1927.21,62.09,climate-v1.0,True,SCENARIO,sakay_gtfs_master_historic|doe_luzon_generation_2024|route2zero_climate_scenario_v1,0.7181,0.7181,0.55,0.35,300,0.3,0.5,0.7
LTFRB_PUJ2324,19729.86,19538.632,service-v1-266e0b1d,True,19729.86,historic_gtfs_service_activity_proxy,DERIVED,False,5918.958,986.493,6905.451,2643.801,4958.804,-2315.003,-694.501,9864.93,1972.986,8220.775,5287.602,4521.426,766.176,229.853,13810.902,3452.726,8439.996,9253.304,2953.998,6299.306,1889.792,60.86,climate-v1.0,True,SCENARIO,sakay_gtfs_master_historic|doe_luzon_generation_2024|route2zero_climate_scenario_v1,0.7181,0.7181,0.55,0.35,300,0.3,0.5,0.7
LTFRB_PUJ2325,6838.08,6797.566,service-v1-266e0b1d,True,6838.08,historic_gtfs_service_activity_proxy,DERIVED,False,2051.424,341.904,2393.328,916.303,1718.649,-802.346,-240.704,3419.04,683.808,2849.2,1832.605,1567.06,265.545,79.664,4786.656,1196.664,2925.179,3207.06,1023.813,2183.247,654.974,20.27,climate-v1.0,True,SCENARIO,sakay_gtfs_master_historic|doe_luzon_generation_2024|route2zero_climate_scenario_v1,0.7181,0.7181,0.55,0.35,300,0.3,0.5,0.7
LTFRB_PUJ2326,6853.38,6808.535,service-v1-266e0b1d,True,6853.38,historic_gtfs_service_activity_proxy,DERIVED,False,2056.014,342.669,2398.683,918.353,1722.494,-804.141,-241.242,3426.69,685.338,2855.575,1836.706,1570.566,266.14,79.842,4797.366,1199.342,2931.724,3214.235,1026.103,2188.132,656.44,20.32,climate-v1.0,True,SCENARIO,sakay_gtfs_master_historic|doe_luzon_generation_2024|route2zero_climate_scenario_v1,0.7181,0.7181,0.55,0.35,300,0.3,0.5,0.7
LTFRB_PUJ2327,4047.36,4018.226,service-v1-266e0b1d,True,4047.36,historic_gtfs_service_activity_proxy,DERIVED,False,1214.208,202.368,1416.576,542.346,1017.243,-474.897,-142.469,2023.68,404.736,1686.4,1084.692,927.52,157.172,47.152,2833.152,708.288,1731.371,1898.212,605.98,1292.232,387.67,11.48,climate-v1.0,True,SCENARIO,sakay_gtfs_master_historic|doe_luzon_generation_2024|route2zero_climate_scenario_v1,0.7181,0.7181,0.55,0.35,300,0.3,0.5,0.7
LTFRB_PUJ2329,14899.14,14791.336,service-v1-266e0b1d,True,14899.14,historic_gtfs_service_activity_proxy,DERIVED,False,4469.742,744.957,5214.699,1996.485,3744.675,-1748.191,-524.457,7449.57,1489.914,6207.975,3992.97,3414.386,578.583,173.575,10429.398,2607.35,6373.521,6987.697,2230.732,4756.964,1427.089,45.65,climate-v1.0,True,SCENARIO,sakay_gtfs_master_historic|doe_luzon_generation_2024|route2zero_climate_scenario_v1,0.7181,0.7181,0.55,0.35,300,0.3,0.5,0.7
LTFRB_PUJ2330,15131.7,15270.89,service-v1-266e0b1d,True,15131.7,historic_gtfs_service_activity_proxy,DERIVED,False,4539.51,756.585,5296.095,2027.648,3803.126,-1775.478,-532.643,7565.85,1513.17,6304.875,4055.296,3467.681,587.614,176.284,10592.19,2648.048,6473.005,7096.767,2265.552,4831.216,1449.365,46.38,climate-v1.0,True,SCENARIO,sakay_gtfs_master_historic|doe_luzon_generation_2024|route2zero_climate_scenario_v1,0.7181,0.7181,0.55,0.35,300,0.3,0.5,0.7
LTFRB_PUJ2331,11974.8,12001.031,service-v1-266e0b1d,True,11974.8,historic_gtfs_service_activity_proxy,DERIVED,False,3592.44,598.74,4191.18,1604.623,3009.686,-1405.063,-421.519,5987.4,1197.48,4989.5,3209.246,2744.225,465.021,139.506,8382.36,2095.59,5122.553,5616.181,1792.894,3823.288,1146.986,36.44,climate-v1.0,True,SCENARIO,sakay_gtfs_master_historic|doe_luzon_generation_2024|route2zero_climate_scenario_v1,0.7181,0.7181,0.55,0.35,300,0.3,0.5,0.7
LTFRB_PUJ2332,12014.58,11964.073,service-v1-266e0b1d,True,12014.58,historic_gtfs_service_activity_proxy,DERIVED,False,3604.374,600.729,4205.103,1609.954,3019.684,-1409.731,-422.919,6007.29,1201.458,5006.075,3219.907,2753.341,466.566,139.97,8410.206,2102.552,5139.57,5634.838,1798.85,3835.988,1150.797,36.57,climate-v1.0,True,SCENARIO,sakay_gtfs_master_historic|doe_luzon_generation_2024|route2zero_climate_scenario_v1,0.7181,0.7181,0.55,0.35,300,0.3,0.5,0.7
LTFRB_PUJ2333,3099.78,3136.117,service-v1-266e0b1d,True,3099.78,historic_gtfs_service_activity_proxy,DERIVED,False,929.934,154.989,1084.923,415.371,779.083,-363.713,-109.114,1549.89,309.978,1291.575,830.741,710.366,120.375,36.112,2169.846,542.462,1326.017,1453.797,464.106,989.691,296.907,8.5,climate-v1.0,True,SCENARIO,sakay_gtfs_master_historic|doe_luzon_generation_2024|route2zero_climate_scenario_v1,0.7181,0.7181,0.55,0.35,300,0.3,0.5,0.7
LTFRB_PUJ2334,3099.78,3136.117,service-v1-266e0b1d,True,3099.78,historic_gtfs_service_activity_proxy,DERIVED,False,929.934,154.989,1084.923,415.371,779.083,-363.713,-109.114,1549.89,309.978,1291.575,830.741,710.366,120.375,36.112,2169.846,542.462,1326.017,1453.797,464.106,989.691,296.907,8.5,climate-v1.0,True,SCENARIO,sakay_gtfs_master_historic|doe_luzon_generation_2024|route2zero_climate_scenario_v1,0.7181,0.7181,0.55,0.35,300,0.3,0.5,0.7
LTFRB_PUJ2335,3410.88,3462.382,service-v1-266e0b1d,True,3410.88,historic_gtfs_service_activity_proxy,DERIVED,False,1023.264,170.544,1193.808,457.058,857.274,-400.216,-120.065,1705.44,341.088,1421.2,914.116,781.66,132.456,39.737,2387.616,596.904,1459.099,1599.703,510.685,1089.018,326.705,9.48,climate-v1.0,True,SCENARIO,sakay_gtfs_master_historic|doe_luzon_generation_2024|route2zero_climate_scenario_v1,0.7181,0.7181,0.55,0.35,300,0.3,0.5,0.7
LTFRB_PUJ2336,3476.16,3519.401,service-v1-266e0b1d,True,3476.16,historic_gtfs_service_activity_proxy,DERIVED,False,1042.848,173.808,1216.656,465.805,873.681,-407.875,-122.363,1738.08,347.616,1448.4,931.611,796.62,134.991,40.497,2433.312,608.328,1487.024,1630.319,520.458,1109.861,332.958,9.69,climate-v1.0,True,SCENARIO,sakay_gtfs_master_historic|doe_luzon_generation_2024|route2zero_climate_scenario_v1,0.7181,0.7181,0.55,0.35,300,0.3,0.5,0.7
LTFRB_PUJ2337,3526.14,3542.898,service-v1-266e0b1d,True,3526.14,historic_gtfs_service_activity_proxy,DERIVED,False,1057.842,176.307,1234.149,472.503,886.242,-413.74,-124.122,1763.07,352.614,1469.225,945.006,808.074,136.932,41.08,2468.298,617.074,1508.404,1653.76,527.942,1125.818,337.745,9.84,climate-v1.0,True,SCENARIO,sakay_gtfs_master_historic|doe_luzon_generation_2024|route2zero_climate_scenario_v1,0.7181,0.7181,0.55,0.35,300,0.3,0.5,0.7
LTFRB_PUJ2338,3481.26,3389.303,service-v1-266e0b1d,True,3481.26,historic_gtfs_service_activity_proxy,DERIVED,False,1044.378,174.063,1218.441,466.489,874.962,-408.474,-122.542,1740.63,348.126,1450.525,932.978,797.789,135.189,40.557,2436.882,609.22,1489.206,1632.711,521.222,1111.489,333.447,9.7,climate-v1.0,True,SCENARIO,sakay_gtfs_master_historic|doe_luzon_generation_2024|route2zero_climate_scenario_v1,0.7181,0.7181,0.55,0.35,300,0.3,0.5,0.7
LTFRB_PUJ2339,2422.5,2538.908,service-v1-266e0b1d,True,2422.5,historic_gtfs_service_activity_proxy,DERIVED,False,726.75,121.125,847.875,324.615,608.859,-284.244,-85.273,1211.25,242.25,1009.375,649.23,555.156,94.074,28.222,1695.75,423.938,1036.292,1136.153,362.702,773.45,232.035,6.37,climate-v1.0,True,SCENARIO,sakay_gtfs_master_historic|doe_luzon_generation_2024|route2zero_climate_scenario_v1,0.7181,0.7181,0.55,0.35,300,0.3,0.5,0.7
LTFRB_PUJ2340,2392.92,2515.913,service-v1-266e0b1d,True,2392.92,historic_gtfs_service_activity_proxy,DERIVED,False,717.876,119.646,837.522,320.651,601.425,-280.773,-84.232,1196.46,239.292,997.05,641.303,548.378,92.925,27.878,1675.044,418.761,1023.638,1122.279,358.273,764.006,229.202,6.28,climate-v1.0,True,SCENARIO,sakay_gtfs_master_historic|doe_luzon_generation_2024|route2zero_climate_scenario_v1,0.7181,0.7181,0.55,0.35,300,0.3,0.5,0.7
LTFRB_PUJ2341,14676.78,14861.915,service-v1-266e0b1d,True,14676.78,historic_gtfs_service_activity_proxy,DERIVED,False,4403.034,733.839,5136.873,1966.689,3688.789,-1722.1,-516.63,7338.39,1467.678,6115.325,3933.377,3363.429,569.948,170.984,10273.746,2568.436,6278.4,6883.41,2197.44,4685.97,1405.791,44.95,climate-v1.0,True,SCENARIO,sakay_gtfs_master_historic|doe_luzon_generation_2024|route2zero_climate_scenario_v1,0.7181,0.7181,0.55,0.35,300,0.3,0.5,0.7
LTFRB_PUJ2342,10852.8,10980.215,service-v1-266e0b1d,True,10852.8,historic_gtfs_service_activity_proxy,DERIVED,False,3255.84,542.64,3798.48,1454.275,2727.688,-1273.413,-382.024,5426.4,1085.28,4522.0,2908.55,2487.1,421.45,126.435,7596.96,1899.24,4642.587,5089.963,1624.905,3465.058,1039.517,32.91,climate-v1.0,True,SCENARIO,sakay_gtfs_master_historic|doe_luzon_generation_2024|route2zero_climate_scenario_v1,0.7181,0.7181,0.55,0.35,300,0.3,0.5,0.7
LTFRB_PUJ2343,5159.16,5227.162,service-v1-266e0b1d,True,5159.16,historic_gtfs_service_activity_proxy,DERIVED,False,1547.748,257.958,1805.706,691.327,1296.677,-605.35,-181.605,2579.58,515.916,2149.65,1382.655,1182.308,200.347,60.104,3611.412,902.853,2206.974,2419.646,772.441,1647.205,494.162,14.98,climate-v1.0,True,SCENARIO,sakay_gtfs_master_historic|doe_luzon_generation_2024|route2zero_climate_scenario_v1,0.7181,0.7181,0.55,0.35,300,0.3,0.5,0.7
LTFRB_PUJ2344,5159.16,5047.08,service-v1-266e0b1d,True,5159.16,historic_gtfs_service_activity_proxy,DERIVED,False,1547.748,257.958,1805.706,691.327,1296.677,-605.35,-181.605,2579.58,515.916,2149.65,1382.655,1182.308,200.347,60.104,3611.412,902.853,2206.974,2419.646,772.441,1647.205,494.162,14.98,climate-v1.0,True,SCENARIO,sakay_gtfs_master_historic|doe_luzon_generation_2024|route2zero_climate_scenario_v1,0.7181,0.7181,0.55,0.35,300,0.3,0.5,0.7
LTFRB_PUJ2345,21697.44,21587.36,service-v1-266e0b1d,True,21697.44,historic_gtfs_service_activity_proxy,DERIVED,False,6509.232,1084.872,7594.104,2907.457,5453.326,-2545.869,-763.761,10848.72,2169.744,9040.6,5814.914,4972.33,842.584,252.775,15188.208,3797.052,9281.683,10176.099,3248.589,6927.51,2078.253,67.05,climate-v1.0,True,SCENARIO,sakay_gtfs_master_historic|doe_luzon_generation_2024|route2zero_climate_scenario_v1,0.7181,0.7181,0.55,0.35,300,0.3,0.5,0.7
LTFRB_PUJ2346,23236.62,23125.536,service-v1-266e0b1d,True,23236.62,historic_gtfs_service_activity_proxy,DERIVED,False,6970.986,1161.831,8132.817,3113.707,5840.176,-2726.469,-817.941,11618.31,2323.662,9681.925,6227.414,5325.059,902.355,270.707,16265.634,4066.408,9940.11,10897.975,3479.038,7418.936,2225.681,71.9,climate-v1.0,True,SCENARIO,sakay_gtfs_master_historic|doe_luzon_generation_2024|route2zero_climate_scenario_v1,0.7181,0.7181,0.55,0.35,300,0.3,0.5,0.7
LTFRB_PUJ2347,5510.04,5704.028,service-v1-266e0b1d,True,5510.04,historic_gtfs_service_activity_proxy,DERIVED,False,1653.012,275.502,1928.514,738.345,1384.866,-646.521,-193.956,2755.02,551.004,2295.85,1476.691,1262.718,213.973,64.192,3857.028,964.257,2357.073,2584.209,824.975,1759.233,527.77,16.09,climate-v1.0,True,SCENARIO,sakay_gtfs_master_historic|doe_luzon_generation_2024|route2zero_climate_scenario_v1,0.7181,0.7181,0.55,0.35,300,0.3,0.5,0.7
LTFRB_PUJ2348,2909.04,2933.121,service-v1-266e0b1d,True,2909.04,historic_gtfs_service_activity_proxy,DERIVED,False,872.712,145.452,1018.164,389.811,731.144,-341.332,-102.4,1454.52,290.904,1212.1,779.623,666.655,112.968,33.89,2036.328,509.082,1244.423,1364.34,435.548,928.792,278.638,7.9,climate-v1.0,True,SCENARIO,sakay_gtfs_master_historic|doe_luzon_generation_2024|route2zero_climate_scenario_v1,0.7181,0.7181,0.55,0.35,300,0.3,0.5,0.7
LTFRB_PUJ2349,5023.5,4969.107,service-v1-266e0b1d,True,5023.5,historic_gtfs_service_activity_proxy,DERIVED,False,1507.05,251.175,1758.225,673.149,1262.581,-589.432,-176.83,2511.75,502.35,2093.125,1346.298,1151.219,195.079,58.524,3516.45,879.112,2148.942,2356.022,752.13,1603.892,481.168,14.56,climate-v1.0,True,SCENARIO,sakay_gtfs_master_historic|doe_luzon_generation_2024|route2zero_climate_scenario_v1,0.7181,0.7181,0.55,0.35,300,0.3,0.5,0.7
LTFRB_PUJ2350,5023.5,4969.107,service-v1-266e0b1d,True,5023.5,historic_gtfs_service_activity_proxy,DERIVED,False,1507.05,251.175,1758.225,673.149,1262.581,-589.432,-176.83,2511.75,502.35,2093.125,1346.298,1151.219,195.079,58.524,3516.45,879.112,2148.942,2356.022,752.13,1603.892,481.168,14.56,climate-v1.0,True,SCENARIO,sakay_gtfs_master_historic|doe_luzon_generation_2024|route2zero_climate_scenario_v1,0.7181,0.7181,0.55,0.35,300,0.3,0.5,0.7
LTFRB_PUJ2351,3492.48,3468.544,service-v1-266e0b1d,True,3492.48,historic_gtfs_service_activity_proxy,DERIVED,False,1047.744,174.624,1222.368,467.992,877.782,-409.79,-122.937,1746.24,349.248,1455.2,935.985,800.36,135.625,40.687,2444.736,611.184,1494.005,1637.973,522.902,1115.071,334.521,9.74,climate-v1.0,True,SCENARIO,sakay_gtfs_master_historic|doe_luzon_generation_2024|route2zero_climate_scenario_v1,0.7181,0.7181,0.55,0.35,300,0.3,0.5,0.7
LTFRB_PUJ2352,3492.48,3468.544,service-v1-266e0b1d,True,3492.48,historic_gtfs_service_activity_proxy,DERIVED,False,1047.744,174.624,1222.368,467.992,877.782,-409.79,-122.937,1746.24,349.248,1455.2,935.985,800.36,135.625,40.687,2444.736,611.184,1494.005,1637.973,522.902,1115.071,334.521,9.74,climate-v1.0,True,SCENARIO,sakay_gtfs_master_historic|doe_luzon_generation_2024|route2zero_climate_scenario_v1,0.7181,0.7181,0.55,0.35,300,0.3,0.5,0.7
LTFRB_PUJ2353,850.68,849.409,service-v1-266e0b1d,True,850.68,historic_gtfs_service_activity_proxy,DERIVED,False,255.204,42.534,297.738,113.991,213.806,-99.815,-29.944,425.34,85.068,354.45,227.982,194.948,33.035,9.91,595.476,148.869,363.902,398.969,127.366,271.603,81.481,1.42,climate-v1.0,True,SCENARIO,sakay_gtfs_master_historic|doe_luzon_generation_2024|route2zero_climate_scenario_v1,0.7181,0.7181,0.55,0.35,300,0.3,0.5,0.7
LTFRB_PUJ2354,850.68,849.409,service-v1-266e0b1d,True,850.68,historic_gtfs_service_activity_proxy,DERIVED,False,255.204,42.534,297.738,113.991,213.806,-99.815,-29.944,425.34,85.068,354.45,227.982,194.948,33.035,9.91,595.476,148.869,363.902,398.969,127.366,271.603,81.481,1.42,climate-v1.0,True,SCENARIO,sakay_gtfs_master_historic|doe_luzon_generation_2024|route2zero_climate_scenario_v1,0.7181,0.7181,0.55,0.35,300,0.3,0.5,0.7
LTFRB_PUJ2355,1837.02,1762.932,service-v1-266e0b1d,True,1837.02,historic_gtfs_service_activity_proxy,DERIVED,False,551.106,91.851,642.957,246.161,461.707,-215.547,-64.664,918.51,183.702,765.425,492.321,420.984,71.338,21.401,1285.914,321.478,785.836,861.562,275.043,586.52,175.956,4.52,climate-v1.0,True,SCENARIO,sakay_gtfs_master_historic|doe_luzon_generation_2024|route2zero_climate_scenario_v1,0.7181,0.7181,0.55,0.35,300,0.3,0.5,0.7
LTFRB_PUJ2356,1912.5,1897.949,service-v1-266e0b1d,True,1912.5,historic_gtfs_service_activity_proxy,DERIVED,False,573.75,95.625,669.375,256.275,480.678,-224.403,-67.321,956.25,191.25,796.875,512.55,438.281,74.269,22.281,1338.75,334.688,818.125,896.963,286.344,610.619,183.186,4.76,climate-v1.0,True,SCENARIO,sakay_gtfs_master_historic|doe_luzon_generation_2024|route2zero_climate_scenario_v1,0.7181,0.7181,0.55,0.35,300,0.3,0.5,0.7
LTFRB_PUJ2357,3523.0800000000004,3471.214,service-v1-266e0b1d,True,3523.0800000000004,historic_gtfs_service_activity_proxy,DERIVED,False,1056.924,176.154,1233.078,472.093,885.473,-413.381,-124.014,1761.54,352.308,1467.95,944.185,807.373,136.813,41.044,2466.156,616.539,1507.095,1652.325,527.483,1124.841,337.452,9.83,climate-v1.0,True,SCENARIO,sakay_gtfs_master_historic|doe_luzon_generation_2024|route2zero_climate_scenario_v1,0.7181,0.7181,0.55,0.35,300,0.3,0.5,0.7
LTFRB_PUJ2358,3552.6600000000003,3544.438,service-v1-266e0b1d,True,3552.6600000000003,historic_gtfs_service_activity_proxy,DERIVED,False,1065.798,177.633,1243.431,476.056,892.908,-416.851,-125.055,1776.33,355.266,1480.275,952.113,814.151,137.962,41.388,2486.862,621.716,1519.749,1666.198,531.912,1134.285,340.286,9.93,climate-v1.0,True,SCENARIO,sakay_gtfs_master_historic|doe_luzon_generation_2024|route2zero_climate_scenario_v1,0.7181,0.7181,0.55,0.35,300,0.3,0.5,0.7
LTFRB_PUJ2359,10874.22,10864.299,service-v1-266e0b1d,True,10874.22,historic_gtfs_service_activity_proxy,DERIVED,False,3262.266,543.711,3805.977,1457.145,2733.072,-1275.927,-382.778,5437.11,1087.422,4530.925,2914.291,2492.009,422.282,126.685,7611.954,1902.988,4651.75,5100.009,1628.112,3471.897,1041.569,32.98,climate-v1.0,True,SCENARIO,sakay_gtfs_master_historic|doe_luzon_generation_2024|route2zero_climate_scenario_v1,0.7181,0.7181,0.55,0.35,300,0.3,0.5,0.7
LTFRB_PUJ2360,12719.4,12775.019,service-v1-266e0b1d,True,12719.4,historic_gtfs_service_activity_proxy,DERIVED,False,3815.82,635.97,4451.79,1704.4,3196.83,-1492.431,-447.729,6359.7,1271.94,5299.75,3408.799,2914.862,493.937,148.181,8903.58,2225.895,5441.077,5965.399,1904.377,4061.022,1218.307,38.79,climate-v1.0,True,SCENARIO,sakay_gtfs_master_historic|doe_luzon_generation_2024|route2zero_climate_scenario_v1,0.7181,0.7181,0.55,0.35,300,0.3,0.5,0.7
LTFRB_PUJ2361,1807.44,1753.034,service-v1-266e0b1d,True,1807.44,historic_gtfs_service_activity_proxy,DERIVED,False,542.232,90.372,632.604,242.197,454.273,-212.076,-63.623,903.72,180.744,753.1,484.394,414.205,70.189,21.057,1265.208,316.302,773.183,847.689,270.614,577.075,173.123,4.43,climate-v1.0,True,SCENARIO,sakay_gtfs_master_historic|doe_luzon_generation_2024|route2zero_climate_scenario_v1,0.7181,0.7181,0.55,0.35,300,0.3,0.5,0.7
LTFRB_PUJ2362,3034.5,3109.542,service-v1-266e0b1d,True,3034.5,historic_gtfs_service_activity_proxy,DERIVED,False,910.35,151.725,1062.075,406.623,762.676,-356.053,-106.816,1517.25,303.45,1264.375,813.246,695.406,117.84,35.352,2124.15,531.038,1298.092,1423.181,454.332,968.848,290.655,8.29,climate-v1.0,True,SCENARIO,sakay_gtfs_master_historic|doe_luzon_generation_2024|route2zero_climate_scenario_v1,0.7181,0.7181,0.55,0.35,300,0.3,0.5,0.7
LTFRB_PUJ2363,3358.86,3331.574,service-v1-266e0b1d,True,3358.86,historic_gtfs_service_activity_proxy,DERIVED,False,1007.658,167.943,1175.601,450.087,844.199,-394.112,-118.234,1679.43,335.886,1399.525,900.174,769.739,130.436,39.131,2351.202,587.8,1436.846,1575.305,502.896,1072.409,321.723,9.32,climate-v1.0,True,SCENARIO,sakay_gtfs_master_historic|doe_luzon_generation_2024|route2zero_climate_scenario_v1,0.7181,0.7181,0.55,0.35,300,0.3,0.5,0.7
LTFRB_PUJ2364,3336.42,3327.328,service-v1-266e0b1d,True,3336.42,historic_gtfs_service_activity_proxy,DERIVED,False,1000.926,166.821,1167.747,447.08,838.559,-391.479,-117.444,1668.21,333.642,1390.175,894.161,764.596,129.564,38.869,2335.494,583.873,1427.246,1564.781,499.536,1065.245,319.573,9.25,climate-v1.0,True,SCENARIO,sakay_gtfs_master_historic|doe_luzon_generation_2024|route2zero_climate_scenario_v1,0.7181,0.7181,0.55,0.35,300,0.3,0.5,0.7
LTFRB_PUJ2365,4146.3,4237.616,service-v1-266e0b1d,True,4146.3,historic_gtfs_service_activity_proxy,DERIVED,False,1243.89,207.315,1451.205,555.604,1042.11,-486.506,-145.952,2073.15,414.63,1727.625,1111.208,950.194,161.015,48.304,2902.41,725.602,1773.695,1944.615,620.793,1323.821,397.146,11.8,climate-v1.0,True,SCENARIO,sakay_gtfs_master_historic|doe_luzon_generation_2024|route2zero_climate_scenario_v1,0.7181,0.7181,0.55,0.35,300,0.3,0.5,0.7
LTFRB_PUJ2366,4037.16,3940.696,service-v1-266e0b1d,True,4037.16,historic_gtfs_service_activity_proxy,DERIVED,False,1211.148,201.858,1413.006,540.979,1014.68,-473.7,-142.11,2018.58,403.716,1682.15,1081.959,925.182,156.776,47.033,2826.012,706.503,1727.007,1893.428,604.453,1288.975,386.693,11.45,climate-v1.0,True,SCENARIO,sakay_gtfs_master_historic|doe_luzon_generation_2024|route2zero_climate_scenario_v1,0.7181,0.7181,0.55,0.35,300,0.3,0.5,0.7
LTFRB_PUJ2367,14928.72,14753.482,service-v1-266e0b1d,True,14928.72,historic_gtfs_service_activity_proxy,DERIVED,False,4478.616,746.436,5225.052,2000.448,3752.11,-1751.661,-525.498,7464.36,1492.872,6220.3,4000.897,3421.165,579.732,173.92,10450.104,2612.526,6386.175,7001.57,2235.161,4766.409,1429.923,45.74,climate-v1.0,True,SCENARIO,sakay_gtfs_master_historic|doe_luzon_generation_2024|route2zero_climate_scenario_v1,0.7181,0.7181,0.55,0.35,300,0.3,0.5,0.7
LTFRB_PUJ2368,13072.320000000002,13482.678,service-v1-266e0b1d,True,13072.320000000002,historic_gtfs_service_activity_proxy,DERIVED,False,3921.696,653.616,4575.312,1751.691,3285.532,-1533.841,-460.152,6536.16,1307.232,5446.8,3503.382,2995.74,507.642,152.293,9150.624,2287.656,5592.048,6130.918,1957.217,4173.701,1252.11,39.9,climate-v1.0,True,SCENARIO,sakay_gtfs_master_historic|doe_luzon_generation_2024|route2zero_climate_scenario_v1,0.7181,0.7181,0.55,0.35,300,0.3,0.5,0.7
LTFRB_PUJ2369,16718.82,16743.284,service-v1-266e0b1d,True,16718.82,historic_gtfs_service_activity_proxy,DERIVED,False,5015.646,835.941,5851.587,2240.322,4202.025,-1961.703,-588.511,8359.41,1671.882,6966.175,4480.644,3831.396,649.248,194.774,11703.174,2925.794,7151.94,7841.127,2503.179,5337.948,1601.384,51.38,climate-v1.0,True,SCENARIO,sakay_gtfs_master_historic|doe_luzon_generation_2024|route2zero_climate_scenario_v1,0.7181,0.7181,0.55,0.35,300,0.3,0.5,0.7
LTFRB_PUJ2370,14867.52,14487.627,service-v1-266e0b1d,True,14867.52,historic_gtfs_service_activity_proxy,DERIVED,False,4460.256,743.376,5203.632,1992.248,3736.728,-1744.48,-523.344,7433.76,1486.752,6194.8,3984.495,3407.14,577.355,173.207,10407.264,2601.816,6359.995,6972.867,2225.998,4746.869,1424.061,45.55,climate-v1.0,True,SCENARIO,sakay_gtfs_master_historic|doe_luzon_generation_2024|route2zero_climate_scenario_v1,0.7181,0.7181,0.55,0.35,300,0.3,0.5,0.7
LTFRB_PUJ2371,3292.5600000000004,3220.032,service-v1-266e0b1d,True,3292.5600000000004,historic_gtfs_service_activity_proxy,DERIVED,False,987.768,164.628,1152.396,441.203,827.536,-386.333,-115.9,1646.28,329.256,1371.9,882.406,754.545,127.861,38.358,2304.792,576.198,1408.484,1544.211,492.969,1051.241,315.372,9.11,climate-v1.0,True,SCENARIO,sakay_gtfs_master_historic|doe_luzon_generation_2024|route2zero_climate_scenario_v1,0.7181,0.7181,0.55,0.35,300,0.3,0.5,0.7
LTFRB_PUJ2372,3292.5600000000004,3220.032,service-v1-266e0b1d,True,3292.5600000000004,historic_gtfs_service_activity_proxy,DERIVED,False,987.768,164.628,1152.396,441.203,827.536,-386.333,-115.9,1646.28,329.256,1371.9,882.406,754.545,127.861,38.358,2304.792,576.198,1408.484,1544.211,492.969,1051.241,315.372,9.11,climate-v1.0,True,SCENARIO,sakay_gtfs_master_historic|doe_luzon_generation_2024|route2zero_climate_scenario_v1,0.7181,0.7181,0.55,0.35,300,0.3,0.5,0.7
LTFRB_PUJ2373,399.84,716.722,service-v1-266e0b1d,True,399.84,historic_gtfs_service_activity_proxy,DERIVED,False,119.952,19.992,139.944,53.579,100.494,-46.915,-14.075,199.92,39.984,166.6,107.157,91.63,15.527,4.658,279.888,69.972,171.043,187.525,59.865,127.66,38.298,0.0,climate-v1.0,True,SCENARIO,sakay_gtfs_master_historic|doe_luzon_generation_2024|route2zero_climate_scenario_v1,0.7181,0.7181,0.55,0.35,300,0.3,0.5,0.7
LTFRB_PUJ2376,12626.58,12592.17,service-v1-266e0b1d,True,12626.58,historic_gtfs_service_activity_proxy,DERIVED,False,3787.974,631.329,4419.303,1691.962,3173.501,-1481.54,-444.462,6313.29,1262.658,5261.075,3383.923,2893.591,490.332,147.1,8838.606,2209.652,5401.37,5921.866,1890.48,4031.386,1209.416,38.49,climate-v1.0,True,SCENARIO,sakay_gtfs_master_historic|doe_luzon_generation_2024|route2zero_climate_scenario_v1,0.7181,0.7181,0.55,0.35,300,0.3,0.5,0.7
LTFRB_PUJ2377,13337.52,13468.351,service-v1-266e0b1d,True,13337.52,historic_gtfs_service_activity_proxy,DERIVED,False,4001.256,666.876,4668.132,1787.228,3352.186,-1564.958,-469.487,6668.76,1333.752,5557.3,3574.455,3056.515,517.94,155.382,9336.264,2334.066,5705.495,6255.297,1996.923,4258.374,1277.512,40.73,climate-v1.0,True,SCENARIO,sakay_gtfs_master_historic|doe_luzon_generation_2024|route2zero_climate_scenario_v1,0.7181,0.7181,0.55,0.35,300,0.3,0.5,0.7
LTFRB_PUJ2378,3784.2,3837.254,service-v1-266e0b1d,True,3784.2,historic_gtfs_service_activity_proxy,DERIVED,False,1135.26,189.21,1324.47,507.083,951.102,-444.019,-133.206,1892.1,378.42,1576.75,1014.166,867.212,146.953,44.086,2648.94,662.235,1618.797,1774.79,566.579,1208.211,362.463,10.66,climate-v1.0,True,SCENARIO,sakay_gtfs_master_historic|doe_luzon_generation_2024|route2zero_climate_scenario_v1,0.7181,0.7181,0.55,0.35,300,0.3,0.5,0.7
LTFRB_PUJ2379,3737.28,3735.308,service-v1-266e0b1d,True,3737.28,historic_gtfs_service_activity_proxy,DERIVED,False,1121.184,186.864,1308.048,500.796,939.309,-438.514,-131.554,1868.64,373.728,1557.2,1001.591,856.46,145.131,43.539,2616.096,654.024,1598.725,1752.784,559.554,1193.23,357.969,10.51,climate-v1.0,True,SCENARIO,sakay_gtfs_master_historic|doe_luzon_generation_2024|route2zero_climate_scenario_v1,0.7181,0.7181,0.55,0.35,300,0.3,0.5,0.7
LTFRB_PUJ2380,9945.0,9835.807,service-v1-266e0b1d,True,9945.0,historic_gtfs_service_activity_proxy,DERIVED,False,2983.5,497.25,3480.75,1332.63,2499.527,-1166.897,-350.069,4972.5,994.5,4143.75,2665.26,2279.062,386.198,115.859,6961.5,1740.375,4254.25,4664.205,1488.988,3175.217,952.565,30.05,climate-v1.0,True,SCENARIO,sakay_gtfs_master_historic|doe_luzon_generation_2024|route2zero_climate_scenario_v1,0.7181,0.7181,0.55,0.35,300,0.3,0.5,0.7
LTFRB_PUJ2381,9772.62,9755.577,service-v1-266e0b1d,True,9772.62,historic_gtfs_service_activity_proxy,DERIVED,False,2931.786,488.631,3420.417,1309.531,2456.201,-1146.67,-344.001,4886.31,977.262,4071.925,2619.062,2239.559,379.503,113.851,6840.834,1710.208,4180.51,4583.359,1463.178,3120.18,936.054,29.51,climate-v1.0,True,SCENARIO,sakay_gtfs_master_historic|doe_luzon_generation_2024|route2zero_climate_scenario_v1,0.7181,0.7181,0.55,0.35,300,0.3,0.5,0.7
LTFRB_PUJ2382,4163.639999999999,4079.677,service-v1-266e0b1d,True,4163.639999999999,historic_gtfs_service_activity_proxy,DERIVED,False,1249.092,208.182,1457.274,557.928,1046.468,-488.541,-146.562,2081.82,416.364,1734.85,1115.856,954.167,161.688,48.506,2914.548,728.637,1781.113,1952.747,623.389,1329.358,398.807,11.85,climate-v1.0,True,SCENARIO,sakay_gtfs_master_historic|doe_luzon_generation_2024|route2zero_climate_scenario_v1,0.7181,0.7181,0.55,0.35,300,0.3,0.5,0.7
LTFRB_PUJ2383,5069.4,5128.004,service-v1-266e0b1d,True,5069.4,historic_gtfs_service_activity_proxy,DERIVED,False,1520.82,253.47,1774.29,679.3,1274.118,-594.818,-178.445,2534.7,506.94,2112.25,1358.599,1161.738,196.862,59.059,3548.58,887.145,2168.577,2377.549,759.002,1618.547,485.564,14.7,climate-v1.0,True,SCENARIO,sakay_gtfs_master_historic|doe_luzon_generation_2024|route2zero_climate_scenario_v1,0.7181,0.7181,0.55,0.35,300,0.3,0.5,0.7
LTFRB_PUJ2384,9371.76,8365.274,service-v1-266e0b1d,True,9371.76,historic_gtfs_service_activity_proxy,DERIVED,False,2811.528,468.588,3280.116,1255.816,2355.451,-1099.635,-329.891,4685.88,937.176,3904.9,2511.632,2147.695,363.937,109.181,6560.232,1640.058,4009.031,4395.355,1403.161,2992.195,897.658,28.25,climate-v1.0,True,SCENARIO,sakay_gtfs_master_historic|doe_luzon_generation_2024|route2zero_climate_scenario_v1,0.7181,0.7181,0.55,0.35,300,0.3,0.5,0.7
LTFRB_PUJ2385,10321.38,10653.186,service-v1-266e0b1d,True,10321.38,historic_gtfs_service_activity_proxy,DERIVED,False,3096.414,516.069,3612.483,1383.065,2594.124,-1211.059,-363.318,5160.69,1032.138,4300.575,2766.13,2365.316,400.814,120.244,7224.966,1806.241,4415.257,4840.727,1545.34,3295.387,988.616,31.24,climate-v1.0,True,SCENARIO,sakay_gtfs_master_historic|doe_luzon_generation_2024|route2zero_climate_scenario_v1,0.7181,0.7181,0.55,0.35,300,0.3,0.5,0.7
LTFRB_PUJ2386,2727.48,2716.358,service-v1-266e0b1d,True,2727.48,historic_gtfs_service_activity_proxy,DERIVED,False,818.244,136.374,954.618,365.482,685.511,-320.029,-96.009,1363.74,272.748,1136.45,730.965,625.048,105.917,31.775,1909.236,477.309,1166.755,1279.188,408.364,870.824,261.247,7.33,climate-v1.0,True,SCENARIO,sakay_gtfs_master_historic|doe_luzon_generation_2024|route2zero_climate_scenario_v1,0.7181,0.7181,0.55,0.35,300,0.3,0.5,0.7
LTFRB_PUJ2387,2463.3,2344.518,service-v1-266e0b1d,True,2463.3,historic_gtfs_service_activity_proxy,DERIVED,False,738.99,123.165,862.155,330.082,619.114,-289.031,-86.709,1231.65,246.33,1026.375,660.164,564.506,95.658,28.697,1724.31,431.078,1053.745,1155.288,368.811,786.477,235.943,6.5,climate-v1.0,True,SCENARIO,sakay_gtfs_master_historic|doe_luzon_generation_2024|route2zero_climate_scenario_v1,0.7181,0.7181,0.55,0.35,300,0.3,0.5,0.7
LTFRB_PUJ2388,4641.0,4612.026,service-v1-266e0b1d,True,4641.0,historic_gtfs_service_activity_proxy,DERIVED,False,1392.3,232.05,1624.35,621.894,1166.446,-544.552,-163.366,2320.5,464.1,1933.75,1243.788,1063.562,180.226,54.068,3248.7,812.175,1985.317,2176.629,694.861,1481.768,444.53,13.35,climate-v1.0,True,SCENARIO,sakay_gtfs_master_historic|doe_luzon_generation_2024|route2zero_climate_scenario_v1,0.7181,0.7181,0.55,0.35,300,0.3,0.5,0.7
LTFRB_PUJ2389,2262.36,2330.032,service-v1-266e0b1d,True,2262.36,historic_gtfs_service_activity_proxy,DERIVED,False,678.708,113.118,791.826,303.156,568.61,-265.454,-79.636,1131.18,226.236,942.65,606.312,518.458,87.855,26.356,1583.652,395.913,967.787,1061.047,338.726,722.321,216.696,5.86,climate-v1.0,True,SCENARIO,sakay_gtfs_master_historic|doe_luzon_generation_2024|route2zero_climate_scenario_v1,0.7181,0.7181,0.55,0.35,300,0.3,0.5,0.7
LTFRB_PUJ2390,2272.5600000000004,2314.499,service-v1-266e0b1d,True,2272.5600000000004,historic_gtfs_service_activity_proxy,DERIVED,False,681.768,113.628,795.396,304.523,571.174,-266.651,-79.995,1136.28,227.256,946.9,609.046,520.795,88.251,26.475,1590.792,397.698,972.151,1065.831,340.253,725.578,217.673,5.9,climate-v1.0,True,SCENARIO,sakay_gtfs_master_historic|doe_luzon_generation_2024|route2zero_climate_scenario_v1,0.7181,0.7181,0.55,0.35,300,0.3,0.5,0.7
LTFRB_PUJ2392,13447.679999999998,13431.524,service-v1-266e0b1d,True,13447.679999999998,historic_gtfs_service_activity_proxy,DERIVED,False,4034.304,672.384,4706.688,1801.989,3379.873,-1577.884,-473.365,6723.84,1344.768,5603.2,3603.978,3081.76,522.218,156.665,9413.376,2353.344,5752.619,6306.962,2013.417,4293.545,1288.064,41.08,climate-v1.0,True,SCENARIO,sakay_gtfs_master_historic|doe_luzon_generation_2024|route2zero_climate_scenario_v1,0.7181,0.7181,0.55,0.35,300,0.3,0.5,0.7
LTFRB_PUJ2393,1830.9,1828.445,service-v1-266e0b1d,True,1830.9,historic_gtfs_service_activity_proxy,DERIVED,False,549.27,91.545,640.815,245.341,460.169,-214.829,-64.449,915.45,183.09,762.875,490.681,419.581,71.1,21.33,1281.63,320.407,783.218,858.692,274.126,584.566,175.37,4.51,climate-v1.0,True,SCENARIO,sakay_gtfs_master_historic|doe_luzon_generation_2024|route2zero_climate_scenario_v1,0.7181,0.7181,0.55,0.35,300,0.3,0.5,0.7
LTFRB_PUJ2394,2426.58,2323.957,service-v1-266e0b1d,True,2426.58,historic_gtfs_service_activity_proxy,DERIVED,False,727.974,121.329,849.303,325.162,609.884,-284.723,-85.417,1213.29,242.658,1011.075,650.323,556.091,94.232,28.27,1698.606,424.651,1038.037,1138.066,363.313,774.753,232.426,6.38,climate-v1.0,True,SCENARIO,sakay_gtfs_master_historic|doe_luzon_generation_2024|route2zero_climate_scenario_v1,0.7181,0.7181,0.55,0.35,300,0.3,0.5,0.7
LTFRB_PUJ2395,6380.099999999999,6555.273,service-v1-266e0b1d,True,6380.099999999999,historic_gtfs_service_activity_proxy,DERIVED,False,1914.03,319.005,2233.035,854.933,1603.542,-748.609,-224.583,3190.05,638.01,2658.375,1709.867,1462.106,247.761,74.328,4466.07,1116.518,2729.265,2992.267,955.243,2037.024,611.107,18.83,climate-v1.0,True,SCENARIO,sakay_gtfs_master_historic|doe_luzon_generation_2024|route2zero_climate_scenario_v1,0.7181,0.7181,0.55,0.35,300,0.3,0.5,0.7
LTFRB_PUJ2396,6380.099999999999,6555.273,service-v1-266e0b1d,True,6380.099999999999,historic_gtfs_service_activity_proxy,DERIVED,False,1914.03,319.005,2233.035,854.933,1603.542,-748.609,-224.583,3190.05,638.01,2658.375,1709.867,1462.106,247.761,74.328,4466.07,1116.518,2729.265,2992.267,955.243,2037.024,611.107,18.83,climate-v1.0,True,SCENARIO,sakay_gtfs_master_historic|doe_luzon_generation_2024|route2zero_climate_scenario_v1,0.7181,0.7181,0.55,0.35,300,0.3,0.5,0.7
LTFRB_PUJ2397,10502.94,10852.462,service-v1-266e0b1d,True,10502.94,historic_gtfs_service_activity_proxy,DERIVED,False,3150.882,525.147,3676.029,1407.394,2639.756,-1232.362,-369.709,5251.47,1050.294,4376.225,2814.788,2406.924,407.864,122.359,7352.058,1838.014,4492.924,4925.879,1572.524,3353.355,1006.007,31.81,climate-v1.0,True,SCENARIO,sakay_gtfs_master_historic|doe_luzon_generation_2024|route2zero_climate_scenario_v1,0.7181,0.7181,0.55,0.35,300,0.3,0.5,0.7
LTFRB_PUJ2398,11334.24,11507.751,service-v1-266e0b1d,True,11334.24,historic_gtfs_service_activity_proxy,DERIVED,False,3400.272,566.712,3966.984,1518.788,2848.691,-1329.903,-398.971,5667.12,1133.424,4722.6,3037.576,2597.43,440.146,132.044,7933.968,1983.492,4848.536,5315.759,1696.988,3618.771,1085.631,34.43,climate-v1.0,True,SCENARIO,sakay_gtfs_master_historic|doe_luzon_generation_2024|route2zero_climate_scenario_v1,0.7181,0.7181,0.55,0.35,300,0.3,0.5,0.7
LTFRB_PUJ2399,5521.26,5817.761,service-v1-266e0b1d,True,5521.26,historic_gtfs_service_activity_proxy,DERIVED,False,1656.378,276.063,1932.441,739.849,1387.686,-647.837,-194.351,2760.63,552.126,2300.525,1479.698,1265.289,214.409,64.323,3864.882,966.22,2361.872,2589.471,826.655,1762.816,528.845,16.12,climate-v1.0,True,SCENARIO,sakay_gtfs_master_historic|doe_luzon_generation_2024|route2zero_climate_scenario_v1,0.7181,0.7181,0.55,0.35,300,0.3,0.5,0.7
LTFRB_PUJ2400,5993.52,6071.042,service-v1-266e0b1d,True,5993.52,historic_gtfs_service_activity_proxy,DERIVED,False,1798.056,299.676,2097.732,803.132,1506.381,-703.25,-210.975,2996.76,599.352,2497.3,1606.263,1373.515,232.748,69.825,4195.464,1048.866,2563.895,2810.961,897.363,1913.598,574.079,17.61,climate-v1.0,True,SCENARIO,sakay_gtfs_master_historic|doe_luzon_generation_2024|route2zero_climate_scenario_v1,0.7181,0.7181,0.55,0.35,300,0.3,0.5,0.7
LTFRB_PUJ2401,4822.56,4608.582,service-v1-266e0b1d,True,4822.56,historic_gtfs_service_activity_proxy,DERIVED,False,1446.768,241.128,1687.896,646.223,1212.078,-565.855,-169.757,2411.28,482.256,2009.4,1292.446,1105.17,187.276,56.183,3375.792,843.948,2062.984,2261.781,722.044,1539.736,461.921,13.92,climate-v1.0,True,SCENARIO,sakay_gtfs_master_historic|doe_luzon_generation_2024|route2zero_climate_scenario_v1,0.7181,0.7181,0.55,0.35,300,0.3,0.5,0.7
LTFRB_PUJ2403,4815.42,4653.278,service-v1-266e0b1d,True,4815.42,historic_gtfs_service_activity_proxy,DERIVED,False,1444.626,240.771,1685.397,645.266,1210.284,-565.017,-169.505,2407.71,481.542,2006.425,1290.533,1103.534,186.999,56.1,3370.794,842.698,2059.93,2258.432,720.975,1537.457,461.237,13.9,climate-v1.0,True,SCENARIO,sakay_gtfs_master_historic|doe_luzon_generation_2024|route2zero_climate_scenario_v1,0.7181,0.7181,0.55,0.35,300,0.3,0.5,0.7
LTFRB_PUJ2404,4783.8,4753.508,service-v1-266e0b1d,True,4783.8,historic_gtfs_service_activity_proxy,DERIVED,False,1435.14,239.19,1674.33,641.029,1202.336,-561.307,-168.392,2391.9,478.38,1993.25,1282.058,1096.288,185.771,55.731,3348.66,837.165,2046.403,2243.602,716.241,1527.361,458.208,13.8,climate-v1.0,True,SCENARIO,sakay_gtfs_master_historic|doe_luzon_generation_2024|route2zero_climate_scenario_v1,0.7181,0.7181,0.55,0.35,300,0.3,0.5,0.7
LTFRB_PUJ2405,1585.0800000000002,1648.81,service-v1-266e0b1d,True,1585.0800000000002,historic_gtfs_service_activity_proxy,DERIVED,False,475.524,79.254,554.778,212.401,398.386,-185.985,-55.796,792.54,158.508,660.45,424.801,363.248,61.554,18.466,1109.556,277.389,678.062,743.403,237.322,506.081,151.824,3.73,climate-v1.0,True,SCENARIO,sakay_gtfs_master_historic|doe_luzon_generation_2024|route2zero_climate_scenario_v1,0.7181,0.7181,0.55,0.35,300,0.3,0.5,0.7
LTFRB_PUJ2406,1487.16,1373.352,service-v1-266e0b1d,True,1487.16,historic_gtfs_service_activity_proxy,DERIVED,False,446.148,74.358,520.506,199.279,373.775,-174.496,-52.349,743.58,148.716,619.65,398.559,340.808,57.751,17.325,1041.012,260.253,636.174,697.478,222.661,474.817,142.445,3.42,climate-v1.0,True,SCENARIO,sakay_gtfs_master_historic|doe_luzon_generation_2024|route2zero_climate_scenario_v1,0.7181,0.7181,0.55,0.35,300,0.3,0.5,0.7
LTFRB_PUJ2407,22280.88,22196.791,service-v1-266e0b1d,True,22280.88,historic_gtfs_service_activity_proxy,DERIVED,False,6684.264,1114.044,7798.308,2985.638,5599.965,-2614.327,-784.298,11140.44,2228.088,9283.7,5971.276,5106.035,865.241,259.572,15596.616,3899.154,9531.265,10449.733,3335.943,7113.79,2134.137,68.89,climate-v1.0,True,SCENARIO,sakay_gtfs_master_historic|doe_luzon_generation_2024|route2zero_climate_scenario_v1,0.7181,0.7181,0.55,0.35,300,0.3,0.5,0.7
LTFRB_PUJ2408,20614.2,20833.822,service-v1-266e0b1d,True,20614.2,historic_gtfs_service_activity_proxy,DERIVED,False,6184.26,1030.71,7214.97,2762.303,5181.07,-2418.767,-725.63,10307.1,2061.42,8589.25,5524.606,4724.088,800.518,240.155,14429.94,3607.485,8818.297,9668.06,3086.404,6581.656,1974.497,63.64,climate-v1.0,True,SCENARIO,sakay_gtfs_master_historic|doe_luzon_generation_2024|route2zero_climate_scenario_v1,0.7181,0.7181,0.55,0.35,300,0.3,0.5,0.7
LTFRB_PUJ2409,1449.42,1457.917,service-v1-266e0b1d,True,1449.42,historic_gtfs_service_activity_proxy,DERIVED,False,434.826,72.471,507.297,194.222,364.29,-170.068,-51.02,724.71,144.942,603.925,388.445,332.159,56.286,16.886,1014.594,253.648,620.03,679.778,217.01,462.768,138.83,3.3,climate-v1.0,True,SCENARIO,sakay_gtfs_master_historic|doe_luzon_generation_2024|route2zero_climate_scenario_v1,0.7181,0.7181,0.55,0.35,300,0.3,0.5,0.7
LTFRB_PUJ2410,1633.02,1599.85,service-v1-266e0b1d,True,1633.02,historic_gtfs_service_activity_proxy,DERIVED,False,489.906,81.651,571.557,218.825,410.435,-191.61,-57.483,816.51,163.302,680.425,437.649,374.234,63.416,19.025,1143.114,285.778,698.57,765.886,244.499,521.387,156.416,3.88,climate-v1.0,True,SCENARIO,sakay_gtfs_master_historic|doe_luzon_generation_2024|route2zero_climate_scenario_v1,0.7181,0.7181,0.55,0.35,300,0.3,0.5,0.7
LTFRB_PUJ2411,17604.18,17538.326,service-v1-266e0b1d,True,17604.18,historic_gtfs_service_activity_proxy,DERIVED,False,5281.254,880.209,6161.463,2358.96,4424.547,-2065.586,-619.676,8802.09,1760.418,7335.075,4717.92,4034.291,683.629,205.089,12322.926,3080.732,7530.677,8256.36,2635.737,5620.623,1686.187,54.17,climate-v1.0,True,SCENARIO,sakay_gtfs_master_historic|doe_luzon_generation_2024|route2zero_climate_scenario_v1,0.7181,0.7181,0.55,0.35,300,0.3,0.5,0.7
LTFRB_PUJ2412,8503.74,8533.785,service-v1-266e0b1d,True,8503.74,historic_gtfs_service_activity_proxy,DERIVED,False,2551.122,425.187,2976.309,1139.501,2137.287,-997.786,-299.336,4251.87,850.374,3543.225,2279.002,1948.774,330.229,99.069,5952.618,1488.154,3637.711,3988.254,1273.199,2715.055,814.517,25.51,climate-v1.0,True,SCENARIO,sakay_gtfs_master_historic|doe_luzon_generation_2024|route2zero_climate_scenario_v1,0.7181,0.7181,0.55,0.35,300,0.3,0.5,0.7
LTFRB_PUJ2413,1825.8,1758.333,service-v1-266e0b1d,True,1825.8,historic_gtfs_service_activity_proxy,DERIVED,False,547.74,91.29,639.03,244.657,458.887,-214.23,-64.269,912.9,182.58,760.75,489.314,418.412,70.902,21.271,1278.06,319.515,781.037,856.3,273.363,582.937,174.881,4.49,climate-v1.0,True,SCENARIO,sakay_gtfs_master_historic|doe_luzon_generation_2024|route2zero_climate_scenario_v1,0.7181,0.7181,0.55,0.35,300,0.3,0.5,0.7
LTFRB_PUJ2414,2108.34,2218.597,service-v1-266e0b1d,True,2108.34,historic_gtfs_service_activity_proxy,DERIVED,False,632.502,105.417,737.919,282.518,529.9,-247.382,-74.215,1054.17,210.834,878.475,565.035,483.161,81.874,24.562,1475.838,368.96,901.901,988.811,315.665,673.146,201.944,5.38,climate-v1.0,True,SCENARIO,sakay_gtfs_master_historic|doe_luzon_generation_2024|route2zero_climate_scenario_v1,0.7181,0.7181,0.55,0.35,300,0.3,0.5,0.7
LTFRB_PUJ2415,961.86,1158.576,service-v1-266e0b1d,True,961.86,historic_gtfs_service_activity_proxy,DERIVED,False,288.558,48.093,336.651,128.889,241.749,-112.86,-33.858,480.93,96.186,400.775,257.778,220.426,37.352,11.206,673.302,168.326,411.462,451.112,144.012,307.101,92.13,1.77,climate-v1.0,True,SCENARIO,sakay_gtfs_master_historic|doe_luzon_generation_2024|route2zero_climate_scenario_v1,0.7181,0.7181,0.55,0.35,300,0.3,0.5,0.7
LTFRB_PUJ2416,1623.84,1569.389,service-v1-266e0b1d,True,1623.84,historic_gtfs_service_activity_proxy,DERIVED,False,487.152,81.192,568.344,217.595,408.128,-190.533,-57.16,811.92,162.384,676.6,435.189,372.13,63.059,18.918,1136.688,284.172,694.643,761.581,243.125,518.456,155.537,3.85,climate-v1.0,True,SCENARIO,sakay_gtfs_master_historic|doe_luzon_generation_2024|route2zero_climate_scenario_v1,0.7181,0.7181,0.55,0.35,300,0.3,0.5,0.7
LTFRB_PUJ2417,23308.02,23437.897,service-v1-266e0b1d,True,23308.02,historic_gtfs_service_activity_proxy,DERIVED,False,6992.406,1165.401,8157.807,3123.275,5858.121,-2734.847,-820.454,11654.01,2330.802,9711.675,6246.549,5341.421,905.128,271.538,16315.614,4078.904,9970.653,10931.461,3489.729,7441.733,2232.52,72.12,climate-v1.0,True,SCENARIO,sakay_gtfs_master_historic|doe_luzon_generation_2024|route2zero_climate_scenario_v1,0.7181,0.7181,0.55,0.35,300,0.3,0.5,0.7
LTFRB_PUJ2418,25918.2,25827.288,service-v1-266e0b1d,True,25918.2,historic_gtfs_service_activity_proxy,DERIVED,False,7775.46,1295.91,9071.37,3473.039,6514.151,-3041.112,-912.334,12959.1,2591.82,10799.25,6946.078,5939.588,1006.49,301.947,18142.74,4535.685,11087.23,12155.636,3880.53,8275.105,2482.532,80.34,climate-v1.0,True,SCENARIO,sakay_gtfs_master_historic|doe_luzon_generation_2024|route2zero_climate_scenario_v1,0.7181,0.7181,0.55,0.35,300,0.3,0.5,0.7
LTFRB_PUJ2419,6506.58,6681.898,service-v1-266e0b1d,True,6506.58,historic_gtfs_service_activity_proxy,DERIVED,False,1951.974,325.329,2277.303,871.882,1635.331,-763.45,-229.035,3253.29,650.658,2711.075,1743.763,1491.091,252.672,75.802,4554.606,1138.652,2783.37,3051.586,974.18,2077.406,623.222,19.23,climate-v1.0,True,SCENARIO,sakay_gtfs_master_historic|doe_luzon_generation_2024|route2zero_climate_scenario_v1,0.7181,0.7181,0.55,0.35,300,0.3,0.5,0.7
LTFRB_PUJ2420,5525.34,5647.794,service-v1-266e0b1d,True,5525.34,historic_gtfs_service_activity_proxy,DERIVED,False,1657.602,276.267,1933.869,740.396,1388.711,-648.316,-194.495,2762.67,552.534,2302.225,1480.791,1266.224,214.567,64.37,3867.738,966.934,2363.618,2591.384,827.266,1764.118,529.235,16.14,climate-v1.0,True,SCENARIO,sakay_gtfs_master_historic|doe_luzon_generation_2024|route2zero_climate_scenario_v1,0.7181,0.7181,0.55,0.35,300,0.3,0.5,0.7
LTFRB_PUJ2421,2595.9,2622.464,service-v1-266e0b1d,True,2595.9,historic_gtfs_service_activity_proxy,DERIVED,False,778.77,129.795,908.565,347.851,652.441,-304.59,-91.377,1297.95,259.59,1081.625,695.701,594.894,100.807,30.242,1817.13,454.282,1110.468,1217.477,388.664,828.813,248.644,6.91,climate-v1.0,True,SCENARIO,sakay_gtfs_master_historic|doe_luzon_generation_2024|route2zero_climate_scenario_v1,0.7181,0.7181,0.55,0.35,300,0.3,0.5,0.7
LTFRB_PUJ2422,1712.5800000000002,1692.487,service-v1-266e0b1d,True,1712.5800000000002,historic_gtfs_service_activity_proxy,DERIVED,False,513.774,85.629,599.403,229.486,430.431,-200.946,-60.284,856.29,171.258,713.575,458.971,392.466,66.505,19.952,1198.806,299.702,732.604,803.2,256.411,546.789,164.037,4.13,climate-v1.0,True,SCENARIO,sakay_gtfs_master_historic|doe_luzon_generation_2024|route2zero_climate_scenario_v1,0.7181,0.7181,0.55,0.35,300,0.3,0.5,0.7
LTFRB_PUJ2423,3087.54,3154.525,service-v1-266e0b1d,True,3087.54,historic_gtfs_service_activity_proxy,DERIVED,False,926.262,154.377,1080.639,413.73,776.007,-362.277,-108.683,1543.77,308.754,1286.475,827.461,707.561,119.899,35.97,2161.278,540.32,1320.781,1448.056,462.273,985.783,295.735,8.46,climate-v1.0,True,SCENARIO,sakay_gtfs_master_historic|doe_luzon_generation_2024|route2zero_climate_scenario_v1,0.7181,0.7181,0.55,0.35,300,0.3,0.5,0.7
LTFRB_PUJ2424,3266.04,3326.969,service-v1-266e0b1d,True,3266.04,historic_gtfs_service_activity_proxy,DERIVED,False,979.812,163.302,1143.114,437.649,820.87,-383.221,-114.966,1633.02,326.604,1360.85,875.299,748.468,126.831,38.049,2286.228,571.557,1397.139,1531.773,488.999,1042.774,312.832,9.02,climate-v1.0,True,SCENARIO,sakay_gtfs_master_historic|doe_luzon_generation_2024|route2zero_climate_scenario_v1,0.7181,0.7181,0.55,0.35,300,0.3,0.5,0.7
LTFRB_PUJ2425,1711.56,1652.497,service-v1-266e0b1d,True,1711.56,historic_gtfs_service_activity_proxy,DERIVED,False,513.468,85.578,599.046,229.349,430.175,-200.826,-60.248,855.78,171.156,713.15,458.698,392.232,66.466,19.94,1198.092,299.523,732.167,802.722,256.259,546.463,163.939,4.13,climate-v1.0,True,SCENARIO,sakay_gtfs_master_historic|doe_luzon_generation_2024|route2zero_climate_scenario_v1,0.7181,0.7181,0.55,0.35,300,0.3,0.5,0.7
LTFRB_PUJ2426,3158.94,3122.756,service-v1-266e0b1d,True,3158.94,historic_gtfs_service_activity_proxy,DERIVED,False,947.682,157.947,1105.629,423.298,793.952,-370.654,-111.196,1579.47,315.894,1316.225,846.596,723.924,122.672,36.802,2211.258,552.814,1351.324,1481.543,472.964,1008.579,302.574,8.69,climate-v1.0,True,SCENARIO,sakay_gtfs_master_historic|doe_luzon_generation_2024|route2zero_climate_scenario_v1,0.7181,0.7181,0.55,0.35,300,0.3,0.5,0.7
LTFRB_PUJ2427,5428.4400000000005,5470.09,service-v1-266e0b1d,True,5428.4400000000005,historic_gtfs_service_activity_proxy,DERIVED,False,1628.532,271.422,1899.954,727.411,1364.357,-636.946,-191.084,2714.22,542.844,2261.85,1454.822,1244.018,210.804,63.241,3799.908,949.977,2322.166,2545.938,812.758,1733.18,519.954,15.83,climate-v1.0,True,SCENARIO,sakay_gtfs_master_historic|doe_luzon_generation_2024|route2zero_climate_scenario_v1,0.7181,0.7181,0.55,0.35,300,0.3,0.5,0.7
LTFRB_PUJ2428,3856.62,3889.202,service-v1-266e0b1d,True,3856.62,historic_gtfs_service_activity_proxy,DERIVED,False,1156.986,192.831,1349.817,516.787,969.304,-452.517,-135.755,1928.31,385.662,1606.925,1033.574,883.809,149.765,44.93,2699.634,674.908,1649.776,1808.755,577.422,1231.333,369.4,10.88,climate-v1.0,True,SCENARIO,sakay_gtfs_master_historic|doe_luzon_generation_2024|route2zero_climate_scenario_v1,0.7181,0.7181,0.55,0.35,300,0.3,0.5,0.7
LTFRB_PUJ2429,5141.820000000001,5050.045,service-v1-266e0b1d,True,5141.820000000001,historic_gtfs_service_activity_proxy,DERIVED,False,1542.546,257.091,1799.637,689.004,1292.319,-603.315,-180.995,2570.91,514.182,2142.425,1378.008,1178.334,199.674,59.902,3599.274,899.819,2199.556,2411.514,769.845,1641.669,492.501,14.93,climate-v1.0,True,SCENARIO,sakay_gtfs_master_historic|doe_luzon_generation_2024|route2zero_climate_scenario_v1,0.7181,0.7181,0.55,0.35,300,0.3,0.5,0.7
LTFRB_PUJ2431,18577.26,18528.054,service-v1-266e0b1d,True,18577.26,historic_gtfs_service_activity_proxy,DERIVED,False,5573.178,928.863,6502.041,2489.353,4669.116,-2179.763,-653.929,9288.63,1857.726,7740.525,4978.706,4257.289,721.417,216.425,13004.082,3251.02,7946.939,8712.735,2781.429,5931.306,1779.392,57.23,climate-v1.0,True,SCENARIO,sakay_gtfs_master_historic|doe_luzon_generation_2024|route2zero_climate_scenario_v1,0.7181,0.7181,0.55,0.35,300,0.3,0.5,0.7
LTFRB_PUJ2432,4525.740000000001,4531.99,service-v1-266e0b1d,True,4525.740000000001,historic_gtfs_service_activity_proxy,DERIVED,False,1357.722,226.287,1584.009,606.449,1137.477,-531.028,-159.308,2262.87,452.574,1885.725,1212.898,1037.149,175.75,52.725,3168.018,792.005,1936.011,2122.572,677.604,1444.968,433.49,12.99,climate-v1.0,True,SCENARIO,sakay_gtfs_master_historic|doe_luzon_generation_2024|route2zero_climate_scenario_v1,0.7181,0.7181,0.55,0.35,300,0.3,0.5,0.7
LTFRB_PUJ2433,4072.86,4161.909,service-v1-266e0b1d,True,4072.86,historic_gtfs_service_activity_proxy,DERIVED,False,1221.858,203.643,1425.501,545.763,1023.652,-477.889,-143.367,2036.43,407.286,1697.025,1091.526,933.364,158.163,47.449,2851.002,712.75,1742.279,1910.171,609.798,1300.374,390.112,11.56,climate-v1.0,True,SCENARIO,sakay_gtfs_master_historic|doe_luzon_generation_2024|route2zero_climate_scenario_v1,0.7181,0.7181,0.55,0.35,300,0.3,0.5,0.7
LTFRB_PUJ2436,17876.52,17812.55,service-v1-266e0b1d,True,17876.52,historic_gtfs_service_activity_proxy,DERIVED,False,5362.956,893.826,6256.782,2395.454,4492.995,-2097.541,-629.262,8938.26,1787.652,7448.55,4790.907,4096.703,694.205,208.261,12513.564,3128.391,7647.178,8384.088,2676.512,5707.576,1712.273,55.02,climate-v1.0,True,SCENARIO,sakay_gtfs_master_historic|doe_luzon_generation_2024|route2zero_climate_scenario_v1,0.7181,0.7181,0.55,0.35,300,0.3,0.5,0.7
LTFRB_PUJ2437,18797.58,19195.546,service-v1-266e0b1d,True,18797.58,historic_gtfs_service_activity_proxy,DERIVED,False,5639.274,939.879,6579.153,2518.876,4724.49,-2205.614,-661.684,9398.79,1879.758,7832.325,5037.751,4307.779,729.973,218.992,13158.306,3289.576,8041.187,8816.065,2814.415,6001.65,1800.495,57.92,climate-v1.0,True,SCENARIO,sakay_gtfs_master_historic|doe_luzon_generation_2024|route2zero_climate_scenario_v1,0.7181,0.7181,0.55,0.35,300,0.3,0.5,0.7
LTFRB_PUJ2438,4272.78,4458.123,service-v1-266e0b1d,True,4272.78,historic_gtfs_service_activity_proxy,DERIVED,False,1281.834,213.639,1495.473,572.553,1073.899,-501.347,-150.404,2136.39,427.278,1780.325,1145.105,979.179,165.926,49.778,2990.946,747.736,1827.8,2003.934,639.73,1364.204,409.261,12.19,climate-v1.0,True,SCENARIO,sakay_gtfs_master_historic|doe_luzon_generation_2024|route2zero_climate_scenario_v1,0.7181,0.7181,0.55,0.35,300,0.3,0.5,0.7
LTFRB_PUJ2439,4014.72,3991.085,service-v1-266e0b1d,True,4014.72,historic_gtfs_service_activity_proxy,DERIVED,False,1204.416,200.736,1405.152,537.972,1009.04,-471.067,-141.32,2007.36,401.472,1672.8,1075.945,920.04,155.905,46.771,2810.304,702.576,1717.408,1882.904,601.093,1281.811,384.543,11.38,climate-v1.0,True,SCENARIO,sakay_gtfs_master_historic|doe_luzon_generation_2024|route2zero_climate_scenario_v1,0.7181,0.7181,0.55,0.35,300,0.3,0.5,0.7
LTFRB_PUJ2440,1348.44,1255.54,service-v1-266e0b1d,True,1348.44,historic_gtfs_service_activity_proxy,DERIVED,False,404.532,67.422,471.954,180.691,338.91,-158.219,-47.466,674.22,134.844,561.85,361.382,309.018,52.364,15.709,943.908,235.977,576.833,632.418,201.891,430.527,129.158,2.99,climate-v1.0,True,SCENARIO,sakay_gtfs_master_historic|doe_luzon_generation_2024|route2zero_climate_scenario_v1,0.7181,0.7181,0.55,0.35,300,0.3,0.5,0.7
LTFRB_PUJ2441,1536.12,1475.179,service-v1-266e0b1d,True,1536.12,historic_gtfs_service_activity_proxy,DERIVED,False,460.836,76.806,537.642,205.84,386.081,-180.241,-54.072,768.06,153.612,640.05,411.68,352.028,59.653,17.896,1075.284,268.821,657.118,720.44,229.991,490.449,147.135,3.58,climate-v1.0,True,SCENARIO,sakay_gtfs_master_historic|doe_luzon_generation_2024|route2zero_climate_scenario_v1,0.7181,0.7181,0.55,0.35,300,0.3,0.5,0.7
LTFRB_PUJ2442,22820.460000000003,22667.523,service-v1-266e0b1d,True,22820.460000000003,historic_gtfs_service_activity_proxy,DERIVED,False,6846.138,1141.023,7987.161,3057.942,5735.58,-2677.639,-803.292,11410.23,2282.046,9508.525,6115.883,5229.689,886.195,265.858,15974.322,3993.58,9762.086,10702.796,3416.73,7286.066,2185.82,70.59,climate-v1.0,True,SCENARIO,sakay_gtfs_master_historic|doe_luzon_generation_2024|route2zero_climate_scenario_v1,0.7181,0.7181,0.55,0.35,300,0.3,0.5,0.7
LTFRB_PUJ2443,22657.26,22581.131,service-v1-266e0b1d,True,22657.26,historic_gtfs_service_activity_proxy,DERIVED,False,6797.178,1132.863,7930.041,3036.073,5694.562,-2658.49,-797.547,11328.63,2265.726,9440.525,6072.146,5192.289,879.857,263.957,15860.082,3965.02,9692.272,10626.255,3392.295,7233.96,2170.188,70.07,climate-v1.0,True,SCENARIO,sakay_gtfs_master_historic|doe_luzon_generation_2024|route2zero_climate_scenario_v1,0.7181,0.7181,0.55,0.35,300,0.3,0.5,0.7
LTFRB_PUJ2444,4382.94,4328.16,service-v1-266e0b1d,True,4382.94,historic_gtfs_service_activity_proxy,DERIVED,False,1314.882,219.147,1534.029,587.314,1101.586,-514.272,-154.282,2191.47,438.294,1826.225,1174.628,1004.424,170.204,51.061,3068.058,767.014,1874.924,2055.599,656.224,1399.375,419.813,12.54,climate-v1.0,True,SCENARIO,sakay_gtfs_master_historic|doe_luzon_generation_2024|route2zero_climate_scenario_v1,0.7181,0.7181,0.55,0.35,300,0.3,0.5,0.7
LTFRB_PUJ2445,1672.8,1629.947,service-v1-266e0b1d,True,1672.8,historic_gtfs_service_activity_proxy,DERIVED,False,501.84,83.64,585.48,224.155,420.433,-196.278,-58.883,836.4,167.28,697.0,448.31,383.35,64.96,19.488,1170.96,292.74,715.587,784.543,250.455,534.088,160.226,4.01,climate-v1.0,True,SCENARIO,sakay_gtfs_master_historic|doe_luzon_generation_2024|route2zero_climate_scenario_v1,0.7181,0.7181,0.55,0.35,300,0.3,0.5,0.7
LTFRB_PUJ2446,13756.74,13572.129,service-v1-266e0b1d,True,13756.74,historic_gtfs_service_activity_proxy,DERIVED,False,4127.022,687.837,4814.859,1843.403,3457.55,-1614.147,-484.244,6878.37,1375.674,5731.975,3686.806,3152.586,534.22,160.266,9629.718,2407.429,5884.828,6451.911,2059.69,4392.221,1317.666,42.05,climate-v1.0,True,SCENARIO,sakay_gtfs_master_historic|doe_luzon_generation_2024|route2zero_climate_scenario_v1,0.7181,0.7181,0.55,0.35,300,0.3,0.5,0.7
LTFRB_PUJ2447,11042.52,10927.669,service-v1-266e0b1d,True,11042.52,historic_gtfs_service_activity_proxy,DERIVED,False,3312.756,552.126,3864.882,1479.698,2775.372,-1295.674,-388.702,5521.26,1104.252,4601.05,2959.395,2530.578,428.818,128.645,7729.764,1932.441,4723.745,5178.942,1653.311,3525.631,1057.689,33.51,climate-v1.0,True,SCENARIO,sakay_gtfs_master_historic|doe_luzon_generation_2024|route2zero_climate_scenario_v1,0.7181,0.7181,0.55,0.35,300,0.3,0.5,0.7
LTFRB_PUJ2448,1513.68,1494.322,service-v1-266e0b1d,True,1513.68,historic_gtfs_service_activity_proxy,DERIVED,False,454.104,75.684,529.788,202.833,380.441,-177.608,-53.282,756.84,151.368,630.7,405.666,346.885,58.781,17.634,1059.576,264.894,647.519,709.916,226.632,483.284,144.985,3.51,climate-v1.0,True,SCENARIO,sakay_gtfs_master_historic|doe_luzon_generation_2024|route2zero_climate_scenario_v1,0.7181,0.7181,0.55,0.35,300,0.3,0.5,0.7
LTFRB_PUJ2449,1934.94,1950.497,service-v1-266e0b1d,True,1934.94,historic_gtfs_service_activity_proxy,DERIVED,False,580.482,96.747,677.229,259.282,486.318,-227.036,-68.111,967.47,193.494,806.225,518.564,443.424,75.14,22.542,1354.458,338.614,827.724,907.487,289.704,617.783,185.335,4.83,climate-v1.0,True,SCENARIO,sakay_gtfs_master_historic|doe_luzon_generation_2024|route2zero_climate_scenario_v1,0.7181,0.7181,0.55,0.35,300,0.3,0.5,0.7
LTFRB_PUJ2450,6674.879999999999,6656.52,service-v1-266e0b1d,True,6674.879999999999,historic_gtfs_service_activity_proxy,DERIVED,False,2002.464,333.744,2336.208,894.434,1677.631,-783.197,-234.959,3337.44,667.488,2781.2,1788.868,1529.66,259.208,77.762,4672.416,1168.104,2855.365,3130.519,999.378,2131.141,639.342,19.76,climate-v1.0,True,SCENARIO,sakay_gtfs_master_historic|doe_luzon_generation_2024|route2zero_climate_scenario_v1,0.7181,0.7181,0.55,0.35,300,0.3,0.5,0.7
LTFRB_PUJ2451,,6656.52,service-v1-266e0b1d,True,6656.52,ml_service_intensity_prediction,ML_ESTIMATED,True,1996.956,332.826,2329.782,891.974,1673.016,-781.043,-234.313,3328.26,665.652,2773.55,1783.947,1525.453,258.495,77.548,4659.564,1164.891,2847.511,3121.908,996.629,2125.279,637.584,19.7,climate-v1.0,True,SCENARIO,sakay_gtfs_master_historic|doe_luzon_generation_2024|route2zero_climate_scenario_v1,0.7181,0.7181,0.55,0.35,300,0.3,0.5,0.7
LTFRB_PUJ2452,16165.98,15830.532,service-v1-266e0b1d,True,16165.98,historic_gtfs_service_activity_proxy,DERIVED,False,4849.794,808.299,5658.093,2166.241,4063.077,-1896.835,-569.051,8082.99,1616.598,6735.825,4332.483,3704.704,627.779,188.334,11316.186,2829.046,6915.447,7581.845,2420.406,5161.438,1548.431,49.64,climate-v1.0,True,SCENARIO,sakay_gtfs_master_historic|doe_luzon_generation_2024|route2zero_climate_scenario_v1,0.7181,0.7181,0.55,0.35,300,0.3,0.5,0.7
LTFRB_PUJ2453,16042.56,15816.495,service-v1-266e0b1d,True,16042.56,historic_gtfs_service_activity_proxy,DERIVED,False,4812.768,802.128,5614.896,2149.703,4032.057,-1882.354,-564.706,8021.28,1604.256,6684.4,4299.406,3676.42,622.986,186.896,11229.792,2807.448,6862.651,7523.961,2401.928,5122.033,1536.61,49.25,climate-v1.0,True,SCENARIO,sakay_gtfs_master_historic|doe_luzon_generation_2024|route2zero_climate_scenario_v1,0.7181,0.7181,0.55,0.35,300,0.3,0.5,0.7
LTFRB_PUJ2454,3115.08,3170.046,service-v1-266e0b1d,True,3115.08,historic_gtfs_service_activity_proxy,DERIVED,False,934.524,155.754,1090.278,417.421,782.929,-365.508,-109.652,1557.54,311.508,1297.95,834.841,713.873,120.969,36.291,2180.556,545.139,1332.562,1460.973,466.397,994.576,298.373,8.55,climate-v1.0,True,SCENARIO,sakay_gtfs_master_historic|doe_luzon_generation_2024|route2zero_climate_scenario_v1,0.7181,0.7181,0.55,0.35,300,0.3,0.5,0.7
LTFRB_PUJ2455,3398.64,3208.534,service-v1-266e0b1d,True,3398.64,historic_gtfs_service_activity_proxy,DERIVED,False,1019.592,169.932,1189.524,455.418,854.197,-398.779,-119.634,1699.32,339.864,1416.1,910.836,778.855,131.981,39.594,2379.048,594.762,1453.863,1593.962,508.852,1085.11,325.533,9.44,climate-v1.0,True,SCENARIO,sakay_gtfs_master_historic|doe_luzon_generation_2024|route2zero_climate_scenario_v1,0.7181,0.7181,0.55,0.35,300,0.3,0.5,0.7
LTFRB_PUJ2456,16241.46,16449.775,service-v1-266e0b1d,True,16241.46,historic_gtfs_service_activity_proxy,DERIVED,False,4872.438,812.073,5684.511,2176.356,4082.047,-1905.692,-571.708,8120.73,1624.146,6767.275,4352.711,3722.001,630.71,189.213,11369.022,2842.255,6947.736,7617.245,2431.707,5185.537,1555.661,49.87,climate-v1.0,True,SCENARIO,sakay_gtfs_master_historic|doe_luzon_generation_2024|route2zero_climate_scenario_v1,0.7181,0.7181,0.55,0.35,300,0.3,0.5,0.7
LTFRB_PUJ2457,19534.02,19314.012,service-v1-266e0b1d,True,19534.02,historic_gtfs_service_activity_proxy,DERIVED,False,5860.206,976.701,6836.907,2617.559,4909.583,-2292.024,-687.607,9767.01,1953.402,8139.175,5235.117,4476.546,758.571,227.571,13673.814,3418.454,8356.22,9161.455,2924.677,6236.778,1871.034,60.24,climate-v1.0,True,SCENARIO,sakay_gtfs_master_historic|doe_luzon_generation_2024|route2zero_climate_scenario_v1,0.7181,0.7181,0.55,0.35,300,0.3,0.5,0.7
LTFRB_PUJ2458,11315.88,11451.696,service-v1-266e0b1d,True,11315.88,historic_gtfs_service_activity_proxy,DERIVED,False,3394.764,565.794,3960.558,1516.328,2844.077,-1327.749,-398.325,5657.94,1131.588,4714.95,3032.656,2593.223,439.433,131.83,7921.116,1980.279,4840.682,5307.148,1694.239,3612.909,1083.873,34.37,climate-v1.0,True,SCENARIO,sakay_gtfs_master_historic|doe_luzon_generation_2024|route2zero_climate_scenario_v1,0.7181,0.7181,0.55,0.35,300,0.3,0.5,0.7
LTFRB_PUJ2459,11067.0,11107.952,service-v1-266e0b1d,True,11067.0,historic_gtfs_service_activity_proxy,DERIVED,False,3320.1,553.35,3873.45,1482.978,2781.524,-1298.546,-389.564,5533.5,1106.7,4611.25,2965.956,2536.188,429.769,128.931,7746.9,1936.725,4734.217,5190.423,1656.976,3533.447,1060.034,33.58,climate-v1.0,True,SCENARIO,sakay_gtfs_master_historic|doe_luzon_generation_2024|route2zero_climate_scenario_v1,0.7181,0.7181,0.55,0.35,300,0.3,0.5,0.7
LTFRB_PUJ2460,4712.400000000001,4713.721,service-v1-266e0b1d,True,4712.400000000001,historic_gtfs_service_activity_proxy,DERIVED,False,1413.72,235.62,1649.34,631.462,1184.391,-552.929,-165.879,2356.2,471.24,1963.5,1262.923,1079.925,182.998,54.899,3298.68,824.67,2015.86,2210.116,705.551,1504.565,451.369,13.58,climate-v1.0,True,SCENARIO,sakay_gtfs_master_historic|doe_luzon_generation_2024|route2zero_climate_scenario_v1,0.7181,0.7181,0.55,0.35,300,0.3,0.5,0.7
LTFRB_PUJ2461,4632.84,4551.949,service-v1-266e0b1d,True,4632.84,historic_gtfs_service_activity_proxy,DERIVED,False,1389.852,231.642,1621.494,620.801,1164.395,-543.594,-163.078,2316.42,463.284,1930.35,1241.601,1061.692,179.909,53.973,3242.988,810.747,1981.826,2172.802,693.639,1479.163,443.749,13.33,climate-v1.0,True,SCENARIO,sakay_gtfs_master_historic|doe_luzon_generation_2024|route2zero_climate_scenario_v1,0.7181,0.7181,0.55,0.35,300,0.3,0.5,0.7
LTFRB_PUJ2462,9749.16,9752.51,service-v1-266e0b1d,True,9749.16,historic_gtfs_service_activity_proxy,DERIVED,False,2924.748,487.458,3412.206,1306.387,2450.305,-1143.918,-343.175,4874.58,974.916,4062.15,2612.775,2234.182,378.592,113.578,6824.412,1706.103,4170.474,4572.356,1459.666,3112.69,933.807,29.43,climate-v1.0,True,SCENARIO,sakay_gtfs_master_historic|doe_luzon_generation_2024|route2zero_climate_scenario_v1,0.7181,0.7181,0.55,0.35,300,0.3,0.5,0.7
LTFRB_PUJ2463,10221.42,10362.596,service-v1-266e0b1d,True,10221.42,historic_gtfs_service_activity_proxy,DERIVED,False,3066.426,511.071,3577.497,1369.67,2569.001,-1199.33,-359.799,5110.71,1022.142,4258.925,2739.341,2342.409,396.932,119.08,7154.994,1788.748,4372.496,4793.846,1530.374,3263.472,979.042,30.92,climate-v1.0,True,SCENARIO,sakay_gtfs_master_historic|doe_luzon_generation_2024|route2zero_climate_scenario_v1,0.7181,0.7181,0.55,0.35,300,0.3,0.5,0.7
LTFRB_PUJ2464,16883.04,16921.376,service-v1-266e0b1d,True,16883.04,historic_gtfs_service_activity_proxy,DERIVED,False,5064.912,844.152,5909.064,2262.327,4243.299,-1980.971,-594.291,8441.52,1688.304,7034.6,4524.655,3869.03,655.625,196.687,11818.128,2954.532,7222.189,7918.146,2527.766,5390.379,1617.114,51.89,climate-v1.0,True,SCENARIO,sakay_gtfs_master_historic|doe_luzon_generation_2024|route2zero_climate_scenario_v1,0.7181,0.7181,0.55,0.35,300,0.3,0.5,0.7
LTFRB_PUJ2465,16851.420000000002,17149.788,service-v1-266e0b1d,True,16851.420000000002,historic_gtfs_service_activity_proxy,DERIVED,False,5055.426,842.571,5897.997,2258.09,4235.352,-1977.261,-593.178,8425.71,1685.142,7021.425,4516.181,3861.784,654.397,196.319,11795.994,2948.998,7208.663,7903.316,2523.032,5380.284,1614.085,51.8,climate-v1.0,True,SCENARIO,sakay_gtfs_master_historic|doe_luzon_generation_2024|route2zero_climate_scenario_v1,0.7181,0.7181,0.55,0.35,300,0.3,0.5,0.7
LTFRB_PUJ2466,13789.38,13844.47,service-v1-266e0b1d,True,13789.38,historic_gtfs_service_activity_proxy,DERIVED,False,4136.814,689.469,4826.283,1847.777,3465.754,-1617.977,-485.393,6894.69,1378.938,5745.575,3695.554,3160.066,535.488,160.646,9652.566,2413.141,5898.79,6467.219,2064.577,4402.643,1320.793,42.15,climate-v1.0,True,SCENARIO,sakay_gtfs_master_historic|doe_luzon_generation_2024|route2zero_climate_scenario_v1,0.7181,0.7181,0.55,0.35,300,0.3,0.5,0.7
LTFRB_PUJ2467,15221.46,15256.334,service-v1-266e0b1d,True,15221.46,historic_gtfs_service_activity_proxy,DERIVED,False,4566.438,761.073,5327.511,2039.676,3825.686,-1786.01,-535.803,7610.73,1522.146,6342.275,4079.351,3488.251,591.1,177.33,10655.022,2663.755,6511.402,7138.865,2278.991,4859.874,1457.962,46.66,climate-v1.0,True,SCENARIO,sakay_gtfs_master_historic|doe_luzon_generation_2024|route2zero_climate_scenario_v1,0.7181,0.7181,0.55,0.35,300,0.3,0.5,0.7
LTFRB_PUJ2468,2076.7200000000003,2079.137,service-v1-266e0b1d,True,2076.7200000000003,historic_gtfs_service_activity_proxy,DERIVED,False,623.016,103.836,726.852,278.28,521.952,-243.672,-73.102,1038.36,207.672,865.3,556.561,475.915,80.646,24.194,1453.704,363.426,888.375,973.982,310.931,663.051,198.915,5.28,climate-v1.0,True,SCENARIO,sakay_gtfs_master_historic|doe_luzon_generation_2024|route2zero_climate_scenario_v1,0.7181,0.7181,0.55,0.35,300,0.3,0.5,0.7
LTFRB_PUJ2469,2241.96,2199.579,service-v1-266e0b1d,True,2241.96,historic_gtfs_service_activity_proxy,DERIVED,False,672.588,112.098,784.686,300.423,563.483,-263.06,-78.918,1120.98,224.196,934.15,600.845,513.782,87.063,26.119,1569.372,392.343,959.061,1051.479,335.671,715.808,214.742,5.8,climate-v1.0,True,SCENARIO,sakay_gtfs_master_historic|doe_luzon_generation_2024|route2zero_climate_scenario_v1,0.7181,0.7181,0.55,0.35,300,0.3,0.5,0.7
LTFRB_PUJ2470,16211.88,16183.806,service-v1-266e0b1d,True,16211.88,historic_gtfs_service_activity_proxy,DERIVED,False,4863.564,810.594,5674.158,2172.392,4074.613,-1902.221,-570.666,8105.94,1621.188,6754.95,4344.784,3715.223,629.561,188.868,11348.316,2837.079,6935.082,7603.372,2427.279,5176.093,1552.828,49.78,climate-v1.0,True,SCENARIO,sakay_gtfs_master_historic|doe_luzon_generation_2024|route2zero_climate_scenario_v1,0.7181,0.7181,0.55,0.35,300,0.3,0.5,0.7
LTFRB_PUJ2471,16102.740000000002,16145.501,service-v1-266e0b1d,True,16102.740000000002,historic_gtfs_service_activity_proxy,DERIVED,False,4830.822,805.137,5635.959,2157.767,4047.182,-1889.415,-566.824,8051.37,1610.274,6709.475,4315.534,3690.211,625.323,187.597,11271.918,2817.98,6888.394,7552.185,2410.938,5141.247,1542.374,49.44,climate-v1.0,True,SCENARIO,sakay_gtfs_master_historic|doe_luzon_generation_2024|route2zero_climate_scenario_v1,0.7181,0.7181,0.55,0.35,300,0.3,0.5,0.7
LTFRB_PUJ2472,11262.84,11091.709,service-v1-266e0b1d,True,11262.84,historic_gtfs_service_activity_proxy,DERIVED,False,3378.852,563.142,3941.994,1509.221,2830.746,-1321.525,-396.458,5631.42,1126.284,4692.85,3018.441,2581.068,437.374,131.212,7883.988,1970.997,4817.993,5282.272,1686.297,3595.975,1078.792,34.2,climate-v1.0,True,SCENARIO,sakay_gtfs_master_historic|doe_luzon_generation_2024|route2zero_climate_scenario_v1,0.7181,0.7181,0.55,0.35,300,0.3,0.5,0.7
LTFRB_PUJ2473,8869.92,9006.293,service-v1-266e0b1d,True,8869.92,historic_gtfs_service_activity_proxy,DERIVED,False,2660.976,443.496,3104.472,1188.569,2229.321,-1040.752,-312.226,4434.96,886.992,3695.8,2377.139,2032.69,344.449,103.335,6208.944,1552.236,3794.355,4159.992,1328.024,2831.968,849.591,26.67,climate-v1.0,True,SCENARIO,sakay_gtfs_master_historic|doe_luzon_generation_2024|route2zero_climate_scenario_v1,0.7181,0.7181,0.55,0.35,300,0.3,0.5,0.7
LTFRB_PUJ2474,4066.74,4132.428,service-v1-266e0b1d,True,4066.74,historic_gtfs_service_activity_proxy,DERIVED,False,1220.022,203.337,1423.359,544.943,1022.114,-477.171,-143.151,2033.37,406.674,1694.475,1089.886,931.961,157.925,47.378,2846.718,711.68,1739.661,1907.301,608.881,1298.42,389.526,11.54,climate-v1.0,True,SCENARIO,sakay_gtfs_master_historic|doe_luzon_generation_2024|route2zero_climate_scenario_v1,0.7181,0.7181,0.55,0.35,300,0.3,0.5,0.7
LTFRB_PUJ2475,4086.12,4048.717,service-v1-266e0b1d,True,4086.12,historic_gtfs_service_activity_proxy,DERIVED,False,1225.836,204.306,1430.142,547.54,1026.985,-479.445,-143.833,2043.06,408.612,1702.55,1095.08,936.402,158.678,47.603,2860.284,715.071,1747.951,1916.39,611.783,1304.607,391.382,11.61,climate-v1.0,True,SCENARIO,sakay_gtfs_master_historic|doe_luzon_generation_2024|route2zero_climate_scenario_v1,0.7181,0.7181,0.55,0.35,300,0.3,0.5,0.7
LTFRB_PUJ2476,13625.16,13586.846,service-v1-266e0b1d,True,13625.16,historic_gtfs_service_activity_proxy,DERIVED,False,4087.548,681.258,4768.806,1825.771,3424.48,-1598.708,-479.612,6812.58,1362.516,5677.15,3651.543,3122.432,529.11,158.733,9537.612,2384.403,5828.541,6390.2,2039.989,4350.211,1305.063,41.64,climate-v1.0,True,SCENARIO,sakay_gtfs_master_historic|doe_luzon_generation_2024|route2zero_climate_scenario_v1,0.7181,0.7181,0.55,0.35,300,0.3,0.5,0.7
LTFRB_PUJ2477,13625.16,13578.021,service-v1-266e0b1d,True,13625.16,historic_gtfs_service_activity_proxy,DERIVED,False,4087.548,681.258,4768.806,1825.771,3424.48,-1598.708,-479.612,6812.58,1362.516,5677.15,3651.543,3122.432,529.11,158.733,9537.612,2384.403,5828.541,6390.2,2039.989,4350.211,1305.063,41.64,climate-v1.0,True,SCENARIO,sakay_gtfs_master_historic|doe_luzon_generation_2024|route2zero_climate_scenario_v1,0.7181,0.7181,0.55,0.35,300,0.3,0.5,0.7
LTFRB_PUJ2480,9895.02,9789.645,service-v1-266e0b1d,True,9895.02,historic_gtfs_service_activity_proxy,DERIVED,False,2968.506,494.751,3463.257,1325.933,2486.965,-1161.032,-348.31,4947.51,989.502,4122.925,2651.865,2267.609,384.257,115.277,6926.514,1731.628,4232.87,4640.764,1481.504,3159.26,947.778,29.89,climate-v1.0,True,SCENARIO,sakay_gtfs_master_historic|doe_luzon_generation_2024|route2zero_climate_scenario_v1,0.7181,0.7181,0.55,0.35,300,0.3,0.5,0.7
LTFRB_PUJ2481,8103.900000000001,8107.266,service-v1-266e0b1d,True,8103.900000000001,historic_gtfs_service_activity_proxy,DERIVED,False,2431.17,405.195,2836.365,1085.923,2036.794,-950.871,-285.261,4051.95,810.39,3376.625,2171.845,1857.144,314.701,94.41,5672.73,1418.183,3466.668,3800.729,1213.334,2587.395,776.219,24.25,climate-v1.0,True,SCENARIO,sakay_gtfs_master_historic|doe_luzon_generation_2024|route2zero_climate_scenario_v1,0.7181,0.7181,0.55,0.35,300,0.3,0.5,0.7
LTFRB_PUJ2482,8730.179999999998,8910.531,service-v1-266e0b1d,True,8730.179999999998,historic_gtfs_service_activity_proxy,DERIVED,False,2619.054,436.509,3055.563,1169.844,2194.2,-1024.356,-307.307,4365.09,873.018,3637.575,2339.688,2000.666,339.022,101.707,6111.126,1527.781,3734.577,4094.454,1307.102,2787.352,836.206,26.23,climate-v1.0,True,SCENARIO,sakay_gtfs_master_historic|doe_luzon_generation_2024|route2zero_climate_scenario_v1,0.7181,0.7181,0.55,0.35,300,0.3,0.5,0.7
LTFRB_PUJ2483,8623.08,8845.046,service-v1-266e0b1d,True,8623.08,historic_gtfs_service_activity_proxy,DERIVED,False,2586.924,431.154,3018.078,1155.493,2167.282,-1011.789,-303.537,4311.54,862.308,3592.95,2310.985,1976.123,334.863,100.459,6036.156,1509.039,3688.762,4044.225,1291.067,2753.158,825.947,25.89,climate-v1.0,True,SCENARIO,sakay_gtfs_master_historic|doe_luzon_generation_2024|route2zero_climate_scenario_v1,0.7181,0.7181,0.55,0.35,300,0.3,0.5,0.7
LTFRB_PUJ2484,20842.68,21021.447,service-v1-266e0b1d,True,20842.68,historic_gtfs_service_activity_proxy,DERIVED,False,6252.804,1042.134,7294.938,2792.919,5238.495,-2445.576,-733.673,10421.34,2084.268,8684.45,5585.838,4776.448,809.391,242.817,14589.876,3647.469,8916.035,9775.217,3120.612,6654.605,1996.381,64.36,climate-v1.0,True,SCENARIO,sakay_gtfs_master_historic|doe_luzon_generation_2024|route2zero_climate_scenario_v1,0.7181,0.7181,0.55,0.35,300,0.3,0.5,0.7
LTFRB_PUJ2485,21076.26,21167.022,service-v1-266e0b1d,True,21076.26,historic_gtfs_service_activity_proxy,DERIVED,False,6322.878,1053.813,7376.691,2824.219,5297.202,-2472.983,-741.895,10538.13,2107.626,8781.775,5648.438,4829.976,818.461,245.538,14753.382,3688.345,9015.956,9884.766,3155.584,6729.181,2018.754,65.1,climate-v1.0,True,SCENARIO,sakay_gtfs_master_historic|doe_luzon_generation_2024|route2zero_climate_scenario_v1,0.7181,0.7181,0.55,0.35,300,0.3,0.5,0.7
LTFRB_PUJ2486,12968.28,12940.267,service-v1-266e0b1d,True,12968.28,historic_gtfs_service_activity_proxy,DERIVED,False,3890.484,648.414,4538.898,1737.75,3259.383,-1521.633,-456.49,6484.14,1296.828,5403.45,3475.499,2971.898,503.602,151.08,9077.796,2269.449,5547.542,6082.123,1941.64,4140.484,1242.145,39.57,climate-v1.0,True,SCENARIO,sakay_gtfs_master_historic|doe_luzon_generation_2024|route2zero_climate_scenario_v1,0.7181,0.7181,0.55,0.35,300,0.3,0.5,0.7
LTFRB_PUJ2487,13440.54,13394.964,service-v1-266e0b1d,True,13440.54,historic_gtfs_service_activity_proxy,DERIVED,False,4032.162,672.027,4704.189,1801.032,3378.078,-1577.046,-473.114,6720.27,1344.054,5600.225,3602.065,3080.124,521.941,156.582,9408.378,2352.094,5749.564,6303.613,2012.348,4291.266,1287.38,41.06,climate-v1.0,True,SCENARIO,sakay_gtfs_master_historic|doe_luzon_generation_2024|route2zero_climate_scenario_v1,0.7181,0.7181,0.55,0.35,300,0.3,0.5,0.7
LTFRB_PUJ2488,16847.34,16869.426,service-v1-266e0b1d,True,16847.34,historic_gtfs_service_activity_proxy,DERIVED,False,5054.202,842.367,5896.569,2257.544,4234.326,-1976.783,-593.035,8423.67,1684.734,7019.725,4515.087,3860.849,654.238,196.272,11793.138,2948.284,7206.918,7901.402,2522.421,5378.981,1613.694,51.78,climate-v1.0,True,SCENARIO,sakay_gtfs_master_historic|doe_luzon_generation_2024|route2zero_climate_scenario_v1,0.7181,0.7181,0.55,0.35,300,0.3,0.5,0.7
LTFRB_PUJ2489,22655.22,22923.726,service-v1-266e0b1d,True,22655.22,historic_gtfs_service_activity_proxy,DERIVED,False,6796.566,1132.761,7929.327,3035.799,5694.05,-2658.25,-797.475,11327.61,2265.522,9439.675,6071.599,5191.821,879.778,263.933,15858.654,3964.664,9691.4,10625.298,3391.99,7233.308,2169.992,70.07,climate-v1.0,True,SCENARIO,sakay_gtfs_master_historic|doe_luzon_generation_2024|route2zero_climate_scenario_v1,0.7181,0.7181,0.55,0.35,300,0.3,0.5,0.7
LTFRB_PUJ2490,16563.780000000002,16434.037,service-v1-266e0b1d,True,16563.780000000002,historic_gtfs_service_activity_proxy,DERIVED,False,4969.134,828.189,5797.323,2219.547,4163.058,-1943.511,-583.053,8281.89,1656.378,6901.575,4439.093,3795.866,643.227,192.968,11594.646,2898.662,7085.617,7768.413,2479.966,5288.447,1586.534,50.89,climate-v1.0,True,SCENARIO,sakay_gtfs_master_historic|doe_luzon_generation_2024|route2zero_climate_scenario_v1,0.7181,0.7181,0.55,0.35,300,0.3,0.5,0.7
LTFRB_PUJ2491,17452.2,17673.89,service-v1-266e0b1d,True,17452.2,historic_gtfs_service_activity_proxy,DERIVED,False,5235.66,872.61,6108.27,2338.595,4386.349,-2047.754,-614.326,8726.1,1745.22,7271.75,4677.19,3999.463,677.727,203.318,12216.54,3054.135,7465.663,8185.082,2612.982,5572.1,1671.63,53.69,climate-v1.0,True,SCENARIO,sakay_gtfs_master_historic|doe_luzon_generation_2024|route2zero_climate_scenario_v1,0.7181,0.7181,0.55,0.35,300,0.3,0.5,0.7
LTFRB_PUJ2492,20772.3,20872.568,service-v1-266e0b1d,True,20772.3,historic_gtfs_service_activity_proxy,DERIVED,False,6231.69,1038.615,7270.305,2783.488,5220.806,-2437.318,-731.195,10386.15,2077.23,8655.125,5566.976,4760.319,806.658,241.997,14540.61,3635.152,8885.928,9742.209,3110.075,6632.134,1989.64,64.14,climate-v1.0,True,SCENARIO,sakay_gtfs_master_historic|doe_luzon_generation_2024|route2zero_climate_scenario_v1,0.7181,0.7181,0.55,0.35,300,0.3,0.5,0.7
LTFRB_PUJ2493,22127.88,22144.243,service-v1-266e0b1d,True,22127.88,historic_gtfs_service_activity_proxy,DERIVED,False,6638.364,1106.394,7744.758,2965.136,5561.511,-2596.375,-778.912,11063.94,2212.788,9219.95,5930.272,5070.972,859.299,257.79,15489.516,3872.379,9465.815,10377.976,3313.035,7064.94,2119.482,68.41,climate-v1.0,True,SCENARIO,sakay_gtfs_master_historic|doe_luzon_generation_2024|route2zero_climate_scenario_v1,0.7181,0.7181,0.55,0.35,300,0.3,0.5,0.7
LTFRB_PUJ2494,10163.28,10137.6,service-v1-266e0b1d,True,10163.28,historic_gtfs_service_activity_proxy,DERIVED,False,3048.984,508.164,3557.148,1361.88,2554.388,-1192.508,-357.753,5081.64,1016.328,4234.7,2723.759,2329.085,394.674,118.402,7114.296,1778.574,4347.625,4766.578,1521.669,3244.909,973.473,30.74,climate-v1.0,True,SCENARIO,sakay_gtfs_master_historic|doe_luzon_generation_2024|route2zero_climate_scenario_v1,0.7181,0.7181,0.55,0.35,300,0.3,0.5,0.7
LTFRB_PUJ2495,10162.259999999998,10174.026,service-v1-266e0b1d,True,10162.259999999998,historic_gtfs_service_activity_proxy,DERIVED,False,3048.678,508.113,3556.791,1361.743,2554.132,-1192.389,-357.717,5081.13,1016.226,4234.275,2723.486,2328.851,394.634,118.39,7113.582,1778.395,4347.189,4766.1,1521.516,3244.584,973.375,30.74,climate-v1.0,True,SCENARIO,sakay_gtfs_master_historic|doe_luzon_generation_2024|route2zero_climate_scenario_v1,0.7181,0.7181,0.55,0.35,300,0.3,0.5,0.7
LTFRB_PUJ2496,11699.4,11658.988,service-v1-266e0b1d,True,11699.4,historic_gtfs_service_activity_proxy,DERIVED,False,3509.82,584.97,4094.79,1567.72,2940.469,-1372.749,-411.825,5849.7,1169.94,4874.75,3135.439,2681.112,454.327,136.298,8189.58,2047.395,5004.743,5487.019,1751.66,3735.358,1120.608,35.57,climate-v1.0,True,SCENARIO,sakay_gtfs_master_historic|doe_luzon_generation_2024|route2zero_climate_scenario_v1,0.7181,0.7181,0.55,0.35,300,0.3,0.5,0.7
LTFRB_PUJ2497,10436.64,10412.082,service-v1-266e0b1d,True,10436.64,historic_gtfs_service_activity_proxy,DERIVED,False,3130.992,521.832,3652.824,1398.51,2623.093,-1224.583,-367.375,5218.32,1043.664,4348.6,2797.02,2391.73,405.29,121.587,7305.648,1826.412,4464.563,4894.784,1562.597,3332.187,999.656,31.6,climate-v1.0,True,SCENARIO,sakay_gtfs_master_historic|doe_luzon_generation_2024|route2zero_climate_scenario_v1,0.7181,0.7181,0.55,0.35,300,0.3,0.5,0.7
LTFRB_PUJ2498,7421.519999999999,7453.319,service-v1-266e0b1d,True,7421.519999999999,historic_gtfs_service_activity_proxy,DERIVED,False,2226.456,371.076,2597.532,994.484,1865.288,-870.804,-261.241,3710.76,742.152,3092.3,1988.967,1700.765,288.202,86.461,5195.064,1298.766,3174.761,3480.693,1111.166,2369.526,710.858,22.11,climate-v1.0,True,SCENARIO,sakay_gtfs_master_historic|doe_luzon_generation_2024|route2zero_climate_scenario_v1,0.7181,0.7181,0.55,0.35,300,0.3,0.5,0.7
LTFRB_PUJ2499,8187.539999999999,8119.396,service-v1-266e0b1d,True,8187.539999999999,historic_gtfs_service_activity_proxy,DERIVED,False,2456.262,409.377,2865.639,1097.13,2057.815,-960.685,-288.206,4093.77,818.754,3411.475,2194.261,1876.311,317.949,95.385,5731.278,1432.819,3502.448,3839.956,1225.857,2614.1,784.23,24.52,climate-v1.0,True,SCENARIO,sakay_gtfs_master_historic|doe_luzon_generation_2024|route2zero_climate_scenario_v1,0.7181,0.7181,0.55,0.35,300,0.3,0.5,0.7
LTFRB_PUJ2500,11081.28,10880.277,service-v1-266e0b1d,True,11081.28,historic_gtfs_service_activity_proxy,DERIVED,False,3324.384,554.064,3878.448,1484.892,2785.114,-1300.222,-390.067,5540.64,1108.128,4617.2,2969.783,2539.46,430.323,129.097,7756.896,1939.224,4740.325,5197.12,1659.114,3538.006,1061.402,33.63,climate-v1.0,True,SCENARIO,sakay_gtfs_master_historic|doe_luzon_generation_2024|route2zero_climate_scenario_v1,0.7181,0.7181,0.55,0.35,300,0.3,0.5,0.7
LTFRB_PUJ2501,9899.1,9910.291,service-v1-266e0b1d,True,9899.1,historic_gtfs_service_activity_proxy,DERIVED,False,2969.73,494.955,3464.685,1326.479,2487.99,-1161.511,-348.453,4949.55,989.91,4124.625,2652.959,2268.544,384.415,115.325,6929.37,1732.342,4234.615,4642.678,1482.115,3160.563,948.169,29.91,climate-v1.0,True,SCENARIO,sakay_gtfs_master_historic|doe_luzon_generation_2024|route2zero_climate_scenario_v1,0.7181,0.7181,0.55,0.35,300,0.3,0.5,0.7
LTFRB_PUJ2502,4541.04,4549.588,service-v1-266e0b1d,True,4541.04,historic_gtfs_service_activity_proxy,DERIVED,False,1362.312,227.052,1589.364,608.499,1141.322,-532.823,-159.847,2270.52,454.104,1892.1,1216.999,1040.655,176.344,52.903,3178.728,794.682,1942.556,2129.748,679.895,1449.853,434.956,13.04,climate-v1.0,True,SCENARIO,sakay_gtfs_master_historic|doe_luzon_generation_2024|route2zero_climate_scenario_v1,0.7181,0.7181,0.55,0.35,300,0.3,0.5,0.7
LTFRB_PUJ2503,5524.320000000001,5403.522,service-v1-266e0b1d,True,5524.320000000001,historic_gtfs_service_activity_proxy,DERIVED,False,1657.296,276.216,1933.512,740.259,1388.455,-648.196,-194.459,2762.16,552.432,2301.8,1480.518,1265.99,214.528,64.358,3867.024,966.756,2363.181,2590.906,827.113,1763.793,529.138,16.13,climate-v1.0,True,SCENARIO,sakay_gtfs_master_historic|doe_luzon_generation_2024|route2zero_climate_scenario_v1,0.7181,0.7181,0.55,0.35,300,0.3,0.5,0.7
LTFRB_PUJ2504,12357.3,12352.05,service-v1-266e0b1d,True,12357.3,historic_gtfs_service_activity_proxy,DERIVED,False,3707.19,617.865,4325.055,1655.878,3105.822,-1449.944,-434.983,6178.65,1235.73,5148.875,3311.756,2831.881,479.875,143.963,8650.11,2162.527,5286.178,5795.574,1850.162,3945.411,1183.623,37.65,climate-v1.0,True,SCENARIO,sakay_gtfs_master_historic|doe_luzon_generation_2024|route2zero_climate_scenario_v1,0.7181,0.7181,0.55,0.35,300,0.3,0.5,0.7
LTFRB_PUJ2505,12231.84,12185.288,service-v1-266e0b1d,True,12231.84,historic_gtfs_service_activity_proxy,DERIVED,False,3669.552,611.592,4281.144,1639.067,3074.29,-1435.223,-430.567,6115.92,1223.184,5096.6,3278.133,2803.13,475.003,142.501,8562.288,2140.572,5232.509,5736.733,1831.378,3905.355,1171.606,37.25,climate-v1.0,True,SCENARIO,sakay_gtfs_master_historic|doe_luzon_generation_2024|route2zero_climate_scenario_v1,0.7181,0.7181,0.55,0.35,300,0.3,0.5,0.7
LTFRB_PUJ2506,1934.94,1973.942,service-v1-266e0b1d,True,1934.94,historic_gtfs_service_activity_proxy,DERIVED,False,580.482,96.747,677.229,259.282,486.318,-227.036,-68.111,967.47,193.494,806.225,518.564,443.424,75.14,22.542,1354.458,338.614,827.724,907.487,289.704,617.783,185.335,4.83,climate-v1.0,True,SCENARIO,sakay_gtfs_master_historic|doe_luzon_generation_2024|route2zero_climate_scenario_v1,0.7181,0.7181,0.55,0.35,300,0.3,0.5,0.7
LTFRB_PUJ2507,1973.7,1950.546,service-v1-266e0b1d,True,1973.7,historic_gtfs_service_activity_proxy,DERIVED,False,592.11,98.685,690.795,264.476,496.06,-231.584,-69.475,986.85,197.37,822.375,528.952,452.306,76.645,22.994,1381.59,345.398,844.305,925.665,295.507,630.159,189.048,4.96,climate-v1.0,True,SCENARIO,sakay_gtfs_master_historic|doe_luzon_generation_2024|route2zero_climate_scenario_v1,0.7181,0.7181,0.55,0.35,300,0.3,0.5,0.7
LTFRB_PUJ2508,12195.12,12079.349,service-v1-266e0b1d,True,12195.12,historic_gtfs_service_activity_proxy,DERIVED,False,3658.536,609.756,4268.292,1634.146,3065.06,-1430.914,-429.274,6097.56,1219.512,5081.3,3268.292,2794.715,473.577,142.073,8536.584,2134.146,5216.801,5719.511,1825.88,3893.631,1168.089,37.14,climate-v1.0,True,SCENARIO,sakay_gtfs_master_historic|doe_luzon_generation_2024|route2zero_climate_scenario_v1,0.7181,0.7181,0.55,0.35,300,0.3,0.5,0.7
LTFRB_PUJ2509,12181.86,12314.567,service-v1-266e0b1d,True,12181.86,historic_gtfs_service_activity_proxy,DERIVED,False,3654.558,609.093,4263.651,1632.369,3061.728,-1429.359,-428.808,6090.93,1218.186,5075.775,3264.738,2791.676,473.062,141.919,8527.302,2131.826,5211.129,5713.292,1823.895,3889.397,1166.819,37.09,climate-v1.0,True,SCENARIO,sakay_gtfs_master_historic|doe_luzon_generation_2024|route2zero_climate_scenario_v1,0.7181,0.7181,0.55,0.35,300,0.3,0.5,0.7
LTFRB_PUJ2510,677.2800000000001,693.795,service-v1-266e0b1d,True,677.2800000000001,historic_gtfs_service_activity_proxy,DERIVED,False,203.184,33.864,237.048,90.756,170.224,-79.469,-23.841,338.64,67.728,282.2,181.511,155.21,26.301,7.89,474.096,118.524,289.725,317.644,101.404,216.24,64.872,0.87,climate-v1.0,True,SCENARIO,sakay_gtfs_master_historic|doe_luzon_generation_2024|route2zero_climate_scenario_v1,0.7181,0.7181,0.55,0.35,300,0.3,0.5,0.7
LTFRB_PUJ2511,1741.14,1743.145,service-v1-266e0b1d,True,1741.14,historic_gtfs_service_activity_proxy,DERIVED,False,522.342,87.057,609.399,233.313,437.609,-204.297,-61.289,870.57,174.114,725.475,466.626,399.011,67.614,20.284,1218.798,304.7,744.821,816.595,260.687,555.907,166.772,4.22,climate-v1.0,True,SCENARIO,sakay_gtfs_master_historic|doe_luzon_generation_2024|route2zero_climate_scenario_v1,0.7181,0.7181,0.55,0.35,300,0.3,0.5,0.7
LTFRB_PUJ2512,3257.88,3306.903,service-v1-266e0b1d,True,3257.88,historic_gtfs_service_activity_proxy,DERIVED,False,977.364,162.894,1140.258,436.556,818.819,-382.263,-114.679,1628.94,325.788,1357.45,873.112,746.598,126.514,37.954,2280.516,570.129,1393.649,1527.946,487.777,1040.169,312.051,9.0,climate-v1.0,True,SCENARIO,sakay_gtfs_master_historic|doe_luzon_generation_2024|route2zero_climate_scenario_v1,0.7181,0.7181,0.55,0.35,300,0.3,0.5,0.7
LTFRB_PUJ2513,4120.8,4134.731,service-v1-266e0b1d,True,4120.8,historic_gtfs_service_activity_proxy,DERIVED,False,1236.24,206.04,1442.28,552.187,1035.701,-483.514,-145.054,2060.4,412.08,1717.0,1104.374,944.35,160.024,48.007,2884.56,721.14,1762.787,1932.655,616.975,1315.68,394.704,11.71,climate-v1.0,True,SCENARIO,sakay_gtfs_master_historic|doe_luzon_generation_2024|route2zero_climate_scenario_v1,0.7181,0.7181,0.55,0.35,300,0.3,0.5,0.7
LTFRB_PUJ2514,3822.96,3951.68,service-v1-266e0b1d,True,3822.96,historic_gtfs_service_activity_proxy,DERIVED,False,1146.888,191.148,1338.036,512.277,960.844,-448.567,-134.57,1911.48,382.296,1592.9,1024.553,876.095,148.458,44.537,2676.072,669.018,1635.377,1792.968,572.382,1220.586,366.176,10.78,climate-v1.0,True,SCENARIO,sakay_gtfs_master_historic|doe_luzon_generation_2024|route2zero_climate_scenario_v1,0.7181,0.7181,0.55,0.35,300,0.3,0.5,0.7
LTFRB_PUJ2515,3784.2,3803.512,service-v1-266e0b1d,True,3784.2,historic_gtfs_service_activity_proxy,DERIVED,False,1135.26,189.21,1324.47,507.083,951.102,-444.019,-133.206,1892.1,378.42,1576.75,1014.166,867.212,146.953,44.086,2648.94,662.235,1618.797,1774.79,566.579,1208.211,362.463,10.66,climate-v1.0,True,SCENARIO,sakay_gtfs_master_historic|doe_luzon_generation_2024|route2zero_climate_scenario_v1,0.7181,0.7181,0.55,0.35,300,0.3,0.5,0.7
LTFRB_PUJ2516,1097.52,1207.548,service-v1-266e0b1d,True,1097.52,historic_gtfs_service_activity_proxy,DERIVED,False,329.256,54.876,384.132,147.068,275.845,-128.778,-38.633,548.76,109.752,457.3,294.135,251.515,42.62,12.786,768.264,192.066,469.495,514.737,164.323,350.414,105.124,2.2,climate-v1.0,True,SCENARIO,sakay_gtfs_master_historic|doe_luzon_generation_2024|route2zero_climate_scenario_v1,0.7181,0.7181,0.55,0.35,300,0.3,0.5,0.7
LTFRB_PUJ2517,1065.9,1098.396,service-v1-266e0b1d,True,1065.9,historic_gtfs_service_activity_proxy,DERIVED,False,319.77,53.295,373.065,142.831,267.898,-125.067,-37.52,532.95,106.59,444.125,285.661,244.269,41.392,12.418,746.13,186.532,455.968,499.907,159.589,340.318,102.095,2.1,climate-v1.0,True,SCENARIO,sakay_gtfs_master_historic|doe_luzon_generation_2024|route2zero_climate_scenario_v1,0.7181,0.7181,0.55,0.35,300,0.3,0.5,0.7
LTFRB_PUJ2518,2167.5,2160.516,service-v1-266e0b1d,True,2167.5,historic_gtfs_service_activity_proxy,DERIVED,False,650.25,108.375,758.625,290.445,544.769,-254.324,-76.297,1083.75,216.75,903.125,580.89,496.719,84.171,25.251,1517.25,379.312,927.208,1016.558,324.523,692.035,207.61,5.57,climate-v1.0,True,SCENARIO,sakay_gtfs_master_historic|doe_luzon_generation_2024|route2zero_climate_scenario_v1,0.7181,0.7181,0.55,0.35,300,0.3,0.5,0.7
LTFRB_PUJ2519,2270.52,2244.768,service-v1-266e0b1d,True,2270.52,historic_gtfs_service_activity_proxy,DERIVED,False,681.156,113.526,794.682,304.25,570.661,-266.411,-79.923,1135.26,227.052,946.05,608.499,520.328,88.172,26.452,1589.364,397.341,971.278,1064.874,339.947,724.927,217.478,5.89,climate-v1.0,True,SCENARIO,sakay_gtfs_master_historic|doe_luzon_generation_2024|route2zero_climate_scenario_v1,0.7181,0.7181,0.55,0.35,300,0.3,0.5,0.7
LTFRB_PUJ2520,4121.820000000001,4039.853,service-v1-266e0b1d,True,4121.820000000001,historic_gtfs_service_activity_proxy,DERIVED,False,1236.546,206.091,1442.637,552.324,1035.958,-483.634,-145.09,2060.91,412.182,1717.425,1104.648,944.584,160.064,48.019,2885.274,721.319,1763.223,1933.134,617.128,1316.006,394.802,11.72,climate-v1.0,True,SCENARIO,sakay_gtfs_master_historic|doe_luzon_generation_2024|route2zero_climate_scenario_v1,0.7181,0.7181,0.55,0.35,300,0.3,0.5,0.7
LTFRB_PUJ2521,4121.820000000001,4039.853,service-v1-266e0b1d,True,4121.820000000001,historic_gtfs_service_activity_proxy,DERIVED,False,1236.546,206.091,1442.637,552.324,1035.958,-483.634,-145.09,2060.91,412.182,1717.425,1104.648,944.584,160.064,48.019,2885.274,721.319,1763.223,1933.134,617.128,1316.006,394.802,11.72,climate-v1.0,True,SCENARIO,sakay_gtfs_master_historic|doe_luzon_generation_2024|route2zero_climate_scenario_v1,0.7181,0.7181,0.55,0.35,300,0.3,0.5,0.7
LTFRB_PUJ2522,2433.7200000000003,2387.665,service-v1-266e0b1d,True,2433.7200000000003,historic_gtfs_service_activity_proxy,DERIVED,False,730.116,121.686,851.802,326.118,611.679,-285.561,-85.668,1216.86,243.372,1014.05,652.237,557.728,94.509,28.353,1703.604,425.901,1041.091,1141.415,364.382,777.033,233.11,6.4,climate-v1.0,True,SCENARIO,sakay_gtfs_master_historic|doe_luzon_generation_2024|route2zero_climate_scenario_v1,0.7181,0.7181,0.55,0.35,300,0.3,0.5,0.7
LTFRB_PUJ2523,2433.7200000000003,2387.665,service-v1-266e0b1d,True,2433.7200000000003,historic_gtfs_service_activity_proxy,DERIVED,False,730.116,121.686,851.802,326.118,611.679,-285.561,-85.668,1216.86,243.372,1014.05,652.237,557.728,94.509,28.353,1703.604,425.901,1041.091,1141.415,364.382,777.033,233.11,6.4,climate-v1.0,True,SCENARIO,sakay_gtfs_master_historic|doe_luzon_generation_2024|route2zero_climate_scenario_v1,0.7181,0.7181,0.55,0.35,300,0.3,0.5,0.7
LTFRB_PUJ2524,6737.1,6909.965,service-v1-266e0b1d,True,6737.1,historic_gtfs_service_activity_proxy,DERIVED,False,2021.13,336.855,2357.985,902.771,1693.269,-790.498,-237.149,3368.55,673.71,2807.125,1805.543,1543.919,261.624,78.487,4715.97,1178.992,2881.982,3159.7,1008.694,2151.006,645.302,19.95,climate-v1.0,True,SCENARIO,sakay_gtfs_master_historic|doe_luzon_generation_2024|route2zero_climate_scenario_v1,0.7181,0.7181,0.55,0.35,300,0.3,0.5,0.7
LTFRB_PUJ2525,7614.3,7482.127,service-v1-266e0b1d,True,7614.3,historic_gtfs_service_activity_proxy,DERIVED,False,2284.29,380.715,2665.005,1020.316,1913.74,-893.424,-268.027,3807.15,761.43,3172.625,2040.632,1744.944,295.689,88.707,5330.01,1332.502,3257.228,3571.107,1140.03,2431.077,729.323,22.71,climate-v1.0,True,SCENARIO,sakay_gtfs_master_historic|doe_luzon_generation_2024|route2zero_climate_scenario_v1,0.7181,0.7181,0.55,0.35,300,0.3,0.5,0.7
LTFRB_PUJ2526,12051.3,12056.159,service-v1-266e0b1d,True,12051.3,historic_gtfs_service_activity_proxy,DERIVED,False,3615.39,602.565,4217.955,1614.874,3028.913,-1414.039,-424.212,6025.65,1205.13,5021.375,3229.748,2761.756,467.992,140.398,8435.91,2108.978,5155.278,5652.06,1804.347,3847.712,1154.314,36.68,climate-v1.0,True,SCENARIO,sakay_gtfs_master_historic|doe_luzon_generation_2024|route2zero_climate_scenario_v1,0.7181,0.7181,0.55,0.35,300,0.3,0.5,0.7
LTFRB_PUJ2527,9080.04,9209.682,service-v1-266e0b1d,True,9080.04,historic_gtfs_service_activity_proxy,DERIVED,False,2724.012,454.002,3178.014,1216.725,2282.132,-1065.406,-319.622,4540.02,908.004,3783.35,2433.451,2080.843,352.608,105.782,6356.028,1589.007,3884.239,4258.539,1359.484,2899.055,869.716,27.33,climate-v1.0,True,SCENARIO,sakay_gtfs_master_historic|doe_luzon_generation_2024|route2zero_climate_scenario_v1,0.7181,0.7181,0.55,0.35,300,0.3,0.5,0.7
LTFRB_PUJ2528,11156.76,11108.007,service-v1-266e0b1d,True,11156.76,historic_gtfs_service_activity_proxy,DERIVED,False,3347.028,557.838,3904.866,1495.006,2804.084,-1309.078,-392.724,5578.38,1115.676,4648.65,2990.012,2556.758,433.254,129.976,7809.732,1952.433,4772.614,5232.52,1670.415,3562.106,1068.632,33.87,climate-v1.0,True,SCENARIO,sakay_gtfs_master_historic|doe_luzon_generation_2024|route2zero_climate_scenario_v1,0.7181,0.7181,0.55,0.35,300,0.3,0.5,0.7
LTFRB_PUJ2529,11621.88,11861.91,service-v1-266e0b1d,True,11621.88,historic_gtfs_service_activity_proxy,DERIVED,False,3486.564,581.094,4067.658,1557.332,2920.985,-1363.653,-409.096,5810.94,1162.188,4842.45,3114.664,2663.348,451.316,135.395,8135.316,2033.829,4971.582,5450.662,1740.054,3710.608,1113.182,35.33,climate-v1.0,True,SCENARIO,sakay_gtfs_master_historic|doe_luzon_generation_2024|route2zero_climate_scenario_v1,0.7181,0.7181,0.55,0.35,300,0.3,0.5,0.7
LTFRB_PUJ2530,11410.74,11339.957,service-v1-266e0b1d,True,11410.74,historic_gtfs_service_activity_proxy,DERIVED,False,3423.222,570.537,3993.759,1529.039,2867.918,-1338.879,-401.664,5705.37,1141.074,4754.475,3058.078,2614.961,443.117,132.935,7987.518,1996.879,4881.261,5351.637,1708.441,3643.196,1092.959,34.67,climate-v1.0,True,SCENARIO,sakay_gtfs_master_historic|doe_luzon_generation_2024|route2zero_climate_scenario_v1,0.7181,0.7181,0.55,0.35,300,0.3,0.5,0.7
LTFRB_PUJ2531,12014.58,11910.484,service-v1-266e0b1d,True,12014.58,historic_gtfs_service_activity_proxy,DERIVED,False,3604.374,600.729,4205.103,1609.954,3019.684,-1409.731,-422.919,6007.29,1201.458,5006.075,3219.907,2753.341,466.566,139.97,8410.206,2102.552,5139.57,5634.838,1798.85,3835.988,1150.797,36.57,climate-v1.0,True,SCENARIO,sakay_gtfs_master_historic|doe_luzon_generation_2024|route2zero_climate_scenario_v1,0.7181,0.7181,0.55,0.35,300,0.3,0.5,0.7
LTFRB_PUJ2532,18304.92,18516.585,service-v1-266e0b1d,True,18304.92,historic_gtfs_service_activity_proxy,DERIVED,False,5491.476,915.246,6406.722,2452.859,4600.667,-2147.808,-644.342,9152.46,1830.492,7627.05,4905.719,4194.878,710.841,213.252,12813.444,3203.361,7830.438,8585.007,2740.653,5844.354,1753.306,56.37,climate-v1.0,True,SCENARIO,sakay_gtfs_master_historic|doe_luzon_generation_2024|route2zero_climate_scenario_v1,0.7181,0.7181,0.55,0.35,300,0.3,0.5,0.7
LTFRB_PUJ2533,18449.76,18495.546,service-v1-266e0b1d,True,18449.76,historic_gtfs_service_activity_proxy,DERIVED,False,5534.928,922.488,6457.416,2472.268,4637.07,-2164.803,-649.441,9224.88,1844.976,7687.4,4944.536,4228.07,716.466,214.94,12914.832,3228.708,7892.397,8652.937,2762.339,5890.598,1767.18,56.83,climate-v1.0,True,SCENARIO,sakay_gtfs_master_historic|doe_luzon_generation_2024|route2zero_climate_scenario_v1,0.7181,0.7181,0.55,0.35,300,0.3,0.5,0.7
LTFRB_PUJ2535,18534.42,18526.717,service-v1-266e0b1d,True,18534.42,historic_gtfs_service_activity_proxy,DERIVED,False,5560.326,926.721,6487.047,2483.612,4658.348,-2174.736,-652.421,9267.21,1853.442,7722.675,4967.225,4247.471,719.753,215.926,12974.094,3243.523,7928.613,8692.643,2775.015,5917.628,1775.289,57.09,climate-v1.0,True,SCENARIO,sakay_gtfs_master_historic|doe_luzon_generation_2024|route2zero_climate_scenario_v1,0.7181,0.7181,0.55,0.35,300,0.3,0.5,0.7
LTFRB_PUJ2536,5984.34,6203.764,service-v1-266e0b1d,True,5984.34,historic_gtfs_service_activity_proxy,DERIVED,False,1795.302,299.217,2094.519,801.902,1504.074,-702.173,-210.652,2992.17,598.434,2493.475,1603.803,1371.411,232.392,69.718,4189.038,1047.259,2559.968,2806.655,895.989,1910.667,573.2,17.58,climate-v1.0,True,SCENARIO,sakay_gtfs_master_historic|doe_luzon_generation_2024|route2zero_climate_scenario_v1,0.7181,0.7181,0.55,0.35,300,0.3,0.5,0.7
LTFRB_PUJ2537,8833.2,8917.57,service-v1-266e0b1d,True,8833.2,historic_gtfs_service_activity_proxy,DERIVED,False,2649.96,441.66,3091.62,1183.649,2220.092,-1036.444,-310.933,4416.6,883.32,3680.5,2367.298,2024.275,343.023,102.907,6183.24,1545.81,3778.647,4142.771,1322.526,2820.244,846.073,26.55,climate-v1.0,True,SCENARIO,sakay_gtfs_master_historic|doe_luzon_generation_2024|route2zero_climate_scenario_v1,0.7181,0.7181,0.55,0.35,300,0.3,0.5,0.7
LTFRB_PUJ2538,13706.76,13646.577,service-v1-266e0b1d,True,13706.76,historic_gtfs_service_activity_proxy,DERIVED,False,4112.028,685.338,4797.366,1836.706,3444.989,-1608.283,-482.485,6853.38,1370.676,5711.15,3673.412,3141.132,532.279,159.684,9594.732,2398.683,5863.447,6428.47,2052.207,4376.264,1312.879,41.89,climate-v1.0,True,SCENARIO,sakay_gtfs_master_historic|doe_luzon_generation_2024|route2zero_climate_scenario_v1,0.7181,0.7181,0.55,0.35,300,0.3,0.5,0.7
LTFRB_PUJ2539,14116.8,14114.212,service-v1-266e0b1d,True,14116.8,historic_gtfs_service_activity_proxy,DERIVED,False,4235.04,705.84,4940.88,1891.651,3548.046,-1656.395,-496.918,7058.4,1411.68,5882.0,3783.302,3235.1,548.202,164.461,9881.76,2470.44,6038.853,6620.779,2113.599,4507.181,1352.154,43.19,climate-v1.0,True,SCENARIO,sakay_gtfs_master_historic|doe_luzon_generation_2024|route2zero_climate_scenario_v1,0.7181,0.7181,0.55,0.35,300,0.3,0.5,0.7
LTFRB_PUJ2540,11492.34,11429.379,service-v1-266e0b1d,True,11492.34,historic_gtfs_service_activity_proxy,DERIVED,False,3447.702,574.617,4022.319,1539.974,2888.427,-1348.454,-404.536,5746.17,1149.234,4788.475,3079.947,2633.661,446.286,133.886,8044.638,2011.16,4916.168,5389.907,1720.659,3669.249,1100.775,34.92,climate-v1.0,True,SCENARIO,sakay_gtfs_master_historic|doe_luzon_generation_2024|route2zero_climate_scenario_v1,0.7181,0.7181,0.55,0.35,300,0.3,0.5,0.7
LTFRB_PUJ2541,11995.2,11962.99,service-v1-266e0b1d,True,11995.2,historic_gtfs_service_activity_proxy,DERIVED,False,3598.56,599.76,4198.32,1607.357,3014.814,-1407.457,-422.237,5997.6,1199.52,4998.0,3214.714,2748.9,465.814,139.744,8396.64,2099.16,5131.28,5625.749,1795.948,3829.801,1148.94,36.51,climate-v1.0,True,SCENARIO,sakay_gtfs_master_historic|doe_luzon_generation_2024|route2zero_climate_scenario_v1,0.7181,0.7181,0.55,0.35,300,0.3,0.5,0.7
LTFRB_PUJ2543,18577.26,18400.287,service-v1-266e0b1d,True,18577.26,historic_gtfs_service_activity_proxy,DERIVED,False,5573.178,928.863,6502.041,2489.353,4669.116,-2179.763,-653.929,9288.63,1857.726,7740.525,4978.706,4257.289,721.417,216.425,13004.082,3251.02,7946.939,8712.735,2781.429,5931.306,1779.392,57.23,climate-v1.0,True,SCENARIO,sakay_gtfs_master_historic|doe_luzon_generation_2024|route2zero_climate_scenario_v1,0.7181,0.7181,0.55,0.35,300,0.3,0.5,0.7
LTFRB_PUJ2544,12320.58,12377.722,service-v1-266e0b1d,True,12320.58,historic_gtfs_service_activity_proxy,DERIVED,False,3696.174,616.029,4312.203,1650.958,3096.593,-1445.635,-433.691,6160.29,1232.058,5133.575,3301.915,2823.466,478.449,143.535,8624.406,2156.101,5270.47,5778.352,1844.665,3933.687,1180.106,37.53,climate-v1.0,True,SCENARIO,sakay_gtfs_master_historic|doe_luzon_generation_2024|route2zero_climate_scenario_v1,0.7181,0.7181,0.55,0.35,300,0.3,0.5,0.7
LTFRB_PUJ2545,12320.58,12377.722,service-v1-266e0b1d,True,12320.58,historic_gtfs_service_activity_proxy,DERIVED,False,3696.174,616.029,4312.203,1650.958,3096.593,-1445.635,-433.691,6160.29,1232.058,5133.575,3301.915,2823.466,478.449,143.535,8624.406,2156.101,5270.47,5778.352,1844.665,3933.687,1180.106,37.53,climate-v1.0,True,SCENARIO,sakay_gtfs_master_historic|doe_luzon_generation_2024|route2zero_climate_scenario_v1,0.7181,0.7181,0.55,0.35,300,0.3,0.5,0.7
LTFRB_PUJ2546,13467.06,13466.545,service-v1-266e0b1d,True,13467.06,historic_gtfs_service_activity_proxy,DERIVED,False,4040.118,673.353,4713.471,1804.586,3384.744,-1580.157,-474.047,6733.53,1346.706,5611.275,3609.172,3086.201,522.971,156.891,9426.942,2356.736,5760.909,6316.051,2016.318,4299.733,1289.92,41.14,climate-v1.0,True,SCENARIO,sakay_gtfs_master_historic|doe_luzon_generation_2024|route2zero_climate_scenario_v1,0.7181,0.7181,0.55,0.35,300,0.3,0.5,0.7
LTFRB_PUJ2547,13467.06,13466.545,service-v1-266e0b1d,True,13467.06,historic_gtfs_service_activity_proxy,DERIVED,False,4040.118,673.353,4713.471,1804.586,3384.744,-1580.157,-474.047,6733.53,1346.706,5611.275,3609.172,3086.201,522.971,156.891,9426.942,2356.736,5760.909,6316.051,2016.318,4299.733,1289.92,41.14,climate-v1.0,True,SCENARIO,sakay_gtfs_master_historic|doe_luzon_generation_2024|route2zero_climate_scenario_v1,0.7181,0.7181,0.55,0.35,300,0.3,0.5,0.7
LTFRB_PUJ2548,16620.9,16629.874,service-v1-266e0b1d,True,16620.9,historic_gtfs_service_activity_proxy,DERIVED,False,4986.27,831.045,5817.315,2227.201,4177.414,-1950.213,-585.064,8310.45,1662.09,6925.375,4454.401,3808.956,645.445,193.633,11634.63,2908.658,7110.052,7795.202,2488.518,5306.684,1592.005,51.07,climate-v1.0,True,SCENARIO,sakay_gtfs_master_historic|doe_luzon_generation_2024|route2zero_climate_scenario_v1,0.7181,0.7181,0.55,0.35,300,0.3,0.5,0.7
LTFRB_PUJ2549,16365.9,16407.221,service-v1-266e0b1d,True,16365.9,historic_gtfs_service_activity_proxy,DERIVED,False,4909.77,818.295,5728.065,2193.031,4113.323,-1920.293,-576.088,8182.95,1636.59,6819.125,4386.061,3750.519,635.542,190.663,11456.13,2864.032,7000.968,7675.607,2450.339,5225.268,1567.58,50.27,climate-v1.0,True,SCENARIO,sakay_gtfs_master_historic|doe_luzon_generation_2024|route2zero_climate_scenario_v1,0.7181,0.7181,0.55,0.35,300,0.3,0.5,0.7
LTFRB_PUJ2550,5102.04,5856.931,service-v1-266e0b1d,True,5102.04,historic_gtfs_service_activity_proxy,DERIVED,False,1530.612,255.102,1785.714,683.673,1282.321,-598.648,-179.594,2551.02,510.204,2125.85,1367.347,1169.218,198.129,59.439,3571.428,892.857,2182.539,2392.857,763.889,1628.968,488.69,14.8,climate-v1.0,True,SCENARIO,sakay_gtfs_master_historic|doe_luzon_generation_2024|route2zero_climate_scenario_v1,0.7181,0.7181,0.55,0.35,300,0.3,0.5,0.7
LTFRB_PUJ2551,6835.02,7013.32,service-v1-266e0b1d,True,6835.02,historic_gtfs_service_activity_proxy,DERIVED,False,2050.506,341.751,2392.257,915.893,1717.88,-801.987,-240.596,3417.51,683.502,2847.925,1831.785,1566.359,265.427,79.628,4784.514,1196.128,2923.87,3205.624,1023.354,2182.27,654.681,20.26,climate-v1.0,True,SCENARIO,sakay_gtfs_master_historic|doe_luzon_generation_2024|route2zero_climate_scenario_v1,0.7181,0.7181,0.55,0.35,300,0.3,0.5,0.7
LTFRB_PUJ2552,7294.019999999999,7239.313,service-v1-266e0b1d,True,7294.019999999999,historic_gtfs_service_activity_proxy,DERIVED,False,2188.206,364.701,2552.907,977.399,1833.243,-855.844,-256.753,3647.01,729.402,3039.175,1954.797,1671.546,283.251,84.975,5105.814,1276.453,3120.22,3420.895,1092.077,2328.818,698.646,21.71,climate-v1.0,True,SCENARIO,sakay_gtfs_master_historic|doe_luzon_generation_2024|route2zero_climate_scenario_v1,0.7181,0.7181,0.55,0.35,300,0.3,0.5,0.7
LTFRB_PUJ2553,18299.82,18103.926,service-v1-266e0b1d,True,18299.82,historic_gtfs_service_activity_proxy,DERIVED,False,5489.946,914.991,6404.937,2452.176,4599.385,-2147.209,-644.163,9149.91,1829.982,7624.925,4904.352,4193.709,710.643,213.193,12809.874,3202.468,7828.256,8582.616,2739.89,5842.726,1752.818,56.36,climate-v1.0,True,SCENARIO,sakay_gtfs_master_historic|doe_luzon_generation_2024|route2zero_climate_scenario_v1,0.7181,0.7181,0.55,0.35,300,0.3,0.5,0.7
LTFRB_PUJ2554,18299.82,18103.926,service-v1-266e0b1d,True,18299.82,historic_gtfs_service_activity_proxy,DERIVED,False,5489.946,914.991,6404.937,2452.176,4599.385,-2147.209,-644.163,9149.91,1829.982,7624.925,4904.352,4193.709,710.643,213.193,12809.874,3202.468,7828.256,8582.616,2739.89,5842.726,1752.818,56.36,climate-v1.0,True,SCENARIO,sakay_gtfs_master_historic|doe_luzon_generation_2024|route2zero_climate_scenario_v1,0.7181,0.7181,0.55,0.35,300,0.3,0.5,0.7
LTFRB_PUJ2555,6236.28,6196.108,service-v1-266e0b1d,True,6236.28,historic_gtfs_service_activity_proxy,DERIVED,False,1870.884,311.814,2182.698,835.662,1567.395,-731.734,-219.52,3118.14,623.628,2598.45,1671.323,1429.148,242.176,72.653,4365.396,1091.349,2667.742,2924.815,933.71,1991.106,597.332,18.38,climate-v1.0,True,SCENARIO,sakay_gtfs_master_historic|doe_luzon_generation_2024|route2zero_climate_scenario_v1,0.7181,0.7181,0.55,0.35,300,0.3,0.5,0.7
LTFRB_PUJ2556,5091.84,5050.948,service-v1-266e0b1d,True,5091.84,historic_gtfs_service_activity_proxy,DERIVED,False,1527.552,254.592,1782.144,682.307,1279.758,-597.451,-179.235,2545.92,509.184,2121.6,1364.613,1166.88,197.733,59.32,3564.288,891.072,2178.176,2388.073,762.362,1625.711,487.713,14.77,climate-v1.0,True,SCENARIO,sakay_gtfs_master_historic|doe_luzon_generation_2024|route2zero_climate_scenario_v1,0.7181,0.7181,0.55,0.35,300,0.3,0.5,0.7
LTFRB_PUJ2557,8188.56,8292.579,service-v1-266e0b1d,True,8188.56,historic_gtfs_service_activity_proxy,DERIVED,False,2456.568,409.428,2865.996,1097.267,2058.072,-960.805,-288.241,4094.28,818.856,3411.9,2194.534,1876.545,317.989,95.397,5731.992,1432.998,3502.884,3840.435,1226.009,2614.425,784.328,24.52,climate-v1.0,True,SCENARIO,sakay_gtfs_master_historic|doe_luzon_generation_2024|route2zero_climate_scenario_v1,0.7181,0.7181,0.55,0.35,300,0.3,0.5,0.7
LTFRB_PUJ2558,8188.56,8292.579,service-v1-266e0b1d,True,8188.56,historic_gtfs_service_activity_proxy,DERIVED,False,2456.568,409.428,2865.996,1097.267,2058.072,-960.805,-288.241,4094.28,818.856,3411.9,2194.534,1876.545,317.989,95.397,5731.992,1432.998,3502.884,3840.435,1226.009,2614.425,784.328,24.52,climate-v1.0,True,SCENARIO,sakay_gtfs_master_historic|doe_luzon_generation_2024|route2zero_climate_scenario_v1,0.7181,0.7181,0.55,0.35,300,0.3,0.5,0.7
LTFRB_PUJ2559,22908.18,22876.6,service-v1-266e0b1d,True,22908.18,historic_gtfs_service_activity_proxy,DERIVED,False,6872.454,1145.409,8017.863,3069.696,5757.627,-2687.931,-806.379,11454.09,2290.818,9545.075,6139.392,5249.791,889.601,266.88,16035.726,4008.931,9799.61,10743.936,3429.864,7314.073,2194.222,70.86,climate-v1.0,True,SCENARIO,sakay_gtfs_master_historic|doe_luzon_generation_2024|route2zero_climate_scenario_v1,0.7181,0.7181,0.55,0.35,300,0.3,0.5,0.7
LTFRB_PUJ2560,22908.18,23162.781,service-v1-266e0b1d,True,22908.18,historic_gtfs_service_activity_proxy,DERIVED,False,6872.454,1145.409,8017.863,3069.696,5757.627,-2687.931,-806.379,11454.09,2290.818,9545.075,6139.392,5249.791,889.601,266.88,16035.726,4008.931,9799.61,10743.936,3429.864,7314.073,2194.222,70.86,climate-v1.0,True,SCENARIO,sakay_gtfs_master_historic|doe_luzon_generation_2024|route2zero_climate_scenario_v1,0.7181,0.7181,0.55,0.35,300,0.3,0.5,0.7
LTFRB_PUJ2561,7771.38,7589.838,service-v1-266e0b1d,True,7771.38,historic_gtfs_service_activity_proxy,DERIVED,False,2331.414,388.569,2719.983,1041.365,1953.22,-911.855,-273.556,3885.69,777.138,3238.075,2082.73,1780.941,301.789,90.537,5439.966,1359.991,3324.424,3644.777,1163.548,2481.229,744.369,23.21,climate-v1.0,True,SCENARIO,sakay_gtfs_master_historic|doe_luzon_generation_2024|route2zero_climate_scenario_v1,0.7181,0.7181,0.55,0.35,300,0.3,0.5,0.7
LTFRB_PUJ2562,7765.26,7710.4,service-v1-266e0b1d,True,7765.26,historic_gtfs_service_activity_proxy,DERIVED,False,2329.578,388.263,2717.841,1040.545,1951.682,-911.137,-273.341,3882.63,776.526,3235.525,2081.09,1779.539,301.551,90.465,5435.682,1358.92,3321.806,3641.907,1162.632,2479.275,743.782,23.19,climate-v1.0,True,SCENARIO,sakay_gtfs_master_historic|doe_luzon_generation_2024|route2zero_climate_scenario_v1,0.7181,0.7181,0.55,0.35,300,0.3,0.5,0.7
LTFRB_PUJ2563,3761.76,3746.072,service-v1-266e0b1d,True,3761.76,historic_gtfs_service_activity_proxy,DERIVED,False,1128.528,188.088,1316.616,504.076,945.462,-441.386,-132.416,1880.88,376.176,1567.4,1008.152,862.07,146.082,43.825,2633.232,658.308,1609.197,1764.265,563.219,1201.046,360.314,10.58,climate-v1.0,True,SCENARIO,sakay_gtfs_master_historic|doe_luzon_generation_2024|route2zero_climate_scenario_v1,0.7181,0.7181,0.55,0.35,300,0.3,0.5,0.7
LTFRB_PUJ2564,1776.84,1765.407,service-v1-266e0b1d,True,1776.84,historic_gtfs_service_activity_proxy,DERIVED,False,533.052,88.842,621.894,238.097,446.582,-208.486,-62.546,888.42,177.684,740.35,476.193,407.192,69.001,20.7,1243.788,310.947,760.093,833.338,266.032,567.306,170.192,4.34,climate-v1.0,True,SCENARIO,sakay_gtfs_master_historic|doe_luzon_generation_2024|route2zero_climate_scenario_v1,0.7181,0.7181,0.55,0.35,300,0.3,0.5,0.7
LTFRB_PUJ2565,2768.28,2782.467,service-v1-266e0b1d,True,2768.28,historic_gtfs_service_activity_proxy,DERIVED,False,830.484,138.414,968.898,370.95,695.766,-324.816,-97.445,1384.14,276.828,1153.45,741.899,634.398,107.502,32.25,1937.796,484.449,1184.209,1298.323,414.473,883.85,265.155,7.46,climate-v1.0,True,SCENARIO,sakay_gtfs_master_historic|doe_luzon_generation_2024|route2zero_climate_scenario_v1,0.7181,0.7181,0.55,0.35,300,0.3,0.5,0.7
LTFRB_PUJ2566,1193.4,1196.142,service-v1-266e0b1d,True,1193.4,historic_gtfs_service_activity_proxy,DERIVED,False,358.02,59.67,417.69,159.916,299.943,-140.028,-42.008,596.7,119.34,497.25,319.831,273.488,46.344,13.903,835.38,208.845,510.51,559.705,178.678,381.026,114.308,2.5,climate-v1.0,True,SCENARIO,sakay_gtfs_master_historic|doe_luzon_generation_2024|route2zero_climate_scenario_v1,0.7181,0.7181,0.55,0.35,300,0.3,0.5,0.7
LTFRB_PUJ2567,1549.38,1571.429,service-v1-266e0b1d,True,1549.38,historic_gtfs_service_activity_proxy,DERIVED,False,464.814,77.469,542.283,207.617,389.413,-181.797,-54.539,774.69,154.938,645.575,415.234,355.066,60.168,18.05,1084.566,271.142,662.79,726.659,231.977,494.683,148.405,3.62,climate-v1.0,True,SCENARIO,sakay_gtfs_master_historic|doe_luzon_generation_2024|route2zero_climate_scenario_v1,0.7181,0.7181,0.55,0.35,300,0.3,0.5,0.7
LTFRB_PUJ2568,2757.06,2763.648,service-v1-266e0b1d,True,2757.06,historic_gtfs_service_activity_proxy,DERIVED,False,827.118,137.853,964.971,369.446,692.946,-323.5,-97.05,1378.53,275.706,1148.775,738.892,631.826,107.066,32.12,1929.942,482.485,1179.409,1293.061,412.793,880.268,264.08,7.42,climate-v1.0,True,SCENARIO,sakay_gtfs_master_historic|doe_luzon_generation_2024|route2zero_climate_scenario_v1,0.7181,0.7181,0.55,0.35,300,0.3,0.5,0.7
LTFRB_PUJ2569,11031.3,11041.322,service-v1-266e0b1d,True,11031.3,historic_gtfs_service_activity_proxy,DERIVED,False,3309.39,551.565,3860.955,1478.194,2772.552,-1294.358,-388.307,5515.65,1103.13,4596.375,2956.388,2528.006,428.382,128.515,7721.91,1930.477,4718.945,5173.68,1651.631,3522.049,1056.615,33.47,climate-v1.0,True,SCENARIO,sakay_gtfs_master_historic|doe_luzon_generation_2024|route2zero_climate_scenario_v1,0.7181,0.7181,0.55,0.35,300,0.3,0.5,0.7
LTFRB_PUJ2570,14736.96,14754.982,service-v1-266e0b1d,True,14736.96,historic_gtfs_service_activity_proxy,DERIVED,False,4421.088,736.848,5157.936,1974.753,3703.914,-1729.161,-518.748,7368.48,1473.696,6140.4,3949.505,3377.22,572.285,171.686,10315.872,2578.968,6304.144,6911.634,2206.45,4705.184,1411.555,45.14,climate-v1.0,True,SCENARIO,sakay_gtfs_master_historic|doe_luzon_generation_2024|route2zero_climate_scenario_v1,0.7181,0.7181,0.55,0.35,300,0.3,0.5,0.7
LTFRB_PUJ2571,13023.36,12888.152,service-v1-266e0b1d,True,13023.36,historic_gtfs_service_activity_proxy,DERIVED,False,3907.008,651.168,4558.176,1745.13,3273.226,-1528.096,-458.429,6511.68,1302.336,5426.4,3490.26,2984.52,505.74,151.722,9116.352,2279.088,5571.104,6107.956,1949.886,4158.069,1247.421,39.74,climate-v1.0,True,SCENARIO,sakay_gtfs_master_historic|doe_luzon_generation_2024|route2zero_climate_scenario_v1,0.7181,0.7181,0.55,0.35,300,0.3,0.5,0.7
LTFRB_PUJ2572,13221.24,13227.232,service-v1-266e0b1d,True,13221.24,historic_gtfs_service_activity_proxy,DERIVED,False,3966.372,661.062,4627.434,1771.646,3322.96,-1551.314,-465.394,6610.62,1322.124,5508.85,3543.292,3029.868,513.425,154.027,9254.868,2313.717,5655.753,6200.762,1979.513,4221.248,1266.374,40.37,climate-v1.0,True,SCENARIO,sakay_gtfs_master_historic|doe_luzon_generation_2024|route2zero_climate_scenario_v1,0.7181,0.7181,0.55,0.35,300,0.3,0.5,0.7
LTFRB_PUJ2573,4063.68,4235.647,service-v1-266e0b1d,True,4063.68,historic_gtfs_service_activity_proxy,DERIVED,False,1219.104,203.184,1422.288,544.533,1021.345,-476.812,-143.044,2031.84,406.368,1693.2,1089.066,931.26,157.806,47.342,2844.576,711.144,1738.352,1905.866,608.423,1297.443,389.233,11.54,climate-v1.0,True,SCENARIO,sakay_gtfs_master_historic|doe_luzon_generation_2024|route2zero_climate_scenario_v1,0.7181,0.7181,0.55,0.35,300,0.3,0.5,0.7
LTFRB_PUJ2574,3905.58,4052.802,service-v1-266e0b1d,True,3905.58,historic_gtfs_service_activity_proxy,DERIVED,False,1171.674,195.279,1366.953,523.348,981.609,-458.261,-137.478,1952.79,390.558,1627.325,1046.695,895.029,151.667,45.5,2733.906,683.476,1670.72,1831.717,584.752,1246.965,374.089,11.04,climate-v1.0,True,SCENARIO,sakay_gtfs_master_historic|doe_luzon_generation_2024|route2zero_climate_scenario_v1,0.7181,0.7181,0.55,0.35,300,0.3,0.5,0.7
LTFRB_PUJ2575,5642.64,5641.276,service-v1-266e0b1d,True,5642.64,historic_gtfs_service_activity_proxy,DERIVED,False,1692.792,282.132,1974.924,756.114,1418.193,-662.079,-198.624,2821.32,564.264,2351.1,1512.228,1293.105,219.123,65.737,3949.848,987.462,2413.796,2646.398,844.829,1801.57,540.471,16.51,climate-v1.0,True,SCENARIO,sakay_gtfs_master_historic|doe_luzon_generation_2024|route2zero_climate_scenario_v1,0.7181,0.7181,0.55,0.35,300,0.3,0.5,0.7
LTFRB_PUJ2576,5512.08,5640.8,service-v1-266e0b1d,True,5512.08,historic_gtfs_service_activity_proxy,DERIVED,False,1653.624,275.604,1929.228,738.619,1385.379,-646.76,-194.028,2756.04,551.208,2296.7,1477.237,1263.185,214.052,64.216,3858.456,964.614,2357.945,2585.166,825.281,1759.885,527.965,16.1,climate-v1.0,True,SCENARIO,sakay_gtfs_master_historic|doe_luzon_generation_2024|route2zero_climate_scenario_v1,0.7181,0.7181,0.55,0.35,300,0.3,0.5,0.7
LTFRB_PUJ2577,12186.96,12133.137,service-v1-266e0b1d,True,12186.96,historic_gtfs_service_activity_proxy,DERIVED,False,3656.088,609.348,4265.436,1633.053,3063.01,-1429.957,-428.987,6093.48,1218.696,5077.9,3266.105,2792.845,473.26,141.978,8530.872,2132.718,5213.311,5715.684,1824.659,3891.026,1167.308,37.11,climate-v1.0,True,SCENARIO,sakay_gtfs_master_historic|doe_luzon_generation_2024|route2zero_climate_scenario_v1,0.7181,0.7181,0.55,0.35,300,0.3,0.5,0.7
LTFRB_PUJ2578,6235.26,6278.959,service-v1-266e0b1d,True,6235.26,historic_gtfs_service_activity_proxy,DERIVED,False,1870.578,311.763,2182.341,835.525,1567.139,-731.614,-219.484,3117.63,623.526,2598.025,1671.05,1428.914,242.136,72.641,4364.682,1091.17,2667.306,2924.337,933.557,1990.78,597.234,18.37,climate-v1.0,True,SCENARIO,sakay_gtfs_master_historic|doe_luzon_generation_2024|route2zero_climate_scenario_v1,0.7181,0.7181,0.55,0.35,300,0.3,0.5,0.7
LTFRB_PUJ2579,7892.76,7769.377,service-v1-266e0b1d,True,7892.76,historic_gtfs_service_activity_proxy,DERIVED,False,2367.828,394.638,2762.466,1057.63,1983.727,-926.097,-277.829,3946.38,789.276,3288.65,2115.26,1808.758,306.502,91.951,5524.932,1381.233,3376.347,3701.704,1181.722,2519.983,755.995,23.59,climate-v1.0,True,SCENARIO,sakay_gtfs_master_historic|doe_luzon_generation_2024|route2zero_climate_scenario_v1,0.7181,0.7181,0.55,0.35,300,0.3,0.5,0.7
LTFRB_PUJ2581,14861.4,14804.331,service-v1-266e0b1d,True,14861.4,historic_gtfs_service_activity_proxy,DERIVED,False,4458.42,743.07,5201.49,1991.428,3735.19,-1743.762,-523.129,7430.7,1486.14,6192.25,3982.855,3405.737,577.118,173.135,10402.98,2600.745,6357.377,6969.997,2225.082,4744.915,1423.474,45.53,climate-v1.0,True,SCENARIO,sakay_gtfs_master_historic|doe_luzon_generation_2024|route2zero_climate_scenario_v1,0.7181,0.7181,0.55,0.35,300,0.3,0.5,0.7
LTFRB_PUJ2582,15215.34,15221.216,service-v1-266e0b1d,True,15215.34,historic_gtfs_service_activity_proxy,DERIVED,False,4564.602,760.767,5325.369,2038.856,3824.147,-1785.292,-535.588,7607.67,1521.534,6339.725,4077.711,3486.849,590.862,177.259,10650.738,2662.684,6508.784,7135.994,2278.075,4857.92,1457.376,46.64,climate-v1.0,True,SCENARIO,sakay_gtfs_master_historic|doe_luzon_generation_2024|route2zero_climate_scenario_v1,0.7181,0.7181,0.55,0.35,300,0.3,0.5,0.7
LTFRB_PUJ2583,14837.94,15101.884,service-v1-266e0b1d,True,14837.94,historic_gtfs_service_activity_proxy,DERIVED,False,4451.382,741.897,5193.279,1988.284,3729.294,-1741.01,-522.303,7418.97,1483.794,6182.475,3976.568,3400.361,576.207,172.862,10386.558,2596.64,6347.341,6958.994,2221.569,4737.425,1421.227,45.46,climate-v1.0,True,SCENARIO,sakay_gtfs_master_historic|doe_luzon_generation_2024|route2zero_climate_scenario_v1,0.7181,0.7181,0.55,0.35,300,0.3,0.5,0.7
LTFRB_PUJ2584,15668.22,15484.926,service-v1-266e0b1d,True,15668.22,historic_gtfs_service_activity_proxy,DERIVED,False,4700.466,783.411,5483.877,2099.541,3937.972,-1838.431,-551.529,7834.11,1566.822,6528.425,4199.083,3590.634,608.449,182.535,10967.754,2741.938,6702.516,7348.395,2345.881,5002.514,1500.754,48.07,climate-v1.0,True,SCENARIO,sakay_gtfs_master_historic|doe_luzon_generation_2024|route2zero_climate_scenario_v1,0.7181,0.7181,0.55,0.35,300,0.3,0.5,0.7
LTFRB_PUJ2585,12311.4,12346.236,service-v1-266e0b1d,True,12311.4,historic_gtfs_service_activity_proxy,DERIVED,False,3693.42,615.57,4308.99,1649.728,3094.286,-1444.558,-433.367,6155.7,1231.14,5129.75,3299.455,2821.362,478.093,143.428,8617.98,2154.495,5266.543,5774.047,1843.29,3930.756,1179.227,37.5,climate-v1.0,True,SCENARIO,sakay_gtfs_master_historic|doe_luzon_generation_2024|route2zero_climate_scenario_v1,0.7181,0.7181,0.55,0.35,300,0.3,0.5,0.7
LTFRB_PUJ2586,11215.92,11208.116,service-v1-266e0b1d,True,11215.92,historic_gtfs_service_activity_proxy,DERIVED,False,3364.776,560.796,3925.572,1502.933,2818.953,-1316.02,-394.806,5607.96,1121.592,4673.3,3005.867,2570.315,435.552,130.665,7851.144,1962.786,4797.921,5260.266,1679.272,3580.994,1074.298,34.05,climate-v1.0,True,SCENARIO,sakay_gtfs_master_historic|doe_luzon_generation_2024|route2zero_climate_scenario_v1,0.7181,0.7181,0.55,0.35,300,0.3,0.5,0.7
LTFRB_PUJ2588,4401.3,4523.342,service-v1-266e0b1d,True,4401.3,historic_gtfs_service_activity_proxy,DERIVED,False,1320.39,220.065,1540.455,589.774,1106.201,-516.427,-154.928,2200.65,440.13,1833.875,1179.548,1008.631,170.917,51.275,3080.91,770.228,1882.778,2064.21,658.972,1405.237,421.571,12.6,climate-v1.0,True,SCENARIO,sakay_gtfs_master_historic|doe_luzon_generation_2024|route2zero_climate_scenario_v1,0.7181,0.7181,0.55,0.35,300,0.3,0.5,0.7
LTFRB_PUJ2589,8546.58,8778.908,service-v1-266e0b1d,True,8546.58,historic_gtfs_service_activity_proxy,DERIVED,False,2563.974,427.329,2991.303,1145.242,2148.055,-1002.813,-300.844,4273.29,854.658,3561.075,2290.483,1958.591,331.892,99.568,5982.606,1495.652,3656.037,4008.346,1279.613,2728.733,818.62,25.65,climate-v1.0,True,SCENARIO,sakay_gtfs_master_historic|doe_luzon_generation_2024|route2zero_climate_scenario_v1,0.7181,0.7181,0.55,0.35,300,0.3,0.5,0.7
LTFRB_PUJ2590,8546.58,8747.625,service-v1-266e0b1d,True,8546.58,historic_gtfs_service_activity_proxy,DERIVED,False,2563.974,427.329,2991.303,1145.242,2148.055,-1002.813,-300.844,4273.29,854.658,3561.075,2290.483,1958.591,331.892,99.568,5982.606,1495.652,3656.037,4008.346,1279.613,2728.733,818.62,25.65,climate-v1.0,True,SCENARIO,sakay_gtfs_master_historic|doe_luzon_generation_2024|route2zero_climate_scenario_v1,0.7181,0.7181,0.55,0.35,300,0.3,0.5,0.7
LTFRB_PUJ2591,7478.639999999999,7359.516,service-v1-266e0b1d,True,7478.639999999999,historic_gtfs_service_activity_proxy,DERIVED,False,2243.592,373.932,2617.524,1002.138,1879.644,-877.506,-263.252,3739.32,747.864,3116.1,2004.276,1713.855,290.421,87.126,5235.048,1308.762,3199.196,3507.482,1119.719,2387.764,716.329,22.29,climate-v1.0,True,SCENARIO,sakay_gtfs_master_historic|doe_luzon_generation_2024|route2zero_climate_scenario_v1,0.7181,0.7181,0.55,0.35,300,0.3,0.5,0.7
LTFRB_PUJ2592,7478.639999999999,7327.166,service-v1-266e0b1d,True,7478.639999999999,historic_gtfs_service_activity_proxy,DERIVED,False,2243.592,373.932,2617.524,1002.138,1879.644,-877.506,-263.252,3739.32,747.864,3116.1,2004.276,1713.855,290.421,87.126,5235.048,1308.762,3199.196,3507.482,1119.719,2387.764,716.329,22.29,climate-v1.0,True,SCENARIO,sakay_gtfs_master_historic|doe_luzon_generation_2024|route2zero_climate_scenario_v1,0.7181,0.7181,0.55,0.35,300,0.3,0.5,0.7
LTFRB_PUJ2593,15075.6,15091.559,service-v1-266e0b1d,True,15075.6,historic_gtfs_service_activity_proxy,DERIVED,False,4522.68,753.78,5276.46,2020.13,3789.026,-1768.896,-530.669,7537.8,1507.56,6281.5,4040.261,3454.825,585.436,175.631,10552.92,2638.23,6449.007,7070.456,2257.152,4813.304,1443.991,46.2,climate-v1.0,True,SCENARIO,sakay_gtfs_master_historic|doe_luzon_generation_2024|route2zero_climate_scenario_v1,0.7181,0.7181,0.55,0.35,300,0.3,0.5,0.7
LTFRB_PUJ2594,14736.96,14971.69,service-v1-266e0b1d,True,14736.96,historic_gtfs_service_activity_proxy,DERIVED,False,4421.088,736.848,5157.936,1974.753,3703.914,-1729.161,-518.748,7368.48,1473.696,6140.4,3949.505,3377.22,572.285,171.686,10315.872,2578.968,6304.144,6911.634,2206.45,4705.184,1411.555,45.14,climate-v1.0,True,SCENARIO,sakay_gtfs_master_historic|doe_luzon_generation_2024|route2zero_climate_scenario_v1,0.7181,0.7181,0.55,0.35,300,0.3,0.5,0.7
LTFRB_PUJ2595,16245.54,16454.168,service-v1-266e0b1d,True,16245.54,historic_gtfs_service_activity_proxy,DERIVED,False,4873.662,812.277,5685.939,2176.902,4083.073,-1906.17,-571.851,8122.77,1624.554,6768.975,4353.805,3722.936,630.868,189.261,11371.878,2842.97,6949.481,7619.158,2432.318,5186.84,1556.052,49.89,climate-v1.0,True,SCENARIO,sakay_gtfs_master_historic|doe_luzon_generation_2024|route2zero_climate_scenario_v1,0.7181,0.7181,0.55,0.35,300,0.3,0.5,0.7
LTFRB_PUJ2596,16244.52,16500.702,service-v1-266e0b1d,True,16244.52,historic_gtfs_service_activity_proxy,DERIVED,False,4873.356,812.226,5685.582,2176.766,4082.816,-1906.051,-571.815,8122.26,1624.452,6768.55,4353.531,3722.702,630.829,189.249,11371.164,2842.791,6949.045,7618.68,2432.166,5186.514,1555.954,49.88,climate-v1.0,True,SCENARIO,sakay_gtfs_master_historic|doe_luzon_generation_2024|route2zero_climate_scenario_v1,0.7181,0.7181,0.55,0.35,300,0.3,0.5,0.7
LTFRB_PUJ2597,17903.04,17777.285,service-v1-266e0b1d,True,17903.04,historic_gtfs_service_activity_proxy,DERIVED,False,5370.912,895.152,6266.064,2399.007,4499.661,-2100.653,-630.196,8951.52,1790.304,7459.6,4798.015,4102.78,695.235,208.57,12532.128,3133.032,7658.523,8396.526,2680.483,5716.043,1714.813,55.11,climate-v1.0,True,SCENARIO,sakay_gtfs_master_historic|doe_luzon_generation_2024|route2zero_climate_scenario_v1,0.7181,0.7181,0.55,0.35,300,0.3,0.5,0.7
LTFRB_PUJ2598,16709.640000000003,16856.974,service-v1-266e0b1d,True,16709.640000000003,historic_gtfs_service_activity_proxy,DERIVED,False,5012.892,835.482,5848.374,2239.092,4199.717,-1960.626,-588.188,8354.82,1670.964,6962.35,4478.184,3829.293,648.891,194.667,11696.748,2924.187,7148.013,7836.821,2501.804,5335.017,1600.505,51.35,climate-v1.0,True,SCENARIO,sakay_gtfs_master_historic|doe_luzon_generation_2024|route2zero_climate_scenario_v1,0.7181,0.7181,0.55,0.35,300,0.3,0.5,0.7
LTFRB_PUJ2599,8983.140000000001,8833.876,service-v1-266e0b1d,True,8983.140000000001,historic_gtfs_service_activity_proxy,DERIVED,False,2694.942,449.157,3144.099,1203.741,2257.777,-1054.037,-316.211,4491.57,898.314,3742.975,2407.482,2058.636,348.845,104.654,6288.198,1572.05,3842.788,4213.093,1344.976,2868.117,860.435,27.02,climate-v1.0,True,SCENARIO,sakay_gtfs_master_historic|doe_luzon_generation_2024|route2zero_climate_scenario_v1,0.7181,0.7181,0.55,0.35,300,0.3,0.5,0.7
LTFRB_PUJ2600,8225.28,8034.168,service-v1-266e0b1d,True,8225.28,historic_gtfs_service_activity_proxy,DERIVED,False,2467.584,411.264,2878.848,1102.188,2067.301,-965.113,-289.534,4112.64,822.528,3427.2,2204.375,1884.96,319.415,95.825,5757.696,1439.424,3518.592,3857.656,1231.507,2626.149,787.845,24.64,climate-v1.0,True,SCENARIO,sakay_gtfs_master_historic|doe_luzon_generation_2024|route2zero_climate_scenario_v1,0.7181,0.7181,0.55,0.35,300,0.3,0.5,0.7
LTFRB_PUJ2601,11371.98,11403.184,service-v1-266e0b1d,True,11371.98,historic_gtfs_service_activity_proxy,DERIVED,False,3411.594,568.599,3980.193,1523.845,2858.177,-1334.331,-400.299,5685.99,1137.198,4738.325,3047.691,2606.079,441.612,132.484,7960.386,1990.096,4864.68,5333.459,1702.638,3630.821,1089.246,34.54,climate-v1.0,True,SCENARIO,sakay_gtfs_master_historic|doe_luzon_generation_2024|route2zero_climate_scenario_v1,0.7181,0.7181,0.55,0.35,300,0.3,0.5,0.7
LTFRB_PUJ2602,10883.4,10940.856,service-v1-266e0b1d,True,10883.4,historic_gtfs_service_activity_proxy,DERIVED,False,3265.02,544.17,3809.19,1458.376,2735.379,-1277.004,-383.101,5441.7,1088.34,4534.75,2916.751,2494.112,422.639,126.792,7618.38,1904.595,4655.677,5104.315,1629.487,3474.828,1042.448,33.01,climate-v1.0,True,SCENARIO,sakay_gtfs_master_historic|doe_luzon_generation_2024|route2zero_climate_scenario_v1,0.7181,0.7181,0.55,0.35,300,0.3,0.5,0.7
LTFRB_PUJ2603,7658.16,7728.455,service-v1-266e0b1d,True,7658.16,historic_gtfs_service_activity_proxy,DERIVED,False,2297.448,382.908,2680.356,1026.193,1924.764,-898.57,-269.571,3829.08,765.816,3190.9,2052.387,1754.995,297.392,89.218,5360.712,1340.178,3275.991,3591.677,1146.597,2445.08,733.524,22.85,climate-v1.0,True,SCENARIO,sakay_gtfs_master_historic|doe_luzon_generation_2024|route2zero_climate_scenario_v1,0.7181,0.7181,0.55,0.35,300,0.3,0.5,0.7
LTFRB_PUJ2604,7713.240000000001,7747.673,service-v1-266e0b1d,True,7713.240000000001,historic_gtfs_service_activity_proxy,DERIVED,False,2313.972,385.662,2699.634,1033.574,1938.607,-905.033,-271.51,3856.62,771.324,3213.85,2067.148,1767.618,299.531,89.859,5399.268,1349.817,3299.553,3617.51,1154.843,2462.666,738.8,23.02,climate-v1.0,True,SCENARIO,sakay_gtfs_master_historic|doe_luzon_generation_2024|route2zero_climate_scenario_v1,0.7181,0.7181,0.55,0.35,300,0.3,0.5,0.7
LTFRB_PUJ2605,9883.8,9880.786,service-v1-266e0b1d,True,9883.8,historic_gtfs_service_activity_proxy,DERIVED,False,2965.14,494.19,3459.33,1324.429,2484.145,-1159.716,-347.915,4941.9,988.38,4118.25,2648.858,2265.038,383.821,115.146,6918.66,1729.665,4228.07,4635.502,1479.824,3155.678,946.703,29.86,climate-v1.0,True,SCENARIO,sakay_gtfs_master_historic|doe_luzon_generation_2024|route2zero_climate_scenario_v1,0.7181,0.7181,0.55,0.35,300,0.3,0.5,0.7
LTFRB_PUJ2606,9673.68,9658.297,service-v1-266e0b1d,True,9673.68,historic_gtfs_service_activity_proxy,DERIVED,False,2902.104,483.684,3385.788,1296.273,2431.334,-1135.061,-340.518,4836.84,967.368,4030.7,2592.546,2216.885,375.661,112.698,6771.576,1692.894,4138.185,4536.956,1448.365,3088.591,926.577,29.2,climate-v1.0,True,SCENARIO,sakay_gtfs_master_historic|doe_luzon_generation_2024|route2zero_climate_scenario_v1,0.7181,0.7181,0.55,0.35,300,0.3,0.5,0.7
LTFRB_PUJ2607,10346.88,10168.02,service-v1-266e0b1d,True,10346.88,historic_gtfs_service_activity_proxy,DERIVED,False,3104.064,517.344,3621.408,1386.482,2600.533,-1214.051,-364.215,5173.44,1034.688,4311.2,2772.964,2371.16,401.804,120.541,7242.816,1810.704,4426.165,4852.687,1549.158,3303.529,991.059,31.32,climate-v1.0,True,SCENARIO,sakay_gtfs_master_historic|doe_luzon_generation_2024|route2zero_climate_scenario_v1,0.7181,0.7181,0.55,0.35,300,0.3,0.5,0.7
LTFRB_PUJ2608,9838.92,9756.816,service-v1-266e0b1d,True,9838.92,historic_gtfs_service_activity_proxy,DERIVED,False,2951.676,491.946,3443.622,1318.415,2472.865,-1154.45,-346.335,4919.46,983.892,4099.55,2636.831,2254.753,382.078,114.623,6887.244,1721.811,4208.871,4614.453,1473.105,3141.349,942.405,29.72,climate-v1.0,True,SCENARIO,sakay_gtfs_master_historic|doe_luzon_generation_2024|route2zero_climate_scenario_v1,0.7181,0.7181,0.55,0.35,300,0.3,0.5,0.7
LTFRB_PUJ2609,4052.46,4186.431,service-v1-266e0b1d,True,4052.46,historic_gtfs_service_activity_proxy,DERIVED,False,1215.738,202.623,1418.361,543.03,1018.525,-475.495,-142.649,2026.23,405.246,1688.525,1086.059,928.689,157.371,47.211,2836.722,709.18,1733.552,1900.604,606.743,1293.86,388.158,11.5,climate-v1.0,True,SCENARIO,sakay_gtfs_master_historic|doe_luzon_generation_2024|route2zero_climate_scenario_v1,0.7181,0.7181,0.55,0.35,300,0.3,0.5,0.7
LTFRB_PUJ2610,4090.2,4069.396,service-v1-266e0b1d,True,4090.2,historic_gtfs_service_activity_proxy,DERIVED,False,1227.06,204.51,1431.57,548.087,1028.01,-479.924,-143.977,2045.1,409.02,1704.25,1096.174,937.338,158.836,47.651,2863.14,715.785,1749.697,1918.304,612.394,1305.91,391.773,11.62,climate-v1.0,True,SCENARIO,sakay_gtfs_master_historic|doe_luzon_generation_2024|route2zero_climate_scenario_v1,0.7181,0.7181,0.55,0.35,300,0.3,0.5,0.7
LTFRB_PUJ2611,1532.04,1462.229,service-v1-266e0b1d,True,1532.04,historic_gtfs_service_activity_proxy,DERIVED,False,459.612,76.602,536.214,205.293,385.055,-179.762,-53.929,766.02,153.204,638.35,410.587,351.093,59.494,17.848,1072.428,268.107,655.373,718.527,229.38,489.146,146.744,3.56,climate-v1.0,True,SCENARIO,sakay_gtfs_master_historic|doe_luzon_generation_2024|route2zero_climate_scenario_v1,0.7181,0.7181,0.55,0.35,300,0.3,0.5,0.7
LTFRB_PUJ2612,1531.02,1513.417,service-v1-266e0b1d,True,1531.02,historic_gtfs_service_activity_proxy,DERIVED,False,459.306,76.551,535.857,205.157,384.799,-179.642,-53.893,765.51,153.102,637.925,410.313,350.859,59.455,17.836,1071.714,267.928,654.936,718.048,229.228,488.821,146.646,3.56,climate-v1.0,True,SCENARIO,sakay_gtfs_master_historic|doe_luzon_generation_2024|route2zero_climate_scenario_v1,0.7181,0.7181,0.55,0.35,300,0.3,0.5,0.7
LTFRB_PUJ2613,2705.04,2738.393,service-v1-266e0b1d,True,2705.04,historic_gtfs_service_activity_proxy,DERIVED,False,811.512,135.252,946.764,362.475,679.871,-317.396,-95.219,1352.52,270.504,1127.1,724.951,619.905,105.046,31.514,1893.528,473.382,1157.156,1268.664,405.005,863.659,259.098,7.26,climate-v1.0,True,SCENARIO,sakay_gtfs_master_historic|doe_luzon_generation_2024|route2zero_climate_scenario_v1,0.7181,0.7181,0.55,0.35,300,0.3,0.5,0.7
LTFRB_PUJ2614,2454.1200000000003,2508.706,service-v1-266e0b1d,True,2454.1200000000003,historic_gtfs_service_activity_proxy,DERIVED,False,736.236,122.706,858.942,328.852,616.806,-287.954,-86.386,1227.06,245.412,1022.55,657.704,562.402,95.302,28.59,1717.884,429.471,1049.818,1150.982,367.436,783.546,235.064,6.47,climate-v1.0,True,SCENARIO,sakay_gtfs_master_historic|doe_luzon_generation_2024|route2zero_climate_scenario_v1,0.7181,0.7181,0.55,0.35,300,0.3,0.5,0.7
LTFRB_PUJ2615,4810.320000000001,4796.501,service-v1-266e0b1d,True,4810.320000000001,historic_gtfs_service_activity_proxy,DERIVED,False,1443.096,240.516,1683.612,644.583,1209.002,-564.419,-169.326,2405.16,481.032,2004.3,1289.166,1102.365,186.801,56.04,3367.224,841.806,2057.748,2256.04,720.212,1535.828,460.748,13.89,climate-v1.0,True,SCENARIO,sakay_gtfs_master_historic|doe_luzon_generation_2024|route2zero_climate_scenario_v1,0.7181,0.7181,0.55,0.35,300,0.3,0.5,0.7
LTFRB_PUJ2616,4988.82,4938.363,service-v1-266e0b1d,True,4988.82,historic_gtfs_service_activity_proxy,DERIVED,False,1496.646,249.441,1746.087,668.502,1253.865,-585.363,-175.609,2494.41,498.882,2078.675,1337.004,1143.271,193.733,58.12,3492.174,873.043,2134.106,2339.757,746.937,1592.819,477.846,14.45,climate-v1.0,True,SCENARIO,sakay_gtfs_master_historic|doe_luzon_generation_2024|route2zero_climate_scenario_v1,0.7181,0.7181,0.55,0.35,300,0.3,0.5,0.7
LTFRB_PUJ2617,17219.640000000003,17277.356,service-v1-266e0b1d,True,17219.640000000003,historic_gtfs_service_activity_proxy,DERIVED,False,5165.892,860.982,6026.874,2307.432,4327.898,-2020.466,-606.14,8609.82,1721.964,7174.85,4614.864,3946.168,668.696,200.609,12053.748,3013.437,7366.179,8076.011,2578.163,5497.848,1649.355,52.95,climate-v1.0,True,SCENARIO,sakay_gtfs_master_historic|doe_luzon_generation_2024|route2zero_climate_scenario_v1,0.7181,0.7181,0.55,0.35,300,0.3,0.5,0.7
LTFRB_PUJ2618,16670.88,16853.643,service-v1-266e0b1d,True,16670.88,historic_gtfs_service_activity_proxy,DERIVED,False,5001.264,833.544,5834.808,2233.898,4189.976,-1956.078,-586.823,8335.44,1667.088,6946.2,4467.796,3820.41,647.386,194.216,11669.616,2917.404,7131.432,7818.643,2496.001,5322.642,1596.792,51.23,climate-v1.0,True,SCENARIO,sakay_gtfs_master_historic|doe_luzon_generation_2024|route2zero_climate_scenario_v1,0.7181,0.7181,0.55,0.35,300,0.3,0.5,0.7
