route_id,corridor_cluster_id,corridor_type_label,cluster_distance,cluster_outlier_flag,typology_pca_x,typology_pca_y,clustering_model_version,typology_claim_status
LTFRB_PUJ1001,1,High-Stop-Density Core,1.226,False,-1.4295,0.6855,typology-v1-f9da2ebe,ML_ESTIMATED
LTFRB_PUJ1002,1,High-Stop-Density Core,0.9274,False,-1.3558,0.7809,typology-v1-f9da2ebe,ML_ESTIMATED
LTFRB_PUJ1003,1,High-Stop-Density Core,2.7156,False,-1.8446,0.8785,typology-v1-f9da2ebe,ML_ESTIMATED
LTFRB_PUJ1004,1,High-Stop-Density Core,2.7156,False,-1.8446,0.8785,typology-v1-f9da2ebe,ML_ESTIMATED
LTFRB_PUJ1005,1,High-Stop-Density Core,1.0742,False,-1.7989,0.2178,typology-v1-f9da2ebe,ML_ESTIMATED
LTFRB_PUJ1006,1,High-Stop-Density Core,1.147,False,-1.7449,0.1904,typology-v1-f9da2ebe,ML_ESTIMATED
LTFRB_PUJ1007,1,High-Stop-Density Core,1.1595,False,-2.0514,0.7851,typology-v1-f9da2ebe,ML_ESTIMATED
LTFRB_PUJ1008,1,High-Stop-Density Core,0.8784,False,-2.1759,0.3307,typology-v1-f9da2ebe,ML_ESTIMATED
LTFRB_PUJ1009,1,High-Stop-Density Core,2.4048,False,-2.4569,0.636,typology-v1-f9da2ebe,ML_ESTIMATED
LTFRB_PUJ1010,1,High-Stop-Density Core,2.4048,False,-2.4569,0.636,typology-v1-f9da2ebe,ML_ESTIMATED
LTFRB_PUJ1011,1,High-Stop-Density Core,2.3129,False,-2.0829,0.709,typology-v1-f9da2ebe,ML_ESTIMATED
LTFRB_PUJ1012,1,High-Stop-Density Core,1.7956,False,-1.9317,0.8622,typology-v1-f9da2ebe,ML_ESTIMATED
LTFRB_PUJ1013,0,Long Regional Connector,1.6888,False,1.229,-1.1941,typology-v1-f9da2ebe,ML_ESTIMATED
LTFRB_PUJ1014,0,Long Regional Connector,1.4124,False,1.3263,-0.8588,typology-v1-f9da2ebe,ML_ESTIMATED
LTFRB_PUJ1015,2,Dense Urban Trunk,0.7661,False,2.7902,-0.4626,typology-v1-f9da2ebe,ML_ESTIMATED
LTFRB_PUJ1016,2,Dense Urban Trunk,1.1536,False,2.7984,-0.4714,typology-v1-f9da2ebe,ML_ESTIMATED
LTFRB_PUJ1017,0,Long Regional Connector,2.078,False,0.6799,-1.1006,typology-v1-f9da2ebe,ML_ESTIMATED
LTFRB_PUJ1018,0,Long Regional Connector,2.0668,False,0.6733,-1.1,typology-v1-f9da2ebe,ML_ESTIMATED
LTFRB_PUJ1019,0,Long Regional Connector,1.0867,False,0.915,-0.6295,typology-v1-f9da2ebe,ML_ESTIMATED
LTFRB_PUJ1020,0,Long Regional Connector,1.0769,False,0.771,-0.5665,typology-v1-f9da2ebe,ML_ESTIMATED
LTFRB_PUJ1021,2,Dense Urban Trunk,2.2713,False,2.6286,-1.3839,typology-v1-f9da2ebe,ML_ESTIMATED
LTFRB_PUJ1022,2,Dense Urban Trunk,3.2538,True,4.4715,-1.5424,typology-v1-f9da2ebe,ML_ESTIMATED
LTFRB_PUJ1023,0,Long Regional Connector,1.6102,False,0.4656,0.2927,typology-v1-f9da2ebe,ML_ESTIMATED
LTFRB_PUJ1024,0,Long Regional Connector,1.2379,False,1.2604,0.5825,typology-v1-f9da2ebe,ML_ESTIMATED
LTFRB_PUJ1025,1,High-Stop-Density Core,1.225,False,-0.8767,-0.4905,typology-v1-f9da2ebe,ML_ESTIMATED
LTFRB_PUJ1026,1,High-Stop-Density Core,1.225,False,-0.8767,-0.4905,typology-v1-f9da2ebe,ML_ESTIMATED
LTFRB_PUJ1028,1,High-Stop-Density Core,1.1431,False,-1.1429,-0.6419,typology-v1-f9da2ebe,ML_ESTIMATED
LTFRB_PUJ1029,0,Long Regional Connector,1.7023,False,-0.387,0.1841,typology-v1-f9da2ebe,ML_ESTIMATED
LTFRB_PUJ1030,0,Long Regional Connector,1.5901,False,-0.3691,0.1728,typology-v1-f9da2ebe,ML_ESTIMATED
LTFRB_PUJ1031,0,Long Regional Connector,1.6467,False,-0.3102,0.1687,typology-v1-f9da2ebe,ML_ESTIMATED
LTFRB_PUJ1033,0,Long Regional Connector,1.5992,False,0.5742,0.4118,typology-v1-f9da2ebe,ML_ESTIMATED
LTFRB_PUJ1034,0,Long Regional Connector,1.2695,False,1.2115,0.6007,typology-v1-f9da2ebe,ML_ESTIMATED
LTFRB_PUJ1035,3,Local Feeder,2.0266,False,-1.8536,-1.6542,typology-v1-f9da2ebe,ML_ESTIMATED
LTFRB_PUJ1036,3,Local Feeder,2.1629,False,-1.4154,-1.4507,typology-v1-f9da2ebe,ML_ESTIMATED
LTFRB_PUJ1037,3,Local Feeder,2.1213,False,-1.6969,-1.929,typology-v1-f9da2ebe,ML_ESTIMATED
LTFRB_PUJ1038,3,Local Feeder,2.1213,False,-1.6969,-1.929,typology-v1-f9da2ebe,ML_ESTIMATED
LTFRB_PUJ1040,0,Long Regional Connector,0.8442,False,0.7948,-0.2777,typology-v1-f9da2ebe,ML_ESTIMATED
LTFRB_PUJ1041,2,Dense Urban Trunk,1.2467,False,2.0069,-0.1151,typology-v1-f9da2ebe,ML_ESTIMATED
LTFRB_PUJ1042,2,Dense Urban Trunk,1.2953,False,2.1011,-0.1481,typology-v1-f9da2ebe,ML_ESTIMATED
LTFRB_PUJ1043,2,Dense Urban Trunk,2.1094,False,4.3284,0.2762,typology-v1-f9da2ebe,ML_ESTIMATED
LTFRB_PUJ1044,2,Dense Urban Trunk,1.972,False,4.1819,0.2269,typology-v1-f9da2ebe,ML_ESTIMATED
LTFRB_PUJ1045,2,Dense Urban Trunk,0.93,False,3.2472,-0.5039,typology-v1-f9da2ebe,ML_ESTIMATED
LTFRB_PUJ1046,2,Dense Urban Trunk,1.0104,False,2.6299,-0.9116,typology-v1-f9da2ebe,ML_ESTIMATED
LTFRB_PUJ1047,2,Dense Urban Trunk,1.661,False,1.959,-0.7456,typology-v1-f9da2ebe,ML_ESTIMATED
LTFRB_PUJ1048,2,Dense Urban Trunk,1.6925,False,1.9199,-0.7373,typology-v1-f9da2ebe,ML_ESTIMATED
LTFRB_PUJ1049,2,Dense Urban Trunk,0.9038,False,3.4176,0.1795,typology-v1-f9da2ebe,ML_ESTIMATED
LTFRB_PUJ1050,2,Dense Urban Trunk,0.8854,False,3.35,0.1957,typology-v1-f9da2ebe,ML_ESTIMATED
LTFRB_PUJ1051,0,Long Regional Connector,2.2692,True,1.0347,-1.519,typology-v1-f9da2ebe,ML_ESTIMATED
LTFRB_PUJ1053,2,Dense Urban Trunk,0.8374,False,2.4213,0.0253,typology-v1-f9da2ebe,ML_ESTIMATED
LTFRB_PUJ1054,2,Dense Urban Trunk,0.7777,False,2.5237,-0.0012,typology-v1-f9da2ebe,ML_ESTIMATED
LTFRB_PUJ1055,0,Long Regional Connector,1.1247,False,1.6691,0.8375,typology-v1-f9da2ebe,ML_ESTIMATED
LTFRB_PUJ1056,0,Long Regional Connector,0.9509,False,1.4686,0.9433,typology-v1-f9da2ebe,ML_ESTIMATED
LTFRB_PUJ1057,1,High-Stop-Density Core,0.5894,False,-1.3937,0.6819,typology-v1-f9da2ebe,ML_ESTIMATED
LTFRB_PUJ1058,1,High-Stop-Density Core,0.5894,False,-1.3937,0.6819,typology-v1-f9da2ebe,ML_ESTIMATED
LTFRB_PUJ1059,1,High-Stop-Density Core,1.4092,False,-0.3668,0.3826,typology-v1-f9da2ebe,ML_ESTIMATED
LTFRB_PUJ1060,1,High-Stop-Density Core,0.9679,False,-0.782,0.1276,typology-v1-f9da2ebe,ML_ESTIMATED
LTFRB_PUJ1061,1,High-Stop-Density Core,1.7291,False,-2.4403,-0.5585,typology-v1-f9da2ebe,ML_ESTIMATED
LTFRB_PUJ1062,1,High-Stop-Density Core,2.2935,False,-2.2861,-1.0268,typology-v1-f9da2ebe,ML_ESTIMATED
LTFRB_PUJ1063,3,Local Feeder,1.2283,False,-2.2019,-1.9474,typology-v1-f9da2ebe,ML_ESTIMATED
LTFRB_PUJ1064,3,Local Feeder,1.2281,False,-2.2021,-1.9475,typology-v1-f9da2ebe,ML_ESTIMATED
LTFRB_PUJ1065,0,Long Regional Connector,0.7344,False,1.0748,-0.1352,typology-v1-f9da2ebe,ML_ESTIMATED
LTFRB_PUJ1066,0,Long Regional Connector,0.6887,False,1.2107,0.0612,typology-v1-f9da2ebe,ML_ESTIMATED
LTFRB_PUJ1067,3,Local Feeder,1.0801,False,-1.9621,-1.9841,typology-v1-f9da2ebe,ML_ESTIMATED
LTFRB_PUJ1068,3,Local Feeder,1.1019,False,-1.9434,-1.9139,typology-v1-f9da2ebe,ML_ESTIMATED
LTFRB_PUJ1069,3,Local Feeder,1.613,False,-2.1359,-2.2974,typology-v1-f9da2ebe,ML_ESTIMATED
LTFRB_PUJ1070,3,Local Feeder,2.1001,False,-1.5882,-1.4457,typology-v1-f9da2ebe,ML_ESTIMATED
LTFRB_PUJ1071,0,Long Regional Connector,0.7679,False,1.2473,0.8071,typology-v1-f9da2ebe,ML_ESTIMATED
LTFRB_PUJ1072,0,Long Regional Connector,0.7916,False,1.3056,0.7707,typology-v1-f9da2ebe,ML_ESTIMATED
LTFRB_PUJ1073,0,Long Regional Connector,0.489,False,0.9224,0.3537,typology-v1-f9da2ebe,ML_ESTIMATED
LTFRB_PUJ1074,0,Long Regional Connector,0.4754,False,0.6937,0.2193,typology-v1-f9da2ebe,ML_ESTIMATED
LTFRB_PUJ1075,0,Long Regional Connector,0.9287,False,1.3656,0.7667,typology-v1-f9da2ebe,ML_ESTIMATED
LTFRB_PUJ1076,0,Long Regional Connector,1.0234,False,1.4495,0.8591,typology-v1-f9da2ebe,ML_ESTIMATED
LTFRB_PUJ1077,0,Long Regional Connector,0.4375,False,0.7184,0.5265,typology-v1-f9da2ebe,ML_ESTIMATED
LTFRB_PUJ1078,0,Long Regional Connector,0.387,False,0.848,0.4761,typology-v1-f9da2ebe,ML_ESTIMATED
LTFRB_PUJ1079,0,Long Regional Connector,0.4012,False,0.9949,0.336,typology-v1-f9da2ebe,ML_ESTIMATED
LTFRB_PUJ1080,0,Long Regional Connector,0.4476,False,0.9376,0.2281,typology-v1-f9da2ebe,ML_ESTIMATED
LTFRB_PUJ1081,0,Long Regional Connector,1.1358,False,-0.0656,0.1133,typology-v1-f9da2ebe,ML_ESTIMATED
LTFRB_PUJ1083,0,Long Regional Connector,1.1609,False,1.6737,-0.1887,typology-v1-f9da2ebe,ML_ESTIMATED
LTFRB_PUJ1084,0,Long Regional Connector,1.1735,False,1.5472,-0.2287,typology-v1-f9da2ebe,ML_ESTIMATED
LTFRB_PUJ1085,0,Long Regional Connector,0.3967,False,0.4355,0.5287,typology-v1-f9da2ebe,ML_ESTIMATED
LTFRB_PUJ1086,0,Long Regional Connector,0.3507,False,0.4723,0.4824,typology-v1-f9da2ebe,ML_ESTIMATED
LTFRB_PUJ1087,0,Long Regional Connector,0.9789,False,0.1446,-0.2219,typology-v1-f9da2ebe,ML_ESTIMATED
LTFRB_PUJ1088,0,Long Regional Connector,0.8939,False,0.3896,-0.3482,typology-v1-f9da2ebe,ML_ESTIMATED
LTFRB_PUJ1089,0,Long Regional Connector,0.4378,False,1.0781,0.5983,typology-v1-f9da2ebe,ML_ESTIMATED
LTFRB_PUJ1090,0,Long Regional Connector,0.4563,False,1.0828,0.6069,typology-v1-f9da2ebe,ML_ESTIMATED
LTFRB_PUJ1091,0,Long Regional Connector,0.785,False,1.2523,0.7815,typology-v1-f9da2ebe,ML_ESTIMATED
LTFRB_PUJ1094,0,Long Regional Connector,0.545,False,1.0545,0.3938,typology-v1-f9da2ebe,ML_ESTIMATED
LTFRB_PUJ1095,0,Long Regional Connector,1.6767,False,1.247,-1.1585,typology-v1-f9da2ebe,ML_ESTIMATED
LTFRB_PUJ1096,0,Long Regional Connector,1.6767,False,1.247,-1.1585,typology-v1-f9da2ebe,ML_ESTIMATED
LTFRB_PUJ1097,0,Long Regional Connector,1.6464,False,1.1526,-1.1365,typology-v1-f9da2ebe,ML_ESTIMATED
LTFRB_PUJ1098,0,Long Regional Connector,1.4903,False,1.3984,-0.904,typology-v1-f9da2ebe,ML_ESTIMATED
LTFRB_PUJ1099,0,Long Regional Connector,1.4763,False,-0.0948,-0.339,typology-v1-f9da2ebe,ML_ESTIMATED
LTFRB_PUJ1100,0,Long Regional Connector,0.8215,False,0.1808,-0.0843,typology-v1-f9da2ebe,ML_ESTIMATED
LTFRB_PUJ1101,2,Dense Urban Trunk,0.8953,False,2.9747,-0.1994,typology-v1-f9da2ebe,ML_ESTIMATED
LTFRB_PUJ1102,2,Dense Urban Trunk,0.7648,False,3.0243,-0.2245,typology-v1-f9da2ebe,ML_ESTIMATED
LTFRB_PUJ1103,1,High-Stop-Density Core,1.3343,False,-2.214,0.8113,typology-v1-f9da2ebe,ML_ESTIMATED
LTFRB_PUJ1104,1,High-Stop-Density Core,1.1538,False,-2.261,0.8285,typology-v1-f9da2ebe,ML_ESTIMATED
LTFRB_PUJ1105,1,High-Stop-Density Core,1.4328,False,-2.3929,0.8018,typology-v1-f9da2ebe,ML_ESTIMATED
LTFRB_PUJ1106,1,High-Stop-Density Core,1.3561,False,-2.3655,0.7851,typology-v1-f9da2ebe,ML_ESTIMATED
LTFRB_PUJ1107,3,Local Feeder,2.3579,False,0.7474,-3.6777,typology-v1-f9da2ebe,ML_ESTIMATED
LTFRB_PUJ1108,3,Local Feeder,2.5137,False,0.9502,-3.7081,typology-v1-f9da2ebe,ML_ESTIMATED
LTFRB_PUJ1109,0,Long Regional Connector,1.3016,False,1.6432,0.7461,typology-v1-f9da2ebe,ML_ESTIMATED
LTFRB_PUJ1110,0,Long Regional Connector,1.2482,False,1.6172,0.755,typology-v1-f9da2ebe,ML_ESTIMATED
LTFRB_PUJ1111,1,High-Stop-Density Core,0.6157,False,-1.2745,0.6262,typology-v1-f9da2ebe,ML_ESTIMATED
LTFRB_PUJ1112,1,High-Stop-Density Core,0.7597,False,-1.1064,0.6543,typology-v1-f9da2ebe,ML_ESTIMATED
LTFRB_PUJ1113,3,Local Feeder,1.5306,False,-2.4785,-1.917,typology-v1-f9da2ebe,ML_ESTIMATED
LTFRB_PUJ1114,3,Local Feeder,2.8567,False,-2.2534,-1.2045,typology-v1-f9da2ebe,ML_ESTIMATED
LTFRB_PUJ1116,1,High-Stop-Density Core,1.631,False,-0.2235,-0.0078,typology-v1-f9da2ebe,ML_ESTIMATED
LTFRB_PUJ1117,1,High-Stop-Density Core,1.2471,False,-0.5005,0.5872,typology-v1-f9da2ebe,ML_ESTIMATED
LTFRB_PUJ1118,0,Long Regional Connector,1.514,False,-0.1389,0.3127,typology-v1-f9da2ebe,ML_ESTIMATED
LTFRB_PUJ1121,1,High-Stop-Density Core,0.6461,False,-1.9737,0.7322,typology-v1-f9da2ebe,ML_ESTIMATED
LTFRB_PUJ1122,1,High-Stop-Density Core,0.5114,False,-1.9072,0.702,typology-v1-f9da2ebe,ML_ESTIMATED
LTFRB_PUJ1123,1,High-Stop-Density Core,0.8335,False,-2.0447,0.9124,typology-v1-f9da2ebe,ML_ESTIMATED
LTFRB_PUJ1124,1,High-Stop-Density Core,0.9226,False,-2.1783,0.8679,typology-v1-f9da2ebe,ML_ESTIMATED
LTFRB_PUJ1125,1,High-Stop-Density Core,0.6708,False,-1.4521,0.9231,typology-v1-f9da2ebe,ML_ESTIMATED
LTFRB_PUJ1128,1,High-Stop-Density Core,0.565,False,-1.5973,0.8025,typology-v1-f9da2ebe,ML_ESTIMATED
LTFRB_PUJ1129,1,High-Stop-Density Core,23.2802,True,-3.4205,-1.2463,typology-v1-f9da2ebe,ML_ESTIMATED
LTFRB_PUJ1130,1,High-Stop-Density Core,0.9352,False,-1.4019,0.9516,typology-v1-f9da2ebe,ML_ESTIMATED
LTFRB_PUJ1131,1,High-Stop-Density Core,0.9352,False,-1.4019,0.9516,typology-v1-f9da2ebe,ML_ESTIMATED
LTFRB_PUJ1132,2,Dense Urban Trunk,1.6298,False,1.819,0.5304,typology-v1-f9da2ebe,ML_ESTIMATED
LTFRB_PUJ1133,2,Dense Urban Trunk,1.6298,False,1.819,0.5304,typology-v1-f9da2ebe,ML_ESTIMATED
LTFRB_PUJ1134,1,High-Stop-Density Core,2.7121,False,-1.6376,0.2636,typology-v1-f9da2ebe,ML_ESTIMATED
LTFRB_PUJ1135,1,High-Stop-Density Core,2.7121,False,-1.6376,0.2636,typology-v1-f9da2ebe,ML_ESTIMATED
LTFRB_PUJ1136,2,Dense Urban Trunk,1.6166,False,2.5235,0.6433,typology-v1-f9da2ebe,ML_ESTIMATED
LTFRB_PUJ1137,2,Dense Urban Trunk,1.6262,False,2.0533,0.7968,typology-v1-f9da2ebe,ML_ESTIMATED
LTFRB_PUJ1138,1,High-Stop-Density Core,1.3363,False,-2.185,0.674,typology-v1-f9da2ebe,ML_ESTIMATED
LTFRB_PUJ1139,1,High-Stop-Density Core,1.9396,False,-2.1728,0.6213,typology-v1-f9da2ebe,ML_ESTIMATED
LTFRB_PUJ1140,0,Long Regional Connector,1.4537,False,0.8772,0.8896,typology-v1-f9da2ebe,ML_ESTIMATED
LTFRB_PUJ1141,0,Long Regional Connector,1.4582,False,0.5456,0.8779,typology-v1-f9da2ebe,ML_ESTIMATED
LTFRB_PUJ1142,1,High-Stop-Density Core,2.5877,False,-1.6205,0.5968,typology-v1-f9da2ebe,ML_ESTIMATED
LTFRB_PUJ1143,1,High-Stop-Density Core,2.5877,False,-1.6205,0.5968,typology-v1-f9da2ebe,ML_ESTIMATED
LTFRB_PUJ1144,1,High-Stop-Density Core,1.7499,False,-1.1387,1.5406,typology-v1-f9da2ebe,ML_ESTIMATED
LTFRB_PUJ1145,1,High-Stop-Density Core,2.2912,False,-0.9097,1.7101,typology-v1-f9da2ebe,ML_ESTIMATED
LTFRB_PUJ1146,2,Dense Urban Trunk,0.5878,False,3.3274,-0.6289,typology-v1-f9da2ebe,ML_ESTIMATED
LTFRB_PUJ1147,2,Dense Urban Trunk,0.6661,False,3.4498,-0.6498,typology-v1-f9da2ebe,ML_ESTIMATED
LTFRB_PUJ1148,3,Local Feeder,1.4276,False,-2.057,-2.1775,typology-v1-f9da2ebe,ML_ESTIMATED
LTFRB_PUJ1149,3,Local Feeder,1.4299,False,-2.0566,-2.1775,typology-v1-f9da2ebe,ML_ESTIMATED
LTFRB_PUJ1150,0,Long Regional Connector,0.9389,False,0.9558,0.6791,typology-v1-f9da2ebe,ML_ESTIMATED
LTFRB_PUJ1151,0,Long Regional Connector,0.9833,False,0.9457,0.679,typology-v1-f9da2ebe,ML_ESTIMATED
LTFRB_PUJ1152,2,Dense Urban Trunk,2.952,False,5.7754,-0.6398,typology-v1-f9da2ebe,ML_ESTIMATED
LTFRB_PUJ1153,2,Dense Urban Trunk,3.0113,True,5.8642,-0.662,typology-v1-f9da2ebe,ML_ESTIMATED
LTFRB_PUJ1154,2,Dense Urban Trunk,2.0135,False,4.0539,-1.6088,typology-v1-f9da2ebe,ML_ESTIMATED
LTFRB_PUJ1155,2,Dense Urban Trunk,1.9607,False,4.1076,-1.5169,typology-v1-f9da2ebe,ML_ESTIMATED
LTFRB_PUJ1156,2,Dense Urban Trunk,3.6291,True,6.0432,-0.4076,typology-v1-f9da2ebe,ML_ESTIMATED
LTFRB_PUJ1157,2,Dense Urban Trunk,3.263,True,5.6494,-0.5847,typology-v1-f9da2ebe,ML_ESTIMATED
LTFRB_PUJ1159,1,High-Stop-Density Core,2.0833,False,-1.8722,0.9604,typology-v1-f9da2ebe,ML_ESTIMATED
LTFRB_PUJ1160,1,High-Stop-Density Core,1.0104,False,-1.1429,0.5719,typology-v1-f9da2ebe,ML_ESTIMATED
LTFRB_PUJ1161,1,High-Stop-Density Core,1.1968,False,-1.1309,0.5565,typology-v1-f9da2ebe,ML_ESTIMATED
LTFRB_PUJ1162,1,High-Stop-Density Core,1.0676,False,-2.0318,0.925,typology-v1-f9da2ebe,ML_ESTIMATED
LTFRB_PUJ1163,1,High-Stop-Density Core,0.9836,False,-2.0594,0.9425,typology-v1-f9da2ebe,ML_ESTIMATED
LTFRB_PUJ1164,0,Long Regional Connector,0.692,False,1.1285,0.893,typology-v1-f9da2ebe,ML_ESTIMATED
LTFRB_PUJ1165,0,Long Regional Connector,0.8027,False,1.0141,0.932,typology-v1-f9da2ebe,ML_ESTIMATED
LTFRB_PUJ1166,0,Long Regional Connector,0.5437,False,0.8886,0.4873,typology-v1-f9da2ebe,ML_ESTIMATED
LTFRB_PUJ1167,0,Long Regional Connector,0.4494,False,0.8494,0.3608,typology-v1-f9da2ebe,ML_ESTIMATED
LTFRB_PUJ1168,0,Long Regional Connector,0.5041,False,0.6782,0.7818,typology-v1-f9da2ebe,ML_ESTIMATED
LTFRB_PUJ1169,0,Long Regional Connector,0.5666,False,0.793,0.8865,typology-v1-f9da2ebe,ML_ESTIMATED
LTFRB_PUJ1170,0,Long Regional Connector,1.0118,False,0.0651,0.2629,typology-v1-f9da2ebe,ML_ESTIMATED
LTFRB_PUJ1171,0,Long Regional Connector,0.4534,False,0.4213,0.5738,typology-v1-f9da2ebe,ML_ESTIMATED
LTFRB_PUJ1172,1,High-Stop-Density Core,2.2511,False,-1.896,0.9535,typology-v1-f9da2ebe,ML_ESTIMATED
LTFRB_PUJ1173,1,High-Stop-Density Core,2.0101,False,-1.8912,0.9125,typology-v1-f9da2ebe,ML_ESTIMATED
LTFRB_PUJ1174,0,Long Regional Connector,1.0016,False,1.255,1.094,typology-v1-f9da2ebe,ML_ESTIMATED
LTFRB_PUJ1175,0,Long Regional Connector,1.019,False,1.227,1.1036,typology-v1-f9da2ebe,ML_ESTIMATED
LTFRB_PUJ1176,0,Long Regional Connector,0.7456,False,1.0838,0.96,typology-v1-f9da2ebe,ML_ESTIMATED
LTFRB_PUJ1177,0,Long Regional Connector,0.8817,False,1.0543,1.0225,typology-v1-f9da2ebe,ML_ESTIMATED
LTFRB_PUJ1178,0,Long Regional Connector,0.4059,False,0.853,0.4794,typology-v1-f9da2ebe,ML_ESTIMATED
LTFRB_PUJ1179,0,Long Regional Connector,0.4064,False,0.7241,0.5316,typology-v1-f9da2ebe,ML_ESTIMATED
LTFRB_PUJ1180,0,Long Regional Connector,1.1811,False,-0.3061,0.7857,typology-v1-f9da2ebe,ML_ESTIMATED
LTFRB_PUJ1181,0,Long Regional Connector,1.1674,False,-0.2755,0.8234,typology-v1-f9da2ebe,ML_ESTIMATED
LTFRB_PUJ1182,1,High-Stop-Density Core,0.7539,False,-1.9808,0.385,typology-v1-f9da2ebe,ML_ESTIMATED
LTFRB_PUJ1183,1,High-Stop-Density Core,0.6591,False,-1.961,0.3656,typology-v1-f9da2ebe,ML_ESTIMATED
LTFRB_PUJ1184,0,Long Regional Connector,2.0813,False,0.0871,0.8394,typology-v1-f9da2ebe,ML_ESTIMATED
LTFRB_PUJ1185,0,Long Regional Connector,2.0854,False,0.0517,0.8485,typology-v1-f9da2ebe,ML_ESTIMATED
LTFRB_PUJ1186,0,Long Regional Connector,0.6525,False,0.1211,0.5773,typology-v1-f9da2ebe,ML_ESTIMATED
LTFRB_PUJ1187,0,Long Regional Connector,0.6514,False,0.212,0.6731,typology-v1-f9da2ebe,ML_ESTIMATED
LTFRB_PUJ1188,1,High-Stop-Density Core,1.9273,False,-1.4284,1.1864,typology-v1-f9da2ebe,ML_ESTIMATED
LTFRB_PUJ1189,1,High-Stop-Density Core,1.7794,False,-1.1641,1.2446,typology-v1-f9da2ebe,ML_ESTIMATED
LTFRB_PUJ1190,1,High-Stop-Density Core,1.934,False,-1.4604,1.2043,typology-v1-f9da2ebe,ML_ESTIMATED
LTFRB_PUJ1191,1,High-Stop-Density Core,1.6261,False,-1.4091,1.1686,typology-v1-f9da2ebe,ML_ESTIMATED
LTFRB_PUJ1192,1,High-Stop-Density Core,1.8495,False,-1.2926,1.1711,typology-v1-f9da2ebe,ML_ESTIMATED
LTFRB_PUJ1193,1,High-Stop-Density Core,1.8161,False,-1.2477,1.1556,typology-v1-f9da2ebe,ML_ESTIMATED
LTFRB_PUJ1194,0,Long Regional Connector,1.6708,False,-0.5506,1.2336,typology-v1-f9da2ebe,ML_ESTIMATED
LTFRB_PUJ1195,0,Long Regional Connector,1.6846,False,-0.5436,1.2333,typology-v1-f9da2ebe,ML_ESTIMATED
LTFRB_PUJ1196,1,High-Stop-Density Core,1.6819,False,-1.457,0.0037,typology-v1-f9da2ebe,ML_ESTIMATED
LTFRB_PUJ1197,1,High-Stop-Density Core,1.661,False,-1.5162,0.0597,typology-v1-f9da2ebe,ML_ESTIMATED
LTFRB_PUJ1198,1,High-Stop-Density Core,1.3715,False,-2.4082,0.6968,typology-v1-f9da2ebe,ML_ESTIMATED
LTFRB_PUJ1199,1,High-Stop-Density Core,0.8984,False,-2.2443,0.7443,typology-v1-f9da2ebe,ML_ESTIMATED
LTFRB_PUJ1200,0,Long Regional Connector,1.4,False,1.6369,-0.4471,typology-v1-f9da2ebe,ML_ESTIMATED
LTFRB_PUJ1201,0,Long Regional Connector,1.1578,False,1.3604,-0.4787,typology-v1-f9da2ebe,ML_ESTIMATED
LTFRB_PUJ1202,1,High-Stop-Density Core,1.7564,False,-0.6982,-0.9667,typology-v1-f9da2ebe,ML_ESTIMATED
LTFRB_PUJ1203,1,High-Stop-Density Core,1.6895,False,-0.8142,-1.0239,typology-v1-f9da2ebe,ML_ESTIMATED
LTFRB_PUJ1204,0,Long Regional Connector,0.5446,False,0.7562,-0.1189,typology-v1-f9da2ebe,ML_ESTIMATED
LTFRB_PUJ1205,0,Long Regional Connector,0.599,False,0.9436,-0.0991,typology-v1-f9da2ebe,ML_ESTIMATED
LTFRB_PUJ1206,1,High-Stop-Density Core,1.222,False,-0.8854,-0.2446,typology-v1-f9da2ebe,ML_ESTIMATED
LTFRB_PUJ1207,1,High-Stop-Density Core,1.2486,False,-0.8907,-0.2452,typology-v1-f9da2ebe,ML_ESTIMATED
LTFRB_PUJ1208,3,Local Feeder,1.0718,False,-1.131,-1.7094,typology-v1-f9da2ebe,ML_ESTIMATED
LTFRB_PUJ1209,3,Local Feeder,1.301,False,-0.9489,-1.8029,typology-v1-f9da2ebe,ML_ESTIMATED
LTFRB_PUJ1210,3,Local Feeder,0.9096,False,-1.2637,-1.7299,typology-v1-f9da2ebe,ML_ESTIMATED
LTFRB_PUJ1211,3,Local Feeder,1.0215,False,-1.3889,-1.6766,typology-v1-f9da2ebe,ML_ESTIMATED
LTFRB_PUJ1212,1,High-Stop-Density Core,2.035,False,-0.8453,-0.2356,typology-v1-f9da2ebe,ML_ESTIMATED
LTFRB_PUJ1213,1,High-Stop-Density Core,1.8519,False,-0.7441,-0.1058,typology-v1-f9da2ebe,ML_ESTIMATED
LTFRB_PUJ1214,1,High-Stop-Density Core,1.3503,False,-2.1517,-0.206,typology-v1-f9da2ebe,ML_ESTIMATED
LTFRB_PUJ1215,1,High-Stop-Density Core,1.3503,False,-2.1517,-0.206,typology-v1-f9da2ebe,ML_ESTIMATED
LTFRB_PUJ1216,1,High-Stop-Density Core,0.5028,False,-1.6804,0.2178,typology-v1-f9da2ebe,ML_ESTIMATED
LTFRB_PUJ1217,1,High-Stop-Density Core,0.5028,False,-1.6804,0.2178,typology-v1-f9da2ebe,ML_ESTIMATED
LTFRB_PUJ1218,2,Dense Urban Trunk,1.7112,False,1.8418,-1.1195,typology-v1-f9da2ebe,ML_ESTIMATED
LTFRB_PUJ1219,2,Dense Urban Trunk,1.7112,False,1.8418,-1.1195,typology-v1-f9da2ebe,ML_ESTIMATED
LTFRB_PUJ1220,1,High-Stop-Density Core,2.0595,False,-2.1455,-1.0683,typology-v1-f9da2ebe,ML_ESTIMATED
LTFRB_PUJ1221,1,High-Stop-Density Core,1.8115,False,-2.2007,-1.0085,typology-v1-f9da2ebe,ML_ESTIMATED
LTFRB_PUJ1222,1,High-Stop-Density Core,0.909,False,-1.6129,-0.2051,typology-v1-f9da2ebe,ML_ESTIMATED
LTFRB_PUJ1223,1,High-Stop-Density Core,1.0169,False,-1.6467,-0.1089,typology-v1-f9da2ebe,ML_ESTIMATED
LTFRB_PUJ1224,0,Long Regional Connector,0.9923,False,0.7527,1.1369,typology-v1-f9da2ebe,ML_ESTIMATED
LTFRB_PUJ1225,0,Long Regional Connector,1.0691,False,0.482,1.0629,typology-v1-f9da2ebe,ML_ESTIMATED
LTFRB_PUJ1226,0,Long Regional Connector,0.7624,False,1.2169,0.8535,typology-v1-f9da2ebe,ML_ESTIMATED
LTFRB_PUJ1227,0,Long Regional Connector,0.8462,False,1.2861,0.9351,typology-v1-f9da2ebe,ML_ESTIMATED
LTFRB_PUJ1228,1,High-Stop-Density Core,2.6199,False,-2.4517,-0.0127,typology-v1-f9da2ebe,ML_ESTIMATED
LTFRB_PUJ1229,1,High-Stop-Density Core,2.6199,False,-2.4517,-0.0127,typology-v1-f9da2ebe,ML_ESTIMATED
LTFRB_PUJ1230,0,Long Regional Connector,1.1831,False,1.4552,1.085,typology-v1-f9da2ebe,ML_ESTIMATED
LTFRB_PUJ1232,0,Long Regional Connector,0.8082,False,0.2494,1.0019,typology-v1-f9da2ebe,ML_ESTIMATED
LTFRB_PUJ1233,0,Long Regional Connector,1.0266,False,-0.1189,0.8769,typology-v1-f9da2ebe,ML_ESTIMATED
LTFRB_PUJ1234,2,Dense Urban Trunk,0.5999,False,2.8705,0.1898,typology-v1-f9da2ebe,ML_ESTIMATED
LTFRB_PUJ1235,2,Dense Urban Trunk,0.6914,False,3.032,0.158,typology-v1-f9da2ebe,ML_ESTIMATED
LTFRB_PUJ1236,1,High-Stop-Density Core,2.1197,False,-1.6906,-0.1954,typology-v1-f9da2ebe,ML_ESTIMATED
LTFRB_PUJ1237,1,High-Stop-Density Core,1.7978,False,-1.8183,-0.1126,typology-v1-f9da2ebe,ML_ESTIMATED
LTFRB_PUJ1238,1,High-Stop-Density Core,1.6556,False,-0.6935,1.3522,typology-v1-f9da2ebe,ML_ESTIMATED
LTFRB_PUJ1239,1,High-Stop-Density Core,1.7311,False,-0.7131,1.3665,typology-v1-f9da2ebe,ML_ESTIMATED
LTFRB_PUJ1240,2,Dense Urban Trunk,3.6925,True,6.379,0.1298,typology-v1-f9da2ebe,ML_ESTIMATED
LTFRB_PUJ1241,2,Dense Urban Trunk,3.7994,True,6.5965,0.0845,typology-v1-f9da2ebe,ML_ESTIMATED
LTFRB_PUJ1243,1,High-Stop-Density Core,0.9098,False,-1.9478,0.6833,typology-v1-f9da2ebe,ML_ESTIMATED
LTFRB_PUJ1244,0,Long Regional Connector,0.6035,False,0.2975,0.2858,typology-v1-f9da2ebe,ML_ESTIMATED
LTFRB_PUJ1245,0,Long Regional Connector,0.5567,False,0.3985,0.2637,typology-v1-f9da2ebe,ML_ESTIMATED
LTFRB_PUJ1246,0,Long Regional Connector,0.7144,False,1.0252,0.8774,typology-v1-f9da2ebe,ML_ESTIMATED
LTFRB_PUJ1247,0,Long Regional Connector,0.843,False,1.327,0.7825,typology-v1-f9da2ebe,ML_ESTIMATED
LTFRB_PUJ1248,1,High-Stop-Density Core,1.2696,False,-1.7814,0.6166,typology-v1-f9da2ebe,ML_ESTIMATED
LTFRB_PUJ1249,1,High-Stop-Density Core,3.8015,True,-1.3277,0.3676,typology-v1-f9da2ebe,ML_ESTIMATED
LTFRB_PUJ1250,1,High-Stop-Density Core,3.0452,True,-2.398,-0.2237,typology-v1-f9da2ebe,ML_ESTIMATED
LTFRB_PUJ1251,1,High-Stop-Density Core,3.0452,True,-2.398,-0.2237,typology-v1-f9da2ebe,ML_ESTIMATED
LTFRB_PUJ1252,1,High-Stop-Density Core,0.9562,False,-1.4716,0.3358,typology-v1-f9da2ebe,ML_ESTIMATED
LTFRB_PUJ1253,1,High-Stop-Density Core,0.5262,False,-1.3921,0.2244,typology-v1-f9da2ebe,ML_ESTIMATED
LTFRB_PUJ1254,1,High-Stop-Density Core,1.7726,False,-2.0517,1.0023,typology-v1-f9da2ebe,ML_ESTIMATED
LTFRB_PUJ1255,1,High-Stop-Density Core,1.5835,False,-1.824,0.9789,typology-v1-f9da2ebe,ML_ESTIMATED
LTFRB_PUJ1256,1,High-Stop-Density Core,1.4814,False,-1.7752,1.1973,typology-v1-f9da2ebe,ML_ESTIMATED
LTFRB_PUJ1257,1,High-Stop-Density Core,1.3377,False,-1.7072,1.2367,typology-v1-f9da2ebe,ML_ESTIMATED
LTFRB_PUJ1258,0,Long Regional Connector,1.7722,False,0.9588,1.7204,typology-v1-f9da2ebe,ML_ESTIMATED
LTFRB_PUJ1259,0,Long Regional Connector,1.8042,False,0.9957,1.6995,typology-v1-f9da2ebe,ML_ESTIMATED
LTFRB_PUJ1260,0,Long Regional Connector,1.0758,False,-0.0633,0.971,typology-v1-f9da2ebe,ML_ESTIMATED
LTFRB_PUJ1261,0,Long Regional Connector,1.1317,False,-0.2411,0.738,typology-v1-f9da2ebe,ML_ESTIMATED
LTFRB_PUJ1262,0,Long Regional Connector,0.5761,False,0.2543,0.4992,typology-v1-f9da2ebe,ML_ESTIMATED
LTFRB_PUJ1263,0,Long Regional Connector,1.2971,False,-0.37,0.166,typology-v1-f9da2ebe,ML_ESTIMATED
LTFRB_PUJ1264,0,Long Regional Connector,1.7542,False,1.4985,0.6437,typology-v1-f9da2ebe,ML_ESTIMATED
LTFRB_PUJ1265,0,Long Regional Connector,1.7947,False,1.5301,0.635,typology-v1-f9da2ebe,ML_ESTIMATED
LTFRB_PUJ1266,1,High-Stop-Density Core,1.7154,False,-1.0618,1.2763,typology-v1-f9da2ebe,ML_ESTIMATED
LTFRB_PUJ1267,1,High-Stop-Density Core,1.3874,False,-1.0734,1.3348,typology-v1-f9da2ebe,ML_ESTIMATED
LTFRB_PUJ1268,0,Long Regional Connector,2.0049,False,-0.0733,1.1644,typology-v1-f9da2ebe,ML_ESTIMATED
LTFRB_PUJ1269,0,Long Regional Connector,2.1462,False,0.0065,1.1329,typology-v1-f9da2ebe,ML_ESTIMATED
LTFRB_PUJ1270,0,Long Regional Connector,0.8087,False,0.8169,1.1073,typology-v1-f9da2ebe,ML_ESTIMATED
LTFRB_PUJ1271,0,Long Regional Connector,1.0043,False,0.5242,1.0511,typology-v1-f9da2ebe,ML_ESTIMATED
LTFRB_PUJ1272,0,Long Regional Connector,2.0145,False,1.0405,1.8571,typology-v1-f9da2ebe,ML_ESTIMATED
LTFRB_PUJ1273,0,Long Regional Connector,2.3907,True,1.2073,2.0345,typology-v1-f9da2ebe,ML_ESTIMATED
LTFRB_PUJ1274,0,Long Regional Connector,0.9982,False,0.3714,0.9623,typology-v1-f9da2ebe,ML_ESTIMATED
LTFRB_PUJ1275,0,Long Regional Connector,0.8632,False,0.4438,0.9401,typology-v1-f9da2ebe,ML_ESTIMATED
LTFRB_PUJ1276,1,High-Stop-Density Core,1.5834,False,-2.0557,1.0517,typology-v1-f9da2ebe,ML_ESTIMATED
LTFRB_PUJ1277,1,High-Stop-Density Core,1.5834,False,-2.0557,1.0517,typology-v1-f9da2ebe,ML_ESTIMATED
LTFRB_PUJ1278,0,Long Regional Connector,1.6535,False,-0.2208,1.28,typology-v1-f9da2ebe,ML_ESTIMATED
LTFRB_PUJ1279,0,Long Regional Connector,1.6339,False,-0.2275,1.2806,typology-v1-f9da2ebe,ML_ESTIMATED
LTFRB_PUJ1280,1,High-Stop-Density Core,1.1643,False,-0.6731,0.762,typology-v1-f9da2ebe,ML_ESTIMATED
LTFRB_PUJ1281,1,High-Stop-Density Core,1.1625,False,-0.7103,0.7727,typology-v1-f9da2ebe,ML_ESTIMATED
LTFRB_PUJ1282,0,Long Regional Connector,2.3644,True,0.1099,1.5215,typology-v1-f9da2ebe,ML_ESTIMATED
LTFRB_PUJ1283,0,Long Regional Connector,1.9045,False,0.0933,1.5639,typology-v1-f9da2ebe,ML_ESTIMATED
LTFRB_PUJ1284,0,Long Regional Connector,1.3123,False,0.0652,1.3435,typology-v1-f9da2ebe,ML_ESTIMATED
LTFRB_PUJ1285,0,Long Regional Connector,1.3123,False,0.0652,1.3435,typology-v1-f9da2ebe,ML_ESTIMATED
LTFRB_PUJ1286,1,High-Stop-Density Core,2.0509,False,-2.3966,0.5957,typology-v1-f9da2ebe,ML_ESTIMATED
LTFRB_PUJ1288,0,Long Regional Connector,1.2498,False,1.2707,1.31,typology-v1-f9da2ebe,ML_ESTIMATED
LTFRB_PUJ1289,0,Long Regional Connector,1.2024,False,0.9825,1.2492,typology-v1-f9da2ebe,ML_ESTIMATED
LTFRB_PUJ1290,1,High-Stop-Density Core,1.1191,False,-2.064,0.9531,typology-v1-f9da2ebe,ML_ESTIMATED
LTFRB_PUJ1291,1,High-Stop-Density Core,1.1191,False,-2.064,0.9531,typology-v1-f9da2ebe,ML_ESTIMATED
LTFRB_PUJ1292,1,High-Stop-Density Core,0.745,False,-1.9154,-0.1983,typology-v1-f9da2ebe,ML_ESTIMATED
LTFRB_PUJ1293,1,High-Stop-Density Core,0.4104,False,-1.7404,0.3287,typology-v1-f9da2ebe,ML_ESTIMATED
LTFRB_PUJ1294,1,High-Stop-Density Core,2.8632,True,-2.368,0.9101,typology-v1-f9da2ebe,ML_ESTIMATED
LTFRB_PUJ1295,1,High-Stop-Density Core,2.8632,True,-2.368,0.9101,typology-v1-f9da2ebe,ML_ESTIMATED
LTFRB_PUJ1296,1,High-Stop-Density Core,1.4389,False,-1.5123,1.1901,typology-v1-f9da2ebe,ML_ESTIMATED
LTFRB_PUJ1297,1,High-Stop-Density Core,1.4248,False,-1.2999,1.3639,typology-v1-f9da2ebe,ML_ESTIMATED
LTFRB_PUJ1298,1,High-Stop-Density Core,1.7325,False,-1.9788,0.8608,typology-v1-f9da2ebe,ML_ESTIMATED
LTFRB_PUJ1299,1,High-Stop-Density Core,1.4807,False,-1.8859,0.6647,typology-v1-f9da2ebe,ML_ESTIMATED
LTFRB_PUJ1300,1,High-Stop-Density Core,0.6576,False,-1.2049,0.6588,typology-v1-f9da2ebe,ML_ESTIMATED
LTFRB_PUJ1301,1,High-Stop-Density Core,0.7255,False,-1.4555,0.8271,typology-v1-f9da2ebe,ML_ESTIMATED
LTFRB_PUJ1304,1,High-Stop-Density Core,1.1819,False,-0.9566,-0.6131,typology-v1-f9da2ebe,ML_ESTIMATED
LTFRB_PUJ1305,3,Local Feeder,1.0098,False,-1.1133,-1.4811,typology-v1-f9da2ebe,ML_ESTIMATED
LTFRB_PUJ1306,1,High-Stop-Density Core,1.6338,False,-0.4349,0.686,typology-v1-f9da2ebe,ML_ESTIMATED
LTFRB_PUJ1307,1,High-Stop-Density Core,1.1757,False,-0.7098,0.364,typology-v1-f9da2ebe,ML_ESTIMATED
LTFRB_PUJ1308,0,Long Regional Connector,1.8918,False,0.3251,-0.0859,typology-v1-f9da2ebe,ML_ESTIMATED
LTFRB_PUJ1309,0,Long Regional Connector,1.8918,False,0.3251,-0.0859,typology-v1-f9da2ebe,ML_ESTIMATED
LTFRB_PUJ1310,3,Local Feeder,2.2359,False,-1.7565,-2.2216,typology-v1-f9da2ebe,ML_ESTIMATED
LTFRB_PUJ1311,3,Local Feeder,1.8487,False,-1.7673,-2.1335,typology-v1-f9da2ebe,ML_ESTIMATED
LTFRB_PUJ1312,1,High-Stop-Density Core,1.5477,False,-1.7083,0.7991,typology-v1-f9da2ebe,ML_ESTIMATED
LTFRB_PUJ1313,1,High-Stop-Density Core,1.5477,False,-1.7083,0.7991,typology-v1-f9da2ebe,ML_ESTIMATED
LTFRB_PUJ1314,2,Dense Urban Trunk,1.9882,False,4.3143,-1.6103,typology-v1-f9da2ebe,ML_ESTIMATED
LTFRB_PUJ1315,2,Dense Urban Trunk,2.0683,False,4.3905,-1.627,typology-v1-f9da2ebe,ML_ESTIMATED
LTFRB_PUJ1316,3,Local Feeder,1.109,False,-2.0519,-2.845,typology-v1-f9da2ebe,ML_ESTIMATED
LTFRB_PUJ1317,3,Local Feeder,0.9484,False,-2.1009,-2.5311,typology-v1-f9da2ebe,ML_ESTIMATED
LTFRB_PUJ1318,1,High-Stop-Density Core,0.6823,False,-0.96,0.3593,typology-v1-f9da2ebe,ML_ESTIMATED
LTFRB_PUJ1319,1,High-Stop-Density Core,0.7256,False,-0.985,0.3567,typology-v1-f9da2ebe,ML_ESTIMATED
LTFRB_PUJ1321,0,Long Regional Connector,1.4131,False,-0.1602,-0.524,typology-v1-f9da2ebe,ML_ESTIMATED
LTFRB_PUJ1322,1,High-Stop-Density Core,0.6197,False,-1.1382,0.0921,typology-v1-f9da2ebe,ML_ESTIMATED
LTFRB_PUJ1323,1,High-Stop-Density Core,0.8524,False,-1.0015,0.1511,typology-v1-f9da2ebe,ML_ESTIMATED
LTFRB_PUJ1324,1,High-Stop-Density Core,1.3709,False,-2.0238,-0.6037,typology-v1-f9da2ebe,ML_ESTIMATED
LTFRB_PUJ1325,1,High-Stop-Density Core,1.2298,False,-2.0817,-0.3743,typology-v1-f9da2ebe,ML_ESTIMATED
LTFRB_PUJ1326,1,High-Stop-Density Core,1.1766,False,-0.7998,0.1359,typology-v1-f9da2ebe,ML_ESTIMATED
LTFRB_PUJ1327,0,Long Regional Connector,1.3164,False,-0.4838,0.4172,typology-v1-f9da2ebe,ML_ESTIMATED
LTFRB_PUJ1328,0,Long Regional Connector,1.5315,False,1.704,1.1228,typology-v1-f9da2ebe,ML_ESTIMATED
LTFRB_PUJ1330,0,Long Regional Connector,1.6361,False,-0.1346,1.0413,typology-v1-f9da2ebe,ML_ESTIMATED
LTFRB_PUJ1331,0,Long Regional Connector,1.8852,False,-0.1068,1.0165,typology-v1-f9da2ebe,ML_ESTIMATED
LTFRB_PUJ1332,0,Long Regional Connector,1.5062,False,0.6875,1.0642,typology-v1-f9da2ebe,ML_ESTIMATED
LTFRB_PUJ1333,0,Long Regional Connector,1.1781,False,0.9029,0.9819,typology-v1-f9da2ebe,ML_ESTIMATED
LTFRB_PUJ1334,0,Long Regional Connector,0.7645,False,0.1405,0.2243,typology-v1-f9da2ebe,ML_ESTIMATED
LTFRB_PUJ1335,0,Long Regional Connector,1.0314,False,0.1743,0.1859,typology-v1-f9da2ebe,ML_ESTIMATED
LTFRB_PUJ1336,1,High-Stop-Density Core,0.9825,False,-2.2292,0.8569,typology-v1-f9da2ebe,ML_ESTIMATED
LTFRB_PUJ1337,1,High-Stop-Density Core,1.4632,False,-2.2661,0.8389,typology-v1-f9da2ebe,ML_ESTIMATED
LTFRB_PUJ1338,1,High-Stop-Density Core,1.8218,False,-1.7775,0.5945,typology-v1-f9da2ebe,ML_ESTIMATED
LTFRB_PUJ1339,1,High-Stop-Density Core,0.9265,False,-2.0297,0.8492,typology-v1-f9da2ebe,ML_ESTIMATED
LTFRB_PUJ1340,0,Long Regional Connector,1.4419,False,1.7217,0.0432,typology-v1-f9da2ebe,ML_ESTIMATED
LTFRB_PUJ1341,0,Long Regional Connector,1.412,False,1.6627,0.0123,typology-v1-f9da2ebe,ML_ESTIMATED
LTFRB_PUJ1342,1,High-Stop-Density Core,0.8558,False,-2.0842,-0.1815,typology-v1-f9da2ebe,ML_ESTIMATED
LTFRB_PUJ1343,1,High-Stop-Density Core,0.8558,False,-2.0842,-0.1815,typology-v1-f9da2ebe,ML_ESTIMATED
LTFRB_PUJ1344,0,Long Regional Connector,1.687,False,-0.6222,0.1367,typology-v1-f9da2ebe,ML_ESTIMATED
LTFRB_PUJ1345,1,High-Stop-Density Core,2.098,False,-0.9503,-0.3835,typology-v1-f9da2ebe,ML_ESTIMATED
LTFRB_PUJ1346,0,Long Regional Connector,2.6135,True,-0.1039,-0.3003,typology-v1-f9da2ebe,ML_ESTIMATED
LTFRB_PUJ1347,1,High-Stop-Density Core,1.3736,False,-0.74,-0.0487,typology-v1-f9da2ebe,ML_ESTIMATED
LTFRB_PUJ1348,2,Dense Urban Trunk,1.3441,False,1.9422,-0.3598,typology-v1-f9da2ebe,ML_ESTIMATED
LTFRB_PUJ1349,2,Dense Urban Trunk,1.4579,False,1.7228,-0.214,typology-v1-f9da2ebe,ML_ESTIMATED
LTFRB_PUJ1350,2,Dense Urban Trunk,2.37,False,5.2646,-0.3599,typology-v1-f9da2ebe,ML_ESTIMATED
LTFRB_PUJ1351,2,Dense Urban Trunk,1.8581,False,4.8155,-0.4078,typology-v1-f9da2ebe,ML_ESTIMATED
LTFRB_PUJ1352,2,Dense Urban Trunk,2.9711,False,5.9684,-0.0392,typology-v1-f9da2ebe,ML_ESTIMATED
LTFRB_PUJ1353,2,Dense Urban Trunk,3.6529,True,6.5898,0.0802,typology-v1-f9da2ebe,ML_ESTIMATED
LTFRB_PUJ1354,0,Long Regional Connector,0.8661,False,0.505,0.5569,typology-v1-f9da2ebe,ML_ESTIMATED
LTFRB_PUJ1355,0,Long Regional Connector,0.9581,False,0.8323,0.5553,typology-v1-f9da2ebe,ML_ESTIMATED
LTFRB_PUJ1356,0,Long Regional Connector,2.3914,True,1.7875,1.7295,typology-v1-f9da2ebe,ML_ESTIMATED
LTFRB_PUJ1357,0,Long Regional Connector,2.3257,True,1.7749,1.7384,typology-v1-f9da2ebe,ML_ESTIMATED
LTFRB_PUJ1358,1,High-Stop-Density Core,1.8213,False,-1.9317,0.8484,typology-v1-f9da2ebe,ML_ESTIMATED
LTFRB_PUJ1359,1,High-Stop-Density Core,6.3515,True,-0.5607,0.505,typology-v1-f9da2ebe,ML_ESTIMATED
LTFRB_PUJ1360,0,Long Regional Connector,0.8799,False,0.2178,0.5146,typology-v1-f9da2ebe,ML_ESTIMATED
LTFRB_PUJ1361,0,Long Regional Connector,1.1369,False,-0.1496,0.9448,typology-v1-f9da2ebe,ML_ESTIMATED
LTFRB_PUJ1362,1,High-Stop-Density Core,0.851,False,-1.8131,0.583,typology-v1-f9da2ebe,ML_ESTIMATED
LTFRB_PUJ1363,1,High-Stop-Density Core,0.6803,False,-1.8222,0.6019,typology-v1-f9da2ebe,ML_ESTIMATED
LTFRB_PUJ1364,0,Long Regional Connector,1.6785,False,1.388,-0.241,typology-v1-f9da2ebe,ML_ESTIMATED
LTFRB_PUJ1365,0,Long Regional Connector,1.5355,False,1.2171,-0.1069,typology-v1-f9da2ebe,ML_ESTIMATED
LTFRB_PUJ1366,1,High-Stop-Density Core,1.9151,False,-1.3668,0.5987,typology-v1-f9da2ebe,ML_ESTIMATED
LTFRB_PUJ1367,1,High-Stop-Density Core,1.6405,False,-1.1888,0.4958,typology-v1-f9da2ebe,ML_ESTIMATED
LTFRB_PUJ1368,1,High-Stop-Density Core,2.2574,False,-0.9505,0.7054,typology-v1-f9da2ebe,ML_ESTIMATED
LTFRB_PUJ1369,1,High-Stop-Density Core,2.3364,False,-0.9251,0.6942,typology-v1-f9da2ebe,ML_ESTIMATED
LTFRB_PUJ1370,0,Long Regional Connector,1.1807,False,0.6687,0.8311,typology-v1-f9da2ebe,ML_ESTIMATED
LTFRB_PUJ1371,0,Long Regional Connector,0.999,False,0.5935,0.792,typology-v1-f9da2ebe,ML_ESTIMATED
LTFRB_PUJ1372,1,High-Stop-Density Core,1.3586,False,-0.9888,-0.6976,typology-v1-f9da2ebe,ML_ESTIMATED
LTFRB_PUJ1373,1,High-Stop-Density Core,1.4209,False,-1.0209,-0.6997,typology-v1-f9da2ebe,ML_ESTIMATED
LTFRB_PUJ1374,2,Dense Urban Trunk,0.8791,False,3.4366,-0.697,typology-v1-f9da2ebe,ML_ESTIMATED
LTFRB_PUJ1375,2,Dense Urban Trunk,0.8311,False,3.411,-0.6894,typology-v1-f9da2ebe,ML_ESTIMATED
LTFRB_PUJ1376,1,High-Stop-Density Core,0.4784,False,-1.4668,0.6893,typology-v1-f9da2ebe,ML_ESTIMATED
LTFRB_PUJ1377,1,High-Stop-Density Core,0.4784,False,-1.4668,0.6893,typology-v1-f9da2ebe,ML_ESTIMATED
LTFRB_PUJ1378,0,Long Regional Connector,0.9541,False,1.0926,-0.0799,typology-v1-f9da2ebe,ML_ESTIMATED
LTFRB_PUJ1379,0,Long Regional Connector,1.1643,False,1.2393,-0.1204,typology-v1-f9da2ebe,ML_ESTIMATED
LTFRB_PUJ1380,0,Long Regional Connector,1.9136,False,-0.3004,-0.9769,typology-v1-f9da2ebe,ML_ESTIMATED
LTFRB_PUJ1381,0,Long Regional Connector,1.9136,False,-0.3004,-0.9769,typology-v1-f9da2ebe,ML_ESTIMATED
LTFRB_PUJ1382,0,Long Regional Connector,0.7928,False,1.3029,0.6889,typology-v1-f9da2ebe,ML_ESTIMATED
LTFRB_PUJ1383,0,Long Regional Connector,1.0521,False,1.5494,0.7483,typology-v1-f9da2ebe,ML_ESTIMATED
LTFRB_PUJ1384,1,High-Stop-Density Core,1.9335,False,-1.9023,-0.5854,typology-v1-f9da2ebe,ML_ESTIMATED
LTFRB_PUJ1385,1,High-Stop-Density Core,1.9802,False,-1.895,-0.5847,typology-v1-f9da2ebe,ML_ESTIMATED
LTFRB_PUJ1386,1,High-Stop-Density Core,0.8111,False,-1.5035,0.8304,typology-v1-f9da2ebe,ML_ESTIMATED
LTFRB_PUJ1387,1,High-Stop-Density Core,0.9974,False,-1.52,0.8481,typology-v1-f9da2ebe,ML_ESTIMATED
LTFRB_PUJ1388,1,High-Stop-Density Core,1.8475,False,-1.174,0.7686,typology-v1-f9da2ebe,ML_ESTIMATED
LTFRB_PUJ1389,1,High-Stop-Density Core,1.5779,False,-0.9404,0.7531,typology-v1-f9da2ebe,ML_ESTIMATED
LTFRB_PUJ1390,1,High-Stop-Density Core,1.0741,False,-2.4454,0.778,typology-v1-f9da2ebe,ML_ESTIMATED
LTFRB_PUJ1391,1,High-Stop-Density Core,2.1155,False,-2.5032,0.8192,typology-v1-f9da2ebe,ML_ESTIMATED
LTFRB_PUJ1392,1,High-Stop-Density Core,1.9604,False,-1.1304,-0.404,typology-v1-f9da2ebe,ML_ESTIMATED
LTFRB_PUJ1393,1,High-Stop-Density Core,1.5408,False,-1.2806,-0.2156,typology-v1-f9da2ebe,ML_ESTIMATED
LTFRB_PUJ1394,2,Dense Urban Trunk,0.6859,False,2.5199,-0.457,typology-v1-f9da2ebe,ML_ESTIMATED
LTFRB_PUJ1395,2,Dense Urban Trunk,0.6293,False,2.5602,-0.4721,typology-v1-f9da2ebe,ML_ESTIMATED
LTFRB_PUJ1396,2,Dense Urban Trunk,0.5641,False,3.5495,-0.2163,typology-v1-f9da2ebe,ML_ESTIMATED
LTFRB_PUJ1397,2,Dense Urban Trunk,0.8554,False,3.7769,-0.0028,typology-v1-f9da2ebe,ML_ESTIMATED
LTFRB_PUJ1398,2,Dense Urban Trunk,0.6269,False,2.9658,-0.0428,typology-v1-f9da2ebe,ML_ESTIMATED
LTFRB_PUJ1399,2,Dense Urban Trunk,0.6454,False,3.0504,-0.0996,typology-v1-f9da2ebe,ML_ESTIMATED
LTFRB_PUJ1400,2,Dense Urban Trunk,0.7146,False,3.4245,0.3263,typology-v1-f9da2ebe,ML_ESTIMATED
LTFRB_PUJ1401,2,Dense Urban Trunk,1.0016,False,3.7337,0.284,typology-v1-f9da2ebe,ML_ESTIMATED
LTFRB_PUJ1402,2,Dense Urban Trunk,0.6465,False,3.1188,0.3786,typology-v1-f9da2ebe,ML_ESTIMATED
LTFRB_PUJ1405,2,Dense Urban Trunk,1.8467,False,4.201,0.732,typology-v1-f9da2ebe,ML_ESTIMATED
LTFRB_PUJ1406,1,High-Stop-Density Core,1.7559,False,-2.2972,-0.8529,typology-v1-f9da2ebe,ML_ESTIMATED
LTFRB_PUJ1407,1,High-Stop-Density Core,1.7559,False,-2.2972,-0.8529,typology-v1-f9da2ebe,ML_ESTIMATED
LTFRB_PUJ1408,1,High-Stop-Density Core,1.6826,False,-1.7384,1.1676,typology-v1-f9da2ebe,ML_ESTIMATED
LTFRB_PUJ1409,1,High-Stop-Density Core,0.9247,False,-1.7058,1.0755,typology-v1-f9da2ebe,ML_ESTIMATED
LTFRB_PUJ1410,1,High-Stop-Density Core,1.0392,False,-2.38,0.9715,typology-v1-f9da2ebe,ML_ESTIMATED
LTFRB_PUJ1411,1,High-Stop-Density Core,1.268,False,-2.3557,0.9633,typology-v1-f9da2ebe,ML_ESTIMATED
LTFRB_PUJ1412,1,High-Stop-Density Core,1.0806,False,-1.5405,-0.1652,typology-v1-f9da2ebe,ML_ESTIMATED
LTFRB_PUJ1413,1,High-Stop-Density Core,1.7006,False,-1.8088,0.0403,typology-v1-f9da2ebe,ML_ESTIMATED
LTFRB_PUJ1414,1,High-Stop-Density Core,0.9337,False,-1.5885,0.46,typology-v1-f9da2ebe,ML_ESTIMATED
LTFRB_PUJ1415,1,High-Stop-Density Core,0.6251,False,-1.9019,0.4707,typology-v1-f9da2ebe,ML_ESTIMATED
LTFRB_PUJ1416,0,Long Regional Connector,0.2977,False,0.9409,0.4679,typology-v1-f9da2ebe,ML_ESTIMATED
LTFRB_PUJ1417,0,Long Regional Connector,0.2498,False,0.9037,0.4861,typology-v1-f9da2ebe,ML_ESTIMATED
LTFRB_PUJ1418,1,High-Stop-Density Core,1.5082,False,-1.1533,1.0803,typology-v1-f9da2ebe,ML_ESTIMATED
LTFRB_PUJ1419,1,High-Stop-Density Core,1.0243,False,-1.377,0.9923,typology-v1-f9da2ebe,ML_ESTIMATED
LTFRB_PUJ1420,1,High-Stop-Density Core,5.4078,True,-1.8064,0.2331,typology-v1-f9da2ebe,ML_ESTIMATED
LTFRB_PUJ1421,1,High-Stop-Density Core,7.0751,True,-1.7096,0.2616,typology-v1-f9da2ebe,ML_ESTIMATED
LTFRB_PUJ1422,3,Local Feeder,1.3187,False,-0.4288,-1.6797,typology-v1-f9da2ebe,ML_ESTIMATED
LTFRB_PUJ1423,3,Local Feeder,1.8219,False,-0.3328,-1.0692,typology-v1-f9da2ebe,ML_ESTIMATED
LTFRB_PUJ1424,3,Local Feeder,0.6874,False,-1.2334,-1.8855,typology-v1-f9da2ebe,ML_ESTIMATED
LTFRB_PUJ1425,3,Local Feeder,0.6874,False,-1.2334,-1.8855,typology-v1-f9da2ebe,ML_ESTIMATED
LTFRB_PUJ1426,2,Dense Urban Trunk,1.2376,False,2.5105,0.4126,typology-v1-f9da2ebe,ML_ESTIMATED
LTFRB_PUJ1427,2,Dense Urban Trunk,1.1011,False,2.5783,0.4033,typology-v1-f9da2ebe,ML_ESTIMATED
LTFRB_PUJ1428,2,Dense Urban Trunk,0.966,False,3.5894,0.2912,typology-v1-f9da2ebe,ML_ESTIMATED
LTFRB_PUJ1429,2,Dense Urban Trunk,1.0344,False,3.3975,0.3505,typology-v1-f9da2ebe,ML_ESTIMATED
LTFRB_PUJ1430,3,Local Feeder,2.1705,False,0.2061,-2.5227,typology-v1-f9da2ebe,ML_ESTIMATED
LTFRB_PUJ1431,3,Local Feeder,2.1705,False,0.2061,-2.5227,typology-v1-f9da2ebe,ML_ESTIMATED
LTFRB_PUJ1432,3,Local Feeder,2.5404,False,-0.8601,-2.1245,typology-v1-f9da2ebe,ML_ESTIMATED
LTFRB_PUJ1433,1,High-Stop-Density Core,1.0313,False,-1.0577,-0.3198,typology-v1-f9da2ebe,ML_ESTIMATED
LTFRB_PUJ1434,3,Local Feeder,1.9309,False,0.1601,-2.1328,typology-v1-f9da2ebe,ML_ESTIMATED
LTFRB_PUJ1435,3,Local Feeder,1.9309,False,0.1601,-2.1328,typology-v1-f9da2ebe,ML_ESTIMATED
LTFRB_PUJ1436,2,Dense Urban Trunk,2.945,False,2.376,-3.0707,typology-v1-f9da2ebe,ML_ESTIMATED
LTFRB_PUJ1437,2,Dense Urban Trunk,2.9311,False,2.3451,-3.0466,typology-v1-f9da2ebe,ML_ESTIMATED
LTFRB_PUJ1438,3,Local Feeder,1.9895,False,-1.5847,-2.4678,typology-v1-f9da2ebe,ML_ESTIMATED
LTFRB_PUJ1439,3,Local Feeder,1.9895,False,-1.5847,-2.4678,typology-v1-f9da2ebe,ML_ESTIMATED
LTFRB_PUJ1440,1,High-Stop-Density Core,1.3744,False,-0.359,-0.1847,typology-v1-f9da2ebe,ML_ESTIMATED
LTFRB_PUJ1441,1,High-Stop-Density Core,1.3825,False,-0.3322,-0.083,typology-v1-f9da2ebe,ML_ESTIMATED
LTFRB_PUJ1442,0,Long Regional Connector,1.5957,False,-0.0803,0.0352,typology-v1-f9da2ebe,ML_ESTIMATED
LTFRB_PUJ1443,0,Long Regional Connector,1.5957,False,-0.0803,0.0352,typology-v1-f9da2ebe,ML_ESTIMATED
LTFRB_PUJ1444,0,Long Regional Connector,1.8997,False,1.1428,0.1585,typology-v1-f9da2ebe,ML_ESTIMATED
LTFRB_PUJ1445,0,Long Regional Connector,1.8997,False,1.1428,0.1585,typology-v1-f9da2ebe,ML_ESTIMATED
LTFRB_PUJ1446,3,Local Feeder,2.6865,False,1.0952,-3.7436,typology-v1-f9da2ebe,ML_ESTIMATED
LTFRB_PUJ1447,3,Local Feeder,2.3953,False,0.7829,-3.6866,typology-v1-f9da2ebe,ML_ESTIMATED
LTFRB_PUJ1448,0,Long Regional Connector,0.991,False,0.8044,0.2992,typology-v1-f9da2ebe,ML_ESTIMATED
LTFRB_PUJ1449,0,Long Regional Connector,0.9752,False,0.9692,0.1051,typology-v1-f9da2ebe,ML_ESTIMATED
LTFRB_PUJ1450,1,High-Stop-Density Core,1.3348,False,-0.9705,-0.8266,typology-v1-f9da2ebe,ML_ESTIMATED
LTFRB_PUJ1451,1,High-Stop-Density Core,1.3526,False,-0.9443,-0.8386,typology-v1-f9da2ebe,ML_ESTIMATED
LTFRB_PUJ1453,0,Long Regional Connector,0.982,False,1.0623,-0.0744,typology-v1-f9da2ebe,ML_ESTIMATED
LTFRB_PUJ1454,3,Local Feeder,2.3314,False,0.7707,-3.669,typology-v1-f9da2ebe,ML_ESTIMATED
LTFRB_PUJ1455,3,Local Feeder,2.1597,False,0.5283,-3.6341,typology-v1-f9da2ebe,ML_ESTIMATED
LTFRB_PUJ1456,1,High-Stop-Density Core,0.775,False,-1.0778,0.1503,typology-v1-f9da2ebe,ML_ESTIMATED
LTFRB_PUJ1457,1,High-Stop-Density Core,0.7324,False,-1.0675,0.1365,typology-v1-f9da2ebe,ML_ESTIMATED
LTFRB_PUJ1458,2,Dense Urban Trunk,0.8345,False,2.8885,0.5448,typology-v1-f9da2ebe,ML_ESTIMATED
LTFRB_PUJ1459,2,Dense Urban Trunk,0.7812,False,2.9132,0.4991,typology-v1-f9da2ebe,ML_ESTIMATED
LTFRB_PUJ1460,2,Dense Urban Trunk,1.5489,False,2.5169,0.994,typology-v1-f9da2ebe,ML_ESTIMATED
LTFRB_PUJ1462,2,Dense Urban Trunk,1.9059,False,2.6075,1.2588,typology-v1-f9da2ebe,ML_ESTIMATED
LTFRB_PUJ1463,2,Dense Urban Trunk,1.8694,False,2.6063,1.2517,typology-v1-f9da2ebe,ML_ESTIMATED
LTFRB_PUJ1464,0,Long Regional Connector,1.7479,False,-0.2472,1.0296,typology-v1-f9da2ebe,ML_ESTIMATED
LTFRB_PUJ1465,0,Long Regional Connector,2.0241,False,0.08,1.173,typology-v1-f9da2ebe,ML_ESTIMATED
LTFRB_PUJ1466,1,High-Stop-Density Core,1.3752,False,-2.2687,0.6043,typology-v1-f9da2ebe,ML_ESTIMATED
LTFRB_PUJ1467,1,High-Stop-Density Core,1.7045,False,-2.2878,0.5937,typology-v1-f9da2ebe,ML_ESTIMATED
LTFRB_PUJ1468,0,Long Regional Connector,2.6147,True,0.8803,-1.1539,typology-v1-f9da2ebe,ML_ESTIMATED
LTFRB_PUJ1469,0,Long Regional Connector,2.6152,True,0.8802,-1.1539,typology-v1-f9da2ebe,ML_ESTIMATED
LTFRB_PUJ1470,0,Long Regional Connector,1.5794,False,-0.1812,1.1696,typology-v1-f9da2ebe,ML_ESTIMATED
LTFRB_PUJ1471,0,Long Regional Connector,1.5953,False,-0.1327,1.1011,typology-v1-f9da2ebe,ML_ESTIMATED
LTFRB_PUJ1472,0,Long Regional Connector,1.397,False,1.4957,-0.4379,typology-v1-f9da2ebe,ML_ESTIMATED
LTFRB_PUJ1473,0,Long Regional Connector,1.4276,False,1.5166,-0.4462,typology-v1-f9da2ebe,ML_ESTIMATED
LTFRB_PUJ1474,2,Dense Urban Trunk,1.5942,False,2.4483,1.0066,typology-v1-f9da2ebe,ML_ESTIMATED
LTFRB_PUJ1475,2,Dense Urban Trunk,1.4334,False,2.5733,0.9716,typology-v1-f9da2ebe,ML_ESTIMATED
LTFRB_PUJ1476,2,Dense Urban Trunk,0.6941,False,2.6526,-0.6184,typology-v1-f9da2ebe,ML_ESTIMATED
LTFRB_PUJ1477,2,Dense Urban Trunk,0.7632,False,2.3779,-0.5358,typology-v1-f9da2ebe,ML_ESTIMATED
LTFRB_PUJ1478,0,Long Regional Connector,1.5304,False,1.7353,1.1201,typology-v1-f9da2ebe,ML_ESTIMATED
LTFRB_PUJ1480,0,Long Regional Connector,1.1965,False,1.5725,0.9986,typology-v1-f9da2ebe,ML_ESTIMATED
LTFRB_PUJ1482,2,Dense Urban Trunk,1.5266,False,2.1322,0.807,typology-v1-f9da2ebe,ML_ESTIMATED
LTFRB_PUJ1483,2,Dense Urban Trunk,1.5546,False,1.9884,0.8322,typology-v1-f9da2ebe,ML_ESTIMATED
LTFRB_PUJ1484,0,Long Regional Connector,1.5067,False,1.5872,1.4012,typology-v1-f9da2ebe,ML_ESTIMATED
LTFRB_PUJ1485,0,Long Regional Connector,1.5621,False,1.5171,1.4293,typology-v1-f9da2ebe,ML_ESTIMATED
LTFRB_PUJ1486,1,High-Stop-Density Core,1.4882,False,-0.9102,0.1703,typology-v1-f9da2ebe,ML_ESTIMATED
LTFRB_PUJ1487,1,High-Stop-Density Core,1.5266,False,-0.9168,0.2569,typology-v1-f9da2ebe,ML_ESTIMATED
LTFRB_PUJ1488,2,Dense Urban Trunk,2.4342,False,2.0733,1.6035,typology-v1-f9da2ebe,ML_ESTIMATED
LTFRB_PUJ1489,0,Long Regional Connector,2.3584,True,2.0099,1.6294,typology-v1-f9da2ebe,ML_ESTIMATED
LTFRB_PUJ1490,0,Long Regional Connector,1.753,False,0.3315,-0.111,typology-v1-f9da2ebe,ML_ESTIMATED
LTFRB_PUJ1491,0,Long Regional Connector,1.803,False,0.0917,-0.3905,typology-v1-f9da2ebe,ML_ESTIMATED
LTFRB_PUJ1492,1,High-Stop-Density Core,0.823,False,-1.6136,-0.3755,typology-v1-f9da2ebe,ML_ESTIMATED
LTFRB_PUJ1493,1,High-Stop-Density Core,0.8275,False,-1.9201,0.0613,typology-v1-f9da2ebe,ML_ESTIMATED
LTFRB_PUJ1494,2,Dense Urban Trunk,0.957,False,2.3979,-0.5266,typology-v1-f9da2ebe,ML_ESTIMATED
LTFRB_PUJ1495,2,Dense Urban Trunk,1.0443,False,2.1125,-0.3775,typology-v1-f9da2ebe,ML_ESTIMATED
LTFRB_PUJ1496,1,High-Stop-Density Core,1.771,False,-1.2464,-0.7868,typology-v1-f9da2ebe,ML_ESTIMATED
LTFRB_PUJ1497,1,High-Stop-Density Core,1.9621,False,-1.2357,-0.8021,typology-v1-f9da2ebe,ML_ESTIMATED
LTFRB_PUJ1498,0,Long Regional Connector,1.4528,False,-0.156,-0.2246,typology-v1-f9da2ebe,ML_ESTIMATED
LTFRB_PUJ1499,0,Long Regional Connector,1.4528,False,-0.156,-0.2246,typology-v1-f9da2ebe,ML_ESTIMATED
LTFRB_PUJ1500,0,Long Regional Connector,2.2146,True,0.759,0.0885,typology-v1-f9da2ebe,ML_ESTIMATED
LTFRB_PUJ1501,0,Long Regional Connector,1.7353,False,0.4641,0.2722,typology-v1-f9da2ebe,ML_ESTIMATED
LTFRB_PUJ1502,1,High-Stop-Density Core,1.2151,False,-0.8869,-0.2445,typology-v1-f9da2ebe,ML_ESTIMATED
LTFRB_PUJ1504,1,High-Stop-Density Core,2.4648,False,-1.7896,-1.1636,typology-v1-f9da2ebe,ML_ESTIMATED
LTFRB_PUJ1505,1,High-Stop-Density Core,2.2932,False,-2.0329,-0.8643,typology-v1-f9da2ebe,ML_ESTIMATED
LTFRB_PUJ1506,2,Dense Urban Trunk,1.1101,False,3.6942,-0.8053,typology-v1-f9da2ebe,ML_ESTIMATED
LTFRB_PUJ1507,2,Dense Urban Trunk,0.7946,False,3.3168,-0.6535,typology-v1-f9da2ebe,ML_ESTIMATED
LTFRB_PUJ1508,1,High-Stop-Density Core,1.3561,False,-1.9042,0.5522,typology-v1-f9da2ebe,ML_ESTIMATED
LTFRB_PUJ1509,1,High-Stop-Density Core,2.0804,False,-1.8948,0.6976,typology-v1-f9da2ebe,ML_ESTIMATED
LTFRB_PUJ1510,1,High-Stop-Density Core,1.9409,False,-1.9809,-0.7492,typology-v1-f9da2ebe,ML_ESTIMATED
LTFRB_PUJ1511,1,High-Stop-Density Core,0.8324,False,-1.8081,-0.1527,typology-v1-f9da2ebe,ML_ESTIMATED
LTFRB_PUJ1512,1,High-Stop-Density Core,1.2799,False,-2.0135,0.7748,typology-v1-f9da2ebe,ML_ESTIMATED
LTFRB_PUJ1513,1,High-Stop-Density Core,1.2799,False,-2.0135,0.7748,typology-v1-f9da2ebe,ML_ESTIMATED
LTFRB_PUJ1514,1,High-Stop-Density Core,1.0174,False,-0.6288,0.2232,typology-v1-f9da2ebe,ML_ESTIMATED
LTFRB_PUJ1515,1,High-Stop-Density Core,0.9816,False,-0.7683,0.0094,typology-v1-f9da2ebe,ML_ESTIMATED
LTFRB_PUJ1516,1,High-Stop-Density Core,1.8376,False,-0.599,0.5505,typology-v1-f9da2ebe,ML_ESTIMATED
LTFRB_PUJ1517,1,High-Stop-Density Core,1.9605,False,-0.5969,0.6743,typology-v1-f9da2ebe,ML_ESTIMATED
LTFRB_PUJ1518,3,Local Feeder,1.6202,False,-0.5593,-1.0679,typology-v1-f9da2ebe,ML_ESTIMATED
LTFRB_PUJ1519,3,Local Feeder,0.8994,False,-0.4415,-2.0748,typology-v1-f9da2ebe,ML_ESTIMATED
LTFRB_PUJ1520,0,Long Regional Connector,0.7902,False,0.9502,-0.17,typology-v1-f9da2ebe,ML_ESTIMATED
LTFRB_PUJ1521,0,Long Regional Connector,0.7325,False,0.7645,-0.2184,typology-v1-f9da2ebe,ML_ESTIMATED
LTFRB_PUJ1522,2,Dense Urban Trunk,1.1321,False,2.3881,0.1467,typology-v1-f9da2ebe,ML_ESTIMATED
LTFRB_PUJ1523,2,Dense Urban Trunk,1.1377,False,2.3622,0.0979,typology-v1-f9da2ebe,ML_ESTIMATED
LTFRB_PUJ1524,0,Long Regional Connector,1.9409,False,-0.7376,-0.0741,typology-v1-f9da2ebe,ML_ESTIMATED
LTFRB_PUJ1525,0,Long Regional Connector,1.8954,False,0.2489,0.2089,typology-v1-f9da2ebe,ML_ESTIMATED
LTFRB_PUJ1526,0,Long Regional Connector,1.6418,False,2.1474,0.963,typology-v1-f9da2ebe,ML_ESTIMATED
LTFRB_PUJ1527,0,Long Regional Connector,0.862,False,1.3971,0.8333,typology-v1-f9da2ebe,ML_ESTIMATED
LTFRB_PUJ1528,1,High-Stop-Density Core,1.1083,False,-1.3104,0.387,typology-v1-f9da2ebe,ML_ESTIMATED
LTFRB_PUJ1529,1,High-Stop-Density Core,1.2652,False,-1.2606,0.5484,typology-v1-f9da2ebe,ML_ESTIMATED
LTFRB_PUJ1530,2,Dense Urban Trunk,0.5708,False,3.0876,-0.6058,typology-v1-f9da2ebe,ML_ESTIMATED
LTFRB_PUJ1531,2,Dense Urban Trunk,0.6298,False,3.1523,-0.622,typology-v1-f9da2ebe,ML_ESTIMATED
LTFRB_PUJ1532,2,Dense Urban Trunk,1.2899,False,1.8575,-0.08,typology-v1-f9da2ebe,ML_ESTIMATED
LTFRB_PUJ1533,0,Long Regional Connector,1.3658,False,1.7697,-0.0538,typology-v1-f9da2ebe,ML_ESTIMATED
LTFRB_PUJ1534,2,Dense Urban Trunk,1.2701,False,2.2422,0.6861,typology-v1-f9da2ebe,ML_ESTIMATED
LTFRB_PUJ1535,2,Dense Urban Trunk,1.4595,False,2.0243,0.7697,typology-v1-f9da2ebe,ML_ESTIMATED
LTFRB_PUJ1536,1,High-Stop-Density Core,0.8784,False,-0.7654,0.4997,typology-v1-f9da2ebe,ML_ESTIMATED
LTFRB_PUJ1537,1,High-Stop-Density Core,0.8811,False,-1.007,0.6748,typology-v1-f9da2ebe,ML_ESTIMATED
LTFRB_PUJ1538,0,Long Regional Connector,0.9138,False,1.4758,0.8532,typology-v1-f9da2ebe,ML_ESTIMATED
LTFRB_PUJ1539,0,Long Regional Connector,0.8391,False,1.1809,0.9741,typology-v1-f9da2ebe,ML_ESTIMATED
LTFRB_PUJ1540,2,Dense Urban Trunk,1.2012,False,2.3781,0.4944,typology-v1-f9da2ebe,ML_ESTIMATED
LTFRB_PUJ1542,0,Long Regional Connector,1.4435,False,1.1217,0.622,typology-v1-f9da2ebe,ML_ESTIMATED
LTFRB_PUJ1543,0,Long Regional Connector,1.6685,False,1.5077,0.7698,typology-v1-f9da2ebe,ML_ESTIMATED
LTFRB_PUJ1544,2,Dense Urban Trunk,1.4191,False,2.7466,0.7337,typology-v1-f9da2ebe,ML_ESTIMATED
LTFRB_PUJ1545,2,Dense Urban Trunk,1.491,False,2.6043,0.8841,typology-v1-f9da2ebe,ML_ESTIMATED
LTFRB_PUJ1547,0,Long Regional Connector,1.1996,False,-0.3639,0.1975,typology-v1-f9da2ebe,ML_ESTIMATED
LTFRB_PUJ1548,1,High-Stop-Density Core,1.7017,False,-1.9726,-0.7696,typology-v1-f9da2ebe,ML_ESTIMATED
LTFRB_PUJ1549,1,High-Stop-Density Core,0.9926,False,-1.828,-0.1353,typology-v1-f9da2ebe,ML_ESTIMATED
LTFRB_PUJ1550,0,Long Regional Connector,0.9873,False,1.1226,0.8333,typology-v1-f9da2ebe,ML_ESTIMATED
LTFRB_PUJ1551,0,Long Regional Connector,0.9873,False,1.1226,0.8333,typology-v1-f9da2ebe,ML_ESTIMATED
LTFRB_PUJ1552,0,Long Regional Connector,0.9354,False,1.5312,0.8095,typology-v1-f9da2ebe,ML_ESTIMATED
LTFRB_PUJ1554,1,High-Stop-Density Core,0.7305,False,-2.0186,0.4366,typology-v1-f9da2ebe,ML_ESTIMATED
LTFRB_PUJ1555,1,High-Stop-Density Core,0.6466,False,-1.9246,0.3942,typology-v1-f9da2ebe,ML_ESTIMATED
LTFRB_PUJ1557,2,Dense Urban Trunk,1.3727,False,2.0655,0.4861,typology-v1-f9da2ebe,ML_ESTIMATED
LTFRB_PUJ1558,0,Long Regional Connector,1.4827,False,1.2452,0.7358,typology-v1-f9da2ebe,ML_ESTIMATED
LTFRB_PUJ1559,2,Dense Urban Trunk,1.9659,False,1.6573,0.7102,typology-v1-f9da2ebe,ML_ESTIMATED
LTFRB_PUJ1560,2,Dense Urban Trunk,1.4155,False,2.5836,0.787,typology-v1-f9da2ebe,ML_ESTIMATED
LTFRB_PUJ1561,2,Dense Urban Trunk,1.3388,False,2.5561,0.8052,typology-v1-f9da2ebe,ML_ESTIMATED
LTFRB_PUJ1562,1,High-Stop-Density Core,1.9349,False,-0.8518,0.9131,typology-v1-f9da2ebe,ML_ESTIMATED
LTFRB_PUJ1563,1,High-Stop-Density Core,1.8326,False,-0.8656,0.9146,typology-v1-f9da2ebe,ML_ESTIMATED
LTFRB_PUJ1564,1,High-Stop-Density Core,1.9757,False,-1.0527,0.9944,typology-v1-f9da2ebe,ML_ESTIMATED
LTFRB_PUJ1565,1,High-Stop-Density Core,1.9195,False,-1.059,0.9951,typology-v1-f9da2ebe,ML_ESTIMATED
LTFRB_PUJ1566,1,High-Stop-Density Core,1.4799,False,-2.1999,-0.8348,typology-v1-f9da2ebe,ML_ESTIMATED
LTFRB_PUJ1567,1,High-Stop-Density Core,1.5443,False,-2.071,-1.0661,typology-v1-f9da2ebe,ML_ESTIMATED
LTFRB_PUJ1568,1,High-Stop-Density Core,0.8291,False,-1.954,0.5878,typology-v1-f9da2ebe,ML_ESTIMATED
LTFRB_PUJ1569,1,High-Stop-Density Core,0.9964,False,-2.0284,0.6196,typology-v1-f9da2ebe,ML_ESTIMATED
LTFRB_PUJ1570,1,High-Stop-Density Core,1.5413,False,-2.4599,-0.4112,typology-v1-f9da2ebe,ML_ESTIMATED
LTFRB_PUJ1571,1,High-Stop-Density Core,1.2009,False,-2.5282,-0.0609,typology-v1-f9da2ebe,ML_ESTIMATED
LTFRB_PUJ1572,1,High-Stop-Density Core,1.5001,False,-0.8318,0.5801,typology-v1-f9da2ebe,ML_ESTIMATED
LTFRB_PUJ1573,1,High-Stop-Density Core,1.429,False,-0.8479,0.5796,typology-v1-f9da2ebe,ML_ESTIMATED
LTFRB_PUJ1574,1,High-Stop-Density Core,1.1304,False,-0.592,0.612,typology-v1-f9da2ebe,ML_ESTIMATED
LTFRB_PUJ1575,1,High-Stop-Density Core,1.038,False,-0.7687,0.5662,typology-v1-f9da2ebe,ML_ESTIMATED
LTFRB_PUJ1576,2,Dense Urban Trunk,1.0816,False,3.4036,0.5368,typology-v1-f9da2ebe,ML_ESTIMATED
LTFRB_PUJ1577,2,Dense Urban Trunk,1.0231,False,3.4553,0.5212,typology-v1-f9da2ebe,ML_ESTIMATED
LTFRB_PUJ1578,0,Long Regional Connector,1.8536,False,-0.5977,-0.6727,typology-v1-f9da2ebe,ML_ESTIMATED
LTFRB_PUJ1580,2,Dense Urban Trunk,1.0271,False,2.2337,0.245,typology-v1-f9da2ebe,ML_ESTIMATED
LTFRB_PUJ1581,2,Dense Urban Trunk,1.1108,False,2.1647,0.263,typology-v1-f9da2ebe,ML_ESTIMATED
LTFRB_PUJ1582,1,High-Stop-Density Core,1.9326,False,-1.0825,0.9533,typology-v1-f9da2ebe,ML_ESTIMATED
LTFRB_PUJ1583,1,High-Stop-Density Core,1.7022,False,-0.7497,0.8704,typology-v1-f9da2ebe,ML_ESTIMATED
LTFRB_PUJ1584,1,High-Stop-Density Core,1.6947,False,-2.4306,-0.3055,typology-v1-f9da2ebe,ML_ESTIMATED
LTFRB_PUJ1585,1,High-Stop-Density Core,1.4183,False,-2.4672,-0.2878,typology-v1-f9da2ebe,ML_ESTIMATED
LTFRB_PUJ1587,1,High-Stop-Density Core,1.0297,False,-2.4273,0.7856,typology-v1-f9da2ebe,ML_ESTIMATED
LTFRB_PUJ1588,2,Dense Urban Trunk,1.0841,False,2.2961,-0.2016,typology-v1-f9da2ebe,ML_ESTIMATED
LTFRB_PUJ1589,2,Dense Urban Trunk,1.0724,False,2.3181,0.0576,typology-v1-f9da2ebe,ML_ESTIMATED
LTFRB_PUJ1590,3,Local Feeder,1.9386,False,-2.1266,-1.1634,typology-v1-f9da2ebe,ML_ESTIMATED
LTFRB_PUJ1591,3,Local Feeder,1.9386,False,-2.1266,-1.1634,typology-v1-f9da2ebe,ML_ESTIMATED
LTFRB_PUJ1592,0,Long Regional Connector,1.5356,False,1.1435,0.3954,typology-v1-f9da2ebe,ML_ESTIMATED
LTFRB_PUJ1593,0,Long Regional Connector,1.5473,False,1.0387,0.3139,typology-v1-f9da2ebe,ML_ESTIMATED
LTFRB_PUJ1594,0,Long Regional Connector,1.2585,False,1.5639,0.0201,typology-v1-f9da2ebe,ML_ESTIMATED
LTFRB_PUJ1595,0,Long Regional Connector,1.3999,False,1.6017,0.0026,typology-v1-f9da2ebe,ML_ESTIMATED
LTFRB_PUJ1596,2,Dense Urban Trunk,1.455,False,2.156,-1.2749,typology-v1-f9da2ebe,ML_ESTIMATED
LTFRB_PUJ1597,2,Dense Urban Trunk,1.433,False,2.1748,-1.2824,typology-v1-f9da2ebe,ML_ESTIMATED
LTFRB_PUJ1598,0,Long Regional Connector,1.3831,False,1.1055,-0.8783,typology-v1-f9da2ebe,ML_ESTIMATED
LTFRB_PUJ1599,0,Long Regional Connector,1.3831,False,1.1055,-0.8783,typology-v1-f9da2ebe,ML_ESTIMATED
LTFRB_PUJ1600,1,High-Stop-Density Core,0.7894,False,-2.0902,0.5763,typology-v1-f9da2ebe,ML_ESTIMATED
LTFRB_PUJ1601,1,High-Stop-Density Core,0.7894,False,-2.0902,0.5763,typology-v1-f9da2ebe,ML_ESTIMATED
LTFRB_PUJ1602,1,High-Stop-Density Core,0.9715,False,-1.7853,-0.4499,typology-v1-f9da2ebe,ML_ESTIMATED
LTFRB_PUJ1603,1,High-Stop-Density Core,0.999,False,-1.797,-0.4529,typology-v1-f9da2ebe,ML_ESTIMATED
LTFRB_PUJ1604,2,Dense Urban Trunk,1.3106,False,3.6867,0.5142,typology-v1-f9da2ebe,ML_ESTIMATED
LTFRB_PUJ1605,2,Dense Urban Trunk,1.4525,False,3.8248,0.4511,typology-v1-f9da2ebe,ML_ESTIMATED
LTFRB_PUJ1606,0,Long Regional Connector,1.6476,False,0.899,0.8894,typology-v1-f9da2ebe,ML_ESTIMATED
LTFRB_PUJ1607,0,Long Regional Connector,1.6689,False,0.7678,0.9112,typology-v1-f9da2ebe,ML_ESTIMATED
LTFRB_PUJ1608,2,Dense Urban Trunk,1.1824,False,3.0536,0.8,typology-v1-f9da2ebe,ML_ESTIMATED
LTFRB_PUJ1609,2,Dense Urban Trunk,1.3712,False,3.2229,0.9071,typology-v1-f9da2ebe,ML_ESTIMATED
LTFRB_PUJ1610,2,Dense Urban Trunk,1.9141,False,2.0066,0.9564,typology-v1-f9da2ebe,ML_ESTIMATED
LTFRB_PUJ1611,2,Dense Urban Trunk,1.9035,False,1.9261,0.9887,typology-v1-f9da2ebe,ML_ESTIMATED
LTFRB_PUJ1612,1,High-Stop-Density Core,1.1838,False,-1.901,0.1034,typology-v1-f9da2ebe,ML_ESTIMATED
LTFRB_PUJ1613,1,High-Stop-Density Core,1.0626,False,-1.4264,0.1054,typology-v1-f9da2ebe,ML_ESTIMATED
LTFRB_PUJ1614,2,Dense Urban Trunk,1.0544,False,2.8162,0.4303,typology-v1-f9da2ebe,ML_ESTIMATED
LTFRB_PUJ1615,2,Dense Urban Trunk,1.0875,False,2.835,0.4224,typology-v1-f9da2ebe,ML_ESTIMATED
LTFRB_PUJ1616,1,High-Stop-Density Core,0.7321,False,-1.4934,0.6065,typology-v1-f9da2ebe,ML_ESTIMATED
LTFRB_PUJ1617,1,High-Stop-Density Core,0.7321,False,-1.4934,0.6065,typology-v1-f9da2ebe,ML_ESTIMATED
LTFRB_PUJ1618,1,High-Stop-Density Core,2.0755,False,-0.7552,-0.2644,typology-v1-f9da2ebe,ML_ESTIMATED
LTFRB_PUJ1619,0,Long Regional Connector,1.8524,False,-0.6535,-0.133,typology-v1-f9da2ebe,ML_ESTIMATED
LTFRB_PUJ1620,1,High-Stop-Density Core,0.6536,False,-1.1481,0.581,typology-v1-f9da2ebe,ML_ESTIMATED
LTFRB_PUJ1621,1,High-Stop-Density Core,0.8103,False,-0.9795,0.6137,typology-v1-f9da2ebe,ML_ESTIMATED
LTFRB_PUJ1622,1,High-Stop-Density Core,1.1081,False,-0.8288,-0.0029,typology-v1-f9da2ebe,ML_ESTIMATED
LTFRB_PUJ1623,1,High-Stop-Density Core,1.0959,False,-0.7852,0.0938,typology-v1-f9da2ebe,ML_ESTIMATED
LTFRB_PUJ1624,1,High-Stop-Density Core,0.7909,False,-1.1067,0.6577,typology-v1-f9da2ebe,ML_ESTIMATED
LTFRB_PUJ1625,1,High-Stop-Density Core,0.9837,False,-0.8277,0.723,typology-v1-f9da2ebe,ML_ESTIMATED
LTFRB_PUJ1626,2,Dense Urban Trunk,2.062,False,1.7556,-1.3881,typology-v1-f9da2ebe,ML_ESTIMATED
LTFRB_PUJ1627,2,Dense Urban Trunk,2.1037,False,1.7727,-1.3963,typology-v1-f9da2ebe,ML_ESTIMATED
LTFRB_PUJ1628,1,High-Stop-Density Core,1.6062,False,-2.1795,-0.4519,typology-v1-f9da2ebe,ML_ESTIMATED
LTFRB_PUJ1629,1,High-Stop-Density Core,2.19,False,-2.2519,-0.0092,typology-v1-f9da2ebe,ML_ESTIMATED
LTFRB_PUJ1630,0,Long Regional Connector,1.1714,False,0.8958,-0.5572,typology-v1-f9da2ebe,ML_ESTIMATED
LTFRB_PUJ1631,0,Long Regional Connector,1.1714,False,0.8958,-0.5572,typology-v1-f9da2ebe,ML_ESTIMATED
LTFRB_PUJ1632,3,Local Feeder,2.0505,False,-0.1981,-2.8721,typology-v1-f9da2ebe,ML_ESTIMATED
LTFRB_PUJ1633,3,Local Feeder,1.9197,False,-0.1642,-2.4822,typology-v1-f9da2ebe,ML_ESTIMATED
LTFRB_PUJ1634,3,Local Feeder,1.707,False,-0.6857,-3.9871,typology-v1-f9da2ebe,ML_ESTIMATED
LTFRB_PUJ1635,3,Local Feeder,1.707,False,-0.6857,-3.9871,typology-v1-f9da2ebe,ML_ESTIMATED
LTFRB_PUJ1636,2,Dense Urban Trunk,2.5065,False,4.9701,-0.4308,typology-v1-f9da2ebe,ML_ESTIMATED
LTFRB_PUJ1637,2,Dense Urban Trunk,2.5095,False,4.9664,-0.4306,typology-v1-f9da2ebe,ML_ESTIMATED
LTFRB_PUJ1638,2,Dense Urban Trunk,3.0974,True,5.5904,-0.4952,typology-v1-f9da2ebe,ML_ESTIMATED
LTFRB_PUJ1639,2,Dense Urban Trunk,2.9028,False,5.4171,-0.4549,typology-v1-f9da2ebe,ML_ESTIMATED
LTFRB_PUJ1640,2,Dense Urban Trunk,2.6324,False,5.103,-0.467,typology-v1-f9da2ebe,ML_ESTIMATED
LTFRB_PUJ1643,2,Dense Urban Trunk,2.6324,False,5.103,-0.467,typology-v1-f9da2ebe,ML_ESTIMATED
LTFRB_PUJ1645,2,Dense Urban Trunk,3.0013,True,2.6359,-3.1152,typology-v1-f9da2ebe,ML_ESTIMATED
LTFRB_PUJ1648,2,Dense Urban Trunk,2.7335,False,5.3217,-0.8141,typology-v1-f9da2ebe,ML_ESTIMATED
LTFRB_PUJ1649,2,Dense Urban Trunk,2.7335,False,5.3217,-0.8141,typology-v1-f9da2ebe,ML_ESTIMATED
LTFRB_PUJ1650,1,High-Stop-Density Core,5.1409,True,-2.6856,-0.0251,typology-v1-f9da2ebe,ML_ESTIMATED
LTFRB_PUJ1651,1,High-Stop-Density Core,1.6622,False,-1.6994,0.8238,typology-v1-f9da2ebe,ML_ESTIMATED
LTFRB_PUJ1652,1,High-Stop-Density Core,1.3838,False,-2.4979,-0.5313,typology-v1-f9da2ebe,ML_ESTIMATED
LTFRB_PUJ1653,0,Long Regional Connector,1.5245,False,0.2476,0.2691,typology-v1-f9da2ebe,ML_ESTIMATED
LTFRB_PUJ1654,0,Long Regional Connector,1.2885,False,-0.0499,0.459,typology-v1-f9da2ebe,ML_ESTIMATED
LTFRB_PUJ1655,1,High-Stop-Density Core,1.2408,False,-1.3549,0.9184,typology-v1-f9da2ebe,ML_ESTIMATED
LTFRB_PUJ1656,1,High-Stop-Density Core,0.8647,False,-1.2571,0.8584,typology-v1-f9da2ebe,ML_ESTIMATED
LTFRB_PUJ1657,0,Long Regional Connector,0.9635,False,-0.1883,0.1545,typology-v1-f9da2ebe,ML_ESTIMATED
LTFRB_PUJ1658,0,Long Regional Connector,0.9635,False,-0.1883,0.1545,typology-v1-f9da2ebe,ML_ESTIMATED
LTFRB_PUJ1659,0,Long Regional Connector,0.8646,False,0.9656,0.4066,typology-v1-f9da2ebe,ML_ESTIMATED
LTFRB_PUJ1660,0,Long Regional Connector,0.9062,False,0.9163,0.4159,typology-v1-f9da2ebe,ML_ESTIMATED
LTFRB_PUJ1661,3,Local Feeder,0.453,False,-1.1708,-2.3462,typology-v1-f9da2ebe,ML_ESTIMATED
LTFRB_PUJ1662,3,Local Feeder,0.9539,False,-1.564,-1.7564,typology-v1-f9da2ebe,ML_ESTIMATED
LTFRB_PUJ1663,3,Local Feeder,3.704,True,-2.3298,-2.0387,typology-v1-f9da2ebe,ML_ESTIMATED
LTFRB_PUJ1664,1,High-Stop-Density Core,2.4542,False,-2.5861,-0.9566,typology-v1-f9da2ebe,ML_ESTIMATED
LTFRB_PUJ1665,1,High-Stop-Density Core,1.1761,False,-2.4347,-0.229,typology-v1-f9da2ebe,ML_ESTIMATED
LTFRB_PUJ1666,1,High-Stop-Density Core,1.3206,False,-2.4261,-0.1948,typology-v1-f9da2ebe,ML_ESTIMATED
LTFRB_PUJ1667,1,High-Stop-Density Core,1.1151,False,-1.7664,-0.6001,typology-v1-f9da2ebe,ML_ESTIMATED
LTFRB_PUJ1668,1,High-Stop-Density Core,1.6183,False,-2.0011,-0.7778,typology-v1-f9da2ebe,ML_ESTIMATED
LTFRB_PUJ1670,1,High-Stop-Density Core,1.4337,False,-0.8677,-0.0662,typology-v1-f9da2ebe,ML_ESTIMATED
LTFRB_PUJ1671,2,Dense Urban Trunk,0.8931,False,3.265,0.2869,typology-v1-f9da2ebe,ML_ESTIMATED
LTFRB_PUJ1672,2,Dense Urban Trunk,1.0519,False,3.3687,0.3532,typology-v1-f9da2ebe,ML_ESTIMATED
LTFRB_PUJ1673,1,High-Stop-Density Core,1.8612,False,-2.1962,0.4392,typology-v1-f9da2ebe,ML_ESTIMATED
LTFRB_PUJ1674,1,High-Stop-Density Core,1.6913,False,-2.1866,0.4446,typology-v1-f9da2ebe,ML_ESTIMATED
LTFRB_PUJ1675,2,Dense Urban Trunk,1.3168,False,2.1655,0.4697,typology-v1-f9da2ebe,ML_ESTIMATED
LTFRB_PUJ1676,2,Dense Urban Trunk,1.233,False,2.2686,0.554,typology-v1-f9da2ebe,ML_ESTIMATED
LTFRB_PUJ1677,1,High-Stop-Density Core,0.6264,False,-1.8027,-0.1718,typology-v1-f9da2ebe,ML_ESTIMATED
LTFRB_PUJ1678,1,High-Stop-Density Core,1.2259,False,-1.8719,-0.8565,typology-v1-f9da2ebe,ML_ESTIMATED
LTFRB_PUJ1680,2,Dense Urban Trunk,1.7356,False,4.5914,0.3702,typology-v1-f9da2ebe,ML_ESTIMATED
LTFRB_PUJ1682,0,Long Regional Connector,1.003,False,0.7651,-0.0044,typology-v1-f9da2ebe,ML_ESTIMATED
LTFRB_PUJ1683,0,Long Regional Connector,1.1771,False,0.8052,-0.0238,typology-v1-f9da2ebe,ML_ESTIMATED
LTFRB_PUJ1684,2,Dense Urban Trunk,1.2359,False,2.0014,-0.1248,typology-v1-f9da2ebe,ML_ESTIMATED
LTFRB_PUJ1685,2,Dense Urban Trunk,1.1557,False,2.0993,-0.0283,typology-v1-f9da2ebe,ML_ESTIMATED
LTFRB_PUJ1686,1,High-Stop-Density Core,4.8784,True,-0.7111,0.6976,typology-v1-f9da2ebe,ML_ESTIMATED
LTFRB_PUJ1687,1,High-Stop-Density Core,4.4805,True,-0.7863,0.7389,typology-v1-f9da2ebe,ML_ESTIMATED
LTFRB_PUJ1688,0,Long Regional Connector,1.4112,False,1.6956,0.7869,typology-v1-f9da2ebe,ML_ESTIMATED
LTFRB_PUJ1689,0,Long Regional Connector,1.2279,False,1.5671,0.7651,typology-v1-f9da2ebe,ML_ESTIMATED
LTFRB_PUJ1691,0,Long Regional Connector,0.8143,False,0.8156,0.1618,typology-v1-f9da2ebe,ML_ESTIMATED
LTFRB_PUJ1693,0,Long Regional Connector,2.1962,False,1.9011,0.0595,typology-v1-f9da2ebe,ML_ESTIMATED
LTFRB_PUJ1694,3,Local Feeder,1.5282,False,-0.6417,-1.1384,typology-v1-f9da2ebe,ML_ESTIMATED
LTFRB_PUJ1695,3,Local Feeder,1.5282,False,-0.6417,-1.1384,typology-v1-f9da2ebe,ML_ESTIMATED
LTFRB_PUJ1696,1,High-Stop-Density Core,1.5004,False,-0.2674,0.0134,typology-v1-f9da2ebe,ML_ESTIMATED
LTFRB_PUJ1697,1,High-Stop-Density Core,1.7052,False,-0.2026,-0.0184,typology-v1-f9da2ebe,ML_ESTIMATED
LTFRB_PUJ1698,0,Long Regional Connector,1.2845,False,0.0536,0.5194,typology-v1-f9da2ebe,ML_ESTIMATED
LTFRB_PUJ1699,0,Long Regional Connector,1.6251,False,0.1002,0.4876,typology-v1-f9da2ebe,ML_ESTIMATED
LTFRB_PUJ1700,1,High-Stop-Density Core,1.2156,False,-0.8869,-0.2445,typology-v1-f9da2ebe,ML_ESTIMATED
LTFRB_PUJ1701,1,High-Stop-Density Core,1.2228,False,-0.8865,-0.2446,typology-v1-f9da2ebe,ML_ESTIMATED
LTFRB_PUJ1702,1,High-Stop-Density Core,2.5184,False,-2.3247,-0.6841,typology-v1-f9da2ebe,ML_ESTIMATED
LTFRB_PUJ1703,1,High-Stop-Density Core,2.4755,False,-2.296,-0.6967,typology-v1-f9da2ebe,ML_ESTIMATED
LTFRB_PUJ1704,3,Local Feeder,1.785,False,-2.3601,-1.5872,typology-v1-f9da2ebe,ML_ESTIMATED
LTFRB_PUJ1705,3,Local Feeder,1.9629,False,-2.4132,-1.422,typology-v1-f9da2ebe,ML_ESTIMATED
LTFRB_PUJ1706,2,Dense Urban Trunk,1.3381,False,2.0667,0.6507,typology-v1-f9da2ebe,ML_ESTIMATED
LTFRB_PUJ1707,2,Dense Urban Trunk,1.2896,False,2.1198,0.6177,typology-v1-f9da2ebe,ML_ESTIMATED
LTFRB_PUJ1708,1,High-Stop-Density Core,0.8367,False,-1.8131,0.8206,typology-v1-f9da2ebe,ML_ESTIMATED
LTFRB_PUJ1709,1,High-Stop-Density Core,0.8367,False,-1.8131,0.8206,typology-v1-f9da2ebe,ML_ESTIMATED
LTFRB_PUJ1710,1,High-Stop-Density Core,1.2193,False,-1.9157,0.7059,typology-v1-f9da2ebe,ML_ESTIMATED
LTFRB_PUJ1711,1,High-Stop-Density Core,0.8952,False,-1.6585,0.7957,typology-v1-f9da2ebe,ML_ESTIMATED
LTFRB_PUJ1712,1,High-Stop-Density Core,1.5176,False,-1.6679,0.3373,typology-v1-f9da2ebe,ML_ESTIMATED
LTFRB_PUJ1713,1,High-Stop-Density Core,2.4099,False,-1.8448,0.4203,typology-v1-f9da2ebe,ML_ESTIMATED
LTFRB_PUJ1715,0,Long Regional Connector,1.4769,False,0.5476,0.9226,typology-v1-f9da2ebe,ML_ESTIMATED
LTFRB_PUJ1716,1,High-Stop-Density Core,1.1109,False,-1.187,0.9237,typology-v1-f9da2ebe,ML_ESTIMATED
LTFRB_PUJ1717,1,High-Stop-Density Core,1.0483,False,-1.2024,0.9397,typology-v1-f9da2ebe,ML_ESTIMATED
LTFRB_PUJ1718,1,High-Stop-Density Core,1.628,False,-1.069,1.0553,typology-v1-f9da2ebe,ML_ESTIMATED
LTFRB_PUJ1719,1,High-Stop-Density Core,0.9431,False,-1.2409,0.9569,typology-v1-f9da2ebe,ML_ESTIMATED
LTFRB_PUJ1720,2,Dense Urban Trunk,1.4599,False,2.5314,0.9739,typology-v1-f9da2ebe,ML_ESTIMATED
LTFRB_PUJ1721,2,Dense Urban Trunk,1.3359,False,2.6697,0.9319,typology-v1-f9da2ebe,ML_ESTIMATED
LTFRB_PUJ1722,2,Dense Urban Trunk,1.7501,False,2.3278,1.1859,typology-v1-f9da2ebe,ML_ESTIMATED
LTFRB_PUJ1723,2,Dense Urban Trunk,1.8655,False,2.1905,1.2119,typology-v1-f9da2ebe,ML_ESTIMATED
LTFRB_PUJ1724,1,High-Stop-Density Core,1.5084,False,-0.8491,-0.0768,typology-v1-f9da2ebe,ML_ESTIMATED
LTFRB_PUJ1725,1,High-Stop-Density Core,1.3272,False,-0.8501,-0.0786,typology-v1-f9da2ebe,ML_ESTIMATED
LTFRB_PUJ1726,1,High-Stop-Density Core,0.9419,False,-2.1667,0.8719,typology-v1-f9da2ebe,ML_ESTIMATED
LTFRB_PUJ1727,1,High-Stop-Density Core,0.8418,False,-2.1505,0.8495,typology-v1-f9da2ebe,ML_ESTIMATED
LTFRB_PUJ1729,1,High-Stop-Density Core,1.7468,False,-1.9175,1.0651,typology-v1-f9da2ebe,ML_ESTIMATED
LTFRB_PUJ1730,0,Long Regional Connector,1.0102,False,1.1741,-0.285,typology-v1-f9da2ebe,ML_ESTIMATED
LTFRB_PUJ1731,0,Long Regional Connector,1.0102,False,1.1741,-0.285,typology-v1-f9da2ebe,ML_ESTIMATED
LTFRB_PUJ1732,1,High-Stop-Density Core,0.5551,False,-1.4293,-0.0566,typology-v1-f9da2ebe,ML_ESTIMATED
LTFRB_PUJ1734,2,Dense Urban Trunk,0.5796,False,2.9036,0.1812,typology-v1-f9da2ebe,ML_ESTIMATED
LTFRB_PUJ1735,2,Dense Urban Trunk,0.6604,False,3.0529,0.1507,typology-v1-f9da2ebe,ML_ESTIMATED
LTFRB_PUJ1736,0,Long Regional Connector,1.058,False,1.2739,-0.3785,typology-v1-f9da2ebe,ML_ESTIMATED
LTFRB_PUJ1737,2,Dense Urban Trunk,1.488,False,1.7329,-0.3373,typology-v1-f9da2ebe,ML_ESTIMATED
LTFRB_PUJ1738,2,Dense Urban Trunk,0.7637,False,2.4444,-0.0791,typology-v1-f9da2ebe,ML_ESTIMATED
LTFRB_PUJ1739,2,Dense Urban Trunk,0.7549,False,2.5291,-0.0982,typology-v1-f9da2ebe,ML_ESTIMATED
LTFRB_PUJ1740,3,Local Feeder,1.7035,False,-2.0702,-1.2827,typology-v1-f9da2ebe,ML_ESTIMATED
LTFRB_PUJ1741,3,Local Feeder,1.5727,False,-2.0741,-1.3099,typology-v1-f9da2ebe,ML_ESTIMATED
LTFRB_PUJ1742,3,Local Feeder,1.4087,False,-1.5987,-2.0144,typology-v1-f9da2ebe,ML_ESTIMATED
LTFRB_PUJ1743,3,Local Feeder,1.052,False,-1.9066,-1.7062,typology-v1-f9da2ebe,ML_ESTIMATED
LTFRB_PUJ1744,0,Long Regional Connector,1.3376,False,-0.2579,-0.0955,typology-v1-f9da2ebe,ML_ESTIMATED
LTFRB_PUJ1745,0,Long Regional Connector,1.3003,False,-0.2247,-0.0011,typology-v1-f9da2ebe,ML_ESTIMATED
LTFRB_PUJ1746,0,Long Regional Connector,0.9108,False,0.4953,0.603,typology-v1-f9da2ebe,ML_ESTIMATED
LTFRB_PUJ1747,0,Long Regional Connector,0.9442,False,0.6019,0.5635,typology-v1-f9da2ebe,ML_ESTIMATED
LTFRB_PUJ1748,1,High-Stop-Density Core,1.7491,False,-1.3255,0.5098,typology-v1-f9da2ebe,ML_ESTIMATED
LTFRB_PUJ1749,1,High-Stop-Density Core,2.0321,False,-1.4313,0.5925,typology-v1-f9da2ebe,ML_ESTIMATED
LTFRB_PUJ1750,1,High-Stop-Density Core,0.964,False,-1.7935,0.5671,typology-v1-f9da2ebe,ML_ESTIMATED
LTFRB_PUJ1752,3,Local Feeder,2.1713,False,-2.3941,-3.792,typology-v1-f9da2ebe,ML_ESTIMATED
LTFRB_PUJ1753,3,Local Feeder,2.3326,False,-2.507,-3.7702,typology-v1-f9da2ebe,ML_ESTIMATED
LTFRB_PUJ1754,0,Long Regional Connector,1.1538,False,1.392,0.5581,typology-v1-f9da2ebe,ML_ESTIMATED
LTFRB_PUJ1755,0,Long Regional Connector,1.0235,False,1.3854,0.5491,typology-v1-f9da2ebe,ML_ESTIMATED
LTFRB_PUJ1756,0,Long Regional Connector,1.1296,False,1.0503,0.7651,typology-v1-f9da2ebe,ML_ESTIMATED
LTFRB_PUJ1757,0,Long Regional Connector,1.2223,False,1.0683,0.756,typology-v1-f9da2ebe,ML_ESTIMATED
LTFRB_PUJ1758,0,Long Regional Connector,0.7155,False,1.1127,0.8443,typology-v1-f9da2ebe,ML_ESTIMATED
LTFRB_PUJ1759,0,Long Regional Connector,0.7363,False,1.1503,0.8344,typology-v1-f9da2ebe,ML_ESTIMATED
LTFRB_PUJ1760,1,High-Stop-Density Core,1.4782,False,-1.177,0.6064,typology-v1-f9da2ebe,ML_ESTIMATED
LTFRB_PUJ1761,1,High-Stop-Density Core,1.4638,False,-1.1295,0.5933,typology-v1-f9da2ebe,ML_ESTIMATED
LTFRB_PUJ1762,1,High-Stop-Density Core,1.4534,False,-0.5101,-0.5942,typology-v1-f9da2ebe,ML_ESTIMATED
LTFRB_PUJ1763,0,Long Regional Connector,1.3828,False,-0.2547,-0.2728,typology-v1-f9da2ebe,ML_ESTIMATED
LTFRB_PUJ1764,1,High-Stop-Density Core,1.1449,False,-1.0923,-0.6296,typology-v1-f9da2ebe,ML_ESTIMATED
LTFRB_PUJ1765,1,High-Stop-Density Core,1.1449,False,-1.0923,-0.6296,typology-v1-f9da2ebe,ML_ESTIMATED
LTFRB_PUJ1766,1,High-Stop-Density Core,0.7498,False,-1.7302,-0.0013,typology-v1-f9da2ebe,ML_ESTIMATED
LTFRB_PUJ1767,1,High-Stop-Density Core,0.7498,False,-1.7302,-0.0013,typology-v1-f9da2ebe,ML_ESTIMATED
LTFRB_PUJ1768,1,High-Stop-Density Core,1.353,False,-2.1319,0.1415,typology-v1-f9da2ebe,ML_ESTIMATED
LTFRB_PUJ1769,1,High-Stop-Density Core,1.353,False,-2.1319,0.1415,typology-v1-f9da2ebe,ML_ESTIMATED
LTFRB_PUJ1770,1,High-Stop-Density Core,1.9059,False,-2.2229,0.3626,typology-v1-f9da2ebe,ML_ESTIMATED
LTFRB_PUJ1771,1,High-Stop-Density Core,1.3461,False,-2.4042,0.6581,typology-v1-f9da2ebe,ML_ESTIMATED
LTFRB_PUJ1772,1,High-Stop-Density Core,1.2351,False,-2.0841,-0.6713,typology-v1-f9da2ebe,ML_ESTIMATED
LTFRB_PUJ1773,1,High-Stop-Density Core,0.8893,False,-1.8853,-0.1006,typology-v1-f9da2ebe,ML_ESTIMATED
LTFRB_PUJ1775,1,High-Stop-Density Core,0.8555,False,-1.4628,-0.3327,typology-v1-f9da2ebe,ML_ESTIMATED
LTFRB_PUJ1776,0,Long Regional Connector,1.4488,False,1.7504,0.0287,typology-v1-f9da2ebe,ML_ESTIMATED
LTFRB_PUJ1777,0,Long Regional Connector,1.4641,False,1.7209,-0.0111,typology-v1-f9da2ebe,ML_ESTIMATED
LTFRB_PUJ1778,3,Local Feeder,1.8843,False,-2.1353,-2.0135,typology-v1-f9da2ebe,ML_ESTIMATED
LTFRB_PUJ1779,3,Local Feeder,1.6245,False,-2.2599,-1.6346,typology-v1-f9da2ebe,ML_ESTIMATED
LTFRB_PUJ1780,1,High-Stop-Density Core,1.1594,False,-1.9902,0.5164,typology-v1-f9da2ebe,ML_ESTIMATED
LTFRB_PUJ1781,1,High-Stop-Density Core,1.7547,False,-1.8838,0.3942,typology-v1-f9da2ebe,ML_ESTIMATED
LTFRB_PUJ1782,0,Long Regional Connector,1.7926,False,-0.4792,-0.1396,typology-v1-f9da2ebe,ML_ESTIMATED
LTFRB_PUJ1783,0,Long Regional Connector,1.7072,False,-0.3958,-0.165,typology-v1-f9da2ebe,ML_ESTIMATED
LTFRB_PUJ1784,0,Long Regional Connector,2.2165,True,1.9414,-0.0703,typology-v1-f9da2ebe,ML_ESTIMATED
LTFRB_PUJ1785,0,Long Regional Connector,2.234,True,1.9094,-0.061,typology-v1-f9da2ebe,ML_ESTIMATED
LTFRB_PUJ1786,0,Long Regional Connector,2.1738,False,2.1954,-0.2266,typology-v1-f9da2ebe,ML_ESTIMATED
LTFRB_PUJ1787,0,Long Regional Connector,1.9444,False,-0.6231,-0.1403,typology-v1-f9da2ebe,ML_ESTIMATED
LTFRB_PUJ1788,2,Dense Urban Trunk,1.6456,False,2.3483,1.1253,typology-v1-f9da2ebe,ML_ESTIMATED
LTFRB_PUJ1789,2,Dense Urban Trunk,1.7427,False,2.1517,1.0834,typology-v1-f9da2ebe,ML_ESTIMATED
LTFRB_PUJ1790,0,Long Regional Connector,1.8208,False,2.1672,1.2159,typology-v1-f9da2ebe,ML_ESTIMATED
LTFRB_PUJ1791,2,Dense Urban Trunk,1.7677,False,2.3099,1.1638,typology-v1-f9da2ebe,ML_ESTIMATED
LTFRB_PUJ1792,2,Dense Urban Trunk,1.3007,False,2.4673,0.7558,typology-v1-f9da2ebe,ML_ESTIMATED
LTFRB_PUJ1793,2,Dense Urban Trunk,1.2491,False,2.4805,0.7626,typology-v1-f9da2ebe,ML_ESTIMATED
LTFRB_PUJ1794,2,Dense Urban Trunk,1.5556,False,2.1726,0.9341,typology-v1-f9da2ebe,ML_ESTIMATED
LTFRB_PUJ1795,2,Dense Urban Trunk,1.4657,False,2.5782,1.0276,typology-v1-f9da2ebe,ML_ESTIMATED
LTFRB_PUJ1796,1,High-Stop-Density Core,0.9133,False,-2.2592,0.5045,typology-v1-f9da2ebe,ML_ESTIMATED
LTFRB_PUJ1797,1,High-Stop-Density Core,1.347,False,-2.3915,0.816,typology-v1-f9da2ebe,ML_ESTIMATED
LTFRB_PUJ1798,1,High-Stop-Density Core,1.0946,False,-1.788,0.1511,typology-v1-f9da2ebe,ML_ESTIMATED
LTFRB_PUJ1799,1,High-Stop-Density Core,1.0567,False,-1.8486,0.2088,typology-v1-f9da2ebe,ML_ESTIMATED
LTFRB_PUJ1800,1,High-Stop-Density Core,0.7809,False,-1.8375,0.6098,typology-v1-f9da2ebe,ML_ESTIMATED
LTFRB_PUJ1801,1,High-Stop-Density Core,2.1068,False,-1.497,0.2752,typology-v1-f9da2ebe,ML_ESTIMATED
LTFRB_PUJ1802,1,High-Stop-Density Core,1.021,False,-2.5536,0.4307,typology-v1-f9da2ebe,ML_ESTIMATED
LTFRB_PUJ1803,1,High-Stop-Density Core,1.2234,False,-2.5781,0.4535,typology-v1-f9da2ebe,ML_ESTIMATED
LTFRB_PUJ1804,2,Dense Urban Trunk,1.5972,False,2.3713,1.1097,typology-v1-f9da2ebe,ML_ESTIMATED
LTFRB_PUJ1805,2,Dense Urban Trunk,1.7997,False,2.0213,1.0656,typology-v1-f9da2ebe,ML_ESTIMATED
LTFRB_PUJ1806,0,Long Regional Connector,1.5432,False,-0.1022,0.6131,typology-v1-f9da2ebe,ML_ESTIMATED
LTFRB_PUJ1807,1,High-Stop-Density Core,1.5275,False,-0.5141,0.5933,typology-v1-f9da2ebe,ML_ESTIMATED
LTFRB_PUJ1809,1,High-Stop-Density Core,0.995,False,-1.2545,-0.5394,typology-v1-f9da2ebe,ML_ESTIMATED
LTFRB_PUJ1811,1,High-Stop-Density Core,2.2906,False,-1.7759,0.0416,typology-v1-f9da2ebe,ML_ESTIMATED
LTFRB_PUJ1812,2,Dense Urban Trunk,1.9267,False,2.1767,-1.5466,typology-v1-f9da2ebe,ML_ESTIMATED
LTFRB_PUJ1813,2,Dense Urban Trunk,1.9288,False,2.184,-1.5471,typology-v1-f9da2ebe,ML_ESTIMATED
LTFRB_PUJ1814,2,Dense Urban Trunk,2.1041,False,4.1389,-1.805,typology-v1-f9da2ebe,ML_ESTIMATED
LTFRB_PUJ1815,2,Dense Urban Trunk,2.1788,False,4.2331,-1.8282,typology-v1-f9da2ebe,ML_ESTIMATED
LTFRB_PUJ1816,3,Local Feeder,1.3083,False,-0.6518,-2.0195,typology-v1-f9da2ebe,ML_ESTIMATED
LTFRB_PUJ1817,0,Long Regional Connector,1.3584,False,1.0277,0.8729,typology-v1-f9da2ebe,ML_ESTIMATED
LTFRB_PUJ1818,0,Long Regional Connector,1.593,False,0.9733,0.7113,typology-v1-f9da2ebe,ML_ESTIMATED
LTFRB_PUJ1819,0,Long Regional Connector,1.0599,False,0.8673,-0.5772,typology-v1-f9da2ebe,ML_ESTIMATED
LTFRB_PUJ1820,0,Long Regional Connector,1.1457,False,0.8922,-0.594,typology-v1-f9da2ebe,ML_ESTIMATED
LTFRB_PUJ1821,1,High-Stop-Density Core,2.0982,False,-1.6384,-0.2549,typology-v1-f9da2ebe,ML_ESTIMATED
LTFRB_PUJ1822,1,High-Stop-Density Core,1.3088,False,-1.919,0.0262,typology-v1-f9da2ebe,ML_ESTIMATED
LTFRB_PUJ1823,2,Dense Urban Trunk,1.6291,False,2.3354,1.1333,typology-v1-f9da2ebe,ML_ESTIMATED
LTFRB_PUJ1824,2,Dense Urban Trunk,1.7453,False,2.1736,1.075,typology-v1-f9da2ebe,ML_ESTIMATED
LTFRB_PUJ1826,1,High-Stop-Density Core,2.1172,False,-1.9336,0.8372,typology-v1-f9da2ebe,ML_ESTIMATED
LTFRB_PUJ1827,0,Long Regional Connector,2.808,True,1.9377,-1.3549,typology-v1-f9da2ebe,ML_ESTIMATED
LTFRB_PUJ1828,1,High-Stop-Density Core,1.1431,False,-1.1429,-0.6419,typology-v1-f9da2ebe,ML_ESTIMATED
LTFRB_PUJ1830,0,Long Regional Connector,0.8733,False,0.8568,-0.3083,typology-v1-f9da2ebe,ML_ESTIMATED
LTFRB_PUJ1831,0,Long Regional Connector,0.8772,False,0.8221,-0.2808,typology-v1-f9da2ebe,ML_ESTIMATED
LTFRB_PUJ1833,1,High-Stop-Density Core,1.4179,False,-0.5623,-0.4675,typology-v1-f9da2ebe,ML_ESTIMATED
LTFRB_PUJ1834,0,Long Regional Connector,1.5792,False,0.4373,0.2957,typology-v1-f9da2ebe,ML_ESTIMATED
LTFRB_PUJ1836,3,Local Feeder,1.0013,False,-1.0742,-1.493,typology-v1-f9da2ebe,ML_ESTIMATED
LTFRB_PUJ1837,1,High-Stop-Density Core,0.9057,False,-1.0574,-0.334,typology-v1-f9da2ebe,ML_ESTIMATED
LTFRB_PUJ1838,0,Long Regional Connector,1.9343,False,0.2312,0.3216,typology-v1-f9da2ebe,ML_ESTIMATED
LTFRB_PUJ1839,1,High-Stop-Density Core,1.1575,False,-2.267,-0.1052,typology-v1-f9da2ebe,ML_ESTIMATED
LTFRB_PUJ1840,1,High-Stop-Density Core,2.5567,False,-2.2257,-0.2224,typology-v1-f9da2ebe,ML_ESTIMATED
LTFRB_PUJ1841,1,High-Stop-Density Core,1.1074,False,-2.3488,0.8357,typology-v1-f9da2ebe,ML_ESTIMATED
LTFRB_PUJ1842,1,High-Stop-Density Core,1.3227,False,-2.303,0.8183,typology-v1-f9da2ebe,ML_ESTIMATED
LTFRB_PUJ1843,0,Long Regional Connector,0.7385,False,0.2465,-0.1621,typology-v1-f9da2ebe,ML_ESTIMATED
LTFRB_PUJ1844,0,Long Regional Connector,0.8897,False,0.1788,-0.2462,typology-v1-f9da2ebe,ML_ESTIMATED
LTFRB_PUJ1845,0,Long Regional Connector,1.3569,False,-0.0508,-0.6121,typology-v1-f9da2ebe,ML_ESTIMATED
LTFRB_PUJ1846,0,Long Regional Connector,1.4291,False,-0.1198,-0.6965,typology-v1-f9da2ebe,ML_ESTIMATED
LTFRB_PUJ1847,1,High-Stop-Density Core,1.9482,False,-1.7708,0.0204,typology-v1-f9da2ebe,ML_ESTIMATED
LTFRB_PUJ1849,0,Long Regional Connector,2.1869,False,1.9207,1.4717,typology-v1-f9da2ebe,ML_ESTIMATED
LTFRB_PUJ1850,0,Long Regional Connector,2.3733,True,1.9824,1.6535,typology-v1-f9da2ebe,ML_ESTIMATED
LTFRB_PUJ1851,1,High-Stop-Density Core,1.0145,False,-1.2483,0.876,typology-v1-f9da2ebe,ML_ESTIMATED
LTFRB_PUJ1852,1,High-Stop-Density Core,1.1431,False,-1.1951,0.8623,typology-v1-f9da2ebe,ML_ESTIMATED
LTFRB_PUJ1853,0,Long Regional Connector,0.9142,False,-0.0715,0.8352,typology-v1-f9da2ebe,ML_ESTIMATED
LTFRB_PUJ1854,0,Long Regional Connector,0.983,False,-0.1195,0.8459,typology-v1-f9da2ebe,ML_ESTIMATED
LTFRB_PUJ1855,0,Long Regional Connector,1.1872,False,1.618,1.0057,typology-v1-f9da2ebe,ML_ESTIMATED
LTFRB_PUJ1856,0,Long Regional Connector,0.9872,False,1.5086,0.8947,typology-v1-f9da2ebe,ML_ESTIMATED
LTFRB_PUJ1857,0,Long Regional Connector,1.2585,False,1.5734,0.7584,typology-v1-f9da2ebe,ML_ESTIMATED
LTFRB_PUJ1859,1,High-Stop-Density Core,1.6327,False,-1.0396,0.6117,typology-v1-f9da2ebe,ML_ESTIMATED
LTFRB_PUJ1860,1,High-Stop-Density Core,1.5396,False,-0.8808,0.7168,typology-v1-f9da2ebe,ML_ESTIMATED
LTFRB_PUJ1862,0,Long Regional Connector,0.9191,False,0.1733,1.0299,typology-v1-f9da2ebe,ML_ESTIMATED
LTFRB_PUJ1863,2,Dense Urban Trunk,1.2735,False,2.6444,0.8107,typology-v1-f9da2ebe,ML_ESTIMATED
LTFRB_PUJ1865,1,High-Stop-Density Core,0.6843,False,-1.8933,0.3802,typology-v1-f9da2ebe,ML_ESTIMATED
LTFRB_PUJ1866,2,Dense Urban Trunk,1.237,False,2.2081,0.5359,typology-v1-f9da2ebe,ML_ESTIMATED
LTFRB_PUJ1867,2,Dense Urban Trunk,1.238,False,2.1608,0.5523,typology-v1-f9da2ebe,ML_ESTIMATED
LTFRB_PUJ1868,0,Long Regional Connector,1.2963,False,-0.0952,-0.0774,typology-v1-f9da2ebe,ML_ESTIMATED
LTFRB_PUJ1869,0,Long Regional Connector,1.2797,False,-0.0793,-0.0873,typology-v1-f9da2ebe,ML_ESTIMATED
LTFRB_PUJ1870,1,High-Stop-Density Core,1.9444,False,-2.2155,0.5827,typology-v1-f9da2ebe,ML_ESTIMATED
LTFRB_PUJ1871,1,High-Stop-Density Core,1.489,False,-2.2627,0.6223,typology-v1-f9da2ebe,ML_ESTIMATED
LTFRB_PUJ1872,1,High-Stop-Density Core,1.5239,False,-0.4789,-0.0488,typology-v1-f9da2ebe,ML_ESTIMATED
LTFRB_PUJ1873,1,High-Stop-Density Core,1.6083,False,-0.4419,-0.0598,typology-v1-f9da2ebe,ML_ESTIMATED
LTFRB_PUJ1874,1,High-Stop-Density Core,1.5156,False,-1.055,0.2079,typology-v1-f9da2ebe,ML_ESTIMATED
LTFRB_PUJ1875,1,High-Stop-Density Core,0.9595,False,-1.0074,0.3168,typology-v1-f9da2ebe,ML_ESTIMATED
LTFRB_PUJ1876,0,Long Regional Connector,2.0793,False,0.6815,0.1095,typology-v1-f9da2ebe,ML_ESTIMATED
LTFRB_PUJ1877,0,Long Regional Connector,1.4001,False,0.2776,0.3339,typology-v1-f9da2ebe,ML_ESTIMATED
LTFRB_PUJ1878,0,Long Regional Connector,1.0006,False,0.0435,0.326,typology-v1-f9da2ebe,ML_ESTIMATED
LTFRB_PUJ1879,0,Long Regional Connector,1.1917,False,-0.239,0.5393,typology-v1-f9da2ebe,ML_ESTIMATED
LTFRB_PUJ1880,1,High-Stop-Density Core,1.7749,False,-1.3077,-0.777,typology-v1-f9da2ebe,ML_ESTIMATED
LTFRB_PUJ1881,1,High-Stop-Density Core,1.7749,False,-1.3077,-0.777,typology-v1-f9da2ebe,ML_ESTIMATED
LTFRB_PUJ1882,0,Long Regional Connector,1.8013,False,1.1701,1.5765,typology-v1-f9da2ebe,ML_ESTIMATED
LTFRB_PUJ1883,0,Long Regional Connector,1.733,False,1.1602,1.5859,typology-v1-f9da2ebe,ML_ESTIMATED
LTFRB_PUJ1884,0,Long Regional Connector,2.4721,True,0.3882,1.9975,typology-v1-f9da2ebe,ML_ESTIMATED
LTFRB_PUJ1885,0,Long Regional Connector,2.207,False,0.4523,1.9339,typology-v1-f9da2ebe,ML_ESTIMATED
LTFRB_PUJ1886,1,High-Stop-Density Core,1.5096,False,-1.0054,0.7439,typology-v1-f9da2ebe,ML_ESTIMATED
LTFRB_PUJ1887,1,High-Stop-Density Core,1.5013,False,-0.9575,0.7312,typology-v1-f9da2ebe,ML_ESTIMATED
LTFRB_PUJ1888,1,High-Stop-Density Core,0.4552,False,-1.9305,0.3607,typology-v1-f9da2ebe,ML_ESTIMATED
LTFRB_PUJ1889,1,High-Stop-Density Core,0.9408,False,-2.1126,0.2679,typology-v1-f9da2ebe,ML_ESTIMATED
LTFRB_PUJ1890,2,Dense Urban Trunk,1.507,False,4.1614,-1.0045,typology-v1-f9da2ebe,ML_ESTIMATED
LTFRB_PUJ1891,2,Dense Urban Trunk,1.5241,False,4.1664,-1.0149,typology-v1-f9da2ebe,ML_ESTIMATED
LTFRB_PUJ1892,0,Long Regional Connector,0.9516,False,1.2116,-0.1506,typology-v1-f9da2ebe,ML_ESTIMATED
LTFRB_PUJ1893,0,Long Regional Connector,1.0327,False,1.1401,-0.1139,typology-v1-f9da2ebe,ML_ESTIMATED
LTFRB_PUJ1894,0,Long Regional Connector,1.5168,False,-0.0504,0.0348,typology-v1-f9da2ebe,ML_ESTIMATED
LTFRB_PUJ1895,0,Long Regional Connector,1.5168,False,-0.0504,0.0348,typology-v1-f9da2ebe,ML_ESTIMATED
LTFRB_PUJ1896,2,Dense Urban Trunk,1.8202,False,3.1153,1.3318,typology-v1-f9da2ebe,ML_ESTIMATED
LTFRB_PUJ1897,2,Dense Urban Trunk,2.0872,False,3.3653,1.4273,typology-v1-f9da2ebe,ML_ESTIMATED
LTFRB_PUJ1898,1,High-Stop-Density Core,1.4209,False,-2.3791,0.5833,typology-v1-f9da2ebe,ML_ESTIMATED
LTFRB_PUJ1899,1,High-Stop-Density Core,1.0817,False,-2.3316,0.5765,typology-v1-f9da2ebe,ML_ESTIMATED
LTFRB_PUJ1900,1,High-Stop-Density Core,0.7763,False,-1.9545,0.4553,typology-v1-f9da2ebe,ML_ESTIMATED
LTFRB_PUJ1901,1,High-Stop-Density Core,0.6819,False,-2.0073,0.4665,typology-v1-f9da2ebe,ML_ESTIMATED
LTFRB_PUJ1902,0,Long Regional Connector,1.0744,False,1.0128,0.1033,typology-v1-f9da2ebe,ML_ESTIMATED
LTFRB_PUJ1903,0,Long Regional Connector,0.5424,False,0.9331,0.046,typology-v1-f9da2ebe,ML_ESTIMATED
LTFRB_PUJ1904,1,High-Stop-Density Core,1.3549,False,-0.9486,-0.8269,typology-v1-f9da2ebe,ML_ESTIMATED
LTFRB_PUJ1905,1,High-Stop-Density Core,1.3254,False,-1.0333,-0.8287,typology-v1-f9da2ebe,ML_ESTIMATED
LTFRB_PUJ1906,0,Long Regional Connector,1.6084,False,1.3656,-0.7122,typology-v1-f9da2ebe,ML_ESTIMATED
LTFRB_PUJ1907,0,Long Regional Connector,1.5279,False,1.3581,-0.7514,typology-v1-f9da2ebe,ML_ESTIMATED
LTFRB_PUJ1908,3,Local Feeder,0.9902,False,-1.2295,-3.2285,typology-v1-f9da2ebe,ML_ESTIMATED
LTFRB_PUJ1909,3,Local Feeder,0.9293,False,-1.1573,-3.2367,typology-v1-f9da2ebe,ML_ESTIMATED
LTFRB_PUJ1910,2,Dense Urban Trunk,2.9421,False,2.3341,-3.0611,typology-v1-f9da2ebe,ML_ESTIMATED
LTFRB_PUJ1911,2,Dense Urban Trunk,2.945,False,2.376,-3.0707,typology-v1-f9da2ebe,ML_ESTIMATED
LTFRB_PUJ1912,3,Local Feeder,2.8939,True,1.4688,-2.8249,typology-v1-f9da2ebe,ML_ESTIMATED
LTFRB_PUJ1913,3,Local Feeder,2.8939,True,1.4688,-2.8249,typology-v1-f9da2ebe,ML_ESTIMATED
LTFRB_PUJ1914,3,Local Feeder,2.1009,False,-1.1283,-3.8074,typology-v1-f9da2ebe,ML_ESTIMATED
LTFRB_PUJ1915,3,Local Feeder,2.1009,False,-1.1283,-3.8074,typology-v1-f9da2ebe,ML_ESTIMATED
LTFRB_PUJ1916,1,High-Stop-Density Core,1.0949,False,-1.934,-0.5932,typology-v1-f9da2ebe,ML_ESTIMATED
LTFRB_PUJ1917,1,High-Stop-Density Core,1.1001,False,-1.9367,-0.5702,typology-v1-f9da2ebe,ML_ESTIMATED
LTFRB_PUJ1918,1,High-Stop-Density Core,1.3958,False,-0.9431,0.6829,typology-v1-f9da2ebe,ML_ESTIMATED
LTFRB_PUJ1919,1,High-Stop-Density Core,1.6026,False,-0.9851,0.6721,typology-v1-f9da2ebe,ML_ESTIMATED
LTFRB_PUJ1920,1,High-Stop-Density Core,1.0755,False,-2.3188,0.352,typology-v1-f9da2ebe,ML_ESTIMATED
LTFRB_PUJ1922,1,High-Stop-Density Core,0.775,False,-1.351,-0.0814,typology-v1-f9da2ebe,ML_ESTIMATED
LTFRB_PUJ1923,1,High-Stop-Density Core,0.4841,False,-1.7021,0.3395,typology-v1-f9da2ebe,ML_ESTIMATED
LTFRB_PUJ1924,1,High-Stop-Density Core,2.046,False,-1.3984,0.8669,typology-v1-f9da2ebe,ML_ESTIMATED
LTFRB_PUJ1925,1,High-Stop-Density Core,2.046,False,-1.3984,0.8669,typology-v1-f9da2ebe,ML_ESTIMATED
LTFRB_PUJ1926,1,High-Stop-Density Core,0.6945,False,-1.4791,0.8143,typology-v1-f9da2ebe,ML_ESTIMATED
LTFRB_PUJ1928,1,High-Stop-Density Core,1.0939,False,-1.4386,0.7044,typology-v1-f9da2ebe,ML_ESTIMATED
LTFRB_PUJ1929,1,High-Stop-Density Core,1.1216,False,-1.1599,0.9189,typology-v1-f9da2ebe,ML_ESTIMATED
LTFRB_PUJ1930,1,High-Stop-Density Core,0.5896,False,-1.6574,0.7841,typology-v1-f9da2ebe,ML_ESTIMATED
LTFRB_PUJ1931,1,High-Stop-Density Core,0.5896,False,-1.6574,0.7841,typology-v1-f9da2ebe,ML_ESTIMATED
LTFRB_PUJ1932,1,High-Stop-Density Core,0.7531,False,-1.8164,0.8152,typology-v1-f9da2ebe,ML_ESTIMATED
LTFRB_PUJ1933,1,High-Stop-Density Core,0.7531,False,-1.8164,0.8152,typology-v1-f9da2ebe,ML_ESTIMATED
LTFRB_PUJ1934,1,High-Stop-Density Core,8.0965,True,-2.0499,0.2643,typology-v1-f9da2ebe,ML_ESTIMATED
LTFRB_PUJ1935,1,High-Stop-Density Core,8.7351,True,-2.0233,0.1298,typology-v1-f9da2ebe,ML_ESTIMATED
LTFRB_PUJ1936,2,Dense Urban Trunk,1.7144,False,4.5656,0.3776,typology-v1-f9da2ebe,ML_ESTIMATED
LTFRB_PUJ1937,2,Dense Urban Trunk,1.8606,False,4.6918,0.4337,typology-v1-f9da2ebe,ML_ESTIMATED
LTFRB_PUJ1940,2,Dense Urban Trunk,1.3149,False,3.8712,0.5475,typology-v1-f9da2ebe,ML_ESTIMATED
LTFRB_PUJ1941,2,Dense Urban Trunk,1.3115,False,3.8861,0.5409,typology-v1-f9da2ebe,ML_ESTIMATED
LTFRB_PUJ1942,0,Long Regional Connector,1.1389,False,-0.0012,-0.4324,typology-v1-f9da2ebe,ML_ESTIMATED
LTFRB_PUJ1943,0,Long Regional Connector,1.1702,False,0.132,-0.4666,typology-v1-f9da2ebe,ML_ESTIMATED
LTFRB_PUJ1944,2,Dense Urban Trunk,1.5471,False,4.3372,0.4403,typology-v1-f9da2ebe,ML_ESTIMATED
LTFRB_PUJ1947,1,High-Stop-Density Core,0.877,False,-0.9213,0.6154,typology-v1-f9da2ebe,ML_ESTIMATED
LTFRB_PUJ1948,1,High-Stop-Density Core,1.2331,False,-2.1321,-0.4149,typology-v1-f9da2ebe,ML_ESTIMATED
LTFRB_PUJ1949,1,High-Stop-Density Core,1.0725,False,-2.0562,-0.4446,typology-v1-f9da2ebe,ML_ESTIMATED
LTFRB_PUJ1950,1,High-Stop-Density Core,2.807,False,-2.2339,0.3182,typology-v1-f9da2ebe,ML_ESTIMATED
LTFRB_PUJ1951,1,High-Stop-Density Core,3.3837,True,-2.1564,0.2677,typology-v1-f9da2ebe,ML_ESTIMATED
LTFRB_PUJ1952,1,High-Stop-Density Core,2.227,False,-2.7129,0.5984,typology-v1-f9da2ebe,ML_ESTIMATED
LTFRB_PUJ1953,1,High-Stop-Density Core,2.3695,False,-2.7858,0.5984,typology-v1-f9da2ebe,ML_ESTIMATED
LTFRB_PUJ1954,1,High-Stop-Density Core,1.0804,False,-2.1181,0.6428,typology-v1-f9da2ebe,ML_ESTIMATED
LTFRB_PUJ1955,1,High-Stop-Density Core,1.0315,False,-1.8522,0.5082,typology-v1-f9da2ebe,ML_ESTIMATED
LTFRB_PUJ1956,1,High-Stop-Density Core,1.3883,False,-0.815,0.5915,typology-v1-f9da2ebe,ML_ESTIMATED
LTFRB_PUJ1957,1,High-Stop-Density Core,0.7037,False,-1.2818,-0.0963,typology-v1-f9da2ebe,ML_ESTIMATED
LTFRB_PUJ1958,1,High-Stop-Density Core,1.1462,False,-1.0325,1.0289,typology-v1-f9da2ebe,ML_ESTIMATED
LTFRB_PUJ1959,1,High-Stop-Density Core,1.6089,False,-0.8702,1.1247,typology-v1-f9da2ebe,ML_ESTIMATED
LTFRB_PUJ1960,1,High-Stop-Density Core,1.6908,False,-2.4512,0.5436,typology-v1-f9da2ebe,ML_ESTIMATED
LTFRB_PUJ1961,1,High-Stop-Density Core,1.1644,False,-2.436,0.654,typology-v1-f9da2ebe,ML_ESTIMATED
LTFRB_PUJ1962,1,High-Stop-Density Core,1.7381,False,-2.1985,0.7506,typology-v1-f9da2ebe,ML_ESTIMATED
LTFRB_PUJ1963,1,High-Stop-Density Core,1.9758,False,-2.7046,0.4713,typology-v1-f9da2ebe,ML_ESTIMATED
LTFRB_PUJ1964,0,Long Regional Connector,2.0751,False,0.0918,1.549,typology-v1-f9da2ebe,ML_ESTIMATED
LTFRB_PUJ1965,0,Long Regional Connector,1.8256,False,0.0529,1.5886,typology-v1-f9da2ebe,ML_ESTIMATED
LTFRB_PUJ1966,0,Long Regional Connector,1.3226,False,-0.3381,1.1402,typology-v1-f9da2ebe,ML_ESTIMATED
LTFRB_PUJ1967,0,Long Regional Connector,1.4497,False,-0.3856,1.1648,typology-v1-f9da2ebe,ML_ESTIMATED
LTFRB_PUJ1968,1,High-Stop-Density Core,0.9389,False,-2.1926,0.8129,typology-v1-f9da2ebe,ML_ESTIMATED
LTFRB_PUJ1969,1,High-Stop-Density Core,1.0026,False,-2.1822,0.7561,typology-v1-f9da2ebe,ML_ESTIMATED
LTFRB_PUJ1970,1,High-Stop-Density Core,1.0259,False,-1.4986,1.2041,typology-v1-f9da2ebe,ML_ESTIMATED
LTFRB_PUJ1971,1,High-Stop-Density Core,1.0259,False,-1.4986,1.2041,typology-v1-f9da2ebe,ML_ESTIMATED
LTFRB_PUJ1972,1,High-Stop-Density Core,1.5662,False,-2.0977,-0.0295,typology-v1-f9da2ebe,ML_ESTIMATED
LTFRB_PUJ1973,1,High-Stop-Density Core,1.1234,False,-1.6849,0.2247,typology-v1-f9da2ebe,ML_ESTIMATED
LTFRB_PUJ1974,0,Long Regional Connector,0.9466,False,0.7571,1.1349,typology-v1-f9da2ebe,ML_ESTIMATED
LTFRB_PUJ1975,0,Long Regional Connector,1.0225,False,0.9239,1.2071,typology-v1-f9da2ebe,ML_ESTIMATED
LTFRB_PUJ1978,1,High-Stop-Density Core,1.213,False,-0.8073,0.1326,typology-v1-f9da2ebe,ML_ESTIMATED
LTFRB_PUJ1979,1,High-Stop-Density Core,0.9999,False,-0.816,0.3317,typology-v1-f9da2ebe,ML_ESTIMATED
LTFRB_PUJ1980,1,High-Stop-Density Core,0.7437,False,-1.5924,0.5917,typology-v1-f9da2ebe,ML_ESTIMATED
LTFRB_PUJ1981,1,High-Stop-Density Core,0.6983,False,-1.6112,0.6083,typology-v1-f9da2ebe,ML_ESTIMATED
LTFRB_PUJ1982,2,Dense Urban Trunk,0.6696,False,2.7214,0.1662,typology-v1-f9da2ebe,ML_ESTIMATED
LTFRB_PUJ1983,2,Dense Urban Trunk,0.7249,False,3.1199,0.1889,typology-v1-f9da2ebe,ML_ESTIMATED
LTFRB_PUJ1984,0,Long Regional Connector,0.5168,False,1.1326,0.1846,typology-v1-f9da2ebe,ML_ESTIMATED
LTFRB_PUJ1985,0,Long Regional Connector,0.6764,False,1.2344,0.1561,typology-v1-f9da2ebe,ML_ESTIMATED
LTFRB_PUJ1986,1,High-Stop-Density Core,1.5269,False,-0.8487,0.7653,typology-v1-f9da2ebe,ML_ESTIMATED
LTFRB_PUJ1987,1,High-Stop-Density Core,1.5269,False,-0.8487,0.7653,typology-v1-f9da2ebe,ML_ESTIMATED
LTFRB_PUJ1988,0,Long Regional Connector,1.2387,False,1.7837,0.834,typology-v1-f9da2ebe,ML_ESTIMATED
LTFRB_PUJ1989,0,Long Regional Connector,1.5708,False,2.0391,0.8801,typology-v1-f9da2ebe,ML_ESTIMATED
LTFRB_PUJ1990,0,Long Regional Connector,1.0059,False,0.3177,-0.4022,typology-v1-f9da2ebe,ML_ESTIMATED
LTFRB_PUJ1991,0,Long Regional Connector,1.0872,False,0.3615,-0.4214,typology-v1-f9da2ebe,ML_ESTIMATED
LTFRB_PUJ1992,0,Long Regional Connector,1.0305,False,0.2605,-0.3359,typology-v1-f9da2ebe,ML_ESTIMATED
LTFRB_PUJ1993,0,Long Regional Connector,1.0718,False,0.2242,-0.3251,typology-v1-f9da2ebe,ML_ESTIMATED
LTFRB_PUJ1994,0,Long Regional Connector,1.1642,False,1.4799,1.0753,typology-v1-f9da2ebe,ML_ESTIMATED
LTFRB_PUJ1995,0,Long Regional Connector,1.2757,False,1.6499,1.034,typology-v1-f9da2ebe,ML_ESTIMATED
LTFRB_PUJ1996,0,Long Regional Connector,0.8992,False,0.5127,1.0959,typology-v1-f9da2ebe,ML_ESTIMATED
LTFRB_PUJ1999,0,Long Regional Connector,1.0736,False,-0.1209,0.1216,typology-v1-f9da2ebe,ML_ESTIMATED
LTFRB_PUJ2000,2,Dense Urban Trunk,1.7944,False,2.1445,-1.6253,typology-v1-f9da2ebe,ML_ESTIMATED
LTFRB_PUJ2001,2,Dense Urban Trunk,1.7764,False,2.1686,-1.6292,typology-v1-f9da2ebe,ML_ESTIMATED
LTFRB_PUJ2002,2,Dense Urban Trunk,1.0953,False,3.6349,-0.902,typology-v1-f9da2ebe,ML_ESTIMATED
LTFRB_PUJ2003,2,Dense Urban Trunk,0.6241,False,2.9761,-0.6153,typology-v1-f9da2ebe,ML_ESTIMATED
LTFRB_PUJ2004,1,High-Stop-Density Core,1.8623,False,-0.6086,-0.7417,typology-v1-f9da2ebe,ML_ESTIMATED
LTFRB_PUJ2005,1,High-Stop-Density Core,1.5401,False,-0.7906,-0.7798,typology-v1-f9da2ebe,ML_ESTIMATED
LTFRB_PUJ2006,1,High-Stop-Density Core,1.5875,False,-0.7697,-0.7914,typology-v1-f9da2ebe,ML_ESTIMATED
LTFRB_PUJ2008,1,High-Stop-Density Core,2.6472,False,-1.8876,-0.4331,typology-v1-f9da2ebe,ML_ESTIMATED
LTFRB_PUJ2009,1,High-Stop-Density Core,2.6472,False,-1.8876,-0.4331,typology-v1-f9da2ebe,ML_ESTIMATED
LTFRB_PUJ2010,0,Long Regional Connector,1.8679,False,1.0489,0.1772,typology-v1-f9da2ebe,ML_ESTIMATED
LTFRB_PUJ2011,0,Long Regional Connector,1.8059,False,1.1557,0.1596,typology-v1-f9da2ebe,ML_ESTIMATED
LTFRB_PUJ2012,1,High-Stop-Density Core,1.7926,False,-1.4531,-0.0176,typology-v1-f9da2ebe,ML_ESTIMATED
LTFRB_PUJ2013,1,High-Stop-Density Core,1.0982,False,-1.9706,0.5736,typology-v1-f9da2ebe,ML_ESTIMATED
LTFRB_PUJ2014,2,Dense Urban Trunk,0.757,False,2.4298,0.0305,typology-v1-f9da2ebe,ML_ESTIMATED
LTFRB_PUJ2015,2,Dense Urban Trunk,0.6238,False,2.725,-0.025,typology-v1-f9da2ebe,ML_ESTIMATED
LTFRB_PUJ2016,1,High-Stop-Density Core,1.2346,False,-1.0522,-0.439,typology-v1-f9da2ebe,ML_ESTIMATED
LTFRB_PUJ2017,1,High-Stop-Density Core,1.1663,False,-1.0785,-0.4271,typology-v1-f9da2ebe,ML_ESTIMATED
LTFRB_PUJ2018,3,Local Feeder,1.5402,False,-1.5793,-1.7821,typology-v1-f9da2ebe,ML_ESTIMATED
LTFRB_PUJ2019,3,Local Feeder,1.0657,False,-1.7093,-1.9824,typology-v1-f9da2ebe,ML_ESTIMATED
LTFRB_PUJ2020,0,Long Regional Connector,1.2007,False,1.0393,-0.4965,typology-v1-f9da2ebe,ML_ESTIMATED
LTFRB_PUJ2021,0,Long Regional Connector,0.8472,False,0.7663,-0.3645,typology-v1-f9da2ebe,ML_ESTIMATED
LTFRB_PUJ2022,3,Local Feeder,1.6531,False,-0.1497,-1.4034,typology-v1-f9da2ebe,ML_ESTIMATED
LTFRB_PUJ2023,3,Local Feeder,2.5657,False,0.3506,-1.4742,typology-v1-f9da2ebe,ML_ESTIMATED
LTFRB_PUJ2024,3,Local Feeder,1.479,False,-0.221,-1.5247,typology-v1-f9da2ebe,ML_ESTIMATED
LTFRB_PUJ2025,1,High-Stop-Density Core,2.9492,True,-2.133,-0.3179,typology-v1-f9da2ebe,ML_ESTIMATED
LTFRB_PUJ2026,1,High-Stop-Density Core,2.9492,True,-2.133,-0.3179,typology-v1-f9da2ebe,ML_ESTIMATED
LTFRB_PUJ2027,1,High-Stop-Density Core,1.811,False,-0.7424,-0.1065,typology-v1-f9da2ebe,ML_ESTIMATED
LTFRB_PUJ2028,1,High-Stop-Density Core,1.5328,False,-1.3553,-0.2488,typology-v1-f9da2ebe,ML_ESTIMATED
LTFRB_PUJ2029,1,High-Stop-Density Core,3.969,True,-2.0059,0.4772,typology-v1-f9da2ebe,ML_ESTIMATED
LTFRB_PUJ2030,1,High-Stop-Density Core,3.969,True,-2.0059,0.4772,typology-v1-f9da2ebe,ML_ESTIMATED
LTFRB_PUJ2031,1,High-Stop-Density Core,1.8522,False,-0.896,-0.2646,typology-v1-f9da2ebe,ML_ESTIMATED
LTFRB_PUJ2032,1,High-Stop-Density Core,1.7953,False,-1.4538,-0.9454,typology-v1-f9da2ebe,ML_ESTIMATED
LTFRB_PUJ2033,0,Long Regional Connector,1.553,False,-0.405,1.2998,typology-v1-f9da2ebe,ML_ESTIMATED
LTFRB_PUJ2034,0,Long Regional Connector,1.5638,False,-0.3978,1.2996,typology-v1-f9da2ebe,ML_ESTIMATED
LTFRB_PUJ2035,1,High-Stop-Density Core,2.0168,False,-1.4451,1.2051,typology-v1-f9da2ebe,ML_ESTIMATED
LTFRB_PUJ2036,1,High-Stop-Density Core,1.6408,False,-1.1255,1.2308,typology-v1-f9da2ebe,ML_ESTIMATED
LTFRB_PUJ2037,1,High-Stop-Density Core,1.2123,False,-0.5547,0.6294,typology-v1-f9da2ebe,ML_ESTIMATED
LTFRB_PUJ2038,1,High-Stop-Density Core,1.1878,False,-0.5124,0.6328,typology-v1-f9da2ebe,ML_ESTIMATED
LTFRB_PUJ2039,1,High-Stop-Density Core,0.9524,False,-1.7113,0.7582,typology-v1-f9da2ebe,ML_ESTIMATED
LTFRB_PUJ2040,1,High-Stop-Density Core,0.7025,False,-1.5853,0.7404,typology-v1-f9da2ebe,ML_ESTIMATED
LTFRB_PUJ2041,0,Long Regional Connector,2.1952,False,-0.0192,0.864,typology-v1-f9da2ebe,ML_ESTIMATED
LTFRB_PUJ2042,0,Long Regional Connector,2.0644,False,0.0336,0.857,typology-v1-f9da2ebe,ML_ESTIMATED
LTFRB_PUJ2043,1,High-Stop-Density Core,1.2165,False,-1.0861,0.4483,typology-v1-f9da2ebe,ML_ESTIMATED
LTFRB_PUJ2044,1,High-Stop-Density Core,1.0787,False,-1.0118,0.5954,typology-v1-f9da2ebe,ML_ESTIMATED
LTFRB_PUJ2045,0,Long Regional Connector,0.8883,False,0.9005,1.0487,typology-v1-f9da2ebe,ML_ESTIMATED
LTFRB_PUJ2046,0,Long Regional Connector,0.856,False,0.9372,1.0384,typology-v1-f9da2ebe,ML_ESTIMATED
LTFRB_PUJ2047,0,Long Regional Connector,0.7387,False,0.8869,0.9488,typology-v1-f9da2ebe,ML_ESTIMATED
LTFRB_PUJ2048,0,Long Regional Connector,0.7017,False,0.9127,0.9389,typology-v1-f9da2ebe,ML_ESTIMATED
LTFRB_PUJ2049,0,Long Regional Connector,0.4609,False,0.6604,0.5295,typology-v1-f9da2ebe,ML_ESTIMATED
LTFRB_PUJ2050,0,Long Regional Connector,0.4714,False,0.7483,0.5001,typology-v1-f9da2ebe,ML_ESTIMATED
LTFRB_PUJ2051,1,High-Stop-Density Core,0.9554,False,-2.0587,0.9322,typology-v1-f9da2ebe,ML_ESTIMATED
LTFRB_PUJ2052,1,High-Stop-Density Core,0.9554,False,-2.0587,0.9322,typology-v1-f9da2ebe,ML_ESTIMATED
LTFRB_PUJ2053,0,Long Regional Connector,1.3644,False,0.6795,1.125,typology-v1-f9da2ebe,ML_ESTIMATED
LTFRB_PUJ2054,2,Dense Urban Trunk,1.7534,False,2.1377,1.0685,typology-v1-f9da2ebe,ML_ESTIMATED
LTFRB_PUJ2055,0,Long Regional Connector,0.6508,False,0.258,0.5575,typology-v1-f9da2ebe,ML_ESTIMATED
LTFRB_PUJ2056,0,Long Regional Connector,0.8318,False,0.1879,0.2706,typology-v1-f9da2ebe,ML_ESTIMATED
LTFRB_PUJ2057,1,High-Stop-Density Core,2.0783,False,-1.9102,1.2696,typology-v1-f9da2ebe,ML_ESTIMATED
LTFRB_PUJ2058,1,High-Stop-Density Core,2.5519,False,-1.973,1.245,typology-v1-f9da2ebe,ML_ESTIMATED
LTFRB_PUJ2059,1,High-Stop-Density Core,0.8241,False,-1.6081,0.2639,typology-v1-f9da2ebe,ML_ESTIMATED
LTFRB_PUJ2060,1,High-Stop-Density Core,0.4128,False,-1.38,0.2086,typology-v1-f9da2ebe,ML_ESTIMATED
LTFRB_PUJ2061,3,Local Feeder,1.4153,False,-2.0403,-2.1771,typology-v1-f9da2ebe,ML_ESTIMATED
LTFRB_PUJ2062,3,Local Feeder,1.6381,False,-2.0601,-2.1567,typology-v1-f9da2ebe,ML_ESTIMATED
LTFRB_PUJ2064,1,High-Stop-Density Core,2.3812,False,-0.9789,1.7446,typology-v1-f9da2ebe,ML_ESTIMATED
LTFRB_PUJ2065,1,High-Stop-Density Core,1.2882,False,-0.521,0.718,typology-v1-f9da2ebe,ML_ESTIMATED
LTFRB_PUJ2066,1,High-Stop-Density Core,1.3752,False,-0.5064,0.7058,typology-v1-f9da2ebe,ML_ESTIMATED
LTFRB_PUJ2067,1,High-Stop-Density Core,1.4824,False,-0.4482,0.4628,typology-v1-f9da2ebe,ML_ESTIMATED
LTFRB_PUJ2068,1,High-Stop-Density Core,1.3735,False,-0.4174,0.4657,typology-v1-f9da2ebe,ML_ESTIMATED
LTFRB_PUJ2069,1,High-Stop-Density Core,1.2517,False,-0.6914,-0.064,typology-v1-f9da2ebe,ML_ESTIMATED
LTFRB_PUJ2070,1,High-Stop-Density Core,1.3434,False,-0.4516,0.4761,typology-v1-f9da2ebe,ML_ESTIMATED
LTFRB_PUJ2071,0,Long Regional Connector,0.9803,False,0.237,-0.342,typology-v1-f9da2ebe,ML_ESTIMATED
LTFRB_PUJ2072,0,Long Regional Connector,0.9803,False,0.237,-0.342,typology-v1-f9da2ebe,ML_ESTIMATED
LTFRB_PUJ2073,0,Long Regional Connector,1.5328,False,1.0385,-1.0912,typology-v1-f9da2ebe,ML_ESTIMATED
LTFRB_PUJ2074,0,Long Regional Connector,1.5402,False,1.0071,-1.0744,typology-v1-f9da2ebe,ML_ESTIMATED
LTFRB_PUJ2075,0,Long Regional Connector,0.9969,False,0.0389,-0.1366,typology-v1-f9da2ebe,ML_ESTIMATED
LTFRB_PUJ2076,1,High-Stop-Density Core,0.7485,False,-1.071,-0.1098,typology-v1-f9da2ebe,ML_ESTIMATED
LTFRB_PUJ2077,2,Dense Urban Trunk,1.5012,False,2.4958,0.9825,typology-v1-f9da2ebe,ML_ESTIMATED
LTFRB_PUJ2078,2,Dense Urban Trunk,1.3341,False,2.6707,0.9394,typology-v1-f9da2ebe,ML_ESTIMATED
LTFRB_PUJ2079,1,High-Stop-Density Core,1.9139,False,-1.8715,-0.8169,typology-v1-f9da2ebe,ML_ESTIMATED
LTFRB_PUJ2080,1,High-Stop-Density Core,1.0883,False,-1.7745,-0.2633,typology-v1-f9da2ebe,ML_ESTIMATED
LTFRB_PUJ2081,0,Long Regional Connector,1.3138,False,-0.1915,-0.3167,typology-v1-f9da2ebe,ML_ESTIMATED
LTFRB_PUJ2082,0,Long Regional Connector,1.0899,False,-0.1842,0.0497,typology-v1-f9da2ebe,ML_ESTIMATED
LTFRB_PUJ2083,2,Dense Urban Trunk,3.5753,True,6.3202,-0.0168,typology-v1-f9da2ebe,ML_ESTIMATED
LTFRB_PUJ2084,2,Dense Urban Trunk,3.3656,True,6.0712,0.0339,typology-v1-f9da2ebe,ML_ESTIMATED
LTFRB_PUJ2085,0,Long Regional Connector,1.0451,False,1.2894,0.9607,typology-v1-f9da2ebe,ML_ESTIMATED
LTFRB_PUJ2086,0,Long Regional Connector,0.9301,False,1.3055,0.8172,typology-v1-f9da2ebe,ML_ESTIMATED
LTFRB_PUJ2087,2,Dense Urban Trunk,0.6438,False,3.0298,-0.3222,typology-v1-f9da2ebe,ML_ESTIMATED
LTFRB_PUJ2088,2,Dense Urban Trunk,1.3838,False,2.5864,-0.4978,typology-v1-f9da2ebe,ML_ESTIMATED
LTFRB_PUJ2089,2,Dense Urban Trunk,1.6577,False,2.4731,-1.2908,typology-v1-f9da2ebe,ML_ESTIMATED
LTFRB_PUJ2090,2,Dense Urban Trunk,1.7393,False,2.2564,-1.2192,typology-v1-f9da2ebe,ML_ESTIMATED
LTFRB_PUJ2091,1,High-Stop-Density Core,1.1392,False,-1.793,-0.5293,typology-v1-f9da2ebe,ML_ESTIMATED
LTFRB_PUJ2092,1,High-Stop-Density Core,1.2479,False,-1.8146,-0.5128,typology-v1-f9da2ebe,ML_ESTIMATED
LTFRB_PUJ2093,1,High-Stop-Density Core,1.3778,False,-2.1716,-0.8524,typology-v1-f9da2ebe,ML_ESTIMATED
LTFRB_PUJ2094,1,High-Stop-Density Core,1.3152,False,-2.1311,-0.4614,typology-v1-f9da2ebe,ML_ESTIMATED
LTFRB_PUJ2095,1,High-Stop-Density Core,0.4351,False,-1.7577,-0.085,typology-v1-f9da2ebe,ML_ESTIMATED
LTFRB_PUJ2096,1,High-Stop-Density Core,1.1383,False,-1.5677,-0.1391,typology-v1-f9da2ebe,ML_ESTIMATED
LTFRB_PUJ2097,0,Long Regional Connector,1.8722,False,1.7749,1.0202,typology-v1-f9da2ebe,ML_ESTIMATED
LTFRB_PUJ2098,0,Long Regional Connector,1.7861,False,1.7203,1.0443,typology-v1-f9da2ebe,ML_ESTIMATED
LTFRB_PUJ2099,0,Long Regional Connector,0.6623,False,0.8851,0.9574,typology-v1-f9da2ebe,ML_ESTIMATED
LTFRB_PUJ2100,0,Long Regional Connector,0.7815,False,1.0885,0.9803,typology-v1-f9da2ebe,ML_ESTIMATED
LTFRB_PUJ2101,2,Dense Urban Trunk,2.0513,False,4.9128,0.459,typology-v1-f9da2ebe,ML_ESTIMATED
LTFRB_PUJ2102,2,Dense Urban Trunk,2.0834,False,4.9485,0.4461,typology-v1-f9da2ebe,ML_ESTIMATED
LTFRB_PUJ2104,1,High-Stop-Density Core,0.6885,False,-1.5741,0.5942,typology-v1-f9da2ebe,ML_ESTIMATED
LTFRB_PUJ2105,0,Long Regional Connector,0.7096,False,0.2689,0.9114,typology-v1-f9da2ebe,ML_ESTIMATED
LTFRB_PUJ2106,0,Long Regional Connector,0.7096,False,0.2689,0.9114,typology-v1-f9da2ebe,ML_ESTIMATED
LTFRB_PUJ2107,1,High-Stop-Density Core,0.8801,False,-1.6835,0.7621,typology-v1-f9da2ebe,ML_ESTIMATED
LTFRB_PUJ2108,1,High-Stop-Density Core,0.7976,False,-1.6241,0.7518,typology-v1-f9da2ebe,ML_ESTIMATED
LTFRB_PUJ2109,2,Dense Urban Trunk,1.2814,False,3.7739,0.0575,typology-v1-f9da2ebe,ML_ESTIMATED
LTFRB_PUJ2110,2,Dense Urban Trunk,1.107,False,3.5758,0.1052,typology-v1-f9da2ebe,ML_ESTIMATED
LTFRB_PUJ2111,2,Dense Urban Trunk,1.2302,False,3.7492,0.0649,typology-v1-f9da2ebe,ML_ESTIMATED
LTFRB_PUJ2112,2,Dense Urban Trunk,0.9399,False,3.5178,0.1272,typology-v1-f9da2ebe,ML_ESTIMATED
LTFRB_PUJ2113,2,Dense Urban Trunk,1.9165,False,4.0641,-0.054,typology-v1-f9da2ebe,ML_ESTIMATED
LTFRB_PUJ2114,2,Dense Urban Trunk,1.1587,False,3.648,-0.0384,typology-v1-f9da2ebe,ML_ESTIMATED
LTFRB_PUJ2115,2,Dense Urban Trunk,2.0496,False,1.7642,-1.5778,typology-v1-f9da2ebe,ML_ESTIMATED
LTFRB_PUJ2116,2,Dense Urban Trunk,1.9986,False,1.8157,-1.5865,typology-v1-f9da2ebe,ML_ESTIMATED
LTFRB_PUJ2117,1,High-Stop-Density Core,1.1756,False,-0.5293,-0.0525,typology-v1-f9da2ebe,ML_ESTIMATED
LTFRB_PUJ2118,1,High-Stop-Density Core,0.9402,False,-0.8098,0.2197,typology-v1-f9da2ebe,ML_ESTIMATED
LTFRB_PUJ2119,2,Dense Urban Trunk,1.7627,False,4.6291,0.0616,typology-v1-f9da2ebe,ML_ESTIMATED
LTFRB_PUJ2120,2,Dense Urban Trunk,2.0271,False,4.8372,0.2354,typology-v1-f9da2ebe,ML_ESTIMATED
LTFRB_PUJ2121,0,Long Regional Connector,3.0208,True,1.7811,-1.4328,typology-v1-f9da2ebe,ML_ESTIMATED
LTFRB_PUJ2122,0,Long Regional Connector,2.9147,True,1.6935,-1.4144,typology-v1-f9da2ebe,ML_ESTIMATED
LTFRB_PUJ2123,0,Long Regional Connector,1.6612,False,0.3721,0.3736,typology-v1-f9da2ebe,ML_ESTIMATED
LTFRB_PUJ2124,0,Long Regional Connector,1.6605,False,0.4137,0.3055,typology-v1-f9da2ebe,ML_ESTIMATED
LTFRB_PUJ2125,1,High-Stop-Density Core,1.4179,False,-0.5623,-0.4675,typology-v1-f9da2ebe,ML_ESTIMATED
LTFRB_PUJ2126,1,High-Stop-Density Core,1.3362,False,-0.6452,-0.4246,typology-v1-f9da2ebe,ML_ESTIMATED
LTFRB_PUJ2127,0,Long Regional Connector,0.817,False,0.7458,-0.2916,typology-v1-f9da2ebe,ML_ESTIMATED
LTFRB_PUJ2129,1,High-Stop-Density Core,1.2654,False,-0.7328,-0.412,typology-v1-f9da2ebe,ML_ESTIMATED
LTFRB_PUJ2130,1,High-Stop-Density Core,1.2654,False,-0.7328,-0.412,typology-v1-f9da2ebe,ML_ESTIMATED
LTFRB_PUJ2131,1,High-Stop-Density Core,1.1426,False,-1.2163,-0.6321,typology-v1-f9da2ebe,ML_ESTIMATED
LTFRB_PUJ2132,1,High-Stop-Density Core,1.0549,False,-1.2282,-0.6181,typology-v1-f9da2ebe,ML_ESTIMATED
LTFRB_PUJ2133,2,Dense Urban Trunk,1.4601,False,2.7833,-1.0818,typology-v1-f9da2ebe,ML_ESTIMATED
LTFRB_PUJ2134,2,Dense Urban Trunk,1.1139,False,2.931,-0.4336,typology-v1-f9da2ebe,ML_ESTIMATED
LTFRB_PUJ2135,2,Dense Urban Trunk,2.6034,False,2.634,-1.0344,typology-v1-f9da2ebe,ML_ESTIMATED
LTFRB_PUJ2137,1,High-Stop-Density Core,1.6795,False,-1.9607,0.8787,typology-v1-f9da2ebe,ML_ESTIMATED
LTFRB_PUJ2138,1,High-Stop-Density Core,1.8468,False,-2.1737,0.8056,typology-v1-f9da2ebe,ML_ESTIMATED
LTFRB_PUJ2140,0,Long Regional Connector,1.9343,False,0.2312,0.3216,typology-v1-f9da2ebe,ML_ESTIMATED
LTFRB_PUJ2141,2,Dense Urban Trunk,1.4706,False,2.512,0.8579,typology-v1-f9da2ebe,ML_ESTIMATED
LTFRB_PUJ2142,2,Dense Urban Trunk,1.4616,False,2.5387,0.8496,typology-v1-f9da2ebe,ML_ESTIMATED
LTFRB_PUJ2145,0,Long Regional Connector,0.9841,False,-0.0464,0.3482,typology-v1-f9da2ebe,ML_ESTIMATED
LTFRB_PUJ2146,0,Long Regional Connector,1.1819,False,-0.3237,0.5632,typology-v1-f9da2ebe,ML_ESTIMATED
LTFRB_PUJ2147,1,High-Stop-Density Core,1.6828,False,-2.5948,-0.875,typology-v1-f9da2ebe,ML_ESTIMATED
LTFRB_PUJ2148,1,High-Stop-Density Core,1.6753,False,-2.6587,-0.7985,typology-v1-f9da2ebe,ML_ESTIMATED
LTFRB_PUJ2149,0,Long Regional Connector,1.0641,False,1.2646,-0.1686,typology-v1-f9da2ebe,ML_ESTIMATED
LTFRB_PUJ2150,0,Long Regional Connector,0.884,False,1.1121,-0.0973,typology-v1-f9da2ebe,ML_ESTIMATED
LTFRB_PUJ2151,0,Long Regional Connector,2.1664,False,0.982,-1.5008,typology-v1-f9da2ebe,ML_ESTIMATED
LTFRB_PUJ2152,0,Long Regional Connector,2.0991,False,0.9009,-1.4811,typology-v1-f9da2ebe,ML_ESTIMATED
LTFRB_PUJ2153,1,High-Stop-Density Core,1.4885,False,-0.9066,0.4725,typology-v1-f9da2ebe,ML_ESTIMATED
LTFRB_PUJ2154,0,Long Regional Connector,1.7283,False,-0.6987,0.7549,typology-v1-f9da2ebe,ML_ESTIMATED
LTFRB_PUJ2155,0,Long Regional Connector,1.0784,False,-0.2692,0.7474,typology-v1-f9da2ebe,ML_ESTIMATED
LTFRB_PUJ2156,0,Long Regional Connector,0.867,False,0.0051,0.7174,typology-v1-f9da2ebe,ML_ESTIMATED
LTFRB_PUJ2157,1,High-Stop-Density Core,1.0526,False,-1.4126,0.0912,typology-v1-f9da2ebe,ML_ESTIMATED
LTFRB_PUJ2158,1,High-Stop-Density Core,1.1826,False,-2.0307,-0.0106,typology-v1-f9da2ebe,ML_ESTIMATED
LTFRB_PUJ2159,0,Long Regional Connector,1.3163,False,0.9692,-0.8587,typology-v1-f9da2ebe,ML_ESTIMATED
LTFRB_PUJ2160,0,Long Regional Connector,1.3164,False,0.968,-0.8586,typology-v1-f9da2ebe,ML_ESTIMATED
LTFRB_PUJ2161,1,High-Stop-Density Core,2.9335,True,-2.193,0.5462,typology-v1-f9da2ebe,ML_ESTIMATED
LTFRB_PUJ2163,0,Long Regional Connector,2.078,False,1.2794,1.0037,typology-v1-f9da2ebe,ML_ESTIMATED
LTFRB_PUJ2164,0,Long Regional Connector,2.1117,False,0.837,0.9728,typology-v1-f9da2ebe,ML_ESTIMATED
LTFRB_PUJ2165,0,Long Regional Connector,1.8913,False,-0.4561,0.1828,typology-v1-f9da2ebe,ML_ESTIMATED
LTFRB_PUJ2166,0,Long Regional Connector,1.7103,False,-0.2983,0.125,typology-v1-f9da2ebe,ML_ESTIMATED
LTFRB_PUJ2167,0,Long Regional Connector,1.2619,False,0.3064,-0.1984,typology-v1-f9da2ebe,ML_ESTIMATED
LTFRB_PUJ2168,0,Long Regional Connector,0.7862,False,0.3501,-0.0855,typology-v1-f9da2ebe,ML_ESTIMATED
LTFRB_PUJ2169,2,Dense Urban Trunk,1.6831,False,2.2226,1.1608,typology-v1-f9da2ebe,ML_ESTIMATED
LTFRB_PUJ2170,0,Long Regional Connector,1.3864,False,1.7571,1.1474,typology-v1-f9da2ebe,ML_ESTIMATED
LTFRB_PUJ2171,0,Long Regional Connector,0.9746,False,0.9577,0.9102,typology-v1-f9da2ebe,ML_ESTIMATED
LTFRB_PUJ2172,0,Long Regional Connector,1.5869,False,0.3525,0.6461,typology-v1-f9da2ebe,ML_ESTIMATED
LTFRB_PUJ2173,1,High-Stop-Density Core,1.822,False,-2.3723,0.9482,typology-v1-f9da2ebe,ML_ESTIMATED
LTFRB_PUJ2174,1,High-Stop-Density Core,2.3036,False,-2.1205,0.9005,typology-v1-f9da2ebe,ML_ESTIMATED
LTFRB_PUJ2175,1,High-Stop-Density Core,2.5265,False,-1.663,0.6082,typology-v1-f9da2ebe,ML_ESTIMATED
LTFRB_PUJ2176,1,High-Stop-Density Core,2.0511,False,-1.7004,0.6427,typology-v1-f9da2ebe,ML_ESTIMATED
LTFRB_PUJ2177,0,Long Regional Connector,1.4155,False,-0.4233,0.4291,typology-v1-f9da2ebe,ML_ESTIMATED
LTFRB_PUJ2178,0,Long Regional Connector,1.3387,False,-0.3747,0.3536,typology-v1-f9da2ebe,ML_ESTIMATED
LTFRB_PUJ2179,1,High-Stop-Density Core,0.967,False,-1.6485,0.9058,typology-v1-f9da2ebe,ML_ESTIMATED
LTFRB_PUJ2180,1,High-Stop-Density Core,0.9811,False,-1.6426,0.9073,typology-v1-f9da2ebe,ML_ESTIMATED
LTFRB_PUJ2181,0,Long Regional Connector,1.2909,False,-0.4465,0.356,typology-v1-f9da2ebe,ML_ESTIMATED
LTFRB_PUJ2182,0,Long Regional Connector,1.5395,False,-0.5673,0.3599,typology-v1-f9da2ebe,ML_ESTIMATED
LTFRB_PUJ2183,0,Long Regional Connector,1.6334,False,-0.0738,0.4856,typology-v1-f9da2ebe,ML_ESTIMATED
LTFRB_PUJ2184,0,Long Regional Connector,2.0116,False,-0.6434,0.3792,typology-v1-f9da2ebe,ML_ESTIMATED
LTFRB_PUJ2185,1,High-Stop-Density Core,1.5833,False,-2.0282,0.92,typology-v1-f9da2ebe,ML_ESTIMATED
LTFRB_PUJ2186,1,High-Stop-Density Core,0.9626,False,-2.1009,0.9934,typology-v1-f9da2ebe,ML_ESTIMATED
LTFRB_PUJ2187,0,Long Regional Connector,1.5539,False,-0.5898,0.8307,typology-v1-f9da2ebe,ML_ESTIMATED
LTFRB_PUJ2188,0,Long Regional Connector,2.099,False,-0.6493,0.7208,typology-v1-f9da2ebe,ML_ESTIMATED
LTFRB_PUJ2189,0,Long Regional Connector,0.8142,False,0.5439,0.6047,typology-v1-f9da2ebe,ML_ESTIMATED
LTFRB_PUJ2190,0,Long Regional Connector,0.4949,False,0.3445,0.3898,typology-v1-f9da2ebe,ML_ESTIMATED
LTFRB_PUJ2192,1,High-Stop-Density Core,2.0242,False,-1.8715,-0.4763,typology-v1-f9da2ebe,ML_ESTIMATED
LTFRB_PUJ2193,1,High-Stop-Density Core,0.7154,False,-2.0344,0.2038,typology-v1-f9da2ebe,ML_ESTIMATED
LTFRB_PUJ2194,1,High-Stop-Density Core,0.7375,False,-1.7845,0.011,typology-v1-f9da2ebe,ML_ESTIMATED
LTFRB_PUJ2195,1,High-Stop-Density Core,2.9562,True,-2.4412,-1.1537,typology-v1-f9da2ebe,ML_ESTIMATED
LTFRB_PUJ2196,1,High-Stop-Density Core,2.5656,False,-2.469,-1.1008,typology-v1-f9da2ebe,ML_ESTIMATED
LTFRB_PUJ2197,0,Long Regional Connector,3.2739,True,0.0341,1.1601,typology-v1-f9da2ebe,ML_ESTIMATED
LTFRB_PUJ2198,0,Long Regional Connector,1.527,False,0.1537,1.0859,typology-v1-f9da2ebe,ML_ESTIMATED
LTFRB_PUJ2199,2,Dense Urban Trunk,1.8576,False,2.0685,-1.3289,typology-v1-f9da2ebe,ML_ESTIMATED
LTFRB_PUJ2200,2,Dense Urban Trunk,1.6599,False,2.1826,-1.3753,typology-v1-f9da2ebe,ML_ESTIMATED
LTFRB_PUJ2201,0,Long Regional Connector,1.3162,False,0.9041,-0.4917,typology-v1-f9da2ebe,ML_ESTIMATED
LTFRB_PUJ2202,0,Long Regional Connector,1.0198,False,0.8761,-0.5248,typology-v1-f9da2ebe,ML_ESTIMATED
LTFRB_PUJ2203,0,Long Regional Connector,1.5121,False,1.2473,-0.2324,typology-v1-f9da2ebe,ML_ESTIMATED
LTFRB_PUJ2204,0,Long Regional Connector,1.4715,False,0.6541,-0.1695,typology-v1-f9da2ebe,ML_ESTIMATED
LTFRB_PUJ2205,2,Dense Urban Trunk,1.276,False,2.5213,-1.2873,typology-v1-f9da2ebe,ML_ESTIMATED
LTFRB_PUJ2206,2,Dense Urban Trunk,1.4482,False,2.2697,-1.3738,typology-v1-f9da2ebe,ML_ESTIMATED
LTFRB_PUJ2207,3,Local Feeder,2.7009,False,-2.0687,-1.9283,typology-v1-f9da2ebe,ML_ESTIMATED
LTFRB_PUJ2208,3,Local Feeder,1.6863,False,-1.9965,-2.0626,typology-v1-f9da2ebe,ML_ESTIMATED
LTFRB_PUJ2209,1,High-Stop-Density Core,1.3265,False,-2.1619,0.7404,typology-v1-f9da2ebe,ML_ESTIMATED
LTFRB_PUJ2210,1,High-Stop-Density Core,0.8211,False,-2.0267,0.6019,typology-v1-f9da2ebe,ML_ESTIMATED
LTFRB_PUJ2211,0,Long Regional Connector,2.2958,True,1.8106,1.3542,typology-v1-f9da2ebe,ML_ESTIMATED
LTFRB_PUJ2212,0,Long Regional Connector,2.1967,False,2.1596,1.3008,typology-v1-f9da2ebe,ML_ESTIMATED
LTFRB_PUJ2213,1,High-Stop-Density Core,0.6714,False,-1.3852,0.1995,typology-v1-f9da2ebe,ML_ESTIMATED
LTFRB_PUJ2214,1,High-Stop-Density Core,0.7319,False,-1.2555,0.3186,typology-v1-f9da2ebe,ML_ESTIMATED
LTFRB_PUJ2215,1,High-Stop-Density Core,2.9042,True,-1.0211,-0.1433,typology-v1-f9da2ebe,ML_ESTIMATED
LTFRB_PUJ2217,0,Long Regional Connector,1.576,False,0.0441,0.8106,typology-v1-f9da2ebe,ML_ESTIMATED
LTFRB_PUJ2218,0,Long Regional Connector,1.6734,False,0.1043,0.775,typology-v1-f9da2ebe,ML_ESTIMATED
LTFRB_PUJ2219,1,High-Stop-Density Core,0.5832,False,-1.2306,0.7462,typology-v1-f9da2ebe,ML_ESTIMATED
LTFRB_PUJ2220,1,High-Stop-Density Core,0.7222,False,-1.1978,0.8596,typology-v1-f9da2ebe,ML_ESTIMATED
LTFRB_PUJ2221,0,Long Regional Connector,1.5232,False,0.4165,0.9392,typology-v1-f9da2ebe,ML_ESTIMATED
LTFRB_PUJ2222,0,Long Regional Connector,1.2417,False,0.5654,0.8925,typology-v1-f9da2ebe,ML_ESTIMATED
LTFRB_PUJ2223,0,Long Regional Connector,1.3339,False,0.4385,0.782,typology-v1-f9da2ebe,ML_ESTIMATED
LTFRB_PUJ2224,0,Long Regional Connector,0.48,False,0.7708,0.7272,typology-v1-f9da2ebe,ML_ESTIMATED
LTFRB_PUJ2225,1,High-Stop-Density Core,1.0915,False,-0.8075,0.3584,typology-v1-f9da2ebe,ML_ESTIMATED
LTFRB_PUJ2226,1,High-Stop-Density Core,2.2697,False,-2.4813,-0.7149,typology-v1-f9da2ebe,ML_ESTIMATED
LTFRB_PUJ2227,2,Dense Urban Trunk,1.9764,False,2.2385,-0.0989,typology-v1-f9da2ebe,ML_ESTIMATED
LTFRB_PUJ2228,2,Dense Urban Trunk,0.9907,False,2.8009,-0.1872,typology-v1-f9da2ebe,ML_ESTIMATED
LTFRB_PUJ2229,0,Long Regional Connector,0.9558,False,0.3667,-0.3383,typology-v1-f9da2ebe,ML_ESTIMATED
LTFRB_PUJ2230,1,High-Stop-Density Core,3.0962,True,-2.6671,-0.6081,typology-v1-f9da2ebe,ML_ESTIMATED
LTFRB_PUJ2231,0,Long Regional Connector,1.5124,False,1.8144,-0.076,typology-v1-f9da2ebe,ML_ESTIMATED
LTFRB_PUJ2232,0,Long Regional Connector,1.1536,False,1.3078,-0.4063,typology-v1-f9da2ebe,ML_ESTIMATED
LTFRB_PUJ2233,0,Long Regional Connector,1.3579,False,1.8146,-0.239,typology-v1-f9da2ebe,ML_ESTIMATED
LTFRB_PUJ2234,2,Dense Urban Trunk,1.2364,False,1.9548,-0.282,typology-v1-f9da2ebe,ML_ESTIMATED
LTFRB_PUJ2235,0,Long Regional Connector,1.1715,False,1.6794,0.8454,typology-v1-f9da2ebe,ML_ESTIMATED
LTFRB_PUJ2236,0,Long Regional Connector,1.5741,False,1.9188,1.0741,typology-v1-f9da2ebe,ML_ESTIMATED
LTFRB_PUJ2238,0,Long Regional Connector,1.1227,False,1.3445,0.8737,typology-v1-f9da2ebe,ML_ESTIMATED
LTFRB_PUJ2239,1,High-Stop-Density Core,1.6703,False,-1.7648,0.6605,typology-v1-f9da2ebe,ML_ESTIMATED
LTFRB_PUJ2240,1,High-Stop-Density Core,2.7043,False,-1.9718,0.2046,typology-v1-f9da2ebe,ML_ESTIMATED
LTFRB_PUJ2241,0,Long Regional Connector,2.0256,False,0.5054,1.2966,typology-v1-f9da2ebe,ML_ESTIMATED
LTFRB_PUJ2242,0,Long Regional Connector,1.4903,False,0.5992,1.2116,typology-v1-f9da2ebe,ML_ESTIMATED
LTFRB_PUJ2243,0,Long Regional Connector,1.6342,False,0.6744,0.934,typology-v1-f9da2ebe,ML_ESTIMATED
LTFRB_PUJ2244,0,Long Regional Connector,1.4695,False,0.3872,1.0797,typology-v1-f9da2ebe,ML_ESTIMATED
LTFRB_PUJ2245,0,Long Regional Connector,0.5118,False,0.7918,0.8722,typology-v1-f9da2ebe,ML_ESTIMATED
LTFRB_PUJ2246,0,Long Regional Connector,1.1022,False,0.161,0.8082,typology-v1-f9da2ebe,ML_ESTIMATED
LTFRB_PUJ2247,1,High-Stop-Density Core,2.093,False,-2.4704,0.0029,typology-v1-f9da2ebe,ML_ESTIMATED
LTFRB_PUJ2248,1,High-Stop-Density Core,1.4878,False,-2.4876,-0.0406,typology-v1-f9da2ebe,ML_ESTIMATED
LTFRB_PUJ2249,1,High-Stop-Density Core,1.0886,False,-0.8322,-0.2185,typology-v1-f9da2ebe,ML_ESTIMATED
LTFRB_PUJ2250,1,High-Stop-Density Core,0.9943,False,-0.9864,0.0439,typology-v1-f9da2ebe,ML_ESTIMATED
LTFRB_PUJ2251,0,Long Regional Connector,1.2253,False,-0.4227,0.5266,typology-v1-f9da2ebe,ML_ESTIMATED
LTFRB_PUJ2252,0,Long Regional Connector,1.6039,False,-0.6458,0.3749,typology-v1-f9da2ebe,ML_ESTIMATED
LTFRB_PUJ2253,0,Long Regional Connector,1.3081,False,0.5922,0.9713,typology-v1-f9da2ebe,ML_ESTIMATED
LTFRB_PUJ2254,0,Long Regional Connector,0.5597,False,0.8131,0.862,typology-v1-f9da2ebe,ML_ESTIMATED
LTFRB_PUJ2255,0,Long Regional Connector,1.1836,False,1.4689,0.8227,typology-v1-f9da2ebe,ML_ESTIMATED
LTFRB_PUJ2256,0,Long Regional Connector,0.996,False,1.5836,0.7713,typology-v1-f9da2ebe,ML_ESTIMATED
LTFRB_PUJ2257,0,Long Regional Connector,1.1895,False,1.5171,0.8113,typology-v1-f9da2ebe,ML_ESTIMATED
LTFRB_PUJ2258,0,Long Regional Connector,1.0463,False,1.652,0.7581,typology-v1-f9da2ebe,ML_ESTIMATED
LTFRB_PUJ2259,0,Long Regional Connector,0.837,False,0.0488,0.2358,typology-v1-f9da2ebe,ML_ESTIMATED
LTFRB_PUJ2260,1,High-Stop-Density Core,0.6846,False,-1.1958,0.1692,typology-v1-f9da2ebe,ML_ESTIMATED
LTFRB_PUJ2261,2,Dense Urban Trunk,0.7394,False,2.5189,0.0259,typology-v1-f9da2ebe,ML_ESTIMATED
LTFRB_PUJ2262,2,Dense Urban Trunk,1.1781,False,2.2953,0.0163,typology-v1-f9da2ebe,ML_ESTIMATED
LTFRB_PUJ2263,1,High-Stop-Density Core,0.7153,False,-2.1125,0.484,typology-v1-f9da2ebe,ML_ESTIMATED
LTFRB_PUJ2264,1,High-Stop-Density Core,1.6907,False,-2.2376,0.403,typology-v1-f9da2ebe,ML_ESTIMATED
LTFRB_PUJ2265,3,Local Feeder,2.8834,False,-2.3505,-1.542,typology-v1-f9da2ebe,ML_ESTIMATED
LTFRB_PUJ2266,1,High-Stop-Density Core,1.8292,False,-2.5123,-0.8117,typology-v1-f9da2ebe,ML_ESTIMATED
LTFRB_PUJ2267,1,High-Stop-Density Core,1.3931,False,-1.3277,-0.7739,typology-v1-f9da2ebe,ML_ESTIMATED
LTFRB_PUJ2268,1,High-Stop-Density Core,1.5647,False,-1.78,-0.4447,typology-v1-f9da2ebe,ML_ESTIMATED
LTFRB_PUJ2269,1,High-Stop-Density Core,2.0281,False,-0.5096,0.0857,typology-v1-f9da2ebe,ML_ESTIMATED
LTFRB_PUJ2270,1,High-Stop-Density Core,2.232,False,-0.3891,0.1189,typology-v1-f9da2ebe,ML_ESTIMATED
LTFRB_PUJ2271,0,Long Regional Connector,1.7566,False,-0.1785,0.9278,typology-v1-f9da2ebe,ML_ESTIMATED
LTFRB_PUJ2272,0,Long Regional Connector,1.6937,False,-0.4811,0.7373,typology-v1-f9da2ebe,ML_ESTIMATED
LTFRB_PUJ2273,3,Local Feeder,2.5883,False,-2.5223,-3.8219,typology-v1-f9da2ebe,ML_ESTIMATED
LTFRB_PUJ2274,3,Local Feeder,1.9103,False,-0.59,-1.5618,typology-v1-f9da2ebe,ML_ESTIMATED
LTFRB_PUJ2275,1,High-Stop-Density Core,3.3784,True,-2.5996,-0.0697,typology-v1-f9da2ebe,ML_ESTIMATED
LTFRB_PUJ2276,3,Local Feeder,2.0794,False,-0.6154,-3.9765,typology-v1-f9da2ebe,ML_ESTIMATED
LTFRB_PUJ2277,0,Long Regional Connector,1.7923,False,0.8563,0.894,typology-v1-f9da2ebe,ML_ESTIMATED
LTFRB_PUJ2278,1,High-Stop-Density Core,3.4228,True,-2.8596,0.5016,typology-v1-f9da2ebe,ML_ESTIMATED
LTFRB_PUJ2279,0,Long Regional Connector,0.7111,False,0.5288,0.6976,typology-v1-f9da2ebe,ML_ESTIMATED
LTFRB_PUJ2280,1,High-Stop-Density Core,1.4815,False,-1.4971,0.0367,typology-v1-f9da2ebe,ML_ESTIMATED
LTFRB_PUJ2281,1,High-Stop-Density Core,1.8479,False,-2.0449,0.0351,typology-v1-f9da2ebe,ML_ESTIMATED
LTFRB_PUJ2282,3,Local Feeder,1.0968,False,-2.1829,-2.2603,typology-v1-f9da2ebe,ML_ESTIMATED
LTFRB_PUJ2283,1,High-Stop-Density Core,2.1848,False,-2.5325,-0.3797,typology-v1-f9da2ebe,ML_ESTIMATED
LTFRB_PUJ2284,1,High-Stop-Density Core,1.4206,False,-1.3758,0.9176,typology-v1-f9da2ebe,ML_ESTIMATED
LTFRB_PUJ2285,1,High-Stop-Density Core,2.679,False,-1.6315,0.5941,typology-v1-f9da2ebe,ML_ESTIMATED
LTFRB_PUJ2286,1,High-Stop-Density Core,1.3639,False,-2.3665,0.7996,typology-v1-f9da2ebe,ML_ESTIMATED
LTFRB_PUJ2287,1,High-Stop-Density Core,1.1793,False,-2.39,0.7861,typology-v1-f9da2ebe,ML_ESTIMATED
LTFRB_PUJ2288,0,Long Regional Connector,1.0912,False,1.3535,0.5622,typology-v1-f9da2ebe,ML_ESTIMATED
LTFRB_PUJ2289,2,Dense Urban Trunk,1.3125,False,2.1141,0.7002,typology-v1-f9da2ebe,ML_ESTIMATED
LTFRB_PUJ2290,0,Long Regional Connector,2.279,True,0.4057,0.7665,typology-v1-f9da2ebe,ML_ESTIMATED
LTFRB_PUJ2293,0,Long Regional Connector,1.47,False,0.0298,0.9371,typology-v1-f9da2ebe,ML_ESTIMATED
LTFRB_PUJ2294,0,Long Regional Connector,1.2527,False,1.6058,0.7558,typology-v1-f9da2ebe,ML_ESTIMATED
LTFRB_PUJ2295,0,Long Regional Connector,1.4038,False,1.6991,0.7868,typology-v1-f9da2ebe,ML_ESTIMATED
LTFRB_PUJ2296,0,Long Regional Connector,1.0389,False,0.6774,0.9306,typology-v1-f9da2ebe,ML_ESTIMATED
LTFRB_PUJ2297,0,Long Regional Connector,1.1533,False,0.3889,0.9053,typology-v1-f9da2ebe,ML_ESTIMATED
LTFRB_PUJ2298,1,High-Stop-Density Core,1.5773,False,-2.0953,1.3005,typology-v1-f9da2ebe,ML_ESTIMATED
LTFRB_PUJ2299,1,High-Stop-Density Core,2.5089,False,-2.1383,1.2307,typology-v1-f9da2ebe,ML_ESTIMATED
LTFRB_PUJ2300,0,Long Regional Connector,1.5776,False,0.5298,0.2898,typology-v1-f9da2ebe,ML_ESTIMATED
LTFRB_PUJ2301,1,High-Stop-Density Core,1.4573,False,-2.452,0.5026,typology-v1-f9da2ebe,ML_ESTIMATED
LTFRB_PUJ2302,0,Long Regional Connector,2.2863,True,-0.1629,-0.1406,typology-v1-f9da2ebe,ML_ESTIMATED
LTFRB_PUJ2303,0,Long Regional Connector,1.9797,False,1.1261,-1.2243,typology-v1-f9da2ebe,ML_ESTIMATED
LTFRB_PUJ2304,0,Long Regional Connector,1.9787,False,1.0114,-1.1937,typology-v1-f9da2ebe,ML_ESTIMATED
LTFRB_PUJ2305,2,Dense Urban Trunk,1.4352,False,2.8504,-0.3352,typology-v1-f9da2ebe,ML_ESTIMATED
LTFRB_PUJ2306,2,Dense Urban Trunk,1.2713,False,2.9284,-0.3592,typology-v1-f9da2ebe,ML_ESTIMATED
LTFRB_PUJ2307,1,High-Stop-Density Core,1.8655,False,-1.4064,1.1873,typology-v1-f9da2ebe,ML_ESTIMATED
LTFRB_PUJ2308,1,High-Stop-Density Core,1.7123,False,-1.6089,1.1035,typology-v1-f9da2ebe,ML_ESTIMATED
LTFRB_PUJ2309,0,Long Regional Connector,1.8158,False,-0.5975,1.2594,typology-v1-f9da2ebe,ML_ESTIMATED
LTFRB_PUJ2310,0,Long Regional Connector,1.6652,False,-0.5684,1.2213,typology-v1-f9da2ebe,ML_ESTIMATED
LTFRB_PUJ2311,1,High-Stop-Density Core,1.4158,False,-2.3727,0.2305,typology-v1-f9da2ebe,ML_ESTIMATED
LTFRB_PUJ2312,1,High-Stop-Density Core,1.4158,False,-2.3727,0.2305,typology-v1-f9da2ebe,ML_ESTIMATED
LTFRB_PUJ2313,1,High-Stop-Density Core,1.6056,False,-2.048,-0.4377,typology-v1-f9da2ebe,ML_ESTIMATED
LTFRB_PUJ2314,1,High-Stop-Density Core,1.6056,False,-2.048,-0.4377,typology-v1-f9da2ebe,ML_ESTIMATED
LTFRB_PUJ2315,1,High-Stop-Density Core,1.6416,False,-1.5272,0.7801,typology-v1-f9da2ebe,ML_ESTIMATED
LTFRB_PUJ2316,1,High-Stop-Density Core,1.3499,False,-1.3933,0.6034,typology-v1-f9da2ebe,ML_ESTIMATED
LTFRB_PUJ2317,1,High-Stop-Density Core,1.0692,False,-0.936,-0.0962,typology-v1-f9da2ebe,ML_ESTIMATED
LTFRB_PUJ2318,1,High-Stop-Density Core,1.1031,False,-0.9754,0.0293,typology-v1-f9da2ebe,ML_ESTIMATED
LTFRB_PUJ2319,0,Long Regional Connector,0.9615,False,1.1623,0.4985,typology-v1-f9da2ebe,ML_ESTIMATED
LTFRB_PUJ2320,0,Long Regional Connector,0.8255,False,1.1884,0.426,typology-v1-f9da2ebe,ML_ESTIMATED
LTFRB_PUJ2321,0,Long Regional Connector,1.2558,False,1.6748,0.7559,typology-v1-f9da2ebe,ML_ESTIMATED
LTFRB_PUJ2322,0,Long Regional Connector,1.3927,False,1.8618,0.7023,typology-v1-f9da2ebe,ML_ESTIMATED
LTFRB_PUJ2323,2,Dense Urban Trunk,1.2396,False,3.9257,0.2922,typology-v1-f9da2ebe,ML_ESTIMATED
LTFRB_PUJ2324,2,Dense Urban Trunk,1.2167,False,3.7977,0.2717,typology-v1-f9da2ebe,ML_ESTIMATED
LTFRB_PUJ2325,1,High-Stop-Density Core,1.9738,False,-0.93,-0.2199,typology-v1-f9da2ebe,ML_ESTIMATED
LTFRB_PUJ2326,1,High-Stop-Density Core,2.2914,False,-0.9537,-0.195,typology-v1-f9da2ebe,ML_ESTIMATED
LTFRB_PUJ2327,1,High-Stop-Density Core,1.0181,False,-1.5123,0.3492,typology-v1-f9da2ebe,ML_ESTIMATED
LTFRB_PUJ2329,2,Dense Urban Trunk,1.4577,False,2.2951,0.4787,typology-v1-f9da2ebe,ML_ESTIMATED
LTFRB_PUJ2330,2,Dense Urban Trunk,1.3978,False,2.3994,0.4307,typology-v1-f9da2ebe,ML_ESTIMATED
LTFRB_PUJ2331,0,Long Regional Connector,1.3073,False,1.5411,0.7691,typology-v1-f9da2ebe,ML_ESTIMATED
LTFRB_PUJ2332,0,Long Regional Connector,1.5445,False,1.5909,0.7427,typology-v1-f9da2ebe,ML_ESTIMATED
LTFRB_PUJ2333,1,High-Stop-Density Core,1.4767,False,-1.8713,-0.0159,typology-v1-f9da2ebe,ML_ESTIMATED
LTFRB_PUJ2334,1,High-Stop-Density Core,1.4767,False,-1.8713,-0.0159,typology-v1-f9da2ebe,ML_ESTIMATED
LTFRB_PUJ2335,1,High-Stop-Density Core,1.1286,False,-1.7719,0.4605,typology-v1-f9da2ebe,ML_ESTIMATED
LTFRB_PUJ2336,1,High-Stop-Density Core,1.0169,False,-1.7634,0.463,typology-v1-f9da2ebe,ML_ESTIMATED
LTFRB_PUJ2337,1,High-Stop-Density Core,0.9432,False,-1.9785,-0.3395,typology-v1-f9da2ebe,ML_ESTIMATED
LTFRB_PUJ2338,1,High-Stop-Density Core,0.9138,False,-1.9836,-0.3404,typology-v1-f9da2ebe,ML_ESTIMATED
LTFRB_PUJ2339,1,High-Stop-Density Core,0.8053,False,-1.9892,0.7395,typology-v1-f9da2ebe,ML_ESTIMATED
LTFRB_PUJ2340,1,High-Stop-Density Core,0.84,False,-1.9457,0.8006,typology-v1-f9da2ebe,ML_ESTIMATED
LTFRB_PUJ2341,2,Dense Urban Trunk,2.0123,False,2.5536,1.3297,typology-v1-f9da2ebe,ML_ESTIMATED
LTFRB_PUJ2342,0,Long Regional Connector,0.9524,False,1.0702,0.9902,typology-v1-f9da2ebe,ML_ESTIMATED
LTFRB_PUJ2343,3,Local Feeder,1.3923,False,-1.1332,-3.22,typology-v1-f9da2ebe,ML_ESTIMATED
LTFRB_PUJ2344,3,Local Feeder,1.5519,False,-1.1229,-3.2352,typology-v1-f9da2ebe,ML_ESTIMATED
LTFRB_PUJ2345,2,Dense Urban Trunk,2.4586,False,3.7958,-2.3913,typology-v1-f9da2ebe,ML_ESTIMATED
LTFRB_PUJ2346,2,Dense Urban Trunk,2.5818,False,3.8367,-2.3634,typology-v1-f9da2ebe,ML_ESTIMATED
LTFRB_PUJ2347,3,Local Feeder,1.8711,False,-1.6229,-1.3116,typology-v1-f9da2ebe,ML_ESTIMATED
LTFRB_PUJ2348,1,High-Stop-Density Core,1.6083,False,-1.9958,-1.088,typology-v1-f9da2ebe,ML_ESTIMATED
LTFRB_PUJ2349,3,Local Feeder,1.6584,False,-1.4292,-3.8913,typology-v1-f9da2ebe,ML_ESTIMATED
LTFRB_PUJ2350,3,Local Feeder,1.6584,False,-1.4292,-3.8913,typology-v1-f9da2ebe,ML_ESTIMATED
LTFRB_PUJ2351,3,Local Feeder,1.7889,False,-1.9663,-3.8984,typology-v1-f9da2ebe,ML_ESTIMATED
LTFRB_PUJ2352,3,Local Feeder,1.7889,False,-1.9663,-3.8984,typology-v1-f9da2ebe,ML_ESTIMATED
LTFRB_PUJ2353,1,High-Stop-Density Core,1.4775,False,-2.6774,0.3277,typology-v1-f9da2ebe,ML_ESTIMATED
LTFRB_PUJ2354,1,High-Stop-Density Core,1.4775,False,-2.6774,0.3277,typology-v1-f9da2ebe,ML_ESTIMATED
LTFRB_PUJ2355,1,High-Stop-Density Core,1.9614,False,-2.2047,0.6496,typology-v1-f9da2ebe,ML_ESTIMATED
LTFRB_PUJ2356,1,High-Stop-Density Core,1.5029,False,-2.1957,0.6187,typology-v1-f9da2ebe,ML_ESTIMATED
LTFRB_PUJ2357,3,Local Feeder,1.1253,False,-1.785,-2.3621,typology-v1-f9da2ebe,ML_ESTIMATED
LTFRB_PUJ2358,3,Local Feeder,0.8621,False,-1.7655,-2.4223,typology-v1-f9da2ebe,ML_ESTIMATED
LTFRB_PUJ2359,0,Long Regional Connector,1.7954,False,1.1486,1.5785,typology-v1-f9da2ebe,ML_ESTIMATED
LTFRB_PUJ2360,0,Long Regional Connector,2.0095,False,1.7589,1.7383,typology-v1-f9da2ebe,ML_ESTIMATED
LTFRB_PUJ2361,1,High-Stop-Density Core,1.9552,False,-2.1875,0.7616,typology-v1-f9da2ebe,ML_ESTIMATED
LTFRB_PUJ2362,1,High-Stop-Density Core,1.6483,False,-1.7905,0.8121,typology-v1-f9da2ebe,ML_ESTIMATED
LTFRB_PUJ2363,1,High-Stop-Density Core,1.1762,False,-1.9089,-0.5008,typology-v1-f9da2ebe,ML_ESTIMATED
LTFRB_PUJ2364,1,High-Stop-Density Core,1.2189,False,-1.9322,-0.5046,typology-v1-f9da2ebe,ML_ESTIMATED
LTFRB_PUJ2365,1,High-Stop-Density Core,1.3036,False,-1.5528,-0.8059,typology-v1-f9da2ebe,ML_ESTIMATED
LTFRB_PUJ2366,1,High-Stop-Density Core,1.5495,False,-1.6184,-1.049,typology-v1-f9da2ebe,ML_ESTIMATED
LTFRB_PUJ2367,0,Long Regional Connector,1.7098,False,1.3915,-0.2328,typology-v1-f9da2ebe,ML_ESTIMATED
LTFRB_PUJ2368,0,Long Regional Connector,1.2626,False,1.0155,-0.0421,typology-v1-f9da2ebe,ML_ESTIMATED
LTFRB_PUJ2369,2,Dense Urban Trunk,1.1653,False,2.0189,-0.3794,typology-v1-f9da2ebe,ML_ESTIMATED
LTFRB_PUJ2370,0,Long Regional Connector,1.3923,False,1.6232,-0.1913,typology-v1-f9da2ebe,ML_ESTIMATED
LTFRB_PUJ2371,1,High-Stop-Density Core,1.482,False,-1.8176,-0.7556,typology-v1-f9da2ebe,ML_ESTIMATED
LTFRB_PUJ2372,1,High-Stop-Density Core,1.482,False,-1.8176,-0.7556,typology-v1-f9da2ebe,ML_ESTIMATED
LTFRB_PUJ2373,3,Local Feeder,2.6537,False,-2.7902,-3.7578,typology-v1-f9da2ebe,ML_ESTIMATED
LTFRB_PUJ2376,0,Long Regional Connector,1.9002,False,0.9626,0.7467,typology-v1-f9da2ebe,ML_ESTIMATED
LTFRB_PUJ2377,0,Long Regional Connector,0.9489,False,1.5244,0.5637,typology-v1-f9da2ebe,ML_ESTIMATED
LTFRB_PUJ2378,1,High-Stop-Density Core,1.6384,False,-1.9023,-0.9935,typology-v1-f9da2ebe,ML_ESTIMATED
LTFRB_PUJ2379,1,High-Stop-Density Core,0.9719,False,-1.8462,-0.1368,typology-v1-f9da2ebe,ML_ESTIMATED
LTFRB_PUJ2380,0,Long Regional Connector,1.2132,False,0.7897,1.1342,typology-v1-f9da2ebe,ML_ESTIMATED
LTFRB_PUJ2381,0,Long Regional Connector,1.3635,False,0.6049,0.983,typology-v1-f9da2ebe,ML_ESTIMATED
LTFRB_PUJ2382,1,High-Stop-Density Core,2.0285,False,-1.2887,0.8177,typology-v1-f9da2ebe,ML_ESTIMATED
LTFRB_PUJ2383,1,High-Stop-Density Core,2.5102,False,-1.1843,0.7517,typology-v1-f9da2ebe,ML_ESTIMATED
LTFRB_PUJ2384,0,Long Regional Connector,3.1075,True,-0.3637,0.4872,typology-v1-f9da2ebe,ML_ESTIMATED
LTFRB_PUJ2385,0,Long Regional Connector,2.7817,True,0.0586,0.2218,typology-v1-f9da2ebe,ML_ESTIMATED
LTFRB_PUJ2386,1,High-Stop-Density Core,1.6384,False,-1.9459,0.7003,typology-v1-f9da2ebe,ML_ESTIMATED
LTFRB_PUJ2387,1,High-Stop-Density Core,1.7559,False,-2.0437,0.79,typology-v1-f9da2ebe,ML_ESTIMATED
LTFRB_PUJ2388,1,High-Stop-Density Core,2.0556,False,-0.8448,1.4262,typology-v1-f9da2ebe,ML_ESTIMATED
LTFRB_PUJ2389,1,High-Stop-Density Core,1.6168,False,-1.9528,1.0361,typology-v1-f9da2ebe,ML_ESTIMATED
LTFRB_PUJ2390,1,High-Stop-Density Core,1.3043,False,-1.7769,1.2577,typology-v1-f9da2ebe,ML_ESTIMATED
LTFRB_PUJ2392,3,Local Feeder,2.8743,False,0.9969,-4.0936,typology-v1-f9da2ebe,ML_ESTIMATED
LTFRB_PUJ2393,1,High-Stop-Density Core,1.3403,False,-2.4157,-0.5007,typology-v1-f9da2ebe,ML_ESTIMATED
LTFRB_PUJ2394,1,High-Stop-Density Core,1.0635,False,-2.2833,-0.2882,typology-v1-f9da2ebe,ML_ESTIMATED
LTFRB_PUJ2395,1,High-Stop-Density Core,1.3435,False,-0.6142,0.273,typology-v1-f9da2ebe,ML_ESTIMATED
LTFRB_PUJ2396,1,High-Stop-Density Core,1.3435,False,-0.6142,0.273,typology-v1-f9da2ebe,ML_ESTIMATED
LTFRB_PUJ2397,0,Long Regional Connector,1.9541,False,0.5208,0.8261,typology-v1-f9da2ebe,ML_ESTIMATED
LTFRB_PUJ2398,0,Long Regional Connector,0.7264,False,1.0148,0.6712,typology-v1-f9da2ebe,ML_ESTIMATED
LTFRB_PUJ2399,1,High-Stop-Density Core,2.5793,False,-1.0266,0.963,typology-v1-f9da2ebe,ML_ESTIMATED
LTFRB_PUJ2400,1,High-Stop-Density Core,1.6517,False,-0.8489,0.7572,typology-v1-f9da2ebe,ML_ESTIMATED
LTFRB_PUJ2401,1,High-Stop-Density Core,1.6027,False,-1.6653,0.2636,typology-v1-f9da2ebe,ML_ESTIMATED
LTFRB_PUJ2403,1,High-Stop-Density Core,2.3967,False,-1.3258,0.8974,typology-v1-f9da2ebe,ML_ESTIMATED
LTFRB_PUJ2404,1,High-Stop-Density Core,1.9065,False,-1.2937,0.8649,typology-v1-f9da2ebe,ML_ESTIMATED
LTFRB_PUJ2405,1,High-Stop-Density Core,0.9649,False,-2.2771,0.7872,typology-v1-f9da2ebe,ML_ESTIMATED
LTFRB_PUJ2406,1,High-Stop-Density Core,1.1265,False,-2.2759,0.9554,typology-v1-f9da2ebe,ML_ESTIMATED
LTFRB_PUJ2407,2,Dense Urban Trunk,1.4536,False,3.7996,0.1987,typology-v1-f9da2ebe,ML_ESTIMATED
LTFRB_PUJ2408,2,Dense Urban Trunk,1.3112,False,3.5752,0.1655,typology-v1-f9da2ebe,ML_ESTIMATED
LTFRB_PUJ2409,3,Local Feeder,1.5411,False,-2.5976,-1.8396,typology-v1-f9da2ebe,ML_ESTIMATED
LTFRB_PUJ2410,3,Local Feeder,1.4781,False,-2.5328,-1.9219,typology-v1-f9da2ebe,ML_ESTIMATED
LTFRB_PUJ2411,3,Local Feeder,2.9892,True,1.3224,-2.3657,typology-v1-f9da2ebe,ML_ESTIMATED
LTFRB_PUJ2412,3,Local Feeder,0.9589,False,-0.6003,-2.2625,typology-v1-f9da2ebe,ML_ESTIMATED
LTFRB_PUJ2413,1,High-Stop-Density Core,1.9639,False,-2.1681,0.8291,typology-v1-f9da2ebe,ML_ESTIMATED
LTFRB_PUJ2414,1,High-Stop-Density Core,1.7664,False,-2.1425,0.8035,typology-v1-f9da2ebe,ML_ESTIMATED
LTFRB_PUJ2415,1,High-Stop-Density Core,3.1505,True,-2.9504,0.1935,typology-v1-f9da2ebe,ML_ESTIMATED
LTFRB_PUJ2416,1,High-Stop-Density Core,1.1443,False,-2.4285,0.6079,typology-v1-f9da2ebe,ML_ESTIMATED
LTFRB_PUJ2417,2,Dense Urban Trunk,1.7924,False,3.4219,-1.3066,typology-v1-f9da2ebe,ML_ESTIMATED
LTFRB_PUJ2418,2,Dense Urban Trunk,2.0992,False,4.1847,-1.0402,typology-v1-f9da2ebe,ML_ESTIMATED
LTFRB_PUJ2419,1,High-Stop-Density Core,2.6067,False,-1.0808,0.4777,typology-v1-f9da2ebe,ML_ESTIMATED
LTFRB_PUJ2420,1,High-Stop-Density Core,2.2989,False,-1.295,0.726,typology-v1-f9da2ebe,ML_ESTIMATED
LTFRB_PUJ2421,3,Local Feeder,1.3343,False,-2.0942,-2.5956,typology-v1-f9da2ebe,ML_ESTIMATED
LTFRB_PUJ2422,3,Local Feeder,1.5839,False,-2.4362,-1.4917,typology-v1-f9da2ebe,ML_ESTIMATED
LTFRB_PUJ2423,3,Local Feeder,1.6537,False,-1.9411,-1.1797,typology-v1-f9da2ebe,ML_ESTIMATED
LTFRB_PUJ2424,3,Local Feeder,1.5654,False,-1.916,-1.1971,typology-v1-f9da2ebe,ML_ESTIMATED
LTFRB_PUJ2425,3,Local Feeder,2.0028,False,-2.3126,-3.695,typology-v1-f9da2ebe,ML_ESTIMATED
LTFRB_PUJ2426,3,Local Feeder,1.3493,False,-1.9447,-1.3849,typology-v1-f9da2ebe,ML_ESTIMATED
LTFRB_PUJ2427,3,Local Feeder,0.943,False,-1.4195,-1.7678,typology-v1-f9da2ebe,ML_ESTIMATED
LTFRB_PUJ2428,1,High-Stop-Density Core,1.7382,False,-1.4857,0.6873,typology-v1-f9da2ebe,ML_ESTIMATED
LTFRB_PUJ2429,1,High-Stop-Density Core,1.4367,False,-1.1043,0.7862,typology-v1-f9da2ebe,ML_ESTIMATED
LTFRB_PUJ2431,2,Dense Urban Trunk,2.9393,False,2.4239,-3.0753,typology-v1-f9da2ebe,ML_ESTIMATED
LTFRB_PUJ2432,1,High-Stop-Density Core,1.606,False,-1.5426,0.3308,typology-v1-f9da2ebe,ML_ESTIMATED
LTFRB_PUJ2433,1,High-Stop-Density Core,1.825,False,-1.717,0.2239,typology-v1-f9da2ebe,ML_ESTIMATED
LTFRB_PUJ2436,2,Dense Urban Trunk,2.0111,False,3.3937,-0.0799,typology-v1-f9da2ebe,ML_ESTIMATED
LTFRB_PUJ2437,2,Dense Urban Trunk,2.3383,False,3.705,-0.1653,typology-v1-f9da2ebe,ML_ESTIMATED
LTFRB_PUJ2438,1,High-Stop-Density Core,0.9997,False,-1.43,-0.1087,typology-v1-f9da2ebe,ML_ESTIMATED
LTFRB_PUJ2439,1,High-Stop-Density Core,0.9,False,-1.4779,-0.0808,typology-v1-f9da2ebe,ML_ESTIMATED
LTFRB_PUJ2440,1,High-Stop-Density Core,1.2258,False,-2.2726,1.0208,typology-v1-f9da2ebe,ML_ESTIMATED
LTFRB_PUJ2441,1,High-Stop-Density Core,1.2101,False,-2.24,0.958,typology-v1-f9da2ebe,ML_ESTIMATED
LTFRB_PUJ2442,2,Dense Urban Trunk,1.6409,False,3.9126,-0.8147,typology-v1-f9da2ebe,ML_ESTIMATED
LTFRB_PUJ2443,2,Dense Urban Trunk,1.6748,False,3.8831,-0.7816,typology-v1-f9da2ebe,ML_ESTIMATED
LTFRB_PUJ2444,1,High-Stop-Density Core,0.3394,False,-1.3978,0.3701,typology-v1-f9da2ebe,ML_ESTIMATED
LTFRB_PUJ2445,1,High-Stop-Density Core,3.1783,True,-2.251,0.6001,typology-v1-f9da2ebe,ML_ESTIMATED
LTFRB_PUJ2446,3,Local Feeder,2.114,False,0.6225,-2.6629,typology-v1-f9da2ebe,ML_ESTIMATED
LTFRB_PUJ2447,3,Local Feeder,1.3817,False,0.062,-2.4003,typology-v1-f9da2ebe,ML_ESTIMATED
LTFRB_PUJ2448,1,High-Stop-Density Core,2.5375,False,-2.3602,0.7912,typology-v1-f9da2ebe,ML_ESTIMATED
LTFRB_PUJ2449,1,High-Stop-Density Core,2.1687,False,-2.1507,0.6976,typology-v1-f9da2ebe,ML_ESTIMATED
LTFRB_PUJ2450,1,High-Stop-Density Core,2.1236,False,-0.9615,-0.8944,typology-v1-f9da2ebe,ML_ESTIMATED
LTFRB_PUJ2451,1,High-Stop-Density Core,2.1236,False,-0.9615,-0.8944,typology-v1-f9da2ebe,ML_ESTIMATED
LTFRB_PUJ2452,0,Long Regional Connector,3.2914,True,1.4073,0.0034,typology-v1-f9da2ebe,ML_ESTIMATED
LTFRB_PUJ2453,0,Long Regional Connector,3.5718,True,1.339,0.1506,typology-v1-f9da2ebe,ML_ESTIMATED
LTFRB_PUJ2454,3,Local Feeder,1.4168,False,-1.9206,-2.1152,typology-v1-f9da2ebe,ML_ESTIMATED
LTFRB_PUJ2455,3,Local Feeder,0.9265,False,-1.8431,-2.1939,typology-v1-f9da2ebe,ML_ESTIMATED
LTFRB_PUJ2456,0,Long Regional Connector,1.6254,False,1.7747,-0.6495,typology-v1-f9da2ebe,ML_ESTIMATED
LTFRB_PUJ2457,2,Dense Urban Trunk,1.5097,False,2.6572,-0.5768,typology-v1-f9da2ebe,ML_ESTIMATED
LTFRB_PUJ2458,0,Long Regional Connector,0.7715,False,0.7888,-0.2999,typology-v1-f9da2ebe,ML_ESTIMATED
LTFRB_PUJ2459,0,Long Regional Connector,0.8749,False,0.7629,-0.3142,typology-v1-f9da2ebe,ML_ESTIMATED
LTFRB_PUJ2460,3,Local Feeder,1.6291,False,-1.4434,-3.8182,typology-v1-f9da2ebe,ML_ESTIMATED
LTFRB_PUJ2461,3,Local Feeder,1.6889,False,-1.4584,-3.8457,typology-v1-f9da2ebe,ML_ESTIMATED
LTFRB_PUJ2462,0,Long Regional Connector,1.777,False,0.1542,-1.0886,typology-v1-f9da2ebe,ML_ESTIMATED
LTFRB_PUJ2463,0,Long Regional Connector,1.7664,False,0.2452,-1.1828,typology-v1-f9da2ebe,ML_ESTIMATED
LTFRB_PUJ2464,2,Dense Urban Trunk,1.5769,False,2.1045,0.0888,typology-v1-f9da2ebe,ML_ESTIMATED
LTFRB_PUJ2465,2,Dense Urban Trunk,1.61,False,2.0564,0.1596,typology-v1-f9da2ebe,ML_ESTIMATED
LTFRB_PUJ2466,2,Dense Urban Trunk,1.952,False,1.4878,-1.0304,typology-v1-f9da2ebe,ML_ESTIMATED
LTFRB_PUJ2467,2,Dense Urban Trunk,1.7306,False,1.8035,-0.9554,typology-v1-f9da2ebe,ML_ESTIMATED
LTFRB_PUJ2468,1,High-Stop-Density Core,1.423,False,-2.3655,0.6627,typology-v1-f9da2ebe,ML_ESTIMATED
LTFRB_PUJ2469,1,High-Stop-Density Core,1.4382,False,-2.2674,0.6943,typology-v1-f9da2ebe,ML_ESTIMATED
LTFRB_PUJ2470,2,Dense Urban Trunk,2.3772,False,3.0836,0.7931,typology-v1-f9da2ebe,ML_ESTIMATED
LTFRB_PUJ2471,2,Dense Urban Trunk,2.0271,False,2.8923,0.8211,typology-v1-f9da2ebe,ML_ESTIMATED
LTFRB_PUJ2472,0,Long Regional Connector,1.4448,False,0.5162,0.8008,typology-v1-f9da2ebe,ML_ESTIMATED
LTFRB_PUJ2473,0,Long Regional Connector,1.8274,False,0.0466,0.7959,typology-v1-f9da2ebe,ML_ESTIMATED
LTFRB_PUJ2474,3,Local Feeder,1.9848,False,-1.6616,-3.7585,typology-v1-f9da2ebe,ML_ESTIMATED
LTFRB_PUJ2475,3,Local Feeder,1.85,False,-1.6521,-3.7764,typology-v1-f9da2ebe,ML_ESTIMATED
LTFRB_PUJ2476,3,Local Feeder,2.9223,True,1.0991,-4.1045,typology-v1-f9da2ebe,ML_ESTIMATED
LTFRB_PUJ2477,3,Local Feeder,2.9168,True,1.0821,-4.0961,typology-v1-f9da2ebe,ML_ESTIMATED
LTFRB_PUJ2480,0,Long Regional Connector,0.6314,False,0.504,0.9129,typology-v1-f9da2ebe,ML_ESTIMATED
LTFRB_PUJ2481,0,Long Regional Connector,0.9147,False,0.1723,0.9896,typology-v1-f9da2ebe,ML_ESTIMATED
LTFRB_PUJ2482,0,Long Regional Connector,1.1765,False,0.519,0.9257,typology-v1-f9da2ebe,ML_ESTIMATED
LTFRB_PUJ2483,0,Long Regional Connector,0.8785,False,0.3898,1.0114,typology-v1-f9da2ebe,ML_ESTIMATED
LTFRB_PUJ2484,2,Dense Urban Trunk,2.88,False,3.4341,-2.9304,typology-v1-f9da2ebe,ML_ESTIMATED
LTFRB_PUJ2485,2,Dense Urban Trunk,2.6531,False,3.5531,-2.6775,typology-v1-f9da2ebe,ML_ESTIMATED
LTFRB_PUJ2486,0,Long Regional Connector,2.1786,False,0.9348,-1.6153,typology-v1-f9da2ebe,ML_ESTIMATED
LTFRB_PUJ2487,0,Long Regional Connector,2.2476,True,1.0238,-1.7,typology-v1-f9da2ebe,ML_ESTIMATED
LTFRB_PUJ2488,2,Dense Urban Trunk,1.7622,False,2.226,-1.5794,typology-v1-f9da2ebe,ML_ESTIMATED
LTFRB_PUJ2489,2,Dense Urban Trunk,1.5731,False,3.6483,-1.5336,typology-v1-f9da2ebe,ML_ESTIMATED
LTFRB_PUJ2490,2,Dense Urban Trunk,1.6998,False,2.1526,-1.0189,typology-v1-f9da2ebe,ML_ESTIMATED
LTFRB_PUJ2491,2,Dense Urban Trunk,1.622,False,2.3576,-1.0941,typology-v1-f9da2ebe,ML_ESTIMATED
LTFRB_PUJ2492,2,Dense Urban Trunk,1.8448,False,2.9981,-1.3742,typology-v1-f9da2ebe,ML_ESTIMATED
LTFRB_PUJ2493,2,Dense Urban Trunk,1.4919,False,3.5207,-1.5215,typology-v1-f9da2ebe,ML_ESTIMATED
LTFRB_PUJ2494,3,Local Feeder,1.7775,False,0.0402,-3.2867,typology-v1-f9da2ebe,ML_ESTIMATED
LTFRB_PUJ2495,3,Local Feeder,1.8159,False,0.0245,-3.2769,typology-v1-f9da2ebe,ML_ESTIMATED
LTFRB_PUJ2496,0,Long Regional Connector,1.2088,False,0.4027,-0.6125,typology-v1-f9da2ebe,ML_ESTIMATED
LTFRB_PUJ2497,0,Long Regional Connector,1.3399,False,0.1277,-0.67,typology-v1-f9da2ebe,ML_ESTIMATED
LTFRB_PUJ2498,0,Long Regional Connector,1.5732,False,-0.5193,0.0382,typology-v1-f9da2ebe,ML_ESTIMATED
LTFRB_PUJ2499,0,Long Regional Connector,1.6854,False,-0.4923,-0.2878,typology-v1-f9da2ebe,ML_ESTIMATED
LTFRB_PUJ2500,0,Long Regional Connector,1.848,False,0.3989,0.6909,typology-v1-f9da2ebe,ML_ESTIMATED
LTFRB_PUJ2501,0,Long Regional Connector,1.2711,False,0.0658,0.1124,typology-v1-f9da2ebe,ML_ESTIMATED
LTFRB_PUJ2502,1,High-Stop-Density Core,1.7062,False,-1.3064,0.7381,typology-v1-f9da2ebe,ML_ESTIMATED
LTFRB_PUJ2503,1,High-Stop-Density Core,0.9595,False,-1.0211,0.6771,typology-v1-f9da2ebe,ML_ESTIMATED
LTFRB_PUJ2504,0,Long Regional Connector,1.3497,False,1.4353,0.8182,typology-v1-f9da2ebe,ML_ESTIMATED
LTFRB_PUJ2505,0,Long Regional Connector,1.0173,False,1.3484,0.8141,typology-v1-f9da2ebe,ML_ESTIMATED
LTFRB_PUJ2506,1,High-Stop-Density Core,0.8983,False,-2.2937,0.8645,typology-v1-f9da2ebe,ML_ESTIMATED
LTFRB_PUJ2507,1,High-Stop-Density Core,0.8946,False,-2.2642,0.8724,typology-v1-f9da2ebe,ML_ESTIMATED
LTFRB_PUJ2508,0,Long Regional Connector,2.1327,False,1.8029,1.4991,typology-v1-f9da2ebe,ML_ESTIMATED
LTFRB_PUJ2509,0,Long Regional Connector,2.0856,False,1.8313,1.7245,typology-v1-f9da2ebe,ML_ESTIMATED
LTFRB_PUJ2510,3,Local Feeder,3.2901,True,-2.7323,-3.8163,typology-v1-f9da2ebe,ML_ESTIMATED
LTFRB_PUJ2511,3,Local Feeder,2.1598,False,-2.4457,-3.7798,typology-v1-f9da2ebe,ML_ESTIMATED
LTFRB_PUJ2512,1,High-Stop-Density Core,0.6838,False,-1.7892,0.8404,typology-v1-f9da2ebe,ML_ESTIMATED
LTFRB_PUJ2513,1,High-Stop-Density Core,1.3104,False,-1.635,0.8586,typology-v1-f9da2ebe,ML_ESTIMATED
LTFRB_PUJ2514,1,High-Stop-Density Core,1.1366,False,-1.5713,1.0337,typology-v1-f9da2ebe,ML_ESTIMATED
LTFRB_PUJ2515,1,High-Stop-Density Core,1.0876,False,-1.601,1.0315,typology-v1-f9da2ebe,ML_ESTIMATED
LTFRB_PUJ2516,1,High-Stop-Density Core,1.3834,False,-2.5353,0.8533,typology-v1-f9da2ebe,ML_ESTIMATED
LTFRB_PUJ2517,1,High-Stop-Density Core,1.3869,False,-2.5322,0.8519,typology-v1-f9da2ebe,ML_ESTIMATED
LTFRB_PUJ2518,1,High-Stop-Density Core,2.047,False,-2.3344,0.0186,typology-v1-f9da2ebe,ML_ESTIMATED
LTFRB_PUJ2519,1,High-Stop-Density Core,1.3537,False,-2.3015,0.0584,typology-v1-f9da2ebe,ML_ESTIMATED
LTFRB_PUJ2520,1,High-Stop-Density Core,1.1774,False,-1.4654,-0.5713,typology-v1-f9da2ebe,ML_ESTIMATED
LTFRB_PUJ2521,1,High-Stop-Density Core,1.1774,False,-1.4654,-0.5713,typology-v1-f9da2ebe,ML_ESTIMATED
LTFRB_PUJ2522,1,High-Stop-Density Core,1.4073,False,-2.2434,-0.4701,typology-v1-f9da2ebe,ML_ESTIMATED
LTFRB_PUJ2523,1,High-Stop-Density Core,1.4073,False,-2.2434,-0.4701,typology-v1-f9da2ebe,ML_ESTIMATED
LTFRB_PUJ2524,0,Long Regional Connector,1.406,False,-0.5395,0.6606,typology-v1-f9da2ebe,ML_ESTIMATED
LTFRB_PUJ2525,0,Long Regional Connector,1.3925,False,-0.3878,0.5445,typology-v1-f9da2ebe,ML_ESTIMATED
LTFRB_PUJ2526,0,Long Regional Connector,1.5071,False,0.6471,-0.9423,typology-v1-f9da2ebe,ML_ESTIMATED
LTFRB_PUJ2527,0,Long Regional Connector,1.8375,False,-0.2212,-1.084,typology-v1-f9da2ebe,ML_ESTIMATED
LTFRB_PUJ2528,0,Long Regional Connector,1.0802,False,1.2633,0.6905,typology-v1-f9da2ebe,ML_ESTIMATED
LTFRB_PUJ2529,0,Long Regional Connector,1.1516,False,1.4277,0.7998,typology-v1-f9da2ebe,ML_ESTIMATED
LTFRB_PUJ2530,0,Long Regional Connector,1.1087,False,1.335,0.6778,typology-v1-f9da2ebe,ML_ESTIMATED
LTFRB_PUJ2531,0,Long Regional Connector,1.3732,False,1.558,0.7605,typology-v1-f9da2ebe,ML_ESTIMATED
LTFRB_PUJ2532,2,Dense Urban Trunk,3.0001,True,2.6178,-3.108,typology-v1-f9da2ebe,ML_ESTIMATED
LTFRB_PUJ2533,2,Dense Urban Trunk,3.0112,True,2.6695,-3.1256,typology-v1-f9da2ebe,ML_ESTIMATED
LTFRB_PUJ2535,2,Dense Urban Trunk,3.0102,True,2.6956,-3.1334,typology-v1-f9da2ebe,ML_ESTIMATED
LTFRB_PUJ2536,3,Local Feeder,2.4719,False,-0.9674,-2.0683,typology-v1-f9da2ebe,ML_ESTIMATED
LTFRB_PUJ2537,3,Local Feeder,2.1722,False,-0.0433,-2.4437,typology-v1-f9da2ebe,ML_ESTIMATED
LTFRB_PUJ2538,2,Dense Urban Trunk,1.3777,False,2.008,0.4723,typology-v1-f9da2ebe,ML_ESTIMATED
LTFRB_PUJ2539,2,Dense Urban Trunk,1.3103,False,2.1093,0.534,typology-v1-f9da2ebe,ML_ESTIMATED
LTFRB_PUJ2540,0,Long Regional Connector,1.4383,False,1.3662,0.7321,typology-v1-f9da2ebe,ML_ESTIMATED
LTFRB_PUJ2541,0,Long Regional Connector,1.1838,False,1.4186,0.7389,typology-v1-f9da2ebe,ML_ESTIMATED
LTFRB_PUJ2543,2,Dense Urban Trunk,2.9356,False,2.4058,-3.0681,typology-v1-f9da2ebe,ML_ESTIMATED
LTFRB_PUJ2544,3,Local Feeder,2.6693,False,0.6594,-4.0223,typology-v1-f9da2ebe,ML_ESTIMATED
LTFRB_PUJ2545,3,Local Feeder,2.6693,False,0.6594,-4.0223,typology-v1-f9da2ebe,ML_ESTIMATED
LTFRB_PUJ2546,3,Local Feeder,2.8767,False,1.0158,-4.1021,typology-v1-f9da2ebe,ML_ESTIMATED
LTFRB_PUJ2547,3,Local Feeder,2.8767,False,1.0158,-4.1021,typology-v1-f9da2ebe,ML_ESTIMATED
LTFRB_PUJ2548,2,Dense Urban Trunk,1.305,False,3.1402,0.2318,typology-v1-f9da2ebe,ML_ESTIMATED
LTFRB_PUJ2549,2,Dense Urban Trunk,1.1983,False,3.062,0.2553,typology-v1-f9da2ebe,ML_ESTIMATED
LTFRB_PUJ2550,3,Local Feeder,16.0234,True,-2.744,-3.475,typology-v1-f9da2ebe,ML_ESTIMATED
LTFRB_PUJ2551,1,High-Stop-Density Core,1.2448,False,-0.6302,-0.0287,typology-v1-f9da2ebe,ML_ESTIMATED
LTFRB_PUJ2552,1,High-Stop-Density Core,1.3066,False,-0.5323,-0.0502,typology-v1-f9da2ebe,ML_ESTIMATED
LTFRB_PUJ2553,2,Dense Urban Trunk,1.6949,False,2.9428,-1.6863,typology-v1-f9da2ebe,ML_ESTIMATED
LTFRB_PUJ2554,2,Dense Urban Trunk,1.6949,False,2.9428,-1.6863,typology-v1-f9da2ebe,ML_ESTIMATED
LTFRB_PUJ2555,1,High-Stop-Density Core,1.8,False,-0.3469,1.1331,typology-v1-f9da2ebe,ML_ESTIMATED
LTFRB_PUJ2556,1,High-Stop-Density Core,1.6883,False,-0.7858,1.1076,typology-v1-f9da2ebe,ML_ESTIMATED
LTFRB_PUJ2557,0,Long Regional Connector,1.7055,False,-0.1107,-0.7458,typology-v1-f9da2ebe,ML_ESTIMATED
LTFRB_PUJ2558,0,Long Regional Connector,1.7055,False,-0.1107,-0.7458,typology-v1-f9da2ebe,ML_ESTIMATED
LTFRB_PUJ2559,2,Dense Urban Trunk,2.3883,False,4.2433,-2.044,typology-v1-f9da2ebe,ML_ESTIMATED
LTFRB_PUJ2560,2,Dense Urban Trunk,2.3733,False,4.2247,-2.0374,typology-v1-f9da2ebe,ML_ESTIMATED
LTFRB_PUJ2561,0,Long Regional Connector,1.1465,False,-0.3377,0.0479,typology-v1-f9da2ebe,ML_ESTIMATED
LTFRB_PUJ2562,0,Long Regional Connector,1.1877,False,-0.3661,0.0709,typology-v1-f9da2ebe,ML_ESTIMATED
LTFRB_PUJ2563,3,Local Feeder,2.5562,False,-2.1497,-1.325,typology-v1-f9da2ebe,ML_ESTIMATED
LTFRB_PUJ2564,3,Local Feeder,1.5577,False,-2.3817,-1.7433,typology-v1-f9da2ebe,ML_ESTIMATED
LTFRB_PUJ2565,1,High-Stop-Density Core,2.6351,False,-1.9547,0.4338,typology-v1-f9da2ebe,ML_ESTIMATED
LTFRB_PUJ2566,1,High-Stop-Density Core,3.4756,True,-2.6503,0.6094,typology-v1-f9da2ebe,ML_ESTIMATED
LTFRB_PUJ2567,1,High-Stop-Density Core,3.0818,True,-2.4933,0.2035,typology-v1-f9da2ebe,ML_ESTIMATED
LTFRB_PUJ2568,1,High-Stop-Density Core,2.0523,False,-2.0565,-0.6962,typology-v1-f9da2ebe,ML_ESTIMATED
LTFRB_PUJ2569,0,Long Regional Connector,1.0221,False,0.9364,0.6097,typology-v1-f9da2ebe,ML_ESTIMATED
LTFRB_PUJ2570,2,Dense Urban Trunk,1.362,False,2.0356,0.6594,typology-v1-f9da2ebe,ML_ESTIMATED
LTFRB_PUJ2571,0,Long Regional Connector,1.284,False,1.5167,0.8077,typology-v1-f9da2ebe,ML_ESTIMATED
LTFRB_PUJ2572,0,Long Regional Connector,0.8885,False,1.4263,0.8183,typology-v1-f9da2ebe,ML_ESTIMATED
LTFRB_PUJ2573,1,High-Stop-Density Core,0.6772,False,-1.6237,0.1252,typology-v1-f9da2ebe,ML_ESTIMATED
LTFRB_PUJ2574,1,High-Stop-Density Core,1.3757,False,-1.6113,0.3113,typology-v1-f9da2ebe,ML_ESTIMATED
LTFRB_PUJ2575,1,High-Stop-Density Core,4.2466,True,-1.5591,0.3606,typology-v1-f9da2ebe,ML_ESTIMATED
LTFRB_PUJ2576,1,High-Stop-Density Core,4.2402,True,-1.5467,0.3336,typology-v1-f9da2ebe,ML_ESTIMATED
LTFRB_PUJ2577,0,Long Regional Connector,1.0379,False,0.7821,-0.5643,typology-v1-f9da2ebe,ML_ESTIMATED
LTFRB_PUJ2578,1,High-Stop-Density Core,1.1175,False,-0.9876,0.4784,typology-v1-f9da2ebe,ML_ESTIMATED
LTFRB_PUJ2579,0,Long Regional Connector,1.3642,False,-0.4153,-0.2991,typology-v1-f9da2ebe,ML_ESTIMATED
LTFRB_PUJ2581,0,Long Regional Connector,1.9285,False,2.263,1.1913,typology-v1-f9da2ebe,ML_ESTIMATED
LTFRB_PUJ2582,0,Long Regional Connector,1.9821,False,2.3254,1.1948,typology-v1-f9da2ebe,ML_ESTIMATED
LTFRB_PUJ2583,0,Long Regional Connector,1.7667,False,2.2081,1.1037,typology-v1-f9da2ebe,ML_ESTIMATED
LTFRB_PUJ2584,2,Dense Urban Trunk,1.9616,False,2.411,1.1431,typology-v1-f9da2ebe,ML_ESTIMATED
LTFRB_PUJ2585,0,Long Regional Connector,1.9602,False,0.8123,0.5748,typology-v1-f9da2ebe,ML_ESTIMATED
LTFRB_PUJ2586,0,Long Regional Connector,1.5991,False,0.4848,0.4659,typology-v1-f9da2ebe,ML_ESTIMATED
LTFRB_PUJ2588,1,High-Stop-Density Core,0.6723,False,-1.3594,0.3371,typology-v1-f9da2ebe,ML_ESTIMATED
LTFRB_PUJ2589,1,High-Stop-Density Core,2.879,True,-0.0219,-0.4288,typology-v1-f9da2ebe,ML_ESTIMATED
LTFRB_PUJ2590,1,High-Stop-Density Core,2.75,False,-0.0365,-0.4179,typology-v1-f9da2ebe,ML_ESTIMATED
LTFRB_PUJ2591,0,Long Regional Connector,1.8536,False,-0.5977,-0.6727,typology-v1-f9da2ebe,ML_ESTIMATED
LTFRB_PUJ2592,0,Long Regional Connector,1.9211,False,-0.6113,-0.6609,typology-v1-f9da2ebe,ML_ESTIMATED
LTFRB_PUJ2593,0,Long Regional Connector,1.8164,False,1.4466,-1.19,typology-v1-f9da2ebe,ML_ESTIMATED
LTFRB_PUJ2594,0,Long Regional Connector,1.7929,False,1.3808,-1.1711,typology-v1-f9da2ebe,ML_ESTIMATED
LTFRB_PUJ2595,2,Dense Urban Trunk,0.9959,False,2.4069,-0.6318,typology-v1-f9da2ebe,ML_ESTIMATED
LTFRB_PUJ2596,2,Dense Urban Trunk,0.9229,False,2.3715,-0.6165,typology-v1-f9da2ebe,ML_ESTIMATED
LTFRB_PUJ2597,2,Dense Urban Trunk,1.3457,False,2.521,-1.3142,typology-v1-f9da2ebe,ML_ESTIMATED
LTFRB_PUJ2598,2,Dense Urban Trunk,1.5861,False,2.1627,-1.3622,typology-v1-f9da2ebe,ML_ESTIMATED
LTFRB_PUJ2599,0,Long Regional Connector,0.7677,False,0.1251,0.7238,typology-v1-f9da2ebe,ML_ESTIMATED
LTFRB_PUJ2600,0,Long Regional Connector,0.9266,False,-0.1788,0.5882,typology-v1-f9da2ebe,ML_ESTIMATED
LTFRB_PUJ2601,0,Long Regional Connector,2.0694,False,0.7927,0.4312,typology-v1-f9da2ebe,ML_ESTIMATED
LTFRB_PUJ2602,0,Long Regional Connector,0.5712,False,0.9883,0.2803,typology-v1-f9da2ebe,ML_ESTIMATED
LTFRB_PUJ2603,0,Long Regional Connector,1.701,False,-0.2244,0.8177,typology-v1-f9da2ebe,ML_ESTIMATED
LTFRB_PUJ2604,0,Long Regional Connector,1.221,False,-0.2148,0.698,typology-v1-f9da2ebe,ML_ESTIMATED
LTFRB_PUJ2605,0,Long Regional Connector,1.4095,False,0.3848,0.6953,typology-v1-f9da2ebe,ML_ESTIMATED
LTFRB_PUJ2606,0,Long Regional Connector,0.5707,False,0.5491,0.5761,typology-v1-f9da2ebe,ML_ESTIMATED
LTFRB_PUJ2607,0,Long Regional Connector,0.849,False,0.6882,0.9978,typology-v1-f9da2ebe,ML_ESTIMATED
LTFRB_PUJ2608,0,Long Regional Connector,1.1403,False,0.7914,0.9006,typology-v1-f9da2ebe,ML_ESTIMATED
LTFRB_PUJ2609,1,High-Stop-Density Core,1.3142,False,-1.4892,0.6729,typology-v1-f9da2ebe,ML_ESTIMATED
LTFRB_PUJ2610,1,High-Stop-Density Core,0.8607,False,-1.4703,0.6371,typology-v1-f9da2ebe,ML_ESTIMATED
LTFRB_PUJ2611,3,Local Feeder,1.5513,False,-2.421,-1.7581,typology-v1-f9da2ebe,ML_ESTIMATED
LTFRB_PUJ2612,3,Local Feeder,1.7996,False,-2.4058,-1.7167,typology-v1-f9da2ebe,ML_ESTIMATED
LTFRB_PUJ2613,3,Local Feeder,1.136,False,-2.1227,-2.5957,typology-v1-f9da2ebe,ML_ESTIMATED
LTFRB_PUJ2614,3,Local Feeder,1.2883,False,-2.1924,-2.508,typology-v1-f9da2ebe,ML_ESTIMATED
LTFRB_PUJ2615,1,High-Stop-Density Core,1.8055,False,-0.8085,1.395,typology-v1-f9da2ebe,ML_ESTIMATED
LTFRB_PUJ2616,1,High-Stop-Density Core,1.8751,False,-0.7898,1.3963,typology-v1-f9da2ebe,ML_ESTIMATED
LTFRB_PUJ2617,2,Dense Urban Trunk,1.2104,False,2.8542,0.8104,typology-v1-f9da2ebe,ML_ESTIMATED
LTFRB_PUJ2618,2,Dense Urban Trunk,1.3627,False,2.8344,0.912,typology-v1-f9da2ebe,ML_ESTIMATED
