route_id,population_exposure_score,equity_overlap_pct,corridor_population_proxy,socioeconomic_score,accessibility_gap_score,underserved_overlap_score,underserved_overlap_available,equity_score,equity_evidence_confidence,equity_source_ids,equity_claim_status,equity_method_version,equity_limitation
LTFRB_PUJ1001,94.08,94.077,295279.4,,,,False,94.08,25.0,worldpop_phl_2020_1km,PROXY,equity-v2.0,"Population exposure only; no validated socioeconomic, accessibility-gap or settlement-status layer is available."
LTFRB_PUJ1002,94.83,94.832,338414.3,,,,False,94.83,25.0,worldpop_phl_2020_1km,PROXY,equity-v2.0,"Population exposure only; no validated socioeconomic, accessibility-gap or settlement-status layer is available."
LTFRB_PUJ1003,100.0,100.0,295272.3,,,,False,100.0,25.0,worldpop_phl_2020_1km,PROXY,equity-v2.0,"Population exposure only; no validated socioeconomic, accessibility-gap or settlement-status layer is available."
LTFRB_PUJ1004,100.0,100.0,295272.3,,,,False,100.0,25.0,worldpop_phl_2020_1km,PROXY,equity-v2.0,"Population exposure only; no validated socioeconomic, accessibility-gap or settlement-status layer is available."
LTFRB_PUJ1005,87.3,87.301,207084.3,,,,False,87.3,25.0,worldpop_phl_2020_1km,PROXY,equity-v2.0,"Population exposure only; no validated socioeconomic, accessibility-gap or settlement-status layer is available."
LTFRB_PUJ1006,87.3,87.301,207084.3,,,,False,87.3,25.0,worldpop_phl_2020_1km,PROXY,equity-v2.0,"Population exposure only; no validated socioeconomic, accessibility-gap or settlement-status layer is available."
LTFRB_PUJ1007,96.25,96.254,225215.9,,,,False,96.25,25.0,worldpop_phl_2020_1km,PROXY,equity-v2.0,"Population exposure only; no validated socioeconomic, accessibility-gap or settlement-status layer is available."
LTFRB_PUJ1008,89.39,89.393,154616.3,,,,False,89.39,25.0,worldpop_phl_2020_1km,PROXY,equity-v2.0,"Population exposure only; no validated socioeconomic, accessibility-gap or settlement-status layer is available."
LTFRB_PUJ1009,96.05,96.054,197760.5,,,,False,96.05,25.0,worldpop_phl_2020_1km,PROXY,equity-v2.0,"Population exposure only; no validated socioeconomic, accessibility-gap or settlement-status layer is available."
LTFRB_PUJ1010,96.05,96.054,197760.5,,,,False,96.05,25.0,worldpop_phl_2020_1km,PROXY,equity-v2.0,"Population exposure only; no validated socioeconomic, accessibility-gap or settlement-status layer is available."
LTFRB_PUJ1011,96.94,96.939,254972.3,,,,False,96.94,25.0,worldpop_phl_2020_1km,PROXY,equity-v2.0,"Population exposure only; no validated socioeconomic, accessibility-gap or settlement-status layer is available."
LTFRB_PUJ1012,97.53,97.534,316502.0,,,,False,97.53,25.0,worldpop_phl_2020_1km,PROXY,equity-v2.0,"Population exposure only; no validated socioeconomic, accessibility-gap or settlement-status layer is available."
LTFRB_PUJ1013,53.89,53.89,443017.2,,,,False,53.89,25.0,worldpop_phl_2020_1km,PROXY,equity-v2.0,"Population exposure only; no validated socioeconomic, accessibility-gap or settlement-status layer is available."
LTFRB_PUJ1014,60.13,60.13,487318.3,,,,False,60.13,25.0,worldpop_phl_2020_1km,PROXY,equity-v2.0,"Population exposure only; no validated socioeconomic, accessibility-gap or settlement-status layer is available."
LTFRB_PUJ1015,67.04,67.038,656903.1,,,,False,67.04,25.0,worldpop_phl_2020_1km,PROXY,equity-v2.0,"Population exposure only; no validated socioeconomic, accessibility-gap or settlement-status layer is available."
LTFRB_PUJ1016,66.77,66.771,651064.3,,,,False,66.77,25.0,worldpop_phl_2020_1km,PROXY,equity-v2.0,"Population exposure only; no validated socioeconomic, accessibility-gap or settlement-status layer is available."
LTFRB_PUJ1017,57.58,57.582,329572.4,,,,False,57.58,25.0,worldpop_phl_2020_1km,PROXY,equity-v2.0,"Population exposure only; no validated socioeconomic, accessibility-gap or settlement-status layer is available."
LTFRB_PUJ1018,57.58,57.582,329572.4,,,,False,57.58,25.0,worldpop_phl_2020_1km,PROXY,equity-v2.0,"Population exposure only; no validated socioeconomic, accessibility-gap or settlement-status layer is available."
LTFRB_PUJ1019,65.87,65.871,432663.0,,,,False,65.87,25.0,worldpop_phl_2020_1km,PROXY,equity-v2.0,"Population exposure only; no validated socioeconomic, accessibility-gap or settlement-status layer is available."
LTFRB_PUJ1020,67.71,67.708,420923.7,,,,False,67.71,25.0,worldpop_phl_2020_1km,PROXY,equity-v2.0,"Population exposure only; no validated socioeconomic, accessibility-gap or settlement-status layer is available."
LTFRB_PUJ1021,52.86,52.863,469562.0,,,,False,52.86,25.0,worldpop_phl_2020_1km,PROXY,equity-v2.0,"Population exposure only; no validated socioeconomic, accessibility-gap or settlement-status layer is available."
LTFRB_PUJ1022,53.89,53.892,562159.0,,,,False,53.89,25.0,worldpop_phl_2020_1km,PROXY,equity-v2.0,"Population exposure only; no validated socioeconomic, accessibility-gap or settlement-status layer is available."
LTFRB_PUJ1023,87.56,87.562,356707.2,,,,False,87.56,25.0,worldpop_phl_2020_1km,PROXY,equity-v2.0,"Population exposure only; no validated socioeconomic, accessibility-gap or settlement-status layer is available."
LTFRB_PUJ1024,90.46,90.455,520228.1,,,,False,90.46,25.0,worldpop_phl_2020_1km,PROXY,equity-v2.0,"Population exposure only; no validated socioeconomic, accessibility-gap or settlement-status layer is available."
LTFRB_PUJ1025,70.89,70.885,258690.6,,,,False,70.89,25.0,worldpop_phl_2020_1km,PROXY,equity-v2.0,"Population exposure only; no validated socioeconomic, accessibility-gap or settlement-status layer is available."
LTFRB_PUJ1026,70.89,70.885,258690.6,,,,False,70.89,25.0,worldpop_phl_2020_1km,PROXY,equity-v2.0,"Population exposure only; no validated socioeconomic, accessibility-gap or settlement-status layer is available."
LTFRB_PUJ1028,70.97,70.969,185492.9,,,,False,70.97,25.0,worldpop_phl_2020_1km,PROXY,equity-v2.0,"Population exposure only; no validated socioeconomic, accessibility-gap or settlement-status layer is available."
LTFRB_PUJ1029,81.35,81.351,364209.3,,,,False,81.35,25.0,worldpop_phl_2020_1km,PROXY,equity-v2.0,"Population exposure only; no validated socioeconomic, accessibility-gap or settlement-status layer is available."
LTFRB_PUJ1030,81.35,81.351,364209.3,,,,False,81.35,25.0,worldpop_phl_2020_1km,PROXY,equity-v2.0,"Population exposure only; no validated socioeconomic, accessibility-gap or settlement-status layer is available."
LTFRB_PUJ1031,81.35,81.351,364209.3,,,,False,81.35,25.0,worldpop_phl_2020_1km,PROXY,equity-v2.0,"Population exposure only; no validated socioeconomic, accessibility-gap or settlement-status layer is available."
LTFRB_PUJ1033,88.78,88.78,395423.6,,,,False,88.78,25.0,worldpop_phl_2020_1km,PROXY,equity-v2.0,"Population exposure only; no validated socioeconomic, accessibility-gap or settlement-status layer is available."
LTFRB_PUJ1034,90.46,90.455,520228.1,,,,False,90.46,25.0,worldpop_phl_2020_1km,PROXY,equity-v2.0,"Population exposure only; no validated socioeconomic, accessibility-gap or settlement-status layer is available."
LTFRB_PUJ1035,46.82,46.821,69826.5,,,,False,46.82,25.0,worldpop_phl_2020_1km,PROXY,equity-v2.0,"Population exposure only; no validated socioeconomic, accessibility-gap or settlement-status layer is available."
LTFRB_PUJ1036,52.93,52.931,109755.0,,,,False,52.93,25.0,worldpop_phl_2020_1km,PROXY,equity-v2.0,"Population exposure only; no validated socioeconomic, accessibility-gap or settlement-status layer is available."
LTFRB_PUJ1037,40.4,40.401,80921.9,,,,False,40.4,25.0,worldpop_phl_2020_1km,PROXY,equity-v2.0,"Population exposure only; no validated socioeconomic, accessibility-gap or settlement-status layer is available."
LTFRB_PUJ1038,40.4,40.401,80921.9,,,,False,40.4,25.0,worldpop_phl_2020_1km,PROXY,equity-v2.0,"Population exposure only; no validated socioeconomic, accessibility-gap or settlement-status layer is available."
LTFRB_PUJ1040,73.56,73.558,427609.6,,,,False,73.56,25.0,worldpop_phl_2020_1km,PROXY,equity-v2.0,"Population exposure only; no validated socioeconomic, accessibility-gap or settlement-status layer is available."
LTFRB_PUJ1041,71.11,71.106,672862.0,,,,False,71.11,25.0,worldpop_phl_2020_1km,PROXY,equity-v2.0,"Population exposure only; no validated socioeconomic, accessibility-gap or settlement-status layer is available."
LTFRB_PUJ1042,70.07,70.067,682840.4,,,,False,70.07,25.0,worldpop_phl_2020_1km,PROXY,equity-v2.0,"Population exposure only; no validated socioeconomic, accessibility-gap or settlement-status layer is available."
LTFRB_PUJ1043,79.94,79.944,921238.4,,,,False,79.94,25.0,worldpop_phl_2020_1km,PROXY,equity-v2.0,"Population exposure only; no validated socioeconomic, accessibility-gap or settlement-status layer is available."
LTFRB_PUJ1044,79.4,79.396,896729.0,,,,False,79.4,25.0,worldpop_phl_2020_1km,PROXY,equity-v2.0,"Population exposure only; no validated socioeconomic, accessibility-gap or settlement-status layer is available."
LTFRB_PUJ1045,72.12,72.124,598458.4,,,,False,72.12,25.0,worldpop_phl_2020_1km,PROXY,equity-v2.0,"Population exposure only; no validated socioeconomic, accessibility-gap or settlement-status layer is available."
LTFRB_PUJ1046,65.38,65.378,481851.8,,,,False,65.38,25.0,worldpop_phl_2020_1km,PROXY,equity-v2.0,"Population exposure only; no validated socioeconomic, accessibility-gap or settlement-status layer is available."
LTFRB_PUJ1047,67.16,67.164,488182.2,,,,False,67.16,25.0,worldpop_phl_2020_1km,PROXY,equity-v2.0,"Population exposure only; no validated socioeconomic, accessibility-gap or settlement-status layer is available."
LTFRB_PUJ1048,67.16,67.164,488182.2,,,,False,67.16,25.0,worldpop_phl_2020_1km,PROXY,equity-v2.0,"Population exposure only; no validated socioeconomic, accessibility-gap or settlement-status layer is available."
LTFRB_PUJ1049,79.64,79.643,776493.9,,,,False,79.64,25.0,worldpop_phl_2020_1km,PROXY,equity-v2.0,"Population exposure only; no validated socioeconomic, accessibility-gap or settlement-status layer is available."
LTFRB_PUJ1050,79.64,79.643,776493.9,,,,False,79.64,25.0,worldpop_phl_2020_1km,PROXY,equity-v2.0,"Population exposure only; no validated socioeconomic, accessibility-gap or settlement-status layer is available."
LTFRB_PUJ1051,55.01,55.015,284001.6,,,,False,55.01,25.0,worldpop_phl_2020_1km,PROXY,equity-v2.0,"Population exposure only; no validated socioeconomic, accessibility-gap or settlement-status layer is available."
LTFRB_PUJ1053,77.5,77.497,653305.0,,,,False,77.5,25.0,worldpop_phl_2020_1km,PROXY,equity-v2.0,"Population exposure only; no validated socioeconomic, accessibility-gap or settlement-status layer is available."
LTFRB_PUJ1054,77.5,77.497,653305.0,,,,False,77.5,25.0,worldpop_phl_2020_1km,PROXY,equity-v2.0,"Population exposure only; no validated socioeconomic, accessibility-gap or settlement-status layer is available."
LTFRB_PUJ1055,91.13,91.134,686197.0,,,,False,91.13,25.0,worldpop_phl_2020_1km,PROXY,equity-v2.0,"Population exposure only; no validated socioeconomic, accessibility-gap or settlement-status layer is available."
LTFRB_PUJ1056,92.83,92.828,673680.2,,,,False,92.83,25.0,worldpop_phl_2020_1km,PROXY,equity-v2.0,"Population exposure only; no validated socioeconomic, accessibility-gap or settlement-status layer is available."
LTFRB_PUJ1057,94.09,94.089,312038.0,,,,False,94.09,25.0,worldpop_phl_2020_1km,PROXY,equity-v2.0,"Population exposure only; no validated socioeconomic, accessibility-gap or settlement-status layer is available."
LTFRB_PUJ1058,94.09,94.089,312038.0,,,,False,94.09,25.0,worldpop_phl_2020_1km,PROXY,equity-v2.0,"Population exposure only; no validated socioeconomic, accessibility-gap or settlement-status layer is available."
LTFRB_PUJ1059,87.74,87.741,402300.0,,,,False,87.74,25.0,worldpop_phl_2020_1km,PROXY,equity-v2.0,"Population exposure only; no validated socioeconomic, accessibility-gap or settlement-status layer is available."
LTFRB_PUJ1060,84.82,84.821,281385.3,,,,False,84.82,25.0,worldpop_phl_2020_1km,PROXY,equity-v2.0,"Population exposure only; no validated socioeconomic, accessibility-gap or settlement-status layer is available."
LTFRB_PUJ1061,72.09,72.085,57437.2,,,,False,72.09,25.0,worldpop_phl_2020_1km,PROXY,equity-v2.0,"Population exposure only; no validated socioeconomic, accessibility-gap or settlement-status layer is available."
LTFRB_PUJ1062,63.07,63.075,65642.0,,,,False,63.07,25.0,worldpop_phl_2020_1km,PROXY,equity-v2.0,"Population exposure only; no validated socioeconomic, accessibility-gap or settlement-status layer is available."
LTFRB_PUJ1063,41.57,41.574,48766.7,,,,False,41.57,25.0,worldpop_phl_2020_1km,PROXY,equity-v2.0,"Population exposure only; no validated socioeconomic, accessibility-gap or settlement-status layer is available."
LTFRB_PUJ1064,41.57,41.574,48766.7,,,,False,41.57,25.0,worldpop_phl_2020_1km,PROXY,equity-v2.0,"Population exposure only; no validated socioeconomic, accessibility-gap or settlement-status layer is available."
LTFRB_PUJ1065,73.9,73.896,515714.7,,,,False,73.9,25.0,worldpop_phl_2020_1km,PROXY,equity-v2.0,"Population exposure only; no validated socioeconomic, accessibility-gap or settlement-status layer is available."
LTFRB_PUJ1066,76.38,76.381,569994.1,,,,False,76.38,25.0,worldpop_phl_2020_1km,PROXY,equity-v2.0,"Population exposure only; no validated socioeconomic, accessibility-gap or settlement-status layer is available."
LTFRB_PUJ1067,40.47,40.471,103598.6,,,,False,40.47,25.0,worldpop_phl_2020_1km,PROXY,equity-v2.0,"Population exposure only; no validated socioeconomic, accessibility-gap or settlement-status layer is available."
LTFRB_PUJ1068,42.61,42.614,98388.9,,,,False,42.61,25.0,worldpop_phl_2020_1km,PROXY,equity-v2.0,"Population exposure only; no validated socioeconomic, accessibility-gap or settlement-status layer is available."
LTFRB_PUJ1069,34.42,34.418,70202.8,,,,False,34.42,25.0,worldpop_phl_2020_1km,PROXY,equity-v2.0,"Population exposure only; no validated socioeconomic, accessibility-gap or settlement-status layer is available."
LTFRB_PUJ1070,54.05,54.045,145140.9,,,,False,54.05,25.0,worldpop_phl_2020_1km,PROXY,equity-v2.0,"Population exposure only; no validated socioeconomic, accessibility-gap or settlement-status layer is available."
LTFRB_PUJ1071,89.69,89.69,650759.7,,,,False,89.69,25.0,worldpop_phl_2020_1km,PROXY,equity-v2.0,"Population exposure only; no validated socioeconomic, accessibility-gap or settlement-status layer is available."
LTFRB_PUJ1072,88.54,88.542,659196.3,,,,False,88.54,25.0,worldpop_phl_2020_1km,PROXY,equity-v2.0,"Population exposure only; no validated socioeconomic, accessibility-gap or settlement-status layer is available."
LTFRB_PUJ1073,85.89,85.887,501252.0,,,,False,85.89,25.0,worldpop_phl_2020_1km,PROXY,equity-v2.0,"Population exposure only; no validated socioeconomic, accessibility-gap or settlement-status layer is available."
LTFRB_PUJ1074,84.08,84.079,444332.7,,,,False,84.08,25.0,worldpop_phl_2020_1km,PROXY,equity-v2.0,"Population exposure only; no validated socioeconomic, accessibility-gap or settlement-status layer is available."
LTFRB_PUJ1075,89.69,89.695,651089.0,,,,False,89.69,25.0,worldpop_phl_2020_1km,PROXY,equity-v2.0,"Population exposure only; no validated socioeconomic, accessibility-gap or settlement-status layer is available."
LTFRB_PUJ1076,90.26,90.258,688718.0,,,,False,90.26,25.0,worldpop_phl_2020_1km,PROXY,equity-v2.0,"Population exposure only; no validated socioeconomic, accessibility-gap or settlement-status layer is available."
LTFRB_PUJ1077,88.18,88.184,504304.8,,,,False,88.18,25.0,worldpop_phl_2020_1km,PROXY,equity-v2.0,"Population exposure only; no validated socioeconomic, accessibility-gap or settlement-status layer is available."
LTFRB_PUJ1078,87.85,87.849,506228.8,,,,False,87.85,25.0,worldpop_phl_2020_1km,PROXY,equity-v2.0,"Population exposure only; no validated socioeconomic, accessibility-gap or settlement-status layer is available."
LTFRB_PUJ1079,83.91,83.909,526308.8,,,,False,83.91,25.0,worldpop_phl_2020_1km,PROXY,equity-v2.0,"Population exposure only; no validated socioeconomic, accessibility-gap or settlement-status layer is available."
LTFRB_PUJ1080,82.82,82.821,492985.4,,,,False,82.82,25.0,worldpop_phl_2020_1km,PROXY,equity-v2.0,"Population exposure only; no validated socioeconomic, accessibility-gap or settlement-status layer is available."
LTFRB_PUJ1081,80.87,80.874,379931.6,,,,False,80.87,25.0,worldpop_phl_2020_1km,PROXY,equity-v2.0,"Population exposure only; no validated socioeconomic, accessibility-gap or settlement-status layer is available."
LTFRB_PUJ1083,72.19,72.187,587596.1,,,,False,72.19,25.0,worldpop_phl_2020_1km,PROXY,equity-v2.0,"Population exposure only; no validated socioeconomic, accessibility-gap or settlement-status layer is available."
LTFRB_PUJ1084,71.12,71.121,565268.8,,,,False,71.12,25.0,worldpop_phl_2020_1km,PROXY,equity-v2.0,"Population exposure only; no validated socioeconomic, accessibility-gap or settlement-status layer is available."
LTFRB_PUJ1085,86.87,86.867,510910.1,,,,False,86.87,25.0,worldpop_phl_2020_1km,PROXY,equity-v2.0,"Population exposure only; no validated socioeconomic, accessibility-gap or settlement-status layer is available."
LTFRB_PUJ1086,85.46,85.456,519346.8,,,,False,85.46,25.0,worldpop_phl_2020_1km,PROXY,equity-v2.0,"Population exposure only; no validated socioeconomic, accessibility-gap or settlement-status layer is available."
LTFRB_PUJ1087,76.07,76.072,350867.5,,,,False,76.07,25.0,worldpop_phl_2020_1km,PROXY,equity-v2.0,"Population exposure only; no validated socioeconomic, accessibility-gap or settlement-status layer is available."
LTFRB_PUJ1088,73.97,73.968,360845.9,,,,False,73.97,25.0,worldpop_phl_2020_1km,PROXY,equity-v2.0,"Population exposure only; no validated socioeconomic, accessibility-gap or settlement-status layer is available."
LTFRB_PUJ1089,87.59,87.59,585573.8,,,,False,87.59,25.0,worldpop_phl_2020_1km,PROXY,equity-v2.0,"Population exposure only; no validated socioeconomic, accessibility-gap or settlement-status layer is available."
LTFRB_PUJ1090,87.88,87.879,583649.8,,,,False,87.88,25.0,worldpop_phl_2020_1km,PROXY,equity-v2.0,"Population exposure only; no validated socioeconomic, accessibility-gap or settlement-status layer is available."
LTFRB_PUJ1091,88.54,88.542,659196.3,,,,False,88.54,25.0,worldpop_phl_2020_1km,PROXY,equity-v2.0,"Population exposure only; no validated socioeconomic, accessibility-gap or settlement-status layer is available."
LTFRB_PUJ1094,86.28,86.276,515461.5,,,,False,86.28,25.0,worldpop_phl_2020_1km,PROXY,equity-v2.0,"Population exposure only; no validated socioeconomic, accessibility-gap or settlement-status layer is available."
LTFRB_PUJ1095,55.02,55.018,433939.9,,,,False,55.02,25.0,worldpop_phl_2020_1km,PROXY,equity-v2.0,"Population exposure only; no validated socioeconomic, accessibility-gap or settlement-status layer is available."
LTFRB_PUJ1096,55.02,55.018,433939.9,,,,False,55.02,25.0,worldpop_phl_2020_1km,PROXY,equity-v2.0,"Population exposure only; no validated socioeconomic, accessibility-gap or settlement-status layer is available."
LTFRB_PUJ1097,55.02,55.018,433939.9,,,,False,55.02,25.0,worldpop_phl_2020_1km,PROXY,equity-v2.0,"Population exposure only; no validated socioeconomic, accessibility-gap or settlement-status layer is available."
LTFRB_PUJ1098,58.92,58.923,497296.6,,,,False,58.92,25.0,worldpop_phl_2020_1km,PROXY,equity-v2.0,"Population exposure only; no validated socioeconomic, accessibility-gap or settlement-status layer is available."
LTFRB_PUJ1099,70.6,70.602,365692.3,,,,False,70.6,25.0,worldpop_phl_2020_1km,PROXY,equity-v2.0,"Population exposure only; no validated socioeconomic, accessibility-gap or settlement-status layer is available."
LTFRB_PUJ1100,75.1,75.102,445534.6,,,,False,75.1,25.0,worldpop_phl_2020_1km,PROXY,equity-v2.0,"Population exposure only; no validated socioeconomic, accessibility-gap or settlement-status layer is available."
LTFRB_PUJ1101,74.05,74.047,644231.9,,,,False,74.05,25.0,worldpop_phl_2020_1km,PROXY,equity-v2.0,"Population exposure only; no validated socioeconomic, accessibility-gap or settlement-status layer is available."
LTFRB_PUJ1102,73.68,73.677,647467.5,,,,False,73.68,25.0,worldpop_phl_2020_1km,PROXY,equity-v2.0,"Population exposure only; no validated socioeconomic, accessibility-gap or settlement-status layer is available."
LTFRB_PUJ1103,100.0,100.0,166151.1,,,,False,100.0,25.0,worldpop_phl_2020_1km,PROXY,equity-v2.0,"Population exposure only; no validated socioeconomic, accessibility-gap or settlement-status layer is available."
LTFRB_PUJ1104,100.0,100.0,166151.1,,,,False,100.0,25.0,worldpop_phl_2020_1km,PROXY,equity-v2.0,"Population exposure only; no validated socioeconomic, accessibility-gap or settlement-status layer is available."
LTFRB_PUJ1105,100.0,100.0,181765.8,,,,False,100.0,25.0,worldpop_phl_2020_1km,PROXY,equity-v2.0,"Population exposure only; no validated socioeconomic, accessibility-gap or settlement-status layer is available."
LTFRB_PUJ1106,100.0,100.0,181765.8,,,,False,100.0,25.0,worldpop_phl_2020_1km,PROXY,equity-v2.0,"Population exposure only; no validated socioeconomic, accessibility-gap or settlement-status layer is available."
LTFRB_PUJ1107,8.14,8.137,186119.1,,,,False,8.14,25.0,worldpop_phl_2020_1km,PROXY,equity-v2.0,"Population exposure only; no validated socioeconomic, accessibility-gap or settlement-status layer is available."
LTFRB_PUJ1108,7.74,7.738,195701.4,,,,False,7.74,25.0,worldpop_phl_2020_1km,PROXY,equity-v2.0,"Population exposure only; no validated socioeconomic, accessibility-gap or settlement-status layer is available."
LTFRB_PUJ1109,89.58,89.579,681635.6,,,,False,89.58,25.0,worldpop_phl_2020_1km,PROXY,equity-v2.0,"Population exposure only; no validated socioeconomic, accessibility-gap or settlement-status layer is available."
LTFRB_PUJ1110,89.58,89.579,681635.6,,,,False,89.58,25.0,worldpop_phl_2020_1km,PROXY,equity-v2.0,"Population exposure only; no validated socioeconomic, accessibility-gap or settlement-status layer is available."
LTFRB_PUJ1111,94.0,94.001,302927.0,,,,False,94.0,25.0,worldpop_phl_2020_1km,PROXY,equity-v2.0,"Population exposure only; no validated socioeconomic, accessibility-gap or settlement-status layer is available."
LTFRB_PUJ1112,94.44,94.438,326722.7,,,,False,94.44,25.0,worldpop_phl_2020_1km,PROXY,equity-v2.0,"Population exposure only; no validated socioeconomic, accessibility-gap or settlement-status layer is available."
LTFRB_PUJ1113,41.22,41.225,48226.0,,,,False,41.22,25.0,worldpop_phl_2020_1km,PROXY,equity-v2.0,"Population exposure only; no validated socioeconomic, accessibility-gap or settlement-status layer is available."
LTFRB_PUJ1114,58.4,58.398,70714.6,,,,False,58.4,25.0,worldpop_phl_2020_1km,PROXY,equity-v2.0,"Population exposure only; no validated socioeconomic, accessibility-gap or settlement-status layer is available."
LTFRB_PUJ1116,82.21,82.207,339927.4,,,,False,82.21,25.0,worldpop_phl_2020_1km,PROXY,equity-v2.0,"Population exposure only; no validated socioeconomic, accessibility-gap or settlement-status layer is available."
LTFRB_PUJ1117,93.6,93.605,357942.8,,,,False,93.6,25.0,worldpop_phl_2020_1km,PROXY,equity-v2.0,"Population exposure only; no validated socioeconomic, accessibility-gap or settlement-status layer is available."
LTFRB_PUJ1118,88.28,88.279,379537.4,,,,False,88.28,25.0,worldpop_phl_2020_1km,PROXY,equity-v2.0,"Population exposure only; no validated socioeconomic, accessibility-gap or settlement-status layer is available."
LTFRB_PUJ1121,95.76,95.756,245601.3,,,,False,95.76,25.0,worldpop_phl_2020_1km,PROXY,equity-v2.0,"Population exposure only; no validated socioeconomic, accessibility-gap or settlement-status layer is available."
LTFRB_PUJ1122,95.76,95.756,245601.3,,,,False,95.76,25.0,worldpop_phl_2020_1km,PROXY,equity-v2.0,"Population exposure only; no validated socioeconomic, accessibility-gap or settlement-status layer is available."
LTFRB_PUJ1123,100.0,100.0,249110.4,,,,False,100.0,25.0,worldpop_phl_2020_1km,PROXY,equity-v2.0,"Population exposure only; no validated socioeconomic, accessibility-gap or settlement-status layer is available."
LTFRB_PUJ1124,100.0,100.0,201327.2,,,,False,100.0,25.0,worldpop_phl_2020_1km,PROXY,equity-v2.0,"Population exposure only; no validated socioeconomic, accessibility-gap or settlement-status layer is available."
LTFRB_PUJ1125,97.03,97.033,351266.5,,,,False,97.03,25.0,worldpop_phl_2020_1km,PROXY,equity-v2.0,"Population exposure only; no validated socioeconomic, accessibility-gap or settlement-status layer is available."
LTFRB_PUJ1128,96.42,96.421,291215.6,,,,False,96.42,25.0,worldpop_phl_2020_1km,PROXY,equity-v2.0,"Population exposure only; no validated socioeconomic, accessibility-gap or settlement-status layer is available."
LTFRB_PUJ1129,77.21,77.206,125380.2,,,,False,77.21,25.0,worldpop_phl_2020_1km,PROXY,equity-v2.0,"Population exposure only; no validated socioeconomic, accessibility-gap or settlement-status layer is available."
LTFRB_PUJ1130,100.0,100.0,312894.2,,,,False,100.0,25.0,worldpop_phl_2020_1km,PROXY,equity-v2.0,"Population exposure only; no validated socioeconomic, accessibility-gap or settlement-status layer is available."
LTFRB_PUJ1131,100.0,100.0,312894.2,,,,False,100.0,25.0,worldpop_phl_2020_1km,PROXY,equity-v2.0,"Population exposure only; no validated socioeconomic, accessibility-gap or settlement-status layer is available."
LTFRB_PUJ1132,87.12,87.116,656232.9,,,,False,87.12,25.0,worldpop_phl_2020_1km,PROXY,equity-v2.0,"Population exposure only; no validated socioeconomic, accessibility-gap or settlement-status layer is available."
LTFRB_PUJ1133,87.12,87.116,656232.9,,,,False,87.12,25.0,worldpop_phl_2020_1km,PROXY,equity-v2.0,"Population exposure only; no validated socioeconomic, accessibility-gap or settlement-status layer is available."
LTFRB_PUJ1134,89.49,89.491,256220.3,,,,False,89.49,25.0,worldpop_phl_2020_1km,PROXY,equity-v2.0,"Population exposure only; no validated socioeconomic, accessibility-gap or settlement-status layer is available."
LTFRB_PUJ1135,89.49,89.491,256220.3,,,,False,89.49,25.0,worldpop_phl_2020_1km,PROXY,equity-v2.0,"Population exposure only; no validated socioeconomic, accessibility-gap or settlement-status layer is available."
LTFRB_PUJ1136,88.64,88.642,759641.1,,,,False,88.64,25.0,worldpop_phl_2020_1km,PROXY,equity-v2.0,"Population exposure only; no validated socioeconomic, accessibility-gap or settlement-status layer is available."
LTFRB_PUJ1137,90.27,90.267,745965.2,,,,False,90.27,25.0,worldpop_phl_2020_1km,PROXY,equity-v2.0,"Population exposure only; no validated socioeconomic, accessibility-gap or settlement-status layer is available."
LTFRB_PUJ1138,95.27,95.273,224677.7,,,,False,95.27,25.0,worldpop_phl_2020_1km,PROXY,equity-v2.0,"Population exposure only; no validated socioeconomic, accessibility-gap or settlement-status layer is available."
LTFRB_PUJ1139,95.27,95.273,224677.7,,,,False,95.27,25.0,worldpop_phl_2020_1km,PROXY,equity-v2.0,"Population exposure only; no validated socioeconomic, accessibility-gap or settlement-status layer is available."
LTFRB_PUJ1140,95.15,95.151,587358.3,,,,False,95.15,25.0,worldpop_phl_2020_1km,PROXY,equity-v2.0,"Population exposure only; no validated socioeconomic, accessibility-gap or settlement-status layer is available."
LTFRB_PUJ1141,94.85,94.85,552991.9,,,,False,94.85,25.0,worldpop_phl_2020_1km,PROXY,equity-v2.0,"Population exposure only; no validated socioeconomic, accessibility-gap or settlement-status layer is available."
LTFRB_PUJ1142,96.0,95.998,267733.0,,,,False,96.0,25.0,worldpop_phl_2020_1km,PROXY,equity-v2.0,"Population exposure only; no validated socioeconomic, accessibility-gap or settlement-status layer is available."
LTFRB_PUJ1143,96.0,95.998,267733.0,,,,False,96.0,25.0,worldpop_phl_2020_1km,PROXY,equity-v2.0,"Population exposure only; no validated socioeconomic, accessibility-gap or settlement-status layer is available."
LTFRB_PUJ1144,100.0,100.0,586873.5,,,,False,100.0,25.0,worldpop_phl_2020_1km,PROXY,equity-v2.0,"Population exposure only; no validated socioeconomic, accessibility-gap or settlement-status layer is available."
LTFRB_PUJ1145,100.0,100.0,676210.8,,,,False,100.0,25.0,worldpop_phl_2020_1km,PROXY,equity-v2.0,"Population exposure only; no validated socioeconomic, accessibility-gap or settlement-status layer is available."
LTFRB_PUJ1146,67.8,67.797,626286.3,,,,False,67.8,25.0,worldpop_phl_2020_1km,PROXY,equity-v2.0,"Population exposure only; no validated socioeconomic, accessibility-gap or settlement-status layer is available."
LTFRB_PUJ1147,67.8,67.797,626286.3,,,,False,67.8,25.0,worldpop_phl_2020_1km,PROXY,equity-v2.0,"Population exposure only; no validated socioeconomic, accessibility-gap or settlement-status layer is available."
LTFRB_PUJ1148,35.52,35.522,57074.3,,,,False,35.52,25.0,worldpop_phl_2020_1km,PROXY,equity-v2.0,"Population exposure only; no validated socioeconomic, accessibility-gap or settlement-status layer is available."
LTFRB_PUJ1149,35.52,35.522,57074.3,,,,False,35.52,25.0,worldpop_phl_2020_1km,PROXY,equity-v2.0,"Population exposure only; no validated socioeconomic, accessibility-gap or settlement-status layer is available."
LTFRB_PUJ1150,88.6,88.604,613889.0,,,,False,88.6,25.0,worldpop_phl_2020_1km,PROXY,equity-v2.0,"Population exposure only; no validated socioeconomic, accessibility-gap or settlement-status layer is available."
LTFRB_PUJ1151,88.6,88.604,613889.0,,,,False,88.6,25.0,worldpop_phl_2020_1km,PROXY,equity-v2.0,"Population exposure only; no validated socioeconomic, accessibility-gap or settlement-status layer is available."
LTFRB_PUJ1152,66.48,66.479,829713.7,,,,False,66.48,25.0,worldpop_phl_2020_1km,PROXY,equity-v2.0,"Population exposure only; no validated socioeconomic, accessibility-gap or settlement-status layer is available."
LTFRB_PUJ1153,66.48,66.479,829713.7,,,,False,66.48,25.0,worldpop_phl_2020_1km,PROXY,equity-v2.0,"Population exposure only; no validated socioeconomic, accessibility-gap or settlement-status layer is available."
LTFRB_PUJ1154,52.62,52.616,516887.2,,,,False,52.62,25.0,worldpop_phl_2020_1km,PROXY,equity-v2.0,"Population exposure only; no validated socioeconomic, accessibility-gap or settlement-status layer is available."
LTFRB_PUJ1155,54.29,54.286,531768.2,,,,False,54.29,25.0,worldpop_phl_2020_1km,PROXY,equity-v2.0,"Population exposure only; no validated socioeconomic, accessibility-gap or settlement-status layer is available."
LTFRB_PUJ1156,70.32,70.318,938765.6,,,,False,70.32,25.0,worldpop_phl_2020_1km,PROXY,equity-v2.0,"Population exposure only; no validated socioeconomic, accessibility-gap or settlement-status layer is available."
LTFRB_PUJ1157,70.2,70.196,825975.9,,,,False,70.2,25.0,worldpop_phl_2020_1km,PROXY,equity-v2.0,"Population exposure only; no validated socioeconomic, accessibility-gap or settlement-status layer is available."
LTFRB_PUJ1159,100.0,100.0,319234.3,,,,False,100.0,25.0,worldpop_phl_2020_1km,PROXY,equity-v2.0,"Population exposure only; no validated socioeconomic, accessibility-gap or settlement-status layer is available."
LTFRB_PUJ1160,91.91,91.905,332622.0,,,,False,91.91,25.0,worldpop_phl_2020_1km,PROXY,equity-v2.0,"Population exposure only; no validated socioeconomic, accessibility-gap or settlement-status layer is available."
LTFRB_PUJ1161,91.91,91.905,332622.0,,,,False,91.91,25.0,worldpop_phl_2020_1km,PROXY,equity-v2.0,"Population exposure only; no validated socioeconomic, accessibility-gap or settlement-status layer is available."
LTFRB_PUJ1162,100.0,100.0,275730.6,,,,False,100.0,25.0,worldpop_phl_2020_1km,PROXY,equity-v2.0,"Population exposure only; no validated socioeconomic, accessibility-gap or settlement-status layer is available."
LTFRB_PUJ1163,100.0,100.0,275730.6,,,,False,100.0,25.0,worldpop_phl_2020_1km,PROXY,equity-v2.0,"Population exposure only; no validated socioeconomic, accessibility-gap or settlement-status layer is available."
LTFRB_PUJ1164,91.94,91.941,634825.7,,,,False,91.94,25.0,worldpop_phl_2020_1km,PROXY,equity-v2.0,"Population exposure only; no validated socioeconomic, accessibility-gap or settlement-status layer is available."
LTFRB_PUJ1165,91.94,91.941,634825.7,,,,False,91.94,25.0,worldpop_phl_2020_1km,PROXY,equity-v2.0,"Population exposure only; no validated socioeconomic, accessibility-gap or settlement-status layer is available."
LTFRB_PUJ1166,88.07,88.075,499669.8,,,,False,88.07,25.0,worldpop_phl_2020_1km,PROXY,equity-v2.0,"Population exposure only; no validated socioeconomic, accessibility-gap or settlement-status layer is available."
LTFRB_PUJ1167,86.86,86.864,468270.5,,,,False,86.86,25.0,worldpop_phl_2020_1km,PROXY,equity-v2.0,"Population exposure only; no validated socioeconomic, accessibility-gap or settlement-status layer is available."
LTFRB_PUJ1168,91.28,91.279,555515.3,,,,False,91.28,25.0,worldpop_phl_2020_1km,PROXY,equity-v2.0,"Population exposure only; no validated socioeconomic, accessibility-gap or settlement-status layer is available."
LTFRB_PUJ1169,92.07,92.073,599858.4,,,,False,92.07,25.0,worldpop_phl_2020_1km,PROXY,equity-v2.0,"Population exposure only; no validated socioeconomic, accessibility-gap or settlement-status layer is available."
LTFRB_PUJ1170,86.27,86.274,356315.8,,,,False,86.27,25.0,worldpop_phl_2020_1km,PROXY,equity-v2.0,"Population exposure only; no validated socioeconomic, accessibility-gap or settlement-status layer is available."
LTFRB_PUJ1171,89.82,89.82,471611.4,,,,False,89.82,25.0,worldpop_phl_2020_1km,PROXY,equity-v2.0,"Population exposure only; no validated socioeconomic, accessibility-gap or settlement-status layer is available."
LTFRB_PUJ1172,100.0,100.0,319234.3,,,,False,100.0,25.0,worldpop_phl_2020_1km,PROXY,equity-v2.0,"Population exposure only; no validated socioeconomic, accessibility-gap or settlement-status layer is available."
LTFRB_PUJ1173,100.0,100.0,300233.2,,,,False,100.0,25.0,worldpop_phl_2020_1km,PROXY,equity-v2.0,"Population exposure only; no validated socioeconomic, accessibility-gap or settlement-status layer is available."
LTFRB_PUJ1174,92.87,92.873,717854.9,,,,False,92.87,25.0,worldpop_phl_2020_1km,PROXY,equity-v2.0,"Population exposure only; no validated socioeconomic, accessibility-gap or settlement-status layer is available."
LTFRB_PUJ1175,92.87,92.873,717854.9,,,,False,92.87,25.0,worldpop_phl_2020_1km,PROXY,equity-v2.0,"Population exposure only; no validated socioeconomic, accessibility-gap or settlement-status layer is available."
LTFRB_PUJ1176,92.22,92.222,657751.3,,,,False,92.22,25.0,worldpop_phl_2020_1km,PROXY,equity-v2.0,"Population exposure only; no validated socioeconomic, accessibility-gap or settlement-status layer is available."
LTFRB_PUJ1177,93.57,93.569,664347.4,,,,False,93.57,25.0,worldpop_phl_2020_1km,PROXY,equity-v2.0,"Population exposure only; no validated socioeconomic, accessibility-gap or settlement-status layer is available."
LTFRB_PUJ1178,88.18,88.184,504304.8,,,,False,88.18,25.0,worldpop_phl_2020_1km,PROXY,equity-v2.0,"Population exposure only; no validated socioeconomic, accessibility-gap or settlement-status layer is available."
LTFRB_PUJ1179,88.22,88.217,505699.7,,,,False,88.22,25.0,worldpop_phl_2020_1km,PROXY,equity-v2.0,"Population exposure only; no validated socioeconomic, accessibility-gap or settlement-status layer is available."
LTFRB_PUJ1180,93.06,93.059,461686.8,,,,False,93.06,25.0,worldpop_phl_2020_1km,PROXY,equity-v2.0,"Population exposure only; no validated socioeconomic, accessibility-gap or settlement-status layer is available."
LTFRB_PUJ1181,93.28,93.284,477122.5,,,,False,93.28,25.0,worldpop_phl_2020_1km,PROXY,equity-v2.0,"Population exposure only; no validated socioeconomic, accessibility-gap or settlement-status layer is available."
LTFRB_PUJ1182,88.19,88.189,222647.0,,,,False,88.19,25.0,worldpop_phl_2020_1km,PROXY,equity-v2.0,"Population exposure only; no validated socioeconomic, accessibility-gap or settlement-status layer is available."
LTFRB_PUJ1183,88.19,88.189,222647.0,,,,False,88.19,25.0,worldpop_phl_2020_1km,PROXY,equity-v2.0,"Population exposure only; no validated socioeconomic, accessibility-gap or settlement-status layer is available."
LTFRB_PUJ1184,97.68,97.681,462111.9,,,,False,97.68,25.0,worldpop_phl_2020_1km,PROXY,equity-v2.0,"Population exposure only; no validated socioeconomic, accessibility-gap or settlement-status layer is available."
LTFRB_PUJ1185,97.68,97.681,462111.9,,,,False,97.68,25.0,worldpop_phl_2020_1km,PROXY,equity-v2.0,"Population exposure only; no validated socioeconomic, accessibility-gap or settlement-status layer is available."
LTFRB_PUJ1186,89.63,89.632,463073.3,,,,False,89.63,25.0,worldpop_phl_2020_1km,PROXY,equity-v2.0,"Population exposure only; no validated socioeconomic, accessibility-gap or settlement-status layer is available."
LTFRB_PUJ1187,90.44,90.441,502257.9,,,,False,90.44,25.0,worldpop_phl_2020_1km,PROXY,equity-v2.0,"Population exposure only; no validated socioeconomic, accessibility-gap or settlement-status layer is available."
LTFRB_PUJ1188,100.0,100.0,373725.1,,,,False,100.0,25.0,worldpop_phl_2020_1km,PROXY,equity-v2.0,"Population exposure only; no validated socioeconomic, accessibility-gap or settlement-status layer is available."
LTFRB_PUJ1189,100.0,100.0,443375.2,,,,False,100.0,25.0,worldpop_phl_2020_1km,PROXY,equity-v2.0,"Population exposure only; no validated socioeconomic, accessibility-gap or settlement-status layer is available."
LTFRB_PUJ1190,100.0,100.0,373725.1,,,,False,100.0,25.0,worldpop_phl_2020_1km,PROXY,equity-v2.0,"Population exposure only; no validated socioeconomic, accessibility-gap or settlement-status layer is available."
LTFRB_PUJ1191,100.0,100.0,373725.1,,,,False,100.0,25.0,worldpop_phl_2020_1km,PROXY,equity-v2.0,"Population exposure only; no validated socioeconomic, accessibility-gap or settlement-status layer is available."
LTFRB_PUJ1192,100.0,100.0,373725.1,,,,False,100.0,25.0,worldpop_phl_2020_1km,PROXY,equity-v2.0,"Population exposure only; no validated socioeconomic, accessibility-gap or settlement-status layer is available."
LTFRB_PUJ1193,100.0,100.0,373725.1,,,,False,100.0,25.0,worldpop_phl_2020_1km,PROXY,equity-v2.0,"Population exposure only; no validated socioeconomic, accessibility-gap or settlement-status layer is available."
LTFRB_PUJ1194,100.0,100.0,481088.5,,,,False,100.0,25.0,worldpop_phl_2020_1km,PROXY,equity-v2.0,"Population exposure only; no validated socioeconomic, accessibility-gap or settlement-status layer is available."
LTFRB_PUJ1195,100.0,100.0,481088.5,,,,False,100.0,25.0,worldpop_phl_2020_1km,PROXY,equity-v2.0,"Population exposure only; no validated socioeconomic, accessibility-gap or settlement-status layer is available."
LTFRB_PUJ1196,80.71,80.708,208630.3,,,,False,80.71,25.0,worldpop_phl_2020_1km,PROXY,equity-v2.0,"Population exposure only; no validated socioeconomic, accessibility-gap or settlement-status layer is available."
LTFRB_PUJ1197,81.76,81.761,205941.9,,,,False,81.76,25.0,worldpop_phl_2020_1km,PROXY,equity-v2.0,"Population exposure only; no validated socioeconomic, accessibility-gap or settlement-status layer is available."
LTFRB_PUJ1198,94.36,94.362,189450.9,,,,False,94.36,25.0,worldpop_phl_2020_1km,PROXY,equity-v2.0,"Population exposure only; no validated socioeconomic, accessibility-gap or settlement-status layer is available."
LTFRB_PUJ1199,95.67,95.675,246942.3,,,,False,95.67,25.0,worldpop_phl_2020_1km,PROXY,equity-v2.0,"Population exposure only; no validated socioeconomic, accessibility-gap or settlement-status layer is available."
LTFRB_PUJ1200,70.18,70.176,511830.7,,,,False,70.18,25.0,worldpop_phl_2020_1km,PROXY,equity-v2.0,"Population exposure only; no validated socioeconomic, accessibility-gap or settlement-status layer is available."
LTFRB_PUJ1201,69.86,69.858,474634.0,,,,False,69.86,25.0,worldpop_phl_2020_1km,PROXY,equity-v2.0,"Population exposure only; no validated socioeconomic, accessibility-gap or settlement-status layer is available."
LTFRB_PUJ1202,62.58,62.579,255816.1,,,,False,62.58,25.0,worldpop_phl_2020_1km,PROXY,equity-v2.0,"Population exposure only; no validated socioeconomic, accessibility-gap or settlement-status layer is available."
LTFRB_PUJ1203,61.16,61.157,246450.9,,,,False,61.16,25.0,worldpop_phl_2020_1km,PROXY,equity-v2.0,"Population exposure only; no validated socioeconomic, accessibility-gap or settlement-status layer is available."
LTFRB_PUJ1204,75.24,75.24,471869.4,,,,False,75.24,25.0,worldpop_phl_2020_1km,PROXY,equity-v2.0,"Population exposure only; no validated socioeconomic, accessibility-gap or settlement-status layer is available."
LTFRB_PUJ1205,76.01,76.01,487013.5,,,,False,76.01,25.0,worldpop_phl_2020_1km,PROXY,equity-v2.0,"Population exposure only; no validated socioeconomic, accessibility-gap or settlement-status layer is available."
LTFRB_PUJ1206,76.2,76.197,299981.6,,,,False,76.2,25.0,worldpop_phl_2020_1km,PROXY,equity-v2.0,"Population exposure only; no validated socioeconomic, accessibility-gap or settlement-status layer is available."
LTFRB_PUJ1207,76.2,76.197,299981.6,,,,False,76.2,25.0,worldpop_phl_2020_1km,PROXY,equity-v2.0,"Population exposure only; no validated socioeconomic, accessibility-gap or settlement-status layer is available."
LTFRB_PUJ1208,46.24,46.235,151506.9,,,,False,46.24,25.0,worldpop_phl_2020_1km,PROXY,equity-v2.0,"Population exposure only; no validated socioeconomic, accessibility-gap or settlement-status layer is available."
LTFRB_PUJ1209,44.8,44.803,156350.0,,,,False,44.8,25.0,worldpop_phl_2020_1km,PROXY,equity-v2.0,"Population exposure only; no validated socioeconomic, accessibility-gap or settlement-status layer is available."
LTFRB_PUJ1210,46.08,46.081,152015.0,,,,False,46.08,25.0,worldpop_phl_2020_1km,PROXY,equity-v2.0,"Population exposure only; no validated socioeconomic, accessibility-gap or settlement-status layer is available."
LTFRB_PUJ1211,46.08,46.081,152015.0,,,,False,46.08,25.0,worldpop_phl_2020_1km,PROXY,equity-v2.0,"Population exposure only; no validated socioeconomic, accessibility-gap or settlement-status layer is available."
LTFRB_PUJ1212,77.37,77.366,210582.1,,,,False,77.37,25.0,worldpop_phl_2020_1km,PROXY,equity-v2.0,"Population exposure only; no validated socioeconomic, accessibility-gap or settlement-status layer is available."
LTFRB_PUJ1213,79.85,79.846,236503.8,,,,False,79.85,25.0,worldpop_phl_2020_1km,PROXY,equity-v2.0,"Population exposure only; no validated socioeconomic, accessibility-gap or settlement-status layer is available."
LTFRB_PUJ1214,79.86,79.859,85559.2,,,,False,79.86,25.0,worldpop_phl_2020_1km,PROXY,equity-v2.0,"Population exposure only; no validated socioeconomic, accessibility-gap or settlement-status layer is available."
LTFRB_PUJ1215,79.86,79.859,85559.2,,,,False,79.86,25.0,worldpop_phl_2020_1km,PROXY,equity-v2.0,"Population exposure only; no validated socioeconomic, accessibility-gap or settlement-status layer is available."
LTFRB_PUJ1216,87.56,87.558,208198.9,,,,False,87.56,25.0,worldpop_phl_2020_1km,PROXY,equity-v2.0,"Population exposure only; no validated socioeconomic, accessibility-gap or settlement-status layer is available."
LTFRB_PUJ1217,87.56,87.558,208198.9,,,,False,87.56,25.0,worldpop_phl_2020_1km,PROXY,equity-v2.0,"Population exposure only; no validated socioeconomic, accessibility-gap or settlement-status layer is available."
LTFRB_PUJ1218,60.23,60.227,403671.9,,,,False,60.23,25.0,worldpop_phl_2020_1km,PROXY,equity-v2.0,"Population exposure only; no validated socioeconomic, accessibility-gap or settlement-status layer is available."
LTFRB_PUJ1219,60.23,60.227,403671.9,,,,False,60.23,25.0,worldpop_phl_2020_1km,PROXY,equity-v2.0,"Population exposure only; no validated socioeconomic, accessibility-gap or settlement-status layer is available."
LTFRB_PUJ1220,61.88,61.882,115712.9,,,,False,61.88,25.0,worldpop_phl_2020_1km,PROXY,equity-v2.0,"Population exposure only; no validated socioeconomic, accessibility-gap or settlement-status layer is available."
LTFRB_PUJ1221,61.88,61.882,115712.9,,,,False,61.88,25.0,worldpop_phl_2020_1km,PROXY,equity-v2.0,"Population exposure only; no validated socioeconomic, accessibility-gap or settlement-status layer is available."
LTFRB_PUJ1222,78.55,78.553,205658.7,,,,False,78.55,25.0,worldpop_phl_2020_1km,PROXY,equity-v2.0,"Population exposure only; no validated socioeconomic, accessibility-gap or settlement-status layer is available."
LTFRB_PUJ1223,79.36,79.355,213650.0,,,,False,79.36,25.0,worldpop_phl_2020_1km,PROXY,equity-v2.0,"Population exposure only; no validated socioeconomic, accessibility-gap or settlement-status layer is available."
LTFRB_PUJ1224,95.09,95.089,642055.9,,,,False,95.09,25.0,worldpop_phl_2020_1km,PROXY,equity-v2.0,"Population exposure only; no validated socioeconomic, accessibility-gap or settlement-status layer is available."
LTFRB_PUJ1225,94.63,94.632,587353.0,,,,False,94.63,25.0,worldpop_phl_2020_1km,PROXY,equity-v2.0,"Population exposure only; no validated socioeconomic, accessibility-gap or settlement-status layer is available."
LTFRB_PUJ1226,90.34,90.341,653773.1,,,,False,90.34,25.0,worldpop_phl_2020_1km,PROXY,equity-v2.0,"Population exposure only; no validated socioeconomic, accessibility-gap or settlement-status layer is available."
LTFRB_PUJ1227,91.78,91.777,670081.5,,,,False,91.78,25.0,worldpop_phl_2020_1km,PROXY,equity-v2.0,"Population exposure only; no validated socioeconomic, accessibility-gap or settlement-status layer is available."
LTFRB_PUJ1228,86.82,86.815,121286.6,,,,False,86.82,25.0,worldpop_phl_2020_1km,PROXY,equity-v2.0,"Population exposure only; no validated socioeconomic, accessibility-gap or settlement-status layer is available."
LTFRB_PUJ1229,86.82,86.815,121286.6,,,,False,86.82,25.0,worldpop_phl_2020_1km,PROXY,equity-v2.0,"Population exposure only; no validated socioeconomic, accessibility-gap or settlement-status layer is available."
LTFRB_PUJ1230,91.87,91.865,761141.7,,,,False,91.87,25.0,worldpop_phl_2020_1km,PROXY,equity-v2.0,"Population exposure only; no validated socioeconomic, accessibility-gap or settlement-status layer is available."
LTFRB_PUJ1232,94.66,94.663,559749.7,,,,False,94.66,25.0,worldpop_phl_2020_1km,PROXY,equity-v2.0,"Population exposure only; no validated socioeconomic, accessibility-gap or settlement-status layer is available."
LTFRB_PUJ1233,93.78,93.783,480537.5,,,,False,93.78,25.0,worldpop_phl_2020_1km,PROXY,equity-v2.0,"Population exposure only; no validated socioeconomic, accessibility-gap or settlement-status layer is available."
LTFRB_PUJ1234,79.65,79.65,722424.8,,,,False,79.65,25.0,worldpop_phl_2020_1km,PROXY,equity-v2.0,"Population exposure only; no validated socioeconomic, accessibility-gap or settlement-status layer is available."
LTFRB_PUJ1235,79.65,79.65,722424.8,,,,False,79.65,25.0,worldpop_phl_2020_1km,PROXY,equity-v2.0,"Population exposure only; no validated socioeconomic, accessibility-gap or settlement-status layer is available."
LTFRB_PUJ1236,78.88,78.882,209769.4,,,,False,78.88,25.0,worldpop_phl_2020_1km,PROXY,equity-v2.0,"Population exposure only; no validated socioeconomic, accessibility-gap or settlement-status layer is available."
LTFRB_PUJ1237,81.29,81.29,178420.7,,,,False,81.29,25.0,worldpop_phl_2020_1km,PROXY,equity-v2.0,"Population exposure only; no validated socioeconomic, accessibility-gap or settlement-status layer is available."
LTFRB_PUJ1238,99.66,99.659,540718.6,,,,False,99.66,25.0,worldpop_phl_2020_1km,PROXY,equity-v2.0,"Population exposure only; no validated socioeconomic, accessibility-gap or settlement-status layer is available."
LTFRB_PUJ1239,99.66,99.659,540718.6,,,,False,99.66,25.0,worldpop_phl_2020_1km,PROXY,equity-v2.0,"Population exposure only; no validated socioeconomic, accessibility-gap or settlement-status layer is available."
LTFRB_PUJ1240,72.64,72.644,1100401.3,,,,False,72.64,25.0,worldpop_phl_2020_1km,PROXY,equity-v2.0,"Population exposure only; no validated socioeconomic, accessibility-gap or settlement-status layer is available."
LTFRB_PUJ1241,73.31,73.309,1090423.0,,,,False,73.31,25.0,worldpop_phl_2020_1km,PROXY,equity-v2.0,"Population exposure only; no validated socioeconomic, accessibility-gap or settlement-status layer is available."
LTFRB_PUJ1243,95.13,95.131,246924.8,,,,False,95.13,25.0,worldpop_phl_2020_1km,PROXY,equity-v2.0,"Population exposure only; no validated socioeconomic, accessibility-gap or settlement-status layer is available."
LTFRB_PUJ1244,85.32,85.317,414944.9,,,,False,85.32,25.0,worldpop_phl_2020_1km,PROXY,equity-v2.0,"Population exposure only; no validated socioeconomic, accessibility-gap or settlement-status layer is available."
LTFRB_PUJ1245,85.32,85.317,414944.9,,,,False,85.32,25.0,worldpop_phl_2020_1km,PROXY,equity-v2.0,"Population exposure only; no validated socioeconomic, accessibility-gap or settlement-status layer is available."
LTFRB_PUJ1246,90.26,90.255,648383.9,,,,False,90.26,25.0,worldpop_phl_2020_1km,PROXY,equity-v2.0,"Population exposure only; no validated socioeconomic, accessibility-gap or settlement-status layer is available."
LTFRB_PUJ1247,89.28,89.282,655450.8,,,,False,89.28,25.0,worldpop_phl_2020_1km,PROXY,equity-v2.0,"Population exposure only; no validated socioeconomic, accessibility-gap or settlement-status layer is available."
LTFRB_PUJ1248,91.99,91.988,317682.4,,,,False,91.99,25.0,worldpop_phl_2020_1km,PROXY,equity-v2.0,"Population exposure only; no validated socioeconomic, accessibility-gap or settlement-status layer is available."
LTFRB_PUJ1249,87.7,87.696,382361.4,,,,False,87.7,25.0,worldpop_phl_2020_1km,PROXY,equity-v2.0,"Population exposure only; no validated socioeconomic, accessibility-gap or settlement-status layer is available."
LTFRB_PUJ1250,80.47,80.466,134618.2,,,,False,80.47,25.0,worldpop_phl_2020_1km,PROXY,equity-v2.0,"Population exposure only; no validated socioeconomic, accessibility-gap or settlement-status layer is available."
LTFRB_PUJ1251,80.47,80.466,134618.2,,,,False,80.47,25.0,worldpop_phl_2020_1km,PROXY,equity-v2.0,"Population exposure only; no validated socioeconomic, accessibility-gap or settlement-status layer is available."
LTFRB_PUJ1252,87.14,87.14,248993.8,,,,False,87.14,25.0,worldpop_phl_2020_1km,PROXY,equity-v2.0,"Population exposure only; no validated socioeconomic, accessibility-gap or settlement-status layer is available."
LTFRB_PUJ1253,85.41,85.414,254025.5,,,,False,85.41,25.0,worldpop_phl_2020_1km,PROXY,equity-v2.0,"Population exposure only; no validated socioeconomic, accessibility-gap or settlement-status layer is available."
LTFRB_PUJ1254,100.0,100.0,240001.1,,,,False,100.0,25.0,worldpop_phl_2020_1km,PROXY,equity-v2.0,"Population exposure only; no validated socioeconomic, accessibility-gap or settlement-status layer is available."
LTFRB_PUJ1255,100.0,100.0,285929.4,,,,False,100.0,25.0,worldpop_phl_2020_1km,PROXY,equity-v2.0,"Population exposure only; no validated socioeconomic, accessibility-gap or settlement-status layer is available."
LTFRB_PUJ1256,100.0,100.0,418767.3,,,,False,100.0,25.0,worldpop_phl_2020_1km,PROXY,equity-v2.0,"Population exposure only; no validated socioeconomic, accessibility-gap or settlement-status layer is available."
LTFRB_PUJ1257,100.0,100.0,434543.0,,,,False,100.0,25.0,worldpop_phl_2020_1km,PROXY,equity-v2.0,"Population exposure only; no validated socioeconomic, accessibility-gap or settlement-status layer is available."
LTFRB_PUJ1258,98.53,98.533,879137.1,,,,False,98.53,25.0,worldpop_phl_2020_1km,PROXY,equity-v2.0,"Population exposure only; no validated socioeconomic, accessibility-gap or settlement-status layer is available."
LTFRB_PUJ1259,98.53,98.533,879137.1,,,,False,98.53,25.0,worldpop_phl_2020_1km,PROXY,equity-v2.0,"Population exposure only; no validated socioeconomic, accessibility-gap or settlement-status layer is available."
LTFRB_PUJ1260,93.89,93.891,524550.6,,,,False,93.89,25.0,worldpop_phl_2020_1km,PROXY,equity-v2.0,"Population exposure only; no validated socioeconomic, accessibility-gap or settlement-status layer is available."
LTFRB_PUJ1261,92.52,92.524,428610.3,,,,False,92.52,25.0,worldpop_phl_2020_1km,PROXY,equity-v2.0,"Population exposure only; no validated socioeconomic, accessibility-gap or settlement-status layer is available."
LTFRB_PUJ1262,87.45,87.448,474707.2,,,,False,87.45,25.0,worldpop_phl_2020_1km,PROXY,equity-v2.0,"Population exposure only; no validated socioeconomic, accessibility-gap or settlement-status layer is available."
LTFRB_PUJ1263,84.42,84.415,313807.1,,,,False,84.42,25.0,worldpop_phl_2020_1km,PROXY,equity-v2.0,"Population exposure only; no validated socioeconomic, accessibility-gap or settlement-status layer is available."
LTFRB_PUJ1264,87.59,87.594,677924.0,,,,False,87.59,25.0,worldpop_phl_2020_1km,PROXY,equity-v2.0,"Population exposure only; no validated socioeconomic, accessibility-gap or settlement-status layer is available."
LTFRB_PUJ1265,87.59,87.594,677924.0,,,,False,87.59,25.0,worldpop_phl_2020_1km,PROXY,equity-v2.0,"Population exposure only; no validated socioeconomic, accessibility-gap or settlement-status layer is available."
LTFRB_PUJ1266,100.0,100.0,506247.1,,,,False,100.0,25.0,worldpop_phl_2020_1km,PROXY,equity-v2.0,"Population exposure only; no validated socioeconomic, accessibility-gap or settlement-status layer is available."
LTFRB_PUJ1267,100.0,100.0,506247.1,,,,False,100.0,25.0,worldpop_phl_2020_1km,PROXY,equity-v2.0,"Population exposure only; no validated socioeconomic, accessibility-gap or settlement-status layer is available."
LTFRB_PUJ1268,98.16,98.165,578744.4,,,,False,98.16,25.0,worldpop_phl_2020_1km,PROXY,equity-v2.0,"Population exposure only; no validated socioeconomic, accessibility-gap or settlement-status layer is available."
LTFRB_PUJ1269,98.16,98.165,578744.4,,,,False,98.16,25.0,worldpop_phl_2020_1km,PROXY,equity-v2.0,"Population exposure only; no validated socioeconomic, accessibility-gap or settlement-status layer is available."
LTFRB_PUJ1270,95.09,95.089,642055.9,,,,False,95.09,25.0,worldpop_phl_2020_1km,PROXY,equity-v2.0,"Population exposure only; no validated socioeconomic, accessibility-gap or settlement-status layer is available."
LTFRB_PUJ1271,94.63,94.632,587353.0,,,,False,94.63,25.0,worldpop_phl_2020_1km,PROXY,equity-v2.0,"Population exposure only; no validated socioeconomic, accessibility-gap or settlement-status layer is available."
LTFRB_PUJ1272,98.62,98.622,936265.4,,,,False,98.62,25.0,worldpop_phl_2020_1km,PROXY,equity-v2.0,"Population exposure only; no validated socioeconomic, accessibility-gap or settlement-status layer is available."
LTFRB_PUJ1273,98.74,98.742,1025602.7,,,,False,98.74,25.0,worldpop_phl_2020_1km,PROXY,equity-v2.0,"Population exposure only; no validated socioeconomic, accessibility-gap or settlement-status layer is available."
LTFRB_PUJ1274,91.44,91.444,597947.0,,,,False,91.44,25.0,worldpop_phl_2020_1km,PROXY,equity-v2.0,"Population exposure only; no validated socioeconomic, accessibility-gap or settlement-status layer is available."
LTFRB_PUJ1275,91.44,91.444,597947.0,,,,False,91.44,25.0,worldpop_phl_2020_1km,PROXY,equity-v2.0,"Population exposure only; no validated socioeconomic, accessibility-gap or settlement-status layer is available."
LTFRB_PUJ1276,100.0,100.0,345888.7,,,,False,100.0,25.0,worldpop_phl_2020_1km,PROXY,equity-v2.0,"Population exposure only; no validated socioeconomic, accessibility-gap or settlement-status layer is available."
LTFRB_PUJ1277,100.0,100.0,345888.7,,,,False,100.0,25.0,worldpop_phl_2020_1km,PROXY,equity-v2.0,"Population exposure only; no validated socioeconomic, accessibility-gap or settlement-status layer is available."
LTFRB_PUJ1278,98.22,98.22,585712.9,,,,False,98.22,25.0,worldpop_phl_2020_1km,PROXY,equity-v2.0,"Population exposure only; no validated socioeconomic, accessibility-gap or settlement-status layer is available."
LTFRB_PUJ1279,98.22,98.22,585712.9,,,,False,98.22,25.0,worldpop_phl_2020_1km,PROXY,equity-v2.0,"Population exposure only; no validated socioeconomic, accessibility-gap or settlement-status layer is available."
LTFRB_PUJ1280,93.69,93.686,416483.7,,,,False,93.69,25.0,worldpop_phl_2020_1km,PROXY,equity-v2.0,"Population exposure only; no validated socioeconomic, accessibility-gap or settlement-status layer is available."
LTFRB_PUJ1281,93.69,93.686,416483.7,,,,False,93.69,25.0,worldpop_phl_2020_1km,PROXY,equity-v2.0,"Population exposure only; no validated socioeconomic, accessibility-gap or settlement-status layer is available."
LTFRB_PUJ1282,98.58,98.584,749870.6,,,,False,98.58,25.0,worldpop_phl_2020_1km,PROXY,equity-v2.0,"Population exposure only; no validated socioeconomic, accessibility-gap or settlement-status layer is available."
LTFRB_PUJ1283,98.58,98.584,749870.6,,,,False,98.58,25.0,worldpop_phl_2020_1km,PROXY,equity-v2.0,"Population exposure only; no validated socioeconomic, accessibility-gap or settlement-status layer is available."
LTFRB_PUJ1284,98.31,98.308,615952.1,,,,False,98.31,25.0,worldpop_phl_2020_1km,PROXY,equity-v2.0,"Population exposure only; no validated socioeconomic, accessibility-gap or settlement-status layer is available."
LTFRB_PUJ1285,98.31,98.308,615952.1,,,,False,98.31,25.0,worldpop_phl_2020_1km,PROXY,equity-v2.0,"Population exposure only; no validated socioeconomic, accessibility-gap or settlement-status layer is available."
LTFRB_PUJ1286,95.91,95.911,190849.2,,,,False,95.91,25.0,worldpop_phl_2020_1km,PROXY,equity-v2.0,"Population exposure only; no validated socioeconomic, accessibility-gap or settlement-status layer is available."
LTFRB_PUJ1288,95.83,95.826,755444.6,,,,False,95.83,25.0,worldpop_phl_2020_1km,PROXY,equity-v2.0,"Population exposure only; no validated socioeconomic, accessibility-gap or settlement-status layer is available."
LTFRB_PUJ1289,95.5,95.5,700741.8,,,,False,95.5,25.0,worldpop_phl_2020_1km,PROXY,equity-v2.0,"Population exposure only; no validated socioeconomic, accessibility-gap or settlement-status layer is available."
LTFRB_PUJ1290,100.0,100.0,285727.1,,,,False,100.0,25.0,worldpop_phl_2020_1km,PROXY,equity-v2.0,"Population exposure only; no validated socioeconomic, accessibility-gap or settlement-status layer is available."
LTFRB_PUJ1291,100.0,100.0,285727.1,,,,False,100.0,25.0,worldpop_phl_2020_1km,PROXY,equity-v2.0,"Population exposure only; no validated socioeconomic, accessibility-gap or settlement-status layer is available."
LTFRB_PUJ1292,79.01,79.011,152674.6,,,,False,79.01,25.0,worldpop_phl_2020_1km,PROXY,equity-v2.0,"Population exposure only; no validated socioeconomic, accessibility-gap or settlement-status layer is available."
LTFRB_PUJ1293,87.11,87.111,248614.9,,,,False,87.11,25.0,worldpop_phl_2020_1km,PROXY,equity-v2.0,"Population exposure only; no validated socioeconomic, accessibility-gap or settlement-status layer is available."
LTFRB_PUJ1294,100.0,100.0,264755.7,,,,False,100.0,25.0,worldpop_phl_2020_1km,PROXY,equity-v2.0,"Population exposure only; no validated socioeconomic, accessibility-gap or settlement-status layer is available."
LTFRB_PUJ1295,100.0,100.0,264755.7,,,,False,100.0,25.0,worldpop_phl_2020_1km,PROXY,equity-v2.0,"Population exposure only; no validated socioeconomic, accessibility-gap or settlement-status layer is available."
LTFRB_PUJ1296,100.0,100.0,426659.9,,,,False,100.0,25.0,worldpop_phl_2020_1km,PROXY,equity-v2.0,"Population exposure only; no validated socioeconomic, accessibility-gap or settlement-status layer is available."
LTFRB_PUJ1297,100.0,100.0,515688.9,,,,False,100.0,25.0,worldpop_phl_2020_1km,PROXY,equity-v2.0,"Population exposure only; no validated socioeconomic, accessibility-gap or settlement-status layer is available."
LTFRB_PUJ1298,100.0,100.0,208739.6,,,,False,100.0,25.0,worldpop_phl_2020_1km,PROXY,equity-v2.0,"Population exposure only; no validated socioeconomic, accessibility-gap or settlement-status layer is available."
LTFRB_PUJ1299,95.4,95.402,232295.7,,,,False,95.4,25.0,worldpop_phl_2020_1km,PROXY,equity-v2.0,"Population exposure only; no validated socioeconomic, accessibility-gap or settlement-status layer is available."
LTFRB_PUJ1300,96.42,96.423,273159.2,,,,False,96.42,25.0,worldpop_phl_2020_1km,PROXY,equity-v2.0,"Population exposure only; no validated socioeconomic, accessibility-gap or settlement-status layer is available."
LTFRB_PUJ1301,100.0,100.0,247519.2,,,,False,100.0,25.0,worldpop_phl_2020_1km,PROXY,equity-v2.0,"Population exposure only; no validated socioeconomic, accessibility-gap or settlement-status layer is available."
LTFRB_PUJ1304,68.62,68.625,247916.5,,,,False,68.62,25.0,worldpop_phl_2020_1km,PROXY,equity-v2.0,"Population exposure only; no validated socioeconomic, accessibility-gap or settlement-status layer is available."
LTFRB_PUJ1305,49.71,49.711,202321.7,,,,False,49.71,25.0,worldpop_phl_2020_1km,PROXY,equity-v2.0,"Population exposure only; no validated socioeconomic, accessibility-gap or settlement-status layer is available."
LTFRB_PUJ1306,90.08,90.084,485746.6,,,,False,90.08,25.0,worldpop_phl_2020_1km,PROXY,equity-v2.0,"Population exposure only; no validated socioeconomic, accessibility-gap or settlement-status layer is available."
LTFRB_PUJ1307,87.08,87.083,372881.8,,,,False,87.08,25.0,worldpop_phl_2020_1km,PROXY,equity-v2.0,"Population exposure only; no validated socioeconomic, accessibility-gap or settlement-status layer is available."
LTFRB_PUJ1308,78.29,78.285,345638.9,,,,False,78.29,25.0,worldpop_phl_2020_1km,PROXY,equity-v2.0,"Population exposure only; no validated socioeconomic, accessibility-gap or settlement-status layer is available."
LTFRB_PUJ1309,78.29,78.285,345638.9,,,,False,78.29,25.0,worldpop_phl_2020_1km,PROXY,equity-v2.0,"Population exposure only; no validated socioeconomic, accessibility-gap or settlement-status layer is available."
LTFRB_PUJ1310,35.6,35.604,107972.8,,,,False,35.6,25.0,worldpop_phl_2020_1km,PROXY,equity-v2.0,"Population exposure only; no validated socioeconomic, accessibility-gap or settlement-status layer is available."
LTFRB_PUJ1311,35.6,35.604,107972.8,,,,False,35.6,25.0,worldpop_phl_2020_1km,PROXY,equity-v2.0,"Population exposure only; no validated socioeconomic, accessibility-gap or settlement-status layer is available."
LTFRB_PUJ1312,95.49,95.492,260198.1,,,,False,95.49,25.0,worldpop_phl_2020_1km,PROXY,equity-v2.0,"Population exposure only; no validated socioeconomic, accessibility-gap or settlement-status layer is available."
LTFRB_PUJ1313,95.49,95.492,260198.1,,,,False,95.49,25.0,worldpop_phl_2020_1km,PROXY,equity-v2.0,"Population exposure only; no validated socioeconomic, accessibility-gap or settlement-status layer is available."
LTFRB_PUJ1314,52.33,52.327,565560.0,,,,False,52.33,25.0,worldpop_phl_2020_1km,PROXY,equity-v2.0,"Population exposure only; no validated socioeconomic, accessibility-gap or settlement-status layer is available."
LTFRB_PUJ1315,52.33,52.327,565560.0,,,,False,52.33,25.0,worldpop_phl_2020_1km,PROXY,equity-v2.0,"Population exposure only; no validated socioeconomic, accessibility-gap or settlement-status layer is available."
LTFRB_PUJ1316,19.29,19.29,98928.6,,,,False,19.29,25.0,worldpop_phl_2020_1km,PROXY,equity-v2.0,"Population exposure only; no validated socioeconomic, accessibility-gap or settlement-status layer is available."
LTFRB_PUJ1317,28.77,28.768,66335.7,,,,False,28.77,25.0,worldpop_phl_2020_1km,PROXY,equity-v2.0,"Population exposure only; no validated socioeconomic, accessibility-gap or settlement-status layer is available."
LTFRB_PUJ1318,86.26,86.262,350600.9,,,,False,86.26,25.0,worldpop_phl_2020_1km,PROXY,equity-v2.0,"Population exposure only; no validated socioeconomic, accessibility-gap or settlement-status layer is available."
LTFRB_PUJ1319,86.26,86.262,350600.9,,,,False,86.26,25.0,worldpop_phl_2020_1km,PROXY,equity-v2.0,"Population exposure only; no validated socioeconomic, accessibility-gap or settlement-status layer is available."
LTFRB_PUJ1321,70.93,70.927,317622.8,,,,False,70.93,25.0,worldpop_phl_2020_1km,PROXY,equity-v2.0,"Population exposure only; no validated socioeconomic, accessibility-gap or settlement-status layer is available."
LTFRB_PUJ1322,83.16,83.16,286026.8,,,,False,83.16,25.0,worldpop_phl_2020_1km,PROXY,equity-v2.0,"Population exposure only; no validated socioeconomic, accessibility-gap or settlement-status layer is available."
LTFRB_PUJ1323,84.23,84.228,305385.3,,,,False,84.23,25.0,worldpop_phl_2020_1km,PROXY,equity-v2.0,"Population exposure only; no validated socioeconomic, accessibility-gap or settlement-status layer is available."
LTFRB_PUJ1324,72.51,72.513,110803.8,,,,False,72.51,25.0,worldpop_phl_2020_1km,PROXY,equity-v2.0,"Population exposure only; no validated socioeconomic, accessibility-gap or settlement-status layer is available."
LTFRB_PUJ1325,76.1,76.098,127424.3,,,,False,76.1,25.0,worldpop_phl_2020_1km,PROXY,equity-v2.0,"Population exposure only; no validated socioeconomic, accessibility-gap or settlement-status layer is available."
LTFRB_PUJ1326,83.38,83.383,291532.1,,,,False,83.38,25.0,worldpop_phl_2020_1km,PROXY,equity-v2.0,"Population exposure only; no validated socioeconomic, accessibility-gap or settlement-status layer is available."
LTFRB_PUJ1327,87.12,87.121,369198.6,,,,False,87.12,25.0,worldpop_phl_2020_1km,PROXY,equity-v2.0,"Population exposure only; no validated socioeconomic, accessibility-gap or settlement-status layer is available."
LTFRB_PUJ1328,93.45,93.454,780684.1,,,,False,93.45,25.0,worldpop_phl_2020_1km,PROXY,equity-v2.0,"Population exposure only; no validated socioeconomic, accessibility-gap or settlement-status layer is available."
LTFRB_PUJ1330,96.54,96.542,532735.6,,,,False,96.54,25.0,worldpop_phl_2020_1km,PROXY,equity-v2.0,"Population exposure only; no validated socioeconomic, accessibility-gap or settlement-status layer is available."
LTFRB_PUJ1331,96.54,96.542,532735.6,,,,False,96.54,25.0,worldpop_phl_2020_1km,PROXY,equity-v2.0,"Population exposure only; no validated socioeconomic, accessibility-gap or settlement-status layer is available."
LTFRB_PUJ1332,95.16,95.156,648966.7,,,,False,95.16,25.0,worldpop_phl_2020_1km,PROXY,equity-v2.0,"Population exposure only; no validated socioeconomic, accessibility-gap or settlement-status layer is available."
LTFRB_PUJ1333,93.36,93.363,661426.6,,,,False,93.36,25.0,worldpop_phl_2020_1km,PROXY,equity-v2.0,"Population exposure only; no validated socioeconomic, accessibility-gap or settlement-status layer is available."
LTFRB_PUJ1334,85.53,85.529,385210.8,,,,False,85.53,25.0,worldpop_phl_2020_1km,PROXY,equity-v2.0,"Population exposure only; no validated socioeconomic, accessibility-gap or settlement-status layer is available."
LTFRB_PUJ1335,85.53,85.529,385210.8,,,,False,85.53,25.0,worldpop_phl_2020_1km,PROXY,equity-v2.0,"Population exposure only; no validated socioeconomic, accessibility-gap or settlement-status layer is available."
LTFRB_PUJ1336,100.0,100.0,206371.9,,,,False,100.0,25.0,worldpop_phl_2020_1km,PROXY,equity-v2.0,"Population exposure only; no validated socioeconomic, accessibility-gap or settlement-status layer is available."
LTFRB_PUJ1337,100.0,100.0,206371.9,,,,False,100.0,25.0,worldpop_phl_2020_1km,PROXY,equity-v2.0,"Population exposure only; no validated socioeconomic, accessibility-gap or settlement-status layer is available."
LTFRB_PUJ1338,96.21,96.212,210219.8,,,,False,96.21,25.0,worldpop_phl_2020_1km,PROXY,equity-v2.0,"Population exposure only; no validated socioeconomic, accessibility-gap or settlement-status layer is available."
LTFRB_PUJ1339,100.0,100.0,202256.6,,,,False,100.0,25.0,worldpop_phl_2020_1km,PROXY,equity-v2.0,"Population exposure only; no validated socioeconomic, accessibility-gap or settlement-status layer is available."
LTFRB_PUJ1340,76.53,76.533,619030.2,,,,False,76.53,25.0,worldpop_phl_2020_1km,PROXY,equity-v2.0,"Population exposure only; no validated socioeconomic, accessibility-gap or settlement-status layer is available."
LTFRB_PUJ1341,77.14,77.139,587681.4,,,,False,77.14,25.0,worldpop_phl_2020_1km,PROXY,equity-v2.0,"Population exposure only; no validated socioeconomic, accessibility-gap or settlement-status layer is available."
LTFRB_PUJ1342,81.54,81.538,92795.4,,,,False,81.54,25.0,worldpop_phl_2020_1km,PROXY,equity-v2.0,"Population exposure only; no validated socioeconomic, accessibility-gap or settlement-status layer is available."
LTFRB_PUJ1343,81.54,81.538,92795.4,,,,False,81.54,25.0,worldpop_phl_2020_1km,PROXY,equity-v2.0,"Population exposure only; no validated socioeconomic, accessibility-gap or settlement-status layer is available."
LTFRB_PUJ1344,81.89,81.889,320288.0,,,,False,81.89,25.0,worldpop_phl_2020_1km,PROXY,equity-v2.0,"Population exposure only; no validated socioeconomic, accessibility-gap or settlement-status layer is available."
LTFRB_PUJ1345,73.08,73.079,215468.0,,,,False,73.08,25.0,worldpop_phl_2020_1km,PROXY,equity-v2.0,"Population exposure only; no validated socioeconomic, accessibility-gap or settlement-status layer is available."
LTFRB_PUJ1346,81.21,81.207,260549.5,,,,False,81.21,25.0,worldpop_phl_2020_1km,PROXY,equity-v2.0,"Population exposure only; no validated socioeconomic, accessibility-gap or settlement-status layer is available."
LTFRB_PUJ1347,85.24,85.24,230959.4,,,,False,85.24,25.0,worldpop_phl_2020_1km,PROXY,equity-v2.0,"Population exposure only; no validated socioeconomic, accessibility-gap or settlement-status layer is available."
LTFRB_PUJ1348,75.15,75.147,500817.1,,,,False,75.15,25.0,worldpop_phl_2020_1km,PROXY,equity-v2.0,"Population exposure only; no validated socioeconomic, accessibility-gap or settlement-status layer is available."
LTFRB_PUJ1349,78.53,78.533,479222.5,,,,False,78.53,25.0,worldpop_phl_2020_1km,PROXY,equity-v2.0,"Population exposure only; no validated socioeconomic, accessibility-gap or settlement-status layer is available."
LTFRB_PUJ1350,71.87,71.865,834726.9,,,,False,71.87,25.0,worldpop_phl_2020_1km,PROXY,equity-v2.0,"Population exposure only; no validated socioeconomic, accessibility-gap or settlement-status layer is available."
LTFRB_PUJ1351,71.57,71.571,777966.5,,,,False,71.57,25.0,worldpop_phl_2020_1km,PROXY,equity-v2.0,"Population exposure only; no validated socioeconomic, accessibility-gap or settlement-status layer is available."
LTFRB_PUJ1352,76.58,76.585,944551.1,,,,False,76.58,25.0,worldpop_phl_2020_1km,PROXY,equity-v2.0,"Population exposure only; no validated socioeconomic, accessibility-gap or settlement-status layer is available."
LTFRB_PUJ1353,77.42,77.421,1040091.8,,,,False,77.42,25.0,worldpop_phl_2020_1km,PROXY,equity-v2.0,"Population exposure only; no validated socioeconomic, accessibility-gap or settlement-status layer is available."
LTFRB_PUJ1354,88.48,88.482,522668.8,,,,False,88.48,25.0,worldpop_phl_2020_1km,PROXY,equity-v2.0,"Population exposure only; no validated socioeconomic, accessibility-gap or settlement-status layer is available."
LTFRB_PUJ1355,88.99,88.995,547028.6,,,,False,88.99,25.0,worldpop_phl_2020_1km,PROXY,equity-v2.0,"Population exposure only; no validated socioeconomic, accessibility-gap or settlement-status layer is available."
LTFRB_PUJ1356,100.0,100.0,956092.8,,,,False,100.0,25.0,worldpop_phl_2020_1km,PROXY,equity-v2.0,"Population exposure only; no validated socioeconomic, accessibility-gap or settlement-status layer is available."
LTFRB_PUJ1357,100.0,100.0,956092.8,,,,False,100.0,25.0,worldpop_phl_2020_1km,PROXY,equity-v2.0,"Population exposure only; no validated socioeconomic, accessibility-gap or settlement-status layer is available."
LTFRB_PUJ1358,96.33,96.33,250885.1,,,,False,96.33,25.0,worldpop_phl_2020_1km,PROXY,equity-v2.0,"Population exposure only; no validated socioeconomic, accessibility-gap or settlement-status layer is available."
LTFRB_PUJ1359,91.23,91.226,469930.9,,,,False,91.23,25.0,worldpop_phl_2020_1km,PROXY,equity-v2.0,"Population exposure only; no validated socioeconomic, accessibility-gap or settlement-status layer is available."
LTFRB_PUJ1360,88.91,88.907,467890.0,,,,False,88.91,25.0,worldpop_phl_2020_1km,PROXY,equity-v2.0,"Population exposure only; no validated socioeconomic, accessibility-gap or settlement-status layer is available."
LTFRB_PUJ1361,92.32,92.32,536884.5,,,,False,92.32,25.0,worldpop_phl_2020_1km,PROXY,equity-v2.0,"Population exposure only; no validated socioeconomic, accessibility-gap or settlement-status layer is available."
LTFRB_PUJ1362,96.89,96.889,181336.6,,,,False,96.89,25.0,worldpop_phl_2020_1km,PROXY,equity-v2.0,"Population exposure only; no validated socioeconomic, accessibility-gap or settlement-status layer is available."
LTFRB_PUJ1363,96.89,96.889,181336.6,,,,False,96.89,25.0,worldpop_phl_2020_1km,PROXY,equity-v2.0,"Population exposure only; no validated socioeconomic, accessibility-gap or settlement-status layer is available."
LTFRB_PUJ1364,76.07,76.073,494716.8,,,,False,76.07,25.0,worldpop_phl_2020_1km,PROXY,equity-v2.0,"Population exposure only; no validated socioeconomic, accessibility-gap or settlement-status layer is available."
LTFRB_PUJ1365,79.55,79.546,473122.2,,,,False,79.55,25.0,worldpop_phl_2020_1km,PROXY,equity-v2.0,"Population exposure only; no validated socioeconomic, accessibility-gap or settlement-status layer is available."
LTFRB_PUJ1366,95.24,95.236,293044.0,,,,False,95.24,25.0,worldpop_phl_2020_1km,PROXY,equity-v2.0,"Population exposure only; no validated socioeconomic, accessibility-gap or settlement-status layer is available."
LTFRB_PUJ1367,93.44,93.438,298685.2,,,,False,93.44,25.0,worldpop_phl_2020_1km,PROXY,equity-v2.0,"Population exposure only; no validated socioeconomic, accessibility-gap or settlement-status layer is available."
LTFRB_PUJ1368,96.17,96.167,364223.8,,,,False,96.17,25.0,worldpop_phl_2020_1km,PROXY,equity-v2.0,"Population exposure only; no validated socioeconomic, accessibility-gap or settlement-status layer is available."
LTFRB_PUJ1369,96.17,96.167,364223.8,,,,False,96.17,25.0,worldpop_phl_2020_1km,PROXY,equity-v2.0,"Population exposure only; no validated socioeconomic, accessibility-gap or settlement-status layer is available."
LTFRB_PUJ1370,90.76,90.761,601083.6,,,,False,90.76,25.0,worldpop_phl_2020_1km,PROXY,equity-v2.0,"Population exposure only; no validated socioeconomic, accessibility-gap or settlement-status layer is available."
LTFRB_PUJ1371,90.48,90.485,583640.6,,,,False,90.48,25.0,worldpop_phl_2020_1km,PROXY,equity-v2.0,"Population exposure only; no validated socioeconomic, accessibility-gap or settlement-status layer is available."
LTFRB_PUJ1372,73.54,73.536,128817.0,,,,False,73.54,25.0,worldpop_phl_2020_1km,PROXY,equity-v2.0,"Population exposure only; no validated socioeconomic, accessibility-gap or settlement-status layer is available."
LTFRB_PUJ1373,73.54,73.536,128817.0,,,,False,73.54,25.0,worldpop_phl_2020_1km,PROXY,equity-v2.0,"Population exposure only; no validated socioeconomic, accessibility-gap or settlement-status layer is available."
LTFRB_PUJ1374,64.24,64.237,687002.3,,,,False,64.24,25.0,worldpop_phl_2020_1km,PROXY,equity-v2.0,"Population exposure only; no validated socioeconomic, accessibility-gap or settlement-status layer is available."
LTFRB_PUJ1375,64.24,64.237,687002.3,,,,False,64.24,25.0,worldpop_phl_2020_1km,PROXY,equity-v2.0,"Population exposure only; no validated socioeconomic, accessibility-gap or settlement-status layer is available."
LTFRB_PUJ1376,95.37,95.375,275420.9,,,,False,95.37,25.0,worldpop_phl_2020_1km,PROXY,equity-v2.0,"Population exposure only; no validated socioeconomic, accessibility-gap or settlement-status layer is available."
LTFRB_PUJ1377,95.37,95.375,275420.9,,,,False,95.37,25.0,worldpop_phl_2020_1km,PROXY,equity-v2.0,"Population exposure only; no validated socioeconomic, accessibility-gap or settlement-status layer is available."
LTFRB_PUJ1378,74.7,74.705,539167.2,,,,False,74.7,25.0,worldpop_phl_2020_1km,PROXY,equity-v2.0,"Population exposure only; no validated socioeconomic, accessibility-gap or settlement-status layer is available."
LTFRB_PUJ1379,74.7,74.705,539167.2,,,,False,74.7,25.0,worldpop_phl_2020_1km,PROXY,equity-v2.0,"Population exposure only; no validated socioeconomic, accessibility-gap or settlement-status layer is available."
LTFRB_PUJ1380,58.89,58.892,291075.4,,,,False,58.89,25.0,worldpop_phl_2020_1km,PROXY,equity-v2.0,"Population exposure only; no validated socioeconomic, accessibility-gap or settlement-status layer is available."
LTFRB_PUJ1381,58.89,58.892,291075.4,,,,False,58.89,25.0,worldpop_phl_2020_1km,PROXY,equity-v2.0,"Population exposure only; no validated socioeconomic, accessibility-gap or settlement-status layer is available."
LTFRB_PUJ1382,87.77,87.769,636762.1,,,,False,87.77,25.0,worldpop_phl_2020_1km,PROXY,equity-v2.0,"Population exposure only; no validated socioeconomic, accessibility-gap or settlement-status layer is available."
LTFRB_PUJ1383,88.48,88.478,675946.7,,,,False,88.48,25.0,worldpop_phl_2020_1km,PROXY,equity-v2.0,"Population exposure only; no validated socioeconomic, accessibility-gap or settlement-status layer is available."
LTFRB_PUJ1384,69.24,69.244,123769.5,,,,False,69.24,25.0,worldpop_phl_2020_1km,PROXY,equity-v2.0,"Population exposure only; no validated socioeconomic, accessibility-gap or settlement-status layer is available."
LTFRB_PUJ1385,69.24,69.244,123769.5,,,,False,69.24,25.0,worldpop_phl_2020_1km,PROXY,equity-v2.0,"Population exposure only; no validated socioeconomic, accessibility-gap or settlement-status layer is available."
LTFRB_PUJ1386,94.82,94.824,333450.2,,,,False,94.82,25.0,worldpop_phl_2020_1km,PROXY,equity-v2.0,"Population exposure only; no validated socioeconomic, accessibility-gap or settlement-status layer is available."
LTFRB_PUJ1387,94.82,94.824,333450.2,,,,False,94.82,25.0,worldpop_phl_2020_1km,PROXY,equity-v2.0,"Population exposure only; no validated socioeconomic, accessibility-gap or settlement-status layer is available."
LTFRB_PUJ1388,91.93,91.93,354304.2,,,,False,91.93,25.0,worldpop_phl_2020_1km,PROXY,equity-v2.0,"Population exposure only; no validated socioeconomic, accessibility-gap or settlement-status layer is available."
LTFRB_PUJ1389,90.9,90.903,402838.3,,,,False,90.9,25.0,worldpop_phl_2020_1km,PROXY,equity-v2.0,"Population exposure only; no validated socioeconomic, accessibility-gap or settlement-status layer is available."
LTFRB_PUJ1390,100.0,100.0,145935.0,,,,False,100.0,25.0,worldpop_phl_2020_1km,PROXY,equity-v2.0,"Population exposure only; no validated socioeconomic, accessibility-gap or settlement-status layer is available."
LTFRB_PUJ1391,100.0,100.0,106750.3,,,,False,100.0,25.0,worldpop_phl_2020_1km,PROXY,equity-v2.0,"Population exposure only; no validated socioeconomic, accessibility-gap or settlement-status layer is available."
LTFRB_PUJ1392,75.29,75.294,251810.7,,,,False,75.29,25.0,worldpop_phl_2020_1km,PROXY,equity-v2.0,"Population exposure only; no validated socioeconomic, accessibility-gap or settlement-status layer is available."
LTFRB_PUJ1393,79.62,79.619,238134.7,,,,False,79.62,25.0,worldpop_phl_2020_1km,PROXY,equity-v2.0,"Population exposure only; no validated socioeconomic, accessibility-gap or settlement-status layer is available."
LTFRB_PUJ1394,69.06,69.062,607630.5,,,,False,69.06,25.0,worldpop_phl_2020_1km,PROXY,equity-v2.0,"Population exposure only; no validated socioeconomic, accessibility-gap or settlement-status layer is available."
LTFRB_PUJ1395,69.06,69.062,607630.5,,,,False,69.06,25.0,worldpop_phl_2020_1km,PROXY,equity-v2.0,"Population exposure only; no validated socioeconomic, accessibility-gap or settlement-status layer is available."
LTFRB_PUJ1396,72.76,72.763,734342.1,,,,False,72.76,25.0,worldpop_phl_2020_1km,PROXY,equity-v2.0,"Population exposure only; no validated socioeconomic, accessibility-gap or settlement-status layer is available."
LTFRB_PUJ1397,75.21,75.21,806815.7,,,,False,75.21,25.0,worldpop_phl_2020_1km,PROXY,equity-v2.0,"Population exposure only; no validated socioeconomic, accessibility-gap or settlement-status layer is available."
LTFRB_PUJ1398,77.15,77.147,683145.7,,,,False,77.15,25.0,worldpop_phl_2020_1km,PROXY,equity-v2.0,"Population exposure only; no validated socioeconomic, accessibility-gap or settlement-status layer is available."
LTFRB_PUJ1399,75.63,75.633,696821.7,,,,False,75.63,25.0,worldpop_phl_2020_1km,PROXY,equity-v2.0,"Population exposure only; no validated socioeconomic, accessibility-gap or settlement-status layer is available."
LTFRB_PUJ1400,81.67,81.673,796346.3,,,,False,81.67,25.0,worldpop_phl_2020_1km,PROXY,equity-v2.0,"Population exposure only; no validated socioeconomic, accessibility-gap or settlement-status layer is available."
LTFRB_PUJ1401,80.65,80.652,825009.7,,,,False,80.65,25.0,worldpop_phl_2020_1km,PROXY,equity-v2.0,"Population exposure only; no validated socioeconomic, accessibility-gap or settlement-status layer is available."
LTFRB_PUJ1402,83.75,83.753,754248.4,,,,False,83.75,25.0,worldpop_phl_2020_1km,PROXY,equity-v2.0,"Population exposure only; no validated socioeconomic, accessibility-gap or settlement-status layer is available."
LTFRB_PUJ1405,86.01,86.007,973483.7,,,,False,86.01,25.0,worldpop_phl_2020_1km,PROXY,equity-v2.0,"Population exposure only; no validated socioeconomic, accessibility-gap or settlement-status layer is available."
LTFRB_PUJ1406,66.62,66.62,96534.7,,,,False,66.62,25.0,worldpop_phl_2020_1km,PROXY,equity-v2.0,"Population exposure only; no validated socioeconomic, accessibility-gap or settlement-status layer is available."
LTFRB_PUJ1407,66.62,66.62,96534.7,,,,False,66.62,25.0,worldpop_phl_2020_1km,PROXY,equity-v2.0,"Population exposure only; no validated socioeconomic, accessibility-gap or settlement-status layer is available."
LTFRB_PUJ1408,100.0,100.0,338561.3,,,,False,100.0,25.0,worldpop_phl_2020_1km,PROXY,equity-v2.0,"Population exposure only; no validated socioeconomic, accessibility-gap or settlement-status layer is available."
LTFRB_PUJ1409,100.0,100.0,338561.3,,,,False,100.0,25.0,worldpop_phl_2020_1km,PROXY,equity-v2.0,"Population exposure only; no validated socioeconomic, accessibility-gap or settlement-status layer is available."
LTFRB_PUJ1410,100.0,100.0,236261.9,,,,False,100.0,25.0,worldpop_phl_2020_1km,PROXY,equity-v2.0,"Population exposure only; no validated socioeconomic, accessibility-gap or settlement-status layer is available."
LTFRB_PUJ1411,100.0,100.0,256536.0,,,,False,100.0,25.0,worldpop_phl_2020_1km,PROXY,equity-v2.0,"Population exposure only; no validated socioeconomic, accessibility-gap or settlement-status layer is available."
LTFRB_PUJ1412,79.47,79.474,171041.1,,,,False,79.47,25.0,worldpop_phl_2020_1km,PROXY,equity-v2.0,"Population exposure only; no validated socioeconomic, accessibility-gap or settlement-status layer is available."
LTFRB_PUJ1413,83.62,83.62,133664.8,,,,False,83.62,25.0,worldpop_phl_2020_1km,PROXY,equity-v2.0,"Population exposure only; no validated socioeconomic, accessibility-gap or settlement-status layer is available."
LTFRB_PUJ1414,92.91,92.907,217698.0,,,,False,92.91,25.0,worldpop_phl_2020_1km,PROXY,equity-v2.0,"Population exposure only; no validated socioeconomic, accessibility-gap or settlement-status layer is available."
LTFRB_PUJ1415,92.82,92.818,178731.4,,,,False,92.82,25.0,worldpop_phl_2020_1km,PROXY,equity-v2.0,"Population exposure only; no validated socioeconomic, accessibility-gap or settlement-status layer is available."
LTFRB_PUJ1416,86.41,86.412,543459.9,,,,False,86.41,25.0,worldpop_phl_2020_1km,PROXY,equity-v2.0,"Population exposure only; no validated socioeconomic, accessibility-gap or settlement-status layer is available."
LTFRB_PUJ1417,86.41,86.412,543459.9,,,,False,86.41,25.0,worldpop_phl_2020_1km,PROXY,equity-v2.0,"Population exposure only; no validated socioeconomic, accessibility-gap or settlement-status layer is available."
LTFRB_PUJ1418,97.69,97.693,460252.9,,,,False,97.69,25.0,worldpop_phl_2020_1km,PROXY,equity-v2.0,"Population exposure only; no validated socioeconomic, accessibility-gap or settlement-status layer is available."
LTFRB_PUJ1419,97.27,97.265,388316.3,,,,False,97.27,25.0,worldpop_phl_2020_1km,PROXY,equity-v2.0,"Population exposure only; no validated socioeconomic, accessibility-gap or settlement-status layer is available."
LTFRB_PUJ1420,91.23,91.234,277466.2,,,,False,91.23,25.0,worldpop_phl_2020_1km,PROXY,equity-v2.0,"Population exposure only; no validated socioeconomic, accessibility-gap or settlement-status layer is available."
LTFRB_PUJ1421,94.69,94.692,267333.6,,,,False,94.69,25.0,worldpop_phl_2020_1km,PROXY,equity-v2.0,"Population exposure only; no validated socioeconomic, accessibility-gap or settlement-status layer is available."
LTFRB_PUJ1422,49.84,49.837,161326.3,,,,False,49.84,25.0,worldpop_phl_2020_1km,PROXY,equity-v2.0,"Population exposure only; no validated socioeconomic, accessibility-gap or settlement-status layer is available."
LTFRB_PUJ1423,61.99,61.99,212908.7,,,,False,61.99,25.0,worldpop_phl_2020_1km,PROXY,equity-v2.0,"Population exposure only; no validated socioeconomic, accessibility-gap or settlement-status layer is available."
LTFRB_PUJ1424,44.4,44.398,120011.1,,,,False,44.4,25.0,worldpop_phl_2020_1km,PROXY,equity-v2.0,"Population exposure only; no validated socioeconomic, accessibility-gap or settlement-status layer is available."
LTFRB_PUJ1425,44.4,44.398,120011.1,,,,False,44.4,25.0,worldpop_phl_2020_1km,PROXY,equity-v2.0,"Population exposure only; no validated socioeconomic, accessibility-gap or settlement-status layer is available."
LTFRB_PUJ1426,83.42,83.422,735965.2,,,,False,83.42,25.0,worldpop_phl_2020_1km,PROXY,equity-v2.0,"Population exposure only; no validated socioeconomic, accessibility-gap or settlement-status layer is available."
LTFRB_PUJ1427,83.42,83.422,735965.2,,,,False,83.42,25.0,worldpop_phl_2020_1km,PROXY,equity-v2.0,"Population exposure only; no validated socioeconomic, accessibility-gap or settlement-status layer is available."
LTFRB_PUJ1428,80.64,80.642,824546.2,,,,False,80.64,25.0,worldpop_phl_2020_1km,PROXY,equity-v2.0,"Population exposure only; no validated socioeconomic, accessibility-gap or settlement-status layer is available."
LTFRB_PUJ1429,81.88,81.879,812086.2,,,,False,81.88,25.0,worldpop_phl_2020_1km,PROXY,equity-v2.0,"Population exposure only; no validated socioeconomic, accessibility-gap or settlement-status layer is available."
LTFRB_PUJ1430,32.57,32.569,210888.8,,,,False,32.57,25.0,worldpop_phl_2020_1km,PROXY,equity-v2.0,"Population exposure only; no validated socioeconomic, accessibility-gap or settlement-status layer is available."
LTFRB_PUJ1431,32.57,32.569,210888.8,,,,False,32.57,25.0,worldpop_phl_2020_1km,PROXY,equity-v2.0,"Population exposure only; no validated socioeconomic, accessibility-gap or settlement-status layer is available."
LTFRB_PUJ1432,40.57,40.571,169292.3,,,,False,40.57,25.0,worldpop_phl_2020_1km,PROXY,equity-v2.0,"Population exposure only; no validated socioeconomic, accessibility-gap or settlement-status layer is available."
LTFRB_PUJ1433,74.12,74.116,269975.3,,,,False,74.12,25.0,worldpop_phl_2020_1km,PROXY,equity-v2.0,"Population exposure only; no validated socioeconomic, accessibility-gap or settlement-status layer is available."
LTFRB_PUJ1434,37.59,37.589,274973.7,,,,False,37.59,25.0,worldpop_phl_2020_1km,PROXY,equity-v2.0,"Population exposure only; no validated socioeconomic, accessibility-gap or settlement-status layer is available."
LTFRB_PUJ1435,37.59,37.589,274973.7,,,,False,37.59,25.0,worldpop_phl_2020_1km,PROXY,equity-v2.0,"Population exposure only; no validated socioeconomic, accessibility-gap or settlement-status layer is available."
LTFRB_PUJ1436,24.49,24.488,280481.7,,,,False,24.49,25.0,worldpop_phl_2020_1km,PROXY,equity-v2.0,"Population exposure only; no validated socioeconomic, accessibility-gap or settlement-status layer is available."
LTFRB_PUJ1437,25.23,25.228,272250.1,,,,False,25.23,25.0,worldpop_phl_2020_1km,PROXY,equity-v2.0,"Population exposure only; no validated socioeconomic, accessibility-gap or settlement-status layer is available."
LTFRB_PUJ1438,28.72,28.716,163591.4,,,,False,28.72,25.0,worldpop_phl_2020_1km,PROXY,equity-v2.0,"Population exposure only; no validated socioeconomic, accessibility-gap or settlement-status layer is available."
LTFRB_PUJ1439,28.72,28.716,163591.4,,,,False,28.72,25.0,worldpop_phl_2020_1km,PROXY,equity-v2.0,"Population exposure only; no validated socioeconomic, accessibility-gap or settlement-status layer is available."
LTFRB_PUJ1440,77.94,77.937,314834.6,,,,False,77.94,25.0,worldpop_phl_2020_1km,PROXY,equity-v2.0,"Population exposure only; no validated socioeconomic, accessibility-gap or settlement-status layer is available."
LTFRB_PUJ1441,79.38,79.376,336813.2,,,,False,79.38,25.0,worldpop_phl_2020_1km,PROXY,equity-v2.0,"Population exposure only; no validated socioeconomic, accessibility-gap or settlement-status layer is available."
LTFRB_PUJ1442,85.46,85.463,307362.2,,,,False,85.46,25.0,worldpop_phl_2020_1km,PROXY,equity-v2.0,"Population exposure only; no validated socioeconomic, accessibility-gap or settlement-status layer is available."
LTFRB_PUJ1443,85.46,85.463,307362.2,,,,False,85.46,25.0,worldpop_phl_2020_1km,PROXY,equity-v2.0,"Population exposure only; no validated socioeconomic, accessibility-gap or settlement-status layer is available."
LTFRB_PUJ1444,86.81,86.805,452054.2,,,,False,86.81,25.0,worldpop_phl_2020_1km,PROXY,equity-v2.0,"Population exposure only; no validated socioeconomic, accessibility-gap or settlement-status layer is available."
LTFRB_PUJ1445,86.81,86.805,452054.2,,,,False,86.81,25.0,worldpop_phl_2020_1km,PROXY,equity-v2.0,"Population exposure only; no validated socioeconomic, accessibility-gap or settlement-status layer is available."
LTFRB_PUJ1446,7.55,7.546,200695.6,,,,False,7.55,25.0,worldpop_phl_2020_1km,PROXY,equity-v2.0,"Population exposure only; no validated socioeconomic, accessibility-gap or settlement-status layer is available."
LTFRB_PUJ1447,8.07,8.067,187727.8,,,,False,8.07,25.0,worldpop_phl_2020_1km,PROXY,equity-v2.0,"Population exposure only; no validated socioeconomic, accessibility-gap or settlement-status layer is available."
LTFRB_PUJ1448,81.55,81.552,570451.1,,,,False,81.55,25.0,worldpop_phl_2020_1km,PROXY,equity-v2.0,"Population exposure only; no validated socioeconomic, accessibility-gap or settlement-status layer is available."
LTFRB_PUJ1449,78.56,78.558,556284.9,,,,False,78.56,25.0,worldpop_phl_2020_1km,PROXY,equity-v2.0,"Population exposure only; no validated socioeconomic, accessibility-gap or settlement-status layer is available."
LTFRB_PUJ1450,63.87,63.87,245329.0,,,,False,63.87,25.0,worldpop_phl_2020_1km,PROXY,equity-v2.0,"Population exposure only; no validated socioeconomic, accessibility-gap or settlement-status layer is available."
LTFRB_PUJ1451,63.87,63.87,245329.0,,,,False,63.87,25.0,worldpop_phl_2020_1km,PROXY,equity-v2.0,"Population exposure only; no validated socioeconomic, accessibility-gap or settlement-status layer is available."
LTFRB_PUJ1453,76.66,76.661,511069.4,,,,False,76.66,25.0,worldpop_phl_2020_1km,PROXY,equity-v2.0,"Population exposure only; no validated socioeconomic, accessibility-gap or settlement-status layer is available."
LTFRB_PUJ1454,7.78,7.783,194591.9,,,,False,7.78,25.0,worldpop_phl_2020_1km,PROXY,equity-v2.0,"Population exposure only; no validated socioeconomic, accessibility-gap or settlement-status layer is available."
LTFRB_PUJ1455,8.76,8.758,172908.6,,,,False,8.76,25.0,worldpop_phl_2020_1km,PROXY,equity-v2.0,"Population exposure only; no validated socioeconomic, accessibility-gap or settlement-status layer is available."
LTFRB_PUJ1456,85.9,85.896,236437.5,,,,False,85.9,25.0,worldpop_phl_2020_1km,PROXY,equity-v2.0,"Population exposure only; no validated socioeconomic, accessibility-gap or settlement-status layer is available."
LTFRB_PUJ1457,85.9,85.896,236437.5,,,,False,85.9,25.0,worldpop_phl_2020_1km,PROXY,equity-v2.0,"Population exposure only; no validated socioeconomic, accessibility-gap or settlement-status layer is available."
LTFRB_PUJ1458,87.84,87.845,722088.7,,,,False,87.84,25.0,worldpop_phl_2020_1km,PROXY,equity-v2.0,"Population exposure only; no validated socioeconomic, accessibility-gap or settlement-status layer is available."
LTFRB_PUJ1459,86.21,86.212,735764.7,,,,False,86.21,25.0,worldpop_phl_2020_1km,PROXY,equity-v2.0,"Population exposure only; no validated socioeconomic, accessibility-gap or settlement-status layer is available."
LTFRB_PUJ1460,91.4,91.403,816688.5,,,,False,91.4,25.0,worldpop_phl_2020_1km,PROXY,equity-v2.0,"Population exposure only; no validated socioeconomic, accessibility-gap or settlement-status layer is available."
LTFRB_PUJ1462,93.18,93.183,906308.9,,,,False,93.18,25.0,worldpop_phl_2020_1km,PROXY,equity-v2.0,"Population exposure only; no validated socioeconomic, accessibility-gap or settlement-status layer is available."
LTFRB_PUJ1463,93.18,93.183,906308.9,,,,False,93.18,25.0,worldpop_phl_2020_1km,PROXY,equity-v2.0,"Population exposure only; no validated socioeconomic, accessibility-gap or settlement-status layer is available."
LTFRB_PUJ1464,97.87,97.869,498318.5,,,,False,97.87,25.0,worldpop_phl_2020_1km,PROXY,equity-v2.0,"Population exposure only; no validated socioeconomic, accessibility-gap or settlement-status layer is available."
LTFRB_PUJ1465,100.0,100.0,566557.3,,,,False,100.0,25.0,worldpop_phl_2020_1km,PROXY,equity-v2.0,"Population exposure only; no validated socioeconomic, accessibility-gap or settlement-status layer is available."
LTFRB_PUJ1466,94.77,94.771,203115.0,,,,False,94.77,25.0,worldpop_phl_2020_1km,PROXY,equity-v2.0,"Population exposure only; no validated socioeconomic, accessibility-gap or settlement-status layer is available."
LTFRB_PUJ1467,94.77,94.771,203115.0,,,,False,94.77,25.0,worldpop_phl_2020_1km,PROXY,equity-v2.0,"Population exposure only; no validated socioeconomic, accessibility-gap or settlement-status layer is available."
LTFRB_PUJ1468,59.36,59.361,373652.1,,,,False,59.36,25.0,worldpop_phl_2020_1km,PROXY,equity-v2.0,"Population exposure only; no validated socioeconomic, accessibility-gap or settlement-status layer is available."
LTFRB_PUJ1469,59.36,59.361,373652.1,,,,False,59.36,25.0,worldpop_phl_2020_1km,PROXY,equity-v2.0,"Population exposure only; no validated socioeconomic, accessibility-gap or settlement-status layer is available."
LTFRB_PUJ1470,98.11,98.106,560659.3,,,,False,98.11,25.0,worldpop_phl_2020_1km,PROXY,equity-v2.0,"Population exposure only; no validated socioeconomic, accessibility-gap or settlement-status layer is available."
LTFRB_PUJ1471,96.36,96.364,570791.8,,,,False,96.36,25.0,worldpop_phl_2020_1km,PROXY,equity-v2.0,"Population exposure only; no validated socioeconomic, accessibility-gap or settlement-status layer is available."
LTFRB_PUJ1472,74.87,74.871,398255.2,,,,False,74.87,25.0,worldpop_phl_2020_1km,PROXY,equity-v2.0,"Population exposure only; no validated socioeconomic, accessibility-gap or settlement-status layer is available."
LTFRB_PUJ1473,74.87,74.871,398255.2,,,,False,74.87,25.0,worldpop_phl_2020_1km,PROXY,equity-v2.0,"Population exposure only; no validated socioeconomic, accessibility-gap or settlement-status layer is available."
LTFRB_PUJ1474,91.4,91.403,816688.5,,,,False,91.4,25.0,worldpop_phl_2020_1km,PROXY,equity-v2.0,"Population exposure only; no validated socioeconomic, accessibility-gap or settlement-status layer is available."
LTFRB_PUJ1475,91.4,91.403,816688.5,,,,False,91.4,25.0,worldpop_phl_2020_1km,PROXY,equity-v2.0,"Population exposure only; no validated socioeconomic, accessibility-gap or settlement-status layer is available."
LTFRB_PUJ1476,65.71,65.714,622290.9,,,,False,65.71,25.0,worldpop_phl_2020_1km,PROXY,equity-v2.0,"Population exposure only; no validated socioeconomic, accessibility-gap or settlement-status layer is available."
LTFRB_PUJ1477,66.5,66.499,614943.6,,,,False,66.5,25.0,worldpop_phl_2020_1km,PROXY,equity-v2.0,"Population exposure only; no validated socioeconomic, accessibility-gap or settlement-status layer is available."
LTFRB_PUJ1478,93.45,93.454,780684.1,,,,False,93.45,25.0,worldpop_phl_2020_1km,PROXY,equity-v2.0,"Population exposure only; no validated socioeconomic, accessibility-gap or settlement-status layer is available."
LTFRB_PUJ1480,91.97,91.973,730386.1,,,,False,91.97,25.0,worldpop_phl_2020_1km,PROXY,equity-v2.0,"Population exposure only; no validated socioeconomic, accessibility-gap or settlement-status layer is available."
LTFRB_PUJ1482,90.25,90.248,750487.5,,,,False,90.25,25.0,worldpop_phl_2020_1km,PROXY,equity-v2.0,"Population exposure only; no validated socioeconomic, accessibility-gap or settlement-status layer is available."
LTFRB_PUJ1483,91.04,91.036,726876.9,,,,False,91.04,25.0,worldpop_phl_2020_1km,PROXY,equity-v2.0,"Population exposure only; no validated socioeconomic, accessibility-gap or settlement-status layer is available."
LTFRB_PUJ1484,96.16,96.157,820422.1,,,,False,96.16,25.0,worldpop_phl_2020_1km,PROXY,equity-v2.0,"Population exposure only; no validated socioeconomic, accessibility-gap or settlement-status layer is available."
LTFRB_PUJ1485,96.16,96.157,820422.1,,,,False,96.16,25.0,worldpop_phl_2020_1km,PROXY,equity-v2.0,"Population exposure only; no validated socioeconomic, accessibility-gap or settlement-status layer is available."
LTFRB_PUJ1486,89.72,89.721,235817.7,,,,False,89.72,25.0,worldpop_phl_2020_1km,PROXY,equity-v2.0,"Population exposure only; no validated socioeconomic, accessibility-gap or settlement-status layer is available."
LTFRB_PUJ1487,90.6,90.597,257796.3,,,,False,90.6,25.0,worldpop_phl_2020_1km,PROXY,equity-v2.0,"Population exposure only; no validated socioeconomic, accessibility-gap or settlement-status layer is available."
LTFRB_PUJ1488,100.0,100.0,929427.6,,,,False,100.0,25.0,worldpop_phl_2020_1km,PROXY,equity-v2.0,"Population exposure only; no validated socioeconomic, accessibility-gap or settlement-status layer is available."
LTFRB_PUJ1489,100.0,100.0,929427.6,,,,False,100.0,25.0,worldpop_phl_2020_1km,PROXY,equity-v2.0,"Population exposure only; no validated socioeconomic, accessibility-gap or settlement-status layer is available."
LTFRB_PUJ1490,75.07,75.07,454867.3,,,,False,75.07,25.0,worldpop_phl_2020_1km,PROXY,equity-v2.0,"Population exposure only; no validated socioeconomic, accessibility-gap or settlement-status layer is available."
LTFRB_PUJ1491,70.65,70.654,386409.2,,,,False,70.65,25.0,worldpop_phl_2020_1km,PROXY,equity-v2.0,"Population exposure only; no validated socioeconomic, accessibility-gap or settlement-status layer is available."
LTFRB_PUJ1492,75.12,75.121,191861.6,,,,False,75.12,25.0,worldpop_phl_2020_1km,PROXY,equity-v2.0,"Population exposure only; no validated socioeconomic, accessibility-gap or settlement-status layer is available."
LTFRB_PUJ1493,84.42,84.42,170726.5,,,,False,84.42,25.0,worldpop_phl_2020_1km,PROXY,equity-v2.0,"Population exposure only; no validated socioeconomic, accessibility-gap or settlement-status layer is available."
LTFRB_PUJ1494,71.6,71.603,525603.2,,,,False,71.6,25.0,worldpop_phl_2020_1km,PROXY,equity-v2.0,"Population exposure only; no validated socioeconomic, accessibility-gap or settlement-status layer is available."
LTFRB_PUJ1495,74.67,74.671,504008.5,,,,False,74.67,25.0,worldpop_phl_2020_1km,PROXY,equity-v2.0,"Population exposure only; no validated socioeconomic, accessibility-gap or settlement-status layer is available."
LTFRB_PUJ1496,66.27,66.269,220826.9,,,,False,66.27,25.0,worldpop_phl_2020_1km,PROXY,equity-v2.0,"Population exposure only; no validated socioeconomic, accessibility-gap or settlement-status layer is available."
LTFRB_PUJ1497,66.27,66.269,220826.9,,,,False,66.27,25.0,worldpop_phl_2020_1km,PROXY,equity-v2.0,"Population exposure only; no validated socioeconomic, accessibility-gap or settlement-status layer is available."
LTFRB_PUJ1498,77.01,77.007,339495.2,,,,False,77.01,25.0,worldpop_phl_2020_1km,PROXY,equity-v2.0,"Population exposure only; no validated socioeconomic, accessibility-gap or settlement-status layer is available."
LTFRB_PUJ1499,77.01,77.007,339495.2,,,,False,77.01,25.0,worldpop_phl_2020_1km,PROXY,equity-v2.0,"Population exposure only; no validated socioeconomic, accessibility-gap or settlement-status layer is available."
LTFRB_PUJ1500,80.71,80.707,525599.9,,,,False,80.71,25.0,worldpop_phl_2020_1km,PROXY,equity-v2.0,"Population exposure only; no validated socioeconomic, accessibility-gap or settlement-status layer is available."
LTFRB_PUJ1501,84.17,84.165,504005.3,,,,False,84.17,25.0,worldpop_phl_2020_1km,PROXY,equity-v2.0,"Population exposure only; no validated socioeconomic, accessibility-gap or settlement-status layer is available."
LTFRB_PUJ1502,76.2,76.197,299981.6,,,,False,76.2,25.0,worldpop_phl_2020_1km,PROXY,equity-v2.0,"Population exposure only; no validated socioeconomic, accessibility-gap or settlement-status layer is available."
LTFRB_PUJ1504,61.57,61.569,129990.0,,,,False,61.57,25.0,worldpop_phl_2020_1km,PROXY,equity-v2.0,"Population exposure only; no validated socioeconomic, accessibility-gap or settlement-status layer is available."
LTFRB_PUJ1505,67.02,67.019,119417.4,,,,False,67.02,25.0,worldpop_phl_2020_1km,PROXY,equity-v2.0,"Population exposure only; no validated socioeconomic, accessibility-gap or settlement-status layer is available."
LTFRB_PUJ1506,67.89,67.893,576209.8,,,,False,67.89,25.0,worldpop_phl_2020_1km,PROXY,equity-v2.0,"Population exposure only; no validated socioeconomic, accessibility-gap or settlement-status layer is available."
LTFRB_PUJ1507,70.54,70.537,554615.1,,,,False,70.54,25.0,worldpop_phl_2020_1km,PROXY,equity-v2.0,"Population exposure only; no validated socioeconomic, accessibility-gap or settlement-status layer is available."
LTFRB_PUJ1508,90.7,90.698,232749.8,,,,False,90.7,25.0,worldpop_phl_2020_1km,PROXY,equity-v2.0,"Population exposure only; no validated socioeconomic, accessibility-gap or settlement-status layer is available."
LTFRB_PUJ1509,93.75,93.755,225159.9,,,,False,93.75,25.0,worldpop_phl_2020_1km,PROXY,equity-v2.0,"Population exposure only; no validated socioeconomic, accessibility-gap or settlement-status layer is available."
LTFRB_PUJ1510,66.38,66.383,103164.5,,,,False,66.38,25.0,worldpop_phl_2020_1km,PROXY,equity-v2.0,"Population exposure only; no validated socioeconomic, accessibility-gap or settlement-status layer is available."
LTFRB_PUJ1511,79.09,79.095,168102.0,,,,False,79.09,25.0,worldpop_phl_2020_1km,PROXY,equity-v2.0,"Population exposure only; no validated socioeconomic, accessibility-gap or settlement-status layer is available."
LTFRB_PUJ1512,95.54,95.541,233771.7,,,,False,95.54,25.0,worldpop_phl_2020_1km,PROXY,equity-v2.0,"Population exposure only; no validated socioeconomic, accessibility-gap or settlement-status layer is available."
LTFRB_PUJ1513,95.54,95.541,233771.7,,,,False,95.54,25.0,worldpop_phl_2020_1km,PROXY,equity-v2.0,"Population exposure only; no validated socioeconomic, accessibility-gap or settlement-status layer is available."
LTFRB_PUJ1514,86.04,86.037,313138.0,,,,False,86.04,25.0,worldpop_phl_2020_1km,PROXY,equity-v2.0,"Population exposure only; no validated socioeconomic, accessibility-gap or settlement-status layer is available."
LTFRB_PUJ1515,83.09,83.086,258499.2,,,,False,83.09,25.0,worldpop_phl_2020_1km,PROXY,equity-v2.0,"Population exposure only; no validated socioeconomic, accessibility-gap or settlement-status layer is available."
LTFRB_PUJ1516,94.2,94.196,356415.1,,,,False,94.2,25.0,worldpop_phl_2020_1km,PROXY,equity-v2.0,"Population exposure only; no validated socioeconomic, accessibility-gap or settlement-status layer is available."
LTFRB_PUJ1517,96.57,96.57,368791.4,,,,False,96.57,25.0,worldpop_phl_2020_1km,PROXY,equity-v2.0,"Population exposure only; no validated socioeconomic, accessibility-gap or settlement-status layer is available."
LTFRB_PUJ1518,59.77,59.767,237211.1,,,,False,59.77,25.0,worldpop_phl_2020_1km,PROXY,equity-v2.0,"Population exposure only; no validated socioeconomic, accessibility-gap or settlement-status layer is available."
LTFRB_PUJ1519,37.91,37.908,229857.6,,,,False,37.91,25.0,worldpop_phl_2020_1km,PROXY,equity-v2.0,"Population exposure only; no validated socioeconomic, accessibility-gap or settlement-status layer is available."
LTFRB_PUJ1520,76.18,76.182,456965.9,,,,False,76.18,25.0,worldpop_phl_2020_1km,PROXY,equity-v2.0,"Population exposure only; no validated socioeconomic, accessibility-gap or settlement-status layer is available."
LTFRB_PUJ1521,74.93,74.931,434162.2,,,,False,74.93,25.0,worldpop_phl_2020_1km,PROXY,equity-v2.0,"Population exposure only; no validated socioeconomic, accessibility-gap or settlement-status layer is available."
LTFRB_PUJ1522,79.75,79.748,641673.8,,,,False,79.75,25.0,worldpop_phl_2020_1km,PROXY,equity-v2.0,"Population exposure only; no validated socioeconomic, accessibility-gap or settlement-status layer is available."
LTFRB_PUJ1523,79.26,79.259,626529.7,,,,False,79.26,25.0,worldpop_phl_2020_1km,PROXY,equity-v2.0,"Population exposure only; no validated socioeconomic, accessibility-gap or settlement-status layer is available."
LTFRB_PUJ1524,77.54,77.538,293827.0,,,,False,77.54,25.0,worldpop_phl_2020_1km,PROXY,equity-v2.0,"Population exposure only; no validated socioeconomic, accessibility-gap or settlement-status layer is available."
LTFRB_PUJ1525,82.61,82.606,442002.1,,,,False,82.61,25.0,worldpop_phl_2020_1km,PROXY,equity-v2.0,"Population exposure only; no validated socioeconomic, accessibility-gap or settlement-status layer is available."
LTFRB_PUJ1526,89.41,89.413,813962.9,,,,False,89.41,25.0,worldpop_phl_2020_1km,PROXY,equity-v2.0,"Population exposure only; no validated socioeconomic, accessibility-gap or settlement-status layer is available."
LTFRB_PUJ1527,89.63,89.626,677860.7,,,,False,89.63,25.0,worldpop_phl_2020_1km,PROXY,equity-v2.0,"Population exposure only; no validated socioeconomic, accessibility-gap or settlement-status layer is available."
LTFRB_PUJ1528,91.75,91.75,249067.1,,,,False,91.75,25.0,worldpop_phl_2020_1km,PROXY,equity-v2.0,"Population exposure only; no validated socioeconomic, accessibility-gap or settlement-status layer is available."
LTFRB_PUJ1529,93.15,93.152,300080.9,,,,False,93.15,25.0,worldpop_phl_2020_1km,PROXY,equity-v2.0,"Population exposure only; no validated socioeconomic, accessibility-gap or settlement-status layer is available."
LTFRB_PUJ1530,69.48,69.483,584188.4,,,,False,69.48,25.0,worldpop_phl_2020_1km,PROXY,equity-v2.0,"Population exposure only; no validated socioeconomic, accessibility-gap or settlement-status layer is available."
LTFRB_PUJ1531,69.48,69.483,584188.4,,,,False,69.48,25.0,worldpop_phl_2020_1km,PROXY,equity-v2.0,"Population exposure only; no validated socioeconomic, accessibility-gap or settlement-status layer is available."
LTFRB_PUJ1532,74.72,74.716,612043.4,,,,False,74.72,25.0,worldpop_phl_2020_1km,PROXY,equity-v2.0,"Population exposure only; no validated socioeconomic, accessibility-gap or settlement-status layer is available."
LTFRB_PUJ1533,74.72,74.716,612043.4,,,,False,74.72,25.0,worldpop_phl_2020_1km,PROXY,equity-v2.0,"Population exposure only; no validated socioeconomic, accessibility-gap or settlement-status layer is available."
LTFRB_PUJ1534,88.26,88.263,728846.4,,,,False,88.26,25.0,worldpop_phl_2020_1km,PROXY,equity-v2.0,"Population exposure only; no validated socioeconomic, accessibility-gap or settlement-status layer is available."
LTFRB_PUJ1535,89.8,89.798,716386.4,,,,False,89.8,25.0,worldpop_phl_2020_1km,PROXY,equity-v2.0,"Population exposure only; no validated socioeconomic, accessibility-gap or settlement-status layer is available."
LTFRB_PUJ1536,90.53,90.526,351229.1,,,,False,90.53,25.0,worldpop_phl_2020_1km,PROXY,equity-v2.0,"Population exposure only; no validated socioeconomic, accessibility-gap or settlement-status layer is available."
LTFRB_PUJ1537,93.86,93.855,338769.2,,,,False,93.86,25.0,worldpop_phl_2020_1km,PROXY,equity-v2.0,"Population exposure only; no validated socioeconomic, accessibility-gap or settlement-status layer is available."
LTFRB_PUJ1538,90.69,90.688,678132.9,,,,False,90.69,25.0,worldpop_phl_2020_1km,PROXY,equity-v2.0,"Population exposure only; no validated socioeconomic, accessibility-gap or settlement-status layer is available."
LTFRB_PUJ1539,92.39,92.385,665673.0,,,,False,92.39,25.0,worldpop_phl_2020_1km,PROXY,equity-v2.0,"Population exposure only; no validated socioeconomic, accessibility-gap or settlement-status layer is available."
LTFRB_PUJ1540,87.58,87.577,686953.9,,,,False,87.58,25.0,worldpop_phl_2020_1km,PROXY,equity-v2.0,"Population exposure only; no validated socioeconomic, accessibility-gap or settlement-status layer is available."
LTFRB_PUJ1542,90.06,90.065,583259.6,,,,False,90.06,25.0,worldpop_phl_2020_1km,PROXY,equity-v2.0,"Population exposure only; no validated socioeconomic, accessibility-gap or settlement-status layer is available."
LTFRB_PUJ1543,92.28,92.278,646190.4,,,,False,92.28,25.0,worldpop_phl_2020_1km,PROXY,equity-v2.0,"Population exposure only; no validated socioeconomic, accessibility-gap or settlement-status layer is available."
LTFRB_PUJ1544,91.32,91.323,760446.1,,,,False,91.32,25.0,worldpop_phl_2020_1km,PROXY,equity-v2.0,"Population exposure only; no validated socioeconomic, accessibility-gap or settlement-status layer is available."
LTFRB_PUJ1545,94.02,94.018,760362.4,,,,False,94.02,25.0,worldpop_phl_2020_1km,PROXY,equity-v2.0,"Population exposure only; no validated socioeconomic, accessibility-gap or settlement-status layer is available."
LTFRB_PUJ1547,83.78,83.781,367293.7,,,,False,83.78,25.0,worldpop_phl_2020_1km,PROXY,equity-v2.0,"Population exposure only; no validated socioeconomic, accessibility-gap or settlement-status layer is available."
LTFRB_PUJ1548,66.38,66.383,103164.5,,,,False,66.38,25.0,worldpop_phl_2020_1km,PROXY,equity-v2.0,"Population exposure only; no validated socioeconomic, accessibility-gap or settlement-status layer is available."
LTFRB_PUJ1549,79.09,79.095,168102.0,,,,False,79.09,25.0,worldpop_phl_2020_1km,PROXY,equity-v2.0,"Population exposure only; no validated socioeconomic, accessibility-gap or settlement-status layer is available."
LTFRB_PUJ1550,92.95,92.947,612882.2,,,,False,92.95,25.0,worldpop_phl_2020_1km,PROXY,equity-v2.0,"Population exposure only; no validated socioeconomic, accessibility-gap or settlement-status layer is available."
LTFRB_PUJ1551,92.95,92.947,612882.2,,,,False,92.95,25.0,worldpop_phl_2020_1km,PROXY,equity-v2.0,"Population exposure only; no validated socioeconomic, accessibility-gap or settlement-status layer is available."
LTFRB_PUJ1552,90.66,90.661,663030.3,,,,False,90.66,25.0,worldpop_phl_2020_1km,PROXY,equity-v2.0,"Population exposure only; no validated socioeconomic, accessibility-gap or settlement-status layer is available."
LTFRB_PUJ1554,92.73,92.728,172116.0,,,,False,92.73,25.0,worldpop_phl_2020_1km,PROXY,equity-v2.0,"Population exposure only; no validated socioeconomic, accessibility-gap or settlement-status layer is available."
LTFRB_PUJ1555,92.73,92.728,172116.0,,,,False,92.73,25.0,worldpop_phl_2020_1km,PROXY,equity-v2.0,"Population exposure only; no validated socioeconomic, accessibility-gap or settlement-status layer is available."
LTFRB_PUJ1557,87.28,87.283,661362.9,,,,False,87.28,25.0,worldpop_phl_2020_1km,PROXY,equity-v2.0,"Population exposure only; no validated socioeconomic, accessibility-gap or settlement-status layer is available."
LTFRB_PUJ1558,90.98,90.978,628650.8,,,,False,90.98,25.0,worldpop_phl_2020_1km,PROXY,equity-v2.0,"Population exposure only; no validated socioeconomic, accessibility-gap or settlement-status layer is available."
LTFRB_PUJ1559,91.38,91.384,658286.9,,,,False,91.38,25.0,worldpop_phl_2020_1km,PROXY,equity-v2.0,"Population exposure only; no validated socioeconomic, accessibility-gap or settlement-status layer is available."
LTFRB_PUJ1560,91.51,91.508,762538.3,,,,False,91.51,25.0,worldpop_phl_2020_1km,PROXY,equity-v2.0,"Population exposure only; no validated socioeconomic, accessibility-gap or settlement-status layer is available."
LTFRB_PUJ1561,92.41,92.41,747231.3,,,,False,92.41,25.0,worldpop_phl_2020_1km,PROXY,equity-v2.0,"Population exposure only; no validated socioeconomic, accessibility-gap or settlement-status layer is available."
LTFRB_PUJ1562,95.74,95.741,427919.9,,,,False,95.74,25.0,worldpop_phl_2020_1km,PROXY,equity-v2.0,"Population exposure only; no validated socioeconomic, accessibility-gap or settlement-status layer is available."
LTFRB_PUJ1563,95.74,95.741,427919.9,,,,False,95.74,25.0,worldpop_phl_2020_1km,PROXY,equity-v2.0,"Population exposure only; no validated socioeconomic, accessibility-gap or settlement-status layer is available."
LTFRB_PUJ1564,97.52,97.519,420116.0,,,,False,97.52,25.0,worldpop_phl_2020_1km,PROXY,equity-v2.0,"Population exposure only; no validated socioeconomic, accessibility-gap or settlement-status layer is available."
LTFRB_PUJ1565,97.52,97.519,420116.0,,,,False,97.52,25.0,worldpop_phl_2020_1km,PROXY,equity-v2.0,"Population exposure only; no validated socioeconomic, accessibility-gap or settlement-status layer is available."
LTFRB_PUJ1566,65.13,65.129,107554.1,,,,False,65.13,25.0,worldpop_phl_2020_1km,PROXY,equity-v2.0,"Population exposure only; no validated socioeconomic, accessibility-gap or settlement-status layer is available."
LTFRB_PUJ1567,59.97,59.973,116801.2,,,,False,59.97,25.0,worldpop_phl_2020_1km,PROXY,equity-v2.0,"Population exposure only; no validated socioeconomic, accessibility-gap or settlement-status layer is available."
LTFRB_PUJ1568,93.58,93.576,208003.2,,,,False,93.58,25.0,worldpop_phl_2020_1km,PROXY,equity-v2.0,"Population exposure only; no validated socioeconomic, accessibility-gap or settlement-status layer is available."
LTFRB_PUJ1569,93.58,93.576,208003.2,,,,False,93.58,25.0,worldpop_phl_2020_1km,PROXY,equity-v2.0,"Population exposure only; no validated socioeconomic, accessibility-gap or settlement-status layer is available."
LTFRB_PUJ1570,72.19,72.185,122412.1,,,,False,72.19,25.0,worldpop_phl_2020_1km,PROXY,equity-v2.0,"Population exposure only; no validated socioeconomic, accessibility-gap or settlement-status layer is available."
LTFRB_PUJ1571,81.03,81.031,109049.4,,,,False,81.03,25.0,worldpop_phl_2020_1km,PROXY,equity-v2.0,"Population exposure only; no validated socioeconomic, accessibility-gap or settlement-status layer is available."
LTFRB_PUJ1572,89.16,89.158,366251.7,,,,False,89.16,25.0,worldpop_phl_2020_1km,PROXY,equity-v2.0,"Population exposure only; no validated socioeconomic, accessibility-gap or settlement-status layer is available."
LTFRB_PUJ1573,89.16,89.158,366251.7,,,,False,89.16,25.0,worldpop_phl_2020_1km,PROXY,equity-v2.0,"Population exposure only; no validated socioeconomic, accessibility-gap or settlement-status layer is available."
LTFRB_PUJ1574,89.27,89.274,429512.6,,,,False,89.27,25.0,worldpop_phl_2020_1km,PROXY,equity-v2.0,"Population exposure only; no validated socioeconomic, accessibility-gap or settlement-status layer is available."
LTFRB_PUJ1575,88.71,88.71,408059.9,,,,False,88.71,25.0,worldpop_phl_2020_1km,PROXY,equity-v2.0,"Population exposure only; no validated socioeconomic, accessibility-gap or settlement-status layer is available."
LTFRB_PUJ1576,84.74,84.739,812887.9,,,,False,84.74,25.0,worldpop_phl_2020_1km,PROXY,equity-v2.0,"Population exposure only; no validated socioeconomic, accessibility-gap or settlement-status layer is available."
LTFRB_PUJ1577,84.74,84.739,812887.9,,,,False,84.74,25.0,worldpop_phl_2020_1km,PROXY,equity-v2.0,"Population exposure only; no validated socioeconomic, accessibility-gap or settlement-status layer is available."
LTFRB_PUJ1578,66.57,66.567,257039.6,,,,False,66.57,25.0,worldpop_phl_2020_1km,PROXY,equity-v2.0,"Population exposure only; no validated socioeconomic, accessibility-gap or settlement-status layer is available."
LTFRB_PUJ1580,79.1,79.098,706152.5,,,,False,79.1,25.0,worldpop_phl_2020_1km,PROXY,equity-v2.0,"Population exposure only; no validated socioeconomic, accessibility-gap or settlement-status layer is available."
LTFRB_PUJ1581,79.1,79.098,706152.5,,,,False,79.1,25.0,worldpop_phl_2020_1km,PROXY,equity-v2.0,"Population exposure only; no validated socioeconomic, accessibility-gap or settlement-status layer is available."
LTFRB_PUJ1582,94.12,94.12,403756.8,,,,False,94.12,25.0,worldpop_phl_2020_1km,PROXY,equity-v2.0,"Population exposure only; no validated socioeconomic, accessibility-gap or settlement-status layer is available."
LTFRB_PUJ1583,91.98,91.984,457143.8,,,,False,91.98,25.0,worldpop_phl_2020_1km,PROXY,equity-v2.0,"Population exposure only; no validated socioeconomic, accessibility-gap or settlement-status layer is available."
LTFRB_PUJ1584,77.79,77.793,129997.4,,,,False,77.79,25.0,worldpop_phl_2020_1km,PROXY,equity-v2.0,"Population exposure only; no validated socioeconomic, accessibility-gap or settlement-status layer is available."
LTFRB_PUJ1585,77.79,77.793,129997.4,,,,False,77.79,25.0,worldpop_phl_2020_1km,PROXY,equity-v2.0,"Population exposure only; no validated socioeconomic, accessibility-gap or settlement-status layer is available."
LTFRB_PUJ1587,100.0,100.0,145716.0,,,,False,100.0,25.0,worldpop_phl_2020_1km,PROXY,equity-v2.0,"Population exposure only; no validated socioeconomic, accessibility-gap or settlement-status layer is available."
LTFRB_PUJ1588,75.46,75.46,562041.2,,,,False,75.46,25.0,worldpop_phl_2020_1km,PROXY,equity-v2.0,"Population exposure only; no validated socioeconomic, accessibility-gap or settlement-status layer is available."
LTFRB_PUJ1589,80.36,80.358,586956.8,,,,False,80.36,25.0,worldpop_phl_2020_1km,PROXY,equity-v2.0,"Population exposure only; no validated socioeconomic, accessibility-gap or settlement-status layer is available."
LTFRB_PUJ1590,58.4,58.398,70714.6,,,,False,58.4,25.0,worldpop_phl_2020_1km,PROXY,equity-v2.0,"Population exposure only; no validated socioeconomic, accessibility-gap or settlement-status layer is available."
LTFRB_PUJ1591,58.4,58.398,70714.6,,,,False,58.4,25.0,worldpop_phl_2020_1km,PROXY,equity-v2.0,"Population exposure only; no validated socioeconomic, accessibility-gap or settlement-status layer is available."
LTFRB_PUJ1592,85.25,85.247,510208.2,,,,False,85.25,25.0,worldpop_phl_2020_1km,PROXY,equity-v2.0,"Population exposure only; no validated socioeconomic, accessibility-gap or settlement-status layer is available."
LTFRB_PUJ1593,84.33,84.334,480466.3,,,,False,84.33,25.0,worldpop_phl_2020_1km,PROXY,equity-v2.0,"Population exposure only; no validated socioeconomic, accessibility-gap or settlement-status layer is available."
LTFRB_PUJ1594,76.14,76.14,600599.9,,,,False,76.14,25.0,worldpop_phl_2020_1km,PROXY,equity-v2.0,"Population exposure only; no validated socioeconomic, accessibility-gap or settlement-status layer is available."
LTFRB_PUJ1595,76.14,76.14,600599.9,,,,False,76.14,25.0,worldpop_phl_2020_1km,PROXY,equity-v2.0,"Population exposure only; no validated socioeconomic, accessibility-gap or settlement-status layer is available."
LTFRB_PUJ1596,57.17,57.175,430079.1,,,,False,57.17,25.0,worldpop_phl_2020_1km,PROXY,equity-v2.0,"Population exposure only; no validated socioeconomic, accessibility-gap or settlement-status layer is available."
LTFRB_PUJ1597,57.17,57.175,430079.1,,,,False,57.17,25.0,worldpop_phl_2020_1km,PROXY,equity-v2.0,"Population exposure only; no validated socioeconomic, accessibility-gap or settlement-status layer is available."
LTFRB_PUJ1598,63.75,63.749,385728.2,,,,False,63.75,25.0,worldpop_phl_2020_1km,PROXY,equity-v2.0,"Population exposure only; no validated socioeconomic, accessibility-gap or settlement-status layer is available."
LTFRB_PUJ1599,63.75,63.749,385728.2,,,,False,63.75,25.0,worldpop_phl_2020_1km,PROXY,equity-v2.0,"Population exposure only; no validated socioeconomic, accessibility-gap or settlement-status layer is available."
LTFRB_PUJ1600,93.44,93.442,209151.9,,,,False,93.44,25.0,worldpop_phl_2020_1km,PROXY,equity-v2.0,"Population exposure only; no validated socioeconomic, accessibility-gap or settlement-status layer is available."
LTFRB_PUJ1601,93.44,93.442,209151.9,,,,False,93.44,25.0,worldpop_phl_2020_1km,PROXY,equity-v2.0,"Population exposure only; no validated socioeconomic, accessibility-gap or settlement-status layer is available."
LTFRB_PUJ1602,71.94,71.943,179767.9,,,,False,71.94,25.0,worldpop_phl_2020_1km,PROXY,equity-v2.0,"Population exposure only; no validated socioeconomic, accessibility-gap or settlement-status layer is available."
LTFRB_PUJ1603,71.94,71.943,179767.9,,,,False,71.94,25.0,worldpop_phl_2020_1km,PROXY,equity-v2.0,"Population exposure only; no validated socioeconomic, accessibility-gap or settlement-status layer is available."
LTFRB_PUJ1604,83.38,83.379,878072.8,,,,False,83.38,25.0,worldpop_phl_2020_1km,PROXY,equity-v2.0,"Population exposure only; no validated socioeconomic, accessibility-gap or settlement-status layer is available."
LTFRB_PUJ1605,82.03,82.025,888044.4,,,,False,82.03,25.0,worldpop_phl_2020_1km,PROXY,equity-v2.0,"Population exposure only; no validated socioeconomic, accessibility-gap or settlement-status layer is available."
LTFRB_PUJ1606,93.55,93.549,628020.3,,,,False,93.55,25.0,worldpop_phl_2020_1km,PROXY,equity-v2.0,"Population exposure only; no validated socioeconomic, accessibility-gap or settlement-status layer is available."
LTFRB_PUJ1607,94.63,94.627,604409.7,,,,False,94.63,25.0,worldpop_phl_2020_1km,PROXY,equity-v2.0,"Population exposure only; no validated socioeconomic, accessibility-gap or settlement-status layer is available."
LTFRB_PUJ1608,89.07,89.07,846726.2,,,,False,89.07,25.0,worldpop_phl_2020_1km,PROXY,equity-v2.0,"Population exposure only; no validated socioeconomic, accessibility-gap or settlement-status layer is available."
LTFRB_PUJ1609,89.71,89.715,899771.6,,,,False,89.71,25.0,worldpop_phl_2020_1km,PROXY,equity-v2.0,"Population exposure only; no validated socioeconomic, accessibility-gap or settlement-status layer is available."
LTFRB_PUJ1610,94.51,94.513,738297.2,,,,False,94.51,25.0,worldpop_phl_2020_1km,PROXY,equity-v2.0,"Population exposure only; no validated socioeconomic, accessibility-gap or settlement-status layer is available."
LTFRB_PUJ1611,95.51,95.508,722990.2,,,,False,95.51,25.0,worldpop_phl_2020_1km,PROXY,equity-v2.0,"Population exposure only; no validated socioeconomic, accessibility-gap or settlement-status layer is available."
LTFRB_PUJ1612,83.72,83.723,170446.9,,,,False,83.72,25.0,worldpop_phl_2020_1km,PROXY,equity-v2.0,"Population exposure only; no validated socioeconomic, accessibility-gap or settlement-status layer is available."
LTFRB_PUJ1613,84.58,84.584,245054.8,,,,False,84.58,25.0,worldpop_phl_2020_1km,PROXY,equity-v2.0,"Population exposure only; no validated socioeconomic, accessibility-gap or settlement-status layer is available."
LTFRB_PUJ1614,83.15,83.15,770382.3,,,,False,83.15,25.0,worldpop_phl_2020_1km,PROXY,equity-v2.0,"Population exposure only; no validated socioeconomic, accessibility-gap or settlement-status layer is available."
LTFRB_PUJ1615,83.15,83.15,770382.3,,,,False,83.15,25.0,worldpop_phl_2020_1km,PROXY,equity-v2.0,"Population exposure only; no validated socioeconomic, accessibility-gap or settlement-status layer is available."
LTFRB_PUJ1616,94.63,94.628,250535.6,,,,False,94.63,25.0,worldpop_phl_2020_1km,PROXY,equity-v2.0,"Population exposure only; no validated socioeconomic, accessibility-gap or settlement-status layer is available."
LTFRB_PUJ1617,94.63,94.628,250535.6,,,,False,94.63,25.0,worldpop_phl_2020_1km,PROXY,equity-v2.0,"Population exposure only; no validated socioeconomic, accessibility-gap or settlement-status layer is available."
LTFRB_PUJ1618,77.04,77.038,211478.5,,,,False,77.04,25.0,worldpop_phl_2020_1km,PROXY,equity-v2.0,"Population exposure only; no validated socioeconomic, accessibility-gap or settlement-status layer is available."
LTFRB_PUJ1619,79.54,79.545,237400.1,,,,False,79.54,25.0,worldpop_phl_2020_1km,PROXY,equity-v2.0,"Population exposure only; no validated socioeconomic, accessibility-gap or settlement-status layer is available."
LTFRB_PUJ1620,92.13,92.125,328622.8,,,,False,92.13,25.0,worldpop_phl_2020_1km,PROXY,equity-v2.0,"Population exposure only; no validated socioeconomic, accessibility-gap or settlement-status layer is available."
LTFRB_PUJ1621,92.66,92.657,352418.5,,,,False,92.66,25.0,worldpop_phl_2020_1km,PROXY,equity-v2.0,"Population exposure only; no validated socioeconomic, accessibility-gap or settlement-status layer is available."
LTFRB_PUJ1622,82.1,82.099,280525.7,,,,False,82.1,25.0,worldpop_phl_2020_1km,PROXY,equity-v2.0,"Population exposure only; no validated socioeconomic, accessibility-gap or settlement-status layer is available."
LTFRB_PUJ1623,83.4,83.399,302504.4,,,,False,83.4,25.0,worldpop_phl_2020_1km,PROXY,equity-v2.0,"Population exposure only; no validated socioeconomic, accessibility-gap or settlement-status layer is available."
LTFRB_PUJ1624,96.42,96.423,273159.2,,,,False,96.42,25.0,worldpop_phl_2020_1km,PROXY,equity-v2.0,"Population exposure only; no validated socioeconomic, accessibility-gap or settlement-status layer is available."
LTFRB_PUJ1625,97.0,97.005,326204.6,,,,False,97.0,25.0,worldpop_phl_2020_1km,PROXY,equity-v2.0,"Population exposure only; no validated socioeconomic, accessibility-gap or settlement-status layer is available."
LTFRB_PUJ1626,55.81,55.81,397423.7,,,,False,55.81,25.0,worldpop_phl_2020_1km,PROXY,equity-v2.0,"Population exposure only; no validated socioeconomic, accessibility-gap or settlement-status layer is available."
LTFRB_PUJ1627,55.81,55.81,397423.7,,,,False,55.81,25.0,worldpop_phl_2020_1km,PROXY,equity-v2.0,"Population exposure only; no validated socioeconomic, accessibility-gap or settlement-status layer is available."
LTFRB_PUJ1628,75.49,75.488,107281.6,,,,False,75.49,25.0,worldpop_phl_2020_1km,PROXY,equity-v2.0,"Population exposure only; no validated socioeconomic, accessibility-gap or settlement-status layer is available."
LTFRB_PUJ1629,87.07,87.074,93006.7,,,,False,87.07,25.0,worldpop_phl_2020_1km,PROXY,equity-v2.0,"Population exposure only; no validated socioeconomic, accessibility-gap or settlement-status layer is available."
LTFRB_PUJ1630,66.6,66.601,439923.9,,,,False,66.6,25.0,worldpop_phl_2020_1km,PROXY,equity-v2.0,"Population exposure only; no validated socioeconomic, accessibility-gap or settlement-status layer is available."
LTFRB_PUJ1631,66.6,66.601,439923.9,,,,False,66.6,25.0,worldpop_phl_2020_1km,PROXY,equity-v2.0,"Population exposure only; no validated socioeconomic, accessibility-gap or settlement-status layer is available."
LTFRB_PUJ1632,22.16,22.155,147309.8,,,,False,22.16,25.0,worldpop_phl_2020_1km,PROXY,equity-v2.0,"Population exposure only; no validated socioeconomic, accessibility-gap or settlement-status layer is available."
LTFRB_PUJ1633,30.55,30.546,166608.4,,,,False,30.55,25.0,worldpop_phl_2020_1km,PROXY,equity-v2.0,"Population exposure only; no validated socioeconomic, accessibility-gap or settlement-status layer is available."
LTFRB_PUJ1634,0.0,0.0,61092.0,,,,False,0.0,25.0,worldpop_phl_2020_1km,PROXY,equity-v2.0,"Population exposure only; no validated socioeconomic, accessibility-gap or settlement-status layer is available."
LTFRB_PUJ1635,0.0,0.0,61092.0,,,,False,0.0,25.0,worldpop_phl_2020_1km,PROXY,equity-v2.0,"Population exposure only; no validated socioeconomic, accessibility-gap or settlement-status layer is available."
LTFRB_PUJ1636,71.99,71.994,804490.0,,,,False,71.99,25.0,worldpop_phl_2020_1km,PROXY,equity-v2.0,"Population exposure only; no validated socioeconomic, accessibility-gap or settlement-status layer is available."
LTFRB_PUJ1637,71.99,71.994,804490.0,,,,False,71.99,25.0,worldpop_phl_2020_1km,PROXY,equity-v2.0,"Population exposure only; no validated socioeconomic, accessibility-gap or settlement-status layer is available."
LTFRB_PUJ1638,71.83,71.825,833337.1,,,,False,71.83,25.0,worldpop_phl_2020_1km,PROXY,equity-v2.0,"Population exposure only; no validated socioeconomic, accessibility-gap or settlement-status layer is available."
LTFRB_PUJ1639,72.14,72.141,829683.5,,,,False,72.14,25.0,worldpop_phl_2020_1km,PROXY,equity-v2.0,"Population exposure only; no validated socioeconomic, accessibility-gap or settlement-status layer is available."
LTFRB_PUJ1640,71.48,71.476,810324.9,,,,False,71.48,25.0,worldpop_phl_2020_1km,PROXY,equity-v2.0,"Population exposure only; no validated socioeconomic, accessibility-gap or settlement-status layer is available."
LTFRB_PUJ1643,71.48,71.476,810324.9,,,,False,71.48,25.0,worldpop_phl_2020_1km,PROXY,equity-v2.0,"Population exposure only; no validated socioeconomic, accessibility-gap or settlement-status layer is available."
LTFRB_PUJ1645,23.38,23.383,293730.0,,,,False,23.38,25.0,worldpop_phl_2020_1km,PROXY,equity-v2.0,"Population exposure only; no validated socioeconomic, accessibility-gap or settlement-status layer is available."
LTFRB_PUJ1648,67.82,67.821,683369.5,,,,False,67.82,25.0,worldpop_phl_2020_1km,PROXY,equity-v2.0,"Population exposure only; no validated socioeconomic, accessibility-gap or settlement-status layer is available."
LTFRB_PUJ1649,67.82,67.821,683369.5,,,,False,67.82,25.0,worldpop_phl_2020_1km,PROXY,equity-v2.0,"Population exposure only; no validated socioeconomic, accessibility-gap or settlement-status layer is available."
LTFRB_PUJ1650,86.6,86.596,112403.3,,,,False,86.6,25.0,worldpop_phl_2020_1km,PROXY,equity-v2.0,"Population exposure only; no validated socioeconomic, accessibility-gap or settlement-status layer is available."
LTFRB_PUJ1651,96.0,96.003,267216.4,,,,False,96.0,25.0,worldpop_phl_2020_1km,PROXY,equity-v2.0,"Population exposure only; no validated socioeconomic, accessibility-gap or settlement-status layer is available."
LTFRB_PUJ1652,71.32,71.324,91641.2,,,,False,71.32,25.0,worldpop_phl_2020_1km,PROXY,equity-v2.0,"Population exposure only; no validated socioeconomic, accessibility-gap or settlement-status layer is available."
LTFRB_PUJ1653,83.1,83.095,498920.6,,,,False,83.1,25.0,worldpop_phl_2020_1km,PROXY,equity-v2.0,"Population exposure only; no validated socioeconomic, accessibility-gap or settlement-status layer is available."
LTFRB_PUJ1654,86.85,86.854,477326.0,,,,False,86.85,25.0,worldpop_phl_2020_1km,PROXY,equity-v2.0,"Population exposure only; no validated socioeconomic, accessibility-gap or settlement-status layer is available."
LTFRB_PUJ1655,96.9,96.897,335904.6,,,,False,96.9,25.0,worldpop_phl_2020_1km,PROXY,equity-v2.0,"Population exposure only; no validated socioeconomic, accessibility-gap or settlement-status layer is available."
LTFRB_PUJ1656,96.9,96.897,335904.6,,,,False,96.9,25.0,worldpop_phl_2020_1km,PROXY,equity-v2.0,"Population exposure only; no validated socioeconomic, accessibility-gap or settlement-status layer is available."
LTFRB_PUJ1657,81.91,81.907,390543.6,,,,False,81.91,25.0,worldpop_phl_2020_1km,PROXY,equity-v2.0,"Population exposure only; no validated socioeconomic, accessibility-gap or settlement-status layer is available."
LTFRB_PUJ1658,81.91,81.907,390543.6,,,,False,81.91,25.0,worldpop_phl_2020_1km,PROXY,equity-v2.0,"Population exposure only; no validated socioeconomic, accessibility-gap or settlement-status layer is available."
LTFRB_PUJ1659,86.08,86.076,535213.2,,,,False,86.08,25.0,worldpop_phl_2020_1km,PROXY,equity-v2.0,"Population exposure only; no validated socioeconomic, accessibility-gap or settlement-status layer is available."
LTFRB_PUJ1660,86.08,86.076,535213.2,,,,False,86.08,25.0,worldpop_phl_2020_1km,PROXY,equity-v2.0,"Population exposure only; no validated socioeconomic, accessibility-gap or settlement-status layer is available."
LTFRB_PUJ1661,32.24,32.238,165676.2,,,,False,32.24,25.0,worldpop_phl_2020_1km,PROXY,equity-v2.0,"Population exposure only; no validated socioeconomic, accessibility-gap or settlement-status layer is available."
LTFRB_PUJ1662,45.11,45.114,118390.9,,,,False,45.11,25.0,worldpop_phl_2020_1km,PROXY,equity-v2.0,"Population exposure only; no validated socioeconomic, accessibility-gap or settlement-status layer is available."
LTFRB_PUJ1663,39.49,39.495,98962.9,,,,False,39.49,25.0,worldpop_phl_2020_1km,PROXY,equity-v2.0,"Population exposure only; no validated socioeconomic, accessibility-gap or settlement-status layer is available."
LTFRB_PUJ1664,60.52,60.524,64578.3,,,,False,60.52,25.0,worldpop_phl_2020_1km,PROXY,equity-v2.0,"Population exposure only; no validated socioeconomic, accessibility-gap or settlement-status layer is available."
LTFRB_PUJ1665,80.07,80.072,67788.4,,,,False,80.07,25.0,worldpop_phl_2020_1km,PROXY,equity-v2.0,"Population exposure only; no validated socioeconomic, accessibility-gap or settlement-status layer is available."
LTFRB_PUJ1666,80.07,80.072,67788.4,,,,False,80.07,25.0,worldpop_phl_2020_1km,PROXY,equity-v2.0,"Population exposure only; no validated socioeconomic, accessibility-gap or settlement-status layer is available."
LTFRB_PUJ1667,70.33,70.33,148242.6,,,,False,70.33,25.0,worldpop_phl_2020_1km,PROXY,equity-v2.0,"Population exposure only; no validated socioeconomic, accessibility-gap or settlement-status layer is available."
LTFRB_PUJ1668,65.03,65.03,125775.2,,,,False,65.03,25.0,worldpop_phl_2020_1km,PROXY,equity-v2.0,"Population exposure only; no validated socioeconomic, accessibility-gap or settlement-status layer is available."
LTFRB_PUJ1670,79.95,79.95,252600.3,,,,False,79.95,25.0,worldpop_phl_2020_1km,PROXY,equity-v2.0,"Population exposure only; no validated socioeconomic, accessibility-gap or settlement-status layer is available."
LTFRB_PUJ1671,80.49,80.489,795854.6,,,,False,80.49,25.0,worldpop_phl_2020_1km,PROXY,equity-v2.0,"Population exposure only; no validated socioeconomic, accessibility-gap or settlement-status layer is available."
LTFRB_PUJ1672,81.87,81.872,812163.1,,,,False,81.87,25.0,worldpop_phl_2020_1km,PROXY,equity-v2.0,"Population exposure only; no validated socioeconomic, accessibility-gap or settlement-status layer is available."
LTFRB_PUJ1673,90.73,90.732,224598.8,,,,False,90.73,25.0,worldpop_phl_2020_1km,PROXY,equity-v2.0,"Population exposure only; no validated socioeconomic, accessibility-gap or settlement-status layer is available."
LTFRB_PUJ1674,90.73,90.732,224598.8,,,,False,90.73,25.0,worldpop_phl_2020_1km,PROXY,equity-v2.0,"Population exposure only; no validated socioeconomic, accessibility-gap or settlement-status layer is available."
LTFRB_PUJ1675,87.12,87.121,662594.1,,,,False,87.12,25.0,worldpop_phl_2020_1km,PROXY,equity-v2.0,"Population exposure only; no validated socioeconomic, accessibility-gap or settlement-status layer is available."
LTFRB_PUJ1676,88.62,88.616,678902.5,,,,False,88.62,25.0,worldpop_phl_2020_1km,PROXY,equity-v2.0,"Population exposure only; no validated socioeconomic, accessibility-gap or settlement-status layer is available."
LTFRB_PUJ1677,79.09,79.095,168102.0,,,,False,79.09,25.0,worldpop_phl_2020_1km,PROXY,equity-v2.0,"Population exposure only; no validated socioeconomic, accessibility-gap or settlement-status layer is available."
LTFRB_PUJ1678,66.38,66.383,103164.5,,,,False,66.38,25.0,worldpop_phl_2020_1km,PROXY,equity-v2.0,"Population exposure only; no validated socioeconomic, accessibility-gap or settlement-status layer is available."
LTFRB_PUJ1680,79.2,79.2,966656.1,,,,False,79.2,25.0,worldpop_phl_2020_1km,PROXY,equity-v2.0,"Population exposure only; no validated socioeconomic, accessibility-gap or settlement-status layer is available."
LTFRB_PUJ1682,76.37,76.37,519251.3,,,,False,76.37,25.0,worldpop_phl_2020_1km,PROXY,equity-v2.0,"Population exposure only; no validated socioeconomic, accessibility-gap or settlement-status layer is available."
LTFRB_PUJ1683,76.37,76.37,519251.3,,,,False,76.37,25.0,worldpop_phl_2020_1km,PROXY,equity-v2.0,"Population exposure only; no validated socioeconomic, accessibility-gap or settlement-status layer is available."
LTFRB_PUJ1684,74.57,74.566,613274.7,,,,False,74.57,25.0,worldpop_phl_2020_1km,PROXY,equity-v2.0,"Population exposure only; no validated socioeconomic, accessibility-gap or settlement-status layer is available."
LTFRB_PUJ1685,76.5,76.504,629583.1,,,,False,76.5,25.0,worldpop_phl_2020_1km,PROXY,equity-v2.0,"Population exposure only; no validated socioeconomic, accessibility-gap or settlement-status layer is available."
LTFRB_PUJ1686,93.93,93.926,510469.4,,,,False,93.93,25.0,worldpop_phl_2020_1km,PROXY,equity-v2.0,"Population exposure only; no validated socioeconomic, accessibility-gap or settlement-status layer is available."
LTFRB_PUJ1687,93.93,93.926,510469.4,,,,False,93.93,25.0,worldpop_phl_2020_1km,PROXY,equity-v2.0,"Population exposure only; no validated socioeconomic, accessibility-gap or settlement-status layer is available."
LTFRB_PUJ1688,89.87,89.874,701483.1,,,,False,89.87,25.0,worldpop_phl_2020_1km,PROXY,equity-v2.0,"Population exposure only; no validated socioeconomic, accessibility-gap or settlement-status layer is available."
LTFRB_PUJ1689,89.58,89.579,681635.6,,,,False,89.58,25.0,worldpop_phl_2020_1km,PROXY,equity-v2.0,"Population exposure only; no validated socioeconomic, accessibility-gap or settlement-status layer is available."
LTFRB_PUJ1691,79.16,79.159,552063.3,,,,False,79.16,25.0,worldpop_phl_2020_1km,PROXY,equity-v2.0,"Population exposure only; no validated socioeconomic, accessibility-gap or settlement-status layer is available."
LTFRB_PUJ1693,80.01,80.007,515831.8,,,,False,80.01,25.0,worldpop_phl_2020_1km,PROXY,equity-v2.0,"Population exposure only; no validated socioeconomic, accessibility-gap or settlement-status layer is available."
LTFRB_PUJ1694,58.58,58.583,232553.4,,,,False,58.58,25.0,worldpop_phl_2020_1km,PROXY,equity-v2.0,"Population exposure only; no validated socioeconomic, accessibility-gap or settlement-status layer is available."
LTFRB_PUJ1695,58.58,58.583,232553.4,,,,False,58.58,25.0,worldpop_phl_2020_1km,PROXY,equity-v2.0,"Population exposure only; no validated socioeconomic, accessibility-gap or settlement-status layer is available."
LTFRB_PUJ1696,82.21,82.207,339927.4,,,,False,82.21,25.0,worldpop_phl_2020_1km,PROXY,equity-v2.0,"Population exposure only; no validated socioeconomic, accessibility-gap or settlement-status layer is available."
LTFRB_PUJ1697,82.21,82.207,339927.4,,,,False,82.21,25.0,worldpop_phl_2020_1km,PROXY,equity-v2.0,"Population exposure only; no validated socioeconomic, accessibility-gap or settlement-status layer is available."
LTFRB_PUJ1698,87.78,87.779,494901.0,,,,False,87.78,25.0,worldpop_phl_2020_1km,PROXY,equity-v2.0,"Population exposure only; no validated socioeconomic, accessibility-gap or settlement-status layer is available."
LTFRB_PUJ1699,87.78,87.779,494901.0,,,,False,87.78,25.0,worldpop_phl_2020_1km,PROXY,equity-v2.0,"Population exposure only; no validated socioeconomic, accessibility-gap or settlement-status layer is available."
LTFRB_PUJ1700,76.2,76.197,299981.6,,,,False,76.2,25.0,worldpop_phl_2020_1km,PROXY,equity-v2.0,"Population exposure only; no validated socioeconomic, accessibility-gap or settlement-status layer is available."
LTFRB_PUJ1701,76.2,76.197,299981.6,,,,False,76.2,25.0,worldpop_phl_2020_1km,PROXY,equity-v2.0,"Population exposure only; no validated socioeconomic, accessibility-gap or settlement-status layer is available."
LTFRB_PUJ1702,70.53,70.531,111215.7,,,,False,70.53,25.0,worldpop_phl_2020_1km,PROXY,equity-v2.0,"Population exposure only; no validated socioeconomic, accessibility-gap or settlement-status layer is available."
LTFRB_PUJ1703,70.53,70.531,111215.7,,,,False,70.53,25.0,worldpop_phl_2020_1km,PROXY,equity-v2.0,"Population exposure only; no validated socioeconomic, accessibility-gap or settlement-status layer is available."
LTFRB_PUJ1704,50.23,50.23,77395.7,,,,False,50.23,25.0,worldpop_phl_2020_1km,PROXY,equity-v2.0,"Population exposure only; no validated socioeconomic, accessibility-gap or settlement-status layer is available."
LTFRB_PUJ1705,53.94,53.94,72071.5,,,,False,53.94,25.0,worldpop_phl_2020_1km,PROXY,equity-v2.0,"Population exposure only; no validated socioeconomic, accessibility-gap or settlement-status layer is available."
LTFRB_PUJ1706,89.12,89.12,688769.8,,,,False,89.12,25.0,worldpop_phl_2020_1km,PROXY,equity-v2.0,"Population exposure only; no validated socioeconomic, accessibility-gap or settlement-status layer is available."
LTFRB_PUJ1707,89.02,89.021,682554.3,,,,False,89.02,25.0,worldpop_phl_2020_1km,PROXY,equity-v2.0,"Population exposure only; no validated socioeconomic, accessibility-gap or settlement-status layer is available."
LTFRB_PUJ1708,100.0,100.0,210767.6,,,,False,100.0,25.0,worldpop_phl_2020_1km,PROXY,equity-v2.0,"Population exposure only; no validated socioeconomic, accessibility-gap or settlement-status layer is available."
LTFRB_PUJ1709,100.0,100.0,210767.6,,,,False,100.0,25.0,worldpop_phl_2020_1km,PROXY,equity-v2.0,"Population exposure only; no validated socioeconomic, accessibility-gap or settlement-status layer is available."
LTFRB_PUJ1710,100.0,100.0,182261.4,,,,False,100.0,25.0,worldpop_phl_2020_1km,PROXY,equity-v2.0,"Population exposure only; no validated socioeconomic, accessibility-gap or settlement-status layer is available."
LTFRB_PUJ1711,100.0,100.0,237984.6,,,,False,100.0,25.0,worldpop_phl_2020_1km,PROXY,equity-v2.0,"Population exposure only; no validated socioeconomic, accessibility-gap or settlement-status layer is available."
LTFRB_PUJ1712,90.9,90.895,227199.1,,,,False,90.9,25.0,worldpop_phl_2020_1km,PROXY,equity-v2.0,"Population exposure only; no validated socioeconomic, accessibility-gap or settlement-status layer is available."
LTFRB_PUJ1713,93.79,93.786,203588.5,,,,False,93.79,25.0,worldpop_phl_2020_1km,PROXY,equity-v2.0,"Population exposure only; no validated socioeconomic, accessibility-gap or settlement-status layer is available."
LTFRB_PUJ1715,95.53,95.527,563896.3,,,,False,95.53,25.0,worldpop_phl_2020_1km,PROXY,equity-v2.0,"Population exposure only; no validated socioeconomic, accessibility-gap or settlement-status layer is available."
LTFRB_PUJ1716,97.16,97.158,373717.9,,,,False,97.16,25.0,worldpop_phl_2020_1km,PROXY,equity-v2.0,"Population exposure only; no validated socioeconomic, accessibility-gap or settlement-status layer is available."
LTFRB_PUJ1717,97.16,97.158,373717.9,,,,False,97.16,25.0,worldpop_phl_2020_1km,PROXY,equity-v2.0,"Population exposure only; no validated socioeconomic, accessibility-gap or settlement-status layer is available."
LTFRB_PUJ1718,97.69,97.693,460252.9,,,,False,97.69,25.0,worldpop_phl_2020_1km,PROXY,equity-v2.0,"Population exposure only; no validated socioeconomic, accessibility-gap or settlement-status layer is available."
LTFRB_PUJ1719,97.27,97.265,388316.3,,,,False,97.27,25.0,worldpop_phl_2020_1km,PROXY,equity-v2.0,"Population exposure only; no validated socioeconomic, accessibility-gap or settlement-status layer is available."
LTFRB_PUJ1720,91.4,91.403,816688.5,,,,False,91.4,25.0,worldpop_phl_2020_1km,PROXY,equity-v2.0,"Population exposure only; no validated socioeconomic, accessibility-gap or settlement-status layer is available."
LTFRB_PUJ1721,91.4,91.403,816688.5,,,,False,91.4,25.0,worldpop_phl_2020_1km,PROXY,equity-v2.0,"Population exposure only; no validated socioeconomic, accessibility-gap or settlement-status layer is available."
LTFRB_PUJ1722,93.25,93.249,861589.1,,,,False,93.25,25.0,worldpop_phl_2020_1km,PROXY,equity-v2.0,"Population exposure only; no validated socioeconomic, accessibility-gap or settlement-status layer is available."
LTFRB_PUJ1723,94.02,94.02,854522.3,,,,False,94.02,25.0,worldpop_phl_2020_1km,PROXY,equity-v2.0,"Population exposure only; no validated socioeconomic, accessibility-gap or settlement-status layer is available."
LTFRB_PUJ1724,79.67,79.668,253496.7,,,,False,79.67,25.0,worldpop_phl_2020_1km,PROXY,equity-v2.0,"Population exposure only; no validated socioeconomic, accessibility-gap or settlement-status layer is available."
LTFRB_PUJ1725,79.95,79.95,252600.3,,,,False,79.95,25.0,worldpop_phl_2020_1km,PROXY,equity-v2.0,"Population exposure only; no validated socioeconomic, accessibility-gap or settlement-status layer is available."
LTFRB_PUJ1726,100.0,100.0,202256.6,,,,False,100.0,25.0,worldpop_phl_2020_1km,PROXY,equity-v2.0,"Population exposure only; no validated socioeconomic, accessibility-gap or settlement-status layer is available."
LTFRB_PUJ1727,100.0,100.0,202256.6,,,,False,100.0,25.0,worldpop_phl_2020_1km,PROXY,equity-v2.0,"Population exposure only; no validated socioeconomic, accessibility-gap or settlement-status layer is available."
LTFRB_PUJ1729,100.0,100.0,285929.4,,,,False,100.0,25.0,worldpop_phl_2020_1km,PROXY,equity-v2.0,"Population exposure only; no validated socioeconomic, accessibility-gap or settlement-status layer is available."
LTFRB_PUJ1730,73.98,73.975,474962.0,,,,False,73.98,25.0,worldpop_phl_2020_1km,PROXY,equity-v2.0,"Population exposure only; no validated socioeconomic, accessibility-gap or settlement-status layer is available."
LTFRB_PUJ1731,73.98,73.975,474962.0,,,,False,73.98,25.0,worldpop_phl_2020_1km,PROXY,equity-v2.0,"Population exposure only; no validated socioeconomic, accessibility-gap or settlement-status layer is available."
LTFRB_PUJ1732,81.22,81.215,233453.1,,,,False,81.22,25.0,worldpop_phl_2020_1km,PROXY,equity-v2.0,"Population exposure only; no validated socioeconomic, accessibility-gap or settlement-status layer is available."
LTFRB_PUJ1734,79.65,79.65,722424.8,,,,False,79.65,25.0,worldpop_phl_2020_1km,PROXY,equity-v2.0,"Population exposure only; no validated socioeconomic, accessibility-gap or settlement-status layer is available."
LTFRB_PUJ1735,79.65,79.65,722424.8,,,,False,79.65,25.0,worldpop_phl_2020_1km,PROXY,equity-v2.0,"Population exposure only; no validated socioeconomic, accessibility-gap or settlement-status layer is available."
LTFRB_PUJ1736,71.81,71.815,479071.2,,,,False,71.81,25.0,worldpop_phl_2020_1km,PROXY,equity-v2.0,"Population exposure only; no validated socioeconomic, accessibility-gap or settlement-status layer is available."
LTFRB_PUJ1737,72.25,72.248,535831.5,,,,False,72.25,25.0,worldpop_phl_2020_1km,PROXY,equity-v2.0,"Population exposure only; no validated socioeconomic, accessibility-gap or settlement-status layer is available."
LTFRB_PUJ1738,76.58,76.578,627661.5,,,,False,76.58,25.0,worldpop_phl_2020_1km,PROXY,equity-v2.0,"Population exposure only; no validated socioeconomic, accessibility-gap or settlement-status layer is available."
LTFRB_PUJ1739,76.58,76.578,627661.5,,,,False,76.58,25.0,worldpop_phl_2020_1km,PROXY,equity-v2.0,"Population exposure only; no validated socioeconomic, accessibility-gap or settlement-status layer is available."
LTFRB_PUJ1740,53.53,53.531,114273.8,,,,False,53.53,25.0,worldpop_phl_2020_1km,PROXY,equity-v2.0,"Population exposure only; no validated socioeconomic, accessibility-gap or settlement-status layer is available."
LTFRB_PUJ1741,53.53,53.531,114273.8,,,,False,53.53,25.0,worldpop_phl_2020_1km,PROXY,equity-v2.0,"Population exposure only; no validated socioeconomic, accessibility-gap or settlement-status layer is available."
LTFRB_PUJ1742,39.0,38.997,156863.0,,,,False,39.0,25.0,worldpop_phl_2020_1km,PROXY,equity-v2.0,"Population exposure only; no validated socioeconomic, accessibility-gap or settlement-status layer is available."
LTFRB_PUJ1743,44.46,44.457,137597.5,,,,False,44.46,25.0,worldpop_phl_2020_1km,PROXY,equity-v2.0,"Population exposure only; no validated socioeconomic, accessibility-gap or settlement-status layer is available."
LTFRB_PUJ1744,79.36,79.364,336612.6,,,,False,79.36,25.0,worldpop_phl_2020_1km,PROXY,equity-v2.0,"Population exposure only; no validated socioeconomic, accessibility-gap or settlement-status layer is available."
LTFRB_PUJ1745,80.63,80.629,358591.3,,,,False,80.63,25.0,worldpop_phl_2020_1km,PROXY,equity-v2.0,"Population exposure only; no validated socioeconomic, accessibility-gap or settlement-status layer is available."
LTFRB_PUJ1746,89.22,89.22,515182.4,,,,False,89.22,25.0,worldpop_phl_2020_1km,PROXY,equity-v2.0,"Population exposure only; no validated socioeconomic, accessibility-gap or settlement-status layer is available."
LTFRB_PUJ1747,89.22,89.22,515182.4,,,,False,89.22,25.0,worldpop_phl_2020_1km,PROXY,equity-v2.0,"Population exposure only; no validated socioeconomic, accessibility-gap or settlement-status layer is available."
LTFRB_PUJ1748,93.44,93.438,298685.2,,,,False,93.44,25.0,worldpop_phl_2020_1km,PROXY,equity-v2.0,"Population exposure only; no validated socioeconomic, accessibility-gap or settlement-status layer is available."
LTFRB_PUJ1749,95.24,95.236,293044.0,,,,False,95.24,25.0,worldpop_phl_2020_1km,PROXY,equity-v2.0,"Population exposure only; no validated socioeconomic, accessibility-gap or settlement-status layer is available."
LTFRB_PUJ1750,96.89,96.889,181336.6,,,,False,96.89,25.0,worldpop_phl_2020_1km,PROXY,equity-v2.0,"Population exposure only; no validated socioeconomic, accessibility-gap or settlement-status layer is available."
LTFRB_PUJ1752,0.0,0.0,51623.0,,,,False,0.0,25.0,worldpop_phl_2020_1km,PROXY,equity-v2.0,"Population exposure only; no validated socioeconomic, accessibility-gap or settlement-status layer is available."
LTFRB_PUJ1753,0.0,0.0,33123.1,,,,False,0.0,25.0,worldpop_phl_2020_1km,PROXY,equity-v2.0,"Population exposure only; no validated socioeconomic, accessibility-gap or settlement-status layer is available."
LTFRB_PUJ1754,87.83,87.835,615988.1,,,,False,87.83,25.0,worldpop_phl_2020_1km,PROXY,equity-v2.0,"Population exposure only; no validated socioeconomic, accessibility-gap or settlement-status layer is available."
LTFRB_PUJ1755,87.71,87.711,609772.6,,,,False,87.71,25.0,worldpop_phl_2020_1km,PROXY,equity-v2.0,"Population exposure only; no validated socioeconomic, accessibility-gap or settlement-status layer is available."
LTFRB_PUJ1756,90.64,90.64,630037.4,,,,False,90.64,25.0,worldpop_phl_2020_1km,PROXY,equity-v2.0,"Population exposure only; no validated socioeconomic, accessibility-gap or settlement-status layer is available."
LTFRB_PUJ1757,90.64,90.64,630037.4,,,,False,90.64,25.0,worldpop_phl_2020_1km,PROXY,equity-v2.0,"Population exposure only; no validated socioeconomic, accessibility-gap or settlement-status layer is available."
LTFRB_PUJ1758,90.51,90.511,652541.9,,,,False,90.51,25.0,worldpop_phl_2020_1km,PROXY,equity-v2.0,"Population exposure only; no validated socioeconomic, accessibility-gap or settlement-status layer is available."
LTFRB_PUJ1759,90.51,90.511,652541.9,,,,False,90.51,25.0,worldpop_phl_2020_1km,PROXY,equity-v2.0,"Population exposure only; no validated socioeconomic, accessibility-gap or settlement-status layer is available."
LTFRB_PUJ1760,92.44,92.438,279115.9,,,,False,92.44,25.0,worldpop_phl_2020_1km,PROXY,equity-v2.0,"Population exposure only; no validated socioeconomic, accessibility-gap or settlement-status layer is available."
LTFRB_PUJ1761,92.44,92.438,279115.9,,,,False,92.44,25.0,worldpop_phl_2020_1km,PROXY,equity-v2.0,"Population exposure only; no validated socioeconomic, accessibility-gap or settlement-status layer is available."
LTFRB_PUJ1762,69.17,69.169,279389.3,,,,False,69.17,25.0,worldpop_phl_2020_1km,PROXY,equity-v2.0,"Population exposure only; no validated socioeconomic, accessibility-gap or settlement-status layer is available."
LTFRB_PUJ1763,76.41,76.405,318805.8,,,,False,76.41,25.0,worldpop_phl_2020_1km,PROXY,equity-v2.0,"Population exposure only; no validated socioeconomic, accessibility-gap or settlement-status layer is available."
LTFRB_PUJ1764,69.5,69.499,204924.2,,,,False,69.5,25.0,worldpop_phl_2020_1km,PROXY,equity-v2.0,"Population exposure only; no validated socioeconomic, accessibility-gap or settlement-status layer is available."
LTFRB_PUJ1765,69.5,69.499,204924.2,,,,False,69.5,25.0,worldpop_phl_2020_1km,PROXY,equity-v2.0,"Population exposure only; no validated socioeconomic, accessibility-gap or settlement-status layer is available."
LTFRB_PUJ1766,83.42,83.422,179310.4,,,,False,83.42,25.0,worldpop_phl_2020_1km,PROXY,equity-v2.0,"Population exposure only; no validated socioeconomic, accessibility-gap or settlement-status layer is available."
LTFRB_PUJ1767,83.42,83.422,179310.4,,,,False,83.42,25.0,worldpop_phl_2020_1km,PROXY,equity-v2.0,"Population exposure only; no validated socioeconomic, accessibility-gap or settlement-status layer is available."
LTFRB_PUJ1768,88.86,88.862,143581.1,,,,False,88.86,25.0,worldpop_phl_2020_1km,PROXY,equity-v2.0,"Population exposure only; no validated socioeconomic, accessibility-gap or settlement-status layer is available."
LTFRB_PUJ1769,88.86,88.862,143581.1,,,,False,88.86,25.0,worldpop_phl_2020_1km,PROXY,equity-v2.0,"Population exposure only; no validated socioeconomic, accessibility-gap or settlement-status layer is available."
LTFRB_PUJ1770,92.41,92.411,164940.0,,,,False,92.41,25.0,worldpop_phl_2020_1km,PROXY,equity-v2.0,"Population exposure only; no validated socioeconomic, accessibility-gap or settlement-status layer is available."
LTFRB_PUJ1771,100.0,100.0,127913.8,,,,False,100.0,25.0,worldpop_phl_2020_1km,PROXY,equity-v2.0,"Population exposure only; no validated socioeconomic, accessibility-gap or settlement-status layer is available."
LTFRB_PUJ1772,68.15,68.152,125113.7,,,,False,68.15,25.0,worldpop_phl_2020_1km,PROXY,equity-v2.0,"Population exposure only; no validated socioeconomic, accessibility-gap or settlement-status layer is available."
LTFRB_PUJ1773,82.42,82.417,164530.2,,,,False,82.42,25.0,worldpop_phl_2020_1km,PROXY,equity-v2.0,"Population exposure only; no validated socioeconomic, accessibility-gap or settlement-status layer is available."
LTFRB_PUJ1775,77.91,77.911,174044.1,,,,False,77.91,25.0,worldpop_phl_2020_1km,PROXY,equity-v2.0,"Population exposure only; no validated socioeconomic, accessibility-gap or settlement-status layer is available."
LTFRB_PUJ1776,76.53,76.533,619030.2,,,,False,76.53,25.0,worldpop_phl_2020_1km,PROXY,equity-v2.0,"Population exposure only; no validated socioeconomic, accessibility-gap or settlement-status layer is available."
LTFRB_PUJ1777,77.14,77.139,587681.4,,,,False,77.14,25.0,worldpop_phl_2020_1km,PROXY,equity-v2.0,"Population exposure only; no validated socioeconomic, accessibility-gap or settlement-status layer is available."
LTFRB_PUJ1778,39.38,39.382,97612.8,,,,False,39.38,25.0,worldpop_phl_2020_1km,PROXY,equity-v2.0,"Population exposure only; no validated socioeconomic, accessibility-gap or settlement-status layer is available."
LTFRB_PUJ1779,47.87,47.869,80307.3,,,,False,47.87,25.0,worldpop_phl_2020_1km,PROXY,equity-v2.0,"Population exposure only; no validated socioeconomic, accessibility-gap or settlement-status layer is available."
LTFRB_PUJ1780,95.22,95.222,168297.8,,,,False,95.22,25.0,worldpop_phl_2020_1km,PROXY,equity-v2.0,"Population exposure only; no validated socioeconomic, accessibility-gap or settlement-status layer is available."
LTFRB_PUJ1781,94.19,94.19,170142.1,,,,False,94.19,25.0,worldpop_phl_2020_1km,PROXY,equity-v2.0,"Population exposure only; no validated socioeconomic, accessibility-gap or settlement-status layer is available."
LTFRB_PUJ1782,77.03,77.034,295751.1,,,,False,77.03,25.0,worldpop_phl_2020_1km,PROXY,equity-v2.0,"Population exposure only; no validated socioeconomic, accessibility-gap or settlement-status layer is available."
LTFRB_PUJ1783,77.03,77.034,295751.1,,,,False,77.03,25.0,worldpop_phl_2020_1km,PROXY,equity-v2.0,"Population exposure only; no validated socioeconomic, accessibility-gap or settlement-status layer is available."
LTFRB_PUJ1784,78.78,78.783,486089.9,,,,False,78.78,25.0,worldpop_phl_2020_1km,PROXY,equity-v2.0,"Population exposure only; no validated socioeconomic, accessibility-gap or settlement-status layer is available."
LTFRB_PUJ1785,78.78,78.783,486089.9,,,,False,78.78,25.0,worldpop_phl_2020_1km,PROXY,equity-v2.0,"Population exposure only; no validated socioeconomic, accessibility-gap or settlement-status layer is available."
LTFRB_PUJ1786,75.83,75.835,504990.2,,,,False,75.83,25.0,worldpop_phl_2020_1km,PROXY,equity-v2.0,"Population exposure only; no validated socioeconomic, accessibility-gap or settlement-status layer is available."
LTFRB_PUJ1787,77.54,77.538,293827.0,,,,False,77.54,25.0,worldpop_phl_2020_1km,PROXY,equity-v2.0,"Population exposure only; no validated socioeconomic, accessibility-gap or settlement-status layer is available."
LTFRB_PUJ1788,96.9,96.904,777325.2,,,,False,96.9,25.0,worldpop_phl_2020_1km,PROXY,equity-v2.0,"Population exposure only; no validated socioeconomic, accessibility-gap or settlement-status layer is available."
LTFRB_PUJ1789,96.76,96.761,742958.9,,,,False,96.76,25.0,worldpop_phl_2020_1km,PROXY,equity-v2.0,"Population exposure only; no validated socioeconomic, accessibility-gap or settlement-status layer is available."
LTFRB_PUJ1790,93.93,93.926,841349.1,,,,False,93.93,25.0,worldpop_phl_2020_1km,PROXY,equity-v2.0,"Population exposure only; no validated socioeconomic, accessibility-gap or settlement-status layer is available."
LTFRB_PUJ1791,93.05,93.046,849312.3,,,,False,93.05,25.0,worldpop_phl_2020_1km,PROXY,equity-v2.0,"Population exposure only; no validated socioeconomic, accessibility-gap or settlement-status layer is available."
LTFRB_PUJ1792,90.48,90.485,737829.6,,,,False,90.48,25.0,worldpop_phl_2020_1km,PROXY,equity-v2.0,"Population exposure only; no validated socioeconomic, accessibility-gap or settlement-status layer is available."
LTFRB_PUJ1793,90.48,90.485,737829.6,,,,False,90.48,25.0,worldpop_phl_2020_1km,PROXY,equity-v2.0,"Population exposure only; no validated socioeconomic, accessibility-gap or settlement-status layer is available."
LTFRB_PUJ1794,92.08,92.081,751728.7,,,,False,92.08,25.0,worldpop_phl_2020_1km,PROXY,equity-v2.0,"Population exposure only; no validated socioeconomic, accessibility-gap or settlement-status layer is available."
LTFRB_PUJ1795,92.93,92.931,829395.2,,,,False,92.93,25.0,worldpop_phl_2020_1km,PROXY,equity-v2.0,"Population exposure only; no validated socioeconomic, accessibility-gap or settlement-status layer is available."
LTFRB_PUJ1796,92.88,92.877,178617.8,,,,False,92.88,25.0,worldpop_phl_2020_1km,PROXY,equity-v2.0,"Population exposure only; no validated socioeconomic, accessibility-gap or settlement-status layer is available."
LTFRB_PUJ1797,98.41,98.405,168583.3,,,,False,98.41,25.0,worldpop_phl_2020_1km,PROXY,equity-v2.0,"Population exposure only; no validated socioeconomic, accessibility-gap or settlement-status layer is available."
LTFRB_PUJ1798,83.91,83.91,200667.2,,,,False,83.91,25.0,worldpop_phl_2020_1km,PROXY,equity-v2.0,"Population exposure only; no validated socioeconomic, accessibility-gap or settlement-status layer is available."
LTFRB_PUJ1799,85.05,85.05,197978.7,,,,False,85.05,25.0,worldpop_phl_2020_1km,PROXY,equity-v2.0,"Population exposure only; no validated socioeconomic, accessibility-gap or settlement-status layer is available."
LTFRB_PUJ1800,92.53,92.533,255327.3,,,,False,92.53,25.0,worldpop_phl_2020_1km,PROXY,equity-v2.0,"Population exposure only; no validated socioeconomic, accessibility-gap or settlement-status layer is available."
LTFRB_PUJ1801,87.35,87.354,270465.3,,,,False,87.35,25.0,worldpop_phl_2020_1km,PROXY,equity-v2.0,"Population exposure only; no validated socioeconomic, accessibility-gap or settlement-status layer is available."
LTFRB_PUJ1802,91.82,91.825,130645.5,,,,False,91.82,25.0,worldpop_phl_2020_1km,PROXY,equity-v2.0,"Population exposure only; no validated socioeconomic, accessibility-gap or settlement-status layer is available."
LTFRB_PUJ1803,91.82,91.825,130645.5,,,,False,91.82,25.0,worldpop_phl_2020_1km,PROXY,equity-v2.0,"Population exposure only; no validated socioeconomic, accessibility-gap or settlement-status layer is available."
LTFRB_PUJ1804,96.36,96.357,781737.2,,,,False,96.36,25.0,worldpop_phl_2020_1km,PROXY,equity-v2.0,"Population exposure only; no validated socioeconomic, accessibility-gap or settlement-status layer is available."
LTFRB_PUJ1805,96.68,96.676,724094.8,,,,False,96.68,25.0,worldpop_phl_2020_1km,PROXY,equity-v2.0,"Population exposure only; no validated socioeconomic, accessibility-gap or settlement-status layer is available."
LTFRB_PUJ1806,93.15,93.148,415618.8,,,,False,93.15,25.0,worldpop_phl_2020_1km,PROXY,equity-v2.0,"Population exposure only; no validated socioeconomic, accessibility-gap or settlement-status layer is available."
LTFRB_PUJ1807,92.53,92.53,381252.5,,,,False,92.53,25.0,worldpop_phl_2020_1km,PROXY,equity-v2.0,"Population exposure only; no validated socioeconomic, accessibility-gap or settlement-status layer is available."
LTFRB_PUJ1809,71.75,71.754,202133.7,,,,False,71.75,25.0,worldpop_phl_2020_1km,PROXY,equity-v2.0,"Population exposure only; no validated socioeconomic, accessibility-gap or settlement-status layer is available."
LTFRB_PUJ1811,79.48,79.48,201932.9,,,,False,79.48,25.0,worldpop_phl_2020_1km,PROXY,equity-v2.0,"Population exposure only; no validated socioeconomic, accessibility-gap or settlement-status layer is available."
LTFRB_PUJ1812,53.15,53.146,370068.6,,,,False,53.15,25.0,worldpop_phl_2020_1km,PROXY,equity-v2.0,"Population exposure only; no validated socioeconomic, accessibility-gap or settlement-status layer is available."
LTFRB_PUJ1813,53.15,53.146,370068.6,,,,False,53.15,25.0,worldpop_phl_2020_1km,PROXY,equity-v2.0,"Population exposure only; no validated socioeconomic, accessibility-gap or settlement-status layer is available."
LTFRB_PUJ1814,49.36,49.364,513985.4,,,,False,49.36,25.0,worldpop_phl_2020_1km,PROXY,equity-v2.0,"Population exposure only; no validated socioeconomic, accessibility-gap or settlement-status layer is available."
LTFRB_PUJ1815,49.36,49.364,513985.4,,,,False,49.36,25.0,worldpop_phl_2020_1km,PROXY,equity-v2.0,"Population exposure only; no validated socioeconomic, accessibility-gap or settlement-status layer is available."
LTFRB_PUJ1816,41.79,41.79,124324.1,,,,False,41.79,25.0,worldpop_phl_2020_1km,PROXY,equity-v2.0,"Population exposure only; no validated socioeconomic, accessibility-gap or settlement-status layer is available."
LTFRB_PUJ1817,95.15,95.151,587358.3,,,,False,95.15,25.0,worldpop_phl_2020_1km,PROXY,equity-v2.0,"Population exposure only; no validated socioeconomic, accessibility-gap or settlement-status layer is available."
LTFRB_PUJ1818,92.52,92.518,566928.5,,,,False,92.52,25.0,worldpop_phl_2020_1km,PROXY,equity-v2.0,"Population exposure only; no validated socioeconomic, accessibility-gap or settlement-status layer is available."
LTFRB_PUJ1819,67.99,67.987,428243.1,,,,False,67.99,25.0,worldpop_phl_2020_1km,PROXY,equity-v2.0,"Population exposure only; no validated socioeconomic, accessibility-gap or settlement-status layer is available."
LTFRB_PUJ1820,67.99,67.987,428243.1,,,,False,67.99,25.0,worldpop_phl_2020_1km,PROXY,equity-v2.0,"Population exposure only; no validated socioeconomic, accessibility-gap or settlement-status layer is available."
LTFRB_PUJ1821,78.88,78.882,209769.4,,,,False,78.88,25.0,worldpop_phl_2020_1km,PROXY,equity-v2.0,"Population exposure only; no validated socioeconomic, accessibility-gap or settlement-status layer is available."
LTFRB_PUJ1822,86.59,86.595,145905.9,,,,False,86.59,25.0,worldpop_phl_2020_1km,PROXY,equity-v2.0,"Population exposure only; no validated socioeconomic, accessibility-gap or settlement-status layer is available."
LTFRB_PUJ1823,96.9,96.904,777325.2,,,,False,96.9,25.0,worldpop_phl_2020_1km,PROXY,equity-v2.0,"Population exposure only; no validated socioeconomic, accessibility-gap or settlement-status layer is available."
LTFRB_PUJ1824,96.76,96.761,742958.9,,,,False,96.76,25.0,worldpop_phl_2020_1km,PROXY,equity-v2.0,"Population exposure only; no validated socioeconomic, accessibility-gap or settlement-status layer is available."
LTFRB_PUJ1826,97.53,97.534,316502.0,,,,False,97.53,25.0,worldpop_phl_2020_1km,PROXY,equity-v2.0,"Population exposure only; no validated socioeconomic, accessibility-gap or settlement-status layer is available."
LTFRB_PUJ1827,54.33,54.33,377248.8,,,,False,54.33,25.0,worldpop_phl_2020_1km,PROXY,equity-v2.0,"Population exposure only; no validated socioeconomic, accessibility-gap or settlement-status layer is available."
LTFRB_PUJ1828,70.97,70.969,185492.9,,,,False,70.97,25.0,worldpop_phl_2020_1km,PROXY,equity-v2.0,"Population exposure only; no validated socioeconomic, accessibility-gap or settlement-status layer is available."
LTFRB_PUJ1830,73.01,73.009,430823.4,,,,False,73.01,25.0,worldpop_phl_2020_1km,PROXY,equity-v2.0,"Population exposure only; no validated socioeconomic, accessibility-gap or settlement-status layer is available."
LTFRB_PUJ1831,73.56,73.558,427609.6,,,,False,73.56,25.0,worldpop_phl_2020_1km,PROXY,equity-v2.0,"Population exposure only; no validated socioeconomic, accessibility-gap or settlement-status layer is available."
LTFRB_PUJ1833,71.76,71.763,278109.3,,,,False,71.76,25.0,worldpop_phl_2020_1km,PROXY,equity-v2.0,"Population exposure only; no validated socioeconomic, accessibility-gap or settlement-status layer is available."
LTFRB_PUJ1834,87.56,87.562,356707.2,,,,False,87.56,25.0,worldpop_phl_2020_1km,PROXY,equity-v2.0,"Population exposure only; no validated socioeconomic, accessibility-gap or settlement-status layer is available."
LTFRB_PUJ1836,49.71,49.711,202321.7,,,,False,49.71,25.0,worldpop_phl_2020_1km,PROXY,equity-v2.0,"Population exposure only; no validated socioeconomic, accessibility-gap or settlement-status layer is available."
LTFRB_PUJ1837,75.75,75.751,224592.8,,,,False,75.75,25.0,worldpop_phl_2020_1km,PROXY,equity-v2.0,"Population exposure only; no validated socioeconomic, accessibility-gap or settlement-status layer is available."
LTFRB_PUJ1838,84.32,84.316,514661.6,,,,False,84.32,25.0,worldpop_phl_2020_1km,PROXY,equity-v2.0,"Population exposure only; no validated socioeconomic, accessibility-gap or settlement-status layer is available."
LTFRB_PUJ1839,81.37,81.369,130104.7,,,,False,81.37,25.0,worldpop_phl_2020_1km,PROXY,equity-v2.0,"Population exposure only; no validated socioeconomic, accessibility-gap or settlement-status layer is available."
LTFRB_PUJ1840,81.37,81.369,130104.7,,,,False,81.37,25.0,worldpop_phl_2020_1km,PROXY,equity-v2.0,"Population exposure only; no validated socioeconomic, accessibility-gap or settlement-status layer is available."
LTFRB_PUJ1841,100.0,100.0,166151.1,,,,False,100.0,25.0,worldpop_phl_2020_1km,PROXY,equity-v2.0,"Population exposure only; no validated socioeconomic, accessibility-gap or settlement-status layer is available."
LTFRB_PUJ1842,100.0,100.0,166151.1,,,,False,100.0,25.0,worldpop_phl_2020_1km,PROXY,equity-v2.0,"Population exposure only; no validated socioeconomic, accessibility-gap or settlement-status layer is available."
LTFRB_PUJ1843,75.46,75.462,410508.6,,,,False,75.46,25.0,worldpop_phl_2020_1km,PROXY,equity-v2.0,"Population exposure only; no validated socioeconomic, accessibility-gap or settlement-status layer is available."
LTFRB_PUJ1844,74.29,74.292,391816.9,,,,False,74.29,25.0,worldpop_phl_2020_1km,PROXY,equity-v2.0,"Population exposure only; no validated socioeconomic, accessibility-gap or settlement-status layer is available."
LTFRB_PUJ1845,66.95,66.948,331504.7,,,,False,66.95,25.0,worldpop_phl_2020_1km,PROXY,equity-v2.0,"Population exposure only; no validated socioeconomic, accessibility-gap or settlement-status layer is available."
LTFRB_PUJ1846,66.58,66.576,299372.5,,,,False,66.58,25.0,worldpop_phl_2020_1km,PROXY,equity-v2.0,"Population exposure only; no validated socioeconomic, accessibility-gap or settlement-status layer is available."
LTFRB_PUJ1847,79.48,79.48,201932.9,,,,False,79.48,25.0,worldpop_phl_2020_1km,PROXY,equity-v2.0,"Population exposure only; no validated socioeconomic, accessibility-gap or settlement-status layer is available."
LTFRB_PUJ1849,98.39,98.39,881178.6,,,,False,98.39,25.0,worldpop_phl_2020_1km,PROXY,equity-v2.0,"Population exposure only; no validated socioeconomic, accessibility-gap or settlement-status layer is available."
LTFRB_PUJ1850,98.53,98.527,963387.9,,,,False,98.53,25.0,worldpop_phl_2020_1km,PROXY,equity-v2.0,"Population exposure only; no validated socioeconomic, accessibility-gap or settlement-status layer is available."
LTFRB_PUJ1851,96.9,96.903,336595.7,,,,False,96.9,25.0,worldpop_phl_2020_1km,PROXY,equity-v2.0,"Population exposure only; no validated socioeconomic, accessibility-gap or settlement-status layer is available."
LTFRB_PUJ1852,96.9,96.903,336595.7,,,,False,96.9,25.0,worldpop_phl_2020_1km,PROXY,equity-v2.0,"Population exposure only; no validated socioeconomic, accessibility-gap or settlement-status layer is available."
LTFRB_PUJ1853,93.73,93.734,476721.2,,,,False,93.73,25.0,worldpop_phl_2020_1km,PROXY,equity-v2.0,"Population exposure only; no validated socioeconomic, accessibility-gap or settlement-status layer is available."
LTFRB_PUJ1854,93.73,93.734,476721.2,,,,False,93.73,25.0,worldpop_phl_2020_1km,PROXY,equity-v2.0,"Population exposure only; no validated socioeconomic, accessibility-gap or settlement-status layer is available."
LTFRB_PUJ1855,91.7,91.7,745986.7,,,,False,91.7,25.0,worldpop_phl_2020_1km,PROXY,equity-v2.0,"Population exposure only; no validated socioeconomic, accessibility-gap or settlement-status layer is available."
LTFRB_PUJ1856,91.09,91.089,694889.9,,,,False,91.09,25.0,worldpop_phl_2020_1km,PROXY,equity-v2.0,"Population exposure only; no validated socioeconomic, accessibility-gap or settlement-status layer is available."
LTFRB_PUJ1857,90.48,90.477,667336.9,,,,False,90.48,25.0,worldpop_phl_2020_1km,PROXY,equity-v2.0,"Population exposure only; no validated socioeconomic, accessibility-gap or settlement-status layer is available."
LTFRB_PUJ1859,92.63,92.627,286270.4,,,,False,92.63,25.0,worldpop_phl_2020_1km,PROXY,equity-v2.0,"Population exposure only; no validated socioeconomic, accessibility-gap or settlement-status layer is available."
LTFRB_PUJ1860,93.68,93.677,333818.7,,,,False,93.68,25.0,worldpop_phl_2020_1km,PROXY,equity-v2.0,"Population exposure only; no validated socioeconomic, accessibility-gap or settlement-status layer is available."
LTFRB_PUJ1862,94.66,94.663,559749.7,,,,False,94.66,25.0,worldpop_phl_2020_1km,PROXY,equity-v2.0,"Population exposure only; no validated socioeconomic, accessibility-gap or settlement-status layer is available."
LTFRB_PUJ1863,88.83,88.83,809282.3,,,,False,88.83,25.0,worldpop_phl_2020_1km,PROXY,equity-v2.0,"Population exposure only; no validated socioeconomic, accessibility-gap or settlement-status layer is available."
LTFRB_PUJ1865,92.73,92.728,172116.0,,,,False,92.73,25.0,worldpop_phl_2020_1km,PROXY,equity-v2.0,"Population exposure only; no validated socioeconomic, accessibility-gap or settlement-status layer is available."
LTFRB_PUJ1866,87.31,87.306,691578.0,,,,False,87.31,25.0,worldpop_phl_2020_1km,PROXY,equity-v2.0,"Population exposure only; no validated socioeconomic, accessibility-gap or settlement-status layer is available."
LTFRB_PUJ1867,87.31,87.306,691578.0,,,,False,87.31,25.0,worldpop_phl_2020_1km,PROXY,equity-v2.0,"Population exposure only; no validated socioeconomic, accessibility-gap or settlement-status layer is available."
LTFRB_PUJ1868,77.14,77.136,399677.6,,,,False,77.14,25.0,worldpop_phl_2020_1km,PROXY,equity-v2.0,"Population exposure only; no validated socioeconomic, accessibility-gap or settlement-status layer is available."
LTFRB_PUJ1869,77.14,77.136,399677.6,,,,False,77.14,25.0,worldpop_phl_2020_1km,PROXY,equity-v2.0,"Population exposure only; no validated socioeconomic, accessibility-gap or settlement-status layer is available."
LTFRB_PUJ1870,97.13,97.135,189794.8,,,,False,97.13,25.0,worldpop_phl_2020_1km,PROXY,equity-v2.0,"Population exposure only; no validated socioeconomic, accessibility-gap or settlement-status layer is available."
LTFRB_PUJ1871,97.13,97.135,189794.8,,,,False,97.13,25.0,worldpop_phl_2020_1km,PROXY,equity-v2.0,"Population exposure only; no validated socioeconomic, accessibility-gap or settlement-status layer is available."
LTFRB_PUJ1872,81.99,81.993,314703.5,,,,False,81.99,25.0,worldpop_phl_2020_1km,PROXY,equity-v2.0,"Population exposure only; no validated socioeconomic, accessibility-gap or settlement-status layer is available."
LTFRB_PUJ1873,81.99,81.993,314703.5,,,,False,81.99,25.0,worldpop_phl_2020_1km,PROXY,equity-v2.0,"Population exposure only; no validated socioeconomic, accessibility-gap or settlement-status layer is available."
LTFRB_PUJ1874,89.72,89.721,235817.7,,,,False,89.72,25.0,worldpop_phl_2020_1km,PROXY,equity-v2.0,"Population exposure only; no validated socioeconomic, accessibility-gap or settlement-status layer is available."
LTFRB_PUJ1875,90.6,90.597,257796.3,,,,False,90.6,25.0,worldpop_phl_2020_1km,PROXY,equity-v2.0,"Population exposure only; no validated socioeconomic, accessibility-gap or settlement-status layer is available."
LTFRB_PUJ1876,80.71,80.707,525599.9,,,,False,80.71,25.0,worldpop_phl_2020_1km,PROXY,equity-v2.0,"Population exposure only; no validated socioeconomic, accessibility-gap or settlement-status layer is available."
LTFRB_PUJ1877,84.17,84.165,504005.3,,,,False,84.17,25.0,worldpop_phl_2020_1km,PROXY,equity-v2.0,"Population exposure only; no validated socioeconomic, accessibility-gap or settlement-status layer is available."
LTFRB_PUJ1878,85.41,85.407,440654.1,,,,False,85.41,25.0,worldpop_phl_2020_1km,PROXY,equity-v2.0,"Population exposure only; no validated socioeconomic, accessibility-gap or settlement-status layer is available."
LTFRB_PUJ1879,89.81,89.808,419059.4,,,,False,89.81,25.0,worldpop_phl_2020_1km,PROXY,equity-v2.0,"Population exposure only; no validated socioeconomic, accessibility-gap or settlement-status layer is available."
LTFRB_PUJ1880,66.27,66.269,220826.9,,,,False,66.27,25.0,worldpop_phl_2020_1km,PROXY,equity-v2.0,"Population exposure only; no validated socioeconomic, accessibility-gap or settlement-status layer is available."
LTFRB_PUJ1881,66.27,66.269,220826.9,,,,False,66.27,25.0,worldpop_phl_2020_1km,PROXY,equity-v2.0,"Population exposure only; no validated socioeconomic, accessibility-gap or settlement-status layer is available."
LTFRB_PUJ1882,100.0,100.0,829021.2,,,,False,100.0,25.0,worldpop_phl_2020_1km,PROXY,equity-v2.0,"Population exposure only; no validated socioeconomic, accessibility-gap or settlement-status layer is available."
LTFRB_PUJ1883,100.0,100.0,829021.2,,,,False,100.0,25.0,worldpop_phl_2020_1km,PROXY,equity-v2.0,"Population exposure only; no validated socioeconomic, accessibility-gap or settlement-status layer is available."
LTFRB_PUJ1884,98.61,98.606,925196.4,,,,False,98.61,25.0,worldpop_phl_2020_1km,PROXY,equity-v2.0,"Population exposure only; no validated socioeconomic, accessibility-gap or settlement-status layer is available."
LTFRB_PUJ1885,98.61,98.606,925196.4,,,,False,98.61,25.0,worldpop_phl_2020_1km,PROXY,equity-v2.0,"Population exposure only; no validated socioeconomic, accessibility-gap or settlement-status layer is available."
LTFRB_PUJ1886,93.68,93.677,333818.7,,,,False,93.68,25.0,worldpop_phl_2020_1km,PROXY,equity-v2.0,"Population exposure only; no validated socioeconomic, accessibility-gap or settlement-status layer is available."
LTFRB_PUJ1887,93.68,93.677,333818.7,,,,False,93.68,25.0,worldpop_phl_2020_1km,PROXY,equity-v2.0,"Population exposure only; no validated socioeconomic, accessibility-gap or settlement-status layer is available."
LTFRB_PUJ1888,91.18,91.182,181360.9,,,,False,91.18,25.0,worldpop_phl_2020_1km,PROXY,equity-v2.0,"Population exposure only; no validated socioeconomic, accessibility-gap or settlement-status layer is available."
LTFRB_PUJ1889,88.65,88.647,140852.4,,,,False,88.65,25.0,worldpop_phl_2020_1km,PROXY,equity-v2.0,"Population exposure only; no validated socioeconomic, accessibility-gap or settlement-status layer is available."
LTFRB_PUJ1890,62.31,62.309,620214.1,,,,False,62.31,25.0,worldpop_phl_2020_1km,PROXY,equity-v2.0,"Population exposure only; no validated socioeconomic, accessibility-gap or settlement-status layer is available."
LTFRB_PUJ1891,61.67,61.672,626619.9,,,,False,61.67,25.0,worldpop_phl_2020_1km,PROXY,equity-v2.0,"Population exposure only; no validated socioeconomic, accessibility-gap or settlement-status layer is available."
LTFRB_PUJ1892,74.96,74.96,515539.1,,,,False,74.96,25.0,worldpop_phl_2020_1km,PROXY,equity-v2.0,"Population exposure only; no validated socioeconomic, accessibility-gap or settlement-status layer is available."
LTFRB_PUJ1893,76.24,76.244,506855.0,,,,False,76.24,25.0,worldpop_phl_2020_1km,PROXY,equity-v2.0,"Population exposure only; no validated socioeconomic, accessibility-gap or settlement-status layer is available."
LTFRB_PUJ1894,85.46,85.463,307362.2,,,,False,85.46,25.0,worldpop_phl_2020_1km,PROXY,equity-v2.0,"Population exposure only; no validated socioeconomic, accessibility-gap or settlement-status layer is available."
LTFRB_PUJ1895,85.46,85.463,307362.2,,,,False,85.46,25.0,worldpop_phl_2020_1km,PROXY,equity-v2.0,"Population exposure only; no validated socioeconomic, accessibility-gap or settlement-status layer is available."
LTFRB_PUJ1896,93.55,93.546,987091.8,,,,False,93.55,25.0,worldpop_phl_2020_1km,PROXY,equity-v2.0,"Population exposure only; no validated socioeconomic, accessibility-gap or settlement-status layer is available."
LTFRB_PUJ1897,93.32,93.324,1051044.1,,,,False,93.32,25.0,worldpop_phl_2020_1km,PROXY,equity-v2.0,"Population exposure only; no validated socioeconomic, accessibility-gap or settlement-status layer is available."
LTFRB_PUJ1898,96.43,96.43,152300.9,,,,False,96.43,25.0,worldpop_phl_2020_1km,PROXY,equity-v2.0,"Population exposure only; no validated socioeconomic, accessibility-gap or settlement-status layer is available."
LTFRB_PUJ1899,96.43,96.43,152300.9,,,,False,96.43,25.0,worldpop_phl_2020_1km,PROXY,equity-v2.0,"Population exposure only; no validated socioeconomic, accessibility-gap or settlement-status layer is available."
LTFRB_PUJ1900,94.43,94.427,165695.3,,,,False,94.43,25.0,worldpop_phl_2020_1km,PROXY,equity-v2.0,"Population exposure only; no validated socioeconomic, accessibility-gap or settlement-status layer is available."
LTFRB_PUJ1901,94.43,94.427,165695.3,,,,False,94.43,25.0,worldpop_phl_2020_1km,PROXY,equity-v2.0,"Population exposure only; no validated socioeconomic, accessibility-gap or settlement-status layer is available."
LTFRB_PUJ1902,79.96,79.964,525235.5,,,,False,79.96,25.0,worldpop_phl_2020_1km,PROXY,equity-v2.0,"Population exposure only; no validated socioeconomic, accessibility-gap or settlement-status layer is available."
LTFRB_PUJ1903,78.83,78.827,497028.8,,,,False,78.83,25.0,worldpop_phl_2020_1km,PROXY,equity-v2.0,"Population exposure only; no validated socioeconomic, accessibility-gap or settlement-status layer is available."
LTFRB_PUJ1904,63.87,63.87,245329.0,,,,False,63.87,25.0,worldpop_phl_2020_1km,PROXY,equity-v2.0,"Population exposure only; no validated socioeconomic, accessibility-gap or settlement-status layer is available."
LTFRB_PUJ1905,64.68,64.675,218858.2,,,,False,64.68,25.0,worldpop_phl_2020_1km,PROXY,equity-v2.0,"Population exposure only; no validated socioeconomic, accessibility-gap or settlement-status layer is available."
LTFRB_PUJ1906,70.03,70.034,369511.1,,,,False,70.03,25.0,worldpop_phl_2020_1km,PROXY,equity-v2.0,"Population exposure only; no validated socioeconomic, accessibility-gap or settlement-status layer is available."
LTFRB_PUJ1907,68.38,68.383,378433.5,,,,False,68.38,25.0,worldpop_phl_2020_1km,PROXY,equity-v2.0,"Population exposure only; no validated socioeconomic, accessibility-gap or settlement-status layer is available."
LTFRB_PUJ1908,12.8,12.802,118294.8,,,,False,12.8,25.0,worldpop_phl_2020_1km,PROXY,equity-v2.0,"Population exposure only; no validated socioeconomic, accessibility-gap or settlement-status layer is available."
LTFRB_PUJ1909,12.8,12.802,118294.8,,,,False,12.8,25.0,worldpop_phl_2020_1km,PROXY,equity-v2.0,"Population exposure only; no validated socioeconomic, accessibility-gap or settlement-status layer is available."
LTFRB_PUJ1910,24.49,24.488,280481.7,,,,False,24.49,25.0,worldpop_phl_2020_1km,PROXY,equity-v2.0,"Population exposure only; no validated socioeconomic, accessibility-gap or settlement-status layer is available."
LTFRB_PUJ1911,24.49,24.488,280481.7,,,,False,24.49,25.0,worldpop_phl_2020_1km,PROXY,equity-v2.0,"Population exposure only; no validated socioeconomic, accessibility-gap or settlement-status layer is available."
LTFRB_PUJ1912,28.04,28.038,244967.0,,,,False,28.04,25.0,worldpop_phl_2020_1km,PROXY,equity-v2.0,"Population exposure only; no validated socioeconomic, accessibility-gap or settlement-status layer is available."
LTFRB_PUJ1913,28.04,28.038,244967.0,,,,False,28.04,25.0,worldpop_phl_2020_1km,PROXY,equity-v2.0,"Population exposure only; no validated socioeconomic, accessibility-gap or settlement-status layer is available."
LTFRB_PUJ1914,0.0,0.0,142368.8,,,,False,0.0,25.0,worldpop_phl_2020_1km,PROXY,equity-v2.0,"Population exposure only; no validated socioeconomic, accessibility-gap or settlement-status layer is available."
LTFRB_PUJ1915,0.0,0.0,142368.8,,,,False,0.0,25.0,worldpop_phl_2020_1km,PROXY,equity-v2.0,"Population exposure only; no validated socioeconomic, accessibility-gap or settlement-status layer is available."
LTFRB_PUJ1916,69.05,69.053,167655.4,,,,False,69.05,25.0,worldpop_phl_2020_1km,PROXY,equity-v2.0,"Population exposure only; no validated socioeconomic, accessibility-gap or settlement-status layer is available."
LTFRB_PUJ1917,69.05,69.053,167655.4,,,,False,69.05,25.0,worldpop_phl_2020_1km,PROXY,equity-v2.0,"Population exposure only; no validated socioeconomic, accessibility-gap or settlement-status layer is available."
LTFRB_PUJ1918,89.71,89.705,400494.9,,,,False,89.71,25.0,worldpop_phl_2020_1km,PROXY,equity-v2.0,"Population exposure only; no validated socioeconomic, accessibility-gap or settlement-status layer is available."
LTFRB_PUJ1919,88.59,88.592,405526.5,,,,False,88.59,25.0,worldpop_phl_2020_1km,PROXY,equity-v2.0,"Population exposure only; no validated socioeconomic, accessibility-gap or settlement-status layer is available."
LTFRB_PUJ1920,90.49,90.492,132569.5,,,,False,90.49,25.0,worldpop_phl_2020_1km,PROXY,equity-v2.0,"Population exposure only; no validated socioeconomic, accessibility-gap or settlement-status layer is available."
LTFRB_PUJ1922,81.22,81.215,233453.1,,,,False,81.22,25.0,worldpop_phl_2020_1km,PROXY,equity-v2.0,"Population exposure only; no validated socioeconomic, accessibility-gap or settlement-status layer is available."
LTFRB_PUJ1923,89.49,89.493,211858.5,,,,False,89.49,25.0,worldpop_phl_2020_1km,PROXY,equity-v2.0,"Population exposure only; no validated socioeconomic, accessibility-gap or settlement-status layer is available."
LTFRB_PUJ1924,93.21,93.206,349451.3,,,,False,93.21,25.0,worldpop_phl_2020_1km,PROXY,equity-v2.0,"Population exposure only; no validated socioeconomic, accessibility-gap or settlement-status layer is available."
LTFRB_PUJ1925,93.21,93.206,349451.3,,,,False,93.21,25.0,worldpop_phl_2020_1km,PROXY,equity-v2.0,"Population exposure only; no validated socioeconomic, accessibility-gap or settlement-status layer is available."
LTFRB_PUJ1926,94.82,94.824,333450.2,,,,False,94.82,25.0,worldpop_phl_2020_1km,PROXY,equity-v2.0,"Population exposure only; no validated socioeconomic, accessibility-gap or settlement-status layer is available."
LTFRB_PUJ1928,94.08,94.077,295279.4,,,,False,94.08,25.0,worldpop_phl_2020_1km,PROXY,equity-v2.0,"Population exposure only; no validated socioeconomic, accessibility-gap or settlement-status layer is available."
LTFRB_PUJ1929,95.64,95.641,401222.6,,,,False,95.64,25.0,worldpop_phl_2020_1km,PROXY,equity-v2.0,"Population exposure only; no validated socioeconomic, accessibility-gap or settlement-status layer is available."
LTFRB_PUJ1930,98.41,98.409,241524.9,,,,False,98.41,25.0,worldpop_phl_2020_1km,PROXY,equity-v2.0,"Population exposure only; no validated socioeconomic, accessibility-gap or settlement-status layer is available."
LTFRB_PUJ1931,98.41,98.409,241524.9,,,,False,98.41,25.0,worldpop_phl_2020_1km,PROXY,equity-v2.0,"Population exposure only; no validated socioeconomic, accessibility-gap or settlement-status layer is available."
LTFRB_PUJ1932,98.62,98.624,240997.2,,,,False,98.62,25.0,worldpop_phl_2020_1km,PROXY,equity-v2.0,"Population exposure only; no validated socioeconomic, accessibility-gap or settlement-status layer is available."
LTFRB_PUJ1933,98.62,98.624,240997.2,,,,False,98.62,25.0,worldpop_phl_2020_1km,PROXY,equity-v2.0,"Population exposure only; no validated socioeconomic, accessibility-gap or settlement-status layer is available."
LTFRB_PUJ1934,94.69,94.692,267333.6,,,,False,94.69,25.0,worldpop_phl_2020_1km,PROXY,equity-v2.0,"Population exposure only; no validated socioeconomic, accessibility-gap or settlement-status layer is available."
LTFRB_PUJ1935,91.23,91.234,277466.2,,,,False,91.23,25.0,worldpop_phl_2020_1km,PROXY,equity-v2.0,"Population exposure only; no validated socioeconomic, accessibility-gap or settlement-status layer is available."
LTFRB_PUJ1936,79.2,79.2,966656.1,,,,False,79.2,25.0,worldpop_phl_2020_1km,PROXY,equity-v2.0,"Population exposure only; no validated socioeconomic, accessibility-gap or settlement-status layer is available."
LTFRB_PUJ1937,80.36,80.364,982964.5,,,,False,80.36,25.0,worldpop_phl_2020_1km,PROXY,equity-v2.0,"Population exposure only; no validated socioeconomic, accessibility-gap or settlement-status layer is available."
LTFRB_PUJ1940,81.34,81.343,941183.8,,,,False,81.34,25.0,worldpop_phl_2020_1km,PROXY,equity-v2.0,"Population exposure only; no validated socioeconomic, accessibility-gap or settlement-status layer is available."
LTFRB_PUJ1941,81.34,81.343,941183.8,,,,False,81.34,25.0,worldpop_phl_2020_1km,PROXY,equity-v2.0,"Population exposure only; no validated socioeconomic, accessibility-gap or settlement-status layer is available."
LTFRB_PUJ1942,69.67,69.667,378433.6,,,,False,69.67,25.0,worldpop_phl_2020_1km,PROXY,equity-v2.0,"Population exposure only; no validated socioeconomic, accessibility-gap or settlement-status layer is available."
LTFRB_PUJ1943,69.67,69.667,378433.6,,,,False,69.67,25.0,worldpop_phl_2020_1km,PROXY,equity-v2.0,"Population exposure only; no validated socioeconomic, accessibility-gap or settlement-status layer is available."
LTFRB_PUJ1944,80.43,80.434,951824.8,,,,False,80.43,25.0,worldpop_phl_2020_1km,PROXY,equity-v2.0,"Population exposure only; no validated socioeconomic, accessibility-gap or settlement-status layer is available."
LTFRB_PUJ1947,96.42,96.423,273159.2,,,,False,96.42,25.0,worldpop_phl_2020_1km,PROXY,equity-v2.0,"Population exposure only; no validated socioeconomic, accessibility-gap or settlement-status layer is available."
LTFRB_PUJ1948,72.79,72.791,137954.2,,,,False,72.79,25.0,worldpop_phl_2020_1km,PROXY,equity-v2.0,"Population exposure only; no validated socioeconomic, accessibility-gap or settlement-status layer is available."
LTFRB_PUJ1949,72.79,72.791,137954.2,,,,False,72.79,25.0,worldpop_phl_2020_1km,PROXY,equity-v2.0,"Population exposure only; no validated socioeconomic, accessibility-gap or settlement-status layer is available."
LTFRB_PUJ1950,94.16,94.16,164102.7,,,,False,94.16,25.0,worldpop_phl_2020_1km,PROXY,equity-v2.0,"Population exposure only; no validated socioeconomic, accessibility-gap or settlement-status layer is available."
LTFRB_PUJ1951,94.16,94.16,164102.7,,,,False,94.16,25.0,worldpop_phl_2020_1km,PROXY,equity-v2.0,"Population exposure only; no validated socioeconomic, accessibility-gap or settlement-status layer is available."
LTFRB_PUJ1952,100.0,100.0,81726.4,,,,False,100.0,25.0,worldpop_phl_2020_1km,PROXY,equity-v2.0,"Population exposure only; no validated socioeconomic, accessibility-gap or settlement-status layer is available."
LTFRB_PUJ1953,100.0,100.0,81726.4,,,,False,100.0,25.0,worldpop_phl_2020_1km,PROXY,equity-v2.0,"Population exposure only; no validated socioeconomic, accessibility-gap or settlement-status layer is available."
LTFRB_PUJ1954,97.69,97.686,164053.6,,,,False,97.69,25.0,worldpop_phl_2020_1km,PROXY,equity-v2.0,"Population exposure only; no validated socioeconomic, accessibility-gap or settlement-status layer is available."
LTFRB_PUJ1955,96.6,96.6,165897.9,,,,False,96.6,25.0,worldpop_phl_2020_1km,PROXY,equity-v2.0,"Population exposure only; no validated socioeconomic, accessibility-gap or settlement-status layer is available."
LTFRB_PUJ1956,88.48,88.484,418250.2,,,,False,88.48,25.0,worldpop_phl_2020_1km,PROXY,equity-v2.0,"Population exposure only; no validated socioeconomic, accessibility-gap or settlement-status layer is available."
LTFRB_PUJ1957,80.31,80.312,244650.1,,,,False,80.31,25.0,worldpop_phl_2020_1km,PROXY,equity-v2.0,"Population exposure only; no validated socioeconomic, accessibility-gap or settlement-status layer is available."
LTFRB_PUJ1958,97.45,97.45,408758.9,,,,False,97.45,25.0,worldpop_phl_2020_1km,PROXY,equity-v2.0,"Population exposure only; no validated socioeconomic, accessibility-gap or settlement-status layer is available."
LTFRB_PUJ1959,97.7,97.698,452783.4,,,,False,97.7,25.0,worldpop_phl_2020_1km,PROXY,equity-v2.0,"Population exposure only; no validated socioeconomic, accessibility-gap or settlement-status layer is available."
LTFRB_PUJ1960,95.19,95.191,162284.2,,,,False,95.19,25.0,worldpop_phl_2020_1km,PROXY,equity-v2.0,"Population exposure only; no validated socioeconomic, accessibility-gap or settlement-status layer is available."
LTFRB_PUJ1961,95.19,95.191,162284.2,,,,False,95.19,25.0,worldpop_phl_2020_1km,PROXY,equity-v2.0,"Population exposure only; no validated socioeconomic, accessibility-gap or settlement-status layer is available."
LTFRB_PUJ1962,96.89,96.895,251313.2,,,,False,96.89,25.0,worldpop_phl_2020_1km,PROXY,equity-v2.0,"Population exposure only; no validated socioeconomic, accessibility-gap or settlement-status layer is available."
LTFRB_PUJ1963,93.84,93.844,126761.6,,,,False,93.84,25.0,worldpop_phl_2020_1km,PROXY,equity-v2.0,"Population exposure only; no validated socioeconomic, accessibility-gap or settlement-status layer is available."
LTFRB_PUJ1964,98.58,98.584,749870.6,,,,False,98.58,25.0,worldpop_phl_2020_1km,PROXY,equity-v2.0,"Population exposure only; no validated socioeconomic, accessibility-gap or settlement-status layer is available."
LTFRB_PUJ1965,98.58,98.584,749870.6,,,,False,98.58,25.0,worldpop_phl_2020_1km,PROXY,equity-v2.0,"Population exposure only; no validated socioeconomic, accessibility-gap or settlement-status layer is available."
LTFRB_PUJ1966,97.93,97.926,502563.4,,,,False,97.93,25.0,worldpop_phl_2020_1km,PROXY,equity-v2.0,"Population exposure only; no validated socioeconomic, accessibility-gap or settlement-status layer is available."
LTFRB_PUJ1967,97.93,97.926,502563.4,,,,False,97.93,25.0,worldpop_phl_2020_1km,PROXY,equity-v2.0,"Population exposure only; no validated socioeconomic, accessibility-gap or settlement-status layer is available."
LTFRB_PUJ1968,96.66,96.663,233864.7,,,,False,96.66,25.0,worldpop_phl_2020_1km,PROXY,equity-v2.0,"Population exposure only; no validated socioeconomic, accessibility-gap or settlement-status layer is available."
LTFRB_PUJ1969,96.66,96.663,233864.7,,,,False,96.66,25.0,worldpop_phl_2020_1km,PROXY,equity-v2.0,"Population exposure only; no validated socioeconomic, accessibility-gap or settlement-status layer is available."
LTFRB_PUJ1970,100.0,100.0,427134.9,,,,False,100.0,25.0,worldpop_phl_2020_1km,PROXY,equity-v2.0,"Population exposure only; no validated socioeconomic, accessibility-gap or settlement-status layer is available."
LTFRB_PUJ1971,100.0,100.0,427134.9,,,,False,100.0,25.0,worldpop_phl_2020_1km,PROXY,equity-v2.0,"Population exposure only; no validated socioeconomic, accessibility-gap or settlement-status layer is available."
LTFRB_PUJ1972,84.08,84.082,143466.0,,,,False,84.08,25.0,worldpop_phl_2020_1km,PROXY,equity-v2.0,"Population exposure only; no validated socioeconomic, accessibility-gap or settlement-status layer is available."
LTFRB_PUJ1973,87.11,87.111,248614.9,,,,False,87.11,25.0,worldpop_phl_2020_1km,PROXY,equity-v2.0,"Population exposure only; no validated socioeconomic, accessibility-gap or settlement-status layer is available."
LTFRB_PUJ1974,95.09,95.089,642055.9,,,,False,95.09,25.0,worldpop_phl_2020_1km,PROXY,equity-v2.0,"Population exposure only; no validated socioeconomic, accessibility-gap or settlement-status layer is available."
LTFRB_PUJ1975,95.4,95.404,686080.4,,,,False,95.4,25.0,worldpop_phl_2020_1km,PROXY,equity-v2.0,"Population exposure only; no validated socioeconomic, accessibility-gap or settlement-status layer is available."
LTFRB_PUJ1978,84.91,84.915,300283.0,,,,False,84.91,25.0,worldpop_phl_2020_1km,PROXY,equity-v2.0,"Population exposure only; no validated socioeconomic, accessibility-gap or settlement-status layer is available."
LTFRB_PUJ1979,88.24,88.235,316591.5,,,,False,88.24,25.0,worldpop_phl_2020_1km,PROXY,equity-v2.0,"Population exposure only; no validated socioeconomic, accessibility-gap or settlement-status layer is available."
LTFRB_PUJ1980,92.79,92.786,274810.7,,,,False,92.79,25.0,worldpop_phl_2020_1km,PROXY,equity-v2.0,"Population exposure only; no validated socioeconomic, accessibility-gap or settlement-status layer is available."
LTFRB_PUJ1981,92.79,92.786,274810.7,,,,False,92.79,25.0,worldpop_phl_2020_1km,PROXY,equity-v2.0,"Population exposure only; no validated socioeconomic, accessibility-gap or settlement-status layer is available."
LTFRB_PUJ1982,80.27,80.272,684436.1,,,,False,80.27,25.0,worldpop_phl_2020_1km,PROXY,equity-v2.0,"Population exposure only; no validated socioeconomic, accessibility-gap or settlement-status layer is available."
LTFRB_PUJ1983,79.94,79.937,741196.5,,,,False,79.94,25.0,worldpop_phl_2020_1km,PROXY,equity-v2.0,"Population exposure only; no validated socioeconomic, accessibility-gap or settlement-status layer is available."
LTFRB_PUJ1984,81.14,81.142,534147.2,,,,False,81.14,25.0,worldpop_phl_2020_1km,PROXY,equity-v2.0,"Population exposure only; no validated socioeconomic, accessibility-gap or settlement-status layer is available."
LTFRB_PUJ1985,81.14,81.142,534147.2,,,,False,81.14,25.0,worldpop_phl_2020_1km,PROXY,equity-v2.0,"Population exposure only; no validated socioeconomic, accessibility-gap or settlement-status layer is available."
LTFRB_PUJ1986,92.28,92.281,387020.5,,,,False,92.28,25.0,worldpop_phl_2020_1km,PROXY,equity-v2.0,"Population exposure only; no validated socioeconomic, accessibility-gap or settlement-status layer is available."
LTFRB_PUJ1987,92.28,92.281,387020.5,,,,False,92.28,25.0,worldpop_phl_2020_1km,PROXY,equity-v2.0,"Population exposure only; no validated socioeconomic, accessibility-gap or settlement-status layer is available."
LTFRB_PUJ1988,90.09,90.089,714543.5,,,,False,90.09,25.0,worldpop_phl_2020_1km,PROXY,equity-v2.0,"Population exposure only; no validated socioeconomic, accessibility-gap or settlement-status layer is available."
LTFRB_PUJ1989,90.6,90.605,753728.1,,,,False,90.6,25.0,worldpop_phl_2020_1km,PROXY,equity-v2.0,"Population exposure only; no validated socioeconomic, accessibility-gap or settlement-status layer is available."
LTFRB_PUJ1990,73.44,73.443,354644.9,,,,False,73.44,25.0,worldpop_phl_2020_1km,PROXY,equity-v2.0,"Population exposure only; no validated socioeconomic, accessibility-gap or settlement-status layer is available."
LTFRB_PUJ1991,73.44,73.443,354644.9,,,,False,73.44,25.0,worldpop_phl_2020_1km,PROXY,equity-v2.0,"Population exposure only; no validated socioeconomic, accessibility-gap or settlement-status layer is available."
LTFRB_PUJ1992,71.8,71.805,386027.4,,,,False,71.8,25.0,worldpop_phl_2020_1km,PROXY,equity-v2.0,"Population exposure only; no validated socioeconomic, accessibility-gap or settlement-status layer is available."
LTFRB_PUJ1993,71.8,71.805,386027.4,,,,False,71.8,25.0,worldpop_phl_2020_1km,PROXY,equity-v2.0,"Population exposure only; no validated socioeconomic, accessibility-gap or settlement-status layer is available."
LTFRB_PUJ1994,91.87,91.865,761141.7,,,,False,91.87,25.0,worldpop_phl_2020_1km,PROXY,equity-v2.0,"Population exposure only; no validated socioeconomic, accessibility-gap or settlement-status layer is available."
LTFRB_PUJ1995,91.87,91.865,761141.7,,,,False,91.87,25.0,worldpop_phl_2020_1km,PROXY,equity-v2.0,"Population exposure only; no validated socioeconomic, accessibility-gap or settlement-status layer is available."
LTFRB_PUJ1996,94.0,94.003,628300.8,,,,False,94.0,25.0,worldpop_phl_2020_1km,PROXY,equity-v2.0,"Population exposure only; no validated socioeconomic, accessibility-gap or settlement-status layer is available."
LTFRB_PUJ1999,84.2,84.2,338926.3,,,,False,84.2,25.0,worldpop_phl_2020_1km,PROXY,equity-v2.0,"Population exposure only; no validated socioeconomic, accessibility-gap or settlement-status layer is available."
LTFRB_PUJ2000,50.77,50.765,390887.4,,,,False,50.77,25.0,worldpop_phl_2020_1km,PROXY,equity-v2.0,"Population exposure only; no validated socioeconomic, accessibility-gap or settlement-status layer is available."
LTFRB_PUJ2001,50.91,50.91,389777.9,,,,False,50.91,25.0,worldpop_phl_2020_1km,PROXY,equity-v2.0,"Population exposure only; no validated socioeconomic, accessibility-gap or settlement-status layer is available."
LTFRB_PUJ2002,65.56,65.558,570299.4,,,,False,65.56,25.0,worldpop_phl_2020_1km,PROXY,equity-v2.0,"Population exposure only; no validated socioeconomic, accessibility-gap or settlement-status layer is available."
LTFRB_PUJ2003,69.51,69.512,563618.2,,,,False,69.51,25.0,worldpop_phl_2020_1km,PROXY,equity-v2.0,"Population exposure only; no validated socioeconomic, accessibility-gap or settlement-status layer is available."
LTFRB_PUJ2004,67.11,67.106,291019.1,,,,False,67.11,25.0,worldpop_phl_2020_1km,PROXY,equity-v2.0,"Population exposure only; no validated socioeconomic, accessibility-gap or settlement-status layer is available."
LTFRB_PUJ2005,65.3,65.3,275874.9,,,,False,65.3,25.0,worldpop_phl_2020_1km,PROXY,equity-v2.0,"Population exposure only; no validated socioeconomic, accessibility-gap or settlement-status layer is available."
LTFRB_PUJ2006,65.3,65.3,275874.9,,,,False,65.3,25.0,worldpop_phl_2020_1km,PROXY,equity-v2.0,"Population exposure only; no validated socioeconomic, accessibility-gap or settlement-status layer is available."
LTFRB_PUJ2008,69.67,69.674,163548.2,,,,False,69.67,25.0,worldpop_phl_2020_1km,PROXY,equity-v2.0,"Population exposure only; no validated socioeconomic, accessibility-gap or settlement-status layer is available."
LTFRB_PUJ2009,69.67,69.674,163548.2,,,,False,69.67,25.0,worldpop_phl_2020_1km,PROXY,equity-v2.0,"Population exposure only; no validated socioeconomic, accessibility-gap or settlement-status layer is available."
LTFRB_PUJ2010,86.81,86.805,452054.2,,,,False,86.81,25.0,worldpop_phl_2020_1km,PROXY,equity-v2.0,"Population exposure only; no validated socioeconomic, accessibility-gap or settlement-status layer is available."
LTFRB_PUJ2011,86.81,86.805,452054.2,,,,False,86.81,25.0,worldpop_phl_2020_1km,PROXY,equity-v2.0,"Population exposure only; no validated socioeconomic, accessibility-gap or settlement-status layer is available."
LTFRB_PUJ2012,82.84,82.841,261277.5,,,,False,82.84,25.0,worldpop_phl_2020_1km,PROXY,equity-v2.0,"Population exposure only; no validated socioeconomic, accessibility-gap or settlement-status layer is available."
LTFRB_PUJ2013,94.86,94.858,212376.0,,,,False,94.86,25.0,worldpop_phl_2020_1km,PROXY,equity-v2.0,"Population exposure only; no validated socioeconomic, accessibility-gap or settlement-status layer is available."
LTFRB_PUJ2014,77.65,77.654,653139.3,,,,False,77.65,25.0,worldpop_phl_2020_1km,PROXY,equity-v2.0,"Population exposure only; no validated socioeconomic, accessibility-gap or settlement-status layer is available."
LTFRB_PUJ2015,76.59,76.588,681802.6,,,,False,76.59,25.0,worldpop_phl_2020_1km,PROXY,equity-v2.0,"Population exposure only; no validated socioeconomic, accessibility-gap or settlement-status layer is available."
LTFRB_PUJ2016,72.8,72.803,262540.4,,,,False,72.8,25.0,worldpop_phl_2020_1km,PROXY,equity-v2.0,"Population exposure only; no validated socioeconomic, accessibility-gap or settlement-status layer is available."
LTFRB_PUJ2017,72.8,72.803,262540.4,,,,False,72.8,25.0,worldpop_phl_2020_1km,PROXY,equity-v2.0,"Population exposure only; no validated socioeconomic, accessibility-gap or settlement-status layer is available."
LTFRB_PUJ2018,44.75,44.747,173253.7,,,,False,44.75,25.0,worldpop_phl_2020_1km,PROXY,equity-v2.0,"Population exposure only; no validated socioeconomic, accessibility-gap or settlement-status layer is available."
LTFRB_PUJ2019,39.45,39.454,158109.5,,,,False,39.45,25.0,worldpop_phl_2020_1km,PROXY,equity-v2.0,"Population exposure only; no validated socioeconomic, accessibility-gap or settlement-status layer is available."
LTFRB_PUJ2020,68.03,68.027,482728.1,,,,False,68.03,25.0,worldpop_phl_2020_1km,PROXY,equity-v2.0,"Population exposure only; no validated socioeconomic, accessibility-gap or settlement-status layer is available."
LTFRB_PUJ2021,70.54,70.536,465558.0,,,,False,70.54,25.0,worldpop_phl_2020_1km,PROXY,equity-v2.0,"Population exposure only; no validated socioeconomic, accessibility-gap or settlement-status layer is available."
LTFRB_PUJ2022,53.88,53.877,232990.4,,,,False,53.88,25.0,worldpop_phl_2020_1km,PROXY,equity-v2.0,"Population exposure only; no validated socioeconomic, accessibility-gap or settlement-status layer is available."
LTFRB_PUJ2023,54.59,54.592,274471.5,,,,False,54.59,25.0,worldpop_phl_2020_1km,PROXY,equity-v2.0,"Population exposure only; no validated socioeconomic, accessibility-gap or settlement-status layer is available."
LTFRB_PUJ2024,51.37,51.371,222898.4,,,,False,51.37,25.0,worldpop_phl_2020_1km,PROXY,equity-v2.0,"Population exposure only; no validated socioeconomic, accessibility-gap or settlement-status layer is available."
LTFRB_PUJ2025,75.44,75.444,77945.4,,,,False,75.44,25.0,worldpop_phl_2020_1km,PROXY,equity-v2.0,"Population exposure only; no validated socioeconomic, accessibility-gap or settlement-status layer is available."
LTFRB_PUJ2026,75.44,75.444,77945.4,,,,False,75.44,25.0,worldpop_phl_2020_1km,PROXY,equity-v2.0,"Population exposure only; no validated socioeconomic, accessibility-gap or settlement-status layer is available."
LTFRB_PUJ2027,79.85,79.846,236503.8,,,,False,79.85,25.0,worldpop_phl_2020_1km,PROXY,equity-v2.0,"Population exposure only; no validated socioeconomic, accessibility-gap or settlement-status layer is available."
LTFRB_PUJ2028,77.2,77.197,178033.2,,,,False,77.2,25.0,worldpop_phl_2020_1km,PROXY,equity-v2.0,"Population exposure only; no validated socioeconomic, accessibility-gap or settlement-status layer is available."
LTFRB_PUJ2029,91.82,91.823,135576.9,,,,False,91.82,25.0,worldpop_phl_2020_1km,PROXY,equity-v2.0,"Population exposure only; no validated socioeconomic, accessibility-gap or settlement-status layer is available."
LTFRB_PUJ2030,91.82,91.823,135576.9,,,,False,91.82,25.0,worldpop_phl_2020_1km,PROXY,equity-v2.0,"Population exposure only; no validated socioeconomic, accessibility-gap or settlement-status layer is available."
LTFRB_PUJ2031,77.76,77.764,190871.8,,,,False,77.76,25.0,worldpop_phl_2020_1km,PROXY,equity-v2.0,"Population exposure only; no validated socioeconomic, accessibility-gap or settlement-status layer is available."
LTFRB_PUJ2032,63.74,63.736,117033.6,,,,False,63.74,25.0,worldpop_phl_2020_1km,PROXY,equity-v2.0,"Population exposure only; no validated socioeconomic, accessibility-gap or settlement-status layer is available."
LTFRB_PUJ2033,100.0,100.0,525252.5,,,,False,100.0,25.0,worldpop_phl_2020_1km,PROXY,equity-v2.0,"Population exposure only; no validated socioeconomic, accessibility-gap or settlement-status layer is available."
LTFRB_PUJ2034,100.0,100.0,525252.5,,,,False,100.0,25.0,worldpop_phl_2020_1km,PROXY,equity-v2.0,"Population exposure only; no validated socioeconomic, accessibility-gap or settlement-status layer is available."
LTFRB_PUJ2035,100.0,100.0,373725.1,,,,False,100.0,25.0,worldpop_phl_2020_1km,PROXY,equity-v2.0,"Population exposure only; no validated socioeconomic, accessibility-gap or settlement-status layer is available."
LTFRB_PUJ2036,100.0,100.0,443375.2,,,,False,100.0,25.0,worldpop_phl_2020_1km,PROXY,equity-v2.0,"Population exposure only; no validated socioeconomic, accessibility-gap or settlement-status layer is available."
LTFRB_PUJ2037,91.87,91.869,394093.4,,,,False,91.87,25.0,worldpop_phl_2020_1km,PROXY,equity-v2.0,"Population exposure only; no validated socioeconomic, accessibility-gap or settlement-status layer is available."
LTFRB_PUJ2038,91.87,91.869,394093.4,,,,False,91.87,25.0,worldpop_phl_2020_1km,PROXY,equity-v2.0,"Population exposure only; no validated socioeconomic, accessibility-gap or settlement-status layer is available."
LTFRB_PUJ2039,97.01,97.013,261252.5,,,,False,97.01,25.0,worldpop_phl_2020_1km,PROXY,equity-v2.0,"Population exposure only; no validated socioeconomic, accessibility-gap or settlement-status layer is available."
LTFRB_PUJ2040,97.01,97.013,261252.5,,,,False,97.01,25.0,worldpop_phl_2020_1km,PROXY,equity-v2.0,"Population exposure only; no validated socioeconomic, accessibility-gap or settlement-status layer is available."
LTFRB_PUJ2041,97.68,97.681,462111.9,,,,False,97.68,25.0,worldpop_phl_2020_1km,PROXY,equity-v2.0,"Population exposure only; no validated socioeconomic, accessibility-gap or settlement-status layer is available."
LTFRB_PUJ2042,97.68,97.681,462111.9,,,,False,97.68,25.0,worldpop_phl_2020_1km,PROXY,equity-v2.0,"Population exposure only; no validated socioeconomic, accessibility-gap or settlement-status layer is available."
LTFRB_PUJ2043,89.75,89.751,324683.1,,,,False,89.75,25.0,worldpop_phl_2020_1km,PROXY,equity-v2.0,"Population exposure only; no validated socioeconomic, accessibility-gap or settlement-status layer is available."
LTFRB_PUJ2044,92.6,92.603,340991.6,,,,False,92.6,25.0,worldpop_phl_2020_1km,PROXY,equity-v2.0,"Population exposure only; no validated socioeconomic, accessibility-gap or settlement-status layer is available."
LTFRB_PUJ2045,92.4,92.395,672784.0,,,,False,92.4,25.0,worldpop_phl_2020_1km,PROXY,equity-v2.0,"Population exposure only; no validated socioeconomic, accessibility-gap or settlement-status layer is available."
LTFRB_PUJ2046,92.4,92.395,672784.0,,,,False,92.4,25.0,worldpop_phl_2020_1km,PROXY,equity-v2.0,"Population exposure only; no validated socioeconomic, accessibility-gap or settlement-status layer is available."
LTFRB_PUJ2047,91.94,91.941,634825.7,,,,False,91.94,25.0,worldpop_phl_2020_1km,PROXY,equity-v2.0,"Population exposure only; no validated socioeconomic, accessibility-gap or settlement-status layer is available."
LTFRB_PUJ2048,91.94,91.941,634825.7,,,,False,91.94,25.0,worldpop_phl_2020_1km,PROXY,equity-v2.0,"Population exposure only; no validated socioeconomic, accessibility-gap or settlement-status layer is available."
LTFRB_PUJ2049,88.18,88.184,504304.8,,,,False,88.18,25.0,worldpop_phl_2020_1km,PROXY,equity-v2.0,"Population exposure only; no validated socioeconomic, accessibility-gap or settlement-status layer is available."
LTFRB_PUJ2050,88.18,88.184,504304.8,,,,False,88.18,25.0,worldpop_phl_2020_1km,PROXY,equity-v2.0,"Population exposure only; no validated socioeconomic, accessibility-gap or settlement-status layer is available."
LTFRB_PUJ2051,100.0,100.0,233366.6,,,,False,100.0,25.0,worldpop_phl_2020_1km,PROXY,equity-v2.0,"Population exposure only; no validated socioeconomic, accessibility-gap or settlement-status layer is available."
LTFRB_PUJ2052,100.0,100.0,233366.6,,,,False,100.0,25.0,worldpop_phl_2020_1km,PROXY,equity-v2.0,"Population exposure only; no validated socioeconomic, accessibility-gap or settlement-status layer is available."
LTFRB_PUJ2053,100.0,100.0,574723.4,,,,False,100.0,25.0,worldpop_phl_2020_1km,PROXY,equity-v2.0,"Population exposure only; no validated socioeconomic, accessibility-gap or settlement-status layer is available."
LTFRB_PUJ2054,96.19,96.189,747370.8,,,,False,96.19,25.0,worldpop_phl_2020_1km,PROXY,equity-v2.0,"Population exposure only; no validated socioeconomic, accessibility-gap or settlement-status layer is available."
LTFRB_PUJ2055,89.45,89.447,459057.1,,,,False,89.45,25.0,worldpop_phl_2020_1km,PROXY,equity-v2.0,"Population exposure only; no validated socioeconomic, accessibility-gap or settlement-status layer is available."
LTFRB_PUJ2056,87.0,87.0,376210.2,,,,False,87.0,25.0,worldpop_phl_2020_1km,PROXY,equity-v2.0,"Population exposure only; no validated socioeconomic, accessibility-gap or settlement-status layer is available."
LTFRB_PUJ2057,100.0,100.0,364373.4,,,,False,100.0,25.0,worldpop_phl_2020_1km,PROXY,equity-v2.0,"Population exposure only; no validated socioeconomic, accessibility-gap or settlement-status layer is available."
LTFRB_PUJ2058,100.0,100.0,332060.4,,,,False,100.0,25.0,worldpop_phl_2020_1km,PROXY,equity-v2.0,"Population exposure only; no validated socioeconomic, accessibility-gap or settlement-status layer is available."
LTFRB_PUJ2059,86.06,86.055,229635.3,,,,False,86.06,25.0,worldpop_phl_2020_1km,PROXY,equity-v2.0,"Population exposure only; no validated socioeconomic, accessibility-gap or settlement-status layer is available."
LTFRB_PUJ2060,85.41,85.414,254025.5,,,,False,85.41,25.0,worldpop_phl_2020_1km,PROXY,equity-v2.0,"Population exposure only; no validated socioeconomic, accessibility-gap or settlement-status layer is available."
LTFRB_PUJ2061,35.52,35.522,57074.3,,,,False,35.52,25.0,worldpop_phl_2020_1km,PROXY,equity-v2.0,"Population exposure only; no validated socioeconomic, accessibility-gap or settlement-status layer is available."
LTFRB_PUJ2062,35.52,35.522,57074.3,,,,False,35.52,25.0,worldpop_phl_2020_1km,PROXY,equity-v2.0,"Population exposure only; no validated socioeconomic, accessibility-gap or settlement-status layer is available."
LTFRB_PUJ2064,100.0,100.0,676210.8,,,,False,100.0,25.0,worldpop_phl_2020_1km,PROXY,equity-v2.0,"Population exposure only; no validated socioeconomic, accessibility-gap or settlement-status layer is available."
LTFRB_PUJ2065,94.24,94.241,403500.9,,,,False,94.24,25.0,worldpop_phl_2020_1km,PROXY,equity-v2.0,"Population exposure only; no validated socioeconomic, accessibility-gap or settlement-status layer is available."
LTFRB_PUJ2066,94.24,94.241,403500.9,,,,False,94.24,25.0,worldpop_phl_2020_1km,PROXY,equity-v2.0,"Population exposure only; no validated socioeconomic, accessibility-gap or settlement-status layer is available."
LTFRB_PUJ2067,88.92,88.916,404484.6,,,,False,88.92,25.0,worldpop_phl_2020_1km,PROXY,equity-v2.0,"Population exposure only; no validated socioeconomic, accessibility-gap or settlement-status layer is available."
LTFRB_PUJ2068,88.92,88.916,404484.6,,,,False,88.92,25.0,worldpop_phl_2020_1km,PROXY,equity-v2.0,"Population exposure only; no validated socioeconomic, accessibility-gap or settlement-status layer is available."
LTFRB_PUJ2069,80.32,80.318,307299.4,,,,False,80.32,25.0,worldpop_phl_2020_1km,PROXY,equity-v2.0,"Population exposure only; no validated socioeconomic, accessibility-gap or settlement-status layer is available."
LTFRB_PUJ2070,88.92,88.916,404484.6,,,,False,88.92,25.0,worldpop_phl_2020_1km,PROXY,equity-v2.0,"Population exposure only; no validated socioeconomic, accessibility-gap or settlement-status layer is available."
LTFRB_PUJ2071,71.65,71.648,391255.2,,,,False,71.65,25.0,worldpop_phl_2020_1km,PROXY,equity-v2.0,"Population exposure only; no validated socioeconomic, accessibility-gap or settlement-status layer is available."
LTFRB_PUJ2072,71.65,71.648,391255.2,,,,False,71.65,25.0,worldpop_phl_2020_1km,PROXY,equity-v2.0,"Population exposure only; no validated socioeconomic, accessibility-gap or settlement-status layer is available."
LTFRB_PUJ2073,56.53,56.526,422358.5,,,,False,56.53,25.0,worldpop_phl_2020_1km,PROXY,equity-v2.0,"Population exposure only; no validated socioeconomic, accessibility-gap or settlement-status layer is available."
LTFRB_PUJ2074,56.53,56.526,422358.5,,,,False,56.53,25.0,worldpop_phl_2020_1km,PROXY,equity-v2.0,"Population exposure only; no validated socioeconomic, accessibility-gap or settlement-status layer is available."
LTFRB_PUJ2075,78.6,78.601,339577.6,,,,False,78.6,25.0,worldpop_phl_2020_1km,PROXY,equity-v2.0,"Population exposure only; no validated socioeconomic, accessibility-gap or settlement-status layer is available."
LTFRB_PUJ2076,81.43,81.432,220498.7,,,,False,81.43,25.0,worldpop_phl_2020_1km,PROXY,equity-v2.0,"Population exposure only; no validated socioeconomic, accessibility-gap or settlement-status layer is available."
LTFRB_PUJ2077,91.4,91.403,816688.5,,,,False,91.4,25.0,worldpop_phl_2020_1km,PROXY,equity-v2.0,"Population exposure only; no validated socioeconomic, accessibility-gap or settlement-status layer is available."
LTFRB_PUJ2078,91.19,91.189,818612.5,,,,False,91.19,25.0,worldpop_phl_2020_1km,PROXY,equity-v2.0,"Population exposure only; no validated socioeconomic, accessibility-gap or settlement-status layer is available."
LTFRB_PUJ2079,64.74,64.741,113901.3,,,,False,64.74,25.0,worldpop_phl_2020_1km,PROXY,equity-v2.0,"Population exposure only; no validated socioeconomic, accessibility-gap or settlement-status layer is available."
LTFRB_PUJ2080,76.12,76.12,168180.7,,,,False,76.12,25.0,worldpop_phl_2020_1km,PROXY,equity-v2.0,"Population exposure only; no validated socioeconomic, accessibility-gap or settlement-status layer is available."
LTFRB_PUJ2081,75.14,75.142,292328.8,,,,False,75.14,25.0,worldpop_phl_2020_1km,PROXY,equity-v2.0,"Population exposure only; no validated socioeconomic, accessibility-gap or settlement-status layer is available."
LTFRB_PUJ2082,81.66,81.663,335451.5,,,,False,81.66,25.0,worldpop_phl_2020_1km,PROXY,equity-v2.0,"Population exposure only; no validated socioeconomic, accessibility-gap or settlement-status layer is available."
LTFRB_PUJ2083,73.61,73.608,1012249.3,,,,False,73.61,25.0,worldpop_phl_2020_1km,PROXY,equity-v2.0,"Population exposure only; no validated socioeconomic, accessibility-gap or settlement-status layer is available."
LTFRB_PUJ2084,73.61,73.608,1012249.3,,,,False,73.61,25.0,worldpop_phl_2020_1km,PROXY,equity-v2.0,"Population exposure only; no validated socioeconomic, accessibility-gap or settlement-status layer is available."
LTFRB_PUJ2085,89.98,89.98,714260.3,,,,False,89.98,25.0,worldpop_phl_2020_1km,PROXY,equity-v2.0,"Population exposure only; no validated socioeconomic, accessibility-gap or settlement-status layer is available."
LTFRB_PUJ2086,90.18,90.178,648938.2,,,,False,90.18,25.0,worldpop_phl_2020_1km,PROXY,equity-v2.0,"Population exposure only; no validated socioeconomic, accessibility-gap or settlement-status layer is available."
LTFRB_PUJ2087,67.89,67.888,728627.4,,,,False,67.89,25.0,worldpop_phl_2020_1km,PROXY,equity-v2.0,"Population exposure only; no validated socioeconomic, accessibility-gap or settlement-status layer is available."
LTFRB_PUJ2088,65.47,65.471,638806.7,,,,False,65.47,25.0,worldpop_phl_2020_1km,PROXY,equity-v2.0,"Population exposure only; no validated socioeconomic, accessibility-gap or settlement-status layer is available."
LTFRB_PUJ2089,53.23,53.225,509978.7,,,,False,53.23,25.0,worldpop_phl_2020_1km,PROXY,equity-v2.0,"Population exposure only; no validated socioeconomic, accessibility-gap or settlement-status layer is available."
LTFRB_PUJ2090,54.33,54.33,499604.0,,,,False,54.33,25.0,worldpop_phl_2020_1km,PROXY,equity-v2.0,"Population exposure only; no validated socioeconomic, accessibility-gap or settlement-status layer is available."
LTFRB_PUJ2091,71.96,71.963,138283.9,,,,False,71.96,25.0,worldpop_phl_2020_1km,PROXY,equity-v2.0,"Population exposure only; no validated socioeconomic, accessibility-gap or settlement-status layer is available."
LTFRB_PUJ2092,71.96,71.963,138283.9,,,,False,71.96,25.0,worldpop_phl_2020_1km,PROXY,equity-v2.0,"Population exposure only; no validated socioeconomic, accessibility-gap or settlement-status layer is available."
LTFRB_PUJ2093,65.33,65.327,98846.2,,,,False,65.33,25.0,worldpop_phl_2020_1km,PROXY,equity-v2.0,"Population exposure only; no validated socioeconomic, accessibility-gap or settlement-status layer is available."
LTFRB_PUJ2094,74.15,74.155,93782.9,,,,False,74.15,25.0,worldpop_phl_2020_1km,PROXY,equity-v2.0,"Population exposure only; no validated socioeconomic, accessibility-gap or settlement-status layer is available."
LTFRB_PUJ2095,80.5,80.498,192472.9,,,,False,80.5,25.0,worldpop_phl_2020_1km,PROXY,equity-v2.0,"Population exposure only; no validated socioeconomic, accessibility-gap or settlement-status layer is available."
LTFRB_PUJ2096,80.5,80.498,192472.9,,,,False,80.5,25.0,worldpop_phl_2020_1km,PROXY,equity-v2.0,"Population exposure only; no validated socioeconomic, accessibility-gap or settlement-status layer is available."
LTFRB_PUJ2097,94.51,94.513,738297.2,,,,False,94.51,25.0,worldpop_phl_2020_1km,PROXY,equity-v2.0,"Population exposure only; no validated socioeconomic, accessibility-gap or settlement-status layer is available."
LTFRB_PUJ2098,95.51,95.508,722990.2,,,,False,95.51,25.0,worldpop_phl_2020_1km,PROXY,equity-v2.0,"Population exposure only; no validated socioeconomic, accessibility-gap or settlement-status layer is available."
LTFRB_PUJ2099,93.86,93.855,613145.8,,,,False,93.86,25.0,worldpop_phl_2020_1km,PROXY,equity-v2.0,"Population exposure only; no validated socioeconomic, accessibility-gap or settlement-status layer is available."
LTFRB_PUJ2100,94.1,94.102,638789.2,,,,False,94.1,25.0,worldpop_phl_2020_1km,PROXY,equity-v2.0,"Population exposure only; no validated socioeconomic, accessibility-gap or settlement-status layer is available."
LTFRB_PUJ2101,80.54,80.545,1006576.5,,,,False,80.54,25.0,worldpop_phl_2020_1km,PROXY,equity-v2.0,"Population exposure only; no validated socioeconomic, accessibility-gap or settlement-status layer is available."
LTFRB_PUJ2102,80.54,80.545,1006576.5,,,,False,80.54,25.0,worldpop_phl_2020_1km,PROXY,equity-v2.0,"Population exposure only; no validated socioeconomic, accessibility-gap or settlement-status layer is available."
LTFRB_PUJ2104,92.79,92.786,274810.7,,,,False,92.79,25.0,worldpop_phl_2020_1km,PROXY,equity-v2.0,"Population exposure only; no validated socioeconomic, accessibility-gap or settlement-status layer is available."
LTFRB_PUJ2105,93.14,93.138,549088.6,,,,False,93.14,25.0,worldpop_phl_2020_1km,PROXY,equity-v2.0,"Population exposure only; no validated socioeconomic, accessibility-gap or settlement-status layer is available."
LTFRB_PUJ2106,93.14,93.138,549088.6,,,,False,93.14,25.0,worldpop_phl_2020_1km,PROXY,equity-v2.0,"Population exposure only; no validated socioeconomic, accessibility-gap or settlement-status layer is available."
LTFRB_PUJ2107,97.01,97.013,261252.5,,,,False,97.01,25.0,worldpop_phl_2020_1km,PROXY,equity-v2.0,"Population exposure only; no validated socioeconomic, accessibility-gap or settlement-status layer is available."
LTFRB_PUJ2108,97.01,97.013,261252.5,,,,False,97.01,25.0,worldpop_phl_2020_1km,PROXY,equity-v2.0,"Population exposure only; no validated socioeconomic, accessibility-gap or settlement-status layer is available."
LTFRB_PUJ2109,78.24,78.237,790453.6,,,,False,78.24,25.0,worldpop_phl_2020_1km,PROXY,equity-v2.0,"Population exposure only; no validated socioeconomic, accessibility-gap or settlement-status layer is available."
LTFRB_PUJ2110,78.24,78.237,790453.6,,,,False,78.24,25.0,worldpop_phl_2020_1km,PROXY,equity-v2.0,"Population exposure only; no validated socioeconomic, accessibility-gap or settlement-status layer is available."
LTFRB_PUJ2111,78.24,78.237,790453.6,,,,False,78.24,25.0,worldpop_phl_2020_1km,PROXY,equity-v2.0,"Population exposure only; no validated socioeconomic, accessibility-gap or settlement-status layer is available."
LTFRB_PUJ2112,78.24,78.237,790453.6,,,,False,78.24,25.0,worldpop_phl_2020_1km,PROXY,equity-v2.0,"Population exposure only; no validated socioeconomic, accessibility-gap or settlement-status layer is available."
LTFRB_PUJ2113,77.08,77.082,806187.9,,,,False,77.08,25.0,worldpop_phl_2020_1km,PROXY,equity-v2.0,"Population exposure only; no validated socioeconomic, accessibility-gap or settlement-status layer is available."
LTFRB_PUJ2114,75.8,75.797,787513.4,,,,False,75.8,25.0,worldpop_phl_2020_1km,PROXY,equity-v2.0,"Population exposure only; no validated socioeconomic, accessibility-gap or settlement-status layer is available."
LTFRB_PUJ2115,51.63,51.631,390796.0,,,,False,51.63,25.0,worldpop_phl_2020_1km,PROXY,equity-v2.0,"Population exposure only; no validated socioeconomic, accessibility-gap or settlement-status layer is available."
LTFRB_PUJ2116,51.63,51.631,390796.0,,,,False,51.63,25.0,worldpop_phl_2020_1km,PROXY,equity-v2.0,"Population exposure only; no validated socioeconomic, accessibility-gap or settlement-status layer is available."
LTFRB_PUJ2117,80.21,80.211,324954.9,,,,False,80.21,25.0,worldpop_phl_2020_1km,PROXY,equity-v2.0,"Population exposure only; no validated socioeconomic, accessibility-gap or settlement-status layer is available."
LTFRB_PUJ2118,85.92,85.921,303360.3,,,,False,85.92,25.0,worldpop_phl_2020_1km,PROXY,equity-v2.0,"Population exposure only; no validated socioeconomic, accessibility-gap or settlement-status layer is available."
LTFRB_PUJ2119,77.28,77.278,874038.7,,,,False,77.28,25.0,worldpop_phl_2020_1km,PROXY,equity-v2.0,"Population exposure only; no validated socioeconomic, accessibility-gap or settlement-status layer is available."
LTFRB_PUJ2120,77.89,77.892,960188.3,,,,False,77.89,25.0,worldpop_phl_2020_1km,PROXY,equity-v2.0,"Population exposure only; no validated socioeconomic, accessibility-gap or settlement-status layer is available."
LTFRB_PUJ2121,50.85,50.85,403072.4,,,,False,50.85,25.0,worldpop_phl_2020_1km,PROXY,equity-v2.0,"Population exposure only; no validated socioeconomic, accessibility-gap or settlement-status layer is available."
LTFRB_PUJ2122,50.85,50.85,403072.4,,,,False,50.85,25.0,worldpop_phl_2020_1km,PROXY,equity-v2.0,"Population exposure only; no validated socioeconomic, accessibility-gap or settlement-status layer is available."
LTFRB_PUJ2123,89.37,89.375,349471.8,,,,False,89.37,25.0,worldpop_phl_2020_1km,PROXY,equity-v2.0,"Population exposure only; no validated socioeconomic, accessibility-gap or settlement-status layer is available."
LTFRB_PUJ2124,87.56,87.562,356707.2,,,,False,87.56,25.0,worldpop_phl_2020_1km,PROXY,equity-v2.0,"Population exposure only; no validated socioeconomic, accessibility-gap or settlement-status layer is available."
LTFRB_PUJ2125,71.76,71.763,278109.3,,,,False,71.76,25.0,worldpop_phl_2020_1km,PROXY,equity-v2.0,"Population exposure only; no validated socioeconomic, accessibility-gap or settlement-status layer is available."
LTFRB_PUJ2126,72.6,72.602,274895.6,,,,False,72.6,25.0,worldpop_phl_2020_1km,PROXY,equity-v2.0,"Population exposure only; no validated socioeconomic, accessibility-gap or settlement-status layer is available."
LTFRB_PUJ2127,73.01,73.009,430823.4,,,,False,73.01,25.0,worldpop_phl_2020_1km,PROXY,equity-v2.0,"Population exposure only; no validated socioeconomic, accessibility-gap or settlement-status layer is available."
LTFRB_PUJ2129,72.6,72.602,274895.6,,,,False,72.6,25.0,worldpop_phl_2020_1km,PROXY,equity-v2.0,"Population exposure only; no validated socioeconomic, accessibility-gap or settlement-status layer is available."
LTFRB_PUJ2130,72.6,72.602,274895.6,,,,False,72.6,25.0,worldpop_phl_2020_1km,PROXY,equity-v2.0,"Population exposure only; no validated socioeconomic, accessibility-gap or settlement-status layer is available."
LTFRB_PUJ2131,70.97,70.969,185492.9,,,,False,70.97,25.0,worldpop_phl_2020_1km,PROXY,equity-v2.0,"Population exposure only; no validated socioeconomic, accessibility-gap or settlement-status layer is available."
LTFRB_PUJ2132,70.97,70.969,185492.9,,,,False,70.97,25.0,worldpop_phl_2020_1km,PROXY,equity-v2.0,"Population exposure only; no validated socioeconomic, accessibility-gap or settlement-status layer is available."
LTFRB_PUJ2133,59.59,59.587,503775.6,,,,False,59.59,25.0,worldpop_phl_2020_1km,PROXY,equity-v2.0,"Population exposure only; no validated socioeconomic, accessibility-gap or settlement-status layer is available."
LTFRB_PUJ2134,69.54,69.54,617314.7,,,,False,69.54,25.0,worldpop_phl_2020_1km,PROXY,equity-v2.0,"Population exposure only; no validated socioeconomic, accessibility-gap or settlement-status layer is available."
LTFRB_PUJ2135,58.41,58.411,510781.5,,,,False,58.41,25.0,worldpop_phl_2020_1km,PROXY,equity-v2.0,"Population exposure only; no validated socioeconomic, accessibility-gap or settlement-status layer is available."
LTFRB_PUJ2137,97.53,97.534,316502.0,,,,False,97.53,25.0,worldpop_phl_2020_1km,PROXY,equity-v2.0,"Population exposure only; no validated socioeconomic, accessibility-gap or settlement-status layer is available."
LTFRB_PUJ2138,100.0,100.0,220555.2,,,,False,100.0,25.0,worldpop_phl_2020_1km,PROXY,equity-v2.0,"Population exposure only; no validated socioeconomic, accessibility-gap or settlement-status layer is available."
LTFRB_PUJ2140,84.32,84.316,514661.6,,,,False,84.32,25.0,worldpop_phl_2020_1km,PROXY,equity-v2.0,"Population exposure only; no validated socioeconomic, accessibility-gap or settlement-status layer is available."
LTFRB_PUJ2141,88.83,88.83,809282.3,,,,False,88.83,25.0,worldpop_phl_2020_1km,PROXY,equity-v2.0,"Population exposure only; no validated socioeconomic, accessibility-gap or settlement-status layer is available."
LTFRB_PUJ2142,88.83,88.83,809282.3,,,,False,88.83,25.0,worldpop_phl_2020_1km,PROXY,equity-v2.0,"Population exposure only; no validated socioeconomic, accessibility-gap or settlement-status layer is available."
LTFRB_PUJ2145,85.41,85.407,440654.1,,,,False,85.41,25.0,worldpop_phl_2020_1km,PROXY,equity-v2.0,"Population exposure only; no validated socioeconomic, accessibility-gap or settlement-status layer is available."
LTFRB_PUJ2146,89.81,89.808,419059.4,,,,False,89.81,25.0,worldpop_phl_2020_1km,PROXY,equity-v2.0,"Population exposure only; no validated socioeconomic, accessibility-gap or settlement-status layer is available."
LTFRB_PUJ2147,65.54,65.538,78081.8,,,,False,65.54,25.0,worldpop_phl_2020_1km,PROXY,equity-v2.0,"Population exposure only; no validated socioeconomic, accessibility-gap or settlement-status layer is available."
LTFRB_PUJ2148,65.54,65.538,78081.8,,,,False,65.54,25.0,worldpop_phl_2020_1km,PROXY,equity-v2.0,"Population exposure only; no validated socioeconomic, accessibility-gap or settlement-status layer is available."
LTFRB_PUJ2149,74.96,74.96,515539.1,,,,False,74.96,25.0,worldpop_phl_2020_1km,PROXY,equity-v2.0,"Population exposure only; no validated socioeconomic, accessibility-gap or settlement-status layer is available."
LTFRB_PUJ2150,76.24,76.244,506855.0,,,,False,76.24,25.0,worldpop_phl_2020_1km,PROXY,equity-v2.0,"Population exposure only; no validated socioeconomic, accessibility-gap or settlement-status layer is available."
LTFRB_PUJ2151,55.01,55.015,284001.6,,,,False,55.01,25.0,worldpop_phl_2020_1km,PROXY,equity-v2.0,"Population exposure only; no validated socioeconomic, accessibility-gap or settlement-status layer is available."
LTFRB_PUJ2152,55.01,55.015,284001.6,,,,False,55.01,25.0,worldpop_phl_2020_1km,PROXY,equity-v2.0,"Population exposure only; no validated socioeconomic, accessibility-gap or settlement-status layer is available."
LTFRB_PUJ2153,87.6,87.601,342979.5,,,,False,87.6,25.0,worldpop_phl_2020_1km,PROXY,equity-v2.0,"Population exposure only; no validated socioeconomic, accessibility-gap or settlement-status layer is available."
LTFRB_PUJ2154,90.24,90.243,435871.7,,,,False,90.24,25.0,worldpop_phl_2020_1km,PROXY,equity-v2.0,"Population exposure only; no validated socioeconomic, accessibility-gap or settlement-status layer is available."
LTFRB_PUJ2155,90.54,90.545,476205.4,,,,False,90.54,25.0,worldpop_phl_2020_1km,PROXY,equity-v2.0,"Population exposure only; no validated socioeconomic, accessibility-gap or settlement-status layer is available."
LTFRB_PUJ2156,89.74,89.74,505895.2,,,,False,89.74,25.0,worldpop_phl_2020_1km,PROXY,equity-v2.0,"Population exposure only; no validated socioeconomic, accessibility-gap or settlement-status layer is available."
LTFRB_PUJ2157,84.58,84.584,245054.8,,,,False,84.58,25.0,worldpop_phl_2020_1km,PROXY,equity-v2.0,"Population exposure only; no validated socioeconomic, accessibility-gap or settlement-status layer is available."
LTFRB_PUJ2158,81.64,81.638,151088.3,,,,False,81.64,25.0,worldpop_phl_2020_1km,PROXY,equity-v2.0,"Population exposure only; no validated socioeconomic, accessibility-gap or settlement-status layer is available."
LTFRB_PUJ2159,62.66,62.657,400858.0,,,,False,62.66,25.0,worldpop_phl_2020_1km,PROXY,equity-v2.0,"Population exposure only; no validated socioeconomic, accessibility-gap or settlement-status layer is available."
LTFRB_PUJ2160,62.66,62.657,400858.0,,,,False,62.66,25.0,worldpop_phl_2020_1km,PROXY,equity-v2.0,"Population exposure only; no validated socioeconomic, accessibility-gap or settlement-status layer is available."
LTFRB_PUJ2161,96.14,96.141,202203.5,,,,False,96.14,25.0,worldpop_phl_2020_1km,PROXY,equity-v2.0,"Population exposure only; no validated socioeconomic, accessibility-gap or settlement-status layer is available."
LTFRB_PUJ2163,89.04,89.039,721809.3,,,,False,89.04,25.0,worldpop_phl_2020_1km,PROXY,equity-v2.0,"Population exposure only; no validated socioeconomic, accessibility-gap or settlement-status layer is available."
LTFRB_PUJ2164,90.73,90.728,627993.0,,,,False,90.73,25.0,worldpop_phl_2020_1km,PROXY,equity-v2.0,"Population exposure only; no validated socioeconomic, accessibility-gap or settlement-status layer is available."
LTFRB_PUJ2165,82.13,82.134,333527.4,,,,False,82.13,25.0,worldpop_phl_2020_1km,PROXY,equity-v2.0,"Population exposure only; no validated socioeconomic, accessibility-gap or settlement-status layer is available."
LTFRB_PUJ2166,81.66,81.663,335451.5,,,,False,81.66,25.0,worldpop_phl_2020_1km,PROXY,equity-v2.0,"Population exposure only; no validated socioeconomic, accessibility-gap or settlement-status layer is available."
LTFRB_PUJ2167,72.13,72.132,433185.6,,,,False,72.13,25.0,worldpop_phl_2020_1km,PROXY,equity-v2.0,"Population exposure only; no validated socioeconomic, accessibility-gap or settlement-status layer is available."
LTFRB_PUJ2168,75.1,75.102,445534.6,,,,False,75.1,25.0,worldpop_phl_2020_1km,PROXY,equity-v2.0,"Population exposure only; no validated socioeconomic, accessibility-gap or settlement-status layer is available."
LTFRB_PUJ2169,96.36,96.357,781737.2,,,,False,96.36,25.0,worldpop_phl_2020_1km,PROXY,equity-v2.0,"Population exposure only; no validated socioeconomic, accessibility-gap or settlement-status layer is available."
LTFRB_PUJ2170,96.04,96.037,718588.7,,,,False,96.04,25.0,worldpop_phl_2020_1km,PROXY,equity-v2.0,"Population exposure only; no validated socioeconomic, accessibility-gap or settlement-status layer is available."
LTFRB_PUJ2171,95.15,95.151,587358.3,,,,False,95.15,25.0,worldpop_phl_2020_1km,PROXY,equity-v2.0,"Population exposure only; no validated socioeconomic, accessibility-gap or settlement-status layer is available."
LTFRB_PUJ2172,93.75,93.753,455878.3,,,,False,93.75,25.0,worldpop_phl_2020_1km,PROXY,equity-v2.0,"Population exposure only; no validated socioeconomic, accessibility-gap or settlement-status layer is available."
LTFRB_PUJ2173,100.0,100.0,181682.1,,,,False,100.0,25.0,worldpop_phl_2020_1km,PROXY,equity-v2.0,"Population exposure only; no validated socioeconomic, accessibility-gap or settlement-status layer is available."
LTFRB_PUJ2174,100.0,100.0,205270.0,,,,False,100.0,25.0,worldpop_phl_2020_1km,PROXY,equity-v2.0,"Population exposure only; no validated socioeconomic, accessibility-gap or settlement-status layer is available."
LTFRB_PUJ2175,96.0,95.998,267733.0,,,,False,96.0,25.0,worldpop_phl_2020_1km,PROXY,equity-v2.0,"Population exposure only; no validated socioeconomic, accessibility-gap or settlement-status layer is available."
LTFRB_PUJ2176,96.0,95.998,267733.0,,,,False,96.0,25.0,worldpop_phl_2020_1km,PROXY,equity-v2.0,"Population exposure only; no validated socioeconomic, accessibility-gap or settlement-status layer is available."
LTFRB_PUJ2177,88.22,88.218,347495.2,,,,False,88.22,25.0,worldpop_phl_2020_1km,PROXY,equity-v2.0,"Population exposure only; no validated socioeconomic, accessibility-gap or settlement-status layer is available."
LTFRB_PUJ2178,87.67,87.67,332059.4,,,,False,87.67,25.0,worldpop_phl_2020_1km,PROXY,equity-v2.0,"Population exposure only; no validated socioeconomic, accessibility-gap or settlement-status layer is available."
LTFRB_PUJ2179,97.39,97.392,299210.8,,,,False,97.39,25.0,worldpop_phl_2020_1km,PROXY,equity-v2.0,"Population exposure only; no validated socioeconomic, accessibility-gap or settlement-status layer is available."
LTFRB_PUJ2180,97.39,97.392,299210.8,,,,False,97.39,25.0,worldpop_phl_2020_1km,PROXY,equity-v2.0,"Population exposure only; no validated socioeconomic, accessibility-gap or settlement-status layer is available."
LTFRB_PUJ2181,86.47,86.471,354867.6,,,,False,86.47,25.0,worldpop_phl_2020_1km,PROXY,equity-v2.0,"Population exposure only; no validated socioeconomic, accessibility-gap or settlement-status layer is available."
LTFRB_PUJ2182,87.3,87.297,322318.7,,,,False,87.3,25.0,worldpop_phl_2020_1km,PROXY,equity-v2.0,"Population exposure only; no validated socioeconomic, accessibility-gap or settlement-status layer is available."
LTFRB_PUJ2183,86.39,86.386,429216.8,,,,False,86.39,25.0,worldpop_phl_2020_1km,PROXY,equity-v2.0,"Population exposure only; no validated socioeconomic, accessibility-gap or settlement-status layer is available."
LTFRB_PUJ2184,86.97,86.974,314324.7,,,,False,86.97,25.0,worldpop_phl_2020_1km,PROXY,equity-v2.0,"Population exposure only; no validated socioeconomic, accessibility-gap or settlement-status layer is available."
LTFRB_PUJ2185,100.0,100.0,264793.7,,,,False,100.0,25.0,worldpop_phl_2020_1km,PROXY,equity-v2.0,"Population exposure only; no validated socioeconomic, accessibility-gap or settlement-status layer is available."
LTFRB_PUJ2186,100.0,100.0,264793.7,,,,False,100.0,25.0,worldpop_phl_2020_1km,PROXY,equity-v2.0,"Population exposure only; no validated socioeconomic, accessibility-gap or settlement-status layer is available."
LTFRB_PUJ2187,92.58,92.583,432051.7,,,,False,92.58,25.0,worldpop_phl_2020_1km,PROXY,equity-v2.0,"Population exposure only; no validated socioeconomic, accessibility-gap or settlement-status layer is available."
LTFRB_PUJ2188,90.01,90.009,405165.6,,,,False,90.01,25.0,worldpop_phl_2020_1km,PROXY,equity-v2.0,"Population exposure only; no validated socioeconomic, accessibility-gap or settlement-status layer is available."
LTFRB_PUJ2189,89.22,89.216,495854.2,,,,False,89.22,25.0,worldpop_phl_2020_1km,PROXY,equity-v2.0,"Population exposure only; no validated socioeconomic, accessibility-gap or settlement-status layer is available."
LTFRB_PUJ2190,86.21,86.214,457396.0,,,,False,86.21,25.0,worldpop_phl_2020_1km,PROXY,equity-v2.0,"Population exposure only; no validated socioeconomic, accessibility-gap or settlement-status layer is available."
LTFRB_PUJ2192,69.67,69.674,163548.2,,,,False,69.67,25.0,worldpop_phl_2020_1km,PROXY,equity-v2.0,"Population exposure only; no validated socioeconomic, accessibility-gap or settlement-status layer is available."
LTFRB_PUJ2193,87.99,87.988,142150.8,,,,False,87.99,25.0,worldpop_phl_2020_1km,PROXY,equity-v2.0,"Population exposure only; no validated socioeconomic, accessibility-gap or settlement-status layer is available."
LTFRB_PUJ2194,83.42,83.422,179310.4,,,,False,83.42,25.0,worldpop_phl_2020_1km,PROXY,equity-v2.0,"Population exposure only; no validated socioeconomic, accessibility-gap or settlement-status layer is available."
LTFRB_PUJ2195,60.81,60.81,84152.9,,,,False,60.81,25.0,worldpop_phl_2020_1km,PROXY,equity-v2.0,"Population exposure only; no validated socioeconomic, accessibility-gap or settlement-status layer is available."
LTFRB_PUJ2196,60.81,60.81,84152.9,,,,False,60.81,25.0,worldpop_phl_2020_1km,PROXY,equity-v2.0,"Population exposure only; no validated socioeconomic, accessibility-gap or settlement-status layer is available."
LTFRB_PUJ2197,94.19,94.194,543099.7,,,,False,94.19,25.0,worldpop_phl_2020_1km,PROXY,equity-v2.0,"Population exposure only; no validated socioeconomic, accessibility-gap or settlement-status layer is available."
LTFRB_PUJ2198,94.4,94.398,562843.7,,,,False,94.4,25.0,worldpop_phl_2020_1km,PROXY,equity-v2.0,"Population exposure only; no validated socioeconomic, accessibility-gap or settlement-status layer is available."
LTFRB_PUJ2199,56.33,56.327,395342.9,,,,False,56.33,25.0,worldpop_phl_2020_1km,PROXY,equity-v2.0,"Population exposure only; no validated socioeconomic, accessibility-gap or settlement-status layer is available."
LTFRB_PUJ2200,56.33,56.327,395342.9,,,,False,56.33,25.0,worldpop_phl_2020_1km,PROXY,equity-v2.0,"Population exposure only; no validated socioeconomic, accessibility-gap or settlement-status layer is available."
LTFRB_PUJ2201,70.09,70.092,395460.3,,,,False,70.09,25.0,worldpop_phl_2020_1km,PROXY,equity-v2.0,"Population exposure only; no validated socioeconomic, accessibility-gap or settlement-status layer is available."
LTFRB_PUJ2202,70.09,70.092,395460.3,,,,False,70.09,25.0,worldpop_phl_2020_1km,PROXY,equity-v2.0,"Population exposure only; no validated socioeconomic, accessibility-gap or settlement-status layer is available."
LTFRB_PUJ2203,74.19,74.187,489116.1,,,,False,74.19,25.0,worldpop_phl_2020_1km,PROXY,equity-v2.0,"Population exposure only; no validated socioeconomic, accessibility-gap or settlement-status layer is available."
LTFRB_PUJ2204,72.82,72.825,464606.7,,,,False,72.82,25.0,worldpop_phl_2020_1km,PROXY,equity-v2.0,"Population exposure only; no validated socioeconomic, accessibility-gap or settlement-status layer is available."
LTFRB_PUJ2205,54.67,54.665,506549.4,,,,False,54.67,25.0,worldpop_phl_2020_1km,PROXY,equity-v2.0,"Population exposure only; no validated socioeconomic, accessibility-gap or settlement-status layer is available."
LTFRB_PUJ2206,53.95,53.947,477916.4,,,,False,53.95,25.0,worldpop_phl_2020_1km,PROXY,equity-v2.0,"Population exposure only; no validated socioeconomic, accessibility-gap or settlement-status layer is available."
LTFRB_PUJ2207,37.45,37.447,102658.0,,,,False,37.45,25.0,worldpop_phl_2020_1km,PROXY,equity-v2.0,"Population exposure only; no validated socioeconomic, accessibility-gap or settlement-status layer is available."
LTFRB_PUJ2208,35.6,35.604,107972.8,,,,False,35.6,25.0,worldpop_phl_2020_1km,PROXY,equity-v2.0,"Population exposure only; no validated socioeconomic, accessibility-gap or settlement-status layer is available."
LTFRB_PUJ2209,97.69,97.686,164053.6,,,,False,97.69,25.0,worldpop_phl_2020_1km,PROXY,equity-v2.0,"Population exposure only; no validated socioeconomic, accessibility-gap or settlement-status layer is available."
LTFRB_PUJ2210,96.6,96.6,165897.9,,,,False,96.6,25.0,worldpop_phl_2020_1km,PROXY,equity-v2.0,"Population exposure only; no validated socioeconomic, accessibility-gap or settlement-status layer is available."
LTFRB_PUJ2211,91.93,91.927,871051.5,,,,False,91.93,25.0,worldpop_phl_2020_1km,PROXY,equity-v2.0,"Population exposure only; no validated socioeconomic, accessibility-gap or settlement-status layer is available."
LTFRB_PUJ2212,91.31,91.308,905175.7,,,,False,91.31,25.0,worldpop_phl_2020_1km,PROXY,equity-v2.0,"Population exposure only; no validated socioeconomic, accessibility-gap or settlement-status layer is available."
LTFRB_PUJ2213,83.16,83.16,286026.8,,,,False,83.16,25.0,worldpop_phl_2020_1km,PROXY,equity-v2.0,"Population exposure only; no validated socioeconomic, accessibility-gap or settlement-status layer is available."
LTFRB_PUJ2214,86.35,86.347,297890.1,,,,False,86.35,25.0,worldpop_phl_2020_1km,PROXY,equity-v2.0,"Population exposure only; no validated socioeconomic, accessibility-gap or settlement-status layer is available."
LTFRB_PUJ2215,77.37,77.366,210582.1,,,,False,77.37,25.0,worldpop_phl_2020_1km,PROXY,equity-v2.0,"Population exposure only; no validated socioeconomic, accessibility-gap or settlement-status layer is available."
LTFRB_PUJ2217,90.89,90.886,505738.7,,,,False,90.89,25.0,worldpop_phl_2020_1km,PROXY,equity-v2.0,"Population exposure only; no validated socioeconomic, accessibility-gap or settlement-status layer is available."
LTFRB_PUJ2218,92.04,92.039,469765.4,,,,False,92.04,25.0,worldpop_phl_2020_1km,PROXY,equity-v2.0,"Population exposure only; no validated socioeconomic, accessibility-gap or settlement-status layer is available."
LTFRB_PUJ2219,95.64,95.641,320211.8,,,,False,95.64,25.0,worldpop_phl_2020_1km,PROXY,equity-v2.0,"Population exposure only; no validated socioeconomic, accessibility-gap or settlement-status layer is available."
LTFRB_PUJ2220,96.17,96.167,364223.8,,,,False,96.17,25.0,worldpop_phl_2020_1km,PROXY,equity-v2.0,"Population exposure only; no validated socioeconomic, accessibility-gap or settlement-status layer is available."
LTFRB_PUJ2221,89.88,89.883,612031.0,,,,False,89.88,25.0,worldpop_phl_2020_1km,PROXY,equity-v2.0,"Population exposure only; no validated socioeconomic, accessibility-gap or settlement-status layer is available."
LTFRB_PUJ2222,89.83,89.827,608644.6,,,,False,89.83,25.0,worldpop_phl_2020_1km,PROXY,equity-v2.0,"Population exposure only; no validated socioeconomic, accessibility-gap or settlement-status layer is available."
LTFRB_PUJ2223,90.11,90.111,533003.0,,,,False,90.11,25.0,worldpop_phl_2020_1km,PROXY,equity-v2.0,"Population exposure only; no validated socioeconomic, accessibility-gap or settlement-status layer is available."
LTFRB_PUJ2224,90.16,90.157,559751.2,,,,False,90.16,25.0,worldpop_phl_2020_1km,PROXY,equity-v2.0,"Population exposure only; no validated socioeconomic, accessibility-gap or settlement-status layer is available."
LTFRB_PUJ2225,89.75,89.754,277519.2,,,,False,89.75,25.0,worldpop_phl_2020_1km,PROXY,equity-v2.0,"Population exposure only; no validated socioeconomic, accessibility-gap or settlement-status layer is available."
LTFRB_PUJ2226,70.21,70.207,88196.8,,,,False,70.21,25.0,worldpop_phl_2020_1km,PROXY,equity-v2.0,"Population exposure only; no validated socioeconomic, accessibility-gap or settlement-status layer is available."
LTFRB_PUJ2227,72.07,72.068,652183.4,,,,False,72.07,25.0,worldpop_phl_2020_1km,PROXY,equity-v2.0,"Population exposure only; no validated socioeconomic, accessibility-gap or settlement-status layer is available."
LTFRB_PUJ2228,72.76,72.763,668803.8,,,,False,72.76,25.0,worldpop_phl_2020_1km,PROXY,equity-v2.0,"Population exposure only; no validated socioeconomic, accessibility-gap or settlement-status layer is available."
LTFRB_PUJ2229,73.08,73.076,392803.2,,,,False,73.08,25.0,worldpop_phl_2020_1km,PROXY,equity-v2.0,"Population exposure only; no validated socioeconomic, accessibility-gap or settlement-status layer is available."
LTFRB_PUJ2230,74.54,74.541,56467.5,,,,False,74.54,25.0,worldpop_phl_2020_1km,PROXY,equity-v2.0,"Population exposure only; no validated socioeconomic, accessibility-gap or settlement-status layer is available."
LTFRB_PUJ2231,75.45,75.448,598786.3,,,,False,75.45,25.0,worldpop_phl_2020_1km,PROXY,equity-v2.0,"Population exposure only; no validated socioeconomic, accessibility-gap or settlement-status layer is available."
LTFRB_PUJ2232,70.5,70.501,498368.1,,,,False,70.5,25.0,worldpop_phl_2020_1km,PROXY,equity-v2.0,"Population exposure only; no validated socioeconomic, accessibility-gap or settlement-status layer is available."
LTFRB_PUJ2233,73.37,73.37,552055.4,,,,False,73.37,25.0,worldpop_phl_2020_1km,PROXY,equity-v2.0,"Population exposure only; no validated socioeconomic, accessibility-gap or settlement-status layer is available."
LTFRB_PUJ2234,73.37,73.37,552055.4,,,,False,73.37,25.0,worldpop_phl_2020_1km,PROXY,equity-v2.0,"Population exposure only; no validated socioeconomic, accessibility-gap or settlement-status layer is available."
LTFRB_PUJ2235,91.15,91.153,672869.9,,,,False,91.15,25.0,worldpop_phl_2020_1km,PROXY,equity-v2.0,"Population exposure only; no validated socioeconomic, accessibility-gap or settlement-status layer is available."
LTFRB_PUJ2236,93.51,93.511,739916.3,,,,False,93.51,25.0,worldpop_phl_2020_1km,PROXY,equity-v2.0,"Population exposure only; no validated socioeconomic, accessibility-gap or settlement-status layer is available."
LTFRB_PUJ2238,92.16,92.158,623661.5,,,,False,92.16,25.0,worldpop_phl_2020_1km,PROXY,equity-v2.0,"Population exposure only; no validated socioeconomic, accessibility-gap or settlement-status layer is available."
LTFRB_PUJ2239,92.53,92.533,255327.3,,,,False,92.53,25.0,worldpop_phl_2020_1km,PROXY,equity-v2.0,"Population exposure only; no validated socioeconomic, accessibility-gap or settlement-status layer is available."
LTFRB_PUJ2240,82.89,82.89,188658.7,,,,False,82.89,25.0,worldpop_phl_2020_1km,PROXY,equity-v2.0,"Population exposure only; no validated socioeconomic, accessibility-gap or settlement-status layer is available."
LTFRB_PUJ2241,95.2,95.2,667575.9,,,,False,95.2,25.0,worldpop_phl_2020_1km,PROXY,equity-v2.0,"Population exposure only; no validated socioeconomic, accessibility-gap or settlement-status layer is available."
LTFRB_PUJ2242,94.01,94.012,676012.6,,,,False,94.01,25.0,worldpop_phl_2020_1km,PROXY,equity-v2.0,"Population exposure only; no validated socioeconomic, accessibility-gap or settlement-status layer is available."
LTFRB_PUJ2243,90.06,90.056,626199.4,,,,False,90.06,25.0,worldpop_phl_2020_1km,PROXY,equity-v2.0,"Population exposure only; no validated socioeconomic, accessibility-gap or settlement-status layer is available."
LTFRB_PUJ2244,93.37,93.367,610326.9,,,,False,93.37,25.0,worldpop_phl_2020_1km,PROXY,equity-v2.0,"Population exposure only; no validated socioeconomic, accessibility-gap or settlement-status layer is available."
LTFRB_PUJ2245,91.92,91.92,599572.5,,,,False,91.92,25.0,worldpop_phl_2020_1km,PROXY,equity-v2.0,"Population exposure only; no validated socioeconomic, accessibility-gap or settlement-status layer is available."
LTFRB_PUJ2246,91.85,91.851,496738.4,,,,False,91.85,25.0,worldpop_phl_2020_1km,PROXY,equity-v2.0,"Population exposure only; no validated socioeconomic, accessibility-gap or settlement-status layer is available."
LTFRB_PUJ2247,81.81,81.806,90140.2,,,,False,81.81,25.0,worldpop_phl_2020_1km,PROXY,equity-v2.0,"Population exposure only; no validated socioeconomic, accessibility-gap or settlement-status layer is available."
LTFRB_PUJ2248,81.81,81.806,90140.2,,,,False,81.81,25.0,worldpop_phl_2020_1km,PROXY,equity-v2.0,"Population exposure only; no validated socioeconomic, accessibility-gap or settlement-status layer is available."
LTFRB_PUJ2249,78.12,78.115,266952.3,,,,False,78.12,25.0,worldpop_phl_2020_1km,PROXY,equity-v2.0,"Population exposure only; no validated socioeconomic, accessibility-gap or settlement-status layer is available."
LTFRB_PUJ2250,82.11,82.112,280726.3,,,,False,82.11,25.0,worldpop_phl_2020_1km,PROXY,equity-v2.0,"Population exposure only; no validated socioeconomic, accessibility-gap or settlement-status layer is available."
LTFRB_PUJ2251,89.38,89.378,385453.5,,,,False,89.38,25.0,worldpop_phl_2020_1km,PROXY,equity-v2.0,"Population exposure only; no validated socioeconomic, accessibility-gap or settlement-status layer is available."
LTFRB_PUJ2252,87.3,87.297,322318.7,,,,False,87.3,25.0,worldpop_phl_2020_1km,PROXY,equity-v2.0,"Population exposure only; no validated socioeconomic, accessibility-gap or settlement-status layer is available."
LTFRB_PUJ2253,92.73,92.726,582755.0,,,,False,92.73,25.0,worldpop_phl_2020_1km,PROXY,equity-v2.0,"Population exposure only; no validated socioeconomic, accessibility-gap or settlement-status layer is available."
LTFRB_PUJ2254,92.73,92.726,582755.0,,,,False,92.73,25.0,worldpop_phl_2020_1km,PROXY,equity-v2.0,"Population exposure only; no validated socioeconomic, accessibility-gap or settlement-status layer is available."
LTFRB_PUJ2255,88.98,88.981,675547.1,,,,False,88.98,25.0,worldpop_phl_2020_1km,PROXY,equity-v2.0,"Population exposure only; no validated socioeconomic, accessibility-gap or settlement-status layer is available."
LTFRB_PUJ2256,88.98,88.981,675547.1,,,,False,88.98,25.0,worldpop_phl_2020_1km,PROXY,equity-v2.0,"Population exposure only; no validated socioeconomic, accessibility-gap or settlement-status layer is available."
LTFRB_PUJ2257,88.98,88.981,675547.1,,,,False,88.98,25.0,worldpop_phl_2020_1km,PROXY,equity-v2.0,"Population exposure only; no validated socioeconomic, accessibility-gap or settlement-status layer is available."
LTFRB_PUJ2258,88.98,88.981,675547.1,,,,False,88.98,25.0,worldpop_phl_2020_1km,PROXY,equity-v2.0,"Population exposure only; no validated socioeconomic, accessibility-gap or settlement-status layer is available."
LTFRB_PUJ2259,85.53,85.529,385210.8,,,,False,85.53,25.0,worldpop_phl_2020_1km,PROXY,equity-v2.0,"Population exposure only; no validated socioeconomic, accessibility-gap or settlement-status layer is available."
LTFRB_PUJ2260,86.35,86.354,227699.3,,,,False,86.35,25.0,worldpop_phl_2020_1km,PROXY,equity-v2.0,"Population exposure only; no validated socioeconomic, accessibility-gap or settlement-status layer is available."
LTFRB_PUJ2261,77.83,77.83,656756.5,,,,False,77.83,25.0,worldpop_phl_2020_1km,PROXY,equity-v2.0,"Population exposure only; no validated socioeconomic, accessibility-gap or settlement-status layer is available."
LTFRB_PUJ2262,77.2,77.199,637917.7,,,,False,77.2,25.0,worldpop_phl_2020_1km,PROXY,equity-v2.0,"Population exposure only; no validated socioeconomic, accessibility-gap or settlement-status layer is available."
LTFRB_PUJ2263,92.83,92.835,196299.7,,,,False,92.83,25.0,worldpop_phl_2020_1km,PROXY,equity-v2.0,"Population exposure only; no validated socioeconomic, accessibility-gap or settlement-status layer is available."
LTFRB_PUJ2264,92.04,92.043,176775.2,,,,False,92.04,25.0,worldpop_phl_2020_1km,PROXY,equity-v2.0,"Population exposure only; no validated socioeconomic, accessibility-gap or settlement-status layer is available."
LTFRB_PUJ2265,54.31,54.314,70530.9,,,,False,54.31,25.0,worldpop_phl_2020_1km,PROXY,equity-v2.0,"Population exposure only; no validated socioeconomic, accessibility-gap or settlement-status layer is available."
LTFRB_PUJ2266,66.62,66.62,96534.7,,,,False,66.62,25.0,worldpop_phl_2020_1km,PROXY,equity-v2.0,"Population exposure only; no validated socioeconomic, accessibility-gap or settlement-status layer is available."
LTFRB_PUJ2267,64.09,64.091,215331.3,,,,False,64.09,25.0,worldpop_phl_2020_1km,PROXY,equity-v2.0,"Population exposure only; no validated socioeconomic, accessibility-gap or settlement-status layer is available."
LTFRB_PUJ2268,76.13,76.125,139773.8,,,,False,76.13,25.0,worldpop_phl_2020_1km,PROXY,equity-v2.0,"Population exposure only; no validated socioeconomic, accessibility-gap or settlement-status layer is available."
LTFRB_PUJ2269,81.26,81.263,402402.5,,,,False,81.26,25.0,worldpop_phl_2020_1km,PROXY,equity-v2.0,"Population exposure only; no validated socioeconomic, accessibility-gap or settlement-status layer is available."
LTFRB_PUJ2270,81.94,81.936,417389.9,,,,False,81.94,25.0,worldpop_phl_2020_1km,PROXY,equity-v2.0,"Population exposure only; no validated socioeconomic, accessibility-gap or settlement-status layer is available."
LTFRB_PUJ2271,93.38,93.382,476459.0,,,,False,93.38,25.0,worldpop_phl_2020_1km,PROXY,equity-v2.0,"Population exposure only; no validated socioeconomic, accessibility-gap or settlement-status layer is available."
LTFRB_PUJ2272,92.06,92.063,397246.8,,,,False,92.06,25.0,worldpop_phl_2020_1km,PROXY,equity-v2.0,"Population exposure only; no validated socioeconomic, accessibility-gap or settlement-status layer is available."
LTFRB_PUJ2273,0.0,0.0,23410.9,,,,False,0.0,25.0,worldpop_phl_2020_1km,PROXY,equity-v2.0,"Population exposure only; no validated socioeconomic, accessibility-gap or settlement-status layer is available."
LTFRB_PUJ2274,50.3,50.301,237813.0,,,,False,50.3,25.0,worldpop_phl_2020_1km,PROXY,equity-v2.0,"Population exposure only; no validated socioeconomic, accessibility-gap or settlement-status layer is available."
LTFRB_PUJ2275,82.97,82.969,144176.7,,,,False,82.97,25.0,worldpop_phl_2020_1km,PROXY,equity-v2.0,"Population exposure only; no validated socioeconomic, accessibility-gap or settlement-status layer is available."
LTFRB_PUJ2276,0.0,0.0,111029.1,,,,False,0.0,25.0,worldpop_phl_2020_1km,PROXY,equity-v2.0,"Population exposure only; no validated socioeconomic, accessibility-gap or settlement-status layer is available."
LTFRB_PUJ2277,90.03,90.035,611351.8,,,,False,90.03,25.0,worldpop_phl_2020_1km,PROXY,equity-v2.0,"Population exposure only; no validated socioeconomic, accessibility-gap or settlement-status layer is available."
LTFRB_PUJ2278,100.0,100.0,60393.9,,,,False,100.0,25.0,worldpop_phl_2020_1km,PROXY,equity-v2.0,"Population exposure only; no validated socioeconomic, accessibility-gap or settlement-status layer is available."
LTFRB_PUJ2279,90.62,90.623,536261.9,,,,False,90.62,25.0,worldpop_phl_2020_1km,PROXY,equity-v2.0,"Population exposure only; no validated socioeconomic, accessibility-gap or settlement-status layer is available."
LTFRB_PUJ2280,83.26,83.262,225696.2,,,,False,83.26,25.0,worldpop_phl_2020_1km,PROXY,equity-v2.0,"Population exposure only; no validated socioeconomic, accessibility-gap or settlement-status layer is available."
LTFRB_PUJ2281,81.64,81.638,151088.3,,,,False,81.64,25.0,worldpop_phl_2020_1km,PROXY,equity-v2.0,"Population exposure only; no validated socioeconomic, accessibility-gap or settlement-status layer is available."
LTFRB_PUJ2282,33.61,33.607,71896.5,,,,False,33.61,25.0,worldpop_phl_2020_1km,PROXY,equity-v2.0,"Population exposure only; no validated socioeconomic, accessibility-gap or settlement-status layer is available."
LTFRB_PUJ2283,76.65,76.651,102336.0,,,,False,76.65,25.0,worldpop_phl_2020_1km,PROXY,equity-v2.0,"Population exposure only; no validated socioeconomic, accessibility-gap or settlement-status layer is available."
LTFRB_PUJ2284,96.9,96.903,336595.7,,,,False,96.9,25.0,worldpop_phl_2020_1km,PROXY,equity-v2.0,"Population exposure only; no validated socioeconomic, accessibility-gap or settlement-status layer is available."
LTFRB_PUJ2285,89.85,89.854,259017.3,,,,False,89.85,25.0,worldpop_phl_2020_1km,PROXY,equity-v2.0,"Population exposure only; no validated socioeconomic, accessibility-gap or settlement-status layer is available."
LTFRB_PUJ2286,100.0,100.0,166151.1,,,,False,100.0,25.0,worldpop_phl_2020_1km,PROXY,equity-v2.0,"Population exposure only; no validated socioeconomic, accessibility-gap or settlement-status layer is available."
LTFRB_PUJ2287,100.0,100.0,143418.1,,,,False,100.0,25.0,worldpop_phl_2020_1km,PROXY,equity-v2.0,"Population exposure only; no validated socioeconomic, accessibility-gap or settlement-status layer is available."
LTFRB_PUJ2288,91.6,91.596,533903.6,,,,False,91.6,25.0,worldpop_phl_2020_1km,PROXY,equity-v2.0,"Population exposure only; no validated socioeconomic, accessibility-gap or settlement-status layer is available."
LTFRB_PUJ2289,91.18,91.179,667627.8,,,,False,91.18,25.0,worldpop_phl_2020_1km,PROXY,equity-v2.0,"Population exposure only; no validated socioeconomic, accessibility-gap or settlement-status layer is available."
LTFRB_PUJ2290,91.97,91.97,554035.4,,,,False,91.97,25.0,worldpop_phl_2020_1km,PROXY,equity-v2.0,"Population exposure only; no validated socioeconomic, accessibility-gap or settlement-status layer is available."
LTFRB_PUJ2293,92.47,92.466,595056.5,,,,False,92.47,25.0,worldpop_phl_2020_1km,PROXY,equity-v2.0,"Population exposure only; no validated socioeconomic, accessibility-gap or settlement-status layer is available."
LTFRB_PUJ2294,89.58,89.579,681635.6,,,,False,89.58,25.0,worldpop_phl_2020_1km,PROXY,equity-v2.0,"Population exposure only; no validated socioeconomic, accessibility-gap or settlement-status layer is available."
LTFRB_PUJ2295,89.87,89.874,701483.1,,,,False,89.87,25.0,worldpop_phl_2020_1km,PROXY,equity-v2.0,"Population exposure only; no validated socioeconomic, accessibility-gap or settlement-status layer is available."
LTFRB_PUJ2296,95.73,95.733,564082.3,,,,False,95.73,25.0,worldpop_phl_2020_1km,PROXY,equity-v2.0,"Population exposure only; no validated socioeconomic, accessibility-gap or settlement-status layer is available."
LTFRB_PUJ2297,95.46,95.457,529715.9,,,,False,95.46,25.0,worldpop_phl_2020_1km,PROXY,equity-v2.0,"Population exposure only; no validated socioeconomic, accessibility-gap or settlement-status layer is available."
LTFRB_PUJ2298,100.0,100.0,418767.3,,,,False,100.0,25.0,worldpop_phl_2020_1km,PROXY,equity-v2.0,"Population exposure only; no validated socioeconomic, accessibility-gap or settlement-status layer is available."
LTFRB_PUJ2299,100.0,100.0,418767.3,,,,False,100.0,25.0,worldpop_phl_2020_1km,PROXY,equity-v2.0,"Population exposure only; no validated socioeconomic, accessibility-gap or settlement-status layer is available."
LTFRB_PUJ2300,84.55,84.551,419398.0,,,,False,84.55,25.0,worldpop_phl_2020_1km,PROXY,equity-v2.0,"Population exposure only; no validated socioeconomic, accessibility-gap or settlement-status layer is available."
LTFRB_PUJ2301,93.02,93.022,120155.8,,,,False,93.02,25.0,worldpop_phl_2020_1km,PROXY,equity-v2.0,"Population exposure only; no validated socioeconomic, accessibility-gap or settlement-status layer is available."
LTFRB_PUJ2302,78.31,78.313,272105.2,,,,False,78.31,25.0,worldpop_phl_2020_1km,PROXY,equity-v2.0,"Population exposure only; no validated socioeconomic, accessibility-gap or settlement-status layer is available."
LTFRB_PUJ2303,55.77,55.774,372984.6,,,,False,55.77,25.0,worldpop_phl_2020_1km,PROXY,equity-v2.0,"Population exposure only; no validated socioeconomic, accessibility-gap or settlement-status layer is available."
LTFRB_PUJ2304,55.77,55.774,372984.6,,,,False,55.77,25.0,worldpop_phl_2020_1km,PROXY,equity-v2.0,"Population exposure only; no validated socioeconomic, accessibility-gap or settlement-status layer is available."
LTFRB_PUJ2305,72.68,72.677,585743.3,,,,False,72.68,25.0,worldpop_phl_2020_1km,PROXY,equity-v2.0,"Population exposure only; no validated socioeconomic, accessibility-gap or settlement-status layer is available."
LTFRB_PUJ2306,72.68,72.677,585743.3,,,,False,72.68,25.0,worldpop_phl_2020_1km,PROXY,equity-v2.0,"Population exposure only; no validated socioeconomic, accessibility-gap or settlement-status layer is available."
LTFRB_PUJ2307,100.0,100.0,373725.1,,,,False,100.0,25.0,worldpop_phl_2020_1km,PROXY,equity-v2.0,"Population exposure only; no validated socioeconomic, accessibility-gap or settlement-status layer is available."
LTFRB_PUJ2308,100.0,100.0,319419.6,,,,False,100.0,25.0,worldpop_phl_2020_1km,PROXY,equity-v2.0,"Population exposure only; no validated socioeconomic, accessibility-gap or settlement-status layer is available."
LTFRB_PUJ2309,100.0,100.0,481088.5,,,,False,100.0,25.0,worldpop_phl_2020_1km,PROXY,equity-v2.0,"Population exposure only; no validated socioeconomic, accessibility-gap or settlement-status layer is available."
LTFRB_PUJ2310,100.0,100.0,481088.5,,,,False,100.0,25.0,worldpop_phl_2020_1km,PROXY,equity-v2.0,"Population exposure only; no validated socioeconomic, accessibility-gap or settlement-status layer is available."
LTFRB_PUJ2311,88.3,88.299,155322.4,,,,False,88.3,25.0,worldpop_phl_2020_1km,PROXY,equity-v2.0,"Population exposure only; no validated socioeconomic, accessibility-gap or settlement-status layer is available."
LTFRB_PUJ2312,88.3,88.299,155322.4,,,,False,88.3,25.0,worldpop_phl_2020_1km,PROXY,equity-v2.0,"Population exposure only; no validated socioeconomic, accessibility-gap or settlement-status layer is available."
LTFRB_PUJ2313,73.47,73.467,107873.6,,,,False,73.47,25.0,worldpop_phl_2020_1km,PROXY,equity-v2.0,"Population exposure only; no validated socioeconomic, accessibility-gap or settlement-status layer is available."
LTFRB_PUJ2314,73.47,73.467,107873.6,,,,False,73.47,25.0,worldpop_phl_2020_1km,PROXY,equity-v2.0,"Population exposure only; no validated socioeconomic, accessibility-gap or settlement-status layer is available."
LTFRB_PUJ2315,93.99,93.99,293580.9,,,,False,93.99,25.0,worldpop_phl_2020_1km,PROXY,equity-v2.0,"Population exposure only; no validated socioeconomic, accessibility-gap or settlement-status layer is available."
LTFRB_PUJ2316,91.35,91.348,285615.1,,,,False,91.35,25.0,worldpop_phl_2020_1km,PROXY,equity-v2.0,"Population exposure only; no validated socioeconomic, accessibility-gap or settlement-status layer is available."
LTFRB_PUJ2317,80.59,80.592,258747.7,,,,False,80.59,25.0,worldpop_phl_2020_1km,PROXY,equity-v2.0,"Population exposure only; no validated socioeconomic, accessibility-gap or settlement-status layer is available."
LTFRB_PUJ2318,82.11,82.112,280726.3,,,,False,82.11,25.0,worldpop_phl_2020_1km,PROXY,equity-v2.0,"Population exposure only; no validated socioeconomic, accessibility-gap or settlement-status layer is available."
LTFRB_PUJ2319,91.01,91.015,499374.6,,,,False,91.01,25.0,worldpop_phl_2020_1km,PROXY,equity-v2.0,"Population exposure only; no validated socioeconomic, accessibility-gap or settlement-status layer is available."
LTFRB_PUJ2320,88.59,88.589,513050.5,,,,False,88.59,25.0,worldpop_phl_2020_1km,PROXY,equity-v2.0,"Population exposure only; no validated socioeconomic, accessibility-gap or settlement-status layer is available."
LTFRB_PUJ2321,92.75,92.753,623928.2,,,,False,92.75,25.0,worldpop_phl_2020_1km,PROXY,equity-v2.0,"Population exposure only; no validated socioeconomic, accessibility-gap or settlement-status layer is available."
LTFRB_PUJ2322,90.98,90.975,652591.6,,,,False,90.98,25.0,worldpop_phl_2020_1km,PROXY,equity-v2.0,"Population exposure only; no validated socioeconomic, accessibility-gap or settlement-status layer is available."
LTFRB_PUJ2323,78.6,78.602,868194.2,,,,False,78.6,25.0,worldpop_phl_2020_1km,PROXY,equity-v2.0,"Population exposure only; no validated socioeconomic, accessibility-gap or settlement-status layer is available."
LTFRB_PUJ2324,78.21,78.207,852431.6,,,,False,78.21,25.0,worldpop_phl_2020_1km,PROXY,equity-v2.0,"Population exposure only; no validated socioeconomic, accessibility-gap or settlement-status layer is available."
LTFRB_PUJ2325,77.37,77.366,210582.1,,,,False,77.37,25.0,worldpop_phl_2020_1km,PROXY,equity-v2.0,"Population exposure only; no validated socioeconomic, accessibility-gap or settlement-status layer is available."
LTFRB_PUJ2326,77.37,77.366,210582.1,,,,False,77.37,25.0,worldpop_phl_2020_1km,PROXY,equity-v2.0,"Population exposure only; no validated socioeconomic, accessibility-gap or settlement-status layer is available."
LTFRB_PUJ2327,87.14,87.14,248993.8,,,,False,87.14,25.0,worldpop_phl_2020_1km,PROXY,equity-v2.0,"Population exposure only; no validated socioeconomic, accessibility-gap or settlement-status layer is available."
LTFRB_PUJ2329,82.84,82.844,721419.5,,,,False,82.84,25.0,worldpop_phl_2020_1km,PROXY,equity-v2.0,"Population exposure only; no validated socioeconomic, accessibility-gap or settlement-status layer is available."
LTFRB_PUJ2330,81.64,81.636,732099.8,,,,False,81.64,25.0,worldpop_phl_2020_1km,PROXY,equity-v2.0,"Population exposure only; no validated socioeconomic, accessibility-gap or settlement-status layer is available."
LTFRB_PUJ2331,88.85,88.847,696548.6,,,,False,88.85,25.0,worldpop_phl_2020_1km,PROXY,equity-v2.0,"Population exposure only; no validated socioeconomic, accessibility-gap or settlement-status layer is available."
LTFRB_PUJ2332,88.85,88.847,696548.6,,,,False,88.85,25.0,worldpop_phl_2020_1km,PROXY,equity-v2.0,"Population exposure only; no validated socioeconomic, accessibility-gap or settlement-status layer is available."
LTFRB_PUJ2333,83.01,83.009,186861.5,,,,False,83.01,25.0,worldpop_phl_2020_1km,PROXY,equity-v2.0,"Population exposure only; no validated socioeconomic, accessibility-gap or settlement-status layer is available."
LTFRB_PUJ2334,83.01,83.009,186861.5,,,,False,83.01,25.0,worldpop_phl_2020_1km,PROXY,equity-v2.0,"Population exposure only; no validated socioeconomic, accessibility-gap or settlement-status layer is available."
LTFRB_PUJ2335,91.13,91.135,262136.6,,,,False,91.13,25.0,worldpop_phl_2020_1km,PROXY,equity-v2.0,"Population exposure only; no validated socioeconomic, accessibility-gap or settlement-status layer is available."
LTFRB_PUJ2336,91.13,91.135,262136.6,,,,False,91.13,25.0,worldpop_phl_2020_1km,PROXY,equity-v2.0,"Population exposure only; no validated socioeconomic, accessibility-gap or settlement-status layer is available."
LTFRB_PUJ2337,76.16,76.157,130668.9,,,,False,76.16,25.0,worldpop_phl_2020_1km,PROXY,equity-v2.0,"Population exposure only; no validated socioeconomic, accessibility-gap or settlement-status layer is available."
LTFRB_PUJ2338,76.16,76.157,130668.9,,,,False,76.16,25.0,worldpop_phl_2020_1km,PROXY,equity-v2.0,"Population exposure only; no validated socioeconomic, accessibility-gap or settlement-status layer is available."
LTFRB_PUJ2339,95.68,95.677,241100.4,,,,False,95.68,25.0,worldpop_phl_2020_1km,PROXY,equity-v2.0,"Population exposure only; no validated socioeconomic, accessibility-gap or settlement-status layer is available."
LTFRB_PUJ2340,96.08,96.081,265993.4,,,,False,96.08,25.0,worldpop_phl_2020_1km,PROXY,equity-v2.0,"Population exposure only; no validated socioeconomic, accessibility-gap or settlement-status layer is available."
LTFRB_PUJ2341,93.36,93.363,930888.3,,,,False,93.36,25.0,worldpop_phl_2020_1km,PROXY,equity-v2.0,"Population exposure only; no validated socioeconomic, accessibility-gap or settlement-status layer is available."
LTFRB_PUJ2342,93.48,93.481,661588.5,,,,False,93.48,25.0,worldpop_phl_2020_1km,PROXY,equity-v2.0,"Population exposure only; no validated socioeconomic, accessibility-gap or settlement-status layer is available."
LTFRB_PUJ2343,12.01,12.012,161805.6,,,,False,12.01,25.0,worldpop_phl_2020_1km,PROXY,equity-v2.0,"Population exposure only; no validated socioeconomic, accessibility-gap or settlement-status layer is available."
LTFRB_PUJ2344,12.01,12.012,161805.6,,,,False,12.01,25.0,worldpop_phl_2020_1km,PROXY,equity-v2.0,"Population exposure only; no validated socioeconomic, accessibility-gap or settlement-status layer is available."
LTFRB_PUJ2345,38.12,38.115,432499.7,,,,False,38.12,25.0,worldpop_phl_2020_1km,PROXY,equity-v2.0,"Population exposure only; no validated socioeconomic, accessibility-gap or settlement-status layer is available."
LTFRB_PUJ2346,38.06,38.056,433168.8,,,,False,38.06,25.0,worldpop_phl_2020_1km,PROXY,equity-v2.0,"Population exposure only; no validated socioeconomic, accessibility-gap or settlement-status layer is available."
LTFRB_PUJ2347,54.68,54.682,138379.4,,,,False,54.68,25.0,worldpop_phl_2020_1km,PROXY,equity-v2.0,"Population exposure only; no validated socioeconomic, accessibility-gap or settlement-status layer is available."
LTFRB_PUJ2348,58.86,58.858,128560.4,,,,False,58.86,25.0,worldpop_phl_2020_1km,PROXY,equity-v2.0,"Population exposure only; no validated socioeconomic, accessibility-gap or settlement-status layer is available."
LTFRB_PUJ2349,0.0,0.0,61775.4,,,,False,0.0,25.0,worldpop_phl_2020_1km,PROXY,equity-v2.0,"Population exposure only; no validated socioeconomic, accessibility-gap or settlement-status layer is available."
LTFRB_PUJ2350,0.0,0.0,61775.4,,,,False,0.0,25.0,worldpop_phl_2020_1km,PROXY,equity-v2.0,"Population exposure only; no validated socioeconomic, accessibility-gap or settlement-status layer is available."
LTFRB_PUJ2351,0.0,0.0,11830.2,,,,False,0.0,25.0,worldpop_phl_2020_1km,PROXY,equity-v2.0,"Population exposure only; no validated socioeconomic, accessibility-gap or settlement-status layer is available."
LTFRB_PUJ2352,0.0,0.0,11830.2,,,,False,0.0,25.0,worldpop_phl_2020_1km,PROXY,equity-v2.0,"Population exposure only; no validated socioeconomic, accessibility-gap or settlement-status layer is available."
LTFRB_PUJ2353,90.52,90.523,109980.6,,,,False,90.52,25.0,worldpop_phl_2020_1km,PROXY,equity-v2.0,"Population exposure only; no validated socioeconomic, accessibility-gap or settlement-status layer is available."
LTFRB_PUJ2354,90.52,90.523,109980.6,,,,False,90.52,25.0,worldpop_phl_2020_1km,PROXY,equity-v2.0,"Population exposure only; no validated socioeconomic, accessibility-gap or settlement-status layer is available."
LTFRB_PUJ2355,92.64,92.637,197372.7,,,,False,92.64,25.0,worldpop_phl_2020_1km,PROXY,equity-v2.0,"Population exposure only; no validated socioeconomic, accessibility-gap or settlement-status layer is available."
LTFRB_PUJ2356,92.64,92.637,197372.7,,,,False,92.64,25.0,worldpop_phl_2020_1km,PROXY,equity-v2.0,"Population exposure only; no validated socioeconomic, accessibility-gap or settlement-status layer is available."
LTFRB_PUJ2357,29.52,29.524,117060.9,,,,False,29.52,25.0,worldpop_phl_2020_1km,PROXY,equity-v2.0,"Population exposure only; no validated socioeconomic, accessibility-gap or settlement-status layer is available."
LTFRB_PUJ2358,29.52,29.524,117060.9,,,,False,29.52,25.0,worldpop_phl_2020_1km,PROXY,equity-v2.0,"Population exposure only; no validated socioeconomic, accessibility-gap or settlement-status layer is available."
LTFRB_PUJ2359,100.0,100.0,829021.2,,,,False,100.0,25.0,worldpop_phl_2020_1km,PROXY,equity-v2.0,"Population exposure only; no validated socioeconomic, accessibility-gap or settlement-status layer is available."
LTFRB_PUJ2360,98.92,98.922,939560.1,,,,False,98.92,25.0,worldpop_phl_2020_1km,PROXY,equity-v2.0,"Population exposure only; no validated socioeconomic, accessibility-gap or settlement-status layer is available."
LTFRB_PUJ2361,94.9,94.905,204578.6,,,,False,94.9,25.0,worldpop_phl_2020_1km,PROXY,equity-v2.0,"Population exposure only; no validated socioeconomic, accessibility-gap or settlement-status layer is available."
LTFRB_PUJ2362,95.83,95.827,249777.0,,,,False,95.83,25.0,worldpop_phl_2020_1km,PROXY,equity-v2.0,"Population exposure only; no validated socioeconomic, accessibility-gap or settlement-status layer is available."
LTFRB_PUJ2363,72.01,72.012,180039.4,,,,False,72.01,25.0,worldpop_phl_2020_1km,PROXY,equity-v2.0,"Population exposure only; no validated socioeconomic, accessibility-gap or settlement-status layer is available."
LTFRB_PUJ2364,72.01,72.012,180039.4,,,,False,72.01,25.0,worldpop_phl_2020_1km,PROXY,equity-v2.0,"Population exposure only; no validated socioeconomic, accessibility-gap or settlement-status layer is available."
LTFRB_PUJ2365,64.59,64.593,180674.5,,,,False,64.59,25.0,worldpop_phl_2020_1km,PROXY,equity-v2.0,"Population exposure only; no validated socioeconomic, accessibility-gap or settlement-status layer is available."
LTFRB_PUJ2366,59.57,59.569,158221.5,,,,False,59.57,25.0,worldpop_phl_2020_1km,PROXY,equity-v2.0,"Population exposure only; no validated socioeconomic, accessibility-gap or settlement-status layer is available."
LTFRB_PUJ2367,76.55,76.551,491632.3,,,,False,76.55,25.0,worldpop_phl_2020_1km,PROXY,equity-v2.0,"Population exposure only; no validated socioeconomic, accessibility-gap or settlement-status layer is available."
LTFRB_PUJ2368,80.07,80.068,470037.6,,,,False,80.07,25.0,worldpop_phl_2020_1km,PROXY,equity-v2.0,"Population exposure only; no validated socioeconomic, accessibility-gap or settlement-status layer is available."
LTFRB_PUJ2369,74.51,74.515,505064.3,,,,False,74.51,25.0,worldpop_phl_2020_1km,PROXY,equity-v2.0,"Population exposure only; no validated socioeconomic, accessibility-gap or settlement-status layer is available."
LTFRB_PUJ2370,77.84,77.843,483469.7,,,,False,77.84,25.0,worldpop_phl_2020_1km,PROXY,equity-v2.0,"Population exposure only; no validated socioeconomic, accessibility-gap or settlement-status layer is available."
LTFRB_PUJ2371,64.97,64.968,157317.2,,,,False,64.97,25.0,worldpop_phl_2020_1km,PROXY,equity-v2.0,"Population exposure only; no validated socioeconomic, accessibility-gap or settlement-status layer is available."
LTFRB_PUJ2372,64.97,64.968,157317.2,,,,False,64.97,25.0,worldpop_phl_2020_1km,PROXY,equity-v2.0,"Population exposure only; no validated socioeconomic, accessibility-gap or settlement-status layer is available."
LTFRB_PUJ2373,0.0,0.0,20422.8,,,,False,0.0,25.0,worldpop_phl_2020_1km,PROXY,equity-v2.0,"Population exposure only; no validated socioeconomic, accessibility-gap or settlement-status layer is available."
LTFRB_PUJ2376,88.68,88.683,577120.6,,,,False,88.68,25.0,worldpop_phl_2020_1km,PROXY,equity-v2.0,"Population exposure only; no validated socioeconomic, accessibility-gap or settlement-status layer is available."
LTFRB_PUJ2377,88.65,88.65,596526.3,,,,False,88.65,25.0,worldpop_phl_2020_1km,PROXY,equity-v2.0,"Population exposure only; no validated socioeconomic, accessibility-gap or settlement-status layer is available."
LTFRB_PUJ2378,61.71,61.715,110968.3,,,,False,61.71,25.0,worldpop_phl_2020_1km,PROXY,equity-v2.0,"Population exposure only; no validated socioeconomic, accessibility-gap or settlement-status layer is available."
LTFRB_PUJ2379,79.09,79.095,168102.0,,,,False,79.09,25.0,worldpop_phl_2020_1km,PROXY,equity-v2.0,"Population exposure only; no validated socioeconomic, accessibility-gap or settlement-status layer is available."
LTFRB_PUJ2380,93.57,93.569,664347.4,,,,False,93.57,25.0,worldpop_phl_2020_1km,PROXY,equity-v2.0,"Population exposure only; no validated socioeconomic, accessibility-gap or settlement-status layer is available."
LTFRB_PUJ2381,91.61,91.608,609649.2,,,,False,91.61,25.0,worldpop_phl_2020_1km,PROXY,equity-v2.0,"Population exposure only; no validated socioeconomic, accessibility-gap or settlement-status layer is available."
LTFRB_PUJ2382,92.1,92.1,358540.7,,,,False,92.1,25.0,worldpop_phl_2020_1km,PROXY,equity-v2.0,"Population exposure only; no validated socioeconomic, accessibility-gap or settlement-status layer is available."
LTFRB_PUJ2383,90.32,90.32,365607.5,,,,False,90.32,25.0,worldpop_phl_2020_1km,PROXY,equity-v2.0,"Population exposure only; no validated socioeconomic, accessibility-gap or settlement-status layer is available."
LTFRB_PUJ2384,86.42,86.417,366786.4,,,,False,86.42,25.0,worldpop_phl_2020_1km,PROXY,equity-v2.0,"Population exposure only; no validated socioeconomic, accessibility-gap or settlement-status layer is available."
LTFRB_PUJ2385,83.01,83.008,347294.4,,,,False,83.01,25.0,worldpop_phl_2020_1km,PROXY,equity-v2.0,"Population exposure only; no validated socioeconomic, accessibility-gap or settlement-status layer is available."
LTFRB_PUJ2386,93.95,93.947,224698.4,,,,False,93.95,25.0,worldpop_phl_2020_1km,PROXY,equity-v2.0,"Population exposure only; no validated socioeconomic, accessibility-gap or settlement-status layer is available."
LTFRB_PUJ2387,95.82,95.82,220306.9,,,,False,95.82,25.0,worldpop_phl_2020_1km,PROXY,equity-v2.0,"Population exposure only; no validated socioeconomic, accessibility-gap or settlement-status layer is available."
LTFRB_PUJ2388,99.66,99.659,540718.6,,,,False,99.66,25.0,worldpop_phl_2020_1km,PROXY,equity-v2.0,"Population exposure only; no validated socioeconomic, accessibility-gap or settlement-status layer is available."
LTFRB_PUJ2389,99.33,99.328,274061.0,,,,False,99.33,25.0,worldpop_phl_2020_1km,PROXY,equity-v2.0,"Population exposure only; no validated socioeconomic, accessibility-gap or settlement-status layer is available."
LTFRB_PUJ2390,100.0,100.0,400672.6,,,,False,100.0,25.0,worldpop_phl_2020_1km,PROXY,equity-v2.0,"Population exposure only; no validated socioeconomic, accessibility-gap or settlement-status layer is available."
LTFRB_PUJ2392,0.0,0.0,145644.7,,,,False,0.0,25.0,worldpop_phl_2020_1km,PROXY,equity-v2.0,"Population exposure only; no validated socioeconomic, accessibility-gap or settlement-status layer is available."
LTFRB_PUJ2393,72.59,72.585,83300.4,,,,False,72.59,25.0,worldpop_phl_2020_1km,PROXY,equity-v2.0,"Population exposure only; no validated socioeconomic, accessibility-gap or settlement-status layer is available."
LTFRB_PUJ2394,77.08,77.078,110048.6,,,,False,77.08,25.0,worldpop_phl_2020_1km,PROXY,equity-v2.0,"Population exposure only; no validated socioeconomic, accessibility-gap or settlement-status layer is available."
LTFRB_PUJ2395,83.28,83.28,370208.2,,,,False,83.28,25.0,worldpop_phl_2020_1km,PROXY,equity-v2.0,"Population exposure only; no validated socioeconomic, accessibility-gap or settlement-status layer is available."
LTFRB_PUJ2396,83.28,83.28,370208.2,,,,False,83.28,25.0,worldpop_phl_2020_1km,PROXY,equity-v2.0,"Population exposure only; no validated socioeconomic, accessibility-gap or settlement-status layer is available."
LTFRB_PUJ2397,89.31,89.31,560008.9,,,,False,89.31,25.0,worldpop_phl_2020_1km,PROXY,equity-v2.0,"Population exposure only; no validated socioeconomic, accessibility-gap or settlement-status layer is available."
LTFRB_PUJ2398,89.77,89.772,585298.7,,,,False,89.77,25.0,worldpop_phl_2020_1km,PROXY,equity-v2.0,"Population exposure only; no validated socioeconomic, accessibility-gap or settlement-status layer is available."
LTFRB_PUJ2399,95.12,95.121,378040.2,,,,False,95.12,25.0,worldpop_phl_2020_1km,PROXY,equity-v2.0,"Population exposure only; no validated socioeconomic, accessibility-gap or settlement-status layer is available."
LTFRB_PUJ2400,91.82,91.818,391640.2,,,,False,91.82,25.0,worldpop_phl_2020_1km,PROXY,equity-v2.0,"Population exposure only; no validated socioeconomic, accessibility-gap or settlement-status layer is available."
LTFRB_PUJ2401,86.54,86.541,195387.2,,,,False,86.54,25.0,worldpop_phl_2020_1km,PROXY,equity-v2.0,"Population exposure only; no validated socioeconomic, accessibility-gap or settlement-status layer is available."
LTFRB_PUJ2403,96.5,96.496,297467.5,,,,False,96.5,25.0,worldpop_phl_2020_1km,PROXY,equity-v2.0,"Population exposure only; no validated socioeconomic, accessibility-gap or settlement-status layer is available."
LTFRB_PUJ2404,96.5,96.496,297467.5,,,,False,96.5,25.0,worldpop_phl_2020_1km,PROXY,equity-v2.0,"Population exposure only; no validated socioeconomic, accessibility-gap or settlement-status layer is available."
LTFRB_PUJ2405,96.66,96.663,233864.7,,,,False,96.66,25.0,worldpop_phl_2020_1km,PROXY,equity-v2.0,"Population exposure only; no validated socioeconomic, accessibility-gap or settlement-status layer is available."
LTFRB_PUJ2406,100.0,100.0,226060.8,,,,False,100.0,25.0,worldpop_phl_2020_1km,PROXY,equity-v2.0,"Population exposure only; no validated socioeconomic, accessibility-gap or settlement-status layer is available."
LTFRB_PUJ2407,77.97,77.966,817072.8,,,,False,77.97,25.0,worldpop_phl_2020_1km,PROXY,equity-v2.0,"Population exposure only; no validated socioeconomic, accessibility-gap or settlement-status layer is available."
LTFRB_PUJ2408,76.42,76.423,811525.8,,,,False,76.42,25.0,worldpop_phl_2020_1km,PROXY,equity-v2.0,"Population exposure only; no validated socioeconomic, accessibility-gap or settlement-status layer is available."
LTFRB_PUJ2409,43.75,43.749,46342.1,,,,False,43.75,25.0,worldpop_phl_2020_1km,PROXY,equity-v2.0,"Population exposure only; no validated socioeconomic, accessibility-gap or settlement-status layer is available."
LTFRB_PUJ2410,42.08,42.083,48176.8,,,,False,42.08,25.0,worldpop_phl_2020_1km,PROXY,equity-v2.0,"Population exposure only; no validated socioeconomic, accessibility-gap or settlement-status layer is available."
LTFRB_PUJ2411,40.65,40.646,169390.0,,,,False,40.65,25.0,worldpop_phl_2020_1km,PROXY,equity-v2.0,"Population exposure only; no validated socioeconomic, accessibility-gap or settlement-status layer is available."
LTFRB_PUJ2412,39.53,39.533,100215.8,,,,False,39.53,25.0,worldpop_phl_2020_1km,PROXY,equity-v2.0,"Population exposure only; no validated socioeconomic, accessibility-gap or settlement-status layer is available."
LTFRB_PUJ2413,95.82,95.82,220306.9,,,,False,95.82,25.0,worldpop_phl_2020_1km,PROXY,equity-v2.0,"Population exposure only; no validated socioeconomic, accessibility-gap or settlement-status layer is available."
LTFRB_PUJ2414,95.82,95.82,220306.9,,,,False,95.82,25.0,worldpop_phl_2020_1km,PROXY,equity-v2.0,"Population exposure only; no validated socioeconomic, accessibility-gap or settlement-status layer is available."
LTFRB_PUJ2415,93.18,93.179,64685.9,,,,False,93.18,25.0,worldpop_phl_2020_1km,PROXY,equity-v2.0,"Population exposure only; no validated socioeconomic, accessibility-gap or settlement-status layer is available."
LTFRB_PUJ2416,96.6,96.598,129699.8,,,,False,96.6,25.0,worldpop_phl_2020_1km,PROXY,equity-v2.0,"Population exposure only; no validated socioeconomic, accessibility-gap or settlement-status layer is available."
LTFRB_PUJ2417,58.45,58.451,528659.2,,,,False,58.45,25.0,worldpop_phl_2020_1km,PROXY,equity-v2.0,"Population exposure only; no validated socioeconomic, accessibility-gap or settlement-status layer is available."
LTFRB_PUJ2418,63.58,63.583,615274.6,,,,False,63.58,25.0,worldpop_phl_2020_1km,PROXY,equity-v2.0,"Population exposure only; no validated socioeconomic, accessibility-gap or settlement-status layer is available."
LTFRB_PUJ2419,86.24,86.241,435323.2,,,,False,86.24,25.0,worldpop_phl_2020_1km,PROXY,equity-v2.0,"Population exposure only; no validated socioeconomic, accessibility-gap or settlement-status layer is available."
LTFRB_PUJ2420,90.74,90.743,413728.6,,,,False,90.74,25.0,worldpop_phl_2020_1km,PROXY,equity-v2.0,"Population exposure only; no validated socioeconomic, accessibility-gap or settlement-status layer is available."
LTFRB_PUJ2421,26.42,26.417,83811.4,,,,False,26.42,25.0,worldpop_phl_2020_1km,PROXY,equity-v2.0,"Population exposure only; no validated socioeconomic, accessibility-gap or settlement-status layer is available."
LTFRB_PUJ2422,50.18,50.177,83558.6,,,,False,50.18,25.0,worldpop_phl_2020_1km,PROXY,equity-v2.0,"Population exposure only; no validated socioeconomic, accessibility-gap or settlement-status layer is available."
LTFRB_PUJ2423,56.2,56.202,124638.3,,,,False,56.2,25.0,worldpop_phl_2020_1km,PROXY,equity-v2.0,"Population exposure only; no validated socioeconomic, accessibility-gap or settlement-status layer is available."
LTFRB_PUJ2424,56.2,56.202,124638.3,,,,False,56.2,25.0,worldpop_phl_2020_1km,PROXY,equity-v2.0,"Population exposure only; no validated socioeconomic, accessibility-gap or settlement-status layer is available."
LTFRB_PUJ2425,0.0,0.0,65476.6,,,,False,0.0,25.0,worldpop_phl_2020_1km,PROXY,equity-v2.0,"Population exposure only; no validated socioeconomic, accessibility-gap or settlement-status layer is available."
LTFRB_PUJ2426,51.54,51.537,135920.1,,,,False,51.54,25.0,worldpop_phl_2020_1km,PROXY,equity-v2.0,"Population exposure only; no validated socioeconomic, accessibility-gap or settlement-status layer is available."
LTFRB_PUJ2427,43.67,43.671,160402.6,,,,False,43.67,25.0,worldpop_phl_2020_1km,PROXY,equity-v2.0,"Population exposure only; no validated socioeconomic, accessibility-gap or settlement-status layer is available."
LTFRB_PUJ2428,91.88,91.882,292432.1,,,,False,91.88,25.0,worldpop_phl_2020_1km,PROXY,equity-v2.0,"Population exposure only; no validated socioeconomic, accessibility-gap or settlement-status layer is available."
LTFRB_PUJ2429,92.41,92.415,376952.4,,,,False,92.41,25.0,worldpop_phl_2020_1km,PROXY,equity-v2.0,"Population exposure only; no validated socioeconomic, accessibility-gap or settlement-status layer is available."
LTFRB_PUJ2431,24.49,24.488,280481.7,,,,False,24.49,25.0,worldpop_phl_2020_1km,PROXY,equity-v2.0,"Population exposure only; no validated socioeconomic, accessibility-gap or settlement-status layer is available."
LTFRB_PUJ2432,87.69,87.685,213537.0,,,,False,87.69,25.0,worldpop_phl_2020_1km,PROXY,equity-v2.0,"Population exposure only; no validated socioeconomic, accessibility-gap or settlement-status layer is available."
LTFRB_PUJ2433,85.7,85.703,183935.4,,,,False,85.7,25.0,worldpop_phl_2020_1km,PROXY,equity-v2.0,"Population exposure only; no validated socioeconomic, accessibility-gap or settlement-status layer is available."
LTFRB_PUJ2436,78.62,78.616,712455.2,,,,False,78.62,25.0,worldpop_phl_2020_1km,PROXY,equity-v2.0,"Population exposure only; no validated socioeconomic, accessibility-gap or settlement-status layer is available."
LTFRB_PUJ2437,77.98,77.977,718290.1,,,,False,77.98,25.0,worldpop_phl_2020_1km,PROXY,equity-v2.0,"Population exposure only; no validated socioeconomic, accessibility-gap or settlement-status layer is available."
LTFRB_PUJ2438,79.24,79.241,241903.8,,,,False,79.24,25.0,worldpop_phl_2020_1km,PROXY,equity-v2.0,"Population exposure only; no validated socioeconomic, accessibility-gap or settlement-status layer is available."
LTFRB_PUJ2439,79.24,79.241,241903.8,,,,False,79.24,25.0,worldpop_phl_2020_1km,PROXY,equity-v2.0,"Population exposure only; no validated socioeconomic, accessibility-gap or settlement-status layer is available."
LTFRB_PUJ2440,100.0,100.0,247972.7,,,,False,100.0,25.0,worldpop_phl_2020_1km,PROXY,equity-v2.0,"Population exposure only; no validated socioeconomic, accessibility-gap or settlement-status layer is available."
LTFRB_PUJ2441,100.0,100.0,247972.7,,,,False,100.0,25.0,worldpop_phl_2020_1km,PROXY,equity-v2.0,"Population exposure only; no validated socioeconomic, accessibility-gap or settlement-status layer is available."
LTFRB_PUJ2442,64.42,64.416,625089.9,,,,False,64.42,25.0,worldpop_phl_2020_1km,PROXY,equity-v2.0,"Population exposure only; no validated socioeconomic, accessibility-gap or settlement-status layer is available."
LTFRB_PUJ2443,65.51,65.506,614684.2,,,,False,65.51,25.0,worldpop_phl_2020_1km,PROXY,equity-v2.0,"Population exposure only; no validated socioeconomic, accessibility-gap or settlement-status layer is available."
LTFRB_PUJ2444,86.23,86.227,319358.0,,,,False,86.23,25.0,worldpop_phl_2020_1km,PROXY,equity-v2.0,"Population exposure only; no validated socioeconomic, accessibility-gap or settlement-status layer is available."
LTFRB_PUJ2445,94.91,94.908,250257.0,,,,False,94.91,25.0,worldpop_phl_2020_1km,PROXY,equity-v2.0,"Population exposure only; no validated socioeconomic, accessibility-gap or settlement-status layer is available."
LTFRB_PUJ2446,31.83,31.827,185234.7,,,,False,31.83,25.0,worldpop_phl_2020_1km,PROXY,equity-v2.0,"Population exposure only; no validated socioeconomic, accessibility-gap or settlement-status layer is available."
LTFRB_PUJ2447,35.27,35.267,167170.6,,,,False,35.27,25.0,worldpop_phl_2020_1km,PROXY,equity-v2.0,"Population exposure only; no validated socioeconomic, accessibility-gap or settlement-status layer is available."
LTFRB_PUJ2448,100.0,100.0,203225.9,,,,False,100.0,25.0,worldpop_phl_2020_1km,PROXY,equity-v2.0,"Population exposure only; no validated socioeconomic, accessibility-gap or settlement-status layer is available."
LTFRB_PUJ2449,96.68,96.685,235389.6,,,,False,96.68,25.0,worldpop_phl_2020_1km,PROXY,equity-v2.0,"Population exposure only; no validated socioeconomic, accessibility-gap or settlement-status layer is available."
LTFRB_PUJ2450,64.57,64.573,153883.6,,,,False,64.57,25.0,worldpop_phl_2020_1km,PROXY,equity-v2.0,"Population exposure only; no validated socioeconomic, accessibility-gap or settlement-status layer is available."
LTFRB_PUJ2451,64.57,64.573,153883.6,,,,False,64.57,25.0,worldpop_phl_2020_1km,PROXY,equity-v2.0,"Population exposure only; no validated socioeconomic, accessibility-gap or settlement-status layer is available."
LTFRB_PUJ2452,77.61,77.614,460688.9,,,,False,77.61,25.0,worldpop_phl_2020_1km,PROXY,equity-v2.0,"Population exposure only; no validated socioeconomic, accessibility-gap or settlement-status layer is available."
LTFRB_PUJ2453,79.87,79.868,469842.7,,,,False,79.87,25.0,worldpop_phl_2020_1km,PROXY,equity-v2.0,"Population exposure only; no validated socioeconomic, accessibility-gap or settlement-status layer is available."
LTFRB_PUJ2454,35.22,35.22,98059.9,,,,False,35.22,25.0,worldpop_phl_2020_1km,PROXY,equity-v2.0,"Population exposure only; no validated socioeconomic, accessibility-gap or settlement-status layer is available."
LTFRB_PUJ2455,35.22,35.22,98059.9,,,,False,35.22,25.0,worldpop_phl_2020_1km,PROXY,equity-v2.0,"Population exposure only; no validated socioeconomic, accessibility-gap or settlement-status layer is available."
LTFRB_PUJ2456,65.21,65.211,506350.7,,,,False,65.21,25.0,worldpop_phl_2020_1km,PROXY,equity-v2.0,"Population exposure only; no validated socioeconomic, accessibility-gap or settlement-status layer is available."
LTFRB_PUJ2457,65.46,65.464,606738.1,,,,False,65.46,25.0,worldpop_phl_2020_1km,PROXY,equity-v2.0,"Population exposure only; no validated socioeconomic, accessibility-gap or settlement-status layer is available."
LTFRB_PUJ2458,72.5,72.499,446922.8,,,,False,72.5,25.0,worldpop_phl_2020_1km,PROXY,equity-v2.0,"Population exposure only; no validated socioeconomic, accessibility-gap or settlement-status layer is available."
LTFRB_PUJ2459,72.5,72.499,446922.8,,,,False,72.5,25.0,worldpop_phl_2020_1km,PROXY,equity-v2.0,"Population exposure only; no validated socioeconomic, accessibility-gap or settlement-status layer is available."
LTFRB_PUJ2460,0.0,0.0,79376.5,,,,False,0.0,25.0,worldpop_phl_2020_1km,PROXY,equity-v2.0,"Population exposure only; no validated socioeconomic, accessibility-gap or settlement-status layer is available."
LTFRB_PUJ2461,0.0,0.0,74071.3,,,,False,0.0,25.0,worldpop_phl_2020_1km,PROXY,equity-v2.0,"Population exposure only; no validated socioeconomic, accessibility-gap or settlement-status layer is available."
LTFRB_PUJ2462,60.9,60.896,274808.7,,,,False,60.9,25.0,worldpop_phl_2020_1km,PROXY,equity-v2.0,"Population exposure only; no validated socioeconomic, accessibility-gap or settlement-status layer is available."
LTFRB_PUJ2463,58.47,58.468,286222.8,,,,False,58.47,25.0,worldpop_phl_2020_1km,PROXY,equity-v2.0,"Population exposure only; no validated socioeconomic, accessibility-gap or settlement-status layer is available."
LTFRB_PUJ2464,78.48,78.484,666621.8,,,,False,78.48,25.0,worldpop_phl_2020_1km,PROXY,equity-v2.0,"Population exposure only; no validated socioeconomic, accessibility-gap or settlement-status layer is available."
LTFRB_PUJ2465,77.79,77.792,697229.9,,,,False,77.79,25.0,worldpop_phl_2020_1km,PROXY,equity-v2.0,"Population exposure only; no validated socioeconomic, accessibility-gap or settlement-status layer is available."
LTFRB_PUJ2466,62.2,62.199,414514.6,,,,False,62.2,25.0,worldpop_phl_2020_1km,PROXY,equity-v2.0,"Population exposure only; no validated socioeconomic, accessibility-gap or settlement-status layer is available."
LTFRB_PUJ2467,63.62,63.622,454040.2,,,,False,63.62,25.0,worldpop_phl_2020_1km,PROXY,equity-v2.0,"Population exposure only; no validated socioeconomic, accessibility-gap or settlement-status layer is available."
LTFRB_PUJ2468,100.0,100.0,110601.7,,,,False,100.0,25.0,worldpop_phl_2020_1km,PROXY,equity-v2.0,"Population exposure only; no validated socioeconomic, accessibility-gap or settlement-status layer is available."
LTFRB_PUJ2469,100.0,100.0,136245.1,,,,False,100.0,25.0,worldpop_phl_2020_1km,PROXY,equity-v2.0,"Population exposure only; no validated socioeconomic, accessibility-gap or settlement-status layer is available."
LTFRB_PUJ2470,87.94,87.941,910191.5,,,,False,87.94,25.0,worldpop_phl_2020_1km,PROXY,equity-v2.0,"Population exposure only; no validated socioeconomic, accessibility-gap or settlement-status layer is available."
LTFRB_PUJ2471,88.31,88.315,889357.9,,,,False,88.31,25.0,worldpop_phl_2020_1km,PROXY,equity-v2.0,"Population exposure only; no validated socioeconomic, accessibility-gap or settlement-status layer is available."
LTFRB_PUJ2472,89.51,89.514,567883.1,,,,False,89.51,25.0,worldpop_phl_2020_1km,PROXY,equity-v2.0,"Population exposure only; no validated socioeconomic, accessibility-gap or settlement-status layer is available."
LTFRB_PUJ2473,89.81,89.809,502006.7,,,,False,89.81,25.0,worldpop_phl_2020_1km,PROXY,equity-v2.0,"Population exposure only; no validated socioeconomic, accessibility-gap or settlement-status layer is available."
LTFRB_PUJ2474,0.0,0.0,60210.5,,,,False,0.0,25.0,worldpop_phl_2020_1km,PROXY,equity-v2.0,"Population exposure only; no validated socioeconomic, accessibility-gap or settlement-status layer is available."
LTFRB_PUJ2475,0.0,0.0,60210.5,,,,False,0.0,25.0,worldpop_phl_2020_1km,PROXY,equity-v2.0,"Population exposure only; no validated socioeconomic, accessibility-gap or settlement-status layer is available."
LTFRB_PUJ2476,0.0,0.0,155078.5,,,,False,0.0,25.0,worldpop_phl_2020_1km,PROXY,equity-v2.0,"Population exposure only; no validated socioeconomic, accessibility-gap or settlement-status layer is available."
LTFRB_PUJ2477,0.0,0.0,155078.5,,,,False,0.0,25.0,worldpop_phl_2020_1km,PROXY,equity-v2.0,"Population exposure only; no validated socioeconomic, accessibility-gap or settlement-status layer is available."
LTFRB_PUJ2480,94.05,94.053,563352.0,,,,False,94.05,25.0,worldpop_phl_2020_1km,PROXY,equity-v2.0,"Population exposure only; no validated socioeconomic, accessibility-gap or settlement-status layer is available."
LTFRB_PUJ2481,94.05,94.053,563352.0,,,,False,94.05,25.0,worldpop_phl_2020_1km,PROXY,equity-v2.0,"Population exposure only; no validated socioeconomic, accessibility-gap or settlement-status layer is available."
LTFRB_PUJ2482,93.09,93.09,597769.0,,,,False,93.09,25.0,worldpop_phl_2020_1km,PROXY,equity-v2.0,"Population exposure only; no validated socioeconomic, accessibility-gap or settlement-status layer is available."
LTFRB_PUJ2483,93.09,93.09,597769.0,,,,False,93.09,25.0,worldpop_phl_2020_1km,PROXY,equity-v2.0,"Population exposure only; no validated socioeconomic, accessibility-gap or settlement-status layer is available."
LTFRB_PUJ2484,27.75,27.75,355750.7,,,,False,27.75,25.0,worldpop_phl_2020_1km,PROXY,equity-v2.0,"Population exposure only; no validated socioeconomic, accessibility-gap or settlement-status layer is available."
LTFRB_PUJ2485,32.94,32.941,383291.4,,,,False,32.94,25.0,worldpop_phl_2020_1km,PROXY,equity-v2.0,"Population exposure only; no validated socioeconomic, accessibility-gap or settlement-status layer is available."
LTFRB_PUJ2486,51.49,51.488,259356.5,,,,False,51.49,25.0,worldpop_phl_2020_1km,PROXY,equity-v2.0,"Population exposure only; no validated socioeconomic, accessibility-gap or settlement-status layer is available."
LTFRB_PUJ2487,49.32,49.317,270770.7,,,,False,49.32,25.0,worldpop_phl_2020_1km,PROXY,equity-v2.0,"Population exposure only; no validated socioeconomic, accessibility-gap or settlement-status layer is available."
LTFRB_PUJ2488,55.01,55.014,348088.5,,,,False,55.01,25.0,worldpop_phl_2020_1km,PROXY,equity-v2.0,"Population exposure only; no validated socioeconomic, accessibility-gap or settlement-status layer is available."
LTFRB_PUJ2489,52.66,52.655,525788.7,,,,False,52.66,25.0,worldpop_phl_2020_1km,PROXY,equity-v2.0,"Population exposure only; no validated socioeconomic, accessibility-gap or settlement-status layer is available."
LTFRB_PUJ2490,61.52,61.517,439222.3,,,,False,61.52,25.0,worldpop_phl_2020_1km,PROXY,equity-v2.0,"Population exposure only; no validated socioeconomic, accessibility-gap or settlement-status layer is available."
LTFRB_PUJ2491,60.21,60.214,448730.3,,,,False,60.21,25.0,worldpop_phl_2020_1km,PROXY,equity-v2.0,"Population exposure only; no validated socioeconomic, accessibility-gap or settlement-status layer is available."
LTFRB_PUJ2492,53.2,53.196,507929.4,,,,False,53.2,25.0,worldpop_phl_2020_1km,PROXY,equity-v2.0,"Population exposure only; no validated socioeconomic, accessibility-gap or settlement-status layer is available."
LTFRB_PUJ2493,52.13,52.129,531093.9,,,,False,52.13,25.0,worldpop_phl_2020_1km,PROXY,equity-v2.0,"Population exposure only; no validated socioeconomic, accessibility-gap or settlement-status layer is available."
LTFRB_PUJ2494,15.61,15.608,121943.5,,,,False,15.61,25.0,worldpop_phl_2020_1km,PROXY,equity-v2.0,"Population exposure only; no validated socioeconomic, accessibility-gap or settlement-status layer is available."
LTFRB_PUJ2495,15.61,15.608,121943.5,,,,False,15.61,25.0,worldpop_phl_2020_1km,PROXY,equity-v2.0,"Population exposure only; no validated socioeconomic, accessibility-gap or settlement-status layer is available."
LTFRB_PUJ2496,66.92,66.925,394282.0,,,,False,66.92,25.0,worldpop_phl_2020_1km,PROXY,equity-v2.0,"Population exposure only; no validated socioeconomic, accessibility-gap or settlement-status layer is available."
LTFRB_PUJ2497,64.73,64.732,369772.6,,,,False,64.73,25.0,worldpop_phl_2020_1km,PROXY,equity-v2.0,"Population exposure only; no validated socioeconomic, accessibility-gap or settlement-status layer is available."
LTFRB_PUJ2498,80.62,80.622,307495.8,,,,False,80.62,25.0,worldpop_phl_2020_1km,PROXY,equity-v2.0,"Population exposure only; no validated socioeconomic, accessibility-gap or settlement-status layer is available."
LTFRB_PUJ2499,75.89,75.891,255140.5,,,,False,75.89,25.0,worldpop_phl_2020_1km,PROXY,equity-v2.0,"Population exposure only; no validated socioeconomic, accessibility-gap or settlement-status layer is available."
LTFRB_PUJ2500,86.47,86.468,557785.4,,,,False,86.47,25.0,worldpop_phl_2020_1km,PROXY,equity-v2.0,"Population exposure only; no validated socioeconomic, accessibility-gap or settlement-status layer is available."
LTFRB_PUJ2501,79.72,79.718,409532.9,,,,False,79.72,25.0,worldpop_phl_2020_1km,PROXY,equity-v2.0,"Population exposure only; no validated socioeconomic, accessibility-gap or settlement-status layer is available."
LTFRB_PUJ2502,92.78,92.783,316429.5,,,,False,92.78,25.0,worldpop_phl_2020_1km,PROXY,equity-v2.0,"Population exposure only; no validated socioeconomic, accessibility-gap or settlement-status layer is available."
LTFRB_PUJ2503,92.65,92.65,343177.7,,,,False,92.65,25.0,worldpop_phl_2020_1km,PROXY,equity-v2.0,"Population exposure only; no validated socioeconomic, accessibility-gap or settlement-status layer is available."
LTFRB_PUJ2504,91.24,91.239,673106.1,,,,False,91.24,25.0,worldpop_phl_2020_1km,PROXY,equity-v2.0,"Population exposure only; no validated socioeconomic, accessibility-gap or settlement-status layer is available."
LTFRB_PUJ2505,91.03,91.03,657418.9,,,,False,91.03,25.0,worldpop_phl_2020_1km,PROXY,equity-v2.0,"Population exposure only; no validated socioeconomic, accessibility-gap or settlement-status layer is available."
LTFRB_PUJ2506,100.0,100.0,201327.2,,,,False,100.0,25.0,worldpop_phl_2020_1km,PROXY,equity-v2.0,"Population exposure only; no validated socioeconomic, accessibility-gap or settlement-status layer is available."
LTFRB_PUJ2507,100.0,100.0,201327.2,,,,False,100.0,25.0,worldpop_phl_2020_1km,PROXY,equity-v2.0,"Population exposure only; no validated socioeconomic, accessibility-gap or settlement-status layer is available."
LTFRB_PUJ2508,98.39,98.39,881178.6,,,,False,98.39,25.0,worldpop_phl_2020_1km,PROXY,equity-v2.0,"Population exposure only; no validated socioeconomic, accessibility-gap or settlement-status layer is available."
LTFRB_PUJ2509,98.53,98.527,963387.9,,,,False,98.53,25.0,worldpop_phl_2020_1km,PROXY,equity-v2.0,"Population exposure only; no validated socioeconomic, accessibility-gap or settlement-status layer is available."
LTFRB_PUJ2510,0.0,0.0,26926.7,,,,False,0.0,25.0,worldpop_phl_2020_1km,PROXY,equity-v2.0,"Population exposure only; no validated socioeconomic, accessibility-gap or settlement-status layer is available."
LTFRB_PUJ2511,0.0,0.0,51623.0,,,,False,0.0,25.0,worldpop_phl_2020_1km,PROXY,equity-v2.0,"Population exposure only; no validated socioeconomic, accessibility-gap or settlement-status layer is available."
LTFRB_PUJ2512,98.32,98.321,252711.8,,,,False,98.32,25.0,worldpop_phl_2020_1km,PROXY,equity-v2.0,"Population exposure only; no validated socioeconomic, accessibility-gap or settlement-status layer is available."
LTFRB_PUJ2513,98.32,98.321,252711.8,,,,False,98.32,25.0,worldpop_phl_2020_1km,PROXY,equity-v2.0,"Population exposure only; no validated socioeconomic, accessibility-gap or settlement-status layer is available."
LTFRB_PUJ2514,100.0,100.0,311275.9,,,,False,100.0,25.0,worldpop_phl_2020_1km,PROXY,equity-v2.0,"Population exposure only; no validated socioeconomic, accessibility-gap or settlement-status layer is available."
LTFRB_PUJ2515,100.0,100.0,311275.9,,,,False,100.0,25.0,worldpop_phl_2020_1km,PROXY,equity-v2.0,"Population exposure only; no validated socioeconomic, accessibility-gap or settlement-status layer is available."
LTFRB_PUJ2516,100.0,100.0,146328.7,,,,False,100.0,25.0,worldpop_phl_2020_1km,PROXY,equity-v2.0,"Population exposure only; no validated socioeconomic, accessibility-gap or settlement-status layer is available."
LTFRB_PUJ2517,100.0,100.0,146328.7,,,,False,100.0,25.0,worldpop_phl_2020_1km,PROXY,equity-v2.0,"Population exposure only; no validated socioeconomic, accessibility-gap or settlement-status layer is available."
LTFRB_PUJ2518,87.07,87.074,93006.7,,,,False,87.07,25.0,worldpop_phl_2020_1km,PROXY,equity-v2.0,"Population exposure only; no validated socioeconomic, accessibility-gap or settlement-status layer is available."
LTFRB_PUJ2519,87.07,87.074,93006.7,,,,False,87.07,25.0,worldpop_phl_2020_1km,PROXY,equity-v2.0,"Population exposure only; no validated socioeconomic, accessibility-gap or settlement-status layer is available."
LTFRB_PUJ2520,68.66,68.664,222997.8,,,,False,68.66,25.0,worldpop_phl_2020_1km,PROXY,equity-v2.0,"Population exposure only; no validated socioeconomic, accessibility-gap or settlement-status layer is available."
LTFRB_PUJ2521,68.66,68.664,222997.8,,,,False,68.66,25.0,worldpop_phl_2020_1km,PROXY,equity-v2.0,"Population exposure only; no validated socioeconomic, accessibility-gap or settlement-status layer is available."
LTFRB_PUJ2522,74.15,74.145,124631.7,,,,False,74.15,25.0,worldpop_phl_2020_1km,PROXY,equity-v2.0,"Population exposure only; no validated socioeconomic, accessibility-gap or settlement-status layer is available."
LTFRB_PUJ2523,74.15,74.145,124631.7,,,,False,74.15,25.0,worldpop_phl_2020_1km,PROXY,equity-v2.0,"Population exposure only; no validated socioeconomic, accessibility-gap or settlement-status layer is available."
LTFRB_PUJ2524,90.15,90.151,411015.3,,,,False,90.15,25.0,worldpop_phl_2020_1km,PROXY,equity-v2.0,"Population exposure only; no validated socioeconomic, accessibility-gap or settlement-status layer is available."
LTFRB_PUJ2525,88.2,88.203,403049.4,,,,False,88.2,25.0,worldpop_phl_2020_1km,PROXY,equity-v2.0,"Population exposure only; no validated socioeconomic, accessibility-gap or settlement-status layer is available."
LTFRB_PUJ2526,64.94,64.936,284346.1,,,,False,64.94,25.0,worldpop_phl_2020_1km,PROXY,equity-v2.0,"Population exposure only; no validated socioeconomic, accessibility-gap or settlement-status layer is available."
LTFRB_PUJ2527,61.99,61.99,212908.7,,,,False,61.99,25.0,worldpop_phl_2020_1km,PROXY,equity-v2.0,"Population exposure only; no validated socioeconomic, accessibility-gap or settlement-status layer is available."
LTFRB_PUJ2528,88.04,88.041,649571.1,,,,False,88.04,25.0,worldpop_phl_2020_1km,PROXY,equity-v2.0,"Population exposure only; no validated socioeconomic, accessibility-gap or settlement-status layer is available."
LTFRB_PUJ2529,88.85,88.847,696548.6,,,,False,88.85,25.0,worldpop_phl_2020_1km,PROXY,equity-v2.0,"Population exposure only; no validated socioeconomic, accessibility-gap or settlement-status layer is available."
LTFRB_PUJ2530,88.04,88.041,649571.1,,,,False,88.04,25.0,worldpop_phl_2020_1km,PROXY,equity-v2.0,"Population exposure only; no validated socioeconomic, accessibility-gap or settlement-status layer is available."
LTFRB_PUJ2531,88.85,88.847,696548.6,,,,False,88.85,25.0,worldpop_phl_2020_1km,PROXY,equity-v2.0,"Population exposure only; no validated socioeconomic, accessibility-gap or settlement-status layer is available."
LTFRB_PUJ2532,23.38,23.383,293730.0,,,,False,23.38,25.0,worldpop_phl_2020_1km,PROXY,equity-v2.0,"Population exposure only; no validated socioeconomic, accessibility-gap or settlement-status layer is available."
LTFRB_PUJ2533,22.68,22.68,302835.3,,,,False,22.68,25.0,worldpop_phl_2020_1km,PROXY,equity-v2.0,"Population exposure only; no validated socioeconomic, accessibility-gap or settlement-status layer is available."
LTFRB_PUJ2535,22.68,22.68,302835.3,,,,False,22.68,25.0,worldpop_phl_2020_1km,PROXY,equity-v2.0,"Population exposure only; no validated socioeconomic, accessibility-gap or settlement-status layer is available."
LTFRB_PUJ2536,41.56,41.559,165268.7,,,,False,41.56,25.0,worldpop_phl_2020_1km,PROXY,equity-v2.0,"Population exposure only; no validated socioeconomic, accessibility-gap or settlement-status layer is available."
LTFRB_PUJ2537,34.05,34.052,201700.0,,,,False,34.05,25.0,worldpop_phl_2020_1km,PROXY,equity-v2.0,"Population exposure only; no validated socioeconomic, accessibility-gap or settlement-status layer is available."
LTFRB_PUJ2538,84.87,84.873,673812.2,,,,False,84.87,25.0,worldpop_phl_2020_1km,PROXY,equity-v2.0,"Population exposure only; no validated socioeconomic, accessibility-gap or settlement-status layer is available."
LTFRB_PUJ2539,86.24,86.244,691351.9,,,,False,86.24,25.0,worldpop_phl_2020_1km,PROXY,equity-v2.0,"Population exposure only; no validated socioeconomic, accessibility-gap or settlement-status layer is available."
LTFRB_PUJ2540,89.45,89.446,662131.5,,,,False,89.45,25.0,worldpop_phl_2020_1km,PROXY,equity-v2.0,"Population exposure only; no validated socioeconomic, accessibility-gap or settlement-status layer is available."
LTFRB_PUJ2541,89.45,89.446,662131.5,,,,False,89.45,25.0,worldpop_phl_2020_1km,PROXY,equity-v2.0,"Population exposure only; no validated socioeconomic, accessibility-gap or settlement-status layer is available."
LTFRB_PUJ2543,24.49,24.488,280481.7,,,,False,24.49,25.0,worldpop_phl_2020_1km,PROXY,equity-v2.0,"Population exposure only; no validated socioeconomic, accessibility-gap or settlement-status layer is available."
LTFRB_PUJ2544,0.0,0.0,141313.0,,,,False,0.0,25.0,worldpop_phl_2020_1km,PROXY,equity-v2.0,"Population exposure only; no validated socioeconomic, accessibility-gap or settlement-status layer is available."
LTFRB_PUJ2545,0.0,0.0,141313.0,,,,False,0.0,25.0,worldpop_phl_2020_1km,PROXY,equity-v2.0,"Population exposure only; no validated socioeconomic, accessibility-gap or settlement-status layer is available."
LTFRB_PUJ2546,0.0,0.0,145644.7,,,,False,0.0,25.0,worldpop_phl_2020_1km,PROXY,equity-v2.0,"Population exposure only; no validated socioeconomic, accessibility-gap or settlement-status layer is available."
LTFRB_PUJ2547,0.0,0.0,145644.7,,,,False,0.0,25.0,worldpop_phl_2020_1km,PROXY,equity-v2.0,"Population exposure only; no validated socioeconomic, accessibility-gap or settlement-status layer is available."
LTFRB_PUJ2548,81.52,81.519,753148.6,,,,False,81.52,25.0,worldpop_phl_2020_1km,PROXY,equity-v2.0,"Population exposure only; no validated socioeconomic, accessibility-gap or settlement-status layer is available."
LTFRB_PUJ2549,81.52,81.519,753148.6,,,,False,81.52,25.0,worldpop_phl_2020_1km,PROXY,equity-v2.0,"Population exposure only; no validated socioeconomic, accessibility-gap or settlement-status layer is available."
LTFRB_PUJ2550,21.64,21.641,95013.1,,,,False,21.64,25.0,worldpop_phl_2020_1km,PROXY,equity-v2.0,"Population exposure only; no validated socioeconomic, accessibility-gap or settlement-status layer is available."
LTFRB_PUJ2551,81.97,81.971,282795.1,,,,False,81.97,25.0,worldpop_phl_2020_1km,PROXY,equity-v2.0,"Population exposure only; no validated socioeconomic, accessibility-gap or settlement-status layer is available."
LTFRB_PUJ2552,81.97,81.971,282795.1,,,,False,81.97,25.0,worldpop_phl_2020_1km,PROXY,equity-v2.0,"Population exposure only; no validated socioeconomic, accessibility-gap or settlement-status layer is available."
LTFRB_PUJ2553,51.44,51.439,431194.0,,,,False,51.44,25.0,worldpop_phl_2020_1km,PROXY,equity-v2.0,"Population exposure only; no validated socioeconomic, accessibility-gap or settlement-status layer is available."
LTFRB_PUJ2554,51.44,51.439,431194.0,,,,False,51.44,25.0,worldpop_phl_2020_1km,PROXY,equity-v2.0,"Population exposure only; no validated socioeconomic, accessibility-gap or settlement-status layer is available."
LTFRB_PUJ2555,98.01,98.01,533758.0,,,,False,98.01,25.0,worldpop_phl_2020_1km,PROXY,equity-v2.0,"Population exposure only; no validated socioeconomic, accessibility-gap or settlement-status layer is available."
LTFRB_PUJ2556,100.0,100.0,450677.2,,,,False,100.0,25.0,worldpop_phl_2020_1km,PROXY,equity-v2.0,"Population exposure only; no validated socioeconomic, accessibility-gap or settlement-status layer is available."
LTFRB_PUJ2557,64.51,64.513,343809.0,,,,False,64.51,25.0,worldpop_phl_2020_1km,PROXY,equity-v2.0,"Population exposure only; no validated socioeconomic, accessibility-gap or settlement-status layer is available."
LTFRB_PUJ2558,64.51,64.513,343809.0,,,,False,64.51,25.0,worldpop_phl_2020_1km,PROXY,equity-v2.0,"Population exposure only; no validated socioeconomic, accessibility-gap or settlement-status layer is available."
LTFRB_PUJ2559,45.32,45.316,489453.7,,,,False,45.32,25.0,worldpop_phl_2020_1km,PROXY,equity-v2.0,"Population exposure only; no validated socioeconomic, accessibility-gap or settlement-status layer is available."
LTFRB_PUJ2560,45.32,45.316,489453.7,,,,False,45.32,25.0,worldpop_phl_2020_1km,PROXY,equity-v2.0,"Population exposure only; no validated socioeconomic, accessibility-gap or settlement-status layer is available."
LTFRB_PUJ2561,80.27,80.272,358168.1,,,,False,80.27,25.0,worldpop_phl_2020_1km,PROXY,equity-v2.0,"Population exposure only; no validated socioeconomic, accessibility-gap or settlement-status layer is available."
LTFRB_PUJ2562,80.27,80.272,358168.1,,,,False,80.27,25.0,worldpop_phl_2020_1km,PROXY,equity-v2.0,"Population exposure only; no validated socioeconomic, accessibility-gap or settlement-status layer is available."
LTFRB_PUJ2563,54.89,54.889,111005.7,,,,False,54.89,25.0,worldpop_phl_2020_1km,PROXY,equity-v2.0,"Population exposure only; no validated socioeconomic, accessibility-gap or settlement-status layer is available."
LTFRB_PUJ2564,44.69,44.689,90535.6,,,,False,44.69,25.0,worldpop_phl_2020_1km,PROXY,equity-v2.0,"Population exposure only; no validated socioeconomic, accessibility-gap or settlement-status layer is available."
LTFRB_PUJ2565,93.79,93.786,203588.5,,,,False,93.79,25.0,worldpop_phl_2020_1km,PROXY,equity-v2.0,"Population exposure only; no validated socioeconomic, accessibility-gap or settlement-status layer is available."
LTFRB_PUJ2566,100.0,100.0,118149.7,,,,False,100.0,25.0,worldpop_phl_2020_1km,PROXY,equity-v2.0,"Population exposure only; no validated socioeconomic, accessibility-gap or settlement-status layer is available."
LTFRB_PUJ2567,90.33,90.329,130806.8,,,,False,90.33,25.0,worldpop_phl_2020_1km,PROXY,equity-v2.0,"Population exposure only; no validated socioeconomic, accessibility-gap or settlement-status layer is available."
LTFRB_PUJ2568,66.15,66.154,118791.6,,,,False,66.15,25.0,worldpop_phl_2020_1km,PROXY,equity-v2.0,"Population exposure only; no validated socioeconomic, accessibility-gap or settlement-status layer is available."
LTFRB_PUJ2569,89.55,89.554,564506.3,,,,False,89.55,25.0,worldpop_phl_2020_1km,PROXY,equity-v2.0,"Population exposure only; no validated socioeconomic, accessibility-gap or settlement-status layer is available."
LTFRB_PUJ2570,89.12,89.12,688769.8,,,,False,89.12,25.0,worldpop_phl_2020_1km,PROXY,equity-v2.0,"Population exposure only; no validated socioeconomic, accessibility-gap or settlement-status layer is available."
LTFRB_PUJ2571,91.24,91.239,673106.1,,,,False,91.24,25.0,worldpop_phl_2020_1km,PROXY,equity-v2.0,"Population exposure only; no validated socioeconomic, accessibility-gap or settlement-status layer is available."
LTFRB_PUJ2572,91.03,91.03,657418.9,,,,False,91.03,25.0,worldpop_phl_2020_1km,PROXY,equity-v2.0,"Population exposure only; no validated socioeconomic, accessibility-gap or settlement-status layer is available."
LTFRB_PUJ2573,83.8,83.8,215389.9,,,,False,83.8,25.0,worldpop_phl_2020_1km,PROXY,equity-v2.0,"Population exposure only; no validated socioeconomic, accessibility-gap or settlement-status layer is available."
LTFRB_PUJ2574,85.68,85.678,243634.2,,,,False,85.68,25.0,worldpop_phl_2020_1km,PROXY,equity-v2.0,"Population exposure only; no validated socioeconomic, accessibility-gap or settlement-status layer is available."
LTFRB_PUJ2575,90.65,90.652,331677.6,,,,False,90.65,25.0,worldpop_phl_2020_1km,PROXY,equity-v2.0,"Population exposure only; no validated socioeconomic, accessibility-gap or settlement-status layer is available."
LTFRB_PUJ2576,90.65,90.652,331677.6,,,,False,90.65,25.0,worldpop_phl_2020_1km,PROXY,equity-v2.0,"Population exposure only; no validated socioeconomic, accessibility-gap or settlement-status layer is available."
LTFRB_PUJ2577,67.99,67.987,428243.1,,,,False,67.99,25.0,worldpop_phl_2020_1km,PROXY,equity-v2.0,"Population exposure only; no validated socioeconomic, accessibility-gap or settlement-status layer is available."
LTFRB_PUJ2578,87.27,87.269,378329.2,,,,False,87.27,25.0,worldpop_phl_2020_1km,PROXY,equity-v2.0,"Population exposure only; no validated socioeconomic, accessibility-gap or settlement-status layer is available."
LTFRB_PUJ2579,73.88,73.875,329722.5,,,,False,73.88,25.0,worldpop_phl_2020_1km,PROXY,equity-v2.0,"Population exposure only; no validated socioeconomic, accessibility-gap or settlement-status layer is available."
LTFRB_PUJ2581,91.11,91.111,878855.3,,,,False,91.11,25.0,worldpop_phl_2020_1km,PROXY,equity-v2.0,"Population exposure only; no validated socioeconomic, accessibility-gap or settlement-status layer is available."
LTFRB_PUJ2582,91.17,91.175,885261.0,,,,False,91.17,25.0,worldpop_phl_2020_1km,PROXY,equity-v2.0,"Population exposure only; no validated socioeconomic, accessibility-gap or settlement-status layer is available."
LTFRB_PUJ2583,90.79,90.795,851374.6,,,,False,90.79,25.0,worldpop_phl_2020_1km,PROXY,equity-v2.0,"Population exposure only; no validated socioeconomic, accessibility-gap or settlement-status layer is available."
LTFRB_PUJ2584,90.35,90.353,893312.4,,,,False,90.35,25.0,worldpop_phl_2020_1km,PROXY,equity-v2.0,"Population exposure only; no validated socioeconomic, accessibility-gap or settlement-status layer is available."
LTFRB_PUJ2585,87.05,87.046,623107.8,,,,False,87.05,25.0,worldpop_phl_2020_1km,PROXY,equity-v2.0,"Population exposure only; no validated socioeconomic, accessibility-gap or settlement-status layer is available."
LTFRB_PUJ2586,85.66,85.656,562753.4,,,,False,85.66,25.0,worldpop_phl_2020_1km,PROXY,equity-v2.0,"Population exposure only; no validated socioeconomic, accessibility-gap or settlement-status layer is available."
LTFRB_PUJ2588,86.23,86.227,319358.0,,,,False,86.23,25.0,worldpop_phl_2020_1km,PROXY,equity-v2.0,"Population exposure only; no validated socioeconomic, accessibility-gap or settlement-status layer is available."
LTFRB_PUJ2589,75.08,75.084,343381.0,,,,False,75.08,25.0,worldpop_phl_2020_1km,PROXY,equity-v2.0,"Population exposure only; no validated socioeconomic, accessibility-gap or settlement-status layer is available."
LTFRB_PUJ2590,75.08,75.084,343381.0,,,,False,75.08,25.0,worldpop_phl_2020_1km,PROXY,equity-v2.0,"Population exposure only; no validated socioeconomic, accessibility-gap or settlement-status layer is available."
LTFRB_PUJ2591,66.57,66.567,257039.6,,,,False,66.57,25.0,worldpop_phl_2020_1km,PROXY,equity-v2.0,"Population exposure only; no validated socioeconomic, accessibility-gap or settlement-status layer is available."
LTFRB_PUJ2592,66.57,66.567,257039.6,,,,False,66.57,25.0,worldpop_phl_2020_1km,PROXY,equity-v2.0,"Population exposure only; no validated socioeconomic, accessibility-gap or settlement-status layer is available."
LTFRB_PUJ2593,55.02,55.018,433939.9,,,,False,55.02,25.0,worldpop_phl_2020_1km,PROXY,equity-v2.0,"Population exposure only; no validated socioeconomic, accessibility-gap or settlement-status layer is available."
LTFRB_PUJ2594,55.02,55.018,433939.9,,,,False,55.02,25.0,worldpop_phl_2020_1km,PROXY,equity-v2.0,"Population exposure only; no validated socioeconomic, accessibility-gap or settlement-status layer is available."
LTFRB_PUJ2595,68.43,68.433,543268.2,,,,False,68.43,25.0,worldpop_phl_2020_1km,PROXY,equity-v2.0,"Population exposure only; no validated socioeconomic, accessibility-gap or settlement-status layer is available."
LTFRB_PUJ2596,68.43,68.433,543268.2,,,,False,68.43,25.0,worldpop_phl_2020_1km,PROXY,equity-v2.0,"Population exposure only; no validated socioeconomic, accessibility-gap or settlement-status layer is available."
LTFRB_PUJ2597,55.59,55.59,498123.7,,,,False,55.59,25.0,worldpop_phl_2020_1km,PROXY,equity-v2.0,"Population exposure only; no validated socioeconomic, accessibility-gap or settlement-status layer is available."
LTFRB_PUJ2598,54.3,54.302,474795.9,,,,False,54.3,25.0,worldpop_phl_2020_1km,PROXY,equity-v2.0,"Population exposure only; no validated socioeconomic, accessibility-gap or settlement-status layer is available."
LTFRB_PUJ2599,91.07,91.066,507837.5,,,,False,91.07,25.0,worldpop_phl_2020_1km,PROXY,equity-v2.0,"Population exposure only; no validated socioeconomic, accessibility-gap or settlement-status layer is available."
LTFRB_PUJ2600,89.54,89.538,433655.4,,,,False,89.54,25.0,worldpop_phl_2020_1km,PROXY,equity-v2.0,"Population exposure only; no validated socioeconomic, accessibility-gap or settlement-status layer is available."
LTFRB_PUJ2601,80.76,80.755,566277.2,,,,False,80.76,25.0,worldpop_phl_2020_1km,PROXY,equity-v2.0,"Population exposure only; no validated socioeconomic, accessibility-gap or settlement-status layer is available."
LTFRB_PUJ2602,80.76,80.755,566277.2,,,,False,80.76,25.0,worldpop_phl_2020_1km,PROXY,equity-v2.0,"Population exposure only; no validated socioeconomic, accessibility-gap or settlement-status layer is available."
LTFRB_PUJ2603,90.14,90.136,489831.1,,,,False,90.14,25.0,worldpop_phl_2020_1km,PROXY,equity-v2.0,"Population exposure only; no validated socioeconomic, accessibility-gap or settlement-status layer is available."
LTFRB_PUJ2604,89.57,89.566,463090.7,,,,False,89.57,25.0,worldpop_phl_2020_1km,PROXY,equity-v2.0,"Population exposure only; no validated socioeconomic, accessibility-gap or settlement-status layer is available."
LTFRB_PUJ2605,88.32,88.32,521613.2,,,,False,88.32,25.0,worldpop_phl_2020_1km,PROXY,equity-v2.0,"Population exposure only; no validated socioeconomic, accessibility-gap or settlement-status layer is available."
LTFRB_PUJ2606,88.32,88.32,521613.2,,,,False,88.32,25.0,worldpop_phl_2020_1km,PROXY,equity-v2.0,"Population exposure only; no validated socioeconomic, accessibility-gap or settlement-status layer is available."
LTFRB_PUJ2607,92.99,92.99,615050.7,,,,False,92.99,25.0,worldpop_phl_2020_1km,PROXY,equity-v2.0,"Population exposure only; no validated socioeconomic, accessibility-gap or settlement-status layer is available."
LTFRB_PUJ2608,92.99,92.99,615050.7,,,,False,92.99,25.0,worldpop_phl_2020_1km,PROXY,equity-v2.0,"Population exposure only; no validated socioeconomic, accessibility-gap or settlement-status layer is available."
LTFRB_PUJ2609,93.22,93.216,271893.5,,,,False,93.22,25.0,worldpop_phl_2020_1km,PROXY,equity-v2.0,"Population exposure only; no validated socioeconomic, accessibility-gap or settlement-status layer is available."
LTFRB_PUJ2610,93.22,93.216,271893.5,,,,False,93.22,25.0,worldpop_phl_2020_1km,PROXY,equity-v2.0,"Population exposure only; no validated socioeconomic, accessibility-gap or settlement-status layer is available."
LTFRB_PUJ2611,43.73,43.728,73373.4,,,,False,43.73,25.0,worldpop_phl_2020_1km,PROXY,equity-v2.0,"Population exposure only; no validated socioeconomic, accessibility-gap or settlement-status layer is available."
LTFRB_PUJ2612,43.73,43.728,73373.4,,,,False,43.73,25.0,worldpop_phl_2020_1km,PROXY,equity-v2.0,"Population exposure only; no validated socioeconomic, accessibility-gap or settlement-status layer is available."
LTFRB_PUJ2613,26.01,26.014,62293.6,,,,False,26.01,25.0,worldpop_phl_2020_1km,PROXY,equity-v2.0,"Population exposure only; no validated socioeconomic, accessibility-gap or settlement-status layer is available."
LTFRB_PUJ2614,29.22,29.216,55466.1,,,,False,29.22,25.0,worldpop_phl_2020_1km,PROXY,equity-v2.0,"Population exposure only; no validated socioeconomic, accessibility-gap or settlement-status layer is available."
LTFRB_PUJ2615,99.66,99.659,540718.6,,,,False,99.66,25.0,worldpop_phl_2020_1km,PROXY,equity-v2.0,"Population exposure only; no validated socioeconomic, accessibility-gap or settlement-status layer is available."
LTFRB_PUJ2616,99.66,99.659,540718.6,,,,False,99.66,25.0,worldpop_phl_2020_1km,PROXY,equity-v2.0,"Population exposure only; no validated socioeconomic, accessibility-gap or settlement-status layer is available."
LTFRB_PUJ2617,89.02,89.025,811259.7,,,,False,89.02,25.0,worldpop_phl_2020_1km,PROXY,equity-v2.0,"Population exposure only; no validated socioeconomic, accessibility-gap or settlement-status layer is available."
LTFRB_PUJ2618,89.48,89.475,846004.1,,,,False,89.48,25.0,worldpop_phl_2020_1km,PROXY,equity-v2.0,"Population exposure only; no validated socioeconomic, accessibility-gap or settlement-status layer is available."
