route_id,equity_overlap_pct,corridor_population_proxy,equity_score,equity_source,equity_confidence,manually_digitized,high_density_cutoff_people_per_cell,catchment_buffer_m
LTFRB_PUJ1001,94.077,295279.4,94.08,worldpop_2020_1km_population_density_proxy,low_resolution_density_not_settlement_boundaries,False,14641.191,300
LTFRB_PUJ1002,94.832,338414.3,94.83,worldpop_2020_1km_population_density_proxy,low_resolution_density_not_settlement_boundaries,False,14641.191,300
LTFRB_PUJ1003,100.0,295272.3,100.0,worldpop_2020_1km_population_density_proxy,low_resolution_density_not_settlement_boundaries,False,14641.191,300
LTFRB_PUJ1004,100.0,295272.3,100.0,worldpop_2020_1km_population_density_proxy,low_resolution_density_not_settlement_boundaries,False,14641.191,300
LTFRB_PUJ1005,87.301,207084.3,87.3,worldpop_2020_1km_population_density_proxy,low_resolution_density_not_settlement_boundaries,False,14641.191,300
LTFRB_PUJ1006,87.301,207084.3,87.3,worldpop_2020_1km_population_density_proxy,low_resolution_density_not_settlement_boundaries,False,14641.191,300
LTFRB_PUJ1007,96.254,225215.9,96.25,worldpop_2020_1km_population_density_proxy,low_resolution_density_not_settlement_boundaries,False,14641.191,300
LTFRB_PUJ1008,89.393,154616.3,89.39,worldpop_2020_1km_population_density_proxy,low_resolution_density_not_settlement_boundaries,False,14641.191,300
LTFRB_PUJ1009,96.054,197760.5,96.05,worldpop_2020_1km_population_density_proxy,low_resolution_density_not_settlement_boundaries,False,14641.191,300
LTFRB_PUJ1010,96.054,197760.5,96.05,worldpop_2020_1km_population_density_proxy,low_resolution_density_not_settlement_boundaries,False,14641.191,300
LTFRB_PUJ1011,96.939,254972.3,96.94,worldpop_2020_1km_population_density_proxy,low_resolution_density_not_settlement_boundaries,False,14641.191,300
LTFRB_PUJ1012,97.534,316502.0,97.53,worldpop_2020_1km_population_density_proxy,low_resolution_density_not_settlement_boundaries,False,14641.191,300
LTFRB_PUJ1013,53.89,443017.2,53.89,worldpop_2020_1km_population_density_proxy,low_resolution_density_not_settlement_boundaries,False,14641.191,300
LTFRB_PUJ1014,60.13,487318.3,60.13,worldpop_2020_1km_population_density_proxy,low_resolution_density_not_settlement_boundaries,False,14641.191,300
LTFRB_PUJ1015,67.038,656903.1,67.04,worldpop_2020_1km_population_density_proxy,low_resolution_density_not_settlement_boundaries,False,14641.191,300
LTFRB_PUJ1016,66.771,651064.3,66.77,worldpop_2020_1km_population_density_proxy,low_resolution_density_not_settlement_boundaries,False,14641.191,300
LTFRB_PUJ1017,57.582,329572.4,57.58,worldpop_2020_1km_population_density_proxy,low_resolution_density_not_settlement_boundaries,False,14641.191,300
LTFRB_PUJ1018,57.582,329572.4,57.58,worldpop_2020_1km_population_density_proxy,low_resolution_density_not_settlement_boundaries,False,14641.191,300
LTFRB_PUJ1019,65.871,432663.0,65.87,worldpop_2020_1km_population_density_proxy,low_resolution_density_not_settlement_boundaries,False,14641.191,300
LTFRB_PUJ1020,67.708,420923.7,67.71,worldpop_2020_1km_population_density_proxy,low_resolution_density_not_settlement_boundaries,False,14641.191,300
LTFRB_PUJ1021,52.863,469562.0,52.86,worldpop_2020_1km_population_density_proxy,low_resolution_density_not_settlement_boundaries,False,14641.191,300
LTFRB_PUJ1022,53.892,562159.0,53.89,worldpop_2020_1km_population_density_proxy,low_resolution_density_not_settlement_boundaries,False,14641.191,300
LTFRB_PUJ1023,87.562,356707.2,87.56,worldpop_2020_1km_population_density_proxy,low_resolution_density_not_settlement_boundaries,False,14641.191,300
LTFRB_PUJ1024,90.455,520228.1,90.46,worldpop_2020_1km_population_density_proxy,low_resolution_density_not_settlement_boundaries,False,14641.191,300
LTFRB_PUJ1025,70.885,258690.6,70.89,worldpop_2020_1km_population_density_proxy,low_resolution_density_not_settlement_boundaries,False,14641.191,300
LTFRB_PUJ1026,70.885,258690.6,70.89,worldpop_2020_1km_population_density_proxy,low_resolution_density_not_settlement_boundaries,False,14641.191,300
LTFRB_PUJ1028,70.969,185492.9,70.97,worldpop_2020_1km_population_density_proxy,low_resolution_density_not_settlement_boundaries,False,14641.191,300
LTFRB_PUJ1029,81.351,364209.3,81.35,worldpop_2020_1km_population_density_proxy,low_resolution_density_not_settlement_boundaries,False,14641.191,300
LTFRB_PUJ1030,81.351,364209.3,81.35,worldpop_2020_1km_population_density_proxy,low_resolution_density_not_settlement_boundaries,False,14641.191,300
LTFRB_PUJ1031,81.351,364209.3,81.35,worldpop_2020_1km_population_density_proxy,low_resolution_density_not_settlement_boundaries,False,14641.191,300
LTFRB_PUJ1033,88.78,395423.6,88.78,worldpop_2020_1km_population_density_proxy,low_resolution_density_not_settlement_boundaries,False,14641.191,300
LTFRB_PUJ1034,86.281,409163.5,86.28,worldpop_2020_1km_population_density_proxy,low_resolution_density_not_settlement_boundaries,False,14641.191,300
LTFRB_PUJ1035,46.821,69826.5,46.82,worldpop_2020_1km_population_density_proxy,low_resolution_density_not_settlement_boundaries,False,14641.191,300
LTFRB_PUJ1036,52.931,109755.0,52.93,worldpop_2020_1km_population_density_proxy,low_resolution_density_not_settlement_boundaries,False,14641.191,300
LTFRB_PUJ1037,40.401,80921.9,40.4,worldpop_2020_1km_population_density_proxy,low_resolution_density_not_settlement_boundaries,False,14641.191,300
LTFRB_PUJ1038,40.401,80921.9,40.4,worldpop_2020_1km_population_density_proxy,low_resolution_density_not_settlement_boundaries,False,14641.191,300
LTFRB_PUJ1040,73.558,427609.6,73.56,worldpop_2020_1km_population_density_proxy,low_resolution_density_not_settlement_boundaries,False,14641.191,300
LTFRB_PUJ1041,71.106,672862.0,71.11,worldpop_2020_1km_population_density_proxy,low_resolution_density_not_settlement_boundaries,False,14641.191,300
LTFRB_PUJ1042,70.067,682840.4,70.07,worldpop_2020_1km_population_density_proxy,low_resolution_density_not_settlement_boundaries,False,14641.191,300
LTFRB_PUJ1043,79.944,921238.4,79.94,worldpop_2020_1km_population_density_proxy,low_resolution_density_not_settlement_boundaries,False,14641.191,300
LTFRB_PUJ1044,79.396,896729.0,79.4,worldpop_2020_1km_population_density_proxy,low_resolution_density_not_settlement_boundaries,False,14641.191,300
LTFRB_PUJ1045,72.124,598458.4,72.12,worldpop_2020_1km_population_density_proxy,low_resolution_density_not_settlement_boundaries,False,14641.191,300
LTFRB_PUJ1046,65.378,481851.8,65.38,worldpop_2020_1km_population_density_proxy,low_resolution_density_not_settlement_boundaries,False,14641.191,300
LTFRB_PUJ1047,67.164,488182.2,67.16,worldpop_2020_1km_population_density_proxy,low_resolution_density_not_settlement_boundaries,False,14641.191,300
LTFRB_PUJ1048,67.164,488182.2,67.16,worldpop_2020_1km_population_density_proxy,low_resolution_density_not_settlement_boundaries,False,14641.191,300
LTFRB_PUJ1049,79.643,776493.9,79.64,worldpop_2020_1km_population_density_proxy,low_resolution_density_not_settlement_boundaries,False,14641.191,300
LTFRB_PUJ1050,79.643,776493.9,79.64,worldpop_2020_1km_population_density_proxy,low_resolution_density_not_settlement_boundaries,False,14641.191,300
LTFRB_PUJ1051,55.015,284001.6,55.01,worldpop_2020_1km_population_density_proxy,low_resolution_density_not_settlement_boundaries,False,14641.191,300
LTFRB_PUJ1053,77.497,653305.0,77.5,worldpop_2020_1km_population_density_proxy,low_resolution_density_not_settlement_boundaries,False,14641.191,300
LTFRB_PUJ1054,77.497,653305.0,77.5,worldpop_2020_1km_population_density_proxy,low_resolution_density_not_settlement_boundaries,False,14641.191,300
LTFRB_PUJ1055,91.134,686197.0,91.13,worldpop_2020_1km_population_density_proxy,low_resolution_density_not_settlement_boundaries,False,14641.191,300
LTFRB_PUJ1056,92.828,673680.2,92.83,worldpop_2020_1km_population_density_proxy,low_resolution_density_not_settlement_boundaries,False,14641.191,300
LTFRB_PUJ1057,94.089,312038.0,94.09,worldpop_2020_1km_population_density_proxy,low_resolution_density_not_settlement_boundaries,False,14641.191,300
LTFRB_PUJ1058,94.089,312038.0,94.09,worldpop_2020_1km_population_density_proxy,low_resolution_density_not_settlement_boundaries,False,14641.191,300
LTFRB_PUJ1059,87.741,402300.0,87.74,worldpop_2020_1km_population_density_proxy,low_resolution_density_not_settlement_boundaries,False,14641.191,300
LTFRB_PUJ1060,84.821,281385.3,84.82,worldpop_2020_1km_population_density_proxy,low_resolution_density_not_settlement_boundaries,False,14641.191,300
LTFRB_PUJ1061,72.085,57437.2,72.09,worldpop_2020_1km_population_density_proxy,low_resolution_density_not_settlement_boundaries,False,14641.191,300
LTFRB_PUJ1062,63.075,65642.0,63.07,worldpop_2020_1km_population_density_proxy,low_resolution_density_not_settlement_boundaries,False,14641.191,300
LTFRB_PUJ1063,41.574,48766.7,41.57,worldpop_2020_1km_population_density_proxy,low_resolution_density_not_settlement_boundaries,False,14641.191,300
LTFRB_PUJ1064,41.574,48766.7,41.57,worldpop_2020_1km_population_density_proxy,low_resolution_density_not_settlement_boundaries,False,14641.191,300
LTFRB_PUJ1065,73.896,515714.7,73.9,worldpop_2020_1km_population_density_proxy,low_resolution_density_not_settlement_boundaries,False,14641.191,300
LTFRB_PUJ1066,76.381,569994.1,76.38,worldpop_2020_1km_population_density_proxy,low_resolution_density_not_settlement_boundaries,False,14641.191,300
LTFRB_PUJ1067,40.471,103598.6,40.47,worldpop_2020_1km_population_density_proxy,low_resolution_density_not_settlement_boundaries,False,14641.191,300
LTFRB_PUJ1068,42.614,98388.9,42.61,worldpop_2020_1km_population_density_proxy,low_resolution_density_not_settlement_boundaries,False,14641.191,300
LTFRB_PUJ1069,34.418,70202.8,34.42,worldpop_2020_1km_population_density_proxy,low_resolution_density_not_settlement_boundaries,False,14641.191,300
LTFRB_PUJ1070,54.045,145140.9,54.05,worldpop_2020_1km_population_density_proxy,low_resolution_density_not_settlement_boundaries,False,14641.191,300
LTFRB_PUJ1071,89.69,650759.7,89.69,worldpop_2020_1km_population_density_proxy,low_resolution_density_not_settlement_boundaries,False,14641.191,300
LTFRB_PUJ1072,88.542,659196.3,88.54,worldpop_2020_1km_population_density_proxy,low_resolution_density_not_settlement_boundaries,False,14641.191,300
LTFRB_PUJ1073,85.887,501252.0,85.89,worldpop_2020_1km_population_density_proxy,low_resolution_density_not_settlement_boundaries,False,14641.191,300
LTFRB_PUJ1074,84.079,444332.7,84.08,worldpop_2020_1km_population_density_proxy,low_resolution_density_not_settlement_boundaries,False,14641.191,300
LTFRB_PUJ1075,89.695,651089.0,89.69,worldpop_2020_1km_population_density_proxy,low_resolution_density_not_settlement_boundaries,False,14641.191,300
LTFRB_PUJ1076,90.258,688718.0,90.26,worldpop_2020_1km_population_density_proxy,low_resolution_density_not_settlement_boundaries,False,14641.191,300
LTFRB_PUJ1077,88.184,504304.8,88.18,worldpop_2020_1km_population_density_proxy,low_resolution_density_not_settlement_boundaries,False,14641.191,300
LTFRB_PUJ1078,87.849,506228.8,87.85,worldpop_2020_1km_population_density_proxy,low_resolution_density_not_settlement_boundaries,False,14641.191,300
LTFRB_PUJ1079,83.909,526308.8,83.91,worldpop_2020_1km_population_density_proxy,low_resolution_density_not_settlement_boundaries,False,14641.191,300
LTFRB_PUJ1080,82.821,492985.4,82.82,worldpop_2020_1km_population_density_proxy,low_resolution_density_not_settlement_boundaries,False,14641.191,300
LTFRB_PUJ1081,80.874,379931.6,80.87,worldpop_2020_1km_population_density_proxy,low_resolution_density_not_settlement_boundaries,False,14641.191,300
LTFRB_PUJ1083,72.187,587596.1,72.19,worldpop_2020_1km_population_density_proxy,low_resolution_density_not_settlement_boundaries,False,14641.191,300
LTFRB_PUJ1084,71.121,565268.8,71.12,worldpop_2020_1km_population_density_proxy,low_resolution_density_not_settlement_boundaries,False,14641.191,300
LTFRB_PUJ1085,86.867,510910.1,86.87,worldpop_2020_1km_population_density_proxy,low_resolution_density_not_settlement_boundaries,False,14641.191,300
LTFRB_PUJ1086,85.456,519346.8,85.46,worldpop_2020_1km_population_density_proxy,low_resolution_density_not_settlement_boundaries,False,14641.191,300
LTFRB_PUJ1087,76.072,350867.5,76.07,worldpop_2020_1km_population_density_proxy,low_resolution_density_not_settlement_boundaries,False,14641.191,300
LTFRB_PUJ1088,73.968,360845.9,73.97,worldpop_2020_1km_population_density_proxy,low_resolution_density_not_settlement_boundaries,False,14641.191,300
LTFRB_PUJ1089,87.59,585573.8,87.59,worldpop_2020_1km_population_density_proxy,low_resolution_density_not_settlement_boundaries,False,14641.191,300
LTFRB_PUJ1090,87.879,583649.8,87.88,worldpop_2020_1km_population_density_proxy,low_resolution_density_not_settlement_boundaries,False,14641.191,300
LTFRB_PUJ1091,88.542,659196.3,88.54,worldpop_2020_1km_population_density_proxy,low_resolution_density_not_settlement_boundaries,False,14641.191,300
LTFRB_PUJ1094,86.276,515461.5,86.28,worldpop_2020_1km_population_density_proxy,low_resolution_density_not_settlement_boundaries,False,14641.191,300
LTFRB_PUJ1095,55.018,433939.9,55.02,worldpop_2020_1km_population_density_proxy,low_resolution_density_not_settlement_boundaries,False,14641.191,300
LTFRB_PUJ1096,55.018,433939.9,55.02,worldpop_2020_1km_population_density_proxy,low_resolution_density_not_settlement_boundaries,False,14641.191,300
LTFRB_PUJ1097,55.018,433939.9,55.02,worldpop_2020_1km_population_density_proxy,low_resolution_density_not_settlement_boundaries,False,14641.191,300
LTFRB_PUJ1098,58.923,497296.6,58.92,worldpop_2020_1km_population_density_proxy,low_resolution_density_not_settlement_boundaries,False,14641.191,300
LTFRB_PUJ1099,70.602,365692.3,70.6,worldpop_2020_1km_population_density_proxy,low_resolution_density_not_settlement_boundaries,False,14641.191,300
LTFRB_PUJ1100,75.102,445534.6,75.1,worldpop_2020_1km_population_density_proxy,low_resolution_density_not_settlement_boundaries,False,14641.191,300
LTFRB_PUJ1101,74.047,644231.9,74.05,worldpop_2020_1km_population_density_proxy,low_resolution_density_not_settlement_boundaries,False,14641.191,300
LTFRB_PUJ1102,73.677,647467.5,73.68,worldpop_2020_1km_population_density_proxy,low_resolution_density_not_settlement_boundaries,False,14641.191,300
LTFRB_PUJ1103,100.0,166151.1,100.0,worldpop_2020_1km_population_density_proxy,low_resolution_density_not_settlement_boundaries,False,14641.191,300
LTFRB_PUJ1104,100.0,166151.1,100.0,worldpop_2020_1km_population_density_proxy,low_resolution_density_not_settlement_boundaries,False,14641.191,300
LTFRB_PUJ1105,100.0,181765.8,100.0,worldpop_2020_1km_population_density_proxy,low_resolution_density_not_settlement_boundaries,False,14641.191,300
LTFRB_PUJ1106,100.0,181765.8,100.0,worldpop_2020_1km_population_density_proxy,low_resolution_density_not_settlement_boundaries,False,14641.191,300
LTFRB_PUJ1107,8.137,186119.1,8.14,worldpop_2020_1km_population_density_proxy,low_resolution_density_not_settlement_boundaries,False,14641.191,300
LTFRB_PUJ1108,7.738,195701.4,7.74,worldpop_2020_1km_population_density_proxy,low_resolution_density_not_settlement_boundaries,False,14641.191,300
LTFRB_PUJ1109,89.579,681635.6,89.58,worldpop_2020_1km_population_density_proxy,low_resolution_density_not_settlement_boundaries,False,14641.191,300
LTFRB_PUJ1110,89.579,681635.6,89.58,worldpop_2020_1km_population_density_proxy,low_resolution_density_not_settlement_boundaries,False,14641.191,300
LTFRB_PUJ1111,94.001,302927.0,94.0,worldpop_2020_1km_population_density_proxy,low_resolution_density_not_settlement_boundaries,False,14641.191,300
LTFRB_PUJ1112,94.438,326722.7,94.44,worldpop_2020_1km_population_density_proxy,low_resolution_density_not_settlement_boundaries,False,14641.191,300
LTFRB_PUJ1113,41.225,48226.0,41.22,worldpop_2020_1km_population_density_proxy,low_resolution_density_not_settlement_boundaries,False,14641.191,300
LTFRB_PUJ1114,58.398,70714.6,58.4,worldpop_2020_1km_population_density_proxy,low_resolution_density_not_settlement_boundaries,False,14641.191,300
LTFRB_PUJ1116,82.31,341913.7,82.31,worldpop_2020_1km_population_density_proxy,low_resolution_density_not_settlement_boundaries,False,14641.191,300
LTFRB_PUJ1117,93.605,357942.8,93.6,worldpop_2020_1km_population_density_proxy,low_resolution_density_not_settlement_boundaries,False,14641.191,300
LTFRB_PUJ1118,88.279,379537.4,88.28,worldpop_2020_1km_population_density_proxy,low_resolution_density_not_settlement_boundaries,False,14641.191,300
LTFRB_PUJ1121,95.756,245601.3,95.76,worldpop_2020_1km_population_density_proxy,low_resolution_density_not_settlement_boundaries,False,14641.191,300
LTFRB_PUJ1122,95.756,245601.3,95.76,worldpop_2020_1km_population_density_proxy,low_resolution_density_not_settlement_boundaries,False,14641.191,300
LTFRB_PUJ1123,100.0,249110.4,100.0,worldpop_2020_1km_population_density_proxy,low_resolution_density_not_settlement_boundaries,False,14641.191,300
LTFRB_PUJ1124,100.0,201327.2,100.0,worldpop_2020_1km_population_density_proxy,low_resolution_density_not_settlement_boundaries,False,14641.191,300
LTFRB_PUJ1125,93.904,299019.5,93.9,worldpop_2020_1km_population_density_proxy,low_resolution_density_not_settlement_boundaries,False,14641.191,300
LTFRB_PUJ1128,96.421,291215.6,96.42,worldpop_2020_1km_population_density_proxy,low_resolution_density_not_settlement_boundaries,False,14641.191,300
LTFRB_PUJ1129,77.206,125380.2,77.21,worldpop_2020_1km_population_density_proxy,low_resolution_density_not_settlement_boundaries,False,14641.191,300
LTFRB_PUJ1130,100.0,312894.2,100.0,worldpop_2020_1km_population_density_proxy,low_resolution_density_not_settlement_boundaries,False,14641.191,300
LTFRB_PUJ1131,100.0,312894.2,100.0,worldpop_2020_1km_population_density_proxy,low_resolution_density_not_settlement_boundaries,False,14641.191,300
LTFRB_PUJ1132,87.116,656232.9,87.12,worldpop_2020_1km_population_density_proxy,low_resolution_density_not_settlement_boundaries,False,14641.191,300
LTFRB_PUJ1133,87.116,656232.9,87.12,worldpop_2020_1km_population_density_proxy,low_resolution_density_not_settlement_boundaries,False,14641.191,300
LTFRB_PUJ1134,89.491,256220.3,89.49,worldpop_2020_1km_population_density_proxy,low_resolution_density_not_settlement_boundaries,False,14641.191,300
LTFRB_PUJ1135,89.491,256220.3,89.49,worldpop_2020_1km_population_density_proxy,low_resolution_density_not_settlement_boundaries,False,14641.191,300
LTFRB_PUJ1136,88.642,759641.1,88.64,worldpop_2020_1km_population_density_proxy,low_resolution_density_not_settlement_boundaries,False,14641.191,300
LTFRB_PUJ1137,90.267,745965.2,90.27,worldpop_2020_1km_population_density_proxy,low_resolution_density_not_settlement_boundaries,False,14641.191,300
LTFRB_PUJ1138,95.273,224677.7,95.27,worldpop_2020_1km_population_density_proxy,low_resolution_density_not_settlement_boundaries,False,14641.191,300
LTFRB_PUJ1139,95.273,224677.7,95.27,worldpop_2020_1km_population_density_proxy,low_resolution_density_not_settlement_boundaries,False,14641.191,300
LTFRB_PUJ1140,95.151,587358.3,95.15,worldpop_2020_1km_population_density_proxy,low_resolution_density_not_settlement_boundaries,False,14641.191,300
LTFRB_PUJ1141,94.85,552991.9,94.85,worldpop_2020_1km_population_density_proxy,low_resolution_density_not_settlement_boundaries,False,14641.191,300
LTFRB_PUJ1142,95.998,267733.0,96.0,worldpop_2020_1km_population_density_proxy,low_resolution_density_not_settlement_boundaries,False,14641.191,300
LTFRB_PUJ1143,95.998,267733.0,96.0,worldpop_2020_1km_population_density_proxy,low_resolution_density_not_settlement_boundaries,False,14641.191,300
LTFRB_PUJ1144,100.0,586873.5,100.0,worldpop_2020_1km_population_density_proxy,low_resolution_density_not_settlement_boundaries,False,14641.191,300
LTFRB_PUJ1145,100.0,676210.8,100.0,worldpop_2020_1km_population_density_proxy,low_resolution_density_not_settlement_boundaries,False,14641.191,300
LTFRB_PUJ1146,67.797,626286.3,67.8,worldpop_2020_1km_population_density_proxy,low_resolution_density_not_settlement_boundaries,False,14641.191,300
LTFRB_PUJ1147,67.797,626286.3,67.8,worldpop_2020_1km_population_density_proxy,low_resolution_density_not_settlement_boundaries,False,14641.191,300
LTFRB_PUJ1148,35.522,57074.3,35.52,worldpop_2020_1km_population_density_proxy,low_resolution_density_not_settlement_boundaries,False,14641.191,300
LTFRB_PUJ1149,35.522,57074.3,35.52,worldpop_2020_1km_population_density_proxy,low_resolution_density_not_settlement_boundaries,False,14641.191,300
LTFRB_PUJ1150,88.604,613889.0,88.6,worldpop_2020_1km_population_density_proxy,low_resolution_density_not_settlement_boundaries,False,14641.191,300
LTFRB_PUJ1151,88.604,613889.0,88.6,worldpop_2020_1km_population_density_proxy,low_resolution_density_not_settlement_boundaries,False,14641.191,300
LTFRB_PUJ1152,66.479,829713.7,66.48,worldpop_2020_1km_population_density_proxy,low_resolution_density_not_settlement_boundaries,False,14641.191,300
LTFRB_PUJ1153,66.479,829713.7,66.48,worldpop_2020_1km_population_density_proxy,low_resolution_density_not_settlement_boundaries,False,14641.191,300
LTFRB_PUJ1154,52.616,516887.2,52.62,worldpop_2020_1km_population_density_proxy,low_resolution_density_not_settlement_boundaries,False,14641.191,300
LTFRB_PUJ1155,54.286,531768.2,54.29,worldpop_2020_1km_population_density_proxy,low_resolution_density_not_settlement_boundaries,False,14641.191,300
LTFRB_PUJ1156,70.318,938765.6,70.32,worldpop_2020_1km_population_density_proxy,low_resolution_density_not_settlement_boundaries,False,14641.191,300
LTFRB_PUJ1157,70.196,825975.9,70.2,worldpop_2020_1km_population_density_proxy,low_resolution_density_not_settlement_boundaries,False,14641.191,300
LTFRB_PUJ1159,100.0,319234.3,100.0,worldpop_2020_1km_population_density_proxy,low_resolution_density_not_settlement_boundaries,False,14641.191,300
LTFRB_PUJ1160,91.905,332622.0,91.91,worldpop_2020_1km_population_density_proxy,low_resolution_density_not_settlement_boundaries,False,14641.191,300
LTFRB_PUJ1161,91.905,332622.0,91.91,worldpop_2020_1km_population_density_proxy,low_resolution_density_not_settlement_boundaries,False,14641.191,300
LTFRB_PUJ1162,100.0,275730.6,100.0,worldpop_2020_1km_population_density_proxy,low_resolution_density_not_settlement_boundaries,False,14641.191,300
LTFRB_PUJ1163,100.0,275730.6,100.0,worldpop_2020_1km_population_density_proxy,low_resolution_density_not_settlement_boundaries,False,14641.191,300
LTFRB_PUJ1164,91.941,634825.7,91.94,worldpop_2020_1km_population_density_proxy,low_resolution_density_not_settlement_boundaries,False,14641.191,300
LTFRB_PUJ1165,91.941,634825.7,91.94,worldpop_2020_1km_population_density_proxy,low_resolution_density_not_settlement_boundaries,False,14641.191,300
LTFRB_PUJ1166,88.075,499669.8,88.07,worldpop_2020_1km_population_density_proxy,low_resolution_density_not_settlement_boundaries,False,14641.191,300
LTFRB_PUJ1167,86.864,468270.5,86.86,worldpop_2020_1km_population_density_proxy,low_resolution_density_not_settlement_boundaries,False,14641.191,300
LTFRB_PUJ1168,91.279,555515.3,91.28,worldpop_2020_1km_population_density_proxy,low_resolution_density_not_settlement_boundaries,False,14641.191,300
LTFRB_PUJ1169,92.073,599858.4,92.07,worldpop_2020_1km_population_density_proxy,low_resolution_density_not_settlement_boundaries,False,14641.191,300
LTFRB_PUJ1170,86.274,356315.8,86.27,worldpop_2020_1km_population_density_proxy,low_resolution_density_not_settlement_boundaries,False,14641.191,300
LTFRB_PUJ1171,89.82,471611.4,89.82,worldpop_2020_1km_population_density_proxy,low_resolution_density_not_settlement_boundaries,False,14641.191,300
LTFRB_PUJ1172,100.0,319234.3,100.0,worldpop_2020_1km_population_density_proxy,low_resolution_density_not_settlement_boundaries,False,14641.191,300
LTFRB_PUJ1173,100.0,585226.3,100.0,worldpop_2020_1km_population_density_proxy,low_resolution_density_not_settlement_boundaries,False,14641.191,300
LTFRB_PUJ1174,92.873,717854.9,92.87,worldpop_2020_1km_population_density_proxy,low_resolution_density_not_settlement_boundaries,False,14641.191,300
LTFRB_PUJ1175,92.873,717854.9,92.87,worldpop_2020_1km_population_density_proxy,low_resolution_density_not_settlement_boundaries,False,14641.191,300
LTFRB_PUJ1176,92.222,657751.3,92.22,worldpop_2020_1km_population_density_proxy,low_resolution_density_not_settlement_boundaries,False,14641.191,300
LTFRB_PUJ1177,93.569,664347.4,93.57,worldpop_2020_1km_population_density_proxy,low_resolution_density_not_settlement_boundaries,False,14641.191,300
LTFRB_PUJ1178,88.184,504304.8,88.18,worldpop_2020_1km_population_density_proxy,low_resolution_density_not_settlement_boundaries,False,14641.191,300
LTFRB_PUJ1179,88.217,505699.7,88.22,worldpop_2020_1km_population_density_proxy,low_resolution_density_not_settlement_boundaries,False,14641.191,300
LTFRB_PUJ1180,93.059,461686.8,93.06,worldpop_2020_1km_population_density_proxy,low_resolution_density_not_settlement_boundaries,False,14641.191,300
LTFRB_PUJ1181,93.284,477122.5,93.28,worldpop_2020_1km_population_density_proxy,low_resolution_density_not_settlement_boundaries,False,14641.191,300
LTFRB_PUJ1182,88.189,222647.0,88.19,worldpop_2020_1km_population_density_proxy,low_resolution_density_not_settlement_boundaries,False,14641.191,300
LTFRB_PUJ1183,88.189,222647.0,88.19,worldpop_2020_1km_population_density_proxy,low_resolution_density_not_settlement_boundaries,False,14641.191,300
LTFRB_PUJ1184,97.681,462111.9,97.68,worldpop_2020_1km_population_density_proxy,low_resolution_density_not_settlement_boundaries,False,14641.191,300
LTFRB_PUJ1185,97.681,462111.9,97.68,worldpop_2020_1km_population_density_proxy,low_resolution_density_not_settlement_boundaries,False,14641.191,300
LTFRB_PUJ1186,89.632,463073.3,89.63,worldpop_2020_1km_population_density_proxy,low_resolution_density_not_settlement_boundaries,False,14641.191,300
LTFRB_PUJ1187,90.441,502257.9,90.44,worldpop_2020_1km_population_density_proxy,low_resolution_density_not_settlement_boundaries,False,14641.191,300
LTFRB_PUJ1188,100.0,373725.1,100.0,worldpop_2020_1km_population_density_proxy,low_resolution_density_not_settlement_boundaries,False,14641.191,300
LTFRB_PUJ1189,100.0,443375.2,100.0,worldpop_2020_1km_population_density_proxy,low_resolution_density_not_settlement_boundaries,False,14641.191,300
LTFRB_PUJ1190,100.0,373725.1,100.0,worldpop_2020_1km_population_density_proxy,low_resolution_density_not_settlement_boundaries,False,14641.191,300
LTFRB_PUJ1191,100.0,373725.1,100.0,worldpop_2020_1km_population_density_proxy,low_resolution_density_not_settlement_boundaries,False,14641.191,300
LTFRB_PUJ1192,100.0,373725.1,100.0,worldpop_2020_1km_population_density_proxy,low_resolution_density_not_settlement_boundaries,False,14641.191,300
LTFRB_PUJ1193,100.0,398970.4,100.0,worldpop_2020_1km_population_density_proxy,low_resolution_density_not_settlement_boundaries,False,14641.191,300
LTFRB_PUJ1194,100.0,481088.5,100.0,worldpop_2020_1km_population_density_proxy,low_resolution_density_not_settlement_boundaries,False,14641.191,300
LTFRB_PUJ1195,100.0,481088.5,100.0,worldpop_2020_1km_population_density_proxy,low_resolution_density_not_settlement_boundaries,False,14641.191,300
LTFRB_PUJ1196,80.708,208630.3,80.71,worldpop_2020_1km_population_density_proxy,low_resolution_density_not_settlement_boundaries,False,14641.191,300
LTFRB_PUJ1197,81.761,205941.9,81.76,worldpop_2020_1km_population_density_proxy,low_resolution_density_not_settlement_boundaries,False,14641.191,300
LTFRB_PUJ1198,94.362,189450.9,94.36,worldpop_2020_1km_population_density_proxy,low_resolution_density_not_settlement_boundaries,False,14641.191,300
LTFRB_PUJ1199,95.675,246942.3,95.67,worldpop_2020_1km_population_density_proxy,low_resolution_density_not_settlement_boundaries,False,14641.191,300
LTFRB_PUJ1200,70.176,511830.7,70.18,worldpop_2020_1km_population_density_proxy,low_resolution_density_not_settlement_boundaries,False,14641.191,300
LTFRB_PUJ1201,69.858,474634.0,69.86,worldpop_2020_1km_population_density_proxy,low_resolution_density_not_settlement_boundaries,False,14641.191,300
LTFRB_PUJ1202,62.579,255816.1,62.58,worldpop_2020_1km_population_density_proxy,low_resolution_density_not_settlement_boundaries,False,14641.191,300
LTFRB_PUJ1203,61.157,246450.9,61.16,worldpop_2020_1km_population_density_proxy,low_resolution_density_not_settlement_boundaries,False,14641.191,300
LTFRB_PUJ1204,75.24,471869.4,75.24,worldpop_2020_1km_population_density_proxy,low_resolution_density_not_settlement_boundaries,False,14641.191,300
LTFRB_PUJ1205,76.01,487013.5,76.01,worldpop_2020_1km_population_density_proxy,low_resolution_density_not_settlement_boundaries,False,14641.191,300
LTFRB_PUJ1206,76.197,299981.6,76.2,worldpop_2020_1km_population_density_proxy,low_resolution_density_not_settlement_boundaries,False,14641.191,300
LTFRB_PUJ1207,76.197,299981.6,76.2,worldpop_2020_1km_population_density_proxy,low_resolution_density_not_settlement_boundaries,False,14641.191,300
LTFRB_PUJ1208,46.235,151506.9,46.24,worldpop_2020_1km_population_density_proxy,low_resolution_density_not_settlement_boundaries,False,14641.191,300
LTFRB_PUJ1209,44.803,156350.0,44.8,worldpop_2020_1km_population_density_proxy,low_resolution_density_not_settlement_boundaries,False,14641.191,300
LTFRB_PUJ1210,46.081,152015.0,46.08,worldpop_2020_1km_population_density_proxy,low_resolution_density_not_settlement_boundaries,False,14641.191,300
LTFRB_PUJ1211,46.081,152015.0,46.08,worldpop_2020_1km_population_density_proxy,low_resolution_density_not_settlement_boundaries,False,14641.191,300
LTFRB_PUJ1212,77.366,210582.1,77.37,worldpop_2020_1km_population_density_proxy,low_resolution_density_not_settlement_boundaries,False,14641.191,300
LTFRB_PUJ1213,79.846,236503.8,79.85,worldpop_2020_1km_population_density_proxy,low_resolution_density_not_settlement_boundaries,False,14641.191,300
LTFRB_PUJ1214,79.859,85559.2,79.86,worldpop_2020_1km_population_density_proxy,low_resolution_density_not_settlement_boundaries,False,14641.191,300
LTFRB_PUJ1215,79.859,85559.2,79.86,worldpop_2020_1km_population_density_proxy,low_resolution_density_not_settlement_boundaries,False,14641.191,300
LTFRB_PUJ1216,87.558,208198.9,87.56,worldpop_2020_1km_population_density_proxy,low_resolution_density_not_settlement_boundaries,False,14641.191,300
LTFRB_PUJ1217,87.558,208198.9,87.56,worldpop_2020_1km_population_density_proxy,low_resolution_density_not_settlement_boundaries,False,14641.191,300
LTFRB_PUJ1218,60.227,403671.9,60.23,worldpop_2020_1km_population_density_proxy,low_resolution_density_not_settlement_boundaries,False,14641.191,300
LTFRB_PUJ1219,60.227,403671.9,60.23,worldpop_2020_1km_population_density_proxy,low_resolution_density_not_settlement_boundaries,False,14641.191,300
LTFRB_PUJ1220,61.882,115712.9,61.88,worldpop_2020_1km_population_density_proxy,low_resolution_density_not_settlement_boundaries,False,14641.191,300
LTFRB_PUJ1221,61.882,115712.9,61.88,worldpop_2020_1km_population_density_proxy,low_resolution_density_not_settlement_boundaries,False,14641.191,300
LTFRB_PUJ1222,78.553,205658.7,78.55,worldpop_2020_1km_population_density_proxy,low_resolution_density_not_settlement_boundaries,False,14641.191,300
LTFRB_PUJ1223,79.355,213650.0,79.36,worldpop_2020_1km_population_density_proxy,low_resolution_density_not_settlement_boundaries,False,14641.191,300
LTFRB_PUJ1224,95.089,642055.9,95.09,worldpop_2020_1km_population_density_proxy,low_resolution_density_not_settlement_boundaries,False,14641.191,300
LTFRB_PUJ1225,94.632,587353.0,94.63,worldpop_2020_1km_population_density_proxy,low_resolution_density_not_settlement_boundaries,False,14641.191,300
LTFRB_PUJ1226,90.341,653773.1,90.34,worldpop_2020_1km_population_density_proxy,low_resolution_density_not_settlement_boundaries,False,14641.191,300
LTFRB_PUJ1227,91.777,670081.5,91.78,worldpop_2020_1km_population_density_proxy,low_resolution_density_not_settlement_boundaries,False,14641.191,300
LTFRB_PUJ1228,86.815,121286.6,86.82,worldpop_2020_1km_population_density_proxy,low_resolution_density_not_settlement_boundaries,False,14641.191,300
LTFRB_PUJ1229,86.815,121286.6,86.82,worldpop_2020_1km_population_density_proxy,low_resolution_density_not_settlement_boundaries,False,14641.191,300
LTFRB_PUJ1230,91.865,761141.7,91.87,worldpop_2020_1km_population_density_proxy,low_resolution_density_not_settlement_boundaries,False,14641.191,300
LTFRB_PUJ1232,94.663,559749.7,94.66,worldpop_2020_1km_population_density_proxy,low_resolution_density_not_settlement_boundaries,False,14641.191,300
LTFRB_PUJ1233,93.783,480537.5,93.78,worldpop_2020_1km_population_density_proxy,low_resolution_density_not_settlement_boundaries,False,14641.191,300
LTFRB_PUJ1234,79.65,722424.8,79.65,worldpop_2020_1km_population_density_proxy,low_resolution_density_not_settlement_boundaries,False,14641.191,300
LTFRB_PUJ1235,79.65,722424.8,79.65,worldpop_2020_1km_population_density_proxy,low_resolution_density_not_settlement_boundaries,False,14641.191,300
LTFRB_PUJ1236,78.882,209769.4,78.88,worldpop_2020_1km_population_density_proxy,low_resolution_density_not_settlement_boundaries,False,14641.191,300
LTFRB_PUJ1237,83.213,198852.8,83.21,worldpop_2020_1km_population_density_proxy,low_resolution_density_not_settlement_boundaries,False,14641.191,300
LTFRB_PUJ1238,99.659,540718.6,99.66,worldpop_2020_1km_population_density_proxy,low_resolution_density_not_settlement_boundaries,False,14641.191,300
LTFRB_PUJ1239,99.659,540718.6,99.66,worldpop_2020_1km_population_density_proxy,low_resolution_density_not_settlement_boundaries,False,14641.191,300
LTFRB_PUJ1240,72.644,1100401.3,72.64,worldpop_2020_1km_population_density_proxy,low_resolution_density_not_settlement_boundaries,False,14641.191,300
LTFRB_PUJ1241,73.309,1090423.0,73.31,worldpop_2020_1km_population_density_proxy,low_resolution_density_not_settlement_boundaries,False,14641.191,300
LTFRB_PUJ1243,95.131,246924.8,95.13,worldpop_2020_1km_population_density_proxy,low_resolution_density_not_settlement_boundaries,False,14641.191,300
LTFRB_PUJ1244,85.317,414944.9,85.32,worldpop_2020_1km_population_density_proxy,low_resolution_density_not_settlement_boundaries,False,14641.191,300
LTFRB_PUJ1245,85.317,414944.9,85.32,worldpop_2020_1km_population_density_proxy,low_resolution_density_not_settlement_boundaries,False,14641.191,300
LTFRB_PUJ1246,90.255,648383.9,90.26,worldpop_2020_1km_population_density_proxy,low_resolution_density_not_settlement_boundaries,False,14641.191,300
LTFRB_PUJ1247,89.282,655450.8,89.28,worldpop_2020_1km_population_density_proxy,low_resolution_density_not_settlement_boundaries,False,14641.191,300
LTFRB_PUJ1248,91.988,317682.4,91.99,worldpop_2020_1km_population_density_proxy,low_resolution_density_not_settlement_boundaries,False,14641.191,300
LTFRB_PUJ1249,87.696,382361.4,87.7,worldpop_2020_1km_population_density_proxy,low_resolution_density_not_settlement_boundaries,False,14641.191,300
LTFRB_PUJ1250,80.466,134618.2,80.47,worldpop_2020_1km_population_density_proxy,low_resolution_density_not_settlement_boundaries,False,14641.191,300
LTFRB_PUJ1251,80.466,134618.2,80.47,worldpop_2020_1km_population_density_proxy,low_resolution_density_not_settlement_boundaries,False,14641.191,300
LTFRB_PUJ1252,86.055,229635.3,86.06,worldpop_2020_1km_population_density_proxy,low_resolution_density_not_settlement_boundaries,False,14641.191,300
LTFRB_PUJ1253,85.414,254025.5,85.41,worldpop_2020_1km_population_density_proxy,low_resolution_density_not_settlement_boundaries,False,14641.191,300
LTFRB_PUJ1254,100.0,240001.1,100.0,worldpop_2020_1km_population_density_proxy,low_resolution_density_not_settlement_boundaries,False,14641.191,300
LTFRB_PUJ1255,100.0,285929.4,100.0,worldpop_2020_1km_population_density_proxy,low_resolution_density_not_settlement_boundaries,False,14641.191,300
LTFRB_PUJ1256,100.0,418767.3,100.0,worldpop_2020_1km_population_density_proxy,low_resolution_density_not_settlement_boundaries,False,14641.191,300
LTFRB_PUJ1257,100.0,434543.0,100.0,worldpop_2020_1km_population_density_proxy,low_resolution_density_not_settlement_boundaries,False,14641.191,300
LTFRB_PUJ1258,98.533,879137.1,98.53,worldpop_2020_1km_population_density_proxy,low_resolution_density_not_settlement_boundaries,False,14641.191,300
LTFRB_PUJ1259,98.533,879137.1,98.53,worldpop_2020_1km_population_density_proxy,low_resolution_density_not_settlement_boundaries,False,14641.191,300
LTFRB_PUJ1260,93.891,524550.6,93.89,worldpop_2020_1km_population_density_proxy,low_resolution_density_not_settlement_boundaries,False,14641.191,300
LTFRB_PUJ1261,92.524,428610.3,92.52,worldpop_2020_1km_population_density_proxy,low_resolution_density_not_settlement_boundaries,False,14641.191,300
LTFRB_PUJ1262,87.448,474707.2,87.45,worldpop_2020_1km_population_density_proxy,low_resolution_density_not_settlement_boundaries,False,14641.191,300
LTFRB_PUJ1263,84.415,313807.1,84.42,worldpop_2020_1km_population_density_proxy,low_resolution_density_not_settlement_boundaries,False,14641.191,300
LTFRB_PUJ1264,87.594,677924.0,87.59,worldpop_2020_1km_population_density_proxy,low_resolution_density_not_settlement_boundaries,False,14641.191,300
LTFRB_PUJ1265,87.594,677924.0,87.59,worldpop_2020_1km_population_density_proxy,low_resolution_density_not_settlement_boundaries,False,14641.191,300
LTFRB_PUJ1266,100.0,506247.1,100.0,worldpop_2020_1km_population_density_proxy,low_resolution_density_not_settlement_boundaries,False,14641.191,300
LTFRB_PUJ1267,100.0,506247.1,100.0,worldpop_2020_1km_population_density_proxy,low_resolution_density_not_settlement_boundaries,False,14641.191,300
LTFRB_PUJ1268,98.165,578744.4,98.16,worldpop_2020_1km_population_density_proxy,low_resolution_density_not_settlement_boundaries,False,14641.191,300
LTFRB_PUJ1269,98.165,578744.4,98.16,worldpop_2020_1km_population_density_proxy,low_resolution_density_not_settlement_boundaries,False,14641.191,300
LTFRB_PUJ1270,95.089,642055.9,95.09,worldpop_2020_1km_population_density_proxy,low_resolution_density_not_settlement_boundaries,False,14641.191,300
LTFRB_PUJ1271,94.632,587353.0,94.63,worldpop_2020_1km_population_density_proxy,low_resolution_density_not_settlement_boundaries,False,14641.191,300
LTFRB_PUJ1272,98.622,936265.4,98.62,worldpop_2020_1km_population_density_proxy,low_resolution_density_not_settlement_boundaries,False,14641.191,300
LTFRB_PUJ1273,98.742,1025602.7,98.74,worldpop_2020_1km_population_density_proxy,low_resolution_density_not_settlement_boundaries,False,14641.191,300
LTFRB_PUJ1274,91.444,597947.0,91.44,worldpop_2020_1km_population_density_proxy,low_resolution_density_not_settlement_boundaries,False,14641.191,300
LTFRB_PUJ1275,91.444,597947.0,91.44,worldpop_2020_1km_population_density_proxy,low_resolution_density_not_settlement_boundaries,False,14641.191,300
LTFRB_PUJ1276,100.0,345888.7,100.0,worldpop_2020_1km_population_density_proxy,low_resolution_density_not_settlement_boundaries,False,14641.191,300
LTFRB_PUJ1277,100.0,345888.7,100.0,worldpop_2020_1km_population_density_proxy,low_resolution_density_not_settlement_boundaries,False,14641.191,300
LTFRB_PUJ1278,98.22,585712.9,98.22,worldpop_2020_1km_population_density_proxy,low_resolution_density_not_settlement_boundaries,False,14641.191,300
LTFRB_PUJ1279,98.22,585712.9,98.22,worldpop_2020_1km_population_density_proxy,low_resolution_density_not_settlement_boundaries,False,14641.191,300
LTFRB_PUJ1280,93.686,416483.7,93.69,worldpop_2020_1km_population_density_proxy,low_resolution_density_not_settlement_boundaries,False,14641.191,300
LTFRB_PUJ1281,93.686,416483.7,93.69,worldpop_2020_1km_population_density_proxy,low_resolution_density_not_settlement_boundaries,False,14641.191,300
LTFRB_PUJ1282,98.584,749870.6,98.58,worldpop_2020_1km_population_density_proxy,low_resolution_density_not_settlement_boundaries,False,14641.191,300
LTFRB_PUJ1283,98.584,749870.6,98.58,worldpop_2020_1km_population_density_proxy,low_resolution_density_not_settlement_boundaries,False,14641.191,300
LTFRB_PUJ1284,98.308,615952.1,98.31,worldpop_2020_1km_population_density_proxy,low_resolution_density_not_settlement_boundaries,False,14641.191,300
LTFRB_PUJ1285,98.308,615952.1,98.31,worldpop_2020_1km_population_density_proxy,low_resolution_density_not_settlement_boundaries,False,14641.191,300
LTFRB_PUJ1286,95.911,190849.2,95.91,worldpop_2020_1km_population_density_proxy,low_resolution_density_not_settlement_boundaries,False,14641.191,300
LTFRB_PUJ1288,95.826,755444.6,95.83,worldpop_2020_1km_population_density_proxy,low_resolution_density_not_settlement_boundaries,False,14641.191,300
LTFRB_PUJ1289,95.5,700741.8,95.5,worldpop_2020_1km_population_density_proxy,low_resolution_density_not_settlement_boundaries,False,14641.191,300
LTFRB_PUJ1290,100.0,285727.1,100.0,worldpop_2020_1km_population_density_proxy,low_resolution_density_not_settlement_boundaries,False,14641.191,300
LTFRB_PUJ1291,100.0,285727.1,100.0,worldpop_2020_1km_population_density_proxy,low_resolution_density_not_settlement_boundaries,False,14641.191,300
LTFRB_PUJ1292,79.011,152674.6,79.01,worldpop_2020_1km_population_density_proxy,low_resolution_density_not_settlement_boundaries,False,14641.191,300
LTFRB_PUJ1293,87.111,248614.9,87.11,worldpop_2020_1km_population_density_proxy,low_resolution_density_not_settlement_boundaries,False,14641.191,300
LTFRB_PUJ1294,100.0,264755.7,100.0,worldpop_2020_1km_population_density_proxy,low_resolution_density_not_settlement_boundaries,False,14641.191,300
LTFRB_PUJ1295,100.0,264755.7,100.0,worldpop_2020_1km_population_density_proxy,low_resolution_density_not_settlement_boundaries,False,14641.191,300
LTFRB_PUJ1296,100.0,426659.9,100.0,worldpop_2020_1km_population_density_proxy,low_resolution_density_not_settlement_boundaries,False,14641.191,300
LTFRB_PUJ1297,100.0,515688.9,100.0,worldpop_2020_1km_population_density_proxy,low_resolution_density_not_settlement_boundaries,False,14641.191,300
LTFRB_PUJ1298,100.0,208739.6,100.0,worldpop_2020_1km_population_density_proxy,low_resolution_density_not_settlement_boundaries,False,14641.191,300
LTFRB_PUJ1299,95.402,232295.7,95.4,worldpop_2020_1km_population_density_proxy,low_resolution_density_not_settlement_boundaries,False,14641.191,300
LTFRB_PUJ1300,96.423,273159.2,96.42,worldpop_2020_1km_population_density_proxy,low_resolution_density_not_settlement_boundaries,False,14641.191,300
LTFRB_PUJ1301,100.0,247519.2,100.0,worldpop_2020_1km_population_density_proxy,low_resolution_density_not_settlement_boundaries,False,14641.191,300
LTFRB_PUJ1304,68.625,247916.5,68.62,worldpop_2020_1km_population_density_proxy,low_resolution_density_not_settlement_boundaries,False,14641.191,300
LTFRB_PUJ1305,49.711,202321.7,49.71,worldpop_2020_1km_population_density_proxy,low_resolution_density_not_settlement_boundaries,False,14641.191,300
LTFRB_PUJ1306,90.084,485746.6,90.08,worldpop_2020_1km_population_density_proxy,low_resolution_density_not_settlement_boundaries,False,14641.191,300
LTFRB_PUJ1307,87.083,372881.8,87.08,worldpop_2020_1km_population_density_proxy,low_resolution_density_not_settlement_boundaries,False,14641.191,300
LTFRB_PUJ1308,78.285,345638.9,78.29,worldpop_2020_1km_population_density_proxy,low_resolution_density_not_settlement_boundaries,False,14641.191,300
LTFRB_PUJ1309,78.285,345638.9,78.29,worldpop_2020_1km_population_density_proxy,low_resolution_density_not_settlement_boundaries,False,14641.191,300
LTFRB_PUJ1310,35.604,107972.8,35.6,worldpop_2020_1km_population_density_proxy,low_resolution_density_not_settlement_boundaries,False,14641.191,300
LTFRB_PUJ1311,35.604,107972.8,35.6,worldpop_2020_1km_population_density_proxy,low_resolution_density_not_settlement_boundaries,False,14641.191,300
LTFRB_PUJ1312,95.492,260198.1,95.49,worldpop_2020_1km_population_density_proxy,low_resolution_density_not_settlement_boundaries,False,14641.191,300
LTFRB_PUJ1313,95.492,260198.1,95.49,worldpop_2020_1km_population_density_proxy,low_resolution_density_not_settlement_boundaries,False,14641.191,300
LTFRB_PUJ1314,52.327,565560.0,52.33,worldpop_2020_1km_population_density_proxy,low_resolution_density_not_settlement_boundaries,False,14641.191,300
LTFRB_PUJ1315,52.327,565560.0,52.33,worldpop_2020_1km_population_density_proxy,low_resolution_density_not_settlement_boundaries,False,14641.191,300
LTFRB_PUJ1316,19.29,98928.6,19.29,worldpop_2020_1km_population_density_proxy,low_resolution_density_not_settlement_boundaries,False,14641.191,300
LTFRB_PUJ1317,28.768,66335.7,28.77,worldpop_2020_1km_population_density_proxy,low_resolution_density_not_settlement_boundaries,False,14641.191,300
LTFRB_PUJ1318,86.262,350600.9,86.26,worldpop_2020_1km_population_density_proxy,low_resolution_density_not_settlement_boundaries,False,14641.191,300
LTFRB_PUJ1319,86.262,350600.9,86.26,worldpop_2020_1km_population_density_proxy,low_resolution_density_not_settlement_boundaries,False,14641.191,300
LTFRB_PUJ1321,70.927,317622.8,70.93,worldpop_2020_1km_population_density_proxy,low_resolution_density_not_settlement_boundaries,False,14641.191,300
LTFRB_PUJ1322,83.16,286026.8,83.16,worldpop_2020_1km_population_density_proxy,low_resolution_density_not_settlement_boundaries,False,14641.191,300
LTFRB_PUJ1323,84.228,305385.3,84.23,worldpop_2020_1km_population_density_proxy,low_resolution_density_not_settlement_boundaries,False,14641.191,300
LTFRB_PUJ1324,72.513,110803.8,72.51,worldpop_2020_1km_population_density_proxy,low_resolution_density_not_settlement_boundaries,False,14641.191,300
LTFRB_PUJ1325,76.098,127424.3,76.1,worldpop_2020_1km_population_density_proxy,low_resolution_density_not_settlement_boundaries,False,14641.191,300
LTFRB_PUJ1326,83.383,291532.1,83.38,worldpop_2020_1km_population_density_proxy,low_resolution_density_not_settlement_boundaries,False,14641.191,300
LTFRB_PUJ1327,87.121,369198.6,87.12,worldpop_2020_1km_population_density_proxy,low_resolution_density_not_settlement_boundaries,False,14641.191,300
LTFRB_PUJ1328,93.454,780684.1,93.45,worldpop_2020_1km_population_density_proxy,low_resolution_density_not_settlement_boundaries,False,14641.191,300
LTFRB_PUJ1330,96.542,532735.6,96.54,worldpop_2020_1km_population_density_proxy,low_resolution_density_not_settlement_boundaries,False,14641.191,300
LTFRB_PUJ1331,96.542,532735.6,96.54,worldpop_2020_1km_population_density_proxy,low_resolution_density_not_settlement_boundaries,False,14641.191,300
LTFRB_PUJ1332,95.156,648966.7,95.16,worldpop_2020_1km_population_density_proxy,low_resolution_density_not_settlement_boundaries,False,14641.191,300
LTFRB_PUJ1333,93.363,661426.6,93.36,worldpop_2020_1km_population_density_proxy,low_resolution_density_not_settlement_boundaries,False,14641.191,300
LTFRB_PUJ1334,85.529,385210.8,85.53,worldpop_2020_1km_population_density_proxy,low_resolution_density_not_settlement_boundaries,False,14641.191,300
LTFRB_PUJ1335,85.529,385210.8,85.53,worldpop_2020_1km_population_density_proxy,low_resolution_density_not_settlement_boundaries,False,14641.191,300
LTFRB_PUJ1336,100.0,206371.9,100.0,worldpop_2020_1km_population_density_proxy,low_resolution_density_not_settlement_boundaries,False,14641.191,300
LTFRB_PUJ1337,100.0,206371.9,100.0,worldpop_2020_1km_population_density_proxy,low_resolution_density_not_settlement_boundaries,False,14641.191,300
LTFRB_PUJ1338,96.212,210219.8,96.21,worldpop_2020_1km_population_density_proxy,low_resolution_density_not_settlement_boundaries,False,14641.191,300
LTFRB_PUJ1339,100.0,202256.6,100.0,worldpop_2020_1km_population_density_proxy,low_resolution_density_not_settlement_boundaries,False,14641.191,300
LTFRB_PUJ1340,76.533,619030.2,76.53,worldpop_2020_1km_population_density_proxy,low_resolution_density_not_settlement_boundaries,False,14641.191,300
LTFRB_PUJ1341,77.139,587681.4,77.14,worldpop_2020_1km_population_density_proxy,low_resolution_density_not_settlement_boundaries,False,14641.191,300
LTFRB_PUJ1342,81.538,92795.4,81.54,worldpop_2020_1km_population_density_proxy,low_resolution_density_not_settlement_boundaries,False,14641.191,300
LTFRB_PUJ1343,81.538,92795.4,81.54,worldpop_2020_1km_population_density_proxy,low_resolution_density_not_settlement_boundaries,False,14641.191,300
LTFRB_PUJ1344,81.889,320288.0,81.89,worldpop_2020_1km_population_density_proxy,low_resolution_density_not_settlement_boundaries,False,14641.191,300
LTFRB_PUJ1345,73.079,215468.0,73.08,worldpop_2020_1km_population_density_proxy,low_resolution_density_not_settlement_boundaries,False,14641.191,300
LTFRB_PUJ1346,78.645,266726.3,78.65,worldpop_2020_1km_population_density_proxy,low_resolution_density_not_settlement_boundaries,False,14641.191,300
LTFRB_PUJ1347,85.24,230959.4,85.24,worldpop_2020_1km_population_density_proxy,low_resolution_density_not_settlement_boundaries,False,14641.191,300
LTFRB_PUJ1348,75.147,500817.1,75.15,worldpop_2020_1km_population_density_proxy,low_resolution_density_not_settlement_boundaries,False,14641.191,300
LTFRB_PUJ1349,78.533,479222.5,78.53,worldpop_2020_1km_population_density_proxy,low_resolution_density_not_settlement_boundaries,False,14641.191,300
LTFRB_PUJ1350,71.865,834726.9,71.87,worldpop_2020_1km_population_density_proxy,low_resolution_density_not_settlement_boundaries,False,14641.191,300
LTFRB_PUJ1351,71.571,777966.5,71.57,worldpop_2020_1km_population_density_proxy,low_resolution_density_not_settlement_boundaries,False,14641.191,300
LTFRB_PUJ1352,76.585,944551.1,76.58,worldpop_2020_1km_population_density_proxy,low_resolution_density_not_settlement_boundaries,False,14641.191,300
LTFRB_PUJ1353,77.421,1040091.8,77.42,worldpop_2020_1km_population_density_proxy,low_resolution_density_not_settlement_boundaries,False,14641.191,300
LTFRB_PUJ1354,88.482,522668.8,88.48,worldpop_2020_1km_population_density_proxy,low_resolution_density_not_settlement_boundaries,False,14641.191,300
LTFRB_PUJ1355,88.995,547028.6,88.99,worldpop_2020_1km_population_density_proxy,low_resolution_density_not_settlement_boundaries,False,14641.191,300
LTFRB_PUJ1356,100.0,956092.8,100.0,worldpop_2020_1km_population_density_proxy,low_resolution_density_not_settlement_boundaries,False,14641.191,300
LTFRB_PUJ1357,100.0,956092.8,100.0,worldpop_2020_1km_population_density_proxy,low_resolution_density_not_settlement_boundaries,False,14641.191,300
LTFRB_PUJ1358,96.33,250885.1,96.33,worldpop_2020_1km_population_density_proxy,low_resolution_density_not_settlement_boundaries,False,14641.191,300
LTFRB_PUJ1359,91.226,469930.9,91.23,worldpop_2020_1km_population_density_proxy,low_resolution_density_not_settlement_boundaries,False,14641.191,300
LTFRB_PUJ1360,88.907,467890.0,88.91,worldpop_2020_1km_population_density_proxy,low_resolution_density_not_settlement_boundaries,False,14641.191,300
LTFRB_PUJ1361,92.32,536884.5,92.32,worldpop_2020_1km_population_density_proxy,low_resolution_density_not_settlement_boundaries,False,14641.191,300
LTFRB_PUJ1362,96.889,181336.6,96.89,worldpop_2020_1km_population_density_proxy,low_resolution_density_not_settlement_boundaries,False,14641.191,300
LTFRB_PUJ1363,96.889,181336.6,96.89,worldpop_2020_1km_population_density_proxy,low_resolution_density_not_settlement_boundaries,False,14641.191,300
LTFRB_PUJ1364,76.073,494716.8,76.07,worldpop_2020_1km_population_density_proxy,low_resolution_density_not_settlement_boundaries,False,14641.191,300
LTFRB_PUJ1365,79.546,473122.2,79.55,worldpop_2020_1km_population_density_proxy,low_resolution_density_not_settlement_boundaries,False,14641.191,300
LTFRB_PUJ1366,95.236,293044.0,95.24,worldpop_2020_1km_population_density_proxy,low_resolution_density_not_settlement_boundaries,False,14641.191,300
LTFRB_PUJ1367,93.438,298685.2,93.44,worldpop_2020_1km_population_density_proxy,low_resolution_density_not_settlement_boundaries,False,14641.191,300
LTFRB_PUJ1368,96.167,364223.8,96.17,worldpop_2020_1km_population_density_proxy,low_resolution_density_not_settlement_boundaries,False,14641.191,300
LTFRB_PUJ1369,96.167,364223.8,96.17,worldpop_2020_1km_population_density_proxy,low_resolution_density_not_settlement_boundaries,False,14641.191,300
LTFRB_PUJ1370,90.761,601083.6,90.76,worldpop_2020_1km_population_density_proxy,low_resolution_density_not_settlement_boundaries,False,14641.191,300
LTFRB_PUJ1371,90.485,583640.6,90.48,worldpop_2020_1km_population_density_proxy,low_resolution_density_not_settlement_boundaries,False,14641.191,300
LTFRB_PUJ1372,73.536,128817.0,73.54,worldpop_2020_1km_population_density_proxy,low_resolution_density_not_settlement_boundaries,False,14641.191,300
LTFRB_PUJ1373,73.536,128817.0,73.54,worldpop_2020_1km_population_density_proxy,low_resolution_density_not_settlement_boundaries,False,14641.191,300
LTFRB_PUJ1374,64.237,687002.3,64.24,worldpop_2020_1km_population_density_proxy,low_resolution_density_not_settlement_boundaries,False,14641.191,300
LTFRB_PUJ1375,64.237,687002.3,64.24,worldpop_2020_1km_population_density_proxy,low_resolution_density_not_settlement_boundaries,False,14641.191,300
LTFRB_PUJ1376,95.375,275420.9,95.37,worldpop_2020_1km_population_density_proxy,low_resolution_density_not_settlement_boundaries,False,14641.191,300
LTFRB_PUJ1377,95.375,275420.9,95.37,worldpop_2020_1km_population_density_proxy,low_resolution_density_not_settlement_boundaries,False,14641.191,300
LTFRB_PUJ1378,74.705,539167.2,74.7,worldpop_2020_1km_population_density_proxy,low_resolution_density_not_settlement_boundaries,False,14641.191,300
LTFRB_PUJ1379,74.705,539167.2,74.7,worldpop_2020_1km_population_density_proxy,low_resolution_density_not_settlement_boundaries,False,14641.191,300
LTFRB_PUJ1380,58.892,291075.4,58.89,worldpop_2020_1km_population_density_proxy,low_resolution_density_not_settlement_boundaries,False,14641.191,300
LTFRB_PUJ1381,58.892,291075.4,58.89,worldpop_2020_1km_population_density_proxy,low_resolution_density_not_settlement_boundaries,False,14641.191,300
LTFRB_PUJ1382,87.769,636762.1,87.77,worldpop_2020_1km_population_density_proxy,low_resolution_density_not_settlement_boundaries,False,14641.191,300
LTFRB_PUJ1383,88.478,675946.7,88.48,worldpop_2020_1km_population_density_proxy,low_resolution_density_not_settlement_boundaries,False,14641.191,300
LTFRB_PUJ1384,69.244,123769.5,69.24,worldpop_2020_1km_population_density_proxy,low_resolution_density_not_settlement_boundaries,False,14641.191,300
LTFRB_PUJ1385,69.244,123769.5,69.24,worldpop_2020_1km_population_density_proxy,low_resolution_density_not_settlement_boundaries,False,14641.191,300
LTFRB_PUJ1386,94.824,333450.2,94.82,worldpop_2020_1km_population_density_proxy,low_resolution_density_not_settlement_boundaries,False,14641.191,300
LTFRB_PUJ1387,94.824,333450.2,94.82,worldpop_2020_1km_population_density_proxy,low_resolution_density_not_settlement_boundaries,False,14641.191,300
LTFRB_PUJ1388,91.93,354304.2,91.93,worldpop_2020_1km_population_density_proxy,low_resolution_density_not_settlement_boundaries,False,14641.191,300
LTFRB_PUJ1389,90.903,402838.3,90.9,worldpop_2020_1km_population_density_proxy,low_resolution_density_not_settlement_boundaries,False,14641.191,300
LTFRB_PUJ1390,100.0,145935.0,100.0,worldpop_2020_1km_population_density_proxy,low_resolution_density_not_settlement_boundaries,False,14641.191,300
LTFRB_PUJ1391,100.0,106750.3,100.0,worldpop_2020_1km_population_density_proxy,low_resolution_density_not_settlement_boundaries,False,14641.191,300
LTFRB_PUJ1392,75.294,251810.7,75.29,worldpop_2020_1km_population_density_proxy,low_resolution_density_not_settlement_boundaries,False,14641.191,300
LTFRB_PUJ1393,79.619,238134.7,79.62,worldpop_2020_1km_population_density_proxy,low_resolution_density_not_settlement_boundaries,False,14641.191,300
LTFRB_PUJ1394,69.062,607630.5,69.06,worldpop_2020_1km_population_density_proxy,low_resolution_density_not_settlement_boundaries,False,14641.191,300
LTFRB_PUJ1395,69.062,607630.5,69.06,worldpop_2020_1km_population_density_proxy,low_resolution_density_not_settlement_boundaries,False,14641.191,300
LTFRB_PUJ1396,72.763,734342.1,72.76,worldpop_2020_1km_population_density_proxy,low_resolution_density_not_settlement_boundaries,False,14641.191,300
LTFRB_PUJ1397,75.21,806815.7,75.21,worldpop_2020_1km_population_density_proxy,low_resolution_density_not_settlement_boundaries,False,14641.191,300
LTFRB_PUJ1398,77.147,683145.7,77.15,worldpop_2020_1km_population_density_proxy,low_resolution_density_not_settlement_boundaries,False,14641.191,300
LTFRB_PUJ1399,75.633,696821.7,75.63,worldpop_2020_1km_population_density_proxy,low_resolution_density_not_settlement_boundaries,False,14641.191,300
LTFRB_PUJ1400,81.673,796346.3,81.67,worldpop_2020_1km_population_density_proxy,low_resolution_density_not_settlement_boundaries,False,14641.191,300
LTFRB_PUJ1401,80.652,825009.7,80.65,worldpop_2020_1km_population_density_proxy,low_resolution_density_not_settlement_boundaries,False,14641.191,300
LTFRB_PUJ1402,83.753,754248.4,83.75,worldpop_2020_1km_population_density_proxy,low_resolution_density_not_settlement_boundaries,False,14641.191,300
LTFRB_PUJ1405,86.007,973483.7,86.01,worldpop_2020_1km_population_density_proxy,low_resolution_density_not_settlement_boundaries,False,14641.191,300
LTFRB_PUJ1406,66.62,96534.7,66.62,worldpop_2020_1km_population_density_proxy,low_resolution_density_not_settlement_boundaries,False,14641.191,300
LTFRB_PUJ1407,66.62,96534.7,66.62,worldpop_2020_1km_population_density_proxy,low_resolution_density_not_settlement_boundaries,False,14641.191,300
LTFRB_PUJ1408,100.0,338561.3,100.0,worldpop_2020_1km_population_density_proxy,low_resolution_density_not_settlement_boundaries,False,14641.191,300
LTFRB_PUJ1409,100.0,338561.3,100.0,worldpop_2020_1km_population_density_proxy,low_resolution_density_not_settlement_boundaries,False,14641.191,300
LTFRB_PUJ1410,100.0,236261.9,100.0,worldpop_2020_1km_population_density_proxy,low_resolution_density_not_settlement_boundaries,False,14641.191,300
LTFRB_PUJ1411,100.0,256536.0,100.0,worldpop_2020_1km_population_density_proxy,low_resolution_density_not_settlement_boundaries,False,14641.191,300
LTFRB_PUJ1412,79.474,171041.1,79.47,worldpop_2020_1km_population_density_proxy,low_resolution_density_not_settlement_boundaries,False,14641.191,300
LTFRB_PUJ1413,83.62,133664.8,83.62,worldpop_2020_1km_population_density_proxy,low_resolution_density_not_settlement_boundaries,False,14641.191,300
LTFRB_PUJ1414,92.907,217698.0,92.91,worldpop_2020_1km_population_density_proxy,low_resolution_density_not_settlement_boundaries,False,14641.191,300
LTFRB_PUJ1415,92.818,178731.4,92.82,worldpop_2020_1km_population_density_proxy,low_resolution_density_not_settlement_boundaries,False,14641.191,300
LTFRB_PUJ1416,86.412,543459.9,86.41,worldpop_2020_1km_population_density_proxy,low_resolution_density_not_settlement_boundaries,False,14641.191,300
LTFRB_PUJ1417,86.412,543459.9,86.41,worldpop_2020_1km_population_density_proxy,low_resolution_density_not_settlement_boundaries,False,14641.191,300
LTFRB_PUJ1418,97.693,460252.9,97.69,worldpop_2020_1km_population_density_proxy,low_resolution_density_not_settlement_boundaries,False,14641.191,300
LTFRB_PUJ1419,97.265,388316.3,97.27,worldpop_2020_1km_population_density_proxy,low_resolution_density_not_settlement_boundaries,False,14641.191,300
LTFRB_PUJ1420,91.234,277466.2,91.23,worldpop_2020_1km_population_density_proxy,low_resolution_density_not_settlement_boundaries,False,14641.191,300
LTFRB_PUJ1421,94.692,267333.6,94.69,worldpop_2020_1km_population_density_proxy,low_resolution_density_not_settlement_boundaries,False,14641.191,300
LTFRB_PUJ1422,49.837,161326.3,49.84,worldpop_2020_1km_population_density_proxy,low_resolution_density_not_settlement_boundaries,False,14641.191,300
LTFRB_PUJ1423,61.99,212908.7,61.99,worldpop_2020_1km_population_density_proxy,low_resolution_density_not_settlement_boundaries,False,14641.191,300
LTFRB_PUJ1424,44.398,120011.1,44.4,worldpop_2020_1km_population_density_proxy,low_resolution_density_not_settlement_boundaries,False,14641.191,300
LTFRB_PUJ1425,44.398,120011.1,44.4,worldpop_2020_1km_population_density_proxy,low_resolution_density_not_settlement_boundaries,False,14641.191,300
LTFRB_PUJ1426,83.422,735965.2,83.42,worldpop_2020_1km_population_density_proxy,low_resolution_density_not_settlement_boundaries,False,14641.191,300
LTFRB_PUJ1427,83.422,735965.2,83.42,worldpop_2020_1km_population_density_proxy,low_resolution_density_not_settlement_boundaries,False,14641.191,300
LTFRB_PUJ1428,80.642,824546.2,80.64,worldpop_2020_1km_population_density_proxy,low_resolution_density_not_settlement_boundaries,False,14641.191,300
LTFRB_PUJ1429,81.879,812086.2,81.88,worldpop_2020_1km_population_density_proxy,low_resolution_density_not_settlement_boundaries,False,14641.191,300
LTFRB_PUJ1430,32.569,210888.8,32.57,worldpop_2020_1km_population_density_proxy,low_resolution_density_not_settlement_boundaries,False,14641.191,300
LTFRB_PUJ1431,32.569,210888.8,32.57,worldpop_2020_1km_population_density_proxy,low_resolution_density_not_settlement_boundaries,False,14641.191,300
LTFRB_PUJ1432,40.571,169292.3,40.57,worldpop_2020_1km_population_density_proxy,low_resolution_density_not_settlement_boundaries,False,14641.191,300
LTFRB_PUJ1433,74.116,269975.3,74.12,worldpop_2020_1km_population_density_proxy,low_resolution_density_not_settlement_boundaries,False,14641.191,300
LTFRB_PUJ1434,37.589,274973.7,37.59,worldpop_2020_1km_population_density_proxy,low_resolution_density_not_settlement_boundaries,False,14641.191,300
LTFRB_PUJ1435,37.589,274973.7,37.59,worldpop_2020_1km_population_density_proxy,low_resolution_density_not_settlement_boundaries,False,14641.191,300
LTFRB_PUJ1436,24.488,280481.7,24.49,worldpop_2020_1km_population_density_proxy,low_resolution_density_not_settlement_boundaries,False,14641.191,300
LTFRB_PUJ1437,25.228,272250.1,25.23,worldpop_2020_1km_population_density_proxy,low_resolution_density_not_settlement_boundaries,False,14641.191,300
LTFRB_PUJ1438,28.716,163591.4,28.72,worldpop_2020_1km_population_density_proxy,low_resolution_density_not_settlement_boundaries,False,14641.191,300
LTFRB_PUJ1439,28.716,163591.4,28.72,worldpop_2020_1km_population_density_proxy,low_resolution_density_not_settlement_boundaries,False,14641.191,300
LTFRB_PUJ1440,77.937,314834.6,77.94,worldpop_2020_1km_population_density_proxy,low_resolution_density_not_settlement_boundaries,False,14641.191,300
LTFRB_PUJ1441,79.376,336813.2,79.38,worldpop_2020_1km_population_density_proxy,low_resolution_density_not_settlement_boundaries,False,14641.191,300
LTFRB_PUJ1442,85.463,307362.2,85.46,worldpop_2020_1km_population_density_proxy,low_resolution_density_not_settlement_boundaries,False,14641.191,300
LTFRB_PUJ1443,85.463,307362.2,85.46,worldpop_2020_1km_population_density_proxy,low_resolution_density_not_settlement_boundaries,False,14641.191,300
LTFRB_PUJ1444,85.448,409887.3,85.45,worldpop_2020_1km_population_density_proxy,low_resolution_density_not_settlement_boundaries,False,14641.191,300
LTFRB_PUJ1445,86.805,452054.2,86.81,worldpop_2020_1km_population_density_proxy,low_resolution_density_not_settlement_boundaries,False,14641.191,300
LTFRB_PUJ1446,7.546,200695.6,7.55,worldpop_2020_1km_population_density_proxy,low_resolution_density_not_settlement_boundaries,False,14641.191,300
LTFRB_PUJ1447,8.067,187727.8,8.07,worldpop_2020_1km_population_density_proxy,low_resolution_density_not_settlement_boundaries,False,14641.191,300
LTFRB_PUJ1448,81.552,570451.1,81.55,worldpop_2020_1km_population_density_proxy,low_resolution_density_not_settlement_boundaries,False,14641.191,300
LTFRB_PUJ1449,78.558,556284.9,78.56,worldpop_2020_1km_population_density_proxy,low_resolution_density_not_settlement_boundaries,False,14641.191,300
LTFRB_PUJ1450,63.87,245329.0,63.87,worldpop_2020_1km_population_density_proxy,low_resolution_density_not_settlement_boundaries,False,14641.191,300
LTFRB_PUJ1451,63.87,245329.0,63.87,worldpop_2020_1km_population_density_proxy,low_resolution_density_not_settlement_boundaries,False,14641.191,300
LTFRB_PUJ1453,76.661,511069.4,76.66,worldpop_2020_1km_population_density_proxy,low_resolution_density_not_settlement_boundaries,False,14641.191,300
LTFRB_PUJ1454,7.783,194591.9,7.78,worldpop_2020_1km_population_density_proxy,low_resolution_density_not_settlement_boundaries,False,14641.191,300
LTFRB_PUJ1455,8.758,172908.6,8.76,worldpop_2020_1km_population_density_proxy,low_resolution_density_not_settlement_boundaries,False,14641.191,300
LTFRB_PUJ1456,85.896,236437.5,85.9,worldpop_2020_1km_population_density_proxy,low_resolution_density_not_settlement_boundaries,False,14641.191,300
LTFRB_PUJ1457,85.896,236437.5,85.9,worldpop_2020_1km_population_density_proxy,low_resolution_density_not_settlement_boundaries,False,14641.191,300
LTFRB_PUJ1458,87.845,722088.7,87.84,worldpop_2020_1km_population_density_proxy,low_resolution_density_not_settlement_boundaries,False,14641.191,300
LTFRB_PUJ1459,86.212,735764.7,86.21,worldpop_2020_1km_population_density_proxy,low_resolution_density_not_settlement_boundaries,False,14641.191,300
LTFRB_PUJ1460,91.403,816688.5,91.4,worldpop_2020_1km_population_density_proxy,low_resolution_density_not_settlement_boundaries,False,14641.191,300
LTFRB_PUJ1462,93.183,906308.9,93.18,worldpop_2020_1km_population_density_proxy,low_resolution_density_not_settlement_boundaries,False,14641.191,300
LTFRB_PUJ1463,93.183,906308.9,93.18,worldpop_2020_1km_population_density_proxy,low_resolution_density_not_settlement_boundaries,False,14641.191,300
LTFRB_PUJ1464,97.869,498318.5,97.87,worldpop_2020_1km_population_density_proxy,low_resolution_density_not_settlement_boundaries,False,14641.191,300
LTFRB_PUJ1465,100.0,566557.3,100.0,worldpop_2020_1km_population_density_proxy,low_resolution_density_not_settlement_boundaries,False,14641.191,300
LTFRB_PUJ1466,94.771,203115.0,94.77,worldpop_2020_1km_population_density_proxy,low_resolution_density_not_settlement_boundaries,False,14641.191,300
LTFRB_PUJ1467,94.771,203115.0,94.77,worldpop_2020_1km_population_density_proxy,low_resolution_density_not_settlement_boundaries,False,14641.191,300
LTFRB_PUJ1468,59.361,373652.1,59.36,worldpop_2020_1km_population_density_proxy,low_resolution_density_not_settlement_boundaries,False,14641.191,300
LTFRB_PUJ1469,59.361,373652.1,59.36,worldpop_2020_1km_population_density_proxy,low_resolution_density_not_settlement_boundaries,False,14641.191,300
LTFRB_PUJ1470,98.106,560659.3,98.11,worldpop_2020_1km_population_density_proxy,low_resolution_density_not_settlement_boundaries,False,14641.191,300
LTFRB_PUJ1471,96.364,570791.8,96.36,worldpop_2020_1km_population_density_proxy,low_resolution_density_not_settlement_boundaries,False,14641.191,300
LTFRB_PUJ1472,74.871,398255.2,74.87,worldpop_2020_1km_population_density_proxy,low_resolution_density_not_settlement_boundaries,False,14641.191,300
LTFRB_PUJ1473,74.871,398255.2,74.87,worldpop_2020_1km_population_density_proxy,low_resolution_density_not_settlement_boundaries,False,14641.191,300
LTFRB_PUJ1474,91.403,816688.5,91.4,worldpop_2020_1km_population_density_proxy,low_resolution_density_not_settlement_boundaries,False,14641.191,300
LTFRB_PUJ1475,91.403,816688.5,91.4,worldpop_2020_1km_population_density_proxy,low_resolution_density_not_settlement_boundaries,False,14641.191,300
LTFRB_PUJ1476,65.714,622290.9,65.71,worldpop_2020_1km_population_density_proxy,low_resolution_density_not_settlement_boundaries,False,14641.191,300
LTFRB_PUJ1477,66.499,614943.6,66.5,worldpop_2020_1km_population_density_proxy,low_resolution_density_not_settlement_boundaries,False,14641.191,300
LTFRB_PUJ1478,93.454,780684.1,93.45,worldpop_2020_1km_population_density_proxy,low_resolution_density_not_settlement_boundaries,False,14641.191,300
LTFRB_PUJ1480,91.973,730386.1,91.97,worldpop_2020_1km_population_density_proxy,low_resolution_density_not_settlement_boundaries,False,14641.191,300
LTFRB_PUJ1482,90.248,750487.5,90.25,worldpop_2020_1km_population_density_proxy,low_resolution_density_not_settlement_boundaries,False,14641.191,300
LTFRB_PUJ1483,91.036,726876.9,91.04,worldpop_2020_1km_population_density_proxy,low_resolution_density_not_settlement_boundaries,False,14641.191,300
LTFRB_PUJ1484,96.157,820422.1,96.16,worldpop_2020_1km_population_density_proxy,low_resolution_density_not_settlement_boundaries,False,14641.191,300
LTFRB_PUJ1485,96.157,820422.1,96.16,worldpop_2020_1km_population_density_proxy,low_resolution_density_not_settlement_boundaries,False,14641.191,300
LTFRB_PUJ1486,89.721,235817.7,89.72,worldpop_2020_1km_population_density_proxy,low_resolution_density_not_settlement_boundaries,False,14641.191,300
LTFRB_PUJ1487,90.597,257796.3,90.6,worldpop_2020_1km_population_density_proxy,low_resolution_density_not_settlement_boundaries,False,14641.191,300
LTFRB_PUJ1488,100.0,929427.6,100.0,worldpop_2020_1km_population_density_proxy,low_resolution_density_not_settlement_boundaries,False,14641.191,300
LTFRB_PUJ1489,100.0,929427.6,100.0,worldpop_2020_1km_population_density_proxy,low_resolution_density_not_settlement_boundaries,False,14641.191,300
LTFRB_PUJ1490,75.07,454867.3,75.07,worldpop_2020_1km_population_density_proxy,low_resolution_density_not_settlement_boundaries,False,14641.191,300
LTFRB_PUJ1491,70.654,386409.2,70.65,worldpop_2020_1km_population_density_proxy,low_resolution_density_not_settlement_boundaries,False,14641.191,300
LTFRB_PUJ1492,75.121,191861.6,75.12,worldpop_2020_1km_population_density_proxy,low_resolution_density_not_settlement_boundaries,False,14641.191,300
LTFRB_PUJ1493,84.42,170726.5,84.42,worldpop_2020_1km_population_density_proxy,low_resolution_density_not_settlement_boundaries,False,14641.191,300
LTFRB_PUJ1494,71.603,525603.2,71.6,worldpop_2020_1km_population_density_proxy,low_resolution_density_not_settlement_boundaries,False,14641.191,300
LTFRB_PUJ1495,74.671,504008.5,74.67,worldpop_2020_1km_population_density_proxy,low_resolution_density_not_settlement_boundaries,False,14641.191,300
LTFRB_PUJ1496,66.269,220826.9,66.27,worldpop_2020_1km_population_density_proxy,low_resolution_density_not_settlement_boundaries,False,14641.191,300
LTFRB_PUJ1497,66.269,220826.9,66.27,worldpop_2020_1km_population_density_proxy,low_resolution_density_not_settlement_boundaries,False,14641.191,300
LTFRB_PUJ1498,77.007,339495.2,77.01,worldpop_2020_1km_population_density_proxy,low_resolution_density_not_settlement_boundaries,False,14641.191,300
LTFRB_PUJ1499,77.007,339495.2,77.01,worldpop_2020_1km_population_density_proxy,low_resolution_density_not_settlement_boundaries,False,14641.191,300
LTFRB_PUJ1500,80.707,525599.9,80.71,worldpop_2020_1km_population_density_proxy,low_resolution_density_not_settlement_boundaries,False,14641.191,300
LTFRB_PUJ1501,84.165,504005.3,84.17,worldpop_2020_1km_population_density_proxy,low_resolution_density_not_settlement_boundaries,False,14641.191,300
LTFRB_PUJ1502,76.197,299981.6,76.2,worldpop_2020_1km_population_density_proxy,low_resolution_density_not_settlement_boundaries,False,14641.191,300
LTFRB_PUJ1504,61.569,129990.0,61.57,worldpop_2020_1km_population_density_proxy,low_resolution_density_not_settlement_boundaries,False,14641.191,300
LTFRB_PUJ1505,67.019,119417.4,67.02,worldpop_2020_1km_population_density_proxy,low_resolution_density_not_settlement_boundaries,False,14641.191,300
LTFRB_PUJ1506,67.893,576209.8,67.89,worldpop_2020_1km_population_density_proxy,low_resolution_density_not_settlement_boundaries,False,14641.191,300
LTFRB_PUJ1507,70.537,554615.1,70.54,worldpop_2020_1km_population_density_proxy,low_resolution_density_not_settlement_boundaries,False,14641.191,300
LTFRB_PUJ1508,90.698,232749.8,90.7,worldpop_2020_1km_population_density_proxy,low_resolution_density_not_settlement_boundaries,False,14641.191,300
LTFRB_PUJ1509,93.755,225159.9,93.75,worldpop_2020_1km_population_density_proxy,low_resolution_density_not_settlement_boundaries,False,14641.191,300
LTFRB_PUJ1510,66.383,103164.5,66.38,worldpop_2020_1km_population_density_proxy,low_resolution_density_not_settlement_boundaries,False,14641.191,300
LTFRB_PUJ1511,79.095,168102.0,79.09,worldpop_2020_1km_population_density_proxy,low_resolution_density_not_settlement_boundaries,False,14641.191,300
LTFRB_PUJ1512,95.541,233771.7,95.54,worldpop_2020_1km_population_density_proxy,low_resolution_density_not_settlement_boundaries,False,14641.191,300
LTFRB_PUJ1513,95.541,233771.7,95.54,worldpop_2020_1km_population_density_proxy,low_resolution_density_not_settlement_boundaries,False,14641.191,300
LTFRB_PUJ1514,80.279,267538.5,80.28,worldpop_2020_1km_population_density_proxy,low_resolution_density_not_settlement_boundaries,False,14641.191,300
LTFRB_PUJ1515,83.086,258499.2,83.09,worldpop_2020_1km_population_density_proxy,low_resolution_density_not_settlement_boundaries,False,14641.191,300
LTFRB_PUJ1516,94.196,356415.1,94.2,worldpop_2020_1km_population_density_proxy,low_resolution_density_not_settlement_boundaries,False,14641.191,300
LTFRB_PUJ1517,96.57,368791.4,96.57,worldpop_2020_1km_population_density_proxy,low_resolution_density_not_settlement_boundaries,False,14641.191,300
LTFRB_PUJ1518,59.767,237211.1,59.77,worldpop_2020_1km_population_density_proxy,low_resolution_density_not_settlement_boundaries,False,14641.191,300
LTFRB_PUJ1519,37.908,229857.6,37.91,worldpop_2020_1km_population_density_proxy,low_resolution_density_not_settlement_boundaries,False,14641.191,300
LTFRB_PUJ1520,76.182,456965.9,76.18,worldpop_2020_1km_population_density_proxy,low_resolution_density_not_settlement_boundaries,False,14641.191,300
LTFRB_PUJ1521,74.931,434162.2,74.93,worldpop_2020_1km_population_density_proxy,low_resolution_density_not_settlement_boundaries,False,14641.191,300
LTFRB_PUJ1522,79.748,641673.8,79.75,worldpop_2020_1km_population_density_proxy,low_resolution_density_not_settlement_boundaries,False,14641.191,300
LTFRB_PUJ1523,79.259,626529.7,79.26,worldpop_2020_1km_population_density_proxy,low_resolution_density_not_settlement_boundaries,False,14641.191,300
LTFRB_PUJ1524,77.538,293827.0,77.54,worldpop_2020_1km_population_density_proxy,low_resolution_density_not_settlement_boundaries,False,14641.191,300
LTFRB_PUJ1525,82.606,442002.1,82.61,worldpop_2020_1km_population_density_proxy,low_resolution_density_not_settlement_boundaries,False,14641.191,300
LTFRB_PUJ1526,89.413,813962.9,89.41,worldpop_2020_1km_population_density_proxy,low_resolution_density_not_settlement_boundaries,False,14641.191,300
LTFRB_PUJ1527,89.626,677860.7,89.63,worldpop_2020_1km_population_density_proxy,low_resolution_density_not_settlement_boundaries,False,14641.191,300
LTFRB_PUJ1528,91.75,249067.1,91.75,worldpop_2020_1km_population_density_proxy,low_resolution_density_not_settlement_boundaries,False,14641.191,300
LTFRB_PUJ1529,93.152,300080.9,93.15,worldpop_2020_1km_population_density_proxy,low_resolution_density_not_settlement_boundaries,False,14641.191,300
LTFRB_PUJ1530,69.483,584188.4,69.48,worldpop_2020_1km_population_density_proxy,low_resolution_density_not_settlement_boundaries,False,14641.191,300
LTFRB_PUJ1531,69.483,584188.4,69.48,worldpop_2020_1km_population_density_proxy,low_resolution_density_not_settlement_boundaries,False,14641.191,300
LTFRB_PUJ1532,74.716,612043.4,74.72,worldpop_2020_1km_population_density_proxy,low_resolution_density_not_settlement_boundaries,False,14641.191,300
LTFRB_PUJ1533,74.716,612043.4,74.72,worldpop_2020_1km_population_density_proxy,low_resolution_density_not_settlement_boundaries,False,14641.191,300
LTFRB_PUJ1534,88.263,728846.4,88.26,worldpop_2020_1km_population_density_proxy,low_resolution_density_not_settlement_boundaries,False,14641.191,300
LTFRB_PUJ1535,89.798,716386.4,89.8,worldpop_2020_1km_population_density_proxy,low_resolution_density_not_settlement_boundaries,False,14641.191,300
LTFRB_PUJ1536,90.526,351229.1,90.53,worldpop_2020_1km_population_density_proxy,low_resolution_density_not_settlement_boundaries,False,14641.191,300
LTFRB_PUJ1537,93.855,338769.2,93.86,worldpop_2020_1km_population_density_proxy,low_resolution_density_not_settlement_boundaries,False,14641.191,300
LTFRB_PUJ1538,90.688,678132.9,90.69,worldpop_2020_1km_population_density_proxy,low_resolution_density_not_settlement_boundaries,False,14641.191,300
LTFRB_PUJ1539,92.385,665673.0,92.39,worldpop_2020_1km_population_density_proxy,low_resolution_density_not_settlement_boundaries,False,14641.191,300
LTFRB_PUJ1540,87.577,686953.9,87.58,worldpop_2020_1km_population_density_proxy,low_resolution_density_not_settlement_boundaries,False,14641.191,300
LTFRB_PUJ1542,90.065,583259.6,90.06,worldpop_2020_1km_population_density_proxy,low_resolution_density_not_settlement_boundaries,False,14641.191,300
LTFRB_PUJ1543,92.278,646190.4,92.28,worldpop_2020_1km_population_density_proxy,low_resolution_density_not_settlement_boundaries,False,14641.191,300
LTFRB_PUJ1544,91.323,760446.1,91.32,worldpop_2020_1km_population_density_proxy,low_resolution_density_not_settlement_boundaries,False,14641.191,300
LTFRB_PUJ1545,94.018,760362.4,94.02,worldpop_2020_1km_population_density_proxy,low_resolution_density_not_settlement_boundaries,False,14641.191,300
LTFRB_PUJ1547,83.781,367293.7,83.78,worldpop_2020_1km_population_density_proxy,low_resolution_density_not_settlement_boundaries,False,14641.191,300
LTFRB_PUJ1548,66.383,103164.5,66.38,worldpop_2020_1km_population_density_proxy,low_resolution_density_not_settlement_boundaries,False,14641.191,300
LTFRB_PUJ1549,79.095,168102.0,79.09,worldpop_2020_1km_population_density_proxy,low_resolution_density_not_settlement_boundaries,False,14641.191,300
LTFRB_PUJ1550,92.947,612882.2,92.95,worldpop_2020_1km_population_density_proxy,low_resolution_density_not_settlement_boundaries,False,14641.191,300
LTFRB_PUJ1551,92.947,612882.2,92.95,worldpop_2020_1km_population_density_proxy,low_resolution_density_not_settlement_boundaries,False,14641.191,300
LTFRB_PUJ1552,90.661,663030.3,90.66,worldpop_2020_1km_population_density_proxy,low_resolution_density_not_settlement_boundaries,False,14641.191,300
LTFRB_PUJ1554,92.728,172116.0,92.73,worldpop_2020_1km_population_density_proxy,low_resolution_density_not_settlement_boundaries,False,14641.191,300
LTFRB_PUJ1555,92.728,172116.0,92.73,worldpop_2020_1km_population_density_proxy,low_resolution_density_not_settlement_boundaries,False,14641.191,300
LTFRB_PUJ1557,87.283,661362.9,87.28,worldpop_2020_1km_population_density_proxy,low_resolution_density_not_settlement_boundaries,False,14641.191,300
LTFRB_PUJ1558,90.978,628650.8,90.98,worldpop_2020_1km_population_density_proxy,low_resolution_density_not_settlement_boundaries,False,14641.191,300
LTFRB_PUJ1559,91.384,658286.9,91.38,worldpop_2020_1km_population_density_proxy,low_resolution_density_not_settlement_boundaries,False,14641.191,300
LTFRB_PUJ1560,91.508,762538.3,91.51,worldpop_2020_1km_population_density_proxy,low_resolution_density_not_settlement_boundaries,False,14641.191,300
LTFRB_PUJ1561,92.41,747231.3,92.41,worldpop_2020_1km_population_density_proxy,low_resolution_density_not_settlement_boundaries,False,14641.191,300
LTFRB_PUJ1562,95.741,427919.9,95.74,worldpop_2020_1km_population_density_proxy,low_resolution_density_not_settlement_boundaries,False,14641.191,300
LTFRB_PUJ1563,95.741,427919.9,95.74,worldpop_2020_1km_population_density_proxy,low_resolution_density_not_settlement_boundaries,False,14641.191,300
LTFRB_PUJ1564,97.519,420116.0,97.52,worldpop_2020_1km_population_density_proxy,low_resolution_density_not_settlement_boundaries,False,14641.191,300
LTFRB_PUJ1565,97.519,420116.0,97.52,worldpop_2020_1km_population_density_proxy,low_resolution_density_not_settlement_boundaries,False,14641.191,300
LTFRB_PUJ1566,65.129,107554.1,65.13,worldpop_2020_1km_population_density_proxy,low_resolution_density_not_settlement_boundaries,False,14641.191,300
LTFRB_PUJ1567,59.973,116801.2,59.97,worldpop_2020_1km_population_density_proxy,low_resolution_density_not_settlement_boundaries,False,14641.191,300
LTFRB_PUJ1568,93.576,208003.2,93.58,worldpop_2020_1km_population_density_proxy,low_resolution_density_not_settlement_boundaries,False,14641.191,300
LTFRB_PUJ1569,93.576,208003.2,93.58,worldpop_2020_1km_population_density_proxy,low_resolution_density_not_settlement_boundaries,False,14641.191,300
LTFRB_PUJ1570,72.185,122412.1,72.19,worldpop_2020_1km_population_density_proxy,low_resolution_density_not_settlement_boundaries,False,14641.191,300
LTFRB_PUJ1571,81.031,109049.4,81.03,worldpop_2020_1km_population_density_proxy,low_resolution_density_not_settlement_boundaries,False,14641.191,300
LTFRB_PUJ1572,89.158,366251.7,89.16,worldpop_2020_1km_population_density_proxy,low_resolution_density_not_settlement_boundaries,False,14641.191,300
LTFRB_PUJ1573,89.158,366251.7,89.16,worldpop_2020_1km_population_density_proxy,low_resolution_density_not_settlement_boundaries,False,14641.191,300
LTFRB_PUJ1574,89.274,429512.6,89.27,worldpop_2020_1km_population_density_proxy,low_resolution_density_not_settlement_boundaries,False,14641.191,300
LTFRB_PUJ1575,88.71,408059.9,88.71,worldpop_2020_1km_population_density_proxy,low_resolution_density_not_settlement_boundaries,False,14641.191,300
LTFRB_PUJ1576,84.739,812887.9,84.74,worldpop_2020_1km_population_density_proxy,low_resolution_density_not_settlement_boundaries,False,14641.191,300
LTFRB_PUJ1577,84.739,812887.9,84.74,worldpop_2020_1km_population_density_proxy,low_resolution_density_not_settlement_boundaries,False,14641.191,300
LTFRB_PUJ1578,66.567,257039.6,66.57,worldpop_2020_1km_population_density_proxy,low_resolution_density_not_settlement_boundaries,False,14641.191,300
LTFRB_PUJ1580,79.098,706152.5,79.1,worldpop_2020_1km_population_density_proxy,low_resolution_density_not_settlement_boundaries,False,14641.191,300
LTFRB_PUJ1581,79.098,706152.5,79.1,worldpop_2020_1km_population_density_proxy,low_resolution_density_not_settlement_boundaries,False,14641.191,300
LTFRB_PUJ1582,94.12,403756.8,94.12,worldpop_2020_1km_population_density_proxy,low_resolution_density_not_settlement_boundaries,False,14641.191,300
LTFRB_PUJ1583,91.984,457143.8,91.98,worldpop_2020_1km_population_density_proxy,low_resolution_density_not_settlement_boundaries,False,14641.191,300
LTFRB_PUJ1584,77.793,129997.4,77.79,worldpop_2020_1km_population_density_proxy,low_resolution_density_not_settlement_boundaries,False,14641.191,300
LTFRB_PUJ1585,77.793,129997.4,77.79,worldpop_2020_1km_population_density_proxy,low_resolution_density_not_settlement_boundaries,False,14641.191,300
LTFRB_PUJ1587,100.0,145716.0,100.0,worldpop_2020_1km_population_density_proxy,low_resolution_density_not_settlement_boundaries,False,14641.191,300
LTFRB_PUJ1588,75.46,562041.2,75.46,worldpop_2020_1km_population_density_proxy,low_resolution_density_not_settlement_boundaries,False,14641.191,300
LTFRB_PUJ1589,80.611,594616.3,80.61,worldpop_2020_1km_population_density_proxy,low_resolution_density_not_settlement_boundaries,False,14641.191,300
LTFRB_PUJ1590,58.398,70714.6,58.4,worldpop_2020_1km_population_density_proxy,low_resolution_density_not_settlement_boundaries,False,14641.191,300
LTFRB_PUJ1591,58.398,70714.6,58.4,worldpop_2020_1km_population_density_proxy,low_resolution_density_not_settlement_boundaries,False,14641.191,300
LTFRB_PUJ1592,85.247,510208.2,85.25,worldpop_2020_1km_population_density_proxy,low_resolution_density_not_settlement_boundaries,False,14641.191,300
LTFRB_PUJ1593,84.334,480466.3,84.33,worldpop_2020_1km_population_density_proxy,low_resolution_density_not_settlement_boundaries,False,14641.191,300
LTFRB_PUJ1594,76.14,600599.9,76.14,worldpop_2020_1km_population_density_proxy,low_resolution_density_not_settlement_boundaries,False,14641.191,300
LTFRB_PUJ1595,76.14,600599.9,76.14,worldpop_2020_1km_population_density_proxy,low_resolution_density_not_settlement_boundaries,False,14641.191,300
LTFRB_PUJ1596,57.175,430079.1,57.17,worldpop_2020_1km_population_density_proxy,low_resolution_density_not_settlement_boundaries,False,14641.191,300
LTFRB_PUJ1597,57.175,430079.1,57.17,worldpop_2020_1km_population_density_proxy,low_resolution_density_not_settlement_boundaries,False,14641.191,300
LTFRB_PUJ1598,63.749,385728.2,63.75,worldpop_2020_1km_population_density_proxy,low_resolution_density_not_settlement_boundaries,False,14641.191,300
LTFRB_PUJ1599,63.749,385728.2,63.75,worldpop_2020_1km_population_density_proxy,low_resolution_density_not_settlement_boundaries,False,14641.191,300
LTFRB_PUJ1600,93.442,209151.9,93.44,worldpop_2020_1km_population_density_proxy,low_resolution_density_not_settlement_boundaries,False,14641.191,300
LTFRB_PUJ1601,93.442,209151.9,93.44,worldpop_2020_1km_population_density_proxy,low_resolution_density_not_settlement_boundaries,False,14641.191,300
LTFRB_PUJ1602,71.943,179767.9,71.94,worldpop_2020_1km_population_density_proxy,low_resolution_density_not_settlement_boundaries,False,14641.191,300
LTFRB_PUJ1603,71.943,179767.9,71.94,worldpop_2020_1km_population_density_proxy,low_resolution_density_not_settlement_boundaries,False,14641.191,300
LTFRB_PUJ1604,83.379,878072.8,83.38,worldpop_2020_1km_population_density_proxy,low_resolution_density_not_settlement_boundaries,False,14641.191,300
LTFRB_PUJ1605,82.025,888044.4,82.03,worldpop_2020_1km_population_density_proxy,low_resolution_density_not_settlement_boundaries,False,14641.191,300
LTFRB_PUJ1606,93.549,628020.3,93.55,worldpop_2020_1km_population_density_proxy,low_resolution_density_not_settlement_boundaries,False,14641.191,300
LTFRB_PUJ1607,94.627,604409.7,94.63,worldpop_2020_1km_population_density_proxy,low_resolution_density_not_settlement_boundaries,False,14641.191,300
LTFRB_PUJ1608,89.07,846726.2,89.07,worldpop_2020_1km_population_density_proxy,low_resolution_density_not_settlement_boundaries,False,14641.191,300
LTFRB_PUJ1609,89.715,899771.6,89.71,worldpop_2020_1km_population_density_proxy,low_resolution_density_not_settlement_boundaries,False,14641.191,300
LTFRB_PUJ1610,94.513,738297.2,94.51,worldpop_2020_1km_population_density_proxy,low_resolution_density_not_settlement_boundaries,False,14641.191,300
LTFRB_PUJ1611,95.508,722990.2,95.51,worldpop_2020_1km_population_density_proxy,low_resolution_density_not_settlement_boundaries,False,14641.191,300
LTFRB_PUJ1612,83.723,170446.9,83.72,worldpop_2020_1km_population_density_proxy,low_resolution_density_not_settlement_boundaries,False,14641.191,300
LTFRB_PUJ1613,84.584,245054.8,84.58,worldpop_2020_1km_population_density_proxy,low_resolution_density_not_settlement_boundaries,False,14641.191,300
LTFRB_PUJ1614,83.15,770382.3,83.15,worldpop_2020_1km_population_density_proxy,low_resolution_density_not_settlement_boundaries,False,14641.191,300
LTFRB_PUJ1615,83.15,770382.3,83.15,worldpop_2020_1km_population_density_proxy,low_resolution_density_not_settlement_boundaries,False,14641.191,300
LTFRB_PUJ1616,94.628,250535.6,94.63,worldpop_2020_1km_population_density_proxy,low_resolution_density_not_settlement_boundaries,False,14641.191,300
LTFRB_PUJ1617,94.628,250535.6,94.63,worldpop_2020_1km_population_density_proxy,low_resolution_density_not_settlement_boundaries,False,14641.191,300
LTFRB_PUJ1618,77.038,211478.5,77.04,worldpop_2020_1km_population_density_proxy,low_resolution_density_not_settlement_boundaries,False,14641.191,300
LTFRB_PUJ1619,79.545,237400.1,79.54,worldpop_2020_1km_population_density_proxy,low_resolution_density_not_settlement_boundaries,False,14641.191,300
LTFRB_PUJ1620,92.125,328622.8,92.13,worldpop_2020_1km_population_density_proxy,low_resolution_density_not_settlement_boundaries,False,14641.191,300
LTFRB_PUJ1621,92.657,352418.5,92.66,worldpop_2020_1km_population_density_proxy,low_resolution_density_not_settlement_boundaries,False,14641.191,300
LTFRB_PUJ1622,82.099,280525.7,82.1,worldpop_2020_1km_population_density_proxy,low_resolution_density_not_settlement_boundaries,False,14641.191,300
LTFRB_PUJ1623,83.399,302504.4,83.4,worldpop_2020_1km_population_density_proxy,low_resolution_density_not_settlement_boundaries,False,14641.191,300
LTFRB_PUJ1624,96.423,273159.2,96.42,worldpop_2020_1km_population_density_proxy,low_resolution_density_not_settlement_boundaries,False,14641.191,300
LTFRB_PUJ1625,97.005,326204.6,97.0,worldpop_2020_1km_population_density_proxy,low_resolution_density_not_settlement_boundaries,False,14641.191,300
LTFRB_PUJ1626,55.81,397423.7,55.81,worldpop_2020_1km_population_density_proxy,low_resolution_density_not_settlement_boundaries,False,14641.191,300
LTFRB_PUJ1627,55.81,397423.7,55.81,worldpop_2020_1km_population_density_proxy,low_resolution_density_not_settlement_boundaries,False,14641.191,300
LTFRB_PUJ1628,75.488,107281.6,75.49,worldpop_2020_1km_population_density_proxy,low_resolution_density_not_settlement_boundaries,False,14641.191,300
LTFRB_PUJ1629,87.074,93006.7,87.07,worldpop_2020_1km_population_density_proxy,low_resolution_density_not_settlement_boundaries,False,14641.191,300
LTFRB_PUJ1630,66.601,439923.9,66.6,worldpop_2020_1km_population_density_proxy,low_resolution_density_not_settlement_boundaries,False,14641.191,300
LTFRB_PUJ1631,66.601,439923.9,66.6,worldpop_2020_1km_population_density_proxy,low_resolution_density_not_settlement_boundaries,False,14641.191,300
LTFRB_PUJ1632,22.155,147309.8,22.16,worldpop_2020_1km_population_density_proxy,low_resolution_density_not_settlement_boundaries,False,14641.191,300
LTFRB_PUJ1633,30.546,166608.4,30.55,worldpop_2020_1km_population_density_proxy,low_resolution_density_not_settlement_boundaries,False,14641.191,300
LTFRB_PUJ1634,0.0,61092.0,0.0,worldpop_2020_1km_population_density_proxy,low_resolution_density_not_settlement_boundaries,False,14641.191,300
LTFRB_PUJ1635,0.0,61092.0,0.0,worldpop_2020_1km_population_density_proxy,low_resolution_density_not_settlement_boundaries,False,14641.191,300
LTFRB_PUJ1636,71.994,804490.0,71.99,worldpop_2020_1km_population_density_proxy,low_resolution_density_not_settlement_boundaries,False,14641.191,300
LTFRB_PUJ1637,71.994,804490.0,71.99,worldpop_2020_1km_population_density_proxy,low_resolution_density_not_settlement_boundaries,False,14641.191,300
LTFRB_PUJ1638,71.825,833337.1,71.83,worldpop_2020_1km_population_density_proxy,low_resolution_density_not_settlement_boundaries,False,14641.191,300
LTFRB_PUJ1639,72.141,829683.5,72.14,worldpop_2020_1km_population_density_proxy,low_resolution_density_not_settlement_boundaries,False,14641.191,300
LTFRB_PUJ1640,71.476,810324.9,71.48,worldpop_2020_1km_population_density_proxy,low_resolution_density_not_settlement_boundaries,False,14641.191,300
LTFRB_PUJ1643,71.476,810324.9,71.48,worldpop_2020_1km_population_density_proxy,low_resolution_density_not_settlement_boundaries,False,14641.191,300
LTFRB_PUJ1645,23.383,293730.0,23.38,worldpop_2020_1km_population_density_proxy,low_resolution_density_not_settlement_boundaries,False,14641.191,300
LTFRB_PUJ1648,67.821,683369.5,67.82,worldpop_2020_1km_population_density_proxy,low_resolution_density_not_settlement_boundaries,False,14641.191,300
LTFRB_PUJ1649,67.821,683369.5,67.82,worldpop_2020_1km_population_density_proxy,low_resolution_density_not_settlement_boundaries,False,14641.191,300
LTFRB_PUJ1650,86.596,112403.3,86.6,worldpop_2020_1km_population_density_proxy,low_resolution_density_not_settlement_boundaries,False,14641.191,300
LTFRB_PUJ1651,96.003,267216.4,96.0,worldpop_2020_1km_population_density_proxy,low_resolution_density_not_settlement_boundaries,False,14641.191,300
LTFRB_PUJ1652,71.324,91641.2,71.32,worldpop_2020_1km_population_density_proxy,low_resolution_density_not_settlement_boundaries,False,14641.191,300
LTFRB_PUJ1653,83.095,498920.6,83.1,worldpop_2020_1km_population_density_proxy,low_resolution_density_not_settlement_boundaries,False,14641.191,300
LTFRB_PUJ1654,86.854,477326.0,86.85,worldpop_2020_1km_population_density_proxy,low_resolution_density_not_settlement_boundaries,False,14641.191,300
LTFRB_PUJ1655,96.897,335904.6,96.9,worldpop_2020_1km_population_density_proxy,low_resolution_density_not_settlement_boundaries,False,14641.191,300
LTFRB_PUJ1656,96.897,335904.6,96.9,worldpop_2020_1km_population_density_proxy,low_resolution_density_not_settlement_boundaries,False,14641.191,300
LTFRB_PUJ1657,81.907,390543.6,81.91,worldpop_2020_1km_population_density_proxy,low_resolution_density_not_settlement_boundaries,False,14641.191,300
LTFRB_PUJ1658,81.907,390543.6,81.91,worldpop_2020_1km_population_density_proxy,low_resolution_density_not_settlement_boundaries,False,14641.191,300
LTFRB_PUJ1659,86.076,535213.2,86.08,worldpop_2020_1km_population_density_proxy,low_resolution_density_not_settlement_boundaries,False,14641.191,300
LTFRB_PUJ1660,86.076,535213.2,86.08,worldpop_2020_1km_population_density_proxy,low_resolution_density_not_settlement_boundaries,False,14641.191,300
LTFRB_PUJ1661,32.238,165676.2,32.24,worldpop_2020_1km_population_density_proxy,low_resolution_density_not_settlement_boundaries,False,14641.191,300
LTFRB_PUJ1662,45.114,118390.9,45.11,worldpop_2020_1km_population_density_proxy,low_resolution_density_not_settlement_boundaries,False,14641.191,300
LTFRB_PUJ1663,39.495,98962.9,39.49,worldpop_2020_1km_population_density_proxy,low_resolution_density_not_settlement_boundaries,False,14641.191,300
LTFRB_PUJ1664,60.524,64578.3,60.52,worldpop_2020_1km_population_density_proxy,low_resolution_density_not_settlement_boundaries,False,14641.191,300
LTFRB_PUJ1665,80.072,67788.4,80.07,worldpop_2020_1km_population_density_proxy,low_resolution_density_not_settlement_boundaries,False,14641.191,300
LTFRB_PUJ1666,80.072,67788.4,80.07,worldpop_2020_1km_population_density_proxy,low_resolution_density_not_settlement_boundaries,False,14641.191,300
LTFRB_PUJ1667,70.33,148242.6,70.33,worldpop_2020_1km_population_density_proxy,low_resolution_density_not_settlement_boundaries,False,14641.191,300
LTFRB_PUJ1668,65.03,125775.2,65.03,worldpop_2020_1km_population_density_proxy,low_resolution_density_not_settlement_boundaries,False,14641.191,300
LTFRB_PUJ1670,79.95,252600.3,79.95,worldpop_2020_1km_population_density_proxy,low_resolution_density_not_settlement_boundaries,False,14641.191,300
LTFRB_PUJ1671,80.489,795854.6,80.49,worldpop_2020_1km_population_density_proxy,low_resolution_density_not_settlement_boundaries,False,14641.191,300
LTFRB_PUJ1672,81.872,812163.1,81.87,worldpop_2020_1km_population_density_proxy,low_resolution_density_not_settlement_boundaries,False,14641.191,300
LTFRB_PUJ1673,90.732,224598.8,90.73,worldpop_2020_1km_population_density_proxy,low_resolution_density_not_settlement_boundaries,False,14641.191,300
LTFRB_PUJ1674,90.732,224598.8,90.73,worldpop_2020_1km_population_density_proxy,low_resolution_density_not_settlement_boundaries,False,14641.191,300
LTFRB_PUJ1675,87.121,662594.1,87.12,worldpop_2020_1km_population_density_proxy,low_resolution_density_not_settlement_boundaries,False,14641.191,300
LTFRB_PUJ1676,88.616,678902.5,88.62,worldpop_2020_1km_population_density_proxy,low_resolution_density_not_settlement_boundaries,False,14641.191,300
LTFRB_PUJ1677,79.095,168102.0,79.09,worldpop_2020_1km_population_density_proxy,low_resolution_density_not_settlement_boundaries,False,14641.191,300
LTFRB_PUJ1678,66.383,103164.5,66.38,worldpop_2020_1km_population_density_proxy,low_resolution_density_not_settlement_boundaries,False,14641.191,300
LTFRB_PUJ1680,79.2,966656.1,79.2,worldpop_2020_1km_population_density_proxy,low_resolution_density_not_settlement_boundaries,False,14641.191,300
LTFRB_PUJ1682,76.37,519251.3,76.37,worldpop_2020_1km_population_density_proxy,low_resolution_density_not_settlement_boundaries,False,14641.191,300
LTFRB_PUJ1683,76.37,519251.3,76.37,worldpop_2020_1km_population_density_proxy,low_resolution_density_not_settlement_boundaries,False,14641.191,300
LTFRB_PUJ1684,74.566,613274.7,74.57,worldpop_2020_1km_population_density_proxy,low_resolution_density_not_settlement_boundaries,False,14641.191,300
LTFRB_PUJ1685,76.504,629583.1,76.5,worldpop_2020_1km_population_density_proxy,low_resolution_density_not_settlement_boundaries,False,14641.191,300
LTFRB_PUJ1686,93.926,510469.4,93.93,worldpop_2020_1km_population_density_proxy,low_resolution_density_not_settlement_boundaries,False,14641.191,300
LTFRB_PUJ1687,93.926,510469.4,93.93,worldpop_2020_1km_population_density_proxy,low_resolution_density_not_settlement_boundaries,False,14641.191,300
LTFRB_PUJ1688,89.874,701483.1,89.87,worldpop_2020_1km_population_density_proxy,low_resolution_density_not_settlement_boundaries,False,14641.191,300
LTFRB_PUJ1689,89.579,681635.6,89.58,worldpop_2020_1km_population_density_proxy,low_resolution_density_not_settlement_boundaries,False,14641.191,300
LTFRB_PUJ1691,79.159,552063.3,79.16,worldpop_2020_1km_population_density_proxy,low_resolution_density_not_settlement_boundaries,False,14641.191,300
LTFRB_PUJ1693,80.007,515831.8,80.01,worldpop_2020_1km_population_density_proxy,low_resolution_density_not_settlement_boundaries,False,14641.191,300
LTFRB_PUJ1694,58.583,232553.4,58.58,worldpop_2020_1km_population_density_proxy,low_resolution_density_not_settlement_boundaries,False,14641.191,300
LTFRB_PUJ1695,58.583,232553.4,58.58,worldpop_2020_1km_population_density_proxy,low_resolution_density_not_settlement_boundaries,False,14641.191,300
LTFRB_PUJ1696,82.207,339927.4,82.21,worldpop_2020_1km_population_density_proxy,low_resolution_density_not_settlement_boundaries,False,14641.191,300
LTFRB_PUJ1697,82.207,339927.4,82.21,worldpop_2020_1km_population_density_proxy,low_resolution_density_not_settlement_boundaries,False,14641.191,300
LTFRB_PUJ1698,87.779,494901.0,87.78,worldpop_2020_1km_population_density_proxy,low_resolution_density_not_settlement_boundaries,False,14641.191,300
LTFRB_PUJ1699,87.779,494901.0,87.78,worldpop_2020_1km_population_density_proxy,low_resolution_density_not_settlement_boundaries,False,14641.191,300
LTFRB_PUJ1700,76.197,299981.6,76.2,worldpop_2020_1km_population_density_proxy,low_resolution_density_not_settlement_boundaries,False,14641.191,300
LTFRB_PUJ1701,76.197,299981.6,76.2,worldpop_2020_1km_population_density_proxy,low_resolution_density_not_settlement_boundaries,False,14641.191,300
LTFRB_PUJ1702,70.531,111215.7,70.53,worldpop_2020_1km_population_density_proxy,low_resolution_density_not_settlement_boundaries,False,14641.191,300
LTFRB_PUJ1703,70.531,111215.7,70.53,worldpop_2020_1km_population_density_proxy,low_resolution_density_not_settlement_boundaries,False,14641.191,300
LTFRB_PUJ1704,50.23,77395.7,50.23,worldpop_2020_1km_population_density_proxy,low_resolution_density_not_settlement_boundaries,False,14641.191,300
LTFRB_PUJ1705,53.94,72071.5,53.94,worldpop_2020_1km_population_density_proxy,low_resolution_density_not_settlement_boundaries,False,14641.191,300
LTFRB_PUJ1706,89.12,688769.8,89.12,worldpop_2020_1km_population_density_proxy,low_resolution_density_not_settlement_boundaries,False,14641.191,300
LTFRB_PUJ1707,89.021,682554.3,89.02,worldpop_2020_1km_population_density_proxy,low_resolution_density_not_settlement_boundaries,False,14641.191,300
LTFRB_PUJ1708,100.0,210767.6,100.0,worldpop_2020_1km_population_density_proxy,low_resolution_density_not_settlement_boundaries,False,14641.191,300
LTFRB_PUJ1709,100.0,210767.6,100.0,worldpop_2020_1km_population_density_proxy,low_resolution_density_not_settlement_boundaries,False,14641.191,300
LTFRB_PUJ1710,100.0,182261.4,100.0,worldpop_2020_1km_population_density_proxy,low_resolution_density_not_settlement_boundaries,False,14641.191,300
LTFRB_PUJ1711,100.0,237984.6,100.0,worldpop_2020_1km_population_density_proxy,low_resolution_density_not_settlement_boundaries,False,14641.191,300
LTFRB_PUJ1712,90.895,227199.1,90.9,worldpop_2020_1km_population_density_proxy,low_resolution_density_not_settlement_boundaries,False,14641.191,300
LTFRB_PUJ1713,93.786,203588.5,93.79,worldpop_2020_1km_population_density_proxy,low_resolution_density_not_settlement_boundaries,False,14641.191,300
LTFRB_PUJ1715,95.527,563896.3,95.53,worldpop_2020_1km_population_density_proxy,low_resolution_density_not_settlement_boundaries,False,14641.191,300
LTFRB_PUJ1716,97.158,373717.9,97.16,worldpop_2020_1km_population_density_proxy,low_resolution_density_not_settlement_boundaries,False,14641.191,300
LTFRB_PUJ1717,97.158,373717.9,97.16,worldpop_2020_1km_population_density_proxy,low_resolution_density_not_settlement_boundaries,False,14641.191,300
LTFRB_PUJ1718,97.693,460252.9,97.69,worldpop_2020_1km_population_density_proxy,low_resolution_density_not_settlement_boundaries,False,14641.191,300
LTFRB_PUJ1719,97.265,388316.3,97.27,worldpop_2020_1km_population_density_proxy,low_resolution_density_not_settlement_boundaries,False,14641.191,300
LTFRB_PUJ1720,91.403,816688.5,91.4,worldpop_2020_1km_population_density_proxy,low_resolution_density_not_settlement_boundaries,False,14641.191,300
LTFRB_PUJ1721,91.403,816688.5,91.4,worldpop_2020_1km_population_density_proxy,low_resolution_density_not_settlement_boundaries,False,14641.191,300
LTFRB_PUJ1722,93.249,861589.1,93.25,worldpop_2020_1km_population_density_proxy,low_resolution_density_not_settlement_boundaries,False,14641.191,300
LTFRB_PUJ1723,94.02,854522.3,94.02,worldpop_2020_1km_population_density_proxy,low_resolution_density_not_settlement_boundaries,False,14641.191,300
LTFRB_PUJ1724,79.668,253496.7,79.67,worldpop_2020_1km_population_density_proxy,low_resolution_density_not_settlement_boundaries,False,14641.191,300
LTFRB_PUJ1725,79.95,252600.3,79.95,worldpop_2020_1km_population_density_proxy,low_resolution_density_not_settlement_boundaries,False,14641.191,300
LTFRB_PUJ1726,100.0,202256.6,100.0,worldpop_2020_1km_population_density_proxy,low_resolution_density_not_settlement_boundaries,False,14641.191,300
LTFRB_PUJ1727,100.0,202256.6,100.0,worldpop_2020_1km_population_density_proxy,low_resolution_density_not_settlement_boundaries,False,14641.191,300
LTFRB_PUJ1729,100.0,285929.4,100.0,worldpop_2020_1km_population_density_proxy,low_resolution_density_not_settlement_boundaries,False,14641.191,300
LTFRB_PUJ1730,73.975,474962.0,73.98,worldpop_2020_1km_population_density_proxy,low_resolution_density_not_settlement_boundaries,False,14641.191,300
LTFRB_PUJ1731,73.975,474962.0,73.98,worldpop_2020_1km_population_density_proxy,low_resolution_density_not_settlement_boundaries,False,14641.191,300
LTFRB_PUJ1732,81.215,233453.1,81.22,worldpop_2020_1km_population_density_proxy,low_resolution_density_not_settlement_boundaries,False,14641.191,300
LTFRB_PUJ1734,79.65,722424.8,79.65,worldpop_2020_1km_population_density_proxy,low_resolution_density_not_settlement_boundaries,False,14641.191,300
LTFRB_PUJ1735,79.65,722424.8,79.65,worldpop_2020_1km_population_density_proxy,low_resolution_density_not_settlement_boundaries,False,14641.191,300
LTFRB_PUJ1736,71.815,479071.2,71.81,worldpop_2020_1km_population_density_proxy,low_resolution_density_not_settlement_boundaries,False,14641.191,300
LTFRB_PUJ1737,72.248,535831.5,72.25,worldpop_2020_1km_population_density_proxy,low_resolution_density_not_settlement_boundaries,False,14641.191,300
LTFRB_PUJ1738,76.578,627661.5,76.58,worldpop_2020_1km_population_density_proxy,low_resolution_density_not_settlement_boundaries,False,14641.191,300
LTFRB_PUJ1739,76.578,627661.5,76.58,worldpop_2020_1km_population_density_proxy,low_resolution_density_not_settlement_boundaries,False,14641.191,300
LTFRB_PUJ1740,53.531,114273.8,53.53,worldpop_2020_1km_population_density_proxy,low_resolution_density_not_settlement_boundaries,False,14641.191,300
LTFRB_PUJ1741,53.531,114273.8,53.53,worldpop_2020_1km_population_density_proxy,low_resolution_density_not_settlement_boundaries,False,14641.191,300
LTFRB_PUJ1742,38.997,156863.0,39.0,worldpop_2020_1km_population_density_proxy,low_resolution_density_not_settlement_boundaries,False,14641.191,300
LTFRB_PUJ1743,44.457,137597.5,44.46,worldpop_2020_1km_population_density_proxy,low_resolution_density_not_settlement_boundaries,False,14641.191,300
LTFRB_PUJ1744,79.364,336612.6,79.36,worldpop_2020_1km_population_density_proxy,low_resolution_density_not_settlement_boundaries,False,14641.191,300
LTFRB_PUJ1745,80.629,358591.3,80.63,worldpop_2020_1km_population_density_proxy,low_resolution_density_not_settlement_boundaries,False,14641.191,300
LTFRB_PUJ1746,89.22,515182.4,89.22,worldpop_2020_1km_population_density_proxy,low_resolution_density_not_settlement_boundaries,False,14641.191,300
LTFRB_PUJ1747,89.22,515182.4,89.22,worldpop_2020_1km_population_density_proxy,low_resolution_density_not_settlement_boundaries,False,14641.191,300
LTFRB_PUJ1748,93.438,298685.2,93.44,worldpop_2020_1km_population_density_proxy,low_resolution_density_not_settlement_boundaries,False,14641.191,300
LTFRB_PUJ1749,95.236,293044.0,95.24,worldpop_2020_1km_population_density_proxy,low_resolution_density_not_settlement_boundaries,False,14641.191,300
LTFRB_PUJ1750,96.889,181336.6,96.89,worldpop_2020_1km_population_density_proxy,low_resolution_density_not_settlement_boundaries,False,14641.191,300
LTFRB_PUJ1752,0.0,38320.3,0.0,worldpop_2020_1km_population_density_proxy,low_resolution_density_not_settlement_boundaries,False,14641.191,300
LTFRB_PUJ1753,0.0,33123.1,0.0,worldpop_2020_1km_population_density_proxy,low_resolution_density_not_settlement_boundaries,False,14641.191,300
LTFRB_PUJ1754,87.835,615988.1,87.83,worldpop_2020_1km_population_density_proxy,low_resolution_density_not_settlement_boundaries,False,14641.191,300
LTFRB_PUJ1755,87.711,609772.6,87.71,worldpop_2020_1km_population_density_proxy,low_resolution_density_not_settlement_boundaries,False,14641.191,300
LTFRB_PUJ1756,90.64,630037.4,90.64,worldpop_2020_1km_population_density_proxy,low_resolution_density_not_settlement_boundaries,False,14641.191,300
LTFRB_PUJ1757,90.64,630037.4,90.64,worldpop_2020_1km_population_density_proxy,low_resolution_density_not_settlement_boundaries,False,14641.191,300
LTFRB_PUJ1758,90.511,652541.9,90.51,worldpop_2020_1km_population_density_proxy,low_resolution_density_not_settlement_boundaries,False,14641.191,300
LTFRB_PUJ1759,90.511,652541.9,90.51,worldpop_2020_1km_population_density_proxy,low_resolution_density_not_settlement_boundaries,False,14641.191,300
LTFRB_PUJ1760,92.438,279115.9,92.44,worldpop_2020_1km_population_density_proxy,low_resolution_density_not_settlement_boundaries,False,14641.191,300
LTFRB_PUJ1761,92.438,279115.9,92.44,worldpop_2020_1km_population_density_proxy,low_resolution_density_not_settlement_boundaries,False,14641.191,300
LTFRB_PUJ1762,69.169,279389.3,69.17,worldpop_2020_1km_population_density_proxy,low_resolution_density_not_settlement_boundaries,False,14641.191,300
LTFRB_PUJ1763,76.405,318805.8,76.41,worldpop_2020_1km_population_density_proxy,low_resolution_density_not_settlement_boundaries,False,14641.191,300
LTFRB_PUJ1764,69.499,204924.2,69.5,worldpop_2020_1km_population_density_proxy,low_resolution_density_not_settlement_boundaries,False,14641.191,300
LTFRB_PUJ1765,69.499,204924.2,69.5,worldpop_2020_1km_population_density_proxy,low_resolution_density_not_settlement_boundaries,False,14641.191,300
LTFRB_PUJ1766,83.422,179310.4,83.42,worldpop_2020_1km_population_density_proxy,low_resolution_density_not_settlement_boundaries,False,14641.191,300
LTFRB_PUJ1767,83.422,179310.4,83.42,worldpop_2020_1km_population_density_proxy,low_resolution_density_not_settlement_boundaries,False,14641.191,300
LTFRB_PUJ1768,88.862,143581.1,88.86,worldpop_2020_1km_population_density_proxy,low_resolution_density_not_settlement_boundaries,False,14641.191,300
LTFRB_PUJ1769,88.862,143581.1,88.86,worldpop_2020_1km_population_density_proxy,low_resolution_density_not_settlement_boundaries,False,14641.191,300
LTFRB_PUJ1770,92.411,164940.0,92.41,worldpop_2020_1km_population_density_proxy,low_resolution_density_not_settlement_boundaries,False,14641.191,300
LTFRB_PUJ1771,100.0,127913.8,100.0,worldpop_2020_1km_population_density_proxy,low_resolution_density_not_settlement_boundaries,False,14641.191,300
LTFRB_PUJ1772,68.152,125113.7,68.15,worldpop_2020_1km_population_density_proxy,low_resolution_density_not_settlement_boundaries,False,14641.191,300
LTFRB_PUJ1773,82.417,164530.2,82.42,worldpop_2020_1km_population_density_proxy,low_resolution_density_not_settlement_boundaries,False,14641.191,300
LTFRB_PUJ1775,77.911,174044.1,77.91,worldpop_2020_1km_population_density_proxy,low_resolution_density_not_settlement_boundaries,False,14641.191,300
LTFRB_PUJ1776,76.533,619030.2,76.53,worldpop_2020_1km_population_density_proxy,low_resolution_density_not_settlement_boundaries,False,14641.191,300
LTFRB_PUJ1777,77.139,587681.4,77.14,worldpop_2020_1km_population_density_proxy,low_resolution_density_not_settlement_boundaries,False,14641.191,300
LTFRB_PUJ1778,39.382,97612.8,39.38,worldpop_2020_1km_population_density_proxy,low_resolution_density_not_settlement_boundaries,False,14641.191,300
LTFRB_PUJ1779,47.869,80307.3,47.87,worldpop_2020_1km_population_density_proxy,low_resolution_density_not_settlement_boundaries,False,14641.191,300
LTFRB_PUJ1780,95.222,168297.8,95.22,worldpop_2020_1km_population_density_proxy,low_resolution_density_not_settlement_boundaries,False,14641.191,300
LTFRB_PUJ1781,94.19,170142.1,94.19,worldpop_2020_1km_population_density_proxy,low_resolution_density_not_settlement_boundaries,False,14641.191,300
LTFRB_PUJ1782,77.034,295751.1,77.03,worldpop_2020_1km_population_density_proxy,low_resolution_density_not_settlement_boundaries,False,14641.191,300
LTFRB_PUJ1783,77.034,295751.1,77.03,worldpop_2020_1km_population_density_proxy,low_resolution_density_not_settlement_boundaries,False,14641.191,300
LTFRB_PUJ1784,78.783,486089.9,78.78,worldpop_2020_1km_population_density_proxy,low_resolution_density_not_settlement_boundaries,False,14641.191,300
LTFRB_PUJ1785,78.783,486089.9,78.78,worldpop_2020_1km_population_density_proxy,low_resolution_density_not_settlement_boundaries,False,14641.191,300
LTFRB_PUJ1786,75.835,504990.2,75.83,worldpop_2020_1km_population_density_proxy,low_resolution_density_not_settlement_boundaries,False,14641.191,300
LTFRB_PUJ1787,77.538,293827.0,77.54,worldpop_2020_1km_population_density_proxy,low_resolution_density_not_settlement_boundaries,False,14641.191,300
LTFRB_PUJ1788,96.904,777325.2,96.9,worldpop_2020_1km_population_density_proxy,low_resolution_density_not_settlement_boundaries,False,14641.191,300
LTFRB_PUJ1789,96.761,742958.9,96.76,worldpop_2020_1km_population_density_proxy,low_resolution_density_not_settlement_boundaries,False,14641.191,300
LTFRB_PUJ1790,93.926,841349.1,93.93,worldpop_2020_1km_population_density_proxy,low_resolution_density_not_settlement_boundaries,False,14641.191,300
LTFRB_PUJ1791,93.046,849312.3,93.05,worldpop_2020_1km_population_density_proxy,low_resolution_density_not_settlement_boundaries,False,14641.191,300
LTFRB_PUJ1792,90.485,737829.6,90.48,worldpop_2020_1km_population_density_proxy,low_resolution_density_not_settlement_boundaries,False,14641.191,300
LTFRB_PUJ1793,90.485,737829.6,90.48,worldpop_2020_1km_population_density_proxy,low_resolution_density_not_settlement_boundaries,False,14641.191,300
LTFRB_PUJ1794,92.081,751728.7,92.08,worldpop_2020_1km_population_density_proxy,low_resolution_density_not_settlement_boundaries,False,14641.191,300
LTFRB_PUJ1795,92.931,829395.2,92.93,worldpop_2020_1km_population_density_proxy,low_resolution_density_not_settlement_boundaries,False,14641.191,300
LTFRB_PUJ1796,92.877,178617.8,92.88,worldpop_2020_1km_population_density_proxy,low_resolution_density_not_settlement_boundaries,False,14641.191,300
LTFRB_PUJ1797,98.405,168583.3,98.41,worldpop_2020_1km_population_density_proxy,low_resolution_density_not_settlement_boundaries,False,14641.191,300
LTFRB_PUJ1798,83.91,200667.2,83.91,worldpop_2020_1km_population_density_proxy,low_resolution_density_not_settlement_boundaries,False,14641.191,300
LTFRB_PUJ1799,85.05,197978.7,85.05,worldpop_2020_1km_population_density_proxy,low_resolution_density_not_settlement_boundaries,False,14641.191,300
LTFRB_PUJ1800,92.533,255327.3,92.53,worldpop_2020_1km_population_density_proxy,low_resolution_density_not_settlement_boundaries,False,14641.191,300
LTFRB_PUJ1801,87.354,270465.3,87.35,worldpop_2020_1km_population_density_proxy,low_resolution_density_not_settlement_boundaries,False,14641.191,300
LTFRB_PUJ1802,91.825,130645.5,91.82,worldpop_2020_1km_population_density_proxy,low_resolution_density_not_settlement_boundaries,False,14641.191,300
LTFRB_PUJ1803,91.825,130645.5,91.82,worldpop_2020_1km_population_density_proxy,low_resolution_density_not_settlement_boundaries,False,14641.191,300
LTFRB_PUJ1804,96.357,781737.2,96.36,worldpop_2020_1km_population_density_proxy,low_resolution_density_not_settlement_boundaries,False,14641.191,300
LTFRB_PUJ1805,96.676,724094.8,96.68,worldpop_2020_1km_population_density_proxy,low_resolution_density_not_settlement_boundaries,False,14641.191,300
LTFRB_PUJ1806,93.148,415618.8,93.15,worldpop_2020_1km_population_density_proxy,low_resolution_density_not_settlement_boundaries,False,14641.191,300
LTFRB_PUJ1807,92.53,381252.5,92.53,worldpop_2020_1km_population_density_proxy,low_resolution_density_not_settlement_boundaries,False,14641.191,300
LTFRB_PUJ1809,71.754,202133.7,71.75,worldpop_2020_1km_population_density_proxy,low_resolution_density_not_settlement_boundaries,False,14641.191,300
LTFRB_PUJ1811,79.48,201932.9,79.48,worldpop_2020_1km_population_density_proxy,low_resolution_density_not_settlement_boundaries,False,14641.191,300
LTFRB_PUJ1812,53.146,370068.6,53.15,worldpop_2020_1km_population_density_proxy,low_resolution_density_not_settlement_boundaries,False,14641.191,300
LTFRB_PUJ1813,53.146,370068.6,53.15,worldpop_2020_1km_population_density_proxy,low_resolution_density_not_settlement_boundaries,False,14641.191,300
LTFRB_PUJ1814,49.364,513985.4,49.36,worldpop_2020_1km_population_density_proxy,low_resolution_density_not_settlement_boundaries,False,14641.191,300
LTFRB_PUJ1815,49.364,513985.4,49.36,worldpop_2020_1km_population_density_proxy,low_resolution_density_not_settlement_boundaries,False,14641.191,300
LTFRB_PUJ1816,41.79,124324.1,41.79,worldpop_2020_1km_population_density_proxy,low_resolution_density_not_settlement_boundaries,False,14641.191,300
LTFRB_PUJ1817,95.151,587358.3,95.15,worldpop_2020_1km_population_density_proxy,low_resolution_density_not_settlement_boundaries,False,14641.191,300
LTFRB_PUJ1818,92.518,566928.5,92.52,worldpop_2020_1km_population_density_proxy,low_resolution_density_not_settlement_boundaries,False,14641.191,300
LTFRB_PUJ1819,67.987,428243.1,67.99,worldpop_2020_1km_population_density_proxy,low_resolution_density_not_settlement_boundaries,False,14641.191,300
LTFRB_PUJ1820,67.987,428243.1,67.99,worldpop_2020_1km_population_density_proxy,low_resolution_density_not_settlement_boundaries,False,14641.191,300
LTFRB_PUJ1821,78.882,209769.4,78.88,worldpop_2020_1km_population_density_proxy,low_resolution_density_not_settlement_boundaries,False,14641.191,300
LTFRB_PUJ1822,86.595,145905.9,86.59,worldpop_2020_1km_population_density_proxy,low_resolution_density_not_settlement_boundaries,False,14641.191,300
LTFRB_PUJ1823,96.904,777325.2,96.9,worldpop_2020_1km_population_density_proxy,low_resolution_density_not_settlement_boundaries,False,14641.191,300
LTFRB_PUJ1824,96.761,742958.9,96.76,worldpop_2020_1km_population_density_proxy,low_resolution_density_not_settlement_boundaries,False,14641.191,300
LTFRB_PUJ1826,97.534,316502.0,97.53,worldpop_2020_1km_population_density_proxy,low_resolution_density_not_settlement_boundaries,False,14641.191,300
LTFRB_PUJ1827,54.33,377248.8,54.33,worldpop_2020_1km_population_density_proxy,low_resolution_density_not_settlement_boundaries,False,14641.191,300
LTFRB_PUJ1828,47.572,284699.5,47.57,worldpop_2020_1km_population_density_proxy,low_resolution_density_not_settlement_boundaries,False,14641.191,300
LTFRB_PUJ1830,73.009,430823.4,73.01,worldpop_2020_1km_population_density_proxy,low_resolution_density_not_settlement_boundaries,False,14641.191,300
LTFRB_PUJ1831,73.558,427609.6,73.56,worldpop_2020_1km_population_density_proxy,low_resolution_density_not_settlement_boundaries,False,14641.191,300
LTFRB_PUJ1833,71.763,278109.3,71.76,worldpop_2020_1km_population_density_proxy,low_resolution_density_not_settlement_boundaries,False,14641.191,300
LTFRB_PUJ1834,87.562,356707.2,87.56,worldpop_2020_1km_population_density_proxy,low_resolution_density_not_settlement_boundaries,False,14641.191,300
LTFRB_PUJ1836,49.711,202321.7,49.71,worldpop_2020_1km_population_density_proxy,low_resolution_density_not_settlement_boundaries,False,14641.191,300
LTFRB_PUJ1837,75.751,224592.8,75.75,worldpop_2020_1km_population_density_proxy,low_resolution_density_not_settlement_boundaries,False,14641.191,300
LTFRB_PUJ1838,84.316,514661.6,84.32,worldpop_2020_1km_population_density_proxy,low_resolution_density_not_settlement_boundaries,False,14641.191,300
LTFRB_PUJ1839,81.369,130104.7,81.37,worldpop_2020_1km_population_density_proxy,low_resolution_density_not_settlement_boundaries,False,14641.191,300
LTFRB_PUJ1840,81.369,130104.7,81.37,worldpop_2020_1km_population_density_proxy,low_resolution_density_not_settlement_boundaries,False,14641.191,300
LTFRB_PUJ1841,100.0,166151.1,100.0,worldpop_2020_1km_population_density_proxy,low_resolution_density_not_settlement_boundaries,False,14641.191,300
LTFRB_PUJ1842,100.0,166151.1,100.0,worldpop_2020_1km_population_density_proxy,low_resolution_density_not_settlement_boundaries,False,14641.191,300
LTFRB_PUJ1843,75.462,410508.6,75.46,worldpop_2020_1km_population_density_proxy,low_resolution_density_not_settlement_boundaries,False,14641.191,300
LTFRB_PUJ1844,74.292,391816.9,74.29,worldpop_2020_1km_population_density_proxy,low_resolution_density_not_settlement_boundaries,False,14641.191,300
LTFRB_PUJ1845,66.948,331504.7,66.95,worldpop_2020_1km_population_density_proxy,low_resolution_density_not_settlement_boundaries,False,14641.191,300
LTFRB_PUJ1846,66.576,299372.5,66.58,worldpop_2020_1km_population_density_proxy,low_resolution_density_not_settlement_boundaries,False,14641.191,300
LTFRB_PUJ1847,79.48,201932.9,79.48,worldpop_2020_1km_population_density_proxy,low_resolution_density_not_settlement_boundaries,False,14641.191,300
LTFRB_PUJ1849,98.39,881178.6,98.39,worldpop_2020_1km_population_density_proxy,low_resolution_density_not_settlement_boundaries,False,14641.191,300
LTFRB_PUJ1850,98.527,963387.9,98.53,worldpop_2020_1km_population_density_proxy,low_resolution_density_not_settlement_boundaries,False,14641.191,300
LTFRB_PUJ1851,96.903,336595.7,96.9,worldpop_2020_1km_population_density_proxy,low_resolution_density_not_settlement_boundaries,False,14641.191,300
LTFRB_PUJ1852,96.903,336595.7,96.9,worldpop_2020_1km_population_density_proxy,low_resolution_density_not_settlement_boundaries,False,14641.191,300
LTFRB_PUJ1853,93.734,476721.2,93.73,worldpop_2020_1km_population_density_proxy,low_resolution_density_not_settlement_boundaries,False,14641.191,300
LTFRB_PUJ1854,93.734,476721.2,93.73,worldpop_2020_1km_population_density_proxy,low_resolution_density_not_settlement_boundaries,False,14641.191,300
LTFRB_PUJ1855,91.7,745986.7,91.7,worldpop_2020_1km_population_density_proxy,low_resolution_density_not_settlement_boundaries,False,14641.191,300
LTFRB_PUJ1856,91.089,694889.9,91.09,worldpop_2020_1km_population_density_proxy,low_resolution_density_not_settlement_boundaries,False,14641.191,300
LTFRB_PUJ1857,90.477,667336.9,90.48,worldpop_2020_1km_population_density_proxy,low_resolution_density_not_settlement_boundaries,False,14641.191,300
LTFRB_PUJ1859,92.627,286270.4,92.63,worldpop_2020_1km_population_density_proxy,low_resolution_density_not_settlement_boundaries,False,14641.191,300
LTFRB_PUJ1860,93.677,333818.7,93.68,worldpop_2020_1km_population_density_proxy,low_resolution_density_not_settlement_boundaries,False,14641.191,300
LTFRB_PUJ1862,94.663,559749.7,94.66,worldpop_2020_1km_population_density_proxy,low_resolution_density_not_settlement_boundaries,False,14641.191,300
LTFRB_PUJ1863,88.83,809282.3,88.83,worldpop_2020_1km_population_density_proxy,low_resolution_density_not_settlement_boundaries,False,14641.191,300
LTFRB_PUJ1865,92.728,172116.0,92.73,worldpop_2020_1km_population_density_proxy,low_resolution_density_not_settlement_boundaries,False,14641.191,300
LTFRB_PUJ1866,87.306,691578.0,87.31,worldpop_2020_1km_population_density_proxy,low_resolution_density_not_settlement_boundaries,False,14641.191,300
LTFRB_PUJ1867,87.306,691578.0,87.31,worldpop_2020_1km_population_density_proxy,low_resolution_density_not_settlement_boundaries,False,14641.191,300
LTFRB_PUJ1868,77.136,399677.6,77.14,worldpop_2020_1km_population_density_proxy,low_resolution_density_not_settlement_boundaries,False,14641.191,300
LTFRB_PUJ1869,77.136,399677.6,77.14,worldpop_2020_1km_population_density_proxy,low_resolution_density_not_settlement_boundaries,False,14641.191,300
LTFRB_PUJ1870,97.135,189794.8,97.13,worldpop_2020_1km_population_density_proxy,low_resolution_density_not_settlement_boundaries,False,14641.191,300
LTFRB_PUJ1871,97.135,189794.8,97.13,worldpop_2020_1km_population_density_proxy,low_resolution_density_not_settlement_boundaries,False,14641.191,300
LTFRB_PUJ1872,81.993,314703.5,81.99,worldpop_2020_1km_population_density_proxy,low_resolution_density_not_settlement_boundaries,False,14641.191,300
LTFRB_PUJ1873,81.993,314703.5,81.99,worldpop_2020_1km_population_density_proxy,low_resolution_density_not_settlement_boundaries,False,14641.191,300
LTFRB_PUJ1874,89.721,235817.7,89.72,worldpop_2020_1km_population_density_proxy,low_resolution_density_not_settlement_boundaries,False,14641.191,300
LTFRB_PUJ1875,90.597,257796.3,90.6,worldpop_2020_1km_population_density_proxy,low_resolution_density_not_settlement_boundaries,False,14641.191,300
LTFRB_PUJ1876,80.707,525599.9,80.71,worldpop_2020_1km_population_density_proxy,low_resolution_density_not_settlement_boundaries,False,14641.191,300
LTFRB_PUJ1877,84.165,504005.3,84.17,worldpop_2020_1km_population_density_proxy,low_resolution_density_not_settlement_boundaries,False,14641.191,300
LTFRB_PUJ1878,85.407,440654.1,85.41,worldpop_2020_1km_population_density_proxy,low_resolution_density_not_settlement_boundaries,False,14641.191,300
LTFRB_PUJ1879,89.808,419059.4,89.81,worldpop_2020_1km_population_density_proxy,low_resolution_density_not_settlement_boundaries,False,14641.191,300
LTFRB_PUJ1880,66.269,220826.9,66.27,worldpop_2020_1km_population_density_proxy,low_resolution_density_not_settlement_boundaries,False,14641.191,300
LTFRB_PUJ1881,66.269,220826.9,66.27,worldpop_2020_1km_population_density_proxy,low_resolution_density_not_settlement_boundaries,False,14641.191,300
LTFRB_PUJ1882,100.0,829021.2,100.0,worldpop_2020_1km_population_density_proxy,low_resolution_density_not_settlement_boundaries,False,14641.191,300
LTFRB_PUJ1883,100.0,829021.2,100.0,worldpop_2020_1km_population_density_proxy,low_resolution_density_not_settlement_boundaries,False,14641.191,300
LTFRB_PUJ1884,98.606,925196.4,98.61,worldpop_2020_1km_population_density_proxy,low_resolution_density_not_settlement_boundaries,False,14641.191,300
LTFRB_PUJ1885,98.606,925196.4,98.61,worldpop_2020_1km_population_density_proxy,low_resolution_density_not_settlement_boundaries,False,14641.191,300
LTFRB_PUJ1886,93.677,333818.7,93.68,worldpop_2020_1km_population_density_proxy,low_resolution_density_not_settlement_boundaries,False,14641.191,300
LTFRB_PUJ1887,93.677,333818.7,93.68,worldpop_2020_1km_population_density_proxy,low_resolution_density_not_settlement_boundaries,False,14641.191,300
LTFRB_PUJ1888,91.182,181360.9,91.18,worldpop_2020_1km_population_density_proxy,low_resolution_density_not_settlement_boundaries,False,14641.191,300
LTFRB_PUJ1889,88.647,140852.4,88.65,worldpop_2020_1km_population_density_proxy,low_resolution_density_not_settlement_boundaries,False,14641.191,300
LTFRB_PUJ1890,62.309,620214.1,62.31,worldpop_2020_1km_population_density_proxy,low_resolution_density_not_settlement_boundaries,False,14641.191,300
LTFRB_PUJ1891,61.672,626619.9,61.67,worldpop_2020_1km_population_density_proxy,low_resolution_density_not_settlement_boundaries,False,14641.191,300
LTFRB_PUJ1892,74.96,515539.1,74.96,worldpop_2020_1km_population_density_proxy,low_resolution_density_not_settlement_boundaries,False,14641.191,300
LTFRB_PUJ1893,76.244,506855.0,76.24,worldpop_2020_1km_population_density_proxy,low_resolution_density_not_settlement_boundaries,False,14641.191,300
LTFRB_PUJ1894,85.463,307362.2,85.46,worldpop_2020_1km_population_density_proxy,low_resolution_density_not_settlement_boundaries,False,14641.191,300
LTFRB_PUJ1895,85.463,307362.2,85.46,worldpop_2020_1km_population_density_proxy,low_resolution_density_not_settlement_boundaries,False,14641.191,300
LTFRB_PUJ1896,93.546,987091.8,93.55,worldpop_2020_1km_population_density_proxy,low_resolution_density_not_settlement_boundaries,False,14641.191,300
LTFRB_PUJ1897,93.324,1051044.1,93.32,worldpop_2020_1km_population_density_proxy,low_resolution_density_not_settlement_boundaries,False,14641.191,300
LTFRB_PUJ1898,96.43,152300.9,96.43,worldpop_2020_1km_population_density_proxy,low_resolution_density_not_settlement_boundaries,False,14641.191,300
LTFRB_PUJ1899,96.43,152300.9,96.43,worldpop_2020_1km_population_density_proxy,low_resolution_density_not_settlement_boundaries,False,14641.191,300
LTFRB_PUJ1900,94.427,165695.3,94.43,worldpop_2020_1km_population_density_proxy,low_resolution_density_not_settlement_boundaries,False,14641.191,300
LTFRB_PUJ1901,94.427,165695.3,94.43,worldpop_2020_1km_population_density_proxy,low_resolution_density_not_settlement_boundaries,False,14641.191,300
LTFRB_PUJ1902,79.964,525235.5,79.96,worldpop_2020_1km_population_density_proxy,low_resolution_density_not_settlement_boundaries,False,14641.191,300
LTFRB_PUJ1903,78.827,497028.8,78.83,worldpop_2020_1km_population_density_proxy,low_resolution_density_not_settlement_boundaries,False,14641.191,300
LTFRB_PUJ1904,63.87,245329.0,63.87,worldpop_2020_1km_population_density_proxy,low_resolution_density_not_settlement_boundaries,False,14641.191,300
LTFRB_PUJ1905,64.675,218858.2,64.68,worldpop_2020_1km_population_density_proxy,low_resolution_density_not_settlement_boundaries,False,14641.191,300
LTFRB_PUJ1906,70.034,369511.1,70.03,worldpop_2020_1km_population_density_proxy,low_resolution_density_not_settlement_boundaries,False,14641.191,300
LTFRB_PUJ1907,68.383,378433.5,68.38,worldpop_2020_1km_population_density_proxy,low_resolution_density_not_settlement_boundaries,False,14641.191,300
LTFRB_PUJ1908,12.802,118294.8,12.8,worldpop_2020_1km_population_density_proxy,low_resolution_density_not_settlement_boundaries,False,14641.191,300
LTFRB_PUJ1909,12.802,118294.8,12.8,worldpop_2020_1km_population_density_proxy,low_resolution_density_not_settlement_boundaries,False,14641.191,300
LTFRB_PUJ1910,24.488,280481.7,24.49,worldpop_2020_1km_population_density_proxy,low_resolution_density_not_settlement_boundaries,False,14641.191,300
LTFRB_PUJ1911,24.488,280481.7,24.49,worldpop_2020_1km_population_density_proxy,low_resolution_density_not_settlement_boundaries,False,14641.191,300
LTFRB_PUJ1912,28.038,244967.0,28.04,worldpop_2020_1km_population_density_proxy,low_resolution_density_not_settlement_boundaries,False,14641.191,300
LTFRB_PUJ1913,28.038,244967.0,28.04,worldpop_2020_1km_population_density_proxy,low_resolution_density_not_settlement_boundaries,False,14641.191,300
LTFRB_PUJ1914,0.0,142368.8,0.0,worldpop_2020_1km_population_density_proxy,low_resolution_density_not_settlement_boundaries,False,14641.191,300
LTFRB_PUJ1915,0.0,142368.8,0.0,worldpop_2020_1km_population_density_proxy,low_resolution_density_not_settlement_boundaries,False,14641.191,300
LTFRB_PUJ1916,69.053,167655.4,69.05,worldpop_2020_1km_population_density_proxy,low_resolution_density_not_settlement_boundaries,False,14641.191,300
LTFRB_PUJ1917,69.053,167655.4,69.05,worldpop_2020_1km_population_density_proxy,low_resolution_density_not_settlement_boundaries,False,14641.191,300
LTFRB_PUJ1918,89.705,400494.9,89.71,worldpop_2020_1km_population_density_proxy,low_resolution_density_not_settlement_boundaries,False,14641.191,300
LTFRB_PUJ1919,88.592,405526.5,88.59,worldpop_2020_1km_population_density_proxy,low_resolution_density_not_settlement_boundaries,False,14641.191,300
LTFRB_PUJ1920,90.492,132569.5,90.49,worldpop_2020_1km_population_density_proxy,low_resolution_density_not_settlement_boundaries,False,14641.191,300
LTFRB_PUJ1922,81.215,233453.1,81.22,worldpop_2020_1km_population_density_proxy,low_resolution_density_not_settlement_boundaries,False,14641.191,300
LTFRB_PUJ1923,89.493,211858.5,89.49,worldpop_2020_1km_population_density_proxy,low_resolution_density_not_settlement_boundaries,False,14641.191,300
LTFRB_PUJ1924,94.468,429118.5,94.47,worldpop_2020_1km_population_density_proxy,low_resolution_density_not_settlement_boundaries,False,14641.191,300
LTFRB_PUJ1925,93.206,349451.3,93.21,worldpop_2020_1km_population_density_proxy,low_resolution_density_not_settlement_boundaries,False,14641.191,300
LTFRB_PUJ1926,94.824,333450.2,94.82,worldpop_2020_1km_population_density_proxy,low_resolution_density_not_settlement_boundaries,False,14641.191,300
LTFRB_PUJ1928,94.077,295279.4,94.08,worldpop_2020_1km_population_density_proxy,low_resolution_density_not_settlement_boundaries,False,14641.191,300
LTFRB_PUJ1929,95.641,401222.6,95.64,worldpop_2020_1km_population_density_proxy,low_resolution_density_not_settlement_boundaries,False,14641.191,300
LTFRB_PUJ1930,98.409,241524.9,98.41,worldpop_2020_1km_population_density_proxy,low_resolution_density_not_settlement_boundaries,False,14641.191,300
LTFRB_PUJ1931,98.409,241524.9,98.41,worldpop_2020_1km_population_density_proxy,low_resolution_density_not_settlement_boundaries,False,14641.191,300
LTFRB_PUJ1932,98.624,240997.2,98.62,worldpop_2020_1km_population_density_proxy,low_resolution_density_not_settlement_boundaries,False,14641.191,300
LTFRB_PUJ1933,98.624,240997.2,98.62,worldpop_2020_1km_population_density_proxy,low_resolution_density_not_settlement_boundaries,False,14641.191,300
LTFRB_PUJ1934,94.692,267333.6,94.69,worldpop_2020_1km_population_density_proxy,low_resolution_density_not_settlement_boundaries,False,14641.191,300
LTFRB_PUJ1935,91.234,277466.2,91.23,worldpop_2020_1km_population_density_proxy,low_resolution_density_not_settlement_boundaries,False,14641.191,300
LTFRB_PUJ1936,79.2,966656.1,79.2,worldpop_2020_1km_population_density_proxy,low_resolution_density_not_settlement_boundaries,False,14641.191,300
LTFRB_PUJ1937,80.364,982964.5,80.36,worldpop_2020_1km_population_density_proxy,low_resolution_density_not_settlement_boundaries,False,14641.191,300
LTFRB_PUJ1940,81.343,941183.8,81.34,worldpop_2020_1km_population_density_proxy,low_resolution_density_not_settlement_boundaries,False,14641.191,300
LTFRB_PUJ1941,81.343,941183.8,81.34,worldpop_2020_1km_population_density_proxy,low_resolution_density_not_settlement_boundaries,False,14641.191,300
LTFRB_PUJ1942,69.667,378433.6,69.67,worldpop_2020_1km_population_density_proxy,low_resolution_density_not_settlement_boundaries,False,14641.191,300
LTFRB_PUJ1943,69.667,378433.6,69.67,worldpop_2020_1km_population_density_proxy,low_resolution_density_not_settlement_boundaries,False,14641.191,300
LTFRB_PUJ1944,80.434,951824.8,80.43,worldpop_2020_1km_population_density_proxy,low_resolution_density_not_settlement_boundaries,False,14641.191,300
LTFRB_PUJ1947,96.423,273159.2,96.42,worldpop_2020_1km_population_density_proxy,low_resolution_density_not_settlement_boundaries,False,14641.191,300
LTFRB_PUJ1948,72.791,137954.2,72.79,worldpop_2020_1km_population_density_proxy,low_resolution_density_not_settlement_boundaries,False,14641.191,300
LTFRB_PUJ1949,72.791,137954.2,72.79,worldpop_2020_1km_population_density_proxy,low_resolution_density_not_settlement_boundaries,False,14641.191,300
LTFRB_PUJ1950,94.16,164102.7,94.16,worldpop_2020_1km_population_density_proxy,low_resolution_density_not_settlement_boundaries,False,14641.191,300
LTFRB_PUJ1951,94.16,164102.7,94.16,worldpop_2020_1km_population_density_proxy,low_resolution_density_not_settlement_boundaries,False,14641.191,300
LTFRB_PUJ1952,100.0,81726.4,100.0,worldpop_2020_1km_population_density_proxy,low_resolution_density_not_settlement_boundaries,False,14641.191,300
LTFRB_PUJ1953,100.0,81726.4,100.0,worldpop_2020_1km_population_density_proxy,low_resolution_density_not_settlement_boundaries,False,14641.191,300
LTFRB_PUJ1954,97.686,164053.6,97.69,worldpop_2020_1km_population_density_proxy,low_resolution_density_not_settlement_boundaries,False,14641.191,300
LTFRB_PUJ1955,96.6,165897.9,96.6,worldpop_2020_1km_population_density_proxy,low_resolution_density_not_settlement_boundaries,False,14641.191,300
LTFRB_PUJ1956,88.484,418250.2,88.48,worldpop_2020_1km_population_density_proxy,low_resolution_density_not_settlement_boundaries,False,14641.191,300
LTFRB_PUJ1957,80.312,244650.1,80.31,worldpop_2020_1km_population_density_proxy,low_resolution_density_not_settlement_boundaries,False,14641.191,300
LTFRB_PUJ1958,97.45,408758.9,97.45,worldpop_2020_1km_population_density_proxy,low_resolution_density_not_settlement_boundaries,False,14641.191,300
LTFRB_PUJ1959,97.698,452783.4,97.7,worldpop_2020_1km_population_density_proxy,low_resolution_density_not_settlement_boundaries,False,14641.191,300
LTFRB_PUJ1960,95.191,162284.2,95.19,worldpop_2020_1km_population_density_proxy,low_resolution_density_not_settlement_boundaries,False,14641.191,300
LTFRB_PUJ1961,95.191,162284.2,95.19,worldpop_2020_1km_population_density_proxy,low_resolution_density_not_settlement_boundaries,False,14641.191,300
LTFRB_PUJ1962,96.895,251313.2,96.89,worldpop_2020_1km_population_density_proxy,low_resolution_density_not_settlement_boundaries,False,14641.191,300
LTFRB_PUJ1963,93.844,126761.6,93.84,worldpop_2020_1km_population_density_proxy,low_resolution_density_not_settlement_boundaries,False,14641.191,300
LTFRB_PUJ1964,98.584,749870.6,98.58,worldpop_2020_1km_population_density_proxy,low_resolution_density_not_settlement_boundaries,False,14641.191,300
LTFRB_PUJ1965,98.584,749870.6,98.58,worldpop_2020_1km_population_density_proxy,low_resolution_density_not_settlement_boundaries,False,14641.191,300
LTFRB_PUJ1966,97.926,502563.4,97.93,worldpop_2020_1km_population_density_proxy,low_resolution_density_not_settlement_boundaries,False,14641.191,300
LTFRB_PUJ1967,97.926,502563.4,97.93,worldpop_2020_1km_population_density_proxy,low_resolution_density_not_settlement_boundaries,False,14641.191,300
LTFRB_PUJ1968,96.663,233864.7,96.66,worldpop_2020_1km_population_density_proxy,low_resolution_density_not_settlement_boundaries,False,14641.191,300
LTFRB_PUJ1969,96.663,233864.7,96.66,worldpop_2020_1km_population_density_proxy,low_resolution_density_not_settlement_boundaries,False,14641.191,300
LTFRB_PUJ1970,100.0,427134.9,100.0,worldpop_2020_1km_population_density_proxy,low_resolution_density_not_settlement_boundaries,False,14641.191,300
LTFRB_PUJ1971,100.0,427134.9,100.0,worldpop_2020_1km_population_density_proxy,low_resolution_density_not_settlement_boundaries,False,14641.191,300
LTFRB_PUJ1972,84.082,143466.0,84.08,worldpop_2020_1km_population_density_proxy,low_resolution_density_not_settlement_boundaries,False,14641.191,300
LTFRB_PUJ1973,87.111,248614.9,87.11,worldpop_2020_1km_population_density_proxy,low_resolution_density_not_settlement_boundaries,False,14641.191,300
LTFRB_PUJ1974,95.089,642055.9,95.09,worldpop_2020_1km_population_density_proxy,low_resolution_density_not_settlement_boundaries,False,14641.191,300
LTFRB_PUJ1975,95.404,686080.4,95.4,worldpop_2020_1km_population_density_proxy,low_resolution_density_not_settlement_boundaries,False,14641.191,300
LTFRB_PUJ1978,84.915,300283.0,84.91,worldpop_2020_1km_population_density_proxy,low_resolution_density_not_settlement_boundaries,False,14641.191,300
LTFRB_PUJ1979,88.235,316591.5,88.24,worldpop_2020_1km_population_density_proxy,low_resolution_density_not_settlement_boundaries,False,14641.191,300
LTFRB_PUJ1980,92.786,274810.7,92.79,worldpop_2020_1km_population_density_proxy,low_resolution_density_not_settlement_boundaries,False,14641.191,300
LTFRB_PUJ1981,92.786,274810.7,92.79,worldpop_2020_1km_population_density_proxy,low_resolution_density_not_settlement_boundaries,False,14641.191,300
LTFRB_PUJ1982,80.272,684436.1,80.27,worldpop_2020_1km_population_density_proxy,low_resolution_density_not_settlement_boundaries,False,14641.191,300
LTFRB_PUJ1983,79.937,741196.5,79.94,worldpop_2020_1km_population_density_proxy,low_resolution_density_not_settlement_boundaries,False,14641.191,300
LTFRB_PUJ1984,81.142,534147.2,81.14,worldpop_2020_1km_population_density_proxy,low_resolution_density_not_settlement_boundaries,False,14641.191,300
LTFRB_PUJ1985,81.142,534147.2,81.14,worldpop_2020_1km_population_density_proxy,low_resolution_density_not_settlement_boundaries,False,14641.191,300
LTFRB_PUJ1986,92.281,387020.5,92.28,worldpop_2020_1km_population_density_proxy,low_resolution_density_not_settlement_boundaries,False,14641.191,300
LTFRB_PUJ1987,92.281,387020.5,92.28,worldpop_2020_1km_population_density_proxy,low_resolution_density_not_settlement_boundaries,False,14641.191,300
LTFRB_PUJ1988,90.089,714543.5,90.09,worldpop_2020_1km_population_density_proxy,low_resolution_density_not_settlement_boundaries,False,14641.191,300
LTFRB_PUJ1989,90.605,753728.1,90.6,worldpop_2020_1km_population_density_proxy,low_resolution_density_not_settlement_boundaries,False,14641.191,300
LTFRB_PUJ1990,73.443,354644.9,73.44,worldpop_2020_1km_population_density_proxy,low_resolution_density_not_settlement_boundaries,False,14641.191,300
LTFRB_PUJ1991,73.443,354644.9,73.44,worldpop_2020_1km_population_density_proxy,low_resolution_density_not_settlement_boundaries,False,14641.191,300
LTFRB_PUJ1992,71.805,386027.4,71.8,worldpop_2020_1km_population_density_proxy,low_resolution_density_not_settlement_boundaries,False,14641.191,300
LTFRB_PUJ1993,71.805,386027.4,71.8,worldpop_2020_1km_population_density_proxy,low_resolution_density_not_settlement_boundaries,False,14641.191,300
LTFRB_PUJ1994,91.865,761141.7,91.87,worldpop_2020_1km_population_density_proxy,low_resolution_density_not_settlement_boundaries,False,14641.191,300
LTFRB_PUJ1995,91.865,761141.7,91.87,worldpop_2020_1km_population_density_proxy,low_resolution_density_not_settlement_boundaries,False,14641.191,300
LTFRB_PUJ1996,94.003,628300.8,94.0,worldpop_2020_1km_population_density_proxy,low_resolution_density_not_settlement_boundaries,False,14641.191,300
LTFRB_PUJ1999,84.2,338926.3,84.2,worldpop_2020_1km_population_density_proxy,low_resolution_density_not_settlement_boundaries,False,14641.191,300
LTFRB_PUJ2000,50.765,390887.4,50.77,worldpop_2020_1km_population_density_proxy,low_resolution_density_not_settlement_boundaries,False,14641.191,300
LTFRB_PUJ2001,50.91,389777.9,50.91,worldpop_2020_1km_population_density_proxy,low_resolution_density_not_settlement_boundaries,False,14641.191,300
LTFRB_PUJ2002,65.558,570299.4,65.56,worldpop_2020_1km_population_density_proxy,low_resolution_density_not_settlement_boundaries,False,14641.191,300
LTFRB_PUJ2003,69.512,563618.2,69.51,worldpop_2020_1km_population_density_proxy,low_resolution_density_not_settlement_boundaries,False,14641.191,300
LTFRB_PUJ2004,67.106,291019.1,67.11,worldpop_2020_1km_population_density_proxy,low_resolution_density_not_settlement_boundaries,False,14641.191,300
LTFRB_PUJ2005,65.3,275874.9,65.3,worldpop_2020_1km_population_density_proxy,low_resolution_density_not_settlement_boundaries,False,14641.191,300
LTFRB_PUJ2006,65.3,275874.9,65.3,worldpop_2020_1km_population_density_proxy,low_resolution_density_not_settlement_boundaries,False,14641.191,300
LTFRB_PUJ2008,69.674,163548.2,69.67,worldpop_2020_1km_population_density_proxy,low_resolution_density_not_settlement_boundaries,False,14641.191,300
LTFRB_PUJ2009,69.674,163548.2,69.67,worldpop_2020_1km_population_density_proxy,low_resolution_density_not_settlement_boundaries,False,14641.191,300
LTFRB_PUJ2010,86.805,452054.2,86.81,worldpop_2020_1km_population_density_proxy,low_resolution_density_not_settlement_boundaries,False,14641.191,300
LTFRB_PUJ2011,86.805,452054.2,86.81,worldpop_2020_1km_population_density_proxy,low_resolution_density_not_settlement_boundaries,False,14641.191,300
LTFRB_PUJ2012,82.841,261277.5,82.84,worldpop_2020_1km_population_density_proxy,low_resolution_density_not_settlement_boundaries,False,14641.191,300
LTFRB_PUJ2013,94.858,212376.0,94.86,worldpop_2020_1km_population_density_proxy,low_resolution_density_not_settlement_boundaries,False,14641.191,300
LTFRB_PUJ2014,77.654,653139.3,77.65,worldpop_2020_1km_population_density_proxy,low_resolution_density_not_settlement_boundaries,False,14641.191,300
LTFRB_PUJ2015,76.588,681802.6,76.59,worldpop_2020_1km_population_density_proxy,low_resolution_density_not_settlement_boundaries,False,14641.191,300
LTFRB_PUJ2016,72.803,262540.4,72.8,worldpop_2020_1km_population_density_proxy,low_resolution_density_not_settlement_boundaries,False,14641.191,300
LTFRB_PUJ2017,72.803,262540.4,72.8,worldpop_2020_1km_population_density_proxy,low_resolution_density_not_settlement_boundaries,False,14641.191,300
LTFRB_PUJ2018,44.747,173253.7,44.75,worldpop_2020_1km_population_density_proxy,low_resolution_density_not_settlement_boundaries,False,14641.191,300
LTFRB_PUJ2019,39.454,158109.5,39.45,worldpop_2020_1km_population_density_proxy,low_resolution_density_not_settlement_boundaries,False,14641.191,300
LTFRB_PUJ2020,68.027,482728.1,68.03,worldpop_2020_1km_population_density_proxy,low_resolution_density_not_settlement_boundaries,False,14641.191,300
LTFRB_PUJ2021,70.536,465558.0,70.54,worldpop_2020_1km_population_density_proxy,low_resolution_density_not_settlement_boundaries,False,14641.191,300
LTFRB_PUJ2022,53.877,232990.4,53.88,worldpop_2020_1km_population_density_proxy,low_resolution_density_not_settlement_boundaries,False,14641.191,300
LTFRB_PUJ2023,54.592,274471.5,54.59,worldpop_2020_1km_population_density_proxy,low_resolution_density_not_settlement_boundaries,False,14641.191,300
LTFRB_PUJ2024,51.371,222898.4,51.37,worldpop_2020_1km_population_density_proxy,low_resolution_density_not_settlement_boundaries,False,14641.191,300
LTFRB_PUJ2025,75.444,77945.4,75.44,worldpop_2020_1km_population_density_proxy,low_resolution_density_not_settlement_boundaries,False,14641.191,300
LTFRB_PUJ2026,75.444,77945.4,75.44,worldpop_2020_1km_population_density_proxy,low_resolution_density_not_settlement_boundaries,False,14641.191,300
LTFRB_PUJ2027,79.846,236503.8,79.85,worldpop_2020_1km_population_density_proxy,low_resolution_density_not_settlement_boundaries,False,14641.191,300
LTFRB_PUJ2028,77.197,178033.2,77.2,worldpop_2020_1km_population_density_proxy,low_resolution_density_not_settlement_boundaries,False,14641.191,300
LTFRB_PUJ2029,91.823,135576.9,91.82,worldpop_2020_1km_population_density_proxy,low_resolution_density_not_settlement_boundaries,False,14641.191,300
LTFRB_PUJ2030,91.823,135576.9,91.82,worldpop_2020_1km_population_density_proxy,low_resolution_density_not_settlement_boundaries,False,14641.191,300
LTFRB_PUJ2031,77.764,190871.8,77.76,worldpop_2020_1km_population_density_proxy,low_resolution_density_not_settlement_boundaries,False,14641.191,300
LTFRB_PUJ2032,63.736,117033.6,63.74,worldpop_2020_1km_population_density_proxy,low_resolution_density_not_settlement_boundaries,False,14641.191,300
LTFRB_PUJ2033,100.0,525252.5,100.0,worldpop_2020_1km_population_density_proxy,low_resolution_density_not_settlement_boundaries,False,14641.191,300
LTFRB_PUJ2034,100.0,525252.5,100.0,worldpop_2020_1km_population_density_proxy,low_resolution_density_not_settlement_boundaries,False,14641.191,300
LTFRB_PUJ2035,100.0,373725.1,100.0,worldpop_2020_1km_population_density_proxy,low_resolution_density_not_settlement_boundaries,False,14641.191,300
LTFRB_PUJ2036,100.0,443375.2,100.0,worldpop_2020_1km_population_density_proxy,low_resolution_density_not_settlement_boundaries,False,14641.191,300
LTFRB_PUJ2037,91.869,394093.4,91.87,worldpop_2020_1km_population_density_proxy,low_resolution_density_not_settlement_boundaries,False,14641.191,300
LTFRB_PUJ2038,91.869,394093.4,91.87,worldpop_2020_1km_population_density_proxy,low_resolution_density_not_settlement_boundaries,False,14641.191,300
LTFRB_PUJ2039,97.013,261252.5,97.01,worldpop_2020_1km_population_density_proxy,low_resolution_density_not_settlement_boundaries,False,14641.191,300
LTFRB_PUJ2040,97.013,261252.5,97.01,worldpop_2020_1km_population_density_proxy,low_resolution_density_not_settlement_boundaries,False,14641.191,300
LTFRB_PUJ2041,97.681,462111.9,97.68,worldpop_2020_1km_population_density_proxy,low_resolution_density_not_settlement_boundaries,False,14641.191,300
LTFRB_PUJ2042,97.681,462111.9,97.68,worldpop_2020_1km_population_density_proxy,low_resolution_density_not_settlement_boundaries,False,14641.191,300
LTFRB_PUJ2043,89.751,324683.1,89.75,worldpop_2020_1km_population_density_proxy,low_resolution_density_not_settlement_boundaries,False,14641.191,300
LTFRB_PUJ2044,92.603,340991.6,92.6,worldpop_2020_1km_population_density_proxy,low_resolution_density_not_settlement_boundaries,False,14641.191,300
LTFRB_PUJ2045,92.395,672784.0,92.4,worldpop_2020_1km_population_density_proxy,low_resolution_density_not_settlement_boundaries,False,14641.191,300
LTFRB_PUJ2046,92.395,672784.0,92.4,worldpop_2020_1km_population_density_proxy,low_resolution_density_not_settlement_boundaries,False,14641.191,300
LTFRB_PUJ2047,91.941,634825.7,91.94,worldpop_2020_1km_population_density_proxy,low_resolution_density_not_settlement_boundaries,False,14641.191,300
LTFRB_PUJ2048,91.941,634825.7,91.94,worldpop_2020_1km_population_density_proxy,low_resolution_density_not_settlement_boundaries,False,14641.191,300
LTFRB_PUJ2049,88.184,504304.8,88.18,worldpop_2020_1km_population_density_proxy,low_resolution_density_not_settlement_boundaries,False,14641.191,300
LTFRB_PUJ2050,88.184,504304.8,88.18,worldpop_2020_1km_population_density_proxy,low_resolution_density_not_settlement_boundaries,False,14641.191,300
LTFRB_PUJ2051,100.0,233366.6,100.0,worldpop_2020_1km_population_density_proxy,low_resolution_density_not_settlement_boundaries,False,14641.191,300
LTFRB_PUJ2052,100.0,233366.6,100.0,worldpop_2020_1km_population_density_proxy,low_resolution_density_not_settlement_boundaries,False,14641.191,300
LTFRB_PUJ2053,100.0,574723.4,100.0,worldpop_2020_1km_population_density_proxy,low_resolution_density_not_settlement_boundaries,False,14641.191,300
LTFRB_PUJ2054,96.189,747370.8,96.19,worldpop_2020_1km_population_density_proxy,low_resolution_density_not_settlement_boundaries,False,14641.191,300
LTFRB_PUJ2055,89.447,459057.1,89.45,worldpop_2020_1km_population_density_proxy,low_resolution_density_not_settlement_boundaries,False,14641.191,300
LTFRB_PUJ2056,87.0,376210.2,87.0,worldpop_2020_1km_population_density_proxy,low_resolution_density_not_settlement_boundaries,False,14641.191,300
LTFRB_PUJ2057,100.0,364373.4,100.0,worldpop_2020_1km_population_density_proxy,low_resolution_density_not_settlement_boundaries,False,14641.191,300
LTFRB_PUJ2058,100.0,332060.4,100.0,worldpop_2020_1km_population_density_proxy,low_resolution_density_not_settlement_boundaries,False,14641.191,300
LTFRB_PUJ2059,86.055,229635.3,86.06,worldpop_2020_1km_population_density_proxy,low_resolution_density_not_settlement_boundaries,False,14641.191,300
LTFRB_PUJ2060,85.414,254025.5,85.41,worldpop_2020_1km_population_density_proxy,low_resolution_density_not_settlement_boundaries,False,14641.191,300
LTFRB_PUJ2061,35.522,57074.3,35.52,worldpop_2020_1km_population_density_proxy,low_resolution_density_not_settlement_boundaries,False,14641.191,300
LTFRB_PUJ2062,35.522,57074.3,35.52,worldpop_2020_1km_population_density_proxy,low_resolution_density_not_settlement_boundaries,False,14641.191,300
LTFRB_PUJ2064,100.0,676210.8,100.0,worldpop_2020_1km_population_density_proxy,low_resolution_density_not_settlement_boundaries,False,14641.191,300
LTFRB_PUJ2065,94.241,403500.9,94.24,worldpop_2020_1km_population_density_proxy,low_resolution_density_not_settlement_boundaries,False,14641.191,300
LTFRB_PUJ2066,94.241,403500.9,94.24,worldpop_2020_1km_population_density_proxy,low_resolution_density_not_settlement_boundaries,False,14641.191,300
LTFRB_PUJ2067,88.916,404484.6,88.92,worldpop_2020_1km_population_density_proxy,low_resolution_density_not_settlement_boundaries,False,14641.191,300
LTFRB_PUJ2068,88.916,404484.6,88.92,worldpop_2020_1km_population_density_proxy,low_resolution_density_not_settlement_boundaries,False,14641.191,300
LTFRB_PUJ2069,80.318,307299.4,80.32,worldpop_2020_1km_population_density_proxy,low_resolution_density_not_settlement_boundaries,False,14641.191,300
LTFRB_PUJ2070,88.916,404484.6,88.92,worldpop_2020_1km_population_density_proxy,low_resolution_density_not_settlement_boundaries,False,14641.191,300
LTFRB_PUJ2071,71.648,391255.2,71.65,worldpop_2020_1km_population_density_proxy,low_resolution_density_not_settlement_boundaries,False,14641.191,300
LTFRB_PUJ2072,71.648,391255.2,71.65,worldpop_2020_1km_population_density_proxy,low_resolution_density_not_settlement_boundaries,False,14641.191,300
LTFRB_PUJ2073,56.526,422358.5,56.53,worldpop_2020_1km_population_density_proxy,low_resolution_density_not_settlement_boundaries,False,14641.191,300
LTFRB_PUJ2074,56.526,422358.5,56.53,worldpop_2020_1km_population_density_proxy,low_resolution_density_not_settlement_boundaries,False,14641.191,300
LTFRB_PUJ2075,78.601,339577.6,78.6,worldpop_2020_1km_population_density_proxy,low_resolution_density_not_settlement_boundaries,False,14641.191,300
LTFRB_PUJ2076,81.432,220498.7,81.43,worldpop_2020_1km_population_density_proxy,low_resolution_density_not_settlement_boundaries,False,14641.191,300
LTFRB_PUJ2077,91.403,816688.5,91.4,worldpop_2020_1km_population_density_proxy,low_resolution_density_not_settlement_boundaries,False,14641.191,300
LTFRB_PUJ2078,91.189,818612.5,91.19,worldpop_2020_1km_population_density_proxy,low_resolution_density_not_settlement_boundaries,False,14641.191,300
LTFRB_PUJ2079,64.741,113901.3,64.74,worldpop_2020_1km_population_density_proxy,low_resolution_density_not_settlement_boundaries,False,14641.191,300
LTFRB_PUJ2080,76.12,168180.7,76.12,worldpop_2020_1km_population_density_proxy,low_resolution_density_not_settlement_boundaries,False,14641.191,300
LTFRB_PUJ2081,75.142,292328.8,75.14,worldpop_2020_1km_population_density_proxy,low_resolution_density_not_settlement_boundaries,False,14641.191,300
LTFRB_PUJ2082,81.663,335451.5,81.66,worldpop_2020_1km_population_density_proxy,low_resolution_density_not_settlement_boundaries,False,14641.191,300
LTFRB_PUJ2083,73.608,1012249.3,73.61,worldpop_2020_1km_population_density_proxy,low_resolution_density_not_settlement_boundaries,False,14641.191,300
LTFRB_PUJ2084,73.608,1012249.3,73.61,worldpop_2020_1km_population_density_proxy,low_resolution_density_not_settlement_boundaries,False,14641.191,300
LTFRB_PUJ2085,89.98,714260.3,89.98,worldpop_2020_1km_population_density_proxy,low_resolution_density_not_settlement_boundaries,False,14641.191,300
LTFRB_PUJ2086,90.178,648938.2,90.18,worldpop_2020_1km_population_density_proxy,low_resolution_density_not_settlement_boundaries,False,14641.191,300
LTFRB_PUJ2087,67.888,728627.4,67.89,worldpop_2020_1km_population_density_proxy,low_resolution_density_not_settlement_boundaries,False,14641.191,300
LTFRB_PUJ2088,65.471,638806.7,65.47,worldpop_2020_1km_population_density_proxy,low_resolution_density_not_settlement_boundaries,False,14641.191,300
LTFRB_PUJ2089,53.225,509978.7,53.23,worldpop_2020_1km_population_density_proxy,low_resolution_density_not_settlement_boundaries,False,14641.191,300
LTFRB_PUJ2090,54.33,499604.0,54.33,worldpop_2020_1km_population_density_proxy,low_resolution_density_not_settlement_boundaries,False,14641.191,300
LTFRB_PUJ2091,71.963,138283.9,71.96,worldpop_2020_1km_population_density_proxy,low_resolution_density_not_settlement_boundaries,False,14641.191,300
LTFRB_PUJ2092,71.963,138283.9,71.96,worldpop_2020_1km_population_density_proxy,low_resolution_density_not_settlement_boundaries,False,14641.191,300
LTFRB_PUJ2093,65.327,98846.2,65.33,worldpop_2020_1km_population_density_proxy,low_resolution_density_not_settlement_boundaries,False,14641.191,300
LTFRB_PUJ2094,74.155,93782.9,74.15,worldpop_2020_1km_population_density_proxy,low_resolution_density_not_settlement_boundaries,False,14641.191,300
LTFRB_PUJ2095,80.498,192472.9,80.5,worldpop_2020_1km_population_density_proxy,low_resolution_density_not_settlement_boundaries,False,14641.191,300
LTFRB_PUJ2096,80.498,192472.9,80.5,worldpop_2020_1km_population_density_proxy,low_resolution_density_not_settlement_boundaries,False,14641.191,300
LTFRB_PUJ2097,94.513,738297.2,94.51,worldpop_2020_1km_population_density_proxy,low_resolution_density_not_settlement_boundaries,False,14641.191,300
LTFRB_PUJ2098,95.508,722990.2,95.51,worldpop_2020_1km_population_density_proxy,low_resolution_density_not_settlement_boundaries,False,14641.191,300
LTFRB_PUJ2099,93.855,613145.8,93.86,worldpop_2020_1km_population_density_proxy,low_resolution_density_not_settlement_boundaries,False,14641.191,300
LTFRB_PUJ2100,94.102,638789.2,94.1,worldpop_2020_1km_population_density_proxy,low_resolution_density_not_settlement_boundaries,False,14641.191,300
LTFRB_PUJ2101,80.545,1006576.5,80.54,worldpop_2020_1km_population_density_proxy,low_resolution_density_not_settlement_boundaries,False,14641.191,300
LTFRB_PUJ2102,80.545,1006576.5,80.54,worldpop_2020_1km_population_density_proxy,low_resolution_density_not_settlement_boundaries,False,14641.191,300
LTFRB_PUJ2104,92.786,274810.7,92.79,worldpop_2020_1km_population_density_proxy,low_resolution_density_not_settlement_boundaries,False,14641.191,300
LTFRB_PUJ2105,93.138,549088.6,93.14,worldpop_2020_1km_population_density_proxy,low_resolution_density_not_settlement_boundaries,False,14641.191,300
LTFRB_PUJ2106,93.138,549088.6,93.14,worldpop_2020_1km_population_density_proxy,low_resolution_density_not_settlement_boundaries,False,14641.191,300
LTFRB_PUJ2107,97.013,261252.5,97.01,worldpop_2020_1km_population_density_proxy,low_resolution_density_not_settlement_boundaries,False,14641.191,300
LTFRB_PUJ2108,97.013,261252.5,97.01,worldpop_2020_1km_population_density_proxy,low_resolution_density_not_settlement_boundaries,False,14641.191,300
LTFRB_PUJ2109,78.237,790453.6,78.24,worldpop_2020_1km_population_density_proxy,low_resolution_density_not_settlement_boundaries,False,14641.191,300
LTFRB_PUJ2110,78.237,790453.6,78.24,worldpop_2020_1km_population_density_proxy,low_resolution_density_not_settlement_boundaries,False,14641.191,300
LTFRB_PUJ2111,78.237,790453.6,78.24,worldpop_2020_1km_population_density_proxy,low_resolution_density_not_settlement_boundaries,False,14641.191,300
LTFRB_PUJ2112,78.237,790453.6,78.24,worldpop_2020_1km_population_density_proxy,low_resolution_density_not_settlement_boundaries,False,14641.191,300
LTFRB_PUJ2113,77.082,806187.9,77.08,worldpop_2020_1km_population_density_proxy,low_resolution_density_not_settlement_boundaries,False,14641.191,300
LTFRB_PUJ2114,75.797,787513.4,75.8,worldpop_2020_1km_population_density_proxy,low_resolution_density_not_settlement_boundaries,False,14641.191,300
LTFRB_PUJ2115,51.631,390796.0,51.63,worldpop_2020_1km_population_density_proxy,low_resolution_density_not_settlement_boundaries,False,14641.191,300
LTFRB_PUJ2116,51.631,390796.0,51.63,worldpop_2020_1km_population_density_proxy,low_resolution_density_not_settlement_boundaries,False,14641.191,300
LTFRB_PUJ2117,80.211,324954.9,80.21,worldpop_2020_1km_population_density_proxy,low_resolution_density_not_settlement_boundaries,False,14641.191,300
LTFRB_PUJ2118,85.921,303360.3,85.92,worldpop_2020_1km_population_density_proxy,low_resolution_density_not_settlement_boundaries,False,14641.191,300
LTFRB_PUJ2119,77.278,874038.7,77.28,worldpop_2020_1km_population_density_proxy,low_resolution_density_not_settlement_boundaries,False,14641.191,300
LTFRB_PUJ2120,77.892,960188.3,77.89,worldpop_2020_1km_population_density_proxy,low_resolution_density_not_settlement_boundaries,False,14641.191,300
LTFRB_PUJ2121,50.85,403072.4,50.85,worldpop_2020_1km_population_density_proxy,low_resolution_density_not_settlement_boundaries,False,14641.191,300
LTFRB_PUJ2122,50.85,403072.4,50.85,worldpop_2020_1km_population_density_proxy,low_resolution_density_not_settlement_boundaries,False,14641.191,300
LTFRB_PUJ2123,89.375,349471.8,89.37,worldpop_2020_1km_population_density_proxy,low_resolution_density_not_settlement_boundaries,False,14641.191,300
LTFRB_PUJ2124,87.562,356707.2,87.56,worldpop_2020_1km_population_density_proxy,low_resolution_density_not_settlement_boundaries,False,14641.191,300
LTFRB_PUJ2125,71.763,278109.3,71.76,worldpop_2020_1km_population_density_proxy,low_resolution_density_not_settlement_boundaries,False,14641.191,300
LTFRB_PUJ2126,72.602,274895.6,72.6,worldpop_2020_1km_population_density_proxy,low_resolution_density_not_settlement_boundaries,False,14641.191,300
LTFRB_PUJ2127,73.009,430823.4,73.01,worldpop_2020_1km_population_density_proxy,low_resolution_density_not_settlement_boundaries,False,14641.191,300
LTFRB_PUJ2129,72.602,274895.6,72.6,worldpop_2020_1km_population_density_proxy,low_resolution_density_not_settlement_boundaries,False,14641.191,300
LTFRB_PUJ2130,72.602,274895.6,72.6,worldpop_2020_1km_population_density_proxy,low_resolution_density_not_settlement_boundaries,False,14641.191,300
LTFRB_PUJ2131,70.969,185492.9,70.97,worldpop_2020_1km_population_density_proxy,low_resolution_density_not_settlement_boundaries,False,14641.191,300
LTFRB_PUJ2132,70.969,185492.9,70.97,worldpop_2020_1km_population_density_proxy,low_resolution_density_not_settlement_boundaries,False,14641.191,300
LTFRB_PUJ2133,59.587,503775.6,59.59,worldpop_2020_1km_population_density_proxy,low_resolution_density_not_settlement_boundaries,False,14641.191,300
LTFRB_PUJ2134,69.54,617314.7,69.54,worldpop_2020_1km_population_density_proxy,low_resolution_density_not_settlement_boundaries,False,14641.191,300
LTFRB_PUJ2135,58.411,510781.5,58.41,worldpop_2020_1km_population_density_proxy,low_resolution_density_not_settlement_boundaries,False,14641.191,300
LTFRB_PUJ2137,97.534,316502.0,97.53,worldpop_2020_1km_population_density_proxy,low_resolution_density_not_settlement_boundaries,False,14641.191,300
LTFRB_PUJ2138,100.0,220555.2,100.0,worldpop_2020_1km_population_density_proxy,low_resolution_density_not_settlement_boundaries,False,14641.191,300
LTFRB_PUJ2140,84.316,514661.6,84.32,worldpop_2020_1km_population_density_proxy,low_resolution_density_not_settlement_boundaries,False,14641.191,300
LTFRB_PUJ2141,88.83,809282.3,88.83,worldpop_2020_1km_population_density_proxy,low_resolution_density_not_settlement_boundaries,False,14641.191,300
LTFRB_PUJ2142,88.83,809282.3,88.83,worldpop_2020_1km_population_density_proxy,low_resolution_density_not_settlement_boundaries,False,14641.191,300
LTFRB_PUJ2145,85.407,440654.1,85.41,worldpop_2020_1km_population_density_proxy,low_resolution_density_not_settlement_boundaries,False,14641.191,300
LTFRB_PUJ2146,89.808,419059.4,89.81,worldpop_2020_1km_population_density_proxy,low_resolution_density_not_settlement_boundaries,False,14641.191,300
LTFRB_PUJ2147,65.538,78081.8,65.54,worldpop_2020_1km_population_density_proxy,low_resolution_density_not_settlement_boundaries,False,14641.191,300
LTFRB_PUJ2148,65.538,78081.8,65.54,worldpop_2020_1km_population_density_proxy,low_resolution_density_not_settlement_boundaries,False,14641.191,300
LTFRB_PUJ2149,74.96,515539.1,74.96,worldpop_2020_1km_population_density_proxy,low_resolution_density_not_settlement_boundaries,False,14641.191,300
LTFRB_PUJ2150,76.244,506855.0,76.24,worldpop_2020_1km_population_density_proxy,low_resolution_density_not_settlement_boundaries,False,14641.191,300
LTFRB_PUJ2151,55.015,284001.6,55.01,worldpop_2020_1km_population_density_proxy,low_resolution_density_not_settlement_boundaries,False,14641.191,300
LTFRB_PUJ2152,55.015,284001.6,55.01,worldpop_2020_1km_population_density_proxy,low_resolution_density_not_settlement_boundaries,False,14641.191,300
LTFRB_PUJ2153,87.601,342979.5,87.6,worldpop_2020_1km_population_density_proxy,low_resolution_density_not_settlement_boundaries,False,14641.191,300
LTFRB_PUJ2154,90.243,435871.7,90.24,worldpop_2020_1km_population_density_proxy,low_resolution_density_not_settlement_boundaries,False,14641.191,300
LTFRB_PUJ2155,90.545,476205.4,90.54,worldpop_2020_1km_population_density_proxy,low_resolution_density_not_settlement_boundaries,False,14641.191,300
LTFRB_PUJ2156,89.74,505895.2,89.74,worldpop_2020_1km_population_density_proxy,low_resolution_density_not_settlement_boundaries,False,14641.191,300
LTFRB_PUJ2157,84.584,245054.8,84.58,worldpop_2020_1km_population_density_proxy,low_resolution_density_not_settlement_boundaries,False,14641.191,300
LTFRB_PUJ2158,81.638,151088.3,81.64,worldpop_2020_1km_population_density_proxy,low_resolution_density_not_settlement_boundaries,False,14641.191,300
LTFRB_PUJ2159,62.657,400858.0,62.66,worldpop_2020_1km_population_density_proxy,low_resolution_density_not_settlement_boundaries,False,14641.191,300
LTFRB_PUJ2160,62.657,400858.0,62.66,worldpop_2020_1km_population_density_proxy,low_resolution_density_not_settlement_boundaries,False,14641.191,300
LTFRB_PUJ2161,96.141,202203.5,96.14,worldpop_2020_1km_population_density_proxy,low_resolution_density_not_settlement_boundaries,False,14641.191,300
LTFRB_PUJ2163,89.039,721809.3,89.04,worldpop_2020_1km_population_density_proxy,low_resolution_density_not_settlement_boundaries,False,14641.191,300
LTFRB_PUJ2164,90.728,627993.0,90.73,worldpop_2020_1km_population_density_proxy,low_resolution_density_not_settlement_boundaries,False,14641.191,300
LTFRB_PUJ2165,82.134,333527.4,82.13,worldpop_2020_1km_population_density_proxy,low_resolution_density_not_settlement_boundaries,False,14641.191,300
LTFRB_PUJ2166,81.663,335451.5,81.66,worldpop_2020_1km_population_density_proxy,low_resolution_density_not_settlement_boundaries,False,14641.191,300
LTFRB_PUJ2167,72.132,433185.6,72.13,worldpop_2020_1km_population_density_proxy,low_resolution_density_not_settlement_boundaries,False,14641.191,300
LTFRB_PUJ2168,75.102,445534.6,75.1,worldpop_2020_1km_population_density_proxy,low_resolution_density_not_settlement_boundaries,False,14641.191,300
LTFRB_PUJ2169,96.357,781737.2,96.36,worldpop_2020_1km_population_density_proxy,low_resolution_density_not_settlement_boundaries,False,14641.191,300
LTFRB_PUJ2170,96.037,718588.7,96.04,worldpop_2020_1km_population_density_proxy,low_resolution_density_not_settlement_boundaries,False,14641.191,300
LTFRB_PUJ2171,95.151,587358.3,95.15,worldpop_2020_1km_population_density_proxy,low_resolution_density_not_settlement_boundaries,False,14641.191,300
LTFRB_PUJ2172,93.753,455878.3,93.75,worldpop_2020_1km_population_density_proxy,low_resolution_density_not_settlement_boundaries,False,14641.191,300
LTFRB_PUJ2173,100.0,181682.1,100.0,worldpop_2020_1km_population_density_proxy,low_resolution_density_not_settlement_boundaries,False,14641.191,300
LTFRB_PUJ2174,100.0,205270.0,100.0,worldpop_2020_1km_population_density_proxy,low_resolution_density_not_settlement_boundaries,False,14641.191,300
LTFRB_PUJ2175,95.998,267733.0,96.0,worldpop_2020_1km_population_density_proxy,low_resolution_density_not_settlement_boundaries,False,14641.191,300
LTFRB_PUJ2176,95.998,267733.0,96.0,worldpop_2020_1km_population_density_proxy,low_resolution_density_not_settlement_boundaries,False,14641.191,300
LTFRB_PUJ2177,88.218,347495.2,88.22,worldpop_2020_1km_population_density_proxy,low_resolution_density_not_settlement_boundaries,False,14641.191,300
LTFRB_PUJ2178,87.67,332059.4,87.67,worldpop_2020_1km_population_density_proxy,low_resolution_density_not_settlement_boundaries,False,14641.191,300
LTFRB_PUJ2179,97.392,299210.8,97.39,worldpop_2020_1km_population_density_proxy,low_resolution_density_not_settlement_boundaries,False,14641.191,300
LTFRB_PUJ2180,97.392,299210.8,97.39,worldpop_2020_1km_population_density_proxy,low_resolution_density_not_settlement_boundaries,False,14641.191,300
LTFRB_PUJ2181,86.471,354867.6,86.47,worldpop_2020_1km_population_density_proxy,low_resolution_density_not_settlement_boundaries,False,14641.191,300
LTFRB_PUJ2182,87.297,322318.7,87.3,worldpop_2020_1km_population_density_proxy,low_resolution_density_not_settlement_boundaries,False,14641.191,300
LTFRB_PUJ2183,86.386,429216.8,86.39,worldpop_2020_1km_population_density_proxy,low_resolution_density_not_settlement_boundaries,False,14641.191,300
LTFRB_PUJ2184,86.974,314324.7,86.97,worldpop_2020_1km_population_density_proxy,low_resolution_density_not_settlement_boundaries,False,14641.191,300
LTFRB_PUJ2185,100.0,264793.7,100.0,worldpop_2020_1km_population_density_proxy,low_resolution_density_not_settlement_boundaries,False,14641.191,300
LTFRB_PUJ2186,100.0,264793.7,100.0,worldpop_2020_1km_population_density_proxy,low_resolution_density_not_settlement_boundaries,False,14641.191,300
LTFRB_PUJ2187,92.583,432051.7,92.58,worldpop_2020_1km_population_density_proxy,low_resolution_density_not_settlement_boundaries,False,14641.191,300
LTFRB_PUJ2188,90.009,405165.6,90.01,worldpop_2020_1km_population_density_proxy,low_resolution_density_not_settlement_boundaries,False,14641.191,300
LTFRB_PUJ2189,89.216,495854.2,89.22,worldpop_2020_1km_population_density_proxy,low_resolution_density_not_settlement_boundaries,False,14641.191,300
LTFRB_PUJ2190,86.214,457396.0,86.21,worldpop_2020_1km_population_density_proxy,low_resolution_density_not_settlement_boundaries,False,14641.191,300
LTFRB_PUJ2192,69.674,163548.2,69.67,worldpop_2020_1km_population_density_proxy,low_resolution_density_not_settlement_boundaries,False,14641.191,300
LTFRB_PUJ2193,83.422,179310.4,83.42,worldpop_2020_1km_population_density_proxy,low_resolution_density_not_settlement_boundaries,False,14641.191,300
LTFRB_PUJ2194,83.422,179310.4,83.42,worldpop_2020_1km_population_density_proxy,low_resolution_density_not_settlement_boundaries,False,14641.191,300
LTFRB_PUJ2195,60.81,84152.9,60.81,worldpop_2020_1km_population_density_proxy,low_resolution_density_not_settlement_boundaries,False,14641.191,300
LTFRB_PUJ2196,60.81,84152.9,60.81,worldpop_2020_1km_population_density_proxy,low_resolution_density_not_settlement_boundaries,False,14641.191,300
LTFRB_PUJ2197,94.194,543099.7,94.19,worldpop_2020_1km_population_density_proxy,low_resolution_density_not_settlement_boundaries,False,14641.191,300
LTFRB_PUJ2198,94.398,562843.7,94.4,worldpop_2020_1km_population_density_proxy,low_resolution_density_not_settlement_boundaries,False,14641.191,300
LTFRB_PUJ2199,56.327,395342.9,56.33,worldpop_2020_1km_population_density_proxy,low_resolution_density_not_settlement_boundaries,False,14641.191,300
LTFRB_PUJ2200,56.327,395342.9,56.33,worldpop_2020_1km_population_density_proxy,low_resolution_density_not_settlement_boundaries,False,14641.191,300
LTFRB_PUJ2201,70.092,395460.3,70.09,worldpop_2020_1km_population_density_proxy,low_resolution_density_not_settlement_boundaries,False,14641.191,300
LTFRB_PUJ2202,70.092,395460.3,70.09,worldpop_2020_1km_population_density_proxy,low_resolution_density_not_settlement_boundaries,False,14641.191,300
LTFRB_PUJ2203,74.187,489116.1,74.19,worldpop_2020_1km_population_density_proxy,low_resolution_density_not_settlement_boundaries,False,14641.191,300
LTFRB_PUJ2204,72.825,464606.7,72.82,worldpop_2020_1km_population_density_proxy,low_resolution_density_not_settlement_boundaries,False,14641.191,300
LTFRB_PUJ2205,54.665,506549.4,54.67,worldpop_2020_1km_population_density_proxy,low_resolution_density_not_settlement_boundaries,False,14641.191,300
LTFRB_PUJ2206,53.947,477916.4,53.95,worldpop_2020_1km_population_density_proxy,low_resolution_density_not_settlement_boundaries,False,14641.191,300
LTFRB_PUJ2207,37.447,102658.0,37.45,worldpop_2020_1km_population_density_proxy,low_resolution_density_not_settlement_boundaries,False,14641.191,300
LTFRB_PUJ2208,35.604,107972.8,35.6,worldpop_2020_1km_population_density_proxy,low_resolution_density_not_settlement_boundaries,False,14641.191,300
LTFRB_PUJ2209,97.686,164053.6,97.69,worldpop_2020_1km_population_density_proxy,low_resolution_density_not_settlement_boundaries,False,14641.191,300
LTFRB_PUJ2210,96.6,165897.9,96.6,worldpop_2020_1km_population_density_proxy,low_resolution_density_not_settlement_boundaries,False,14641.191,300
LTFRB_PUJ2211,91.927,871051.5,91.93,worldpop_2020_1km_population_density_proxy,low_resolution_density_not_settlement_boundaries,False,14641.191,300
LTFRB_PUJ2212,91.308,905175.7,91.31,worldpop_2020_1km_population_density_proxy,low_resolution_density_not_settlement_boundaries,False,14641.191,300
LTFRB_PUJ2213,83.16,286026.8,83.16,worldpop_2020_1km_population_density_proxy,low_resolution_density_not_settlement_boundaries,False,14641.191,300
LTFRB_PUJ2214,86.347,297890.1,86.35,worldpop_2020_1km_population_density_proxy,low_resolution_density_not_settlement_boundaries,False,14641.191,300
LTFRB_PUJ2215,77.366,210582.1,77.37,worldpop_2020_1km_population_density_proxy,low_resolution_density_not_settlement_boundaries,False,14641.191,300
LTFRB_PUJ2217,90.886,505738.7,90.89,worldpop_2020_1km_population_density_proxy,low_resolution_density_not_settlement_boundaries,False,14641.191,300
LTFRB_PUJ2218,92.039,469765.4,92.04,worldpop_2020_1km_population_density_proxy,low_resolution_density_not_settlement_boundaries,False,14641.191,300
LTFRB_PUJ2219,95.641,320211.8,95.64,worldpop_2020_1km_population_density_proxy,low_resolution_density_not_settlement_boundaries,False,14641.191,300
LTFRB_PUJ2220,96.167,364223.8,96.17,worldpop_2020_1km_population_density_proxy,low_resolution_density_not_settlement_boundaries,False,14641.191,300
LTFRB_PUJ2221,89.883,612031.0,89.88,worldpop_2020_1km_population_density_proxy,low_resolution_density_not_settlement_boundaries,False,14641.191,300
LTFRB_PUJ2222,89.827,608644.6,89.83,worldpop_2020_1km_population_density_proxy,low_resolution_density_not_settlement_boundaries,False,14641.191,300
LTFRB_PUJ2223,90.111,533003.0,90.11,worldpop_2020_1km_population_density_proxy,low_resolution_density_not_settlement_boundaries,False,14641.191,300
LTFRB_PUJ2224,90.157,559751.2,90.16,worldpop_2020_1km_population_density_proxy,low_resolution_density_not_settlement_boundaries,False,14641.191,300
LTFRB_PUJ2225,89.754,277519.2,89.75,worldpop_2020_1km_population_density_proxy,low_resolution_density_not_settlement_boundaries,False,14641.191,300
LTFRB_PUJ2226,70.207,88196.8,70.21,worldpop_2020_1km_population_density_proxy,low_resolution_density_not_settlement_boundaries,False,14641.191,300
LTFRB_PUJ2227,72.068,652183.4,72.07,worldpop_2020_1km_population_density_proxy,low_resolution_density_not_settlement_boundaries,False,14641.191,300
LTFRB_PUJ2228,72.763,668803.8,72.76,worldpop_2020_1km_population_density_proxy,low_resolution_density_not_settlement_boundaries,False,14641.191,300
LTFRB_PUJ2229,73.076,392803.2,73.08,worldpop_2020_1km_population_density_proxy,low_resolution_density_not_settlement_boundaries,False,14641.191,300
LTFRB_PUJ2230,74.541,56467.5,74.54,worldpop_2020_1km_population_density_proxy,low_resolution_density_not_settlement_boundaries,False,14641.191,300
LTFRB_PUJ2231,75.448,598786.3,75.45,worldpop_2020_1km_population_density_proxy,low_resolution_density_not_settlement_boundaries,False,14641.191,300
LTFRB_PUJ2232,70.501,498368.1,70.5,worldpop_2020_1km_population_density_proxy,low_resolution_density_not_settlement_boundaries,False,14641.191,300
LTFRB_PUJ2233,73.37,552055.4,73.37,worldpop_2020_1km_population_density_proxy,low_resolution_density_not_settlement_boundaries,False,14641.191,300
LTFRB_PUJ2234,73.37,552055.4,73.37,worldpop_2020_1km_population_density_proxy,low_resolution_density_not_settlement_boundaries,False,14641.191,300
LTFRB_PUJ2235,91.153,672869.9,91.15,worldpop_2020_1km_population_density_proxy,low_resolution_density_not_settlement_boundaries,False,14641.191,300
LTFRB_PUJ2236,93.511,739916.3,93.51,worldpop_2020_1km_population_density_proxy,low_resolution_density_not_settlement_boundaries,False,14641.191,300
LTFRB_PUJ2238,92.158,623661.5,92.16,worldpop_2020_1km_population_density_proxy,low_resolution_density_not_settlement_boundaries,False,14641.191,300
LTFRB_PUJ2239,92.533,255327.3,92.53,worldpop_2020_1km_population_density_proxy,low_resolution_density_not_settlement_boundaries,False,14641.191,300
LTFRB_PUJ2240,82.89,188658.7,82.89,worldpop_2020_1km_population_density_proxy,low_resolution_density_not_settlement_boundaries,False,14641.191,300
LTFRB_PUJ2241,95.2,667575.9,95.2,worldpop_2020_1km_population_density_proxy,low_resolution_density_not_settlement_boundaries,False,14641.191,300
LTFRB_PUJ2242,94.012,676012.6,94.01,worldpop_2020_1km_population_density_proxy,low_resolution_density_not_settlement_boundaries,False,14641.191,300
LTFRB_PUJ2243,90.056,626199.4,90.06,worldpop_2020_1km_population_density_proxy,low_resolution_density_not_settlement_boundaries,False,14641.191,300
LTFRB_PUJ2244,93.367,610326.9,93.37,worldpop_2020_1km_population_density_proxy,low_resolution_density_not_settlement_boundaries,False,14641.191,300
LTFRB_PUJ2245,91.92,599572.5,91.92,worldpop_2020_1km_population_density_proxy,low_resolution_density_not_settlement_boundaries,False,14641.191,300
LTFRB_PUJ2246,91.851,496738.4,91.85,worldpop_2020_1km_population_density_proxy,low_resolution_density_not_settlement_boundaries,False,14641.191,300
LTFRB_PUJ2247,81.806,90140.2,81.81,worldpop_2020_1km_population_density_proxy,low_resolution_density_not_settlement_boundaries,False,14641.191,300
LTFRB_PUJ2248,81.806,90140.2,81.81,worldpop_2020_1km_population_density_proxy,low_resolution_density_not_settlement_boundaries,False,14641.191,300
LTFRB_PUJ2249,78.115,266952.3,78.12,worldpop_2020_1km_population_density_proxy,low_resolution_density_not_settlement_boundaries,False,14641.191,300
LTFRB_PUJ2250,82.112,280726.3,82.11,worldpop_2020_1km_population_density_proxy,low_resolution_density_not_settlement_boundaries,False,14641.191,300
LTFRB_PUJ2251,89.378,385453.5,89.38,worldpop_2020_1km_population_density_proxy,low_resolution_density_not_settlement_boundaries,False,14641.191,300
LTFRB_PUJ2252,87.297,322318.7,87.3,worldpop_2020_1km_population_density_proxy,low_resolution_density_not_settlement_boundaries,False,14641.191,300
LTFRB_PUJ2253,92.726,582755.0,92.73,worldpop_2020_1km_population_density_proxy,low_resolution_density_not_settlement_boundaries,False,14641.191,300
LTFRB_PUJ2254,92.726,582755.0,92.73,worldpop_2020_1km_population_density_proxy,low_resolution_density_not_settlement_boundaries,False,14641.191,300
LTFRB_PUJ2255,88.981,675547.1,88.98,worldpop_2020_1km_population_density_proxy,low_resolution_density_not_settlement_boundaries,False,14641.191,300
LTFRB_PUJ2256,88.981,675547.1,88.98,worldpop_2020_1km_population_density_proxy,low_resolution_density_not_settlement_boundaries,False,14641.191,300
LTFRB_PUJ2257,88.981,675547.1,88.98,worldpop_2020_1km_population_density_proxy,low_resolution_density_not_settlement_boundaries,False,14641.191,300
LTFRB_PUJ2258,88.981,675547.1,88.98,worldpop_2020_1km_population_density_proxy,low_resolution_density_not_settlement_boundaries,False,14641.191,300
LTFRB_PUJ2259,85.529,385210.8,85.53,worldpop_2020_1km_population_density_proxy,low_resolution_density_not_settlement_boundaries,False,14641.191,300
LTFRB_PUJ2260,86.354,227699.3,86.35,worldpop_2020_1km_population_density_proxy,low_resolution_density_not_settlement_boundaries,False,14641.191,300
LTFRB_PUJ2261,77.83,656756.5,77.83,worldpop_2020_1km_population_density_proxy,low_resolution_density_not_settlement_boundaries,False,14641.191,300
LTFRB_PUJ2262,77.199,637917.7,77.2,worldpop_2020_1km_population_density_proxy,low_resolution_density_not_settlement_boundaries,False,14641.191,300
LTFRB_PUJ2263,90.879,154208.2,90.88,worldpop_2020_1km_population_density_proxy,low_resolution_density_not_settlement_boundaries,False,14641.191,300
LTFRB_PUJ2264,92.043,176775.2,92.04,worldpop_2020_1km_population_density_proxy,low_resolution_density_not_settlement_boundaries,False,14641.191,300
LTFRB_PUJ2265,54.314,70530.9,54.31,worldpop_2020_1km_population_density_proxy,low_resolution_density_not_settlement_boundaries,False,14641.191,300
LTFRB_PUJ2266,66.62,96534.7,66.62,worldpop_2020_1km_population_density_proxy,low_resolution_density_not_settlement_boundaries,False,14641.191,300
LTFRB_PUJ2267,64.091,215331.3,64.09,worldpop_2020_1km_population_density_proxy,low_resolution_density_not_settlement_boundaries,False,14641.191,300
LTFRB_PUJ2268,76.125,139773.8,76.13,worldpop_2020_1km_population_density_proxy,low_resolution_density_not_settlement_boundaries,False,14641.191,300
LTFRB_PUJ2269,81.263,402402.5,81.26,worldpop_2020_1km_population_density_proxy,low_resolution_density_not_settlement_boundaries,False,14641.191,300
LTFRB_PUJ2270,81.936,417389.9,81.94,worldpop_2020_1km_population_density_proxy,low_resolution_density_not_settlement_boundaries,False,14641.191,300
LTFRB_PUJ2271,93.382,476459.0,93.38,worldpop_2020_1km_population_density_proxy,low_resolution_density_not_settlement_boundaries,False,14641.191,300
LTFRB_PUJ2272,92.063,397246.8,92.06,worldpop_2020_1km_population_density_proxy,low_resolution_density_not_settlement_boundaries,False,14641.191,300
LTFRB_PUJ2273,0.0,23410.9,0.0,worldpop_2020_1km_population_density_proxy,low_resolution_density_not_settlement_boundaries,False,14641.191,300
LTFRB_PUJ2274,50.301,237813.0,50.3,worldpop_2020_1km_population_density_proxy,low_resolution_density_not_settlement_boundaries,False,14641.191,300
LTFRB_PUJ2275,82.969,144176.7,82.97,worldpop_2020_1km_population_density_proxy,low_resolution_density_not_settlement_boundaries,False,14641.191,300
LTFRB_PUJ2276,0.0,111029.1,0.0,worldpop_2020_1km_population_density_proxy,low_resolution_density_not_settlement_boundaries,False,14641.191,300
LTFRB_PUJ2277,90.035,611351.8,90.03,worldpop_2020_1km_population_density_proxy,low_resolution_density_not_settlement_boundaries,False,14641.191,300
LTFRB_PUJ2278,100.0,60393.9,100.0,worldpop_2020_1km_population_density_proxy,low_resolution_density_not_settlement_boundaries,False,14641.191,300
LTFRB_PUJ2279,90.623,536261.9,90.62,worldpop_2020_1km_population_density_proxy,low_resolution_density_not_settlement_boundaries,False,14641.191,300
LTFRB_PUJ2280,83.262,225696.2,83.26,worldpop_2020_1km_population_density_proxy,low_resolution_density_not_settlement_boundaries,False,14641.191,300
LTFRB_PUJ2281,81.638,151088.3,81.64,worldpop_2020_1km_population_density_proxy,low_resolution_density_not_settlement_boundaries,False,14641.191,300
LTFRB_PUJ2282,33.607,71896.5,33.61,worldpop_2020_1km_population_density_proxy,low_resolution_density_not_settlement_boundaries,False,14641.191,300
LTFRB_PUJ2283,76.651,102336.0,76.65,worldpop_2020_1km_population_density_proxy,low_resolution_density_not_settlement_boundaries,False,14641.191,300
LTFRB_PUJ2284,96.903,336595.7,96.9,worldpop_2020_1km_population_density_proxy,low_resolution_density_not_settlement_boundaries,False,14641.191,300
LTFRB_PUJ2285,89.854,259017.3,89.85,worldpop_2020_1km_population_density_proxy,low_resolution_density_not_settlement_boundaries,False,14641.191,300
LTFRB_PUJ2286,100.0,166151.1,100.0,worldpop_2020_1km_population_density_proxy,low_resolution_density_not_settlement_boundaries,False,14641.191,300
LTFRB_PUJ2287,100.0,143418.1,100.0,worldpop_2020_1km_population_density_proxy,low_resolution_density_not_settlement_boundaries,False,14641.191,300
LTFRB_PUJ2288,91.596,533903.6,91.6,worldpop_2020_1km_population_density_proxy,low_resolution_density_not_settlement_boundaries,False,14641.191,300
LTFRB_PUJ2289,91.179,667627.8,91.18,worldpop_2020_1km_population_density_proxy,low_resolution_density_not_settlement_boundaries,False,14641.191,300
LTFRB_PUJ2290,91.97,554035.4,91.97,worldpop_2020_1km_population_density_proxy,low_resolution_density_not_settlement_boundaries,False,14641.191,300
LTFRB_PUJ2293,92.466,595056.5,92.47,worldpop_2020_1km_population_density_proxy,low_resolution_density_not_settlement_boundaries,False,14641.191,300
LTFRB_PUJ2294,89.579,681635.6,89.58,worldpop_2020_1km_population_density_proxy,low_resolution_density_not_settlement_boundaries,False,14641.191,300
LTFRB_PUJ2295,89.874,701483.1,89.87,worldpop_2020_1km_population_density_proxy,low_resolution_density_not_settlement_boundaries,False,14641.191,300
LTFRB_PUJ2296,95.733,564082.3,95.73,worldpop_2020_1km_population_density_proxy,low_resolution_density_not_settlement_boundaries,False,14641.191,300
LTFRB_PUJ2297,95.457,529715.9,95.46,worldpop_2020_1km_population_density_proxy,low_resolution_density_not_settlement_boundaries,False,14641.191,300
LTFRB_PUJ2298,100.0,418767.3,100.0,worldpop_2020_1km_population_density_proxy,low_resolution_density_not_settlement_boundaries,False,14641.191,300
LTFRB_PUJ2299,100.0,418767.3,100.0,worldpop_2020_1km_population_density_proxy,low_resolution_density_not_settlement_boundaries,False,14641.191,300
LTFRB_PUJ2300,84.551,419398.0,84.55,worldpop_2020_1km_population_density_proxy,low_resolution_density_not_settlement_boundaries,False,14641.191,300
LTFRB_PUJ2301,93.022,120155.8,93.02,worldpop_2020_1km_population_density_proxy,low_resolution_density_not_settlement_boundaries,False,14641.191,300
LTFRB_PUJ2302,78.313,272105.2,78.31,worldpop_2020_1km_population_density_proxy,low_resolution_density_not_settlement_boundaries,False,14641.191,300
LTFRB_PUJ2303,55.774,372984.6,55.77,worldpop_2020_1km_population_density_proxy,low_resolution_density_not_settlement_boundaries,False,14641.191,300
LTFRB_PUJ2304,55.774,372984.6,55.77,worldpop_2020_1km_population_density_proxy,low_resolution_density_not_settlement_boundaries,False,14641.191,300
LTFRB_PUJ2305,72.677,585743.3,72.68,worldpop_2020_1km_population_density_proxy,low_resolution_density_not_settlement_boundaries,False,14641.191,300
LTFRB_PUJ2306,72.677,585743.3,72.68,worldpop_2020_1km_population_density_proxy,low_resolution_density_not_settlement_boundaries,False,14641.191,300
LTFRB_PUJ2307,100.0,373725.1,100.0,worldpop_2020_1km_population_density_proxy,low_resolution_density_not_settlement_boundaries,False,14641.191,300
LTFRB_PUJ2308,100.0,319419.6,100.0,worldpop_2020_1km_population_density_proxy,low_resolution_density_not_settlement_boundaries,False,14641.191,300
LTFRB_PUJ2309,100.0,481088.5,100.0,worldpop_2020_1km_population_density_proxy,low_resolution_density_not_settlement_boundaries,False,14641.191,300
LTFRB_PUJ2310,100.0,481088.5,100.0,worldpop_2020_1km_population_density_proxy,low_resolution_density_not_settlement_boundaries,False,14641.191,300
LTFRB_PUJ2311,88.299,155322.4,88.3,worldpop_2020_1km_population_density_proxy,low_resolution_density_not_settlement_boundaries,False,14641.191,300
LTFRB_PUJ2312,88.299,155322.4,88.3,worldpop_2020_1km_population_density_proxy,low_resolution_density_not_settlement_boundaries,False,14641.191,300
LTFRB_PUJ2313,73.467,107873.6,73.47,worldpop_2020_1km_population_density_proxy,low_resolution_density_not_settlement_boundaries,False,14641.191,300
LTFRB_PUJ2314,73.467,107873.6,73.47,worldpop_2020_1km_population_density_proxy,low_resolution_density_not_settlement_boundaries,False,14641.191,300
LTFRB_PUJ2315,93.99,293580.9,93.99,worldpop_2020_1km_population_density_proxy,low_resolution_density_not_settlement_boundaries,False,14641.191,300
LTFRB_PUJ2316,91.348,285615.1,91.35,worldpop_2020_1km_population_density_proxy,low_resolution_density_not_settlement_boundaries,False,14641.191,300
LTFRB_PUJ2317,80.592,258747.7,80.59,worldpop_2020_1km_population_density_proxy,low_resolution_density_not_settlement_boundaries,False,14641.191,300
LTFRB_PUJ2318,82.112,280726.3,82.11,worldpop_2020_1km_population_density_proxy,low_resolution_density_not_settlement_boundaries,False,14641.191,300
LTFRB_PUJ2319,91.015,499374.6,91.01,worldpop_2020_1km_population_density_proxy,low_resolution_density_not_settlement_boundaries,False,14641.191,300
LTFRB_PUJ2320,88.589,513050.5,88.59,worldpop_2020_1km_population_density_proxy,low_resolution_density_not_settlement_boundaries,False,14641.191,300
LTFRB_PUJ2321,92.753,623928.2,92.75,worldpop_2020_1km_population_density_proxy,low_resolution_density_not_settlement_boundaries,False,14641.191,300
LTFRB_PUJ2322,90.975,652591.6,90.98,worldpop_2020_1km_population_density_proxy,low_resolution_density_not_settlement_boundaries,False,14641.191,300
LTFRB_PUJ2323,78.602,868194.2,78.6,worldpop_2020_1km_population_density_proxy,low_resolution_density_not_settlement_boundaries,False,14641.191,300
LTFRB_PUJ2324,78.207,852431.6,78.21,worldpop_2020_1km_population_density_proxy,low_resolution_density_not_settlement_boundaries,False,14641.191,300
LTFRB_PUJ2325,77.366,210582.1,77.37,worldpop_2020_1km_population_density_proxy,low_resolution_density_not_settlement_boundaries,False,14641.191,300
LTFRB_PUJ2326,77.366,210582.1,77.37,worldpop_2020_1km_population_density_proxy,low_resolution_density_not_settlement_boundaries,False,14641.191,300
LTFRB_PUJ2327,87.14,248993.8,87.14,worldpop_2020_1km_population_density_proxy,low_resolution_density_not_settlement_boundaries,False,14641.191,300
LTFRB_PUJ2329,82.844,721419.5,82.84,worldpop_2020_1km_population_density_proxy,low_resolution_density_not_settlement_boundaries,False,14641.191,300
LTFRB_PUJ2330,81.636,732099.8,81.64,worldpop_2020_1km_population_density_proxy,low_resolution_density_not_settlement_boundaries,False,14641.191,300
LTFRB_PUJ2331,88.847,696548.6,88.85,worldpop_2020_1km_population_density_proxy,low_resolution_density_not_settlement_boundaries,False,14641.191,300
LTFRB_PUJ2332,88.847,696548.6,88.85,worldpop_2020_1km_population_density_proxy,low_resolution_density_not_settlement_boundaries,False,14641.191,300
LTFRB_PUJ2333,83.009,186861.5,83.01,worldpop_2020_1km_population_density_proxy,low_resolution_density_not_settlement_boundaries,False,14641.191,300
LTFRB_PUJ2334,83.009,186861.5,83.01,worldpop_2020_1km_population_density_proxy,low_resolution_density_not_settlement_boundaries,False,14641.191,300
LTFRB_PUJ2335,91.135,262136.6,91.13,worldpop_2020_1km_population_density_proxy,low_resolution_density_not_settlement_boundaries,False,14641.191,300
LTFRB_PUJ2336,91.135,262136.6,91.13,worldpop_2020_1km_population_density_proxy,low_resolution_density_not_settlement_boundaries,False,14641.191,300
LTFRB_PUJ2337,76.157,130668.9,76.16,worldpop_2020_1km_population_density_proxy,low_resolution_density_not_settlement_boundaries,False,14641.191,300
LTFRB_PUJ2338,76.157,130668.9,76.16,worldpop_2020_1km_population_density_proxy,low_resolution_density_not_settlement_boundaries,False,14641.191,300
LTFRB_PUJ2339,95.677,241100.4,95.68,worldpop_2020_1km_population_density_proxy,low_resolution_density_not_settlement_boundaries,False,14641.191,300
LTFRB_PUJ2340,96.081,265993.4,96.08,worldpop_2020_1km_population_density_proxy,low_resolution_density_not_settlement_boundaries,False,14641.191,300
LTFRB_PUJ2341,93.363,930888.3,93.36,worldpop_2020_1km_population_density_proxy,low_resolution_density_not_settlement_boundaries,False,14641.191,300
LTFRB_PUJ2342,93.481,661588.5,93.48,worldpop_2020_1km_population_density_proxy,low_resolution_density_not_settlement_boundaries,False,14641.191,300
LTFRB_PUJ2343,12.012,161805.6,12.01,worldpop_2020_1km_population_density_proxy,low_resolution_density_not_settlement_boundaries,False,14641.191,300
LTFRB_PUJ2344,12.012,161805.6,12.01,worldpop_2020_1km_population_density_proxy,low_resolution_density_not_settlement_boundaries,False,14641.191,300
LTFRB_PUJ2345,38.115,432499.7,38.12,worldpop_2020_1km_population_density_proxy,low_resolution_density_not_settlement_boundaries,False,14641.191,300
LTFRB_PUJ2346,38.056,433168.8,38.06,worldpop_2020_1km_population_density_proxy,low_resolution_density_not_settlement_boundaries,False,14641.191,300
LTFRB_PUJ2347,54.682,138379.4,54.68,worldpop_2020_1km_population_density_proxy,low_resolution_density_not_settlement_boundaries,False,14641.191,300
LTFRB_PUJ2348,58.858,128560.4,58.86,worldpop_2020_1km_population_density_proxy,low_resolution_density_not_settlement_boundaries,False,14641.191,300
LTFRB_PUJ2349,0.0,61775.4,0.0,worldpop_2020_1km_population_density_proxy,low_resolution_density_not_settlement_boundaries,False,14641.191,300
LTFRB_PUJ2350,0.0,61775.4,0.0,worldpop_2020_1km_population_density_proxy,low_resolution_density_not_settlement_boundaries,False,14641.191,300
LTFRB_PUJ2351,0.0,11830.2,0.0,worldpop_2020_1km_population_density_proxy,low_resolution_density_not_settlement_boundaries,False,14641.191,300
LTFRB_PUJ2352,0.0,11830.2,0.0,worldpop_2020_1km_population_density_proxy,low_resolution_density_not_settlement_boundaries,False,14641.191,300
LTFRB_PUJ2353,90.523,109980.6,90.52,worldpop_2020_1km_population_density_proxy,low_resolution_density_not_settlement_boundaries,False,14641.191,300
LTFRB_PUJ2354,90.523,109980.6,90.52,worldpop_2020_1km_population_density_proxy,low_resolution_density_not_settlement_boundaries,False,14641.191,300
LTFRB_PUJ2355,92.637,197372.7,92.64,worldpop_2020_1km_population_density_proxy,low_resolution_density_not_settlement_boundaries,False,14641.191,300
LTFRB_PUJ2356,92.637,197372.7,92.64,worldpop_2020_1km_population_density_proxy,low_resolution_density_not_settlement_boundaries,False,14641.191,300
LTFRB_PUJ2357,29.524,117060.9,29.52,worldpop_2020_1km_population_density_proxy,low_resolution_density_not_settlement_boundaries,False,14641.191,300
LTFRB_PUJ2358,29.524,117060.9,29.52,worldpop_2020_1km_population_density_proxy,low_resolution_density_not_settlement_boundaries,False,14641.191,300
LTFRB_PUJ2359,100.0,829021.2,100.0,worldpop_2020_1km_population_density_proxy,low_resolution_density_not_settlement_boundaries,False,14641.191,300
LTFRB_PUJ2360,98.922,939560.1,98.92,worldpop_2020_1km_population_density_proxy,low_resolution_density_not_settlement_boundaries,False,14641.191,300
LTFRB_PUJ2361,94.905,204578.6,94.9,worldpop_2020_1km_population_density_proxy,low_resolution_density_not_settlement_boundaries,False,14641.191,300
LTFRB_PUJ2362,95.827,249777.0,95.83,worldpop_2020_1km_population_density_proxy,low_resolution_density_not_settlement_boundaries,False,14641.191,300
LTFRB_PUJ2363,72.012,180039.4,72.01,worldpop_2020_1km_population_density_proxy,low_resolution_density_not_settlement_boundaries,False,14641.191,300
LTFRB_PUJ2364,72.012,180039.4,72.01,worldpop_2020_1km_population_density_proxy,low_resolution_density_not_settlement_boundaries,False,14641.191,300
LTFRB_PUJ2365,64.593,180674.5,64.59,worldpop_2020_1km_population_density_proxy,low_resolution_density_not_settlement_boundaries,False,14641.191,300
LTFRB_PUJ2366,59.569,158221.5,59.57,worldpop_2020_1km_population_density_proxy,low_resolution_density_not_settlement_boundaries,False,14641.191,300
LTFRB_PUJ2367,76.551,491632.3,76.55,worldpop_2020_1km_population_density_proxy,low_resolution_density_not_settlement_boundaries,False,14641.191,300
LTFRB_PUJ2368,80.068,470037.6,80.07,worldpop_2020_1km_population_density_proxy,low_resolution_density_not_settlement_boundaries,False,14641.191,300
LTFRB_PUJ2369,74.515,505064.3,74.51,worldpop_2020_1km_population_density_proxy,low_resolution_density_not_settlement_boundaries,False,14641.191,300
LTFRB_PUJ2370,77.843,483469.7,77.84,worldpop_2020_1km_population_density_proxy,low_resolution_density_not_settlement_boundaries,False,14641.191,300
LTFRB_PUJ2371,64.968,157317.2,64.97,worldpop_2020_1km_population_density_proxy,low_resolution_density_not_settlement_boundaries,False,14641.191,300
LTFRB_PUJ2372,64.968,157317.2,64.97,worldpop_2020_1km_population_density_proxy,low_resolution_density_not_settlement_boundaries,False,14641.191,300
LTFRB_PUJ2373,0.0,20422.8,0.0,worldpop_2020_1km_population_density_proxy,low_resolution_density_not_settlement_boundaries,False,14641.191,300
LTFRB_PUJ2376,88.683,577120.6,88.68,worldpop_2020_1km_population_density_proxy,low_resolution_density_not_settlement_boundaries,False,14641.191,300
LTFRB_PUJ2377,88.65,596526.3,88.65,worldpop_2020_1km_population_density_proxy,low_resolution_density_not_settlement_boundaries,False,14641.191,300
LTFRB_PUJ2378,61.715,110968.3,61.71,worldpop_2020_1km_population_density_proxy,low_resolution_density_not_settlement_boundaries,False,14641.191,300
LTFRB_PUJ2379,79.095,168102.0,79.09,worldpop_2020_1km_population_density_proxy,low_resolution_density_not_settlement_boundaries,False,14641.191,300
LTFRB_PUJ2380,93.569,664347.4,93.57,worldpop_2020_1km_population_density_proxy,low_resolution_density_not_settlement_boundaries,False,14641.191,300
LTFRB_PUJ2381,91.608,609649.2,91.61,worldpop_2020_1km_population_density_proxy,low_resolution_density_not_settlement_boundaries,False,14641.191,300
LTFRB_PUJ2382,92.1,358540.7,92.1,worldpop_2020_1km_population_density_proxy,low_resolution_density_not_settlement_boundaries,False,14641.191,300
LTFRB_PUJ2383,90.32,365607.5,90.32,worldpop_2020_1km_population_density_proxy,low_resolution_density_not_settlement_boundaries,False,14641.191,300
LTFRB_PUJ2384,86.417,366786.4,86.42,worldpop_2020_1km_population_density_proxy,low_resolution_density_not_settlement_boundaries,False,14641.191,300
LTFRB_PUJ2385,83.008,347294.4,83.01,worldpop_2020_1km_population_density_proxy,low_resolution_density_not_settlement_boundaries,False,14641.191,300
LTFRB_PUJ2386,93.947,224698.4,93.95,worldpop_2020_1km_population_density_proxy,low_resolution_density_not_settlement_boundaries,False,14641.191,300
LTFRB_PUJ2387,95.82,220306.9,95.82,worldpop_2020_1km_population_density_proxy,low_resolution_density_not_settlement_boundaries,False,14641.191,300
LTFRB_PUJ2388,99.659,540718.6,99.66,worldpop_2020_1km_population_density_proxy,low_resolution_density_not_settlement_boundaries,False,14641.191,300
LTFRB_PUJ2389,99.328,274061.0,99.33,worldpop_2020_1km_population_density_proxy,low_resolution_density_not_settlement_boundaries,False,14641.191,300
LTFRB_PUJ2390,100.0,400672.6,100.0,worldpop_2020_1km_population_density_proxy,low_resolution_density_not_settlement_boundaries,False,14641.191,300
LTFRB_PUJ2392,0.0,145644.7,0.0,worldpop_2020_1km_population_density_proxy,low_resolution_density_not_settlement_boundaries,False,14641.191,300
LTFRB_PUJ2393,72.585,83300.4,72.59,worldpop_2020_1km_population_density_proxy,low_resolution_density_not_settlement_boundaries,False,14641.191,300
LTFRB_PUJ2394,77.078,110048.6,77.08,worldpop_2020_1km_population_density_proxy,low_resolution_density_not_settlement_boundaries,False,14641.191,300
LTFRB_PUJ2395,83.28,370208.2,83.28,worldpop_2020_1km_population_density_proxy,low_resolution_density_not_settlement_boundaries,False,14641.191,300
LTFRB_PUJ2396,83.28,370208.2,83.28,worldpop_2020_1km_population_density_proxy,low_resolution_density_not_settlement_boundaries,False,14641.191,300
LTFRB_PUJ2397,89.31,560008.9,89.31,worldpop_2020_1km_population_density_proxy,low_resolution_density_not_settlement_boundaries,False,14641.191,300
LTFRB_PUJ2398,89.772,585298.7,89.77,worldpop_2020_1km_population_density_proxy,low_resolution_density_not_settlement_boundaries,False,14641.191,300
LTFRB_PUJ2399,95.121,378040.2,95.12,worldpop_2020_1km_population_density_proxy,low_resolution_density_not_settlement_boundaries,False,14641.191,300
LTFRB_PUJ2400,91.818,391640.2,91.82,worldpop_2020_1km_population_density_proxy,low_resolution_density_not_settlement_boundaries,False,14641.191,300
LTFRB_PUJ2401,88.618,231032.9,88.62,worldpop_2020_1km_population_density_proxy,low_resolution_density_not_settlement_boundaries,False,14641.191,300
LTFRB_PUJ2403,96.496,297467.5,96.5,worldpop_2020_1km_population_density_proxy,low_resolution_density_not_settlement_boundaries,False,14641.191,300
LTFRB_PUJ2404,96.496,297467.5,96.5,worldpop_2020_1km_population_density_proxy,low_resolution_density_not_settlement_boundaries,False,14641.191,300
LTFRB_PUJ2405,96.663,233864.7,96.66,worldpop_2020_1km_population_density_proxy,low_resolution_density_not_settlement_boundaries,False,14641.191,300
LTFRB_PUJ2406,100.0,226060.8,100.0,worldpop_2020_1km_population_density_proxy,low_resolution_density_not_settlement_boundaries,False,14641.191,300
LTFRB_PUJ2407,77.966,817072.8,77.97,worldpop_2020_1km_population_density_proxy,low_resolution_density_not_settlement_boundaries,False,14641.191,300
LTFRB_PUJ2408,76.423,811525.8,76.42,worldpop_2020_1km_population_density_proxy,low_resolution_density_not_settlement_boundaries,False,14641.191,300
LTFRB_PUJ2409,43.749,46342.1,43.75,worldpop_2020_1km_population_density_proxy,low_resolution_density_not_settlement_boundaries,False,14641.191,300
LTFRB_PUJ2410,42.083,48176.8,42.08,worldpop_2020_1km_population_density_proxy,low_resolution_density_not_settlement_boundaries,False,14641.191,300
LTFRB_PUJ2411,40.646,169390.0,40.65,worldpop_2020_1km_population_density_proxy,low_resolution_density_not_settlement_boundaries,False,14641.191,300
LTFRB_PUJ2412,39.533,100215.8,39.53,worldpop_2020_1km_population_density_proxy,low_resolution_density_not_settlement_boundaries,False,14641.191,300
LTFRB_PUJ2413,95.82,220306.9,95.82,worldpop_2020_1km_population_density_proxy,low_resolution_density_not_settlement_boundaries,False,14641.191,300
LTFRB_PUJ2414,95.82,220306.9,95.82,worldpop_2020_1km_population_density_proxy,low_resolution_density_not_settlement_boundaries,False,14641.191,300
LTFRB_PUJ2415,93.179,64685.9,93.18,worldpop_2020_1km_population_density_proxy,low_resolution_density_not_settlement_boundaries,False,14641.191,300
LTFRB_PUJ2416,96.598,129699.8,96.6,worldpop_2020_1km_population_density_proxy,low_resolution_density_not_settlement_boundaries,False,14641.191,300
LTFRB_PUJ2417,58.451,528659.2,58.45,worldpop_2020_1km_population_density_proxy,low_resolution_density_not_settlement_boundaries,False,14641.191,300
LTFRB_PUJ2418,63.583,615274.6,63.58,worldpop_2020_1km_population_density_proxy,low_resolution_density_not_settlement_boundaries,False,14641.191,300
LTFRB_PUJ2419,86.241,435323.2,86.24,worldpop_2020_1km_population_density_proxy,low_resolution_density_not_settlement_boundaries,False,14641.191,300
LTFRB_PUJ2420,90.743,413728.6,90.74,worldpop_2020_1km_population_density_proxy,low_resolution_density_not_settlement_boundaries,False,14641.191,300
LTFRB_PUJ2421,26.417,83811.4,26.42,worldpop_2020_1km_population_density_proxy,low_resolution_density_not_settlement_boundaries,False,14641.191,300
LTFRB_PUJ2422,50.177,83558.6,50.18,worldpop_2020_1km_population_density_proxy,low_resolution_density_not_settlement_boundaries,False,14641.191,300
LTFRB_PUJ2423,56.202,124638.3,56.2,worldpop_2020_1km_population_density_proxy,low_resolution_density_not_settlement_boundaries,False,14641.191,300
LTFRB_PUJ2424,56.202,124638.3,56.2,worldpop_2020_1km_population_density_proxy,low_resolution_density_not_settlement_boundaries,False,14641.191,300
LTFRB_PUJ2425,0.0,65476.6,0.0,worldpop_2020_1km_population_density_proxy,low_resolution_density_not_settlement_boundaries,False,14641.191,300
LTFRB_PUJ2426,51.537,135920.1,51.54,worldpop_2020_1km_population_density_proxy,low_resolution_density_not_settlement_boundaries,False,14641.191,300
LTFRB_PUJ2427,43.671,160402.6,43.67,worldpop_2020_1km_population_density_proxy,low_resolution_density_not_settlement_boundaries,False,14641.191,300
LTFRB_PUJ2428,91.882,292432.1,91.88,worldpop_2020_1km_population_density_proxy,low_resolution_density_not_settlement_boundaries,False,14641.191,300
LTFRB_PUJ2429,92.415,376952.4,92.41,worldpop_2020_1km_population_density_proxy,low_resolution_density_not_settlement_boundaries,False,14641.191,300
LTFRB_PUJ2431,24.488,280481.7,24.49,worldpop_2020_1km_population_density_proxy,low_resolution_density_not_settlement_boundaries,False,14641.191,300
LTFRB_PUJ2432,87.685,213537.0,87.69,worldpop_2020_1km_population_density_proxy,low_resolution_density_not_settlement_boundaries,False,14641.191,300
LTFRB_PUJ2433,85.703,183935.4,85.7,worldpop_2020_1km_population_density_proxy,low_resolution_density_not_settlement_boundaries,False,14641.191,300
LTFRB_PUJ2436,78.616,712455.2,78.62,worldpop_2020_1km_population_density_proxy,low_resolution_density_not_settlement_boundaries,False,14641.191,300
LTFRB_PUJ2437,77.977,718290.1,77.98,worldpop_2020_1km_population_density_proxy,low_resolution_density_not_settlement_boundaries,False,14641.191,300
LTFRB_PUJ2438,79.241,241903.8,79.24,worldpop_2020_1km_population_density_proxy,low_resolution_density_not_settlement_boundaries,False,14641.191,300
LTFRB_PUJ2439,79.241,241903.8,79.24,worldpop_2020_1km_population_density_proxy,low_resolution_density_not_settlement_boundaries,False,14641.191,300
LTFRB_PUJ2440,100.0,247972.7,100.0,worldpop_2020_1km_population_density_proxy,low_resolution_density_not_settlement_boundaries,False,14641.191,300
LTFRB_PUJ2441,100.0,247972.7,100.0,worldpop_2020_1km_population_density_proxy,low_resolution_density_not_settlement_boundaries,False,14641.191,300
LTFRB_PUJ2442,64.416,625089.9,64.42,worldpop_2020_1km_population_density_proxy,low_resolution_density_not_settlement_boundaries,False,14641.191,300
LTFRB_PUJ2443,65.506,614684.2,65.51,worldpop_2020_1km_population_density_proxy,low_resolution_density_not_settlement_boundaries,False,14641.191,300
LTFRB_PUJ2444,86.227,319358.0,86.23,worldpop_2020_1km_population_density_proxy,low_resolution_density_not_settlement_boundaries,False,14641.191,300
LTFRB_PUJ2445,94.908,250257.0,94.91,worldpop_2020_1km_population_density_proxy,low_resolution_density_not_settlement_boundaries,False,14641.191,300
LTFRB_PUJ2446,31.827,185234.7,31.83,worldpop_2020_1km_population_density_proxy,low_resolution_density_not_settlement_boundaries,False,14641.191,300
LTFRB_PUJ2447,35.267,167170.6,35.27,worldpop_2020_1km_population_density_proxy,low_resolution_density_not_settlement_boundaries,False,14641.191,300
LTFRB_PUJ2448,100.0,203225.9,100.0,worldpop_2020_1km_population_density_proxy,low_resolution_density_not_settlement_boundaries,False,14641.191,300
LTFRB_PUJ2449,96.685,235389.6,96.68,worldpop_2020_1km_population_density_proxy,low_resolution_density_not_settlement_boundaries,False,14641.191,300
LTFRB_PUJ2450,64.573,153883.6,64.57,worldpop_2020_1km_population_density_proxy,low_resolution_density_not_settlement_boundaries,False,14641.191,300
LTFRB_PUJ2451,64.573,153883.6,64.57,worldpop_2020_1km_population_density_proxy,low_resolution_density_not_settlement_boundaries,False,14641.191,300
LTFRB_PUJ2452,77.614,460688.9,77.61,worldpop_2020_1km_population_density_proxy,low_resolution_density_not_settlement_boundaries,False,14641.191,300
LTFRB_PUJ2453,79.868,469842.7,79.87,worldpop_2020_1km_population_density_proxy,low_resolution_density_not_settlement_boundaries,False,14641.191,300
LTFRB_PUJ2454,35.22,98059.9,35.22,worldpop_2020_1km_population_density_proxy,low_resolution_density_not_settlement_boundaries,False,14641.191,300
LTFRB_PUJ2455,35.22,98059.9,35.22,worldpop_2020_1km_population_density_proxy,low_resolution_density_not_settlement_boundaries,False,14641.191,300
LTFRB_PUJ2456,65.211,506350.7,65.21,worldpop_2020_1km_population_density_proxy,low_resolution_density_not_settlement_boundaries,False,14641.191,300
LTFRB_PUJ2457,65.464,606738.1,65.46,worldpop_2020_1km_population_density_proxy,low_resolution_density_not_settlement_boundaries,False,14641.191,300
LTFRB_PUJ2458,72.499,446922.8,72.5,worldpop_2020_1km_population_density_proxy,low_resolution_density_not_settlement_boundaries,False,14641.191,300
LTFRB_PUJ2459,72.499,446922.8,72.5,worldpop_2020_1km_population_density_proxy,low_resolution_density_not_settlement_boundaries,False,14641.191,300
LTFRB_PUJ2460,0.0,79376.5,0.0,worldpop_2020_1km_population_density_proxy,low_resolution_density_not_settlement_boundaries,False,14641.191,300
LTFRB_PUJ2461,0.0,74071.3,0.0,worldpop_2020_1km_population_density_proxy,low_resolution_density_not_settlement_boundaries,False,14641.191,300
LTFRB_PUJ2462,60.896,274808.7,60.9,worldpop_2020_1km_population_density_proxy,low_resolution_density_not_settlement_boundaries,False,14641.191,300
LTFRB_PUJ2463,58.468,286222.8,58.47,worldpop_2020_1km_population_density_proxy,low_resolution_density_not_settlement_boundaries,False,14641.191,300
LTFRB_PUJ2464,78.484,666621.8,78.48,worldpop_2020_1km_population_density_proxy,low_resolution_density_not_settlement_boundaries,False,14641.191,300
LTFRB_PUJ2465,77.792,697229.9,77.79,worldpop_2020_1km_population_density_proxy,low_resolution_density_not_settlement_boundaries,False,14641.191,300
LTFRB_PUJ2466,62.199,414514.6,62.2,worldpop_2020_1km_population_density_proxy,low_resolution_density_not_settlement_boundaries,False,14641.191,300
LTFRB_PUJ2467,63.622,454040.2,63.62,worldpop_2020_1km_population_density_proxy,low_resolution_density_not_settlement_boundaries,False,14641.191,300
LTFRB_PUJ2468,100.0,110601.7,100.0,worldpop_2020_1km_population_density_proxy,low_resolution_density_not_settlement_boundaries,False,14641.191,300
LTFRB_PUJ2469,100.0,136245.1,100.0,worldpop_2020_1km_population_density_proxy,low_resolution_density_not_settlement_boundaries,False,14641.191,300
LTFRB_PUJ2470,87.941,910191.5,87.94,worldpop_2020_1km_population_density_proxy,low_resolution_density_not_settlement_boundaries,False,14641.191,300
LTFRB_PUJ2471,88.315,889357.9,88.31,worldpop_2020_1km_population_density_proxy,low_resolution_density_not_settlement_boundaries,False,14641.191,300
LTFRB_PUJ2472,89.514,567883.1,89.51,worldpop_2020_1km_population_density_proxy,low_resolution_density_not_settlement_boundaries,False,14641.191,300
LTFRB_PUJ2473,89.809,502006.7,89.81,worldpop_2020_1km_population_density_proxy,low_resolution_density_not_settlement_boundaries,False,14641.191,300
LTFRB_PUJ2474,0.0,60210.5,0.0,worldpop_2020_1km_population_density_proxy,low_resolution_density_not_settlement_boundaries,False,14641.191,300
LTFRB_PUJ2475,0.0,60210.5,0.0,worldpop_2020_1km_population_density_proxy,low_resolution_density_not_settlement_boundaries,False,14641.191,300
LTFRB_PUJ2476,0.0,155078.5,0.0,worldpop_2020_1km_population_density_proxy,low_resolution_density_not_settlement_boundaries,False,14641.191,300
LTFRB_PUJ2477,0.0,155078.5,0.0,worldpop_2020_1km_population_density_proxy,low_resolution_density_not_settlement_boundaries,False,14641.191,300
LTFRB_PUJ2480,94.053,563352.0,94.05,worldpop_2020_1km_population_density_proxy,low_resolution_density_not_settlement_boundaries,False,14641.191,300
LTFRB_PUJ2481,94.053,563352.0,94.05,worldpop_2020_1km_population_density_proxy,low_resolution_density_not_settlement_boundaries,False,14641.191,300
LTFRB_PUJ2482,93.09,597769.0,93.09,worldpop_2020_1km_population_density_proxy,low_resolution_density_not_settlement_boundaries,False,14641.191,300
LTFRB_PUJ2483,93.09,597769.0,93.09,worldpop_2020_1km_population_density_proxy,low_resolution_density_not_settlement_boundaries,False,14641.191,300
LTFRB_PUJ2484,27.75,355750.7,27.75,worldpop_2020_1km_population_density_proxy,low_resolution_density_not_settlement_boundaries,False,14641.191,300
LTFRB_PUJ2485,32.941,383291.4,32.94,worldpop_2020_1km_population_density_proxy,low_resolution_density_not_settlement_boundaries,False,14641.191,300
LTFRB_PUJ2486,51.488,259356.5,51.49,worldpop_2020_1km_population_density_proxy,low_resolution_density_not_settlement_boundaries,False,14641.191,300
LTFRB_PUJ2487,49.317,270770.7,49.32,worldpop_2020_1km_population_density_proxy,low_resolution_density_not_settlement_boundaries,False,14641.191,300
LTFRB_PUJ2488,55.014,348088.5,55.01,worldpop_2020_1km_population_density_proxy,low_resolution_density_not_settlement_boundaries,False,14641.191,300
LTFRB_PUJ2489,52.655,525788.7,52.66,worldpop_2020_1km_population_density_proxy,low_resolution_density_not_settlement_boundaries,False,14641.191,300
LTFRB_PUJ2490,61.517,439222.3,61.52,worldpop_2020_1km_population_density_proxy,low_resolution_density_not_settlement_boundaries,False,14641.191,300
LTFRB_PUJ2491,60.214,448730.3,60.21,worldpop_2020_1km_population_density_proxy,low_resolution_density_not_settlement_boundaries,False,14641.191,300
LTFRB_PUJ2492,53.196,507929.4,53.2,worldpop_2020_1km_population_density_proxy,low_resolution_density_not_settlement_boundaries,False,14641.191,300
LTFRB_PUJ2493,52.129,531093.9,52.13,worldpop_2020_1km_population_density_proxy,low_resolution_density_not_settlement_boundaries,False,14641.191,300
LTFRB_PUJ2494,15.608,121943.5,15.61,worldpop_2020_1km_population_density_proxy,low_resolution_density_not_settlement_boundaries,False,14641.191,300
LTFRB_PUJ2495,15.608,121943.5,15.61,worldpop_2020_1km_population_density_proxy,low_resolution_density_not_settlement_boundaries,False,14641.191,300
LTFRB_PUJ2496,66.925,394282.0,66.92,worldpop_2020_1km_population_density_proxy,low_resolution_density_not_settlement_boundaries,False,14641.191,300
LTFRB_PUJ2497,64.732,369772.6,64.73,worldpop_2020_1km_population_density_proxy,low_resolution_density_not_settlement_boundaries,False,14641.191,300
LTFRB_PUJ2498,80.622,307495.8,80.62,worldpop_2020_1km_population_density_proxy,low_resolution_density_not_settlement_boundaries,False,14641.191,300
LTFRB_PUJ2499,75.891,255140.5,75.89,worldpop_2020_1km_population_density_proxy,low_resolution_density_not_settlement_boundaries,False,14641.191,300
LTFRB_PUJ2500,86.468,557785.4,86.47,worldpop_2020_1km_population_density_proxy,low_resolution_density_not_settlement_boundaries,False,14641.191,300
LTFRB_PUJ2501,79.718,409532.9,79.72,worldpop_2020_1km_population_density_proxy,low_resolution_density_not_settlement_boundaries,False,14641.191,300
LTFRB_PUJ2502,92.783,316429.5,92.78,worldpop_2020_1km_population_density_proxy,low_resolution_density_not_settlement_boundaries,False,14641.191,300
LTFRB_PUJ2503,92.65,343177.7,92.65,worldpop_2020_1km_population_density_proxy,low_resolution_density_not_settlement_boundaries,False,14641.191,300
LTFRB_PUJ2504,91.239,673106.1,91.24,worldpop_2020_1km_population_density_proxy,low_resolution_density_not_settlement_boundaries,False,14641.191,300
LTFRB_PUJ2505,91.03,657418.9,91.03,worldpop_2020_1km_population_density_proxy,low_resolution_density_not_settlement_boundaries,False,14641.191,300
LTFRB_PUJ2506,100.0,201327.2,100.0,worldpop_2020_1km_population_density_proxy,low_resolution_density_not_settlement_boundaries,False,14641.191,300
LTFRB_PUJ2507,100.0,201327.2,100.0,worldpop_2020_1km_population_density_proxy,low_resolution_density_not_settlement_boundaries,False,14641.191,300
LTFRB_PUJ2508,98.39,881178.6,98.39,worldpop_2020_1km_population_density_proxy,low_resolution_density_not_settlement_boundaries,False,14641.191,300
LTFRB_PUJ2509,98.527,963387.9,98.53,worldpop_2020_1km_population_density_proxy,low_resolution_density_not_settlement_boundaries,False,14641.191,300
LTFRB_PUJ2510,0.0,26926.7,0.0,worldpop_2020_1km_population_density_proxy,low_resolution_density_not_settlement_boundaries,False,14641.191,300
LTFRB_PUJ2511,0.0,51623.0,0.0,worldpop_2020_1km_population_density_proxy,low_resolution_density_not_settlement_boundaries,False,14641.191,300
LTFRB_PUJ2512,98.321,252711.8,98.32,worldpop_2020_1km_population_density_proxy,low_resolution_density_not_settlement_boundaries,False,14641.191,300
LTFRB_PUJ2513,98.321,252711.8,98.32,worldpop_2020_1km_population_density_proxy,low_resolution_density_not_settlement_boundaries,False,14641.191,300
LTFRB_PUJ2514,100.0,311275.9,100.0,worldpop_2020_1km_population_density_proxy,low_resolution_density_not_settlement_boundaries,False,14641.191,300
LTFRB_PUJ2515,100.0,311275.9,100.0,worldpop_2020_1km_population_density_proxy,low_resolution_density_not_settlement_boundaries,False,14641.191,300
LTFRB_PUJ2516,100.0,146328.7,100.0,worldpop_2020_1km_population_density_proxy,low_resolution_density_not_settlement_boundaries,False,14641.191,300
LTFRB_PUJ2517,100.0,146328.7,100.0,worldpop_2020_1km_population_density_proxy,low_resolution_density_not_settlement_boundaries,False,14641.191,300
LTFRB_PUJ2518,87.074,93006.7,87.07,worldpop_2020_1km_population_density_proxy,low_resolution_density_not_settlement_boundaries,False,14641.191,300
LTFRB_PUJ2519,87.074,93006.7,87.07,worldpop_2020_1km_population_density_proxy,low_resolution_density_not_settlement_boundaries,False,14641.191,300
LTFRB_PUJ2520,68.664,222997.8,68.66,worldpop_2020_1km_population_density_proxy,low_resolution_density_not_settlement_boundaries,False,14641.191,300
LTFRB_PUJ2521,68.664,222997.8,68.66,worldpop_2020_1km_population_density_proxy,low_resolution_density_not_settlement_boundaries,False,14641.191,300
LTFRB_PUJ2522,74.145,124631.7,74.15,worldpop_2020_1km_population_density_proxy,low_resolution_density_not_settlement_boundaries,False,14641.191,300
LTFRB_PUJ2523,74.145,124631.7,74.15,worldpop_2020_1km_population_density_proxy,low_resolution_density_not_settlement_boundaries,False,14641.191,300
LTFRB_PUJ2524,90.151,411015.3,90.15,worldpop_2020_1km_population_density_proxy,low_resolution_density_not_settlement_boundaries,False,14641.191,300
LTFRB_PUJ2525,88.203,403049.4,88.2,worldpop_2020_1km_population_density_proxy,low_resolution_density_not_settlement_boundaries,False,14641.191,300
LTFRB_PUJ2526,64.936,284346.1,64.94,worldpop_2020_1km_population_density_proxy,low_resolution_density_not_settlement_boundaries,False,14641.191,300
LTFRB_PUJ2527,61.99,212908.7,61.99,worldpop_2020_1km_population_density_proxy,low_resolution_density_not_settlement_boundaries,False,14641.191,300
LTFRB_PUJ2528,88.041,649571.1,88.04,worldpop_2020_1km_population_density_proxy,low_resolution_density_not_settlement_boundaries,False,14641.191,300
LTFRB_PUJ2529,88.847,696548.6,88.85,worldpop_2020_1km_population_density_proxy,low_resolution_density_not_settlement_boundaries,False,14641.191,300
LTFRB_PUJ2530,88.041,649571.1,88.04,worldpop_2020_1km_population_density_proxy,low_resolution_density_not_settlement_boundaries,False,14641.191,300
LTFRB_PUJ2531,88.847,696548.6,88.85,worldpop_2020_1km_population_density_proxy,low_resolution_density_not_settlement_boundaries,False,14641.191,300
LTFRB_PUJ2532,23.383,293730.0,23.38,worldpop_2020_1km_population_density_proxy,low_resolution_density_not_settlement_boundaries,False,14641.191,300
LTFRB_PUJ2533,22.68,302835.3,22.68,worldpop_2020_1km_population_density_proxy,low_resolution_density_not_settlement_boundaries,False,14641.191,300
LTFRB_PUJ2535,22.68,302835.3,22.68,worldpop_2020_1km_population_density_proxy,low_resolution_density_not_settlement_boundaries,False,14641.191,300
LTFRB_PUJ2536,41.559,165268.7,41.56,worldpop_2020_1km_population_density_proxy,low_resolution_density_not_settlement_boundaries,False,14641.191,300
LTFRB_PUJ2537,34.052,201700.0,34.05,worldpop_2020_1km_population_density_proxy,low_resolution_density_not_settlement_boundaries,False,14641.191,300
LTFRB_PUJ2538,84.873,673812.2,84.87,worldpop_2020_1km_population_density_proxy,low_resolution_density_not_settlement_boundaries,False,14641.191,300
LTFRB_PUJ2539,86.244,691351.9,86.24,worldpop_2020_1km_population_density_proxy,low_resolution_density_not_settlement_boundaries,False,14641.191,300
LTFRB_PUJ2540,89.446,662131.5,89.45,worldpop_2020_1km_population_density_proxy,low_resolution_density_not_settlement_boundaries,False,14641.191,300
LTFRB_PUJ2541,89.446,662131.5,89.45,worldpop_2020_1km_population_density_proxy,low_resolution_density_not_settlement_boundaries,False,14641.191,300
LTFRB_PUJ2543,24.488,280481.7,24.49,worldpop_2020_1km_population_density_proxy,low_resolution_density_not_settlement_boundaries,False,14641.191,300
LTFRB_PUJ2544,0.0,141313.0,0.0,worldpop_2020_1km_population_density_proxy,low_resolution_density_not_settlement_boundaries,False,14641.191,300
LTFRB_PUJ2545,0.0,141313.0,0.0,worldpop_2020_1km_population_density_proxy,low_resolution_density_not_settlement_boundaries,False,14641.191,300
LTFRB_PUJ2546,0.0,145644.7,0.0,worldpop_2020_1km_population_density_proxy,low_resolution_density_not_settlement_boundaries,False,14641.191,300
LTFRB_PUJ2547,0.0,145644.7,0.0,worldpop_2020_1km_population_density_proxy,low_resolution_density_not_settlement_boundaries,False,14641.191,300
LTFRB_PUJ2548,81.519,753148.6,81.52,worldpop_2020_1km_population_density_proxy,low_resolution_density_not_settlement_boundaries,False,14641.191,300
LTFRB_PUJ2549,81.519,753148.6,81.52,worldpop_2020_1km_population_density_proxy,low_resolution_density_not_settlement_boundaries,False,14641.191,300
LTFRB_PUJ2550,21.641,95013.1,21.64,worldpop_2020_1km_population_density_proxy,low_resolution_density_not_settlement_boundaries,False,14641.191,300
LTFRB_PUJ2551,81.971,282795.1,81.97,worldpop_2020_1km_population_density_proxy,low_resolution_density_not_settlement_boundaries,False,14641.191,300
LTFRB_PUJ2552,81.971,282795.1,81.97,worldpop_2020_1km_population_density_proxy,low_resolution_density_not_settlement_boundaries,False,14641.191,300
LTFRB_PUJ2553,51.439,431194.0,51.44,worldpop_2020_1km_population_density_proxy,low_resolution_density_not_settlement_boundaries,False,14641.191,300
LTFRB_PUJ2554,51.439,431194.0,51.44,worldpop_2020_1km_population_density_proxy,low_resolution_density_not_settlement_boundaries,False,14641.191,300
LTFRB_PUJ2555,98.01,533758.0,98.01,worldpop_2020_1km_population_density_proxy,low_resolution_density_not_settlement_boundaries,False,14641.191,300
LTFRB_PUJ2556,100.0,450677.2,100.0,worldpop_2020_1km_population_density_proxy,low_resolution_density_not_settlement_boundaries,False,14641.191,300
LTFRB_PUJ2557,64.513,343809.0,64.51,worldpop_2020_1km_population_density_proxy,low_resolution_density_not_settlement_boundaries,False,14641.191,300
LTFRB_PUJ2558,64.513,343809.0,64.51,worldpop_2020_1km_population_density_proxy,low_resolution_density_not_settlement_boundaries,False,14641.191,300
LTFRB_PUJ2559,45.316,489453.7,45.32,worldpop_2020_1km_population_density_proxy,low_resolution_density_not_settlement_boundaries,False,14641.191,300
LTFRB_PUJ2560,45.316,489453.7,45.32,worldpop_2020_1km_population_density_proxy,low_resolution_density_not_settlement_boundaries,False,14641.191,300
LTFRB_PUJ2561,80.272,358168.1,80.27,worldpop_2020_1km_population_density_proxy,low_resolution_density_not_settlement_boundaries,False,14641.191,300
LTFRB_PUJ2562,80.272,358168.1,80.27,worldpop_2020_1km_population_density_proxy,low_resolution_density_not_settlement_boundaries,False,14641.191,300
LTFRB_PUJ2563,54.889,111005.7,54.89,worldpop_2020_1km_population_density_proxy,low_resolution_density_not_settlement_boundaries,False,14641.191,300
LTFRB_PUJ2564,44.689,90535.6,44.69,worldpop_2020_1km_population_density_proxy,low_resolution_density_not_settlement_boundaries,False,14641.191,300
LTFRB_PUJ2565,93.786,203588.5,93.79,worldpop_2020_1km_population_density_proxy,low_resolution_density_not_settlement_boundaries,False,14641.191,300
LTFRB_PUJ2566,100.0,118149.7,100.0,worldpop_2020_1km_population_density_proxy,low_resolution_density_not_settlement_boundaries,False,14641.191,300
LTFRB_PUJ2567,90.329,130806.8,90.33,worldpop_2020_1km_population_density_proxy,low_resolution_density_not_settlement_boundaries,False,14641.191,300
LTFRB_PUJ2568,66.154,118791.6,66.15,worldpop_2020_1km_population_density_proxy,low_resolution_density_not_settlement_boundaries,False,14641.191,300
LTFRB_PUJ2569,89.554,564506.3,89.55,worldpop_2020_1km_population_density_proxy,low_resolution_density_not_settlement_boundaries,False,14641.191,300
LTFRB_PUJ2570,89.12,688769.8,89.12,worldpop_2020_1km_population_density_proxy,low_resolution_density_not_settlement_boundaries,False,14641.191,300
LTFRB_PUJ2571,91.239,673106.1,91.24,worldpop_2020_1km_population_density_proxy,low_resolution_density_not_settlement_boundaries,False,14641.191,300
LTFRB_PUJ2572,91.03,657418.9,91.03,worldpop_2020_1km_population_density_proxy,low_resolution_density_not_settlement_boundaries,False,14641.191,300
LTFRB_PUJ2573,83.8,215389.9,83.8,worldpop_2020_1km_population_density_proxy,low_resolution_density_not_settlement_boundaries,False,14641.191,300
LTFRB_PUJ2574,85.678,243634.2,85.68,worldpop_2020_1km_population_density_proxy,low_resolution_density_not_settlement_boundaries,False,14641.191,300
LTFRB_PUJ2575,90.652,331677.6,90.65,worldpop_2020_1km_population_density_proxy,low_resolution_density_not_settlement_boundaries,False,14641.191,300
LTFRB_PUJ2576,90.652,331677.6,90.65,worldpop_2020_1km_population_density_proxy,low_resolution_density_not_settlement_boundaries,False,14641.191,300
LTFRB_PUJ2577,67.987,428243.1,67.99,worldpop_2020_1km_population_density_proxy,low_resolution_density_not_settlement_boundaries,False,14641.191,300
LTFRB_PUJ2578,87.269,378329.2,87.27,worldpop_2020_1km_population_density_proxy,low_resolution_density_not_settlement_boundaries,False,14641.191,300
LTFRB_PUJ2579,73.875,329722.5,73.88,worldpop_2020_1km_population_density_proxy,low_resolution_density_not_settlement_boundaries,False,14641.191,300
LTFRB_PUJ2581,91.111,878855.3,91.11,worldpop_2020_1km_population_density_proxy,low_resolution_density_not_settlement_boundaries,False,14641.191,300
LTFRB_PUJ2582,91.175,885261.0,91.17,worldpop_2020_1km_population_density_proxy,low_resolution_density_not_settlement_boundaries,False,14641.191,300
LTFRB_PUJ2583,90.795,851374.6,90.79,worldpop_2020_1km_population_density_proxy,low_resolution_density_not_settlement_boundaries,False,14641.191,300
LTFRB_PUJ2584,90.353,893312.4,90.35,worldpop_2020_1km_population_density_proxy,low_resolution_density_not_settlement_boundaries,False,14641.191,300
LTFRB_PUJ2585,87.046,623107.8,87.05,worldpop_2020_1km_population_density_proxy,low_resolution_density_not_settlement_boundaries,False,14641.191,300
LTFRB_PUJ2586,85.656,562753.4,85.66,worldpop_2020_1km_population_density_proxy,low_resolution_density_not_settlement_boundaries,False,14641.191,300
LTFRB_PUJ2588,86.227,319358.0,86.23,worldpop_2020_1km_population_density_proxy,low_resolution_density_not_settlement_boundaries,False,14641.191,300
LTFRB_PUJ2589,75.084,343381.0,75.08,worldpop_2020_1km_population_density_proxy,low_resolution_density_not_settlement_boundaries,False,14641.191,300
LTFRB_PUJ2590,75.084,343381.0,75.08,worldpop_2020_1km_population_density_proxy,low_resolution_density_not_settlement_boundaries,False,14641.191,300
LTFRB_PUJ2591,66.567,257039.6,66.57,worldpop_2020_1km_population_density_proxy,low_resolution_density_not_settlement_boundaries,False,14641.191,300
LTFRB_PUJ2592,66.567,257039.6,66.57,worldpop_2020_1km_population_density_proxy,low_resolution_density_not_settlement_boundaries,False,14641.191,300
LTFRB_PUJ2593,55.018,433939.9,55.02,worldpop_2020_1km_population_density_proxy,low_resolution_density_not_settlement_boundaries,False,14641.191,300
LTFRB_PUJ2594,55.018,433939.9,55.02,worldpop_2020_1km_population_density_proxy,low_resolution_density_not_settlement_boundaries,False,14641.191,300
LTFRB_PUJ2595,68.433,543268.2,68.43,worldpop_2020_1km_population_density_proxy,low_resolution_density_not_settlement_boundaries,False,14641.191,300
LTFRB_PUJ2596,68.433,543268.2,68.43,worldpop_2020_1km_population_density_proxy,low_resolution_density_not_settlement_boundaries,False,14641.191,300
LTFRB_PUJ2597,55.59,498123.7,55.59,worldpop_2020_1km_population_density_proxy,low_resolution_density_not_settlement_boundaries,False,14641.191,300
LTFRB_PUJ2598,54.302,474795.9,54.3,worldpop_2020_1km_population_density_proxy,low_resolution_density_not_settlement_boundaries,False,14641.191,300
LTFRB_PUJ2599,91.066,507837.5,91.07,worldpop_2020_1km_population_density_proxy,low_resolution_density_not_settlement_boundaries,False,14641.191,300
LTFRB_PUJ2600,89.538,433655.4,89.54,worldpop_2020_1km_population_density_proxy,low_resolution_density_not_settlement_boundaries,False,14641.191,300
LTFRB_PUJ2601,80.755,566277.2,80.76,worldpop_2020_1km_population_density_proxy,low_resolution_density_not_settlement_boundaries,False,14641.191,300
LTFRB_PUJ2602,80.755,566277.2,80.76,worldpop_2020_1km_population_density_proxy,low_resolution_density_not_settlement_boundaries,False,14641.191,300
LTFRB_PUJ2603,90.136,489831.1,90.14,worldpop_2020_1km_population_density_proxy,low_resolution_density_not_settlement_boundaries,False,14641.191,300
LTFRB_PUJ2604,89.566,463090.7,89.57,worldpop_2020_1km_population_density_proxy,low_resolution_density_not_settlement_boundaries,False,14641.191,300
LTFRB_PUJ2605,88.32,521613.2,88.32,worldpop_2020_1km_population_density_proxy,low_resolution_density_not_settlement_boundaries,False,14641.191,300
LTFRB_PUJ2606,88.32,521613.2,88.32,worldpop_2020_1km_population_density_proxy,low_resolution_density_not_settlement_boundaries,False,14641.191,300
LTFRB_PUJ2607,92.99,615050.7,92.99,worldpop_2020_1km_population_density_proxy,low_resolution_density_not_settlement_boundaries,False,14641.191,300
LTFRB_PUJ2608,92.99,615050.7,92.99,worldpop_2020_1km_population_density_proxy,low_resolution_density_not_settlement_boundaries,False,14641.191,300
LTFRB_PUJ2609,93.216,271893.5,93.22,worldpop_2020_1km_population_density_proxy,low_resolution_density_not_settlement_boundaries,False,14641.191,300
LTFRB_PUJ2610,93.216,271893.5,93.22,worldpop_2020_1km_population_density_proxy,low_resolution_density_not_settlement_boundaries,False,14641.191,300
LTFRB_PUJ2611,43.728,73373.4,43.73,worldpop_2020_1km_population_density_proxy,low_resolution_density_not_settlement_boundaries,False,14641.191,300
LTFRB_PUJ2612,43.728,73373.4,43.73,worldpop_2020_1km_population_density_proxy,low_resolution_density_not_settlement_boundaries,False,14641.191,300
LTFRB_PUJ2613,26.014,62293.6,26.01,worldpop_2020_1km_population_density_proxy,low_resolution_density_not_settlement_boundaries,False,14641.191,300
LTFRB_PUJ2614,29.216,55466.1,29.22,worldpop_2020_1km_population_density_proxy,low_resolution_density_not_settlement_boundaries,False,14641.191,300
LTFRB_PUJ2615,99.659,540718.6,99.66,worldpop_2020_1km_population_density_proxy,low_resolution_density_not_settlement_boundaries,False,14641.191,300
LTFRB_PUJ2616,99.659,540718.6,99.66,worldpop_2020_1km_population_density_proxy,low_resolution_density_not_settlement_boundaries,False,14641.191,300
LTFRB_PUJ2617,89.025,811259.7,89.02,worldpop_2020_1km_population_density_proxy,low_resolution_density_not_settlement_boundaries,False,14641.191,300
LTFRB_PUJ2618,89.475,846004.1,89.48,worldpop_2020_1km_population_density_proxy,low_resolution_density_not_settlement_boundaries,False,14641.191,300
