route_id,operator_name,evidence_date,operator_policy_prior,operator_observed_score,operator_effective_score,operator_evidence_completeness,operator_evidence_confidence,operator_readiness_placeholder,operator_claim_status,operator_source_ids,operator_method_version
LTFRB_PUJ1001,,,50.0,,50.0,0.0,5.0,True,NEUTRAL_PRIOR,route2zero_operator_prior_v1,operator-v2.0
LTFRB_PUJ1002,,,50.0,,50.0,0.0,5.0,True,NEUTRAL_PRIOR,route2zero_operator_prior_v1,operator-v2.0
LTFRB_PUJ1003,,,50.0,,50.0,0.0,5.0,True,NEUTRAL_PRIOR,route2zero_operator_prior_v1,operator-v2.0
LTFRB_PUJ1004,,,50.0,,50.0,0.0,5.0,True,NEUTRAL_PRIOR,route2zero_operator_prior_v1,operator-v2.0
LTFRB_PUJ1005,,,50.0,,50.0,0.0,5.0,True,NEUTRAL_PRIOR,route2zero_operator_prior_v1,operator-v2.0
LTFRB_PUJ1006,,,50.0,,50.0,0.0,5.0,True,NEUTRAL_PRIOR,route2zero_operator_prior_v1,operator-v2.0
LTFRB_PUJ1007,,,50.0,,50.0,0.0,5.0,True,NEUTRAL_PRIOR,route2zero_operator_prior_v1,operator-v2.0
LTFRB_PUJ1008,,,50.0,,50.0,0.0,5.0,True,NEUTRAL_PRIOR,route2zero_operator_prior_v1,operator-v2.0
LTFRB_PUJ1009,,,50.0,,50.0,0.0,5.0,True,NEUTRAL_PRIOR,route2zero_operator_prior_v1,operator-v2.0
LTFRB_PUJ1010,,,50.0,,50.0,0.0,5.0,True,NEUTRAL_PRIOR,route2zero_operator_prior_v1,operator-v2.0
LTFRB_PUJ1011,,,50.0,,50.0,0.0,5.0,True,NEUTRAL_PRIOR,route2zero_operator_prior_v1,operator-v2.0
LTFRB_PUJ1012,,,50.0,,50.0,0.0,5.0,True,NEUTRAL_PRIOR,route2zero_operator_prior_v1,operator-v2.0
LTFRB_PUJ1013,,,50.0,,50.0,0.0,5.0,True,NEUTRAL_PRIOR,route2zero_operator_prior_v1,operator-v2.0
LTFRB_PUJ1014,,,50.0,,50.0,0.0,5.0,True,NEUTRAL_PRIOR,route2zero_operator_prior_v1,operator-v2.0
LTFRB_PUJ1015,,,50.0,,50.0,0.0,5.0,True,NEUTRAL_PRIOR,route2zero_operator_prior_v1,operator-v2.0
LTFRB_PUJ1016,,,50.0,,50.0,0.0,5.0,True,NEUTRAL_PRIOR,route2zero_operator_prior_v1,operator-v2.0
LTFRB_PUJ1017,,,50.0,,50.0,0.0,5.0,True,NEUTRAL_PRIOR,route2zero_operator_prior_v1,operator-v2.0
LTFRB_PUJ1018,,,50.0,,50.0,0.0,5.0,True,NEUTRAL_PRIOR,route2zero_operator_prior_v1,operator-v2.0
LTFRB_PUJ1019,,,50.0,,50.0,0.0,5.0,True,NEUTRAL_PRIOR,route2zero_operator_prior_v1,operator-v2.0
LTFRB_PUJ1020,,,50.0,,50.0,0.0,5.0,True,NEUTRAL_PRIOR,route2zero_operator_prior_v1,operator-v2.0
LTFRB_PUJ1021,,,50.0,,50.0,0.0,5.0,True,NEUTRAL_PRIOR,route2zero_operator_prior_v1,operator-v2.0
LTFRB_PUJ1022,,,50.0,,50.0,0.0,5.0,True,NEUTRAL_PRIOR,route2zero_operator_prior_v1,operator-v2.0
LTFRB_PUJ1023,,,50.0,,50.0,0.0,5.0,True,NEUTRAL_PRIOR,route2zero_operator_prior_v1,operator-v2.0
LTFRB_PUJ1024,,,50.0,,50.0,0.0,5.0,True,NEUTRAL_PRIOR,route2zero_operator_prior_v1,operator-v2.0
LTFRB_PUJ1025,,,50.0,,50.0,0.0,5.0,True,NEUTRAL_PRIOR,route2zero_operator_prior_v1,operator-v2.0
LTFRB_PUJ1026,,,50.0,,50.0,0.0,5.0,True,NEUTRAL_PRIOR,route2zero_operator_prior_v1,operator-v2.0
LTFRB_PUJ1028,,,50.0,,50.0,0.0,5.0,True,NEUTRAL_PRIOR,route2zero_operator_prior_v1,operator-v2.0
LTFRB_PUJ1029,,,50.0,,50.0,0.0,5.0,True,NEUTRAL_PRIOR,route2zero_operator_prior_v1,operator-v2.0
LTFRB_PUJ1030,,,50.0,,50.0,0.0,5.0,True,NEUTRAL_PRIOR,route2zero_operator_prior_v1,operator-v2.0
LTFRB_PUJ1031,,,50.0,,50.0,0.0,5.0,True,NEUTRAL_PRIOR,route2zero_operator_prior_v1,operator-v2.0
LTFRB_PUJ1033,,,50.0,,50.0,0.0,5.0,True,NEUTRAL_PRIOR,route2zero_operator_prior_v1,operator-v2.0
LTFRB_PUJ1034,,,50.0,,50.0,0.0,5.0,True,NEUTRAL_PRIOR,route2zero_operator_prior_v1,operator-v2.0
LTFRB_PUJ1035,,,50.0,,50.0,0.0,5.0,True,NEUTRAL_PRIOR,route2zero_operator_prior_v1,operator-v2.0
LTFRB_PUJ1036,,,50.0,,50.0,0.0,5.0,True,NEUTRAL_PRIOR,route2zero_operator_prior_v1,operator-v2.0
LTFRB_PUJ1037,,,50.0,,50.0,0.0,5.0,True,NEUTRAL_PRIOR,route2zero_operator_prior_v1,operator-v2.0
LTFRB_PUJ1038,,,50.0,,50.0,0.0,5.0,True,NEUTRAL_PRIOR,route2zero_operator_prior_v1,operator-v2.0
LTFRB_PUJ1040,,,50.0,,50.0,0.0,5.0,True,NEUTRAL_PRIOR,route2zero_operator_prior_v1,operator-v2.0
LTFRB_PUJ1041,,,50.0,,50.0,0.0,5.0,True,NEUTRAL_PRIOR,route2zero_operator_prior_v1,operator-v2.0
LTFRB_PUJ1042,,,50.0,,50.0,0.0,5.0,True,NEUTRAL_PRIOR,route2zero_operator_prior_v1,operator-v2.0
LTFRB_PUJ1043,,,50.0,,50.0,0.0,5.0,True,NEUTRAL_PRIOR,route2zero_operator_prior_v1,operator-v2.0
LTFRB_PUJ1044,,,50.0,,50.0,0.0,5.0,True,NEUTRAL_PRIOR,route2zero_operator_prior_v1,operator-v2.0
LTFRB_PUJ1045,,,50.0,,50.0,0.0,5.0,True,NEUTRAL_PRIOR,route2zero_operator_prior_v1,operator-v2.0
LTFRB_PUJ1046,,,50.0,,50.0,0.0,5.0,True,NEUTRAL_PRIOR,route2zero_operator_prior_v1,operator-v2.0
LTFRB_PUJ1047,,,50.0,,50.0,0.0,5.0,True,NEUTRAL_PRIOR,route2zero_operator_prior_v1,operator-v2.0
LTFRB_PUJ1048,,,50.0,,50.0,0.0,5.0,True,NEUTRAL_PRIOR,route2zero_operator_prior_v1,operator-v2.0
LTFRB_PUJ1049,,,50.0,,50.0,0.0,5.0,True,NEUTRAL_PRIOR,route2zero_operator_prior_v1,operator-v2.0
LTFRB_PUJ1050,,,50.0,,50.0,0.0,5.0,True,NEUTRAL_PRIOR,route2zero_operator_prior_v1,operator-v2.0
LTFRB_PUJ1051,,,50.0,,50.0,0.0,5.0,True,NEUTRAL_PRIOR,route2zero_operator_prior_v1,operator-v2.0
LTFRB_PUJ1053,,,50.0,,50.0,0.0,5.0,True,NEUTRAL_PRIOR,route2zero_operator_prior_v1,operator-v2.0
LTFRB_PUJ1054,,,50.0,,50.0,0.0,5.0,True,NEUTRAL_PRIOR,route2zero_operator_prior_v1,operator-v2.0
LTFRB_PUJ1055,,,50.0,,50.0,0.0,5.0,True,NEUTRAL_PRIOR,route2zero_operator_prior_v1,operator-v2.0
LTFRB_PUJ1056,,,50.0,,50.0,0.0,5.0,True,NEUTRAL_PRIOR,route2zero_operator_prior_v1,operator-v2.0
LTFRB_PUJ1057,,,50.0,,50.0,0.0,5.0,True,NEUTRAL_PRIOR,route2zero_operator_prior_v1,operator-v2.0
LTFRB_PUJ1058,,,50.0,,50.0,0.0,5.0,True,NEUTRAL_PRIOR,route2zero_operator_prior_v1,operator-v2.0
LTFRB_PUJ1059,,,50.0,,50.0,0.0,5.0,True,NEUTRAL_PRIOR,route2zero_operator_prior_v1,operator-v2.0
LTFRB_PUJ1060,,,50.0,,50.0,0.0,5.0,True,NEUTRAL_PRIOR,route2zero_operator_prior_v1,operator-v2.0
LTFRB_PUJ1061,,,50.0,,50.0,0.0,5.0,True,NEUTRAL_PRIOR,route2zero_operator_prior_v1,operator-v2.0
LTFRB_PUJ1062,,,50.0,,50.0,0.0,5.0,True,NEUTRAL_PRIOR,route2zero_operator_prior_v1,operator-v2.0
LTFRB_PUJ1063,,,50.0,,50.0,0.0,5.0,True,NEUTRAL_PRIOR,route2zero_operator_prior_v1,operator-v2.0
LTFRB_PUJ1064,,,50.0,,50.0,0.0,5.0,True,NEUTRAL_PRIOR,route2zero_operator_prior_v1,operator-v2.0
LTFRB_PUJ1065,,,50.0,,50.0,0.0,5.0,True,NEUTRAL_PRIOR,route2zero_operator_prior_v1,operator-v2.0
LTFRB_PUJ1066,,,50.0,,50.0,0.0,5.0,True,NEUTRAL_PRIOR,route2zero_operator_prior_v1,operator-v2.0
LTFRB_PUJ1067,,,50.0,,50.0,0.0,5.0,True,NEUTRAL_PRIOR,route2zero_operator_prior_v1,operator-v2.0
LTFRB_PUJ1068,,,50.0,,50.0,0.0,5.0,True,NEUTRAL_PRIOR,route2zero_operator_prior_v1,operator-v2.0
LTFRB_PUJ1069,,,50.0,,50.0,0.0,5.0,True,NEUTRAL_PRIOR,route2zero_operator_prior_v1,operator-v2.0
LTFRB_PUJ1070,,,50.0,,50.0,0.0,5.0,True,NEUTRAL_PRIOR,route2zero_operator_prior_v1,operator-v2.0
LTFRB_PUJ1071,,,50.0,,50.0,0.0,5.0,True,NEUTRAL_PRIOR,route2zero_operator_prior_v1,operator-v2.0
LTFRB_PUJ1072,,,50.0,,50.0,0.0,5.0,True,NEUTRAL_PRIOR,route2zero_operator_prior_v1,operator-v2.0
LTFRB_PUJ1073,,,50.0,,50.0,0.0,5.0,True,NEUTRAL_PRIOR,route2zero_operator_prior_v1,operator-v2.0
LTFRB_PUJ1074,,,50.0,,50.0,0.0,5.0,True,NEUTRAL_PRIOR,route2zero_operator_prior_v1,operator-v2.0
LTFRB_PUJ1075,,,50.0,,50.0,0.0,5.0,True,NEUTRAL_PRIOR,route2zero_operator_prior_v1,operator-v2.0
LTFRB_PUJ1076,,,50.0,,50.0,0.0,5.0,True,NEUTRAL_PRIOR,route2zero_operator_prior_v1,operator-v2.0
LTFRB_PUJ1077,,,50.0,,50.0,0.0,5.0,True,NEUTRAL_PRIOR,route2zero_operator_prior_v1,operator-v2.0
LTFRB_PUJ1078,,,50.0,,50.0,0.0,5.0,True,NEUTRAL_PRIOR,route2zero_operator_prior_v1,operator-v2.0
LTFRB_PUJ1079,,,50.0,,50.0,0.0,5.0,True,NEUTRAL_PRIOR,route2zero_operator_prior_v1,operator-v2.0
LTFRB_PUJ1080,,,50.0,,50.0,0.0,5.0,True,NEUTRAL_PRIOR,route2zero_operator_prior_v1,operator-v2.0
LTFRB_PUJ1081,,,50.0,,50.0,0.0,5.0,True,NEUTRAL_PRIOR,route2zero_operator_prior_v1,operator-v2.0
LTFRB_PUJ1083,,,50.0,,50.0,0.0,5.0,True,NEUTRAL_PRIOR,route2zero_operator_prior_v1,operator-v2.0
LTFRB_PUJ1084,,,50.0,,50.0,0.0,5.0,True,NEUTRAL_PRIOR,route2zero_operator_prior_v1,operator-v2.0
LTFRB_PUJ1085,,,50.0,,50.0,0.0,5.0,True,NEUTRAL_PRIOR,route2zero_operator_prior_v1,operator-v2.0
LTFRB_PUJ1086,,,50.0,,50.0,0.0,5.0,True,NEUTRAL_PRIOR,route2zero_operator_prior_v1,operator-v2.0
LTFRB_PUJ1087,,,50.0,,50.0,0.0,5.0,True,NEUTRAL_PRIOR,route2zero_operator_prior_v1,operator-v2.0
LTFRB_PUJ1088,,,50.0,,50.0,0.0,5.0,True,NEUTRAL_PRIOR,route2zero_operator_prior_v1,operator-v2.0
LTFRB_PUJ1089,,,50.0,,50.0,0.0,5.0,True,NEUTRAL_PRIOR,route2zero_operator_prior_v1,operator-v2.0
LTFRB_PUJ1090,,,50.0,,50.0,0.0,5.0,True,NEUTRAL_PRIOR,route2zero_operator_prior_v1,operator-v2.0
LTFRB_PUJ1091,,,50.0,,50.0,0.0,5.0,True,NEUTRAL_PRIOR,route2zero_operator_prior_v1,operator-v2.0
LTFRB_PUJ1094,,,50.0,,50.0,0.0,5.0,True,NEUTRAL_PRIOR,route2zero_operator_prior_v1,operator-v2.0
LTFRB_PUJ1095,,,50.0,,50.0,0.0,5.0,True,NEUTRAL_PRIOR,route2zero_operator_prior_v1,operator-v2.0
LTFRB_PUJ1096,,,50.0,,50.0,0.0,5.0,True,NEUTRAL_PRIOR,route2zero_operator_prior_v1,operator-v2.0
LTFRB_PUJ1097,,,50.0,,50.0,0.0,5.0,True,NEUTRAL_PRIOR,route2zero_operator_prior_v1,operator-v2.0
LTFRB_PUJ1098,,,50.0,,50.0,0.0,5.0,True,NEUTRAL_PRIOR,route2zero_operator_prior_v1,operator-v2.0
LTFRB_PUJ1099,,,50.0,,50.0,0.0,5.0,True,NEUTRAL_PRIOR,route2zero_operator_prior_v1,operator-v2.0
LTFRB_PUJ1100,,,50.0,,50.0,0.0,5.0,True,NEUTRAL_PRIOR,route2zero_operator_prior_v1,operator-v2.0
LTFRB_PUJ1101,,,50.0,,50.0,0.0,5.0,True,NEUTRAL_PRIOR,route2zero_operator_prior_v1,operator-v2.0
LTFRB_PUJ1102,,,50.0,,50.0,0.0,5.0,True,NEUTRAL_PRIOR,route2zero_operator_prior_v1,operator-v2.0
LTFRB_PUJ1103,,,50.0,,50.0,0.0,5.0,True,NEUTRAL_PRIOR,route2zero_operator_prior_v1,operator-v2.0
LTFRB_PUJ1104,,,50.0,,50.0,0.0,5.0,True,NEUTRAL_PRIOR,route2zero_operator_prior_v1,operator-v2.0
LTFRB_PUJ1105,,,50.0,,50.0,0.0,5.0,True,NEUTRAL_PRIOR,route2zero_operator_prior_v1,operator-v2.0
LTFRB_PUJ1106,,,50.0,,50.0,0.0,5.0,True,NEUTRAL_PRIOR,route2zero_operator_prior_v1,operator-v2.0
LTFRB_PUJ1107,,,50.0,,50.0,0.0,5.0,True,NEUTRAL_PRIOR,route2zero_operator_prior_v1,operator-v2.0
LTFRB_PUJ1108,,,50.0,,50.0,0.0,5.0,True,NEUTRAL_PRIOR,route2zero_operator_prior_v1,operator-v2.0
LTFRB_PUJ1109,,,50.0,,50.0,0.0,5.0,True,NEUTRAL_PRIOR,route2zero_operator_prior_v1,operator-v2.0
LTFRB_PUJ1110,,,50.0,,50.0,0.0,5.0,True,NEUTRAL_PRIOR,route2zero_operator_prior_v1,operator-v2.0
LTFRB_PUJ1111,,,50.0,,50.0,0.0,5.0,True,NEUTRAL_PRIOR,route2zero_operator_prior_v1,operator-v2.0
LTFRB_PUJ1112,,,50.0,,50.0,0.0,5.0,True,NEUTRAL_PRIOR,route2zero_operator_prior_v1,operator-v2.0
LTFRB_PUJ1113,,,50.0,,50.0,0.0,5.0,True,NEUTRAL_PRIOR,route2zero_operator_prior_v1,operator-v2.0
LTFRB_PUJ1114,,,50.0,,50.0,0.0,5.0,True,NEUTRAL_PRIOR,route2zero_operator_prior_v1,operator-v2.0
LTFRB_PUJ1116,,,50.0,,50.0,0.0,5.0,True,NEUTRAL_PRIOR,route2zero_operator_prior_v1,operator-v2.0
LTFRB_PUJ1117,,,50.0,,50.0,0.0,5.0,True,NEUTRAL_PRIOR,route2zero_operator_prior_v1,operator-v2.0
LTFRB_PUJ1118,,,50.0,,50.0,0.0,5.0,True,NEUTRAL_PRIOR,route2zero_operator_prior_v1,operator-v2.0
LTFRB_PUJ1121,,,50.0,,50.0,0.0,5.0,True,NEUTRAL_PRIOR,route2zero_operator_prior_v1,operator-v2.0
LTFRB_PUJ1122,,,50.0,,50.0,0.0,5.0,True,NEUTRAL_PRIOR,route2zero_operator_prior_v1,operator-v2.0
LTFRB_PUJ1123,,,50.0,,50.0,0.0,5.0,True,NEUTRAL_PRIOR,route2zero_operator_prior_v1,operator-v2.0
LTFRB_PUJ1124,,,50.0,,50.0,0.0,5.0,True,NEUTRAL_PRIOR,route2zero_operator_prior_v1,operator-v2.0
LTFRB_PUJ1125,,,50.0,,50.0,0.0,5.0,True,NEUTRAL_PRIOR,route2zero_operator_prior_v1,operator-v2.0
LTFRB_PUJ1128,,,50.0,,50.0,0.0,5.0,True,NEUTRAL_PRIOR,route2zero_operator_prior_v1,operator-v2.0
LTFRB_PUJ1129,,,50.0,,50.0,0.0,5.0,True,NEUTRAL_PRIOR,route2zero_operator_prior_v1,operator-v2.0
LTFRB_PUJ1130,,,50.0,,50.0,0.0,5.0,True,NEUTRAL_PRIOR,route2zero_operator_prior_v1,operator-v2.0
LTFRB_PUJ1131,,,50.0,,50.0,0.0,5.0,True,NEUTRAL_PRIOR,route2zero_operator_prior_v1,operator-v2.0
LTFRB_PUJ1132,,,50.0,,50.0,0.0,5.0,True,NEUTRAL_PRIOR,route2zero_operator_prior_v1,operator-v2.0
LTFRB_PUJ1133,,,50.0,,50.0,0.0,5.0,True,NEUTRAL_PRIOR,route2zero_operator_prior_v1,operator-v2.0
LTFRB_PUJ1134,,,50.0,,50.0,0.0,5.0,True,NEUTRAL_PRIOR,route2zero_operator_prior_v1,operator-v2.0
LTFRB_PUJ1135,,,50.0,,50.0,0.0,5.0,True,NEUTRAL_PRIOR,route2zero_operator_prior_v1,operator-v2.0
LTFRB_PUJ1136,,,50.0,,50.0,0.0,5.0,True,NEUTRAL_PRIOR,route2zero_operator_prior_v1,operator-v2.0
LTFRB_PUJ1137,,,50.0,,50.0,0.0,5.0,True,NEUTRAL_PRIOR,route2zero_operator_prior_v1,operator-v2.0
LTFRB_PUJ1138,,,50.0,,50.0,0.0,5.0,True,NEUTRAL_PRIOR,route2zero_operator_prior_v1,operator-v2.0
LTFRB_PUJ1139,,,50.0,,50.0,0.0,5.0,True,NEUTRAL_PRIOR,route2zero_operator_prior_v1,operator-v2.0
LTFRB_PUJ1140,,,50.0,,50.0,0.0,5.0,True,NEUTRAL_PRIOR,route2zero_operator_prior_v1,operator-v2.0
LTFRB_PUJ1141,,,50.0,,50.0,0.0,5.0,True,NEUTRAL_PRIOR,route2zero_operator_prior_v1,operator-v2.0
LTFRB_PUJ1142,,,50.0,,50.0,0.0,5.0,True,NEUTRAL_PRIOR,route2zero_operator_prior_v1,operator-v2.0
LTFRB_PUJ1143,,,50.0,,50.0,0.0,5.0,True,NEUTRAL_PRIOR,route2zero_operator_prior_v1,operator-v2.0
LTFRB_PUJ1144,,,50.0,,50.0,0.0,5.0,True,NEUTRAL_PRIOR,route2zero_operator_prior_v1,operator-v2.0
LTFRB_PUJ1145,,,50.0,,50.0,0.0,5.0,True,NEUTRAL_PRIOR,route2zero_operator_prior_v1,operator-v2.0
LTFRB_PUJ1146,,,50.0,,50.0,0.0,5.0,True,NEUTRAL_PRIOR,route2zero_operator_prior_v1,operator-v2.0
LTFRB_PUJ1147,,,50.0,,50.0,0.0,5.0,True,NEUTRAL_PRIOR,route2zero_operator_prior_v1,operator-v2.0
LTFRB_PUJ1148,,,50.0,,50.0,0.0,5.0,True,NEUTRAL_PRIOR,route2zero_operator_prior_v1,operator-v2.0
LTFRB_PUJ1149,,,50.0,,50.0,0.0,5.0,True,NEUTRAL_PRIOR,route2zero_operator_prior_v1,operator-v2.0
LTFRB_PUJ1150,,,50.0,,50.0,0.0,5.0,True,NEUTRAL_PRIOR,route2zero_operator_prior_v1,operator-v2.0
LTFRB_PUJ1151,,,50.0,,50.0,0.0,5.0,True,NEUTRAL_PRIOR,route2zero_operator_prior_v1,operator-v2.0
LTFRB_PUJ1152,,,50.0,,50.0,0.0,5.0,True,NEUTRAL_PRIOR,route2zero_operator_prior_v1,operator-v2.0
LTFRB_PUJ1153,,,50.0,,50.0,0.0,5.0,True,NEUTRAL_PRIOR,route2zero_operator_prior_v1,operator-v2.0
LTFRB_PUJ1154,,,50.0,,50.0,0.0,5.0,True,NEUTRAL_PRIOR,route2zero_operator_prior_v1,operator-v2.0
LTFRB_PUJ1155,,,50.0,,50.0,0.0,5.0,True,NEUTRAL_PRIOR,route2zero_operator_prior_v1,operator-v2.0
LTFRB_PUJ1156,,,50.0,,50.0,0.0,5.0,True,NEUTRAL_PRIOR,route2zero_operator_prior_v1,operator-v2.0
LTFRB_PUJ1157,,,50.0,,50.0,0.0,5.0,True,NEUTRAL_PRIOR,route2zero_operator_prior_v1,operator-v2.0
LTFRB_PUJ1159,,,50.0,,50.0,0.0,5.0,True,NEUTRAL_PRIOR,route2zero_operator_prior_v1,operator-v2.0
LTFRB_PUJ1160,,,50.0,,50.0,0.0,5.0,True,NEUTRAL_PRIOR,route2zero_operator_prior_v1,operator-v2.0
LTFRB_PUJ1161,,,50.0,,50.0,0.0,5.0,True,NEUTRAL_PRIOR,route2zero_operator_prior_v1,operator-v2.0
LTFRB_PUJ1162,,,50.0,,50.0,0.0,5.0,True,NEUTRAL_PRIOR,route2zero_operator_prior_v1,operator-v2.0
LTFRB_PUJ1163,,,50.0,,50.0,0.0,5.0,True,NEUTRAL_PRIOR,route2zero_operator_prior_v1,operator-v2.0
LTFRB_PUJ1164,,,50.0,,50.0,0.0,5.0,True,NEUTRAL_PRIOR,route2zero_operator_prior_v1,operator-v2.0
LTFRB_PUJ1165,,,50.0,,50.0,0.0,5.0,True,NEUTRAL_PRIOR,route2zero_operator_prior_v1,operator-v2.0
LTFRB_PUJ1166,,,50.0,,50.0,0.0,5.0,True,NEUTRAL_PRIOR,route2zero_operator_prior_v1,operator-v2.0
LTFRB_PUJ1167,,,50.0,,50.0,0.0,5.0,True,NEUTRAL_PRIOR,route2zero_operator_prior_v1,operator-v2.0
LTFRB_PUJ1168,,,50.0,,50.0,0.0,5.0,True,NEUTRAL_PRIOR,route2zero_operator_prior_v1,operator-v2.0
LTFRB_PUJ1169,,,50.0,,50.0,0.0,5.0,True,NEUTRAL_PRIOR,route2zero_operator_prior_v1,operator-v2.0
LTFRB_PUJ1170,,,50.0,,50.0,0.0,5.0,True,NEUTRAL_PRIOR,route2zero_operator_prior_v1,operator-v2.0
LTFRB_PUJ1171,,,50.0,,50.0,0.0,5.0,True,NEUTRAL_PRIOR,route2zero_operator_prior_v1,operator-v2.0
LTFRB_PUJ1172,,,50.0,,50.0,0.0,5.0,True,NEUTRAL_PRIOR,route2zero_operator_prior_v1,operator-v2.0
LTFRB_PUJ1173,,,50.0,,50.0,0.0,5.0,True,NEUTRAL_PRIOR,route2zero_operator_prior_v1,operator-v2.0
LTFRB_PUJ1174,,,50.0,,50.0,0.0,5.0,True,NEUTRAL_PRIOR,route2zero_operator_prior_v1,operator-v2.0
LTFRB_PUJ1175,,,50.0,,50.0,0.0,5.0,True,NEUTRAL_PRIOR,route2zero_operator_prior_v1,operator-v2.0
LTFRB_PUJ1176,,,50.0,,50.0,0.0,5.0,True,NEUTRAL_PRIOR,route2zero_operator_prior_v1,operator-v2.0
LTFRB_PUJ1177,,,50.0,,50.0,0.0,5.0,True,NEUTRAL_PRIOR,route2zero_operator_prior_v1,operator-v2.0
LTFRB_PUJ1178,,,50.0,,50.0,0.0,5.0,True,NEUTRAL_PRIOR,route2zero_operator_prior_v1,operator-v2.0
LTFRB_PUJ1179,,,50.0,,50.0,0.0,5.0,True,NEUTRAL_PRIOR,route2zero_operator_prior_v1,operator-v2.0
LTFRB_PUJ1180,,,50.0,,50.0,0.0,5.0,True,NEUTRAL_PRIOR,route2zero_operator_prior_v1,operator-v2.0
LTFRB_PUJ1181,,,50.0,,50.0,0.0,5.0,True,NEUTRAL_PRIOR,route2zero_operator_prior_v1,operator-v2.0
LTFRB_PUJ1182,,,50.0,,50.0,0.0,5.0,True,NEUTRAL_PRIOR,route2zero_operator_prior_v1,operator-v2.0
LTFRB_PUJ1183,,,50.0,,50.0,0.0,5.0,True,NEUTRAL_PRIOR,route2zero_operator_prior_v1,operator-v2.0
LTFRB_PUJ1184,,,50.0,,50.0,0.0,5.0,True,NEUTRAL_PRIOR,route2zero_operator_prior_v1,operator-v2.0
LTFRB_PUJ1185,,,50.0,,50.0,0.0,5.0,True,NEUTRAL_PRIOR,route2zero_operator_prior_v1,operator-v2.0
LTFRB_PUJ1186,,,50.0,,50.0,0.0,5.0,True,NEUTRAL_PRIOR,route2zero_operator_prior_v1,operator-v2.0
LTFRB_PUJ1187,,,50.0,,50.0,0.0,5.0,True,NEUTRAL_PRIOR,route2zero_operator_prior_v1,operator-v2.0
LTFRB_PUJ1188,,,50.0,,50.0,0.0,5.0,True,NEUTRAL_PRIOR,route2zero_operator_prior_v1,operator-v2.0
LTFRB_PUJ1189,,,50.0,,50.0,0.0,5.0,True,NEUTRAL_PRIOR,route2zero_operator_prior_v1,operator-v2.0
LTFRB_PUJ1190,,,50.0,,50.0,0.0,5.0,True,NEUTRAL_PRIOR,route2zero_operator_prior_v1,operator-v2.0
LTFRB_PUJ1191,,,50.0,,50.0,0.0,5.0,True,NEUTRAL_PRIOR,route2zero_operator_prior_v1,operator-v2.0
LTFRB_PUJ1192,,,50.0,,50.0,0.0,5.0,True,NEUTRAL_PRIOR,route2zero_operator_prior_v1,operator-v2.0
LTFRB_PUJ1193,,,50.0,,50.0,0.0,5.0,True,NEUTRAL_PRIOR,route2zero_operator_prior_v1,operator-v2.0
LTFRB_PUJ1194,,,50.0,,50.0,0.0,5.0,True,NEUTRAL_PRIOR,route2zero_operator_prior_v1,operator-v2.0
LTFRB_PUJ1195,,,50.0,,50.0,0.0,5.0,True,NEUTRAL_PRIOR,route2zero_operator_prior_v1,operator-v2.0
LTFRB_PUJ1196,,,50.0,,50.0,0.0,5.0,True,NEUTRAL_PRIOR,route2zero_operator_prior_v1,operator-v2.0
LTFRB_PUJ1197,,,50.0,,50.0,0.0,5.0,True,NEUTRAL_PRIOR,route2zero_operator_prior_v1,operator-v2.0
LTFRB_PUJ1198,,,50.0,,50.0,0.0,5.0,True,NEUTRAL_PRIOR,route2zero_operator_prior_v1,operator-v2.0
LTFRB_PUJ1199,,,50.0,,50.0,0.0,5.0,True,NEUTRAL_PRIOR,route2zero_operator_prior_v1,operator-v2.0
LTFRB_PUJ1200,,,50.0,,50.0,0.0,5.0,True,NEUTRAL_PRIOR,route2zero_operator_prior_v1,operator-v2.0
LTFRB_PUJ1201,,,50.0,,50.0,0.0,5.0,True,NEUTRAL_PRIOR,route2zero_operator_prior_v1,operator-v2.0
LTFRB_PUJ1202,,,50.0,,50.0,0.0,5.0,True,NEUTRAL_PRIOR,route2zero_operator_prior_v1,operator-v2.0
LTFRB_PUJ1203,,,50.0,,50.0,0.0,5.0,True,NEUTRAL_PRIOR,route2zero_operator_prior_v1,operator-v2.0
LTFRB_PUJ1204,,,50.0,,50.0,0.0,5.0,True,NEUTRAL_PRIOR,route2zero_operator_prior_v1,operator-v2.0
LTFRB_PUJ1205,,,50.0,,50.0,0.0,5.0,True,NEUTRAL_PRIOR,route2zero_operator_prior_v1,operator-v2.0
LTFRB_PUJ1206,,,50.0,,50.0,0.0,5.0,True,NEUTRAL_PRIOR,route2zero_operator_prior_v1,operator-v2.0
LTFRB_PUJ1207,,,50.0,,50.0,0.0,5.0,True,NEUTRAL_PRIOR,route2zero_operator_prior_v1,operator-v2.0
LTFRB_PUJ1208,,,50.0,,50.0,0.0,5.0,True,NEUTRAL_PRIOR,route2zero_operator_prior_v1,operator-v2.0
LTFRB_PUJ1209,,,50.0,,50.0,0.0,5.0,True,NEUTRAL_PRIOR,route2zero_operator_prior_v1,operator-v2.0
LTFRB_PUJ1210,,,50.0,,50.0,0.0,5.0,True,NEUTRAL_PRIOR,route2zero_operator_prior_v1,operator-v2.0
LTFRB_PUJ1211,,,50.0,,50.0,0.0,5.0,True,NEUTRAL_PRIOR,route2zero_operator_prior_v1,operator-v2.0
LTFRB_PUJ1212,,,50.0,,50.0,0.0,5.0,True,NEUTRAL_PRIOR,route2zero_operator_prior_v1,operator-v2.0
LTFRB_PUJ1213,,,50.0,,50.0,0.0,5.0,True,NEUTRAL_PRIOR,route2zero_operator_prior_v1,operator-v2.0
LTFRB_PUJ1214,,,50.0,,50.0,0.0,5.0,True,NEUTRAL_PRIOR,route2zero_operator_prior_v1,operator-v2.0
LTFRB_PUJ1215,,,50.0,,50.0,0.0,5.0,True,NEUTRAL_PRIOR,route2zero_operator_prior_v1,operator-v2.0
LTFRB_PUJ1216,,,50.0,,50.0,0.0,5.0,True,NEUTRAL_PRIOR,route2zero_operator_prior_v1,operator-v2.0
LTFRB_PUJ1217,,,50.0,,50.0,0.0,5.0,True,NEUTRAL_PRIOR,route2zero_operator_prior_v1,operator-v2.0
LTFRB_PUJ1218,,,50.0,,50.0,0.0,5.0,True,NEUTRAL_PRIOR,route2zero_operator_prior_v1,operator-v2.0
LTFRB_PUJ1219,,,50.0,,50.0,0.0,5.0,True,NEUTRAL_PRIOR,route2zero_operator_prior_v1,operator-v2.0
LTFRB_PUJ1220,,,50.0,,50.0,0.0,5.0,True,NEUTRAL_PRIOR,route2zero_operator_prior_v1,operator-v2.0
LTFRB_PUJ1221,,,50.0,,50.0,0.0,5.0,True,NEUTRAL_PRIOR,route2zero_operator_prior_v1,operator-v2.0
LTFRB_PUJ1222,,,50.0,,50.0,0.0,5.0,True,NEUTRAL_PRIOR,route2zero_operator_prior_v1,operator-v2.0
LTFRB_PUJ1223,,,50.0,,50.0,0.0,5.0,True,NEUTRAL_PRIOR,route2zero_operator_prior_v1,operator-v2.0
LTFRB_PUJ1224,,,50.0,,50.0,0.0,5.0,True,NEUTRAL_PRIOR,route2zero_operator_prior_v1,operator-v2.0
LTFRB_PUJ1225,,,50.0,,50.0,0.0,5.0,True,NEUTRAL_PRIOR,route2zero_operator_prior_v1,operator-v2.0
LTFRB_PUJ1226,,,50.0,,50.0,0.0,5.0,True,NEUTRAL_PRIOR,route2zero_operator_prior_v1,operator-v2.0
LTFRB_PUJ1227,,,50.0,,50.0,0.0,5.0,True,NEUTRAL_PRIOR,route2zero_operator_prior_v1,operator-v2.0
LTFRB_PUJ1228,,,50.0,,50.0,0.0,5.0,True,NEUTRAL_PRIOR,route2zero_operator_prior_v1,operator-v2.0
LTFRB_PUJ1229,,,50.0,,50.0,0.0,5.0,True,NEUTRAL_PRIOR,route2zero_operator_prior_v1,operator-v2.0
LTFRB_PUJ1230,,,50.0,,50.0,0.0,5.0,True,NEUTRAL_PRIOR,route2zero_operator_prior_v1,operator-v2.0
LTFRB_PUJ1232,,,50.0,,50.0,0.0,5.0,True,NEUTRAL_PRIOR,route2zero_operator_prior_v1,operator-v2.0
LTFRB_PUJ1233,,,50.0,,50.0,0.0,5.0,True,NEUTRAL_PRIOR,route2zero_operator_prior_v1,operator-v2.0
LTFRB_PUJ1234,,,50.0,,50.0,0.0,5.0,True,NEUTRAL_PRIOR,route2zero_operator_prior_v1,operator-v2.0
LTFRB_PUJ1235,,,50.0,,50.0,0.0,5.0,True,NEUTRAL_PRIOR,route2zero_operator_prior_v1,operator-v2.0
LTFRB_PUJ1236,,,50.0,,50.0,0.0,5.0,True,NEUTRAL_PRIOR,route2zero_operator_prior_v1,operator-v2.0
LTFRB_PUJ1237,,,50.0,,50.0,0.0,5.0,True,NEUTRAL_PRIOR,route2zero_operator_prior_v1,operator-v2.0
LTFRB_PUJ1238,,,50.0,,50.0,0.0,5.0,True,NEUTRAL_PRIOR,route2zero_operator_prior_v1,operator-v2.0
LTFRB_PUJ1239,,,50.0,,50.0,0.0,5.0,True,NEUTRAL_PRIOR,route2zero_operator_prior_v1,operator-v2.0
LTFRB_PUJ1240,,,50.0,,50.0,0.0,5.0,True,NEUTRAL_PRIOR,route2zero_operator_prior_v1,operator-v2.0
LTFRB_PUJ1241,,,50.0,,50.0,0.0,5.0,True,NEUTRAL_PRIOR,route2zero_operator_prior_v1,operator-v2.0
LTFRB_PUJ1243,,,50.0,,50.0,0.0,5.0,True,NEUTRAL_PRIOR,route2zero_operator_prior_v1,operator-v2.0
LTFRB_PUJ1244,,,50.0,,50.0,0.0,5.0,True,NEUTRAL_PRIOR,route2zero_operator_prior_v1,operator-v2.0
LTFRB_PUJ1245,,,50.0,,50.0,0.0,5.0,True,NEUTRAL_PRIOR,route2zero_operator_prior_v1,operator-v2.0
LTFRB_PUJ1246,,,50.0,,50.0,0.0,5.0,True,NEUTRAL_PRIOR,route2zero_operator_prior_v1,operator-v2.0
LTFRB_PUJ1247,,,50.0,,50.0,0.0,5.0,True,NEUTRAL_PRIOR,route2zero_operator_prior_v1,operator-v2.0
LTFRB_PUJ1248,,,50.0,,50.0,0.0,5.0,True,NEUTRAL_PRIOR,route2zero_operator_prior_v1,operator-v2.0
LTFRB_PUJ1249,,,50.0,,50.0,0.0,5.0,True,NEUTRAL_PRIOR,route2zero_operator_prior_v1,operator-v2.0
LTFRB_PUJ1250,,,50.0,,50.0,0.0,5.0,True,NEUTRAL_PRIOR,route2zero_operator_prior_v1,operator-v2.0
LTFRB_PUJ1251,,,50.0,,50.0,0.0,5.0,True,NEUTRAL_PRIOR,route2zero_operator_prior_v1,operator-v2.0
LTFRB_PUJ1252,,,50.0,,50.0,0.0,5.0,True,NEUTRAL_PRIOR,route2zero_operator_prior_v1,operator-v2.0
LTFRB_PUJ1253,,,50.0,,50.0,0.0,5.0,True,NEUTRAL_PRIOR,route2zero_operator_prior_v1,operator-v2.0
LTFRB_PUJ1254,,,50.0,,50.0,0.0,5.0,True,NEUTRAL_PRIOR,route2zero_operator_prior_v1,operator-v2.0
LTFRB_PUJ1255,,,50.0,,50.0,0.0,5.0,True,NEUTRAL_PRIOR,route2zero_operator_prior_v1,operator-v2.0
LTFRB_PUJ1256,,,50.0,,50.0,0.0,5.0,True,NEUTRAL_PRIOR,route2zero_operator_prior_v1,operator-v2.0
LTFRB_PUJ1257,,,50.0,,50.0,0.0,5.0,True,NEUTRAL_PRIOR,route2zero_operator_prior_v1,operator-v2.0
LTFRB_PUJ1258,,,50.0,,50.0,0.0,5.0,True,NEUTRAL_PRIOR,route2zero_operator_prior_v1,operator-v2.0
LTFRB_PUJ1259,,,50.0,,50.0,0.0,5.0,True,NEUTRAL_PRIOR,route2zero_operator_prior_v1,operator-v2.0
LTFRB_PUJ1260,,,50.0,,50.0,0.0,5.0,True,NEUTRAL_PRIOR,route2zero_operator_prior_v1,operator-v2.0
LTFRB_PUJ1261,,,50.0,,50.0,0.0,5.0,True,NEUTRAL_PRIOR,route2zero_operator_prior_v1,operator-v2.0
LTFRB_PUJ1262,,,50.0,,50.0,0.0,5.0,True,NEUTRAL_PRIOR,route2zero_operator_prior_v1,operator-v2.0
LTFRB_PUJ1263,,,50.0,,50.0,0.0,5.0,True,NEUTRAL_PRIOR,route2zero_operator_prior_v1,operator-v2.0
LTFRB_PUJ1264,,,50.0,,50.0,0.0,5.0,True,NEUTRAL_PRIOR,route2zero_operator_prior_v1,operator-v2.0
LTFRB_PUJ1265,,,50.0,,50.0,0.0,5.0,True,NEUTRAL_PRIOR,route2zero_operator_prior_v1,operator-v2.0
LTFRB_PUJ1266,,,50.0,,50.0,0.0,5.0,True,NEUTRAL_PRIOR,route2zero_operator_prior_v1,operator-v2.0
LTFRB_PUJ1267,,,50.0,,50.0,0.0,5.0,True,NEUTRAL_PRIOR,route2zero_operator_prior_v1,operator-v2.0
LTFRB_PUJ1268,,,50.0,,50.0,0.0,5.0,True,NEUTRAL_PRIOR,route2zero_operator_prior_v1,operator-v2.0
LTFRB_PUJ1269,,,50.0,,50.0,0.0,5.0,True,NEUTRAL_PRIOR,route2zero_operator_prior_v1,operator-v2.0
LTFRB_PUJ1270,,,50.0,,50.0,0.0,5.0,True,NEUTRAL_PRIOR,route2zero_operator_prior_v1,operator-v2.0
LTFRB_PUJ1271,,,50.0,,50.0,0.0,5.0,True,NEUTRAL_PRIOR,route2zero_operator_prior_v1,operator-v2.0
LTFRB_PUJ1272,,,50.0,,50.0,0.0,5.0,True,NEUTRAL_PRIOR,route2zero_operator_prior_v1,operator-v2.0
LTFRB_PUJ1273,,,50.0,,50.0,0.0,5.0,True,NEUTRAL_PRIOR,route2zero_operator_prior_v1,operator-v2.0
LTFRB_PUJ1274,,,50.0,,50.0,0.0,5.0,True,NEUTRAL_PRIOR,route2zero_operator_prior_v1,operator-v2.0
LTFRB_PUJ1275,,,50.0,,50.0,0.0,5.0,True,NEUTRAL_PRIOR,route2zero_operator_prior_v1,operator-v2.0
LTFRB_PUJ1276,,,50.0,,50.0,0.0,5.0,True,NEUTRAL_PRIOR,route2zero_operator_prior_v1,operator-v2.0
LTFRB_PUJ1277,,,50.0,,50.0,0.0,5.0,True,NEUTRAL_PRIOR,route2zero_operator_prior_v1,operator-v2.0
LTFRB_PUJ1278,,,50.0,,50.0,0.0,5.0,True,NEUTRAL_PRIOR,route2zero_operator_prior_v1,operator-v2.0
LTFRB_PUJ1279,,,50.0,,50.0,0.0,5.0,True,NEUTRAL_PRIOR,route2zero_operator_prior_v1,operator-v2.0
LTFRB_PUJ1280,,,50.0,,50.0,0.0,5.0,True,NEUTRAL_PRIOR,route2zero_operator_prior_v1,operator-v2.0
LTFRB_PUJ1281,,,50.0,,50.0,0.0,5.0,True,NEUTRAL_PRIOR,route2zero_operator_prior_v1,operator-v2.0
LTFRB_PUJ1282,,,50.0,,50.0,0.0,5.0,True,NEUTRAL_PRIOR,route2zero_operator_prior_v1,operator-v2.0
LTFRB_PUJ1283,,,50.0,,50.0,0.0,5.0,True,NEUTRAL_PRIOR,route2zero_operator_prior_v1,operator-v2.0
LTFRB_PUJ1284,,,50.0,,50.0,0.0,5.0,True,NEUTRAL_PRIOR,route2zero_operator_prior_v1,operator-v2.0
LTFRB_PUJ1285,,,50.0,,50.0,0.0,5.0,True,NEUTRAL_PRIOR,route2zero_operator_prior_v1,operator-v2.0
LTFRB_PUJ1286,,,50.0,,50.0,0.0,5.0,True,NEUTRAL_PRIOR,route2zero_operator_prior_v1,operator-v2.0
LTFRB_PUJ1288,,,50.0,,50.0,0.0,5.0,True,NEUTRAL_PRIOR,route2zero_operator_prior_v1,operator-v2.0
LTFRB_PUJ1289,,,50.0,,50.0,0.0,5.0,True,NEUTRAL_PRIOR,route2zero_operator_prior_v1,operator-v2.0
LTFRB_PUJ1290,,,50.0,,50.0,0.0,5.0,True,NEUTRAL_PRIOR,route2zero_operator_prior_v1,operator-v2.0
LTFRB_PUJ1291,,,50.0,,50.0,0.0,5.0,True,NEUTRAL_PRIOR,route2zero_operator_prior_v1,operator-v2.0
LTFRB_PUJ1292,,,50.0,,50.0,0.0,5.0,True,NEUTRAL_PRIOR,route2zero_operator_prior_v1,operator-v2.0
LTFRB_PUJ1293,,,50.0,,50.0,0.0,5.0,True,NEUTRAL_PRIOR,route2zero_operator_prior_v1,operator-v2.0
LTFRB_PUJ1294,,,50.0,,50.0,0.0,5.0,True,NEUTRAL_PRIOR,route2zero_operator_prior_v1,operator-v2.0
LTFRB_PUJ1295,,,50.0,,50.0,0.0,5.0,True,NEUTRAL_PRIOR,route2zero_operator_prior_v1,operator-v2.0
LTFRB_PUJ1296,,,50.0,,50.0,0.0,5.0,True,NEUTRAL_PRIOR,route2zero_operator_prior_v1,operator-v2.0
LTFRB_PUJ1297,,,50.0,,50.0,0.0,5.0,True,NEUTRAL_PRIOR,route2zero_operator_prior_v1,operator-v2.0
LTFRB_PUJ1298,,,50.0,,50.0,0.0,5.0,True,NEUTRAL_PRIOR,route2zero_operator_prior_v1,operator-v2.0
LTFRB_PUJ1299,,,50.0,,50.0,0.0,5.0,True,NEUTRAL_PRIOR,route2zero_operator_prior_v1,operator-v2.0
LTFRB_PUJ1300,,,50.0,,50.0,0.0,5.0,True,NEUTRAL_PRIOR,route2zero_operator_prior_v1,operator-v2.0
LTFRB_PUJ1301,,,50.0,,50.0,0.0,5.0,True,NEUTRAL_PRIOR,route2zero_operator_prior_v1,operator-v2.0
LTFRB_PUJ1304,,,50.0,,50.0,0.0,5.0,True,NEUTRAL_PRIOR,route2zero_operator_prior_v1,operator-v2.0
LTFRB_PUJ1305,,,50.0,,50.0,0.0,5.0,True,NEUTRAL_PRIOR,route2zero_operator_prior_v1,operator-v2.0
LTFRB_PUJ1306,,,50.0,,50.0,0.0,5.0,True,NEUTRAL_PRIOR,route2zero_operator_prior_v1,operator-v2.0
LTFRB_PUJ1307,,,50.0,,50.0,0.0,5.0,True,NEUTRAL_PRIOR,route2zero_operator_prior_v1,operator-v2.0
LTFRB_PUJ1308,,,50.0,,50.0,0.0,5.0,True,NEUTRAL_PRIOR,route2zero_operator_prior_v1,operator-v2.0
LTFRB_PUJ1309,,,50.0,,50.0,0.0,5.0,True,NEUTRAL_PRIOR,route2zero_operator_prior_v1,operator-v2.0
LTFRB_PUJ1310,,,50.0,,50.0,0.0,5.0,True,NEUTRAL_PRIOR,route2zero_operator_prior_v1,operator-v2.0
LTFRB_PUJ1311,,,50.0,,50.0,0.0,5.0,True,NEUTRAL_PRIOR,route2zero_operator_prior_v1,operator-v2.0
LTFRB_PUJ1312,,,50.0,,50.0,0.0,5.0,True,NEUTRAL_PRIOR,route2zero_operator_prior_v1,operator-v2.0
LTFRB_PUJ1313,,,50.0,,50.0,0.0,5.0,True,NEUTRAL_PRIOR,route2zero_operator_prior_v1,operator-v2.0
LTFRB_PUJ1314,,,50.0,,50.0,0.0,5.0,True,NEUTRAL_PRIOR,route2zero_operator_prior_v1,operator-v2.0
LTFRB_PUJ1315,,,50.0,,50.0,0.0,5.0,True,NEUTRAL_PRIOR,route2zero_operator_prior_v1,operator-v2.0
LTFRB_PUJ1316,,,50.0,,50.0,0.0,5.0,True,NEUTRAL_PRIOR,route2zero_operator_prior_v1,operator-v2.0
LTFRB_PUJ1317,,,50.0,,50.0,0.0,5.0,True,NEUTRAL_PRIOR,route2zero_operator_prior_v1,operator-v2.0
LTFRB_PUJ1318,,,50.0,,50.0,0.0,5.0,True,NEUTRAL_PRIOR,route2zero_operator_prior_v1,operator-v2.0
LTFRB_PUJ1319,,,50.0,,50.0,0.0,5.0,True,NEUTRAL_PRIOR,route2zero_operator_prior_v1,operator-v2.0
LTFRB_PUJ1321,,,50.0,,50.0,0.0,5.0,True,NEUTRAL_PRIOR,route2zero_operator_prior_v1,operator-v2.0
LTFRB_PUJ1322,,,50.0,,50.0,0.0,5.0,True,NEUTRAL_PRIOR,route2zero_operator_prior_v1,operator-v2.0
LTFRB_PUJ1323,,,50.0,,50.0,0.0,5.0,True,NEUTRAL_PRIOR,route2zero_operator_prior_v1,operator-v2.0
LTFRB_PUJ1324,,,50.0,,50.0,0.0,5.0,True,NEUTRAL_PRIOR,route2zero_operator_prior_v1,operator-v2.0
LTFRB_PUJ1325,,,50.0,,50.0,0.0,5.0,True,NEUTRAL_PRIOR,route2zero_operator_prior_v1,operator-v2.0
LTFRB_PUJ1326,,,50.0,,50.0,0.0,5.0,True,NEUTRAL_PRIOR,route2zero_operator_prior_v1,operator-v2.0
LTFRB_PUJ1327,,,50.0,,50.0,0.0,5.0,True,NEUTRAL_PRIOR,route2zero_operator_prior_v1,operator-v2.0
LTFRB_PUJ1328,,,50.0,,50.0,0.0,5.0,True,NEUTRAL_PRIOR,route2zero_operator_prior_v1,operator-v2.0
LTFRB_PUJ1330,,,50.0,,50.0,0.0,5.0,True,NEUTRAL_PRIOR,route2zero_operator_prior_v1,operator-v2.0
LTFRB_PUJ1331,,,50.0,,50.0,0.0,5.0,True,NEUTRAL_PRIOR,route2zero_operator_prior_v1,operator-v2.0
LTFRB_PUJ1332,,,50.0,,50.0,0.0,5.0,True,NEUTRAL_PRIOR,route2zero_operator_prior_v1,operator-v2.0
LTFRB_PUJ1333,,,50.0,,50.0,0.0,5.0,True,NEUTRAL_PRIOR,route2zero_operator_prior_v1,operator-v2.0
LTFRB_PUJ1334,,,50.0,,50.0,0.0,5.0,True,NEUTRAL_PRIOR,route2zero_operator_prior_v1,operator-v2.0
LTFRB_PUJ1335,,,50.0,,50.0,0.0,5.0,True,NEUTRAL_PRIOR,route2zero_operator_prior_v1,operator-v2.0
LTFRB_PUJ1336,,,50.0,,50.0,0.0,5.0,True,NEUTRAL_PRIOR,route2zero_operator_prior_v1,operator-v2.0
LTFRB_PUJ1337,,,50.0,,50.0,0.0,5.0,True,NEUTRAL_PRIOR,route2zero_operator_prior_v1,operator-v2.0
LTFRB_PUJ1338,,,50.0,,50.0,0.0,5.0,True,NEUTRAL_PRIOR,route2zero_operator_prior_v1,operator-v2.0
LTFRB_PUJ1339,,,50.0,,50.0,0.0,5.0,True,NEUTRAL_PRIOR,route2zero_operator_prior_v1,operator-v2.0
LTFRB_PUJ1340,,,50.0,,50.0,0.0,5.0,True,NEUTRAL_PRIOR,route2zero_operator_prior_v1,operator-v2.0
LTFRB_PUJ1341,,,50.0,,50.0,0.0,5.0,True,NEUTRAL_PRIOR,route2zero_operator_prior_v1,operator-v2.0
LTFRB_PUJ1342,,,50.0,,50.0,0.0,5.0,True,NEUTRAL_PRIOR,route2zero_operator_prior_v1,operator-v2.0
LTFRB_PUJ1343,,,50.0,,50.0,0.0,5.0,True,NEUTRAL_PRIOR,route2zero_operator_prior_v1,operator-v2.0
LTFRB_PUJ1344,,,50.0,,50.0,0.0,5.0,True,NEUTRAL_PRIOR,route2zero_operator_prior_v1,operator-v2.0
LTFRB_PUJ1345,,,50.0,,50.0,0.0,5.0,True,NEUTRAL_PRIOR,route2zero_operator_prior_v1,operator-v2.0
LTFRB_PUJ1346,,,50.0,,50.0,0.0,5.0,True,NEUTRAL_PRIOR,route2zero_operator_prior_v1,operator-v2.0
LTFRB_PUJ1347,,,50.0,,50.0,0.0,5.0,True,NEUTRAL_PRIOR,route2zero_operator_prior_v1,operator-v2.0
LTFRB_PUJ1348,,,50.0,,50.0,0.0,5.0,True,NEUTRAL_PRIOR,route2zero_operator_prior_v1,operator-v2.0
LTFRB_PUJ1349,,,50.0,,50.0,0.0,5.0,True,NEUTRAL_PRIOR,route2zero_operator_prior_v1,operator-v2.0
LTFRB_PUJ1350,,,50.0,,50.0,0.0,5.0,True,NEUTRAL_PRIOR,route2zero_operator_prior_v1,operator-v2.0
LTFRB_PUJ1351,,,50.0,,50.0,0.0,5.0,True,NEUTRAL_PRIOR,route2zero_operator_prior_v1,operator-v2.0
LTFRB_PUJ1352,,,50.0,,50.0,0.0,5.0,True,NEUTRAL_PRIOR,route2zero_operator_prior_v1,operator-v2.0
LTFRB_PUJ1353,,,50.0,,50.0,0.0,5.0,True,NEUTRAL_PRIOR,route2zero_operator_prior_v1,operator-v2.0
LTFRB_PUJ1354,,,50.0,,50.0,0.0,5.0,True,NEUTRAL_PRIOR,route2zero_operator_prior_v1,operator-v2.0
LTFRB_PUJ1355,,,50.0,,50.0,0.0,5.0,True,NEUTRAL_PRIOR,route2zero_operator_prior_v1,operator-v2.0
LTFRB_PUJ1356,,,50.0,,50.0,0.0,5.0,True,NEUTRAL_PRIOR,route2zero_operator_prior_v1,operator-v2.0
LTFRB_PUJ1357,,,50.0,,50.0,0.0,5.0,True,NEUTRAL_PRIOR,route2zero_operator_prior_v1,operator-v2.0
LTFRB_PUJ1358,,,50.0,,50.0,0.0,5.0,True,NEUTRAL_PRIOR,route2zero_operator_prior_v1,operator-v2.0
LTFRB_PUJ1359,,,50.0,,50.0,0.0,5.0,True,NEUTRAL_PRIOR,route2zero_operator_prior_v1,operator-v2.0
LTFRB_PUJ1360,,,50.0,,50.0,0.0,5.0,True,NEUTRAL_PRIOR,route2zero_operator_prior_v1,operator-v2.0
LTFRB_PUJ1361,,,50.0,,50.0,0.0,5.0,True,NEUTRAL_PRIOR,route2zero_operator_prior_v1,operator-v2.0
LTFRB_PUJ1362,,,50.0,,50.0,0.0,5.0,True,NEUTRAL_PRIOR,route2zero_operator_prior_v1,operator-v2.0
LTFRB_PUJ1363,,,50.0,,50.0,0.0,5.0,True,NEUTRAL_PRIOR,route2zero_operator_prior_v1,operator-v2.0
LTFRB_PUJ1364,,,50.0,,50.0,0.0,5.0,True,NEUTRAL_PRIOR,route2zero_operator_prior_v1,operator-v2.0
LTFRB_PUJ1365,,,50.0,,50.0,0.0,5.0,True,NEUTRAL_PRIOR,route2zero_operator_prior_v1,operator-v2.0
LTFRB_PUJ1366,,,50.0,,50.0,0.0,5.0,True,NEUTRAL_PRIOR,route2zero_operator_prior_v1,operator-v2.0
LTFRB_PUJ1367,,,50.0,,50.0,0.0,5.0,True,NEUTRAL_PRIOR,route2zero_operator_prior_v1,operator-v2.0
LTFRB_PUJ1368,,,50.0,,50.0,0.0,5.0,True,NEUTRAL_PRIOR,route2zero_operator_prior_v1,operator-v2.0
LTFRB_PUJ1369,,,50.0,,50.0,0.0,5.0,True,NEUTRAL_PRIOR,route2zero_operator_prior_v1,operator-v2.0
LTFRB_PUJ1370,,,50.0,,50.0,0.0,5.0,True,NEUTRAL_PRIOR,route2zero_operator_prior_v1,operator-v2.0
LTFRB_PUJ1371,,,50.0,,50.0,0.0,5.0,True,NEUTRAL_PRIOR,route2zero_operator_prior_v1,operator-v2.0
LTFRB_PUJ1372,,,50.0,,50.0,0.0,5.0,True,NEUTRAL_PRIOR,route2zero_operator_prior_v1,operator-v2.0
LTFRB_PUJ1373,,,50.0,,50.0,0.0,5.0,True,NEUTRAL_PRIOR,route2zero_operator_prior_v1,operator-v2.0
LTFRB_PUJ1374,,,50.0,,50.0,0.0,5.0,True,NEUTRAL_PRIOR,route2zero_operator_prior_v1,operator-v2.0
LTFRB_PUJ1375,,,50.0,,50.0,0.0,5.0,True,NEUTRAL_PRIOR,route2zero_operator_prior_v1,operator-v2.0
LTFRB_PUJ1376,,,50.0,,50.0,0.0,5.0,True,NEUTRAL_PRIOR,route2zero_operator_prior_v1,operator-v2.0
LTFRB_PUJ1377,,,50.0,,50.0,0.0,5.0,True,NEUTRAL_PRIOR,route2zero_operator_prior_v1,operator-v2.0
LTFRB_PUJ1378,,,50.0,,50.0,0.0,5.0,True,NEUTRAL_PRIOR,route2zero_operator_prior_v1,operator-v2.0
LTFRB_PUJ1379,,,50.0,,50.0,0.0,5.0,True,NEUTRAL_PRIOR,route2zero_operator_prior_v1,operator-v2.0
LTFRB_PUJ1380,,,50.0,,50.0,0.0,5.0,True,NEUTRAL_PRIOR,route2zero_operator_prior_v1,operator-v2.0
LTFRB_PUJ1381,,,50.0,,50.0,0.0,5.0,True,NEUTRAL_PRIOR,route2zero_operator_prior_v1,operator-v2.0
LTFRB_PUJ1382,,,50.0,,50.0,0.0,5.0,True,NEUTRAL_PRIOR,route2zero_operator_prior_v1,operator-v2.0
LTFRB_PUJ1383,,,50.0,,50.0,0.0,5.0,True,NEUTRAL_PRIOR,route2zero_operator_prior_v1,operator-v2.0
LTFRB_PUJ1384,,,50.0,,50.0,0.0,5.0,True,NEUTRAL_PRIOR,route2zero_operator_prior_v1,operator-v2.0
LTFRB_PUJ1385,,,50.0,,50.0,0.0,5.0,True,NEUTRAL_PRIOR,route2zero_operator_prior_v1,operator-v2.0
LTFRB_PUJ1386,,,50.0,,50.0,0.0,5.0,True,NEUTRAL_PRIOR,route2zero_operator_prior_v1,operator-v2.0
LTFRB_PUJ1387,,,50.0,,50.0,0.0,5.0,True,NEUTRAL_PRIOR,route2zero_operator_prior_v1,operator-v2.0
LTFRB_PUJ1388,,,50.0,,50.0,0.0,5.0,True,NEUTRAL_PRIOR,route2zero_operator_prior_v1,operator-v2.0
LTFRB_PUJ1389,,,50.0,,50.0,0.0,5.0,True,NEUTRAL_PRIOR,route2zero_operator_prior_v1,operator-v2.0
LTFRB_PUJ1390,,,50.0,,50.0,0.0,5.0,True,NEUTRAL_PRIOR,route2zero_operator_prior_v1,operator-v2.0
LTFRB_PUJ1391,,,50.0,,50.0,0.0,5.0,True,NEUTRAL_PRIOR,route2zero_operator_prior_v1,operator-v2.0
LTFRB_PUJ1392,,,50.0,,50.0,0.0,5.0,True,NEUTRAL_PRIOR,route2zero_operator_prior_v1,operator-v2.0
LTFRB_PUJ1393,,,50.0,,50.0,0.0,5.0,True,NEUTRAL_PRIOR,route2zero_operator_prior_v1,operator-v2.0
LTFRB_PUJ1394,,,50.0,,50.0,0.0,5.0,True,NEUTRAL_PRIOR,route2zero_operator_prior_v1,operator-v2.0
LTFRB_PUJ1395,,,50.0,,50.0,0.0,5.0,True,NEUTRAL_PRIOR,route2zero_operator_prior_v1,operator-v2.0
LTFRB_PUJ1396,,,50.0,,50.0,0.0,5.0,True,NEUTRAL_PRIOR,route2zero_operator_prior_v1,operator-v2.0
LTFRB_PUJ1397,,,50.0,,50.0,0.0,5.0,True,NEUTRAL_PRIOR,route2zero_operator_prior_v1,operator-v2.0
LTFRB_PUJ1398,,,50.0,,50.0,0.0,5.0,True,NEUTRAL_PRIOR,route2zero_operator_prior_v1,operator-v2.0
LTFRB_PUJ1399,,,50.0,,50.0,0.0,5.0,True,NEUTRAL_PRIOR,route2zero_operator_prior_v1,operator-v2.0
LTFRB_PUJ1400,,,50.0,,50.0,0.0,5.0,True,NEUTRAL_PRIOR,route2zero_operator_prior_v1,operator-v2.0
LTFRB_PUJ1401,,,50.0,,50.0,0.0,5.0,True,NEUTRAL_PRIOR,route2zero_operator_prior_v1,operator-v2.0
LTFRB_PUJ1402,,,50.0,,50.0,0.0,5.0,True,NEUTRAL_PRIOR,route2zero_operator_prior_v1,operator-v2.0
LTFRB_PUJ1405,,,50.0,,50.0,0.0,5.0,True,NEUTRAL_PRIOR,route2zero_operator_prior_v1,operator-v2.0
LTFRB_PUJ1406,,,50.0,,50.0,0.0,5.0,True,NEUTRAL_PRIOR,route2zero_operator_prior_v1,operator-v2.0
LTFRB_PUJ1407,,,50.0,,50.0,0.0,5.0,True,NEUTRAL_PRIOR,route2zero_operator_prior_v1,operator-v2.0
LTFRB_PUJ1408,,,50.0,,50.0,0.0,5.0,True,NEUTRAL_PRIOR,route2zero_operator_prior_v1,operator-v2.0
LTFRB_PUJ1409,,,50.0,,50.0,0.0,5.0,True,NEUTRAL_PRIOR,route2zero_operator_prior_v1,operator-v2.0
LTFRB_PUJ1410,,,50.0,,50.0,0.0,5.0,True,NEUTRAL_PRIOR,route2zero_operator_prior_v1,operator-v2.0
LTFRB_PUJ1411,,,50.0,,50.0,0.0,5.0,True,NEUTRAL_PRIOR,route2zero_operator_prior_v1,operator-v2.0
LTFRB_PUJ1412,,,50.0,,50.0,0.0,5.0,True,NEUTRAL_PRIOR,route2zero_operator_prior_v1,operator-v2.0
LTFRB_PUJ1413,,,50.0,,50.0,0.0,5.0,True,NEUTRAL_PRIOR,route2zero_operator_prior_v1,operator-v2.0
LTFRB_PUJ1414,,,50.0,,50.0,0.0,5.0,True,NEUTRAL_PRIOR,route2zero_operator_prior_v1,operator-v2.0
LTFRB_PUJ1415,,,50.0,,50.0,0.0,5.0,True,NEUTRAL_PRIOR,route2zero_operator_prior_v1,operator-v2.0
LTFRB_PUJ1416,,,50.0,,50.0,0.0,5.0,True,NEUTRAL_PRIOR,route2zero_operator_prior_v1,operator-v2.0
LTFRB_PUJ1417,,,50.0,,50.0,0.0,5.0,True,NEUTRAL_PRIOR,route2zero_operator_prior_v1,operator-v2.0
LTFRB_PUJ1418,,,50.0,,50.0,0.0,5.0,True,NEUTRAL_PRIOR,route2zero_operator_prior_v1,operator-v2.0
LTFRB_PUJ1419,,,50.0,,50.0,0.0,5.0,True,NEUTRAL_PRIOR,route2zero_operator_prior_v1,operator-v2.0
LTFRB_PUJ1420,,,50.0,,50.0,0.0,5.0,True,NEUTRAL_PRIOR,route2zero_operator_prior_v1,operator-v2.0
LTFRB_PUJ1421,,,50.0,,50.0,0.0,5.0,True,NEUTRAL_PRIOR,route2zero_operator_prior_v1,operator-v2.0
LTFRB_PUJ1422,,,50.0,,50.0,0.0,5.0,True,NEUTRAL_PRIOR,route2zero_operator_prior_v1,operator-v2.0
LTFRB_PUJ1423,,,50.0,,50.0,0.0,5.0,True,NEUTRAL_PRIOR,route2zero_operator_prior_v1,operator-v2.0
LTFRB_PUJ1424,,,50.0,,50.0,0.0,5.0,True,NEUTRAL_PRIOR,route2zero_operator_prior_v1,operator-v2.0
LTFRB_PUJ1425,,,50.0,,50.0,0.0,5.0,True,NEUTRAL_PRIOR,route2zero_operator_prior_v1,operator-v2.0
LTFRB_PUJ1426,,,50.0,,50.0,0.0,5.0,True,NEUTRAL_PRIOR,route2zero_operator_prior_v1,operator-v2.0
LTFRB_PUJ1427,,,50.0,,50.0,0.0,5.0,True,NEUTRAL_PRIOR,route2zero_operator_prior_v1,operator-v2.0
LTFRB_PUJ1428,,,50.0,,50.0,0.0,5.0,True,NEUTRAL_PRIOR,route2zero_operator_prior_v1,operator-v2.0
LTFRB_PUJ1429,,,50.0,,50.0,0.0,5.0,True,NEUTRAL_PRIOR,route2zero_operator_prior_v1,operator-v2.0
LTFRB_PUJ1430,,,50.0,,50.0,0.0,5.0,True,NEUTRAL_PRIOR,route2zero_operator_prior_v1,operator-v2.0
LTFRB_PUJ1431,,,50.0,,50.0,0.0,5.0,True,NEUTRAL_PRIOR,route2zero_operator_prior_v1,operator-v2.0
LTFRB_PUJ1432,,,50.0,,50.0,0.0,5.0,True,NEUTRAL_PRIOR,route2zero_operator_prior_v1,operator-v2.0
LTFRB_PUJ1433,,,50.0,,50.0,0.0,5.0,True,NEUTRAL_PRIOR,route2zero_operator_prior_v1,operator-v2.0
LTFRB_PUJ1434,,,50.0,,50.0,0.0,5.0,True,NEUTRAL_PRIOR,route2zero_operator_prior_v1,operator-v2.0
LTFRB_PUJ1435,,,50.0,,50.0,0.0,5.0,True,NEUTRAL_PRIOR,route2zero_operator_prior_v1,operator-v2.0
LTFRB_PUJ1436,,,50.0,,50.0,0.0,5.0,True,NEUTRAL_PRIOR,route2zero_operator_prior_v1,operator-v2.0
LTFRB_PUJ1437,,,50.0,,50.0,0.0,5.0,True,NEUTRAL_PRIOR,route2zero_operator_prior_v1,operator-v2.0
LTFRB_PUJ1438,,,50.0,,50.0,0.0,5.0,True,NEUTRAL_PRIOR,route2zero_operator_prior_v1,operator-v2.0
LTFRB_PUJ1439,,,50.0,,50.0,0.0,5.0,True,NEUTRAL_PRIOR,route2zero_operator_prior_v1,operator-v2.0
LTFRB_PUJ1440,,,50.0,,50.0,0.0,5.0,True,NEUTRAL_PRIOR,route2zero_operator_prior_v1,operator-v2.0
LTFRB_PUJ1441,,,50.0,,50.0,0.0,5.0,True,NEUTRAL_PRIOR,route2zero_operator_prior_v1,operator-v2.0
LTFRB_PUJ1442,,,50.0,,50.0,0.0,5.0,True,NEUTRAL_PRIOR,route2zero_operator_prior_v1,operator-v2.0
LTFRB_PUJ1443,,,50.0,,50.0,0.0,5.0,True,NEUTRAL_PRIOR,route2zero_operator_prior_v1,operator-v2.0
LTFRB_PUJ1444,,,50.0,,50.0,0.0,5.0,True,NEUTRAL_PRIOR,route2zero_operator_prior_v1,operator-v2.0
LTFRB_PUJ1445,,,50.0,,50.0,0.0,5.0,True,NEUTRAL_PRIOR,route2zero_operator_prior_v1,operator-v2.0
LTFRB_PUJ1446,,,50.0,,50.0,0.0,5.0,True,NEUTRAL_PRIOR,route2zero_operator_prior_v1,operator-v2.0
LTFRB_PUJ1447,,,50.0,,50.0,0.0,5.0,True,NEUTRAL_PRIOR,route2zero_operator_prior_v1,operator-v2.0
LTFRB_PUJ1448,,,50.0,,50.0,0.0,5.0,True,NEUTRAL_PRIOR,route2zero_operator_prior_v1,operator-v2.0
LTFRB_PUJ1449,,,50.0,,50.0,0.0,5.0,True,NEUTRAL_PRIOR,route2zero_operator_prior_v1,operator-v2.0
LTFRB_PUJ1450,,,50.0,,50.0,0.0,5.0,True,NEUTRAL_PRIOR,route2zero_operator_prior_v1,operator-v2.0
LTFRB_PUJ1451,,,50.0,,50.0,0.0,5.0,True,NEUTRAL_PRIOR,route2zero_operator_prior_v1,operator-v2.0
LTFRB_PUJ1453,,,50.0,,50.0,0.0,5.0,True,NEUTRAL_PRIOR,route2zero_operator_prior_v1,operator-v2.0
LTFRB_PUJ1454,,,50.0,,50.0,0.0,5.0,True,NEUTRAL_PRIOR,route2zero_operator_prior_v1,operator-v2.0
LTFRB_PUJ1455,,,50.0,,50.0,0.0,5.0,True,NEUTRAL_PRIOR,route2zero_operator_prior_v1,operator-v2.0
LTFRB_PUJ1456,,,50.0,,50.0,0.0,5.0,True,NEUTRAL_PRIOR,route2zero_operator_prior_v1,operator-v2.0
LTFRB_PUJ1457,,,50.0,,50.0,0.0,5.0,True,NEUTRAL_PRIOR,route2zero_operator_prior_v1,operator-v2.0
LTFRB_PUJ1458,,,50.0,,50.0,0.0,5.0,True,NEUTRAL_PRIOR,route2zero_operator_prior_v1,operator-v2.0
LTFRB_PUJ1459,,,50.0,,50.0,0.0,5.0,True,NEUTRAL_PRIOR,route2zero_operator_prior_v1,operator-v2.0
LTFRB_PUJ1460,,,50.0,,50.0,0.0,5.0,True,NEUTRAL_PRIOR,route2zero_operator_prior_v1,operator-v2.0
LTFRB_PUJ1462,,,50.0,,50.0,0.0,5.0,True,NEUTRAL_PRIOR,route2zero_operator_prior_v1,operator-v2.0
LTFRB_PUJ1463,,,50.0,,50.0,0.0,5.0,True,NEUTRAL_PRIOR,route2zero_operator_prior_v1,operator-v2.0
LTFRB_PUJ1464,,,50.0,,50.0,0.0,5.0,True,NEUTRAL_PRIOR,route2zero_operator_prior_v1,operator-v2.0
LTFRB_PUJ1465,,,50.0,,50.0,0.0,5.0,True,NEUTRAL_PRIOR,route2zero_operator_prior_v1,operator-v2.0
LTFRB_PUJ1466,,,50.0,,50.0,0.0,5.0,True,NEUTRAL_PRIOR,route2zero_operator_prior_v1,operator-v2.0
LTFRB_PUJ1467,,,50.0,,50.0,0.0,5.0,True,NEUTRAL_PRIOR,route2zero_operator_prior_v1,operator-v2.0
LTFRB_PUJ1468,,,50.0,,50.0,0.0,5.0,True,NEUTRAL_PRIOR,route2zero_operator_prior_v1,operator-v2.0
LTFRB_PUJ1469,,,50.0,,50.0,0.0,5.0,True,NEUTRAL_PRIOR,route2zero_operator_prior_v1,operator-v2.0
LTFRB_PUJ1470,,,50.0,,50.0,0.0,5.0,True,NEUTRAL_PRIOR,route2zero_operator_prior_v1,operator-v2.0
LTFRB_PUJ1471,,,50.0,,50.0,0.0,5.0,True,NEUTRAL_PRIOR,route2zero_operator_prior_v1,operator-v2.0
LTFRB_PUJ1472,,,50.0,,50.0,0.0,5.0,True,NEUTRAL_PRIOR,route2zero_operator_prior_v1,operator-v2.0
LTFRB_PUJ1473,,,50.0,,50.0,0.0,5.0,True,NEUTRAL_PRIOR,route2zero_operator_prior_v1,operator-v2.0
LTFRB_PUJ1474,,,50.0,,50.0,0.0,5.0,True,NEUTRAL_PRIOR,route2zero_operator_prior_v1,operator-v2.0
LTFRB_PUJ1475,,,50.0,,50.0,0.0,5.0,True,NEUTRAL_PRIOR,route2zero_operator_prior_v1,operator-v2.0
LTFRB_PUJ1476,,,50.0,,50.0,0.0,5.0,True,NEUTRAL_PRIOR,route2zero_operator_prior_v1,operator-v2.0
LTFRB_PUJ1477,,,50.0,,50.0,0.0,5.0,True,NEUTRAL_PRIOR,route2zero_operator_prior_v1,operator-v2.0
LTFRB_PUJ1478,,,50.0,,50.0,0.0,5.0,True,NEUTRAL_PRIOR,route2zero_operator_prior_v1,operator-v2.0
LTFRB_PUJ1480,,,50.0,,50.0,0.0,5.0,True,NEUTRAL_PRIOR,route2zero_operator_prior_v1,operator-v2.0
LTFRB_PUJ1482,,,50.0,,50.0,0.0,5.0,True,NEUTRAL_PRIOR,route2zero_operator_prior_v1,operator-v2.0
LTFRB_PUJ1483,,,50.0,,50.0,0.0,5.0,True,NEUTRAL_PRIOR,route2zero_operator_prior_v1,operator-v2.0
LTFRB_PUJ1484,,,50.0,,50.0,0.0,5.0,True,NEUTRAL_PRIOR,route2zero_operator_prior_v1,operator-v2.0
LTFRB_PUJ1485,,,50.0,,50.0,0.0,5.0,True,NEUTRAL_PRIOR,route2zero_operator_prior_v1,operator-v2.0
LTFRB_PUJ1486,,,50.0,,50.0,0.0,5.0,True,NEUTRAL_PRIOR,route2zero_operator_prior_v1,operator-v2.0
LTFRB_PUJ1487,,,50.0,,50.0,0.0,5.0,True,NEUTRAL_PRIOR,route2zero_operator_prior_v1,operator-v2.0
LTFRB_PUJ1488,,,50.0,,50.0,0.0,5.0,True,NEUTRAL_PRIOR,route2zero_operator_prior_v1,operator-v2.0
LTFRB_PUJ1489,,,50.0,,50.0,0.0,5.0,True,NEUTRAL_PRIOR,route2zero_operator_prior_v1,operator-v2.0
LTFRB_PUJ1490,,,50.0,,50.0,0.0,5.0,True,NEUTRAL_PRIOR,route2zero_operator_prior_v1,operator-v2.0
LTFRB_PUJ1491,,,50.0,,50.0,0.0,5.0,True,NEUTRAL_PRIOR,route2zero_operator_prior_v1,operator-v2.0
LTFRB_PUJ1492,,,50.0,,50.0,0.0,5.0,True,NEUTRAL_PRIOR,route2zero_operator_prior_v1,operator-v2.0
LTFRB_PUJ1493,,,50.0,,50.0,0.0,5.0,True,NEUTRAL_PRIOR,route2zero_operator_prior_v1,operator-v2.0
LTFRB_PUJ1494,,,50.0,,50.0,0.0,5.0,True,NEUTRAL_PRIOR,route2zero_operator_prior_v1,operator-v2.0
LTFRB_PUJ1495,,,50.0,,50.0,0.0,5.0,True,NEUTRAL_PRIOR,route2zero_operator_prior_v1,operator-v2.0
LTFRB_PUJ1496,,,50.0,,50.0,0.0,5.0,True,NEUTRAL_PRIOR,route2zero_operator_prior_v1,operator-v2.0
LTFRB_PUJ1497,,,50.0,,50.0,0.0,5.0,True,NEUTRAL_PRIOR,route2zero_operator_prior_v1,operator-v2.0
LTFRB_PUJ1498,,,50.0,,50.0,0.0,5.0,True,NEUTRAL_PRIOR,route2zero_operator_prior_v1,operator-v2.0
LTFRB_PUJ1499,,,50.0,,50.0,0.0,5.0,True,NEUTRAL_PRIOR,route2zero_operator_prior_v1,operator-v2.0
LTFRB_PUJ1500,,,50.0,,50.0,0.0,5.0,True,NEUTRAL_PRIOR,route2zero_operator_prior_v1,operator-v2.0
LTFRB_PUJ1501,,,50.0,,50.0,0.0,5.0,True,NEUTRAL_PRIOR,route2zero_operator_prior_v1,operator-v2.0
LTFRB_PUJ1502,,,50.0,,50.0,0.0,5.0,True,NEUTRAL_PRIOR,route2zero_operator_prior_v1,operator-v2.0
LTFRB_PUJ1504,,,50.0,,50.0,0.0,5.0,True,NEUTRAL_PRIOR,route2zero_operator_prior_v1,operator-v2.0
LTFRB_PUJ1505,,,50.0,,50.0,0.0,5.0,True,NEUTRAL_PRIOR,route2zero_operator_prior_v1,operator-v2.0
LTFRB_PUJ1506,,,50.0,,50.0,0.0,5.0,True,NEUTRAL_PRIOR,route2zero_operator_prior_v1,operator-v2.0
LTFRB_PUJ1507,,,50.0,,50.0,0.0,5.0,True,NEUTRAL_PRIOR,route2zero_operator_prior_v1,operator-v2.0
LTFRB_PUJ1508,,,50.0,,50.0,0.0,5.0,True,NEUTRAL_PRIOR,route2zero_operator_prior_v1,operator-v2.0
LTFRB_PUJ1509,,,50.0,,50.0,0.0,5.0,True,NEUTRAL_PRIOR,route2zero_operator_prior_v1,operator-v2.0
LTFRB_PUJ1510,,,50.0,,50.0,0.0,5.0,True,NEUTRAL_PRIOR,route2zero_operator_prior_v1,operator-v2.0
LTFRB_PUJ1511,,,50.0,,50.0,0.0,5.0,True,NEUTRAL_PRIOR,route2zero_operator_prior_v1,operator-v2.0
LTFRB_PUJ1512,,,50.0,,50.0,0.0,5.0,True,NEUTRAL_PRIOR,route2zero_operator_prior_v1,operator-v2.0
LTFRB_PUJ1513,,,50.0,,50.0,0.0,5.0,True,NEUTRAL_PRIOR,route2zero_operator_prior_v1,operator-v2.0
LTFRB_PUJ1514,,,50.0,,50.0,0.0,5.0,True,NEUTRAL_PRIOR,route2zero_operator_prior_v1,operator-v2.0
LTFRB_PUJ1515,,,50.0,,50.0,0.0,5.0,True,NEUTRAL_PRIOR,route2zero_operator_prior_v1,operator-v2.0
LTFRB_PUJ1516,,,50.0,,50.0,0.0,5.0,True,NEUTRAL_PRIOR,route2zero_operator_prior_v1,operator-v2.0
LTFRB_PUJ1517,,,50.0,,50.0,0.0,5.0,True,NEUTRAL_PRIOR,route2zero_operator_prior_v1,operator-v2.0
LTFRB_PUJ1518,,,50.0,,50.0,0.0,5.0,True,NEUTRAL_PRIOR,route2zero_operator_prior_v1,operator-v2.0
LTFRB_PUJ1519,,,50.0,,50.0,0.0,5.0,True,NEUTRAL_PRIOR,route2zero_operator_prior_v1,operator-v2.0
LTFRB_PUJ1520,,,50.0,,50.0,0.0,5.0,True,NEUTRAL_PRIOR,route2zero_operator_prior_v1,operator-v2.0
LTFRB_PUJ1521,,,50.0,,50.0,0.0,5.0,True,NEUTRAL_PRIOR,route2zero_operator_prior_v1,operator-v2.0
LTFRB_PUJ1522,,,50.0,,50.0,0.0,5.0,True,NEUTRAL_PRIOR,route2zero_operator_prior_v1,operator-v2.0
LTFRB_PUJ1523,,,50.0,,50.0,0.0,5.0,True,NEUTRAL_PRIOR,route2zero_operator_prior_v1,operator-v2.0
LTFRB_PUJ1524,,,50.0,,50.0,0.0,5.0,True,NEUTRAL_PRIOR,route2zero_operator_prior_v1,operator-v2.0
LTFRB_PUJ1525,,,50.0,,50.0,0.0,5.0,True,NEUTRAL_PRIOR,route2zero_operator_prior_v1,operator-v2.0
LTFRB_PUJ1526,,,50.0,,50.0,0.0,5.0,True,NEUTRAL_PRIOR,route2zero_operator_prior_v1,operator-v2.0
LTFRB_PUJ1527,,,50.0,,50.0,0.0,5.0,True,NEUTRAL_PRIOR,route2zero_operator_prior_v1,operator-v2.0
LTFRB_PUJ1528,,,50.0,,50.0,0.0,5.0,True,NEUTRAL_PRIOR,route2zero_operator_prior_v1,operator-v2.0
LTFRB_PUJ1529,,,50.0,,50.0,0.0,5.0,True,NEUTRAL_PRIOR,route2zero_operator_prior_v1,operator-v2.0
LTFRB_PUJ1530,,,50.0,,50.0,0.0,5.0,True,NEUTRAL_PRIOR,route2zero_operator_prior_v1,operator-v2.0
LTFRB_PUJ1531,,,50.0,,50.0,0.0,5.0,True,NEUTRAL_PRIOR,route2zero_operator_prior_v1,operator-v2.0
LTFRB_PUJ1532,,,50.0,,50.0,0.0,5.0,True,NEUTRAL_PRIOR,route2zero_operator_prior_v1,operator-v2.0
LTFRB_PUJ1533,,,50.0,,50.0,0.0,5.0,True,NEUTRAL_PRIOR,route2zero_operator_prior_v1,operator-v2.0
LTFRB_PUJ1534,,,50.0,,50.0,0.0,5.0,True,NEUTRAL_PRIOR,route2zero_operator_prior_v1,operator-v2.0
LTFRB_PUJ1535,,,50.0,,50.0,0.0,5.0,True,NEUTRAL_PRIOR,route2zero_operator_prior_v1,operator-v2.0
LTFRB_PUJ1536,,,50.0,,50.0,0.0,5.0,True,NEUTRAL_PRIOR,route2zero_operator_prior_v1,operator-v2.0
LTFRB_PUJ1537,,,50.0,,50.0,0.0,5.0,True,NEUTRAL_PRIOR,route2zero_operator_prior_v1,operator-v2.0
LTFRB_PUJ1538,,,50.0,,50.0,0.0,5.0,True,NEUTRAL_PRIOR,route2zero_operator_prior_v1,operator-v2.0
LTFRB_PUJ1539,,,50.0,,50.0,0.0,5.0,True,NEUTRAL_PRIOR,route2zero_operator_prior_v1,operator-v2.0
LTFRB_PUJ1540,,,50.0,,50.0,0.0,5.0,True,NEUTRAL_PRIOR,route2zero_operator_prior_v1,operator-v2.0
LTFRB_PUJ1542,,,50.0,,50.0,0.0,5.0,True,NEUTRAL_PRIOR,route2zero_operator_prior_v1,operator-v2.0
LTFRB_PUJ1543,,,50.0,,50.0,0.0,5.0,True,NEUTRAL_PRIOR,route2zero_operator_prior_v1,operator-v2.0
LTFRB_PUJ1544,,,50.0,,50.0,0.0,5.0,True,NEUTRAL_PRIOR,route2zero_operator_prior_v1,operator-v2.0
LTFRB_PUJ1545,,,50.0,,50.0,0.0,5.0,True,NEUTRAL_PRIOR,route2zero_operator_prior_v1,operator-v2.0
LTFRB_PUJ1547,,,50.0,,50.0,0.0,5.0,True,NEUTRAL_PRIOR,route2zero_operator_prior_v1,operator-v2.0
LTFRB_PUJ1548,,,50.0,,50.0,0.0,5.0,True,NEUTRAL_PRIOR,route2zero_operator_prior_v1,operator-v2.0
LTFRB_PUJ1549,,,50.0,,50.0,0.0,5.0,True,NEUTRAL_PRIOR,route2zero_operator_prior_v1,operator-v2.0
LTFRB_PUJ1550,,,50.0,,50.0,0.0,5.0,True,NEUTRAL_PRIOR,route2zero_operator_prior_v1,operator-v2.0
LTFRB_PUJ1551,,,50.0,,50.0,0.0,5.0,True,NEUTRAL_PRIOR,route2zero_operator_prior_v1,operator-v2.0
LTFRB_PUJ1552,,,50.0,,50.0,0.0,5.0,True,NEUTRAL_PRIOR,route2zero_operator_prior_v1,operator-v2.0
LTFRB_PUJ1554,,,50.0,,50.0,0.0,5.0,True,NEUTRAL_PRIOR,route2zero_operator_prior_v1,operator-v2.0
LTFRB_PUJ1555,,,50.0,,50.0,0.0,5.0,True,NEUTRAL_PRIOR,route2zero_operator_prior_v1,operator-v2.0
LTFRB_PUJ1557,,,50.0,,50.0,0.0,5.0,True,NEUTRAL_PRIOR,route2zero_operator_prior_v1,operator-v2.0
LTFRB_PUJ1558,,,50.0,,50.0,0.0,5.0,True,NEUTRAL_PRIOR,route2zero_operator_prior_v1,operator-v2.0
LTFRB_PUJ1559,,,50.0,,50.0,0.0,5.0,True,NEUTRAL_PRIOR,route2zero_operator_prior_v1,operator-v2.0
LTFRB_PUJ1560,,,50.0,,50.0,0.0,5.0,True,NEUTRAL_PRIOR,route2zero_operator_prior_v1,operator-v2.0
LTFRB_PUJ1561,,,50.0,,50.0,0.0,5.0,True,NEUTRAL_PRIOR,route2zero_operator_prior_v1,operator-v2.0
LTFRB_PUJ1562,,,50.0,,50.0,0.0,5.0,True,NEUTRAL_PRIOR,route2zero_operator_prior_v1,operator-v2.0
LTFRB_PUJ1563,,,50.0,,50.0,0.0,5.0,True,NEUTRAL_PRIOR,route2zero_operator_prior_v1,operator-v2.0
LTFRB_PUJ1564,,,50.0,,50.0,0.0,5.0,True,NEUTRAL_PRIOR,route2zero_operator_prior_v1,operator-v2.0
LTFRB_PUJ1565,,,50.0,,50.0,0.0,5.0,True,NEUTRAL_PRIOR,route2zero_operator_prior_v1,operator-v2.0
LTFRB_PUJ1566,,,50.0,,50.0,0.0,5.0,True,NEUTRAL_PRIOR,route2zero_operator_prior_v1,operator-v2.0
LTFRB_PUJ1567,,,50.0,,50.0,0.0,5.0,True,NEUTRAL_PRIOR,route2zero_operator_prior_v1,operator-v2.0
LTFRB_PUJ1568,,,50.0,,50.0,0.0,5.0,True,NEUTRAL_PRIOR,route2zero_operator_prior_v1,operator-v2.0
LTFRB_PUJ1569,,,50.0,,50.0,0.0,5.0,True,NEUTRAL_PRIOR,route2zero_operator_prior_v1,operator-v2.0
LTFRB_PUJ1570,,,50.0,,50.0,0.0,5.0,True,NEUTRAL_PRIOR,route2zero_operator_prior_v1,operator-v2.0
LTFRB_PUJ1571,,,50.0,,50.0,0.0,5.0,True,NEUTRAL_PRIOR,route2zero_operator_prior_v1,operator-v2.0
LTFRB_PUJ1572,,,50.0,,50.0,0.0,5.0,True,NEUTRAL_PRIOR,route2zero_operator_prior_v1,operator-v2.0
LTFRB_PUJ1573,,,50.0,,50.0,0.0,5.0,True,NEUTRAL_PRIOR,route2zero_operator_prior_v1,operator-v2.0
LTFRB_PUJ1574,,,50.0,,50.0,0.0,5.0,True,NEUTRAL_PRIOR,route2zero_operator_prior_v1,operator-v2.0
LTFRB_PUJ1575,,,50.0,,50.0,0.0,5.0,True,NEUTRAL_PRIOR,route2zero_operator_prior_v1,operator-v2.0
LTFRB_PUJ1576,,,50.0,,50.0,0.0,5.0,True,NEUTRAL_PRIOR,route2zero_operator_prior_v1,operator-v2.0
LTFRB_PUJ1577,,,50.0,,50.0,0.0,5.0,True,NEUTRAL_PRIOR,route2zero_operator_prior_v1,operator-v2.0
LTFRB_PUJ1578,,,50.0,,50.0,0.0,5.0,True,NEUTRAL_PRIOR,route2zero_operator_prior_v1,operator-v2.0
LTFRB_PUJ1580,,,50.0,,50.0,0.0,5.0,True,NEUTRAL_PRIOR,route2zero_operator_prior_v1,operator-v2.0
LTFRB_PUJ1581,,,50.0,,50.0,0.0,5.0,True,NEUTRAL_PRIOR,route2zero_operator_prior_v1,operator-v2.0
LTFRB_PUJ1582,,,50.0,,50.0,0.0,5.0,True,NEUTRAL_PRIOR,route2zero_operator_prior_v1,operator-v2.0
LTFRB_PUJ1583,,,50.0,,50.0,0.0,5.0,True,NEUTRAL_PRIOR,route2zero_operator_prior_v1,operator-v2.0
LTFRB_PUJ1584,,,50.0,,50.0,0.0,5.0,True,NEUTRAL_PRIOR,route2zero_operator_prior_v1,operator-v2.0
LTFRB_PUJ1585,,,50.0,,50.0,0.0,5.0,True,NEUTRAL_PRIOR,route2zero_operator_prior_v1,operator-v2.0
LTFRB_PUJ1587,,,50.0,,50.0,0.0,5.0,True,NEUTRAL_PRIOR,route2zero_operator_prior_v1,operator-v2.0
LTFRB_PUJ1588,,,50.0,,50.0,0.0,5.0,True,NEUTRAL_PRIOR,route2zero_operator_prior_v1,operator-v2.0
LTFRB_PUJ1589,,,50.0,,50.0,0.0,5.0,True,NEUTRAL_PRIOR,route2zero_operator_prior_v1,operator-v2.0
LTFRB_PUJ1590,,,50.0,,50.0,0.0,5.0,True,NEUTRAL_PRIOR,route2zero_operator_prior_v1,operator-v2.0
LTFRB_PUJ1591,,,50.0,,50.0,0.0,5.0,True,NEUTRAL_PRIOR,route2zero_operator_prior_v1,operator-v2.0
LTFRB_PUJ1592,,,50.0,,50.0,0.0,5.0,True,NEUTRAL_PRIOR,route2zero_operator_prior_v1,operator-v2.0
LTFRB_PUJ1593,,,50.0,,50.0,0.0,5.0,True,NEUTRAL_PRIOR,route2zero_operator_prior_v1,operator-v2.0
LTFRB_PUJ1594,,,50.0,,50.0,0.0,5.0,True,NEUTRAL_PRIOR,route2zero_operator_prior_v1,operator-v2.0
LTFRB_PUJ1595,,,50.0,,50.0,0.0,5.0,True,NEUTRAL_PRIOR,route2zero_operator_prior_v1,operator-v2.0
LTFRB_PUJ1596,,,50.0,,50.0,0.0,5.0,True,NEUTRAL_PRIOR,route2zero_operator_prior_v1,operator-v2.0
LTFRB_PUJ1597,,,50.0,,50.0,0.0,5.0,True,NEUTRAL_PRIOR,route2zero_operator_prior_v1,operator-v2.0
LTFRB_PUJ1598,,,50.0,,50.0,0.0,5.0,True,NEUTRAL_PRIOR,route2zero_operator_prior_v1,operator-v2.0
LTFRB_PUJ1599,,,50.0,,50.0,0.0,5.0,True,NEUTRAL_PRIOR,route2zero_operator_prior_v1,operator-v2.0
LTFRB_PUJ1600,,,50.0,,50.0,0.0,5.0,True,NEUTRAL_PRIOR,route2zero_operator_prior_v1,operator-v2.0
LTFRB_PUJ1601,,,50.0,,50.0,0.0,5.0,True,NEUTRAL_PRIOR,route2zero_operator_prior_v1,operator-v2.0
LTFRB_PUJ1602,,,50.0,,50.0,0.0,5.0,True,NEUTRAL_PRIOR,route2zero_operator_prior_v1,operator-v2.0
LTFRB_PUJ1603,,,50.0,,50.0,0.0,5.0,True,NEUTRAL_PRIOR,route2zero_operator_prior_v1,operator-v2.0
LTFRB_PUJ1604,,,50.0,,50.0,0.0,5.0,True,NEUTRAL_PRIOR,route2zero_operator_prior_v1,operator-v2.0
LTFRB_PUJ1605,,,50.0,,50.0,0.0,5.0,True,NEUTRAL_PRIOR,route2zero_operator_prior_v1,operator-v2.0
LTFRB_PUJ1606,,,50.0,,50.0,0.0,5.0,True,NEUTRAL_PRIOR,route2zero_operator_prior_v1,operator-v2.0
LTFRB_PUJ1607,,,50.0,,50.0,0.0,5.0,True,NEUTRAL_PRIOR,route2zero_operator_prior_v1,operator-v2.0
LTFRB_PUJ1608,,,50.0,,50.0,0.0,5.0,True,NEUTRAL_PRIOR,route2zero_operator_prior_v1,operator-v2.0
LTFRB_PUJ1609,,,50.0,,50.0,0.0,5.0,True,NEUTRAL_PRIOR,route2zero_operator_prior_v1,operator-v2.0
LTFRB_PUJ1610,,,50.0,,50.0,0.0,5.0,True,NEUTRAL_PRIOR,route2zero_operator_prior_v1,operator-v2.0
LTFRB_PUJ1611,,,50.0,,50.0,0.0,5.0,True,NEUTRAL_PRIOR,route2zero_operator_prior_v1,operator-v2.0
LTFRB_PUJ1612,,,50.0,,50.0,0.0,5.0,True,NEUTRAL_PRIOR,route2zero_operator_prior_v1,operator-v2.0
LTFRB_PUJ1613,,,50.0,,50.0,0.0,5.0,True,NEUTRAL_PRIOR,route2zero_operator_prior_v1,operator-v2.0
LTFRB_PUJ1614,,,50.0,,50.0,0.0,5.0,True,NEUTRAL_PRIOR,route2zero_operator_prior_v1,operator-v2.0
LTFRB_PUJ1615,,,50.0,,50.0,0.0,5.0,True,NEUTRAL_PRIOR,route2zero_operator_prior_v1,operator-v2.0
LTFRB_PUJ1616,,,50.0,,50.0,0.0,5.0,True,NEUTRAL_PRIOR,route2zero_operator_prior_v1,operator-v2.0
LTFRB_PUJ1617,,,50.0,,50.0,0.0,5.0,True,NEUTRAL_PRIOR,route2zero_operator_prior_v1,operator-v2.0
LTFRB_PUJ1618,,,50.0,,50.0,0.0,5.0,True,NEUTRAL_PRIOR,route2zero_operator_prior_v1,operator-v2.0
LTFRB_PUJ1619,,,50.0,,50.0,0.0,5.0,True,NEUTRAL_PRIOR,route2zero_operator_prior_v1,operator-v2.0
LTFRB_PUJ1620,,,50.0,,50.0,0.0,5.0,True,NEUTRAL_PRIOR,route2zero_operator_prior_v1,operator-v2.0
LTFRB_PUJ1621,,,50.0,,50.0,0.0,5.0,True,NEUTRAL_PRIOR,route2zero_operator_prior_v1,operator-v2.0
LTFRB_PUJ1622,,,50.0,,50.0,0.0,5.0,True,NEUTRAL_PRIOR,route2zero_operator_prior_v1,operator-v2.0
LTFRB_PUJ1623,,,50.0,,50.0,0.0,5.0,True,NEUTRAL_PRIOR,route2zero_operator_prior_v1,operator-v2.0
LTFRB_PUJ1624,,,50.0,,50.0,0.0,5.0,True,NEUTRAL_PRIOR,route2zero_operator_prior_v1,operator-v2.0
LTFRB_PUJ1625,,,50.0,,50.0,0.0,5.0,True,NEUTRAL_PRIOR,route2zero_operator_prior_v1,operator-v2.0
LTFRB_PUJ1626,,,50.0,,50.0,0.0,5.0,True,NEUTRAL_PRIOR,route2zero_operator_prior_v1,operator-v2.0
LTFRB_PUJ1627,,,50.0,,50.0,0.0,5.0,True,NEUTRAL_PRIOR,route2zero_operator_prior_v1,operator-v2.0
LTFRB_PUJ1628,,,50.0,,50.0,0.0,5.0,True,NEUTRAL_PRIOR,route2zero_operator_prior_v1,operator-v2.0
LTFRB_PUJ1629,,,50.0,,50.0,0.0,5.0,True,NEUTRAL_PRIOR,route2zero_operator_prior_v1,operator-v2.0
LTFRB_PUJ1630,,,50.0,,50.0,0.0,5.0,True,NEUTRAL_PRIOR,route2zero_operator_prior_v1,operator-v2.0
LTFRB_PUJ1631,,,50.0,,50.0,0.0,5.0,True,NEUTRAL_PRIOR,route2zero_operator_prior_v1,operator-v2.0
LTFRB_PUJ1632,,,50.0,,50.0,0.0,5.0,True,NEUTRAL_PRIOR,route2zero_operator_prior_v1,operator-v2.0
LTFRB_PUJ1633,,,50.0,,50.0,0.0,5.0,True,NEUTRAL_PRIOR,route2zero_operator_prior_v1,operator-v2.0
LTFRB_PUJ1634,,,50.0,,50.0,0.0,5.0,True,NEUTRAL_PRIOR,route2zero_operator_prior_v1,operator-v2.0
LTFRB_PUJ1635,,,50.0,,50.0,0.0,5.0,True,NEUTRAL_PRIOR,route2zero_operator_prior_v1,operator-v2.0
LTFRB_PUJ1636,,,50.0,,50.0,0.0,5.0,True,NEUTRAL_PRIOR,route2zero_operator_prior_v1,operator-v2.0
LTFRB_PUJ1637,,,50.0,,50.0,0.0,5.0,True,NEUTRAL_PRIOR,route2zero_operator_prior_v1,operator-v2.0
LTFRB_PUJ1638,,,50.0,,50.0,0.0,5.0,True,NEUTRAL_PRIOR,route2zero_operator_prior_v1,operator-v2.0
LTFRB_PUJ1639,,,50.0,,50.0,0.0,5.0,True,NEUTRAL_PRIOR,route2zero_operator_prior_v1,operator-v2.0
LTFRB_PUJ1640,,,50.0,,50.0,0.0,5.0,True,NEUTRAL_PRIOR,route2zero_operator_prior_v1,operator-v2.0
LTFRB_PUJ1643,,,50.0,,50.0,0.0,5.0,True,NEUTRAL_PRIOR,route2zero_operator_prior_v1,operator-v2.0
LTFRB_PUJ1645,,,50.0,,50.0,0.0,5.0,True,NEUTRAL_PRIOR,route2zero_operator_prior_v1,operator-v2.0
LTFRB_PUJ1648,,,50.0,,50.0,0.0,5.0,True,NEUTRAL_PRIOR,route2zero_operator_prior_v1,operator-v2.0
LTFRB_PUJ1649,,,50.0,,50.0,0.0,5.0,True,NEUTRAL_PRIOR,route2zero_operator_prior_v1,operator-v2.0
LTFRB_PUJ1650,,,50.0,,50.0,0.0,5.0,True,NEUTRAL_PRIOR,route2zero_operator_prior_v1,operator-v2.0
LTFRB_PUJ1651,,,50.0,,50.0,0.0,5.0,True,NEUTRAL_PRIOR,route2zero_operator_prior_v1,operator-v2.0
LTFRB_PUJ1652,,,50.0,,50.0,0.0,5.0,True,NEUTRAL_PRIOR,route2zero_operator_prior_v1,operator-v2.0
LTFRB_PUJ1653,,,50.0,,50.0,0.0,5.0,True,NEUTRAL_PRIOR,route2zero_operator_prior_v1,operator-v2.0
LTFRB_PUJ1654,,,50.0,,50.0,0.0,5.0,True,NEUTRAL_PRIOR,route2zero_operator_prior_v1,operator-v2.0
LTFRB_PUJ1655,,,50.0,,50.0,0.0,5.0,True,NEUTRAL_PRIOR,route2zero_operator_prior_v1,operator-v2.0
LTFRB_PUJ1656,,,50.0,,50.0,0.0,5.0,True,NEUTRAL_PRIOR,route2zero_operator_prior_v1,operator-v2.0
LTFRB_PUJ1657,,,50.0,,50.0,0.0,5.0,True,NEUTRAL_PRIOR,route2zero_operator_prior_v1,operator-v2.0
LTFRB_PUJ1658,,,50.0,,50.0,0.0,5.0,True,NEUTRAL_PRIOR,route2zero_operator_prior_v1,operator-v2.0
LTFRB_PUJ1659,,,50.0,,50.0,0.0,5.0,True,NEUTRAL_PRIOR,route2zero_operator_prior_v1,operator-v2.0
LTFRB_PUJ1660,,,50.0,,50.0,0.0,5.0,True,NEUTRAL_PRIOR,route2zero_operator_prior_v1,operator-v2.0
LTFRB_PUJ1661,,,50.0,,50.0,0.0,5.0,True,NEUTRAL_PRIOR,route2zero_operator_prior_v1,operator-v2.0
LTFRB_PUJ1662,,,50.0,,50.0,0.0,5.0,True,NEUTRAL_PRIOR,route2zero_operator_prior_v1,operator-v2.0
LTFRB_PUJ1663,,,50.0,,50.0,0.0,5.0,True,NEUTRAL_PRIOR,route2zero_operator_prior_v1,operator-v2.0
LTFRB_PUJ1664,,,50.0,,50.0,0.0,5.0,True,NEUTRAL_PRIOR,route2zero_operator_prior_v1,operator-v2.0
LTFRB_PUJ1665,,,50.0,,50.0,0.0,5.0,True,NEUTRAL_PRIOR,route2zero_operator_prior_v1,operator-v2.0
LTFRB_PUJ1666,,,50.0,,50.0,0.0,5.0,True,NEUTRAL_PRIOR,route2zero_operator_prior_v1,operator-v2.0
LTFRB_PUJ1667,,,50.0,,50.0,0.0,5.0,True,NEUTRAL_PRIOR,route2zero_operator_prior_v1,operator-v2.0
LTFRB_PUJ1668,,,50.0,,50.0,0.0,5.0,True,NEUTRAL_PRIOR,route2zero_operator_prior_v1,operator-v2.0
LTFRB_PUJ1670,,,50.0,,50.0,0.0,5.0,True,NEUTRAL_PRIOR,route2zero_operator_prior_v1,operator-v2.0
LTFRB_PUJ1671,,,50.0,,50.0,0.0,5.0,True,NEUTRAL_PRIOR,route2zero_operator_prior_v1,operator-v2.0
LTFRB_PUJ1672,,,50.0,,50.0,0.0,5.0,True,NEUTRAL_PRIOR,route2zero_operator_prior_v1,operator-v2.0
LTFRB_PUJ1673,,,50.0,,50.0,0.0,5.0,True,NEUTRAL_PRIOR,route2zero_operator_prior_v1,operator-v2.0
LTFRB_PUJ1674,,,50.0,,50.0,0.0,5.0,True,NEUTRAL_PRIOR,route2zero_operator_prior_v1,operator-v2.0
LTFRB_PUJ1675,,,50.0,,50.0,0.0,5.0,True,NEUTRAL_PRIOR,route2zero_operator_prior_v1,operator-v2.0
LTFRB_PUJ1676,,,50.0,,50.0,0.0,5.0,True,NEUTRAL_PRIOR,route2zero_operator_prior_v1,operator-v2.0
LTFRB_PUJ1677,,,50.0,,50.0,0.0,5.0,True,NEUTRAL_PRIOR,route2zero_operator_prior_v1,operator-v2.0
LTFRB_PUJ1678,,,50.0,,50.0,0.0,5.0,True,NEUTRAL_PRIOR,route2zero_operator_prior_v1,operator-v2.0
LTFRB_PUJ1680,,,50.0,,50.0,0.0,5.0,True,NEUTRAL_PRIOR,route2zero_operator_prior_v1,operator-v2.0
LTFRB_PUJ1682,,,50.0,,50.0,0.0,5.0,True,NEUTRAL_PRIOR,route2zero_operator_prior_v1,operator-v2.0
LTFRB_PUJ1683,,,50.0,,50.0,0.0,5.0,True,NEUTRAL_PRIOR,route2zero_operator_prior_v1,operator-v2.0
LTFRB_PUJ1684,,,50.0,,50.0,0.0,5.0,True,NEUTRAL_PRIOR,route2zero_operator_prior_v1,operator-v2.0
LTFRB_PUJ1685,,,50.0,,50.0,0.0,5.0,True,NEUTRAL_PRIOR,route2zero_operator_prior_v1,operator-v2.0
LTFRB_PUJ1686,,,50.0,,50.0,0.0,5.0,True,NEUTRAL_PRIOR,route2zero_operator_prior_v1,operator-v2.0
LTFRB_PUJ1687,,,50.0,,50.0,0.0,5.0,True,NEUTRAL_PRIOR,route2zero_operator_prior_v1,operator-v2.0
LTFRB_PUJ1688,,,50.0,,50.0,0.0,5.0,True,NEUTRAL_PRIOR,route2zero_operator_prior_v1,operator-v2.0
LTFRB_PUJ1689,,,50.0,,50.0,0.0,5.0,True,NEUTRAL_PRIOR,route2zero_operator_prior_v1,operator-v2.0
LTFRB_PUJ1691,,,50.0,,50.0,0.0,5.0,True,NEUTRAL_PRIOR,route2zero_operator_prior_v1,operator-v2.0
LTFRB_PUJ1693,,,50.0,,50.0,0.0,5.0,True,NEUTRAL_PRIOR,route2zero_operator_prior_v1,operator-v2.0
LTFRB_PUJ1694,,,50.0,,50.0,0.0,5.0,True,NEUTRAL_PRIOR,route2zero_operator_prior_v1,operator-v2.0
LTFRB_PUJ1695,,,50.0,,50.0,0.0,5.0,True,NEUTRAL_PRIOR,route2zero_operator_prior_v1,operator-v2.0
LTFRB_PUJ1696,,,50.0,,50.0,0.0,5.0,True,NEUTRAL_PRIOR,route2zero_operator_prior_v1,operator-v2.0
LTFRB_PUJ1697,,,50.0,,50.0,0.0,5.0,True,NEUTRAL_PRIOR,route2zero_operator_prior_v1,operator-v2.0
LTFRB_PUJ1698,,,50.0,,50.0,0.0,5.0,True,NEUTRAL_PRIOR,route2zero_operator_prior_v1,operator-v2.0
LTFRB_PUJ1699,,,50.0,,50.0,0.0,5.0,True,NEUTRAL_PRIOR,route2zero_operator_prior_v1,operator-v2.0
LTFRB_PUJ1700,,,50.0,,50.0,0.0,5.0,True,NEUTRAL_PRIOR,route2zero_operator_prior_v1,operator-v2.0
LTFRB_PUJ1701,,,50.0,,50.0,0.0,5.0,True,NEUTRAL_PRIOR,route2zero_operator_prior_v1,operator-v2.0
LTFRB_PUJ1702,,,50.0,,50.0,0.0,5.0,True,NEUTRAL_PRIOR,route2zero_operator_prior_v1,operator-v2.0
LTFRB_PUJ1703,,,50.0,,50.0,0.0,5.0,True,NEUTRAL_PRIOR,route2zero_operator_prior_v1,operator-v2.0
LTFRB_PUJ1704,,,50.0,,50.0,0.0,5.0,True,NEUTRAL_PRIOR,route2zero_operator_prior_v1,operator-v2.0
LTFRB_PUJ1705,,,50.0,,50.0,0.0,5.0,True,NEUTRAL_PRIOR,route2zero_operator_prior_v1,operator-v2.0
LTFRB_PUJ1706,,,50.0,,50.0,0.0,5.0,True,NEUTRAL_PRIOR,route2zero_operator_prior_v1,operator-v2.0
LTFRB_PUJ1707,,,50.0,,50.0,0.0,5.0,True,NEUTRAL_PRIOR,route2zero_operator_prior_v1,operator-v2.0
LTFRB_PUJ1708,,,50.0,,50.0,0.0,5.0,True,NEUTRAL_PRIOR,route2zero_operator_prior_v1,operator-v2.0
LTFRB_PUJ1709,,,50.0,,50.0,0.0,5.0,True,NEUTRAL_PRIOR,route2zero_operator_prior_v1,operator-v2.0
LTFRB_PUJ1710,,,50.0,,50.0,0.0,5.0,True,NEUTRAL_PRIOR,route2zero_operator_prior_v1,operator-v2.0
LTFRB_PUJ1711,,,50.0,,50.0,0.0,5.0,True,NEUTRAL_PRIOR,route2zero_operator_prior_v1,operator-v2.0
LTFRB_PUJ1712,,,50.0,,50.0,0.0,5.0,True,NEUTRAL_PRIOR,route2zero_operator_prior_v1,operator-v2.0
LTFRB_PUJ1713,,,50.0,,50.0,0.0,5.0,True,NEUTRAL_PRIOR,route2zero_operator_prior_v1,operator-v2.0
LTFRB_PUJ1715,,,50.0,,50.0,0.0,5.0,True,NEUTRAL_PRIOR,route2zero_operator_prior_v1,operator-v2.0
LTFRB_PUJ1716,,,50.0,,50.0,0.0,5.0,True,NEUTRAL_PRIOR,route2zero_operator_prior_v1,operator-v2.0
LTFRB_PUJ1717,,,50.0,,50.0,0.0,5.0,True,NEUTRAL_PRIOR,route2zero_operator_prior_v1,operator-v2.0
LTFRB_PUJ1718,,,50.0,,50.0,0.0,5.0,True,NEUTRAL_PRIOR,route2zero_operator_prior_v1,operator-v2.0
LTFRB_PUJ1719,,,50.0,,50.0,0.0,5.0,True,NEUTRAL_PRIOR,route2zero_operator_prior_v1,operator-v2.0
LTFRB_PUJ1720,,,50.0,,50.0,0.0,5.0,True,NEUTRAL_PRIOR,route2zero_operator_prior_v1,operator-v2.0
LTFRB_PUJ1721,,,50.0,,50.0,0.0,5.0,True,NEUTRAL_PRIOR,route2zero_operator_prior_v1,operator-v2.0
LTFRB_PUJ1722,,,50.0,,50.0,0.0,5.0,True,NEUTRAL_PRIOR,route2zero_operator_prior_v1,operator-v2.0
LTFRB_PUJ1723,,,50.0,,50.0,0.0,5.0,True,NEUTRAL_PRIOR,route2zero_operator_prior_v1,operator-v2.0
LTFRB_PUJ1724,,,50.0,,50.0,0.0,5.0,True,NEUTRAL_PRIOR,route2zero_operator_prior_v1,operator-v2.0
LTFRB_PUJ1725,,,50.0,,50.0,0.0,5.0,True,NEUTRAL_PRIOR,route2zero_operator_prior_v1,operator-v2.0
LTFRB_PUJ1726,,,50.0,,50.0,0.0,5.0,True,NEUTRAL_PRIOR,route2zero_operator_prior_v1,operator-v2.0
LTFRB_PUJ1727,,,50.0,,50.0,0.0,5.0,True,NEUTRAL_PRIOR,route2zero_operator_prior_v1,operator-v2.0
LTFRB_PUJ1729,,,50.0,,50.0,0.0,5.0,True,NEUTRAL_PRIOR,route2zero_operator_prior_v1,operator-v2.0
LTFRB_PUJ1730,,,50.0,,50.0,0.0,5.0,True,NEUTRAL_PRIOR,route2zero_operator_prior_v1,operator-v2.0
LTFRB_PUJ1731,,,50.0,,50.0,0.0,5.0,True,NEUTRAL_PRIOR,route2zero_operator_prior_v1,operator-v2.0
LTFRB_PUJ1732,,,50.0,,50.0,0.0,5.0,True,NEUTRAL_PRIOR,route2zero_operator_prior_v1,operator-v2.0
LTFRB_PUJ1734,,,50.0,,50.0,0.0,5.0,True,NEUTRAL_PRIOR,route2zero_operator_prior_v1,operator-v2.0
LTFRB_PUJ1735,,,50.0,,50.0,0.0,5.0,True,NEUTRAL_PRIOR,route2zero_operator_prior_v1,operator-v2.0
LTFRB_PUJ1736,,,50.0,,50.0,0.0,5.0,True,NEUTRAL_PRIOR,route2zero_operator_prior_v1,operator-v2.0
LTFRB_PUJ1737,,,50.0,,50.0,0.0,5.0,True,NEUTRAL_PRIOR,route2zero_operator_prior_v1,operator-v2.0
LTFRB_PUJ1738,,,50.0,,50.0,0.0,5.0,True,NEUTRAL_PRIOR,route2zero_operator_prior_v1,operator-v2.0
LTFRB_PUJ1739,,,50.0,,50.0,0.0,5.0,True,NEUTRAL_PRIOR,route2zero_operator_prior_v1,operator-v2.0
LTFRB_PUJ1740,,,50.0,,50.0,0.0,5.0,True,NEUTRAL_PRIOR,route2zero_operator_prior_v1,operator-v2.0
LTFRB_PUJ1741,,,50.0,,50.0,0.0,5.0,True,NEUTRAL_PRIOR,route2zero_operator_prior_v1,operator-v2.0
LTFRB_PUJ1742,,,50.0,,50.0,0.0,5.0,True,NEUTRAL_PRIOR,route2zero_operator_prior_v1,operator-v2.0
LTFRB_PUJ1743,,,50.0,,50.0,0.0,5.0,True,NEUTRAL_PRIOR,route2zero_operator_prior_v1,operator-v2.0
LTFRB_PUJ1744,,,50.0,,50.0,0.0,5.0,True,NEUTRAL_PRIOR,route2zero_operator_prior_v1,operator-v2.0
LTFRB_PUJ1745,,,50.0,,50.0,0.0,5.0,True,NEUTRAL_PRIOR,route2zero_operator_prior_v1,operator-v2.0
LTFRB_PUJ1746,,,50.0,,50.0,0.0,5.0,True,NEUTRAL_PRIOR,route2zero_operator_prior_v1,operator-v2.0
LTFRB_PUJ1747,,,50.0,,50.0,0.0,5.0,True,NEUTRAL_PRIOR,route2zero_operator_prior_v1,operator-v2.0
LTFRB_PUJ1748,,,50.0,,50.0,0.0,5.0,True,NEUTRAL_PRIOR,route2zero_operator_prior_v1,operator-v2.0
LTFRB_PUJ1749,,,50.0,,50.0,0.0,5.0,True,NEUTRAL_PRIOR,route2zero_operator_prior_v1,operator-v2.0
LTFRB_PUJ1750,,,50.0,,50.0,0.0,5.0,True,NEUTRAL_PRIOR,route2zero_operator_prior_v1,operator-v2.0
LTFRB_PUJ1752,,,50.0,,50.0,0.0,5.0,True,NEUTRAL_PRIOR,route2zero_operator_prior_v1,operator-v2.0
LTFRB_PUJ1753,,,50.0,,50.0,0.0,5.0,True,NEUTRAL_PRIOR,route2zero_operator_prior_v1,operator-v2.0
LTFRB_PUJ1754,,,50.0,,50.0,0.0,5.0,True,NEUTRAL_PRIOR,route2zero_operator_prior_v1,operator-v2.0
LTFRB_PUJ1755,,,50.0,,50.0,0.0,5.0,True,NEUTRAL_PRIOR,route2zero_operator_prior_v1,operator-v2.0
LTFRB_PUJ1756,,,50.0,,50.0,0.0,5.0,True,NEUTRAL_PRIOR,route2zero_operator_prior_v1,operator-v2.0
LTFRB_PUJ1757,,,50.0,,50.0,0.0,5.0,True,NEUTRAL_PRIOR,route2zero_operator_prior_v1,operator-v2.0
LTFRB_PUJ1758,,,50.0,,50.0,0.0,5.0,True,NEUTRAL_PRIOR,route2zero_operator_prior_v1,operator-v2.0
LTFRB_PUJ1759,,,50.0,,50.0,0.0,5.0,True,NEUTRAL_PRIOR,route2zero_operator_prior_v1,operator-v2.0
LTFRB_PUJ1760,,,50.0,,50.0,0.0,5.0,True,NEUTRAL_PRIOR,route2zero_operator_prior_v1,operator-v2.0
LTFRB_PUJ1761,,,50.0,,50.0,0.0,5.0,True,NEUTRAL_PRIOR,route2zero_operator_prior_v1,operator-v2.0
LTFRB_PUJ1762,,,50.0,,50.0,0.0,5.0,True,NEUTRAL_PRIOR,route2zero_operator_prior_v1,operator-v2.0
LTFRB_PUJ1763,,,50.0,,50.0,0.0,5.0,True,NEUTRAL_PRIOR,route2zero_operator_prior_v1,operator-v2.0
LTFRB_PUJ1764,,,50.0,,50.0,0.0,5.0,True,NEUTRAL_PRIOR,route2zero_operator_prior_v1,operator-v2.0
LTFRB_PUJ1765,,,50.0,,50.0,0.0,5.0,True,NEUTRAL_PRIOR,route2zero_operator_prior_v1,operator-v2.0
LTFRB_PUJ1766,,,50.0,,50.0,0.0,5.0,True,NEUTRAL_PRIOR,route2zero_operator_prior_v1,operator-v2.0
LTFRB_PUJ1767,,,50.0,,50.0,0.0,5.0,True,NEUTRAL_PRIOR,route2zero_operator_prior_v1,operator-v2.0
LTFRB_PUJ1768,,,50.0,,50.0,0.0,5.0,True,NEUTRAL_PRIOR,route2zero_operator_prior_v1,operator-v2.0
LTFRB_PUJ1769,,,50.0,,50.0,0.0,5.0,True,NEUTRAL_PRIOR,route2zero_operator_prior_v1,operator-v2.0
LTFRB_PUJ1770,,,50.0,,50.0,0.0,5.0,True,NEUTRAL_PRIOR,route2zero_operator_prior_v1,operator-v2.0
LTFRB_PUJ1771,,,50.0,,50.0,0.0,5.0,True,NEUTRAL_PRIOR,route2zero_operator_prior_v1,operator-v2.0
LTFRB_PUJ1772,,,50.0,,50.0,0.0,5.0,True,NEUTRAL_PRIOR,route2zero_operator_prior_v1,operator-v2.0
LTFRB_PUJ1773,,,50.0,,50.0,0.0,5.0,True,NEUTRAL_PRIOR,route2zero_operator_prior_v1,operator-v2.0
LTFRB_PUJ1775,,,50.0,,50.0,0.0,5.0,True,NEUTRAL_PRIOR,route2zero_operator_prior_v1,operator-v2.0
LTFRB_PUJ1776,,,50.0,,50.0,0.0,5.0,True,NEUTRAL_PRIOR,route2zero_operator_prior_v1,operator-v2.0
LTFRB_PUJ1777,,,50.0,,50.0,0.0,5.0,True,NEUTRAL_PRIOR,route2zero_operator_prior_v1,operator-v2.0
LTFRB_PUJ1778,,,50.0,,50.0,0.0,5.0,True,NEUTRAL_PRIOR,route2zero_operator_prior_v1,operator-v2.0
LTFRB_PUJ1779,,,50.0,,50.0,0.0,5.0,True,NEUTRAL_PRIOR,route2zero_operator_prior_v1,operator-v2.0
LTFRB_PUJ1780,,,50.0,,50.0,0.0,5.0,True,NEUTRAL_PRIOR,route2zero_operator_prior_v1,operator-v2.0
LTFRB_PUJ1781,,,50.0,,50.0,0.0,5.0,True,NEUTRAL_PRIOR,route2zero_operator_prior_v1,operator-v2.0
LTFRB_PUJ1782,,,50.0,,50.0,0.0,5.0,True,NEUTRAL_PRIOR,route2zero_operator_prior_v1,operator-v2.0
LTFRB_PUJ1783,,,50.0,,50.0,0.0,5.0,True,NEUTRAL_PRIOR,route2zero_operator_prior_v1,operator-v2.0
LTFRB_PUJ1784,,,50.0,,50.0,0.0,5.0,True,NEUTRAL_PRIOR,route2zero_operator_prior_v1,operator-v2.0
LTFRB_PUJ1785,,,50.0,,50.0,0.0,5.0,True,NEUTRAL_PRIOR,route2zero_operator_prior_v1,operator-v2.0
LTFRB_PUJ1786,,,50.0,,50.0,0.0,5.0,True,NEUTRAL_PRIOR,route2zero_operator_prior_v1,operator-v2.0
LTFRB_PUJ1787,,,50.0,,50.0,0.0,5.0,True,NEUTRAL_PRIOR,route2zero_operator_prior_v1,operator-v2.0
LTFRB_PUJ1788,,,50.0,,50.0,0.0,5.0,True,NEUTRAL_PRIOR,route2zero_operator_prior_v1,operator-v2.0
LTFRB_PUJ1789,,,50.0,,50.0,0.0,5.0,True,NEUTRAL_PRIOR,route2zero_operator_prior_v1,operator-v2.0
LTFRB_PUJ1790,,,50.0,,50.0,0.0,5.0,True,NEUTRAL_PRIOR,route2zero_operator_prior_v1,operator-v2.0
LTFRB_PUJ1791,,,50.0,,50.0,0.0,5.0,True,NEUTRAL_PRIOR,route2zero_operator_prior_v1,operator-v2.0
LTFRB_PUJ1792,,,50.0,,50.0,0.0,5.0,True,NEUTRAL_PRIOR,route2zero_operator_prior_v1,operator-v2.0
LTFRB_PUJ1793,,,50.0,,50.0,0.0,5.0,True,NEUTRAL_PRIOR,route2zero_operator_prior_v1,operator-v2.0
LTFRB_PUJ1794,,,50.0,,50.0,0.0,5.0,True,NEUTRAL_PRIOR,route2zero_operator_prior_v1,operator-v2.0
LTFRB_PUJ1795,,,50.0,,50.0,0.0,5.0,True,NEUTRAL_PRIOR,route2zero_operator_prior_v1,operator-v2.0
LTFRB_PUJ1796,,,50.0,,50.0,0.0,5.0,True,NEUTRAL_PRIOR,route2zero_operator_prior_v1,operator-v2.0
LTFRB_PUJ1797,,,50.0,,50.0,0.0,5.0,True,NEUTRAL_PRIOR,route2zero_operator_prior_v1,operator-v2.0
LTFRB_PUJ1798,,,50.0,,50.0,0.0,5.0,True,NEUTRAL_PRIOR,route2zero_operator_prior_v1,operator-v2.0
LTFRB_PUJ1799,,,50.0,,50.0,0.0,5.0,True,NEUTRAL_PRIOR,route2zero_operator_prior_v1,operator-v2.0
LTFRB_PUJ1800,,,50.0,,50.0,0.0,5.0,True,NEUTRAL_PRIOR,route2zero_operator_prior_v1,operator-v2.0
LTFRB_PUJ1801,,,50.0,,50.0,0.0,5.0,True,NEUTRAL_PRIOR,route2zero_operator_prior_v1,operator-v2.0
LTFRB_PUJ1802,,,50.0,,50.0,0.0,5.0,True,NEUTRAL_PRIOR,route2zero_operator_prior_v1,operator-v2.0
LTFRB_PUJ1803,,,50.0,,50.0,0.0,5.0,True,NEUTRAL_PRIOR,route2zero_operator_prior_v1,operator-v2.0
LTFRB_PUJ1804,,,50.0,,50.0,0.0,5.0,True,NEUTRAL_PRIOR,route2zero_operator_prior_v1,operator-v2.0
LTFRB_PUJ1805,,,50.0,,50.0,0.0,5.0,True,NEUTRAL_PRIOR,route2zero_operator_prior_v1,operator-v2.0
LTFRB_PUJ1806,,,50.0,,50.0,0.0,5.0,True,NEUTRAL_PRIOR,route2zero_operator_prior_v1,operator-v2.0
LTFRB_PUJ1807,,,50.0,,50.0,0.0,5.0,True,NEUTRAL_PRIOR,route2zero_operator_prior_v1,operator-v2.0
LTFRB_PUJ1809,,,50.0,,50.0,0.0,5.0,True,NEUTRAL_PRIOR,route2zero_operator_prior_v1,operator-v2.0
LTFRB_PUJ1811,,,50.0,,50.0,0.0,5.0,True,NEUTRAL_PRIOR,route2zero_operator_prior_v1,operator-v2.0
LTFRB_PUJ1812,,,50.0,,50.0,0.0,5.0,True,NEUTRAL_PRIOR,route2zero_operator_prior_v1,operator-v2.0
LTFRB_PUJ1813,,,50.0,,50.0,0.0,5.0,True,NEUTRAL_PRIOR,route2zero_operator_prior_v1,operator-v2.0
LTFRB_PUJ1814,,,50.0,,50.0,0.0,5.0,True,NEUTRAL_PRIOR,route2zero_operator_prior_v1,operator-v2.0
LTFRB_PUJ1815,,,50.0,,50.0,0.0,5.0,True,NEUTRAL_PRIOR,route2zero_operator_prior_v1,operator-v2.0
LTFRB_PUJ1816,,,50.0,,50.0,0.0,5.0,True,NEUTRAL_PRIOR,route2zero_operator_prior_v1,operator-v2.0
LTFRB_PUJ1817,,,50.0,,50.0,0.0,5.0,True,NEUTRAL_PRIOR,route2zero_operator_prior_v1,operator-v2.0
LTFRB_PUJ1818,,,50.0,,50.0,0.0,5.0,True,NEUTRAL_PRIOR,route2zero_operator_prior_v1,operator-v2.0
LTFRB_PUJ1819,,,50.0,,50.0,0.0,5.0,True,NEUTRAL_PRIOR,route2zero_operator_prior_v1,operator-v2.0
LTFRB_PUJ1820,,,50.0,,50.0,0.0,5.0,True,NEUTRAL_PRIOR,route2zero_operator_prior_v1,operator-v2.0
LTFRB_PUJ1821,,,50.0,,50.0,0.0,5.0,True,NEUTRAL_PRIOR,route2zero_operator_prior_v1,operator-v2.0
LTFRB_PUJ1822,,,50.0,,50.0,0.0,5.0,True,NEUTRAL_PRIOR,route2zero_operator_prior_v1,operator-v2.0
LTFRB_PUJ1823,,,50.0,,50.0,0.0,5.0,True,NEUTRAL_PRIOR,route2zero_operator_prior_v1,operator-v2.0
LTFRB_PUJ1824,,,50.0,,50.0,0.0,5.0,True,NEUTRAL_PRIOR,route2zero_operator_prior_v1,operator-v2.0
LTFRB_PUJ1826,,,50.0,,50.0,0.0,5.0,True,NEUTRAL_PRIOR,route2zero_operator_prior_v1,operator-v2.0
LTFRB_PUJ1827,,,50.0,,50.0,0.0,5.0,True,NEUTRAL_PRIOR,route2zero_operator_prior_v1,operator-v2.0
LTFRB_PUJ1828,,,50.0,,50.0,0.0,5.0,True,NEUTRAL_PRIOR,route2zero_operator_prior_v1,operator-v2.0
LTFRB_PUJ1830,,,50.0,,50.0,0.0,5.0,True,NEUTRAL_PRIOR,route2zero_operator_prior_v1,operator-v2.0
LTFRB_PUJ1831,,,50.0,,50.0,0.0,5.0,True,NEUTRAL_PRIOR,route2zero_operator_prior_v1,operator-v2.0
LTFRB_PUJ1833,,,50.0,,50.0,0.0,5.0,True,NEUTRAL_PRIOR,route2zero_operator_prior_v1,operator-v2.0
LTFRB_PUJ1834,,,50.0,,50.0,0.0,5.0,True,NEUTRAL_PRIOR,route2zero_operator_prior_v1,operator-v2.0
LTFRB_PUJ1836,,,50.0,,50.0,0.0,5.0,True,NEUTRAL_PRIOR,route2zero_operator_prior_v1,operator-v2.0
LTFRB_PUJ1837,,,50.0,,50.0,0.0,5.0,True,NEUTRAL_PRIOR,route2zero_operator_prior_v1,operator-v2.0
LTFRB_PUJ1838,,,50.0,,50.0,0.0,5.0,True,NEUTRAL_PRIOR,route2zero_operator_prior_v1,operator-v2.0
LTFRB_PUJ1839,,,50.0,,50.0,0.0,5.0,True,NEUTRAL_PRIOR,route2zero_operator_prior_v1,operator-v2.0
LTFRB_PUJ1840,,,50.0,,50.0,0.0,5.0,True,NEUTRAL_PRIOR,route2zero_operator_prior_v1,operator-v2.0
LTFRB_PUJ1841,,,50.0,,50.0,0.0,5.0,True,NEUTRAL_PRIOR,route2zero_operator_prior_v1,operator-v2.0
LTFRB_PUJ1842,,,50.0,,50.0,0.0,5.0,True,NEUTRAL_PRIOR,route2zero_operator_prior_v1,operator-v2.0
LTFRB_PUJ1843,,,50.0,,50.0,0.0,5.0,True,NEUTRAL_PRIOR,route2zero_operator_prior_v1,operator-v2.0
LTFRB_PUJ1844,,,50.0,,50.0,0.0,5.0,True,NEUTRAL_PRIOR,route2zero_operator_prior_v1,operator-v2.0
LTFRB_PUJ1845,,,50.0,,50.0,0.0,5.0,True,NEUTRAL_PRIOR,route2zero_operator_prior_v1,operator-v2.0
LTFRB_PUJ1846,,,50.0,,50.0,0.0,5.0,True,NEUTRAL_PRIOR,route2zero_operator_prior_v1,operator-v2.0
LTFRB_PUJ1847,,,50.0,,50.0,0.0,5.0,True,NEUTRAL_PRIOR,route2zero_operator_prior_v1,operator-v2.0
LTFRB_PUJ1849,,,50.0,,50.0,0.0,5.0,True,NEUTRAL_PRIOR,route2zero_operator_prior_v1,operator-v2.0
LTFRB_PUJ1850,,,50.0,,50.0,0.0,5.0,True,NEUTRAL_PRIOR,route2zero_operator_prior_v1,operator-v2.0
LTFRB_PUJ1851,,,50.0,,50.0,0.0,5.0,True,NEUTRAL_PRIOR,route2zero_operator_prior_v1,operator-v2.0
LTFRB_PUJ1852,,,50.0,,50.0,0.0,5.0,True,NEUTRAL_PRIOR,route2zero_operator_prior_v1,operator-v2.0
LTFRB_PUJ1853,,,50.0,,50.0,0.0,5.0,True,NEUTRAL_PRIOR,route2zero_operator_prior_v1,operator-v2.0
LTFRB_PUJ1854,,,50.0,,50.0,0.0,5.0,True,NEUTRAL_PRIOR,route2zero_operator_prior_v1,operator-v2.0
LTFRB_PUJ1855,,,50.0,,50.0,0.0,5.0,True,NEUTRAL_PRIOR,route2zero_operator_prior_v1,operator-v2.0
LTFRB_PUJ1856,,,50.0,,50.0,0.0,5.0,True,NEUTRAL_PRIOR,route2zero_operator_prior_v1,operator-v2.0
LTFRB_PUJ1857,,,50.0,,50.0,0.0,5.0,True,NEUTRAL_PRIOR,route2zero_operator_prior_v1,operator-v2.0
LTFRB_PUJ1859,,,50.0,,50.0,0.0,5.0,True,NEUTRAL_PRIOR,route2zero_operator_prior_v1,operator-v2.0
LTFRB_PUJ1860,,,50.0,,50.0,0.0,5.0,True,NEUTRAL_PRIOR,route2zero_operator_prior_v1,operator-v2.0
LTFRB_PUJ1862,,,50.0,,50.0,0.0,5.0,True,NEUTRAL_PRIOR,route2zero_operator_prior_v1,operator-v2.0
LTFRB_PUJ1863,,,50.0,,50.0,0.0,5.0,True,NEUTRAL_PRIOR,route2zero_operator_prior_v1,operator-v2.0
LTFRB_PUJ1865,,,50.0,,50.0,0.0,5.0,True,NEUTRAL_PRIOR,route2zero_operator_prior_v1,operator-v2.0
LTFRB_PUJ1866,,,50.0,,50.0,0.0,5.0,True,NEUTRAL_PRIOR,route2zero_operator_prior_v1,operator-v2.0
LTFRB_PUJ1867,,,50.0,,50.0,0.0,5.0,True,NEUTRAL_PRIOR,route2zero_operator_prior_v1,operator-v2.0
LTFRB_PUJ1868,,,50.0,,50.0,0.0,5.0,True,NEUTRAL_PRIOR,route2zero_operator_prior_v1,operator-v2.0
LTFRB_PUJ1869,,,50.0,,50.0,0.0,5.0,True,NEUTRAL_PRIOR,route2zero_operator_prior_v1,operator-v2.0
LTFRB_PUJ1870,,,50.0,,50.0,0.0,5.0,True,NEUTRAL_PRIOR,route2zero_operator_prior_v1,operator-v2.0
LTFRB_PUJ1871,,,50.0,,50.0,0.0,5.0,True,NEUTRAL_PRIOR,route2zero_operator_prior_v1,operator-v2.0
LTFRB_PUJ1872,,,50.0,,50.0,0.0,5.0,True,NEUTRAL_PRIOR,route2zero_operator_prior_v1,operator-v2.0
LTFRB_PUJ1873,,,50.0,,50.0,0.0,5.0,True,NEUTRAL_PRIOR,route2zero_operator_prior_v1,operator-v2.0
LTFRB_PUJ1874,,,50.0,,50.0,0.0,5.0,True,NEUTRAL_PRIOR,route2zero_operator_prior_v1,operator-v2.0
LTFRB_PUJ1875,,,50.0,,50.0,0.0,5.0,True,NEUTRAL_PRIOR,route2zero_operator_prior_v1,operator-v2.0
LTFRB_PUJ1876,,,50.0,,50.0,0.0,5.0,True,NEUTRAL_PRIOR,route2zero_operator_prior_v1,operator-v2.0
LTFRB_PUJ1877,,,50.0,,50.0,0.0,5.0,True,NEUTRAL_PRIOR,route2zero_operator_prior_v1,operator-v2.0
LTFRB_PUJ1878,,,50.0,,50.0,0.0,5.0,True,NEUTRAL_PRIOR,route2zero_operator_prior_v1,operator-v2.0
LTFRB_PUJ1879,,,50.0,,50.0,0.0,5.0,True,NEUTRAL_PRIOR,route2zero_operator_prior_v1,operator-v2.0
LTFRB_PUJ1880,,,50.0,,50.0,0.0,5.0,True,NEUTRAL_PRIOR,route2zero_operator_prior_v1,operator-v2.0
LTFRB_PUJ1881,,,50.0,,50.0,0.0,5.0,True,NEUTRAL_PRIOR,route2zero_operator_prior_v1,operator-v2.0
LTFRB_PUJ1882,,,50.0,,50.0,0.0,5.0,True,NEUTRAL_PRIOR,route2zero_operator_prior_v1,operator-v2.0
LTFRB_PUJ1883,,,50.0,,50.0,0.0,5.0,True,NEUTRAL_PRIOR,route2zero_operator_prior_v1,operator-v2.0
LTFRB_PUJ1884,,,50.0,,50.0,0.0,5.0,True,NEUTRAL_PRIOR,route2zero_operator_prior_v1,operator-v2.0
LTFRB_PUJ1885,,,50.0,,50.0,0.0,5.0,True,NEUTRAL_PRIOR,route2zero_operator_prior_v1,operator-v2.0
LTFRB_PUJ1886,,,50.0,,50.0,0.0,5.0,True,NEUTRAL_PRIOR,route2zero_operator_prior_v1,operator-v2.0
LTFRB_PUJ1887,,,50.0,,50.0,0.0,5.0,True,NEUTRAL_PRIOR,route2zero_operator_prior_v1,operator-v2.0
LTFRB_PUJ1888,,,50.0,,50.0,0.0,5.0,True,NEUTRAL_PRIOR,route2zero_operator_prior_v1,operator-v2.0
LTFRB_PUJ1889,,,50.0,,50.0,0.0,5.0,True,NEUTRAL_PRIOR,route2zero_operator_prior_v1,operator-v2.0
LTFRB_PUJ1890,,,50.0,,50.0,0.0,5.0,True,NEUTRAL_PRIOR,route2zero_operator_prior_v1,operator-v2.0
LTFRB_PUJ1891,,,50.0,,50.0,0.0,5.0,True,NEUTRAL_PRIOR,route2zero_operator_prior_v1,operator-v2.0
LTFRB_PUJ1892,,,50.0,,50.0,0.0,5.0,True,NEUTRAL_PRIOR,route2zero_operator_prior_v1,operator-v2.0
LTFRB_PUJ1893,,,50.0,,50.0,0.0,5.0,True,NEUTRAL_PRIOR,route2zero_operator_prior_v1,operator-v2.0
LTFRB_PUJ1894,,,50.0,,50.0,0.0,5.0,True,NEUTRAL_PRIOR,route2zero_operator_prior_v1,operator-v2.0
LTFRB_PUJ1895,,,50.0,,50.0,0.0,5.0,True,NEUTRAL_PRIOR,route2zero_operator_prior_v1,operator-v2.0
LTFRB_PUJ1896,,,50.0,,50.0,0.0,5.0,True,NEUTRAL_PRIOR,route2zero_operator_prior_v1,operator-v2.0
LTFRB_PUJ1897,,,50.0,,50.0,0.0,5.0,True,NEUTRAL_PRIOR,route2zero_operator_prior_v1,operator-v2.0
LTFRB_PUJ1898,,,50.0,,50.0,0.0,5.0,True,NEUTRAL_PRIOR,route2zero_operator_prior_v1,operator-v2.0
LTFRB_PUJ1899,,,50.0,,50.0,0.0,5.0,True,NEUTRAL_PRIOR,route2zero_operator_prior_v1,operator-v2.0
LTFRB_PUJ1900,,,50.0,,50.0,0.0,5.0,True,NEUTRAL_PRIOR,route2zero_operator_prior_v1,operator-v2.0
LTFRB_PUJ1901,,,50.0,,50.0,0.0,5.0,True,NEUTRAL_PRIOR,route2zero_operator_prior_v1,operator-v2.0
LTFRB_PUJ1902,,,50.0,,50.0,0.0,5.0,True,NEUTRAL_PRIOR,route2zero_operator_prior_v1,operator-v2.0
LTFRB_PUJ1903,,,50.0,,50.0,0.0,5.0,True,NEUTRAL_PRIOR,route2zero_operator_prior_v1,operator-v2.0
LTFRB_PUJ1904,,,50.0,,50.0,0.0,5.0,True,NEUTRAL_PRIOR,route2zero_operator_prior_v1,operator-v2.0
LTFRB_PUJ1905,,,50.0,,50.0,0.0,5.0,True,NEUTRAL_PRIOR,route2zero_operator_prior_v1,operator-v2.0
LTFRB_PUJ1906,,,50.0,,50.0,0.0,5.0,True,NEUTRAL_PRIOR,route2zero_operator_prior_v1,operator-v2.0
LTFRB_PUJ1907,,,50.0,,50.0,0.0,5.0,True,NEUTRAL_PRIOR,route2zero_operator_prior_v1,operator-v2.0
LTFRB_PUJ1908,,,50.0,,50.0,0.0,5.0,True,NEUTRAL_PRIOR,route2zero_operator_prior_v1,operator-v2.0
LTFRB_PUJ1909,,,50.0,,50.0,0.0,5.0,True,NEUTRAL_PRIOR,route2zero_operator_prior_v1,operator-v2.0
LTFRB_PUJ1910,,,50.0,,50.0,0.0,5.0,True,NEUTRAL_PRIOR,route2zero_operator_prior_v1,operator-v2.0
LTFRB_PUJ1911,,,50.0,,50.0,0.0,5.0,True,NEUTRAL_PRIOR,route2zero_operator_prior_v1,operator-v2.0
LTFRB_PUJ1912,,,50.0,,50.0,0.0,5.0,True,NEUTRAL_PRIOR,route2zero_operator_prior_v1,operator-v2.0
LTFRB_PUJ1913,,,50.0,,50.0,0.0,5.0,True,NEUTRAL_PRIOR,route2zero_operator_prior_v1,operator-v2.0
LTFRB_PUJ1914,,,50.0,,50.0,0.0,5.0,True,NEUTRAL_PRIOR,route2zero_operator_prior_v1,operator-v2.0
LTFRB_PUJ1915,,,50.0,,50.0,0.0,5.0,True,NEUTRAL_PRIOR,route2zero_operator_prior_v1,operator-v2.0
LTFRB_PUJ1916,,,50.0,,50.0,0.0,5.0,True,NEUTRAL_PRIOR,route2zero_operator_prior_v1,operator-v2.0
LTFRB_PUJ1917,,,50.0,,50.0,0.0,5.0,True,NEUTRAL_PRIOR,route2zero_operator_prior_v1,operator-v2.0
LTFRB_PUJ1918,,,50.0,,50.0,0.0,5.0,True,NEUTRAL_PRIOR,route2zero_operator_prior_v1,operator-v2.0
LTFRB_PUJ1919,,,50.0,,50.0,0.0,5.0,True,NEUTRAL_PRIOR,route2zero_operator_prior_v1,operator-v2.0
LTFRB_PUJ1920,,,50.0,,50.0,0.0,5.0,True,NEUTRAL_PRIOR,route2zero_operator_prior_v1,operator-v2.0
LTFRB_PUJ1922,,,50.0,,50.0,0.0,5.0,True,NEUTRAL_PRIOR,route2zero_operator_prior_v1,operator-v2.0
LTFRB_PUJ1923,,,50.0,,50.0,0.0,5.0,True,NEUTRAL_PRIOR,route2zero_operator_prior_v1,operator-v2.0
LTFRB_PUJ1924,,,50.0,,50.0,0.0,5.0,True,NEUTRAL_PRIOR,route2zero_operator_prior_v1,operator-v2.0
LTFRB_PUJ1925,,,50.0,,50.0,0.0,5.0,True,NEUTRAL_PRIOR,route2zero_operator_prior_v1,operator-v2.0
LTFRB_PUJ1926,,,50.0,,50.0,0.0,5.0,True,NEUTRAL_PRIOR,route2zero_operator_prior_v1,operator-v2.0
LTFRB_PUJ1928,,,50.0,,50.0,0.0,5.0,True,NEUTRAL_PRIOR,route2zero_operator_prior_v1,operator-v2.0
LTFRB_PUJ1929,,,50.0,,50.0,0.0,5.0,True,NEUTRAL_PRIOR,route2zero_operator_prior_v1,operator-v2.0
LTFRB_PUJ1930,,,50.0,,50.0,0.0,5.0,True,NEUTRAL_PRIOR,route2zero_operator_prior_v1,operator-v2.0
LTFRB_PUJ1931,,,50.0,,50.0,0.0,5.0,True,NEUTRAL_PRIOR,route2zero_operator_prior_v1,operator-v2.0
LTFRB_PUJ1932,,,50.0,,50.0,0.0,5.0,True,NEUTRAL_PRIOR,route2zero_operator_prior_v1,operator-v2.0
LTFRB_PUJ1933,,,50.0,,50.0,0.0,5.0,True,NEUTRAL_PRIOR,route2zero_operator_prior_v1,operator-v2.0
LTFRB_PUJ1934,,,50.0,,50.0,0.0,5.0,True,NEUTRAL_PRIOR,route2zero_operator_prior_v1,operator-v2.0
LTFRB_PUJ1935,,,50.0,,50.0,0.0,5.0,True,NEUTRAL_PRIOR,route2zero_operator_prior_v1,operator-v2.0
LTFRB_PUJ1936,,,50.0,,50.0,0.0,5.0,True,NEUTRAL_PRIOR,route2zero_operator_prior_v1,operator-v2.0
LTFRB_PUJ1937,,,50.0,,50.0,0.0,5.0,True,NEUTRAL_PRIOR,route2zero_operator_prior_v1,operator-v2.0
LTFRB_PUJ1940,,,50.0,,50.0,0.0,5.0,True,NEUTRAL_PRIOR,route2zero_operator_prior_v1,operator-v2.0
LTFRB_PUJ1941,,,50.0,,50.0,0.0,5.0,True,NEUTRAL_PRIOR,route2zero_operator_prior_v1,operator-v2.0
LTFRB_PUJ1942,,,50.0,,50.0,0.0,5.0,True,NEUTRAL_PRIOR,route2zero_operator_prior_v1,operator-v2.0
LTFRB_PUJ1943,,,50.0,,50.0,0.0,5.0,True,NEUTRAL_PRIOR,route2zero_operator_prior_v1,operator-v2.0
LTFRB_PUJ1944,,,50.0,,50.0,0.0,5.0,True,NEUTRAL_PRIOR,route2zero_operator_prior_v1,operator-v2.0
LTFRB_PUJ1947,,,50.0,,50.0,0.0,5.0,True,NEUTRAL_PRIOR,route2zero_operator_prior_v1,operator-v2.0
LTFRB_PUJ1948,,,50.0,,50.0,0.0,5.0,True,NEUTRAL_PRIOR,route2zero_operator_prior_v1,operator-v2.0
LTFRB_PUJ1949,,,50.0,,50.0,0.0,5.0,True,NEUTRAL_PRIOR,route2zero_operator_prior_v1,operator-v2.0
LTFRB_PUJ1950,,,50.0,,50.0,0.0,5.0,True,NEUTRAL_PRIOR,route2zero_operator_prior_v1,operator-v2.0
LTFRB_PUJ1951,,,50.0,,50.0,0.0,5.0,True,NEUTRAL_PRIOR,route2zero_operator_prior_v1,operator-v2.0
LTFRB_PUJ1952,,,50.0,,50.0,0.0,5.0,True,NEUTRAL_PRIOR,route2zero_operator_prior_v1,operator-v2.0
LTFRB_PUJ1953,,,50.0,,50.0,0.0,5.0,True,NEUTRAL_PRIOR,route2zero_operator_prior_v1,operator-v2.0
LTFRB_PUJ1954,,,50.0,,50.0,0.0,5.0,True,NEUTRAL_PRIOR,route2zero_operator_prior_v1,operator-v2.0
LTFRB_PUJ1955,,,50.0,,50.0,0.0,5.0,True,NEUTRAL_PRIOR,route2zero_operator_prior_v1,operator-v2.0
LTFRB_PUJ1956,,,50.0,,50.0,0.0,5.0,True,NEUTRAL_PRIOR,route2zero_operator_prior_v1,operator-v2.0
LTFRB_PUJ1957,,,50.0,,50.0,0.0,5.0,True,NEUTRAL_PRIOR,route2zero_operator_prior_v1,operator-v2.0
LTFRB_PUJ1958,,,50.0,,50.0,0.0,5.0,True,NEUTRAL_PRIOR,route2zero_operator_prior_v1,operator-v2.0
LTFRB_PUJ1959,,,50.0,,50.0,0.0,5.0,True,NEUTRAL_PRIOR,route2zero_operator_prior_v1,operator-v2.0
LTFRB_PUJ1960,,,50.0,,50.0,0.0,5.0,True,NEUTRAL_PRIOR,route2zero_operator_prior_v1,operator-v2.0
LTFRB_PUJ1961,,,50.0,,50.0,0.0,5.0,True,NEUTRAL_PRIOR,route2zero_operator_prior_v1,operator-v2.0
LTFRB_PUJ1962,,,50.0,,50.0,0.0,5.0,True,NEUTRAL_PRIOR,route2zero_operator_prior_v1,operator-v2.0
LTFRB_PUJ1963,,,50.0,,50.0,0.0,5.0,True,NEUTRAL_PRIOR,route2zero_operator_prior_v1,operator-v2.0
LTFRB_PUJ1964,,,50.0,,50.0,0.0,5.0,True,NEUTRAL_PRIOR,route2zero_operator_prior_v1,operator-v2.0
LTFRB_PUJ1965,,,50.0,,50.0,0.0,5.0,True,NEUTRAL_PRIOR,route2zero_operator_prior_v1,operator-v2.0
LTFRB_PUJ1966,,,50.0,,50.0,0.0,5.0,True,NEUTRAL_PRIOR,route2zero_operator_prior_v1,operator-v2.0
LTFRB_PUJ1967,,,50.0,,50.0,0.0,5.0,True,NEUTRAL_PRIOR,route2zero_operator_prior_v1,operator-v2.0
LTFRB_PUJ1968,,,50.0,,50.0,0.0,5.0,True,NEUTRAL_PRIOR,route2zero_operator_prior_v1,operator-v2.0
LTFRB_PUJ1969,,,50.0,,50.0,0.0,5.0,True,NEUTRAL_PRIOR,route2zero_operator_prior_v1,operator-v2.0
LTFRB_PUJ1970,,,50.0,,50.0,0.0,5.0,True,NEUTRAL_PRIOR,route2zero_operator_prior_v1,operator-v2.0
LTFRB_PUJ1971,,,50.0,,50.0,0.0,5.0,True,NEUTRAL_PRIOR,route2zero_operator_prior_v1,operator-v2.0
LTFRB_PUJ1972,,,50.0,,50.0,0.0,5.0,True,NEUTRAL_PRIOR,route2zero_operator_prior_v1,operator-v2.0
LTFRB_PUJ1973,,,50.0,,50.0,0.0,5.0,True,NEUTRAL_PRIOR,route2zero_operator_prior_v1,operator-v2.0
LTFRB_PUJ1974,,,50.0,,50.0,0.0,5.0,True,NEUTRAL_PRIOR,route2zero_operator_prior_v1,operator-v2.0
LTFRB_PUJ1975,,,50.0,,50.0,0.0,5.0,True,NEUTRAL_PRIOR,route2zero_operator_prior_v1,operator-v2.0
LTFRB_PUJ1978,,,50.0,,50.0,0.0,5.0,True,NEUTRAL_PRIOR,route2zero_operator_prior_v1,operator-v2.0
LTFRB_PUJ1979,,,50.0,,50.0,0.0,5.0,True,NEUTRAL_PRIOR,route2zero_operator_prior_v1,operator-v2.0
LTFRB_PUJ1980,,,50.0,,50.0,0.0,5.0,True,NEUTRAL_PRIOR,route2zero_operator_prior_v1,operator-v2.0
LTFRB_PUJ1981,,,50.0,,50.0,0.0,5.0,True,NEUTRAL_PRIOR,route2zero_operator_prior_v1,operator-v2.0
LTFRB_PUJ1982,,,50.0,,50.0,0.0,5.0,True,NEUTRAL_PRIOR,route2zero_operator_prior_v1,operator-v2.0
LTFRB_PUJ1983,,,50.0,,50.0,0.0,5.0,True,NEUTRAL_PRIOR,route2zero_operator_prior_v1,operator-v2.0
LTFRB_PUJ1984,,,50.0,,50.0,0.0,5.0,True,NEUTRAL_PRIOR,route2zero_operator_prior_v1,operator-v2.0
LTFRB_PUJ1985,,,50.0,,50.0,0.0,5.0,True,NEUTRAL_PRIOR,route2zero_operator_prior_v1,operator-v2.0
LTFRB_PUJ1986,,,50.0,,50.0,0.0,5.0,True,NEUTRAL_PRIOR,route2zero_operator_prior_v1,operator-v2.0
LTFRB_PUJ1987,,,50.0,,50.0,0.0,5.0,True,NEUTRAL_PRIOR,route2zero_operator_prior_v1,operator-v2.0
LTFRB_PUJ1988,,,50.0,,50.0,0.0,5.0,True,NEUTRAL_PRIOR,route2zero_operator_prior_v1,operator-v2.0
LTFRB_PUJ1989,,,50.0,,50.0,0.0,5.0,True,NEUTRAL_PRIOR,route2zero_operator_prior_v1,operator-v2.0
LTFRB_PUJ1990,,,50.0,,50.0,0.0,5.0,True,NEUTRAL_PRIOR,route2zero_operator_prior_v1,operator-v2.0
LTFRB_PUJ1991,,,50.0,,50.0,0.0,5.0,True,NEUTRAL_PRIOR,route2zero_operator_prior_v1,operator-v2.0
LTFRB_PUJ1992,,,50.0,,50.0,0.0,5.0,True,NEUTRAL_PRIOR,route2zero_operator_prior_v1,operator-v2.0
LTFRB_PUJ1993,,,50.0,,50.0,0.0,5.0,True,NEUTRAL_PRIOR,route2zero_operator_prior_v1,operator-v2.0
LTFRB_PUJ1994,,,50.0,,50.0,0.0,5.0,True,NEUTRAL_PRIOR,route2zero_operator_prior_v1,operator-v2.0
LTFRB_PUJ1995,,,50.0,,50.0,0.0,5.0,True,NEUTRAL_PRIOR,route2zero_operator_prior_v1,operator-v2.0
LTFRB_PUJ1996,,,50.0,,50.0,0.0,5.0,True,NEUTRAL_PRIOR,route2zero_operator_prior_v1,operator-v2.0
LTFRB_PUJ1999,,,50.0,,50.0,0.0,5.0,True,NEUTRAL_PRIOR,route2zero_operator_prior_v1,operator-v2.0
LTFRB_PUJ2000,,,50.0,,50.0,0.0,5.0,True,NEUTRAL_PRIOR,route2zero_operator_prior_v1,operator-v2.0
LTFRB_PUJ2001,,,50.0,,50.0,0.0,5.0,True,NEUTRAL_PRIOR,route2zero_operator_prior_v1,operator-v2.0
LTFRB_PUJ2002,,,50.0,,50.0,0.0,5.0,True,NEUTRAL_PRIOR,route2zero_operator_prior_v1,operator-v2.0
LTFRB_PUJ2003,,,50.0,,50.0,0.0,5.0,True,NEUTRAL_PRIOR,route2zero_operator_prior_v1,operator-v2.0
LTFRB_PUJ2004,,,50.0,,50.0,0.0,5.0,True,NEUTRAL_PRIOR,route2zero_operator_prior_v1,operator-v2.0
LTFRB_PUJ2005,,,50.0,,50.0,0.0,5.0,True,NEUTRAL_PRIOR,route2zero_operator_prior_v1,operator-v2.0
LTFRB_PUJ2006,,,50.0,,50.0,0.0,5.0,True,NEUTRAL_PRIOR,route2zero_operator_prior_v1,operator-v2.0
LTFRB_PUJ2008,,,50.0,,50.0,0.0,5.0,True,NEUTRAL_PRIOR,route2zero_operator_prior_v1,operator-v2.0
LTFRB_PUJ2009,,,50.0,,50.0,0.0,5.0,True,NEUTRAL_PRIOR,route2zero_operator_prior_v1,operator-v2.0
LTFRB_PUJ2010,,,50.0,,50.0,0.0,5.0,True,NEUTRAL_PRIOR,route2zero_operator_prior_v1,operator-v2.0
LTFRB_PUJ2011,,,50.0,,50.0,0.0,5.0,True,NEUTRAL_PRIOR,route2zero_operator_prior_v1,operator-v2.0
LTFRB_PUJ2012,,,50.0,,50.0,0.0,5.0,True,NEUTRAL_PRIOR,route2zero_operator_prior_v1,operator-v2.0
LTFRB_PUJ2013,,,50.0,,50.0,0.0,5.0,True,NEUTRAL_PRIOR,route2zero_operator_prior_v1,operator-v2.0
LTFRB_PUJ2014,,,50.0,,50.0,0.0,5.0,True,NEUTRAL_PRIOR,route2zero_operator_prior_v1,operator-v2.0
LTFRB_PUJ2015,,,50.0,,50.0,0.0,5.0,True,NEUTRAL_PRIOR,route2zero_operator_prior_v1,operator-v2.0
LTFRB_PUJ2016,,,50.0,,50.0,0.0,5.0,True,NEUTRAL_PRIOR,route2zero_operator_prior_v1,operator-v2.0
LTFRB_PUJ2017,,,50.0,,50.0,0.0,5.0,True,NEUTRAL_PRIOR,route2zero_operator_prior_v1,operator-v2.0
LTFRB_PUJ2018,,,50.0,,50.0,0.0,5.0,True,NEUTRAL_PRIOR,route2zero_operator_prior_v1,operator-v2.0
LTFRB_PUJ2019,,,50.0,,50.0,0.0,5.0,True,NEUTRAL_PRIOR,route2zero_operator_prior_v1,operator-v2.0
LTFRB_PUJ2020,,,50.0,,50.0,0.0,5.0,True,NEUTRAL_PRIOR,route2zero_operator_prior_v1,operator-v2.0
LTFRB_PUJ2021,,,50.0,,50.0,0.0,5.0,True,NEUTRAL_PRIOR,route2zero_operator_prior_v1,operator-v2.0
LTFRB_PUJ2022,,,50.0,,50.0,0.0,5.0,True,NEUTRAL_PRIOR,route2zero_operator_prior_v1,operator-v2.0
LTFRB_PUJ2023,,,50.0,,50.0,0.0,5.0,True,NEUTRAL_PRIOR,route2zero_operator_prior_v1,operator-v2.0
LTFRB_PUJ2024,,,50.0,,50.0,0.0,5.0,True,NEUTRAL_PRIOR,route2zero_operator_prior_v1,operator-v2.0
LTFRB_PUJ2025,,,50.0,,50.0,0.0,5.0,True,NEUTRAL_PRIOR,route2zero_operator_prior_v1,operator-v2.0
LTFRB_PUJ2026,,,50.0,,50.0,0.0,5.0,True,NEUTRAL_PRIOR,route2zero_operator_prior_v1,operator-v2.0
LTFRB_PUJ2027,,,50.0,,50.0,0.0,5.0,True,NEUTRAL_PRIOR,route2zero_operator_prior_v1,operator-v2.0
LTFRB_PUJ2028,,,50.0,,50.0,0.0,5.0,True,NEUTRAL_PRIOR,route2zero_operator_prior_v1,operator-v2.0
LTFRB_PUJ2029,,,50.0,,50.0,0.0,5.0,True,NEUTRAL_PRIOR,route2zero_operator_prior_v1,operator-v2.0
LTFRB_PUJ2030,,,50.0,,50.0,0.0,5.0,True,NEUTRAL_PRIOR,route2zero_operator_prior_v1,operator-v2.0
LTFRB_PUJ2031,,,50.0,,50.0,0.0,5.0,True,NEUTRAL_PRIOR,route2zero_operator_prior_v1,operator-v2.0
LTFRB_PUJ2032,,,50.0,,50.0,0.0,5.0,True,NEUTRAL_PRIOR,route2zero_operator_prior_v1,operator-v2.0
LTFRB_PUJ2033,,,50.0,,50.0,0.0,5.0,True,NEUTRAL_PRIOR,route2zero_operator_prior_v1,operator-v2.0
LTFRB_PUJ2034,,,50.0,,50.0,0.0,5.0,True,NEUTRAL_PRIOR,route2zero_operator_prior_v1,operator-v2.0
LTFRB_PUJ2035,,,50.0,,50.0,0.0,5.0,True,NEUTRAL_PRIOR,route2zero_operator_prior_v1,operator-v2.0
LTFRB_PUJ2036,,,50.0,,50.0,0.0,5.0,True,NEUTRAL_PRIOR,route2zero_operator_prior_v1,operator-v2.0
LTFRB_PUJ2037,,,50.0,,50.0,0.0,5.0,True,NEUTRAL_PRIOR,route2zero_operator_prior_v1,operator-v2.0
LTFRB_PUJ2038,,,50.0,,50.0,0.0,5.0,True,NEUTRAL_PRIOR,route2zero_operator_prior_v1,operator-v2.0
LTFRB_PUJ2039,,,50.0,,50.0,0.0,5.0,True,NEUTRAL_PRIOR,route2zero_operator_prior_v1,operator-v2.0
LTFRB_PUJ2040,,,50.0,,50.0,0.0,5.0,True,NEUTRAL_PRIOR,route2zero_operator_prior_v1,operator-v2.0
LTFRB_PUJ2041,,,50.0,,50.0,0.0,5.0,True,NEUTRAL_PRIOR,route2zero_operator_prior_v1,operator-v2.0
LTFRB_PUJ2042,,,50.0,,50.0,0.0,5.0,True,NEUTRAL_PRIOR,route2zero_operator_prior_v1,operator-v2.0
LTFRB_PUJ2043,,,50.0,,50.0,0.0,5.0,True,NEUTRAL_PRIOR,route2zero_operator_prior_v1,operator-v2.0
LTFRB_PUJ2044,,,50.0,,50.0,0.0,5.0,True,NEUTRAL_PRIOR,route2zero_operator_prior_v1,operator-v2.0
LTFRB_PUJ2045,,,50.0,,50.0,0.0,5.0,True,NEUTRAL_PRIOR,route2zero_operator_prior_v1,operator-v2.0
LTFRB_PUJ2046,,,50.0,,50.0,0.0,5.0,True,NEUTRAL_PRIOR,route2zero_operator_prior_v1,operator-v2.0
LTFRB_PUJ2047,,,50.0,,50.0,0.0,5.0,True,NEUTRAL_PRIOR,route2zero_operator_prior_v1,operator-v2.0
LTFRB_PUJ2048,,,50.0,,50.0,0.0,5.0,True,NEUTRAL_PRIOR,route2zero_operator_prior_v1,operator-v2.0
LTFRB_PUJ2049,,,50.0,,50.0,0.0,5.0,True,NEUTRAL_PRIOR,route2zero_operator_prior_v1,operator-v2.0
LTFRB_PUJ2050,,,50.0,,50.0,0.0,5.0,True,NEUTRAL_PRIOR,route2zero_operator_prior_v1,operator-v2.0
LTFRB_PUJ2051,,,50.0,,50.0,0.0,5.0,True,NEUTRAL_PRIOR,route2zero_operator_prior_v1,operator-v2.0
LTFRB_PUJ2052,,,50.0,,50.0,0.0,5.0,True,NEUTRAL_PRIOR,route2zero_operator_prior_v1,operator-v2.0
LTFRB_PUJ2053,,,50.0,,50.0,0.0,5.0,True,NEUTRAL_PRIOR,route2zero_operator_prior_v1,operator-v2.0
LTFRB_PUJ2054,,,50.0,,50.0,0.0,5.0,True,NEUTRAL_PRIOR,route2zero_operator_prior_v1,operator-v2.0
LTFRB_PUJ2055,,,50.0,,50.0,0.0,5.0,True,NEUTRAL_PRIOR,route2zero_operator_prior_v1,operator-v2.0
LTFRB_PUJ2056,,,50.0,,50.0,0.0,5.0,True,NEUTRAL_PRIOR,route2zero_operator_prior_v1,operator-v2.0
LTFRB_PUJ2057,,,50.0,,50.0,0.0,5.0,True,NEUTRAL_PRIOR,route2zero_operator_prior_v1,operator-v2.0
LTFRB_PUJ2058,,,50.0,,50.0,0.0,5.0,True,NEUTRAL_PRIOR,route2zero_operator_prior_v1,operator-v2.0
LTFRB_PUJ2059,,,50.0,,50.0,0.0,5.0,True,NEUTRAL_PRIOR,route2zero_operator_prior_v1,operator-v2.0
LTFRB_PUJ2060,,,50.0,,50.0,0.0,5.0,True,NEUTRAL_PRIOR,route2zero_operator_prior_v1,operator-v2.0
LTFRB_PUJ2061,,,50.0,,50.0,0.0,5.0,True,NEUTRAL_PRIOR,route2zero_operator_prior_v1,operator-v2.0
LTFRB_PUJ2062,,,50.0,,50.0,0.0,5.0,True,NEUTRAL_PRIOR,route2zero_operator_prior_v1,operator-v2.0
LTFRB_PUJ2064,,,50.0,,50.0,0.0,5.0,True,NEUTRAL_PRIOR,route2zero_operator_prior_v1,operator-v2.0
LTFRB_PUJ2065,,,50.0,,50.0,0.0,5.0,True,NEUTRAL_PRIOR,route2zero_operator_prior_v1,operator-v2.0
LTFRB_PUJ2066,,,50.0,,50.0,0.0,5.0,True,NEUTRAL_PRIOR,route2zero_operator_prior_v1,operator-v2.0
LTFRB_PUJ2067,,,50.0,,50.0,0.0,5.0,True,NEUTRAL_PRIOR,route2zero_operator_prior_v1,operator-v2.0
LTFRB_PUJ2068,,,50.0,,50.0,0.0,5.0,True,NEUTRAL_PRIOR,route2zero_operator_prior_v1,operator-v2.0
LTFRB_PUJ2069,,,50.0,,50.0,0.0,5.0,True,NEUTRAL_PRIOR,route2zero_operator_prior_v1,operator-v2.0
LTFRB_PUJ2070,,,50.0,,50.0,0.0,5.0,True,NEUTRAL_PRIOR,route2zero_operator_prior_v1,operator-v2.0
LTFRB_PUJ2071,,,50.0,,50.0,0.0,5.0,True,NEUTRAL_PRIOR,route2zero_operator_prior_v1,operator-v2.0
LTFRB_PUJ2072,,,50.0,,50.0,0.0,5.0,True,NEUTRAL_PRIOR,route2zero_operator_prior_v1,operator-v2.0
LTFRB_PUJ2073,,,50.0,,50.0,0.0,5.0,True,NEUTRAL_PRIOR,route2zero_operator_prior_v1,operator-v2.0
LTFRB_PUJ2074,,,50.0,,50.0,0.0,5.0,True,NEUTRAL_PRIOR,route2zero_operator_prior_v1,operator-v2.0
LTFRB_PUJ2075,,,50.0,,50.0,0.0,5.0,True,NEUTRAL_PRIOR,route2zero_operator_prior_v1,operator-v2.0
LTFRB_PUJ2076,,,50.0,,50.0,0.0,5.0,True,NEUTRAL_PRIOR,route2zero_operator_prior_v1,operator-v2.0
LTFRB_PUJ2077,,,50.0,,50.0,0.0,5.0,True,NEUTRAL_PRIOR,route2zero_operator_prior_v1,operator-v2.0
LTFRB_PUJ2078,,,50.0,,50.0,0.0,5.0,True,NEUTRAL_PRIOR,route2zero_operator_prior_v1,operator-v2.0
LTFRB_PUJ2079,,,50.0,,50.0,0.0,5.0,True,NEUTRAL_PRIOR,route2zero_operator_prior_v1,operator-v2.0
LTFRB_PUJ2080,,,50.0,,50.0,0.0,5.0,True,NEUTRAL_PRIOR,route2zero_operator_prior_v1,operator-v2.0
LTFRB_PUJ2081,,,50.0,,50.0,0.0,5.0,True,NEUTRAL_PRIOR,route2zero_operator_prior_v1,operator-v2.0
LTFRB_PUJ2082,,,50.0,,50.0,0.0,5.0,True,NEUTRAL_PRIOR,route2zero_operator_prior_v1,operator-v2.0
LTFRB_PUJ2083,,,50.0,,50.0,0.0,5.0,True,NEUTRAL_PRIOR,route2zero_operator_prior_v1,operator-v2.0
LTFRB_PUJ2084,,,50.0,,50.0,0.0,5.0,True,NEUTRAL_PRIOR,route2zero_operator_prior_v1,operator-v2.0
LTFRB_PUJ2085,,,50.0,,50.0,0.0,5.0,True,NEUTRAL_PRIOR,route2zero_operator_prior_v1,operator-v2.0
LTFRB_PUJ2086,,,50.0,,50.0,0.0,5.0,True,NEUTRAL_PRIOR,route2zero_operator_prior_v1,operator-v2.0
LTFRB_PUJ2087,,,50.0,,50.0,0.0,5.0,True,NEUTRAL_PRIOR,route2zero_operator_prior_v1,operator-v2.0
LTFRB_PUJ2088,,,50.0,,50.0,0.0,5.0,True,NEUTRAL_PRIOR,route2zero_operator_prior_v1,operator-v2.0
LTFRB_PUJ2089,,,50.0,,50.0,0.0,5.0,True,NEUTRAL_PRIOR,route2zero_operator_prior_v1,operator-v2.0
LTFRB_PUJ2090,,,50.0,,50.0,0.0,5.0,True,NEUTRAL_PRIOR,route2zero_operator_prior_v1,operator-v2.0
LTFRB_PUJ2091,,,50.0,,50.0,0.0,5.0,True,NEUTRAL_PRIOR,route2zero_operator_prior_v1,operator-v2.0
LTFRB_PUJ2092,,,50.0,,50.0,0.0,5.0,True,NEUTRAL_PRIOR,route2zero_operator_prior_v1,operator-v2.0
LTFRB_PUJ2093,,,50.0,,50.0,0.0,5.0,True,NEUTRAL_PRIOR,route2zero_operator_prior_v1,operator-v2.0
LTFRB_PUJ2094,,,50.0,,50.0,0.0,5.0,True,NEUTRAL_PRIOR,route2zero_operator_prior_v1,operator-v2.0
LTFRB_PUJ2095,,,50.0,,50.0,0.0,5.0,True,NEUTRAL_PRIOR,route2zero_operator_prior_v1,operator-v2.0
LTFRB_PUJ2096,,,50.0,,50.0,0.0,5.0,True,NEUTRAL_PRIOR,route2zero_operator_prior_v1,operator-v2.0
LTFRB_PUJ2097,,,50.0,,50.0,0.0,5.0,True,NEUTRAL_PRIOR,route2zero_operator_prior_v1,operator-v2.0
LTFRB_PUJ2098,,,50.0,,50.0,0.0,5.0,True,NEUTRAL_PRIOR,route2zero_operator_prior_v1,operator-v2.0
LTFRB_PUJ2099,,,50.0,,50.0,0.0,5.0,True,NEUTRAL_PRIOR,route2zero_operator_prior_v1,operator-v2.0
LTFRB_PUJ2100,,,50.0,,50.0,0.0,5.0,True,NEUTRAL_PRIOR,route2zero_operator_prior_v1,operator-v2.0
LTFRB_PUJ2101,,,50.0,,50.0,0.0,5.0,True,NEUTRAL_PRIOR,route2zero_operator_prior_v1,operator-v2.0
LTFRB_PUJ2102,,,50.0,,50.0,0.0,5.0,True,NEUTRAL_PRIOR,route2zero_operator_prior_v1,operator-v2.0
LTFRB_PUJ2104,,,50.0,,50.0,0.0,5.0,True,NEUTRAL_PRIOR,route2zero_operator_prior_v1,operator-v2.0
LTFRB_PUJ2105,,,50.0,,50.0,0.0,5.0,True,NEUTRAL_PRIOR,route2zero_operator_prior_v1,operator-v2.0
LTFRB_PUJ2106,,,50.0,,50.0,0.0,5.0,True,NEUTRAL_PRIOR,route2zero_operator_prior_v1,operator-v2.0
LTFRB_PUJ2107,,,50.0,,50.0,0.0,5.0,True,NEUTRAL_PRIOR,route2zero_operator_prior_v1,operator-v2.0
LTFRB_PUJ2108,,,50.0,,50.0,0.0,5.0,True,NEUTRAL_PRIOR,route2zero_operator_prior_v1,operator-v2.0
LTFRB_PUJ2109,,,50.0,,50.0,0.0,5.0,True,NEUTRAL_PRIOR,route2zero_operator_prior_v1,operator-v2.0
LTFRB_PUJ2110,,,50.0,,50.0,0.0,5.0,True,NEUTRAL_PRIOR,route2zero_operator_prior_v1,operator-v2.0
LTFRB_PUJ2111,,,50.0,,50.0,0.0,5.0,True,NEUTRAL_PRIOR,route2zero_operator_prior_v1,operator-v2.0
LTFRB_PUJ2112,,,50.0,,50.0,0.0,5.0,True,NEUTRAL_PRIOR,route2zero_operator_prior_v1,operator-v2.0
LTFRB_PUJ2113,,,50.0,,50.0,0.0,5.0,True,NEUTRAL_PRIOR,route2zero_operator_prior_v1,operator-v2.0
LTFRB_PUJ2114,,,50.0,,50.0,0.0,5.0,True,NEUTRAL_PRIOR,route2zero_operator_prior_v1,operator-v2.0
LTFRB_PUJ2115,,,50.0,,50.0,0.0,5.0,True,NEUTRAL_PRIOR,route2zero_operator_prior_v1,operator-v2.0
LTFRB_PUJ2116,,,50.0,,50.0,0.0,5.0,True,NEUTRAL_PRIOR,route2zero_operator_prior_v1,operator-v2.0
LTFRB_PUJ2117,,,50.0,,50.0,0.0,5.0,True,NEUTRAL_PRIOR,route2zero_operator_prior_v1,operator-v2.0
LTFRB_PUJ2118,,,50.0,,50.0,0.0,5.0,True,NEUTRAL_PRIOR,route2zero_operator_prior_v1,operator-v2.0
LTFRB_PUJ2119,,,50.0,,50.0,0.0,5.0,True,NEUTRAL_PRIOR,route2zero_operator_prior_v1,operator-v2.0
LTFRB_PUJ2120,,,50.0,,50.0,0.0,5.0,True,NEUTRAL_PRIOR,route2zero_operator_prior_v1,operator-v2.0
LTFRB_PUJ2121,,,50.0,,50.0,0.0,5.0,True,NEUTRAL_PRIOR,route2zero_operator_prior_v1,operator-v2.0
LTFRB_PUJ2122,,,50.0,,50.0,0.0,5.0,True,NEUTRAL_PRIOR,route2zero_operator_prior_v1,operator-v2.0
LTFRB_PUJ2123,,,50.0,,50.0,0.0,5.0,True,NEUTRAL_PRIOR,route2zero_operator_prior_v1,operator-v2.0
LTFRB_PUJ2124,,,50.0,,50.0,0.0,5.0,True,NEUTRAL_PRIOR,route2zero_operator_prior_v1,operator-v2.0
LTFRB_PUJ2125,,,50.0,,50.0,0.0,5.0,True,NEUTRAL_PRIOR,route2zero_operator_prior_v1,operator-v2.0
LTFRB_PUJ2126,,,50.0,,50.0,0.0,5.0,True,NEUTRAL_PRIOR,route2zero_operator_prior_v1,operator-v2.0
LTFRB_PUJ2127,,,50.0,,50.0,0.0,5.0,True,NEUTRAL_PRIOR,route2zero_operator_prior_v1,operator-v2.0
LTFRB_PUJ2129,,,50.0,,50.0,0.0,5.0,True,NEUTRAL_PRIOR,route2zero_operator_prior_v1,operator-v2.0
LTFRB_PUJ2130,,,50.0,,50.0,0.0,5.0,True,NEUTRAL_PRIOR,route2zero_operator_prior_v1,operator-v2.0
LTFRB_PUJ2131,,,50.0,,50.0,0.0,5.0,True,NEUTRAL_PRIOR,route2zero_operator_prior_v1,operator-v2.0
LTFRB_PUJ2132,,,50.0,,50.0,0.0,5.0,True,NEUTRAL_PRIOR,route2zero_operator_prior_v1,operator-v2.0
LTFRB_PUJ2133,,,50.0,,50.0,0.0,5.0,True,NEUTRAL_PRIOR,route2zero_operator_prior_v1,operator-v2.0
LTFRB_PUJ2134,,,50.0,,50.0,0.0,5.0,True,NEUTRAL_PRIOR,route2zero_operator_prior_v1,operator-v2.0
LTFRB_PUJ2135,,,50.0,,50.0,0.0,5.0,True,NEUTRAL_PRIOR,route2zero_operator_prior_v1,operator-v2.0
LTFRB_PUJ2137,,,50.0,,50.0,0.0,5.0,True,NEUTRAL_PRIOR,route2zero_operator_prior_v1,operator-v2.0
LTFRB_PUJ2138,,,50.0,,50.0,0.0,5.0,True,NEUTRAL_PRIOR,route2zero_operator_prior_v1,operator-v2.0
LTFRB_PUJ2140,,,50.0,,50.0,0.0,5.0,True,NEUTRAL_PRIOR,route2zero_operator_prior_v1,operator-v2.0
LTFRB_PUJ2141,,,50.0,,50.0,0.0,5.0,True,NEUTRAL_PRIOR,route2zero_operator_prior_v1,operator-v2.0
LTFRB_PUJ2142,,,50.0,,50.0,0.0,5.0,True,NEUTRAL_PRIOR,route2zero_operator_prior_v1,operator-v2.0
LTFRB_PUJ2145,,,50.0,,50.0,0.0,5.0,True,NEUTRAL_PRIOR,route2zero_operator_prior_v1,operator-v2.0
LTFRB_PUJ2146,,,50.0,,50.0,0.0,5.0,True,NEUTRAL_PRIOR,route2zero_operator_prior_v1,operator-v2.0
LTFRB_PUJ2147,,,50.0,,50.0,0.0,5.0,True,NEUTRAL_PRIOR,route2zero_operator_prior_v1,operator-v2.0
LTFRB_PUJ2148,,,50.0,,50.0,0.0,5.0,True,NEUTRAL_PRIOR,route2zero_operator_prior_v1,operator-v2.0
LTFRB_PUJ2149,,,50.0,,50.0,0.0,5.0,True,NEUTRAL_PRIOR,route2zero_operator_prior_v1,operator-v2.0
LTFRB_PUJ2150,,,50.0,,50.0,0.0,5.0,True,NEUTRAL_PRIOR,route2zero_operator_prior_v1,operator-v2.0
LTFRB_PUJ2151,,,50.0,,50.0,0.0,5.0,True,NEUTRAL_PRIOR,route2zero_operator_prior_v1,operator-v2.0
LTFRB_PUJ2152,,,50.0,,50.0,0.0,5.0,True,NEUTRAL_PRIOR,route2zero_operator_prior_v1,operator-v2.0
LTFRB_PUJ2153,,,50.0,,50.0,0.0,5.0,True,NEUTRAL_PRIOR,route2zero_operator_prior_v1,operator-v2.0
LTFRB_PUJ2154,,,50.0,,50.0,0.0,5.0,True,NEUTRAL_PRIOR,route2zero_operator_prior_v1,operator-v2.0
LTFRB_PUJ2155,,,50.0,,50.0,0.0,5.0,True,NEUTRAL_PRIOR,route2zero_operator_prior_v1,operator-v2.0
LTFRB_PUJ2156,,,50.0,,50.0,0.0,5.0,True,NEUTRAL_PRIOR,route2zero_operator_prior_v1,operator-v2.0
LTFRB_PUJ2157,,,50.0,,50.0,0.0,5.0,True,NEUTRAL_PRIOR,route2zero_operator_prior_v1,operator-v2.0
LTFRB_PUJ2158,,,50.0,,50.0,0.0,5.0,True,NEUTRAL_PRIOR,route2zero_operator_prior_v1,operator-v2.0
LTFRB_PUJ2159,,,50.0,,50.0,0.0,5.0,True,NEUTRAL_PRIOR,route2zero_operator_prior_v1,operator-v2.0
LTFRB_PUJ2160,,,50.0,,50.0,0.0,5.0,True,NEUTRAL_PRIOR,route2zero_operator_prior_v1,operator-v2.0
LTFRB_PUJ2161,,,50.0,,50.0,0.0,5.0,True,NEUTRAL_PRIOR,route2zero_operator_prior_v1,operator-v2.0
LTFRB_PUJ2163,,,50.0,,50.0,0.0,5.0,True,NEUTRAL_PRIOR,route2zero_operator_prior_v1,operator-v2.0
LTFRB_PUJ2164,,,50.0,,50.0,0.0,5.0,True,NEUTRAL_PRIOR,route2zero_operator_prior_v1,operator-v2.0
LTFRB_PUJ2165,,,50.0,,50.0,0.0,5.0,True,NEUTRAL_PRIOR,route2zero_operator_prior_v1,operator-v2.0
LTFRB_PUJ2166,,,50.0,,50.0,0.0,5.0,True,NEUTRAL_PRIOR,route2zero_operator_prior_v1,operator-v2.0
LTFRB_PUJ2167,,,50.0,,50.0,0.0,5.0,True,NEUTRAL_PRIOR,route2zero_operator_prior_v1,operator-v2.0
LTFRB_PUJ2168,,,50.0,,50.0,0.0,5.0,True,NEUTRAL_PRIOR,route2zero_operator_prior_v1,operator-v2.0
LTFRB_PUJ2169,,,50.0,,50.0,0.0,5.0,True,NEUTRAL_PRIOR,route2zero_operator_prior_v1,operator-v2.0
LTFRB_PUJ2170,,,50.0,,50.0,0.0,5.0,True,NEUTRAL_PRIOR,route2zero_operator_prior_v1,operator-v2.0
LTFRB_PUJ2171,,,50.0,,50.0,0.0,5.0,True,NEUTRAL_PRIOR,route2zero_operator_prior_v1,operator-v2.0
LTFRB_PUJ2172,,,50.0,,50.0,0.0,5.0,True,NEUTRAL_PRIOR,route2zero_operator_prior_v1,operator-v2.0
LTFRB_PUJ2173,,,50.0,,50.0,0.0,5.0,True,NEUTRAL_PRIOR,route2zero_operator_prior_v1,operator-v2.0
LTFRB_PUJ2174,,,50.0,,50.0,0.0,5.0,True,NEUTRAL_PRIOR,route2zero_operator_prior_v1,operator-v2.0
LTFRB_PUJ2175,,,50.0,,50.0,0.0,5.0,True,NEUTRAL_PRIOR,route2zero_operator_prior_v1,operator-v2.0
LTFRB_PUJ2176,,,50.0,,50.0,0.0,5.0,True,NEUTRAL_PRIOR,route2zero_operator_prior_v1,operator-v2.0
LTFRB_PUJ2177,,,50.0,,50.0,0.0,5.0,True,NEUTRAL_PRIOR,route2zero_operator_prior_v1,operator-v2.0
LTFRB_PUJ2178,,,50.0,,50.0,0.0,5.0,True,NEUTRAL_PRIOR,route2zero_operator_prior_v1,operator-v2.0
LTFRB_PUJ2179,,,50.0,,50.0,0.0,5.0,True,NEUTRAL_PRIOR,route2zero_operator_prior_v1,operator-v2.0
LTFRB_PUJ2180,,,50.0,,50.0,0.0,5.0,True,NEUTRAL_PRIOR,route2zero_operator_prior_v1,operator-v2.0
LTFRB_PUJ2181,,,50.0,,50.0,0.0,5.0,True,NEUTRAL_PRIOR,route2zero_operator_prior_v1,operator-v2.0
LTFRB_PUJ2182,,,50.0,,50.0,0.0,5.0,True,NEUTRAL_PRIOR,route2zero_operator_prior_v1,operator-v2.0
LTFRB_PUJ2183,,,50.0,,50.0,0.0,5.0,True,NEUTRAL_PRIOR,route2zero_operator_prior_v1,operator-v2.0
LTFRB_PUJ2184,,,50.0,,50.0,0.0,5.0,True,NEUTRAL_PRIOR,route2zero_operator_prior_v1,operator-v2.0
LTFRB_PUJ2185,,,50.0,,50.0,0.0,5.0,True,NEUTRAL_PRIOR,route2zero_operator_prior_v1,operator-v2.0
LTFRB_PUJ2186,,,50.0,,50.0,0.0,5.0,True,NEUTRAL_PRIOR,route2zero_operator_prior_v1,operator-v2.0
LTFRB_PUJ2187,,,50.0,,50.0,0.0,5.0,True,NEUTRAL_PRIOR,route2zero_operator_prior_v1,operator-v2.0
LTFRB_PUJ2188,,,50.0,,50.0,0.0,5.0,True,NEUTRAL_PRIOR,route2zero_operator_prior_v1,operator-v2.0
LTFRB_PUJ2189,,,50.0,,50.0,0.0,5.0,True,NEUTRAL_PRIOR,route2zero_operator_prior_v1,operator-v2.0
LTFRB_PUJ2190,,,50.0,,50.0,0.0,5.0,True,NEUTRAL_PRIOR,route2zero_operator_prior_v1,operator-v2.0
LTFRB_PUJ2192,,,50.0,,50.0,0.0,5.0,True,NEUTRAL_PRIOR,route2zero_operator_prior_v1,operator-v2.0
LTFRB_PUJ2193,,,50.0,,50.0,0.0,5.0,True,NEUTRAL_PRIOR,route2zero_operator_prior_v1,operator-v2.0
LTFRB_PUJ2194,,,50.0,,50.0,0.0,5.0,True,NEUTRAL_PRIOR,route2zero_operator_prior_v1,operator-v2.0
LTFRB_PUJ2195,,,50.0,,50.0,0.0,5.0,True,NEUTRAL_PRIOR,route2zero_operator_prior_v1,operator-v2.0
LTFRB_PUJ2196,,,50.0,,50.0,0.0,5.0,True,NEUTRAL_PRIOR,route2zero_operator_prior_v1,operator-v2.0
LTFRB_PUJ2197,,,50.0,,50.0,0.0,5.0,True,NEUTRAL_PRIOR,route2zero_operator_prior_v1,operator-v2.0
LTFRB_PUJ2198,,,50.0,,50.0,0.0,5.0,True,NEUTRAL_PRIOR,route2zero_operator_prior_v1,operator-v2.0
LTFRB_PUJ2199,,,50.0,,50.0,0.0,5.0,True,NEUTRAL_PRIOR,route2zero_operator_prior_v1,operator-v2.0
LTFRB_PUJ2200,,,50.0,,50.0,0.0,5.0,True,NEUTRAL_PRIOR,route2zero_operator_prior_v1,operator-v2.0
LTFRB_PUJ2201,,,50.0,,50.0,0.0,5.0,True,NEUTRAL_PRIOR,route2zero_operator_prior_v1,operator-v2.0
LTFRB_PUJ2202,,,50.0,,50.0,0.0,5.0,True,NEUTRAL_PRIOR,route2zero_operator_prior_v1,operator-v2.0
LTFRB_PUJ2203,,,50.0,,50.0,0.0,5.0,True,NEUTRAL_PRIOR,route2zero_operator_prior_v1,operator-v2.0
LTFRB_PUJ2204,,,50.0,,50.0,0.0,5.0,True,NEUTRAL_PRIOR,route2zero_operator_prior_v1,operator-v2.0
LTFRB_PUJ2205,,,50.0,,50.0,0.0,5.0,True,NEUTRAL_PRIOR,route2zero_operator_prior_v1,operator-v2.0
LTFRB_PUJ2206,,,50.0,,50.0,0.0,5.0,True,NEUTRAL_PRIOR,route2zero_operator_prior_v1,operator-v2.0
LTFRB_PUJ2207,,,50.0,,50.0,0.0,5.0,True,NEUTRAL_PRIOR,route2zero_operator_prior_v1,operator-v2.0
LTFRB_PUJ2208,,,50.0,,50.0,0.0,5.0,True,NEUTRAL_PRIOR,route2zero_operator_prior_v1,operator-v2.0
LTFRB_PUJ2209,,,50.0,,50.0,0.0,5.0,True,NEUTRAL_PRIOR,route2zero_operator_prior_v1,operator-v2.0
LTFRB_PUJ2210,,,50.0,,50.0,0.0,5.0,True,NEUTRAL_PRIOR,route2zero_operator_prior_v1,operator-v2.0
LTFRB_PUJ2211,,,50.0,,50.0,0.0,5.0,True,NEUTRAL_PRIOR,route2zero_operator_prior_v1,operator-v2.0
LTFRB_PUJ2212,,,50.0,,50.0,0.0,5.0,True,NEUTRAL_PRIOR,route2zero_operator_prior_v1,operator-v2.0
LTFRB_PUJ2213,,,50.0,,50.0,0.0,5.0,True,NEUTRAL_PRIOR,route2zero_operator_prior_v1,operator-v2.0
LTFRB_PUJ2214,,,50.0,,50.0,0.0,5.0,True,NEUTRAL_PRIOR,route2zero_operator_prior_v1,operator-v2.0
LTFRB_PUJ2215,,,50.0,,50.0,0.0,5.0,True,NEUTRAL_PRIOR,route2zero_operator_prior_v1,operator-v2.0
LTFRB_PUJ2217,,,50.0,,50.0,0.0,5.0,True,NEUTRAL_PRIOR,route2zero_operator_prior_v1,operator-v2.0
LTFRB_PUJ2218,,,50.0,,50.0,0.0,5.0,True,NEUTRAL_PRIOR,route2zero_operator_prior_v1,operator-v2.0
LTFRB_PUJ2219,,,50.0,,50.0,0.0,5.0,True,NEUTRAL_PRIOR,route2zero_operator_prior_v1,operator-v2.0
LTFRB_PUJ2220,,,50.0,,50.0,0.0,5.0,True,NEUTRAL_PRIOR,route2zero_operator_prior_v1,operator-v2.0
LTFRB_PUJ2221,,,50.0,,50.0,0.0,5.0,True,NEUTRAL_PRIOR,route2zero_operator_prior_v1,operator-v2.0
LTFRB_PUJ2222,,,50.0,,50.0,0.0,5.0,True,NEUTRAL_PRIOR,route2zero_operator_prior_v1,operator-v2.0
LTFRB_PUJ2223,,,50.0,,50.0,0.0,5.0,True,NEUTRAL_PRIOR,route2zero_operator_prior_v1,operator-v2.0
LTFRB_PUJ2224,,,50.0,,50.0,0.0,5.0,True,NEUTRAL_PRIOR,route2zero_operator_prior_v1,operator-v2.0
LTFRB_PUJ2225,,,50.0,,50.0,0.0,5.0,True,NEUTRAL_PRIOR,route2zero_operator_prior_v1,operator-v2.0
LTFRB_PUJ2226,,,50.0,,50.0,0.0,5.0,True,NEUTRAL_PRIOR,route2zero_operator_prior_v1,operator-v2.0
LTFRB_PUJ2227,,,50.0,,50.0,0.0,5.0,True,NEUTRAL_PRIOR,route2zero_operator_prior_v1,operator-v2.0
LTFRB_PUJ2228,,,50.0,,50.0,0.0,5.0,True,NEUTRAL_PRIOR,route2zero_operator_prior_v1,operator-v2.0
LTFRB_PUJ2229,,,50.0,,50.0,0.0,5.0,True,NEUTRAL_PRIOR,route2zero_operator_prior_v1,operator-v2.0
LTFRB_PUJ2230,,,50.0,,50.0,0.0,5.0,True,NEUTRAL_PRIOR,route2zero_operator_prior_v1,operator-v2.0
LTFRB_PUJ2231,,,50.0,,50.0,0.0,5.0,True,NEUTRAL_PRIOR,route2zero_operator_prior_v1,operator-v2.0
LTFRB_PUJ2232,,,50.0,,50.0,0.0,5.0,True,NEUTRAL_PRIOR,route2zero_operator_prior_v1,operator-v2.0
LTFRB_PUJ2233,,,50.0,,50.0,0.0,5.0,True,NEUTRAL_PRIOR,route2zero_operator_prior_v1,operator-v2.0
LTFRB_PUJ2234,,,50.0,,50.0,0.0,5.0,True,NEUTRAL_PRIOR,route2zero_operator_prior_v1,operator-v2.0
LTFRB_PUJ2235,,,50.0,,50.0,0.0,5.0,True,NEUTRAL_PRIOR,route2zero_operator_prior_v1,operator-v2.0
LTFRB_PUJ2236,,,50.0,,50.0,0.0,5.0,True,NEUTRAL_PRIOR,route2zero_operator_prior_v1,operator-v2.0
LTFRB_PUJ2238,,,50.0,,50.0,0.0,5.0,True,NEUTRAL_PRIOR,route2zero_operator_prior_v1,operator-v2.0
LTFRB_PUJ2239,,,50.0,,50.0,0.0,5.0,True,NEUTRAL_PRIOR,route2zero_operator_prior_v1,operator-v2.0
LTFRB_PUJ2240,,,50.0,,50.0,0.0,5.0,True,NEUTRAL_PRIOR,route2zero_operator_prior_v1,operator-v2.0
LTFRB_PUJ2241,,,50.0,,50.0,0.0,5.0,True,NEUTRAL_PRIOR,route2zero_operator_prior_v1,operator-v2.0
LTFRB_PUJ2242,,,50.0,,50.0,0.0,5.0,True,NEUTRAL_PRIOR,route2zero_operator_prior_v1,operator-v2.0
LTFRB_PUJ2243,,,50.0,,50.0,0.0,5.0,True,NEUTRAL_PRIOR,route2zero_operator_prior_v1,operator-v2.0
LTFRB_PUJ2244,,,50.0,,50.0,0.0,5.0,True,NEUTRAL_PRIOR,route2zero_operator_prior_v1,operator-v2.0
LTFRB_PUJ2245,,,50.0,,50.0,0.0,5.0,True,NEUTRAL_PRIOR,route2zero_operator_prior_v1,operator-v2.0
LTFRB_PUJ2246,,,50.0,,50.0,0.0,5.0,True,NEUTRAL_PRIOR,route2zero_operator_prior_v1,operator-v2.0
LTFRB_PUJ2247,,,50.0,,50.0,0.0,5.0,True,NEUTRAL_PRIOR,route2zero_operator_prior_v1,operator-v2.0
LTFRB_PUJ2248,,,50.0,,50.0,0.0,5.0,True,NEUTRAL_PRIOR,route2zero_operator_prior_v1,operator-v2.0
LTFRB_PUJ2249,,,50.0,,50.0,0.0,5.0,True,NEUTRAL_PRIOR,route2zero_operator_prior_v1,operator-v2.0
LTFRB_PUJ2250,,,50.0,,50.0,0.0,5.0,True,NEUTRAL_PRIOR,route2zero_operator_prior_v1,operator-v2.0
LTFRB_PUJ2251,,,50.0,,50.0,0.0,5.0,True,NEUTRAL_PRIOR,route2zero_operator_prior_v1,operator-v2.0
LTFRB_PUJ2252,,,50.0,,50.0,0.0,5.0,True,NEUTRAL_PRIOR,route2zero_operator_prior_v1,operator-v2.0
LTFRB_PUJ2253,,,50.0,,50.0,0.0,5.0,True,NEUTRAL_PRIOR,route2zero_operator_prior_v1,operator-v2.0
LTFRB_PUJ2254,,,50.0,,50.0,0.0,5.0,True,NEUTRAL_PRIOR,route2zero_operator_prior_v1,operator-v2.0
LTFRB_PUJ2255,,,50.0,,50.0,0.0,5.0,True,NEUTRAL_PRIOR,route2zero_operator_prior_v1,operator-v2.0
LTFRB_PUJ2256,,,50.0,,50.0,0.0,5.0,True,NEUTRAL_PRIOR,route2zero_operator_prior_v1,operator-v2.0
LTFRB_PUJ2257,,,50.0,,50.0,0.0,5.0,True,NEUTRAL_PRIOR,route2zero_operator_prior_v1,operator-v2.0
LTFRB_PUJ2258,,,50.0,,50.0,0.0,5.0,True,NEUTRAL_PRIOR,route2zero_operator_prior_v1,operator-v2.0
LTFRB_PUJ2259,,,50.0,,50.0,0.0,5.0,True,NEUTRAL_PRIOR,route2zero_operator_prior_v1,operator-v2.0
LTFRB_PUJ2260,,,50.0,,50.0,0.0,5.0,True,NEUTRAL_PRIOR,route2zero_operator_prior_v1,operator-v2.0
LTFRB_PUJ2261,,,50.0,,50.0,0.0,5.0,True,NEUTRAL_PRIOR,route2zero_operator_prior_v1,operator-v2.0
LTFRB_PUJ2262,,,50.0,,50.0,0.0,5.0,True,NEUTRAL_PRIOR,route2zero_operator_prior_v1,operator-v2.0
LTFRB_PUJ2263,,,50.0,,50.0,0.0,5.0,True,NEUTRAL_PRIOR,route2zero_operator_prior_v1,operator-v2.0
LTFRB_PUJ2264,,,50.0,,50.0,0.0,5.0,True,NEUTRAL_PRIOR,route2zero_operator_prior_v1,operator-v2.0
LTFRB_PUJ2265,,,50.0,,50.0,0.0,5.0,True,NEUTRAL_PRIOR,route2zero_operator_prior_v1,operator-v2.0
LTFRB_PUJ2266,,,50.0,,50.0,0.0,5.0,True,NEUTRAL_PRIOR,route2zero_operator_prior_v1,operator-v2.0
LTFRB_PUJ2267,,,50.0,,50.0,0.0,5.0,True,NEUTRAL_PRIOR,route2zero_operator_prior_v1,operator-v2.0
LTFRB_PUJ2268,,,50.0,,50.0,0.0,5.0,True,NEUTRAL_PRIOR,route2zero_operator_prior_v1,operator-v2.0
LTFRB_PUJ2269,,,50.0,,50.0,0.0,5.0,True,NEUTRAL_PRIOR,route2zero_operator_prior_v1,operator-v2.0
LTFRB_PUJ2270,,,50.0,,50.0,0.0,5.0,True,NEUTRAL_PRIOR,route2zero_operator_prior_v1,operator-v2.0
LTFRB_PUJ2271,,,50.0,,50.0,0.0,5.0,True,NEUTRAL_PRIOR,route2zero_operator_prior_v1,operator-v2.0
LTFRB_PUJ2272,,,50.0,,50.0,0.0,5.0,True,NEUTRAL_PRIOR,route2zero_operator_prior_v1,operator-v2.0
LTFRB_PUJ2273,,,50.0,,50.0,0.0,5.0,True,NEUTRAL_PRIOR,route2zero_operator_prior_v1,operator-v2.0
LTFRB_PUJ2274,,,50.0,,50.0,0.0,5.0,True,NEUTRAL_PRIOR,route2zero_operator_prior_v1,operator-v2.0
LTFRB_PUJ2275,,,50.0,,50.0,0.0,5.0,True,NEUTRAL_PRIOR,route2zero_operator_prior_v1,operator-v2.0
LTFRB_PUJ2276,,,50.0,,50.0,0.0,5.0,True,NEUTRAL_PRIOR,route2zero_operator_prior_v1,operator-v2.0
LTFRB_PUJ2277,,,50.0,,50.0,0.0,5.0,True,NEUTRAL_PRIOR,route2zero_operator_prior_v1,operator-v2.0
LTFRB_PUJ2278,,,50.0,,50.0,0.0,5.0,True,NEUTRAL_PRIOR,route2zero_operator_prior_v1,operator-v2.0
LTFRB_PUJ2279,,,50.0,,50.0,0.0,5.0,True,NEUTRAL_PRIOR,route2zero_operator_prior_v1,operator-v2.0
LTFRB_PUJ2280,,,50.0,,50.0,0.0,5.0,True,NEUTRAL_PRIOR,route2zero_operator_prior_v1,operator-v2.0
LTFRB_PUJ2281,,,50.0,,50.0,0.0,5.0,True,NEUTRAL_PRIOR,route2zero_operator_prior_v1,operator-v2.0
LTFRB_PUJ2282,,,50.0,,50.0,0.0,5.0,True,NEUTRAL_PRIOR,route2zero_operator_prior_v1,operator-v2.0
LTFRB_PUJ2283,,,50.0,,50.0,0.0,5.0,True,NEUTRAL_PRIOR,route2zero_operator_prior_v1,operator-v2.0
LTFRB_PUJ2284,,,50.0,,50.0,0.0,5.0,True,NEUTRAL_PRIOR,route2zero_operator_prior_v1,operator-v2.0
LTFRB_PUJ2285,,,50.0,,50.0,0.0,5.0,True,NEUTRAL_PRIOR,route2zero_operator_prior_v1,operator-v2.0
LTFRB_PUJ2286,,,50.0,,50.0,0.0,5.0,True,NEUTRAL_PRIOR,route2zero_operator_prior_v1,operator-v2.0
LTFRB_PUJ2287,,,50.0,,50.0,0.0,5.0,True,NEUTRAL_PRIOR,route2zero_operator_prior_v1,operator-v2.0
LTFRB_PUJ2288,,,50.0,,50.0,0.0,5.0,True,NEUTRAL_PRIOR,route2zero_operator_prior_v1,operator-v2.0
LTFRB_PUJ2289,,,50.0,,50.0,0.0,5.0,True,NEUTRAL_PRIOR,route2zero_operator_prior_v1,operator-v2.0
LTFRB_PUJ2290,,,50.0,,50.0,0.0,5.0,True,NEUTRAL_PRIOR,route2zero_operator_prior_v1,operator-v2.0
LTFRB_PUJ2293,,,50.0,,50.0,0.0,5.0,True,NEUTRAL_PRIOR,route2zero_operator_prior_v1,operator-v2.0
LTFRB_PUJ2294,,,50.0,,50.0,0.0,5.0,True,NEUTRAL_PRIOR,route2zero_operator_prior_v1,operator-v2.0
LTFRB_PUJ2295,,,50.0,,50.0,0.0,5.0,True,NEUTRAL_PRIOR,route2zero_operator_prior_v1,operator-v2.0
LTFRB_PUJ2296,,,50.0,,50.0,0.0,5.0,True,NEUTRAL_PRIOR,route2zero_operator_prior_v1,operator-v2.0
LTFRB_PUJ2297,,,50.0,,50.0,0.0,5.0,True,NEUTRAL_PRIOR,route2zero_operator_prior_v1,operator-v2.0
LTFRB_PUJ2298,,,50.0,,50.0,0.0,5.0,True,NEUTRAL_PRIOR,route2zero_operator_prior_v1,operator-v2.0
LTFRB_PUJ2299,,,50.0,,50.0,0.0,5.0,True,NEUTRAL_PRIOR,route2zero_operator_prior_v1,operator-v2.0
LTFRB_PUJ2300,,,50.0,,50.0,0.0,5.0,True,NEUTRAL_PRIOR,route2zero_operator_prior_v1,operator-v2.0
LTFRB_PUJ2301,,,50.0,,50.0,0.0,5.0,True,NEUTRAL_PRIOR,route2zero_operator_prior_v1,operator-v2.0
LTFRB_PUJ2302,,,50.0,,50.0,0.0,5.0,True,NEUTRAL_PRIOR,route2zero_operator_prior_v1,operator-v2.0
LTFRB_PUJ2303,,,50.0,,50.0,0.0,5.0,True,NEUTRAL_PRIOR,route2zero_operator_prior_v1,operator-v2.0
LTFRB_PUJ2304,,,50.0,,50.0,0.0,5.0,True,NEUTRAL_PRIOR,route2zero_operator_prior_v1,operator-v2.0
LTFRB_PUJ2305,,,50.0,,50.0,0.0,5.0,True,NEUTRAL_PRIOR,route2zero_operator_prior_v1,operator-v2.0
LTFRB_PUJ2306,,,50.0,,50.0,0.0,5.0,True,NEUTRAL_PRIOR,route2zero_operator_prior_v1,operator-v2.0
LTFRB_PUJ2307,,,50.0,,50.0,0.0,5.0,True,NEUTRAL_PRIOR,route2zero_operator_prior_v1,operator-v2.0
LTFRB_PUJ2308,,,50.0,,50.0,0.0,5.0,True,NEUTRAL_PRIOR,route2zero_operator_prior_v1,operator-v2.0
LTFRB_PUJ2309,,,50.0,,50.0,0.0,5.0,True,NEUTRAL_PRIOR,route2zero_operator_prior_v1,operator-v2.0
LTFRB_PUJ2310,,,50.0,,50.0,0.0,5.0,True,NEUTRAL_PRIOR,route2zero_operator_prior_v1,operator-v2.0
LTFRB_PUJ2311,,,50.0,,50.0,0.0,5.0,True,NEUTRAL_PRIOR,route2zero_operator_prior_v1,operator-v2.0
LTFRB_PUJ2312,,,50.0,,50.0,0.0,5.0,True,NEUTRAL_PRIOR,route2zero_operator_prior_v1,operator-v2.0
LTFRB_PUJ2313,,,50.0,,50.0,0.0,5.0,True,NEUTRAL_PRIOR,route2zero_operator_prior_v1,operator-v2.0
LTFRB_PUJ2314,,,50.0,,50.0,0.0,5.0,True,NEUTRAL_PRIOR,route2zero_operator_prior_v1,operator-v2.0
LTFRB_PUJ2315,,,50.0,,50.0,0.0,5.0,True,NEUTRAL_PRIOR,route2zero_operator_prior_v1,operator-v2.0
LTFRB_PUJ2316,,,50.0,,50.0,0.0,5.0,True,NEUTRAL_PRIOR,route2zero_operator_prior_v1,operator-v2.0
LTFRB_PUJ2317,,,50.0,,50.0,0.0,5.0,True,NEUTRAL_PRIOR,route2zero_operator_prior_v1,operator-v2.0
LTFRB_PUJ2318,,,50.0,,50.0,0.0,5.0,True,NEUTRAL_PRIOR,route2zero_operator_prior_v1,operator-v2.0
LTFRB_PUJ2319,,,50.0,,50.0,0.0,5.0,True,NEUTRAL_PRIOR,route2zero_operator_prior_v1,operator-v2.0
LTFRB_PUJ2320,,,50.0,,50.0,0.0,5.0,True,NEUTRAL_PRIOR,route2zero_operator_prior_v1,operator-v2.0
LTFRB_PUJ2321,,,50.0,,50.0,0.0,5.0,True,NEUTRAL_PRIOR,route2zero_operator_prior_v1,operator-v2.0
LTFRB_PUJ2322,,,50.0,,50.0,0.0,5.0,True,NEUTRAL_PRIOR,route2zero_operator_prior_v1,operator-v2.0
LTFRB_PUJ2323,,,50.0,,50.0,0.0,5.0,True,NEUTRAL_PRIOR,route2zero_operator_prior_v1,operator-v2.0
LTFRB_PUJ2324,,,50.0,,50.0,0.0,5.0,True,NEUTRAL_PRIOR,route2zero_operator_prior_v1,operator-v2.0
LTFRB_PUJ2325,,,50.0,,50.0,0.0,5.0,True,NEUTRAL_PRIOR,route2zero_operator_prior_v1,operator-v2.0
LTFRB_PUJ2326,,,50.0,,50.0,0.0,5.0,True,NEUTRAL_PRIOR,route2zero_operator_prior_v1,operator-v2.0
LTFRB_PUJ2327,,,50.0,,50.0,0.0,5.0,True,NEUTRAL_PRIOR,route2zero_operator_prior_v1,operator-v2.0
LTFRB_PUJ2329,,,50.0,,50.0,0.0,5.0,True,NEUTRAL_PRIOR,route2zero_operator_prior_v1,operator-v2.0
LTFRB_PUJ2330,,,50.0,,50.0,0.0,5.0,True,NEUTRAL_PRIOR,route2zero_operator_prior_v1,operator-v2.0
LTFRB_PUJ2331,,,50.0,,50.0,0.0,5.0,True,NEUTRAL_PRIOR,route2zero_operator_prior_v1,operator-v2.0
LTFRB_PUJ2332,,,50.0,,50.0,0.0,5.0,True,NEUTRAL_PRIOR,route2zero_operator_prior_v1,operator-v2.0
LTFRB_PUJ2333,,,50.0,,50.0,0.0,5.0,True,NEUTRAL_PRIOR,route2zero_operator_prior_v1,operator-v2.0
LTFRB_PUJ2334,,,50.0,,50.0,0.0,5.0,True,NEUTRAL_PRIOR,route2zero_operator_prior_v1,operator-v2.0
LTFRB_PUJ2335,,,50.0,,50.0,0.0,5.0,True,NEUTRAL_PRIOR,route2zero_operator_prior_v1,operator-v2.0
LTFRB_PUJ2336,,,50.0,,50.0,0.0,5.0,True,NEUTRAL_PRIOR,route2zero_operator_prior_v1,operator-v2.0
LTFRB_PUJ2337,,,50.0,,50.0,0.0,5.0,True,NEUTRAL_PRIOR,route2zero_operator_prior_v1,operator-v2.0
LTFRB_PUJ2338,,,50.0,,50.0,0.0,5.0,True,NEUTRAL_PRIOR,route2zero_operator_prior_v1,operator-v2.0
LTFRB_PUJ2339,,,50.0,,50.0,0.0,5.0,True,NEUTRAL_PRIOR,route2zero_operator_prior_v1,operator-v2.0
LTFRB_PUJ2340,,,50.0,,50.0,0.0,5.0,True,NEUTRAL_PRIOR,route2zero_operator_prior_v1,operator-v2.0
LTFRB_PUJ2341,,,50.0,,50.0,0.0,5.0,True,NEUTRAL_PRIOR,route2zero_operator_prior_v1,operator-v2.0
LTFRB_PUJ2342,,,50.0,,50.0,0.0,5.0,True,NEUTRAL_PRIOR,route2zero_operator_prior_v1,operator-v2.0
LTFRB_PUJ2343,,,50.0,,50.0,0.0,5.0,True,NEUTRAL_PRIOR,route2zero_operator_prior_v1,operator-v2.0
LTFRB_PUJ2344,,,50.0,,50.0,0.0,5.0,True,NEUTRAL_PRIOR,route2zero_operator_prior_v1,operator-v2.0
LTFRB_PUJ2345,,,50.0,,50.0,0.0,5.0,True,NEUTRAL_PRIOR,route2zero_operator_prior_v1,operator-v2.0
LTFRB_PUJ2346,,,50.0,,50.0,0.0,5.0,True,NEUTRAL_PRIOR,route2zero_operator_prior_v1,operator-v2.0
LTFRB_PUJ2347,,,50.0,,50.0,0.0,5.0,True,NEUTRAL_PRIOR,route2zero_operator_prior_v1,operator-v2.0
LTFRB_PUJ2348,,,50.0,,50.0,0.0,5.0,True,NEUTRAL_PRIOR,route2zero_operator_prior_v1,operator-v2.0
LTFRB_PUJ2349,,,50.0,,50.0,0.0,5.0,True,NEUTRAL_PRIOR,route2zero_operator_prior_v1,operator-v2.0
LTFRB_PUJ2350,,,50.0,,50.0,0.0,5.0,True,NEUTRAL_PRIOR,route2zero_operator_prior_v1,operator-v2.0
LTFRB_PUJ2351,,,50.0,,50.0,0.0,5.0,True,NEUTRAL_PRIOR,route2zero_operator_prior_v1,operator-v2.0
LTFRB_PUJ2352,,,50.0,,50.0,0.0,5.0,True,NEUTRAL_PRIOR,route2zero_operator_prior_v1,operator-v2.0
LTFRB_PUJ2353,,,50.0,,50.0,0.0,5.0,True,NEUTRAL_PRIOR,route2zero_operator_prior_v1,operator-v2.0
LTFRB_PUJ2354,,,50.0,,50.0,0.0,5.0,True,NEUTRAL_PRIOR,route2zero_operator_prior_v1,operator-v2.0
LTFRB_PUJ2355,,,50.0,,50.0,0.0,5.0,True,NEUTRAL_PRIOR,route2zero_operator_prior_v1,operator-v2.0
LTFRB_PUJ2356,,,50.0,,50.0,0.0,5.0,True,NEUTRAL_PRIOR,route2zero_operator_prior_v1,operator-v2.0
LTFRB_PUJ2357,,,50.0,,50.0,0.0,5.0,True,NEUTRAL_PRIOR,route2zero_operator_prior_v1,operator-v2.0
LTFRB_PUJ2358,,,50.0,,50.0,0.0,5.0,True,NEUTRAL_PRIOR,route2zero_operator_prior_v1,operator-v2.0
LTFRB_PUJ2359,,,50.0,,50.0,0.0,5.0,True,NEUTRAL_PRIOR,route2zero_operator_prior_v1,operator-v2.0
LTFRB_PUJ2360,,,50.0,,50.0,0.0,5.0,True,NEUTRAL_PRIOR,route2zero_operator_prior_v1,operator-v2.0
LTFRB_PUJ2361,,,50.0,,50.0,0.0,5.0,True,NEUTRAL_PRIOR,route2zero_operator_prior_v1,operator-v2.0
LTFRB_PUJ2362,,,50.0,,50.0,0.0,5.0,True,NEUTRAL_PRIOR,route2zero_operator_prior_v1,operator-v2.0
LTFRB_PUJ2363,,,50.0,,50.0,0.0,5.0,True,NEUTRAL_PRIOR,route2zero_operator_prior_v1,operator-v2.0
LTFRB_PUJ2364,,,50.0,,50.0,0.0,5.0,True,NEUTRAL_PRIOR,route2zero_operator_prior_v1,operator-v2.0
LTFRB_PUJ2365,,,50.0,,50.0,0.0,5.0,True,NEUTRAL_PRIOR,route2zero_operator_prior_v1,operator-v2.0
LTFRB_PUJ2366,,,50.0,,50.0,0.0,5.0,True,NEUTRAL_PRIOR,route2zero_operator_prior_v1,operator-v2.0
LTFRB_PUJ2367,,,50.0,,50.0,0.0,5.0,True,NEUTRAL_PRIOR,route2zero_operator_prior_v1,operator-v2.0
LTFRB_PUJ2368,,,50.0,,50.0,0.0,5.0,True,NEUTRAL_PRIOR,route2zero_operator_prior_v1,operator-v2.0
LTFRB_PUJ2369,,,50.0,,50.0,0.0,5.0,True,NEUTRAL_PRIOR,route2zero_operator_prior_v1,operator-v2.0
LTFRB_PUJ2370,,,50.0,,50.0,0.0,5.0,True,NEUTRAL_PRIOR,route2zero_operator_prior_v1,operator-v2.0
LTFRB_PUJ2371,,,50.0,,50.0,0.0,5.0,True,NEUTRAL_PRIOR,route2zero_operator_prior_v1,operator-v2.0
LTFRB_PUJ2372,,,50.0,,50.0,0.0,5.0,True,NEUTRAL_PRIOR,route2zero_operator_prior_v1,operator-v2.0
LTFRB_PUJ2373,,,50.0,,50.0,0.0,5.0,True,NEUTRAL_PRIOR,route2zero_operator_prior_v1,operator-v2.0
LTFRB_PUJ2376,,,50.0,,50.0,0.0,5.0,True,NEUTRAL_PRIOR,route2zero_operator_prior_v1,operator-v2.0
LTFRB_PUJ2377,,,50.0,,50.0,0.0,5.0,True,NEUTRAL_PRIOR,route2zero_operator_prior_v1,operator-v2.0
LTFRB_PUJ2378,,,50.0,,50.0,0.0,5.0,True,NEUTRAL_PRIOR,route2zero_operator_prior_v1,operator-v2.0
LTFRB_PUJ2379,,,50.0,,50.0,0.0,5.0,True,NEUTRAL_PRIOR,route2zero_operator_prior_v1,operator-v2.0
LTFRB_PUJ2380,,,50.0,,50.0,0.0,5.0,True,NEUTRAL_PRIOR,route2zero_operator_prior_v1,operator-v2.0
LTFRB_PUJ2381,,,50.0,,50.0,0.0,5.0,True,NEUTRAL_PRIOR,route2zero_operator_prior_v1,operator-v2.0
LTFRB_PUJ2382,,,50.0,,50.0,0.0,5.0,True,NEUTRAL_PRIOR,route2zero_operator_prior_v1,operator-v2.0
LTFRB_PUJ2383,,,50.0,,50.0,0.0,5.0,True,NEUTRAL_PRIOR,route2zero_operator_prior_v1,operator-v2.0
LTFRB_PUJ2384,,,50.0,,50.0,0.0,5.0,True,NEUTRAL_PRIOR,route2zero_operator_prior_v1,operator-v2.0
LTFRB_PUJ2385,,,50.0,,50.0,0.0,5.0,True,NEUTRAL_PRIOR,route2zero_operator_prior_v1,operator-v2.0
LTFRB_PUJ2386,,,50.0,,50.0,0.0,5.0,True,NEUTRAL_PRIOR,route2zero_operator_prior_v1,operator-v2.0
LTFRB_PUJ2387,,,50.0,,50.0,0.0,5.0,True,NEUTRAL_PRIOR,route2zero_operator_prior_v1,operator-v2.0
LTFRB_PUJ2388,,,50.0,,50.0,0.0,5.0,True,NEUTRAL_PRIOR,route2zero_operator_prior_v1,operator-v2.0
LTFRB_PUJ2389,,,50.0,,50.0,0.0,5.0,True,NEUTRAL_PRIOR,route2zero_operator_prior_v1,operator-v2.0
LTFRB_PUJ2390,,,50.0,,50.0,0.0,5.0,True,NEUTRAL_PRIOR,route2zero_operator_prior_v1,operator-v2.0
LTFRB_PUJ2392,,,50.0,,50.0,0.0,5.0,True,NEUTRAL_PRIOR,route2zero_operator_prior_v1,operator-v2.0
LTFRB_PUJ2393,,,50.0,,50.0,0.0,5.0,True,NEUTRAL_PRIOR,route2zero_operator_prior_v1,operator-v2.0
LTFRB_PUJ2394,,,50.0,,50.0,0.0,5.0,True,NEUTRAL_PRIOR,route2zero_operator_prior_v1,operator-v2.0
LTFRB_PUJ2395,,,50.0,,50.0,0.0,5.0,True,NEUTRAL_PRIOR,route2zero_operator_prior_v1,operator-v2.0
LTFRB_PUJ2396,,,50.0,,50.0,0.0,5.0,True,NEUTRAL_PRIOR,route2zero_operator_prior_v1,operator-v2.0
LTFRB_PUJ2397,,,50.0,,50.0,0.0,5.0,True,NEUTRAL_PRIOR,route2zero_operator_prior_v1,operator-v2.0
LTFRB_PUJ2398,,,50.0,,50.0,0.0,5.0,True,NEUTRAL_PRIOR,route2zero_operator_prior_v1,operator-v2.0
LTFRB_PUJ2399,,,50.0,,50.0,0.0,5.0,True,NEUTRAL_PRIOR,route2zero_operator_prior_v1,operator-v2.0
LTFRB_PUJ2400,,,50.0,,50.0,0.0,5.0,True,NEUTRAL_PRIOR,route2zero_operator_prior_v1,operator-v2.0
LTFRB_PUJ2401,,,50.0,,50.0,0.0,5.0,True,NEUTRAL_PRIOR,route2zero_operator_prior_v1,operator-v2.0
LTFRB_PUJ2403,,,50.0,,50.0,0.0,5.0,True,NEUTRAL_PRIOR,route2zero_operator_prior_v1,operator-v2.0
LTFRB_PUJ2404,,,50.0,,50.0,0.0,5.0,True,NEUTRAL_PRIOR,route2zero_operator_prior_v1,operator-v2.0
LTFRB_PUJ2405,,,50.0,,50.0,0.0,5.0,True,NEUTRAL_PRIOR,route2zero_operator_prior_v1,operator-v2.0
LTFRB_PUJ2406,,,50.0,,50.0,0.0,5.0,True,NEUTRAL_PRIOR,route2zero_operator_prior_v1,operator-v2.0
LTFRB_PUJ2407,,,50.0,,50.0,0.0,5.0,True,NEUTRAL_PRIOR,route2zero_operator_prior_v1,operator-v2.0
LTFRB_PUJ2408,,,50.0,,50.0,0.0,5.0,True,NEUTRAL_PRIOR,route2zero_operator_prior_v1,operator-v2.0
LTFRB_PUJ2409,,,50.0,,50.0,0.0,5.0,True,NEUTRAL_PRIOR,route2zero_operator_prior_v1,operator-v2.0
LTFRB_PUJ2410,,,50.0,,50.0,0.0,5.0,True,NEUTRAL_PRIOR,route2zero_operator_prior_v1,operator-v2.0
LTFRB_PUJ2411,,,50.0,,50.0,0.0,5.0,True,NEUTRAL_PRIOR,route2zero_operator_prior_v1,operator-v2.0
LTFRB_PUJ2412,,,50.0,,50.0,0.0,5.0,True,NEUTRAL_PRIOR,route2zero_operator_prior_v1,operator-v2.0
LTFRB_PUJ2413,,,50.0,,50.0,0.0,5.0,True,NEUTRAL_PRIOR,route2zero_operator_prior_v1,operator-v2.0
LTFRB_PUJ2414,,,50.0,,50.0,0.0,5.0,True,NEUTRAL_PRIOR,route2zero_operator_prior_v1,operator-v2.0
LTFRB_PUJ2415,,,50.0,,50.0,0.0,5.0,True,NEUTRAL_PRIOR,route2zero_operator_prior_v1,operator-v2.0
LTFRB_PUJ2416,,,50.0,,50.0,0.0,5.0,True,NEUTRAL_PRIOR,route2zero_operator_prior_v1,operator-v2.0
LTFRB_PUJ2417,,,50.0,,50.0,0.0,5.0,True,NEUTRAL_PRIOR,route2zero_operator_prior_v1,operator-v2.0
LTFRB_PUJ2418,,,50.0,,50.0,0.0,5.0,True,NEUTRAL_PRIOR,route2zero_operator_prior_v1,operator-v2.0
LTFRB_PUJ2419,,,50.0,,50.0,0.0,5.0,True,NEUTRAL_PRIOR,route2zero_operator_prior_v1,operator-v2.0
LTFRB_PUJ2420,,,50.0,,50.0,0.0,5.0,True,NEUTRAL_PRIOR,route2zero_operator_prior_v1,operator-v2.0
LTFRB_PUJ2421,,,50.0,,50.0,0.0,5.0,True,NEUTRAL_PRIOR,route2zero_operator_prior_v1,operator-v2.0
LTFRB_PUJ2422,,,50.0,,50.0,0.0,5.0,True,NEUTRAL_PRIOR,route2zero_operator_prior_v1,operator-v2.0
LTFRB_PUJ2423,,,50.0,,50.0,0.0,5.0,True,NEUTRAL_PRIOR,route2zero_operator_prior_v1,operator-v2.0
LTFRB_PUJ2424,,,50.0,,50.0,0.0,5.0,True,NEUTRAL_PRIOR,route2zero_operator_prior_v1,operator-v2.0
LTFRB_PUJ2425,,,50.0,,50.0,0.0,5.0,True,NEUTRAL_PRIOR,route2zero_operator_prior_v1,operator-v2.0
LTFRB_PUJ2426,,,50.0,,50.0,0.0,5.0,True,NEUTRAL_PRIOR,route2zero_operator_prior_v1,operator-v2.0
LTFRB_PUJ2427,,,50.0,,50.0,0.0,5.0,True,NEUTRAL_PRIOR,route2zero_operator_prior_v1,operator-v2.0
LTFRB_PUJ2428,,,50.0,,50.0,0.0,5.0,True,NEUTRAL_PRIOR,route2zero_operator_prior_v1,operator-v2.0
LTFRB_PUJ2429,,,50.0,,50.0,0.0,5.0,True,NEUTRAL_PRIOR,route2zero_operator_prior_v1,operator-v2.0
LTFRB_PUJ2431,,,50.0,,50.0,0.0,5.0,True,NEUTRAL_PRIOR,route2zero_operator_prior_v1,operator-v2.0
LTFRB_PUJ2432,,,50.0,,50.0,0.0,5.0,True,NEUTRAL_PRIOR,route2zero_operator_prior_v1,operator-v2.0
LTFRB_PUJ2433,,,50.0,,50.0,0.0,5.0,True,NEUTRAL_PRIOR,route2zero_operator_prior_v1,operator-v2.0
LTFRB_PUJ2436,,,50.0,,50.0,0.0,5.0,True,NEUTRAL_PRIOR,route2zero_operator_prior_v1,operator-v2.0
LTFRB_PUJ2437,,,50.0,,50.0,0.0,5.0,True,NEUTRAL_PRIOR,route2zero_operator_prior_v1,operator-v2.0
LTFRB_PUJ2438,,,50.0,,50.0,0.0,5.0,True,NEUTRAL_PRIOR,route2zero_operator_prior_v1,operator-v2.0
LTFRB_PUJ2439,,,50.0,,50.0,0.0,5.0,True,NEUTRAL_PRIOR,route2zero_operator_prior_v1,operator-v2.0
LTFRB_PUJ2440,,,50.0,,50.0,0.0,5.0,True,NEUTRAL_PRIOR,route2zero_operator_prior_v1,operator-v2.0
LTFRB_PUJ2441,,,50.0,,50.0,0.0,5.0,True,NEUTRAL_PRIOR,route2zero_operator_prior_v1,operator-v2.0
LTFRB_PUJ2442,,,50.0,,50.0,0.0,5.0,True,NEUTRAL_PRIOR,route2zero_operator_prior_v1,operator-v2.0
LTFRB_PUJ2443,,,50.0,,50.0,0.0,5.0,True,NEUTRAL_PRIOR,route2zero_operator_prior_v1,operator-v2.0
LTFRB_PUJ2444,,,50.0,,50.0,0.0,5.0,True,NEUTRAL_PRIOR,route2zero_operator_prior_v1,operator-v2.0
LTFRB_PUJ2445,,,50.0,,50.0,0.0,5.0,True,NEUTRAL_PRIOR,route2zero_operator_prior_v1,operator-v2.0
LTFRB_PUJ2446,,,50.0,,50.0,0.0,5.0,True,NEUTRAL_PRIOR,route2zero_operator_prior_v1,operator-v2.0
LTFRB_PUJ2447,,,50.0,,50.0,0.0,5.0,True,NEUTRAL_PRIOR,route2zero_operator_prior_v1,operator-v2.0
LTFRB_PUJ2448,,,50.0,,50.0,0.0,5.0,True,NEUTRAL_PRIOR,route2zero_operator_prior_v1,operator-v2.0
LTFRB_PUJ2449,,,50.0,,50.0,0.0,5.0,True,NEUTRAL_PRIOR,route2zero_operator_prior_v1,operator-v2.0
LTFRB_PUJ2450,,,50.0,,50.0,0.0,5.0,True,NEUTRAL_PRIOR,route2zero_operator_prior_v1,operator-v2.0
LTFRB_PUJ2451,,,50.0,,50.0,0.0,5.0,True,NEUTRAL_PRIOR,route2zero_operator_prior_v1,operator-v2.0
LTFRB_PUJ2452,,,50.0,,50.0,0.0,5.0,True,NEUTRAL_PRIOR,route2zero_operator_prior_v1,operator-v2.0
LTFRB_PUJ2453,,,50.0,,50.0,0.0,5.0,True,NEUTRAL_PRIOR,route2zero_operator_prior_v1,operator-v2.0
LTFRB_PUJ2454,,,50.0,,50.0,0.0,5.0,True,NEUTRAL_PRIOR,route2zero_operator_prior_v1,operator-v2.0
LTFRB_PUJ2455,,,50.0,,50.0,0.0,5.0,True,NEUTRAL_PRIOR,route2zero_operator_prior_v1,operator-v2.0
LTFRB_PUJ2456,,,50.0,,50.0,0.0,5.0,True,NEUTRAL_PRIOR,route2zero_operator_prior_v1,operator-v2.0
LTFRB_PUJ2457,,,50.0,,50.0,0.0,5.0,True,NEUTRAL_PRIOR,route2zero_operator_prior_v1,operator-v2.0
LTFRB_PUJ2458,,,50.0,,50.0,0.0,5.0,True,NEUTRAL_PRIOR,route2zero_operator_prior_v1,operator-v2.0
LTFRB_PUJ2459,,,50.0,,50.0,0.0,5.0,True,NEUTRAL_PRIOR,route2zero_operator_prior_v1,operator-v2.0
LTFRB_PUJ2460,,,50.0,,50.0,0.0,5.0,True,NEUTRAL_PRIOR,route2zero_operator_prior_v1,operator-v2.0
LTFRB_PUJ2461,,,50.0,,50.0,0.0,5.0,True,NEUTRAL_PRIOR,route2zero_operator_prior_v1,operator-v2.0
LTFRB_PUJ2462,,,50.0,,50.0,0.0,5.0,True,NEUTRAL_PRIOR,route2zero_operator_prior_v1,operator-v2.0
LTFRB_PUJ2463,,,50.0,,50.0,0.0,5.0,True,NEUTRAL_PRIOR,route2zero_operator_prior_v1,operator-v2.0
LTFRB_PUJ2464,,,50.0,,50.0,0.0,5.0,True,NEUTRAL_PRIOR,route2zero_operator_prior_v1,operator-v2.0
LTFRB_PUJ2465,,,50.0,,50.0,0.0,5.0,True,NEUTRAL_PRIOR,route2zero_operator_prior_v1,operator-v2.0
LTFRB_PUJ2466,,,50.0,,50.0,0.0,5.0,True,NEUTRAL_PRIOR,route2zero_operator_prior_v1,operator-v2.0
LTFRB_PUJ2467,,,50.0,,50.0,0.0,5.0,True,NEUTRAL_PRIOR,route2zero_operator_prior_v1,operator-v2.0
LTFRB_PUJ2468,,,50.0,,50.0,0.0,5.0,True,NEUTRAL_PRIOR,route2zero_operator_prior_v1,operator-v2.0
LTFRB_PUJ2469,,,50.0,,50.0,0.0,5.0,True,NEUTRAL_PRIOR,route2zero_operator_prior_v1,operator-v2.0
LTFRB_PUJ2470,,,50.0,,50.0,0.0,5.0,True,NEUTRAL_PRIOR,route2zero_operator_prior_v1,operator-v2.0
LTFRB_PUJ2471,,,50.0,,50.0,0.0,5.0,True,NEUTRAL_PRIOR,route2zero_operator_prior_v1,operator-v2.0
LTFRB_PUJ2472,,,50.0,,50.0,0.0,5.0,True,NEUTRAL_PRIOR,route2zero_operator_prior_v1,operator-v2.0
LTFRB_PUJ2473,,,50.0,,50.0,0.0,5.0,True,NEUTRAL_PRIOR,route2zero_operator_prior_v1,operator-v2.0
LTFRB_PUJ2474,,,50.0,,50.0,0.0,5.0,True,NEUTRAL_PRIOR,route2zero_operator_prior_v1,operator-v2.0
LTFRB_PUJ2475,,,50.0,,50.0,0.0,5.0,True,NEUTRAL_PRIOR,route2zero_operator_prior_v1,operator-v2.0
LTFRB_PUJ2476,,,50.0,,50.0,0.0,5.0,True,NEUTRAL_PRIOR,route2zero_operator_prior_v1,operator-v2.0
LTFRB_PUJ2477,,,50.0,,50.0,0.0,5.0,True,NEUTRAL_PRIOR,route2zero_operator_prior_v1,operator-v2.0
LTFRB_PUJ2480,,,50.0,,50.0,0.0,5.0,True,NEUTRAL_PRIOR,route2zero_operator_prior_v1,operator-v2.0
LTFRB_PUJ2481,,,50.0,,50.0,0.0,5.0,True,NEUTRAL_PRIOR,route2zero_operator_prior_v1,operator-v2.0
LTFRB_PUJ2482,,,50.0,,50.0,0.0,5.0,True,NEUTRAL_PRIOR,route2zero_operator_prior_v1,operator-v2.0
LTFRB_PUJ2483,,,50.0,,50.0,0.0,5.0,True,NEUTRAL_PRIOR,route2zero_operator_prior_v1,operator-v2.0
LTFRB_PUJ2484,,,50.0,,50.0,0.0,5.0,True,NEUTRAL_PRIOR,route2zero_operator_prior_v1,operator-v2.0
LTFRB_PUJ2485,,,50.0,,50.0,0.0,5.0,True,NEUTRAL_PRIOR,route2zero_operator_prior_v1,operator-v2.0
LTFRB_PUJ2486,,,50.0,,50.0,0.0,5.0,True,NEUTRAL_PRIOR,route2zero_operator_prior_v1,operator-v2.0
LTFRB_PUJ2487,,,50.0,,50.0,0.0,5.0,True,NEUTRAL_PRIOR,route2zero_operator_prior_v1,operator-v2.0
LTFRB_PUJ2488,,,50.0,,50.0,0.0,5.0,True,NEUTRAL_PRIOR,route2zero_operator_prior_v1,operator-v2.0
LTFRB_PUJ2489,,,50.0,,50.0,0.0,5.0,True,NEUTRAL_PRIOR,route2zero_operator_prior_v1,operator-v2.0
LTFRB_PUJ2490,,,50.0,,50.0,0.0,5.0,True,NEUTRAL_PRIOR,route2zero_operator_prior_v1,operator-v2.0
LTFRB_PUJ2491,,,50.0,,50.0,0.0,5.0,True,NEUTRAL_PRIOR,route2zero_operator_prior_v1,operator-v2.0
LTFRB_PUJ2492,,,50.0,,50.0,0.0,5.0,True,NEUTRAL_PRIOR,route2zero_operator_prior_v1,operator-v2.0
LTFRB_PUJ2493,,,50.0,,50.0,0.0,5.0,True,NEUTRAL_PRIOR,route2zero_operator_prior_v1,operator-v2.0
LTFRB_PUJ2494,,,50.0,,50.0,0.0,5.0,True,NEUTRAL_PRIOR,route2zero_operator_prior_v1,operator-v2.0
LTFRB_PUJ2495,,,50.0,,50.0,0.0,5.0,True,NEUTRAL_PRIOR,route2zero_operator_prior_v1,operator-v2.0
LTFRB_PUJ2496,,,50.0,,50.0,0.0,5.0,True,NEUTRAL_PRIOR,route2zero_operator_prior_v1,operator-v2.0
LTFRB_PUJ2497,,,50.0,,50.0,0.0,5.0,True,NEUTRAL_PRIOR,route2zero_operator_prior_v1,operator-v2.0
LTFRB_PUJ2498,,,50.0,,50.0,0.0,5.0,True,NEUTRAL_PRIOR,route2zero_operator_prior_v1,operator-v2.0
LTFRB_PUJ2499,,,50.0,,50.0,0.0,5.0,True,NEUTRAL_PRIOR,route2zero_operator_prior_v1,operator-v2.0
LTFRB_PUJ2500,,,50.0,,50.0,0.0,5.0,True,NEUTRAL_PRIOR,route2zero_operator_prior_v1,operator-v2.0
LTFRB_PUJ2501,,,50.0,,50.0,0.0,5.0,True,NEUTRAL_PRIOR,route2zero_operator_prior_v1,operator-v2.0
LTFRB_PUJ2502,,,50.0,,50.0,0.0,5.0,True,NEUTRAL_PRIOR,route2zero_operator_prior_v1,operator-v2.0
LTFRB_PUJ2503,,,50.0,,50.0,0.0,5.0,True,NEUTRAL_PRIOR,route2zero_operator_prior_v1,operator-v2.0
LTFRB_PUJ2504,,,50.0,,50.0,0.0,5.0,True,NEUTRAL_PRIOR,route2zero_operator_prior_v1,operator-v2.0
LTFRB_PUJ2505,,,50.0,,50.0,0.0,5.0,True,NEUTRAL_PRIOR,route2zero_operator_prior_v1,operator-v2.0
LTFRB_PUJ2506,,,50.0,,50.0,0.0,5.0,True,NEUTRAL_PRIOR,route2zero_operator_prior_v1,operator-v2.0
LTFRB_PUJ2507,,,50.0,,50.0,0.0,5.0,True,NEUTRAL_PRIOR,route2zero_operator_prior_v1,operator-v2.0
LTFRB_PUJ2508,,,50.0,,50.0,0.0,5.0,True,NEUTRAL_PRIOR,route2zero_operator_prior_v1,operator-v2.0
LTFRB_PUJ2509,,,50.0,,50.0,0.0,5.0,True,NEUTRAL_PRIOR,route2zero_operator_prior_v1,operator-v2.0
LTFRB_PUJ2510,,,50.0,,50.0,0.0,5.0,True,NEUTRAL_PRIOR,route2zero_operator_prior_v1,operator-v2.0
LTFRB_PUJ2511,,,50.0,,50.0,0.0,5.0,True,NEUTRAL_PRIOR,route2zero_operator_prior_v1,operator-v2.0
LTFRB_PUJ2512,,,50.0,,50.0,0.0,5.0,True,NEUTRAL_PRIOR,route2zero_operator_prior_v1,operator-v2.0
LTFRB_PUJ2513,,,50.0,,50.0,0.0,5.0,True,NEUTRAL_PRIOR,route2zero_operator_prior_v1,operator-v2.0
LTFRB_PUJ2514,,,50.0,,50.0,0.0,5.0,True,NEUTRAL_PRIOR,route2zero_operator_prior_v1,operator-v2.0
LTFRB_PUJ2515,,,50.0,,50.0,0.0,5.0,True,NEUTRAL_PRIOR,route2zero_operator_prior_v1,operator-v2.0
LTFRB_PUJ2516,,,50.0,,50.0,0.0,5.0,True,NEUTRAL_PRIOR,route2zero_operator_prior_v1,operator-v2.0
LTFRB_PUJ2517,,,50.0,,50.0,0.0,5.0,True,NEUTRAL_PRIOR,route2zero_operator_prior_v1,operator-v2.0
LTFRB_PUJ2518,,,50.0,,50.0,0.0,5.0,True,NEUTRAL_PRIOR,route2zero_operator_prior_v1,operator-v2.0
LTFRB_PUJ2519,,,50.0,,50.0,0.0,5.0,True,NEUTRAL_PRIOR,route2zero_operator_prior_v1,operator-v2.0
LTFRB_PUJ2520,,,50.0,,50.0,0.0,5.0,True,NEUTRAL_PRIOR,route2zero_operator_prior_v1,operator-v2.0
LTFRB_PUJ2521,,,50.0,,50.0,0.0,5.0,True,NEUTRAL_PRIOR,route2zero_operator_prior_v1,operator-v2.0
LTFRB_PUJ2522,,,50.0,,50.0,0.0,5.0,True,NEUTRAL_PRIOR,route2zero_operator_prior_v1,operator-v2.0
LTFRB_PUJ2523,,,50.0,,50.0,0.0,5.0,True,NEUTRAL_PRIOR,route2zero_operator_prior_v1,operator-v2.0
LTFRB_PUJ2524,,,50.0,,50.0,0.0,5.0,True,NEUTRAL_PRIOR,route2zero_operator_prior_v1,operator-v2.0
LTFRB_PUJ2525,,,50.0,,50.0,0.0,5.0,True,NEUTRAL_PRIOR,route2zero_operator_prior_v1,operator-v2.0
LTFRB_PUJ2526,,,50.0,,50.0,0.0,5.0,True,NEUTRAL_PRIOR,route2zero_operator_prior_v1,operator-v2.0
LTFRB_PUJ2527,,,50.0,,50.0,0.0,5.0,True,NEUTRAL_PRIOR,route2zero_operator_prior_v1,operator-v2.0
LTFRB_PUJ2528,,,50.0,,50.0,0.0,5.0,True,NEUTRAL_PRIOR,route2zero_operator_prior_v1,operator-v2.0
LTFRB_PUJ2529,,,50.0,,50.0,0.0,5.0,True,NEUTRAL_PRIOR,route2zero_operator_prior_v1,operator-v2.0
LTFRB_PUJ2530,,,50.0,,50.0,0.0,5.0,True,NEUTRAL_PRIOR,route2zero_operator_prior_v1,operator-v2.0
LTFRB_PUJ2531,,,50.0,,50.0,0.0,5.0,True,NEUTRAL_PRIOR,route2zero_operator_prior_v1,operator-v2.0
LTFRB_PUJ2532,,,50.0,,50.0,0.0,5.0,True,NEUTRAL_PRIOR,route2zero_operator_prior_v1,operator-v2.0
LTFRB_PUJ2533,,,50.0,,50.0,0.0,5.0,True,NEUTRAL_PRIOR,route2zero_operator_prior_v1,operator-v2.0
LTFRB_PUJ2535,,,50.0,,50.0,0.0,5.0,True,NEUTRAL_PRIOR,route2zero_operator_prior_v1,operator-v2.0
LTFRB_PUJ2536,,,50.0,,50.0,0.0,5.0,True,NEUTRAL_PRIOR,route2zero_operator_prior_v1,operator-v2.0
LTFRB_PUJ2537,,,50.0,,50.0,0.0,5.0,True,NEUTRAL_PRIOR,route2zero_operator_prior_v1,operator-v2.0
LTFRB_PUJ2538,,,50.0,,50.0,0.0,5.0,True,NEUTRAL_PRIOR,route2zero_operator_prior_v1,operator-v2.0
LTFRB_PUJ2539,,,50.0,,50.0,0.0,5.0,True,NEUTRAL_PRIOR,route2zero_operator_prior_v1,operator-v2.0
LTFRB_PUJ2540,,,50.0,,50.0,0.0,5.0,True,NEUTRAL_PRIOR,route2zero_operator_prior_v1,operator-v2.0
LTFRB_PUJ2541,,,50.0,,50.0,0.0,5.0,True,NEUTRAL_PRIOR,route2zero_operator_prior_v1,operator-v2.0
LTFRB_PUJ2543,,,50.0,,50.0,0.0,5.0,True,NEUTRAL_PRIOR,route2zero_operator_prior_v1,operator-v2.0
LTFRB_PUJ2544,,,50.0,,50.0,0.0,5.0,True,NEUTRAL_PRIOR,route2zero_operator_prior_v1,operator-v2.0
LTFRB_PUJ2545,,,50.0,,50.0,0.0,5.0,True,NEUTRAL_PRIOR,route2zero_operator_prior_v1,operator-v2.0
LTFRB_PUJ2546,,,50.0,,50.0,0.0,5.0,True,NEUTRAL_PRIOR,route2zero_operator_prior_v1,operator-v2.0
LTFRB_PUJ2547,,,50.0,,50.0,0.0,5.0,True,NEUTRAL_PRIOR,route2zero_operator_prior_v1,operator-v2.0
LTFRB_PUJ2548,,,50.0,,50.0,0.0,5.0,True,NEUTRAL_PRIOR,route2zero_operator_prior_v1,operator-v2.0
LTFRB_PUJ2549,,,50.0,,50.0,0.0,5.0,True,NEUTRAL_PRIOR,route2zero_operator_prior_v1,operator-v2.0
LTFRB_PUJ2550,,,50.0,,50.0,0.0,5.0,True,NEUTRAL_PRIOR,route2zero_operator_prior_v1,operator-v2.0
LTFRB_PUJ2551,,,50.0,,50.0,0.0,5.0,True,NEUTRAL_PRIOR,route2zero_operator_prior_v1,operator-v2.0
LTFRB_PUJ2552,,,50.0,,50.0,0.0,5.0,True,NEUTRAL_PRIOR,route2zero_operator_prior_v1,operator-v2.0
LTFRB_PUJ2553,,,50.0,,50.0,0.0,5.0,True,NEUTRAL_PRIOR,route2zero_operator_prior_v1,operator-v2.0
LTFRB_PUJ2554,,,50.0,,50.0,0.0,5.0,True,NEUTRAL_PRIOR,route2zero_operator_prior_v1,operator-v2.0
LTFRB_PUJ2555,,,50.0,,50.0,0.0,5.0,True,NEUTRAL_PRIOR,route2zero_operator_prior_v1,operator-v2.0
LTFRB_PUJ2556,,,50.0,,50.0,0.0,5.0,True,NEUTRAL_PRIOR,route2zero_operator_prior_v1,operator-v2.0
LTFRB_PUJ2557,,,50.0,,50.0,0.0,5.0,True,NEUTRAL_PRIOR,route2zero_operator_prior_v1,operator-v2.0
LTFRB_PUJ2558,,,50.0,,50.0,0.0,5.0,True,NEUTRAL_PRIOR,route2zero_operator_prior_v1,operator-v2.0
LTFRB_PUJ2559,,,50.0,,50.0,0.0,5.0,True,NEUTRAL_PRIOR,route2zero_operator_prior_v1,operator-v2.0
LTFRB_PUJ2560,,,50.0,,50.0,0.0,5.0,True,NEUTRAL_PRIOR,route2zero_operator_prior_v1,operator-v2.0
LTFRB_PUJ2561,,,50.0,,50.0,0.0,5.0,True,NEUTRAL_PRIOR,route2zero_operator_prior_v1,operator-v2.0
LTFRB_PUJ2562,,,50.0,,50.0,0.0,5.0,True,NEUTRAL_PRIOR,route2zero_operator_prior_v1,operator-v2.0
LTFRB_PUJ2563,,,50.0,,50.0,0.0,5.0,True,NEUTRAL_PRIOR,route2zero_operator_prior_v1,operator-v2.0
LTFRB_PUJ2564,,,50.0,,50.0,0.0,5.0,True,NEUTRAL_PRIOR,route2zero_operator_prior_v1,operator-v2.0
LTFRB_PUJ2565,,,50.0,,50.0,0.0,5.0,True,NEUTRAL_PRIOR,route2zero_operator_prior_v1,operator-v2.0
LTFRB_PUJ2566,,,50.0,,50.0,0.0,5.0,True,NEUTRAL_PRIOR,route2zero_operator_prior_v1,operator-v2.0
LTFRB_PUJ2567,,,50.0,,50.0,0.0,5.0,True,NEUTRAL_PRIOR,route2zero_operator_prior_v1,operator-v2.0
LTFRB_PUJ2568,,,50.0,,50.0,0.0,5.0,True,NEUTRAL_PRIOR,route2zero_operator_prior_v1,operator-v2.0
LTFRB_PUJ2569,,,50.0,,50.0,0.0,5.0,True,NEUTRAL_PRIOR,route2zero_operator_prior_v1,operator-v2.0
LTFRB_PUJ2570,,,50.0,,50.0,0.0,5.0,True,NEUTRAL_PRIOR,route2zero_operator_prior_v1,operator-v2.0
LTFRB_PUJ2571,,,50.0,,50.0,0.0,5.0,True,NEUTRAL_PRIOR,route2zero_operator_prior_v1,operator-v2.0
LTFRB_PUJ2572,,,50.0,,50.0,0.0,5.0,True,NEUTRAL_PRIOR,route2zero_operator_prior_v1,operator-v2.0
LTFRB_PUJ2573,,,50.0,,50.0,0.0,5.0,True,NEUTRAL_PRIOR,route2zero_operator_prior_v1,operator-v2.0
LTFRB_PUJ2574,,,50.0,,50.0,0.0,5.0,True,NEUTRAL_PRIOR,route2zero_operator_prior_v1,operator-v2.0
LTFRB_PUJ2575,,,50.0,,50.0,0.0,5.0,True,NEUTRAL_PRIOR,route2zero_operator_prior_v1,operator-v2.0
LTFRB_PUJ2576,,,50.0,,50.0,0.0,5.0,True,NEUTRAL_PRIOR,route2zero_operator_prior_v1,operator-v2.0
LTFRB_PUJ2577,,,50.0,,50.0,0.0,5.0,True,NEUTRAL_PRIOR,route2zero_operator_prior_v1,operator-v2.0
LTFRB_PUJ2578,,,50.0,,50.0,0.0,5.0,True,NEUTRAL_PRIOR,route2zero_operator_prior_v1,operator-v2.0
LTFRB_PUJ2579,,,50.0,,50.0,0.0,5.0,True,NEUTRAL_PRIOR,route2zero_operator_prior_v1,operator-v2.0
LTFRB_PUJ2581,,,50.0,,50.0,0.0,5.0,True,NEUTRAL_PRIOR,route2zero_operator_prior_v1,operator-v2.0
LTFRB_PUJ2582,,,50.0,,50.0,0.0,5.0,True,NEUTRAL_PRIOR,route2zero_operator_prior_v1,operator-v2.0
LTFRB_PUJ2583,,,50.0,,50.0,0.0,5.0,True,NEUTRAL_PRIOR,route2zero_operator_prior_v1,operator-v2.0
LTFRB_PUJ2584,,,50.0,,50.0,0.0,5.0,True,NEUTRAL_PRIOR,route2zero_operator_prior_v1,operator-v2.0
LTFRB_PUJ2585,,,50.0,,50.0,0.0,5.0,True,NEUTRAL_PRIOR,route2zero_operator_prior_v1,operator-v2.0
LTFRB_PUJ2586,,,50.0,,50.0,0.0,5.0,True,NEUTRAL_PRIOR,route2zero_operator_prior_v1,operator-v2.0
LTFRB_PUJ2588,,,50.0,,50.0,0.0,5.0,True,NEUTRAL_PRIOR,route2zero_operator_prior_v1,operator-v2.0
LTFRB_PUJ2589,,,50.0,,50.0,0.0,5.0,True,NEUTRAL_PRIOR,route2zero_operator_prior_v1,operator-v2.0
LTFRB_PUJ2590,,,50.0,,50.0,0.0,5.0,True,NEUTRAL_PRIOR,route2zero_operator_prior_v1,operator-v2.0
LTFRB_PUJ2591,,,50.0,,50.0,0.0,5.0,True,NEUTRAL_PRIOR,route2zero_operator_prior_v1,operator-v2.0
LTFRB_PUJ2592,,,50.0,,50.0,0.0,5.0,True,NEUTRAL_PRIOR,route2zero_operator_prior_v1,operator-v2.0
LTFRB_PUJ2593,,,50.0,,50.0,0.0,5.0,True,NEUTRAL_PRIOR,route2zero_operator_prior_v1,operator-v2.0
LTFRB_PUJ2594,,,50.0,,50.0,0.0,5.0,True,NEUTRAL_PRIOR,route2zero_operator_prior_v1,operator-v2.0
LTFRB_PUJ2595,,,50.0,,50.0,0.0,5.0,True,NEUTRAL_PRIOR,route2zero_operator_prior_v1,operator-v2.0
LTFRB_PUJ2596,,,50.0,,50.0,0.0,5.0,True,NEUTRAL_PRIOR,route2zero_operator_prior_v1,operator-v2.0
LTFRB_PUJ2597,,,50.0,,50.0,0.0,5.0,True,NEUTRAL_PRIOR,route2zero_operator_prior_v1,operator-v2.0
LTFRB_PUJ2598,,,50.0,,50.0,0.0,5.0,True,NEUTRAL_PRIOR,route2zero_operator_prior_v1,operator-v2.0
LTFRB_PUJ2599,,,50.0,,50.0,0.0,5.0,True,NEUTRAL_PRIOR,route2zero_operator_prior_v1,operator-v2.0
LTFRB_PUJ2600,,,50.0,,50.0,0.0,5.0,True,NEUTRAL_PRIOR,route2zero_operator_prior_v1,operator-v2.0
LTFRB_PUJ2601,,,50.0,,50.0,0.0,5.0,True,NEUTRAL_PRIOR,route2zero_operator_prior_v1,operator-v2.0
LTFRB_PUJ2602,,,50.0,,50.0,0.0,5.0,True,NEUTRAL_PRIOR,route2zero_operator_prior_v1,operator-v2.0
LTFRB_PUJ2603,,,50.0,,50.0,0.0,5.0,True,NEUTRAL_PRIOR,route2zero_operator_prior_v1,operator-v2.0
LTFRB_PUJ2604,,,50.0,,50.0,0.0,5.0,True,NEUTRAL_PRIOR,route2zero_operator_prior_v1,operator-v2.0
LTFRB_PUJ2605,,,50.0,,50.0,0.0,5.0,True,NEUTRAL_PRIOR,route2zero_operator_prior_v1,operator-v2.0
LTFRB_PUJ2606,,,50.0,,50.0,0.0,5.0,True,NEUTRAL_PRIOR,route2zero_operator_prior_v1,operator-v2.0
LTFRB_PUJ2607,,,50.0,,50.0,0.0,5.0,True,NEUTRAL_PRIOR,route2zero_operator_prior_v1,operator-v2.0
LTFRB_PUJ2608,,,50.0,,50.0,0.0,5.0,True,NEUTRAL_PRIOR,route2zero_operator_prior_v1,operator-v2.0
LTFRB_PUJ2609,,,50.0,,50.0,0.0,5.0,True,NEUTRAL_PRIOR,route2zero_operator_prior_v1,operator-v2.0
LTFRB_PUJ2610,,,50.0,,50.0,0.0,5.0,True,NEUTRAL_PRIOR,route2zero_operator_prior_v1,operator-v2.0
LTFRB_PUJ2611,,,50.0,,50.0,0.0,5.0,True,NEUTRAL_PRIOR,route2zero_operator_prior_v1,operator-v2.0
LTFRB_PUJ2612,,,50.0,,50.0,0.0,5.0,True,NEUTRAL_PRIOR,route2zero_operator_prior_v1,operator-v2.0
LTFRB_PUJ2613,,,50.0,,50.0,0.0,5.0,True,NEUTRAL_PRIOR,route2zero_operator_prior_v1,operator-v2.0
LTFRB_PUJ2614,,,50.0,,50.0,0.0,5.0,True,NEUTRAL_PRIOR,route2zero_operator_prior_v1,operator-v2.0
LTFRB_PUJ2615,,,50.0,,50.0,0.0,5.0,True,NEUTRAL_PRIOR,route2zero_operator_prior_v1,operator-v2.0
LTFRB_PUJ2616,,,50.0,,50.0,0.0,5.0,True,NEUTRAL_PRIOR,route2zero_operator_prior_v1,operator-v2.0
LTFRB_PUJ2617,,,50.0,,50.0,0.0,5.0,True,NEUTRAL_PRIOR,route2zero_operator_prior_v1,operator-v2.0
LTFRB_PUJ2618,,,50.0,,50.0,0.0,5.0,True,NEUTRAL_PRIOR,route2zero_operator_prior_v1,operator-v2.0
