{
"type": "FeatureCollection",
"name": "osm_route_geometry",
"crs": { "type": "name", "properties": { "name": "urn:ogc:def:crs:OGC:1.3:CRS84" } },
"features": [
{ "type": "Feature", "properties": { "route_id": "LTFRB_PUJ1003", "osm_relation_id": 21109106, "osm_relation_name": "A. Bonifacio-A. Mabini via 10th Avenue", "osm_relation_timestamp": "2026-08-06T05:13:38Z", "geometry_source": "osm_relation" }, "geometry": { "type": "MultiLineString", "coordinates": [ [ [ 120.994913, 14.6523466 ], [ 120.9949077, 14.6521858 ], [ 120.9948811, 14.6512264 ] ], [ [ 120.9939559, 14.6512493 ], [ 120.9944186, 14.6512404 ], [ 120.9948811, 14.6512264 ] ], [ [ 120.9929497, 14.6512857 ], [ 120.9934929, 14.6512687 ], [ 120.9939559, 14.6512493 ] ], [ [ 120.9924867, 14.6512905 ], [ 120.9925496, 14.6512928 ], [ 120.9926932, 14.6512979 ], [ 120.9929497, 14.6512857 ] ], [ [ 120.9910357, 14.6513395 ], [ 120.9911129, 14.6513361 ], [ 120.9917494, 14.6513135 ], [ 120.991862, 14.65131 ], [ 120.9924867, 14.6512905 ] ], [ [ 120.9903157, 14.6513601 ], [ 120.9905099, 14.6513545 ], [ 120.9909703, 14.6513414 ], [ 120.9910357, 14.6513395 ] ], [ [ 120.989603, 14.6513797 ], [ 120.9901431, 14.6513648 ], [ 120.9901726, 14.651364 ], [ 120.9903157, 14.6513601 ] ], [ [ 120.9888899, 14.6514049 ], [ 120.989603, 14.6513797 ] ], [ [ 120.9881742, 14.6514288 ], [ 120.9888899, 14.6514049 ] ], [ [ 120.9867184, 14.6514736 ], [ 120.9874251, 14.6514525 ], [ 120.9881742, 14.6514288 ] ], [ [ 120.9852834, 14.6515237 ], [ 120.9860108, 14.6514991 ], [ 120.9867184, 14.6514736 ] ], [ [ 120.984563, 14.6515477 ], [ 120.9846688, 14.6515442 ], [ 120.9852373, 14.6515252 ], [ 120.9852834, 14.6515237 ] ], [ [ 120.9842282, 14.6515584 ], [ 120.9844863, 14.6515501 ], [ 120.984563, 14.6515477 ] ], [ [ 120.983854, 14.6515703 ], [ 120.9842282, 14.6515584 ] ], [ [ 120.9837932, 14.6515722 ], [ 120.983854, 14.6515703 ] ], [ [ 120.983733, 14.6515743 ], [ 120.9837932, 14.6515722 ] ], [ [ 120.983733, 14.6515743 ], [ 120.9834668, 14.6515812 ] ], [ [ 120.9834668, 14.6515812 ], [ 120.9830239, 14.6515928 ] ], [ [ 120.9830239, 14.6515928 ], [ 120.98293, 14.6515951 ], [ 120.9823055, 14.6516108 ], [ 120.9822298, 14.6516131 ], [ 120.9817696, 14.6516274 ] ], [ [ 120.9817696, 14.6516274 ], [ 120.9816914, 14.6516298 ] ], [ [ 120.9816914, 14.6516298 ], [ 120.9816425, 14.6516313 ], [ 120.9815963, 14.6516328 ] ], [ [ 120.9815963, 14.6516328 ], [ 120.9813512, 14.6516413 ], [ 120.9809518, 14.6516553 ], [ 120.9808848, 14.6516576 ] ], [ [ 120.9808848, 14.6516576 ], [ 120.980536, 14.651671 ], [ 120.980247, 14.6516821 ], [ 120.9801599, 14.6516854 ] ], [ [ 120.9801599, 14.6516854 ], [ 120.9798176, 14.6516973 ], [ 120.9797129, 14.651701 ], [ 120.9794607, 14.6517098 ] ], [ [ 120.9794607, 14.6517098 ], [ 120.9790523, 14.6517231 ], [ 120.978703, 14.6517344 ], [ 120.9783406, 14.6517452 ], [ 120.9780068, 14.6517579 ] ], [ [ 120.9780068, 14.6517579 ], [ 120.9773889, 14.6517784 ] ], [ [ 120.9773889, 14.6517784 ], [ 120.977275, 14.6517816 ], [ 120.9767137, 14.6518077 ], [ 120.9766345, 14.6518085 ], [ 120.9764771, 14.6518086 ], [ 120.9762337, 14.6517788 ] ], [ [ 120.9762337, 14.6517788 ], [ 120.9760656, 14.6517397 ], [ 120.9759179, 14.6516882 ], [ 120.97567, 14.6515935 ], [ 120.9753904, 14.6514947 ], [ 120.9749994, 14.6513921 ], [ 120.9749755, 14.6513855 ], [ 120.9749604, 14.6513814 ] ], [ [ 120.9749604, 14.6513814 ], [ 120.974937, 14.6513762 ], [ 120.9748148, 14.651347 ], [ 120.9747184, 14.6513236 ], [ 120.9744122, 14.6512538 ], [ 120.9740949, 14.6511814 ], [ 120.9735612, 14.6510597 ] ], [ [ 120.9735612, 14.6510597 ], [ 120.9732574, 14.6509841 ], [ 120.9731887, 14.650967 ], [ 120.9726758, 14.6508544 ], [ 120.9725945, 14.6508365 ] ], [ [ 120.9725736, 14.6509134 ], [ 120.9725945, 14.6508365 ] ], [ [ 120.9724367, 14.6514553 ], [ 120.9724606, 14.6513607 ], [ 120.9724704, 14.6513218 ], [ 120.972527, 14.6510979 ], [ 120.9725502, 14.6510059 ], [ 120.9725736, 14.6509134 ] ], [ [ 120.9723547, 14.6517796 ], [ 120.9723709, 14.6517153 ], [ 120.9723793, 14.6516824 ], [ 120.9724367, 14.6514553 ] ], [ [ 120.9723547, 14.6517796 ], [ 120.9719576, 14.651714 ], [ 120.9718664, 14.6516716 ] ], [ [ 120.9718793, 14.6513439 ], [ 120.9718242, 14.6516203 ], [ 120.9718664, 14.6516716 ] ], [ [ 120.9719683, 14.6509272 ], [ 120.9719106, 14.6511907 ], [ 120.9718793, 14.6513439 ] ] ] } },
{ "type": "Feature", "properties": { "route_id": "LTFRB_PUJ1123", "osm_relation_id": 11370051, "osm_relation_name": "Balic-Balic–España/M. dela Fuente", "osm_relation_timestamp": "2026-08-06T05:13:38Z", "geometry_source": "osm_relation" }, "geometry": { "type": "MultiLineString", "coordinates": [ [ [ 121.008486, 14.6122177 ], [ 121.0085861, 14.6121383 ] ], [ [ 121.0081408, 14.6115939 ], [ 121.008362, 14.6118643 ], [ 121.0085861, 14.6121383 ] ], [ [ 121.0069471, 14.6125167 ], [ 121.0081408, 14.6115939 ] ], [ [ 121.0065607, 14.6121601 ], [ 121.0065814, 14.6121765 ], [ 121.0066595, 14.6122381 ], [ 121.0066969, 14.6122676 ], [ 121.0068941, 14.6124534 ], [ 121.0069471, 14.6125167 ] ], [ [ 121.0064208, 14.6120537 ], [ 121.0065607, 14.6121601 ] ], [ [ 121.0062459, 14.6119182 ], [ 121.0063021, 14.6119564 ], [ 121.0064208, 14.6120537 ] ], [ [ 121.0059528, 14.611747 ], [ 121.0059971, 14.6117721 ], [ 121.0061138, 14.6118383 ], [ 121.0062459, 14.6119182 ] ], [ [ 121.0056051, 14.6115393 ], [ 121.0056375, 14.6115604 ], [ 121.0057622, 14.6116415 ], [ 121.0059528, 14.611747 ] ], [ [ 121.0053707, 14.6113095 ], [ 121.0054649, 14.6114202 ], [ 121.0056051, 14.6115393 ] ], [ [ 121.0050347, 14.6108816 ], [ 121.0052357, 14.6111347 ], [ 121.0052817, 14.6111938 ], [ 121.0053707, 14.6113095 ] ], [ [ 121.004686, 14.6104842 ], [ 121.0048143, 14.6106174 ], [ 121.0049554, 14.6107845 ], [ 121.0050112, 14.6108528 ], [ 121.0050347, 14.6108816 ] ], [ [ 121.0044175, 14.6102692 ], [ 121.0045414, 14.6103642 ], [ 121.0045943, 14.6104044 ], [ 121.0046456, 14.6104464 ], [ 121.004686, 14.6104842 ] ], [ [ 121.0042266, 14.6099282 ], [ 121.0043146, 14.6101191 ], [ 121.0043402, 14.6101679 ], [ 121.0044175, 14.6102692 ] ], [ [ 121.0039619, 14.6094825 ], [ 121.0041471, 14.6097818 ], [ 121.0041928, 14.6098664 ], [ 121.0042266, 14.6099282 ] ], [ [ 121.0037305, 14.6087476 ], [ 121.0038035, 14.6090279 ], [ 121.0038377, 14.609159 ], [ 121.0039619, 14.6094825 ] ], [ [ 121.0034873, 14.6076384 ], [ 121.0035376, 14.6078719 ], [ 121.003572, 14.6080313 ], [ 121.0036562, 14.6084023 ], [ 121.0036676, 14.6084554 ], [ 121.0037305, 14.6087476 ] ], [ [ 121.0022021, 14.6063844 ], [ 121.0023481, 14.6064547 ], [ 121.0023833, 14.6064763 ], [ 121.0025352, 14.6065673 ], [ 121.0026558, 14.6066481 ], [ 121.0028585, 14.6067813 ], [ 121.0029582, 14.6068429 ], [ 121.0030653, 14.6069091 ], [ 121.0031506, 14.6069672 ], [ 121.0032503, 14.6070459 ], [ 121.0033256, 14.6071322 ], [ 121.0034004, 14.6072591 ], [ 121.0034391, 14.60743 ], [ 121.0034873, 14.6076384 ] ], [ [ 121.000923, 14.6056237 ], [ 121.0012412, 14.6058068 ], [ 121.001366, 14.6058839 ], [ 121.0015536, 14.6059999 ], [ 121.0019144, 14.6062127 ], [ 121.0022021, 14.6063844 ] ], [ [ 121.0002943, 14.6052107 ], [ 121.0004507, 14.6053215 ], [ 121.0005982, 14.6054237 ], [ 121.000923, 14.6056237 ] ], [ [ 121.0002943, 14.6052107 ], [ 121.0001852, 14.6053274 ], [ 121.0001163, 14.6053984 ], [ 120.9999414, 14.6055781 ], [ 120.9996538, 14.6058776 ] ], [ [ 120.9996538, 14.6058776 ], [ 120.9987524, 14.6068249 ], [ 120.9986459, 14.6069446 ], [ 120.9984265, 14.6071739 ], [ 120.9982152, 14.6073822 ], [ 120.9979051, 14.6077134 ], [ 120.9976178, 14.6080203 ] ], [ [ 120.9976178, 14.6080203 ], [ 120.9966747, 14.609004 ], [ 120.9966149, 14.6090633 ] ], [ [ 120.9966149, 14.6090633 ], [ 120.9965669, 14.6091181 ], [ 120.9962662, 14.6094276 ], [ 120.9956681, 14.6100586 ], [ 120.9955984, 14.6101264 ] ], [ [ 120.9955984, 14.6101264 ], [ 120.9955356, 14.610192 ], [ 120.9946143, 14.6111477 ], [ 120.9945641, 14.611204 ] ], [ [ 120.9945641, 14.611204 ], [ 120.9944793, 14.6112947 ] ], [ [ 120.9944793, 14.6112947 ], [ 120.9944111, 14.6113645 ], [ 120.9935018, 14.6123284 ], [ 120.9934337, 14.6123979 ] ], [ [ 120.9934337, 14.6123979 ], [ 120.9933858, 14.6124468 ], [ 120.9924627, 14.613407 ], [ 120.9924215, 14.6134464 ] ], [ [ 120.9924215, 14.6134464 ], [ 120.9924846, 14.6135051 ], [ 120.9926782, 14.6136865 ], [ 120.9929017, 14.6138849 ], [ 120.9929565, 14.6139348 ] ], [ [ 120.9929565, 14.6139348 ], [ 120.9939236, 14.6129454 ], [ 120.9939799, 14.612891 ], [ 120.9940289, 14.6128393 ], [ 120.9941747, 14.612687 ] ] ] } },
{ "type": "Feature", "properties": { "route_id": "LTFRB_PUJ1125", "osm_relation_id": 11370053, "osm_relation_name": "Balic-Balic-Quiapo via Lepanto", "osm_relation_timestamp": "2026-08-06T05:13:38Z", "geometry_source": "osm_relation" }, "geometry": { "type": "MultiLineString", "coordinates": [ [ [ 121.008486, 14.6122177 ], [ 121.0085861, 14.6121383 ] ], [ [ 121.0081408, 14.6115939 ], [ 121.008362, 14.6118643 ], [ 121.0085861, 14.6121383 ] ], [ [ 121.0069471, 14.6125167 ], [ 121.0081408, 14.6115939 ] ], [ [ 121.0065607, 14.6121601 ], [ 121.0065814, 14.6121765 ], [ 121.0066595, 14.6122381 ], [ 121.0066969, 14.6122676 ], [ 121.0068941, 14.6124534 ], [ 121.0069471, 14.6125167 ] ], [ [ 121.0064208, 14.6120537 ], [ 121.0065607, 14.6121601 ] ], [ [ 121.0062459, 14.6119182 ], [ 121.0063021, 14.6119564 ], [ 121.0064208, 14.6120537 ] ], [ [ 121.0059528, 14.611747 ], [ 121.0059971, 14.6117721 ], [ 121.0061138, 14.6118383 ], [ 121.0062459, 14.6119182 ] ], [ [ 121.0056051, 14.6115393 ], [ 121.0056375, 14.6115604 ], [ 121.0057622, 14.6116415 ], [ 121.0059528, 14.611747 ] ], [ [ 121.0053707, 14.6113095 ], [ 121.0054649, 14.6114202 ], [ 121.0056051, 14.6115393 ] ], [ [ 121.0050347, 14.6108816 ], [ 121.0052357, 14.6111347 ], [ 121.0052817, 14.6111938 ], [ 121.0053707, 14.6113095 ] ], [ [ 121.004686, 14.6104842 ], [ 121.0048143, 14.6106174 ], [ 121.0049554, 14.6107845 ], [ 121.0050112, 14.6108528 ], [ 121.0050347, 14.6108816 ] ], [ [ 121.0044175, 14.6102692 ], [ 121.0045414, 14.6103642 ], [ 121.0045943, 14.6104044 ], [ 121.0046456, 14.6104464 ], [ 121.004686, 14.6104842 ] ], [ [ 121.0042266, 14.6099282 ], [ 121.0043146, 14.6101191 ], [ 121.0043402, 14.6101679 ], [ 121.0044175, 14.6102692 ] ], [ [ 121.0039619, 14.6094825 ], [ 121.0041471, 14.6097818 ], [ 121.0041928, 14.6098664 ], [ 121.0042266, 14.6099282 ] ], [ [ 121.0037305, 14.6087476 ], [ 121.0038035, 14.6090279 ], [ 121.0038377, 14.609159 ], [ 121.0039619, 14.6094825 ] ], [ [ 121.0034873, 14.6076384 ], [ 121.0035376, 14.6078719 ], [ 121.003572, 14.6080313 ], [ 121.0036562, 14.6084023 ], [ 121.0036676, 14.6084554 ], [ 121.0037305, 14.6087476 ] ], [ [ 121.0022021, 14.6063844 ], [ 121.0023481, 14.6064547 ], [ 121.0023833, 14.6064763 ], [ 121.0025352, 14.6065673 ], [ 121.0026558, 14.6066481 ], [ 121.0028585, 14.6067813 ], [ 121.0029582, 14.6068429 ], [ 121.0030653, 14.6069091 ], [ 121.0031506, 14.6069672 ], [ 121.0032503, 14.6070459 ], [ 121.0033256, 14.6071322 ], [ 121.0034004, 14.6072591 ], [ 121.0034391, 14.60743 ], [ 121.0034873, 14.6076384 ] ], [ [ 121.000923, 14.6056237 ], [ 121.0012412, 14.6058068 ], [ 121.001366, 14.6058839 ], [ 121.0015536, 14.6059999 ], [ 121.0019144, 14.6062127 ], [ 121.0022021, 14.6063844 ] ], [ [ 121.0002943, 14.6052107 ], [ 121.0004507, 14.6053215 ], [ 121.0005982, 14.6054237 ], [ 121.000923, 14.6056237 ] ], [ [ 120.9980173, 14.6039674 ], [ 120.9983162, 14.6041062 ], [ 120.9986704, 14.6042765 ], [ 120.9990092, 14.6044287 ], [ 120.9996481, 14.6047346 ], [ 120.9996839, 14.6047549 ], [ 120.9996991, 14.6047658 ], [ 120.9998807, 14.6048959 ], [ 120.9999917, 14.6049827 ], [ 121.0001273, 14.6050848 ], [ 121.0002943, 14.6052107 ] ], [ [ 120.9980173, 14.6039674 ], [ 120.9978608, 14.6041515 ] ], [ [ 120.9978608, 14.6041515 ], [ 120.9978263, 14.6042157 ], [ 120.997649, 14.60452 ], [ 120.9975256, 14.60472 ], [ 120.9974395, 14.6048495 ], [ 120.9973683, 14.6049581 ], [ 120.9973249, 14.605013 ], [ 120.9972072, 14.6051668 ], [ 120.9969896, 14.6054068 ], [ 120.9959603, 14.6064964 ], [ 120.9949489, 14.6075507 ] ], [ [ 120.9949489, 14.6075507 ], [ 120.9948687, 14.6074772 ] ], [ [ 120.9948687, 14.6074772 ], [ 120.9947461, 14.6073612 ], [ 120.9945693, 14.6071938 ], [ 120.9944448, 14.607081 ], [ 120.9942979, 14.606948 ], [ 120.9940268, 14.6067005 ], [ 120.9937532, 14.6064547 ] ], [ [ 120.993249, 14.6069735 ], [ 120.9933262, 14.6068872 ], [ 120.9935239, 14.6066866 ], [ 120.9937532, 14.6064547 ] ], [ [ 120.9927232, 14.6075129 ], [ 120.9929279, 14.6072992 ], [ 120.993129, 14.607089 ], [ 120.993249, 14.6069735 ] ], [ [ 120.9927232, 14.6075129 ], [ 120.9924339, 14.607254 ], [ 120.992172, 14.607011 ], [ 120.9919087, 14.6067663 ], [ 120.9918719, 14.6067335 ], [ 120.9916371, 14.6065236 ], [ 120.9914036, 14.6063142 ], [ 120.9910969, 14.6060375 ], [ 120.9905573, 14.6055423 ], [ 120.9902748, 14.6052816 ], [ 120.9900164, 14.6050524 ], [ 120.9898006, 14.6048555 ], [ 120.9896486, 14.6047203 ], [ 120.9894809, 14.6045754 ], [ 120.9894155, 14.6044513 ], [ 120.9894085, 14.6042721 ], [ 120.9893715, 14.6041374 ] ], [ [ 120.9893715, 14.6041374 ], [ 120.9891801, 14.6037367 ] ], [ [ 120.9891801, 14.6037367 ], [ 120.9890293, 14.6034552 ], [ 120.9889615, 14.6033291 ], [ 120.9888362, 14.6030876 ], [ 120.9888075, 14.6030337 ], [ 120.9885937, 14.6026348 ], [ 120.9883839, 14.6022341 ], [ 120.9883119, 14.6020939 ] ], [ [ 120.9883119, 14.6020939 ], [ 120.9881776, 14.601817 ], [ 120.9881513, 14.6017676 ] ], [ [ 120.9881513, 14.6017676 ], [ 120.9881319, 14.6017318 ] ], [ [ 120.9881319, 14.6017318 ], [ 120.9880946, 14.6016639 ] ], [ [ 120.9880946, 14.6016639 ], [ 120.9878451, 14.6012095 ], [ 120.9874448, 14.600484 ] ], [ [ 120.9874448, 14.600484 ], [ 120.9875554, 14.6004178 ], [ 120.9877608, 14.6002493 ], [ 120.9880149, 14.6000425 ], [ 120.9884898, 14.5996738 ], [ 120.9885303, 14.5996427 ], [ 120.9885981, 14.5995985 ], [ 120.9888002, 14.5994897 ] ], [ [ 120.9888002, 14.5994897 ], [ 120.9886968, 14.599373 ], [ 120.9885293, 14.5993028 ], [ 120.987906, 14.5990564 ], [ 120.9877183, 14.5989822 ], [ 120.9874242, 14.5988656 ], [ 120.987008, 14.5987007 ], [ 120.9868095, 14.598622 ], [ 120.9866941, 14.5985763 ], [ 120.9866186, 14.5985464 ], [ 120.9864668, 14.5984862 ], [ 120.9858825, 14.5982429 ], [ 120.9856724, 14.5981593 ], [ 120.985425, 14.5980605 ], [ 120.9853383, 14.5980259 ], [ 120.9852597, 14.5979945 ], [ 120.9851768, 14.5979593 ] ], [ [ 120.9851768, 14.5979593 ], [ 120.9849958, 14.5978786 ] ], [ [ 120.9849958, 14.5978786 ], [ 120.984885, 14.5978277 ] ], [ [ 120.9847834, 14.5972357 ], [ 120.984885, 14.5978277 ] ], [ [ 120.9843945, 14.5972964 ], [ 120.9847834, 14.5972357 ] ], [ [ 120.9843945, 14.5972964 ], [ 120.9844534, 14.5976195 ] ] ] } },
{ "type": "Feature", "properties": { "route_id": "LTFRB_PUJ2193", "osm_relation_id": 11533207, "osm_relation_name": "Cubao (Diamond)–Roces Super Palengke", "osm_relation_timestamp": "2026-08-06T05:13:38Z", "geometry_source": "osm_relation" }, "geometry": { "type": "MultiLineString", "coordinates": [ [ [ 121.0225059, 14.631132 ], [ 121.0228789, 14.6310566 ], [ 121.023921, 14.6308329 ], [ 121.0244294, 14.6307208 ], [ 121.0250217, 14.6305899 ], [ 121.0255143, 14.6304825 ] ], [ [ 121.0255143, 14.6304825 ], [ 121.0264753, 14.6302683 ], [ 121.0265709, 14.6302447 ], [ 121.0266513, 14.6302249 ], [ 121.0276605, 14.630004 ], [ 121.028642, 14.6297772 ], [ 121.0297238, 14.6295586 ] ], [ [ 121.0297238, 14.6295586 ], [ 121.0298429, 14.6295331 ], [ 121.0304423, 14.6294045 ], [ 121.0312179, 14.6292382 ], [ 121.0312785, 14.6292252 ], [ 121.0316992, 14.629135 ], [ 121.0318305, 14.6291069 ], [ 121.0319003, 14.6290919 ], [ 121.0325315, 14.6289565 ], [ 121.0336911, 14.6287079 ] ], [ [ 121.0336911, 14.6287079 ], [ 121.0337363, 14.6286776 ], [ 121.0337746, 14.6286395 ], [ 121.0337926, 14.628613 ], [ 121.0338047, 14.6285951 ], [ 121.0338255, 14.6285458 ], [ 121.033852, 14.6284704 ] ], [ [ 121.033852, 14.6284704 ], [ 121.0337678, 14.6281742 ], [ 121.0337388, 14.6280514 ], [ 121.0337112, 14.6279282 ] ], [ [ 121.0337112, 14.6279282 ], [ 121.033625, 14.6275548 ] ], [ [ 121.033625, 14.6275548 ], [ 121.0335963, 14.6274276 ], [ 121.0335733, 14.6273258 ] ], [ [ 121.0335733, 14.6273258 ], [ 121.0336414, 14.6272648 ] ], [ [ 121.0336414, 14.6272648 ], [ 121.0337466, 14.6272579 ], [ 121.0338034, 14.6272624 ], [ 121.0339045, 14.6272817 ] ], [ [ 121.0339045, 14.6272817 ], [ 121.0340059, 14.627313 ], [ 121.0341256, 14.62735 ], [ 121.0342159, 14.6274061 ] ], [ [ 121.0343114, 14.6274322 ], [ 121.0342159, 14.6274061 ] ], [ [ 121.0343114, 14.6274322 ], [ 121.0343347, 14.6273444 ], [ 121.0344791, 14.6269161 ], [ 121.0345844, 14.6265529 ], [ 121.0346619, 14.6263115 ], [ 121.0346902, 14.6262678 ], [ 121.0347377, 14.6262198 ], [ 121.0347858, 14.6261771 ], [ 121.0348395, 14.6261395 ], [ 121.0351588, 14.6259854 ], [ 121.0356478, 14.6257131 ] ], [ [ 121.0369718, 14.6261127 ], [ 121.0363971, 14.6259304 ], [ 121.0357466, 14.6257404 ], [ 121.0356478, 14.6257131 ] ], [ [ 121.0369718, 14.6261127 ], [ 121.0368607, 14.6264792 ], [ 121.0367626, 14.6268043 ], [ 121.0366846, 14.6270625 ], [ 121.0366513, 14.6271752 ] ], [ [ 121.0366513, 14.6271752 ], [ 121.0369174, 14.6272455 ], [ 121.0374364, 14.6273886 ], [ 121.0379913, 14.6275485 ], [ 121.0384547, 14.627676 ], [ 121.0387205, 14.6277506 ], [ 121.0389108, 14.6278094 ] ], [ [ 121.0389108, 14.6278094 ], [ 121.0390201, 14.6274522 ] ], [ [ 121.0390201, 14.6274522 ], [ 121.0391184, 14.6271194 ], [ 121.0392201, 14.626772 ], [ 121.0393865, 14.6262442 ], [ 121.0393963, 14.6262097 ] ], [ [ 121.0394595, 14.6260134 ], [ 121.0393963, 14.6262097 ] ], [ [ 121.0394595, 14.6260134 ], [ 121.0395707, 14.6256735 ], [ 121.0396289, 14.6255415 ], [ 121.0397245, 14.6253441 ], [ 121.0399262, 14.6249707 ], [ 121.0400442, 14.6247677 ], [ 121.040069, 14.6247073 ], [ 121.0400846, 14.6246462 ] ], [ [ 121.0450775, 14.6231219 ], [ 121.0449922, 14.6231657 ], [ 121.0445035, 14.6234165 ], [ 121.0443904, 14.6234745 ], [ 121.044211, 14.6235666 ], [ 121.0437891, 14.6237831 ], [ 121.0432908, 14.6240391 ], [ 121.0432707, 14.6240492 ], [ 121.0431871, 14.6240921 ], [ 121.0428405, 14.62427 ], [ 121.0426207, 14.6243765 ], [ 121.0425642, 14.6244021 ], [ 121.0424368, 14.6244525 ], [ 121.042312, 14.6244952 ], [ 121.0421359, 14.6245565 ], [ 121.0420823, 14.6245765 ], [ 121.0419126, 14.6246143 ], [ 121.0416591, 14.6246639 ], [ 121.0415164, 14.6246839 ], [ 121.0413297, 14.6247049 ], [ 121.0411539, 14.6247128 ], [ 121.0409042, 14.6247109 ], [ 121.0406616, 14.6246956 ], [ 121.0404018, 14.6246734 ], [ 121.0402275, 14.6246584 ], [ 121.040147, 14.6246515 ], [ 121.0400846, 14.6246462 ] ], [ [ 121.0474829, 14.6218981 ], [ 121.0469612, 14.6221635 ], [ 121.046723, 14.6222847 ], [ 121.0466243, 14.6223349 ], [ 121.0463544, 14.6224723 ], [ 121.0462822, 14.622509 ], [ 121.0462624, 14.622519 ], [ 121.0460478, 14.6226282 ], [ 121.0458694, 14.622719 ], [ 121.045839, 14.6227345 ], [ 121.0454434, 14.6229357 ], [ 121.0451354, 14.6230924 ], [ 121.0450775, 14.6231219 ] ], [ [ 121.0481522, 14.621551 ], [ 121.0478014, 14.6217279 ], [ 121.0476664, 14.6218 ], [ 121.0474829, 14.6218981 ] ], [ [ 121.0481522, 14.621551 ], [ 121.0482305, 14.6214682 ], [ 121.0483995, 14.6213624 ] ], [ [ 121.0483995, 14.6213624 ], [ 121.0485094, 14.6212709 ], [ 121.0485884, 14.6211949 ], [ 121.0486313, 14.6211556 ], [ 121.0487064, 14.6211135 ], [ 121.0487893, 14.6210784 ], [ 121.0488396, 14.6210635 ], [ 121.0488835, 14.6210488 ], [ 121.0489271, 14.6210401 ], [ 121.0489755, 14.621038 ], [ 121.0490275, 14.621047 ] ], [ [ 121.0490275, 14.621047 ], [ 121.0492165, 14.6211241 ], [ 121.0493893, 14.6211945 ], [ 121.049516, 14.621219 ] ], [ [ 121.049516, 14.621219 ], [ 121.0495376, 14.6212301 ], [ 121.049652, 14.6212893 ], [ 121.0499125, 14.6214242 ], [ 121.0500025, 14.6214709 ] ], [ [ 121.0500025, 14.6214709 ], [ 121.0502862, 14.6215967 ] ], [ [ 121.0502862, 14.6215967 ], [ 121.050945, 14.6218742 ] ], [ [ 121.050945, 14.6218742 ], [ 121.0511845, 14.6219762 ], [ 121.0514143, 14.6220741 ] ], [ [ 121.0514143, 14.6220741 ], [ 121.0516428, 14.6221715 ] ], [ [ 121.0516428, 14.6221715 ], [ 121.0516995, 14.6221972 ] ], [ [ 121.0516995, 14.6221972 ], [ 121.0517341, 14.6222122 ], [ 121.0521815, 14.6224204 ] ], [ [ 121.0521815, 14.6224204 ], [ 121.0523305, 14.6224906 ] ], [ [ 121.0523305, 14.6224906 ], [ 121.0524128, 14.6224594 ] ], [ [ 121.0524128, 14.6224594 ], [ 121.0528796, 14.6226825 ] ] ] } },
{ "type": "Feature", "properties": { "route_id": "LTFRB_PUJ1193", "osm_relation_id": 11246069, "osm_relation_name": "Boni (Robinsons Complex)–Kalentong/JRC", "osm_relation_timestamp": "2026-08-06T05:13:38Z", "geometry_source": "osm_relation" }, "geometry": { "type": "MultiLineString", "coordinates": [ [ [ 121.0227262, 14.5892974 ], [ 121.0229998, 14.5895118 ], [ 121.023019, 14.5895269 ] ], [ [ 121.023019, 14.5895269 ], [ 121.0231266, 14.5896112 ], [ 121.0232228, 14.5896908 ] ], [ [ 121.0232228, 14.5896908 ], [ 121.0232647, 14.5896374 ], [ 121.0234345, 14.5894108 ], [ 121.0234729, 14.5893586 ] ], [ [ 121.0234729, 14.5893586 ], [ 121.0238839, 14.5887987 ], [ 121.024276, 14.5881959 ], [ 121.0244758, 14.5879454 ], [ 121.0245199, 14.5878947 ], [ 121.0246884, 14.5876997 ], [ 121.0248846, 14.5874761 ], [ 121.0250009, 14.5873481 ], [ 121.0250289, 14.5873138 ] ], [ [ 121.0250289, 14.5873138 ], [ 121.0250822, 14.5872415 ], [ 121.0251841, 14.5871033 ], [ 121.0252274, 14.5870395 ], [ 121.0253998, 14.5867857 ], [ 121.0255166, 14.5866136 ], [ 121.0255398, 14.58658 ], [ 121.0256442, 14.5864289 ], [ 121.0256947, 14.5863556 ] ], [ [ 121.0256947, 14.5863556 ], [ 121.0257688, 14.5862413 ], [ 121.0258026, 14.5861889 ], [ 121.0258783, 14.5860448 ], [ 121.0258812, 14.586037 ], [ 121.0259073, 14.5859794 ] ], [ [ 121.0259073, 14.5859794 ], [ 121.025902, 14.5859018 ] ], [ [ 121.025902, 14.5859018 ], [ 121.0259603, 14.5858404 ], [ 121.0260182, 14.5857789 ], [ 121.0261441, 14.5856694 ] ], [ [ 121.0261441, 14.5856694 ], [ 121.0262375, 14.5855907 ], [ 121.0263296, 14.5855199 ], [ 121.0266205, 14.585339 ], [ 121.0267754, 14.5852395 ] ], [ [ 121.0267754, 14.5852395 ], [ 121.0268913, 14.5851423 ], [ 121.0270115, 14.5850232 ] ], [ [ 121.0270115, 14.5850232 ], [ 121.0270992, 14.5849365 ], [ 121.0272023, 14.5848246 ] ], [ [ 121.0272023, 14.5848246 ], [ 121.0273614, 14.5846225 ], [ 121.0274801, 14.5844404 ], [ 121.0276293, 14.5841893 ] ], [ [ 121.0276293, 14.5841893 ], [ 121.0277316, 14.5840098 ], [ 121.0277659, 14.5839496 ], [ 121.0278064, 14.583879 ] ], [ [ 121.0278064, 14.583879 ], [ 121.0278503, 14.5838042 ], [ 121.0280381, 14.5834869 ] ], [ [ 121.0280381, 14.5834869 ], [ 121.0283255, 14.5830069 ], [ 121.0283578, 14.5829529 ] ], [ [ 121.0283578, 14.5829529 ], [ 121.0286374, 14.5824882 ], [ 121.0286629, 14.5824454 ] ], [ [ 121.0286629, 14.5824454 ], [ 121.0288791, 14.5820615 ] ], [ [ 121.0288791, 14.5820615 ], [ 121.0292191, 14.5814857 ], [ 121.0293102, 14.5813648 ] ], [ [ 121.0293102, 14.5813648 ], [ 121.0293671, 14.5812984 ], [ 121.0294952, 14.5811611 ] ], [ [ 121.0294952, 14.5811611 ], [ 121.0296475, 14.581009 ], [ 121.0296856, 14.5809784 ] ], [ [ 121.0296856, 14.5809784 ], [ 121.0297442, 14.5809287 ], [ 121.0302712, 14.5804671 ] ], [ [ 121.0302712, 14.5804671 ], [ 121.0307318, 14.5800709 ], [ 121.0308681, 14.5799626 ] ], [ [ 121.0308681, 14.5799626 ], [ 121.0309228, 14.5799173 ] ], [ [ 121.0309228, 14.5799173 ], [ 121.0309626, 14.5798801 ], [ 121.0309865, 14.579861 ], [ 121.032105, 14.5788969 ], [ 121.0323494, 14.5786893 ], [ 121.0325866, 14.5784841 ], [ 121.0326419, 14.5784313 ] ], [ [ 121.0326419, 14.5784313 ], [ 121.032946, 14.578173 ], [ 121.0330181, 14.57807 ] ], [ [ 121.0330181, 14.57807 ], [ 121.0329424, 14.5779895 ], [ 121.0328832, 14.5778941 ], [ 121.0328405, 14.5777844 ], [ 121.0328156, 14.5776768 ], [ 121.0328035, 14.5775371 ], [ 121.0328151, 14.5774393 ] ], [ [ 121.0328151, 14.5774393 ], [ 121.0328623, 14.5772582 ], [ 121.0329351, 14.5770897 ], [ 121.032956, 14.5770516 ], [ 121.033017, 14.5769408 ], [ 121.0331371, 14.5767939 ] ], [ [ 121.0331371, 14.5767939 ], [ 121.033168, 14.5767599 ], [ 121.0332035, 14.576727 ] ], [ [ 121.0332035, 14.576727 ], [ 121.0332433, 14.5766934 ] ], [ [ 121.0332433, 14.5766934 ], [ 121.0332864, 14.5766628 ], [ 121.0333382, 14.5766256 ], [ 121.0335023, 14.5765281 ] ], [ [ 121.0335023, 14.5765281 ], [ 121.0336503, 14.576465 ] ], [ [ 121.0336503, 14.576465 ], [ 121.0337117, 14.5764496 ] ], [ [ 121.0337117, 14.5764496 ], [ 121.0338074, 14.5764267 ], [ 121.0338984, 14.5764117 ] ], [ [ 121.0338984, 14.5764117 ], [ 121.0339754, 14.5764082 ], [ 121.0341256, 14.5764177 ], [ 121.0342307, 14.5764467 ] ], [ [ 121.0342307, 14.5764467 ], [ 121.0343128, 14.5764739 ], [ 121.034423, 14.5765228 ] ], [ [ 121.034423, 14.5765228 ], [ 121.0345383, 14.5765834 ], [ 121.0345763, 14.5766079 ], [ 121.0346107, 14.5766318 ], [ 121.0346523, 14.5766677 ], [ 121.0346977, 14.5767199 ] ], [ [ 121.0346977, 14.5767199 ], [ 121.0347687, 14.576624 ], [ 121.034865, 14.5764948 ], [ 121.0349647, 14.576361 ], [ 121.0350757, 14.5762261 ], [ 121.0351363, 14.5761674 ], [ 121.0352849, 14.5760487 ], [ 121.035458, 14.5759224 ], [ 121.0356519, 14.575792 ], [ 121.0358006, 14.5757518 ], [ 121.0359461, 14.5757343 ], [ 121.0360582, 14.5757429 ], [ 121.0361652, 14.5757604 ], [ 121.0362223, 14.5757716 ], [ 121.0362664, 14.5757836 ], [ 121.0363209, 14.5757944 ] ], [ [ 121.0363209, 14.5757944 ], [ 121.0365385, 14.5758494 ], [ 121.0376209, 14.5761148 ], [ 121.0378693, 14.5761743 ], [ 121.0380717, 14.5762197 ], [ 121.0385784, 14.5763305 ], [ 121.0386576, 14.5763512 ], [ 121.0387368, 14.5763718 ], [ 121.0390947, 14.576469 ], [ 121.039343, 14.5765298 ], [ 121.0395355, 14.5765595 ], [ 121.0397098, 14.5765529 ], [ 121.039852, 14.5765374 ], [ 121.0399269, 14.5765142 ], [ 121.0400642, 14.5764562 ], [ 121.0401313, 14.5764134 ], [ 121.0405133, 14.5761665 ], [ 121.0409851, 14.5758355 ], [ 121.0410608, 14.5757815 ] ], [ [ 121.0410608, 14.5757815 ], [ 121.0411457, 14.5757257 ], [ 121.0417506, 14.5753301 ], [ 121.0417997, 14.5752951 ], [ 121.0421193, 14.5750719 ], [ 121.042148, 14.5750481 ], [ 121.0421823, 14.5750235 ] ], [ [ 121.0421823, 14.5750235 ], [ 121.042226, 14.5749924 ], [ 121.0424177, 14.5748593 ], [ 121.0425185, 14.5747927 ], [ 121.0425662, 14.5747615 ], [ 121.04267, 14.5746909 ], [ 121.0429169, 14.5745212 ] ], [ [ 121.0429169, 14.5745212 ], [ 121.0429782, 14.5744799 ], [ 121.0436894, 14.5739776 ], [ 121.0437605, 14.5739309 ], [ 121.0438135, 14.5738972 ], [ 121.043855, 14.5738702 ], [ 121.0439213, 14.5738281 ] ], [ [ 121.0439213, 14.5738281 ], [ 121.0439728, 14.573807 ], [ 121.0440068, 14.5737925 ], [ 121.0441824, 14.573718 ], [ 121.0444075, 14.5736314 ], [ 121.044632, 14.5735484 ], [ 121.0448901, 14.5734679 ], [ 121.0451072, 14.5734081 ] ], [ [ 121.0451072, 14.5734081 ], [ 121.0454191, 14.57332 ], [ 121.0455075, 14.5732968 ] ], [ [ 121.0455075, 14.5732968 ], [ 121.0456053, 14.5732662 ], [ 121.0460682, 14.5731214 ] ], [ [ 121.0460682, 14.5731214 ], [ 121.0461267, 14.5731006 ] ], [ [ 121.0461267, 14.5731006 ], [ 121.0463926, 14.5729915 ], [ 121.0468095, 14.5727542 ] ], [ [ 121.0468095, 14.5727542 ], [ 121.0474686, 14.5723684 ], [ 121.0484939, 14.5718021 ], [ 121.0487488, 14.571691 ], [ 121.0491339, 14.571539 ] ], [ [ 121.0491339, 14.571539 ], [ 121.0497889, 14.5712732 ], [ 121.0499455, 14.571221 ] ], [ [ 121.0499455, 14.571221 ], [ 121.0504379, 14.5710303 ] ], [ [ 121.0504379, 14.5710303 ], [ 121.0504792, 14.5710135 ], [ 121.0505439, 14.571007 ] ] ] } },
{ "type": "Feature", "properties": { "route_id": "LTFRB_PUJ1752", "osm_relation_id": 19463820, "osm_relation_name": "Gate 5–Greenhills Shopping Center", "osm_relation_timestamp": "2026-08-06T05:13:38Z", "geometry_source": "osm_relation" }, "geometry": { "type": "MultiLineString", "coordinates": [ [ [ 121.0500643, 14.6027848 ], [ 121.0499138, 14.6029049 ] ], [ [ 121.0499138, 14.6029049 ], [ 121.0498537, 14.6029943 ], [ 121.049859, 14.6030506 ] ], [ [ 121.0499027, 14.6030706 ], [ 121.0498786, 14.6030596 ], [ 121.049859, 14.6030506 ] ], [ [ 121.0504659, 14.6033157 ], [ 121.0499027, 14.6030706 ] ], [ [ 121.0519218, 14.6039695 ], [ 121.0518528, 14.6039404 ], [ 121.050636, 14.603391 ], [ 121.0505561, 14.6033559 ], [ 121.0504659, 14.6033157 ] ], [ [ 121.0560487, 14.6057945 ], [ 121.0560138, 14.6057785 ], [ 121.0554367, 14.6055148 ], [ 121.0554105, 14.6055028 ], [ 121.055384, 14.6054909 ], [ 121.0552753, 14.6054423 ], [ 121.0547698, 14.6052254 ], [ 121.0546964, 14.6051939 ], [ 121.0545441, 14.6051286 ], [ 121.0543301, 14.6050335 ], [ 121.0540475, 14.6049069 ], [ 121.0540289, 14.6048996 ], [ 121.0538914, 14.6048385 ], [ 121.0536054, 14.6047132 ], [ 121.0532342, 14.6045507 ], [ 121.053153, 14.6045156 ], [ 121.0529662, 14.6044349 ], [ 121.052671, 14.6043074 ], [ 121.0525847, 14.6042701 ], [ 121.0524616, 14.6042157 ], [ 121.0523732, 14.6041765 ], [ 121.0522325, 14.6041097 ], [ 121.0520561, 14.6040308 ], [ 121.0519218, 14.6039695 ] ], [ [ 121.0567956, 14.6061444 ], [ 121.0565146, 14.6060259 ], [ 121.0562977, 14.6059229 ], [ 121.0562131, 14.6058808 ], [ 121.0560487, 14.6057945 ] ], [ [ 121.0567956, 14.6061444 ], [ 121.0568144, 14.6061058 ], [ 121.0568231, 14.6060472 ] ] ] } },
{ "type": "Feature", "properties": { "route_id": "LTFRB_PUJ1252", "osm_relation_id": 21179894, "osm_relation_name": "Del Pan–Guadalupe Ibabaw via Mabini", "osm_relation_timestamp": "2026-08-03T00:24:35Z", "geometry_source": "osm_relation" }, "geometry": { "type": "MultiLineString", "coordinates": [ [ [ 121.0444711, 14.565589 ], [ 121.0444156, 14.5656607 ] ], [ [ 121.0444711, 14.565589 ], [ 121.044365, 14.565549 ], [ 121.0440337, 14.5654243 ], [ 121.0438793, 14.5653889 ], [ 121.0438249, 14.5653909 ], [ 121.0436873, 14.5653961 ], [ 121.0436107, 14.5654359 ], [ 121.0430333, 14.56589 ] ], [ [ 121.0430333, 14.56589 ], [ 121.0427998, 14.5660462 ], [ 121.042599, 14.5661448 ], [ 121.0425539, 14.5661669 ], [ 121.0421859, 14.5663137 ], [ 121.0420414, 14.5663714 ] ], [ [ 121.0420414, 14.5663714 ], [ 121.0423893, 14.5669247 ], [ 121.0427256, 14.567175 ], [ 121.0429143, 14.5672628 ] ], [ [ 121.0429143, 14.5672628 ], [ 121.0427748, 14.5675839 ] ], [ [ 121.0427748, 14.5675839 ], [ 121.0427682, 14.5675996 ], [ 121.0427471, 14.5676581 ] ], [ [ 121.0408784, 14.5674698 ], [ 121.0409634, 14.5674564 ], [ 121.0412916, 14.5674344 ], [ 121.0414783, 14.5674274 ], [ 121.0415544, 14.5674235 ], [ 121.0419031, 14.5674062 ], [ 121.042024, 14.5674153 ], [ 121.0421403, 14.5674362 ], [ 121.042226, 14.5674606 ], [ 121.0425086, 14.5675646 ], [ 121.0426494, 14.5676229 ], [ 121.0427471, 14.5676581 ] ], [ [ 121.0408784, 14.5674698 ], [ 121.0408064, 14.5674939 ], [ 121.0407291, 14.5675156 ], [ 121.0406146, 14.5675447 ] ], [ [ 121.0406146, 14.5675447 ], [ 121.0405159, 14.5675623 ] ], [ [ 121.0405159, 14.5675623 ], [ 121.0403513, 14.5675876 ] ], [ [ 121.0403513, 14.5675876 ], [ 121.0402781, 14.5675935 ], [ 121.040079, 14.5676103 ], [ 121.0399254, 14.5676119 ] ], [ [ 121.0399254, 14.5676119 ], [ 121.0398158, 14.5675991 ], [ 121.0397239, 14.5675774 ] ], [ [ 121.0397239, 14.5675774 ], [ 121.0395621, 14.567507 ] ], [ [ 121.0395621, 14.567507 ], [ 121.0394619, 14.5674858 ], [ 121.0393579, 14.5674618 ], [ 121.0391918, 14.5674222 ], [ 121.0391025, 14.5673938 ] ], [ [ 121.0391025, 14.5673938 ], [ 121.0390165, 14.567367 ], [ 121.0389183, 14.5673384 ], [ 121.0388251, 14.5673118 ], [ 121.0387252, 14.5672904 ], [ 121.0385455, 14.5672488 ], [ 121.0383779, 14.5672086 ], [ 121.0382263, 14.5671645 ], [ 121.0377279, 14.5669977 ] ], [ [ 121.0377279, 14.5669977 ], [ 121.0375118, 14.5669261 ] ], [ [ 121.0375118, 14.5669261 ], [ 121.0373696, 14.5668852 ], [ 121.036897, 14.566745 ] ], [ [ 121.036897, 14.566745 ], [ 121.0366884, 14.5667203 ] ], [ [ 121.0366884, 14.5667203 ], [ 121.0365003, 14.5667205 ] ], [ [ 121.0365003, 14.5667205 ], [ 121.0361986, 14.566731 ], [ 121.0357098, 14.5667715 ], [ 121.0350914, 14.5668344 ], [ 121.0345937, 14.5669211 ], [ 121.0345139, 14.5669244 ], [ 121.0343331, 14.5669189 ] ], [ [ 121.0343331, 14.5669189 ], [ 121.034114, 14.5668972 ] ], [ [ 121.034114, 14.5668972 ], [ 121.0338824, 14.5668843 ], [ 121.0337676, 14.5669119 ], [ 121.0336656, 14.5669392 ], [ 121.0335785, 14.5669909 ], [ 121.0334791, 14.5670701 ], [ 121.0333057, 14.5672095 ], [ 121.0329518, 14.5675245 ], [ 121.0329345, 14.5675397 ] ], [ [ 121.0329345, 14.5675397 ], [ 121.032874, 14.567597 ], [ 121.0327694, 14.5676194 ], [ 121.0326571, 14.5676006 ], [ 121.0325606, 14.567547 ] ], [ [ 121.0325606, 14.567547 ], [ 121.0324932, 14.5675325 ], [ 121.0322768, 14.56748 ], [ 121.0319652, 14.5674146 ], [ 121.0318855, 14.5673979 ], [ 121.0317649, 14.5673929 ], [ 121.0316261, 14.5674053 ], [ 121.0314645, 14.567437 ] ], [ [ 121.0314645, 14.567437 ], [ 121.0313133, 14.5674875 ], [ 121.0311073, 14.567569 ], [ 121.0308123, 14.5676738 ], [ 121.0307287, 14.5677035 ] ], [ [ 121.0307287, 14.5677035 ], [ 121.0306375, 14.5677344 ] ], [ [ 121.0306375, 14.5677344 ], [ 121.0305599, 14.56776 ], [ 121.0302173, 14.5678709 ], [ 121.0301573, 14.5678933 ], [ 121.0296924, 14.5680438 ], [ 121.0290703, 14.5682343 ], [ 121.0285924, 14.5683794 ], [ 121.0284641, 14.5684207 ], [ 121.0280719, 14.5685438 ] ], [ [ 121.0280719, 14.5685438 ], [ 121.0280021, 14.5685666 ], [ 121.0275981, 14.5686918 ] ], [ [ 121.0275981, 14.5686918 ], [ 121.027162, 14.5688316 ] ], [ [ 121.027162, 14.5688316 ], [ 121.0268148, 14.5689398 ], [ 121.0266866, 14.568979 ], [ 121.0265406, 14.5690226 ], [ 121.0263572, 14.5690737 ], [ 121.0260467, 14.5691659 ], [ 121.0257366, 14.5692572 ], [ 121.0255825, 14.5693032 ], [ 121.0253819, 14.5693589 ], [ 121.0250723, 14.5694585 ], [ 121.0249905, 14.5694838 ], [ 121.0246869, 14.5695836 ], [ 121.024589, 14.5696158 ] ], [ [ 121.024589, 14.5696158 ], [ 121.0245077, 14.5696423 ], [ 121.0241088, 14.569773 ], [ 121.0233819, 14.5700113 ], [ 121.023278, 14.570045 ], [ 121.0231442, 14.5700854 ], [ 121.0227286, 14.570214 ], [ 121.0226705, 14.570233 ], [ 121.0225855, 14.5702612 ], [ 121.0221928, 14.5703851 ], [ 121.0221245, 14.5704006 ] ], [ [ 121.0221245, 14.5704006 ], [ 121.0219549, 14.5704444 ] ], [ [ 121.0219549, 14.5704444 ], [ 121.021622, 14.5705452 ], [ 121.0215267, 14.5705775 ], [ 121.0214252, 14.5706035 ], [ 121.0213094, 14.5706395 ], [ 121.0210686, 14.5707145 ], [ 121.0207787, 14.5707935 ], [ 121.0205732, 14.5708519 ], [ 121.0204478, 14.5708735 ], [ 121.0203882, 14.5708901 ], [ 121.0199765, 14.5709768 ], [ 121.0199464, 14.5709855 ], [ 121.0198278, 14.5710113 ], [ 121.0197831, 14.5710208 ], [ 121.0196972, 14.5710339 ], [ 121.0194226, 14.5710909 ], [ 121.0193591, 14.5711057 ] ], [ [ 121.0193591, 14.5711057 ], [ 121.0190709, 14.5711583 ], [ 121.0189712, 14.5711748 ] ], [ [ 121.0189712, 14.5711748 ], [ 121.0189024, 14.5711887 ], [ 121.0185474, 14.5712636 ] ], [ [ 121.0185474, 14.5712636 ], [ 121.0182465, 14.5713197 ], [ 121.0181455, 14.5713386 ], [ 121.0177777, 14.5714012 ] ], [ [ 121.0177777, 14.5714012 ], [ 121.0174385, 14.5714614 ], [ 121.0173502, 14.5714756 ] ], [ [ 121.0173502, 14.5714756 ], [ 121.0172613, 14.5714931 ], [ 121.016781, 14.5715789 ], [ 121.0163577, 14.5716534 ], [ 121.0162928, 14.5716628 ], [ 121.0162353, 14.5716735 ] ], [ [ 121.0162353, 14.5716735 ], [ 121.016148, 14.5716908 ], [ 121.0159207, 14.5717258 ] ], [ [ 121.0159207, 14.5717258 ], [ 121.0158003, 14.5717481 ], [ 121.0157854, 14.5717718 ], [ 121.0157828, 14.5718049 ], [ 121.0157923, 14.5718553 ] ], [ [ 121.0157923, 14.5718553 ], [ 121.0158698, 14.5720307 ], [ 121.0159566, 14.5723258 ] ], [ [ 121.0159566, 14.5723258 ], [ 121.0161026, 14.5728614 ] ], [ [ 121.0161026, 14.5728614 ], [ 121.0161922, 14.5731975 ] ], [ [ 121.0161922, 14.5731975 ], [ 121.0160416, 14.573237 ] ], [ [ 121.0160416, 14.573237 ], [ 121.015978, 14.5729926 ], [ 121.0158348, 14.5724425 ], [ 121.0157531, 14.5721715 ] ], [ [ 121.0157531, 14.5721715 ], [ 121.0156735, 14.5718914 ], [ 121.0156568, 14.5717699 ] ], [ [ 121.0156568, 14.5717699 ], [ 121.0154585, 14.5718043 ], [ 121.0151753, 14.5718688 ] ], [ [ 121.0151753, 14.5718688 ], [ 121.0149153, 14.5719346 ], [ 121.0148125, 14.571969 ] ], [ [ 121.0148125, 14.571969 ], [ 121.0143821, 14.5722101 ], [ 121.014125, 14.572363 ], [ 121.0139857, 14.5724523 ], [ 121.0139219, 14.572501 ] ], [ [ 121.0139219, 14.572501 ], [ 121.0138553, 14.5725514 ] ], [ [ 121.0138553, 14.5725514 ], [ 121.0137276, 14.5726549 ], [ 121.0136285, 14.5727457 ], [ 121.0135571, 14.5728309 ], [ 121.0135173, 14.5728996 ], [ 121.0134661, 14.5730119 ], [ 121.013324, 14.5733023 ], [ 121.0132764, 14.5733946 ], [ 121.0132022, 14.5735584 ] ], [ [ 121.0132022, 14.5735584 ], [ 121.0130512, 14.5738581 ], [ 121.0129757, 14.5739927 ], [ 121.0129309, 14.5740671 ], [ 121.0128786, 14.5741387 ], [ 121.0128655, 14.5741567 ], [ 121.0128341, 14.5741942 ], [ 121.0128219, 14.5742124 ], [ 121.0127513, 14.574303 ] ], [ [ 121.0126253, 14.5741751 ], [ 121.0127513, 14.574303 ] ] ] } },
{ "type": "Feature", "properties": { "route_id": "LTFRB_PUJ1237", "osm_relation_id": 11533209, "osm_relation_name": "Cubao/Arayat–V. Luna via Ybardolaza", "osm_relation_timestamp": "2026-08-06T05:13:38Z", "geometry_source": "osm_relation" }, "geometry": { "type": "MultiLineString", "coordinates": [ [ [ 121.0485967, 14.6192661 ], [ 121.048429, 14.619339 ], [ 121.0480284, 14.6195274 ], [ 121.0479674, 14.6195593 ], [ 121.0476885, 14.6196886 ], [ 121.0476116, 14.6197323 ] ], [ [ 121.0455393, 14.6172141 ], [ 121.0462563, 14.6180991 ], [ 121.0466465, 14.6185661 ], [ 121.0467046, 14.6186376 ], [ 121.0468759, 14.6188485 ], [ 121.0470906, 14.6190962 ], [ 121.0472747, 14.6193167 ], [ 121.0476116, 14.6197323 ] ], [ [ 121.0455393, 14.6172141 ], [ 121.0453405, 14.6173358 ], [ 121.0453135, 14.6173519 ], [ 121.0451537, 14.6174502 ], [ 121.0447592, 14.6176917 ] ], [ [ 121.0447592, 14.6176917 ], [ 121.0448573, 14.617967 ], [ 121.0448977, 14.6180879 ] ], [ [ 121.0448977, 14.6180879 ], [ 121.0448091, 14.6181781 ], [ 121.044618, 14.6184986 ], [ 121.0443876, 14.6189157 ], [ 121.04413, 14.619355 ], [ 121.0440909, 14.6194217 ], [ 121.0440164, 14.6195488 ], [ 121.0436685, 14.6201253 ], [ 121.0433916, 14.6206009 ], [ 121.043317, 14.6207229 ] ], [ [ 121.043317, 14.6207229 ], [ 121.0430181, 14.6212179 ], [ 121.0429676, 14.6213055 ] ], [ [ 121.0429676, 14.6213055 ], [ 121.0436761, 14.6219868 ], [ 121.0438479, 14.6221291 ] ], [ [ 121.0450775, 14.6231219 ], [ 121.0450155, 14.623067 ], [ 121.0445638, 14.6226556 ], [ 121.044493, 14.6226036 ], [ 121.0438479, 14.6221291 ] ], [ [ 121.0450775, 14.6231219 ], [ 121.0449922, 14.6231657 ], [ 121.0445035, 14.6234165 ], [ 121.0443904, 14.6234745 ], [ 121.044211, 14.6235666 ], [ 121.0437891, 14.6237831 ], [ 121.0432908, 14.6240391 ], [ 121.0432707, 14.6240492 ], [ 121.0431871, 14.6240921 ], [ 121.0428405, 14.62427 ], [ 121.0426207, 14.6243765 ], [ 121.0425642, 14.6244021 ], [ 121.0424368, 14.6244525 ], [ 121.042312, 14.6244952 ], [ 121.0421359, 14.6245565 ], [ 121.0420823, 14.6245765 ], [ 121.0419126, 14.6246143 ], [ 121.0416591, 14.6246639 ], [ 121.0415164, 14.6246839 ], [ 121.0413297, 14.6247049 ], [ 121.0411539, 14.6247128 ], [ 121.0409042, 14.6247109 ], [ 121.0406616, 14.6246956 ], [ 121.0404018, 14.6246734 ], [ 121.0402275, 14.6246584 ], [ 121.040147, 14.6246515 ], [ 121.0400846, 14.6246462 ] ], [ [ 121.0394595, 14.6260134 ], [ 121.0395707, 14.6256735 ], [ 121.0396289, 14.6255415 ], [ 121.0397245, 14.6253441 ], [ 121.0399262, 14.6249707 ], [ 121.0400442, 14.6247677 ], [ 121.040069, 14.6247073 ], [ 121.0400846, 14.6246462 ] ], [ [ 121.0394595, 14.6260134 ], [ 121.0393963, 14.6262097 ] ], [ [ 121.0390201, 14.6274522 ], [ 121.0391184, 14.6271194 ], [ 121.0392201, 14.626772 ], [ 121.0393865, 14.6262442 ], [ 121.0393963, 14.6262097 ] ], [ [ 121.0389108, 14.6278094 ], [ 121.0390201, 14.6274522 ] ], [ [ 121.0387994, 14.628165 ], [ 121.0389108, 14.6278094 ] ], [ [ 121.0386393, 14.6286853 ], [ 121.0386736, 14.6285797 ], [ 121.0387994, 14.628165 ] ], [ [ 121.0386049, 14.628803 ], [ 121.0386231, 14.6287486 ], [ 121.0386393, 14.6286853 ] ], [ [ 121.0385725, 14.6289158 ], [ 121.0386049, 14.628803 ] ], [ [ 121.0395659, 14.6339272 ], [ 121.0394956, 14.6336384 ], [ 121.0393768, 14.6331245 ], [ 121.0392111, 14.6323825 ], [ 121.0390843, 14.6318368 ], [ 121.0390405, 14.6316548 ], [ 121.0390227, 14.6315735 ], [ 121.0389556, 14.6313105 ], [ 121.0388394, 14.6307723 ], [ 121.0387203, 14.630272 ], [ 121.0386194, 14.6298483 ], [ 121.0385982, 14.6297379 ], [ 121.0385788, 14.6296424 ], [ 121.0385239, 14.6293824 ], [ 121.0385092, 14.6292871 ], [ 121.0385074, 14.6292109 ], [ 121.0385116, 14.6291391 ], [ 121.0385298, 14.6290586 ], [ 121.0385725, 14.6289158 ] ], [ [ 121.0395659, 14.6339272 ], [ 121.0398576, 14.6338639 ], [ 121.0409662, 14.6336235 ], [ 121.0409969, 14.6336142 ] ], [ [ 121.0409969, 14.6336142 ], [ 121.0411681, 14.6335767 ] ], [ [ 121.0411681, 14.6335767 ], [ 121.0412488, 14.6335594 ] ], [ [ 121.0412488, 14.6335594 ], [ 121.0412818, 14.6335532 ] ], [ [ 121.0412818, 14.6335532 ], [ 121.0413167, 14.6335478 ] ], [ [ 121.0413167, 14.6335478 ], [ 121.0414722, 14.6335164 ], [ 121.0416488, 14.6334763 ] ], [ [ 121.0416488, 14.6334763 ], [ 121.0418618, 14.6334311 ] ], [ [ 121.0418618, 14.6334311 ], [ 121.0422256, 14.6333517 ], [ 121.0425291, 14.6332877 ] ], [ [ 121.0425291, 14.6332877 ], [ 121.0427486, 14.633242 ], [ 121.0430342, 14.6331735 ], [ 121.0430987, 14.6331607 ], [ 121.043373, 14.6330946 ], [ 121.043474, 14.6330732 ], [ 121.0435113, 14.6330673 ] ], [ [ 121.0435113, 14.6330673 ], [ 121.0435807, 14.6330146 ], [ 121.0437084, 14.6329831 ], [ 121.0439997, 14.6329286 ], [ 121.0441367, 14.632903 ] ], [ [ 121.0441367, 14.632903 ], [ 121.0442249, 14.6328969 ], [ 121.0442969, 14.6328983 ], [ 121.0443568, 14.6329074 ], [ 121.0444163, 14.6329224 ], [ 121.0445045, 14.6329628 ], [ 121.0445936, 14.6330079 ] ], [ [ 121.0445936, 14.6330079 ], [ 121.0447602, 14.6330906 ] ], [ [ 121.0447602, 14.6330906 ], [ 121.0447685, 14.6330947 ] ], [ [ 121.0447685, 14.6330947 ], [ 121.0448912, 14.6331536 ] ], [ [ 121.0448912, 14.6331536 ], [ 121.0449491, 14.6331861 ], [ 121.0449895, 14.6332172 ], [ 121.0450194, 14.6332458 ], [ 121.0450512, 14.6332847 ], [ 121.0450825, 14.6333226 ], [ 121.0451135, 14.6333728 ], [ 121.0451645, 14.6334799 ] ], [ [ 121.0451645, 14.6334799 ], [ 121.0451936, 14.6335413 ], [ 121.0452038, 14.6335802 ], [ 121.0452313, 14.6336802 ], [ 121.0452496, 14.6337571 ], [ 121.0452765, 14.6338752 ], [ 121.0454198, 14.6345185 ], [ 121.0455545, 14.6350971 ] ], [ [ 121.0455545, 14.6350971 ], [ 121.0456193, 14.6354138 ], [ 121.0456351, 14.6354782 ], [ 121.04564, 14.6354984 ], [ 121.0456573, 14.6355689 ] ], [ [ 121.0456573, 14.6355689 ], [ 121.0456803, 14.6356732 ], [ 121.045804, 14.6362167 ], [ 121.0460182, 14.6370968 ], [ 121.0460895, 14.6373864 ] ], [ [ 121.0460895, 14.6373864 ], [ 121.0462265, 14.6380007 ] ], [ [ 121.0462265, 14.6380007 ], [ 121.0464548, 14.6389904 ], [ 121.046483, 14.6391147 ] ], [ [ 121.046483, 14.6391147 ], [ 121.0466237, 14.6397178 ], [ 121.0467375, 14.6402056 ], [ 121.0468362, 14.6406284 ], [ 121.0468809, 14.6408202 ] ], [ [ 121.0468809, 14.6408202 ], [ 121.0469542, 14.6408044 ], [ 121.0477684, 14.6406297 ], [ 121.0479511, 14.6405897 ], [ 121.0481622, 14.6405435 ], [ 121.0483462, 14.6404971 ], [ 121.0487149, 14.6404147 ], [ 121.0493935, 14.6402953 ] ], [ [ 121.0493935, 14.6402953 ], [ 121.0490444, 14.6389036 ], [ 121.0487291, 14.6374602 ] ], [ [ 121.0487291, 14.6374602 ], [ 121.0490763, 14.6373834 ], [ 121.0492879, 14.6373366 ], [ 121.0497712, 14.637229 ], [ 121.0498485, 14.6372106 ], [ 121.050477, 14.6370738 ], [ 121.0513412, 14.6368884 ], [ 121.0514922, 14.636854 ], [ 121.0520562, 14.6367355 ], [ 121.0521082, 14.6367241 ], [ 121.0522981, 14.6366814 ] ], [ [ 121.0522981, 14.6366814 ], [ 121.0526143, 14.6366102 ] ] ] } },
{ "type": "Feature", "properties": { "route_id": "LTFRB_PUJ2263", "osm_relation_id": 19815168, "osm_relation_name": "Quirino Highway–Santa Lucia", "osm_relation_timestamp": "2026-08-06T05:13:38Z", "geometry_source": "osm_relation" }, "geometry": { "type": "MultiLineString", "coordinates": [ [ [ 121.0528188, 14.705844 ], [ 121.052858, 14.7058157 ] ], [ [ 121.052858, 14.7058157 ], [ 121.0528073, 14.7057473 ], [ 121.0525704, 14.7053742 ], [ 121.0523566, 14.705067 ], [ 121.0523086, 14.7050232 ], [ 121.0522333, 14.7049921 ], [ 121.0511053, 14.7046103 ], [ 121.0508194, 14.7045119 ] ], [ [ 121.0508194, 14.7045119 ], [ 121.0507063, 14.704473 ] ], [ [ 121.0507063, 14.704473 ], [ 121.0506565, 14.7044558 ] ], [ [ 121.0506565, 14.7044558 ], [ 121.0505135, 14.7044066 ], [ 121.0504409, 14.704395 ], [ 121.0502828, 14.7043916 ], [ 121.0498639, 14.70438 ], [ 121.0492091, 14.7043587 ], [ 121.0490289, 14.7043545 ], [ 121.048892, 14.7043512 ], [ 121.0488009, 14.704349 ], [ 121.0487358, 14.7043474 ], [ 121.0484864, 14.7043392 ], [ 121.0483672, 14.704349 ], [ 121.0483455, 14.7043508 ], [ 121.0481753, 14.7043874 ], [ 121.0480683, 14.7044249 ], [ 121.0480225, 14.7044324 ], [ 121.0479491, 14.7044444 ], [ 121.0478266, 14.7044465 ], [ 121.0472965, 14.7044345 ], [ 121.0472309, 14.7044324 ], [ 121.0471822, 14.7044207 ], [ 121.0471434, 14.7043973 ], [ 121.0471056, 14.704372 ] ], [ [ 121.0460741, 14.7055095 ], [ 121.0460966, 14.7051834 ], [ 121.0460953, 14.705149 ], [ 121.0461033, 14.7051088 ], [ 121.0461188, 14.7050692 ], [ 121.0461431, 14.7050186 ], [ 121.0461809, 14.7049586 ], [ 121.0463025, 14.7047255 ], [ 121.0464419, 14.7044942 ], [ 121.0465169, 14.704404 ], [ 121.0466153, 14.7043421 ], [ 121.0467438, 14.7042986 ], [ 121.0468684, 14.7042805 ], [ 121.0469616, 14.7042819 ], [ 121.0470327, 14.7043097 ], [ 121.0470783, 14.7043461 ], [ 121.0471056, 14.704372 ] ], [ [ 121.0460741, 14.7055095 ], [ 121.0456525, 14.7054938 ], [ 121.0452518, 14.7054668 ] ], [ [ 121.0452518, 14.7054668 ], [ 121.0445283, 14.7054608 ], [ 121.0443684, 14.7054586 ], [ 121.044178, 14.7054565 ], [ 121.0439973, 14.7054545 ], [ 121.0431597, 14.7054329 ], [ 121.0427438, 14.7054225 ] ], [ [ 121.0427497, 14.7075085 ], [ 121.0427444, 14.7072016 ], [ 121.0427453, 14.7068075 ], [ 121.0427462, 14.7064051 ], [ 121.0427391, 14.7060179 ], [ 121.0427343, 14.7057866 ], [ 121.0427438, 14.7054225 ] ], [ [ 121.0426205, 14.7086742 ], [ 121.0426546, 14.7084775 ], [ 121.0426894, 14.7082826 ], [ 121.0427304, 14.7079665 ], [ 121.0427351, 14.7079172 ], [ 121.0427371, 14.7078646 ], [ 121.0427497, 14.7075085 ] ], [ [ 121.0426205, 14.7086742 ], [ 121.0423398, 14.7086715 ], [ 121.041954, 14.7086721 ], [ 121.0415365, 14.7086727 ] ], [ [ 121.0415365, 14.7086727 ], [ 121.0415358, 14.708277 ] ], [ [ 121.0415358, 14.708277 ], [ 121.0404146, 14.7082844 ] ], [ [ 121.0404146, 14.7082844 ], [ 121.0402856, 14.7083491 ], [ 121.0401837, 14.7083783 ], [ 121.0400832, 14.708392 ], [ 121.0397112, 14.7084253 ] ], [ [ 121.0397112, 14.7084253 ], [ 121.0397115, 14.7086001 ] ] ] } },
{ "type": "Feature", "properties": { "route_id": "LTFRB_PUJ1924", "osm_relation_id": 5475297, "osm_relation_name": "L. Guinto–Santa Ana", "osm_relation_timestamp": "2026-08-06T05:13:38Z", "geometry_source": "osm_relation" }, "geometry": { "type": "MultiLineString", "coordinates": [ [ [ 121.0218815, 14.5884621 ], [ 121.0217252, 14.588343 ], [ 121.021251, 14.5878849 ], [ 121.0211294, 14.5877675 ], [ 121.0207295, 14.5873793 ] ], [ [ 121.0207295, 14.5873793 ], [ 121.0203506, 14.5870297 ] ], [ [ 121.0203506, 14.5870297 ], [ 121.0192414, 14.5860357 ] ], [ [ 121.0192414, 14.5860357 ], [ 121.0191435, 14.5859391 ], [ 121.019074, 14.5858553 ], [ 121.0190062, 14.5857619 ] ], [ [ 121.0133321, 14.5821129 ], [ 121.0133665, 14.5821483 ], [ 121.0134152, 14.5821846 ], [ 121.013563, 14.5822731 ], [ 121.0137292, 14.5823727 ], [ 121.0137535, 14.5823857 ], [ 121.0139483, 14.5824932 ], [ 121.0139723, 14.5825025 ], [ 121.0141436, 14.5825979 ], [ 121.0143096, 14.5826892 ], [ 121.0144749, 14.5827771 ], [ 121.0148507, 14.5829845 ], [ 121.015082, 14.5831122 ], [ 121.0152544, 14.5832073 ], [ 121.015433, 14.5833059 ], [ 121.0154832, 14.5833336 ], [ 121.0155107, 14.5833485 ], [ 121.0156868, 14.5834488 ], [ 121.0160029, 14.5836224 ], [ 121.0160428, 14.5836493 ], [ 121.0160487, 14.5836526 ], [ 121.0161169, 14.5836905 ], [ 121.0161753, 14.5837228 ], [ 121.0162757, 14.5837786 ], [ 121.0163888, 14.5838414 ], [ 121.0165094, 14.5839083 ], [ 121.0166181, 14.5839686 ], [ 121.0166488, 14.5839857 ], [ 121.0168574, 14.5841015 ], [ 121.0168917, 14.5841222 ], [ 121.0169497, 14.5841571 ], [ 121.0170089, 14.5841923 ], [ 121.0172355, 14.5843259 ], [ 121.0175023, 14.5845053 ], [ 121.01762, 14.5845869 ], [ 121.0177873, 14.5847029 ], [ 121.017849, 14.5847457 ], [ 121.0179495, 14.5848263 ], [ 121.0181528, 14.5850022 ], [ 121.0190062, 14.5857619 ] ], [ [ 121.0132794, 14.5819458 ], [ 121.0132853, 14.5820335 ], [ 121.0133321, 14.5821129 ] ], [ [ 121.0132794, 14.5819458 ], [ 121.0130555, 14.5818729 ], [ 121.012853, 14.5818004 ], [ 121.0124303, 14.5816678 ], [ 121.0122123, 14.5816008 ], [ 121.0118507, 14.5814897 ], [ 121.0112973, 14.5813207 ], [ 121.0112587, 14.5813108 ], [ 121.011086, 14.5812603 ], [ 121.0108352, 14.5811901 ], [ 121.0107745, 14.5811558 ], [ 121.0107404, 14.581111 ], [ 121.0106824, 14.5810387 ] ], [ [ 121.0106425, 14.5810257 ], [ 121.0106824, 14.5810387 ] ], [ [ 121.0099976, 14.5808362 ], [ 121.0100348, 14.5808472 ], [ 121.010214, 14.5809002 ], [ 121.0102948, 14.5809241 ], [ 121.010351, 14.5809407 ], [ 121.0106425, 14.5810257 ] ], [ [ 121.0082003, 14.5803321 ], [ 121.0082464, 14.5803462 ], [ 121.0086918, 14.5804683 ], [ 121.0090086, 14.5805551 ], [ 121.0090731, 14.5805728 ], [ 121.009164, 14.5805977 ], [ 121.0092694, 14.5806266 ], [ 121.0095335, 14.5806989 ], [ 121.0099976, 14.5808362 ] ], [ [ 121.0075547, 14.5801719 ], [ 121.0077427, 14.5802174 ], [ 121.0082003, 14.5803321 ] ], [ [ 121.0074266, 14.5801409 ], [ 121.0074786, 14.5801535 ], [ 121.0075547, 14.5801719 ] ], [ [ 121.0049388, 14.5795579 ], [ 121.0050744, 14.5795897 ], [ 121.0051548, 14.5796085 ], [ 121.0055488, 14.5797008 ], [ 121.0056545, 14.5797256 ], [ 121.0058347, 14.5797678 ], [ 121.0060983, 14.5798296 ], [ 121.0065751, 14.5799414 ], [ 121.0067067, 14.5799722 ], [ 121.0067725, 14.5799876 ], [ 121.0071091, 14.5800665 ], [ 121.0072643, 14.5801029 ], [ 121.0074266, 14.5801409 ] ], [ [ 121.0043204, 14.5794174 ], [ 121.0043376, 14.5794218 ], [ 121.0047228, 14.5795103 ], [ 121.0049388, 14.5795579 ] ], [ [ 121.0042138, 14.5793922 ], [ 121.0043204, 14.5794174 ] ], [ [ 120.9995841, 14.5786958 ], [ 121.0001564, 14.5787124 ], [ 121.0006224, 14.5787306 ], [ 121.0008766, 14.5787384 ], [ 121.0011335, 14.57875 ], [ 121.0011866, 14.5787521 ], [ 121.0014505, 14.5787681 ], [ 121.0016118, 14.5787907 ], [ 121.0018436, 14.5788415 ], [ 121.0022143, 14.5789296 ], [ 121.0024232, 14.5789737 ], [ 121.0025648, 14.5790037 ], [ 121.0031472, 14.5791388 ], [ 121.0032216, 14.5791569 ], [ 121.0032662, 14.5791673 ], [ 121.0035201, 14.579228 ], [ 121.003891, 14.5793158 ], [ 121.0041929, 14.5793872 ], [ 121.0042138, 14.5793922 ] ], [ [ 120.9987493, 14.5786991 ], [ 120.9987916, 14.5786964 ], [ 120.9988464, 14.5786934 ], [ 120.9988932, 14.5786909 ], [ 120.9989442, 14.5786881 ], [ 120.9990346, 14.5786832 ], [ 120.9990989, 14.5786819 ], [ 120.9995841, 14.5786958 ] ], [ [ 120.9987493, 14.5786991 ], [ 120.9987288, 14.5787239 ], [ 120.9987106, 14.5787504 ], [ 120.9986949, 14.5787784 ], [ 120.998682, 14.5788077 ], [ 120.9986718, 14.5788379 ], [ 120.9986644, 14.578869 ], [ 120.99866, 14.5789005 ], [ 120.9986586, 14.5789323 ], [ 120.9986601, 14.5789641 ], [ 120.9986646, 14.5789957 ], [ 120.998672, 14.5790267 ] ], [ [ 120.998672, 14.5790267 ], [ 120.999068, 14.5795169 ] ], [ [ 120.999068, 14.5795169 ], [ 120.9991576, 14.5796254 ] ], [ [ 120.9991576, 14.5796254 ], [ 120.9992344, 14.5798154 ], [ 121.0001422, 14.581008 ], [ 121.0001463, 14.5810331 ], [ 121.0001343, 14.5810549 ], [ 121.0000681, 14.5810979 ] ], [ [ 121.0000681, 14.5810979 ], [ 120.9999682, 14.5811359 ], [ 120.9998631, 14.5811569 ], [ 120.9997558, 14.5811604 ], [ 120.999683, 14.5811527 ], [ 120.9996116, 14.5811369 ], [ 120.9995426, 14.5811131 ], [ 120.9994768, 14.5810818 ], [ 120.9994153, 14.5810433 ] ], [ [ 120.9994153, 14.5810433 ], [ 120.9993464, 14.5809941 ], [ 120.9992947, 14.5809461 ], [ 120.9992324, 14.5808749 ], [ 120.9991739, 14.580769 ], [ 120.9991382, 14.5806713 ], [ 120.9991072, 14.5805398 ], [ 120.999095, 14.5803997 ], [ 120.9991068, 14.5802926 ], [ 120.9991268, 14.5802087 ], [ 120.9991472, 14.5801231 ], [ 120.9991572, 14.5800814 ] ], [ [ 120.9991572, 14.5800814 ], [ 120.9991601, 14.5800441 ], [ 120.9991548, 14.5799854 ], [ 120.9991308, 14.5799022 ] ], [ [ 120.9991308, 14.5799022 ], [ 120.9991072, 14.5798583 ], [ 120.9990079, 14.5797163 ], [ 120.9988517, 14.579517 ] ], [ [ 120.9988517, 14.579517 ], [ 120.9987676, 14.5795139 ], [ 120.9982841, 14.579496 ], [ 120.9981987, 14.579492 ], [ 120.9977337, 14.5794782 ], [ 120.9974587, 14.5794747 ], [ 120.9973906, 14.5794739 ] ], [ [ 120.9973906, 14.5794739 ], [ 120.9974302, 14.5789105 ], [ 120.9973861, 14.578803 ] ], [ [ 120.9959255, 14.5788038 ], [ 120.9966057, 14.578848 ], [ 120.997238, 14.5788163 ], [ 120.9973861, 14.578803 ] ], [ [ 120.9938445, 14.5783962 ], [ 120.9938564, 14.5784004 ], [ 120.9945412, 14.5785998 ], [ 120.9948883, 14.5786816 ], [ 120.99515, 14.5787343 ], [ 120.9952356, 14.5787515 ], [ 120.9953129, 14.5787573 ], [ 120.9959255, 14.5788038 ] ], [ [ 120.9936692, 14.5783442 ], [ 120.9938445, 14.5783962 ] ], [ [ 120.9932673, 14.5782045 ], [ 120.9933784, 14.5782431 ], [ 120.9936692, 14.5783442 ] ], [ [ 120.9921004, 14.5777247 ], [ 120.992146, 14.5777455 ], [ 120.9927953, 14.5780158 ], [ 120.9929861, 14.5780903 ], [ 120.9930963, 14.5781334 ] ], [ [ 120.9911499, 14.5773233 ], [ 120.9916955, 14.5775537 ], [ 120.9921004, 14.5777247 ] ], [ [ 120.9907172, 14.5771198 ], [ 120.9911499, 14.5773233 ] ], [ [ 120.9904818, 14.5770144 ], [ 120.9907172, 14.5771198 ] ], [ [ 120.9904818, 14.5770144 ], [ 120.9906099, 14.576785 ] ], [ [ 120.9906099, 14.576785 ], [ 120.9908174, 14.5764288 ], [ 120.990891, 14.5763025 ], [ 120.9910134, 14.5760924 ], [ 120.991149, 14.5758572 ], [ 120.9916962, 14.574854 ] ], [ [ 120.9916962, 14.574854 ], [ 120.9913622, 14.5746788 ], [ 120.9910326, 14.5745069 ] ], [ [ 120.9910326, 14.5745069 ], [ 120.9907161, 14.5743357 ], [ 120.9903985, 14.5741678 ] ], [ [ 120.9903985, 14.5741678 ], [ 120.98984, 14.5751374 ], [ 120.9898265, 14.5751609 ] ], [ [ 120.9898265, 14.5751609 ], [ 120.9898107, 14.5751888 ], [ 120.9893687, 14.5759711 ], [ 120.9892554, 14.5761715 ] ] ] } },
{ "type": "Feature", "properties": { "route_id": "LTFRB_PUJ1514", "osm_relation_id": 5407772, "osm_relation_name": "Pantranco–Project 2 & 3 via Timog, Kamuning", "osm_relation_timestamp": "2026-08-06T05:13:38Z", "geometry_source": "osm_relation" }, "geometry": { "type": "MultiLineString", "coordinates": [ [ [ 121.0205733, 14.633634 ], [ 121.0216652, 14.6343083 ] ], [ [ 121.0216652, 14.6343083 ], [ 121.0219089, 14.6344588 ], [ 121.0222252, 14.6346542 ], [ 121.0225667, 14.634865 ], [ 121.0230517, 14.6351645 ], [ 121.0231523, 14.6352265 ], [ 121.0234589, 14.6354159 ], [ 121.0242163, 14.6358836 ], [ 121.0242918, 14.6359303 ], [ 121.0252101, 14.6364973 ], [ 121.0257109, 14.6367991 ] ], [ [ 121.0257109, 14.6367991 ], [ 121.0261578, 14.636784 ], [ 121.0263847, 14.6367779 ] ], [ [ 121.0263847, 14.6367779 ], [ 121.0264618, 14.6367485 ], [ 121.0265663, 14.6367185 ], [ 121.0266473, 14.6366976 ], [ 121.0267289, 14.6366784 ], [ 121.0268132, 14.636663 ], [ 121.0268823, 14.636653 ], [ 121.0269587, 14.636647 ], [ 121.0270601, 14.6366694 ] ], [ [ 121.0270601, 14.6366694 ], [ 121.0271944, 14.636643 ], [ 121.0272402, 14.6366341 ], [ 121.0272671, 14.6366288 ], [ 121.027598, 14.6365639 ], [ 121.0276901, 14.6365459 ], [ 121.02801, 14.6364832 ] ], [ [ 121.02801, 14.6364832 ], [ 121.0287758, 14.636323 ], [ 121.0290175, 14.6362698 ], [ 121.0291279, 14.6362428 ] ], [ [ 121.0291279, 14.6362428 ], [ 121.0292743, 14.6362113 ], [ 121.0297845, 14.6361002 ] ], [ [ 121.0297845, 14.6361002 ], [ 121.0298203, 14.6360943 ], [ 121.0300397, 14.6360451 ], [ 121.0311725, 14.6357976 ] ], [ [ 121.0311725, 14.6357976 ], [ 121.0312657, 14.635777 ], [ 121.0313943, 14.6357471 ], [ 121.0314861, 14.6357292 ] ], [ [ 121.0314861, 14.6357292 ], [ 121.0321342, 14.6355892 ], [ 121.0322859, 14.6355586 ], [ 121.0328891, 14.6354216 ], [ 121.0329504, 14.6354097 ] ], [ [ 121.0329504, 14.6354097 ], [ 121.0331222, 14.6353726 ] ], [ [ 121.0331222, 14.6353726 ], [ 121.0331635, 14.6353652 ], [ 121.0332389, 14.6353459 ] ], [ [ 121.0332389, 14.6353459 ], [ 121.0333503, 14.635318 ], [ 121.0348321, 14.6349868 ] ], [ [ 121.0348321, 14.6349868 ], [ 121.0349609, 14.6349181 ], [ 121.0350637, 14.634845 ], [ 121.0351532, 14.6347571 ] ], [ [ 121.0351532, 14.6347571 ], [ 121.0351688, 14.6347335 ], [ 121.0351866, 14.6347112 ], [ 121.0352056, 14.634691 ] ], [ [ 121.0352056, 14.634691 ], [ 121.0352325, 14.6345621 ], [ 121.0352353, 14.6344915 ], [ 121.0352376, 14.6344323 ], [ 121.0352425, 14.6342948 ] ], [ [ 121.0351817, 14.6340359 ], [ 121.0352425, 14.6342948 ] ], [ [ 121.0340544, 14.6291511 ], [ 121.0340768, 14.6292621 ], [ 121.0341711, 14.6296622 ], [ 121.0341909, 14.6297465 ], [ 121.0342796, 14.6301356 ], [ 121.0342887, 14.6301769 ], [ 121.0342947, 14.6302014 ], [ 121.0343645, 14.6305011 ], [ 121.0343783, 14.6305644 ], [ 121.0344054, 14.6306719 ], [ 121.0345264, 14.6311967 ], [ 121.0346417, 14.6317069 ], [ 121.0347659, 14.6322421 ], [ 121.0348562, 14.6326293 ], [ 121.0348866, 14.6327596 ], [ 121.03498, 14.6331815 ], [ 121.0350103, 14.6333186 ], [ 121.035136, 14.6338419 ], [ 121.0351527, 14.6339023 ], [ 121.0351817, 14.6340359 ] ], [ [ 121.0340544, 14.6291511 ], [ 121.0340008, 14.6290497 ], [ 121.0339373, 14.6287768 ], [ 121.0339311, 14.6287424 ] ], [ [ 121.0339311, 14.6287424 ], [ 121.0339063, 14.6286622 ] ], [ [ 121.0339063, 14.6286622 ], [ 121.0338916, 14.628597 ], [ 121.033852, 14.6284704 ] ], [ [ 121.033852, 14.6284704 ], [ 121.0337678, 14.6281742 ], [ 121.0337388, 14.6280514 ], [ 121.0337112, 14.6279282 ] ], [ [ 121.0337112, 14.6279282 ], [ 121.033625, 14.6275548 ] ], [ [ 121.033625, 14.6275548 ], [ 121.0335963, 14.6274276 ], [ 121.0335733, 14.6273258 ] ], [ [ 121.0335733, 14.6273258 ], [ 121.0336414, 14.6272648 ] ], [ [ 121.0336414, 14.6272648 ], [ 121.0337466, 14.6272579 ], [ 121.0338034, 14.6272624 ], [ 121.0339045, 14.6272817 ] ], [ [ 121.0339045, 14.6272817 ], [ 121.0340059, 14.627313 ], [ 121.0341256, 14.62735 ], [ 121.0342159, 14.6274061 ] ], [ [ 121.0343114, 14.6274322 ], [ 121.0342159, 14.6274061 ] ], [ [ 121.0360058, 14.6279198 ], [ 121.03515, 14.6276735 ], [ 121.0349469, 14.6276151 ], [ 121.0348135, 14.6275767 ], [ 121.0344426, 14.6274699 ], [ 121.0343114, 14.6274322 ] ], [ [ 121.0363888, 14.62803 ], [ 121.0363081, 14.6280068 ], [ 121.0360058, 14.6279198 ] ], [ [ 121.0367799, 14.6281439 ], [ 121.0364687, 14.6280532 ], [ 121.0363888, 14.62803 ] ], [ [ 121.0382185, 14.628562 ], [ 121.0381297, 14.6285369 ], [ 121.0367799, 14.6281439 ] ], [ [ 121.0383443, 14.6285994 ], [ 121.0382827, 14.6285815 ], [ 121.0382185, 14.628562 ] ], [ [ 121.0384913, 14.6286422 ], [ 121.0383443, 14.6285994 ] ], [ [ 121.0386393, 14.6286853 ], [ 121.0385789, 14.6286676 ], [ 121.0384913, 14.6286422 ] ], [ [ 121.039103, 14.6288173 ], [ 121.0387127, 14.6287062 ], [ 121.0386393, 14.6286853 ] ], [ [ 121.0457084, 14.6307056 ], [ 121.0456008, 14.6306753 ], [ 121.0455552, 14.6306622 ], [ 121.0455428, 14.6306586 ], [ 121.0448457, 14.6304582 ], [ 121.0448025, 14.6304458 ], [ 121.0446789, 14.6304102 ], [ 121.0435781, 14.6300938 ], [ 121.0435496, 14.630081 ], [ 121.0434757, 14.6300643 ], [ 121.0434555, 14.6300585 ], [ 121.0409496, 14.6293428 ], [ 121.039103, 14.6288173 ] ], [ [ 121.0458928, 14.6307641 ], [ 121.0457084, 14.6307056 ] ], [ [ 121.0460406, 14.6308091 ], [ 121.0458928, 14.6307641 ] ], [ [ 121.0460406, 14.6308091 ], [ 121.0461324, 14.6308362 ], [ 121.0461471, 14.6308404 ], [ 121.0461577, 14.6308435 ], [ 121.046646, 14.6309842 ], [ 121.0469595, 14.6310745 ], [ 121.0470933, 14.6311131 ], [ 121.0473446, 14.6311855 ], [ 121.0473796, 14.6311956 ], [ 121.0474721, 14.6312223 ], [ 121.0488679, 14.6316244 ], [ 121.0497227, 14.6318707 ] ], [ [ 121.0497227, 14.6318707 ], [ 121.0498081, 14.6318953 ] ], [ [ 121.0498081, 14.6318953 ], [ 121.0499137, 14.6319279 ], [ 121.0519744, 14.6325233 ], [ 121.0520719, 14.6325515 ] ], [ [ 121.0520719, 14.6325515 ], [ 121.0522201, 14.6325938 ], [ 121.0540566, 14.6331218 ] ], [ [ 121.0540566, 14.6331218 ], [ 121.0542377, 14.6331739 ], [ 121.05437, 14.6332163 ] ], [ [ 121.05437, 14.6332163 ], [ 121.0544525, 14.6332387 ], [ 121.0545103, 14.6332567 ], [ 121.0546464, 14.633296 ] ], [ [ 121.0546464, 14.633296 ], [ 121.0553413, 14.6334964 ], [ 121.0554776, 14.6335357 ], [ 121.0562636, 14.6337624 ], [ 121.0564237, 14.6338086 ], [ 121.056512, 14.6338341 ], [ 121.0565908, 14.6338568 ], [ 121.0566802, 14.6338826 ], [ 121.0569539, 14.6339615 ], [ 121.0574795, 14.6341131 ], [ 121.0578715, 14.6342262 ], [ 121.0578978, 14.6342338 ] ], [ [ 121.0578978, 14.6342338 ], [ 121.0584756, 14.6344004 ], [ 121.0587491, 14.6344793 ], [ 121.0588489, 14.6345081 ] ], [ [ 121.0588489, 14.6345081 ], [ 121.0588732, 14.634426 ], [ 121.0589017, 14.6343287 ], [ 121.0589322, 14.6342247 ] ], [ [ 121.0589322, 14.6342247 ], [ 121.0590069, 14.6339702 ] ], [ [ 121.0590069, 14.6339702 ], [ 121.059121, 14.6336187 ], [ 121.0591403, 14.6335595 ], [ 121.0591912, 14.6334183 ], [ 121.0592647, 14.6332862 ], [ 121.059372, 14.6331472 ], [ 121.05946, 14.6330549 ] ], [ [ 121.05946, 14.6330549 ], [ 121.0596963, 14.6328274 ], [ 121.0600654, 14.6324816 ], [ 121.0603364, 14.632202 ], [ 121.060436, 14.6320992 ] ], [ [ 121.060436, 14.6320992 ], [ 121.0605337, 14.6319862 ], [ 121.0605961, 14.6318955 ], [ 121.06061, 14.6318686 ], [ 121.0607243, 14.6316603 ], [ 121.0607964, 14.631528 ], [ 121.0609679, 14.6312133 ] ], [ [ 121.0609679, 14.6312133 ], [ 121.0609902, 14.6311709 ], [ 121.0611828, 14.6308053 ], [ 121.061399, 14.6303914 ], [ 121.0616301, 14.6299795 ], [ 121.0617574, 14.6297598 ], [ 121.0618817, 14.629608 ], [ 121.0620295, 14.6294987 ], [ 121.0621942, 14.6294086 ] ], [ [ 121.0621942, 14.6294086 ], [ 121.0622667, 14.6293598 ] ], [ [ 121.0622667, 14.6293598 ], [ 121.0622729, 14.6293546 ], [ 121.0622843, 14.629345 ], [ 121.0624149, 14.6292474 ], [ 121.0624496, 14.6292214 ] ], [ [ 121.0624496, 14.6292214 ], [ 121.0627569, 14.6289857 ], [ 121.062928, 14.6287748 ], [ 121.0630508, 14.6285807 ] ], [ [ 121.0630508, 14.6285807 ], [ 121.0631724, 14.6286286 ], [ 121.0633933, 14.6286666 ] ], [ [ 121.0633933, 14.6286666 ], [ 121.0636527, 14.6287112 ], [ 121.0641161, 14.6287923 ], [ 121.0644928, 14.6288651 ], [ 121.0647281, 14.6289105 ] ], [ [ 121.0647281, 14.6289105 ], [ 121.0648747, 14.6289336 ], [ 121.065043, 14.6289623 ] ], [ [ 121.065043, 14.6289623 ], [ 121.06507, 14.628967 ], [ 121.0661495, 14.6291485 ], [ 121.0669449, 14.6292822 ], [ 121.0670601, 14.6293084 ], [ 121.0671764, 14.6293576 ], [ 121.0672945, 14.6294164 ], [ 121.0674959, 14.6295081 ], [ 121.0675733, 14.6295458 ], [ 121.0680748, 14.6297895 ], [ 121.0682607, 14.6298798 ], [ 121.0682818, 14.6298901 ], [ 121.0683371, 14.629917 ] ], [ [ 121.0683371, 14.629917 ], [ 121.0687446, 14.6301146 ], [ 121.0688527, 14.6301671 ], [ 121.0689635, 14.6302191 ], [ 121.0690208, 14.6302463 ], [ 121.0693317, 14.630394 ], [ 121.0695337, 14.6304885 ] ] ] } },
{ "type": "Feature", "properties": { "route_id": "LTFRB_PUJ1444", "osm_relation_id": 15021429, "osm_relation_name": "Pabahay ni Erap–Commonwealth Market", "osm_relation_timestamp": "2026-08-06T05:13:38Z", "geometry_source": "osm_relation" }, "geometry": { "type": "MultiLineString", "coordinates": [ [ [ 121.0871756, 14.6958473 ], [ 121.0871791, 14.6952781 ], [ 121.0871653, 14.6944519 ] ], [ [ 121.0871653, 14.6944519 ], [ 121.0871595, 14.6936029 ], [ 121.0871587, 14.6934706 ], [ 121.087161, 14.6933001 ], [ 121.0871625, 14.6931604 ], [ 121.0871679, 14.6928417 ], [ 121.0871491, 14.6910605 ], [ 121.0871414, 14.6905577 ], [ 121.0871141, 14.6892867 ], [ 121.0871059, 14.6888753 ], [ 121.0870768, 14.6883761 ], [ 121.087051, 14.6881295 ] ], [ [ 121.087051, 14.6881295 ], [ 121.0870113, 14.6877547 ] ], [ [ 121.0870113, 14.6877547 ], [ 121.087013, 14.6877112 ], [ 121.0870159, 14.6876863 ], [ 121.0870254, 14.6876537 ], [ 121.087043, 14.6876243 ], [ 121.0870674, 14.6876 ], [ 121.0870974, 14.6875822 ], [ 121.0871309, 14.6875722 ], [ 121.0871659, 14.6875704 ], [ 121.0872003, 14.687577 ], [ 121.087232, 14.6875916 ], [ 121.087259, 14.6876133 ], [ 121.0872796, 14.6876408 ], [ 121.0872926, 14.6876723 ], [ 121.0873106, 14.6877293 ] ], [ [ 121.0873106, 14.6877293 ], [ 121.0873491, 14.6879706 ], [ 121.0873912, 14.6884193 ] ], [ [ 121.0873912, 14.6884193 ], [ 121.0874123, 14.6888268 ], [ 121.0874208, 14.6891258 ] ], [ [ 121.0874208, 14.6891258 ], [ 121.0874226, 14.6900635 ], [ 121.0874266, 14.6903614 ], [ 121.0874314, 14.6907322 ], [ 121.0874337, 14.690811 ], [ 121.0874405, 14.6911154 ], [ 121.0874415, 14.6912172 ], [ 121.087463, 14.6918975 ], [ 121.0874736, 14.6923143 ], [ 121.0874759, 14.6926703 ], [ 121.0874885, 14.693152 ], [ 121.0874908, 14.6932996 ], [ 121.0875097, 14.6945266 ], [ 121.0875186, 14.6958398 ], [ 121.0875214, 14.6962711 ], [ 121.0875246, 14.6967218 ], [ 121.0875252, 14.6968016 ], [ 121.0875263, 14.6970957 ], [ 121.0875271, 14.6972964 ], [ 121.0875275, 14.6973837 ], [ 121.0875282, 14.6975786 ], [ 121.0875294, 14.697875 ], [ 121.0875299, 14.6980151 ], [ 121.0875001, 14.698582 ], [ 121.087476, 14.6989102 ], [ 121.0874404, 14.6991767 ], [ 121.0873781, 14.6994575 ] ], [ [ 121.0873781, 14.6994575 ], [ 121.0872363, 14.6999736 ] ], [ [ 121.0872363, 14.6999736 ], [ 121.0872056, 14.7000885 ], [ 121.0871297, 14.7003333 ], [ 121.0870419, 14.7005772 ], [ 121.0869325, 14.7008533 ], [ 121.0868314, 14.701096 ], [ 121.0866926, 14.7013873 ] ], [ [ 121.0866926, 14.7013873 ], [ 121.0867161, 14.7014928 ], [ 121.0867516, 14.7015533 ], [ 121.0873188, 14.7018292 ], [ 121.0876877, 14.7019999 ], [ 121.0879489, 14.7021346 ], [ 121.0881888, 14.7022488 ], [ 121.0883945, 14.7022893 ], [ 121.0888021, 14.7022907 ], [ 121.0889982, 14.7022835 ], [ 121.089154, 14.7022788 ], [ 121.089362, 14.7022724 ] ], [ [ 121.089362, 14.7022724 ], [ 121.0893621, 14.7023804 ], [ 121.0893489, 14.7025146 ], [ 121.0893315, 14.7025806 ], [ 121.0892668, 14.7027123 ], [ 121.0891752, 14.7028696 ], [ 121.089117, 14.7029694 ], [ 121.0890545, 14.7030846 ], [ 121.0889751, 14.7032301 ], [ 121.0889519, 14.7032712 ], [ 121.088917, 14.7033333 ], [ 121.0888896, 14.7033806 ], [ 121.088729, 14.7036547 ], [ 121.0886155, 14.7038624 ], [ 121.0885581, 14.7039989 ], [ 121.0885088, 14.704127 ], [ 121.0884541, 14.7043004 ], [ 121.0884169, 14.7044326 ], [ 121.0883689, 14.7046344 ], [ 121.0883021, 14.7049157 ], [ 121.08822, 14.7052547 ], [ 121.0881562, 14.7056096 ], [ 121.0881173, 14.7058734 ] ], [ [ 121.0881173, 14.7058734 ], [ 121.0881071, 14.7060096 ], [ 121.0881212, 14.7060821 ], [ 121.0881411, 14.7061522 ], [ 121.0882223, 14.7063197 ], [ 121.0883329, 14.7064466 ] ], [ [ 121.0883329, 14.7064466 ], [ 121.0887232, 14.7068043 ], [ 121.0888375, 14.7069638 ], [ 121.0889178, 14.7071079 ], [ 121.0889315, 14.7071324 ], [ 121.0890059, 14.7072841 ], [ 121.0890453, 14.7073643 ], [ 121.0890824, 14.7074385 ], [ 121.0891248, 14.707481 ], [ 121.089173, 14.7075099 ], [ 121.0892284, 14.7075231 ] ], [ [ 121.0892284, 14.7075231 ], [ 121.0893762, 14.7075281 ], [ 121.0895685, 14.7075577 ], [ 121.0897098, 14.7076287 ] ], [ [ 121.0897098, 14.7076287 ], [ 121.0898469, 14.7077221 ] ], [ [ 121.0898469, 14.7077221 ], [ 121.0899289, 14.7077883 ], [ 121.0901239, 14.7079944 ], [ 121.0901677, 14.7080413 ], [ 121.0902373, 14.7081433 ], [ 121.0903205, 14.7082936 ], [ 121.090377, 14.7083878 ], [ 121.0904414, 14.708499 ], [ 121.0904697, 14.7085516 ], [ 121.0906401, 14.7088386 ], [ 121.0907034, 14.7089766 ], [ 121.0907357, 14.7091702 ], [ 121.0907465, 14.7092711 ], [ 121.0907371, 14.7096367 ], [ 121.0907377, 14.7097015 ], [ 121.0907306, 14.709957 ], [ 121.0907247, 14.71053 ], [ 121.0907215, 14.7106804 ] ], [ [ 121.0907215, 14.7106804 ], [ 121.09072, 14.7107308 ], [ 121.0907224, 14.7108037 ], [ 121.0907213, 14.7108924 ], [ 121.0907111, 14.711218 ], [ 121.0907068, 14.7115201 ], [ 121.0906707, 14.7118168 ], [ 121.0906218, 14.7120705 ], [ 121.0905421, 14.7123319 ], [ 121.0904468, 14.7126409 ], [ 121.0903882, 14.7128256 ], [ 121.0903335, 14.7130008 ], [ 121.0902803, 14.7131946 ], [ 121.0902325, 14.7134459 ], [ 121.090232, 14.713603 ], [ 121.0903127, 14.7139361 ], [ 121.0903444, 14.714043 ], [ 121.0903791, 14.7141222 ], [ 121.0904255, 14.7141921 ], [ 121.0904832, 14.7142421 ], [ 121.0905678, 14.7142815 ], [ 121.0906633, 14.7143048 ], [ 121.0907689, 14.7143173 ], [ 121.0908959, 14.7143279 ], [ 121.0911747, 14.7143339 ], [ 121.0916734, 14.7143473 ], [ 121.0922705, 14.7143694 ], [ 121.0924576, 14.7143671 ], [ 121.0925701, 14.7143626 ], [ 121.0929269, 14.7143305 ], [ 121.093193, 14.7142838 ], [ 121.093341, 14.71425 ], [ 121.0937255, 14.714096 ], [ 121.0939492, 14.7139908 ], [ 121.0942784, 14.7138218 ], [ 121.0943991, 14.7137686 ], [ 121.0944697, 14.7137466 ], [ 121.0945456, 14.7137498 ], [ 121.0946183, 14.713758 ], [ 121.0946791, 14.7137663 ] ], [ [ 121.0946791, 14.7137663 ], [ 121.0947422, 14.7137904 ], [ 121.0947949, 14.7138195 ], [ 121.0948627, 14.7138624 ], [ 121.0949759, 14.7139415 ], [ 121.0953417, 14.7142535 ], [ 121.095737, 14.7145861 ], [ 121.0958199, 14.7146395 ], [ 121.0959116, 14.7146866 ], [ 121.0960203, 14.7147234 ], [ 121.0963484, 14.7147818 ], [ 121.0965878, 14.714814 ], [ 121.0968716, 14.7148485 ], [ 121.0970554, 14.7148538 ], [ 121.0971873, 14.7148608 ], [ 121.0975179, 14.714842 ], [ 121.0976505, 14.7148359 ], [ 121.0978345, 14.7148475 ], [ 121.0980168, 14.7149043 ], [ 121.0981161, 14.7149524 ], [ 121.098188, 14.7150041 ], [ 121.0982577, 14.7150589 ], [ 121.0983841, 14.7151583 ], [ 121.0987585, 14.7154677 ], [ 121.0990996, 14.7157618 ], [ 121.0995698, 14.7161777 ], [ 121.100173, 14.7167699 ], [ 121.1004572, 14.7170593 ], [ 121.100663, 14.7172809 ], [ 121.1007204, 14.7173436 ], [ 121.1007765, 14.7174092 ], [ 121.1008303, 14.7175023 ] ], [ [ 121.1008303, 14.7175023 ], [ 121.1009042, 14.7176723 ], [ 121.1009498, 14.7178616 ], [ 121.1009578, 14.7180484 ], [ 121.1009431, 14.7182015 ], [ 121.1008854, 14.7184778 ], [ 121.100813, 14.7186775 ], [ 121.1007078, 14.7189156 ], [ 121.100497, 14.7193945 ], [ 121.1003879, 14.7196607 ], [ 121.1003718, 14.719732 ], [ 121.1003678, 14.7198099 ], [ 121.1003731, 14.7199292 ], [ 121.1003932, 14.7200278 ], [ 121.1004069, 14.7200778 ], [ 121.1004415, 14.7201873 ], [ 121.1004925, 14.7203468 ], [ 121.100522, 14.7204117 ], [ 121.1005542, 14.7204597 ], [ 121.1005819, 14.72049 ] ], [ [ 121.1005819, 14.72049 ], [ 121.1006306, 14.7205285 ], [ 121.1006869, 14.7205609 ], [ 121.1007567, 14.7205829 ], [ 121.1008304, 14.7205959 ], [ 121.1009136, 14.7205998 ], [ 121.1009914, 14.7205985 ], [ 121.1012918, 14.7205804 ], [ 121.1013682, 14.7205842 ], [ 121.1014594, 14.7205972 ], [ 121.1015117, 14.7206089 ], [ 121.1015709, 14.7206344 ], [ 121.1016311, 14.7206737 ], [ 121.1016941, 14.720723 ], [ 121.101737, 14.7207645 ], [ 121.1017811, 14.7208131 ], [ 121.1020748, 14.7212032 ], [ 121.1023687, 14.7216349 ], [ 121.1024076, 14.7216867 ], [ 121.1024424, 14.7217308 ], [ 121.1024726, 14.7217639 ], [ 121.1025256, 14.721819 ], [ 121.1025779, 14.7218631 ], [ 121.1026396, 14.7219098 ], [ 121.1027596, 14.7219925 ], [ 121.1030084, 14.7221639 ], [ 121.1033273, 14.7223636 ], [ 121.1038386, 14.7226765 ], [ 121.1043624, 14.722989 ], [ 121.1046061, 14.7231358 ], [ 121.1047379, 14.7232042 ], [ 121.1048561, 14.7232666 ], [ 121.1049692, 14.7233131 ], [ 121.1050299, 14.7233391 ], [ 121.1050967, 14.7233648 ], [ 121.1051718, 14.7233925 ], [ 121.105235, 14.7234134 ], [ 121.1053026, 14.7234313 ], [ 121.105381, 14.7234375 ], [ 121.1054532, 14.7234362 ], [ 121.1055526, 14.7234158 ], [ 121.1056379, 14.7233952 ], [ 121.1062362, 14.7232033 ], [ 121.106313, 14.7231797 ], [ 121.1063957, 14.7231599 ], [ 121.1064913, 14.7231445 ], [ 121.1065855, 14.7231366 ], [ 121.1071253, 14.72312 ], [ 121.1071974, 14.723116 ], [ 121.1072757, 14.7231021 ], [ 121.1073427, 14.7230787 ], [ 121.107422, 14.7230502 ], [ 121.1074899, 14.7230244 ], [ 121.1075605, 14.7229987 ], [ 121.1077107, 14.7229295 ], [ 121.1080907, 14.7227111 ], [ 121.1083014, 14.7225892 ], [ 121.1083725, 14.7225538 ], [ 121.1084247, 14.7225268 ], [ 121.1087656, 14.7223802 ], [ 121.1090065, 14.7222814 ], [ 121.1091432, 14.722226 ], [ 121.1091954, 14.7222042 ], [ 121.1092421, 14.722179 ], [ 121.1092843, 14.7221511 ], [ 121.1093393, 14.7221123 ], [ 121.1093889, 14.7220771 ], [ 121.1098365, 14.7217639 ], [ 121.10997, 14.7216702 ], [ 121.1100417, 14.7216266 ], [ 121.1101121, 14.7215887 ], [ 121.1101734, 14.7215637 ], [ 121.1102391, 14.7215383 ], [ 121.1102907, 14.7215191 ], [ 121.1103577, 14.7215102 ], [ 121.1104246, 14.7214985 ], [ 121.110499, 14.7215007 ], [ 121.1105945, 14.7215034 ], [ 121.111293, 14.7215277 ], [ 121.1113491, 14.7215278 ] ], [ [ 121.1113491, 14.7215278 ], [ 121.111406, 14.7215268 ], [ 121.1116684, 14.7215345 ], [ 121.1117415, 14.7215428 ], [ 121.1117905, 14.7215556 ], [ 121.1118614, 14.7215755 ], [ 121.1119092, 14.7215903 ], [ 121.1119735, 14.7216133 ], [ 121.112058, 14.7216503 ], [ 121.1121454, 14.7216964 ], [ 121.1124464, 14.7218619 ], [ 121.1125832, 14.7219559 ], [ 121.1126534, 14.7220048 ], [ 121.1127206, 14.7220532 ], [ 121.1127777, 14.7221035 ], [ 121.1128306, 14.7221453 ], [ 121.1128669, 14.7221915 ], [ 121.1129118, 14.7222537 ], [ 121.1129419, 14.7223299 ], [ 121.1129641, 14.7223969 ], [ 121.1129734, 14.722474 ], [ 121.1129835, 14.7225538 ], [ 121.1129955, 14.7226427 ], [ 121.1129916, 14.7227308 ], [ 121.1129815, 14.7227906 ], [ 121.1129648, 14.7228625 ], [ 121.1129268, 14.7229338 ], [ 121.1128883, 14.7229955 ], [ 121.1128575, 14.7230441 ], [ 121.1127677, 14.7231895 ], [ 121.1126368, 14.7233831 ], [ 121.1125343, 14.7235759 ], [ 121.1124886, 14.7236894 ], [ 121.1124457, 14.7237919 ], [ 121.1124237, 14.7238589 ], [ 121.1124015, 14.7239534 ], [ 121.1123828, 14.7240574 ], [ 121.1123665, 14.7241788 ], [ 121.1123511, 14.7242933 ], [ 121.1123378, 14.7244236 ], [ 121.1123372, 14.7244902 ], [ 121.1123452, 14.7245644 ], [ 121.11236, 14.7246302 ], [ 121.1123814, 14.7246927 ], [ 121.1123965, 14.7247338 ], [ 121.1124282, 14.7248088 ], [ 121.1124482, 14.724857 ], [ 121.112649, 14.7252471 ], [ 121.1127328, 14.7254021 ], [ 121.1128369, 14.7255947 ], [ 121.1129462, 14.7257969 ], [ 121.1130291, 14.7259502 ], [ 121.1130707, 14.7260189 ], [ 121.1131086, 14.7260781 ], [ 121.1131431, 14.726124 ], [ 121.1131914, 14.726172 ], [ 121.1133221, 14.7262586 ], [ 121.1134462, 14.7263354 ], [ 121.1135541, 14.7263935 ], [ 121.1138618, 14.726549 ], [ 121.1138887, 14.7265612 ], [ 121.1140461, 14.7266324 ], [ 121.114089, 14.7266518 ], [ 121.1144861, 14.7268339 ], [ 121.1148984, 14.7270229 ], [ 121.1150603, 14.7270938 ], [ 121.1152476, 14.7271719 ], [ 121.1154569, 14.7272518 ], [ 121.1159162, 14.727415 ], [ 121.1160639, 14.7274675 ], [ 121.1162737, 14.727542 ], [ 121.1167074, 14.727696 ], [ 121.1169547, 14.7277723 ], [ 121.1170565, 14.727805 ], [ 121.1171302, 14.7278335 ], [ 121.1171901, 14.7278643 ], [ 121.1172251, 14.7278908 ], [ 121.1172511, 14.7279196 ], [ 121.1172777, 14.7279554 ], [ 121.1172992, 14.7279905 ], [ 121.117326, 14.7280384 ], [ 121.1174015, 14.72822 ], [ 121.1174605, 14.7283897 ], [ 121.1175306, 14.7286086 ], [ 121.117584, 14.7287845 ], [ 121.1176217, 14.7288965 ] ], [ [ 121.1176217, 14.7288965 ], [ 121.1176667, 14.7290294 ], [ 121.1177029, 14.7291176 ], [ 121.1177364, 14.7291941 ], [ 121.1177766, 14.7292746 ], [ 121.1178155, 14.7293446 ], [ 121.1178745, 14.7294315 ], [ 121.1179389, 14.7295132 ], [ 121.1179908, 14.7295654 ], [ 121.1180502, 14.729613 ], [ 121.1181174, 14.7296577 ], [ 121.1181964, 14.7296999 ], [ 121.1182751, 14.7297326 ], [ 121.118364, 14.7297609 ], [ 121.1184488, 14.7297779 ], [ 121.1185089, 14.7297856 ], [ 121.1185826, 14.7297869 ], [ 121.118646, 14.7297789 ], [ 121.1187074, 14.7297674 ], [ 121.1187654, 14.7297485 ], [ 121.118824, 14.7297194 ], [ 121.1188744, 14.7296862 ], [ 121.1189246, 14.7296377 ], [ 121.1189881, 14.7295608 ], [ 121.1190299, 14.7294955 ], [ 121.1191259, 14.7293465 ], [ 121.1191827, 14.7292505 ], [ 121.1192748, 14.7290816 ], [ 121.1193243, 14.7289658 ], [ 121.1193592, 14.7288452 ], [ 121.1193839, 14.7287219 ], [ 121.1194597, 14.728316 ], [ 121.1194919, 14.7281669 ], [ 121.1195073, 14.728089 ], [ 121.1195236, 14.7280109 ], [ 121.1195496, 14.7279373 ], [ 121.1195791, 14.7278569 ], [ 121.1196052, 14.7277907 ], [ 121.1197838, 14.7274502 ], [ 121.1199581, 14.7271391 ], [ 121.1200956, 14.7268867 ], [ 121.1201634, 14.7267558 ], [ 121.1201966, 14.726696 ], [ 121.1202248, 14.7266545 ], [ 121.1202577, 14.7266214 ], [ 121.1203054, 14.7265884 ] ], [ [ 121.1203054, 14.7265884 ], [ 121.1203623, 14.7265726 ], [ 121.1204126, 14.7265702 ], [ 121.1204635, 14.7265722 ], [ 121.1206862, 14.7266071 ], [ 121.1209775, 14.726666 ], [ 121.1210569, 14.7266759 ], [ 121.1211353, 14.7266777 ], [ 121.1212038, 14.7266616 ], [ 121.1212675, 14.7266285 ], [ 121.1213179, 14.7265838 ], [ 121.1213554, 14.7265281 ], [ 121.1213801, 14.7264761 ], [ 121.1213987, 14.7264142 ], [ 121.1214052, 14.7263449 ], [ 121.1213982, 14.7262862 ], [ 121.1213728, 14.7262273 ], [ 121.1213328, 14.7261798 ], [ 121.1211294, 14.7260364 ], [ 121.1210651, 14.7259858 ], [ 121.1210267, 14.725936 ], [ 121.1210073, 14.7258776 ], [ 121.1209997, 14.7258263 ], [ 121.1210003, 14.7257673 ], [ 121.1210107, 14.7257102 ], [ 121.1210241, 14.7256746 ], [ 121.1212419, 14.7253029 ], [ 121.1212767, 14.7252554 ], [ 121.1213131, 14.7252161 ], [ 121.1213505, 14.7251812 ], [ 121.1213842, 14.7251532 ], [ 121.1214264, 14.7251318 ], [ 121.1214533, 14.7251261 ], [ 121.1214885, 14.7251249 ], [ 121.1215244, 14.7251311 ], [ 121.1215565, 14.7251415 ], [ 121.121583, 14.725157 ], [ 121.1216108, 14.7251775 ], [ 121.1216391, 14.7252009 ], [ 121.1216679, 14.7252365 ], [ 121.1217181, 14.7253056 ], [ 121.1217644, 14.7253873 ], [ 121.1217999, 14.7254742 ], [ 121.1218429, 14.7255747 ], [ 121.1218824, 14.7256382 ], [ 121.1220251, 14.7258868 ], [ 121.1221831, 14.7261516 ], [ 121.1222264, 14.7262512 ], [ 121.1222579, 14.7263179 ], [ 121.1222895, 14.726399 ], [ 121.1223139, 14.7264557 ], [ 121.122417, 14.7267102 ], [ 121.122443, 14.7267622 ], [ 121.1224691, 14.7268076 ], [ 121.1224993, 14.7268543 ], [ 121.1225396, 14.7269066 ], [ 121.1225819, 14.7269418 ], [ 121.1226435, 14.7269898 ], [ 121.1226948, 14.7270303 ], [ 121.1229159, 14.7271905 ], [ 121.1231472, 14.727361 ], [ 121.1233066, 14.7274947 ], [ 121.1234066, 14.727591 ], [ 121.123475, 14.7276694 ], [ 121.1235159, 14.7277343 ], [ 121.1235449, 14.7277902 ], [ 121.1235917, 14.7278802 ], [ 121.1236305, 14.7279658 ], [ 121.1236662, 14.7280374 ], [ 121.1238564, 14.7285275 ], [ 121.1240108, 14.728911 ], [ 121.1241287, 14.7292262 ], [ 121.1241542, 14.7292985 ], [ 121.1241777, 14.7293588 ], [ 121.1241996, 14.7294067 ], [ 121.1242421, 14.7294672 ], [ 121.124283, 14.7295092 ], [ 121.1243165, 14.7295418 ], [ 121.1243654, 14.729583 ], [ 121.124618, 14.7297759 ], [ 121.1247846, 14.7298841 ], [ 121.1249288, 14.729962 ], [ 121.1250985, 14.7300527 ], [ 121.1251674, 14.7300897 ], [ 121.1252121, 14.7301179 ], [ 121.1252506, 14.7301468 ], [ 121.1252851, 14.7301762 ], [ 121.1253076, 14.7302019 ], [ 121.1253626, 14.7302992 ], [ 121.1253975, 14.7303809 ], [ 121.1254343, 14.7304664 ] ], [ [ 121.1254343, 14.7304664 ], [ 121.1254819, 14.7306046 ], [ 121.1255579, 14.7308228 ], [ 121.1256215, 14.7310442 ], [ 121.1257558, 14.7315117 ], [ 121.1257852, 14.7316153 ], [ 121.1258083, 14.7316977 ], [ 121.1258294, 14.7317834 ], [ 121.1258526, 14.7319147 ], [ 121.1258618, 14.731972 ], [ 121.1258697, 14.7320371 ], [ 121.1258923, 14.7322347 ], [ 121.1259132, 14.7323493 ], [ 121.1259369, 14.7325424 ], [ 121.1259512, 14.7326611 ], [ 121.1259814, 14.7328537 ], [ 121.1260002, 14.7329801 ], [ 121.1260197, 14.7330677 ], [ 121.1260345, 14.7331565 ], [ 121.1260573, 14.7332304 ], [ 121.1260867, 14.7333083 ], [ 121.1261156, 14.7333861 ], [ 121.1261747, 14.7335119 ], [ 121.1262351, 14.7336462 ], [ 121.1264517, 14.7340755 ], [ 121.1265481, 14.7342565 ], [ 121.1266418, 14.7344324 ] ], [ [ 121.1266418, 14.7344324 ], [ 121.126697, 14.7345491 ] ], [ [ 121.126697, 14.7345491 ], [ 121.1266999, 14.7345568 ], [ 121.1267743, 14.7347585 ], [ 121.1270677, 14.7357807 ], [ 121.1270946, 14.7359004 ], [ 121.1271028, 14.7359731 ], [ 121.1271049, 14.7360448 ], [ 121.1271026, 14.736104 ], [ 121.1270972, 14.7361774 ], [ 121.1270629, 14.7365041 ], [ 121.1270467, 14.736615 ], [ 121.1270169, 14.7368416 ], [ 121.1268959, 14.7379719 ], [ 121.1268948, 14.7380747 ], [ 121.1269055, 14.7381784 ], [ 121.1269203, 14.7382952 ], [ 121.1269324, 14.7384171 ], [ 121.126998, 14.7388282 ], [ 121.1270111, 14.7389064 ], [ 121.1270208, 14.7389566 ], [ 121.1271282, 14.739383 ], [ 121.1272125, 14.7396322 ], [ 121.1272713, 14.7398143 ], [ 121.1273014, 14.7399128 ], [ 121.1273253, 14.7399837 ], [ 121.1273561, 14.7400836 ], [ 121.1274022, 14.740219 ], [ 121.1274128, 14.7402417 ], [ 121.1274929, 14.7404559 ], [ 121.1276123, 14.740797 ], [ 121.1276774, 14.7409775 ], [ 121.1277051, 14.7410521 ], [ 121.1278668, 14.7415167 ], [ 121.1280817, 14.7422147 ], [ 121.1281165, 14.7423158 ], [ 121.1281482, 14.7423967 ], [ 121.1281964, 14.7425177 ], [ 121.1282641, 14.742688 ], [ 121.1282807, 14.7427278 ], [ 121.1283391, 14.7428675 ], [ 121.1284115, 14.7430408 ], [ 121.1284733, 14.7431874 ], [ 121.1285189, 14.7432859 ], [ 121.1285591, 14.743365 ], [ 121.1285737, 14.7433898 ], [ 121.1285934, 14.7434234 ], [ 121.1286382, 14.7434925 ], [ 121.1286744, 14.7435466 ], [ 121.1287107, 14.743592 ], [ 121.1287428, 14.7436283 ], [ 121.1291821, 14.7440782 ], [ 121.1295829, 14.7445034 ], [ 121.1297794, 14.7447406 ], [ 121.1298843, 14.7448726 ], [ 121.130128, 14.7451795 ], [ 121.1301859, 14.7452597 ], [ 121.1302269, 14.7453195 ], [ 121.1303056, 14.7454343 ], [ 121.1303941, 14.7455635 ], [ 121.1304141, 14.745592 ], [ 121.1304662, 14.7456814 ], [ 121.1305385, 14.7458061 ], [ 121.1306003, 14.7459304 ], [ 121.1306712, 14.7460855 ], [ 121.1308725, 14.7465398 ], [ 121.1309194, 14.7466789 ], [ 121.1309449, 14.7467591 ], [ 121.1309647, 14.7468332 ], [ 121.1310106, 14.7470397 ], [ 121.1311111, 14.7475818 ], [ 121.131235, 14.7481522 ], [ 121.1313024, 14.7484497 ], [ 121.131362, 14.7487149 ], [ 121.1314415, 14.7490576 ] ], [ [ 121.1314415, 14.7490576 ], [ 121.1315318, 14.7494407 ], [ 121.13159, 14.7496876 ], [ 121.1316209, 14.7498224 ], [ 121.1316413, 14.7499079 ], [ 121.1316514, 14.7499688 ], [ 121.1316571, 14.7500157 ], [ 121.1316569, 14.7500483 ], [ 121.1316491, 14.7500846 ], [ 121.1316369, 14.7501272 ], [ 121.1316195, 14.7501713 ], [ 121.1315986, 14.7502108 ], [ 121.1311384, 14.7508644 ], [ 121.1310855, 14.7509493 ], [ 121.1310616, 14.7509974 ], [ 121.1310459, 14.751043 ], [ 121.1310388, 14.7510895 ], [ 121.1310375, 14.7511345 ], [ 121.131047, 14.7511868 ], [ 121.1310616, 14.7512322 ], [ 121.1310824, 14.7512728 ], [ 121.1311099, 14.7513178 ], [ 121.1311386, 14.751356 ], [ 121.1311769, 14.7514021 ], [ 121.1312252, 14.7514475 ], [ 121.1312729, 14.7514819 ], [ 121.1316042, 14.7516847 ], [ 121.1320648, 14.7519636 ], [ 121.1321291, 14.7520077 ], [ 121.1321781, 14.7520485 ] ], [ [ 121.1321781, 14.7520485 ], [ 121.1322185, 14.7520874 ], [ 121.1322568, 14.7521375 ], [ 121.1322807, 14.7521841 ], [ 121.1323053, 14.7522429 ], [ 121.1323223, 14.7523 ], [ 121.1323343, 14.7523592 ], [ 121.1323469, 14.7524299 ], [ 121.1323504, 14.7525057 ], [ 121.1323518, 14.7525689 ], [ 121.1323519, 14.7526874 ], [ 121.1323407, 14.7532798 ], [ 121.1323444, 14.753348 ], [ 121.1323491, 14.7534006 ], [ 121.1323581, 14.7534426 ], [ 121.1323746, 14.7534888 ], [ 121.1324019, 14.7535403 ], [ 121.1324354, 14.7535917 ], [ 121.1324778, 14.753647 ], [ 121.1325316, 14.7537024 ], [ 121.1325824, 14.7537469 ], [ 121.132628, 14.7537793 ], [ 121.1326748, 14.7538061 ], [ 121.1327541, 14.7538454 ], [ 121.1328346, 14.7538804 ], [ 121.1334062, 14.7540667 ], [ 121.133493, 14.754097 ], [ 121.1335507, 14.7541204 ], [ 121.1335976, 14.7541411 ], [ 121.1336395, 14.754164 ], [ 121.1336848, 14.7541969 ], [ 121.1337287, 14.7542334 ], [ 121.1337773, 14.7542916 ], [ 121.1338814, 14.7544194 ] ], [ [ 121.1338814, 14.7544194 ], [ 121.1339256, 14.7544849 ], [ 121.1345444, 14.7554263 ], [ 121.1346263, 14.7555651 ], [ 121.1347403, 14.7557713 ], [ 121.1349627, 14.7562486 ], [ 121.1349859, 14.7562995 ] ] ] } },
{ "type": "Feature", "properties": { "route_id": "LTFRB_PUJ2401", "osm_relation_id": 10845737, "osm_relation_name": "Quezon Avenue–LRT 5th Avenue", "osm_relation_timestamp": "2026-08-06T05:13:38Z", "geometry_source": "osm_relation" }, "geometry": { "type": "MultiLineString", "coordinates": [ [ [ 121.0126809, 14.6290746 ], [ 121.0125264, 14.6293259 ], [ 121.0121859, 14.6296782 ], [ 121.0119382, 14.6298583 ] ], [ [ 121.0119382, 14.6298583 ], [ 121.0119215, 14.6298756 ] ], [ [ 121.0119215, 14.6298756 ], [ 121.0118156, 14.6299956 ] ], [ [ 121.0118156, 14.6299956 ], [ 121.0118063, 14.6300066 ], [ 121.0115182, 14.630295 ], [ 121.0112605, 14.630512 ], [ 121.0111529, 14.6306026 ] ], [ [ 121.0111529, 14.6306026 ], [ 121.0110317, 14.6306969 ], [ 121.0108919, 14.6308042 ], [ 121.0102186, 14.6313211 ], [ 121.0100101, 14.6314953 ], [ 121.0098154, 14.6316879 ], [ 121.0096645, 14.631891 ], [ 121.0094742, 14.6321762 ], [ 121.0092901, 14.6325807 ], [ 121.0091926, 14.6329725 ], [ 121.0091839, 14.6330448 ], [ 121.0091589, 14.6331543 ], [ 121.0091427, 14.6332867 ], [ 121.0089209, 14.635628 ], [ 121.0088956, 14.635899 ], [ 121.0088917, 14.6359707 ], [ 121.0087912, 14.6367815 ], [ 121.0087047, 14.6371245 ], [ 121.0085842, 14.6374175 ], [ 121.0085121, 14.6375691 ], [ 121.008422, 14.6377403 ], [ 121.0083083, 14.6378925 ], [ 121.0081384, 14.6380745 ], [ 121.008039, 14.6381672 ], [ 121.0074725, 14.6385904 ], [ 121.0072731, 14.6387724 ], [ 121.0071788, 14.6388617 ], [ 121.0070925, 14.638948 ], [ 121.0070265, 14.6390402 ], [ 121.0069299, 14.6391611 ] ], [ [ 121.0069299, 14.6391611 ], [ 121.006826, 14.6393156 ], [ 121.0067023, 14.639598 ], [ 121.0065943, 14.6399225 ], [ 121.0060617, 14.6422703 ], [ 121.0059954, 14.6426225 ], [ 121.0059415, 14.6430247 ], [ 121.0059321, 14.6433014 ], [ 121.0059133, 14.6436142 ], [ 121.0058977, 14.643832 ], [ 121.0058539, 14.644066 ], [ 121.0058047, 14.644189 ], [ 121.0057069, 14.6443472 ], [ 121.0056506, 14.6444258 ], [ 121.0055715, 14.6445312 ], [ 121.0053998, 14.6446781 ], [ 121.0052465, 14.644773 ], [ 121.00515, 14.6448226 ] ], [ [ 121.00515, 14.6448226 ], [ 121.0048201, 14.644944 ], [ 121.0044741, 14.6449842 ], [ 121.0042045, 14.6449852 ], [ 121.0040628, 14.6449759 ], [ 121.0040268, 14.6449744 ] ], [ [ 121.0040268, 14.6449744 ], [ 121.0038927, 14.6449595 ], [ 121.0038337, 14.6449478 ], [ 121.0037636, 14.6449339 ], [ 121.0025869, 14.6447171 ], [ 121.0025133, 14.6447054 ], [ 121.0014918, 14.6445171 ], [ 121.0014147, 14.6445018 ], [ 121.0001034, 14.6442718 ] ], [ [ 121.0001034, 14.6442718 ], [ 120.9990593, 14.6440895 ] ], [ [ 120.9990593, 14.6440895 ], [ 120.9990105, 14.6440923 ], [ 120.9985833, 14.6441168 ], [ 120.9974438, 14.6440867 ], [ 120.9971718, 14.6440797 ], [ 120.9967487, 14.6440688 ], [ 120.9959601, 14.6440376 ], [ 120.9956382, 14.6440467 ], [ 120.9953438, 14.6439792 ] ], [ [ 120.9953438, 14.6439792 ], [ 120.9952144, 14.643963 ], [ 120.9949549, 14.6439494 ], [ 120.994294, 14.6439147 ] ], [ [ 120.994294, 14.6439147 ], [ 120.9938237, 14.6438975 ] ], [ [ 120.9938237, 14.6438975 ], [ 120.9936915, 14.643894 ] ], [ [ 120.9936915, 14.643894 ], [ 120.9935359, 14.6438898 ], [ 120.9932926, 14.6438833 ] ], [ [ 120.9932926, 14.6438833 ], [ 120.9924196, 14.6438715 ], [ 120.9919046, 14.6438612 ], [ 120.9917041, 14.6438651 ] ], [ [ 120.9917041, 14.6438651 ], [ 120.9915499, 14.6438761 ], [ 120.9913993, 14.6438988 ], [ 120.9908975, 14.6440373 ], [ 120.9908232, 14.6440559 ], [ 120.9903347, 14.6441943 ], [ 120.9900898, 14.6442509 ] ], [ [ 120.9900898, 14.6442509 ], [ 120.9898958, 14.6442738 ], [ 120.9896757, 14.6442972 ], [ 120.9893544, 14.6443216 ], [ 120.9886621, 14.6443507 ] ], [ [ 120.9886621, 14.6443507 ], [ 120.9879166, 14.6443682 ] ], [ [ 120.9879166, 14.6443682 ], [ 120.9875674, 14.6443697 ], [ 120.9871859, 14.6443862 ], [ 120.9868361, 14.644404 ], [ 120.9867217, 14.64441 ], [ 120.9846766, 14.6445086 ], [ 120.984542, 14.6445151 ] ], [ [ 120.984542, 14.6445151 ], [ 120.9843467, 14.6445237 ], [ 120.9839948, 14.6445255 ], [ 120.9836359, 14.6445306 ] ], [ [ 120.9836359, 14.6445306 ], [ 120.9836226, 14.6445302 ] ], [ [ 120.9836226, 14.6445302 ], [ 120.9835143, 14.644535 ] ], [ [ 120.9835143, 14.644535 ], [ 120.9835056, 14.6443565 ] ], [ [ 120.9835056, 14.6443565 ], [ 120.9836153, 14.6443509 ] ], [ [ 120.9836153, 14.6443509 ], [ 120.9836294, 14.64435 ] ], [ [ 120.9836294, 14.64435 ], [ 120.984031, 14.6443319 ], [ 120.9841774, 14.644328 ], [ 120.9843178, 14.6443303 ], [ 120.9845272, 14.6443487 ] ], [ [ 120.9845272, 14.6443487 ], [ 120.9850352, 14.6443705 ], [ 120.9866206, 14.6443214 ] ] ] } },
{ "type": "Feature", "properties": { "route_id": "LTFRB_PUJ1346", "osm_relation_id": 11483660, "osm_relation_name": "Fort Bonifacio Gate 3–Guadalupe (ABC)", "osm_relation_timestamp": "2026-08-06T05:13:38Z", "geometry_source": "osm_relation" }, "geometry": { "type": "MultiLineString", "coordinates": [ [ [ 121.0469301, 14.5387067 ], [ 121.0469301, 14.5383861 ] ], [ [ 121.0465468, 14.566358 ], [ 121.0464687, 14.5663805 ], [ 121.0464335, 14.5663907 ] ], [ [ 121.0464335, 14.5663907 ], [ 121.046402, 14.5663998 ] ], [ [ 121.046402, 14.5663998 ], [ 121.0464071, 14.5664207 ], [ 121.0463892, 14.5667229 ], [ 121.0463715, 14.5668032 ], [ 121.04635, 14.5668269 ], [ 121.0463163, 14.566864 ] ], [ [ 121.0463163, 14.566864 ], [ 121.0463726, 14.566898 ], [ 121.0464249, 14.5669375 ], [ 121.0464725, 14.5669823 ], [ 121.0465148, 14.5670316 ], [ 121.0465516, 14.5670851 ], [ 121.0465822, 14.5671421 ], [ 121.0466063, 14.5672019 ], [ 121.0466238, 14.5672638 ], [ 121.0466343, 14.5673272 ], [ 121.0466377, 14.5673913 ], [ 121.0466341, 14.5674554 ], [ 121.0466288, 14.5674869 ], [ 121.0466235, 14.5675188 ] ], [ [ 121.0466235, 14.5675188 ], [ 121.0466699, 14.5676519 ], [ 121.0467439, 14.5677776 ] ], [ [ 121.0467439, 14.5677776 ], [ 121.0468437, 14.5677754 ] ], [ [ 121.0468437, 14.5677754 ], [ 121.0470005, 14.5677896 ], [ 121.0470515, 14.5677929 ] ], [ [ 121.0470515, 14.5677929 ], [ 121.0471543, 14.5678012 ] ], [ [ 121.0471543, 14.5678012 ], [ 121.0471689, 14.5678027 ], [ 121.0471766, 14.5678035 ], [ 121.0472286, 14.5678088 ], [ 121.0474967, 14.5678259 ], [ 121.0475316, 14.5678294 ], [ 121.0479074, 14.5678726 ], [ 121.0479286, 14.5678751 ], [ 121.0488216, 14.5679778 ], [ 121.0489885, 14.567997 ], [ 121.0493258, 14.5680334 ], [ 121.0495424, 14.5680519 ], [ 121.0496797, 14.5680636 ], [ 121.0498795, 14.568061 ], [ 121.0500278, 14.5680386 ], [ 121.0501764, 14.5679985 ], [ 121.0502791, 14.5679711 ], [ 121.0503373, 14.5679478 ], [ 121.0505541, 14.5678287 ], [ 121.0508676, 14.5676146 ], [ 121.0509047, 14.5675884 ], [ 121.0512364, 14.5673657 ], [ 121.0514852, 14.5672266 ], [ 121.0517855, 14.5671007 ], [ 121.0520509, 14.5670034 ], [ 121.0522664, 14.5668983 ], [ 121.0523201, 14.5668739 ], [ 121.0523692, 14.5668485 ], [ 121.052587, 14.566712 ], [ 121.052805, 14.5665423 ], [ 121.053083, 14.5662952 ], [ 121.0534009, 14.5660024 ], [ 121.0534293, 14.5659701 ], [ 121.053619, 14.5657417 ], [ 121.0536652, 14.565683 ], [ 121.0540527, 14.5651915 ] ], [ [ 121.0540527, 14.5651915 ], [ 121.0541217, 14.5650941 ], [ 121.0542094, 14.5649702 ], [ 121.054299, 14.5648712 ], [ 121.0543421, 14.5648302 ], [ 121.0544188, 14.5647506 ] ], [ [ 121.0544188, 14.5647506 ], [ 121.0545158, 14.5646715 ], [ 121.0545375, 14.5646538 ], [ 121.0545805, 14.5646198 ], [ 121.0546046, 14.5646061 ], [ 121.0546258, 14.5645946 ], [ 121.0546569, 14.5645808 ], [ 121.0546964, 14.5645646 ] ], [ [ 121.0546964, 14.5645646 ], [ 121.0547387, 14.5645496 ], [ 121.054785, 14.5645354 ], [ 121.0548104, 14.5645289 ], [ 121.0548342, 14.5645236 ] ], [ [ 121.0548342, 14.5645236 ], [ 121.0560354, 14.5643621 ], [ 121.0560961, 14.5643549 ], [ 121.0571381, 14.5642189 ], [ 121.0573069, 14.5641897 ] ], [ [ 121.0573069, 14.5641897 ], [ 121.0575317, 14.5641315 ], [ 121.0577644, 14.5640418 ], [ 121.0581424, 14.5638366 ] ], [ [ 121.0581424, 14.5638366 ], [ 121.0581675, 14.5638217 ], [ 121.058401, 14.5636894 ], [ 121.0585442, 14.5636045 ], [ 121.0585713, 14.5635888 ], [ 121.058602, 14.5635703 ], [ 121.0588143, 14.5634461 ], [ 121.0589081, 14.5633894 ], [ 121.0589794, 14.563349 ], [ 121.0592709, 14.5631991 ], [ 121.0596292, 14.5630281 ], [ 121.0597519, 14.5629652 ], [ 121.0600842, 14.5627992 ], [ 121.0601483, 14.5627673 ], [ 121.0603394, 14.5626722 ], [ 121.0606284, 14.5624567 ], [ 121.060887, 14.5622344 ], [ 121.0611484, 14.5620173 ], [ 121.0614138, 14.5617854 ], [ 121.0615487, 14.5616703 ], [ 121.0618235, 14.5614255 ], [ 121.0620578, 14.5612148 ], [ 121.0620783, 14.5611964 ], [ 121.0623384, 14.5609677 ], [ 121.0626305, 14.5607196 ], [ 121.062893, 14.5604945 ], [ 121.0630381, 14.5603882 ], [ 121.0631265, 14.5603528 ], [ 121.0631695, 14.5603356 ], [ 121.0632046, 14.560323 ], [ 121.0634232, 14.5602688 ], [ 121.0636978, 14.5602284 ], [ 121.0639648, 14.5601863 ], [ 121.0642196, 14.5601422 ], [ 121.0643397, 14.5601224 ], [ 121.0644955, 14.5601007 ], [ 121.0646079, 14.5600813 ], [ 121.0647574, 14.5600578 ], [ 121.0650153, 14.5600033 ], [ 121.0650752, 14.5599838 ], [ 121.065149, 14.5599571 ], [ 121.0652001, 14.5599383 ], [ 121.0652755, 14.5599083 ], [ 121.0653429, 14.5598747 ], [ 121.0653866, 14.5598461 ], [ 121.0654444, 14.5597974 ] ], [ [ 121.0654444, 14.5597974 ], [ 121.065548, 14.5596903 ], [ 121.0656263, 14.5595973 ] ], [ [ 121.0659645, 14.5575681 ], [ 121.066042, 14.5576985 ], [ 121.066075, 14.5577591 ], [ 121.0661044, 14.5578141 ], [ 121.0661285, 14.5578606 ], [ 121.0661484, 14.5579018 ], [ 121.0661716, 14.557966 ], [ 121.0661903, 14.5580188 ], [ 121.0662014, 14.5580663 ], [ 121.0662129, 14.558128 ], [ 121.0662259, 14.5582072 ], [ 121.0662299, 14.5582727 ], [ 121.0662306, 14.5583532 ], [ 121.0662246, 14.5584097 ], [ 121.0662152, 14.558481 ], [ 121.0661984, 14.5585333 ], [ 121.0661189, 14.5587257 ], [ 121.0659889, 14.5589457 ], [ 121.0658494, 14.5591943 ], [ 121.065823, 14.5592429 ], [ 121.0657996, 14.5592811 ], [ 121.0657655, 14.5593394 ], [ 121.0656909, 14.559491 ], [ 121.0656263, 14.5595973 ] ], [ [ 121.0648478, 14.5556963 ], [ 121.0648853, 14.5557624 ], [ 121.0649546, 14.5558854 ], [ 121.0650355, 14.5560331 ], [ 121.0651144, 14.556159 ], [ 121.0651801, 14.556266 ], [ 121.0652125, 14.5563214 ], [ 121.0653091, 14.5564853 ], [ 121.0653405, 14.5565353 ], [ 121.0654438, 14.5567068 ], [ 121.0654811, 14.5567718 ], [ 121.0655977, 14.5569745 ], [ 121.0656366, 14.5570381 ], [ 121.0656694, 14.557091 ], [ 121.0657935, 14.5572973 ], [ 121.0659368, 14.557524 ], [ 121.0659645, 14.5575681 ] ], [ [ 121.0648478, 14.5556963 ], [ 121.0647744, 14.5556357 ], [ 121.0647095, 14.5555231 ], [ 121.0646487, 14.5554204 ], [ 121.064598, 14.5553297 ], [ 121.0645881, 14.5553125 ], [ 121.0645653, 14.555273 ] ], [ [ 121.0645653, 14.555273 ], [ 121.064507, 14.5553008 ], [ 121.0644951, 14.5553057 ], [ 121.0643512, 14.5553683 ] ], [ [ 121.0643512, 14.5553683 ], [ 121.0642367, 14.5554226 ], [ 121.0640535, 14.5555109 ], [ 121.0638746, 14.5556106 ] ], [ [ 121.0638746, 14.5556106 ], [ 121.0636913, 14.5557282 ], [ 121.0635557, 14.5558282 ], [ 121.0634219, 14.5559501 ] ], [ [ 121.0634219, 14.5559501 ], [ 121.0633762, 14.5560049 ] ], [ [ 121.0633762, 14.5560049 ], [ 121.0632361, 14.5561436 ], [ 121.0632299, 14.5561653 ], [ 121.0632296, 14.5561866 ], [ 121.0632352, 14.5562292 ], [ 121.0632442, 14.5562719 ], [ 121.0632525, 14.5563046 ] ], [ [ 121.0632525, 14.5563046 ], [ 121.0634497, 14.5565898 ] ], [ [ 121.0634497, 14.5565898 ], [ 121.0642521, 14.5576949 ], [ 121.0642724, 14.5577549 ], [ 121.0642692, 14.5578084 ], [ 121.064221, 14.5578621 ], [ 121.0641591, 14.5578851 ], [ 121.0640902, 14.557879 ], [ 121.0640416, 14.5578504 ], [ 121.063378, 14.556927 ] ], [ [ 121.063378, 14.556927 ], [ 121.0633265, 14.556864 ] ], [ [ 121.0633265, 14.556864 ], [ 121.0631614, 14.5567197 ] ], [ [ 121.0631614, 14.5567197 ], [ 121.063057, 14.5566334 ], [ 121.0629996, 14.5566132 ], [ 121.0629563, 14.556618 ], [ 121.0629124, 14.5566315 ], [ 121.0628447, 14.5566611 ] ], [ [ 121.0628447, 14.5566611 ], [ 121.0627788, 14.5567417 ], [ 121.0627558, 14.5567677 ], [ 121.0626956, 14.556837 ], [ 121.0625722, 14.5569833 ] ], [ [ 121.0625722, 14.5569833 ], [ 121.0623937, 14.5571769 ], [ 121.0621828, 14.5573787 ], [ 121.0619458, 14.557587 ], [ 121.0618284, 14.5576855 ] ], [ [ 121.0618284, 14.5576855 ], [ 121.0616957, 14.5577908 ] ], [ [ 121.0616957, 14.5577908 ], [ 121.061614, 14.5578532 ] ], [ [ 121.061614, 14.5578532 ], [ 121.0615069, 14.5579349 ], [ 121.061307, 14.5580771 ], [ 121.0609604, 14.5583134 ], [ 121.0605715, 14.5585401 ], [ 121.0599279, 14.5589111 ], [ 121.0596926, 14.5590389 ], [ 121.0588566, 14.5594704 ], [ 121.0583635, 14.5597261 ], [ 121.0580097, 14.5599145 ], [ 121.0577649, 14.5600605 ], [ 121.0573746, 14.5602838 ], [ 121.0568448, 14.5606043 ], [ 121.0566376, 14.5607408 ], [ 121.056364, 14.5609153 ], [ 121.0562881, 14.5609674 ] ], [ [ 121.0562881, 14.5609674 ], [ 121.0557818, 14.5612751 ], [ 121.0554463, 14.5614836 ], [ 121.0552545, 14.5615983 ] ], [ [ 121.0552545, 14.5615983 ], [ 121.0547112, 14.561923 ], [ 121.05459, 14.5619963 ], [ 121.0545742, 14.5620059 ] ], [ [ 121.0545742, 14.5620059 ], [ 121.0542822, 14.5621715 ] ], [ [ 121.0542822, 14.5621715 ], [ 121.0541685, 14.5622271 ] ], [ [ 121.0541685, 14.5622271 ], [ 121.0540139, 14.5622849 ] ], [ [ 121.0540139, 14.5622849 ], [ 121.0539351, 14.5623069 ], [ 121.0538274, 14.5623359 ] ], [ [ 121.0538274, 14.5623359 ], [ 121.0538008, 14.5623446 ], [ 121.0536598, 14.5623839 ], [ 121.0534187, 14.5624544 ] ], [ [ 121.0534187, 14.5624544 ], [ 121.053392, 14.5624246 ], [ 121.053381, 14.5623969 ], [ 121.0533778, 14.5623674 ], [ 121.0533805, 14.5623367 ] ], [ [ 121.0533805, 14.5623367 ], [ 121.0536162, 14.5622622 ], [ 121.0539149, 14.562157 ], [ 121.0539984, 14.5621246 ] ], [ [ 121.0539984, 14.5621246 ], [ 121.053994, 14.5620382 ] ], [ [ 121.053994, 14.5620382 ], [ 121.0539866, 14.5618689 ] ], [ [ 121.0539866, 14.5618689 ], [ 121.0539861, 14.5615999 ], [ 121.0539728, 14.5614753 ], [ 121.0539394, 14.5613377 ] ], [ [ 121.0539394, 14.5613377 ], [ 121.0538374, 14.5610225 ] ], [ [ 121.0538374, 14.5610225 ], [ 121.0537479, 14.5607624 ], [ 121.0536866, 14.5605791 ] ], [ [ 121.0536866, 14.5605791 ], [ 121.0535334, 14.5601227 ], [ 121.0534885, 14.5599103 ] ], [ [ 121.0534885, 14.5599103 ], [ 121.0534006, 14.5596186 ] ], [ [ 121.0534006, 14.5596186 ], [ 121.0532872, 14.559271 ] ], [ [ 121.0532872, 14.559271 ], [ 121.0532686, 14.5592139 ] ], [ [ 121.0532686, 14.5592139 ], [ 121.0532502, 14.5591538 ], [ 121.0531639, 14.5588809 ], [ 121.0530245, 14.5584397 ] ], [ [ 121.0530245, 14.5584397 ], [ 121.0527737, 14.5576461 ] ], [ [ 121.0527737, 14.5576461 ], [ 121.0527445, 14.5575568 ] ], [ [ 121.0527445, 14.5575568 ], [ 121.052713, 14.5574659 ] ], [ [ 121.052713, 14.5574659 ], [ 121.0526795, 14.5573695 ] ], [ [ 121.0526795, 14.5573695 ], [ 121.0524952, 14.5568381 ] ], [ [ 121.0524952, 14.5568381 ], [ 121.0523589, 14.5564292 ], [ 121.0522435, 14.5560877 ], [ 121.0522155, 14.5560072 ] ], [ [ 121.0522155, 14.5560072 ], [ 121.0521862, 14.5559227 ], [ 121.0520591, 14.5555629 ] ], [ [ 121.0520591, 14.5555629 ], [ 121.0519181, 14.5551476 ] ], [ [ 121.0519181, 14.5551476 ], [ 121.051873, 14.5550808 ] ], [ [ 121.051873, 14.5550808 ], [ 121.0517867, 14.5550202 ] ], [ [ 121.0517867, 14.5550202 ], [ 121.0516063, 14.5545142 ] ], [ [ 121.0516063, 14.5545142 ], [ 121.0514256, 14.5539797 ] ], [ [ 121.0514256, 14.5539797 ], [ 121.0513908, 14.5539353 ], [ 121.0513517, 14.5539226 ] ], [ [ 121.0513517, 14.5539226 ], [ 121.0513046, 14.5539207 ], [ 121.0512395, 14.5539316 ], [ 121.0511258, 14.5539579 ], [ 121.0510288, 14.553977 ], [ 121.0508935, 14.553999 ], [ 121.0507767, 14.5540099 ], [ 121.0505694, 14.5540164 ] ], [ [ 121.0505694, 14.5540164 ], [ 121.0503608, 14.5540202 ], [ 121.0501722, 14.5540109 ], [ 121.0500221, 14.5539994 ], [ 121.049819, 14.5539621 ], [ 121.0496752, 14.5539389 ] ], [ [ 121.0496752, 14.5539389 ], [ 121.0494957, 14.5539965 ], [ 121.0490188, 14.5541495 ] ], [ [ 121.0490188, 14.5541495 ], [ 121.048752, 14.5542392 ], [ 121.0486699, 14.5542662 ] ], [ [ 121.0486699, 14.5542662 ], [ 121.0486064, 14.5541824 ] ], [ [ 121.0486064, 14.5541824 ], [ 121.0485773, 14.5541034 ], [ 121.0482412, 14.5531001 ] ], [ [ 121.0482412, 14.5531001 ], [ 121.0480745, 14.5526016 ], [ 121.0480402, 14.5524943 ] ], [ [ 121.0480402, 14.5524943 ], [ 121.0480135, 14.5524141 ], [ 121.0477954, 14.5517684 ] ], [ [ 121.0477954, 14.5517684 ], [ 121.0477498, 14.5516221 ], [ 121.0477106, 14.5515023 ] ], [ [ 121.0477106, 14.5515023 ], [ 121.0475743, 14.551086 ] ], [ [ 121.0475743, 14.551086 ], [ 121.0475028, 14.5508761 ], [ 121.0474693, 14.5507777 ] ], [ [ 121.0474693, 14.5507777 ], [ 121.0474407, 14.5506936 ] ], [ [ 121.0474407, 14.5506936 ], [ 121.0472874, 14.5502565 ], [ 121.0471609, 14.549891 ], [ 121.0470575, 14.5496032 ] ], [ [ 121.0470575, 14.5496032 ], [ 121.046884, 14.5491229 ], [ 121.0468474, 14.5490207 ] ], [ [ 121.0468474, 14.5490207 ], [ 121.0468252, 14.548958 ], [ 121.0468194, 14.5489417 ], [ 121.0463144, 14.5475006 ] ], [ [ 121.0463144, 14.5475006 ], [ 121.0462677, 14.547362 ] ], [ [ 121.0462677, 14.547362 ], [ 121.0462237, 14.5472234 ] ], [ [ 121.0462237, 14.5472234 ], [ 121.0459947, 14.5465295 ] ], [ [ 121.0459947, 14.5465295 ], [ 121.0458129, 14.5459691 ], [ 121.0457602, 14.5457887 ] ], [ [ 121.0457602, 14.5457887 ], [ 121.0457407, 14.5457137 ], [ 121.0457196, 14.545593 ], [ 121.0457087, 14.5454715 ], [ 121.0456981, 14.5452516 ], [ 121.0456975, 14.5451755 ] ], [ [ 121.0456975, 14.5451755 ], [ 121.045694, 14.5450643 ] ], [ [ 121.045694, 14.5450643 ], [ 121.0456959, 14.5449931 ], [ 121.0456977, 14.544932 ], [ 121.0457062, 14.5448143 ] ], [ [ 121.0457062, 14.5448143 ], [ 121.0457154, 14.5447526 ], [ 121.0457442, 14.5445593 ], [ 121.0458153, 14.5442964 ], [ 121.0462445, 14.5430448 ] ], [ [ 121.0462445, 14.5430448 ], [ 121.0463182, 14.5428594 ], [ 121.046389, 14.5427263 ] ], [ [ 121.046389, 14.5427263 ], [ 121.0465193, 14.5425452 ], [ 121.0465466, 14.542505 ], [ 121.0466364, 14.5424034 ] ], [ [ 121.0466364, 14.5424034 ], [ 121.0467053, 14.542328 ], [ 121.0468232, 14.5421931 ] ], [ [ 121.0468232, 14.5421931 ], [ 121.0469019, 14.5420798 ], [ 121.0469652, 14.5419782 ], [ 121.0469989, 14.5419049 ], [ 121.047031, 14.5418371 ], [ 121.0470662, 14.5416881 ], [ 121.0470666, 14.5416227 ] ], [ [ 121.0470666, 14.5416227 ], [ 121.0470636, 14.5415793 ], [ 121.0470522, 14.5415146 ], [ 121.0469998, 14.5413115 ], [ 121.046969, 14.5410421 ], [ 121.0469571, 14.5406571 ], [ 121.046985, 14.5399531 ] ], [ [ 121.046985, 14.5399531 ], [ 121.0470206, 14.5390579 ], [ 121.047024, 14.5387074 ] ], [ [ 121.047024, 14.5387074 ], [ 121.0470273, 14.5383771 ] ], [ [ 121.0470273, 14.5383771 ], [ 121.0470065, 14.5378409 ], [ 121.0469797, 14.5374164 ], [ 121.0469368, 14.5371957 ], [ 121.0468778, 14.5369607 ], [ 121.046798, 14.5367076 ], [ 121.0466974, 14.5364737 ] ], [ [ 121.0466974, 14.5364737 ], [ 121.0465591, 14.5361585 ] ], [ [ 121.0465591, 14.5361585 ], [ 121.0464178, 14.5358727 ], [ 121.0463688, 14.535769 ] ], [ [ 121.0463688, 14.535769 ], [ 121.0463266, 14.5356878 ] ], [ [ 121.0463266, 14.5356878 ], [ 121.0462656, 14.5355663 ], [ 121.0461871, 14.5354077 ] ], [ [ 121.0461871, 14.5354077 ], [ 121.0461603, 14.5353587 ], [ 121.0460946, 14.5352445 ], [ 121.0460503, 14.5351796 ], [ 121.0459887, 14.5351017 ], [ 121.0459351, 14.5350424 ] ], [ [ 121.0459351, 14.5350424 ], [ 121.04588, 14.534994 ], [ 121.0458203, 14.5349413 ], [ 121.0457486, 14.5348836 ], [ 121.0456856, 14.5348395 ], [ 121.0456066, 14.5347892 ], [ 121.0455474, 14.5347577 ], [ 121.0454857, 14.5347278 ], [ 121.0454247, 14.5347019 ], [ 121.0453731, 14.5346837 ], [ 121.0453155, 14.5346668 ], [ 121.0452363, 14.5346499 ], [ 121.0452275, 14.5346477 ], [ 121.0451303, 14.5346383 ], [ 121.0450633, 14.5346357 ], [ 121.0449798, 14.5346344 ], [ 121.0447982, 14.5346452 ], [ 121.0446534, 14.5346558 ] ], [ [ 121.0446534, 14.5346558 ], [ 121.0444722, 14.5346682 ], [ 121.0435648, 14.5347299 ], [ 121.0427878, 14.534785 ], [ 121.0427536, 14.5347874 ], [ 121.0419665, 14.5348358 ], [ 121.0415739, 14.5348661 ] ], [ [ 121.0415739, 14.5348661 ], [ 121.0409876, 14.5349018 ], [ 121.040937, 14.5349054 ] ], [ [ 121.040937, 14.5349054 ], [ 121.0408713, 14.5349096 ] ], [ [ 121.0408713, 14.5349096 ], [ 121.0408652, 14.5348063 ] ], [ [ 121.0406991, 14.534816 ], [ 121.0408652, 14.5348063 ] ], [ [ 121.0390015, 14.5347925 ], [ 121.0393023, 14.5348339 ], [ 121.039462, 14.5348486 ], [ 121.0396316, 14.5348619 ], [ 121.0397804, 14.5348666 ], [ 121.0399589, 14.5348616 ], [ 121.0401691, 14.5348478 ], [ 121.0402568, 14.5348423 ], [ 121.0403339, 14.5348379 ], [ 121.040583, 14.5348217 ], [ 121.0406689, 14.5348178 ], [ 121.0406991, 14.534816 ] ], [ [ 121.0340491, 14.5310687 ], [ 121.0342802, 14.5312962 ], [ 121.0345602, 14.5316138 ], [ 121.0347588, 14.5318135 ], [ 121.0348202, 14.531874 ], [ 121.034833, 14.5318853 ], [ 121.0349248, 14.5319721 ], [ 121.0355575, 14.5325445 ], [ 121.0360775, 14.5330235 ], [ 121.0365816, 14.533484 ], [ 121.0366753, 14.5335653 ], [ 121.0367321, 14.5336201 ], [ 121.0370998, 14.5339372 ], [ 121.0373313, 14.534099 ], [ 121.037598, 14.5342778 ], [ 121.0377954, 14.5343875 ], [ 121.0380555, 14.5345136 ], [ 121.0382554, 14.5345866 ], [ 121.0385922, 14.5346898 ], [ 121.0388133, 14.5347433 ], [ 121.0390015, 14.5347925 ] ], [ [ 121.0331626, 14.5299502 ], [ 121.033223, 14.5300743 ], [ 121.0332672, 14.5301557 ], [ 121.0333778, 14.5303213 ], [ 121.0334898, 14.5304658 ], [ 121.033596, 14.5305923 ], [ 121.033703, 14.5307134 ], [ 121.0340491, 14.5310687 ] ], [ [ 121.0313345, 14.5279849 ], [ 121.0317545, 14.5282477 ], [ 121.0320013, 14.5283993 ], [ 121.0321843, 14.5285203 ], [ 121.0323471, 14.5286395 ], [ 121.0324756, 14.5287489 ], [ 121.0325839, 14.5288649 ], [ 121.032709, 14.5290338 ], [ 121.0327914, 14.5291728 ], [ 121.0328722, 14.5293239 ], [ 121.0329898, 14.5295855 ], [ 121.0331155, 14.5298471 ], [ 121.0331626, 14.5299502 ] ], [ [ 121.0308043, 14.5277213 ], [ 121.0309302, 14.5277812 ], [ 121.031159, 14.5278919 ], [ 121.0313345, 14.5279849 ] ], [ [ 121.0299633, 14.5273749 ], [ 121.0306105, 14.5276382 ], [ 121.0306431, 14.5276546 ], [ 121.0308043, 14.5277213 ] ], [ [ 121.0279991, 14.5263435 ], [ 121.0283327, 14.5266159 ], [ 121.0284928, 14.5267239 ], [ 121.0286006, 14.5267889 ], [ 121.028715, 14.5268463 ], [ 121.0288576, 14.5269167 ], [ 121.0293759, 14.5271304 ], [ 121.0299633, 14.5273749 ] ], [ [ 121.0278985, 14.5262549 ], [ 121.0279991, 14.5263435 ] ], [ [ 121.027412, 14.5258405 ], [ 121.0276388, 14.5260231 ], [ 121.0278985, 14.5262549 ] ], [ [ 121.027412, 14.5258405 ], [ 121.0275109, 14.5257066 ], [ 121.0273168, 14.5255368 ] ] ] } },
{ "type": "Feature", "properties": { "route_id": "LTFRB_PUJ1122", "osm_relation_id": 11370052, "osm_relation_name": "Balic-Balic–Bustillos via G. Tuazon", "osm_relation_timestamp": "2026-08-06T05:13:38Z", "geometry_source": "osm_relation" }, "geometry": { "type": "MultiLineString", "coordinates": [ [ [ 121.0072825, 14.6131671 ], [ 121.0073303, 14.6131341 ], [ 121.0073624, 14.6131086 ], [ 121.008486, 14.6122177 ] ], [ [ 121.008486, 14.6122177 ], [ 121.0085861, 14.6121383 ] ], [ [ 121.0081408, 14.6115939 ], [ 121.008362, 14.6118643 ], [ 121.0085861, 14.6121383 ] ], [ [ 121.0069471, 14.6125167 ], [ 121.0081408, 14.6115939 ] ], [ [ 121.0065607, 14.6121601 ], [ 121.0065814, 14.6121765 ], [ 121.0066595, 14.6122381 ], [ 121.0066969, 14.6122676 ], [ 121.0068941, 14.6124534 ], [ 121.0069471, 14.6125167 ] ], [ [ 121.0064208, 14.6120537 ], [ 121.0065607, 14.6121601 ] ], [ [ 121.0062459, 14.6119182 ], [ 121.0063021, 14.6119564 ], [ 121.0064208, 14.6120537 ] ], [ [ 121.0059528, 14.611747 ], [ 121.0059971, 14.6117721 ], [ 121.0061138, 14.6118383 ], [ 121.0062459, 14.6119182 ] ], [ [ 121.0056051, 14.6115393 ], [ 121.0056375, 14.6115604 ], [ 121.0057622, 14.6116415 ], [ 121.0059528, 14.611747 ] ], [ [ 121.0053707, 14.6113095 ], [ 121.0054649, 14.6114202 ], [ 121.0056051, 14.6115393 ] ], [ [ 121.0050347, 14.6108816 ], [ 121.0052357, 14.6111347 ], [ 121.0052817, 14.6111938 ], [ 121.0053707, 14.6113095 ] ], [ [ 121.004686, 14.6104842 ], [ 121.0048143, 14.6106174 ], [ 121.0049554, 14.6107845 ], [ 121.0050112, 14.6108528 ], [ 121.0050347, 14.6108816 ] ], [ [ 121.0044175, 14.6102692 ], [ 121.0045414, 14.6103642 ], [ 121.0045943, 14.6104044 ], [ 121.0046456, 14.6104464 ], [ 121.004686, 14.6104842 ] ], [ [ 121.0042266, 14.6099282 ], [ 121.0043146, 14.6101191 ], [ 121.0043402, 14.6101679 ], [ 121.0044175, 14.6102692 ] ], [ [ 121.0039619, 14.6094825 ], [ 121.0041471, 14.6097818 ], [ 121.0041928, 14.6098664 ], [ 121.0042266, 14.6099282 ] ], [ [ 121.0037305, 14.6087476 ], [ 121.0038035, 14.6090279 ], [ 121.0038377, 14.609159 ], [ 121.0039619, 14.6094825 ] ], [ [ 121.0034873, 14.6076384 ], [ 121.0035376, 14.6078719 ], [ 121.003572, 14.6080313 ], [ 121.0036562, 14.6084023 ], [ 121.0036676, 14.6084554 ], [ 121.0037305, 14.6087476 ] ], [ [ 121.0022021, 14.6063844 ], [ 121.0023481, 14.6064547 ], [ 121.0023833, 14.6064763 ], [ 121.0025352, 14.6065673 ], [ 121.0026558, 14.6066481 ], [ 121.0028585, 14.6067813 ], [ 121.0029582, 14.6068429 ], [ 121.0030653, 14.6069091 ], [ 121.0031506, 14.6069672 ], [ 121.0032503, 14.6070459 ], [ 121.0033256, 14.6071322 ], [ 121.0034004, 14.6072591 ], [ 121.0034391, 14.60743 ], [ 121.0034873, 14.6076384 ] ], [ [ 121.000923, 14.6056237 ], [ 121.0012412, 14.6058068 ], [ 121.001366, 14.6058839 ], [ 121.0015536, 14.6059999 ], [ 121.0019144, 14.6062127 ], [ 121.0022021, 14.6063844 ] ], [ [ 121.0002943, 14.6052107 ], [ 121.0004507, 14.6053215 ], [ 121.0005982, 14.6054237 ], [ 121.000923, 14.6056237 ] ], [ [ 120.9980173, 14.6039674 ], [ 120.9983162, 14.6041062 ], [ 120.9986704, 14.6042765 ], [ 120.9990092, 14.6044287 ], [ 120.9996481, 14.6047346 ], [ 120.9996839, 14.6047549 ], [ 120.9996991, 14.6047658 ], [ 120.9998807, 14.6048959 ], [ 120.9999917, 14.6049827 ], [ 121.0001273, 14.6050848 ], [ 121.0002943, 14.6052107 ] ], [ [ 120.9980173, 14.6039674 ], [ 120.9978608, 14.6041515 ] ], [ [ 120.9978608, 14.6041515 ], [ 120.9978263, 14.6042157 ], [ 120.997649, 14.60452 ], [ 120.9975256, 14.60472 ], [ 120.9974395, 14.6048495 ], [ 120.9973683, 14.6049581 ], [ 120.9973249, 14.605013 ], [ 120.9972072, 14.6051668 ], [ 120.9969896, 14.6054068 ], [ 120.9959603, 14.6064964 ], [ 120.9949489, 14.6075507 ] ], [ [ 120.9949489, 14.6075507 ], [ 120.9948687, 14.6074772 ] ], [ [ 120.9948687, 14.6074772 ], [ 120.9947461, 14.6073612 ], [ 120.9945693, 14.6071938 ], [ 120.9944448, 14.607081 ], [ 120.9942979, 14.606948 ], [ 120.9940268, 14.6067005 ], [ 120.9937532, 14.6064547 ] ], [ [ 120.9937532, 14.6064547 ], [ 120.9947656, 14.6054067 ] ], [ [ 120.9947656, 14.6054067 ], [ 120.9949834, 14.605184 ], [ 120.9955592, 14.6045954 ], [ 120.9956014, 14.6045505 ], [ 120.9958013, 14.6043351 ], [ 120.9961228, 14.6039888 ], [ 120.9962406, 14.603862 ], [ 120.9963505, 14.6037436 ], [ 120.996713, 14.6033498 ] ], [ [ 120.996713, 14.6033498 ], [ 120.9964499, 14.6032326 ], [ 120.9959431, 14.603042 ], [ 120.9958052, 14.6030124 ] ], [ [ 120.9958052, 14.6030124 ], [ 120.9953523, 14.6029428 ], [ 120.9946854, 14.6028404 ] ], [ [ 120.9946854, 14.6028404 ], [ 120.9944744, 14.6023359 ] ], [ [ 120.9935324, 14.6020701 ], [ 120.9938861, 14.6021769 ], [ 120.9944744, 14.6023359 ] ], [ [ 120.9936375, 14.6018369 ], [ 120.9935324, 14.6020701 ] ], [ [ 120.9927835, 14.6018664 ], [ 120.9932008, 14.6018532 ], [ 120.9936375, 14.6018369 ] ], [ [ 120.9927835, 14.6018664 ], [ 120.9928476, 14.6020583 ] ] ] } },
{ "type": "Feature", "properties": { "route_id": "LTFRB_PUJ1589", "osm_relation_id": 15021433, "osm_relation_name": "SSS Village–Stop n' Shop via Aurora Boulevard", "osm_relation_timestamp": "2026-08-06T05:13:38Z", "geometry_source": "osm_relation" }, "geometry": { "type": "MultiLineString", "coordinates": [ [ [ 121.0137638, 14.6000724 ], [ 121.0138528, 14.5999514 ], [ 121.0139673, 14.5997885 ], [ 121.0139914, 14.5997506 ], [ 121.0140527, 14.5996658 ], [ 121.0142864, 14.5993486 ], [ 121.0143177, 14.5992997 ] ], [ [ 121.0143177, 14.5992997 ], [ 121.0144875, 14.5990686 ] ], [ [ 121.0144875, 14.5990686 ], [ 121.014577, 14.5989502 ] ], [ [ 121.014577, 14.5989502 ], [ 121.0146277, 14.5988768 ] ], [ [ 121.0146277, 14.5988768 ], [ 121.0146627, 14.5988277 ] ], [ [ 121.0146627, 14.5988277 ], [ 121.0147065, 14.5987637 ], [ 121.0148079, 14.5986147 ], [ 121.0148654, 14.5985278 ], [ 121.0150979, 14.5982045 ], [ 121.0151219, 14.5981725 ] ], [ [ 121.0151219, 14.5981725 ], [ 121.015345, 14.5978462 ], [ 121.0154082, 14.5977603 ], [ 121.0155235, 14.5975918 ], [ 121.0155585, 14.5975528 ] ], [ [ 121.0155585, 14.5975528 ], [ 121.0156609, 14.5974939 ], [ 121.0157051, 14.5974694 ], [ 121.0157603, 14.597446 ], [ 121.0158378, 14.5974252 ], [ 121.0159227, 14.5974084 ], [ 121.0159741, 14.5974024 ], [ 121.0160271, 14.5973976 ], [ 121.0160911, 14.5973964 ], [ 121.0162018, 14.5973987 ], [ 121.0163207, 14.5974082 ] ], [ [ 121.0163207, 14.5974082 ], [ 121.0165074, 14.5974394 ], [ 121.016733, 14.597489 ] ], [ [ 121.016733, 14.597489 ], [ 121.0171101, 14.5975634 ], [ 121.0176006, 14.5976601 ] ], [ [ 121.0176006, 14.5976601 ], [ 121.0175861, 14.5977218 ], [ 121.0175816, 14.5977436 ], [ 121.0175651, 14.5977952 ], [ 121.0173419, 14.5984964 ] ], [ [ 121.0173419, 14.5984964 ], [ 121.01727, 14.5987172 ], [ 121.0170983, 14.5992327 ], [ 121.0170784, 14.5992939 ] ], [ [ 121.0170784, 14.5992939 ], [ 121.0169523, 14.5996926 ], [ 121.0168378, 14.6000682 ], [ 121.0168077, 14.600146 ] ], [ [ 121.0168077, 14.600146 ], [ 121.0168122, 14.6002931 ], [ 121.0166834, 14.6006937 ], [ 121.0166351, 14.6008376 ], [ 121.0165854, 14.6009855 ], [ 121.01654, 14.6011329 ], [ 121.0164368, 14.6014402 ], [ 121.0162537, 14.6019854 ], [ 121.0162138, 14.6021057 ], [ 121.0161135, 14.6024093 ], [ 121.0160684, 14.6025589 ] ], [ [ 121.0160684, 14.6025589 ], [ 121.0160669, 14.6026221 ], [ 121.0160653, 14.6026765 ], [ 121.0160693, 14.6027388 ], [ 121.0160791, 14.6028146 ], [ 121.0160946, 14.6028766 ], [ 121.0161171, 14.6029432 ], [ 121.0161598, 14.6030465 ] ], [ [ 121.0161598, 14.6030465 ], [ 121.0169444, 14.60383 ] ], [ [ 121.0169444, 14.60383 ], [ 121.0169693, 14.6038549 ], [ 121.0170317, 14.6039164 ], [ 121.017208, 14.6040902 ], [ 121.0175354, 14.6044132 ], [ 121.017673, 14.6045508 ], [ 121.0177103, 14.6045862 ], [ 121.0180695, 14.6049395 ], [ 121.0182576, 14.6051252 ] ], [ [ 121.0182576, 14.6051252 ], [ 121.0186028, 14.6054679 ] ], [ [ 121.0186028, 14.6054679 ], [ 121.0186831, 14.6055461 ] ], [ [ 121.0186831, 14.6055461 ], [ 121.0188367, 14.6056923 ] ], [ [ 121.0188367, 14.6056923 ], [ 121.0188968, 14.6057496 ] ], [ [ 121.0188968, 14.6057496 ], [ 121.018968, 14.6058201 ], [ 121.0196793, 14.6065239 ], [ 121.0197328, 14.6065768 ], [ 121.0200841, 14.6069245 ], [ 121.0202639, 14.6071024 ], [ 121.0205979, 14.6074329 ], [ 121.0208602, 14.6076924 ], [ 121.0210168, 14.6078473 ], [ 121.0211056, 14.6079353 ], [ 121.0212307, 14.608059 ], [ 121.0214498, 14.6082758 ], [ 121.0216091, 14.608433 ], [ 121.0217123, 14.6085454 ], [ 121.0217969, 14.6086399 ] ], [ [ 121.0217969, 14.6086399 ], [ 121.0220507, 14.6088973 ] ], [ [ 121.0220507, 14.6088973 ], [ 121.0222673, 14.6090859 ] ], [ [ 121.0222673, 14.6090859 ], [ 121.0223581, 14.6091627 ], [ 121.022443, 14.6092171 ], [ 121.0226061, 14.6093195 ], [ 121.0227815, 14.609409 ], [ 121.02294, 14.6094759 ], [ 121.0236901, 14.6097186 ], [ 121.0243456, 14.6099418 ] ], [ [ 121.0243456, 14.6099418 ], [ 121.024515, 14.6099995 ] ], [ [ 121.024515, 14.6099995 ], [ 121.0252926, 14.6102494 ], [ 121.0254848, 14.6103107 ], [ 121.0255938, 14.6103471 ], [ 121.0264118, 14.6106166 ], [ 121.0265457, 14.6106607 ] ], [ [ 121.0265457, 14.6106607 ], [ 121.0274912, 14.6109702 ], [ 121.0282939, 14.6112417 ], [ 121.029195, 14.6115319 ], [ 121.0296606, 14.6116856 ] ], [ [ 121.0296606, 14.6116856 ], [ 121.0297214, 14.6117046 ] ], [ [ 121.0297214, 14.6117046 ], [ 121.0297217, 14.6117047 ], [ 121.030321, 14.6119015 ] ], [ [ 121.030321, 14.6119015 ], [ 121.0307904, 14.6120595 ] ], [ [ 121.0307904, 14.6120595 ], [ 121.0311971, 14.6121898 ] ], [ [ 121.0311971, 14.6121898 ], [ 121.0313539, 14.6122423 ] ], [ [ 121.0313539, 14.6122423 ], [ 121.0315043, 14.6122904 ], [ 121.0315535, 14.6123066 ], [ 121.0317963, 14.6123874 ] ], [ [ 121.0317963, 14.6123874 ], [ 121.0323737, 14.612584 ], [ 121.0323851, 14.6125878 ], [ 121.0324263, 14.6126016 ] ], [ [ 121.0324263, 14.6126016 ], [ 121.0327976, 14.6127417 ], [ 121.0329377, 14.6127982 ], [ 121.0330162, 14.6128362 ], [ 121.0330543, 14.6128567 ], [ 121.0331025, 14.6128827 ], [ 121.0332179, 14.6129519 ], [ 121.0338746, 14.6133289 ], [ 121.0340862, 14.6134504 ], [ 121.0345986, 14.6137446 ], [ 121.034709, 14.613805 ] ], [ [ 121.034709, 14.613805 ], [ 121.0347765, 14.6138462 ], [ 121.0355827, 14.6143071 ], [ 121.0356349, 14.614337 ], [ 121.0357669, 14.614406 ], [ 121.036313, 14.6147317 ], [ 121.0365226, 14.6148498 ], [ 121.0365875, 14.6148883 ] ], [ [ 121.0365875, 14.6148883 ], [ 121.036852, 14.6150444 ], [ 121.0369355, 14.6150931 ] ], [ [ 121.0369355, 14.6150931 ], [ 121.0370057, 14.6151344 ], [ 121.0373912, 14.6153496 ] ], [ [ 121.0373912, 14.6153496 ], [ 121.0376304, 14.6154898 ], [ 121.0377483, 14.6155623 ] ], [ [ 121.0377483, 14.6155623 ], [ 121.0384978, 14.615998 ] ], [ [ 121.0384978, 14.615998 ], [ 121.0393384, 14.6164996 ] ], [ [ 121.0393384, 14.6164996 ], [ 121.0396217, 14.6166693 ], [ 121.0396857, 14.6167082 ] ], [ [ 121.0396857, 14.6167082 ], [ 121.039742, 14.6167414 ], [ 121.0402246, 14.6170265 ] ], [ [ 121.0402246, 14.6170265 ], [ 121.0422304, 14.6182223 ], [ 121.0423783, 14.6183139 ], [ 121.042722, 14.6185266 ], [ 121.0431762, 14.6187936 ], [ 121.0435788, 14.6190316 ], [ 121.0441247, 14.619352 ], [ 121.04413, 14.619355 ], [ 121.0441564, 14.6193654 ], [ 121.044442, 14.619478 ], [ 121.044649, 14.6195465 ], [ 121.0452609, 14.6197245 ], [ 121.0459446, 14.61992 ] ], [ [ 121.0459446, 14.61992 ], [ 121.0461451, 14.6199783 ] ], [ [ 121.0461451, 14.6199783 ], [ 121.0466224, 14.6201463 ], [ 121.0468493, 14.6202261 ], [ 121.0471219, 14.620322 ] ], [ [ 121.0471219, 14.620322 ], [ 121.0481034, 14.62066 ], [ 121.0488986, 14.6209355 ] ], [ [ 121.0488986, 14.6209355 ], [ 121.0491245, 14.6210159 ] ], [ [ 121.0491245, 14.6210159 ], [ 121.049245, 14.6210663 ], [ 121.0492832, 14.6210852 ], [ 121.0494173, 14.6211413 ], [ 121.049516, 14.621219 ] ], [ [ 121.049516, 14.621219 ], [ 121.0495376, 14.6212301 ], [ 121.049652, 14.6212893 ], [ 121.0499125, 14.6214242 ], [ 121.0500025, 14.6214709 ] ], [ [ 121.0500025, 14.6214709 ], [ 121.0502862, 14.6215967 ] ], [ [ 121.0502862, 14.6215967 ], [ 121.050945, 14.6218742 ] ], [ [ 121.050945, 14.6218742 ], [ 121.0511845, 14.6219762 ], [ 121.0514143, 14.6220741 ] ], [ [ 121.0514143, 14.6220741 ], [ 121.0516428, 14.6221715 ] ], [ [ 121.0516428, 14.6221715 ], [ 121.0516995, 14.6221972 ] ], [ [ 121.0516995, 14.6221972 ], [ 121.0517341, 14.6222122 ], [ 121.0521815, 14.6224204 ] ], [ [ 121.0521815, 14.6224204 ], [ 121.0523305, 14.6224906 ] ], [ [ 121.0523305, 14.6224906 ], [ 121.0524128, 14.6224594 ] ], [ [ 121.0524128, 14.6224594 ], [ 121.0528796, 14.6226825 ] ], [ [ 121.0528796, 14.6226825 ], [ 121.052882, 14.6227627 ] ], [ [ 121.052882, 14.6227627 ], [ 121.0530745, 14.6228555 ], [ 121.0530901, 14.6228624 ] ], [ [ 121.0530901, 14.6228624 ], [ 121.0532206, 14.6229205 ] ], [ [ 121.0532206, 14.6229205 ], [ 121.0532482, 14.6229328 ] ], [ [ 121.0532482, 14.6229328 ], [ 121.0533485, 14.6229822 ], [ 121.0535251, 14.6230691 ] ], [ [ 121.0535251, 14.6230691 ], [ 121.053913, 14.6232658 ] ], [ [ 121.053913, 14.6232658 ], [ 121.0541111, 14.6233584 ] ], [ [ 121.0541111, 14.6233584 ], [ 121.0549827, 14.623768 ] ], [ [ 121.0549827, 14.623768 ], [ 121.0553812, 14.6239589 ], [ 121.0554417, 14.6239879 ] ], [ [ 121.0554417, 14.6239879 ], [ 121.0560089, 14.6242553 ] ], [ [ 121.0560089, 14.6242553 ], [ 121.0566024, 14.6245408 ] ], [ [ 121.0566024, 14.6245408 ], [ 121.0572034, 14.6248429 ] ], [ [ 121.0572034, 14.6248429 ], [ 121.0577187, 14.6251015 ], [ 121.0579215, 14.6252039 ], [ 121.0580485, 14.6252673 ], [ 121.0582226, 14.625355 ], [ 121.0587393, 14.6256155 ], [ 121.0588685, 14.6256807 ], [ 121.0589342, 14.6257139 ], [ 121.0594639, 14.6259799 ], [ 121.059509, 14.6260026 ], [ 121.0595286, 14.6260124 ], [ 121.0598101, 14.6261494 ], [ 121.0598755, 14.6261812 ], [ 121.0601867, 14.6263326 ] ], [ [ 121.0601867, 14.6263326 ], [ 121.0604418, 14.6264571 ] ], [ [ 121.0604418, 14.6264571 ], [ 121.0605036, 14.6264871 ], [ 121.0605115, 14.6264905 ], [ 121.0608529, 14.6266587 ], [ 121.0612432, 14.6268597 ], [ 121.0613666, 14.6269233 ], [ 121.0614448, 14.6269592 ], [ 121.0615173, 14.6269954 ], [ 121.0620442, 14.6272485 ], [ 121.0621187, 14.6272812 ], [ 121.0623639, 14.6274017 ], [ 121.0624073, 14.6274199 ], [ 121.0625685, 14.6275003 ] ], [ [ 121.0625685, 14.6275003 ], [ 121.0626327, 14.6275255 ] ], [ [ 121.0626327, 14.6275255 ], [ 121.0627342, 14.6275618 ], [ 121.0629963, 14.6276473 ] ], [ [ 121.0629963, 14.6276473 ], [ 121.0632396, 14.6277159 ] ], [ [ 121.0632396, 14.6277159 ], [ 121.0632751, 14.627723 ] ], [ [ 121.0632751, 14.627723 ], [ 121.0635545, 14.6277691 ] ], [ [ 121.0635545, 14.6277691 ], [ 121.0640374, 14.6278498 ], [ 121.0641879, 14.6278749 ], [ 121.0650935, 14.6280297 ], [ 121.0656267, 14.6281114 ], [ 121.0664777, 14.6282469 ], [ 121.0668325, 14.6283018 ], [ 121.0670844, 14.6283574 ], [ 121.0673507, 14.6284441 ], [ 121.0675188, 14.6285054 ], [ 121.0675922, 14.6285327 ], [ 121.0677246, 14.6285906 ], [ 121.0677709, 14.6286114 ], [ 121.0679417, 14.6286865 ], [ 121.0679954, 14.6287148 ], [ 121.0681005, 14.6287607 ], [ 121.068304, 14.6288509 ], [ 121.0684136, 14.6288994 ], [ 121.0685024, 14.6289426 ], [ 121.06856, 14.6289714 ], [ 121.0689149, 14.6291319 ], [ 121.0692971, 14.6293081 ] ], [ [ 121.0692971, 14.6293081 ], [ 121.0693586, 14.6293338 ] ], [ [ 121.0693586, 14.6293338 ], [ 121.0694432, 14.6293698 ], [ 121.0695124, 14.6294019 ], [ 121.069676, 14.6294778 ], [ 121.0699127, 14.6295838 ], [ 121.0705332, 14.6298695 ] ], [ [ 121.0705332, 14.6298695 ], [ 121.0711805, 14.6301564 ] ], [ [ 121.0711805, 14.6301564 ], [ 121.0714761, 14.6303013 ], [ 121.0715556, 14.6303403 ] ], [ [ 121.0715556, 14.6303403 ], [ 121.0716958, 14.6304052 ] ], [ [ 121.0716958, 14.6304052 ], [ 121.072139, 14.630619 ], [ 121.072386, 14.630738 ], [ 121.0724579, 14.6307727 ], [ 121.0728209, 14.6309477 ] ], [ [ 121.0728209, 14.6309477 ], [ 121.0734706, 14.6312798 ] ], [ [ 121.0734706, 14.6312798 ], [ 121.0740613, 14.6316004 ] ], [ [ 121.0740613, 14.6316004 ], [ 121.0742305, 14.6316867 ], [ 121.0743251, 14.6317342 ] ], [ [ 121.0743251, 14.6317342 ], [ 121.0744739, 14.6318146 ] ], [ [ 121.0744739, 14.6318146 ], [ 121.0746423, 14.6319055 ] ], [ [ 121.0746423, 14.6319055 ], [ 121.0749746, 14.632085 ], [ 121.0752275, 14.6322216 ], [ 121.0754302, 14.6323311 ] ], [ [ 121.0754302, 14.6323311 ], [ 121.0756542, 14.6324438 ], [ 121.0758115, 14.6325141 ] ], [ [ 121.0758115, 14.6325141 ], [ 121.0758815, 14.6325687 ], [ 121.0761079, 14.6326567 ], [ 121.0762888, 14.6326778 ] ], [ [ 121.0762888, 14.6326778 ], [ 121.0764162, 14.6326785 ], [ 121.0765846, 14.632658 ], [ 121.0768843, 14.6325878 ], [ 121.0772085, 14.6324789 ], [ 121.0774862, 14.6323516 ], [ 121.0778182, 14.6321298 ], [ 121.0780203, 14.6320263 ], [ 121.0782089, 14.6319748 ], [ 121.0784361, 14.6319683 ], [ 121.07874, 14.6320078 ], [ 121.0795637, 14.6321502 ] ], [ [ 121.0795637, 14.6321502 ], [ 121.0800602, 14.6322107 ] ], [ [ 121.0800602, 14.6322107 ], [ 121.0800874, 14.6322172 ] ], [ [ 121.0800874, 14.6322172 ], [ 121.0801818, 14.6322411 ], [ 121.0804493, 14.6322989 ] ], [ [ 121.0804493, 14.6322989 ], [ 121.0804805, 14.6323066 ] ], [ [ 121.0804805, 14.6323066 ], [ 121.0811792, 14.6324461 ] ], [ [ 121.0811792, 14.6324461 ], [ 121.0815091, 14.6325194 ] ], [ [ 121.0815091, 14.6325194 ], [ 121.0815625, 14.6325319 ] ], [ [ 121.0815625, 14.6325319 ], [ 121.0817814, 14.6325934 ], [ 121.0819101, 14.6326297 ], [ 121.0819768, 14.6326497 ] ], [ [ 121.0819768, 14.6326497 ], [ 121.0820295, 14.6326667 ] ], [ [ 121.0820295, 14.6326667 ], [ 121.0821252, 14.6326906 ], [ 121.0821765, 14.6327047 ], [ 121.0823025, 14.6327411 ] ], [ [ 121.0823025, 14.6327411 ], [ 121.0823833, 14.6327708 ] ], [ [ 121.0823833, 14.6327708 ], [ 121.0826831, 14.6328609 ], [ 121.0827308, 14.6328761 ], [ 121.082795, 14.6328964 ] ], [ [ 121.082795, 14.6328964 ], [ 121.0828487, 14.6329174 ], [ 121.0829922, 14.6329577 ], [ 121.083317, 14.6330551 ], [ 121.0837203, 14.6331874 ] ], [ [ 121.0837203, 14.6331874 ], [ 121.0840461, 14.6332837 ] ], [ [ 121.0840461, 14.6332837 ], [ 121.0841511, 14.6333203 ] ], [ [ 121.0841511, 14.6333203 ], [ 121.0842591, 14.6333548 ], [ 121.0843957, 14.6333968 ], [ 121.0847243, 14.6335003 ], [ 121.0849568, 14.6335735 ], [ 121.0850009, 14.6335898 ] ], [ [ 121.0850009, 14.6335898 ], [ 121.0850093, 14.6335929 ], [ 121.0851429, 14.6336421 ] ], [ [ 121.0851429, 14.6336421 ], [ 121.0852318, 14.633681 ] ], [ [ 121.0852318, 14.633681 ], [ 121.0853943, 14.633752 ], [ 121.085513, 14.6338083 ], [ 121.0857406, 14.6339161 ], [ 121.0861678, 14.6341186 ], [ 121.086196, 14.634132 ] ], [ [ 121.086196, 14.634132 ], [ 121.0863739, 14.6342198 ] ], [ [ 121.0863739, 14.6342198 ], [ 121.0864027, 14.6342332 ], [ 121.086631, 14.6343445 ], [ 121.0866962, 14.6343782 ], [ 121.0867432, 14.6344025 ], [ 121.0874071, 14.6347326 ] ], [ [ 121.0874071, 14.6347326 ], [ 121.0876054, 14.6348312 ] ], [ [ 121.0876054, 14.6348312 ], [ 121.0878304, 14.6349431 ], [ 121.0878793, 14.634966 ], [ 121.0884833, 14.6352595 ] ], [ [ 121.0884833, 14.6352595 ], [ 121.0886342, 14.6353361 ], [ 121.08879, 14.6354152 ], [ 121.0888623, 14.635449 ] ], [ [ 121.0888623, 14.635449 ], [ 121.0892079, 14.6356172 ] ], [ [ 121.0892079, 14.6356172 ], [ 121.0894307, 14.6357224 ] ], [ [ 121.0894307, 14.6357224 ], [ 121.0895665, 14.6357916 ], [ 121.089748, 14.6358803 ], [ 121.0899304, 14.6359694 ], [ 121.0899864, 14.6359957 ], [ 121.0901017, 14.6360522 ], [ 121.0904093, 14.6361865 ], [ 121.0904383, 14.636196 ], [ 121.090468, 14.6362042 ], [ 121.0904976, 14.6362108 ], [ 121.0905246, 14.6362143 ], [ 121.0905523, 14.6362156 ], [ 121.0905862, 14.636214 ], [ 121.0906183, 14.6362113 ] ], [ [ 121.0906183, 14.6362113 ], [ 121.0907735, 14.636201 ], [ 121.0909219, 14.6361912 ] ], [ [ 121.0909219, 14.6361912 ], [ 121.0910676, 14.6361775 ], [ 121.0915208, 14.6361455 ] ], [ [ 121.0915208, 14.6361455 ], [ 121.0919281, 14.6361146 ] ], [ [ 121.0919281, 14.6361146 ], [ 121.0920748, 14.6360575 ], [ 121.0921975, 14.6360493 ] ], [ [ 121.0921975, 14.6360493 ], [ 121.0932576, 14.6359642 ], [ 121.0937901, 14.6359266 ], [ 121.0943079, 14.6358704 ] ], [ [ 121.0943079, 14.6358704 ], [ 121.0944334, 14.6359134 ] ], [ [ 121.0944538, 14.6360183 ], [ 121.0944334, 14.6359134 ] ], [ [ 121.0944659, 14.6362799 ], [ 121.0944656, 14.6361355 ], [ 121.0944538, 14.6360183 ] ], [ [ 121.0941728, 14.6373029 ], [ 121.0941854, 14.6372225 ], [ 121.0942294, 14.6369996 ], [ 121.0942983, 14.6367374 ], [ 121.0943912, 14.636499 ], [ 121.0944375, 14.6363699 ], [ 121.0944659, 14.6362799 ] ], [ [ 121.1019765, 14.6496498 ], [ 121.1017296, 14.6495209 ], [ 121.1015828, 14.649464 ], [ 121.101393, 14.6494038 ], [ 121.1012047, 14.6493595 ], [ 121.101113, 14.6493448 ], [ 121.1009057, 14.6493231 ], [ 121.1007228, 14.6493167 ], [ 121.1005594, 14.6493212 ], [ 121.1003786, 14.6493373 ], [ 121.1002599, 14.6493543 ], [ 121.1001597, 14.6493676 ], [ 121.0999921, 14.6493915 ], [ 121.0999017, 14.6494029 ], [ 121.099697, 14.6494324 ], [ 121.0996234, 14.649443 ], [ 121.0995578, 14.6494483 ], [ 121.0994397, 14.6494595 ], [ 121.099311, 14.6494596 ], [ 121.0992029, 14.649439 ], [ 121.0989358, 14.6493875 ], [ 121.0984027, 14.6492659 ], [ 121.0983203, 14.6492478 ], [ 121.0981686, 14.6492146 ], [ 121.0980583, 14.6491904 ], [ 121.0979317, 14.6491046 ], [ 121.0978142, 14.6489916 ], [ 121.0977537, 14.6489231 ], [ 121.097723, 14.6488884 ], [ 121.0975521, 14.648695 ], [ 121.0974703, 14.6485978 ], [ 121.0973889, 14.6484509 ], [ 121.0973165, 14.6483121 ], [ 121.0972548, 14.6481939 ], [ 121.0971951, 14.6480795 ], [ 121.0971575, 14.6480089 ], [ 121.0971315, 14.6479599 ], [ 121.0969895, 14.6476745 ], [ 121.0969229, 14.6474995 ], [ 121.0968998, 14.6474302 ], [ 121.0968343, 14.647141 ], [ 121.0967131, 14.6465685 ], [ 121.0966323, 14.6461867 ], [ 121.0965965, 14.6460174 ], [ 121.0965828, 14.6459524 ], [ 121.0965537, 14.6458394 ], [ 121.0965327, 14.6457575 ], [ 121.0964768, 14.6455594 ], [ 121.0964466, 14.6454524 ], [ 121.0963437, 14.6452206 ], [ 121.0963167, 14.6451561 ], [ 121.0961081, 14.6447651 ], [ 121.0960691, 14.6446904 ], [ 121.0958396, 14.6442472 ], [ 121.0957699, 14.6441319 ], [ 121.0957387, 14.6440737 ], [ 121.0956613, 14.6439442 ], [ 121.0954624, 14.6436375 ], [ 121.0953132, 14.6434138 ], [ 121.0953071, 14.6434046 ], [ 121.0951192, 14.6431344 ], [ 121.0950307, 14.6430064 ], [ 121.094933, 14.6428642 ], [ 121.0948779, 14.6427835 ], [ 121.0948487, 14.6427411 ], [ 121.0948045, 14.6426771 ], [ 121.0945253, 14.6423519 ], [ 121.0944951, 14.6423167 ], [ 121.0944078, 14.6422197 ], [ 121.0942536, 14.6420485 ], [ 121.0942094, 14.6419943 ], [ 121.0941376, 14.6418934 ], [ 121.0941106, 14.6418145 ], [ 121.0941021, 14.6416764 ], [ 121.094101, 14.6415836 ], [ 121.0941025, 14.6413083 ], [ 121.0941149, 14.6410827 ], [ 121.0941167, 14.641048 ], [ 121.094161, 14.6406943 ], [ 121.0941747, 14.6405845 ], [ 121.0941836, 14.6405204 ], [ 121.0942255, 14.6401982 ], [ 121.0942283, 14.6401152 ], [ 121.0942322, 14.6400022 ], [ 121.0942234, 14.639453 ], [ 121.0941977, 14.6390802 ], [ 121.0941901, 14.6389704 ], [ 121.0941491, 14.6386709 ], [ 121.0941245, 14.6383628 ], [ 121.0941118, 14.6380437 ], [ 121.0941442, 14.6375521 ], [ 121.0941625, 14.6373779 ], [ 121.0941728, 14.6373029 ] ], [ [ 121.1026179, 14.6502468 ], [ 121.102489, 14.6500807 ], [ 121.1023559, 14.64994 ], [ 121.102219, 14.6498124 ], [ 121.1021161, 14.6497338 ], [ 121.1020508, 14.6496916 ], [ 121.1019765, 14.6496498 ] ], [ [ 121.102844, 14.6507202 ], [ 121.1027942, 14.6506074 ], [ 121.1027274, 14.6504559 ], [ 121.1026179, 14.6502468 ] ], [ [ 121.102844, 14.6507202 ], [ 121.1030925, 14.6507119 ] ], [ [ 121.1030925, 14.6507119 ], [ 121.1031902, 14.6507339 ], [ 121.1032364, 14.6507483 ], [ 121.103714, 14.6508955 ] ], [ [ 121.103714, 14.6508955 ], [ 121.1039023, 14.6509276 ], [ 121.1041224, 14.650945 ], [ 121.104403, 14.6509315 ] ], [ [ 121.104403, 14.6509315 ], [ 121.1045976, 14.6508931 ], [ 121.1047768, 14.6508577 ], [ 121.1048714, 14.6508391 ] ], [ [ 121.1048714, 14.6508391 ], [ 121.1049905, 14.6508148 ] ], [ [ 121.1049905, 14.6508148 ], [ 121.1057043, 14.6506548 ], [ 121.1058258, 14.650639 ], [ 121.1061267, 14.6506389 ], [ 121.1062649, 14.6506398 ], [ 121.1067416, 14.6506511 ], [ 121.1070223, 14.6506635 ] ], [ [ 121.1070223, 14.6506635 ], [ 121.1072619, 14.6506792 ] ], [ [ 121.1072619, 14.6506792 ], [ 121.1074443, 14.6506976 ] ], [ [ 121.1074443, 14.6506976 ], [ 121.1075699, 14.6507234 ] ], [ [ 121.1075699, 14.6507234 ], [ 121.1075849, 14.6507267 ], [ 121.1076137, 14.6507338 ], [ 121.1076699, 14.6507479 ], [ 121.107733, 14.6507643 ] ], [ [ 121.107733, 14.6507643 ], [ 121.1083208, 14.6509103 ] ], [ [ 121.1083208, 14.6509103 ], [ 121.1083719, 14.6509232 ], [ 121.1086083, 14.6509796 ], [ 121.1089045, 14.6510486 ], [ 121.1091252, 14.651077 ] ], [ [ 121.1091252, 14.651077 ], [ 121.1092242, 14.6510846 ], [ 121.109329, 14.6510839 ] ], [ [ 121.109329, 14.6510839 ], [ 121.109363, 14.6510841 ], [ 121.1097557, 14.6510594 ] ], [ [ 121.1097557, 14.6510594 ], [ 121.1098561, 14.6510519 ] ], [ [ 121.1098561, 14.6510519 ], [ 121.1100639, 14.65104 ], [ 121.1103647, 14.6510181 ], [ 121.1107846, 14.650987 ] ], [ [ 121.1107846, 14.650987 ], [ 121.1110296, 14.6509701 ], [ 121.1111034, 14.6509621 ], [ 121.1112083, 14.650949 ], [ 121.111755, 14.6508615 ], [ 121.1117818, 14.650856 ], [ 121.1118267, 14.6508494 ] ], [ [ 121.1118267, 14.6508494 ], [ 121.1118926, 14.6507671 ] ], [ [ 121.1118926, 14.6507671 ], [ 121.111865, 14.6506847 ], [ 121.1118485, 14.6506339 ], [ 121.1118358, 14.6505384 ], [ 121.1118335, 14.6504528 ], [ 121.1118323, 14.6503914 ], [ 121.1118307, 14.6501133 ], [ 121.1118467, 14.6499652 ], [ 121.1118493, 14.6499408 ], [ 121.1118772, 14.64982 ], [ 121.1118958, 14.6497464 ], [ 121.1119446, 14.6495299 ], [ 121.1119725, 14.6494468 ], [ 121.1120006, 14.6493632 ], [ 121.1120327, 14.6492675 ], [ 121.1120371, 14.6492544 ], [ 121.1121105, 14.6490266 ], [ 121.1121762, 14.6488099 ], [ 121.1122431, 14.6485765 ], [ 121.1122655, 14.6484984 ] ], [ [ 121.1122655, 14.6484984 ], [ 121.1122858, 14.6484317 ], [ 121.112325, 14.6483004 ], [ 121.1123658, 14.6481636 ], [ 121.1123985, 14.6480542 ], [ 121.1124281, 14.6479552 ], [ 121.112458, 14.6478548 ], [ 121.112492, 14.647741 ], [ 121.1125021, 14.6477107 ], [ 121.1125194, 14.6476526 ], [ 121.1125403, 14.6475753 ], [ 121.1125544, 14.6475098 ], [ 121.1125663, 14.6474431 ], [ 121.1125803, 14.6473527 ], [ 121.112589, 14.6472911 ], [ 121.1125936, 14.6472576 ], [ 121.1125973, 14.6472136 ], [ 121.112599, 14.6471724 ], [ 121.1125999, 14.6471272 ], [ 121.1126004, 14.6470551 ], [ 121.1126013, 14.6469863 ], [ 121.1126008, 14.6469098 ], [ 121.1126042, 14.6468271 ], [ 121.1126075, 14.6467804 ], [ 121.1126148, 14.6467236 ], [ 121.1126231, 14.6466691 ], [ 121.1126328, 14.6466079 ], [ 121.1126446, 14.6465489 ], [ 121.112661, 14.6464904 ], [ 121.1126788, 14.6464351 ], [ 121.1127049, 14.6463581 ] ], [ [ 121.1127049, 14.6463581 ], [ 121.1128127, 14.6460949 ], [ 121.1128342, 14.646041 ], [ 121.1128562, 14.6459858 ] ], [ [ 121.1128562, 14.6459858 ], [ 121.112875, 14.6459459 ], [ 121.1128938, 14.6459109 ], [ 121.1129359, 14.6458271 ], [ 121.113004, 14.6457051 ], [ 121.1130704, 14.6455898 ], [ 121.1131072, 14.6455348 ], [ 121.11315, 14.6454769 ], [ 121.1131862, 14.6454307 ], [ 121.1132242, 14.6453883 ], [ 121.1133005, 14.6453056 ], [ 121.1133819, 14.6452253 ], [ 121.1134563, 14.6451566 ], [ 121.113525, 14.6450958 ], [ 121.1135865, 14.6450446 ], [ 121.1136487, 14.6449897 ], [ 121.1137068, 14.6449439 ], [ 121.1137863, 14.644886 ], [ 121.1138776, 14.6448255 ] ], [ [ 121.1138776, 14.6448255 ], [ 121.1139556, 14.6447707 ], [ 121.114031, 14.644724 ], [ 121.114148, 14.6446562 ], [ 121.1142823, 14.6445871 ], [ 121.114409, 14.644525 ], [ 121.1145335, 14.6444708 ], [ 121.1146372, 14.6444293 ], [ 121.114736, 14.6443931 ] ], [ [ 121.114736, 14.6443931 ], [ 121.1148571, 14.6443549 ], [ 121.1149939, 14.6443157 ], [ 121.1151184, 14.6442811 ], [ 121.1152969, 14.6442356 ] ], [ [ 121.1152969, 14.6442356 ], [ 121.1154509, 14.6442057 ], [ 121.115599, 14.6441813 ], [ 121.1157595, 14.6441583 ], [ 121.1158732, 14.644148 ], [ 121.1159851, 14.6441431 ], [ 121.116103, 14.644142 ], [ 121.1162716, 14.6441475 ], [ 121.1164475, 14.6441586 ], [ 121.1165398, 14.6441666 ], [ 121.1166619, 14.6441785 ], [ 121.1168049, 14.6441948 ], [ 121.1169325, 14.6442127 ], [ 121.1170274, 14.6442279 ] ], [ [ 121.1170274, 14.6442279 ], [ 121.1171068, 14.6442475 ], [ 121.1172875, 14.6442992 ], [ 121.117471, 14.6443553 ], [ 121.1176006, 14.644399 ], [ 121.1176173, 14.6444046 ], [ 121.1176642, 14.6444204 ], [ 121.1178354, 14.6444859 ], [ 121.1180071, 14.6445578 ] ], [ [ 121.1180071, 14.6445578 ], [ 121.1181807, 14.6446456 ], [ 121.118346, 14.6447356 ] ], [ [ 121.118346, 14.6447356 ], [ 121.1185355, 14.6448436 ], [ 121.1187173, 14.6449574 ] ], [ [ 121.1187173, 14.6449574 ], [ 121.1188178, 14.6450236 ], [ 121.1189143, 14.6450909 ] ], [ [ 121.1189143, 14.6450909 ], [ 121.1189809, 14.6451358 ], [ 121.1190463, 14.6451815 ] ], [ [ 121.1190463, 14.6451815 ], [ 121.1191185, 14.6452303 ], [ 121.1191856, 14.6452771 ] ], [ [ 121.1191856, 14.6452771 ], [ 121.119329, 14.6454003 ], [ 121.119465, 14.6455223 ], [ 121.1195114, 14.6455647 ], [ 121.1195228, 14.6455752 ] ], [ [ 121.1208788, 14.644304 ], [ 121.1206442, 14.6445253 ], [ 121.1205957, 14.6445695 ], [ 121.1205473, 14.6446151 ], [ 121.1199043, 14.6452127 ], [ 121.1195778, 14.6455193 ], [ 121.1195228, 14.6455752 ] ], [ [ 121.1219423, 14.6405338 ], [ 121.1219548, 14.6406429 ], [ 121.1219783, 14.6408816 ], [ 121.1219863, 14.640962 ], [ 121.1219949, 14.6410542 ], [ 121.1220341, 14.6414058 ], [ 121.1220468, 14.642045 ], [ 121.1220471, 14.6421122 ], [ 121.1220368, 14.6422067 ], [ 121.1219864, 14.6424866 ], [ 121.1219341, 14.6427284 ], [ 121.1218528, 14.6429539 ], [ 121.1216737, 14.6433429 ], [ 121.1216672, 14.643357 ], [ 121.1215089, 14.6435991 ], [ 121.1213295, 14.6438295 ], [ 121.1208788, 14.644304 ] ], [ [ 121.1219423, 14.6405338 ], [ 121.1212594, 14.6405999 ], [ 121.121075, 14.6406177 ], [ 121.1209057, 14.6406341 ], [ 121.1208961, 14.640635 ], [ 121.1206947, 14.6406546 ], [ 121.1205087, 14.6406726 ], [ 121.1203218, 14.6406906 ], [ 121.1202926, 14.6406934 ], [ 121.1200255, 14.6407193 ], [ 121.1197664, 14.6407444 ], [ 121.1195249, 14.6407678 ], [ 121.1190768, 14.6408028 ], [ 121.1190188, 14.640793 ], [ 121.1186416, 14.6407296 ], [ 121.1184974, 14.6407097 ], [ 121.1182187, 14.6406711 ], [ 121.118207, 14.6406695 ], [ 121.1181675, 14.6406631 ], [ 121.1179087, 14.6406268 ], [ 121.1178876, 14.6406238 ], [ 121.1174969, 14.6405931 ], [ 121.1174931, 14.6405933 ], [ 121.1173006, 14.6406022 ], [ 121.1170415, 14.6406141 ], [ 121.1170107, 14.6406147 ], [ 121.1169923, 14.640615 ], [ 121.1169491, 14.6406158 ] ] ] } },
{ "type": "Feature", "properties": { "route_id": "LTFRB_PUJ1116", "osm_relation_id": 8992805, "osm_relation_name": "Bagong Silang–Novaliches", "osm_relation_timestamp": "2026-08-06T05:13:38Z", "geometry_source": "osm_relation" }, "geometry": { "type": "MultiLineString", "coordinates": [ [ [ 121.0391006, 14.7194272 ], [ 121.0395033, 14.7194676 ], [ 121.0397962, 14.7195029 ], [ 121.0398899, 14.7195193 ] ], [ [ 121.0398899, 14.7195193 ], [ 121.0398065, 14.7199696 ], [ 121.0397026, 14.7206744 ] ], [ [ 121.0397026, 14.7206744 ], [ 121.0396772, 14.7208464 ], [ 121.039652, 14.7210177 ], [ 121.039648, 14.7210448 ], [ 121.0396432, 14.7210775 ] ], [ [ 121.0396432, 14.7210775 ], [ 121.0396073, 14.7213215 ] ], [ [ 121.0396073, 14.7213215 ], [ 121.039595, 14.7214048 ], [ 121.0395816, 14.7214957 ], [ 121.0395492, 14.7217157 ], [ 121.0395363, 14.7218036 ] ], [ [ 121.0395363, 14.7218036 ], [ 121.0395119, 14.7218716 ] ], [ [ 121.0395119, 14.7218716 ], [ 121.0394927, 14.7219762 ], [ 121.0393837, 14.7226661 ], [ 121.0392892, 14.7232987 ], [ 121.039175, 14.7240603 ], [ 121.0390397, 14.7247567 ], [ 121.0389123, 14.7252935 ] ], [ [ 121.0389123, 14.7252935 ], [ 121.0388339, 14.7256493 ], [ 121.0387487, 14.7260679 ], [ 121.0387402, 14.7261039 ], [ 121.0387158, 14.7262077 ], [ 121.0386702, 14.7263429 ], [ 121.0386288, 14.7264613 ], [ 121.0386226, 14.7264791 ], [ 121.0385586, 14.7266391 ] ], [ [ 121.0385586, 14.7266391 ], [ 121.0384153, 14.7268907 ], [ 121.0382745, 14.7271379 ], [ 121.0381771, 14.7273088 ], [ 121.0381533, 14.7273506 ], [ 121.0379829, 14.7276498 ], [ 121.0379334, 14.7277351 ], [ 121.0378652, 14.7278565 ], [ 121.0378247, 14.7279211 ], [ 121.0377416, 14.7280717 ], [ 121.0377221, 14.7281085 ] ], [ [ 121.0377221, 14.7281085 ], [ 121.0376919, 14.7281611 ], [ 121.0376769, 14.7281871 ], [ 121.0372821, 14.7288915 ], [ 121.0371899, 14.729042 ], [ 121.0371691, 14.7290786 ], [ 121.036769, 14.729781 ] ], [ [ 121.036769, 14.729781 ], [ 121.036375, 14.7304749 ], [ 121.0361528, 14.7308663 ], [ 121.0360994, 14.7309604 ], [ 121.0359933, 14.7311707 ], [ 121.0359085, 14.7313205 ], [ 121.0357116, 14.7316739 ], [ 121.0356479, 14.7317846 ], [ 121.0354458, 14.732142 ], [ 121.0353838, 14.7322498 ], [ 121.035144, 14.7326895 ], [ 121.0349273, 14.7330568 ] ], [ [ 121.0349273, 14.7330568 ], [ 121.0348882, 14.7331204 ] ], [ [ 121.0348882, 14.7331204 ], [ 121.0348592, 14.7331665 ], [ 121.0348268, 14.7332243 ], [ 121.034683, 14.7334827 ], [ 121.0345882, 14.7336467 ], [ 121.0343375, 14.7340787 ], [ 121.0342922, 14.7341549 ], [ 121.0342702, 14.7341919 ], [ 121.034243, 14.7342402 ], [ 121.0340105, 14.7346359 ] ], [ [ 121.0340105, 14.7346359 ], [ 121.0339874, 14.7346794 ], [ 121.0338651, 14.7348941 ], [ 121.0338398, 14.7349359 ], [ 121.0336053, 14.7353331 ] ], [ [ 121.0336053, 14.7353331 ], [ 121.0335643, 14.7354163 ], [ 121.0334777, 14.7355622 ], [ 121.033402, 14.7356994 ], [ 121.033332, 14.7358276 ], [ 121.0331259, 14.7361758 ], [ 121.0330972, 14.7362291 ], [ 121.0329119, 14.736572 ], [ 121.0327747, 14.736841 ], [ 121.0327548, 14.7368884 ], [ 121.0327205, 14.7369808 ], [ 121.0326297, 14.737269 ] ], [ [ 121.0326297, 14.737269 ], [ 121.0326166, 14.737327 ], [ 121.0326061, 14.7373733 ], [ 121.0325647, 14.7375281 ], [ 121.0324887, 14.7378217 ], [ 121.032447, 14.7380174 ], [ 121.0324381, 14.7380613 ], [ 121.0324148, 14.7382035 ], [ 121.0324005, 14.7383276 ], [ 121.0323932, 14.7384275 ], [ 121.0323888, 14.7388257 ], [ 121.0323951, 14.7390838 ], [ 121.0324233, 14.7393756 ], [ 121.0324483, 14.7395023 ], [ 121.0324778, 14.7396515 ], [ 121.0324878, 14.7397024 ], [ 121.0325006, 14.7397594 ], [ 121.0325675, 14.7400544 ], [ 121.0325851, 14.7401268 ], [ 121.0326561, 14.740387 ], [ 121.0327238, 14.7405844 ], [ 121.0327671, 14.740693 ], [ 121.0328022, 14.7407812 ], [ 121.0328182, 14.7408213 ], [ 121.0328954, 14.7409838 ], [ 121.0330148, 14.7412108 ], [ 121.0332859, 14.741694 ] ], [ [ 121.0332859, 14.741694 ], [ 121.0333181, 14.7417487 ], [ 121.0334978, 14.7420712 ] ], [ [ 121.0334978, 14.7420712 ], [ 121.0337435, 14.7425121 ], [ 121.0337732, 14.7425716 ] ], [ [ 121.0337732, 14.7425716 ], [ 121.0342297, 14.7434105 ], [ 121.0345621, 14.744006 ] ], [ [ 121.0345621, 14.744006 ], [ 121.0347708, 14.7443744 ] ], [ [ 121.0347708, 14.7443744 ], [ 121.0349433, 14.7446678 ], [ 121.0349557, 14.7446881 ], [ 121.0349988, 14.7447658 ], [ 121.0352363, 14.7451911 ] ], [ [ 121.0352363, 14.7451911 ], [ 121.0352671, 14.7452493 ], [ 121.0354672, 14.7456125 ], [ 121.0354767, 14.7456295 ], [ 121.035612, 14.745871 ], [ 121.0356581, 14.7459532 ], [ 121.0356862, 14.7460034 ], [ 121.035831, 14.746262 ], [ 121.0358738, 14.7463384 ] ], [ [ 121.0358738, 14.7463384 ], [ 121.0359501, 14.7464746 ], [ 121.0360316, 14.7466201 ], [ 121.0360959, 14.7467381 ], [ 121.0361897, 14.7469097 ], [ 121.0362001, 14.7469288 ], [ 121.0364207, 14.7473325 ], [ 121.036465, 14.7474136 ], [ 121.0364787, 14.7474318 ], [ 121.0364945, 14.7474529 ], [ 121.0366179, 14.747686 ], [ 121.0366299, 14.7477087 ], [ 121.0366566, 14.7477587 ], [ 121.0366898, 14.7478196 ], [ 121.0367541, 14.7479406 ], [ 121.0369169, 14.7482468 ], [ 121.0369463, 14.7483018 ], [ 121.0373081, 14.7489523 ], [ 121.0373623, 14.7490443 ], [ 121.0373691, 14.7490576 ], [ 121.0374009, 14.7491202 ], [ 121.0375989, 14.7494622 ], [ 121.0376513, 14.7495548 ], [ 121.037721, 14.7496777 ], [ 121.0378699, 14.7499407 ], [ 121.037895, 14.749985 ] ], [ [ 121.037895, 14.749985 ], [ 121.0379425, 14.7500712 ], [ 121.0379943, 14.750165 ], [ 121.0381101, 14.750375 ], [ 121.0382361, 14.7506034 ], [ 121.0382504, 14.7506292 ], [ 121.0384975, 14.7510772 ], [ 121.0385704, 14.7512094 ], [ 121.0387149, 14.7514714 ], [ 121.0387786, 14.7515868 ], [ 121.0390028, 14.7519932 ] ], [ [ 121.0390028, 14.7519932 ], [ 121.0392772, 14.7524892 ], [ 121.0393071, 14.7525451 ], [ 121.0394771, 14.7528631 ], [ 121.0395232, 14.7529455 ], [ 121.0395925, 14.7530694 ], [ 121.0397052, 14.7532708 ], [ 121.0397325, 14.7533195 ], [ 121.0399874, 14.7537749 ] ], [ [ 121.0399874, 14.7537749 ], [ 121.040081, 14.7539458 ] ], [ [ 121.040081, 14.7539458 ], [ 121.0401029, 14.7539863 ], [ 121.0402232, 14.7542091 ], [ 121.0404341, 14.7545853 ], [ 121.0405374, 14.7547292 ], [ 121.0406616, 14.7548778 ], [ 121.0407029, 14.7549226 ], [ 121.0409733, 14.7552158 ], [ 121.0410633, 14.755296 ], [ 121.0412197, 14.7554354 ], [ 121.041339, 14.7555301 ], [ 121.0414641, 14.7556081 ], [ 121.0416502, 14.7556987 ], [ 121.0418585, 14.7557923 ], [ 121.042142, 14.7558661 ], [ 121.0423811, 14.7559269 ], [ 121.0424822, 14.7559478 ], [ 121.0425234, 14.7559561 ] ], [ [ 121.0425234, 14.7559561 ], [ 121.0425826, 14.7559493 ], [ 121.0428257, 14.7559867 ], [ 121.0431261, 14.7560106 ], [ 121.0434312, 14.7560339 ], [ 121.043468, 14.7560515 ] ], [ [ 121.043468, 14.7560515 ], [ 121.0434906, 14.7560531 ], [ 121.0436771, 14.7560651 ] ], [ [ 121.0436771, 14.7560651 ], [ 121.0436756, 14.7561559 ], [ 121.0437007, 14.7567438 ], [ 121.0437117, 14.7575732 ], [ 121.0437209, 14.758273 ], [ 121.0437321, 14.7591393 ] ], [ [ 121.0437321, 14.7591393 ], [ 121.0437784, 14.760244 ] ], [ [ 121.0437784, 14.760244 ], [ 121.0437796, 14.7602685 ] ], [ [ 121.0437796, 14.7602685 ], [ 121.0437758, 14.7605554 ], [ 121.0437846, 14.7608179 ] ], [ [ 121.0437846, 14.7608179 ], [ 121.0437857, 14.7609736 ] ], [ [ 121.0437857, 14.7609736 ], [ 121.043765, 14.7615457 ], [ 121.0437662, 14.7617954 ], [ 121.0437641, 14.7619806 ], [ 121.0437621, 14.7624594 ], [ 121.0437931, 14.7632235 ], [ 121.0437914, 14.7634266 ], [ 121.0437914, 14.763686 ], [ 121.0438092, 14.7647428 ], [ 121.0438318, 14.7653882 ] ], [ [ 121.0438318, 14.7653882 ], [ 121.0438541, 14.7670616 ], [ 121.043854, 14.7671689 ], [ 121.0438538, 14.7673392 ], [ 121.0438363, 14.7674506 ] ], [ [ 121.0438363, 14.7674506 ], [ 121.0438133, 14.7676064 ] ], [ [ 121.0438133, 14.7676064 ], [ 121.0438696, 14.7682363 ], [ 121.0438812, 14.7683556 ], [ 121.0439012, 14.7685345 ], [ 121.0439235, 14.768725 ], [ 121.0439758, 14.7693663 ], [ 121.0440174, 14.7696562 ] ], [ [ 121.0440174, 14.7696562 ], [ 121.0440679, 14.7700303 ] ], [ [ 121.0440679, 14.7700303 ], [ 121.0440919, 14.7702397 ], [ 121.0440953, 14.7702695 ], [ 121.0441249, 14.7704816 ] ], [ [ 121.0441249, 14.7704816 ], [ 121.044183, 14.7708975 ], [ 121.0443403, 14.7719409 ], [ 121.044344, 14.7719671 ], [ 121.0443506, 14.772014 ], [ 121.0444576, 14.7727727 ], [ 121.0445521, 14.773362 ], [ 121.0446014, 14.7736577 ], [ 121.0446403, 14.7739191 ], [ 121.0447309, 14.7745923 ] ], [ [ 121.0447309, 14.7745923 ], [ 121.044835, 14.7751647 ] ], [ [ 121.044835, 14.7751647 ], [ 121.0452252, 14.7750954 ], [ 121.0458507, 14.7749903 ] ], [ [ 121.0458507, 14.7749903 ], [ 121.0460351, 14.7756041 ], [ 121.0460792, 14.7758853 ], [ 121.0460883, 14.7759422 ], [ 121.0461569, 14.7763528 ], [ 121.046193, 14.776563 ], [ 121.0462388, 14.7768547 ] ], [ [ 121.0324691, 14.7383068 ], [ 121.0324117, 14.7382963 ], [ 121.032454, 14.7380304 ], [ 121.0325068, 14.73804 ], [ 121.0324691, 14.7383068 ] ] ] } },
{ "type": "Feature", "properties": { "route_id": "LTFRB_PUJ1173", "osm_relation_id": 11375473, "osm_relation_name": "Blumentritt–North Harbor via Divisoria", "osm_relation_timestamp": "2026-08-06T05:13:38Z", "geometry_source": "osm_relation" }, "geometry": { "type": "MultiLineString", "coordinates": [ [ [ 120.9819694, 14.6229705 ], [ 120.9819797, 14.6233519 ], [ 120.9819832, 14.6234805 ], [ 120.9819869, 14.6235674 ], [ 120.981989, 14.623616 ], [ 120.9819911, 14.6236861 ] ], [ [ 120.9819694, 14.6229705 ], [ 120.9810553, 14.6230574 ], [ 120.980597, 14.6231009 ], [ 120.9801327, 14.623145 ], [ 120.9796051, 14.6231952 ], [ 120.979136, 14.6232397 ], [ 120.9786979, 14.6232814 ], [ 120.9782621, 14.6233228 ], [ 120.9781428, 14.6233341 ] ], [ [ 120.9781428, 14.6233341 ], [ 120.9781221, 14.6231997 ], [ 120.9781168, 14.6231628 ] ], [ [ 120.9781168, 14.6231628 ], [ 120.9780912, 14.6229837 ], [ 120.9779162, 14.6216602 ], [ 120.9778358, 14.6210468 ], [ 120.9778255, 14.6209682 ], [ 120.9778117, 14.6208679 ], [ 120.9776402, 14.6196194 ] ], [ [ 120.9776402, 14.6196194 ], [ 120.9774191, 14.6180506 ], [ 120.9773014, 14.6170583 ], [ 120.9772605, 14.6167632 ] ], [ [ 120.9772605, 14.6167632 ], [ 120.9761855, 14.6168813 ], [ 120.9760983, 14.6168909 ] ], [ [ 120.9760983, 14.6168909 ], [ 120.9760244, 14.616903 ], [ 120.975742, 14.6169552 ] ], [ [ 120.975742, 14.6169552 ], [ 120.9756024, 14.616983 ], [ 120.97543, 14.6170173 ], [ 120.9752953, 14.6170438 ], [ 120.9752387, 14.6170554 ], [ 120.9751885, 14.6170653 ], [ 120.9745698, 14.6171885 ], [ 120.974243, 14.6172579 ], [ 120.9742281, 14.6172611 ] ], [ [ 120.9742281, 14.6172611 ], [ 120.9742074, 14.6172655 ], [ 120.9741696, 14.6172735 ], [ 120.9739149, 14.6173276 ] ], [ [ 120.973271, 14.6174617 ], [ 120.9739149, 14.6173276 ] ], [ [ 120.9725219, 14.6176177 ], [ 120.973271, 14.6174617 ] ], [ [ 120.9710155, 14.6179438 ], [ 120.9710424, 14.6179334 ], [ 120.9712154, 14.6178973 ], [ 120.9713956, 14.6178565 ], [ 120.9720759, 14.61771 ], [ 120.9725219, 14.6176177 ] ], [ [ 120.9708184, 14.618048 ], [ 120.9710155, 14.6179438 ] ], [ [ 120.9707593, 14.618085 ], [ 120.9708184, 14.618048 ] ], [ [ 120.9707593, 14.618085 ], [ 120.9707075, 14.6179609 ] ], [ [ 120.9707075, 14.6179609 ], [ 120.9706446, 14.6177778 ] ], [ [ 120.9706446, 14.6177778 ], [ 120.9706295, 14.617733 ], [ 120.970591, 14.6176197 ], [ 120.9705634, 14.6175271 ] ], [ [ 120.9705634, 14.6175271 ], [ 120.9704991, 14.6173477 ] ], [ [ 120.9704991, 14.6173477 ], [ 120.9703757, 14.6170369 ], [ 120.970216, 14.6166345 ] ], [ [ 120.970216, 14.6166345 ], [ 120.9701548, 14.6164738 ] ], [ [ 120.9701548, 14.6164738 ], [ 120.9701074, 14.6163482 ], [ 120.9700809, 14.6162778 ], [ 120.970042, 14.6161747 ], [ 120.9700262, 14.6161329 ], [ 120.9699492, 14.6159304 ] ], [ [ 120.9699492, 14.6159304 ], [ 120.9699108, 14.6158294 ] ], [ [ 120.9699108, 14.6158294 ], [ 120.969871, 14.615717 ], [ 120.9698212, 14.6155762 ], [ 120.9697863, 14.6154776 ], [ 120.9696585, 14.6151274 ], [ 120.969584, 14.6149131 ] ], [ [ 120.969584, 14.6149131 ], [ 120.9695553, 14.6148305 ], [ 120.9694693, 14.6145624 ], [ 120.9694453, 14.6144878 ], [ 120.9693379, 14.6141626 ] ], [ [ 120.9693379, 14.6141626 ], [ 120.9692357, 14.6138668 ], [ 120.9692088, 14.613789 ], [ 120.9691026, 14.6134794 ], [ 120.9690099, 14.6132 ], [ 120.9689067, 14.612882 ], [ 120.9687848, 14.6125483 ], [ 120.9686714, 14.6122185 ], [ 120.9685512, 14.6118695 ], [ 120.9684457, 14.6115522 ], [ 120.9683617, 14.6113122 ], [ 120.9682438, 14.6109702 ], [ 120.9682179, 14.6108932 ], [ 120.9681219, 14.6106243 ], [ 120.9679966, 14.6102671 ], [ 120.9678797, 14.6099054 ] ], [ [ 120.9678797, 14.6099054 ], [ 120.967842, 14.6097772 ] ], [ [ 120.967842, 14.6097772 ], [ 120.9675728, 14.6089886 ] ], [ [ 120.9675728, 14.6089886 ], [ 120.9674886, 14.6087166 ], [ 120.9673744, 14.6083475 ], [ 120.9673102, 14.6082262 ], [ 120.9672251, 14.6081229 ], [ 120.967068, 14.6079894 ] ], [ [ 120.967068, 14.6079894 ], [ 120.9670256, 14.6079476 ], [ 120.9669081, 14.6078348 ], [ 120.9668066, 14.6077334 ] ], [ [ 120.9668813, 14.6072725 ], [ 120.9668354, 14.607383 ], [ 120.9667723, 14.6075238 ], [ 120.9667561, 14.6076053 ], [ 120.9667676, 14.6076685 ], [ 120.9668066, 14.6077334 ] ], [ [ 120.9670998, 14.6072969 ], [ 120.9668813, 14.6072725 ] ], [ [ 120.9674893, 14.6070192 ], [ 120.967199, 14.6072625 ], [ 120.9671511, 14.6072876 ], [ 120.9670998, 14.6072969 ] ], [ [ 120.968653, 14.6059184 ], [ 120.9682514, 14.6062986 ], [ 120.9681925, 14.6063544 ], [ 120.9679292, 14.6066037 ], [ 120.9674893, 14.6070192 ] ], [ [ 120.968653, 14.6059184 ], [ 120.9696305, 14.6051701 ] ], [ [ 120.9696305, 14.6051701 ], [ 120.9692819, 14.6047837 ], [ 120.9688491, 14.6043037 ], [ 120.9687966, 14.6042418 ], [ 120.9687471, 14.6041862 ], [ 120.9683491, 14.6037384 ], [ 120.9679101, 14.60327 ], [ 120.9675395, 14.6028853 ] ], [ [ 120.9675395, 14.6028853 ], [ 120.9675142, 14.6028517 ], [ 120.967505, 14.6028079 ], [ 120.9675002, 14.6027605 ], [ 120.9674987, 14.6027155 ], [ 120.9675027, 14.6026715 ], [ 120.9675118, 14.6025898 ], [ 120.9675059, 14.6025408 ], [ 120.9675033, 14.6024972 ] ], [ [ 120.9648604, 14.6000184 ], [ 120.9655619, 14.6006365 ], [ 120.9660333, 14.6010998 ], [ 120.9661591, 14.6012227 ], [ 120.9663306, 14.6013973 ], [ 120.966697, 14.6017419 ], [ 120.9671182, 14.6021365 ], [ 120.9672125, 14.6022229 ], [ 120.9673513, 14.6023539 ], [ 120.9675033, 14.6024972 ] ], [ [ 120.9648604, 14.6000184 ], [ 120.9647219, 14.6001856 ] ], [ [ 120.9647219, 14.6001856 ], [ 120.9646595, 14.6007464 ], [ 120.9646565, 14.6007806 ] ], [ [ 120.9646565, 14.6007806 ], [ 120.9645139, 14.6007657 ] ], [ [ 120.9644615, 14.6014044 ], [ 120.9645139, 14.6007657 ] ], [ [ 120.9646025, 14.6014178 ], [ 120.9644615, 14.6014044 ] ], [ [ 120.9646025, 14.6014178 ], [ 120.9645722, 14.6017434 ], [ 120.9645433, 14.6020294 ], [ 120.9644849, 14.6025776 ], [ 120.9644596, 14.6027561 ] ], [ [ 120.9644596, 14.6027561 ], [ 120.9644452, 14.6028788 ] ], [ [ 120.9644452, 14.6028788 ], [ 120.9643425, 14.6028712 ], [ 120.9642442, 14.602864 ], [ 120.9638518, 14.6028339 ], [ 120.9634553, 14.602806 ], [ 120.9627798, 14.6027556 ], [ 120.961849, 14.6026867 ] ], [ [ 120.961849, 14.6026867 ], [ 120.961731, 14.602678 ], [ 120.9616883, 14.6026748 ] ], [ [ 120.9616883, 14.6026748 ], [ 120.9616768, 14.6028025 ], [ 120.961672, 14.6028557 ], [ 120.9616563, 14.6030302 ], [ 120.9616441, 14.603214 ], [ 120.9616321, 14.6034034 ], [ 120.9616084, 14.6037496 ], [ 120.9615943, 14.6039358 ], [ 120.9615967, 14.6039472 ], [ 120.9615852, 14.6041204 ], [ 120.9615747, 14.6043057 ], [ 120.9615511, 14.6046858 ], [ 120.9615268, 14.604996 ], [ 120.9614664, 14.6057284 ], [ 120.9613957, 14.6064689 ], [ 120.9613796, 14.6066625 ], [ 120.9612667, 14.6079604 ], [ 120.961159, 14.60932 ], [ 120.961148, 14.6094334 ] ] ] } },
{ "type": "Feature", "properties": { "route_id": "LTFRB_PUJ1828", "osm_relation_id": 14994373, "osm_relation_name": "Alabang–Katarungan Village", "osm_relation_timestamp": "2026-08-24T08:32:30Z", "geometry_source": "osm_relation" }, "geometry": { "type": "MultiLineString", "coordinates": [ [ [ 121.0464295, 14.4154784 ], [ 121.0463643, 14.415473 ], [ 121.0462269, 14.4154617 ] ], [ [ 121.0393218, 14.3878478 ], [ 121.0391957, 14.387818 ], [ 121.0391793, 14.3878141 ], [ 121.0386191, 14.3876814 ], [ 121.0377168, 14.3874881 ] ], [ [ 121.039945, 14.3879969 ], [ 121.0393218, 14.3878478 ] ], [ [ 121.0445026, 14.389101 ], [ 121.0444414, 14.3890855 ], [ 121.0442161, 14.3890288 ], [ 121.0439084, 14.3889506 ], [ 121.04379, 14.3889205 ], [ 121.0434311, 14.3888301 ], [ 121.0433588, 14.3888118 ], [ 121.0430627, 14.3887369 ], [ 121.0430327, 14.3887292 ], [ 121.0428821, 14.3886909 ], [ 121.0426139, 14.3886258 ], [ 121.0425527, 14.388612 ], [ 121.0424538, 14.3885896 ], [ 121.0419195, 14.3884596 ], [ 121.0418741, 14.3884485 ], [ 121.0416094, 14.3883841 ], [ 121.0413142, 14.3883143 ], [ 121.0410963, 14.3882641 ], [ 121.0402476, 14.3880637 ], [ 121.0401354, 14.3880372 ], [ 121.040075, 14.3880244 ], [ 121.039945, 14.3879969 ] ], [ [ 121.0446463, 14.3891371 ], [ 121.0445026, 14.389101 ] ], [ [ 121.0447771, 14.38917 ], [ 121.0446463, 14.3891371 ] ], [ [ 121.0449847, 14.389226 ], [ 121.0447771, 14.38917 ] ], [ [ 121.0450641, 14.3892418 ], [ 121.0449847, 14.389226 ] ], [ [ 121.0450641, 14.3892418 ], [ 121.0450133, 14.3893575 ], [ 121.0449642, 14.389459 ], [ 121.0449013, 14.389601 ], [ 121.0448682, 14.3896722 ], [ 121.0446618, 14.3901202 ], [ 121.0446119, 14.3902763 ] ], [ [ 121.0446119, 14.3902763 ], [ 121.044581, 14.3903867 ], [ 121.0445323, 14.3905007 ] ], [ [ 121.0445203, 14.390806 ], [ 121.0445189, 14.3907399 ], [ 121.0445159, 14.39067 ], [ 121.0445323, 14.3905007 ] ], [ [ 121.0445264, 14.3908935 ], [ 121.0445203, 14.390806 ] ], [ [ 121.0448611, 14.3947176 ], [ 121.0448438, 14.3945272 ], [ 121.0448307, 14.3943697 ], [ 121.0448227, 14.3942856 ], [ 121.0447871, 14.3938605 ], [ 121.0447708, 14.3936936 ], [ 121.0447674, 14.3936437 ], [ 121.0447083, 14.3929929 ], [ 121.0447055, 14.3929612 ], [ 121.0446945, 14.3928636 ], [ 121.0446581, 14.3924413 ], [ 121.0446481, 14.3923245 ], [ 121.0446389, 14.3922076 ], [ 121.0446005, 14.3917678 ], [ 121.0445968, 14.3917305 ], [ 121.0445738, 14.3914189 ], [ 121.0445569, 14.3912698 ], [ 121.0445439, 14.3911269 ], [ 121.0445319, 14.3909482 ], [ 121.0445264, 14.3908935 ] ], [ [ 121.0448611, 14.3947176 ], [ 121.0448684, 14.3948142 ], [ 121.0448791, 14.3949614 ], [ 121.0448906, 14.3950908 ], [ 121.0448976, 14.3951626 ] ], [ [ 121.0448976, 14.3951626 ], [ 121.0449005, 14.395195 ], [ 121.0449345, 14.3955844 ], [ 121.0449508, 14.395772 ], [ 121.0449603, 14.3958808 ], [ 121.0449648, 14.3959324 ], [ 121.0449681, 14.3959698 ], [ 121.0449726, 14.3960212 ], [ 121.0449792, 14.3960969 ], [ 121.0449882, 14.3961994 ], [ 121.0449946, 14.3962731 ], [ 121.0450027, 14.3963662 ], [ 121.0450146, 14.3965025 ], [ 121.0450218, 14.3965844 ], [ 121.0450365, 14.3967537 ], [ 121.0450462, 14.3968646 ], [ 121.0450519, 14.3969291 ] ], [ [ 121.0450519, 14.3969291 ], [ 121.0450581, 14.3970017 ], [ 121.0450644, 14.3970515 ], [ 121.0450749, 14.3971028 ] ], [ [ 121.0450749, 14.3971028 ], [ 121.0451134, 14.3972159 ], [ 121.045135, 14.3972685 ], [ 121.0451648, 14.3973263 ] ], [ [ 121.0466801, 14.4066861 ], [ 121.0466935, 14.406571 ], [ 121.0467699, 14.4059558 ], [ 121.0467962, 14.4057486 ], [ 121.046834, 14.4054519 ], [ 121.0468626, 14.405238 ], [ 121.046877, 14.4051222 ], [ 121.0468873, 14.4050449 ], [ 121.0468955, 14.4049636 ], [ 121.0469074, 14.4048621 ], [ 121.0469327, 14.4046727 ], [ 121.046938, 14.4046369 ], [ 121.0469468, 14.4045602 ], [ 121.046966, 14.4044112 ], [ 121.0469908, 14.4042368 ], [ 121.0469973, 14.4041671 ], [ 121.0470062, 14.4040903 ], [ 121.0470221, 14.4039516 ], [ 121.0470493, 14.403753 ], [ 121.0470808, 14.4034916 ], [ 121.0471007, 14.4033352 ], [ 121.0471069, 14.4032852 ], [ 121.047137, 14.403023 ], [ 121.0471474, 14.4029601 ], [ 121.0471568, 14.4028788 ], [ 121.0471653, 14.4028146 ], [ 121.0471785, 14.4026978 ], [ 121.0471909, 14.4025877 ], [ 121.0471942, 14.4023657 ], [ 121.0471929, 14.4022441 ], [ 121.0471857, 14.4019999 ], [ 121.0471773, 14.4018898 ], [ 121.047162, 14.4017343 ], [ 121.047154, 14.4016732 ], [ 121.047111, 14.4014026 ], [ 121.0470848, 14.4012755 ], [ 121.0470634, 14.4011751 ], [ 121.0470545, 14.4011436 ], [ 121.047025, 14.4010396 ], [ 121.0470031, 14.4009734 ], [ 121.0469889, 14.4009216 ], [ 121.0469546, 14.4008128 ], [ 121.0468383, 14.4004382 ], [ 121.0467444, 14.4001132 ], [ 121.0466509, 14.3998376 ], [ 121.0466156, 14.399742 ], [ 121.0464957, 14.3994597 ], [ 121.0464121, 14.3992723 ], [ 121.0463792, 14.3992098 ], [ 121.0463615, 14.3991749 ], [ 121.0463012, 14.3990679 ], [ 121.0462535, 14.3989854 ], [ 121.0461965, 14.3988891 ], [ 121.0460214, 14.3986192 ], [ 121.0459599, 14.3985316 ], [ 121.045867, 14.3984005 ], [ 121.0458128, 14.398316 ], [ 121.0457277, 14.3981958 ], [ 121.0456508, 14.3980823 ], [ 121.0455944, 14.3980025 ], [ 121.0455052, 14.397874 ], [ 121.0453831, 14.3977047 ], [ 121.0453459, 14.3976502 ], [ 121.0453022, 14.3975808 ], [ 121.0452292, 14.3974416 ], [ 121.0451648, 14.3973263 ] ], [ [ 121.046631, 14.407076 ], [ 121.0466527, 14.4069177 ], [ 121.0466669, 14.4067945 ], [ 121.0466801, 14.4066861 ] ], [ [ 121.0464844, 14.408247 ], [ 121.0464948, 14.4081471 ], [ 121.0465036, 14.4080769 ], [ 121.0465302, 14.4078795 ], [ 121.0465388, 14.407807 ], [ 121.0465618, 14.4076278 ], [ 121.0465942, 14.4074013 ], [ 121.0466042, 14.4073235 ], [ 121.0466152, 14.4072251 ], [ 121.0466234, 14.4071501 ], [ 121.046631, 14.407076 ] ], [ [ 121.0464844, 14.408247 ], [ 121.0465056, 14.4083205 ], [ 121.0464505, 14.4087304 ], [ 121.0464122, 14.4090122 ], [ 121.046407, 14.4090551 ] ], [ [ 121.046407, 14.4090551 ], [ 121.0463725, 14.4093269 ], [ 121.0463406, 14.4095696 ], [ 121.0462834, 14.4100266 ], [ 121.0462747, 14.4100895 ] ], [ [ 121.0462747, 14.4100895 ], [ 121.0462562, 14.4102299 ], [ 121.0461976, 14.4108118 ] ], [ [ 121.0461976, 14.4108118 ], [ 121.0461832, 14.4109315 ] ], [ [ 121.0461832, 14.4109315 ], [ 121.0461503, 14.4109643 ] ], [ [ 121.0460341, 14.4120141 ], [ 121.0460409, 14.4119642 ], [ 121.0460485, 14.4118846 ], [ 121.0460557, 14.4118158 ], [ 121.0461131, 14.4113171 ], [ 121.0461313, 14.4111519 ], [ 121.0461372, 14.4110868 ], [ 121.0461449, 14.4110133 ], [ 121.0461503, 14.4109643 ] ], [ [ 121.0460341, 14.4120141 ], [ 121.0459399, 14.4128223 ] ], [ [ 121.0459399, 14.4128223 ], [ 121.0459498, 14.412996 ], [ 121.0458898, 14.4134504 ] ], [ [ 121.0458898, 14.4134504 ], [ 121.0458816, 14.4135204 ] ], [ [ 121.0458816, 14.4135204 ], [ 121.0458723, 14.4136 ], [ 121.0458572, 14.4137368 ], [ 121.045846, 14.4138401 ], [ 121.0457997, 14.4144128 ] ], [ [ 121.0457997, 14.4144128 ], [ 121.0457506, 14.41482 ], [ 121.0457099, 14.4150639 ] ], [ [ 121.0457099, 14.4150639 ], [ 121.0456979, 14.4151626 ], [ 121.045683, 14.4152833 ] ], [ [ 121.045683, 14.4152833 ], [ 121.0456776, 14.4153277 ], [ 121.0456665, 14.415474 ] ], [ [ 121.0456665, 14.415474 ], [ 121.0457513, 14.4154838 ], [ 121.0460196, 14.4155112 ] ], [ [ 121.0460196, 14.4155112 ], [ 121.0459992, 14.4155654 ] ], [ [ 121.0459992, 14.4155654 ], [ 121.045988, 14.4156125 ], [ 121.0459859, 14.4156305 ], [ 121.0459662, 14.4158093 ] ], [ [ 121.0459662, 14.4158093 ], [ 121.0459356, 14.4160886 ], [ 121.0457217, 14.4163122 ], [ 121.0456672, 14.4164033 ] ], [ [ 121.0456672, 14.4164033 ], [ 121.0456789, 14.4167167 ], [ 121.045672, 14.4173114 ] ], [ [ 121.045672, 14.4173114 ], [ 121.0456554, 14.4173878 ], [ 121.0455751, 14.4175592 ] ], [ [ 121.0455751, 14.4175592 ], [ 121.0455754, 14.4176206 ] ], [ [ 121.0455754, 14.4176206 ], [ 121.0455775, 14.4180691 ] ], [ [ 121.0455775, 14.4180691 ], [ 121.0455756, 14.4183105 ], [ 121.0455739, 14.4185151 ] ], [ [ 121.0455739, 14.4185151 ], [ 121.0455724, 14.4187056 ], [ 121.045578, 14.4189341 ] ], [ [ 121.045578, 14.4189341 ], [ 121.0455507, 14.4190644 ] ], [ [ 121.0455507, 14.4190644 ], [ 121.0455541, 14.4194568 ], [ 121.0455602, 14.4201845 ] ], [ [ 121.0455602, 14.4201845 ], [ 121.0455468, 14.4202433 ], [ 121.0455364, 14.4202563 ], [ 121.0455193, 14.4202706 ], [ 121.0454851, 14.4202887 ], [ 121.0454579, 14.420292 ], [ 121.0454294, 14.4202897 ], [ 121.0453872, 14.4202738 ], [ 121.0453684, 14.4202569 ], [ 121.0453593, 14.420242 ], [ 121.0453384, 14.4201672 ] ], [ [ 121.0453384, 14.4201672 ], [ 121.045345, 14.4195867 ] ], [ [ 121.045345, 14.4195867 ], [ 121.0453208, 14.4194809 ], [ 121.0452423, 14.4193685 ], [ 121.0451585, 14.4193101 ], [ 121.0450411, 14.4192121 ] ], [ [ 121.0450411, 14.4192121 ], [ 121.0448659, 14.419215 ], [ 121.0446324, 14.4192159 ], [ 121.0443324, 14.4192114 ] ], [ [ 121.0443324, 14.4192114 ], [ 121.0441661, 14.4192099 ] ], [ [ 121.0441661, 14.4192099 ], [ 121.0440864, 14.4192185 ], [ 121.043943, 14.419267 ] ], [ [ 121.043943, 14.419267 ], [ 121.0438028, 14.4193981 ], [ 121.0436166, 14.4195722 ] ], [ [ 121.0436166, 14.4195722 ], [ 121.0434897, 14.4196837 ] ], [ [ 121.0434897, 14.4196837 ], [ 121.0434248, 14.4197361 ], [ 121.0433587, 14.4197896 ] ], [ [ 121.0433587, 14.4197896 ], [ 121.0426882, 14.4203296 ] ], [ [ 121.0426882, 14.4203296 ], [ 121.0424696, 14.4204946 ], [ 121.0424519, 14.4205107 ] ], [ [ 121.0424519, 14.4205107 ], [ 121.04231, 14.420613 ] ], [ [ 121.04231, 14.420613 ], [ 121.0421709, 14.4207184 ] ], [ [ 121.0421709, 14.4207184 ], [ 121.0420237, 14.4208264 ] ], [ [ 121.0420237, 14.4208264 ], [ 121.0418988, 14.4209054 ], [ 121.0417454, 14.420996 ], [ 121.041524, 14.4211323 ], [ 121.0413757, 14.4212139 ], [ 121.0412854, 14.4212635 ], [ 121.0409193, 14.4214414 ], [ 121.040729, 14.4215084 ], [ 121.040615, 14.4215485 ], [ 121.0403989, 14.4216116 ], [ 121.0401883, 14.4216571 ], [ 121.0399551, 14.4216843 ], [ 121.0397767, 14.4216895 ], [ 121.0396178, 14.4216796 ] ], [ [ 121.0396178, 14.4216796 ], [ 121.0395221, 14.4216687 ] ], [ [ 121.0395221, 14.4216687 ], [ 121.0395161, 14.4217511 ], [ 121.0394929, 14.4220608 ] ], [ [ 121.0394929, 14.4220608 ], [ 121.039482, 14.4224206 ] ], [ [ 121.039482, 14.4224206 ], [ 121.0394748, 14.422661 ] ], [ [ 121.0394748, 14.422661 ], [ 121.0393529, 14.4226645 ] ], [ [ 121.0393529, 14.4226645 ], [ 121.0390656, 14.4226818 ], [ 121.0387626, 14.4227087 ], [ 121.0383937, 14.4227448 ], [ 121.0381572, 14.4227708 ], [ 121.0380361, 14.4227891 ], [ 121.0379177, 14.4228048 ], [ 121.0374927, 14.4228738 ], [ 121.0371441, 14.422928 ] ], [ [ 121.0371441, 14.422928 ], [ 121.0368775, 14.4229857 ], [ 121.0367895, 14.4229754 ] ], [ [ 121.0367895, 14.4229754 ], [ 121.0366643, 14.4230041 ] ], [ [ 121.0366643, 14.4230041 ], [ 121.0365758, 14.4230254 ], [ 121.0362726, 14.4230961 ] ], [ [ 121.0362726, 14.4230961 ], [ 121.0362247, 14.4231501 ], [ 121.0361772, 14.4231826 ], [ 121.0359981, 14.423241 ], [ 121.0356182, 14.4233633 ], [ 121.035586, 14.4233724 ], [ 121.0354189, 14.4234275 ], [ 121.0351899, 14.4234979 ], [ 121.0350489, 14.4235454 ], [ 121.0348638, 14.4236056 ], [ 121.0346457, 14.423676 ] ], [ [ 121.0346457, 14.423676 ], [ 121.034312, 14.4237869 ], [ 121.0339127, 14.4239132 ], [ 121.0337862, 14.4238827 ] ], [ [ 121.0337862, 14.4238827 ], [ 121.0336364, 14.4239324 ], [ 121.0335368, 14.423964 ], [ 121.0333281, 14.4240088 ] ], [ [ 121.0333281, 14.4240088 ], [ 121.0331446, 14.4240349 ] ], [ [ 121.0331446, 14.4240349 ], [ 121.0329212, 14.4241036 ] ], [ [ 121.0329212, 14.4241036 ], [ 121.0323329, 14.4243022 ], [ 121.0317992, 14.4244935 ], [ 121.031696, 14.4245345 ] ], [ [ 121.031696, 14.4245345 ], [ 121.0309351, 14.4248818 ], [ 121.0307004, 14.4249986 ], [ 121.0304525, 14.4251177 ] ], [ [ 121.0304525, 14.4251177 ], [ 121.0300906, 14.4252897 ] ], [ [ 121.0300906, 14.4252897 ], [ 121.0294147, 14.425615 ] ], [ [ 121.0294147, 14.425615 ], [ 121.0287689, 14.4259038 ] ], [ [ 121.0287689, 14.4259038 ], [ 121.0284213, 14.4260405 ], [ 121.0283065, 14.4260868 ] ], [ [ 121.0283065, 14.4260868 ], [ 121.0281083, 14.4261628 ] ], [ [ 121.0281083, 14.4261628 ], [ 121.0280535, 14.4261874 ] ], [ [ 121.0280535, 14.4261874 ], [ 121.0279568, 14.4262293 ], [ 121.02777, 14.4263027 ], [ 121.0276455, 14.4263582 ], [ 121.0274885, 14.426421 ] ], [ [ 121.0274885, 14.426421 ], [ 121.027418, 14.4264477 ] ], [ [ 121.027418, 14.4264477 ], [ 121.0272153, 14.4265216 ], [ 121.0268758, 14.4266406 ], [ 121.0261865, 14.4268692 ], [ 121.0260484, 14.4269142 ], [ 121.0257945, 14.4269884 ] ], [ [ 121.0257945, 14.4269884 ], [ 121.0256028, 14.4270412 ], [ 121.0255003, 14.4270712 ] ], [ [ 121.0255003, 14.4270712 ], [ 121.025381, 14.427104 ] ], [ [ 121.025381, 14.427104 ], [ 121.0252905, 14.42713 ] ], [ [ 121.0252905, 14.42713 ], [ 121.0252144, 14.4271526 ], [ 121.0250567, 14.427196 ], [ 121.0241148, 14.4274589 ] ], [ [ 121.0241148, 14.4274589 ], [ 121.0239509, 14.4275093 ] ], [ [ 121.0239509, 14.4275093 ], [ 121.0238685, 14.4275359 ] ], [ [ 121.0238685, 14.4275359 ], [ 121.0234706, 14.4276491 ], [ 121.0232229, 14.4277224 ], [ 121.0228094, 14.4278308 ] ], [ [ 121.0228094, 14.4278308 ], [ 121.0226126, 14.4278811 ], [ 121.0225201, 14.4279091 ] ], [ [ 121.0225201, 14.4279091 ], [ 121.0223805, 14.4278952 ] ], [ [ 121.0223805, 14.4278952 ], [ 121.0223595, 14.4278294 ], [ 121.0223424, 14.4277606 ], [ 121.0223271, 14.4276911 ] ], [ [ 121.0223271, 14.4276911 ], [ 121.0223084, 14.4275884 ], [ 121.0223094, 14.4274442 ], [ 121.0223442, 14.4269779 ] ], [ [ 121.0223442, 14.4269779 ], [ 121.0223886, 14.4263833 ], [ 121.0224832, 14.4252512 ], [ 121.022489, 14.4252024 ] ], [ [ 121.022489, 14.4252024 ], [ 121.0225036, 14.4250644 ], [ 121.0225838, 14.4242482 ], [ 121.0225767, 14.4241049 ], [ 121.0225506, 14.4239527 ], [ 121.0225278, 14.4238443 ] ], [ [ 121.0225278, 14.4238443 ], [ 121.022457, 14.4234662 ] ], [ [ 121.022457, 14.4234662 ], [ 121.022436, 14.423334 ] ], [ [ 121.022436, 14.423334 ], [ 121.0224306, 14.4232338 ], [ 121.0224717, 14.4227186 ], [ 121.0224702, 14.4226373 ], [ 121.0224459, 14.4225817 ], [ 121.0224153, 14.4225202 ], [ 121.0221744, 14.4221706 ] ], [ [ 121.0221744, 14.4221706 ], [ 121.0218437, 14.4216567 ], [ 121.021802, 14.421592 ] ], [ [ 121.021802, 14.421592 ], [ 121.0205146, 14.4195465 ], [ 121.0195927, 14.4180862 ] ], [ [ 121.0195927, 14.4180862 ], [ 121.0192732, 14.4175746 ], [ 121.0192328, 14.4175098 ] ], [ [ 121.0192328, 14.4175098 ], [ 121.0186314, 14.4165562 ] ], [ [ 121.0186314, 14.4165562 ], [ 121.0182555, 14.4159578 ] ], [ [ 121.0182555, 14.4159578 ], [ 121.0180072, 14.4155139 ], [ 121.0177402, 14.4150911 ] ], [ [ 121.0177402, 14.4150911 ], [ 121.0173986, 14.4145775 ], [ 121.0173089, 14.4144569 ], [ 121.0172429, 14.4143953 ], [ 121.017158, 14.4143194 ], [ 121.0169972, 14.4142352 ], [ 121.0168132, 14.4141591 ], [ 121.0167777, 14.4141452 ] ], [ [ 121.0167777, 14.4141452 ], [ 121.0166796, 14.4141013 ], [ 121.016637, 14.4140819 ], [ 121.016556, 14.4140355 ], [ 121.0164508, 14.41396 ], [ 121.0163791, 14.4139067 ], [ 121.016328, 14.4138347 ] ], [ [ 121.016328, 14.4138347 ], [ 121.0162467, 14.4137118 ], [ 121.0160043, 14.4133424 ] ], [ [ 121.0160043, 14.4133424 ], [ 121.0155564, 14.4126611 ], [ 121.0140408, 14.4102718 ] ], [ [ 121.0140408, 14.4102718 ], [ 121.0127944, 14.4082777 ], [ 121.0124969, 14.4078203 ] ], [ [ 121.0124969, 14.4078203 ], [ 121.012287, 14.4074862 ], [ 121.012056, 14.4071295 ], [ 121.011908, 14.4068815 ], [ 121.0118222, 14.4066764 ] ], [ [ 121.0118222, 14.4066764 ], [ 121.0117831, 14.4065429 ], [ 121.0117675, 14.4063898 ], [ 121.0117452, 14.406249 ], [ 121.0117407, 14.4061325 ], [ 121.0117458, 14.4060208 ], [ 121.0117597, 14.4058849 ], [ 121.0117801, 14.4057535 ], [ 121.0118247, 14.405614 ], [ 121.0119188, 14.4054717 ], [ 121.0120503, 14.4053536 ], [ 121.0121572, 14.4052257 ], [ 121.0121949, 14.4051673 ], [ 121.0122293, 14.4051046 ], [ 121.0122473, 14.4050512 ], [ 121.0122597, 14.4049819 ], [ 121.0122649, 14.4049036 ] ], [ [ 121.0122649, 14.4049036 ], [ 121.0121667, 14.4041467 ] ], [ [ 121.0121667, 14.4041467 ], [ 121.0120854, 14.4034817 ] ], [ [ 121.0120854, 14.4034817 ], [ 121.0120573, 14.4032537 ] ], [ [ 121.0120573, 14.4032537 ], [ 121.0120483, 14.4031591 ], [ 121.0120234, 14.4028973 ] ], [ [ 121.0120234, 14.4028973 ], [ 121.0119441, 14.4021649 ], [ 121.0118171, 14.4011184 ] ], [ [ 121.0118171, 14.4011184 ], [ 121.0117778, 14.4006737 ], [ 121.0117636, 14.4005432 ], [ 121.0117585, 14.4004965 ], [ 121.0117512, 14.4004197 ] ], [ [ 121.0117512, 14.4004197 ], [ 121.0117346, 14.4002435 ] ], [ [ 121.0117346, 14.4002435 ], [ 121.0117062, 14.3999439 ], [ 121.0116978, 14.3998606 ], [ 121.0116736, 14.3996185 ], [ 121.0116606, 14.399489 ] ], [ [ 121.0116606, 14.399489 ], [ 121.0116214, 14.3990799 ], [ 121.011584, 14.3988685 ], [ 121.011512, 14.3986202 ], [ 121.0110203, 14.3970925 ], [ 121.0109357, 14.3968336 ], [ 121.0108952, 14.3967093 ], [ 121.0108339, 14.3965205 ], [ 121.0107824, 14.396362 ], [ 121.0103399, 14.3950087 ], [ 121.0099313, 14.3937157 ], [ 121.009883, 14.3935704 ], [ 121.0095796, 14.3925773 ], [ 121.0093478, 14.3919219 ], [ 121.009284, 14.3917769 ], [ 121.0092628, 14.3916611 ] ], [ [ 121.0092628, 14.3916611 ], [ 121.0092645, 14.391542 ], [ 121.0092843, 14.3913737 ], [ 121.0094756, 14.3902047 ], [ 121.0095651, 14.389612 ], [ 121.0095906, 14.3894469 ], [ 121.0098894, 14.3875435 ], [ 121.0099142, 14.3873963 ], [ 121.0101758, 14.3858667 ], [ 121.0102573, 14.3854044 ] ], [ [ 121.0102573, 14.3854044 ], [ 121.0102836, 14.3852095 ], [ 121.0103143, 14.3850007 ] ], [ [ 121.0103143, 14.3850007 ], [ 121.01033, 14.3849186 ] ], [ [ 121.01033, 14.3849186 ], [ 121.0103661, 14.3848015 ], [ 121.0103957, 14.3847392 ], [ 121.0104316, 14.3846768 ] ], [ [ 121.0104316, 14.3846768 ], [ 121.010879, 14.3839733 ], [ 121.0118438, 14.3826141 ], [ 121.0123498, 14.3818816 ], [ 121.013117, 14.3807563 ] ], [ [ 121.013117, 14.3807563 ], [ 121.0132191, 14.3805991 ], [ 121.0133021, 14.3804459 ], [ 121.0133611, 14.3803195 ], [ 121.0133983, 14.3801675 ], [ 121.0134291, 14.3800162 ], [ 121.0134298, 14.3798408 ] ], [ [ 121.0134298, 14.3798408 ], [ 121.0134255, 14.3796982 ], [ 121.0134112, 14.3796259 ], [ 121.0133675, 14.3793896 ], [ 121.0132169, 14.3784931 ] ], [ [ 121.0132169, 14.3784931 ], [ 121.0132099, 14.3784505 ], [ 121.0132028, 14.3784073 ], [ 121.013081, 14.3775726 ], [ 121.0129805, 14.3770042 ] ], [ [ 121.0129805, 14.3770042 ], [ 121.0128932, 14.37648 ] ], [ [ 121.0128932, 14.37648 ], [ 121.0128758, 14.3763988 ] ], [ [ 121.0128758, 14.3763988 ], [ 121.0128524, 14.3762816 ], [ 121.0128213, 14.3761096 ], [ 121.0127865, 14.3759665 ] ], [ [ 121.0127865, 14.3759665 ], [ 121.0127228, 14.3757369 ], [ 121.0126756, 14.3755992 ], [ 121.0126212, 14.3754718 ] ], [ [ 121.0126212, 14.3754718 ], [ 121.0125589, 14.3752718 ], [ 121.0125401, 14.3751847 ], [ 121.0125294, 14.3750886 ], [ 121.0125301, 14.3750208 ], [ 121.0125336, 14.3749435 ], [ 121.0125433, 14.3748511 ], [ 121.012571, 14.3746534 ], [ 121.0125798, 14.3745283 ], [ 121.0125804, 14.3744352 ], [ 121.0125344, 14.374207 ] ], [ [ 121.0125344, 14.374207 ], [ 121.0125089, 14.3740619 ], [ 121.0123794, 14.3738083 ] ], [ [ 121.0123794, 14.3738083 ], [ 121.0123403, 14.3736135 ], [ 121.0123377, 14.3734771 ], [ 121.0123674, 14.3733685 ], [ 121.0124349, 14.3732802 ], [ 121.0124939, 14.37324 ] ], [ [ 121.0124939, 14.37324 ], [ 121.012602, 14.3731815 ], [ 121.0127777, 14.3731218 ] ], [ [ 121.0127777, 14.3731218 ], [ 121.0135316, 14.3731988 ] ], [ [ 121.0135316, 14.3731988 ], [ 121.013572, 14.3732157 ], [ 121.0136888, 14.3732647 ], [ 121.0137619, 14.3733166 ], [ 121.0138313, 14.3733882 ], [ 121.0138839, 14.3734764 ], [ 121.0139176, 14.3735546 ], [ 121.0139717, 14.3736811 ], [ 121.0140332, 14.3738731 ] ], [ [ 121.0140332, 14.3738731 ], [ 121.0140933, 14.3741974 ], [ 121.014116, 14.3743364 ], [ 121.0141307, 14.3744858 ], [ 121.0141279, 14.374589 ], [ 121.0141253, 14.374682 ] ], [ [ 121.0141253, 14.374682 ], [ 121.0140958, 14.3749236 ], [ 121.0140667, 14.3751088 ], [ 121.0140271, 14.3752721 ], [ 121.0139723, 14.3754125 ], [ 121.0139157, 14.3755338 ], [ 121.0137147, 14.3758732 ] ], [ [ 121.0137147, 14.3758732 ], [ 121.0136645, 14.3759261 ], [ 121.0135855, 14.3760013 ], [ 121.013421, 14.376134 ], [ 121.0133698, 14.3761712 ] ], [ [ 121.0133698, 14.3761712 ], [ 121.0132114, 14.3763167 ] ], [ [ 121.0132114, 14.3763167 ], [ 121.0131373, 14.3764947 ], [ 121.0131137, 14.3765693 ], [ 121.013085, 14.3766958 ], [ 121.0130659, 14.376832 ], [ 121.0130544, 14.3769777 ] ], [ [ 121.0130544, 14.3769777 ], [ 121.0132961, 14.3783947 ], [ 121.0133112, 14.3784817 ], [ 121.0134699, 14.3793181 ], [ 121.0135127, 14.3796252 ], [ 121.0135207, 14.3797316 ], [ 121.0135295, 14.3798442 ], [ 121.0135196, 14.3799698 ], [ 121.0135035, 14.380113 ], [ 121.0134558, 14.380299 ], [ 121.0134048, 14.380426 ], [ 121.0133022, 14.3806081 ], [ 121.0132078, 14.3807638 ], [ 121.0128671, 14.3812667 ], [ 121.0119094, 14.3826594 ] ], [ [ 121.0119094, 14.3826594 ], [ 121.0108777, 14.3841731 ] ], [ [ 121.0108777, 14.3841731 ], [ 121.0105125, 14.3847021 ], [ 121.010478, 14.3847608 ], [ 121.0104519, 14.3848252 ], [ 121.0104084, 14.3849444 ] ], [ [ 121.0104084, 14.3849444 ], [ 121.0103944, 14.3850324 ] ], [ [ 121.0103944, 14.3850324 ], [ 121.0103623, 14.3852207 ], [ 121.0102659, 14.3858458 ], [ 121.0100117, 14.3874412 ], [ 121.0098214, 14.3885879 ], [ 121.009709, 14.3892859 ] ], [ [ 121.009709, 14.3892859 ], [ 121.0099876, 14.3892925 ], [ 121.0100973, 14.3892942 ], [ 121.0101174, 14.3892945 ] ], [ [ 121.0101174, 14.3892945 ], [ 121.0102222, 14.389319 ] ], [ [ 121.0111588, 14.3893236 ], [ 121.0108071, 14.389323 ], [ 121.0105259, 14.3893202 ], [ 121.0103186, 14.3893193 ], [ 121.0102222, 14.389319 ] ] ] } },
{ "type": "Feature", "properties": { "route_id": "LTFRB_PUJ1034", "osm_relation_id": 11521406, "osm_relation_name": "Alabang–Signal Village via SLEX", "osm_relation_timestamp": "2026-08-24T08:32:30Z", "geometry_source": "osm_relation" }, "geometry": { "type": "MultiLineString", "coordinates": [ [ [ 121.0419376, 14.5064526 ], [ 121.0420463, 14.5062468 ] ], [ [ 121.0417801, 14.5066034 ], [ 121.0418846, 14.5065385 ], [ 121.0419173, 14.5065034 ], [ 121.0419376, 14.5064526 ] ], [ [ 121.0411604, 14.5065692 ], [ 121.0413195, 14.5063815 ], [ 121.0416171, 14.5065221 ], [ 121.0417801, 14.5066034 ] ], [ [ 121.0411604, 14.5065692 ], [ 121.0410773, 14.5065971 ] ], [ [ 121.0410773, 14.5065971 ], [ 121.0410024, 14.5065756 ], [ 121.0409091, 14.5065584 ], [ 121.040759, 14.5065418 ], [ 121.0403057, 14.5063244 ], [ 121.0402728, 14.5062971 ], [ 121.0402507, 14.5062538 ] ], [ [ 121.0402507, 14.5062538 ], [ 121.0399879, 14.506114 ] ], [ [ 121.0399879, 14.506114 ], [ 121.040007, 14.5060541 ], [ 121.0399939, 14.5060034 ], [ 121.0399763, 14.5059727 ] ], [ [ 121.0399763, 14.5059727 ], [ 121.0398785, 14.5059102 ], [ 121.0398248, 14.5058393 ], [ 121.0397425, 14.5057141 ], [ 121.0397328, 14.5056642 ], [ 121.0397326, 14.505602 ] ], [ [ 121.0397326, 14.505602 ], [ 121.0397726, 14.5054668 ], [ 121.0398125, 14.5053506 ], [ 121.0398281, 14.5052514 ] ], [ [ 121.0398281, 14.5052514 ], [ 121.0396287, 14.5052278 ] ], [ [ 121.0396287, 14.5052278 ], [ 121.0395019, 14.5051951 ], [ 121.0393498, 14.5051281 ], [ 121.0392845, 14.5050779 ], [ 121.0392291, 14.505005 ] ], [ [ 121.0390452, 14.5049227 ], [ 121.0392291, 14.505005 ] ], [ [ 121.038807, 14.5048384 ], [ 121.0388933, 14.5048628 ], [ 121.0390452, 14.5049227 ] ], [ [ 121.038807, 14.5048384 ], [ 121.038685, 14.504804 ], [ 121.0379676, 14.5045382 ], [ 121.0377871, 14.504471 ], [ 121.0369679, 14.504164 ] ], [ [ 121.0369679, 14.504164 ], [ 121.0368757, 14.5039333 ], [ 121.0370222, 14.5036456 ], [ 121.0371683, 14.5033666 ], [ 121.0374251, 14.5028794 ], [ 121.0376448, 14.5024771 ], [ 121.037786, 14.502223 ], [ 121.0379907, 14.5021568 ] ], [ [ 121.0379907, 14.5021568 ], [ 121.0380506, 14.5021419 ] ], [ [ 121.0380506, 14.5021419 ], [ 121.0381622, 14.5019257 ], [ 121.0381859, 14.5018785 ], [ 121.038345, 14.5015789 ], [ 121.0383863, 14.5015068 ], [ 121.0385478, 14.5012028 ], [ 121.0387446, 14.5008295 ], [ 121.0389177, 14.5005184 ], [ 121.0391474, 14.5000924 ], [ 121.0396997, 14.4990715 ], [ 121.03994, 14.4986164 ], [ 121.0400555, 14.4984144 ], [ 121.0404633, 14.4976486 ], [ 121.040493, 14.4975844 ], [ 121.0408082, 14.4970188 ], [ 121.0411513, 14.4963726 ], [ 121.0414448, 14.4958255 ], [ 121.0414641, 14.4957925 ] ], [ [ 121.0414641, 14.4957925 ], [ 121.0414813, 14.4957605 ], [ 121.0415095, 14.4957049 ], [ 121.0417166, 14.4953239 ], [ 121.041739, 14.4952718 ], [ 121.0420915, 14.4946178 ], [ 121.0421293, 14.4945463 ], [ 121.0421669, 14.4944747 ], [ 121.042337, 14.4941623 ], [ 121.0424477, 14.493963 ], [ 121.0426268, 14.4936345 ], [ 121.04269, 14.4935179 ], [ 121.0427408, 14.4934193 ], [ 121.0429285, 14.4930656 ], [ 121.0430556, 14.4928299 ], [ 121.0432028, 14.4925581 ] ], [ [ 121.0432028, 14.4925581 ], [ 121.0433106, 14.4923586 ], [ 121.0436769, 14.4916797 ], [ 121.0439047, 14.4912478 ], [ 121.0443112, 14.4904931 ], [ 121.0447205, 14.4897326 ], [ 121.0447622, 14.4896752 ], [ 121.0447989, 14.4896224 ], [ 121.0448382, 14.4895973 ], [ 121.044892, 14.4895848 ], [ 121.0454795, 14.489512 ], [ 121.0462264, 14.4894211 ] ], [ [ 121.0462264, 14.4894211 ], [ 121.046397, 14.4894003 ], [ 121.0467853, 14.4893553 ], [ 121.0468395, 14.4893322 ], [ 121.0469041, 14.4892796 ], [ 121.0469718, 14.4891958 ], [ 121.0470051, 14.489136 ], [ 121.0470182, 14.4891054 ], [ 121.0470282, 14.4890733 ] ], [ [ 121.0470282, 14.4890733 ], [ 121.047033, 14.4890265 ], [ 121.0470336, 14.4889856 ], [ 121.0470343, 14.488939 ], [ 121.0470275, 14.4888817 ], [ 121.0470105, 14.4888084 ], [ 121.0468843, 14.4883783 ] ], [ [ 121.0468843, 14.4883783 ], [ 121.0467896, 14.4880711 ], [ 121.0467169, 14.487856 ] ], [ [ 121.0467169, 14.487856 ], [ 121.0467014, 14.4878072 ], [ 121.0466952, 14.4877544 ] ], [ [ 121.0466952, 14.4877544 ], [ 121.0466619, 14.4876572 ], [ 121.0466164, 14.4875962 ], [ 121.0465469, 14.4875393 ] ], [ [ 121.0465469, 14.4875393 ], [ 121.0461603, 14.4874008 ], [ 121.0458498, 14.4872781 ] ], [ [ 121.0458498, 14.4872781 ], [ 121.0458164, 14.4872668 ] ], [ [ 121.0458164, 14.4872668 ], [ 121.0457541, 14.4872426 ], [ 121.0455355, 14.4871577 ] ], [ [ 121.0455355, 14.4871577 ], [ 121.0454243, 14.487114 ] ], [ [ 121.0454243, 14.487114 ], [ 121.0452241, 14.4870291 ] ], [ [ 121.0452241, 14.4870291 ], [ 121.0447929, 14.4868866 ] ], [ [ 121.0447929, 14.4868866 ], [ 121.0446194, 14.4868327 ] ], [ [ 121.0446194, 14.4868327 ], [ 121.0446355, 14.4867396 ] ], [ [ 121.0446355, 14.4867396 ], [ 121.0446474, 14.4866923 ] ], [ [ 121.0446474, 14.4866923 ], [ 121.0446596, 14.4866437 ] ], [ [ 121.0446596, 14.4866437 ], [ 121.0446717, 14.4865873 ], [ 121.0447355, 14.4863716 ], [ 121.0448589, 14.4859618 ] ], [ [ 121.0448589, 14.4859618 ], [ 121.0448713, 14.4859207 ], [ 121.0448904, 14.4858615 ] ], [ [ 121.0448904, 14.4858615 ], [ 121.0450379, 14.4854052 ], [ 121.0450687, 14.4851832 ] ], [ [ 121.0450687, 14.4851832 ], [ 121.0450793, 14.4847858 ], [ 121.0450787, 14.4840149 ], [ 121.0450883, 14.4818801 ], [ 121.0451011, 14.4804727 ], [ 121.0451025, 14.4790196 ], [ 121.0451047, 14.4780944 ], [ 121.0451061, 14.4775075 ], [ 121.0451143, 14.4759761 ], [ 121.0451288, 14.4733349 ], [ 121.0451323, 14.4723396 ], [ 121.0451387, 14.4703245 ], [ 121.0451429, 14.4690161 ], [ 121.0451479, 14.4670881 ], [ 121.0451587, 14.4651389 ], [ 121.0451847, 14.4629445 ] ], [ [ 121.0451847, 14.4629445 ], [ 121.0452073, 14.4604452 ], [ 121.0452174, 14.4593248 ], [ 121.04522, 14.4590081 ], [ 121.04522, 14.4581072 ], [ 121.0452047, 14.4559277 ] ], [ [ 121.0452047, 14.4559277 ], [ 121.0452077, 14.4553649 ], [ 121.0452139, 14.4542311 ], [ 121.0452168, 14.4539503 ], [ 121.0452185, 14.4531888 ], [ 121.0452167, 14.452438 ], [ 121.0452166, 14.4518029 ] ], [ [ 121.0452166, 14.4518029 ], [ 121.0452198, 14.4493146 ], [ 121.0452308, 14.4483448 ], [ 121.0452472, 14.4461183 ], [ 121.0452465, 14.4458671 ] ], [ [ 121.0452465, 14.4458671 ], [ 121.0452467, 14.4456752 ] ], [ [ 121.0452467, 14.4456752 ], [ 121.0452799, 14.4413162 ], [ 121.0452949, 14.438513 ] ], [ [ 121.0452949, 14.438513 ], [ 121.045314, 14.4363507 ] ], [ [ 121.045314, 14.4363507 ], [ 121.0453201, 14.4359792 ], [ 121.0453332, 14.4339838 ], [ 121.0453333, 14.4339729 ], [ 121.0453334, 14.4339541 ] ], [ [ 121.0453334, 14.4339541 ], [ 121.0453638, 14.4310476 ], [ 121.0453659, 14.4302918 ] ], [ [ 121.0453659, 14.4302918 ], [ 121.0453661, 14.4302073 ] ], [ [ 121.0453661, 14.4302073 ], [ 121.0453738, 14.4295165 ] ], [ [ 121.0453738, 14.4295165 ], [ 121.0453887, 14.4271569 ], [ 121.0454103, 14.4240091 ] ], [ [ 121.0454103, 14.4240091 ], [ 121.045412, 14.4237813 ] ], [ [ 121.045412, 14.4237813 ], [ 121.0454104, 14.423283 ] ], [ [ 121.0454104, 14.423283 ], [ 121.04538, 14.4226011 ] ], [ [ 121.04538, 14.4226011 ], [ 121.0453616, 14.4210664 ], [ 121.0453594, 14.4208801 ], [ 121.0453774, 14.4202563 ] ], [ [ 121.0453774, 14.4202563 ], [ 121.0453878, 14.4183286 ], [ 121.0453908, 14.4173356 ], [ 121.045385, 14.416204 ], [ 121.0453262, 14.4154479 ], [ 121.0451654, 14.4146536 ] ], [ [ 121.0451654, 14.4146536 ], [ 121.0450064, 14.4141997 ], [ 121.04481, 14.4137872 ], [ 121.0444918, 14.4132426 ] ], [ [ 121.0444918, 14.4132426 ], [ 121.0442769, 14.4128892 ] ], [ [ 121.0442769, 14.4128892 ], [ 121.044079, 14.4127652 ], [ 121.0439459, 14.4125914 ], [ 121.0433784, 14.4117122 ], [ 121.0432984, 14.4116038 ], [ 121.0432488, 14.4115622 ], [ 121.0431763, 14.4115109 ] ], [ [ 121.0431763, 14.4115109 ], [ 121.0430543, 14.4114622 ], [ 121.042932, 14.4114287 ], [ 121.0428102, 14.4114206 ], [ 121.0426833, 14.4114322 ], [ 121.0425456, 14.4114708 ], [ 121.0420973, 14.411663 ], [ 121.0419684, 14.4117255 ] ], [ [ 121.0419684, 14.4117255 ], [ 121.0413658, 14.4119702 ] ], [ [ 121.0413658, 14.4119702 ], [ 121.0408964, 14.4121354 ] ], [ [ 121.0408964, 14.4121354 ], [ 121.0408555, 14.412151 ], [ 121.0408191, 14.4121679 ] ], [ [ 121.0408191, 14.4121679 ], [ 121.0403029, 14.4122779 ] ], [ [ 121.0403029, 14.4122779 ], [ 121.0402154, 14.4122939 ], [ 121.0399398, 14.4123193 ], [ 121.0396363, 14.4123441 ], [ 121.0394826, 14.4123476 ] ], [ [ 121.0394826, 14.4123476 ], [ 121.0393542, 14.4123701 ], [ 121.0392623, 14.4123918 ], [ 121.0392068, 14.4124126 ], [ 121.0391681, 14.4124403 ], [ 121.0391353, 14.4124694 ], [ 121.0391057, 14.4125175 ], [ 121.0390823, 14.4125825 ], [ 121.0390467, 14.412763 ] ], [ [ 121.0390467, 14.412763 ], [ 121.0390363, 14.4135269 ] ], [ [ 121.0390363, 14.4135269 ], [ 121.0390588, 14.4136154 ], [ 121.0390975, 14.4136985 ], [ 121.0391183, 14.4137276 ], [ 121.0391511, 14.4137734 ], [ 121.0392179, 14.4138376 ], [ 121.0392956, 14.413889 ] ], [ [ 121.0392956, 14.413889 ], [ 121.0397165, 14.4139529 ], [ 121.0399499, 14.4139845 ], [ 121.0401312, 14.4140014 ], [ 121.0402556, 14.4139963 ], [ 121.0403747, 14.4139707 ], [ 121.0404895, 14.4139385 ], [ 121.0406122, 14.4138889 ], [ 121.0406822, 14.4138527 ] ], [ [ 121.0406822, 14.4138527 ], [ 121.0407637, 14.4138034 ] ], [ [ 121.0407637, 14.4138034 ], [ 121.0410495, 14.4136289 ], [ 121.0413344, 14.4135004 ], [ 121.0415325, 14.4134622 ], [ 121.0418193, 14.4134426 ], [ 121.0420919, 14.4134626 ], [ 121.0422848, 14.4135027 ], [ 121.0424897, 14.4135729 ], [ 121.0426949, 14.4136989 ], [ 121.0428484, 14.4138328 ], [ 121.0430325, 14.4140476 ] ], [ [ 121.0430325, 14.4140476 ], [ 121.043077, 14.414118 ] ], [ [ 121.043077, 14.414118 ], [ 121.0431605, 14.4142656 ], [ 121.0432947, 14.4145354 ], [ 121.043395, 14.4147497 ], [ 121.0434977, 14.4149946 ], [ 121.0435706, 14.4152264 ], [ 121.0436168, 14.4154069 ], [ 121.0436898, 14.4158581 ], [ 121.0437091, 14.4161539 ] ], [ [ 121.0437091, 14.4161539 ], [ 121.0437043, 14.4162329 ], [ 121.0436913, 14.4164551 ], [ 121.0436751, 14.4166617 ], [ 121.0436404, 14.4168942 ], [ 121.0435734, 14.4171765 ], [ 121.0434606, 14.4175358 ], [ 121.043395, 14.4176805 ] ], [ [ 121.043395, 14.4176805 ], [ 121.0433164, 14.4178537 ], [ 121.0432743, 14.4179466 ] ], [ [ 121.0432743, 14.4179466 ], [ 121.0430856, 14.4183147 ], [ 121.0429359, 14.4186068 ] ], [ [ 121.0437258, 14.4192725 ], [ 121.0436556, 14.4192079 ], [ 121.0430549, 14.4187067 ], [ 121.0429359, 14.4186068 ] ], [ [ 121.0437258, 14.4192725 ], [ 121.0438155, 14.4191856 ], [ 121.0439093, 14.4190947 ], [ 121.0440168, 14.4189906 ] ], [ [ 121.0440168, 14.4189906 ], [ 121.0441768, 14.4188413 ], [ 121.0444392, 14.4185965 ] ], [ [ 121.0444392, 14.4185965 ], [ 121.0444567, 14.4185772 ], [ 121.0447297, 14.4182926 ], [ 121.0448953, 14.4181055 ], [ 121.0450216, 14.4179532 ] ], [ [ 121.0450216, 14.4179532 ], [ 121.0450989, 14.4177931 ], [ 121.0452406, 14.4175468 ] ], [ [ 121.0452406, 14.4175468 ], [ 121.0453656, 14.4173031 ] ], [ [ 121.0453656, 14.4173031 ], [ 121.0453619, 14.4163927 ] ], [ [ 121.0453619, 14.4163927 ], [ 121.0453543, 14.4161826 ] ], [ [ 121.0453543, 14.4161826 ], [ 121.0453072, 14.4157443 ] ], [ [ 121.0453072, 14.4157443 ], [ 121.0452353, 14.4154684 ], [ 121.0451666, 14.4151624 ] ], [ [ 121.0451666, 14.4151624 ], [ 121.0451042, 14.4148846 ], [ 121.0450853, 14.4148213 ] ], [ [ 121.0450853, 14.4148213 ], [ 121.0450241, 14.4146164 ], [ 121.0449498, 14.4144151 ], [ 121.0449064, 14.4143013 ] ], [ [ 121.0449064, 14.4143013 ], [ 121.0451074, 14.4141725 ], [ 121.0452652, 14.414158 ], [ 121.0453185, 14.4141891 ] ], [ [ 121.0453185, 14.4141891 ], [ 121.0453825, 14.4142502 ], [ 121.0455274, 14.4143366 ], [ 121.0456941, 14.4143941 ] ], [ [ 121.0456941, 14.4143941 ], [ 121.0457997, 14.4144128 ] ], [ [ 121.0457997, 14.4144128 ], [ 121.0457506, 14.41482 ], [ 121.0457099, 14.4150639 ] ], [ [ 121.0457099, 14.4150639 ], [ 121.0456979, 14.4151626 ], [ 121.045683, 14.4152833 ] ], [ [ 121.045683, 14.4152833 ], [ 121.0456776, 14.4153277 ], [ 121.0456665, 14.415474 ] ], [ [ 121.0456665, 14.415474 ], [ 121.0457513, 14.4154838 ], [ 121.0460196, 14.4155112 ] ], [ [ 121.0460196, 14.4155112 ], [ 121.0459992, 14.4155654 ] ], [ [ 121.0459992, 14.4155654 ], [ 121.045988, 14.4156125 ], [ 121.0459859, 14.4156305 ], [ 121.0459662, 14.4158093 ] ], [ [ 121.0459662, 14.4158093 ], [ 121.0460541, 14.415815 ], [ 121.0461643, 14.4158221 ], [ 121.0462713, 14.4158291 ], [ 121.0462963, 14.4158307 ] ], [ [ 121.0462963, 14.4158307 ], [ 121.0464325, 14.4158395 ] ], [ [ 121.0464325, 14.4158395 ], [ 121.0465451, 14.4158469 ] ], [ [ 121.0465451, 14.4158469 ], [ 121.0466419, 14.4158532 ] ], [ [ 121.0466419, 14.4158532 ], [ 121.0467446, 14.4158598 ], [ 121.0470643, 14.4158806 ], [ 121.0472125, 14.4159081 ] ], [ [ 121.0472125, 14.4159081 ], [ 121.0472731, 14.4159941 ], [ 121.0472715, 14.4161517 ] ], [ [ 121.0472715, 14.4161517 ], [ 121.04691, 14.4162447 ], [ 121.0468899, 14.4163821 ] ] ] } }
]
}
