route_id,route_long_name,avg_headway_min,daily_service_window_hrs,trips_per_day_estimate,weekday_frequency_rows,frequency_source
LTFRB_PUJ1001,HULO - P. VICTORINO/KALENTONG,1.0,17.0,1020.0,1.0,gtfs_frequencies_typical_weekday
LTFRB_PUJ1002,HULO - P. VICTORINO/KALENTONG,1.0,17.0,1020.0,1.0,gtfs_frequencies_typical_weekday
LTFRB_PUJ1003,A. Bonifacio - A. Mabini via 10th Avenue,1.0,17.0,1020.0,1.0,gtfs_frequencies_typical_weekday
LTFRB_PUJ1004,A. Bonifacio - A. Mabini via 10th Avenue,1.0,17.0,1020.0,1.0,gtfs_frequencies_typical_weekday
LTFRB_PUJ1005,A. Bonifacio - E. Rodriguez via D. Tuazon,1.0,17.0,1020.0,1.0,gtfs_frequencies_typical_weekday
LTFRB_PUJ1006,A. Bonifacio - E. Rodriguez via D. Tuazon,1.0,17.0,1020.0,1.0,gtfs_frequencies_typical_weekday
LTFRB_PUJ1007,A. Luna - Libertad,1.0,17.0,1020.0,1.0,gtfs_frequencies_typical_weekday
LTFRB_PUJ1008,A. Luna - Libertad,1.0,17.0,1020.0,1.0,gtfs_frequencies_typical_weekday
LTFRB_PUJ1009,Mayhaligue - Plaza dela Barca via J.A.,1.0,17.0,1020.0,1.0,gtfs_frequencies_typical_weekday
LTFRB_PUJ1010,Mayhaligue - Plaza dela Barca via J.A.,1.0,17.0,1020.0,1.0,gtfs_frequencies_typical_weekday
LTFRB_PUJ1011,A. Rivera - Raon via Tomas Mapua,1.0,17.0,1020.0,2.0,gtfs_frequencies_typical_weekday
LTFRB_PUJ1012,A. Rivera - Raon via Tomas Mapua,1.0,17.0,1020.0,1.0,gtfs_frequencies_typical_weekday
LTFRB_PUJ1013,Alabang - Baclaran via Ninoy Aquino,1.0,17.0,1020.0,1.0,gtfs_frequencies_typical_weekday
LTFRB_PUJ1014,Alabang - Baclaran via Ninoy Aquino,1.0,17.0,1020.0,1.0,gtfs_frequencies_typical_weekday
LTFRB_PUJ1015,"Alabang - Baclaran via San Dionisio, Zapote",1.0,17.0,1020.0,1.0,gtfs_frequencies_typical_weekday
LTFRB_PUJ1016,"Alabang - Baclaran via San Dionisio, Zapote",1.0,17.0,1020.0,1.0,gtfs_frequencies_typical_weekday
LTFRB_PUJ1017,Alabang - Carmona,1.0,17.0,1020.0,1.0,gtfs_frequencies_typical_weekday
LTFRB_PUJ1018,Alabang - Carmona,1.0,17.0,1020.0,1.0,gtfs_frequencies_typical_weekday
LTFRB_PUJ1019,Alabang - GMA via Carmona National Rd.,1.0,17.0,1020.0,1.0,gtfs_frequencies_typical_weekday
LTFRB_PUJ1020,Alabang - GMA via Carmona National Rd.,1.0,17.0,1020.0,2.0,gtfs_frequencies_typical_weekday
LTFRB_PUJ1021,"Alabang - GMA via South Expressway, Carmona Exit",1.0,17.0,1020.0,1.0,gtfs_frequencies_typical_weekday
LTFRB_PUJ1022,"Alabang - GMA via South Expressway, Carmona Exit",1.0,17.0,1020.0,1.0,gtfs_frequencies_typical_weekday
LTFRB_PUJ1023,Alabang - FTI via South Super Highway,1.0,17.0,1020.0,1.0,gtfs_frequencies_typical_weekday
LTFRB_PUJ1024,Alabang - FTI via South Super Highway,1.0,17.0,1020.0,1.0,gtfs_frequencies_typical_weekday
LTFRB_PUJ1025,"Alabang - Muntinlupa via National Rd. up to Bayan-bayanan, San Pedro",1.0,17.0,1020.0,1.0,gtfs_frequencies_typical_weekday
LTFRB_PUJ1026,"Alabang - Muntinlupa via National Rd. up to Bayan-bayanan, San Pedro",1.0,17.0,1020.0,1.0,gtfs_frequencies_typical_weekday
LTFRB_PUJ1028,Alabang - Muntinlupa Bilibid Prison via Katarungan Village,1.0,17.0,1020.0,2.0,gtfs_frequencies_typical_weekday
LTFRB_PUJ1029,Alabang - Pasay RTDA. Via FTI Service Rd.,1.0,17.0,1020.0,1.0,gtfs_frequencies_typical_weekday
LTFRB_PUJ1030,Alabang - Pasay RTDA. Via FTI Service Rd.,1.0,17.0,1020.0,1.0,gtfs_frequencies_typical_weekday
LTFRB_PUJ1031,Alabang - Pasay RTDA. Via South Super Highway,1.0,17.0,1020.0,1.0,gtfs_frequencies_typical_weekday
LTFRB_PUJ1033,Alabang - Signal Village via South Expressway Service Road,1.0,17.0,1020.0,1.0,gtfs_frequencies_typical_weekday
LTFRB_PUJ1034,Alabang - Signal Village via South Expressway Service Road,1.0,17.0,1020.0,1.0,gtfs_frequencies_typical_weekday
LTFRB_PUJ1035,(Alabang) Pacita Complex - Sucat,1.0,17.0,1020.0,1.0,gtfs_frequencies_typical_weekday
LTFRB_PUJ1036,(Alabang) Pacita Complex - Sucat,1.0,17.0,1020.0,1.0,gtfs_frequencies_typical_weekday
LTFRB_PUJ1037,Alabang - Sucat via Cupang (East Service Rd.),1.0,17.0,1020.0,1.0,gtfs_frequencies_typical_weekday
LTFRB_PUJ1038,Alabang - Sucat via Cupang (East Service Rd.),1.0,17.0,1020.0,1.0,gtfs_frequencies_typical_weekday
LTFRB_PUJ1040,Alabang - Zapote (Las Piñas),1.0,17.0,1020.0,1.0,gtfs_frequencies_typical_weekday
LTFRB_PUJ1041,Almanza ( Las Piñas ) - Baclaran,1.0,17.0,1020.0,1.0,gtfs_frequencies_typical_weekday
LTFRB_PUJ1042,Almanza ( Las Piñas ) - Baclaran,1.0,17.0,1020.0,1.0,gtfs_frequencies_typical_weekday
LTFRB_PUJ1043,Antipolo - Cubao via Marcos Highway,1.0,17.0,1020.0,1.0,gtfs_frequencies_typical_weekday
LTFRB_PUJ1044,Antipolo - Cubao via Marcos Highway,1.0,17.0,1020.0,1.0,gtfs_frequencies_typical_weekday
LTFRB_PUJ1045,Antipolo - Cubao via Sumulong,1.0,17.0,1020.0,1.0,gtfs_frequencies_typical_weekday
LTFRB_PUJ1046,Antipolo - Cubao via Sumulong,1.0,17.0,1020.0,1.0,gtfs_frequencies_typical_weekday
LTFRB_PUJ1047,Antipolo - EDSA/Shaw Blvd.,1.0,17.0,1020.0,1.0,gtfs_frequencies_typical_weekday
LTFRB_PUJ1048,Antipolo - EDSA/Shaw Blvd.,1.0,17.0,1020.0,1.0,gtfs_frequencies_typical_weekday
LTFRB_PUJ1049,Antipolo - JRC Ortigas/Shaw,1.0,17.0,1020.0,1.0,gtfs_frequencies_typical_weekday
LTFRB_PUJ1050,Antipolo - JRC Ortigas/Shaw,1.0,17.0,1020.0,1.0,gtfs_frequencies_typical_weekday
LTFRB_PUJ1051,Antipolo (Cogeo) - Marikina via Sumulong,1.0,17.0,1020.0,1.0,gtfs_frequencies_typical_weekday
LTFRB_PUJ1053,Anonas/Aurora - Lagro via Don Mariano Marcos Ave.,1.0,17.0,1020.0,1.0,gtfs_frequencies_typical_weekday
LTFRB_PUJ1054,Anonas/Aurora - Lagro via Don Mariano Marcos Ave.,1.0,17.0,1020.0,1.0,gtfs_frequencies_typical_weekday
LTFRB_PUJ1055,Arroceros - Proj. 2 & 3 via Kamuning E. Rodriguez,1.0,17.0,1020.0,1.0,gtfs_frequencies_typical_weekday
LTFRB_PUJ1056,Arroceros - Proj. 2 & 3 via Kamuning E. Rodriguez,1.0,17.0,1020.0,1.0,gtfs_frequencies_typical_weekday
LTFRB_PUJ1057,Arroceros - Roxas Dist. Via Espana,1.0,17.0,1020.0,1.0,gtfs_frequencies_typical_weekday
LTFRB_PUJ1058,Arroceros - Roxas Dist. Via Espana,1.0,17.0,1020.0,1.0,gtfs_frequencies_typical_weekday
LTFRB_PUJ1059,Ayala - Pateros via J.P. Rizal,1.0,17.0,1020.0,1.0,gtfs_frequencies_typical_weekday
LTFRB_PUJ1060,Ayala - Pateros via J.P. Rizal,1.0,17.0,1020.0,1.0,gtfs_frequencies_typical_weekday
LTFRB_PUJ1061,Ayala - Mantrade via Pasong Tamo,1.0,17.0,1020.0,1.0,gtfs_frequencies_typical_weekday
LTFRB_PUJ1062,Ayala - Mantrade via Pasong Tamo,1.0,17.0,1020.0,1.0,gtfs_frequencies_typical_weekday
LTFRB_PUJ1063,Ayala - Washington,1.0,17.0,1020.0,1.0,gtfs_frequencies_typical_weekday
LTFRB_PUJ1064,Ayala - Washington,1.0,17.0,1020.0,1.0,gtfs_frequencies_typical_weekday
LTFRB_PUJ1065,Baclaran - Bacoor,1.0,17.0,1020.0,1.0,gtfs_frequencies_typical_weekday
LTFRB_PUJ1066,Baclaran - Bacoor,1.0,17.0,1020.0,1.0,gtfs_frequencies_typical_weekday
LTFRB_PUJ1067,Baclaran - MIA/Baltao,1.0,17.0,1020.0,1.0,gtfs_frequencies_typical_weekday
LTFRB_PUJ1068,Baclaran - MIA/Baltao,1.0,17.0,1020.0,1.0,gtfs_frequencies_typical_weekday
LTFRB_PUJ1069,Baclaran - Nichols via CAA,1.0,17.0,1020.0,1.0,gtfs_frequencies_typical_weekday
LTFRB_PUJ1070,Baclaran - Nichols via CAA,1.0,17.0,1020.0,1.0,gtfs_frequencies_typical_weekday
LTFRB_PUJ1071,"Baclaran - Blumentritt via L. Guinto, Quiapo",1.0,17.0,1020.0,1.0,gtfs_frequencies_typical_weekday
LTFRB_PUJ1072,"Baclaran - Blumentritt via L. Guinto, Quiapo",1.0,17.0,1020.0,2.0,gtfs_frequencies_typical_weekday
LTFRB_PUJ1073,"Baclaran - Blumentritt via Mabini, Quiapo",1.0,17.0,1020.0,2.0,gtfs_frequencies_typical_weekday
LTFRB_PUJ1074,"Baclaran - Blumentritt via Mabini, Quiapo",1.0,17.0,1020.0,1.0,gtfs_frequencies_typical_weekday
LTFRB_PUJ1075,"Baclaran - Blumentritt via L. Guinto, Sta. Cruz",1.0,17.0,1020.0,1.0,gtfs_frequencies_typical_weekday
LTFRB_PUJ1076,"Baclaran - Blumentritt via L. Guinto, Sta. Cruz",1.0,17.0,1020.0,1.0,gtfs_frequencies_typical_weekday
LTFRB_PUJ1077,"Baclaran - Blumentritt via Mabini, Sta. Cruz",1.0,17.0,1020.0,1.0,gtfs_frequencies_typical_weekday
LTFRB_PUJ1078,"Baclaran - Blumentritt via Mabini, Sta. Cruz",1.0,17.0,1020.0,1.0,gtfs_frequencies_typical_weekday
LTFRB_PUJ1079,Baclaran - Dapitan via Mabini,1.0,17.0,1020.0,1.0,gtfs_frequencies_typical_weekday
LTFRB_PUJ1080,Baclaran - Dapitan via Mabini,1.0,17.0,1020.0,1.0,gtfs_frequencies_typical_weekday
LTFRB_PUJ1081,Baclaran - Divisoria via Mabini,1.0,17.0,1020.0,1.0,gtfs_frequencies_typical_weekday
LTFRB_PUJ1083,Baclaran - Moonwalk via Quirino,1.0,17.0,1020.0,1.0,gtfs_frequencies_typical_weekday
LTFRB_PUJ1084,Baclaran - Moonwalk via Quirino,1.0,17.0,1020.0,1.0,gtfs_frequencies_typical_weekday
LTFRB_PUJ1085,Baclaran - P. Campa via L. Guinto,1.0,17.0,1020.0,1.0,gtfs_frequencies_typical_weekday
LTFRB_PUJ1086,Baclaran - P. Campa via L. Guinto,1.0,17.0,1020.0,1.0,gtfs_frequencies_typical_weekday
LTFRB_PUJ1087,Baclaran - P. Campa via Mabini,1.0,17.0,1020.0,1.0,gtfs_frequencies_typical_weekday
LTFRB_PUJ1088,Baclaran - P. Campa via Mabini,1.0,17.0,1020.0,1.0,gtfs_frequencies_typical_weekday
LTFRB_PUJ1089,Baclaran - Q.I.via Mabini,1.0,17.0,1020.0,1.0,gtfs_frequencies_typical_weekday
LTFRB_PUJ1090,Baclaran - Q.I.via Mabini,1.0,17.0,1020.0,1.0,gtfs_frequencies_typical_weekday
LTFRB_PUJ1091,"Baclaran - Retiro via L. Guinto, Quiapo",1.0,17.0,1020.0,1.0,gtfs_frequencies_typical_weekday
LTFRB_PUJ1094,"Baclaran - Retiro via Mabini, Sta. Cruz",1.0,17.0,1020.0,1.0,gtfs_frequencies_typical_weekday
LTFRB_PUJ1095,"Baclaran - Sucat/SSH via Imelda Ave.,",1.0,17.0,1020.0,1.0,gtfs_frequencies_typical_weekday
LTFRB_PUJ1096,"Baclaran - Sucat/SSH via Imelda Ave.,",1.0,17.0,1020.0,1.0,gtfs_frequencies_typical_weekday
LTFRB_PUJ1097,Baclaran - Sucat/SSH via Quirino Ave.,1.0,17.0,1020.0,1.0,gtfs_frequencies_typical_weekday
LTFRB_PUJ1098,Baclaran - Sucat/SSH via Quirino Ave.,1.0,17.0,1020.0,1.0,gtfs_frequencies_typical_weekday
LTFRB_PUJ1099,Baclaran - Zapote (Las Pinas),1.0,17.0,1020.0,1.0,gtfs_frequencies_typical_weekday
LTFRB_PUJ1100,Baclaran - Zapote (Las Pinas),1.0,17.0,1020.0,1.0,gtfs_frequencies_typical_weekday
LTFRB_PUJ1101,Baclaran - Bahayang PAG-ASA Subd.,1.0,17.0,1020.0,1.0,gtfs_frequencies_typical_weekday
LTFRB_PUJ1102,Baclaran - Bahayang PAG-ASA Subd.,1.0,17.0,1020.0,1.0,gtfs_frequencies_typical_weekday
LTFRB_PUJ1103,Bacood - R. Magsaysay/Old Sta. Mesa,1.0,17.0,1020.0,1.0,gtfs_frequencies_typical_weekday
LTFRB_PUJ1104,Bacood - R. Magsaysay/Old Sta. Mesa,1.0,17.0,1020.0,2.0,gtfs_frequencies_typical_weekday
LTFRB_PUJ1105,Bagong Barrio - G. De Jesus/EDSA,1.0,17.0,1020.0,1.0,gtfs_frequencies_typical_weekday
LTFRB_PUJ1106,Bagong Barrio - G. De Jesus/EDSA,1.0,17.0,1020.0,1.0,gtfs_frequencies_typical_weekday
LTFRB_PUJ1107,Bagong Nayon II - Marikina Town,1.0,17.0,1020.0,1.0,gtfs_frequencies_typical_weekday
LTFRB_PUJ1108,Bagong Nayon II - Marikina Town,1.0,17.0,1020.0,2.0,gtfs_frequencies_typical_weekday
LTFRB_PUJ1109,Bagumbayan (Taguig) - Pasig (TP) via San Joaquin,1.0,17.0,1020.0,1.0,gtfs_frequencies_typical_weekday
LTFRB_PUJ1110,Bagumbayan (Taguig) - Pasig (TP) via San Joaquin,1.0,17.0,1020.0,1.0,gtfs_frequencies_typical_weekday
LTFRB_PUJ1111,Brgy. Bagong Silangan - Marcos Rd. via Sampaguita Road,1.0,17.0,1020.0,1.0,gtfs_frequencies_typical_weekday
LTFRB_PUJ1112,Brgy. Bagong Silangan - Marcos Rd. via Sampaguita Road,1.0,17.0,1020.0,1.0,gtfs_frequencies_typical_weekday
LTFRB_PUJ1113,Bagumbayan (Taguig) - Sucat,1.0,17.0,1020.0,1.0,gtfs_frequencies_typical_weekday
LTFRB_PUJ1114,Bagumbayan (Taguig) - Sucat,1.0,17.0,1020.0,1.0,gtfs_frequencies_typical_weekday
LTFRB_PUJ1116,Bagong Silang - Novaliches (TP) via Susano,1.0,17.0,1020.0,1.0,gtfs_frequencies_typical_weekday
LTFRB_PUJ1117,Bagong Silang - Robinson's Fairview via Zabarte Rd.,1.0,17.0,1020.0,1.0,gtfs_frequencies_typical_weekday
LTFRB_PUJ1118,Bagong Silang - Robinson's Fairview via Zabarte Rd.,1.0,17.0,1020.0,1.0,gtfs_frequencies_typical_weekday
LTFRB_PUJ1121,Balic - Balic - Bustillos via G. Tuazon,1.0,17.0,1020.0,1.0,gtfs_frequencies_typical_weekday
LTFRB_PUJ1122,Balic - Balic - Bustillos via G. Tuazon,1.0,17.0,1020.0,1.0,gtfs_frequencies_typical_weekday
LTFRB_PUJ1123,Balic - Balic - Espana/M. Dela Fuente,1.0,17.0,1020.0,1.0,gtfs_frequencies_typical_weekday
LTFRB_PUJ1124,Balic - Balic - Espana/M. Dela Fuente,1.0,17.0,1020.0,1.0,gtfs_frequencies_typical_weekday
LTFRB_PUJ1125,Balic - Balic - Quiapo (Barbosa) via Lepanto,1.0,17.0,1020.0,2.0,gtfs_frequencies_typical_weekday
LTFRB_PUJ1128,Balic - Balic (Galas) - Quiapo (Barbosa) via Lepanto,1.0,17.0,1020.0,2.0,gtfs_frequencies_typical_weekday
LTFRB_PUJ1129,Balete Drive/E. Rodriguez Loop Service,1.0,17.0,1020.0,1.0,gtfs_frequencies_typical_weekday
LTFRB_PUJ1130,Balintawak - Blumentritt,1.0,17.0,1020.0,1.0,gtfs_frequencies_typical_weekday
LTFRB_PUJ1131,Balintawak - Blumentritt,1.0,17.0,1020.0,1.0,gtfs_frequencies_typical_weekday
LTFRB_PUJ1132,Balintawak - Camarin via Susano,1.0,17.0,1020.0,1.0,gtfs_frequencies_typical_weekday
LTFRB_PUJ1133,Balintawak - Camarin via Susano,1.0,17.0,1020.0,1.0,gtfs_frequencies_typical_weekday
LTFRB_PUJ1134,Balintawak - Frisco,1.0,17.0,1020.0,1.0,gtfs_frequencies_typical_weekday
LTFRB_PUJ1135,Balintawak - Frisco,1.0,17.0,1020.0,1.0,gtfs_frequencies_typical_weekday
LTFRB_PUJ1136,Balintawak - Lagro via Novaliches,1.0,17.0,1020.0,1.0,gtfs_frequencies_typical_weekday
LTFRB_PUJ1137,Balintawak - Lagro via Novaliches,1.0,17.0,1020.0,1.0,gtfs_frequencies_typical_weekday
LTFRB_PUJ1138,Balintawak - Monumento via A. Bonifacio,1.0,17.0,1020.0,1.0,gtfs_frequencies_typical_weekday
LTFRB_PUJ1139,Balintawak - Monumento via A. Bonifacio,1.0,17.0,1020.0,1.0,gtfs_frequencies_typical_weekday
LTFRB_PUJ1140,Balintawak - Novaliches via Quirino Hi-way,1.0,17.0,1020.0,1.0,gtfs_frequencies_typical_weekday
LTFRB_PUJ1141,Balintawak - Novaliches via Quirino Hi-way,1.0,17.0,1020.0,1.0,gtfs_frequencies_typical_weekday
LTFRB_PUJ1142,Balintawak - PUC via BAESA,1.0,17.0,1020.0,1.0,gtfs_frequencies_typical_weekday
LTFRB_PUJ1143,Balintawak - PUC via BAESA,1.0,17.0,1020.0,1.0,gtfs_frequencies_typical_weekday
LTFRB_PUJ1144,Balut - Divisoria,1.0,17.0,1020.0,2.0,gtfs_frequencies_typical_weekday
LTFRB_PUJ1145,Balut - Divisoria,1.0,17.0,1020.0,1.0,gtfs_frequencies_typical_weekday
LTFRB_PUJ1146,"Brgy. San Rafael (Rodriguez) - Quezon City Hall via Maly (San Mateo, Rizal*",1.0,17.0,1020.0,1.0,gtfs_frequencies_typical_weekday
LTFRB_PUJ1147,"Brgy. San Rafael (Rodriguez) - Quezon City Hall via Maly (San Mateo, Rizal*",1.0,17.0,1020.0,1.0,gtfs_frequencies_typical_weekday
LTFRB_PUJ1148,Bel-Air-Washington,1.0,17.0,1020.0,1.0,gtfs_frequencies_typical_weekday
LTFRB_PUJ1149,Bel-Air-Washington,1.0,17.0,1020.0,1.0,gtfs_frequencies_typical_weekday
LTFRB_PUJ1150,Bicutan (Taguig) - Pasig (TP) via Pateros,1.0,17.0,1020.0,1.0,gtfs_frequencies_typical_weekday
LTFRB_PUJ1151,Bicutan (Taguig) - Pasig (TP) via Pateros,1.0,17.0,1020.0,1.0,gtfs_frequencies_typical_weekday
LTFRB_PUJ1152,Binangonan - JRC via Angono,1.0,17.0,1020.0,1.0,gtfs_frequencies_typical_weekday
LTFRB_PUJ1153,Binangonan - JRC via Angono,1.0,17.0,1020.0,1.0,gtfs_frequencies_typical_weekday
LTFRB_PUJ1154,Binangonan - Marcos Highway via Manila East Road,1.0,17.0,1020.0,1.0,gtfs_frequencies_typical_weekday
LTFRB_PUJ1155,Binangonan - Marcos Highway via Manila East Road,1.0,17.0,1020.0,1.0,gtfs_frequencies_typical_weekday
LTFRB_PUJ1156,Binangonan - Pasig (TP),1.0,17.0,1020.0,1.0,gtfs_frequencies_typical_weekday
LTFRB_PUJ1157,Binangonan - Pasig (TP),1.0,17.0,1020.0,1.0,gtfs_frequencies_typical_weekday
LTFRB_PUJ1159,Blumentritt - Divisoria,1.0,17.0,1020.0,1.0,gtfs_frequencies_typical_weekday
LTFRB_PUJ1160,Blumentritt - Frisco,1.0,17.0,1020.0,1.0,gtfs_frequencies_typical_weekday
LTFRB_PUJ1161,Blumentritt - Frisco,1.0,17.0,1020.0,1.0,gtfs_frequencies_typical_weekday
LTFRB_PUJ1162,Blumentritt - I. Delos Reyes/P. Campa via Dimasalang,1.0,17.0,1020.0,1.0,gtfs_frequencies_typical_weekday
LTFRB_PUJ1163,Blumentritt - I. Delos Reyes/P. Campa via Dimasalang,1.0,17.0,1020.0,1.0,gtfs_frequencies_typical_weekday
LTFRB_PUJ1164,"Blumentritt - Libertad via Quiapo, L. Guinto",1.0,17.0,1020.0,1.0,gtfs_frequencies_typical_weekday
LTFRB_PUJ1165,"Blumentritt - Libertad via Quiapo, L. Guinto",1.0,17.0,1020.0,1.0,gtfs_frequencies_typical_weekday
LTFRB_PUJ1166,"Blumentritt - Libertad via Quiapo, Mabini",1.0,17.0,1020.0,1.0,gtfs_frequencies_typical_weekday
LTFRB_PUJ1167,"Blumentritt - Libertad via Quiapo, Mabini",1.0,17.0,1020.0,1.0,gtfs_frequencies_typical_weekday
LTFRB_PUJ1168,"Blumentritt - Libertad via Sta. Cruz, L. Guinto",1.0,17.0,1020.0,1.0,gtfs_frequencies_typical_weekday
LTFRB_PUJ1169,"Blumentritt - Libertad via Sta. Cruz, L. Guinto",1.0,17.0,1020.0,1.0,gtfs_frequencies_typical_weekday
LTFRB_PUJ1170,"Blumentritt - Libertad via Sta. Cruz, Mabini",1.0,17.0,1020.0,1.0,gtfs_frequencies_typical_weekday
LTFRB_PUJ1171,"Blumentritt - Libertad via Sta. Cruz, Mabini",1.0,17.0,1020.0,1.0,gtfs_frequencies_typical_weekday
LTFRB_PUJ1172,Blumentritt - North Harbor via Divisoria,1.0,17.0,1020.0,2.0,gtfs_frequencies_typical_weekday
LTFRB_PUJ1173,Blumentritt - North Harbor via Divisoria,1.0,17.0,1020.0,1.0,gtfs_frequencies_typical_weekday
LTFRB_PUJ1174,"Blumentritt - Pasay RTDA. via Quiapo, L. Guinto",1.0,17.0,1020.0,1.0,gtfs_frequencies_typical_weekday
LTFRB_PUJ1175,"Blumentritt - Pasay RTDA. via Quiapo, L. Guinto",1.0,17.0,1020.0,1.0,gtfs_frequencies_typical_weekday
LTFRB_PUJ1176,"Blumentritt - Pasay RTDA via Sta. Cruz, L. Guinto",1.0,17.0,1020.0,1.0,gtfs_frequencies_typical_weekday
LTFRB_PUJ1177,"Blumentritt - Pasay RTDA via Sta. Cruz, L. Guinto",1.0,17.0,1020.0,1.0,gtfs_frequencies_typical_weekday
LTFRB_PUJ1178,"Blumentritt - Pasay RTDA. via Sta. Cruz, Mabini",1.0,17.0,1020.0,1.0,gtfs_frequencies_typical_weekday
LTFRB_PUJ1179,"Blumentritt - Pasay RTDA. via Sta. Cruz, Mabini",1.0,17.0,1020.0,1.0,gtfs_frequencies_typical_weekday
LTFRB_PUJ1180,"Blumentritt - Remedios via Quiapo, L. Guinto",1.0,17.0,1020.0,1.0,gtfs_frequencies_typical_weekday
LTFRB_PUJ1181,"Blumentritt - Remedios via Quiapo, L. Guinto",1.0,17.0,1020.0,1.0,gtfs_frequencies_typical_weekday
LTFRB_PUJ1182,Blumentritt - Retiro,1.0,17.0,1020.0,1.0,gtfs_frequencies_typical_weekday
LTFRB_PUJ1183,Blumentritt - Retiro,1.0,17.0,1020.0,1.0,gtfs_frequencies_typical_weekday
LTFRB_PUJ1184,Blumentritt - Sta. Quiteria,1.0,17.0,1020.0,1.0,gtfs_frequencies_typical_weekday
LTFRB_PUJ1185,Blumentritt - Sta. Quiteria,1.0,17.0,1020.0,1.0,gtfs_frequencies_typical_weekday
LTFRB_PUJ1186,"Blumentritt - Vito Cruz via Quiapo, Mabini",1.0,17.0,1020.0,1.0,gtfs_frequencies_typical_weekday
LTFRB_PUJ1187,"Blumentritt - Vito Cruz via Quiapo, Mabini",1.0,17.0,1020.0,1.0,gtfs_frequencies_typical_weekday
LTFRB_PUJ1188,Boni/Pinatubo - Kalentong/JRC,1.0,17.0,1020.0,1.0,gtfs_frequencies_typical_weekday
LTFRB_PUJ1189,Boni/Pinatubo - Kalentong/JRC,1.0,17.0,1020.0,1.0,gtfs_frequencies_typical_weekday
LTFRB_PUJ1190,Boni - Kalentong/JRC via Boni Ave.,1.0,17.0,1020.0,1.0,gtfs_frequencies_typical_weekday
LTFRB_PUJ1191,Boni - Kalentong/JRC via Boni Ave.,1.0,17.0,1020.0,1.0,gtfs_frequencies_typical_weekday
LTFRB_PUJ1192,Boni (Robinson's Complex) - Kalentong/JRC,1.0,17.0,1020.0,1.0,gtfs_frequencies_typical_weekday
LTFRB_PUJ1193,Boni (Robinson's Complex) - Kalentong/JRC,1.0,17.0,1020.0,1.0,gtfs_frequencies_typical_weekday
LTFRB_PUJ1194,Boni/Pinatubo - Stop & Shop,1.0,17.0,1020.0,1.0,gtfs_frequencies_typical_weekday
LTFRB_PUJ1195,Boni/Pinatubo - Stop & Shop,1.0,17.0,1020.0,1.0,gtfs_frequencies_typical_weekday
LTFRB_PUJ1196,Buendia (Crispa) - PRC via P. Tamo,1.0,17.0,1020.0,1.0,gtfs_frequencies_typical_weekday
LTFRB_PUJ1197,Buendia (Crispa) - PRC via P. Tamo,1.0,17.0,1020.0,1.0,gtfs_frequencies_typical_weekday
LTFRB_PUJ1198,Cabrera - Libertad,1.0,17.0,1020.0,1.0,gtfs_frequencies_typical_weekday
LTFRB_PUJ1199,Cabrera - Libertad,1.0,17.0,1020.0,2.0,gtfs_frequencies_typical_weekday
LTFRB_PUJ1200,Cainta Junction - Cubao via Ortigas Ave. Ext.,1.0,17.0,1020.0,1.0,gtfs_frequencies_typical_weekday
LTFRB_PUJ1201,Cainta Junction - Cubao via Ortigas Ave. Ext.,1.0,17.0,1020.0,1.0,gtfs_frequencies_typical_weekday
LTFRB_PUJ1202,"Calumpang - Cubao via 20th Ave., P. Tuazon",1.0,17.0,1020.0,1.0,gtfs_frequencies_typical_weekday
LTFRB_PUJ1203,"Calumpang - Cubao via 20th Ave., P. Tuazon",1.0,17.0,1020.0,1.0,gtfs_frequencies_typical_weekday
LTFRB_PUJ1204,Calumpang - Stop & Shop via Aurora Blvd.,1.0,17.0,1020.0,1.0,gtfs_frequencies_typical_weekday
LTFRB_PUJ1205,Calumpang - Stop & Shop via Aurora Blvd.,1.0,17.0,1020.0,1.0,gtfs_frequencies_typical_weekday
LTFRB_PUJ1206,Camarin - Novaliches (TP),1.0,17.0,1020.0,1.0,gtfs_frequencies_typical_weekday
LTFRB_PUJ1207,Camarin - Novaliches (TP),1.0,17.0,1020.0,1.0,gtfs_frequencies_typical_weekday
LTFRB_PUJ1208,Camella Homes Springville Subd.-Talon Las Pinas,1.0,17.0,1020.0,1.0,gtfs_frequencies_typical_weekday
LTFRB_PUJ1209,Camella Homes Springville Subd.-Talon Las Pinas,1.0,17.0,1020.0,1.0,gtfs_frequencies_typical_weekday
LTFRB_PUJ1210,Camella (Gawaran) - Lozada Market via Marcos Alvarez,1.0,17.0,1020.0,1.0,gtfs_frequencies_typical_weekday
LTFRB_PUJ1211,Camella (Gawaran) - Lozada Market via Marcos Alvarez,1.0,17.0,1020.0,1.0,gtfs_frequencies_typical_weekday
LTFRB_PUJ1212,Cartimar - EDSA/Buendia via Bel Air,1.0,17.0,1020.0,1.0,gtfs_frequencies_typical_weekday
LTFRB_PUJ1213,Cartimar - EDSA/Buendia via Bel Air,1.0,17.0,1020.0,1.0,gtfs_frequencies_typical_weekday
LTFRB_PUJ1214,CCP Complex - Taft Ave. via Vito Cruz,1.0,17.0,1020.0,1.0,gtfs_frequencies_typical_weekday
LTFRB_PUJ1215,CCP Complex - Taft Ave. via Vito Cruz,1.0,17.0,1020.0,1.0,gtfs_frequencies_typical_weekday
LTFRB_PUJ1216,Cielito Homes - Novaliches (TP) via Old Camarin Rd.,1.0,17.0,1020.0,1.0,gtfs_frequencies_typical_weekday
LTFRB_PUJ1217,Cielito Homes - Novaliches (TP) via Old Camarin Rd.,1.0,17.0,1020.0,1.0,gtfs_frequencies_typical_weekday
LTFRB_PUJ1218,Cogeo - Cubao via Marcos Hi-way,1.0,17.0,1020.0,1.0,gtfs_frequencies_typical_weekday
LTFRB_PUJ1219,Cogeo - Cubao via Marcos Hi-way,1.0,17.0,1020.0,1.0,gtfs_frequencies_typical_weekday
LTFRB_PUJ1220,Crame - Cubao via Murphy,1.0,17.0,1020.0,1.0,gtfs_frequencies_typical_weekday
LTFRB_PUJ1221,Crame - Cubao via Murphy,1.0,17.0,1020.0,1.0,gtfs_frequencies_typical_weekday
LTFRB_PUJ1222,"Crame - Q-Mart via P. Tuazon, E. Garcia",1.0,17.0,1020.0,1.0,gtfs_frequencies_typical_weekday
LTFRB_PUJ1223,"Crame - Q-Mart via P. Tuazon, E. Garcia",1.0,17.0,1020.0,1.0,gtfs_frequencies_typical_weekday
LTFRB_PUJ1224,"Cubao-Divisoria via Sta.Mesa,Aurora Blvd.",1.0,17.0,1020.0,1.0,gtfs_frequencies_typical_weekday
LTFRB_PUJ1225,"Cubao-Divisoria via Sta.Mesa,Aurora Blvd.",1.0,17.0,1020.0,1.0,gtfs_frequencies_typical_weekday
LTFRB_PUJ1226,Cubao - Pier South via Espana,1.0,17.0,1020.0,1.0,gtfs_frequencies_typical_weekday
LTFRB_PUJ1227,Cubao - Pier South via Espana,1.0,17.0,1020.0,1.0,gtfs_frequencies_typical_weekday
LTFRB_PUJ1228,Cubao - Proj. 4 via P. Tuazon,1.0,17.0,1020.0,1.0,gtfs_frequencies_typical_weekday
LTFRB_PUJ1229,Cubao - Proj. 4 via P. Tuazon,1.0,17.0,1020.0,1.0,gtfs_frequencies_typical_weekday
LTFRB_PUJ1230,"Cubao - Remedios via Quiapo, L. Guinto",1.0,17.0,1020.0,1.0,gtfs_frequencies_typical_weekday
LTFRB_PUJ1232,Cubao - Recto via Espana,1.0,17.0,1020.0,1.0,gtfs_frequencies_typical_weekday
LTFRB_PUJ1233,Cubao - Recto via Espana,1.0,17.0,1020.0,1.0,gtfs_frequencies_typical_weekday
LTFRB_PUJ1234,Cubao - Lagro via Kalayaan,1.0,17.0,1020.0,1.0,gtfs_frequencies_typical_weekday
LTFRB_PUJ1235,Cubao - Lagro via Kalayaan,1.0,17.0,1020.0,1.0,gtfs_frequencies_typical_weekday
LTFRB_PUJ1236,Cubao (Arayat) - V. Luna via Ybardolaza,1.0,17.0,1020.0,1.0,gtfs_frequencies_typical_weekday
LTFRB_PUJ1237,Cubao (Arayat) - V. Luna via Ybardolaza,1.0,17.0,1020.0,1.0,gtfs_frequencies_typical_weekday
LTFRB_PUJ1238,Dagat - Dagatan - del Pan via Rotonda,1.0,17.0,1020.0,1.0,gtfs_frequencies_typical_weekday
LTFRB_PUJ1239,Dagat - Dagatan - del Pan via Rotonda,1.0,17.0,1020.0,1.0,gtfs_frequencies_typical_weekday
LTFRB_PUJ1240,Dasmarinas Resettlement Area - Baclaran via Coastal Rd.,1.0,17.0,1020.0,1.0,gtfs_frequencies_typical_weekday
LTFRB_PUJ1241,Dasmarinas Resettlement Area - Baclaran via Coastal Rd.,1.0,17.0,1020.0,1.0,gtfs_frequencies_typical_weekday
LTFRB_PUJ1243,Dapitan - I. Delos Reyes/P. Campa via Laon Laan,1.0,17.0,1020.0,1.0,gtfs_frequencies_typical_weekday
LTFRB_PUJ1244,Dapitan - Libertad via Mabini,1.0,17.0,1020.0,1.0,gtfs_frequencies_typical_weekday
LTFRB_PUJ1245,Dapitan - Libertad via Mabini,1.0,17.0,1020.0,1.0,gtfs_frequencies_typical_weekday
LTFRB_PUJ1246,Dapitan - Pasay RTDA. Via L. Guinto,1.0,17.0,1020.0,1.0,gtfs_frequencies_typical_weekday
LTFRB_PUJ1247,Dapitan - Pasay RTDA. Via L. Guinto,1.0,17.0,1020.0,1.0,gtfs_frequencies_typical_weekday
LTFRB_PUJ1248,H. Dela Costa II - SM Fairview via Quirino Highway,1.0,17.0,1020.0,1.0,gtfs_frequencies_typical_weekday
LTFRB_PUJ1249,H. Dela Costa II - SM Fairview via Quirino Highway,1.0,17.0,1020.0,1.0,gtfs_frequencies_typical_weekday
LTFRB_PUJ1250,Del Monte - Quezon Ave. via Banaue,1.0,17.0,1020.0,1.0,gtfs_frequencies_typical_weekday
LTFRB_PUJ1251,Del Monte - Quezon Ave. via Banaue,1.0,17.0,1020.0,1.0,gtfs_frequencies_typical_weekday
LTFRB_PUJ1252,Del Pan Guadalupe (Ibabaw),1.0,17.0,1020.0,1.0,gtfs_frequencies_typical_weekday
LTFRB_PUJ1253,Del Pan Guadalupe (Ibabaw),1.0,17.0,1020.0,2.0,gtfs_frequencies_typical_weekday
LTFRB_PUJ1254,Dian - Libertad,1.0,17.0,1020.0,1.0,gtfs_frequencies_typical_weekday
LTFRB_PUJ1255,Dian - Libertad,1.0,17.0,1020.0,1.0,gtfs_frequencies_typical_weekday
LTFRB_PUJ1256,"Divisoria - Don Bosco via Moriones, Dagupan, Juan Luna",1.0,17.0,1020.0,1.0,gtfs_frequencies_typical_weekday
LTFRB_PUJ1257,"Divisoria - Don Bosco via Moriones, Dagupan, Juan Luna",1.0,17.0,1020.0,1.0,gtfs_frequencies_typical_weekday
LTFRB_PUJ1258,Divisoria - Gasak via H. Lopez,1.0,17.0,1020.0,1.0,gtfs_frequencies_typical_weekday
LTFRB_PUJ1259,Divisoria - Gasak via H. Lopez,1.0,17.0,1020.0,1.0,gtfs_frequencies_typical_weekday
LTFRB_PUJ1260,Divisoria - Libertad via L. Guinto,1.0,17.0,1020.0,1.0,gtfs_frequencies_typical_weekday
LTFRB_PUJ1261,Divisoria - Libertad via L. Guinto,1.0,17.0,1020.0,1.0,gtfs_frequencies_typical_weekday
LTFRB_PUJ1262,Divisoria - Libertad via Mabini,1.0,17.0,1020.0,1.0,gtfs_frequencies_typical_weekday
LTFRB_PUJ1263,Divisoria - Libertad via Mabini,1.0,17.0,1020.0,1.0,gtfs_frequencies_typical_weekday
LTFRB_PUJ1264,Divisoria - Malinta via J.A. Santos,1.0,17.0,1020.0,1.0,gtfs_frequencies_typical_weekday
LTFRB_PUJ1265,Divisoria - Malinta via J.A. Santos,1.0,17.0,1020.0,1.0,gtfs_frequencies_typical_weekday
LTFRB_PUJ1266,Divisoria - Magpajo via A. Mabini,1.0,17.0,1020.0,1.0,gtfs_frequencies_typical_weekday
LTFRB_PUJ1267,Divisoria - Magpajo via A. Mabini,1.0,17.0,1020.0,1.0,gtfs_frequencies_typical_weekday
LTFRB_PUJ1268,"Divisoria - MCU via Del Mundo, J.A. Santos",1.0,17.0,1020.0,1.0,gtfs_frequencies_typical_weekday
LTFRB_PUJ1269,"Divisoria - MCU via Del Mundo, J.A. Santos",1.0,17.0,1020.0,1.0,gtfs_frequencies_typical_weekday
LTFRB_PUJ1270,"Divisoria - Murphy via Legarda, Aurora Blvd.",1.0,17.0,1020.0,1.0,gtfs_frequencies_typical_weekday
LTFRB_PUJ1271,"Divisoria - Murphy via Legarda, Aurora Blvd.",1.0,17.0,1020.0,2.0,gtfs_frequencies_typical_weekday
LTFRB_PUJ1272,Divisoria - Navotas via H. Lopez,1.0,17.0,1020.0,1.0,gtfs_frequencies_typical_weekday
LTFRB_PUJ1273,Divisoria - Navotas via H. Lopez,1.0,17.0,1020.0,1.0,gtfs_frequencies_typical_weekday
LTFRB_PUJ1274,Divisoria - Pasay RTDA. Via L. Guinto,1.0,17.0,1020.0,1.0,gtfs_frequencies_typical_weekday
LTFRB_PUJ1275,Divisoria - Pasay RTDA. Via L. Guinto,1.0,17.0,1020.0,1.0,gtfs_frequencies_typical_weekday
LTFRB_PUJ1276,Divisoria - Pier North via Del Pan,1.0,17.0,1020.0,1.0,gtfs_frequencies_typical_weekday
LTFRB_PUJ1277,Divisoria - Pier North via Del Pan,1.0,17.0,1020.0,1.0,gtfs_frequencies_typical_weekday
LTFRB_PUJ1278,Divisoria - Punta via Sta. Mesa,1.0,17.0,1020.0,1.0,gtfs_frequencies_typical_weekday
LTFRB_PUJ1279,Divisoria - Punta via Sta. Mesa,1.0,17.0,1020.0,1.0,gtfs_frequencies_typical_weekday
LTFRB_PUJ1280,Divisoria - Retiro via J. A. Santos,1.0,17.0,1020.0,1.0,gtfs_frequencies_typical_weekday
LTFRB_PUJ1281,Divisoria - Retiro via J. A. Santos,1.0,17.0,1020.0,1.0,gtfs_frequencies_typical_weekday
LTFRB_PUJ1282,Divisoria - Sangandaan via Maypajo,1.0,17.0,1020.0,1.0,gtfs_frequencies_typical_weekday
LTFRB_PUJ1283,Divisoria - Sangandaan via Maypajo,1.0,17.0,1020.0,1.0,gtfs_frequencies_typical_weekday
LTFRB_PUJ1284,Divisoria - San Juan,1.0,17.0,1020.0,1.0,gtfs_frequencies_typical_weekday
LTFRB_PUJ1285,Divisoria - San Juan,1.0,17.0,1020.0,1.0,gtfs_frequencies_typical_weekday
LTFRB_PUJ1286,Divisoria - Sta. Cruz via Madrid,1.0,17.0,1020.0,1.0,gtfs_frequencies_typical_weekday
LTFRB_PUJ1288,Divisoria - Sta. Mesa via R. Magsaysay,1.0,17.0,1020.0,1.0,gtfs_frequencies_typical_weekday
LTFRB_PUJ1289,Divisoria - Sta. Mesa via R. Magsaysay,1.0,17.0,1020.0,1.0,gtfs_frequencies_typical_weekday
LTFRB_PUJ1290,Divisoria - Gastambide via Morayta,1.0,17.0,1020.0,1.0,gtfs_frequencies_typical_weekday
LTFRB_PUJ1291,Divisoria - Gastambide via Morayta,1.0,17.0,1020.0,2.0,gtfs_frequencies_typical_weekday
LTFRB_PUJ1292,Divisoria T.M. Kalaw via Jones Br.,1.0,17.0,1020.0,1.0,gtfs_frequencies_typical_weekday
LTFRB_PUJ1293,Divisoria T.M. Kalaw via Jones Br.,1.0,17.0,1020.0,1.0,gtfs_frequencies_typical_weekday
LTFRB_PUJ1294,Divisoria - Tayuman via Dagupan,1.0,17.0,1020.0,1.0,gtfs_frequencies_typical_weekday
LTFRB_PUJ1295,Divisoria - Tayuman via Dagupan,1.0,17.0,1020.0,1.0,gtfs_frequencies_typical_weekday
LTFRB_PUJ1296,Divisoria - Velasquez,1.0,17.0,1020.0,1.0,gtfs_frequencies_typical_weekday
LTFRB_PUJ1297,Divisoria - Velasquez,1.0,17.0,1020.0,1.0,gtfs_frequencies_typical_weekday
LTFRB_PUJ1298,Dominga - Libertad,1.0,17.0,1020.0,1.0,gtfs_frequencies_typical_weekday
LTFRB_PUJ1299,Dominga - Libertad,1.0,17.0,1020.0,1.0,gtfs_frequencies_typical_weekday
LTFRB_PUJ1300,EDSA/North Ave. - Tandang Sora/Mindanao Ave.,1.0,17.0,1020.0,1.0,gtfs_frequencies_typical_weekday
LTFRB_PUJ1301,EDSA/North Ave. - Tandang Sora/Mindanao Ave.,1.0,17.0,1020.0,1.0,gtfs_frequencies_typical_weekday
LTFRB_PUJ1304,"EDSA/North Ave. - UP via North Ave., Marcos Ave.",1.0,17.0,1020.0,1.0,gtfs_frequencies_typical_weekday
LTFRB_PUJ1305,"EDSA/North Ave. - UP via North Ave., Marcos Ave.",1.0,17.0,1020.0,1.0,gtfs_frequencies_typical_weekday
LTFRB_PUJ1306,EDSA/Pioneer - Pateros via Pasig,1.0,17.0,1020.0,1.0,gtfs_frequencies_typical_weekday
LTFRB_PUJ1307,EDSA/Pioneer - Pateros via Pasig,1.0,17.0,1020.0,2.0,gtfs_frequencies_typical_weekday
LTFRB_PUJ1308,EDSA/SSH - Sucat via SSH,1.0,17.0,1020.0,1.0,gtfs_frequencies_typical_weekday
LTFRB_PUJ1309,EDSA/SSH - Sucat via SSH,1.0,17.0,1020.0,1.0,gtfs_frequencies_typical_weekday
LTFRB_PUJ1310,EDSA/Shaw - E. Rodriguez (Ugong) via J. Vargas Ave.,1.0,17.0,1020.0,1.0,gtfs_frequencies_typical_weekday
LTFRB_PUJ1311,EDSA/Shaw - E. Rodriguez (Ugong) via J. Vargas Ave.,1.0,17.0,1020.0,1.0,gtfs_frequencies_typical_weekday
LTFRB_PUJ1312,EDSA/Shaw Central - Kalentong/JRC,1.0,17.0,1020.0,1.0,gtfs_frequencies_typical_weekday
LTFRB_PUJ1313,EDSA/Shaw Central - Kalentong/JRC,1.0,17.0,1020.0,1.0,gtfs_frequencies_typical_weekday
LTFRB_PUJ1314,"EDSA/Shaw Central - Morong via Binangonan, Cardona",1.0,17.0,1020.0,1.0,gtfs_frequencies_typical_weekday
LTFRB_PUJ1315,"EDSA/Shaw Central - Morong via Binangonan, Cardona",1.0,17.0,1020.0,1.0,gtfs_frequencies_typical_weekday
LTFRB_PUJ1316,EDSA - Shaw - Ortigas Complex,1.0,17.0,1020.0,1.0,gtfs_frequencies_typical_weekday
LTFRB_PUJ1317,EDSA - Shaw - Ortigas Complex,1.0,17.0,1020.0,1.0,gtfs_frequencies_typical_weekday
LTFRB_PUJ1318,EDSA/Shaw Central - Pasig (TP),1.0,17.0,1020.0,1.0,gtfs_frequencies_typical_weekday
LTFRB_PUJ1319,EDSA/Shaw Central - Pasig (TP),1.0,17.0,1020.0,1.0,gtfs_frequencies_typical_weekday
LTFRB_PUJ1321,EDSA/Shaw Central - Taytay,1.0,17.0,1020.0,1.0,gtfs_frequencies_typical_weekday
LTFRB_PUJ1322,Edsa/Shaw.Central -Tipas (Taguig) via San Joaquin,1.0,17.0,1020.0,1.0,gtfs_frequencies_typical_weekday
LTFRB_PUJ1323,Edsa/Shaw.Central -Tipas (Taguig) via San Joaquin,1.0,17.0,1020.0,1.0,gtfs_frequencies_typical_weekday
LTFRB_PUJ1324,EDSA/West Ave. - Panay Ave.,1.0,17.0,1020.0,1.0,gtfs_frequencies_typical_weekday
LTFRB_PUJ1325,EDSA/West Ave. - Panay Ave.,1.0,17.0,1020.0,1.0,gtfs_frequencies_typical_weekday
LTFRB_PUJ1326,Escolta - Libertad via L. Guinto,1.0,17.0,1020.0,1.0,gtfs_frequencies_typical_weekday
LTFRB_PUJ1327,Escolta - Libertad via L. Guinto,1.0,17.0,1020.0,1.0,gtfs_frequencies_typical_weekday
LTFRB_PUJ1328,"MCU - Vito Cruz via Rizal Ave., Taft Ave.",1.0,17.0,1020.0,1.0,gtfs_frequencies_typical_weekday
LTFRB_PUJ1330,"Escolta - Monumento via G. del Mundo, Dasmarinas, Nueva",1.0,17.0,1020.0,1.0,gtfs_frequencies_typical_weekday
LTFRB_PUJ1331,"Escolta - Monumento via G. del Mundo, Dasmarinas, Nueva",1.0,17.0,1020.0,1.0,gtfs_frequencies_typical_weekday
LTFRB_PUJ1332,Monumento - Pier South via Rizal Ave.,1.0,17.0,1020.0,1.0,gtfs_frequencies_typical_weekday
LTFRB_PUJ1333,Monumento - Pier South via Rizal Ave.,1.0,17.0,1020.0,1.0,gtfs_frequencies_typical_weekday
LTFRB_PUJ1334,Espana Rotonda - Proj. 2 & 3 via Timog,1.0,17.0,1020.0,1.0,gtfs_frequencies_typical_weekday
LTFRB_PUJ1335,Espana Rotonda - Proj. 2 & 3 via Timog,1.0,17.0,1020.0,1.0,gtfs_frequencies_typical_weekday
LTFRB_PUJ1336,Espana - Rizal Ave. via Blumentritt,1.0,17.0,1020.0,1.0,gtfs_frequencies_typical_weekday
LTFRB_PUJ1337,Espana - Rizal Ave. via Blumentritt,1.0,17.0,1020.0,1.0,gtfs_frequencies_typical_weekday
LTFRB_PUJ1338,Evangelista - Libertad,1.0,17.0,1020.0,1.0,gtfs_frequencies_typical_weekday
LTFRB_PUJ1339,Evangelista - Libertad,1.0,17.0,1020.0,1.0,gtfs_frequencies_typical_weekday
LTFRB_PUJ1340,Fairview (Dahlia) - Cubao (Arayat),1.0,17.0,1020.0,1.0,gtfs_frequencies_typical_weekday
LTFRB_PUJ1341,Fairview (Dahlia) - Cubao (Arayat),1.0,17.0,1020.0,1.0,gtfs_frequencies_typical_weekday
LTFRB_PUJ1342,Forbes Park - Pasay Rd. via Ayala Ave.,1.0,17.0,1020.0,1.0,gtfs_frequencies_typical_weekday
LTFRB_PUJ1343,Forbes Park - Pasay Rd. via Ayala Ave.,1.0,17.0,1020.0,1.0,gtfs_frequencies_typical_weekday
LTFRB_PUJ1344,FTI - Kayaman C,1.0,17.0,1020.0,1.0,gtfs_frequencies_typical_weekday
LTFRB_PUJ1345,FTI - Kayaman C,1.0,17.0,1020.0,1.0,gtfs_frequencies_typical_weekday
LTFRB_PUJ1346,Fort Bonifacio (Gate III) - Guadalupe,1.0,17.0,1020.0,1.0,gtfs_frequencies_typical_weekday
LTFRB_PUJ1347,Fort Bonifacio (Gate III) - Guadalupe,1.0,17.0,1020.0,1.0,gtfs_frequencies_typical_weekday
LTFRB_PUJ1348,rancisco Homes - Novaliches (TP) via Quirino Hi-way,1.0,17.0,1020.0,1.0,gtfs_frequencies_typical_weekday
LTFRB_PUJ1349,rancisco Homes - Novaliches (TP) via Quirino Hi-way,1.0,17.0,1020.0,1.0,gtfs_frequencies_typical_weekday
LTFRB_PUJ1350,Francisco Homes - Philcoa,1.0,17.0,1020.0,1.0,gtfs_frequencies_typical_weekday
LTFRB_PUJ1351,Francisco Homes - Philcoa,1.0,17.0,1020.0,1.0,gtfs_frequencies_typical_weekday
LTFRB_PUJ1352,Francisco Homes - Cubao,1.0,17.0,1020.0,1.0,gtfs_frequencies_typical_weekday
LTFRB_PUJ1353,Francisco Homes - Cubao,1.0,17.0,1020.0,1.0,gtfs_frequencies_typical_weekday
LTFRB_PUJ1354,Frisco - Pier South via Sta. Cruz,1.0,17.0,1020.0,2.0,gtfs_frequencies_typical_weekday
LTFRB_PUJ1355,Frisco - Pier South via Sta. Cruz,1.0,17.0,1020.0,1.0,gtfs_frequencies_typical_weekday
LTFRB_PUJ1356,"Gasak - Recto via Dagat-dagatan, C-3",1.0,17.0,1020.0,1.0,gtfs_frequencies_typical_weekday
LTFRB_PUJ1357,"Gasak - Recto via Dagat-dagatan, C-3",1.0,17.0,1020.0,1.0,gtfs_frequencies_typical_weekday
LTFRB_PUJ1358,Guadalupe Mkt. - L. Guinto via Pasig Line,1.0,17.0,1020.0,1.0,gtfs_frequencies_typical_weekday
LTFRB_PUJ1359,Guadalupe Mkt. - L. Guinto via Pasig Line,1.0,17.0,1020.0,1.0,gtfs_frequencies_typical_weekday
LTFRB_PUJ1360,Guadalupe Mkt. - L. Guinto via P. Gil,1.0,17.0,1020.0,1.0,gtfs_frequencies_typical_weekday
LTFRB_PUJ1361,Guadalupe Mkt. - L. Guinto via P. Gil,1.0,17.0,1020.0,1.0,gtfs_frequencies_typical_weekday
LTFRB_PUJ1362,"Guadalupe (ABC) - Brgy. Buting, East Rembo via Kalayaan Ave.",1.0,17.0,1020.0,2.0,gtfs_frequencies_typical_weekday
LTFRB_PUJ1363,"Guadalupe (ABC) - Brgy. Buting, East Rembo via Kalayaan Ave.",1.0,17.0,1020.0,1.0,gtfs_frequencies_typical_weekday
LTFRB_PUJ1364,Gumaok (SJDM) - Novaliches TP,1.0,17.0,1020.0,1.0,gtfs_frequencies_typical_weekday
LTFRB_PUJ1365,Gumaok (SJDM) - Novaliches TP,1.0,17.0,1020.0,1.0,gtfs_frequencies_typical_weekday
LTFRB_PUJ1366,Guadalupe (ABC) - Pateros,1.0,17.0,1020.0,1.0,gtfs_frequencies_typical_weekday
LTFRB_PUJ1367,Guadalupe (ABC) - Pateros,1.0,17.0,1020.0,1.0,gtfs_frequencies_typical_weekday
LTFRB_PUJ1368,Guadalupe (ABC) - Taguig via Tipas,1.0,17.0,1020.0,1.0,gtfs_frequencies_typical_weekday
LTFRB_PUJ1369,Guadalupe (ABC) - Taguig via Tipas,1.0,17.0,1020.0,1.0,gtfs_frequencies_typical_weekday
LTFRB_PUJ1370,Guadalupe (ABC) - FTI via J.P. Rizal Extension,1.0,17.0,1020.0,1.0,gtfs_frequencies_typical_weekday
LTFRB_PUJ1371,Guadalupe (ABC) - FTI via J.P. Rizal Extension,1.0,17.0,1020.0,1.0,gtfs_frequencies_typical_weekday
LTFRB_PUJ1372,AFP/PNP Housing (Taguig) - Guadalupe (ABC) via Bayani Road,1.0,17.0,1020.0,1.0,gtfs_frequencies_typical_weekday
LTFRB_PUJ1373,AFP/PNP Housing (Taguig) - Guadalupe (ABC) via Bayani Road,1.0,17.0,1020.0,1.0,gtfs_frequencies_typical_weekday
LTFRB_PUJ1374,Heritage Homes - Monumento via NLEX,1.0,17.0,1020.0,1.0,gtfs_frequencies_typical_weekday
LTFRB_PUJ1375,Heritage Homes - Monumento via NLEX,1.0,17.0,1020.0,1.0,gtfs_frequencies_typical_weekday
LTFRB_PUJ1376,IBF Road/Litex Road - Lupang Pangako (Payatas) via Gravel Pit Road,1.0,17.0,1020.0,1.0,gtfs_frequencies_typical_weekday
LTFRB_PUJ1377,IBF Road/Litex Road - Lupang Pangako (Payatas) via Gravel Pit Road,1.0,17.0,1020.0,1.0,gtfs_frequencies_typical_weekday
LTFRB_PUJ1378,"Jordan Plains - Philcoa via Marcos Ave., Welcome Rotonda",1.0,17.0,1020.0,1.0,gtfs_frequencies_typical_weekday
LTFRB_PUJ1379,"Jordan Plains - Philcoa via Marcos Ave., Welcome Rotonda",1.0,17.0,1020.0,1.0,gtfs_frequencies_typical_weekday
LTFRB_PUJ1380,Kabihasnan Road - Sucat/SSH,1.0,17.0,1020.0,1.0,gtfs_frequencies_typical_weekday
LTFRB_PUJ1381,Kabihasnan Road - Sucat/SSH,1.0,17.0,1020.0,1.0,gtfs_frequencies_typical_weekday
LTFRB_PUJ1382,"Kamuning - Vito Cruz via E. Rodriguez, Mabini",1.0,17.0,1020.0,1.0,gtfs_frequencies_typical_weekday
LTFRB_PUJ1383,"Kamuning - Vito Cruz via E. Rodriguez, Mabini",1.0,17.0,1020.0,1.0,gtfs_frequencies_typical_weekday
LTFRB_PUJ1384,Kayamanan C - PRC via P. Tamo,1.0,17.0,1020.0,1.0,gtfs_frequencies_typical_weekday
LTFRB_PUJ1385,Kayamanan C - PRC via P. Tamo,1.0,17.0,1020.0,1.0,gtfs_frequencies_typical_weekday
LTFRB_PUJ1386,L. Guinto - Pandacan,1.0,17.0,1020.0,1.0,gtfs_frequencies_typical_weekday
LTFRB_PUJ1387,L. Guinto - Pandacan,1.0,17.0,1020.0,2.0,gtfs_frequencies_typical_weekday
LTFRB_PUJ1388,Padre Faura - Sta Ana,1.0,17.0,1020.0,1.0,gtfs_frequencies_typical_weekday
LTFRB_PUJ1389,Padre Faura - Sta Ana,1.0,17.0,1020.0,1.0,gtfs_frequencies_typical_weekday
LTFRB_PUJ1390,L. Guinto - Zobel Roxas via Paco,1.0,17.0,1020.0,1.0,gtfs_frequencies_typical_weekday
LTFRB_PUJ1391,L. Guinto - Zobel Roxas via Paco,1.0,17.0,1020.0,1.0,gtfs_frequencies_typical_weekday
LTFRB_PUJ1392,Lagro - Novaliches,1.0,17.0,1020.0,1.0,gtfs_frequencies_typical_weekday
LTFRB_PUJ1393,Lagro - Novaliches,1.0,17.0,1020.0,1.0,gtfs_frequencies_typical_weekday
LTFRB_PUJ1394,Lagro - Panay Ave. via Quezon Ave.,1.0,17.0,1020.0,1.0,gtfs_frequencies_typical_weekday
LTFRB_PUJ1395,Lagro - Panay Ave. via Quezon Ave.,1.0,17.0,1020.0,1.0,gtfs_frequencies_typical_weekday
LTFRB_PUJ1396,Lagro - Welcome Rotonda via Quezon Ave.,1.0,17.0,1020.0,1.0,gtfs_frequencies_typical_weekday
LTFRB_PUJ1397,Lagro - Welcome Rotonda via Quezon Ave.,1.0,17.0,1020.0,1.0,gtfs_frequencies_typical_weekday
LTFRB_PUJ1398,"Quirino Hi-way/Zabarte - Almar Subdivision -  Panay Ave. via Regalado, Que*",1.0,17.0,1020.0,1.0,gtfs_frequencies_typical_weekday
LTFRB_PUJ1399,"Quirino Hi-way/Zabarte - Almar Subdivision -  Panay Ave. via Regalado, Que*",1.0,17.0,1020.0,1.0,gtfs_frequencies_typical_weekday
LTFRB_PUJ1400,Bagong Silang - Ever Gotesco extended to Philcoa,1.0,17.0,1020.0,1.0,gtfs_frequencies_typical_weekday
LTFRB_PUJ1401,Bagong Silang - Ever Gotesco extended to Philcoa,1.0,17.0,1020.0,1.0,gtfs_frequencies_typical_weekday
LTFRB_PUJ1402,Bagong Silang - Ever Gotesco extended to Philcoa,1.0,17.0,1020.0,2.0,gtfs_frequencies_typical_weekday
LTFRB_PUJ1405,"Bagong Silang - Philcoa via Commonwealth Ave., Maligaya Park",1.0,17.0,1020.0,2.0,gtfs_frequencies_typical_weekday
LTFRB_PUJ1406,Lagro - SM Fairview Loop,1.0,17.0,1020.0,1.0,gtfs_frequencies_typical_weekday
LTFRB_PUJ1407,Lagro - SM Fairview Loop,1.0,17.0,1020.0,1.0,gtfs_frequencies_typical_weekday
LTFRB_PUJ1408,Lardizabal - Rizal Ave. via M. dela Fuente,1.0,17.0,1020.0,1.0,gtfs_frequencies_typical_weekday
LTFRB_PUJ1409,Lardizabal - Rizal Ave. via M. dela Fuente,1.0,17.0,1020.0,1.0,gtfs_frequencies_typical_weekday
LTFRB_PUJ1410,Libertad - M. dela Cruz,1.0,17.0,1020.0,1.0,gtfs_frequencies_typical_weekday
LTFRB_PUJ1411,Libertad - M. dela Cruz,1.0,17.0,1020.0,1.0,gtfs_frequencies_typical_weekday
LTFRB_PUJ1412,Libertad - Malibay,1.0,17.0,1020.0,1.0,gtfs_frequencies_typical_weekday
LTFRB_PUJ1413,Libertad - Malibay,1.0,17.0,1020.0,1.0,gtfs_frequencies_typical_weekday
LTFRB_PUJ1414,Libertad - Pasay Rd.,1.0,17.0,1020.0,1.0,gtfs_frequencies_typical_weekday
LTFRB_PUJ1415,Libertad - Pasay Rd.,1.0,17.0,1020.0,1.0,gtfs_frequencies_typical_weekday
LTFRB_PUJ1416,"Libertad - Retiro via Mabini, Sta. Cruz",1.0,17.0,1020.0,1.0,gtfs_frequencies_typical_weekday
LTFRB_PUJ1417,"Libertad - Retiro via Mabini, Sta. Cruz",1.0,17.0,1020.0,1.0,gtfs_frequencies_typical_weekday
LTFRB_PUJ1418,Malabon - Monumento via Letre,1.0,17.0,1020.0,1.0,gtfs_frequencies_typical_weekday
LTFRB_PUJ1419,Malabon - Monumento via Letre,1.0,17.0,1020.0,1.0,gtfs_frequencies_typical_weekday
LTFRB_PUJ1420,Malabon (TP) - Navotas (TP),1.0,17.0,1020.0,1.0,gtfs_frequencies_typical_weekday
LTFRB_PUJ1421,Malabon (TP) - Navotas (TP),1.0,17.0,1020.0,1.0,gtfs_frequencies_typical_weekday
LTFRB_PUJ1422,Malabon (TP) - Obando,1.0,17.0,1020.0,1.0,gtfs_frequencies_typical_weekday
LTFRB_PUJ1423,Malabon (TP) - Obando,1.0,17.0,1020.0,1.0,gtfs_frequencies_typical_weekday
LTFRB_PUJ1424,Malanday - Bulacan,1.0,17.0,1020.0,1.0,gtfs_frequencies_typical_weekday
LTFRB_PUJ1425,Malanday - Bulacan,1.0,17.0,1020.0,1.0,gtfs_frequencies_typical_weekday
LTFRB_PUJ1426,"Malanday - Recto via F. Huertas, Oroquieta",1.0,17.0,1020.0,1.0,gtfs_frequencies_typical_weekday
LTFRB_PUJ1427,"Malanday - Recto via F. Huertas, Oroquieta",1.0,17.0,1020.0,1.0,gtfs_frequencies_typical_weekday
LTFRB_PUJ1428,"Malanday - Pier South via Rizal Ave., P. Burgos",1.0,17.0,1020.0,1.0,gtfs_frequencies_typical_weekday
LTFRB_PUJ1429,"Malanday - Pier South via Rizal Ave., P. Burgos",1.0,17.0,1020.0,1.0,gtfs_frequencies_typical_weekday
LTFRB_PUJ1430,Malinta - Bocaue via McArthur Hi-way,1.0,17.0,1020.0,2.0,gtfs_frequencies_typical_weekday
LTFRB_PUJ1431,Malinta - Bocaue via McArthur Hi-way,1.0,17.0,1020.0,2.0,gtfs_frequencies_typical_weekday
LTFRB_PUJ1432,Malinta - Meycauayan via McArthur,1.0,17.0,1020.0,1.0,gtfs_frequencies_typical_weekday
LTFRB_PUJ1433,Malinta - Monumento via McArthur Hi-way,1.0,17.0,1020.0,1.0,gtfs_frequencies_typical_weekday
LTFRB_PUJ1434,Malinta - Novaliches (TP),1.0,17.0,1020.0,1.0,gtfs_frequencies_typical_weekday
LTFRB_PUJ1435,Malinta - Novaliches (TP),1.0,17.0,1020.0,1.0,gtfs_frequencies_typical_weekday
LTFRB_PUJ1436,Malinta - Sta. Maria via McArthur Hi-way,1.0,17.0,1020.0,2.0,gtfs_frequencies_typical_weekday
LTFRB_PUJ1437,Malinta - Sta. Maria via McArthur Hi-way,1.0,17.0,1020.0,1.0,gtfs_frequencies_typical_weekday
LTFRB_PUJ1438,Malinta Exit - McArthur Highway via T. Santiago,1.0,17.0,1020.0,1.0,gtfs_frequencies_typical_weekday
LTFRB_PUJ1439,Malinta Exit - McArthur Highway via T. Santiago,1.0,17.0,1020.0,1.0,gtfs_frequencies_typical_weekday
LTFRB_PUJ1440,Marcos Ave. - Quirino Hi-way via T. Sora,1.0,17.0,1020.0,1.0,gtfs_frequencies_typical_weekday
LTFRB_PUJ1441,Marcos Ave. - Quirino Hi-way via T. Sora,1.0,17.0,1020.0,1.0,gtfs_frequencies_typical_weekday
LTFRB_PUJ1442,Rodriguez (Rizal) - Litex Market via Litex Rd.,1.0,17.0,1020.0,1.0,gtfs_frequencies_typical_weekday
LTFRB_PUJ1443,Rodriguez (Rizal) - Litex Market via Litex Rd.,1.0,17.0,1020.0,1.0,gtfs_frequencies_typical_weekday
LTFRB_PUJ1444,Pabahay ni Erap (Sub-urban) - Commonwealth Market,1.0,17.0,1020.0,1.0,gtfs_frequencies_typical_weekday
LTFRB_PUJ1445,Pabahay ni Erap (Sub-urban) - Commonwealth Market,1.0,17.0,1020.0,1.0,gtfs_frequencies_typical_weekday
LTFRB_PUJ1446,Marikina - Paenaan (Antipolo),1.0,17.0,1020.0,1.0,gtfs_frequencies_typical_weekday
LTFRB_PUJ1447,Marikina - Paenaan (Antipolo),1.0,17.0,1020.0,1.0,gtfs_frequencies_typical_weekday
LTFRB_PUJ1448,Marikina - Pasig,1.0,17.0,1020.0,2.0,gtfs_frequencies_typical_weekday
LTFRB_PUJ1449,Marikina - Pasig,1.0,17.0,1020.0,1.0,gtfs_frequencies_typical_weekday
LTFRB_PUJ1450,Marikina - Parang via Fortune,1.0,17.0,1020.0,1.0,gtfs_frequencies_typical_weekday
LTFRB_PUJ1451,Marikina - Parang via Fortune,1.0,17.0,1020.0,1.0,gtfs_frequencies_typical_weekday
LTFRB_PUJ1453,Marikina - Pateros via Pasig,1.0,17.0,1020.0,1.0,gtfs_frequencies_typical_weekday
LTFRB_PUJ1454,Marikina - Pinugay (Philcomsat),1.0,17.0,1020.0,1.0,gtfs_frequencies_typical_weekday
LTFRB_PUJ1455,Marikina - Pinugay (Philcomsat),1.0,17.0,1020.0,1.0,gtfs_frequencies_typical_weekday
LTFRB_PUJ1456,Marikina - San Mateo,1.0,17.0,1020.0,1.0,gtfs_frequencies_typical_weekday
LTFRB_PUJ1457,Marikina - San Mateo,1.0,17.0,1020.0,1.0,gtfs_frequencies_typical_weekday
LTFRB_PUJ1458,Marikina - SM Fairview,1.0,17.0,1020.0,1.0,gtfs_frequencies_typical_weekday
LTFRB_PUJ1459,Marikina - SM Fairview,1.0,17.0,1020.0,1.0,gtfs_frequencies_typical_weekday
LTFRB_PUJ1460,"MCU - Pasay Rotonda via Rizal Ave., Mabini",1.0,17.0,1020.0,1.0,gtfs_frequencies_typical_weekday
LTFRB_PUJ1462,"MCU - Pasay Rotonda via Rizal Ave., Taft Ave.",1.0,17.0,1020.0,1.0,gtfs_frequencies_typical_weekday
LTFRB_PUJ1463,"MCU - Pasay Rotonda via Rizal Ave., Taft Ave.",1.0,17.0,1020.0,1.0,gtfs_frequencies_typical_weekday
LTFRB_PUJ1464,"MCU - Recto via F. Huertas, Oroquieta",1.0,17.0,1020.0,1.0,gtfs_frequencies_typical_weekday
LTFRB_PUJ1465,"MCU - Recto via F. Huertas, Oroquieta",1.0,17.0,1020.0,1.0,gtfs_frequencies_typical_weekday
LTFRB_PUJ1466,MCU - Sangandaan,1.0,17.0,1020.0,1.0,gtfs_frequencies_typical_weekday
LTFRB_PUJ1467,MCU - Sangandaan,1.0,17.0,1020.0,1.0,gtfs_frequencies_typical_weekday
LTFRB_PUJ1468,Meycauayan - Monumento via McArthur Hi-way,1.0,17.0,1020.0,1.0,gtfs_frequencies_typical_weekday
LTFRB_PUJ1469,Meycauayan - Monumento via McArthur Hi-way,1.0,17.0,1020.0,1.0,gtfs_frequencies_typical_weekday
LTFRB_PUJ1470,Monumento - Navotas via Letre,1.0,17.0,1020.0,1.0,gtfs_frequencies_typical_weekday
LTFRB_PUJ1471,Monumento - Navotas via Letre,1.0,17.0,1020.0,1.0,gtfs_frequencies_typical_weekday
LTFRB_PUJ1472,Monumento - Paco (Obando) via M.H. del Pilar,1.0,17.0,1020.0,1.0,gtfs_frequencies_typical_weekday
LTFRB_PUJ1473,Monumento - Paco (Obando) via M.H. del Pilar,1.0,17.0,1020.0,1.0,gtfs_frequencies_typical_weekday
LTFRB_PUJ1474,"Monumento - Pasay Rotonda via Rizal Ave., Mabini",1.0,17.0,1020.0,1.0,gtfs_frequencies_typical_weekday
LTFRB_PUJ1475,"Monumento - Pasay Rotonda via Rizal Ave., Mabini",1.0,17.0,1020.0,1.0,gtfs_frequencies_typical_weekday
LTFRB_PUJ1476,Monumento - Sto. Nino via Expressway,1.0,17.0,1020.0,1.0,gtfs_frequencies_typical_weekday
LTFRB_PUJ1477,Monumento - Sto. Nino via Expressway,1.0,17.0,1020.0,1.0,gtfs_frequencies_typical_weekday
LTFRB_PUJ1478,"Monumento - Vito Cruz via Rizal Ave., Taft Ave.",1.0,17.0,1020.0,1.0,gtfs_frequencies_typical_weekday
LTFRB_PUJ1480,"Monumento - Vito C ruz via Rizal Ave., Mabini",1.0,17.0,1020.0,1.0,gtfs_frequencies_typical_weekday
LTFRB_PUJ1482,"Munoz - Remedios via Quiapo, L. Guinto",1.0,17.0,1020.0,1.0,gtfs_frequencies_typical_weekday
LTFRB_PUJ1483,"Munoz - Remedios via Quiapo, L. Guinto",1.0,17.0,1020.0,1.0,gtfs_frequencies_typical_weekday
LTFRB_PUJ1484,"Murphy - North Harbor via Divisoria, Sta. Mesa",1.0,17.0,1020.0,1.0,gtfs_frequencies_typical_weekday
LTFRB_PUJ1485,"Murphy - North Harbor via Divisoria, Sta. Mesa",1.0,17.0,1020.0,1.0,gtfs_frequencies_typical_weekday
LTFRB_PUJ1486,Napocor/Niaville - Mindanao Ave. via Congressional Ave.,1.0,17.0,1020.0,1.0,gtfs_frequencies_typical_weekday
LTFRB_PUJ1487,Napocor/Niaville - Mindanao Ave. via Congressional Ave.,1.0,17.0,1020.0,1.0,gtfs_frequencies_typical_weekday
LTFRB_PUJ1488,Navotas - Recto via Heroes del 96,1.0,17.0,1020.0,1.0,gtfs_frequencies_typical_weekday
LTFRB_PUJ1489,Navotas - Recto via Heroes del 96,1.0,17.0,1020.0,1.0,gtfs_frequencies_typical_weekday
LTFRB_PUJ1490,"FTI - Uniwide Coastal Mall via VAB, NAB",1.0,17.0,1020.0,1.0,gtfs_frequencies_typical_weekday
LTFRB_PUJ1491,"FTI - Uniwide Coastal Mall via VAB, NAB",1.0,17.0,1020.0,1.0,gtfs_frequencies_typical_weekday
LTFRB_PUJ1492,Nichols - Vito Cruz via Park Ave.,1.0,17.0,1020.0,1.0,gtfs_frequencies_typical_weekday
LTFRB_PUJ1493,Nichols - Vito Cruz via Park Ave.,1.0,17.0,1020.0,1.0,gtfs_frequencies_typical_weekday
LTFRB_PUJ1494,Novaliches TP - Gumaoc - Palmera Subd. (SJDM),1.0,17.0,1020.0,1.0,gtfs_frequencies_typical_weekday
LTFRB_PUJ1495,Novaliches TP - Gumaoc - Palmera Subd. (SJDM),1.0,17.0,1020.0,1.0,gtfs_frequencies_typical_weekday
LTFRB_PUJ1496,Novaliches (TP) - Brgy. Deparo,1.0,17.0,1020.0,1.0,gtfs_frequencies_typical_weekday
LTFRB_PUJ1497,Novaliches (TP) - Brgy. Deparo,1.0,17.0,1020.0,1.0,gtfs_frequencies_typical_weekday
LTFRB_PUJ1498,"Novaliches - Shelter Ville via Camarin Rd., Bagon Silang",1.0,17.0,1020.0,1.0,gtfs_frequencies_typical_weekday
LTFRB_PUJ1499,"Novaliches - Shelter Ville via Camarin Rd., Bagon Silang",1.0,17.0,1020.0,1.0,gtfs_frequencies_typical_weekday
LTFRB_PUJ1500,Novaliches - Tala via Quirino,1.0,17.0,1020.0,1.0,gtfs_frequencies_typical_weekday
LTFRB_PUJ1501,Novaliches - Tala via Quirino,1.0,17.0,1020.0,1.0,gtfs_frequencies_typical_weekday
LTFRB_PUJ1502,"Novaliches - Tala via Camarin, Susano Rd.",1.0,17.0,1020.0,1.0,gtfs_frequencies_typical_weekday
LTFRB_PUJ1504,Novaliches - Urduja,1.0,17.0,1020.0,1.0,gtfs_frequencies_typical_weekday
LTFRB_PUJ1505,Novaliches - Urduja,1.0,17.0,1020.0,1.0,gtfs_frequencies_typical_weekday
LTFRB_PUJ1506,"Novaliches (TP) - Bigte (Norzagaray, Bulacan) via Quirino Highway",1.0,17.0,1020.0,1.0,gtfs_frequencies_typical_weekday
LTFRB_PUJ1507,"Novaliches (TP) - Bigte (Norzagaray, Bulacan) via Quirino Highway",1.0,17.0,1020.0,1.0,gtfs_frequencies_typical_weekday
LTFRB_PUJ1508,P. Faura - San Andres,1.0,17.0,1020.0,1.0,gtfs_frequencies_typical_weekday
LTFRB_PUJ1509,P. Faura - San Andres,1.0,17.0,1020.0,1.0,gtfs_frequencies_typical_weekday
LTFRB_PUJ1510,Paco - Pier South,1.0,17.0,1020.0,1.0,gtfs_frequencies_typical_weekday
LTFRB_PUJ1511,Paco - Pier South,1.0,17.0,1020.0,1.0,gtfs_frequencies_typical_weekday
LTFRB_PUJ1512,Paco - Sta. Mesa Rotonda via Nagtahan,1.0,17.0,1020.0,1.0,gtfs_frequencies_typical_weekday
LTFRB_PUJ1513,Paco - Sta. Mesa Rotonda via Nagtahan,1.0,17.0,1020.0,1.0,gtfs_frequencies_typical_weekday
LTFRB_PUJ1514,"Pantranco - Proj. 2 & 3 via Timog, Kamuning",1.0,17.0,1020.0,1.0,gtfs_frequencies_typical_weekday
LTFRB_PUJ1515,"Pantranco - Proj. 2 & 3 via Timog, Kamuning",1.0,17.0,1020.0,1.0,gtfs_frequencies_typical_weekday
LTFRB_PUJ1516,Pantranco - Proj. 8 via Roosevelt,1.0,17.0,1020.0,1.0,gtfs_frequencies_typical_weekday
LTFRB_PUJ1517,Pantranco - Proj. 8 via Roosevelt,1.0,17.0,1020.0,1.0,gtfs_frequencies_typical_weekday
LTFRB_PUJ1518,Pantranco - U.P.,1.0,17.0,1020.0,1.0,gtfs_frequencies_typical_weekday
LTFRB_PUJ1519,Pantranco - U.P.,1.0,17.0,1020.0,1.0,gtfs_frequencies_typical_weekday
LTFRB_PUJ1520,Parang - Recto,1.0,17.0,1020.0,1.0,gtfs_frequencies_typical_weekday
LTFRB_PUJ1521,Parang - Recto,1.0,17.0,1020.0,1.0,gtfs_frequencies_typical_weekday
LTFRB_PUJ1522,Parang - Stop & Shop via Aurora Blvd.,1.0,17.0,1020.0,1.0,gtfs_frequencies_typical_weekday
LTFRB_PUJ1523,Parang - Stop & Shop via Aurora Blvd.,1.0,17.0,1020.0,1.0,gtfs_frequencies_typical_weekday
LTFRB_PUJ1524,Pasay Rotonda - Signal Village,1.0,17.0,1020.0,1.0,gtfs_frequencies_typical_weekday
LTFRB_PUJ1525,Pasay Rotonda - Signal Village,1.0,17.0,1020.0,1.0,gtfs_frequencies_typical_weekday
LTFRB_PUJ1526,"Pasig (TP) - Quiapo (Echague) via Sta. Mesa, C. Palanca",1.0,17.0,1020.0,2.0,gtfs_frequencies_typical_weekday
LTFRB_PUJ1527,"Pasig (TP) - Quiapo (Echague) via Sta. Mesa, C. Palanca",1.0,17.0,1020.0,1.0,gtfs_frequencies_typical_weekday
LTFRB_PUJ1528,"Pasig - Taguig via Maestrang Pinang, Tipas",1.0,17.0,1020.0,1.0,gtfs_frequencies_typical_weekday
LTFRB_PUJ1529,"Pasig - Taguig via Maestrang Pinang, Tipas",1.0,17.0,1020.0,1.0,gtfs_frequencies_typical_weekday
LTFRB_PUJ1530,"Philcoa - Rodriguez Town (Montalban) via Commonwealth Ave., Kalayaan Ave.",1.0,17.0,1020.0,1.0,gtfs_frequencies_typical_weekday
LTFRB_PUJ1531,"Philcoa - Rodriguez Town (Montalban) via Commonwealth Ave., Kalayaan Ave.",1.0,17.0,1020.0,1.0,gtfs_frequencies_typical_weekday
LTFRB_PUJ1532,Philcoa - T.M. Kalaw via Quezon Ave.,1.0,17.0,1020.0,1.0,gtfs_frequencies_typical_weekday
LTFRB_PUJ1533,Philcoa - T.M. Kalaw via Quezon Ave.,1.0,17.0,1020.0,1.0,gtfs_frequencies_typical_weekday
LTFRB_PUJ1534,Pier South - Proj. 2 & 3 via E. Rodriguez,1.0,17.0,1020.0,1.0,gtfs_frequencies_typical_weekday
LTFRB_PUJ1535,Pier South - Proj. 2 & 3 via E. Rodriguez,1.0,17.0,1020.0,1.0,gtfs_frequencies_typical_weekday
LTFRB_PUJ1536,Pier South - Proj. 2 & 3 via Timog,1.0,17.0,1020.0,1.0,gtfs_frequencies_typical_weekday
LTFRB_PUJ1537,Pier South - Proj. 2 & 3 via Timog,1.0,17.0,1020.0,1.0,gtfs_frequencies_typical_weekday
LTFRB_PUJ1538,Pier South - Proj. 4 via Espana,1.0,17.0,1020.0,1.0,gtfs_frequencies_typical_weekday
LTFRB_PUJ1539,Pier South - Proj. 4 via Espana,1.0,17.0,1020.0,1.0,gtfs_frequencies_typical_weekday
LTFRB_PUJ1540,Pier South - Proj. 6 via Espana,1.0,17.0,1020.0,1.0,gtfs_frequencies_typical_weekday
LTFRB_PUJ1542,"Pier South - Proj. 7 via Espana, Roosevelt",1.0,17.0,1020.0,1.0,gtfs_frequencies_typical_weekday
LTFRB_PUJ1543,"Pier South - Proj. 7 via Espana, Roosevelt",1.0,17.0,1020.0,1.0,gtfs_frequencies_typical_weekday
LTFRB_PUJ1544,Pier South - Proj. 8 via Quezon Ave.,1.0,17.0,1020.0,1.0,gtfs_frequencies_typical_weekday
LTFRB_PUJ1545,Pier South - Proj. 8 via Quezon Ave.,1.0,17.0,1020.0,1.0,gtfs_frequencies_typical_weekday
LTFRB_PUJ1547,Pier South - Retiro via Sta. Cruz,1.0,17.0,1020.0,1.0,gtfs_frequencies_typical_weekday
LTFRB_PUJ1548,Pier South - Sta. Ana via Padre Faura,1.0,17.0,1020.0,1.0,gtfs_frequencies_typical_weekday
LTFRB_PUJ1549,Pier South - Sta. Ana via Padre Faura,1.0,17.0,1020.0,1.0,gtfs_frequencies_typical_weekday
LTFRB_PUJ1550,"Proj. 2 & 3 - Recto via Kamuning, E. Rodriguez",1.0,17.0,1020.0,1.0,gtfs_frequencies_typical_weekday
LTFRB_PUJ1551,"Proj. 2 & 3 - Recto via Kamuning, E. Rodriguez",1.0,17.0,1020.0,2.0,gtfs_frequencies_typical_weekday
LTFRB_PUJ1552,Proj. 2 & 3 - T. M. Kalaw via E. Rodriguez,1.0,17.0,1020.0,1.0,gtfs_frequencies_typical_weekday
LTFRB_PUJ1554,"Proj. 2 & 3 - Q. Mart via Anonas, Kamias",1.0,17.0,1020.0,2.0,gtfs_frequencies_typical_weekday
LTFRB_PUJ1555,"Proj. 2 & 3 - Q. Mart via Anonas, Kamias",1.0,17.0,1020.0,1.0,gtfs_frequencies_typical_weekday
LTFRB_PUJ1557,Proj. 6 - T.M. Kalaw via Quezon Ave.,1.0,17.0,1020.0,2.0,gtfs_frequencies_typical_weekday
LTFRB_PUJ1558,"Proj. 7 - T.M. Kalaw via Roosevelt, Quezon Ave.",1.0,17.0,1020.0,1.0,gtfs_frequencies_typical_weekday
LTFRB_PUJ1559,"Proj. 7 - T.M. Kalaw via Roosevelt, Quezon Ave.",1.0,17.0,1020.0,1.0,gtfs_frequencies_typical_weekday
LTFRB_PUJ1560,Proj. 8 - T.M. Kalaw via Quezon Ave.,1.0,17.0,1020.0,1.0,gtfs_frequencies_typical_weekday
LTFRB_PUJ1561,Proj. 8 - T.M. Kalaw via Quezon Ave.,1.0,17.0,1020.0,1.0,gtfs_frequencies_typical_weekday
LTFRB_PUJ1562,Punta - Quiapo (Barbosa) via Sta. Mesa,1.0,17.0,1020.0,1.0,gtfs_frequencies_typical_weekday
LTFRB_PUJ1563,Punta - Quiapo (Barbosa) via Sta. Mesa,1.0,17.0,1020.0,1.0,gtfs_frequencies_typical_weekday
LTFRB_PUJ1564,Punta - Pier via Manila City Hall,1.0,17.0,1020.0,1.0,gtfs_frequencies_typical_weekday
LTFRB_PUJ1565,Punta - Pier via Manila City Hall,1.0,17.0,1020.0,1.0,gtfs_frequencies_typical_weekday
LTFRB_PUJ1566,Queens Row Vill. - Talon via Marcos Alvarez,1.0,17.0,1020.0,1.0,gtfs_frequencies_typical_weekday
LTFRB_PUJ1567,Queens Row Vill. - Talon via Marcos Alvarez,1.0,17.0,1020.0,1.0,gtfs_frequencies_typical_weekday
LTFRB_PUJ1568,Quezon Ave. - Sta. Mesa Mkt. via Araneta Ave.,1.0,17.0,1020.0,1.0,gtfs_frequencies_typical_weekday
LTFRB_PUJ1569,Quezon Ave. - Sta. Mesa Mkt. via Araneta Ave.,1.0,17.0,1020.0,1.0,gtfs_frequencies_typical_weekday
LTFRB_PUJ1570,Quezon Ave./Sct. Chuatoco - Roxas Dist.,1.0,17.0,1020.0,1.0,gtfs_frequencies_typical_weekday
LTFRB_PUJ1571,Quezon Ave./Sct. Chuatoco - Roxas Dist.,1.0,17.0,1020.0,1.0,gtfs_frequencies_typical_weekday
LTFRB_PUJ1572,Quiapo (Barbosa) - San Juan via Legarda,1.0,17.0,1020.0,1.0,gtfs_frequencies_typical_weekday
LTFRB_PUJ1573,Quiapo (Barbosa) - San Juan via Legarda,1.0,17.0,1020.0,1.0,gtfs_frequencies_typical_weekday
LTFRB_PUJ1574,"Recto - Roxas Dist. via Quezon Ave., Espana",1.0,17.0,1020.0,1.0,gtfs_frequencies_typical_weekday
LTFRB_PUJ1575,"Recto - Roxas Dist. via Quezon Ave., Espana",1.0,17.0,1020.0,1.0,gtfs_frequencies_typical_weekday
LTFRB_PUJ1576,"Recto - SSS Village via Aurora Blvd., Espana",1.0,17.0,1020.0,1.0,gtfs_frequencies_typical_weekday
LTFRB_PUJ1577,"Recto - SSS Village via Aurora Blvd., Espana",1.0,17.0,1020.0,1.0,gtfs_frequencies_typical_weekday
LTFRB_PUJ1578,"Rosario Jct. - San Juan via Pinaglabanan, Ortigas",1.0,17.0,1020.0,1.0,gtfs_frequencies_typical_weekday
LTFRB_PUJ1580,"San Juan (Pinaglabanan) - San Juan, Taytay (Resettlement Area)",1.0,17.0,1020.0,1.0,gtfs_frequencies_typical_weekday
LTFRB_PUJ1581,"San Juan (Pinaglabanan) - San Juan, Taytay (Resettlement Area)",1.0,17.0,1020.0,1.0,gtfs_frequencies_typical_weekday
LTFRB_PUJ1582,"San Andres Mkt. - Sta. Ana via P. Faura, P. Gil",1.0,17.0,1020.0,1.0,gtfs_frequencies_typical_weekday
LTFRB_PUJ1583,"San Andres Mkt. - Sta. Ana via P. Faura, P. Gil",1.0,17.0,1020.0,1.0,gtfs_frequencies_typical_weekday
LTFRB_PUJ1584,San Miguel - Ikot,1.0,17.0,1020.0,1.0,gtfs_frequencies_typical_weekday
LTFRB_PUJ1585,San Miguel - Ikot,1.0,17.0,1020.0,1.0,gtfs_frequencies_typical_weekday
LTFRB_PUJ1587,Santol - Pina Ave. via Buenos Aires,1.0,17.0,1020.0,1.0,gtfs_frequencies_typical_weekday
LTFRB_PUJ1588,SSS Village - Stop & Shop via Aurora Blvd.,1.0,17.0,1020.0,1.0,gtfs_frequencies_typical_weekday
LTFRB_PUJ1589,SSS Village - Stop & Shop via Aurora Blvd.,1.0,17.0,1020.0,1.0,gtfs_frequencies_typical_weekday
LTFRB_PUJ1590,Sucat Hi-way - Bagumbayan,1.0,17.0,1020.0,1.0,gtfs_frequencies_typical_weekday
LTFRB_PUJ1591,Sucat Hi-way - Bagumbayan,1.0,17.0,1020.0,1.0,gtfs_frequencies_typical_weekday
LTFRB_PUJ1592,Sucat - Market-Market,1.0,17.0,1020.0,1.0,gtfs_frequencies_typical_weekday
LTFRB_PUJ1593,Sucat - Market-Market,1.0,17.0,1020.0,1.0,gtfs_frequencies_typical_weekday
LTFRB_PUJ1594,T.M. Kalaw - Balara via Katipunan,1.0,17.0,1020.0,2.0,gtfs_frequencies_typical_weekday
LTFRB_PUJ1595,T.M. Kalaw - Balara via Katipunan,1.0,17.0,1020.0,1.0,gtfs_frequencies_typical_weekday
LTFRB_PUJ1596,"Talon - Pailiparan (Dasmarinas, Cavite) via Molino Rd.",1.0,17.0,1020.0,1.0,gtfs_frequencies_typical_weekday
LTFRB_PUJ1597,"Talon - Pailiparan (Dasmarinas, Cavite) via Molino Rd.",1.0,17.0,1020.0,1.0,gtfs_frequencies_typical_weekday
LTFRB_PUJ1598,"Golden City Subd. - Molino Market via Talon, Molino Rd.",1.0,17.0,1020.0,1.0,gtfs_frequencies_typical_weekday
LTFRB_PUJ1599,"Golden City Subd. - Molino Market via Talon, Molino Rd.",1.0,17.0,1020.0,1.0,gtfs_frequencies_typical_weekday
LTFRB_PUJ1600,Tanza - Zapote (Las Pinas) via Aguinaldo Hi-way,1.0,17.0,1020.0,1.0,gtfs_frequencies_typical_weekday
LTFRB_PUJ1601,Tanza - Zapote (Las Pinas) via Aguinaldo Hi-way,1.0,17.0,1020.0,1.0,gtfs_frequencies_typical_weekday
LTFRB_PUJ1602,Tandang Sora - Visayas Ave. via Q.C. Hall,1.0,17.0,1020.0,1.0,gtfs_frequencies_typical_weekday
LTFRB_PUJ1603,Tandang Sora - Visayas Ave. via Q.C. Hall,1.0,17.0,1020.0,1.0,gtfs_frequencies_typical_weekday
LTFRB_PUJ1604,Camarin-Trinoma,1.0,17.0,1020.0,1.0,gtfs_frequencies_typical_weekday
LTFRB_PUJ1605,Camarin-Trinoma,1.0,17.0,1020.0,1.0,gtfs_frequencies_typical_weekday
LTFRB_PUJ1606,Proj 7 - Quiapo,1.0,17.0,1020.0,1.0,gtfs_frequencies_typical_weekday
LTFRB_PUJ1607,Proj 7 - Quiapo,1.0,17.0,1020.0,1.0,gtfs_frequencies_typical_weekday
LTFRB_PUJ1608,Proj 6 - Vito cruz via Quezon Avenue,1.0,17.0,1020.0,1.0,gtfs_frequencies_typical_weekday
LTFRB_PUJ1609,Proj 6 - Vito cruz via Quezon Avenue,1.0,17.0,1020.0,1.0,gtfs_frequencies_typical_weekday
LTFRB_PUJ1610,proj. 8 - Quiapo,1.0,17.0,1020.0,1.0,gtfs_frequencies_typical_weekday
LTFRB_PUJ1611,proj. 8 - Quiapo,1.0,17.0,1020.0,1.0,gtfs_frequencies_typical_weekday
LTFRB_PUJ1612,Guadalupe-Makati,1.0,17.0,1020.0,1.0,gtfs_frequencies_typical_weekday
LTFRB_PUJ1613,Guadalupe-Makati,1.0,17.0,1020.0,1.0,gtfs_frequencies_typical_weekday
LTFRB_PUJ1614,Malanday-Sta Cruz,1.0,17.0,1020.0,1.0,gtfs_frequencies_typical_weekday
LTFRB_PUJ1615,Malanday-Sta Cruz,1.0,17.0,1020.0,1.0,gtfs_frequencies_typical_weekday
LTFRB_PUJ1616,Munoz - Luzon,1.0,17.0,1020.0,1.0,gtfs_frequencies_typical_weekday
LTFRB_PUJ1617,Munoz - Luzon,1.0,17.0,1020.0,1.0,gtfs_frequencies_typical_weekday
LTFRB_PUJ1618,Guadalupe - Cartimar,1.0,17.0,1020.0,1.0,gtfs_frequencies_typical_weekday
LTFRB_PUJ1619,Guadalupe - Cartimar,1.0,17.0,1020.0,1.0,gtfs_frequencies_typical_weekday
LTFRB_PUJ1620,Ever - Bagong Silangan via Violago Homes,1.0,17.0,1020.0,1.0,gtfs_frequencies_typical_weekday
LTFRB_PUJ1621,Ever - Bagong Silangan via Violago Homes,1.0,17.0,1020.0,1.0,gtfs_frequencies_typical_weekday
LTFRB_PUJ1622,UP Highway - Sangandaan,1.0,17.0,1020.0,1.0,gtfs_frequencies_typical_weekday
LTFRB_PUJ1623,UP Highway - Sangandaan,1.0,17.0,1020.0,1.0,gtfs_frequencies_typical_weekday
LTFRB_PUJ1624,MRT - Quirino via C-5,1.0,17.0,1020.0,2.0,gtfs_frequencies_typical_weekday
LTFRB_PUJ1625,MRT - Quirino via C-5,1.0,17.0,1020.0,1.0,gtfs_frequencies_typical_weekday
LTFRB_PUJ1626,Prenza (Marilao) - Monumento via McArthur Hi-way,1.0,17.0,1020.0,1.0,gtfs_frequencies_typical_weekday
LTFRB_PUJ1627,Prenza (Marilao) - Monumento via McArthur Hi-way,1.0,17.0,1020.0,1.0,gtfs_frequencies_typical_weekday
LTFRB_PUJ1628,Del Monte - Kanloan via Mayon,1.0,17.0,1020.0,1.0,gtfs_frequencies_typical_weekday
LTFRB_PUJ1629,Del Monte - Kanloan via Mayon,1.0,17.0,1020.0,1.0,gtfs_frequencies_typical_weekday
LTFRB_PUJ1630,Calamba (TP) -San Pedro National Road,1.0,17.0,1020.0,1.0,gtfs_frequencies_typical_weekday
LTFRB_PUJ1631,Calamba (TP) -San Pedro National Road,1.0,17.0,1020.0,1.0,gtfs_frequencies_typical_weekday
LTFRB_PUJ1632,"Calamba (TP) - San Pedro, Pacita via Carmona Exit.",1.0,17.0,1020.0,1.0,gtfs_frequencies_typical_weekday
LTFRB_PUJ1633,"Calamba (TP) - San Pedro, Pacita via Carmona Exit.",1.0,17.0,1020.0,1.0,gtfs_frequencies_typical_weekday
LTFRB_PUJ1634,"Cogeo - Paenaan via Padilla, Marcos Hi-way",1.0,17.0,1020.0,1.0,gtfs_frequencies_typical_weekday
LTFRB_PUJ1635,"Cogeo - Paenaan via Padilla, Marcos Hi-way",1.0,17.0,1020.0,1.0,gtfs_frequencies_typical_weekday
LTFRB_PUJ1636,EDSA/Shaw Central - Morong,1.0,17.0,1020.0,1.0,gtfs_frequencies_typical_weekday
LTFRB_PUJ1637,EDSA/Shaw Central - Morong,1.0,17.0,1020.0,1.0,gtfs_frequencies_typical_weekday
LTFRB_PUJ1638,"EDSA/Shaw Central - Morong via Antipolo, Theresa",1.0,17.0,1020.0,1.0,gtfs_frequencies_typical_weekday
LTFRB_PUJ1639,"EDSA/Shaw Central - Morong via Antipolo, Theresa",1.0,17.0,1020.0,1.0,gtfs_frequencies_typical_weekday
LTFRB_PUJ1640,EDSA/Shaw Central - Tanay via Antipolo,1.0,17.0,1020.0,2.0,gtfs_frequencies_typical_weekday
LTFRB_PUJ1643,Tanay - Robinson Galleria via Antipolo San Miguel,1.0,17.0,1020.0,2.0,gtfs_frequencies_typical_weekday
LTFRB_PUJ1645,Malinta - Malolos via McArthur Hi-way,1.0,17.0,1020.0,2.0,gtfs_frequencies_typical_weekday
LTFRB_PUJ1648,Silang - Zapote (Las Pinas),1.0,17.0,1020.0,1.0,gtfs_frequencies_typical_weekday
LTFRB_PUJ1649,Silang - Zapote (Las Pinas),1.0,17.0,1020.0,1.0,gtfs_frequencies_typical_weekday
LTFRB_PUJ1650,Kamagong - Malugay Ave.,1.0,17.0,1020.0,1.0,gtfs_frequencies_typical_weekday
LTFRB_PUJ1651,Libertad - M. Reyes,1.0,17.0,1020.0,1.0,gtfs_frequencies_typical_weekday
LTFRB_PUJ1652,Quiapo - San Miguel via Palanca,1.0,17.0,1020.0,1.0,gtfs_frequencies_typical_weekday
LTFRB_PUJ1653,Amparo - Novaliches via Sanana,1.0,17.0,1020.0,1.0,gtfs_frequencies_typical_weekday
LTFRB_PUJ1654,Amparo - Novaliches via Sanana,1.0,17.0,1020.0,1.0,gtfs_frequencies_typical_weekday
LTFRB_PUJ1655,Quiapo (Barbosa) - Santol via Sta. Mesa,1.0,17.0,1020.0,1.0,gtfs_frequencies_typical_weekday
LTFRB_PUJ1656,Quiapo (Barbosa) - Santol via Sta. Mesa,1.0,17.0,1020.0,1.0,gtfs_frequencies_typical_weekday
LTFRB_PUJ1657,"Monumento - Polo via Acacia, M.H. del Pilar",1.0,17.0,1020.0,1.0,gtfs_frequencies_typical_weekday
LTFRB_PUJ1658,"Monumento - Polo via Acacia, M.H. del Pilar",1.0,17.0,1020.0,1.0,gtfs_frequencies_typical_weekday
LTFRB_PUJ1659,T.M. Kalaw - West Ave. via Quiapo,1.0,17.0,1020.0,1.0,gtfs_frequencies_typical_weekday
LTFRB_PUJ1660,T.M. Kalaw - West Ave. via Quiapo,1.0,17.0,1020.0,1.0,gtfs_frequencies_typical_weekday
LTFRB_PUJ1661,UP - MRT,1.0,17.0,1020.0,1.0,gtfs_frequencies_typical_weekday
LTFRB_PUJ1662,UP - MRT,1.0,17.0,1020.0,1.0,gtfs_frequencies_typical_weekday
LTFRB_PUJ1663,UP - IKOT,1.0,17.0,1020.0,1.0,gtfs_frequencies_typical_weekday
LTFRB_PUJ1664,UP - IKOT,1.0,17.0,1020.0,1.0,gtfs_frequencies_typical_weekday
LTFRB_PUJ1665,SM MALL OF ASIA-MRT,1.0,17.0,1020.0,1.0,gtfs_frequencies_typical_weekday
LTFRB_PUJ1666,SM MALL OF ASIA-MRT,1.0,17.0,1020.0,1.0,gtfs_frequencies_typical_weekday
LTFRB_PUJ1667,SAN JOAQUIN MARKET-HYPERMART PASIG,1.0,17.0,1020.0,1.0,gtfs_frequencies_typical_weekday
LTFRB_PUJ1668,SAN JOAQUIN MARKET-HYPERMART PASIG,1.0,17.0,1020.0,1.0,gtfs_frequencies_typical_weekday
LTFRB_PUJ1670,PIER-PASAY LIBERTAD,1.0,17.0,1020.0,1.0,gtfs_frequencies_typical_weekday
LTFRB_PUJ1671,PIER-MALANDAY,1.0,17.0,1020.0,1.0,gtfs_frequencies_typical_weekday
LTFRB_PUJ1672,PIER-MALANDAY,1.0,17.0,1020.0,1.0,gtfs_frequencies_typical_weekday
LTFRB_PUJ1673,PIER-DELPAN ZARAGOSA,1.0,17.0,1020.0,1.0,gtfs_frequencies_typical_weekday
LTFRB_PUJ1674,PIER-DELPAN ZARAGOSA,1.0,17.0,1020.0,1.0,gtfs_frequencies_typical_weekday
LTFRB_PUJ1675,PIER SOUTH-PROJ 6,1.0,17.0,1020.0,1.0,gtfs_frequencies_typical_weekday
LTFRB_PUJ1676,PIER SOUTH-PROJ 6,1.0,17.0,1020.0,1.0,gtfs_frequencies_typical_weekday
LTFRB_PUJ1677,PIER SOUTH-PACO PALENGKE,1.0,17.0,1020.0,2.0,gtfs_frequencies_typical_weekday
LTFRB_PUJ1678,PIER SOUTH-PACO PALENGKE,1.0,17.0,1020.0,1.0,gtfs_frequencies_typical_weekday
LTFRB_PUJ1680,PIER SOUTH-FAIRVIEW DAHLIA-PHILCOA,1.0,17.0,1020.0,2.0,gtfs_frequencies_typical_weekday
LTFRB_PUJ1682,PHILCOA - RECTO,1.0,17.0,1020.0,1.0,gtfs_frequencies_typical_weekday
LTFRB_PUJ1683,PHILCOA - RECTO,1.0,17.0,1020.0,1.0,gtfs_frequencies_typical_weekday
LTFRB_PUJ1684,PHILCOA - PIER SOUTH,1.0,17.0,1020.0,1.0,gtfs_frequencies_typical_weekday
LTFRB_PUJ1685,PHILCOA - PIER SOUTH,1.0,17.0,1020.0,1.0,gtfs_frequencies_typical_weekday
LTFRB_PUJ1686,PASIGPALENGKE-TIPASTAGUIGVI PATEROS,1.0,17.0,1020.0,1.0,gtfs_frequencies_typical_weekday
LTFRB_PUJ1687,PASIGPALENGKE-TIPASTAGUIGVI PATEROS,1.0,17.0,1020.0,1.0,gtfs_frequencies_typical_weekday
LTFRB_PUJ1688,PASIG PALENGKE-BAGONG BAYAN BICUTAN,1.0,17.0,1020.0,1.0,gtfs_frequencies_typical_weekday
LTFRB_PUJ1689,PASIG PALENGKE-BAGONG BAYAN BICUTAN,1.0,17.0,1020.0,1.0,gtfs_frequencies_typical_weekday
LTFRB_PUJ1691,PASIG CITY-MARIKINA CITY,1.0,17.0,1020.0,1.0,gtfs_frequencies_typical_weekday
LTFRB_PUJ1693,PASAYRTDA-SCATALABNGvFTISERVICERD,1.0,17.0,1020.0,1.0,gtfs_frequencies_typical_weekday
LTFRB_PUJ1694,NOVALICHES-SHELTERVILLE,1.0,17.0,1020.0,1.0,gtfs_frequencies_typical_weekday
LTFRB_PUJ1695,NOVALICHES-SHELTERVILLE,1.0,17.0,1020.0,1.0,gtfs_frequencies_typical_weekday
LTFRB_PUJ1696,NOVALICHES-BAGONG SILANG KANAN PH9,1.0,17.0,1020.0,1.0,gtfs_frequencies_typical_weekday
LTFRB_PUJ1697,NOVALICHES-BAGONG SILANG KANAN PH9,1.0,17.0,1020.0,1.0,gtfs_frequencies_typical_weekday
LTFRB_PUJ1698,NOVALICHES-BAGONG SILANG KALIWA PH5,1.0,17.0,1020.0,2.0,gtfs_frequencies_typical_weekday
LTFRB_PUJ1699,NOVALICHES-BAGONG SILANG KALIWA PH5,1.0,17.0,1020.0,1.0,gtfs_frequencies_typical_weekday
LTFRB_PUJ1700,NOVA-CAMARIN,1.0,17.0,1020.0,1.0,gtfs_frequencies_typical_weekday
LTFRB_PUJ1701,NOVA-CAMARIN,1.0,17.0,1020.0,2.0,gtfs_frequencies_typical_weekday
LTFRB_PUJ1702,NICHOLS-MRT TRAMO,1.0,17.0,1020.0,1.0,gtfs_frequencies_typical_weekday
LTFRB_PUJ1703,NICHOLS-MRT TRAMO,1.0,17.0,1020.0,1.0,gtfs_frequencies_typical_weekday
LTFRB_PUJ1704,NICHOLS-IKOT,1.0,17.0,1020.0,1.0,gtfs_frequencies_typical_weekday
LTFRB_PUJ1705,NICHOLS-IKOT,1.0,17.0,1020.0,1.0,gtfs_frequencies_typical_weekday
LTFRB_PUJ1706,MUNOZ-VITO CRUZvia MABINI,1.0,17.0,1020.0,1.0,gtfs_frequencies_typical_weekday
LTFRB_PUJ1707,MUNOZ-VITO CRUZvia MABINI,1.0,17.0,1020.0,1.0,gtfs_frequencies_typical_weekday
LTFRB_PUJ1708,MUNOZ-VISAYAS AVE,1.0,17.0,1020.0,1.0,gtfs_frequencies_typical_weekday
LTFRB_PUJ1709,MUNOZ-VISAYAS AVE,1.0,17.0,1020.0,1.0,gtfs_frequencies_typical_weekday
LTFRB_PUJ1710,MUNOZ-PROJ8,1.0,17.0,1020.0,1.0,gtfs_frequencies_typical_weekday
LTFRB_PUJ1711,MUNOZ-PROJ8,1.0,17.0,1020.0,1.0,gtfs_frequencies_typical_weekday
LTFRB_PUJ1712,MUNOZ-PANTRANCO,1.0,17.0,1020.0,1.0,gtfs_frequencies_typical_weekday
LTFRB_PUJ1713,MUNOZ-PANTRANCO,1.0,17.0,1020.0,1.0,gtfs_frequencies_typical_weekday
LTFRB_PUJ1715,MONUMENTO-PIER,1.0,17.0,1020.0,1.0,gtfs_frequencies_typical_weekday
LTFRB_PUJ1716,MONUMENTO-MUNOZ via BALINTAWAK,1.0,17.0,1020.0,1.0,gtfs_frequencies_typical_weekday
LTFRB_PUJ1717,MONUMENTO-MUNOZ via BALINTAWAK,1.0,17.0,1020.0,1.0,gtfs_frequencies_typical_weekday
LTFRB_PUJ1718,MONUMENTO-MALABON via LETRE,1.0,17.0,1020.0,1.0,gtfs_frequencies_typical_weekday
LTFRB_PUJ1719,MONUMENTO-MALABON via LETRE,1.0,17.0,1020.0,1.0,gtfs_frequencies_typical_weekday
LTFRB_PUJ1720,"MCU-PASAY RTDA, MABINI",1.0,17.0,1020.0,1.0,gtfs_frequencies_typical_weekday
LTFRB_PUJ1721,"MCU-PASAY RTDA, MABINI",1.0,17.0,1020.0,2.0,gtfs_frequencies_typical_weekday
LTFRB_PUJ1722,MCU-LIBERTAD,1.0,17.0,1020.0,1.0,gtfs_frequencies_typical_weekday
LTFRB_PUJ1723,MCU-LIBERTAD,1.0,17.0,1020.0,1.0,gtfs_frequencies_typical_weekday
LTFRB_PUJ1724,LIBERTAD-PIER SOUTH,1.0,17.0,1020.0,2.0,gtfs_frequencies_typical_weekday
LTFRB_PUJ1725,LIBERTAD-PIER SOUTH,1.0,17.0,1020.0,1.0,gtfs_frequencies_typical_weekday
LTFRB_PUJ1726,LIBERTAD-EVANGELISTA,1.0,17.0,1020.0,1.0,gtfs_frequencies_typical_weekday
LTFRB_PUJ1727,LIBERTAD-EVANGELISTA,1.0,17.0,1020.0,1.0,gtfs_frequencies_typical_weekday
LTFRB_PUJ1729,LIBERTAD-DIAN,1.0,17.0,1020.0,1.0,gtfs_frequencies_typical_weekday
LTFRB_PUJ1730,LAGRO-PHILCOA,1.0,17.0,1020.0,1.0,gtfs_frequencies_typical_weekday
LTFRB_PUJ1731,LAGRO-PHILCOA,1.0,17.0,1020.0,1.0,gtfs_frequencies_typical_weekday
LTFRB_PUJ1732,LAGRO-NOVALICHES,1.0,17.0,1020.0,1.0,gtfs_frequencies_typical_weekday
LTFRB_PUJ1734,LAGRO-CUBAO,1.0,17.0,1020.0,1.0,gtfs_frequencies_typical_weekday
LTFRB_PUJ1735,LAGRO-CUBAO,1.0,17.0,1020.0,1.0,gtfs_frequencies_typical_weekday
LTFRB_PUJ1736,LAGRO-CITY HALL,1.0,17.0,1020.0,1.0,gtfs_frequencies_typical_weekday
LTFRB_PUJ1737,LAGRO-CITY HALL,1.0,17.0,1020.0,1.0,gtfs_frequencies_typical_weekday
LTFRB_PUJ1738,LAGRO-ANONAS,1.0,17.0,1020.0,1.0,gtfs_frequencies_typical_weekday
LTFRB_PUJ1739,LAGRO-ANONAS,1.0,17.0,1020.0,1.0,gtfs_frequencies_typical_weekday
LTFRB_PUJ1740,KATIPUNAN - UP GATE,1.0,17.0,1020.0,1.0,gtfs_frequencies_typical_weekday
LTFRB_PUJ1741,KATIPUNAN - UP GATE,1.0,17.0,1020.0,1.0,gtfs_frequencies_typical_weekday
LTFRB_PUJ1742,KATIPUNAN - UP CAMPUS,1.0,17.0,1020.0,1.0,gtfs_frequencies_typical_weekday
LTFRB_PUJ1743,KATIPUNAN - UP CAMPUS,1.0,17.0,1020.0,1.0,gtfs_frequencies_typical_weekday
LTFRB_PUJ1744,KATIPUNAN - QUIRINO HIGHWAY,1.0,17.0,1020.0,1.0,gtfs_frequencies_typical_weekday
LTFRB_PUJ1745,KATIPUNAN - QUIRINO HIGHWAY,1.0,17.0,1020.0,1.0,gtfs_frequencies_typical_weekday
LTFRB_PUJ1746,GUDALUPE-FTI via J.P.RIZAL Ext. C5,1.0,17.0,1020.0,1.0,gtfs_frequencies_typical_weekday
LTFRB_PUJ1747,GUDALUPE-FTI via J.P.RIZAL Ext. C5,1.0,17.0,1020.0,1.0,gtfs_frequencies_typical_weekday
LTFRB_PUJ1748,GUADALUPE-PATEROS via JP RIZAL,1.0,17.0,1020.0,1.0,gtfs_frequencies_typical_weekday
LTFRB_PUJ1749,GUADALUPE-PATEROS via JP RIZAL,1.0,17.0,1020.0,1.0,gtfs_frequencies_typical_weekday
LTFRB_PUJ1750,GUADALUPE-BUTING,1.0,17.0,1020.0,1.0,gtfs_frequencies_typical_weekday
LTFRB_PUJ1752,GATE 5 - GREENHILLS SHOPPING CENTER,1.0,17.0,1020.0,1.0,gtfs_frequencies_typical_weekday
LTFRB_PUJ1753,GATE 5 - GREENHILLS SHOPPING CENTER,1.0,17.0,1020.0,1.0,gtfs_frequencies_typical_weekday
LTFRB_PUJ1754,FRISCO-VITO CRUZvia MABINI,1.0,17.0,1020.0,1.0,gtfs_frequencies_typical_weekday
LTFRB_PUJ1755,FRISCO-VITO CRUZvia MABINI,1.0,17.0,1020.0,1.0,gtfs_frequencies_typical_weekday
LTFRB_PUJ1756,FRISCO-REMEDIOS,1.0,17.0,1020.0,1.0,gtfs_frequencies_typical_weekday
LTFRB_PUJ1757,FRISCO-REMEDIOS,1.0,17.0,1020.0,1.0,gtfs_frequencies_typical_weekday
LTFRB_PUJ1758,CUBAO-TM KALAW,1.0,17.0,1020.0,1.0,gtfs_frequencies_typical_weekday
LTFRB_PUJ1759,CUBAO-TM KALAW,1.0,17.0,1020.0,2.0,gtfs_frequencies_typical_weekday
LTFRB_PUJ1760,CUBAO-STOPnSHOP,1.0,17.0,1020.0,1.0,gtfs_frequencies_typical_weekday
LTFRB_PUJ1761,CUBAO-STOPnSHOP,1.0,17.0,1020.0,1.0,gtfs_frequencies_typical_weekday
LTFRB_PUJ1762,CUBAO-STA.LUCIA,1.0,17.0,1020.0,1.0,gtfs_frequencies_typical_weekday
LTFRB_PUJ1763,CUBAO-STA.LUCIA,1.0,17.0,1020.0,1.0,gtfs_frequencies_typical_weekday
LTFRB_PUJ1764,CUBAO-ROSARIO,1.0,17.0,1020.0,1.0,gtfs_frequencies_typical_weekday
LTFRB_PUJ1765,CUBAO-ROSARIO,1.0,17.0,1020.0,2.0,gtfs_frequencies_typical_weekday
LTFRB_PUJ1766,CUBAO-ROCES,1.0,17.0,1020.0,1.0,gtfs_frequencies_typical_weekday
LTFRB_PUJ1767,CUBAO-ROCES,1.0,17.0,1020.0,1.0,gtfs_frequencies_typical_weekday
LTFRB_PUJ1768,CUBAO-PROJ 4,1.0,17.0,1020.0,1.0,gtfs_frequencies_typical_weekday
LTFRB_PUJ1769,CUBAO-PROJ 4,1.0,17.0,1020.0,1.0,gtfs_frequencies_typical_weekday
LTFRB_PUJ1770,CUBAO-PROJ2-3,1.0,17.0,1020.0,1.0,gtfs_frequencies_typical_weekday
LTFRB_PUJ1771,CUBAO-PROJ2-3,1.0,17.0,1020.0,1.0,gtfs_frequencies_typical_weekday
LTFRB_PUJ1772,CUBAO-LIBIS,1.0,17.0,1020.0,1.0,gtfs_frequencies_typical_weekday
LTFRB_PUJ1773,CUBAO-LIBIS,1.0,17.0,1020.0,1.0,gtfs_frequencies_typical_weekday
LTFRB_PUJ1775,CUBAO-B.BAYAN,1.0,17.0,1020.0,1.0,gtfs_frequencies_typical_weekday
LTFRB_PUJ1776,CUBAO-ARAYAT-FAIRVIEW,1.0,17.0,1020.0,1.0,gtfs_frequencies_typical_weekday
LTFRB_PUJ1777,CUBAO-ARAYAT-FAIRVIEW,1.0,17.0,1020.0,1.0,gtfs_frequencies_typical_weekday
LTFRB_PUJ1778,SHAW BLVD - ORTIGAS,1.0,17.0,1020.0,1.0,gtfs_frequencies_typical_weekday
LTFRB_PUJ1779,SHAW BLVD - ORTIGAS,1.0,17.0,1020.0,1.0,gtfs_frequencies_typical_weekday
LTFRB_PUJ1780,SHAW BLVD - GUADALUPE,1.0,17.0,1020.0,1.0,gtfs_frequencies_typical_weekday
LTFRB_PUJ1781,SHAW BLVD - GUADALUPE,1.0,17.0,1020.0,1.0,gtfs_frequencies_typical_weekday
LTFRB_PUJ1782,PASAY ROTUNDA - FTI via SIGNAL VILLAGE,1.0,17.0,1020.0,1.0,gtfs_frequencies_typical_weekday
LTFRB_PUJ1783,PASAY ROTUNDA - FTI via SIGNAL VILLAGE,1.0,17.0,1020.0,2.0,gtfs_frequencies_typical_weekday
LTFRB_PUJ1784,PASAY ROTUNDA - ALABANG via SKYWAY,1.0,17.0,1020.0,1.0,gtfs_frequencies_typical_weekday
LTFRB_PUJ1785,PASAY ROTUNDA - ALABANG via SKYWAY,1.0,17.0,1020.0,1.0,gtfs_frequencies_typical_weekday
LTFRB_PUJ1786,PASAY ROTUNDA - ALABANG (KANAN) via NICHOLS SERVICE RD,1.0,17.0,1020.0,1.0,gtfs_frequencies_typical_weekday
LTFRB_PUJ1787,PASAY ROTUNDA - ALABANG (KANAN) via NICHOLS SERVICE RD,1.0,17.0,1020.0,1.0,gtfs_frequencies_typical_weekday
LTFRB_PUJ1788,NOVALICHES - RIZAL AVE. via BANAL,1.0,17.0,1020.0,1.0,gtfs_frequencies_typical_weekday
LTFRB_PUJ1789,NOVALICHES - RIZAL AVE. via BANAL,1.0,17.0,1020.0,1.0,gtfs_frequencies_typical_weekday
LTFRB_PUJ1790,MONUMNTO-LIBERTADvTAFTAVENUE,1.0,17.0,1020.0,1.0,gtfs_frequencies_typical_weekday
LTFRB_PUJ1791,MONUMNTO-LIBERTADvTAFTAVENUE,1.0,17.0,1020.0,1.0,gtfs_frequencies_typical_weekday
LTFRB_PUJ1792,"MONUMENTO-TAFTAVE.,PASA ROTUNDA",1.0,17.0,1020.0,1.0,gtfs_frequencies_typical_weekday
LTFRB_PUJ1793,"MONUMENTO-TAFTAVE.,PASA ROTUNDA",1.0,17.0,1020.0,1.0,gtfs_frequencies_typical_weekday
LTFRB_PUJ1794,MCU LIBERTADvi MABINIF HARRISON,1.0,17.0,1020.0,1.0,gtfs_frequencies_typical_weekday
LTFRB_PUJ1795,MCU LIBERTADvi MABINIF HARRISON,1.0,17.0,1020.0,1.0,gtfs_frequencies_typical_weekday
LTFRB_PUJ1796,LIBERTAD - WASHINGTON,1.0,17.0,1020.0,1.0,gtfs_frequencies_typical_weekday
LTFRB_PUJ1797,LIBERTAD - WASHINGTON,1.0,17.0,1020.0,1.0,gtfs_frequencies_typical_weekday
LTFRB_PUJ1798,LIBERTAD - PRC,1.0,17.0,1020.0,1.0,gtfs_frequencies_typical_weekday
LTFRB_PUJ1799,LIBERTAD - PRC,1.0,17.0,1020.0,1.0,gtfs_frequencies_typical_weekday
LTFRB_PUJ1800,LIBERTAD - PINAGBARILAN,1.0,17.0,1020.0,1.0,gtfs_frequencies_typical_weekday
LTFRB_PUJ1801,LIBERTAD - PINAGBARILAN,1.0,17.0,1020.0,1.0,gtfs_frequencies_typical_weekday
LTFRB_PUJ1802,LIBERTAD - PASAY ROTUNDA,1.0,17.0,1020.0,2.0,gtfs_frequencies_typical_weekday
LTFRB_PUJ1803,LIBERTAD - PASAY ROTUNDA,1.0,17.0,1020.0,1.0,gtfs_frequencies_typical_weekday
LTFRB_PUJ1804,LAGRO - RIZAL AVE via A. BONIFACIO,1.0,17.0,1020.0,1.0,gtfs_frequencies_typical_weekday
LTFRB_PUJ1805,LAGRO - RIZAL AVE via A. BONIFACIO,1.0,17.0,1020.0,1.0,gtfs_frequencies_typical_weekday
LTFRB_PUJ1806,GREENFIELDS - SANGANGDAAN,1.0,17.0,1020.0,1.0,gtfs_frequencies_typical_weekday
LTFRB_PUJ1807,GREENFIELDS - SANGANGDAAN,1.0,17.0,1020.0,1.0,gtfs_frequencies_typical_weekday
LTFRB_PUJ1809,CUBAO ARAYAT - QMC,1.0,17.0,1020.0,1.0,gtfs_frequencies_typical_weekday
LTFRB_PUJ1811,CUBAO - SAN JUAN,1.0,17.0,1020.0,2.0,gtfs_frequencies_typical_weekday
LTFRB_PUJ1812,BINANGONAN-CAINTAviaTAYTAY-ANGONO,1.0,17.0,1020.0,1.0,gtfs_frequencies_typical_weekday
LTFRB_PUJ1813,BINANGONAN-CAINTAviaTAYTAY-ANGONO,1.0,17.0,1020.0,1.0,gtfs_frequencies_typical_weekday
LTFRB_PUJ1814,BINANGONAN - STA. LUCIA-TROPICAL,1.0,17.0,1020.0,1.0,gtfs_frequencies_typical_weekday
LTFRB_PUJ1815,BINANGONAN - STA. LUCIA-TROPICAL,1.0,17.0,1020.0,1.0,gtfs_frequencies_typical_weekday
LTFRB_PUJ1816,BINANGONAN - ANGONO MARKET,1.0,17.0,1020.0,1.0,gtfs_frequencies_typical_weekday
LTFRB_PUJ1817,BALINTAWAK - GREENFIELDS,1.0,17.0,1020.0,1.0,gtfs_frequencies_typical_weekday
LTFRB_PUJ1818,BALINTAWAK - GREENFIELDS,1.0,17.0,1020.0,1.0,gtfs_frequencies_typical_weekday
LTFRB_PUJ1819,SHAW BLVD CENTRAL - TAYTAY,1.0,17.0,1020.0,1.0,gtfs_frequencies_typical_weekday
LTFRB_PUJ1820,SHAW BLVD CENTRAL - TAYTAY,1.0,17.0,1020.0,1.0,gtfs_frequencies_typical_weekday
LTFRB_PUJ1821,CUBAO - V.LUNA,1.0,17.0,1020.0,2.0,gtfs_frequencies_typical_weekday
LTFRB_PUJ1822,CUBAO - V.LUNA,1.0,17.0,1020.0,1.0,gtfs_frequencies_typical_weekday
LTFRB_PUJ1823,NOVALICHES - RIZAL AVE. via BANAL,1.0,17.0,1020.0,1.0,gtfs_frequencies_typical_weekday
LTFRB_PUJ1824,NOVALICHES - RIZAL AVE. via BANAL,1.0,17.0,1020.0,1.0,gtfs_frequencies_typical_weekday
LTFRB_PUJ1826,A RIVERA - STA CRUZ,1.0,17.0,1020.0,1.0,gtfs_frequencies_typical_weekday
LTFRB_PUJ1827,ALABANG - BALIBAGO,1.0,17.0,1020.0,1.0,gtfs_frequencies_typical_weekday
LTFRB_PUJ1828,ALABANG - KATARUNGAN VILLAGE via MUNTINLUPA NBP,1.0,17.0,1020.0,1.0,gtfs_frequencies_typical_weekday
LTFRB_PUJ1830,ALABANG - LAS PINAS,1.0,17.0,1020.0,2.0,gtfs_frequencies_typical_weekday
LTFRB_PUJ1831,ALABANG - LAS PINAS,1.0,17.0,1020.0,2.0,gtfs_frequencies_typical_weekday
LTFRB_PUJ1833,ALABANG - MUNTINLUPA,1.0,17.0,1020.0,1.0,gtfs_frequencies_typical_weekday
LTFRB_PUJ1834,ALABANG - SIGNAL VILLAGE via SERVICE ROAD,1.0,17.0,1020.0,1.0,gtfs_frequencies_typical_weekday
LTFRB_PUJ1836,UP - SM NORTH AVE,1.0,17.0,1020.0,1.0,gtfs_frequencies_typical_weekday
LTFRB_PUJ1837,UP - SM NORTH AVE,1.0,17.0,1020.0,1.0,gtfs_frequencies_typical_weekday
LTFRB_PUJ1838,bagui,1.0,17.0,1020.0,2.0,gtfs_frequencies_typical_weekday
LTFRB_PUJ1839,TANDANG SORA PALENGKE  - NIA_NPC,1.0,17.0,1020.0,1.0,gtfs_frequencies_typical_weekday
LTFRB_PUJ1840,TANDANG SORA PALENGKE  - NIA_NPC,1.0,17.0,1020.0,1.0,gtfs_frequencies_typical_weekday
LTFRB_PUJ1841,STOP N SHOP - BACOOD,1.0,17.0,1020.0,1.0,gtfs_frequencies_typical_weekday
LTFRB_PUJ1842,STOP N SHOP - BACOOD,1.0,17.0,1020.0,1.0,gtfs_frequencies_typical_weekday
LTFRB_PUJ1843,SM NORTH - LITEX,1.0,17.0,1020.0,1.0,gtfs_frequencies_typical_weekday
LTFRB_PUJ1844,SM NORTH - LITEX,1.0,17.0,1020.0,1.0,gtfs_frequencies_typical_weekday
LTFRB_PUJ1845,SAN JUAN UNIMART - ROSARIO JUNCTION (DE CASTRO),1.0,17.0,1020.0,1.0,gtfs_frequencies_typical_weekday
LTFRB_PUJ1846,SAN JUAN UNIMART - ROSARIO JUNCTION (DE CASTRO),1.0,17.0,1020.0,1.0,gtfs_frequencies_typical_weekday
LTFRB_PUJ1847,SAN JUAN - CUBAO via N DOMINGO,1.0,17.0,1020.0,2.0,gtfs_frequencies_typical_weekday
LTFRB_PUJ1849,RECTO - GASAK,1.0,17.0,1020.0,1.0,gtfs_frequencies_typical_weekday
LTFRB_PUJ1850,RECTO - GASAK,1.0,17.0,1020.0,1.0,gtfs_frequencies_typical_weekday
LTFRB_PUJ1851,QUIAPO - BACOOD,1.0,17.0,1020.0,1.0,gtfs_frequencies_typical_weekday
LTFRB_PUJ1852,QUIAPO - BACOOD,1.0,17.0,1020.0,1.0,gtfs_frequencies_typical_weekday
LTFRB_PUJ1853,PROJECT 2 and 3 - WELCOME RTDA via E RODRIGUEZ,1.0,17.0,1020.0,1.0,gtfs_frequencies_typical_weekday
LTFRB_PUJ1854,PROJECT 2 and 3 - WELCOME RTDA via E RODRIGUEZ,1.0,17.0,1020.0,1.0,gtfs_frequencies_typical_weekday
LTFRB_PUJ1855,PROJECT 2 and 3 - TAFT REMEDIOS via E RODRIGUEZy,1.0,17.0,1020.0,1.0,gtfs_frequencies_typical_weekday
LTFRB_PUJ1856,PROJECT 2 and 3 - TAFT REMEDIOS via E RODRIGUEZy,1.0,17.0,1020.0,1.0,gtfs_frequencies_typical_weekday
LTFRB_PUJ1857,PROJECT 2 and 3 - QUIAPO,1.0,17.0,1020.0,1.0,gtfs_frequencies_typical_weekday
LTFRB_PUJ1859,PROJ 4 (YALE) - STOP N SHOP,1.0,17.0,1020.0,1.0,gtfs_frequencies_typical_weekday
LTFRB_PUJ1860,PROJ 4 (YALE) - STOP N SHOP,1.0,17.0,1020.0,1.0,gtfs_frequencies_typical_weekday
LTFRB_PUJ1862,PROJ 4 (AURORA) - MORAYTA RECTO,1.0,17.0,1020.0,1.0,gtfs_frequencies_typical_weekday
LTFRB_PUJ1863,PROJ 2&3-VITO CRUZ MABINI,1.0,17.0,1020.0,1.0,gtfs_frequencies_typical_weekday
LTFRB_PUJ1865,PROJ 2&3-QMART,1.0,17.0,1020.0,1.0,gtfs_frequencies_typical_weekday
LTFRB_PUJ1866,PROJ 2&3-KALAW ESPANA,1.0,17.0,1020.0,2.0,gtfs_frequencies_typical_weekday
LTFRB_PUJ1867,PROJ 2&3-KALAW ESPANA,1.0,17.0,1020.0,1.0,gtfs_frequencies_typical_weekday
LTFRB_PUJ1868,PHILCOA - FAIRVIEW DAHLIA,1.0,17.0,1020.0,1.0,gtfs_frequencies_typical_weekday
LTFRB_PUJ1869,PHILCOA - FAIRVIEW DAHLIA,1.0,17.0,1020.0,1.0,gtfs_frequencies_typical_weekday
LTFRB_PUJ1870,PATEROS - MARKET MARKET,1.0,17.0,1020.0,1.0,gtfs_frequencies_typical_weekday
LTFRB_PUJ1871,PATEROS - MARKET MARKET,1.0,17.0,1020.0,1.0,gtfs_frequencies_typical_weekday
LTFRB_PUJ1872,PATEROS - AYALA,1.0,17.0,1020.0,1.0,gtfs_frequencies_typical_weekday
LTFRB_PUJ1873,PATEROS - AYALA,1.0,17.0,1020.0,1.0,gtfs_frequencies_typical_weekday
LTFRB_PUJ1874,NPC - NIA via CONGRESSIONAL MINDANAO AVE,1.0,17.0,1020.0,1.0,gtfs_frequencies_typical_weekday
LTFRB_PUJ1875,NPC - NIA via CONGRESSIONAL MINDANAO AVE,1.0,17.0,1020.0,1.0,gtfs_frequencies_typical_weekday
LTFRB_PUJ1876,NOVA-TALA,1.0,17.0,1020.0,2.0,gtfs_frequencies_typical_weekday
LTFRB_PUJ1877,NOVA-TALA,1.0,17.0,1020.0,2.0,gtfs_frequencies_typical_weekday
LTFRB_PUJ1878,NOVA-PANGARAP VILL,1.0,17.0,1020.0,1.0,gtfs_frequencies_typical_weekday
LTFRB_PUJ1879,NOVA-PANGARAP VILL,1.0,17.0,1020.0,1.0,gtfs_frequencies_typical_weekday
LTFRB_PUJ1880,NOVA-DEPARO,1.0,17.0,1020.0,1.0,gtfs_frequencies_typical_weekday
LTFRB_PUJ1881,NOVA-DEPARO,1.0,17.0,1020.0,1.0,gtfs_frequencies_typical_weekday
LTFRB_PUJ1882,NAVOTAS - RECTO via DAGAT_DAGATAN C3_C4,1.0,17.0,1020.0,1.0,gtfs_frequencies_typical_weekday
LTFRB_PUJ1883,NAVOTAS - RECTO via DAGAT_DAGATAN C3_C4,1.0,17.0,1020.0,1.0,gtfs_frequencies_typical_weekday
LTFRB_PUJ1884,NAVOTAS - DIVISORIA via H LOPEZ,1.0,17.0,1020.0,1.0,gtfs_frequencies_typical_weekday
LTFRB_PUJ1885,NAVOTAS - DIVISORIA via H LOPEZ,1.0,17.0,1020.0,1.0,gtfs_frequencies_typical_weekday
LTFRB_PUJ1886,MURPHY 15TH AVE - STOP N SHOP,1.0,17.0,1020.0,1.0,gtfs_frequencies_typical_weekday
LTFRB_PUJ1887,MURPHY 15TH AVE - STOP N SHOP,1.0,17.0,1020.0,1.0,gtfs_frequencies_typical_weekday
LTFRB_PUJ1888,MURPHY - QMART,1.0,17.0,1020.0,1.0,gtfs_frequencies_typical_weekday
LTFRB_PUJ1889,MURPHY - QMART,1.0,17.0,1020.0,1.0,gtfs_frequencies_typical_weekday
LTFRB_PUJ1890,MONUMENTO - STA MARIA via EXPRESSWAY,1.0,17.0,1020.0,1.0,gtfs_frequencies_typical_weekday
LTFRB_PUJ1891,MONUMENTO - STA MARIA via EXPRESSWAY,1.0,17.0,1020.0,1.0,gtfs_frequencies_typical_weekday
LTFRB_PUJ1892,MONUMENTO - MEYCAUAYAN via EXPRESSWAY,1.0,17.0,1020.0,1.0,gtfs_frequencies_typical_weekday
LTFRB_PUJ1893,MONUMENTO - MEYCAUAYAN via EXPRESSWAY,1.0,17.0,1020.0,3.0,gtfs_frequencies_typical_weekday
LTFRB_PUJ1894,MONTALBAN - MARCOS AVE via LITEX,1.0,17.0,1020.0,1.0,gtfs_frequencies_typical_weekday
LTFRB_PUJ1895,MONTALBAN - MARCOS AVE via LITEX,1.0,17.0,1020.0,1.0,gtfs_frequencies_typical_weekday
LTFRB_PUJ1896,MCU - PASAY RTDA,1.0,17.0,1020.0,1.0,gtfs_frequencies_typical_weekday
LTFRB_PUJ1897,MCU - PASAY RTDA,1.0,17.0,1020.0,1.0,gtfs_frequencies_typical_weekday
LTFRB_PUJ1898,MARKET MARKET - NASCOR,1.0,17.0,1020.0,1.0,gtfs_frequencies_typical_weekday
LTFRB_PUJ1899,MARKET MARKET - NASCOR,1.0,17.0,1020.0,1.0,gtfs_frequencies_typical_weekday
LTFRB_PUJ1900,MARKET MARKET - GUADALUPE,1.0,17.0,1020.0,1.0,gtfs_frequencies_typical_weekday
LTFRB_PUJ1901,MARKET MARKET - GUADALUPE,1.0,17.0,1020.0,1.0,gtfs_frequencies_typical_weekday
LTFRB_PUJ1902,MARIKINA - PATEROS SAN JOAQUIN via PASIG,1.0,17.0,1020.0,1.0,gtfs_frequencies_typical_weekday
LTFRB_PUJ1903,MARIKINA - PATEROS SAN JOAQUIN via PASIG,1.0,17.0,1020.0,1.0,gtfs_frequencies_typical_weekday
LTFRB_PUJ1904,MARIKINA - PARANG,1.0,17.0,1020.0,1.0,gtfs_frequencies_typical_weekday
LTFRB_PUJ1905,MARIKINA - PARANG,1.0,17.0,1020.0,1.0,gtfs_frequencies_typical_weekday
LTFRB_PUJ1906,MARIKINA - MONTALBAN,1.0,17.0,1020.0,1.0,gtfs_frequencies_typical_weekday
LTFRB_PUJ1907,MARIKINA - MONTALBAN,1.0,17.0,1020.0,1.0,gtfs_frequencies_typical_weekday
LTFRB_PUJ1908,MARIKINA - MAMBUGAN,1.0,17.0,1020.0,1.0,gtfs_frequencies_typical_weekday
LTFRB_PUJ1909,MARIKINA - MAMBUGAN,1.0,17.0,1020.0,1.0,gtfs_frequencies_typical_weekday
LTFRB_PUJ1910,MALINTA - STA MARIA,1.0,17.0,1020.0,1.0,gtfs_frequencies_typical_weekday
LTFRB_PUJ1911,MALINTA - STA MARIA,1.0,17.0,1020.0,1.0,gtfs_frequencies_typical_weekday
LTFRB_PUJ1912,MALINTA - MALOLOS,1.0,17.0,1020.0,1.0,gtfs_frequencies_typical_weekday
LTFRB_PUJ1913,MALINTA - MALOLOS,1.0,17.0,1020.0,1.0,gtfs_frequencies_typical_weekday
LTFRB_PUJ1914,MALINTA - KAYBIGA,1.0,17.0,1020.0,1.0,gtfs_frequencies_typical_weekday
LTFRB_PUJ1915,MALINTA - KAYBIGA,1.0,17.0,1020.0,1.0,gtfs_frequencies_typical_weekday
LTFRB_PUJ1916,MALABON - PANGHULO,1.0,17.0,1020.0,1.0,gtfs_frequencies_typical_weekday
LTFRB_PUJ1917,MALABON - PANGHULO,1.0,17.0,1020.0,1.0,gtfs_frequencies_typical_weekday
LTFRB_PUJ1918,MAKATI P BURGOS - L GUINTO,1.0,17.0,1020.0,1.0,gtfs_frequencies_typical_weekday
LTFRB_PUJ1919,MAKATI P BURGOS - L GUINTO,1.0,17.0,1020.0,1.0,gtfs_frequencies_typical_weekday
LTFRB_PUJ1920,LRT TAFT - SM MOA,1.0,17.0,1020.0,1.0,gtfs_frequencies_typical_weekday
LTFRB_PUJ1922,LAGRO - NOVALICHES via QUIRINO HIGHWAY,1.0,17.0,1020.0,1.0,gtfs_frequencies_typical_weekday
LTFRB_PUJ1923,LAGRO - NOVALICHES via QUIRINO HIGHWAY,1.0,17.0,1020.0,2.0,gtfs_frequencies_typical_weekday
LTFRB_PUJ1924,L GUINTO - STA ANA,1.0,17.0,1020.0,1.0,gtfs_frequencies_typical_weekday
LTFRB_PUJ1925,L GUINTO - STA ANA,1.0,17.0,1020.0,1.0,gtfs_frequencies_typical_weekday
LTFRB_PUJ1926,L GUINTO - PANDACAN,1.0,17.0,1020.0,1.0,gtfs_frequencies_typical_weekday
LTFRB_PUJ1928,KALENTONG JRC - P. VICTORINO via P CRUZ,1.0,17.0,1020.0,1.0,gtfs_frequencies_typical_weekday
LTFRB_PUJ1929,KALENTONG JRC - P. VICTORINO via P CRUZ,1.0,17.0,1020.0,1.0,gtfs_frequencies_typical_weekday
LTFRB_PUJ1930,IBP ROAD - LUPANG PANGAKO via LITEX ROAD,1.0,17.0,1020.0,1.0,gtfs_frequencies_typical_weekday
LTFRB_PUJ1931,IBP ROAD - LUPANG PANGAKO via LITEX ROAD,1.0,17.0,1020.0,1.0,gtfs_frequencies_typical_weekday
LTFRB_PUJ1932,IBP ROAD - LUPANG PANGAKO GRAVEL FIT ROAD,1.0,17.0,1020.0,1.0,gtfs_frequencies_typical_weekday
LTFRB_PUJ1933,IBP ROAD - LUPANG PANGAKO GRAVEL FIT ROAD,1.0,17.0,1020.0,1.0,gtfs_frequencies_typical_weekday
LTFRB_PUJ1934,HULO (MALABON) - DAANG BANGKO NAVOTAS,1.0,17.0,1020.0,1.0,gtfs_frequencies_typical_weekday
LTFRB_PUJ1935,HULO (MALABON) - DAANG BANGKO NAVOTAS,1.0,17.0,1020.0,1.0,gtfs_frequencies_typical_weekday
LTFRB_PUJ1936,FAIRVIEW WET MARKET - PIER SOUTH via QUEZON AVE,1.0,17.0,1020.0,1.0,gtfs_frequencies_typical_weekday
LTFRB_PUJ1937,FAIRVIEW WET MARKET - PIER SOUTH via QUEZON AVE,1.0,17.0,1020.0,4.0,gtfs_frequencies_typical_weekday
LTFRB_PUJ1940,FAIRVIEW - QUIAPO,1.0,17.0,1020.0,1.0,gtfs_frequencies_typical_weekday
LTFRB_PUJ1941,FAIRVIEW - QUIAPO,1.0,17.0,1020.0,1.0,gtfs_frequencies_typical_weekday
LTFRB_PUJ1942,FAIRVIEW - PHILCOA,1.0,17.0,1020.0,1.0,gtfs_frequencies_typical_weekday
LTFRB_PUJ1943,FAIRVIEW - PHILCOA,1.0,17.0,1020.0,1.0,gtfs_frequencies_typical_weekday
LTFRB_PUJ1944,FAIRVIEW (WET MARKET) - TM KALAW via Q AVE,1.0,17.0,1020.0,1.0,gtfs_frequencies_typical_weekday
LTFRB_PUJ1947,EDSA NORTH AVE - QUIRINO HIGHWAY via MINDANAO AVE,1.0,17.0,1020.0,1.0,gtfs_frequencies_typical_weekday
LTFRB_PUJ1948,EDSA NORTH AVE - QC HALL,1.0,17.0,1020.0,2.0,gtfs_frequencies_typical_weekday
LTFRB_PUJ1949,EDSA NORTH AVE - QC HALL,1.0,17.0,1020.0,2.0,gtfs_frequencies_typical_weekday
LTFRB_PUJ1950,EDSA NORTH AVE - PROJ 6,1.0,17.0,1020.0,1.0,gtfs_frequencies_typical_weekday
LTFRB_PUJ1951,EDSA NORTH AVE - PROJ 6,1.0,17.0,1020.0,1.0,gtfs_frequencies_typical_weekday
LTFRB_PUJ1952,EDSA NORTH AVE - PAGASA,1.0,17.0,1020.0,1.0,gtfs_frequencies_typical_weekday
LTFRB_PUJ1953,EDSA NORTH AVE - PAGASA,1.0,17.0,1020.0,1.0,gtfs_frequencies_typical_weekday
LTFRB_PUJ1954,EDSA CENTRAL - GUADALUPE via PIONEER,1.0,17.0,1020.0,1.0,gtfs_frequencies_typical_weekday
LTFRB_PUJ1955,EDSA CENTRAL - GUADALUPE via PIONEER,1.0,17.0,1020.0,1.0,gtfs_frequencies_typical_weekday
LTFRB_PUJ1956,EDSA CENTR - SAN JOAQUIN,1.0,17.0,1020.0,1.0,gtfs_frequencies_typical_weekday
LTFRB_PUJ1957,EDSA CENTR - SAN JOAQUIN,1.0,17.0,1020.0,1.0,gtfs_frequencies_typical_weekday
LTFRB_PUJ1958,DIVISORIA - STA MESA via CM RECTO,1.0,17.0,1020.0,1.0,gtfs_frequencies_typical_weekday
LTFRB_PUJ1959,DIVISORIA - STA MESA via CM RECTO,1.0,17.0,1020.0,1.0,gtfs_frequencies_typical_weekday
LTFRB_PUJ1960,DIVISORIA - STA CRUZ via NICHOLAS,1.0,17.0,1020.0,1.0,gtfs_frequencies_typical_weekday
LTFRB_PUJ1961,DIVISORIA - STA CRUZ via NICHOLAS,1.0,17.0,1020.0,1.0,gtfs_frequencies_typical_weekday
LTFRB_PUJ1962,DIVISORIA - STA CRUZ,1.0,17.0,1020.0,2.0,gtfs_frequencies_typical_weekday
LTFRB_PUJ1963,DIVISORIA - STA CRUZ,1.0,17.0,1020.0,1.0,gtfs_frequencies_typical_weekday
LTFRB_PUJ1964,DIVISORIA - SANGANDAAN,1.0,17.0,1020.0,1.0,gtfs_frequencies_typical_weekday
LTFRB_PUJ1965,DIVISORIA - SANGANDAAN,1.0,17.0,1020.0,1.0,gtfs_frequencies_typical_weekday
LTFRB_PUJ1966,DIVISORIA - SAN JUAN via CM RECTO,1.0,17.0,1020.0,1.0,gtfs_frequencies_typical_weekday
LTFRB_PUJ1967,DIVISORIA - SAN JUAN via CM RECTO,1.0,17.0,1020.0,1.0,gtfs_frequencies_typical_weekday
LTFRB_PUJ1968,DIVISORIA - QUIAPO via EVANGELISTA,1.0,17.0,1020.0,1.0,gtfs_frequencies_typical_weekday
LTFRB_PUJ1969,DIVISORIA - QUIAPO via EVANGELISTA,1.0,17.0,1020.0,1.0,gtfs_frequencies_typical_weekday
LTFRB_PUJ1970,DIVISORIA - NORTH PIER via MORIONES,1.0,17.0,1020.0,1.0,gtfs_frequencies_typical_weekday
LTFRB_PUJ1971,DIVISORIA - NORTH PIER via MORIONES,1.0,17.0,1020.0,1.0,gtfs_frequencies_typical_weekday
LTFRB_PUJ1972,DIVISORIA - KALAW via JONES BR,1.0,17.0,1020.0,1.0,gtfs_frequencies_typical_weekday
LTFRB_PUJ1973,DIVISORIA - KALAW via JONES BR,1.0,17.0,1020.0,1.0,gtfs_frequencies_typical_weekday
LTFRB_PUJ1974,DIVISORIA - CUBAO via YALE,1.0,17.0,1020.0,1.0,gtfs_frequencies_typical_weekday
LTFRB_PUJ1975,DIVISORIA - CUBAO via YALE,1.0,17.0,1020.0,1.0,gtfs_frequencies_typical_weekday
LTFRB_PUJ1978,DAPITAN - PIER SOUTH,1.0,17.0,1020.0,2.0,gtfs_frequencies_typical_weekday
LTFRB_PUJ1979,DAPITAN - PIER SOUTH,1.0,17.0,1020.0,1.0,gtfs_frequencies_typical_weekday
LTFRB_PUJ1980,DAPITAN - P CAMPA ANDALUCIA,1.0,17.0,1020.0,2.0,gtfs_frequencies_typical_weekday
LTFRB_PUJ1981,DAPITAN - P CAMPA ANDALUCIA,1.0,17.0,1020.0,2.0,gtfs_frequencies_typical_weekday
LTFRB_PUJ1982,CUBAO KALAYAAN - SM LAGRO,1.0,17.0,1020.0,1.0,gtfs_frequencies_typical_weekday
LTFRB_PUJ1983,CUBAO KALAYAAN - SM LAGRO,1.0,17.0,1020.0,1.0,gtfs_frequencies_typical_weekday
LTFRB_PUJ1984,CUBAO KALAYAAN - FAIRVIEW,1.0,17.0,1020.0,1.0,gtfs_frequencies_typical_weekday
LTFRB_PUJ1985,CUBAO KALAYAAN - FAIRVIEW,1.0,17.0,1020.0,1.0,gtfs_frequencies_typical_weekday
LTFRB_PUJ1986,CUBAO - WELCOME ROTONDA,1.0,17.0,1020.0,1.0,gtfs_frequencies_typical_weekday
LTFRB_PUJ1987,CUBAO - WELCOME ROTONDA,1.0,17.0,1020.0,1.0,gtfs_frequencies_typical_weekday
LTFRB_PUJ1988,CUBAO - V CRUZ,1.0,17.0,1020.0,1.0,gtfs_frequencies_typical_weekday
LTFRB_PUJ1989,CUBAO - V CRUZ,1.0,17.0,1020.0,1.0,gtfs_frequencies_typical_weekday
LTFRB_PUJ1990,CUBAO - SSS VILLAGE,1.0,17.0,1020.0,1.0,gtfs_frequencies_typical_weekday
LTFRB_PUJ1991,CUBAO - SSS VILLAGE,1.0,17.0,1020.0,1.0,gtfs_frequencies_typical_weekday
LTFRB_PUJ1992,CUBAO - SILANGANAN,1.0,17.0,1020.0,1.0,gtfs_frequencies_typical_weekday
LTFRB_PUJ1993,CUBAO - SILANGANAN,1.0,17.0,1020.0,1.0,gtfs_frequencies_typical_weekday
LTFRB_PUJ1994,CUBAO - REMEDIOS,1.0,17.0,1020.0,1.0,gtfs_frequencies_typical_weekday
LTFRB_PUJ1995,CUBAO - REMEDIOS,1.0,17.0,1020.0,1.0,gtfs_frequencies_typical_weekday
LTFRB_PUJ1996,CUBAO - QUIAPO,1.0,17.0,1020.0,1.0,gtfs_frequencies_typical_weekday
LTFRB_PUJ1999,CUBAO - PARANG,1.0,17.0,1020.0,1.0,gtfs_frequencies_typical_weekday
LTFRB_PUJ2000,CUBAO - PADILLA,1.0,17.0,1020.0,1.0,gtfs_frequencies_typical_weekday
LTFRB_PUJ2001,CUBAO - PADILLA,1.0,17.0,1020.0,1.0,gtfs_frequencies_typical_weekday
LTFRB_PUJ2002,CUBAO - MONTALBAN,1.0,17.0,1020.0,1.0,gtfs_frequencies_typical_weekday
LTFRB_PUJ2003,CUBAO - MONTALBAN,1.0,17.0,1020.0,1.0,gtfs_frequencies_typical_weekday
LTFRB_PUJ2004,CUBAO - KALUMPANG,1.0,17.0,1020.0,2.0,gtfs_frequencies_typical_weekday
LTFRB_PUJ2005,CUBAO - KALUMPANG,1.0,17.0,1020.0,2.0,gtfs_frequencies_typical_weekday
LTFRB_PUJ2006,CUBAO - CALUMPANG via H ROXAS,1.0,17.0,1020.0,2.0,gtfs_frequencies_typical_weekday
LTFRB_PUJ2008,CRAME - SAN JUAN via PINAGLABANAN,1.0,17.0,1020.0,2.0,gtfs_frequencies_typical_weekday
LTFRB_PUJ2009,CRAME - SAN JUAN via PINAGLABANAN,1.0,17.0,1020.0,1.0,gtfs_frequencies_typical_weekday
LTFRB_PUJ2010,COMMONWEALTH MARKET - PABAHAY NI ERAP,1.0,17.0,1020.0,1.0,gtfs_frequencies_typical_weekday
LTFRB_PUJ2011,COMMONWEALTH MARKET - PABAHAY NI ERAP,1.0,17.0,1020.0,1.0,gtfs_frequencies_typical_weekday
LTFRB_PUJ2012,CAMARIN - SM FAIRVIEW MALIGAYA,1.0,17.0,1020.0,1.0,gtfs_frequencies_typical_weekday
LTFRB_PUJ2013,CAMARIN - SM FAIRVIEW MALIGAYA,1.0,17.0,1020.0,1.0,gtfs_frequencies_typical_weekday
LTFRB_PUJ2014,CAMARIN - QMC PHILCOA,1.0,17.0,1020.0,1.0,gtfs_frequencies_typical_weekday
LTFRB_PUJ2015,CAMARIN - QMC PHILCOA,1.0,17.0,1020.0,1.0,gtfs_frequencies_typical_weekday
LTFRB_PUJ2016,CAMARIN - NOVALICHES BAYAN,1.0,17.0,1020.0,1.0,gtfs_frequencies_typical_weekday
LTFRB_PUJ2017,CAMARIN - NOVALICHES BAYAN,1.0,17.0,1020.0,1.0,gtfs_frequencies_typical_weekday
LTFRB_PUJ2018,CALUMPANG - KATIPUNAN,1.0,17.0,1020.0,1.0,gtfs_frequencies_typical_weekday
LTFRB_PUJ2019,CALUMPANG - KATIPUNAN,1.0,17.0,1020.0,1.0,gtfs_frequencies_typical_weekday
LTFRB_PUJ2020,CAINTA - CUBAO,1.0,17.0,1020.0,1.0,gtfs_frequencies_typical_weekday
LTFRB_PUJ2021,CAINTA - CUBAO,1.0,17.0,1020.0,1.0,gtfs_frequencies_typical_weekday
LTFRB_PUJ2022,CAINTA - ANGONO via BINANGONAN,1.0,17.0,1020.0,1.0,gtfs_frequencies_typical_weekday
LTFRB_PUJ2023,CAINTA - ANGONO via BINANGONAN,1.0,17.0,1020.0,1.0,gtfs_frequencies_typical_weekday
LTFRB_PUJ2024,CAINTA - ANGONO (ONE WAY ONLY),1.0,17.0,1020.0,1.0,gtfs_frequencies_typical_weekday
LTFRB_PUJ2025,BUENDIA LRT TAFT - MALL OF ASIA,1.0,17.0,1020.0,1.0,gtfs_frequencies_typical_weekday
LTFRB_PUJ2026,BUENDIA LRT TAFT - MALL OF ASIA,1.0,17.0,1020.0,1.0,gtfs_frequencies_typical_weekday
LTFRB_PUJ2027,BUENDIA LRT TAFT - GUADALUPE,1.0,17.0,1020.0,1.0,gtfs_frequencies_typical_weekday
LTFRB_PUJ2028,BUENDIA LRT TAFT - GUADALUPE,1.0,17.0,1020.0,1.0,gtfs_frequencies_typical_weekday
LTFRB_PUJ2029,BUENDIA LRT - SM MOA,1.0,17.0,1020.0,1.0,gtfs_frequencies_typical_weekday
LTFRB_PUJ2030,BUENDIA LRT - SM MOA,1.0,17.0,1020.0,1.0,gtfs_frequencies_typical_weekday
LTFRB_PUJ2031,BUENDIA KALAYAAN - F BONIFACIO,1.0,17.0,1020.0,1.0,gtfs_frequencies_typical_weekday
LTFRB_PUJ2032,BUENDIA KALAYAAN - F BONIFACIO,1.0,17.0,1020.0,1.0,gtfs_frequencies_typical_weekday
LTFRB_PUJ2033,BONI - STOP N SHOP,1.0,17.0,1020.0,1.0,gtfs_frequencies_typical_weekday
LTFRB_PUJ2034,BONI - STOP N SHOP,1.0,17.0,1020.0,1.0,gtfs_frequencies_typical_weekday
LTFRB_PUJ2035,BONI - KALENTONG,1.0,17.0,1020.0,1.0,gtfs_frequencies_typical_weekday
LTFRB_PUJ2036,BONI - KALENTONG,1.0,17.0,1020.0,1.0,gtfs_frequencies_typical_weekday
LTFRB_PUJ2037,BLUMENTRITT - REMEDIOS via QUIAPO,1.0,17.0,1020.0,1.0,gtfs_frequencies_typical_weekday
LTFRB_PUJ2038,BLUMENTRITT - REMEDIOS via QUIAPO,1.0,17.0,1020.0,1.0,gtfs_frequencies_typical_weekday
LTFRB_PUJ2039,BLUMENTRITT - QUIAPO,1.0,17.0,1020.0,1.0,gtfs_frequencies_typical_weekday
LTFRB_PUJ2040,BLUMENTRITT - QUIAPO,1.0,17.0,1020.0,1.0,gtfs_frequencies_typical_weekday
LTFRB_PUJ2041,BLUMENTRITT - PUC,1.0,17.0,1020.0,1.0,gtfs_frequencies_typical_weekday
LTFRB_PUJ2042,BLUMENTRITT - PUC,1.0,17.0,1020.0,1.0,gtfs_frequencies_typical_weekday
LTFRB_PUJ2043,BLUMENTRITT - PIER SOUTH via STA CRUZ,1.0,17.0,1020.0,1.0,gtfs_frequencies_typical_weekday
LTFRB_PUJ2044,BLUMENTRITT - PIER SOUTH via STA CRUZ,1.0,17.0,1020.0,1.0,gtfs_frequencies_typical_weekday
LTFRB_PUJ2045,BLUMENTRITT - PASAY RTDA via STA CRUZ L GUINTO,1.0,17.0,1020.0,1.0,gtfs_frequencies_typical_weekday
LTFRB_PUJ2046,BLUMENTRITT - PASAY RTDA via STA CRUZ L GUINTO,1.0,17.0,1020.0,1.0,gtfs_frequencies_typical_weekday
LTFRB_PUJ2047,BLUMENTRITT - PASAY RTDA via QUIAPO,1.0,17.0,1020.0,1.0,gtfs_frequencies_typical_weekday
LTFRB_PUJ2048,BLUMENTRITT - PASAY RTDA via QUIAPO,1.0,17.0,1020.0,1.0,gtfs_frequencies_typical_weekday
LTFRB_PUJ2049,BLUMENTRITT - PASAY RTDA via MABINI,1.0,17.0,1020.0,1.0,gtfs_frequencies_typical_weekday
LTFRB_PUJ2050,BLUMENTRITT - PASAY RTDA via MABINI,1.0,17.0,1020.0,1.0,gtfs_frequencies_typical_weekday
LTFRB_PUJ2051,BLUMENTRITT - P CAMPA via DIMASALANG DELOS REYES,1.0,17.0,1020.0,1.0,gtfs_frequencies_typical_weekday
LTFRB_PUJ2052,BLUMENTRITT - P CAMPA via DIMASALANG DELOS REYES,1.0,17.0,1020.0,1.0,gtfs_frequencies_typical_weekday
LTFRB_PUJ2053,BLUMENTRITT - NOVALICHES,1.0,17.0,1020.0,1.0,gtfs_frequencies_typical_weekday
LTFRB_PUJ2054,BLUMENTRITT - NOVALICHES,1.0,17.0,1020.0,1.0,gtfs_frequencies_typical_weekday
LTFRB_PUJ2055,BLUMENTRITT - LIBERTAD via MABINI,1.0,17.0,1020.0,1.0,gtfs_frequencies_typical_weekday
LTFRB_PUJ2056,BLUMENTRITT - LIBERTAD via MABINI,1.0,17.0,1020.0,1.0,gtfs_frequencies_typical_weekday
LTFRB_PUJ2057,BLUMENTRIT - BALUT,1.0,17.0,1020.0,1.0,gtfs_frequencies_typical_weekday
LTFRB_PUJ2058,BLUMENTRIT - BALUT,1.0,17.0,1020.0,1.0,gtfs_frequencies_typical_weekday
LTFRB_PUJ2059,BERNARDINO - DELPAN,1.0,17.0,1020.0,1.0,gtfs_frequencies_typical_weekday
LTFRB_PUJ2060,BERNARDINO - DELPAN,1.0,17.0,1020.0,2.0,gtfs_frequencies_typical_weekday
LTFRB_PUJ2061,BEL AIR - WASHINGTON,1.0,17.0,1020.0,1.0,gtfs_frequencies_typical_weekday
LTFRB_PUJ2062,BEL AIR - WASHINGTON,1.0,17.0,1020.0,1.0,gtfs_frequencies_typical_weekday
LTFRB_PUJ2064,BALUT - DIVISORIA,1.0,17.0,1020.0,1.0,gtfs_frequencies_typical_weekday
LTFRB_PUJ2065,BAGONG SILANG KALIWA - ROBINSONS FAIRVIEW via ZABARTE,1.0,17.0,1020.0,1.0,gtfs_frequencies_typical_weekday
LTFRB_PUJ2066,BAGONG SILANG KALIWA - ROBINSONS FAIRVIEW via ZABARTE,1.0,17.0,1020.0,1.0,gtfs_frequencies_typical_weekday
LTFRB_PUJ2067,BAGONG SILANG - SM FAIRVIEW via MALIGAYA PARK,1.0,17.0,1020.0,1.0,gtfs_frequencies_typical_weekday
LTFRB_PUJ2068,BAGONG SILANG - SM FAIRVIEW via MALIGAYA PARK,1.0,17.0,1020.0,1.0,gtfs_frequencies_typical_weekday
LTFRB_PUJ2069,BAGONG SILANG - NOVALICHES,1.0,17.0,1020.0,1.0,gtfs_frequencies_typical_weekday
LTFRB_PUJ2070,BAGONG SILANG - NOVALICHES,1.0,17.0,1020.0,1.0,gtfs_frequencies_typical_weekday
LTFRB_PUJ2071,BACLARAN - ZAPOTE BACOOR,1.0,17.0,1020.0,1.0,gtfs_frequencies_typical_weekday
LTFRB_PUJ2072,BACLARAN - ZAPOTE BACOOR,1.0,17.0,1020.0,1.0,gtfs_frequencies_typical_weekday
LTFRB_PUJ2073,BACLARAN - SUCAT SSH via NINOY AQUINO AVE,1.0,17.0,1020.0,1.0,gtfs_frequencies_typical_weekday
LTFRB_PUJ2074,BACLARAN - SUCAT SSH via NINOY AQUINO AVE,1.0,17.0,1020.0,1.0,gtfs_frequencies_typical_weekday
LTFRB_PUJ2075,BACLARAN - QUIAPO,1.0,17.0,1020.0,1.0,gtfs_frequencies_typical_weekday
LTFRB_PUJ2076,BACLARAN - QUIAPO,1.0,17.0,1020.0,1.0,gtfs_frequencies_typical_weekday
LTFRB_PUJ2077,BACLARAN - MCU via MABINI,1.0,17.0,1020.0,1.0,gtfs_frequencies_typical_weekday
LTFRB_PUJ2078,BACLARAN - MCU via MABINI,1.0,17.0,1020.0,1.0,gtfs_frequencies_typical_weekday
LTFRB_PUJ2079,BACLARAN - HARRISON BUENDIA,1.0,17.0,1020.0,1.0,gtfs_frequencies_typical_weekday
LTFRB_PUJ2080,BACLARAN - HARRISON BUENDIA,1.0,17.0,1020.0,1.0,gtfs_frequencies_typical_weekday
LTFRB_PUJ2081,BACLARAN - DIVISORIA,1.0,17.0,1020.0,1.0,gtfs_frequencies_typical_weekday
LTFRB_PUJ2082,BACLARAN - DIVISORIA,1.0,17.0,1020.0,2.0,gtfs_frequencies_typical_weekday
LTFRB_PUJ2083,BACLARAN - DASMARINAS B BAYAN,1.0,17.0,1020.0,1.0,gtfs_frequencies_typical_weekday
LTFRB_PUJ2084,BACLARAN - DASMARINAS B BAYAN,1.0,17.0,1020.0,1.0,gtfs_frequencies_typical_weekday
LTFRB_PUJ2085,BACLARAN - DAPITAN via TAFT,1.0,17.0,1020.0,1.0,gtfs_frequencies_typical_weekday
LTFRB_PUJ2086,BACLARAN - DAPITAN via TAFT,1.0,17.0,1020.0,1.0,gtfs_frequencies_typical_weekday
LTFRB_PUJ2087,BACLARAN - ALABANG via SAN DIONISIO,1.0,17.0,1020.0,1.0,gtfs_frequencies_typical_weekday
LTFRB_PUJ2088,BACLARAN - ALABANG via SAN DIONISIO,1.0,17.0,1020.0,1.0,gtfs_frequencies_typical_weekday
LTFRB_PUJ2089,BACLARAN - ALABANG via N AQUINO AVE,1.0,17.0,1020.0,1.0,gtfs_frequencies_typical_weekday
LTFRB_PUJ2090,BACLARAN - ALABANG via N AQUINO AVE,1.0,17.0,1020.0,1.0,gtfs_frequencies_typical_weekday
LTFRB_PUJ2091,AYALA LANDMARK - PUREGOLD,1.0,17.0,1020.0,1.0,gtfs_frequencies_typical_weekday
LTFRB_PUJ2092,AYALA LANDMARK - PUREGOLD,1.0,17.0,1020.0,1.0,gtfs_frequencies_typical_weekday
LTFRB_PUJ2093,AYALA - ZAPOTE RD,1.0,17.0,1020.0,1.0,gtfs_frequencies_typical_weekday
LTFRB_PUJ2094,AYALA - ZAPOTE RD,1.0,17.0,1020.0,1.0,gtfs_frequencies_typical_weekday
LTFRB_PUJ2095,AURORA - LAWAN QMC,1.0,17.0,1020.0,1.0,gtfs_frequencies_typical_weekday
LTFRB_PUJ2096,AURORA - LAWAN QMC,1.0,17.0,1020.0,1.0,gtfs_frequencies_typical_weekday
LTFRB_PUJ2097,ARROCEROS - PROJ 8 via ESPANA,1.0,17.0,1020.0,1.0,gtfs_frequencies_typical_weekday
LTFRB_PUJ2098,ARROCEROS - PROJ 8 via ESPANA,1.0,17.0,1020.0,1.0,gtfs_frequencies_typical_weekday
LTFRB_PUJ2099,ARROCEROS - PROJ 2&3 via ESPANA E RODRIGUEZ,1.0,17.0,1020.0,1.0,gtfs_frequencies_typical_weekday
LTFRB_PUJ2100,ARROCEROS - PROJ 2&3 via ESPANA E RODRIGUEZ,1.0,17.0,1020.0,1.0,gtfs_frequencies_typical_weekday
LTFRB_PUJ2101,ARROCEROS - FAIRVIEW MARKET,1.0,17.0,1020.0,1.0,gtfs_frequencies_typical_weekday
LTFRB_PUJ2102,ARROCEROS - FAIRVIEW MARKET,1.0,17.0,1020.0,1.0,gtfs_frequencies_typical_weekday
LTFRB_PUJ2104,ARROCEROS - DAPITAN,1.0,17.0,1020.0,1.0,gtfs_frequencies_typical_weekday
LTFRB_PUJ2105,ARROCEROS - CUBAO YALE,1.0,17.0,1020.0,1.0,gtfs_frequencies_typical_weekday
LTFRB_PUJ2106,ARROCEROS - CUBAO YALE,1.0,17.0,1020.0,1.0,gtfs_frequencies_typical_weekday
LTFRB_PUJ2107,Arroceros - Blumentritt via Dimasalang,1.0,17.0,1020.0,2.0,gtfs_frequencies_typical_weekday
LTFRB_PUJ2108,Arroceros - Blumentritt via Dimasalang,1.0,17.0,1020.0,1.0,gtfs_frequencies_typical_weekday
LTFRB_PUJ2109,ANTIPOLO BAYAN - SM TAYTAY ANTIPOLO HILLS,1.0,17.0,1020.0,1.0,gtfs_frequencies_typical_weekday
LTFRB_PUJ2110,ANTIPOLO BAYAN - SM TAYTAY ANTIPOLO HILLS,1.0,17.0,1020.0,1.0,gtfs_frequencies_typical_weekday
LTFRB_PUJ2111,ANTIPOLO - JRU ROSARIO,1.0,17.0,1020.0,1.0,gtfs_frequencies_typical_weekday
LTFRB_PUJ2112,ANTIPOLO - JRU ROSARIO,1.0,17.0,1020.0,1.0,gtfs_frequencies_typical_weekday
LTFRB_PUJ2113,ANTIPOLO - CUBAO via IMELDA AVE,1.0,17.0,1020.0,1.0,gtfs_frequencies_typical_weekday
LTFRB_PUJ2114,ANTIPOLO - CUBAO via IMELDA AVE,1.0,17.0,1020.0,1.0,gtfs_frequencies_typical_weekday
LTFRB_PUJ2115,ANGONO - TROPICAL STA LUCIA,1.0,17.0,1020.0,1.0,gtfs_frequencies_typical_weekday
LTFRB_PUJ2116,ANGONO - TROPICAL STA LUCIA,1.0,17.0,1020.0,1.0,gtfs_frequencies_typical_weekday
LTFRB_PUJ2117,AMPARO - NOVALICHES,1.0,17.0,1020.0,1.0,gtfs_frequencies_typical_weekday
LTFRB_PUJ2118,AMPARO - NOVALICHES,1.0,17.0,1020.0,1.0,gtfs_frequencies_typical_weekday
LTFRB_PUJ2119,ALMAR ZABARTE - WELCOME RTDA via REGALADO QA,1.0,17.0,1020.0,1.0,gtfs_frequencies_typical_weekday
LTFRB_PUJ2120,ALMAR ZABARTE - WELCOME RTDA via REGALADO QA,1.0,17.0,1020.0,1.0,gtfs_frequencies_typical_weekday
LTFRB_PUJ2121,ALABANG - STA ROSA via EXPRESSWAY,1.0,17.0,1020.0,1.0,gtfs_frequencies_typical_weekday
LTFRB_PUJ2122,ALABANG - STA ROSA via EXPRESSWAY,1.0,17.0,1020.0,1.0,gtfs_frequencies_typical_weekday
LTFRB_PUJ2123,ALABANG - SIGNAL VILLAGE via SERVICE ROAD,1.0,17.0,1020.0,1.0,gtfs_frequencies_typical_weekday
LTFRB_PUJ2124,ALABANG - SIGNAL VILLAGE via SERVICE ROAD,1.0,17.0,1020.0,2.0,gtfs_frequencies_typical_weekday
LTFRB_PUJ2125,ALABANG - MUNTINLUPA,1.0,17.0,1020.0,2.0,gtfs_frequencies_typical_weekday
LTFRB_PUJ2126,ALABANG - MUNTINLUPA,1.0,17.0,1020.0,1.0,gtfs_frequencies_typical_weekday
LTFRB_PUJ2127,ALABANG - LAS PINAS,1.0,17.0,1020.0,2.0,gtfs_frequencies_typical_weekday
LTFRB_PUJ2129,ALABANG - LANGGAM SAN PEDRO,1.0,17.0,1020.0,1.0,gtfs_frequencies_typical_weekday
LTFRB_PUJ2130,ALABANG - LANGGAM SAN PEDRO,1.0,17.0,1020.0,1.0,gtfs_frequencies_typical_weekday
LTFRB_PUJ2131,ALABANG - KATARUNGAN VILLAGE via MUNTINLUPA NBP,1.0,17.0,1020.0,2.0,gtfs_frequencies_typical_weekday
LTFRB_PUJ2132,ALABANG - KATARUNGAN VILLAGE via MUNTINLUPA NBP,1.0,17.0,1020.0,1.0,gtfs_frequencies_typical_weekday
LTFRB_PUJ2133,ALABANG - CALAMBA via EXPRESSWAY,1.0,17.0,1020.0,1.0,gtfs_frequencies_typical_weekday
LTFRB_PUJ2134,ALABANG - CALAMBA via EXPRESSWAY,1.0,17.0,1020.0,1.0,gtfs_frequencies_typical_weekday
LTFRB_PUJ2135,ALABANG - BALIBAGO,1.0,17.0,1020.0,1.0,gtfs_frequencies_typical_weekday
LTFRB_PUJ2137,A RIVERA - STA CRUZ,1.0,17.0,1020.0,1.0,gtfs_frequencies_typical_weekday
LTFRB_PUJ2138,A RIVERA - STA CRUZ,1.0,17.0,1020.0,1.0,gtfs_frequencies_typical_weekday
LTFRB_PUJ2140,TAYTAY-PASIG PALENGKE,1.0,17.0,1020.0,1.0,gtfs_frequencies_typical_weekday
LTFRB_PUJ2141,PROJ 2&3-VITO CRUZ MABINI,1.0,17.0,1020.0,1.0,gtfs_frequencies_typical_weekday
LTFRB_PUJ2142,PROJ 2&3-VITO CRUZ MABINI,1.0,17.0,1020.0,1.0,gtfs_frequencies_typical_weekday
LTFRB_PUJ2145,NOVA-PANGARAP VILL,1.0,17.0,1020.0,1.0,gtfs_frequencies_typical_weekday
LTFRB_PUJ2146,NOVA-PANGARAP VILL,1.0,17.0,1020.0,1.0,gtfs_frequencies_typical_weekday
LTFRB_PUJ2147,MURPHY - CUBAO,1.0,17.0,1020.0,1.0,gtfs_frequencies_typical_weekday
LTFRB_PUJ2148,MURPHY - CUBAO,1.0,17.0,1020.0,1.0,gtfs_frequencies_typical_weekday
LTFRB_PUJ2149,MONUMENTO - MEYCAUAYAN via EXPRESSWAY,1.0,17.0,1020.0,2.0,gtfs_frequencies_typical_weekday
LTFRB_PUJ2150,MONUMENTO - MEYCAUAYAN via EXPRESSWAY,1.0,17.0,1020.0,1.0,gtfs_frequencies_typical_weekday
LTFRB_PUJ2151,MARIKINA - ANTIPOLO via MARCOS HIGHWAY,1.0,17.0,1020.0,1.0,gtfs_frequencies_typical_weekday
LTFRB_PUJ2152,MARIKINA - ANTIPOLO via MARCOS HIGHWAY,1.0,17.0,1020.0,1.0,gtfs_frequencies_typical_weekday
LTFRB_PUJ2153,MALABON - MONUMENTO via ACACIA,1.0,17.0,1020.0,1.0,gtfs_frequencies_typical_weekday
LTFRB_PUJ2154,MALABON - MONUMENTO via ACACIA,1.0,17.0,1020.0,1.0,gtfs_frequencies_typical_weekday
LTFRB_PUJ2155,L GUINTO - MAKATI via SAN ANDRES,1.0,17.0,1020.0,1.0,gtfs_frequencies_typical_weekday
LTFRB_PUJ2156,L GUINTO - MAKATI via SAN ANDRES,1.0,17.0,1020.0,1.0,gtfs_frequencies_typical_weekday
LTFRB_PUJ2157,GUADALUPE IBABAW - AYALA,1.0,17.0,1020.0,1.0,gtfs_frequencies_typical_weekday
LTFRB_PUJ2158,GUADALUPE IBABAW - AYALA,1.0,17.0,1020.0,1.0,gtfs_frequencies_typical_weekday
LTFRB_PUJ2159,Angono-Rosario via Manggahan Floodway,1.0,17.0,1020.0,1.0,gtfs_frequencies_typical_weekday
LTFRB_PUJ2160,Angono-Rosario via Manggahan Floodway,1.0,17.0,1020.0,1.0,gtfs_frequencies_typical_weekday
LTFRB_PUJ2161,Rivera Raon via Severino Reyes,1.0,17.0,1020.0,1.0,gtfs_frequencies_typical_weekday
LTFRB_PUJ2163,Baclaran Dapitan via L Guinto,1.0,17.0,1020.0,1.0,gtfs_frequencies_typical_weekday
LTFRB_PUJ2164,Baclaran Dapitan via L Guinto,1.0,17.0,1020.0,1.0,gtfs_frequencies_typical_weekday
LTFRB_PUJ2165,Baclaran Escolta via Jones,1.0,17.0,1020.0,1.0,gtfs_frequencies_typical_weekday
LTFRB_PUJ2166,Baclaran Escolta via Jones,1.0,17.0,1020.0,1.0,gtfs_frequencies_typical_weekday
LTFRB_PUJ2167,Baclaran Zapote via Redemptorist,1.0,17.0,1020.0,1.0,gtfs_frequencies_typical_weekday
LTFRB_PUJ2168,Baclaran Zapote via Redemptorist,1.0,17.0,1020.0,1.0,gtfs_frequencies_typical_weekday
LTFRB_PUJ2169,Balintawak Blumentritt via Bonifacio,1.0,17.0,1020.0,1.0,gtfs_frequencies_typical_weekday
LTFRB_PUJ2170,Balintawak Blumentritt via Bonifacio,1.0,17.0,1020.0,1.0,gtfs_frequencies_typical_weekday
LTFRB_PUJ2171,Balintawak De la Costa,1.0,17.0,1020.0,1.0,gtfs_frequencies_typical_weekday
LTFRB_PUJ2172,Balintawak De la Costa,1.0,17.0,1020.0,1.0,gtfs_frequencies_typical_weekday
LTFRB_PUJ2173,Balintawak Monumento via Balong Bato,1.0,17.0,1020.0,1.0,gtfs_frequencies_typical_weekday
LTFRB_PUJ2174,Balintawak Monumento via Balong Bato,1.0,17.0,1020.0,1.0,gtfs_frequencies_typical_weekday
LTFRB_PUJ2175,Balintawak Sta Quiteria,1.0,17.0,1020.0,1.0,gtfs_frequencies_typical_weekday
LTFRB_PUJ2176,Balintawak Sta Quiteria,1.0,17.0,1020.0,1.0,gtfs_frequencies_typical_weekday
LTFRB_PUJ2177,Blumentrit Mabini via Quiapo,1.0,17.0,1020.0,1.0,gtfs_frequencies_typical_weekday
LTFRB_PUJ2178,Blumentrit Mabini via Quiapo,1.0,17.0,1020.0,1.0,gtfs_frequencies_typical_weekday
LTFRB_PUJ2179,Blumentrit Rtda v Sta Cruz,1.0,17.0,1020.0,1.0,gtfs_frequencies_typical_weekday
LTFRB_PUJ2180,Blumentrit Rtda v Sta Cruz,1.0,17.0,1020.0,1.0,gtfs_frequencies_typical_weekday
LTFRB_PUJ2181,Blumentrit Vito Cruz via L Guinto Sta C,1.0,17.0,1020.0,1.0,gtfs_frequencies_typical_weekday
LTFRB_PUJ2182,Blumentrit Vito Cruz via L Guinto Sta C,1.0,17.0,1020.0,1.0,gtfs_frequencies_typical_weekday
LTFRB_PUJ2183,Blumentrit Vito Cruz via Quiapo Mabini,1.0,17.0,1020.0,1.0,gtfs_frequencies_typical_weekday
LTFRB_PUJ2184,Blumentrit Vito Cruz via Quiapo Mabini,1.0,17.0,1020.0,1.0,gtfs_frequencies_typical_weekday
LTFRB_PUJ2185,Blumentritt Recto via F Huertas Oroquit,1.0,17.0,1020.0,1.0,gtfs_frequencies_typical_weekday
LTFRB_PUJ2186,Blumentritt Recto via F Huertas Oroquit,1.0,17.0,1020.0,1.0,gtfs_frequencies_typical_weekday
LTFRB_PUJ2187,Blumentritt Vito Cruz L Guinto,1.0,17.0,1020.0,1.0,gtfs_frequencies_typical_weekday
LTFRB_PUJ2188,Blumentritt Vito Cruz L Guinto,1.0,17.0,1020.0,1.0,gtfs_frequencies_typical_weekday
LTFRB_PUJ2189,COMMONWEALTH MARKET STA LUCIA Q PLAZA,1.0,17.0,1020.0,1.0,gtfs_frequencies_typical_weekday
LTFRB_PUJ2190,COMMONWEALTH MARKET STA LUCIA Q PLAZA,1.0,17.0,1020.0,1.0,gtfs_frequencies_typical_weekday
LTFRB_PUJ2192,Crame San Juan via N Domingo,1.0,17.0,1020.0,1.0,gtfs_frequencies_typical_weekday
LTFRB_PUJ2193,CUBAO (MERCURY) ROCES SUPER PALENGKE,1.0,17.0,1020.0,1.0,gtfs_frequencies_typical_weekday
LTFRB_PUJ2194,CUBAO (MERCURY) ROCES SUPER PALENGKE,1.0,17.0,1020.0,1.0,gtfs_frequencies_typical_weekday
LTFRB_PUJ2195,Cubao Crame via Murphy,1.0,17.0,1020.0,1.0,gtfs_frequencies_typical_weekday
LTFRB_PUJ2196,Cubao Crame via Murphy,1.0,17.0,1020.0,1.0,gtfs_frequencies_typical_weekday
LTFRB_PUJ2197,CUBAO DIVISORIA,1.0,17.0,1020.0,1.0,gtfs_frequencies_typical_weekday
LTFRB_PUJ2198,CUBAO DIVISORIA,1.0,17.0,1020.0,1.0,gtfs_frequencies_typical_weekday
LTFRB_PUJ2199,CUBAO PADILLA via MARCOS HIWAY,1.0,17.0,1020.0,1.0,gtfs_frequencies_typical_weekday
LTFRB_PUJ2200,CUBAO PADILLA via MARCOS HIWAY,1.0,17.0,1020.0,1.0,gtfs_frequencies_typical_weekday
LTFRB_PUJ2201,CUBAO SILANGAN (SAN MATEO) via AURORA,1.0,17.0,1020.0,1.0,gtfs_frequencies_typical_weekday
LTFRB_PUJ2202,CUBAO SILANGAN (SAN MATEO) via AURORA,1.0,17.0,1020.0,1.0,gtfs_frequencies_typical_weekday
LTFRB_PUJ2203,CUBAO TAYTAY,1.0,17.0,1020.0,1.0,gtfs_frequencies_typical_weekday
LTFRB_PUJ2204,CUBAO TAYTAY,1.0,17.0,1020.0,1.0,gtfs_frequencies_typical_weekday
LTFRB_PUJ2205,EDSA Shaw Angono,1.0,17.0,1020.0,1.0,gtfs_frequencies_typical_weekday
LTFRB_PUJ2206,EDSA Shaw Angono,1.0,17.0,1020.0,1.0,gtfs_frequencies_typical_weekday
LTFRB_PUJ2207,EDSA Shaw E Rodriguez Ortigas Ave,1.0,17.0,1020.0,1.0,gtfs_frequencies_typical_weekday
LTFRB_PUJ2208,EDSA Shaw E Rodriguez Ortigas Ave,1.0,17.0,1020.0,1.0,gtfs_frequencies_typical_weekday
LTFRB_PUJ2209,EDSA SHAW Guadalupe via S MAdre,1.0,17.0,1020.0,1.0,gtfs_frequencies_typical_weekday
LTFRB_PUJ2210,EDSA SHAW Guadalupe via S MAdre,1.0,17.0,1020.0,1.0,gtfs_frequencies_typical_weekday
LTFRB_PUJ2211,EDSA Shaw Quiapo via Sta Mesa,1.0,17.0,1020.0,1.0,gtfs_frequencies_typical_weekday
LTFRB_PUJ2212,EDSA Shaw Quiapo via Sta Mesa,1.0,17.0,1020.0,1.0,gtfs_frequencies_typical_weekday
LTFRB_PUJ2213,EDSA Shaw Central San Joaquin,1.0,17.0,1020.0,1.0,gtfs_frequencies_typical_weekday
LTFRB_PUJ2214,EDSA Shaw Central San Joaquin,1.0,17.0,1020.0,1.0,gtfs_frequencies_typical_weekday
LTFRB_PUJ2215,Guadalupe Cartimar GilPuyat Buendia,1.0,17.0,1020.0,1.0,gtfs_frequencies_typical_weekday
LTFRB_PUJ2217,Guadalupe FTI v JP Rizal,1.0,17.0,1020.0,1.0,gtfs_frequencies_typical_weekday
LTFRB_PUJ2218,Guadalupe FTI v JP Rizal,1.0,17.0,1020.0,1.0,gtfs_frequencies_typical_weekday
LTFRB_PUJ2219,Guadalupe Pateros,1.0,17.0,1020.0,1.0,gtfs_frequencies_typical_weekday
LTFRB_PUJ2220,Guadalupe Pateros,1.0,17.0,1020.0,1.0,gtfs_frequencies_typical_weekday
LTFRB_PUJ2221,Kamuning Remedios v Guinto,1.0,17.0,1020.0,1.0,gtfs_frequencies_typical_weekday
LTFRB_PUJ2222,Kamuning Remedios v Guinto,1.0,17.0,1020.0,1.0,gtfs_frequencies_typical_weekday
LTFRB_PUJ2223,KAMUNING PIER SOUTH via RODRIGUEZ,1.0,17.0,1020.0,1.0,gtfs_frequencies_typical_weekday
LTFRB_PUJ2224,KAMUNING PIER SOUTH via RODRIGUEZ,1.0,17.0,1020.0,1.0,gtfs_frequencies_typical_weekday
LTFRB_PUJ2225,Lagro Don Antonio Heights,1.0,17.0,1020.0,1.0,gtfs_frequencies_typical_weekday
LTFRB_PUJ2226,Lagro Don Antonio Heights,1.0,17.0,1020.0,1.0,gtfs_frequencies_typical_weekday
LTFRB_PUJ2227,Lagro Don Antonio Heights,1.0,17.0,1020.0,1.0,gtfs_frequencies_typical_weekday
LTFRB_PUJ2228,Lagro Panay welcome,1.0,17.0,1020.0,1.0,gtfs_frequencies_typical_weekday
LTFRB_PUJ2229,Lagro Philcoa,1.0,17.0,1020.0,1.0,gtfs_frequencies_typical_weekday
LTFRB_PUJ2230,Lagro Philcoa,1.0,17.0,1020.0,1.0,gtfs_frequencies_typical_weekday
LTFRB_PUJ2231,Lagro SM North,1.0,17.0,1020.0,1.0,gtfs_frequencies_typical_weekday
LTFRB_PUJ2232,Lagro SM North,1.0,17.0,1020.0,1.0,gtfs_frequencies_typical_weekday
LTFRB_PUJ2233,Lagro V Luna Anonas,1.0,17.0,1020.0,1.0,gtfs_frequencies_typical_weekday
LTFRB_PUJ2234,Lagro V Luna Anonas,1.0,17.0,1020.0,1.0,gtfs_frequencies_typical_weekday
LTFRB_PUJ2235,Libertad MCU via Mabini,1.0,17.0,1020.0,2.0,gtfs_frequencies_typical_weekday
LTFRB_PUJ2236,Libertad MCU via Mabini,1.0,17.0,1020.0,1.0,gtfs_frequencies_typical_weekday
LTFRB_PUJ2238,Libertad Monumento via Mabini,1.0,17.0,1020.0,1.0,gtfs_frequencies_typical_weekday
LTFRB_PUJ2239,Libertad Pinagbarilan via EDSA,1.0,17.0,1020.0,1.0,gtfs_frequencies_typical_weekday
LTFRB_PUJ2240,Libertad Pinagbarilan via EDSA,1.0,17.0,1020.0,1.0,gtfs_frequencies_typical_weekday
LTFRB_PUJ2241,Libertad QI via LGuinto,1.0,17.0,1020.0,1.0,gtfs_frequencies_typical_weekday
LTFRB_PUJ2242,Libertad QI via LGuinto,1.0,17.0,1020.0,1.0,gtfs_frequencies_typical_weekday
LTFRB_PUJ2243,Libertad QI via Mabini,1.0,17.0,1020.0,1.0,gtfs_frequencies_typical_weekday
LTFRB_PUJ2244,Libertad QI via Mabini,1.0,17.0,1020.0,1.0,gtfs_frequencies_typical_weekday
LTFRB_PUJ2245,Libertad Retiro via Sta Cruz,1.0,17.0,1020.0,1.0,gtfs_frequencies_typical_weekday
LTFRB_PUJ2246,Libertad Retiro via Sta Cruz,1.0,17.0,1020.0,1.0,gtfs_frequencies_typical_weekday
LTFRB_PUJ2247,Libertad Vito Cruz via FB Harrizon,1.0,17.0,1020.0,1.0,gtfs_frequencies_typical_weekday
LTFRB_PUJ2248,Libertad Vito Cruz via FB Harrizon,1.0,17.0,1020.0,1.0,gtfs_frequencies_typical_weekday
LTFRB_PUJ2249,Marcos Ave Tandang Sora Balintawak,1.0,17.0,1020.0,1.0,gtfs_frequencies_typical_weekday
LTFRB_PUJ2250,Marcos Ave Tandang Sora Balintawak,1.0,17.0,1020.0,1.0,gtfs_frequencies_typical_weekday
LTFRB_PUJ2251,Pasay Rtda v Sta Cruz Blumentrit,1.0,17.0,1020.0,1.0,gtfs_frequencies_typical_weekday
LTFRB_PUJ2252,Pasay Rtda v Sta Cruz Blumentrit,1.0,17.0,1020.0,1.0,gtfs_frequencies_typical_weekday
LTFRB_PUJ2253,PROJ 2&3 ESPANA,1.0,17.0,1020.0,2.0,gtfs_frequencies_typical_weekday
LTFRB_PUJ2254,PROJ 2&3 ESPANA,1.0,17.0,1020.0,1.0,gtfs_frequencies_typical_weekday
LTFRB_PUJ2255,PROJ 2&3 KALAW via RODRIGUEZ,1.0,17.0,1020.0,1.0,gtfs_frequencies_typical_weekday
LTFRB_PUJ2256,PROJ 2&3 KALAW via RODRIGUEZ,1.0,17.0,1020.0,1.0,gtfs_frequencies_typical_weekday
LTFRB_PUJ2257,PROJ 2&3 TM KALAW via E RODRIGUEZ,1.0,17.0,1020.0,1.0,gtfs_frequencies_typical_weekday
LTFRB_PUJ2258,PROJ 2&3 TM KALAW via E RODRIGUEZ,1.0,17.0,1020.0,1.0,gtfs_frequencies_typical_weekday
LTFRB_PUJ2259,Proj 2 3 Welcome Rtda,1.0,17.0,1020.0,1.0,gtfs_frequencies_typical_weekday
LTFRB_PUJ2260,Proj 2 3 Welcome Rtda,1.0,17.0,1020.0,1.0,gtfs_frequencies_typical_weekday
LTFRB_PUJ2261,QUIRINO HIGHWAY ZABARTE PANAY AVENUE,1.0,17.0,1020.0,1.0,gtfs_frequencies_typical_weekday
LTFRB_PUJ2262,QUIRINO HIGHWAY ZABARTE PANAY AVENUE,1.0,17.0,1020.0,1.0,gtfs_frequencies_typical_weekday
LTFRB_PUJ2263,QUIRINO HIGHWAY STA LUCIA,1.0,17.0,1020.0,1.0,gtfs_frequencies_typical_weekday
LTFRB_PUJ2264,QUIRINO HIGHWAY STA LUCIA,1.0,17.0,1020.0,1.0,gtfs_frequencies_typical_weekday
LTFRB_PUJ2265,SM FAIRVIEW LAGRO SUBDIVISION LOOP,1.0,17.0,1020.0,1.0,gtfs_frequencies_typical_weekday
LTFRB_PUJ2266,SM FAIRVIEW LAGRO SUBDIVISION LOOP,1.0,17.0,1020.0,1.0,gtfs_frequencies_typical_weekday
LTFRB_PUJ2267,SM NORTH LAGRO,1.0,17.0,1020.0,1.0,gtfs_frequencies_typical_weekday
LTFRB_PUJ2268,SM NORTH LAGRO,1.0,17.0,1020.0,1.0,gtfs_frequencies_typical_weekday
LTFRB_PUJ2269,TALA NOVALICHES via QUIRINO AVENUE,1.0,17.0,1020.0,1.0,gtfs_frequencies_typical_weekday
LTFRB_PUJ2270,TALA NOVALICHES via QUIRINO AVENUE,1.0,17.0,1020.0,1.0,gtfs_frequencies_typical_weekday
LTFRB_PUJ2271,YALE CM RECTO,1.0,17.0,1020.0,1.0,gtfs_frequencies_typical_weekday
LTFRB_PUJ2272,YALE CM RECTO,1.0,17.0,1020.0,1.0,gtfs_frequencies_typical_weekday
LTFRB_PUJ2273,Angono NCC Market via Felix Ave,1.0,17.0,1020.0,1.0,gtfs_frequencies_typical_weekday
LTFRB_PUJ2274,Angono NCC Market via Felix Ave,1.0,17.0,1020.0,1.0,gtfs_frequencies_typical_weekday
LTFRB_PUJ2275,Angono NCC Market via Felix Ave,1.0,17.0,1020.0,1.0,gtfs_frequencies_typical_weekday
LTFRB_PUJ2276,Angono NCC Market via Felix Ave,1.0,17.0,1020.0,1.0,gtfs_frequencies_typical_weekday
LTFRB_PUJ2277,Arroceros Pagasa via Espana QAve,1.0,17.0,1020.0,1.0,gtfs_frequencies_typical_weekday
LTFRB_PUJ2278,Arroceros Pagasa via Espana QAve,1.0,17.0,1020.0,1.0,gtfs_frequencies_typical_weekday
LTFRB_PUJ2279,Arroceros Pagasa via Espana QAve,1.0,17.0,1020.0,1.0,gtfs_frequencies_typical_weekday
LTFRB_PUJ2280,Ayala Guadalupe Ibabaw via JP Rizal,1.0,17.0,1020.0,1.0,gtfs_frequencies_typical_weekday
LTFRB_PUJ2281,Ayala Guadalupe Ibabaw via JP Rizal,1.0,17.0,1020.0,1.0,gtfs_frequencies_typical_weekday
LTFRB_PUJ2282,Baclaran Nichols,1.0,17.0,1020.0,1.0,gtfs_frequencies_typical_weekday
LTFRB_PUJ2283,Baclaran Nichols,1.0,17.0,1020.0,1.0,gtfs_frequencies_typical_weekday
LTFRB_PUJ2284,Bacood Quiapo (Barbosa) via R Magsaysay,1.0,17.0,1020.0,1.0,gtfs_frequencies_typical_weekday
LTFRB_PUJ2285,Bacood Quiapo (Barbosa) via R Magsaysay,1.0,17.0,1020.0,1.0,gtfs_frequencies_typical_weekday
LTFRB_PUJ2286,Bacood Quiapo (Barbosa) via R Magsaysay,1.0,17.0,1020.0,1.0,gtfs_frequencies_typical_weekday
LTFRB_PUJ2287,Bagong Silang Ever Gotesco via Zabarte,1.0,17.0,1020.0,1.0,gtfs_frequencies_typical_weekday
LTFRB_PUJ2288,Bagong Silang Ever Gotesco via Zabarte,1.0,17.0,1020.0,1.0,gtfs_frequencies_typical_weekday
LTFRB_PUJ2289,Bagong Silang Ever Gotesco via Zabarte,1.0,17.0,1020.0,1.0,gtfs_frequencies_typical_weekday
LTFRB_PUJ2290,Bagong Silang SM Fairview via Zabarte Road,1.0,17.0,1020.0,2.0,gtfs_frequencies_typical_weekday
LTFRB_PUJ2293,Bagong Silang SM Fairview via Maligaya Park,1.0,17.0,1020.0,2.0,gtfs_frequencies_typical_weekday
LTFRB_PUJ2294,Bagumbayan Palengke (Pasig),1.0,17.0,1020.0,1.0,gtfs_frequencies_typical_weekday
LTFRB_PUJ2295,Bagumbayan Palengke (Pasig),1.0,17.0,1020.0,1.0,gtfs_frequencies_typical_weekday
LTFRB_PUJ2296,Balintawak Novaliches via Quirino highway,1.0,17.0,1020.0,1.0,gtfs_frequencies_typical_weekday
LTFRB_PUJ2297,Balintawak Novaliches via Quirino highway,1.0,17.0,1020.0,1.0,gtfs_frequencies_typical_weekday
LTFRB_PUJ2298,Bangkusay Divisoria,1.0,17.0,1020.0,1.0,gtfs_frequencies_typical_weekday
LTFRB_PUJ2299,Bangkusay Divisoria,1.0,17.0,1020.0,1.0,gtfs_frequencies_typical_weekday
LTFRB_PUJ2300,Bicutan Pasay RTDA,1.0,17.0,1020.0,1.0,gtfs_frequencies_typical_weekday
LTFRB_PUJ2301,Bicutan Pasay RTDA,1.0,17.0,1020.0,1.0,gtfs_frequencies_typical_weekday
LTFRB_PUJ2302,Bicutan Pasay RTDA,1.0,17.0,1020.0,1.0,gtfs_frequencies_typical_weekday
LTFRB_PUJ2303,Binan Bicutan(Taguig) via Alabang,1.0,17.0,1020.0,1.0,gtfs_frequencies_typical_weekday
LTFRB_PUJ2304,Binan Bicutan(Taguig) via Alabang,1.0,17.0,1020.0,1.0,gtfs_frequencies_typical_weekday
LTFRB_PUJ2305,Binan Bicutan(Taguig) via Sucat SSH,1.0,17.0,1020.0,1.0,gtfs_frequencies_typical_weekday
LTFRB_PUJ2306,Binan Bicutan(Taguig) via Sucat SSH,1.0,17.0,1020.0,1.0,gtfs_frequencies_typical_weekday
LTFRB_PUJ2307,Boni Pinatubo Kalentong JRU,1.0,17.0,1020.0,1.0,gtfs_frequencies_typical_weekday
LTFRB_PUJ2308,Boni Pinatubo Kalentong JRU,1.0,17.0,1020.0,1.0,gtfs_frequencies_typical_weekday
LTFRB_PUJ2309,Boni Pinatubo StopnShop via Pinagtipunan,1.0,17.0,1020.0,1.0,gtfs_frequencies_typical_weekday
LTFRB_PUJ2310,Boni Pinatubo StopnShop via Pinagtipunan,1.0,17.0,1020.0,1.0,gtfs_frequencies_typical_weekday
LTFRB_PUJ2311,Brgy Bagong Silangan Sampaguita via Marcos Ave,1.0,17.0,1020.0,1.0,gtfs_frequencies_typical_weekday
LTFRB_PUJ2312,Brgy Bagong Silangan Sampaguita via Marcos Ave,1.0,17.0,1020.0,1.0,gtfs_frequencies_typical_weekday
LTFRB_PUJ2313,Cash & Carry Buendia LRT,1.0,17.0,1020.0,1.0,gtfs_frequencies_typical_weekday
LTFRB_PUJ2314,Cash & Carry Buendia LRT,1.0,17.0,1020.0,1.0,gtfs_frequencies_typical_weekday
LTFRB_PUJ2315,Dapitan Libertad via L Guinto,1.0,17.0,1020.0,1.0,gtfs_frequencies_typical_weekday
LTFRB_PUJ2316,Dapitan Libertad via L Guinto,1.0,17.0,1020.0,1.0,gtfs_frequencies_typical_weekday
LTFRB_PUJ2317,Don Mariano Marcos Ave Quirino Highway via Tsora,1.0,17.0,1020.0,1.0,gtfs_frequencies_typical_weekday
LTFRB_PUJ2318,Don Mariano Marcos Ave Quirino Highway via Tsora,1.0,17.0,1020.0,1.0,gtfs_frequencies_typical_weekday
LTFRB_PUJ2319,Ever Gotesco Almar Subd,1.0,17.0,1020.0,1.0,gtfs_frequencies_typical_weekday
LTFRB_PUJ2320,Ever Gotesco Almar Subd,1.0,17.0,1020.0,1.0,gtfs_frequencies_typical_weekday
LTFRB_PUJ2321,Ever Gotesco Camarin via Zapote,1.0,17.0,1020.0,1.0,gtfs_frequencies_typical_weekday
LTFRB_PUJ2322,Ever Gotesco Camarin via Zapote,1.0,17.0,1020.0,1.0,gtfs_frequencies_typical_weekday
LTFRB_PUJ2323,Fairview Wet Market TM Kalaw,1.0,17.0,1020.0,1.0,gtfs_frequencies_typical_weekday
LTFRB_PUJ2324,Fairview Wet Market TM Kalaw,1.0,17.0,1020.0,1.0,gtfs_frequencies_typical_weekday
LTFRB_PUJ2325,Guadalupe Cartimar via Roxas Blvd,1.0,17.0,1020.0,1.0,gtfs_frequencies_typical_weekday
LTFRB_PUJ2326,Guadalupe Cartimar via Roxas Blvd,1.0,17.0,1020.0,1.0,gtfs_frequencies_typical_weekday
LTFRB_PUJ2327,Guadalupe Delpan MRT,1.0,17.0,1020.0,2.0,gtfs_frequencies_typical_weekday
LTFRB_PUJ2329,Imus Zapote,1.0,17.0,1020.0,1.0,gtfs_frequencies_typical_weekday
LTFRB_PUJ2330,Imus Zapote,1.0,17.0,1020.0,1.0,gtfs_frequencies_typical_weekday
LTFRB_PUJ2331,Karuhatan Sta Cruz via Fuentes,1.0,17.0,1020.0,1.0,gtfs_frequencies_typical_weekday
LTFRB_PUJ2332,Karuhatan Sta Cruz via Fuentes,1.0,17.0,1020.0,1.0,gtfs_frequencies_typical_weekday
LTFRB_PUJ2333,Karuhatan Ugong,1.0,17.0,1020.0,1.0,gtfs_frequencies_typical_weekday
LTFRB_PUJ2334,Karuhatan Ugong,1.0,17.0,1020.0,1.0,gtfs_frequencies_typical_weekday
LTFRB_PUJ2335,Kiko Camarin SM Fairview via Maligaya Park,1.0,17.0,1020.0,1.0,gtfs_frequencies_typical_weekday
LTFRB_PUJ2336,Kiko Camarin SM Fairview via Maligaya Park,1.0,17.0,1020.0,1.0,gtfs_frequencies_typical_weekday
LTFRB_PUJ2337,Landmark Puregold Loop,1.0,17.0,1020.0,1.0,gtfs_frequencies_typical_weekday
LTFRB_PUJ2338,Landmark Puregold Loop,1.0,17.0,1020.0,1.0,gtfs_frequencies_typical_weekday
LTFRB_PUJ2339,Lealtad P Miranda,1.0,17.0,1020.0,1.0,gtfs_frequencies_typical_weekday
LTFRB_PUJ2340,Lealtad P Miranda,1.0,17.0,1020.0,1.0,gtfs_frequencies_typical_weekday
LTFRB_PUJ2341,Libertad MCU viia Taft Ave,1.0,17.0,1020.0,1.0,gtfs_frequencies_typical_weekday
LTFRB_PUJ2342,Libertad MCU viia Taft Ave,1.0,17.0,1020.0,1.0,gtfs_frequencies_typical_weekday
LTFRB_PUJ2343,Malinta Bagbaguin,1.0,17.0,1020.0,1.0,gtfs_frequencies_typical_weekday
LTFRB_PUJ2344,Malinta Bagbaguin,1.0,17.0,1020.0,1.0,gtfs_frequencies_typical_weekday
LTFRB_PUJ2345,Malolos BBB (Val) via MacArthur Highway,1.0,17.0,1020.0,1.0,gtfs_frequencies_typical_weekday
LTFRB_PUJ2346,Malolos BBB (Val) via MacArthur Highway,1.0,17.0,1020.0,1.0,gtfs_frequencies_typical_weekday
LTFRB_PUJ2347,Marikina City SM Santolan LRT,1.0,17.0,1020.0,1.0,gtfs_frequencies_typical_weekday
LTFRB_PUJ2348,Marikina City SM Santolan LRT,1.0,17.0,1020.0,1.0,gtfs_frequencies_typical_weekday
LTFRB_PUJ2349,Montalban San Rafael,1.0,17.0,1020.0,1.0,gtfs_frequencies_typical_weekday
LTFRB_PUJ2350,Montalban San Rafael,1.0,17.0,1020.0,1.0,gtfs_frequencies_typical_weekday
LTFRB_PUJ2351,Montalban Wawa,1.0,17.0,1020.0,1.0,gtfs_frequencies_typical_weekday
LTFRB_PUJ2352,Montalban Wawa,1.0,17.0,1020.0,1.0,gtfs_frequencies_typical_weekday
LTFRB_PUJ2353,Nagtahan RTDA Pandacan,1.0,17.0,1020.0,1.0,gtfs_frequencies_typical_weekday
LTFRB_PUJ2354,Nagtahan RTDA Pandacan,1.0,17.0,1020.0,1.0,gtfs_frequencies_typical_weekday
LTFRB_PUJ2355,Namayan Vergara,1.0,17.0,1020.0,1.0,gtfs_frequencies_typical_weekday
LTFRB_PUJ2356,Namayan Vergara,1.0,17.0,1020.0,1.0,gtfs_frequencies_typical_weekday
LTFRB_PUJ2357,Napocor Vill NIA Vill Tandang Sora,1.0,17.0,1020.0,1.0,gtfs_frequencies_typical_weekday
LTFRB_PUJ2358,Napocor Vill NIA Vill Tandang Sora,1.0,17.0,1020.0,1.0,gtfs_frequencies_typical_weekday
LTFRB_PUJ2359,Navotas Recto,1.0,17.0,1020.0,1.0,gtfs_frequencies_typical_weekday
LTFRB_PUJ2360,Navotas Recto,1.0,17.0,1020.0,1.0,gtfs_frequencies_typical_weekday
LTFRB_PUJ2361,North Harbor Sta Mesa via Magsaysay,1.0,17.0,1020.0,1.0,gtfs_frequencies_typical_weekday
LTFRB_PUJ2362,North Harbor Sta Mesa via Magsaysay,1.0,17.0,1020.0,1.0,gtfs_frequencies_typical_weekday
LTFRB_PUJ2363,Novaliches BF Homes,1.0,17.0,1020.0,1.0,gtfs_frequencies_typical_weekday
LTFRB_PUJ2364,Novaliches BF Homes,1.0,17.0,1020.0,1.0,gtfs_frequencies_typical_weekday
LTFRB_PUJ2365,Novaliches Bignay vice versa,1.0,17.0,1020.0,1.0,gtfs_frequencies_typical_weekday
LTFRB_PUJ2366,Novaliches Bignay vice versa,1.0,17.0,1020.0,1.0,gtfs_frequencies_typical_weekday
LTFRB_PUJ2367,Novaliches Grotto (SJDM),1.0,17.0,1020.0,1.0,gtfs_frequencies_typical_weekday
LTFRB_PUJ2368,Novaliches Grotto (SJDM),1.0,17.0,1020.0,1.0,gtfs_frequencies_typical_weekday
LTFRB_PUJ2369,Novaliches Palmera (SJDM),1.0,17.0,1020.0,1.0,gtfs_frequencies_typical_weekday
LTFRB_PUJ2370,Novaliches Palmera (SJDM),1.0,17.0,1020.0,1.0,gtfs_frequencies_typical_weekday
LTFRB_PUJ2371,Old Pque Bldg San Antonio Valley,1.0,17.0,1020.0,1.0,gtfs_frequencies_typical_weekday
LTFRB_PUJ2372,Old Pque Bldg San Antonio Valley,1.0,17.0,1020.0,1.0,gtfs_frequencies_typical_weekday
LTFRB_PUJ2373,Ortigas Complex Robinsons Galleria,1.0,17.0,1020.0,1.0,gtfs_frequencies_typical_weekday
LTFRB_PUJ2376,PagAsa Pier South via Qave,1.0,17.0,1020.0,1.0,gtfs_frequencies_typical_weekday
LTFRB_PUJ2377,PagAsa Pier South via Qave,1.0,17.0,1020.0,1.0,gtfs_frequencies_typical_weekday
LTFRB_PUJ2378,Pandacan Pier South,1.0,17.0,1020.0,1.0,gtfs_frequencies_typical_weekday
LTFRB_PUJ2379,Pandacan Pier South,1.0,17.0,1020.0,1.0,gtfs_frequencies_typical_weekday
LTFRB_PUJ2380,Pasay RTDA Monumento via Taft Ave JA Santos,1.0,17.0,1020.0,1.0,gtfs_frequencies_typical_weekday
LTFRB_PUJ2381,Pasay RTDA Monumento via Taft Ave JA Santos,1.0,17.0,1020.0,1.0,gtfs_frequencies_typical_weekday
LTFRB_PUJ2382,Pasay RTDA QI via L Guinto,1.0,17.0,1020.0,1.0,gtfs_frequencies_typical_weekday
LTFRB_PUJ2383,Pasay RTDA QI via L Guinto,1.0,17.0,1020.0,1.0,gtfs_frequencies_typical_weekday
LTFRB_PUJ2384,Pasay RTDA Sucat via SSH,1.0,17.0,1020.0,1.0,gtfs_frequencies_typical_weekday
LTFRB_PUJ2385,Pasay RTDA Sucat via SSH,1.0,17.0,1020.0,1.0,gtfs_frequencies_typical_weekday
LTFRB_PUJ2386,Pfaura San Andres via M Adriatico,1.0,17.0,1020.0,1.0,gtfs_frequencies_typical_weekday
LTFRB_PUJ2387,Pfaura San Andres via M Adriatico,1.0,17.0,1020.0,1.0,gtfs_frequencies_typical_weekday
LTFRB_PUJ2388,Pier South via Road 10,1.0,17.0,1020.0,1.0,gtfs_frequencies_typical_weekday
LTFRB_PUJ2389,Pier South via Road 10,1.0,17.0,1020.0,1.0,gtfs_frequencies_typical_weekday
LTFRB_PUJ2390,Pier South via Road 10,1.0,17.0,1020.0,1.0,gtfs_frequencies_typical_weekday
LTFRB_PUJ2392,Plaridel BBB (Val) via MacArthur Highway,1.0,17.0,1020.0,1.0,gtfs_frequencies_typical_weekday
LTFRB_PUJ2393,Plaza Miranda OPiers via Vitas,1.0,17.0,1020.0,1.0,gtfs_frequencies_typical_weekday
LTFRB_PUJ2394,Plaza Miranda OPiers via Vitas,1.0,17.0,1020.0,1.0,gtfs_frequencies_typical_weekday
LTFRB_PUJ2395,Polo Sangandaan via Tenejeros,1.0,17.0,1020.0,1.0,gtfs_frequencies_typical_weekday
LTFRB_PUJ2396,Polo Sangandaan via Tenejeros,1.0,17.0,1020.0,1.0,gtfs_frequencies_typical_weekday
LTFRB_PUJ2397,Proj 6 Recto via Espana QAve,1.0,17.0,1020.0,1.0,gtfs_frequencies_typical_weekday
LTFRB_PUJ2398,Proj 6 Recto via Espana QAve,1.0,17.0,1020.0,1.0,gtfs_frequencies_typical_weekday
LTFRB_PUJ2399,QI Kalaw,1.0,17.0,1020.0,1.0,gtfs_frequencies_typical_weekday
LTFRB_PUJ2400,QI Kalaw,1.0,17.0,1020.0,1.0,gtfs_frequencies_typical_weekday
LTFRB_PUJ2401,Quezon Ave LRT 5th Avenue Caloocan,1.0,17.0,1020.0,1.0,gtfs_frequencies_typical_weekday
LTFRB_PUJ2403,Quiapo (Barbosa) San Juan via Legarda,1.0,17.0,1020.0,1.0,gtfs_frequencies_typical_weekday
LTFRB_PUJ2404,Quiapo (Barbosa) San Juan via Legarda,1.0,17.0,1020.0,1.0,gtfs_frequencies_typical_weekday
LTFRB_PUJ2405,Quiapo Sangandaan via Evangelista,1.0,17.0,1020.0,1.0,gtfs_frequencies_typical_weekday
LTFRB_PUJ2406,Quiapo Sangandaan via Evangelista,1.0,17.0,1020.0,1.0,gtfs_frequencies_typical_weekday
LTFRB_PUJ2407,Resettlement Zapote (DBB),1.0,17.0,1020.0,1.0,gtfs_frequencies_typical_weekday
LTFRB_PUJ2408,Resettlement Zapote (DBB),1.0,17.0,1020.0,1.0,gtfs_frequencies_typical_weekday
LTFRB_PUJ2409,Salcedo Amorsolo LegaspiVill Landmark,1.0,17.0,1020.0,1.0,gtfs_frequencies_typical_weekday
LTFRB_PUJ2410,Salcedo Amorsolo LegaspiVill Landmark,1.0,17.0,1020.0,1.0,gtfs_frequencies_typical_weekday
LTFRB_PUJ2411,Sampol Meycauayan via San Jose,1.0,17.0,1020.0,1.0,gtfs_frequencies_typical_weekday
LTFRB_PUJ2412,Sampol Meycauayan via San Jose,1.0,17.0,1020.0,1.0,gtfs_frequencies_typical_weekday
LTFRB_PUJ2413,San Andres via P Faura,1.0,17.0,1020.0,1.0,gtfs_frequencies_typical_weekday
LTFRB_PUJ2414,San Andres via P Faura,1.0,17.0,1020.0,1.0,gtfs_frequencies_typical_weekday
LTFRB_PUJ2415,Sapang Palay Jordan Plains via Quirino Highway,1.0,17.0,1020.0,1.0,gtfs_frequencies_typical_weekday
LTFRB_PUJ2416,Sapang Palay Jordan Plains via Quirino Highway,1.0,17.0,1020.0,1.0,gtfs_frequencies_typical_weekday
LTFRB_PUJ2417,Sapang Palay Jordan Plains via Quirino Highway,1.0,17.0,1020.0,1.0,gtfs_frequencies_typical_weekday
LTFRB_PUJ2418,Sapang Palay Jordan Plains via Quirino Highway,1.0,17.0,1020.0,1.0,gtfs_frequencies_typical_weekday
LTFRB_PUJ2419,SM Fairview Capitol Homes,1.0,17.0,1020.0,1.0,gtfs_frequencies_typical_weekday
LTFRB_PUJ2420,SM Fairview Capitol Homes,1.0,17.0,1020.0,1.0,gtfs_frequencies_typical_weekday
LTFRB_PUJ2421,SM MOA NAIA,1.0,17.0,1020.0,1.0,gtfs_frequencies_typical_weekday
LTFRB_PUJ2422,SM MOA NAIA,1.0,17.0,1020.0,1.0,gtfs_frequencies_typical_weekday
LTFRB_PUJ2423,Soldier Hills II Talon (Las Pinas),1.0,17.0,1020.0,1.0,gtfs_frequencies_typical_weekday
LTFRB_PUJ2424,Soldier Hills II Talon (Las Pinas),1.0,17.0,1020.0,1.0,gtfs_frequencies_typical_weekday
LTFRB_PUJ2425,Soldier Hills Ph IV Talon via Alvarez,1.0,17.0,1020.0,1.0,gtfs_frequencies_typical_weekday
LTFRB_PUJ2426,Soldier Hills Ph IV Talon via Alvarez,1.0,17.0,1020.0,1.0,gtfs_frequencies_typical_weekday
LTFRB_PUJ2427,Soldier Hills Ph IV Talon via Alvarez,1.0,17.0,1020.0,1.0,gtfs_frequencies_typical_weekday
LTFRB_PUJ2428,Sta Ana P Faura,1.0,17.0,1020.0,1.0,gtfs_frequencies_typical_weekday
LTFRB_PUJ2429,Sta Ana P Faura,1.0,17.0,1020.0,1.0,gtfs_frequencies_typical_weekday
LTFRB_PUJ2431,Sta Maria Malinta via McArthur,1.0,17.0,1020.0,1.0,gtfs_frequencies_typical_weekday
LTFRB_PUJ2432,Talayan Vill A Bonifacio 5th Ave,1.0,17.0,1020.0,1.0,gtfs_frequencies_typical_weekday
LTFRB_PUJ2433,Talayan Vill A Bonifacio 5th Ave,1.0,17.0,1020.0,2.0,gtfs_frequencies_typical_weekday
LTFRB_PUJ2436,Tanay Pasig (Palengke),1.0,17.0,1020.0,1.0,gtfs_frequencies_typical_weekday
LTFRB_PUJ2437,Tanay Pasig (Palengke),1.0,17.0,1020.0,1.0,gtfs_frequencies_typical_weekday
LTFRB_PUJ2438,Tandang Sora Mindanao Ave,1.0,17.0,1020.0,1.0,gtfs_frequencies_typical_weekday
LTFRB_PUJ2439,Tandang Sora Mindanao Ave,1.0,17.0,1020.0,1.0,gtfs_frequencies_typical_weekday
LTFRB_PUJ2440,Tayuman LRT Pilapil,1.0,17.0,1020.0,1.0,gtfs_frequencies_typical_weekday
LTFRB_PUJ2441,Tayuman LRT Pilapil,1.0,17.0,1020.0,1.0,gtfs_frequencies_typical_weekday
LTFRB_PUJ2442,Treze Martirez Zapote (Las Pinas),1.0,17.0,1020.0,1.0,gtfs_frequencies_typical_weekday
LTFRB_PUJ2443,Treze Martirez Zapote (Las Pinas),1.0,17.0,1020.0,1.0,gtfs_frequencies_typical_weekday
LTFRB_PUJ2444,Ugong Pasig via Pasig Market,1.0,17.0,1020.0,1.0,gtfs_frequencies_typical_weekday
LTFRB_PUJ2445,Ugong Pasig via Pasig Market,1.0,17.0,1020.0,1.0,gtfs_frequencies_typical_weekday
LTFRB_PUJ2446,Victoria Homes Subd Alabang Terminal via DH,1.0,17.0,1020.0,1.0,gtfs_frequencies_typical_weekday
LTFRB_PUJ2447,Victoria Homes Subd Alabang Terminal via DH,1.0,17.0,1020.0,1.0,gtfs_frequencies_typical_weekday
LTFRB_PUJ2448,A Rivera Plaza Dela Barca via J Santo,1.0,17.0,1020.0,1.0,gtfs_frequencies_typical_weekday
LTFRB_PUJ2449,A Rivera Plaza Dela Barca via J Santo,1.0,17.0,1020.0,1.0,gtfs_frequencies_typical_weekday
LTFRB_PUJ2450,Alabang-Bbayan via Bicutan,1.0,17.0,1020.0,1.0,gtfs_frequencies_typical_weekday
LTFRB_PUJ2451,Alabang-Bbayan via Bicutan,,,,,
LTFRB_PUJ2452,Alabang Pasay Rtda,1.0,17.0,1020.0,1.0,gtfs_frequencies_typical_weekday
LTFRB_PUJ2453,Alabang Pasay Rtda,1.0,17.0,1020.0,1.0,gtfs_frequencies_typical_weekday
LTFRB_PUJ2454,Alabang Almanza,1.0,17.0,1020.0,1.0,gtfs_frequencies_typical_weekday
LTFRB_PUJ2455,Alabang Almanza,1.0,17.0,1020.0,1.0,gtfs_frequencies_typical_weekday
LTFRB_PUJ2456,Alabang Baclaran via Coastal,1.0,17.0,1020.0,1.0,gtfs_frequencies_typical_weekday
LTFRB_PUJ2457,Alabang Baclaran via Coastal,1.0,17.0,1020.0,1.0,gtfs_frequencies_typical_weekday
LTFRB_PUJ2458,Alabang Binan via National Road,1.0,17.0,1020.0,1.0,gtfs_frequencies_typical_weekday
LTFRB_PUJ2459,Alabang Binan via National Road,1.0,17.0,1020.0,1.0,gtfs_frequencies_typical_weekday
LTFRB_PUJ2460,Angono-agora market,1.0,17.0,1020.0,1.0,gtfs_frequencies_typical_weekday
LTFRB_PUJ2461,Angono-agora market,1.0,17.0,1020.0,1.0,gtfs_frequencies_typical_weekday
LTFRB_PUJ2462,Angono-Cainta Junction via Taytay,1.0,17.0,1020.0,1.0,gtfs_frequencies_typical_weekday
LTFRB_PUJ2463,Angono-Cainta Junction via Taytay,1.0,17.0,1020.0,1.0,gtfs_frequencies_typical_weekday
LTFRB_PUJ2464,Angono-Pasig,1.0,17.0,1020.0,1.0,gtfs_frequencies_typical_weekday
LTFRB_PUJ2465,Angono-Pasig,1.0,17.0,1020.0,1.0,gtfs_frequencies_typical_weekday
LTFRB_PUJ2466,Angono Rosario,1.0,17.0,1020.0,1.0,gtfs_frequencies_typical_weekday
LTFRB_PUJ2467,Angono Rosario,1.0,17.0,1020.0,1.0,gtfs_frequencies_typical_weekday
LTFRB_PUJ2468,Anonas via vluna,1.0,17.0,1020.0,1.0,gtfs_frequencies_typical_weekday
LTFRB_PUJ2469,Anonas via vluna,1.0,17.0,1020.0,1.0,gtfs_frequencies_typical_weekday
LTFRB_PUJ2470,Antipolo-Pasig,1.0,17.0,1020.0,1.0,gtfs_frequencies_typical_weekday
LTFRB_PUJ2471,Antipolo-Pasig,1.0,17.0,1020.0,1.0,gtfs_frequencies_typical_weekday
LTFRB_PUJ2472,Baclaran Divisoria via L Guinto,1.0,17.0,1020.0,1.0,gtfs_frequencies_typical_weekday
LTFRB_PUJ2473,Baclaran Divisoria via L Guinto,1.0,17.0,1020.0,1.0,gtfs_frequencies_typical_weekday
LTFRB_PUJ2474,Baliwag Bocaue,1.0,17.0,1020.0,1.0,gtfs_frequencies_typical_weekday
LTFRB_PUJ2475,Baliwag Bocaue,1.0,17.0,1020.0,1.0,gtfs_frequencies_typical_weekday
LTFRB_PUJ2476,Baliwag Malinta,1.0,17.0,1020.0,1.0,gtfs_frequencies_typical_weekday
LTFRB_PUJ2477,Baliwag Malinta,1.0,17.0,1020.0,1.0,gtfs_frequencies_typical_weekday
LTFRB_PUJ2480,BBB Tullahan Recto via F Huertas Oroqueta,1.0,17.0,1020.0,1.0,gtfs_frequencies_typical_weekday
LTFRB_PUJ2481,BBB Tullahan Recto via F Huertas Oroqueta,1.0,17.0,1020.0,1.0,gtfs_frequencies_typical_weekday
LTFRB_PUJ2482,BBB Tullahan Sta Cruz,1.0,17.0,1020.0,1.0,gtfs_frequencies_typical_weekday
LTFRB_PUJ2483,BBB Tullahan Sta Cruz,1.0,17.0,1020.0,1.0,gtfs_frequencies_typical_weekday
LTFRB_PUJ2484,BBB Malolos via McArthur Hway,1.0,17.0,1020.0,1.0,gtfs_frequencies_typical_weekday
LTFRB_PUJ2485,BBB Malolos via McArthur Hway,1.0,17.0,1020.0,1.0,gtfs_frequencies_typical_weekday
LTFRB_PUJ2486,Binangonan-Cainta,1.0,17.0,1020.0,1.0,gtfs_frequencies_typical_weekday
LTFRB_PUJ2487,Binangonan-Cainta,1.0,17.0,1020.0,1.0,gtfs_frequencies_typical_weekday
LTFRB_PUJ2488,Binangonan-EDSA Shaw via Angono,1.0,17.0,1020.0,1.0,gtfs_frequencies_typical_weekday
LTFRB_PUJ2489,Binangonan-EDSA Shaw via Angono,1.0,17.0,1020.0,1.0,gtfs_frequencies_typical_weekday
LTFRB_PUJ2490,Binangonan-Rosario,1.0,17.0,1020.0,1.0,gtfs_frequencies_typical_weekday
LTFRB_PUJ2491,Binangonan-Rosario,1.0,17.0,1020.0,1.0,gtfs_frequencies_typical_weekday
LTFRB_PUJ2492,Binangonan-Shaw Blvd,1.0,17.0,1020.0,1.0,gtfs_frequencies_typical_weekday
LTFRB_PUJ2493,Binangonan-Shaw Blvd,1.0,17.0,1020.0,1.0,gtfs_frequencies_typical_weekday
LTFRB_PUJ2494,Binangonan-Taytay via Angono,1.0,17.0,1020.0,1.0,gtfs_frequencies_typical_weekday
LTFRB_PUJ2495,Binangonan-Taytay via Angono,1.0,17.0,1020.0,1.0,gtfs_frequencies_typical_weekday
LTFRB_PUJ2496,Cainta Junction Cubao via Imelda Avenue,1.0,17.0,1020.0,1.0,gtfs_frequencies_typical_weekday
LTFRB_PUJ2497,Cainta Junction Cubao via Imelda Avenue,1.0,17.0,1020.0,1.0,gtfs_frequencies_typical_weekday
LTFRB_PUJ2498,Escolta-Libertad via Mabini,1.0,17.0,1020.0,1.0,gtfs_frequencies_typical_weekday
LTFRB_PUJ2499,Escolta-Libertad via Mabini,1.0,17.0,1020.0,1.0,gtfs_frequencies_typical_weekday
LTFRB_PUJ2500,Escolta-MCU via GDelMundo,1.0,17.0,1020.0,1.0,gtfs_frequencies_typical_weekday
LTFRB_PUJ2501,Escolta-MCU via GDelMundo,1.0,17.0,1020.0,1.0,gtfs_frequencies_typical_weekday
LTFRB_PUJ2502,Espana-Rtda-Pier,1.0,17.0,1020.0,1.0,gtfs_frequencies_typical_weekday
LTFRB_PUJ2503,Espana-Rtda-Pier,1.0,17.0,1020.0,1.0,gtfs_frequencies_typical_weekday
LTFRB_PUJ2504,Frisco-Sta Cruz,1.0,17.0,1020.0,1.0,gtfs_frequencies_typical_weekday
LTFRB_PUJ2505,Frisco-Sta Cruz,1.0,17.0,1020.0,1.0,gtfs_frequencies_typical_weekday
LTFRB_PUJ2506,Galas-Barbosa,1.0,17.0,1020.0,1.0,gtfs_frequencies_typical_weekday
LTFRB_PUJ2507,Galas-Barbosa,1.0,17.0,1020.0,1.0,gtfs_frequencies_typical_weekday
LTFRB_PUJ2508,Gasak-Sta Cruz via,1.0,17.0,1020.0,1.0,gtfs_frequencies_typical_weekday
LTFRB_PUJ2509,Gasak-Sta Cruz via,1.0,17.0,1020.0,1.0,gtfs_frequencies_typical_weekday
LTFRB_PUJ2510,Gate5-Unimart,1.0,17.0,1020.0,1.0,gtfs_frequencies_typical_weekday
LTFRB_PUJ2511,Gate5-Unimart,1.0,17.0,1020.0,1.0,gtfs_frequencies_typical_weekday
LTFRB_PUJ2512,Kalentong-Malinao,1.0,17.0,1020.0,1.0,gtfs_frequencies_typical_weekday
LTFRB_PUJ2513,Kalentong-Malinao,1.0,17.0,1020.0,1.0,gtfs_frequencies_typical_weekday
LTFRB_PUJ2514,Kalentong-Sierra Madre via 9dePebrero,1.0,17.0,1020.0,1.0,gtfs_frequencies_typical_weekday
LTFRB_PUJ2515,Kalentong-Sierra Madre via 9dePebrero,1.0,17.0,1020.0,1.0,gtfs_frequencies_typical_weekday
LTFRB_PUJ2516,Kalentong JRC-Namayan via P Martinez,1.0,17.0,1020.0,1.0,gtfs_frequencies_typical_weekday
LTFRB_PUJ2517,Kalentong JRC-Namayan via P Martinez,1.0,17.0,1020.0,1.0,gtfs_frequencies_typical_weekday
LTFRB_PUJ2518,Kanlaon-Del Monte via Mayon,1.0,17.0,1020.0,1.0,gtfs_frequencies_typical_weekday
LTFRB_PUJ2519,Kanlaon-Del Monte via Mayon,1.0,17.0,1020.0,1.0,gtfs_frequencies_typical_weekday
LTFRB_PUJ2520,Karuhatan Monumento,1.0,17.0,1020.0,1.0,gtfs_frequencies_typical_weekday
LTFRB_PUJ2521,Karuhatan Monumento,1.0,17.0,1020.0,1.0,gtfs_frequencies_typical_weekday
LTFRB_PUJ2522,Lagro-SM Fairview,1.0,17.0,1020.0,1.0,gtfs_frequencies_typical_weekday
LTFRB_PUJ2523,Lagro-SM Fairview,1.0,17.0,1020.0,1.0,gtfs_frequencies_typical_weekday
LTFRB_PUJ2524,Libertad-PCampa,1.0,17.0,1020.0,1.0,gtfs_frequencies_typical_weekday
LTFRB_PUJ2525,Libertad-PCampa,1.0,17.0,1020.0,1.0,gtfs_frequencies_typical_weekday
LTFRB_PUJ2526,Malabon Paco (Obando),1.0,17.0,1020.0,1.0,gtfs_frequencies_typical_weekday
LTFRB_PUJ2527,Malabon Paco (Obando),1.0,17.0,1020.0,1.0,gtfs_frequencies_typical_weekday
LTFRB_PUJ2528,Malinta-Rizal Ave via Banal,1.0,17.0,1020.0,1.0,gtfs_frequencies_typical_weekday
LTFRB_PUJ2529,Malinta-Rizal Ave via Banal,1.0,17.0,1020.0,1.0,gtfs_frequencies_typical_weekday
LTFRB_PUJ2530,Malinta-Sta Cruz,1.0,17.0,1020.0,1.0,gtfs_frequencies_typical_weekday
LTFRB_PUJ2531,Malinta-Sta Cruz,1.0,17.0,1020.0,1.0,gtfs_frequencies_typical_weekday
LTFRB_PUJ2532,Malinta Hagonoy via MacArthur Highway,1.0,17.0,1020.0,3.0,gtfs_frequencies_typical_weekday
LTFRB_PUJ2533,Malinta Hagonoy via MacArthur Highway,1.0,17.0,1020.0,1.0,gtfs_frequencies_typical_weekday
LTFRB_PUJ2535,Malinta Hagonoy via Meycauayan,1.0,17.0,1020.0,3.0,gtfs_frequencies_typical_weekday
LTFRB_PUJ2536,Malinta Meycauayan v F De Leon,1.0,17.0,1020.0,1.0,gtfs_frequencies_typical_weekday
LTFRB_PUJ2537,Malinta Meycauayan v F De Leon,1.0,17.0,1020.0,1.0,gtfs_frequencies_typical_weekday
LTFRB_PUJ2538,Malinta Pier via Monumento,1.0,17.0,1020.0,1.0,gtfs_frequencies_typical_weekday
LTFRB_PUJ2539,Malinta Pier via Monumento,1.0,17.0,1020.0,1.0,gtfs_frequencies_typical_weekday
LTFRB_PUJ2540,Malinta Recto via F Huertas,1.0,17.0,1020.0,1.0,gtfs_frequencies_typical_weekday
LTFRB_PUJ2541,Malinta Recto via F Huertas,1.0,17.0,1020.0,1.0,gtfs_frequencies_typical_weekday
LTFRB_PUJ2543,Malinta Sta. Maria via McArthur,1.0,17.0,1020.0,1.0,gtfs_frequencies_typical_weekday
LTFRB_PUJ2544,Meycauayan Malolos,1.0,17.0,1020.0,1.0,gtfs_frequencies_typical_weekday
LTFRB_PUJ2545,Meycauayan Malolos,1.0,17.0,1020.0,1.0,gtfs_frequencies_typical_weekday
LTFRB_PUJ2546,Meycauayan Plaridel,1.0,17.0,1020.0,2.0,gtfs_frequencies_typical_weekday
LTFRB_PUJ2547,Meycauayan Plaridel,1.0,17.0,1020.0,1.0,gtfs_frequencies_typical_weekday
LTFRB_PUJ2548,Meycauayan Recto via BBB Monumento,1.0,17.0,1020.0,1.0,gtfs_frequencies_typical_weekday
LTFRB_PUJ2549,Meycauayan Recto via BBB Monumento,1.0,17.0,1020.0,1.0,gtfs_frequencies_typical_weekday
LTFRB_PUJ2550,Molino-Soldiers Hills,1.0,17.0,1020.0,1.0,gtfs_frequencies_typical_weekday
LTFRB_PUJ2551,Molino-Zapote,1.0,17.0,1020.0,1.0,gtfs_frequencies_typical_weekday
LTFRB_PUJ2552,Molino-Zapote,1.0,17.0,1020.0,1.0,gtfs_frequencies_typical_weekday
LTFRB_PUJ2553,Monumento Bocaue,1.0,17.0,1020.0,1.0,gtfs_frequencies_typical_weekday
LTFRB_PUJ2554,Monumento Bocaue,1.0,17.0,1020.0,1.0,gtfs_frequencies_typical_weekday
LTFRB_PUJ2555,Monumento Divisoria via A Santos,1.0,17.0,1020.0,1.0,gtfs_frequencies_typical_weekday
LTFRB_PUJ2556,Monumento Divisoria via A Santos,1.0,17.0,1020.0,1.0,gtfs_frequencies_typical_weekday
LTFRB_PUJ2557,Monumento Malanday,1.0,17.0,1020.0,1.0,gtfs_frequencies_typical_weekday
LTFRB_PUJ2558,Monumento Malanday,1.0,17.0,1020.0,1.0,gtfs_frequencies_typical_weekday
LTFRB_PUJ2559,Monumento Malolos,1.0,17.0,1020.0,1.0,gtfs_frequencies_typical_weekday
LTFRB_PUJ2560,Monumento Malolos,1.0,17.0,1020.0,1.0,gtfs_frequencies_typical_weekday
LTFRB_PUJ2561,Monumento Polo,1.0,17.0,1020.0,1.0,gtfs_frequencies_typical_weekday
LTFRB_PUJ2562,Monumento Polo,1.0,17.0,1020.0,1.0,gtfs_frequencies_typical_weekday
LTFRB_PUJ2563,Multinational Vill Gate along Imelda Ave,1.0,17.0,1020.0,1.0,gtfs_frequencies_typical_weekday
LTFRB_PUJ2564,Multinational Vill Gate along Imelda Ave,1.0,17.0,1020.0,1.0,gtfs_frequencies_typical_weekday
LTFRB_PUJ2565,Munoz Market Pantranco,1.0,17.0,1020.0,1.0,gtfs_frequencies_typical_weekday
LTFRB_PUJ2566,Munoz Market Pantranco,1.0,17.0,1020.0,1.0,gtfs_frequencies_typical_weekday
LTFRB_PUJ2567,Munoz Market Pantranco,1.0,17.0,1020.0,1.0,gtfs_frequencies_typical_weekday
LTFRB_PUJ2568,Munoz Market V Cruz Mabini via San Joaquin,1.0,17.0,1020.0,1.0,gtfs_frequencies_typical_weekday
LTFRB_PUJ2569,Munoz Market V Cruz Mabini via San Joaquin,1.0,17.0,1020.0,1.0,gtfs_frequencies_typical_weekday
LTFRB_PUJ2570,Munoz Market V Cruz Mabini via San Joaquin,1.0,17.0,1020.0,1.0,gtfs_frequencies_typical_weekday
LTFRB_PUJ2571,Munoz-Remedios via Sta Cruz,1.0,17.0,1020.0,1.0,gtfs_frequencies_typical_weekday
LTFRB_PUJ2572,Munoz-Remedios via Sta Cruz,1.0,17.0,1020.0,1.0,gtfs_frequencies_typical_weekday
LTFRB_PUJ2573,Napindan-Pasig via Nascor,1.0,17.0,1020.0,1.0,gtfs_frequencies_typical_weekday
LTFRB_PUJ2574,Napindan-Pasig via Nascor,1.0,17.0,1020.0,1.0,gtfs_frequencies_typical_weekday
LTFRB_PUJ2575,Napindan-Pasig via Pateros,1.0,17.0,1020.0,1.0,gtfs_frequencies_typical_weekday
LTFRB_PUJ2576,Napindan-Pasig via Pateros,1.0,17.0,1020.0,1.0,gtfs_frequencies_typical_weekday
LTFRB_PUJ2577,NPasig-Crossing via Taytay,1.0,17.0,1020.0,1.0,gtfs_frequencies_typical_weekday
LTFRB_PUJ2578,NPasig-Crossing via Taytay,1.0,17.0,1020.0,2.0,gtfs_frequencies_typical_weekday
LTFRB_PUJ2579,Pasig-Cubao,1.0,17.0,1020.0,1.0,gtfs_frequencies_typical_weekday
LTFRB_PUJ2581,Pasig-Quiapo via Sta Mesa,1.0,17.0,1020.0,1.0,gtfs_frequencies_typical_weekday
LTFRB_PUJ2582,Pasig-Quiapo via Sta Mesa,1.0,17.0,1020.0,1.0,gtfs_frequencies_typical_weekday
LTFRB_PUJ2583,Pasig-Stop Shop,1.0,17.0,1020.0,1.0,gtfs_frequencies_typical_weekday
LTFRB_PUJ2584,Pasig-Stop Shop,1.0,17.0,1020.0,1.0,gtfs_frequencies_typical_weekday
LTFRB_PUJ2585,Pasig-Taytay,1.0,17.0,1020.0,1.0,gtfs_frequencies_typical_weekday
LTFRB_PUJ2586,Pasig-Taytay,1.0,17.0,1020.0,1.0,gtfs_frequencies_typical_weekday
LTFRB_PUJ2588,Pasig-Ugong via Rodriguez,1.0,17.0,1020.0,1.0,gtfs_frequencies_typical_weekday
LTFRB_PUJ2589,Rosario-San Juan Taytay,1.0,17.0,1020.0,1.0,gtfs_frequencies_typical_weekday
LTFRB_PUJ2590,Rosario-San Juan Taytay,1.0,17.0,1020.0,1.0,gtfs_frequencies_typical_weekday
LTFRB_PUJ2591,Rosario Jct-San Juan via Pinaglabanan,1.0,17.0,1020.0,2.0,gtfs_frequencies_typical_weekday
LTFRB_PUJ2592,Rosario Jct-San Juan via Pinaglabanan,1.0,17.0,1020.0,1.0,gtfs_frequencies_typical_weekday
LTFRB_PUJ2593,Sucat-SM MOA,1.0,17.0,1020.0,1.0,gtfs_frequencies_typical_weekday
LTFRB_PUJ2594,Sucat-SM MOA,1.0,17.0,1020.0,1.0,gtfs_frequencies_typical_weekday
LTFRB_PUJ2595,Taytay-Rosario,1.0,17.0,1020.0,1.0,gtfs_frequencies_typical_weekday
LTFRB_PUJ2596,Taytay-Rosario,1.0,17.0,1020.0,1.0,gtfs_frequencies_typical_weekday
LTFRB_PUJ2597,Angono EDSA Shaw Blvd,1.0,17.0,1020.0,1.0,gtfs_frequencies_typical_weekday
LTFRB_PUJ2598,Angono EDSA Shaw Blvd,1.0,17.0,1020.0,1.0,gtfs_frequencies_typical_weekday
LTFRB_PUJ2599,Arroceros Frisco,1.0,17.0,1020.0,1.0,gtfs_frequencies_typical_weekday
LTFRB_PUJ2600,Arroceros Frisco,1.0,17.0,1020.0,1.0,gtfs_frequencies_typical_weekday
LTFRB_PUJ2601,Arroceros Philcoa via Quezon Ave,1.0,17.0,1020.0,1.0,gtfs_frequencies_typical_weekday
LTFRB_PUJ2602,Arroceros Philcoa via Quezon Ave,1.0,17.0,1020.0,1.0,gtfs_frequencies_typical_weekday
LTFRB_PUJ2603,Arroceros Proj 2&3 via Timog Q ave,1.0,17.0,1020.0,1.0,gtfs_frequencies_typical_weekday
LTFRB_PUJ2604,Arroceros Proj 2&3 via Timog Q ave,1.0,17.0,1020.0,1.0,gtfs_frequencies_typical_weekday
LTFRB_PUJ2605,Arroceros Proj 6 via Quezon Ave,1.0,17.0,1020.0,1.0,gtfs_frequencies_typical_weekday
LTFRB_PUJ2606,Arroceros Proj 6 via Quezon Ave,1.0,17.0,1020.0,1.0,gtfs_frequencies_typical_weekday
LTFRB_PUJ2607,Arroceros Proj 7 via Espana,1.0,17.0,1020.0,1.0,gtfs_frequencies_typical_weekday
LTFRB_PUJ2608,Arroceros Proj 7 via Espana,1.0,17.0,1020.0,1.0,gtfs_frequencies_typical_weekday
LTFRB_PUJ2609,Arroceros Retiro via Dimasalang,1.0,17.0,1020.0,1.0,gtfs_frequencies_typical_weekday
LTFRB_PUJ2610,Arroceros Retiro via Dimasalang,1.0,17.0,1020.0,1.0,gtfs_frequencies_typical_weekday
LTFRB_PUJ2611,BF Homes Paranaque Sucat SSH,1.0,17.0,1020.0,1.0,gtfs_frequencies_typical_weekday
LTFRB_PUJ2612,BF Homes Paranaque Sucat SSH,1.0,17.0,1020.0,1.0,gtfs_frequencies_typical_weekday
LTFRB_PUJ2613,Brgy Ayala Alabang Alabang Market,1.0,17.0,1020.0,1.0,gtfs_frequencies_typical_weekday
LTFRB_PUJ2614,Brgy Ayala Alabang Alabang Market,1.0,17.0,1020.0,1.0,gtfs_frequencies_typical_weekday
LTFRB_PUJ2615,DagatDagatan Delpan via Divisoria,1.0,17.0,1020.0,1.0,gtfs_frequencies_typical_weekday
LTFRB_PUJ2616,DagatDagatan Delpan via Divisoria,1.0,17.0,1020.0,1.0,gtfs_frequencies_typical_weekday
LTFRB_PUJ2617,Dampalit Hulo Palengke,1.0,17.0,1020.0,1.0,gtfs_frequencies_typical_weekday
LTFRB_PUJ2618,Dampalit Hulo Palengke,1.0,17.0,1020.0,1.0,gtfs_frequencies_typical_weekday
