route_id,corridor_cluster_id,corridor_type_label,cluster_distance,cluster_outlier_flag,typology_pca_x,typology_pca_y,clustering_model_version,typology_claim_status
LTFRB_PUJ1001,1,High-Stop-Density Core,1.189,False,-1.4059,0.7909,typology-v1-ab8203c9,ML_ESTIMATED
LTFRB_PUJ1002,1,High-Stop-Density Core,0.99,False,-1.3333,0.8408,typology-v1-ab8203c9,ML_ESTIMATED
LTFRB_PUJ1003,2,Long Regional Connector,7.0721,True,-3.0102,2.2579,typology-v1-ab8203c9,ML_ESTIMATED
LTFRB_PUJ1004,1,High-Stop-Density Core,2.864,False,-1.8322,0.5702,typology-v1-ab8203c9,ML_ESTIMATED
LTFRB_PUJ1005,1,High-Stop-Density Core,1.1905,False,-1.7887,0.0596,typology-v1-ab8203c9,ML_ESTIMATED
LTFRB_PUJ1006,1,High-Stop-Density Core,1.2961,False,-1.7316,0.0379,typology-v1-ab8203c9,ML_ESTIMATED
LTFRB_PUJ1007,1,High-Stop-Density Core,1.2743,False,-2.045,0.7487,typology-v1-ab8203c9,ML_ESTIMATED
LTFRB_PUJ1008,1,High-Stop-Density Core,0.9951,False,-2.1681,0.2564,typology-v1-ab8203c9,ML_ESTIMATED
LTFRB_PUJ1009,1,High-Stop-Density Core,2.5862,False,-2.4446,0.3563,typology-v1-ab8203c9,ML_ESTIMATED
LTFRB_PUJ1010,1,High-Stop-Density Core,2.5862,False,-2.4446,0.3563,typology-v1-ab8203c9,ML_ESTIMATED
LTFRB_PUJ1011,1,High-Stop-Density Core,2.5195,False,-2.0659,0.4591,typology-v1-ab8203c9,ML_ESTIMATED
LTFRB_PUJ1012,1,High-Stop-Density Core,2.0563,False,-1.9131,0.6745,typology-v1-ab8203c9,ML_ESTIMATED
LTFRB_PUJ1013,0,Dense Urban Trunk,1.4774,False,1.234,-1.1418,typology-v1-ab8203c9,ML_ESTIMATED
LTFRB_PUJ1014,0,Dense Urban Trunk,1.0902,False,1.3313,-0.8298,typology-v1-ab8203c9,ML_ESTIMATED
LTFRB_PUJ1015,0,Dense Urban Trunk,1.0814,False,2.7931,-0.4053,typology-v1-ab8203c9,ML_ESTIMATED
LTFRB_PUJ1016,0,Dense Urban Trunk,1.2742,False,2.8022,-0.3716,typology-v1-ab8203c9,ML_ESTIMATED
LTFRB_PUJ1017,0,Dense Urban Trunk,2.3879,False,0.6767,-0.9999,typology-v1-ab8203c9,ML_ESTIMATED
LTFRB_PUJ1018,0,Dense Urban Trunk,2.3792,False,0.67,-1.002,typology-v1-ab8203c9,ML_ESTIMATED
LTFRB_PUJ1019,0,Dense Urban Trunk,1.3144,False,0.9167,-0.6034,typology-v1-ab8203c9,ML_ESTIMATED
LTFRB_PUJ1020,0,Dense Urban Trunk,1.3336,False,0.7707,-0.6022,typology-v1-ab8203c9,ML_ESTIMATED
LTFRB_PUJ1021,0,Dense Urban Trunk,2.2275,False,2.6265,-1.2396,typology-v1-ab8203c9,ML_ESTIMATED
LTFRB_PUJ1022,0,Dense Urban Trunk,3.773,True,4.4883,-1.2505,typology-v1-ab8203c9,ML_ESTIMATED
LTFRB_PUJ1023,0,Dense Urban Trunk,2.3307,False,0.4621,0.3759,typology-v1-ab8203c9,ML_ESTIMATED
LTFRB_PUJ1024,0,Dense Urban Trunk,1.557,False,1.2649,0.6919,typology-v1-ab8203c9,ML_ESTIMATED
LTFRB_PUJ1025,1,High-Stop-Density Core,0.7114,False,-0.8718,-0.5579,typology-v1-ab8203c9,ML_ESTIMATED
LTFRB_PUJ1026,1,High-Stop-Density Core,0.7114,False,-0.8718,-0.5579,typology-v1-ab8203c9,ML_ESTIMATED
LTFRB_PUJ1028,1,High-Stop-Density Core,0.8557,False,-1.1294,-0.7049,typology-v1-ab8203c9,ML_ESTIMATED
LTFRB_PUJ1029,1,High-Stop-Density Core,1.8884,False,-0.3834,0.2774,typology-v1-ab8203c9,ML_ESTIMATED
LTFRB_PUJ1030,1,High-Stop-Density Core,1.7819,False,-0.365,0.2562,typology-v1-ab8203c9,ML_ESTIMATED
LTFRB_PUJ1031,1,High-Stop-Density Core,1.9149,False,-0.3066,0.2624,typology-v1-ab8203c9,ML_ESTIMATED
LTFRB_PUJ1033,0,Dense Urban Trunk,2.2933,False,0.5704,0.4993,typology-v1-ab8203c9,ML_ESTIMATED
LTFRB_PUJ1034,2,Long Regional Connector,3.9669,False,-0.1001,0.9329,typology-v1-ab8203c9,ML_ESTIMATED
LTFRB_PUJ1035,1,High-Stop-Density Core,2.4686,False,-1.8515,-1.5837,typology-v1-ab8203c9,ML_ESTIMATED
LTFRB_PUJ1036,1,High-Stop-Density Core,2.292,False,-1.3911,-1.2318,typology-v1-ab8203c9,ML_ESTIMATED
LTFRB_PUJ1037,1,High-Stop-Density Core,2.8536,False,-1.6916,-1.8005,typology-v1-ab8203c9,ML_ESTIMATED
LTFRB_PUJ1038,1,High-Stop-Density Core,2.8536,False,-1.6916,-1.8005,typology-v1-ab8203c9,ML_ESTIMATED
LTFRB_PUJ1040,0,Dense Urban Trunk,1.3375,False,0.7935,-0.2742,typology-v1-ab8203c9,ML_ESTIMATED
LTFRB_PUJ1041,0,Dense Urban Trunk,0.4415,False,2.0111,-0.0937,typology-v1-ab8203c9,ML_ESTIMATED
LTFRB_PUJ1042,0,Dense Urban Trunk,0.614,False,2.1067,-0.0941,typology-v1-ab8203c9,ML_ESTIMATED
LTFRB_PUJ1043,0,Dense Urban Trunk,3.0395,False,4.3415,0.2726,typology-v1-ab8203c9,ML_ESTIMATED
LTFRB_PUJ1044,0,Dense Urban Trunk,2.9068,False,4.1938,0.2081,typology-v1-ab8203c9,ML_ESTIMATED
LTFRB_PUJ1045,0,Dense Urban Trunk,1.7597,False,3.2571,-0.4476,typology-v1-ab8203c9,ML_ESTIMATED
LTFRB_PUJ1046,0,Dense Urban Trunk,1.4003,False,2.6356,-0.8725,typology-v1-ab8203c9,ML_ESTIMATED
LTFRB_PUJ1047,0,Dense Urban Trunk,1.6513,False,1.9604,-0.8741,typology-v1-ab8203c9,ML_ESTIMATED
LTFRB_PUJ1048,0,Dense Urban Trunk,1.6479,False,1.9209,-0.8699,typology-v1-ab8203c9,ML_ESTIMATED
LTFRB_PUJ1049,0,Dense Urban Trunk,1.8033,False,3.4136,0.0917,typology-v1-ab8203c9,ML_ESTIMATED
LTFRB_PUJ1050,0,Dense Urban Trunk,1.7294,False,3.3455,0.1068,typology-v1-ab8203c9,ML_ESTIMATED
LTFRB_PUJ1051,0,Dense Urban Trunk,1.9655,False,1.0429,-1.5526,typology-v1-ab8203c9,ML_ESTIMATED
LTFRB_PUJ1053,0,Dense Urban Trunk,0.6524,False,2.4288,0.0681,typology-v1-ab8203c9,ML_ESTIMATED
LTFRB_PUJ1054,0,Dense Urban Trunk,0.8006,False,2.5325,0.0447,typology-v1-ab8203c9,ML_ESTIMATED
LTFRB_PUJ1055,0,Dense Urban Trunk,0.8473,False,1.6724,0.8244,typology-v1-ab8203c9,ML_ESTIMATED
LTFRB_PUJ1056,0,Dense Urban Trunk,1.067,False,1.4694,0.9404,typology-v1-ab8203c9,ML_ESTIMATED
LTFRB_PUJ1057,1,High-Stop-Density Core,0.8595,False,-1.3809,0.5984,typology-v1-ab8203c9,ML_ESTIMATED
LTFRB_PUJ1058,1,High-Stop-Density Core,0.8595,False,-1.3809,0.5984,typology-v1-ab8203c9,ML_ESTIMATED
LTFRB_PUJ1059,1,High-Stop-Density Core,1.2925,False,-0.3462,0.3668,typology-v1-ab8203c9,ML_ESTIMATED
LTFRB_PUJ1060,1,High-Stop-Density Core,0.7306,False,-0.7666,0.1518,typology-v1-ab8203c9,ML_ESTIMATED
LTFRB_PUJ1061,1,High-Stop-Density Core,1.6305,False,-2.4226,-0.4804,typology-v1-ab8203c9,ML_ESTIMATED
LTFRB_PUJ1062,1,High-Stop-Density Core,1.8237,False,-2.2467,-0.8151,typology-v1-ab8203c9,ML_ESTIMATED
LTFRB_PUJ1063,1,High-Stop-Density Core,2.1986,False,-2.192,-1.9634,typology-v1-ab8203c9,ML_ESTIMATED
LTFRB_PUJ1064,1,High-Stop-Density Core,2.1984,False,-2.1921,-1.9637,typology-v1-ab8203c9,ML_ESTIMATED
LTFRB_PUJ1065,0,Dense Urban Trunk,0.9712,False,1.0736,-0.1468,typology-v1-ab8203c9,ML_ESTIMATED
LTFRB_PUJ1066,0,Dense Urban Trunk,0.8272,False,1.2099,0.0491,typology-v1-ab8203c9,ML_ESTIMATED
LTFRB_PUJ1067,1,High-Stop-Density Core,2.1559,False,-1.945,-2.0308,typology-v1-ab8203c9,ML_ESTIMATED
LTFRB_PUJ1068,1,High-Stop-Density Core,2.0622,False,-1.9239,-1.9452,typology-v1-ab8203c9,ML_ESTIMATED
LTFRB_PUJ1069,1,High-Stop-Density Core,2.7065,False,-2.1244,-2.4356,typology-v1-ab8203c9,ML_ESTIMATED
LTFRB_PUJ1070,1,High-Stop-Density Core,1.7001,False,-1.543,-1.2819,typology-v1-ab8203c9,ML_ESTIMATED
LTFRB_PUJ1071,0,Dense Urban Trunk,1.1247,False,1.2458,0.7867,typology-v1-ab8203c9,ML_ESTIMATED
LTFRB_PUJ1072,0,Dense Urban Trunk,1.1152,False,1.3048,0.7707,typology-v1-ab8203c9,ML_ESTIMATED
LTFRB_PUJ1073,0,Dense Urban Trunk,1.0566,False,0.9246,0.3229,typology-v1-ab8203c9,ML_ESTIMATED
LTFRB_PUJ1074,0,Dense Urban Trunk,1.341,False,0.6941,0.212,typology-v1-ab8203c9,ML_ESTIMATED
LTFRB_PUJ1075,0,Dense Urban Trunk,0.9811,False,1.3639,0.7121,typology-v1-ab8203c9,ML_ESTIMATED
LTFRB_PUJ1076,0,Dense Urban Trunk,1.0286,False,1.4479,0.8099,typology-v1-ab8203c9,ML_ESTIMATED
LTFRB_PUJ1077,0,Dense Urban Trunk,1.3885,False,0.7172,0.5059,typology-v1-ab8203c9,ML_ESTIMATED
LTFRB_PUJ1078,0,Dense Urban Trunk,1.1906,False,0.8489,0.452,typology-v1-ab8203c9,ML_ESTIMATED
LTFRB_PUJ1079,0,Dense Urban Trunk,1.0969,False,0.9969,0.356,typology-v1-ab8203c9,ML_ESTIMATED
LTFRB_PUJ1080,0,Dense Urban Trunk,1.1427,False,0.9397,0.2514,typology-v1-ab8203c9,ML_ESTIMATED
LTFRB_PUJ1081,1,High-Stop-Density Core,1.6802,False,-0.0636,0.1547,typology-v1-ab8203c9,ML_ESTIMATED
LTFRB_PUJ1083,0,Dense Urban Trunk,0.3912,False,1.6785,-0.1626,typology-v1-ab8203c9,ML_ESTIMATED
LTFRB_PUJ1084,0,Dense Urban Trunk,0.9035,False,1.5514,-0.1521,typology-v1-ab8203c9,ML_ESTIMATED
LTFRB_PUJ1085,0,Dense Urban Trunk,1.5993,False,0.437,0.5089,typology-v1-ab8203c9,ML_ESTIMATED
LTFRB_PUJ1086,0,Dense Urban Trunk,1.5691,False,0.4741,0.4737,typology-v1-ab8203c9,ML_ESTIMATED
LTFRB_PUJ1087,1,High-Stop-Density Core,1.611,False,0.145,-0.2351,typology-v1-ab8203c9,ML_ESTIMATED
LTFRB_PUJ1088,0,Dense Urban Trunk,1.6483,False,0.3943,-0.3268,typology-v1-ab8203c9,ML_ESTIMATED
LTFRB_PUJ1089,0,Dense Urban Trunk,1.0748,False,1.0817,0.6158,typology-v1-ab8203c9,ML_ESTIMATED
LTFRB_PUJ1090,0,Dense Urban Trunk,1.0874,False,1.0866,0.6288,typology-v1-ab8203c9,ML_ESTIMATED
LTFRB_PUJ1091,0,Dense Urban Trunk,1.1594,False,1.2506,0.7715,typology-v1-ab8203c9,ML_ESTIMATED
LTFRB_PUJ1094,0,Dense Urban Trunk,1.0061,False,1.0536,0.3665,typology-v1-ab8203c9,ML_ESTIMATED
LTFRB_PUJ1095,0,Dense Urban Trunk,1.4893,False,1.2506,-1.1007,typology-v1-ab8203c9,ML_ESTIMATED
LTFRB_PUJ1096,0,Dense Urban Trunk,1.4893,False,1.2506,-1.1007,typology-v1-ab8203c9,ML_ESTIMATED
LTFRB_PUJ1097,0,Dense Urban Trunk,1.5545,False,1.1563,-1.073,typology-v1-ab8203c9,ML_ESTIMATED
LTFRB_PUJ1098,0,Dense Urban Trunk,1.0946,False,1.4036,-0.8735,typology-v1-ab8203c9,ML_ESTIMATED
LTFRB_PUJ1099,1,High-Stop-Density Core,1.825,False,-0.0952,-0.291,typology-v1-ab8203c9,ML_ESTIMATED
LTFRB_PUJ1100,1,High-Stop-Density Core,1.5582,False,0.1828,-0.1233,typology-v1-ab8203c9,ML_ESTIMATED
LTFRB_PUJ1101,0,Dense Urban Trunk,1.2385,False,2.9698,-0.1724,typology-v1-ab8203c9,ML_ESTIMATED
LTFRB_PUJ1102,0,Dense Urban Trunk,1.2445,False,3.0197,-0.2059,typology-v1-ab8203c9,ML_ESTIMATED
LTFRB_PUJ1103,1,High-Stop-Density Core,1.5368,False,-2.1921,0.8827,typology-v1-ab8203c9,ML_ESTIMATED
LTFRB_PUJ1104,1,High-Stop-Density Core,1.4401,False,-2.2456,0.837,typology-v1-ab8203c9,ML_ESTIMATED
LTFRB_PUJ1105,1,High-Stop-Density Core,1.7869,False,-2.3772,0.6449,typology-v1-ab8203c9,ML_ESTIMATED
LTFRB_PUJ1106,1,High-Stop-Density Core,1.7396,False,-2.3455,0.6586,typology-v1-ab8203c9,ML_ESTIMATED
LTFRB_PUJ1107,0,Dense Urban Trunk,3.919,True,0.7535,-3.6879,typology-v1-ab8203c9,ML_ESTIMATED
LTFRB_PUJ1108,0,Dense Urban Trunk,3.8687,True,0.9593,-3.6712,typology-v1-ab8203c9,ML_ESTIMATED
LTFRB_PUJ1109,0,Dense Urban Trunk,0.9215,False,1.6452,0.6821,typology-v1-ab8203c9,ML_ESTIMATED
LTFRB_PUJ1110,0,Dense Urban Trunk,0.9093,False,1.6189,0.6941,typology-v1-ab8203c9,ML_ESTIMATED
LTFRB_PUJ1111,1,High-Stop-Density Core,0.8653,False,-1.2594,0.5556,typology-v1-ab8203c9,ML_ESTIMATED
LTFRB_PUJ1112,1,High-Stop-Density Core,0.9098,False,-1.0856,0.634,typology-v1-ab8203c9,ML_ESTIMATED
LTFRB_PUJ1113,1,High-Stop-Density Core,2.3179,False,-2.4708,-1.9812,typology-v1-ab8203c9,ML_ESTIMATED
LTFRB_PUJ1114,1,High-Stop-Density Core,2.3493,False,-2.2101,-0.9077,typology-v1-ab8203c9,ML_ESTIMATED
LTFRB_PUJ1116,2,Long Regional Connector,4.4665,False,-1.7566,1.2008,typology-v1-ab8203c9,ML_ESTIMATED
LTFRB_PUJ1117,1,High-Stop-Density Core,1.2362,False,-0.4885,0.5138,typology-v1-ab8203c9,ML_ESTIMATED
LTFRB_PUJ1118,1,High-Stop-Density Core,1.4956,False,-0.1181,0.3061,typology-v1-ab8203c9,ML_ESTIMATED
LTFRB_PUJ1121,1,High-Stop-Density Core,1.027,False,-1.9611,0.6535,typology-v1-ab8203c9,ML_ESTIMATED
LTFRB_PUJ1122,2,Long Regional Connector,2.5354,False,-2.3293,1.3185,typology-v1-ab8203c9,ML_ESTIMATED
LTFRB_PUJ1123,2,Long Regional Connector,1.4813,False,-2.5591,1.6734,typology-v1-ab8203c9,ML_ESTIMATED
LTFRB_PUJ1124,1,High-Stop-Density Core,1.2907,False,-2.1608,0.8611,typology-v1-ab8203c9,ML_ESTIMATED
LTFRB_PUJ1125,2,Long Regional Connector,1.6292,False,-2.1506,1.4047,typology-v1-ab8203c9,ML_ESTIMATED
LTFRB_PUJ1128,1,High-Stop-Density Core,0.8746,False,-1.5854,0.7517,typology-v1-ab8203c9,ML_ESTIMATED
LTFRB_PUJ1129,2,Long Regional Connector,5.4187,False,-3.0073,1.173,typology-v1-ab8203c9,ML_ESTIMATED
LTFRB_PUJ1130,1,High-Stop-Density Core,1.1477,False,-1.3942,0.8287,typology-v1-ab8203c9,ML_ESTIMATED
LTFRB_PUJ1131,1,High-Stop-Density Core,1.1477,False,-1.3942,0.8287,typology-v1-ab8203c9,ML_ESTIMATED
LTFRB_PUJ1132,0,Dense Urban Trunk,1.1185,False,1.8195,0.4183,typology-v1-ab8203c9,ML_ESTIMATED
LTFRB_PUJ1133,0,Dense Urban Trunk,1.1185,False,1.8195,0.4183,typology-v1-ab8203c9,ML_ESTIMATED
LTFRB_PUJ1134,1,High-Stop-Density Core,2.8195,False,-1.6147,0.0176,typology-v1-ab8203c9,ML_ESTIMATED
LTFRB_PUJ1135,1,High-Stop-Density Core,2.8195,False,-1.6147,0.0176,typology-v1-ab8203c9,ML_ESTIMATED
LTFRB_PUJ1136,0,Dense Urban Trunk,1.6154,False,2.5429,0.6664,typology-v1-ab8203c9,ML_ESTIMATED
LTFRB_PUJ1137,0,Dense Urban Trunk,1.2523,False,2.0661,0.7794,typology-v1-ab8203c9,ML_ESTIMATED
LTFRB_PUJ1138,1,High-Stop-Density Core,1.5652,False,-2.1755,0.4925,typology-v1-ab8203c9,ML_ESTIMATED
LTFRB_PUJ1139,1,High-Stop-Density Core,2.1466,False,-2.1595,0.3891,typology-v1-ab8203c9,ML_ESTIMATED
LTFRB_PUJ1140,0,Dense Urban Trunk,1.6704,False,0.8835,0.7803,typology-v1-ab8203c9,ML_ESTIMATED
LTFRB_PUJ1141,0,Dense Urban Trunk,1.8938,False,0.5474,0.7358,typology-v1-ab8203c9,ML_ESTIMATED
LTFRB_PUJ1142,1,High-Stop-Density Core,2.7199,False,-1.6054,0.3172,typology-v1-ab8203c9,ML_ESTIMATED
LTFRB_PUJ1143,1,High-Stop-Density Core,2.7199,False,-1.6054,0.3172,typology-v1-ab8203c9,ML_ESTIMATED
LTFRB_PUJ1144,1,High-Stop-Density Core,1.8452,False,-1.1294,1.5076,typology-v1-ab8203c9,ML_ESTIMATED
LTFRB_PUJ1145,1,High-Stop-Density Core,2.3314,False,-0.8969,1.7559,typology-v1-ab8203c9,ML_ESTIMATED
LTFRB_PUJ1146,0,Dense Urban Trunk,1.7086,False,3.3264,-0.6545,typology-v1-ab8203c9,ML_ESTIMATED
LTFRB_PUJ1147,0,Dense Urban Trunk,1.8115,False,3.45,-0.6543,typology-v1-ab8203c9,ML_ESTIMATED
LTFRB_PUJ1148,1,High-Stop-Density Core,2.6142,False,-2.0474,-2.1157,typology-v1-ab8203c9,ML_ESTIMATED
LTFRB_PUJ1149,1,High-Stop-Density Core,2.6155,False,-2.0471,-2.1152,typology-v1-ab8203c9,ML_ESTIMATED
LTFRB_PUJ1150,0,Dense Urban Trunk,1.2697,False,0.9607,0.6119,typology-v1-ab8203c9,ML_ESTIMATED
LTFRB_PUJ1151,0,Dense Urban Trunk,1.2995,False,0.9504,0.6058,typology-v1-ab8203c9,ML_ESTIMATED
LTFRB_PUJ1152,0,Dense Urban Trunk,4.0192,True,5.7639,-0.5724,typology-v1-ab8203c9,ML_ESTIMATED
LTFRB_PUJ1153,0,Dense Urban Trunk,4.1015,True,5.8532,-0.5974,typology-v1-ab8203c9,ML_ESTIMATED
LTFRB_PUJ1154,0,Dense Urban Trunk,2.8751,False,4.0439,-1.5922,typology-v1-ab8203c9,ML_ESTIMATED
LTFRB_PUJ1155,0,Dense Urban Trunk,2.8585,False,4.0978,-1.503,typology-v1-ab8203c9,ML_ESTIMATED
LTFRB_PUJ1156,0,Dense Urban Trunk,4.6674,True,6.0586,-0.3005,typology-v1-ab8203c9,ML_ESTIMATED
LTFRB_PUJ1157,0,Dense Urban Trunk,4.3264,True,5.6632,-0.5021,typology-v1-ab8203c9,ML_ESTIMATED
LTFRB_PUJ1159,1,High-Stop-Density Core,2.3092,False,-1.8571,0.7276,typology-v1-ab8203c9,ML_ESTIMATED
LTFRB_PUJ1160,1,High-Stop-Density Core,1.1008,False,-1.1328,0.4395,typology-v1-ab8203c9,ML_ESTIMATED
LTFRB_PUJ1161,1,High-Stop-Density Core,1.2875,False,-1.1202,0.4063,typology-v1-ab8203c9,ML_ESTIMATED
LTFRB_PUJ1162,1,High-Stop-Density Core,1.3879,False,-2.0033,0.9014,typology-v1-ab8203c9,ML_ESTIMATED
LTFRB_PUJ1163,1,High-Stop-Density Core,1.3798,False,-2.0349,0.8948,typology-v1-ab8203c9,ML_ESTIMATED
LTFRB_PUJ1164,0,Dense Urban Trunk,1.2626,False,1.1296,0.8987,typology-v1-ab8203c9,ML_ESTIMATED
LTFRB_PUJ1165,0,Dense Urban Trunk,1.49,False,1.0134,0.9477,typology-v1-ab8203c9,ML_ESTIMATED
LTFRB_PUJ1166,0,Dense Urban Trunk,1.3375,False,0.8901,0.5176,typology-v1-ab8203c9,ML_ESTIMATED
LTFRB_PUJ1167,0,Dense Urban Trunk,1.2374,False,0.8511,0.3684,typology-v1-ab8203c9,ML_ESTIMATED
LTFRB_PUJ1168,0,Dense Urban Trunk,1.5427,False,0.6786,0.7788,typology-v1-ab8203c9,ML_ESTIMATED
LTFRB_PUJ1169,0,Dense Urban Trunk,1.4908,False,0.7939,0.8811,typology-v1-ab8203c9,ML_ESTIMATED
LTFRB_PUJ1170,1,High-Stop-Density Core,1.7177,False,0.0649,0.272,typology-v1-ab8203c9,ML_ESTIMATED
LTFRB_PUJ1171,0,Dense Urban Trunk,1.6405,False,0.4236,0.5651,typology-v1-ab8203c9,ML_ESTIMATED
LTFRB_PUJ1172,1,High-Stop-Density Core,2.4683,False,-1.8801,0.7083,typology-v1-ab8203c9,ML_ESTIMATED
LTFRB_PUJ1173,2,Long Regional Connector,2.8051,False,-1.3763,2.2878,typology-v1-ab8203c9,ML_ESTIMATED
LTFRB_PUJ1174,0,Dense Urban Trunk,1.4231,False,1.2557,1.1022,typology-v1-ab8203c9,ML_ESTIMATED
LTFRB_PUJ1175,0,Dense Urban Trunk,1.475,False,1.2272,1.1146,typology-v1-ab8203c9,ML_ESTIMATED
LTFRB_PUJ1176,0,Dense Urban Trunk,1.328,False,1.0841,0.9472,typology-v1-ab8203c9,ML_ESTIMATED
LTFRB_PUJ1177,0,Dense Urban Trunk,1.3631,False,1.0537,0.9691,typology-v1-ab8203c9,ML_ESTIMATED
LTFRB_PUJ1178,0,Dense Urban Trunk,1.1721,False,0.8547,0.454,typology-v1-ab8203c9,ML_ESTIMATED
LTFRB_PUJ1179,0,Dense Urban Trunk,1.3965,False,0.7238,0.5238,typology-v1-ab8203c9,ML_ESTIMATED
LTFRB_PUJ1180,1,High-Stop-Density Core,1.3244,False,-0.2967,0.7461,typology-v1-ab8203c9,ML_ESTIMATED
LTFRB_PUJ1181,1,High-Stop-Density Core,1.376,False,-0.2661,0.7845,typology-v1-ab8203c9,ML_ESTIMATED
LTFRB_PUJ1182,1,High-Stop-Density Core,0.8193,False,-1.9741,0.2935,typology-v1-ab8203c9,ML_ESTIMATED
LTFRB_PUJ1183,1,High-Stop-Density Core,0.8084,False,-1.9522,0.2685,typology-v1-ab8203c9,ML_ESTIMATED
LTFRB_PUJ1184,1,High-Stop-Density Core,2.254,False,0.0968,0.6782,typology-v1-ab8203c9,ML_ESTIMATED
LTFRB_PUJ1185,1,High-Stop-Density Core,2.2276,False,0.0606,0.6824,typology-v1-ab8203c9,ML_ESTIMATED
LTFRB_PUJ1186,1,High-Stop-Density Core,1.598,False,0.1293,0.5726,typology-v1-ab8203c9,ML_ESTIMATED
LTFRB_PUJ1187,1,High-Stop-Density Core,1.7111,False,0.2204,0.6577,typology-v1-ab8203c9,ML_ESTIMATED
LTFRB_PUJ1188,1,High-Stop-Density Core,1.9395,False,-1.4186,1.2681,typology-v1-ab8203c9,ML_ESTIMATED
LTFRB_PUJ1189,1,High-Stop-Density Core,1.7933,False,-1.1453,1.3536,typology-v1-ab8203c9,ML_ESTIMATED
LTFRB_PUJ1190,1,High-Stop-Density Core,1.9179,False,-1.4554,1.2506,typology-v1-ab8203c9,ML_ESTIMATED
LTFRB_PUJ1191,1,High-Stop-Density Core,1.6668,False,-1.4005,1.2104,typology-v1-ab8203c9,ML_ESTIMATED
LTFRB_PUJ1192,1,High-Stop-Density Core,1.8028,False,-1.2896,1.2,typology-v1-ab8203c9,ML_ESTIMATED
LTFRB_PUJ1193,2,Long Regional Connector,2.1933,False,-2.0091,1.9015,typology-v1-ab8203c9,ML_ESTIMATED
LTFRB_PUJ1194,1,High-Stop-Density Core,1.8361,False,-0.542,1.2885,typology-v1-ab8203c9,ML_ESTIMATED
LTFRB_PUJ1195,1,High-Stop-Density Core,1.8632,False,-0.5347,1.2942,typology-v1-ab8203c9,ML_ESTIMATED
LTFRB_PUJ1196,1,High-Stop-Density Core,1.456,False,-1.4498,0.0746,typology-v1-ab8203c9,ML_ESTIMATED
LTFRB_PUJ1197,1,High-Stop-Density Core,1.426,False,-1.5117,0.1073,typology-v1-ab8203c9,ML_ESTIMATED
LTFRB_PUJ1198,1,High-Stop-Density Core,1.4825,False,-2.4018,0.6549,typology-v1-ab8203c9,ML_ESTIMATED
LTFRB_PUJ1199,1,High-Stop-Density Core,1.2325,False,-2.2179,0.7454,typology-v1-ab8203c9,ML_ESTIMATED
LTFRB_PUJ1200,0,Dense Urban Trunk,0.6895,False,1.6473,-0.3836,typology-v1-ab8203c9,ML_ESTIMATED
LTFRB_PUJ1201,0,Dense Urban Trunk,0.806,False,1.3676,-0.4363,typology-v1-ab8203c9,ML_ESTIMATED
LTFRB_PUJ1202,1,High-Stop-Density Core,1.3273,False,-0.6714,-0.9253,typology-v1-ab8203c9,ML_ESTIMATED
LTFRB_PUJ1203,1,High-Stop-Density Core,1.3248,False,-0.7914,-1.0264,typology-v1-ab8203c9,ML_ESTIMATED
LTFRB_PUJ1204,0,Dense Urban Trunk,1.2407,False,0.7602,-0.0957,typology-v1-ab8203c9,ML_ESTIMATED
LTFRB_PUJ1205,0,Dense Urban Trunk,1.0355,False,0.9504,-0.0605,typology-v1-ab8203c9,ML_ESTIMATED
LTFRB_PUJ1206,1,High-Stop-Density Core,1.0609,False,-0.8689,-0.3261,typology-v1-ab8203c9,ML_ESTIMATED
LTFRB_PUJ1207,1,High-Stop-Density Core,1.0954,False,-0.8744,-0.3322,typology-v1-ab8203c9,ML_ESTIMATED
LTFRB_PUJ1208,1,High-Stop-Density Core,1.9014,False,-1.12,-1.6494,typology-v1-ab8203c9,ML_ESTIMATED
LTFRB_PUJ1209,1,High-Stop-Density Core,2.1268,False,-0.9311,-1.6732,typology-v1-ab8203c9,ML_ESTIMATED
LTFRB_PUJ1210,1,High-Stop-Density Core,1.7916,False,-1.2448,-1.6606,typology-v1-ab8203c9,ML_ESTIMATED
LTFRB_PUJ1211,1,High-Stop-Density Core,1.8349,False,-1.3757,-1.6209,typology-v1-ab8203c9,ML_ESTIMATED
LTFRB_PUJ1212,1,High-Stop-Density Core,1.6915,False,-0.8429,-0.1627,typology-v1-ab8203c9,ML_ESTIMATED
LTFRB_PUJ1213,1,High-Stop-Density Core,1.5234,False,-0.7401,-0.0415,typology-v1-ab8203c9,ML_ESTIMATED
LTFRB_PUJ1214,1,High-Stop-Density Core,1.2678,False,-2.1413,-0.1862,typology-v1-ab8203c9,ML_ESTIMATED
LTFRB_PUJ1215,1,High-Stop-Density Core,1.2678,False,-2.1413,-0.1862,typology-v1-ab8203c9,ML_ESTIMATED
LTFRB_PUJ1216,1,High-Stop-Density Core,0.7464,False,-1.6654,0.1355,typology-v1-ab8203c9,ML_ESTIMATED
LTFRB_PUJ1217,1,High-Stop-Density Core,0.7464,False,-1.6654,0.1355,typology-v1-ab8203c9,ML_ESTIMATED
LTFRB_PUJ1218,0,Dense Urban Trunk,1.318,False,1.8381,-1.1313,typology-v1-ab8203c9,ML_ESTIMATED
LTFRB_PUJ1219,0,Dense Urban Trunk,1.318,False,1.8381,-1.1313,typology-v1-ab8203c9,ML_ESTIMATED
LTFRB_PUJ1220,1,High-Stop-Density Core,1.5132,False,-2.1015,-0.9387,typology-v1-ab8203c9,ML_ESTIMATED
LTFRB_PUJ1221,1,High-Stop-Density Core,1.4241,False,-2.1652,-0.8877,typology-v1-ab8203c9,ML_ESTIMATED
LTFRB_PUJ1222,1,High-Stop-Density Core,0.584,False,-1.5834,-0.1451,typology-v1-ab8203c9,ML_ESTIMATED
LTFRB_PUJ1223,1,High-Stop-Density Core,0.7381,False,-1.6204,-0.0144,typology-v1-ab8203c9,ML_ESTIMATED
LTFRB_PUJ1224,0,Dense Urban Trunk,1.8564,False,0.7543,1.1741,typology-v1-ab8203c9,ML_ESTIMATED
LTFRB_PUJ1225,0,Dense Urban Trunk,2.0551,False,0.4804,1.0842,typology-v1-ab8203c9,ML_ESTIMATED
LTFRB_PUJ1226,0,Dense Urban Trunk,1.2252,False,1.2171,0.8615,typology-v1-ab8203c9,ML_ESTIMATED
LTFRB_PUJ1227,0,Dense Urban Trunk,1.2314,False,1.2869,0.9459,typology-v1-ab8203c9,ML_ESTIMATED
LTFRB_PUJ1228,1,High-Stop-Density Core,1.9211,False,-2.3911,0.1313,typology-v1-ab8203c9,ML_ESTIMATED
LTFRB_PUJ1229,1,High-Stop-Density Core,1.9211,False,-2.3911,0.1313,typology-v1-ab8203c9,ML_ESTIMATED
LTFRB_PUJ1230,0,Dense Urban Trunk,1.34,False,1.4624,1.1263,typology-v1-ab8203c9,ML_ESTIMATED
LTFRB_PUJ1232,0,Dense Urban Trunk,1.9878,False,0.2568,1.0284,typology-v1-ab8203c9,ML_ESTIMATED
LTFRB_PUJ1233,1,High-Stop-Density Core,1.6484,False,-0.1167,0.8666,typology-v1-ab8203c9,ML_ESTIMATED
LTFRB_PUJ1234,0,Dense Urban Trunk,1.0298,False,2.8746,0.2177,typology-v1-ab8203c9,ML_ESTIMATED
LTFRB_PUJ1235,0,Dense Urban Trunk,1.2322,False,3.0381,0.2108,typology-v1-ab8203c9,ML_ESTIMATED
LTFRB_PUJ1236,1,High-Stop-Density Core,1.3089,False,-1.6418,0.0373,typology-v1-ab8203c9,ML_ESTIMATED
LTFRB_PUJ1237,2,Long Regional Connector,1.0376,False,-2.2417,0.9769,typology-v1-ab8203c9,ML_ESTIMATED
LTFRB_PUJ1238,1,High-Stop-Density Core,1.6559,False,-0.6873,1.3256,typology-v1-ab8203c9,ML_ESTIMATED
LTFRB_PUJ1239,1,High-Stop-Density Core,1.7137,False,-0.7077,1.3499,typology-v1-ab8203c9,ML_ESTIMATED
LTFRB_PUJ1240,0,Dense Urban Trunk,4.6277,True,6.3653,0.235,typology-v1-ab8203c9,ML_ESTIMATED
LTFRB_PUJ1241,0,Dense Urban Trunk,4.7921,True,6.5842,0.1893,typology-v1-ab8203c9,ML_ESTIMATED
LTFRB_PUJ1243,1,High-Stop-Density Core,1.2044,False,-1.9367,0.55,typology-v1-ab8203c9,ML_ESTIMATED
LTFRB_PUJ1244,0,Dense Urban Trunk,1.731,False,0.2994,0.286,typology-v1-ab8203c9,ML_ESTIMATED
LTFRB_PUJ1245,0,Dense Urban Trunk,1.6452,False,0.4025,0.2845,typology-v1-ab8203c9,ML_ESTIMATED
LTFRB_PUJ1246,0,Dense Urban Trunk,1.3939,False,1.0254,0.8848,typology-v1-ab8203c9,ML_ESTIMATED
LTFRB_PUJ1247,0,Dense Urban Trunk,1.1487,False,1.3323,0.8348,typology-v1-ab8203c9,ML_ESTIMATED
LTFRB_PUJ1248,1,High-Stop-Density Core,1.0995,False,-1.7437,0.6971,typology-v1-ab8203c9,ML_ESTIMATED
LTFRB_PUJ1249,1,High-Stop-Density Core,2.2314,False,-1.2476,0.7359,typology-v1-ab8203c9,ML_ESTIMATED
LTFRB_PUJ1250,1,High-Stop-Density Core,3.0976,False,-2.384,-0.5475,typology-v1-ab8203c9,ML_ESTIMATED
LTFRB_PUJ1251,1,High-Stop-Density Core,3.0976,False,-2.384,-0.5475,typology-v1-ab8203c9,ML_ESTIMATED
LTFRB_PUJ1252,2,Long Regional Connector,4.2515,False,-2.6879,1.6136,typology-v1-ab8203c9,ML_ESTIMATED
LTFRB_PUJ1253,1,High-Stop-Density Core,0.3602,False,-1.3826,0.1906,typology-v1-ab8203c9,ML_ESTIMATED
LTFRB_PUJ1254,1,High-Stop-Density Core,1.8719,False,-2.0402,1.0678,typology-v1-ab8203c9,ML_ESTIMATED
LTFRB_PUJ1255,1,High-Stop-Density Core,1.5668,False,-1.7935,1.1201,typology-v1-ab8203c9,ML_ESTIMATED
LTFRB_PUJ1256,1,High-Stop-Density Core,1.7854,False,-1.7581,1.0581,typology-v1-ab8203c9,ML_ESTIMATED
LTFRB_PUJ1257,1,High-Stop-Density Core,1.644,False,-1.6913,1.1178,typology-v1-ab8203c9,ML_ESTIMATED
LTFRB_PUJ1258,0,Dense Urban Trunk,2.2577,False,0.9612,1.6758,typology-v1-ab8203c9,ML_ESTIMATED
LTFRB_PUJ1259,0,Dense Urban Trunk,2.2241,False,0.9987,1.6371,typology-v1-ab8203c9,ML_ESTIMATED
LTFRB_PUJ1260,1,High-Stop-Density Core,1.7558,False,-0.0632,0.9447,typology-v1-ab8203c9,ML_ESTIMATED
LTFRB_PUJ1261,1,High-Stop-Density Core,1.5012,False,-0.2407,0.7173,typology-v1-ab8203c9,ML_ESTIMATED
LTFRB_PUJ1262,0,Dense Urban Trunk,1.786,False,0.2637,0.5437,typology-v1-ab8203c9,ML_ESTIMATED
LTFRB_PUJ1263,1,High-Stop-Density Core,1.3219,False,-0.3679,0.1737,typology-v1-ab8203c9,ML_ESTIMATED
LTFRB_PUJ1264,0,Dense Urban Trunk,1.4166,False,1.5015,0.5167,typology-v1-ab8203c9,ML_ESTIMATED
LTFRB_PUJ1265,0,Dense Urban Trunk,1.4287,False,1.5336,0.5082,typology-v1-ab8203c9,ML_ESTIMATED
LTFRB_PUJ1266,1,High-Stop-Density Core,1.8442,False,-1.0535,1.1004,typology-v1-ab8203c9,ML_ESTIMATED
LTFRB_PUJ1267,1,High-Stop-Density Core,1.4871,False,-1.0665,1.2477,typology-v1-ab8203c9,ML_ESTIMATED
LTFRB_PUJ1268,1,High-Stop-Density Core,2.1725,False,-0.0657,1.0044,typology-v1-ab8203c9,ML_ESTIMATED
LTFRB_PUJ1269,1,High-Stop-Density Core,2.3294,False,0.016,0.966,typology-v1-ab8203c9,ML_ESTIMATED
LTFRB_PUJ1270,0,Dense Urban Trunk,1.661,False,0.8194,1.1239,typology-v1-ab8203c9,ML_ESTIMATED
LTFRB_PUJ1271,0,Dense Urban Trunk,1.987,False,0.5228,1.07,typology-v1-ab8203c9,ML_ESTIMATED
LTFRB_PUJ1272,0,Dense Urban Trunk,2.4827,False,1.0407,1.8343,typology-v1-ab8203c9,ML_ESTIMATED
LTFRB_PUJ1273,0,Dense Urban Trunk,2.7732,False,1.2073,2.0276,typology-v1-ab8203c9,ML_ESTIMATED
LTFRB_PUJ1274,0,Dense Urban Trunk,2.0495,False,0.3702,0.9702,typology-v1-ab8203c9,ML_ESTIMATED
LTFRB_PUJ1275,0,Dense Urban Trunk,1.9297,False,0.4441,0.9512,typology-v1-ab8203c9,ML_ESTIMATED
LTFRB_PUJ1276,1,High-Stop-Density Core,1.8855,False,-2.0284,0.9522,typology-v1-ab8203c9,ML_ESTIMATED
LTFRB_PUJ1277,1,High-Stop-Density Core,1.8855,False,-2.0284,0.9522,typology-v1-ab8203c9,ML_ESTIMATED
LTFRB_PUJ1278,1,High-Stop-Density Core,2.0828,False,-0.2002,1.3976,typology-v1-ab8203c9,ML_ESTIMATED
LTFRB_PUJ1279,1,High-Stop-Density Core,2.0609,False,-0.2072,1.3924,typology-v1-ab8203c9,ML_ESTIMATED
LTFRB_PUJ1280,1,High-Stop-Density Core,1.1699,False,-0.6639,0.6681,typology-v1-ab8203c9,ML_ESTIMATED
LTFRB_PUJ1281,1,High-Stop-Density Core,1.1581,False,-0.7023,0.6706,typology-v1-ab8203c9,ML_ESTIMATED
LTFRB_PUJ1282,1,High-Stop-Density Core,2.7153,False,0.1158,1.3416,typology-v1-ab8203c9,ML_ESTIMATED
LTFRB_PUJ1283,1,High-Stop-Density Core,2.4578,False,0.0986,1.4508,typology-v1-ab8203c9,ML_ESTIMATED
LTFRB_PUJ1284,1,High-Stop-Density Core,2.1827,False,0.067,1.3477,typology-v1-ab8203c9,ML_ESTIMATED
LTFRB_PUJ1285,1,High-Stop-Density Core,2.1827,False,0.067,1.3477,typology-v1-ab8203c9,ML_ESTIMATED
LTFRB_PUJ1286,1,High-Stop-Density Core,2.3075,False,-2.3776,0.3837,typology-v1-ab8203c9,ML_ESTIMATED
LTFRB_PUJ1288,0,Dense Urban Trunk,1.6808,False,1.2712,1.333,typology-v1-ab8203c9,ML_ESTIMATED
LTFRB_PUJ1289,0,Dense Urban Trunk,1.8551,False,0.9799,1.266,typology-v1-ab8203c9,ML_ESTIMATED
LTFRB_PUJ1290,1,High-Stop-Density Core,1.4938,False,-2.0389,0.8886,typology-v1-ab8203c9,ML_ESTIMATED
LTFRB_PUJ1291,1,High-Stop-Density Core,1.4938,False,-2.0389,0.8886,typology-v1-ab8203c9,ML_ESTIMATED
LTFRB_PUJ1292,1,High-Stop-Density Core,0.6996,False,-1.9047,-0.2775,typology-v1-ab8203c9,ML_ESTIMATED
LTFRB_PUJ1293,1,High-Stop-Density Core,0.5884,False,-1.7295,0.2533,typology-v1-ab8203c9,ML_ESTIMATED
LTFRB_PUJ1294,1,High-Stop-Density Core,3.0364,False,-2.3552,0.5883,typology-v1-ab8203c9,ML_ESTIMATED
LTFRB_PUJ1295,1,High-Stop-Density Core,3.0364,False,-2.3552,0.5883,typology-v1-ab8203c9,ML_ESTIMATED
LTFRB_PUJ1296,1,High-Stop-Density Core,1.6559,False,-1.5022,1.026,typology-v1-ab8203c9,ML_ESTIMATED
LTFRB_PUJ1297,1,High-Stop-Density Core,1.6297,False,-1.2882,1.2595,typology-v1-ab8203c9,ML_ESTIMATED
LTFRB_PUJ1298,1,High-Stop-Density Core,1.7385,False,-1.9508,1.012,typology-v1-ab8203c9,ML_ESTIMATED
LTFRB_PUJ1299,1,High-Stop-Density Core,1.3754,False,-1.8535,0.8106,typology-v1-ab8203c9,ML_ESTIMATED
LTFRB_PUJ1300,1,High-Stop-Density Core,0.8648,False,-1.1861,0.6458,typology-v1-ab8203c9,ML_ESTIMATED
LTFRB_PUJ1301,1,High-Stop-Density Core,1.0046,False,-1.4455,0.7473,typology-v1-ab8203c9,ML_ESTIMATED
LTFRB_PUJ1304,1,High-Stop-Density Core,0.7355,False,-0.9414,-0.5965,typology-v1-ab8203c9,ML_ESTIMATED
LTFRB_PUJ1305,1,High-Stop-Density Core,1.5354,False,-1.1019,-1.4759,typology-v1-ab8203c9,ML_ESTIMATED
LTFRB_PUJ1306,1,High-Stop-Density Core,1.4121,False,-0.4064,0.7686,typology-v1-ab8203c9,ML_ESTIMATED
LTFRB_PUJ1307,1,High-Stop-Density Core,0.9552,False,-0.6841,0.4149,typology-v1-ab8203c9,ML_ESTIMATED
LTFRB_PUJ1308,0,Dense Urban Trunk,2.5712,False,0.3195,0.0078,typology-v1-ab8203c9,ML_ESTIMATED
LTFRB_PUJ1309,0,Dense Urban Trunk,2.5712,False,0.3195,0.0078,typology-v1-ab8203c9,ML_ESTIMATED
LTFRB_PUJ1310,1,High-Stop-Density Core,2.7507,False,-1.7115,-1.9286,typology-v1-ab8203c9,ML_ESTIMATED
LTFRB_PUJ1311,1,High-Stop-Density Core,2.8053,False,-1.7435,-1.9276,typology-v1-ab8203c9,ML_ESTIMATED
LTFRB_PUJ1312,1,High-Stop-Density Core,1.4987,False,-1.705,0.8053,typology-v1-ab8203c9,ML_ESTIMATED
LTFRB_PUJ1313,1,High-Stop-Density Core,1.4987,False,-1.705,0.8053,typology-v1-ab8203c9,ML_ESTIMATED
LTFRB_PUJ1314,0,Dense Urban Trunk,3.0647,False,4.3124,-1.5972,typology-v1-ab8203c9,ML_ESTIMATED
LTFRB_PUJ1315,0,Dense Urban Trunk,3.1524,False,4.3891,-1.6103,typology-v1-ab8203c9,ML_ESTIMATED
LTFRB_PUJ1316,1,High-Stop-Density Core,3.0976,False,-2.0363,-2.8216,typology-v1-ab8203c9,ML_ESTIMATED
LTFRB_PUJ1317,1,High-Stop-Density Core,2.693,False,-2.0814,-2.5258,typology-v1-ab8203c9,ML_ESTIMATED
LTFRB_PUJ1318,1,High-Stop-Density Core,0.5893,False,-0.9468,0.3193,typology-v1-ab8203c9,ML_ESTIMATED
LTFRB_PUJ1319,1,High-Stop-Density Core,0.6671,False,-0.9728,0.2902,typology-v1-ab8203c9,ML_ESTIMATED
LTFRB_PUJ1321,1,High-Stop-Density Core,1.3254,False,-0.1445,-0.502,typology-v1-ab8203c9,ML_ESTIMATED
LTFRB_PUJ1322,1,High-Stop-Density Core,0.5098,False,-1.1188,0.0705,typology-v1-ab8203c9,ML_ESTIMATED
LTFRB_PUJ1323,1,High-Stop-Density Core,0.6243,False,-0.9773,0.1817,typology-v1-ab8203c9,ML_ESTIMATED
LTFRB_PUJ1324,1,High-Stop-Density Core,1.3646,False,-2.0074,-0.722,typology-v1-ab8203c9,ML_ESTIMATED
LTFRB_PUJ1325,1,High-Stop-Density Core,1.2044,False,-2.0714,-0.5141,typology-v1-ab8203c9,ML_ESTIMATED
LTFRB_PUJ1326,1,High-Stop-Density Core,0.7675,False,-0.798,0.0908,typology-v1-ab8203c9,ML_ESTIMATED
LTFRB_PUJ1327,1,High-Stop-Density Core,1.3114,False,-0.4769,0.4555,typology-v1-ab8203c9,ML_ESTIMATED
LTFRB_PUJ1328,0,Dense Urban Trunk,1.3004,False,1.7048,1.0516,typology-v1-ab8203c9,ML_ESTIMATED
LTFRB_PUJ1330,1,High-Stop-Density Core,1.8168,False,-0.1316,0.899,typology-v1-ab8203c9,ML_ESTIMATED
LTFRB_PUJ1331,1,High-Stop-Density Core,1.9924,False,-0.1031,0.8461,typology-v1-ab8203c9,ML_ESTIMATED
LTFRB_PUJ1332,0,Dense Urban Trunk,1.8963,False,0.6932,0.946,typology-v1-ab8203c9,ML_ESTIMATED
LTFRB_PUJ1333,0,Dense Urban Trunk,1.5378,False,0.9124,0.9291,typology-v1-ab8203c9,ML_ESTIMATED
LTFRB_PUJ1334,1,High-Stop-Density Core,1.5751,False,0.1514,0.2506,typology-v1-ab8203c9,ML_ESTIMATED
LTFRB_PUJ1335,1,High-Stop-Density Core,1.6069,False,0.1854,0.1537,typology-v1-ab8203c9,ML_ESTIMATED
LTFRB_PUJ1336,1,High-Stop-Density Core,1.3953,False,-2.2147,0.7532,typology-v1-ab8203c9,ML_ESTIMATED
LTFRB_PUJ1337,1,High-Stop-Density Core,1.7691,False,-2.2538,0.6595,typology-v1-ab8203c9,ML_ESTIMATED
LTFRB_PUJ1338,1,High-Stop-Density Core,1.4413,False,-1.7358,0.7857,typology-v1-ab8203c9,ML_ESTIMATED
LTFRB_PUJ1339,1,High-Stop-Density Core,1.2468,False,-2.0124,0.8592,typology-v1-ab8203c9,ML_ESTIMATED
LTFRB_PUJ1340,0,Dense Urban Trunk,0.795,False,1.7374,0.1588,typology-v1-ab8203c9,ML_ESTIMATED
LTFRB_PUJ1341,0,Dense Urban Trunk,0.8062,False,1.6785,0.1293,typology-v1-ab8203c9,ML_ESTIMATED
LTFRB_PUJ1342,1,High-Stop-Density Core,0.8889,False,-2.0731,-0.2475,typology-v1-ab8203c9,ML_ESTIMATED
LTFRB_PUJ1343,1,High-Stop-Density Core,0.8889,False,-2.0731,-0.2475,typology-v1-ab8203c9,ML_ESTIMATED
LTFRB_PUJ1344,1,High-Stop-Density Core,1.5197,False,-0.6166,0.2087,typology-v1-ab8203c9,ML_ESTIMATED
LTFRB_PUJ1345,1,High-Stop-Density Core,1.7187,False,-0.949,-0.3143,typology-v1-ab8203c9,ML_ESTIMATED
LTFRB_PUJ1346,2,Long Regional Connector,2.2916,False,-1.1278,0.7252,typology-v1-ab8203c9,ML_ESTIMATED
LTFRB_PUJ1347,1,High-Stop-Density Core,1.2679,False,-0.7171,-0.0803,typology-v1-ab8203c9,ML_ESTIMATED
LTFRB_PUJ1348,0,Dense Urban Trunk,1.0159,False,1.9565,-0.3315,typology-v1-ab8203c9,ML_ESTIMATED
LTFRB_PUJ1349,0,Dense Urban Trunk,0.9304,False,1.7345,-0.2103,typology-v1-ab8203c9,ML_ESTIMATED
LTFRB_PUJ1350,0,Dense Urban Trunk,3.5167,False,5.2667,-0.2914,typology-v1-ab8203c9,ML_ESTIMATED
LTFRB_PUJ1351,0,Dense Urban Trunk,3.0422,False,4.8148,-0.3727,typology-v1-ab8203c9,ML_ESTIMATED
LTFRB_PUJ1352,0,Dense Urban Trunk,4.1299,True,5.9637,-0.0026,typology-v1-ab8203c9,ML_ESTIMATED
LTFRB_PUJ1353,0,Dense Urban Trunk,4.7896,True,6.5882,0.1466,typology-v1-ab8203c9,ML_ESTIMATED
LTFRB_PUJ1354,0,Dense Urban Trunk,1.5657,False,0.5116,0.4915,typology-v1-ab8203c9,ML_ESTIMATED
LTFRB_PUJ1355,0,Dense Urban Trunk,1.3045,False,0.8444,0.5321,typology-v1-ab8203c9,ML_ESTIMATED
LTFRB_PUJ1356,0,Dense Urban Trunk,2.2289,False,1.7955,1.6467,typology-v1-ab8203c9,ML_ESTIMATED
LTFRB_PUJ1357,0,Dense Urban Trunk,2.1878,False,1.7828,1.6667,typology-v1-ab8203c9,ML_ESTIMATED
LTFRB_PUJ1358,1,High-Stop-Density Core,1.8607,False,-1.9188,0.9404,typology-v1-ab8203c9,ML_ESTIMATED
LTFRB_PUJ1359,1,High-Stop-Density Core,3.8301,True,-0.4447,1.2008,typology-v1-ab8203c9,ML_ESTIMATED
LTFRB_PUJ1360,1,High-Stop-Density Core,1.7527,False,0.2355,0.5753,typology-v1-ab8203c9,ML_ESTIMATED
LTFRB_PUJ1361,1,High-Stop-Density Core,1.7597,False,-0.1452,0.9586,typology-v1-ab8203c9,ML_ESTIMATED
LTFRB_PUJ1362,1,High-Stop-Density Core,1.1804,False,-1.7999,0.469,typology-v1-ab8203c9,ML_ESTIMATED
LTFRB_PUJ1363,1,High-Stop-Density Core,1.036,False,-1.8097,0.5109,typology-v1-ab8203c9,ML_ESTIMATED
LTFRB_PUJ1364,0,Dense Urban Trunk,1.0719,False,1.409,-0.1797,typology-v1-ab8203c9,ML_ESTIMATED
LTFRB_PUJ1365,0,Dense Urban Trunk,1.1408,False,1.2356,-0.0814,typology-v1-ab8203c9,ML_ESTIMATED
LTFRB_PUJ1366,1,High-Stop-Density Core,2.0731,False,-1.35,0.3988,typology-v1-ab8203c9,ML_ESTIMATED
LTFRB_PUJ1367,1,High-Stop-Density Core,1.7671,False,-1.1649,0.3767,typology-v1-ab8203c9,ML_ESTIMATED
LTFRB_PUJ1368,1,High-Stop-Density Core,2.3636,False,-0.9346,0.4863,typology-v1-ab8203c9,ML_ESTIMATED
LTFRB_PUJ1369,1,High-Stop-Density Core,2.4398,False,-0.9083,0.4737,typology-v1-ab8203c9,ML_ESTIMATED
LTFRB_PUJ1370,0,Dense Urban Trunk,1.7974,False,0.6871,0.9688,typology-v1-ab8203c9,ML_ESTIMATED
LTFRB_PUJ1371,0,Dense Urban Trunk,1.7383,False,0.6105,0.9051,typology-v1-ab8203c9,ML_ESTIMATED
LTFRB_PUJ1372,1,High-Stop-Density Core,1.1278,False,-0.9711,-0.731,typology-v1-ab8203c9,ML_ESTIMATED
LTFRB_PUJ1373,1,High-Stop-Density Core,1.2292,False,-1.0044,-0.763,typology-v1-ab8203c9,ML_ESTIMATED
LTFRB_PUJ1374,0,Dense Urban Trunk,1.939,False,3.4429,-0.6952,typology-v1-ab8203c9,ML_ESTIMATED
LTFRB_PUJ1375,0,Dense Urban Trunk,1.892,False,3.4172,-0.6856,typology-v1-ab8203c9,ML_ESTIMATED
LTFRB_PUJ1376,1,High-Stop-Density Core,0.7785,False,-1.4549,0.6282,typology-v1-ab8203c9,ML_ESTIMATED
LTFRB_PUJ1377,1,High-Stop-Density Core,0.7785,False,-1.4549,0.6282,typology-v1-ab8203c9,ML_ESTIMATED
LTFRB_PUJ1378,0,Dense Urban Trunk,1.0631,False,1.1065,0.0197,typology-v1-ab8203c9,ML_ESTIMATED
LTFRB_PUJ1379,0,Dense Urban Trunk,0.9747,False,1.2559,-0.0096,typology-v1-ab8203c9,ML_ESTIMATED
LTFRB_PUJ1380,1,High-Stop-Density Core,1.8276,False,-0.2997,-0.9363,typology-v1-ab8203c9,ML_ESTIMATED
LTFRB_PUJ1381,1,High-Stop-Density Core,1.8276,False,-0.2997,-0.9363,typology-v1-ab8203c9,ML_ESTIMATED
LTFRB_PUJ1382,0,Dense Urban Trunk,1.1381,False,1.3066,0.7386,typology-v1-ab8203c9,ML_ESTIMATED
LTFRB_PUJ1383,0,Dense Urban Trunk,1.063,False,1.556,0.8166,typology-v1-ab8203c9,ML_ESTIMATED
LTFRB_PUJ1384,1,High-Stop-Density Core,1.6514,False,-1.897,-0.5344,typology-v1-ab8203c9,ML_ESTIMATED
LTFRB_PUJ1385,1,High-Stop-Density Core,1.7043,False,-1.8892,-0.5242,typology-v1-ab8203c9,ML_ESTIMATED
LTFRB_PUJ1386,1,High-Stop-Density Core,0.9559,False,-1.4926,0.8129,typology-v1-ab8203c9,ML_ESTIMATED
LTFRB_PUJ1387,1,High-Stop-Density Core,1.0823,False,-1.5102,0.8436,typology-v1-ab8203c9,ML_ESTIMATED
LTFRB_PUJ1388,1,High-Stop-Density Core,1.6682,False,-1.1729,0.8014,typology-v1-ab8203c9,ML_ESTIMATED
LTFRB_PUJ1389,1,High-Stop-Density Core,1.442,False,-0.9333,0.7991,typology-v1-ab8203c9,ML_ESTIMATED
LTFRB_PUJ1390,1,High-Stop-Density Core,1.4713,False,-2.4311,0.6895,typology-v1-ab8203c9,ML_ESTIMATED
LTFRB_PUJ1391,1,High-Stop-Density Core,2.1895,False,-2.4962,0.8634,typology-v1-ab8203c9,ML_ESTIMATED
LTFRB_PUJ1392,1,High-Stop-Density Core,1.2506,False,-1.0849,-0.2711,typology-v1-ab8203c9,ML_ESTIMATED
LTFRB_PUJ1393,1,High-Stop-Density Core,1.1769,False,-1.2429,-0.1726,typology-v1-ab8203c9,ML_ESTIMATED
LTFRB_PUJ1394,0,Dense Urban Trunk,0.8684,False,2.5261,-0.4219,typology-v1-ab8203c9,ML_ESTIMATED
LTFRB_PUJ1395,0,Dense Urban Trunk,0.9418,False,2.5667,-0.4463,typology-v1-ab8203c9,ML_ESTIMATED
LTFRB_PUJ1396,0,Dense Urban Trunk,1.7289,False,3.5517,-0.1983,typology-v1-ab8203c9,ML_ESTIMATED
LTFRB_PUJ1397,0,Dense Urban Trunk,1.9647,False,3.7798,0.0119,typology-v1-ab8203c9,ML_ESTIMATED
LTFRB_PUJ1398,0,Dense Urban Trunk,1.2619,False,2.9747,0.0021,typology-v1-ab8203c9,ML_ESTIMATED
LTFRB_PUJ1399,0,Dense Urban Trunk,1.3715,False,3.0599,-0.0568,typology-v1-ab8203c9,ML_ESTIMATED
LTFRB_PUJ1400,0,Dense Urban Trunk,1.6088,False,3.4263,0.331,typology-v1-ab8203c9,ML_ESTIMATED
LTFRB_PUJ1401,0,Dense Urban Trunk,1.9369,False,3.7383,0.3224,typology-v1-ab8203c9,ML_ESTIMATED
LTFRB_PUJ1402,0,Dense Urban Trunk,1.3425,False,3.1219,0.3813,typology-v1-ab8203c9,ML_ESTIMATED
LTFRB_PUJ1405,0,Dense Urban Trunk,2.6248,False,4.2112,0.801,typology-v1-ab8203c9,ML_ESTIMATED
LTFRB_PUJ1406,1,High-Stop-Density Core,1.7431,False,-2.2784,-0.9804,typology-v1-ab8203c9,ML_ESTIMATED
LTFRB_PUJ1407,1,High-Stop-Density Core,1.7431,False,-2.2784,-0.9804,typology-v1-ab8203c9,ML_ESTIMATED
LTFRB_PUJ1408,1,High-Stop-Density Core,1.7054,False,-1.7346,1.1683,typology-v1-ab8203c9,ML_ESTIMATED
LTFRB_PUJ1409,1,High-Stop-Density Core,1.2044,False,-1.6967,0.9756,typology-v1-ab8203c9,ML_ESTIMATED
LTFRB_PUJ1410,1,High-Stop-Density Core,1.4423,False,-2.3646,0.9101,typology-v1-ab8203c9,ML_ESTIMATED
LTFRB_PUJ1411,1,High-Stop-Density Core,1.6682,False,-2.3375,0.8441,typology-v1-ab8203c9,ML_ESTIMATED
LTFRB_PUJ1412,1,High-Stop-Density Core,0.8711,False,-1.5274,-0.1205,typology-v1-ab8203c9,ML_ESTIMATED
LTFRB_PUJ1413,1,High-Stop-Density Core,1.5001,False,-1.8061,0.0649,typology-v1-ab8203c9,ML_ESTIMATED
LTFRB_PUJ1414,1,High-Stop-Density Core,0.8995,False,-1.5611,0.5414,typology-v1-ab8203c9,ML_ESTIMATED
LTFRB_PUJ1415,1,High-Stop-Density Core,0.8595,False,-1.8912,0.4244,typology-v1-ab8203c9,ML_ESTIMATED
LTFRB_PUJ1416,0,Dense Urban Trunk,1.0646,False,0.9459,0.4716,typology-v1-ab8203c9,ML_ESTIMATED
LTFRB_PUJ1417,0,Dense Urban Trunk,1.1572,False,0.9083,0.5045,typology-v1-ab8203c9,ML_ESTIMATED
LTFRB_PUJ1418,1,High-Stop-Density Core,1.6825,False,-1.1407,0.9274,typology-v1-ab8203c9,ML_ESTIMATED
LTFRB_PUJ1419,1,High-Stop-Density Core,1.1935,False,-1.369,0.8672,typology-v1-ab8203c9,ML_ESTIMATED
LTFRB_PUJ1420,1,High-Stop-Density Core,3.2191,True,-1.6966,0.6621,typology-v1-ab8203c9,ML_ESTIMATED
LTFRB_PUJ1421,2,Long Regional Connector,3.7613,False,-1.5715,0.8776,typology-v1-ab8203c9,ML_ESTIMATED
LTFRB_PUJ1422,1,High-Stop-Density Core,1.9256,False,-0.4244,-1.6968,typology-v1-ab8203c9,ML_ESTIMATED
LTFRB_PUJ1423,1,High-Stop-Density Core,1.4903,False,-0.3282,-1.1003,typology-v1-ab8203c9,ML_ESTIMATED
LTFRB_PUJ1424,1,High-Stop-Density Core,1.8741,False,-1.2172,-1.8581,typology-v1-ab8203c9,ML_ESTIMATED
LTFRB_PUJ1425,1,High-Stop-Density Core,1.8741,False,-1.2172,-1.8581,typology-v1-ab8203c9,ML_ESTIMATED
LTFRB_PUJ1426,0,Dense Urban Trunk,1.3453,False,2.5089,0.2956,typology-v1-ab8203c9,ML_ESTIMATED
LTFRB_PUJ1427,0,Dense Urban Trunk,1.277,False,2.5775,0.3033,typology-v1-ab8203c9,ML_ESTIMATED
LTFRB_PUJ1428,0,Dense Urban Trunk,1.9332,False,3.5883,0.2287,typology-v1-ab8203c9,ML_ESTIMATED
LTFRB_PUJ1429,0,Dense Urban Trunk,1.8512,False,3.3948,0.2595,typology-v1-ab8203c9,ML_ESTIMATED
LTFRB_PUJ1430,1,High-Stop-Density Core,3.2625,True,0.2125,-2.6597,typology-v1-ab8203c9,ML_ESTIMATED
LTFRB_PUJ1431,1,High-Stop-Density Core,3.2625,True,0.2125,-2.6597,typology-v1-ab8203c9,ML_ESTIMATED
LTFRB_PUJ1432,1,High-Stop-Density Core,3.1424,False,-0.8478,-2.343,typology-v1-ab8203c9,ML_ESTIMATED
LTFRB_PUJ1433,1,High-Stop-Density Core,0.6594,False,-1.0499,-0.4154,typology-v1-ab8203c9,ML_ESTIMATED
LTFRB_PUJ1434,1,High-Stop-Density Core,2.8293,False,0.1635,-2.2605,typology-v1-ab8203c9,ML_ESTIMATED
LTFRB_PUJ1435,1,High-Stop-Density Core,2.8293,False,0.1635,-2.2605,typology-v1-ab8203c9,ML_ESTIMATED
LTFRB_PUJ1436,0,Dense Urban Trunk,3.2083,False,2.3778,-3.071,typology-v1-ab8203c9,ML_ESTIMATED
LTFRB_PUJ1437,0,Dense Urban Trunk,3.1745,False,2.3469,-3.0398,typology-v1-ab8203c9,ML_ESTIMATED
LTFRB_PUJ1438,1,High-Stop-Density Core,3.0955,False,-1.5755,-2.6617,typology-v1-ab8203c9,ML_ESTIMATED
LTFRB_PUJ1439,1,High-Stop-Density Core,3.0955,False,-1.5755,-2.6617,typology-v1-ab8203c9,ML_ESTIMATED
LTFRB_PUJ1440,1,High-Stop-Density Core,1.0533,False,-0.3504,-0.2397,typology-v1-ab8203c9,ML_ESTIMATED
LTFRB_PUJ1441,1,High-Stop-Density Core,1.088,False,-0.324,-0.1489,typology-v1-ab8203c9,ML_ESTIMATED
LTFRB_PUJ1442,1,High-Stop-Density Core,1.5773,False,-0.0673,-0.0303,typology-v1-ab8203c9,ML_ESTIMATED
LTFRB_PUJ1443,1,High-Stop-Density Core,1.5773,False,-0.0673,-0.0303,typology-v1-ab8203c9,ML_ESTIMATED
LTFRB_PUJ1444,2,Long Regional Connector,2.7994,False,-0.0359,0.7398,typology-v1-ab8203c9,ML_ESTIMATED
LTFRB_PUJ1445,0,Dense Urban Trunk,1.6588,False,1.1526,0.0555,typology-v1-ab8203c9,ML_ESTIMATED
LTFRB_PUJ1446,0,Dense Urban Trunk,3.8764,True,1.1064,-3.6991,typology-v1-ab8203c9,ML_ESTIMATED
LTFRB_PUJ1447,0,Dense Urban Trunk,3.9172,True,0.7896,-3.6942,typology-v1-ab8203c9,ML_ESTIMATED
LTFRB_PUJ1448,0,Dense Urban Trunk,1.3099,False,0.8111,0.2315,typology-v1-ab8203c9,ML_ESTIMATED
LTFRB_PUJ1449,0,Dense Urban Trunk,1.0777,False,0.9795,0.078,typology-v1-ab8203c9,ML_ESTIMATED
LTFRB_PUJ1450,1,High-Stop-Density Core,0.9013,False,-0.9583,-0.8548,typology-v1-ab8203c9,ML_ESTIMATED
LTFRB_PUJ1451,1,High-Stop-Density Core,0.9375,False,-0.9312,-0.8694,typology-v1-ab8203c9,ML_ESTIMATED
LTFRB_PUJ1453,0,Dense Urban Trunk,0.9591,False,1.0661,-0.1302,typology-v1-ab8203c9,ML_ESTIMATED
LTFRB_PUJ1454,0,Dense Urban Trunk,3.8875,True,0.7775,-3.6514,typology-v1-ab8203c9,ML_ESTIMATED
LTFRB_PUJ1455,0,Dense Urban Trunk,3.9549,True,0.5332,-3.6555,typology-v1-ab8203c9,ML_ESTIMATED
LTFRB_PUJ1456,1,High-Stop-Density Core,0.5168,False,-1.0704,0.1102,typology-v1-ab8203c9,ML_ESTIMATED
LTFRB_PUJ1457,1,High-Stop-Density Core,0.5016,False,-1.0598,0.078,typology-v1-ab8203c9,ML_ESTIMATED
LTFRB_PUJ1458,0,Dense Urban Trunk,1.1431,False,2.8891,0.5462,typology-v1-ab8203c9,ML_ESTIMATED
LTFRB_PUJ1459,0,Dense Urban Trunk,1.1344,False,2.9137,0.4994,typology-v1-ab8203c9,ML_ESTIMATED
LTFRB_PUJ1460,0,Dense Urban Trunk,1.2323,False,2.5123,0.9609,typology-v1-ab8203c9,ML_ESTIMATED
LTFRB_PUJ1462,0,Dense Urban Trunk,1.611,False,2.6017,1.229,typology-v1-ab8203c9,ML_ESTIMATED
LTFRB_PUJ1463,0,Dense Urban Trunk,1.5988,False,2.6005,1.2073,typology-v1-ab8203c9,ML_ESTIMATED
LTFRB_PUJ1464,1,High-Stop-Density Core,1.7739,False,-0.2409,0.8923,typology-v1-ab8203c9,ML_ESTIMATED
LTFRB_PUJ1465,1,High-Stop-Density Core,2.3114,False,0.091,1.0284,typology-v1-ab8203c9,ML_ESTIMATED
LTFRB_PUJ1466,1,High-Stop-Density Core,1.6529,False,-2.2555,0.4326,typology-v1-ab8203c9,ML_ESTIMATED
LTFRB_PUJ1467,1,High-Stop-Density Core,1.9298,False,-2.2756,0.3826,typology-v1-ab8203c9,ML_ESTIMATED
LTFRB_PUJ1468,0,Dense Urban Trunk,2.3353,False,0.8865,-1.3107,typology-v1-ab8203c9,ML_ESTIMATED
LTFRB_PUJ1469,0,Dense Urban Trunk,2.3358,False,0.8863,-1.3107,typology-v1-ab8203c9,ML_ESTIMATED
LTFRB_PUJ1470,1,High-Stop-Density Core,1.8189,False,-0.1722,1.0738,typology-v1-ab8203c9,ML_ESTIMATED
LTFRB_PUJ1471,1,High-Stop-Density Core,1.8548,False,-0.1231,1.002,typology-v1-ab8203c9,ML_ESTIMATED
LTFRB_PUJ1472,0,Dense Urban Trunk,0.9709,False,1.4938,-0.452,typology-v1-ab8203c9,ML_ESTIMATED
LTFRB_PUJ1473,0,Dense Urban Trunk,0.9597,False,1.5149,-0.4657,typology-v1-ab8203c9,ML_ESTIMATED
LTFRB_PUJ1474,0,Dense Urban Trunk,1.2201,False,2.4438,0.9709,typology-v1-ab8203c9,ML_ESTIMATED
LTFRB_PUJ1475,0,Dense Urban Trunk,1.2223,False,2.5702,0.9327,typology-v1-ab8203c9,ML_ESTIMATED
LTFRB_PUJ1476,0,Dense Urban Trunk,1.2026,False,2.6603,-0.6101,typology-v1-ab8203c9,ML_ESTIMATED
LTFRB_PUJ1477,0,Dense Urban Trunk,0.8733,False,2.3825,-0.5444,typology-v1-ab8203c9,ML_ESTIMATED
LTFRB_PUJ1478,0,Dense Urban Trunk,1.2788,False,1.7356,1.0501,typology-v1-ab8203c9,ML_ESTIMATED
LTFRB_PUJ1480,0,Dense Urban Trunk,1.1177,False,1.5713,0.9509,typology-v1-ab8203c9,ML_ESTIMATED
LTFRB_PUJ1482,0,Dense Urban Trunk,1.227,False,2.1367,0.7322,typology-v1-ab8203c9,ML_ESTIMATED
LTFRB_PUJ1483,0,Dense Urban Trunk,1.0328,False,1.9917,0.7719,typology-v1-ab8203c9,ML_ESTIMATED
LTFRB_PUJ1484,0,Dense Urban Trunk,1.6488,False,1.5851,1.3943,typology-v1-ab8203c9,ML_ESTIMATED
LTFRB_PUJ1485,0,Dense Urban Trunk,1.7957,False,1.514,1.4378,typology-v1-ab8203c9,ML_ESTIMATED
LTFRB_PUJ1486,1,High-Stop-Density Core,1.5242,False,-0.8891,0.0783,typology-v1-ab8203c9,ML_ESTIMATED
LTFRB_PUJ1487,1,High-Stop-Density Core,1.5874,False,-0.8974,0.143,typology-v1-ab8203c9,ML_ESTIMATED
LTFRB_PUJ1488,0,Dense Urban Trunk,2.1434,False,2.0828,1.5209,typology-v1-ab8203c9,ML_ESTIMATED
LTFRB_PUJ1489,0,Dense Urban Trunk,2.0451,False,2.0186,1.5627,typology-v1-ab8203c9,ML_ESTIMATED
LTFRB_PUJ1490,0,Dense Urban Trunk,2.095,False,0.3588,0.1087,typology-v1-ab8203c9,ML_ESTIMATED
LTFRB_PUJ1491,1,High-Stop-Density Core,2.1322,False,0.1157,-0.1842,typology-v1-ab8203c9,ML_ESTIMATED
LTFRB_PUJ1492,1,High-Stop-Density Core,0.5676,False,-1.5888,-0.3538,typology-v1-ab8203c9,ML_ESTIMATED
LTFRB_PUJ1493,1,High-Stop-Density Core,0.9016,False,-1.9107,-0.0619,typology-v1-ab8203c9,ML_ESTIMATED
LTFRB_PUJ1494,0,Dense Urban Trunk,1.1027,False,2.4083,-0.4914,typology-v1-ab8203c9,ML_ESTIMATED
LTFRB_PUJ1495,0,Dense Urban Trunk,0.8129,False,2.1199,-0.365,typology-v1-ab8203c9,ML_ESTIMATED
LTFRB_PUJ1496,1,High-Stop-Density Core,1.5893,False,-1.2342,-0.9437,typology-v1-ab8203c9,ML_ESTIMATED
LTFRB_PUJ1497,1,High-Stop-Density Core,1.8053,False,-1.223,-0.9783,typology-v1-ab8203c9,ML_ESTIMATED
LTFRB_PUJ1498,1,High-Stop-Density Core,1.335,False,-0.1468,-0.2952,typology-v1-ab8203c9,ML_ESTIMATED
LTFRB_PUJ1499,1,High-Stop-Density Core,1.335,False,-0.1468,-0.2952,typology-v1-ab8203c9,ML_ESTIMATED
LTFRB_PUJ1500,0,Dense Urban Trunk,1.748,False,0.7986,0.2315,typology-v1-ab8203c9,ML_ESTIMATED
LTFRB_PUJ1501,0,Dense Urban Trunk,1.7521,False,0.4967,0.3763,typology-v1-ab8203c9,ML_ESTIMATED
LTFRB_PUJ1502,1,High-Stop-Density Core,1.0529,False,-0.8701,-0.3237,typology-v1-ab8203c9,ML_ESTIMATED
LTFRB_PUJ1504,1,High-Stop-Density Core,2.3658,False,-1.7613,-1.2949,typology-v1-ab8203c9,ML_ESTIMATED
LTFRB_PUJ1505,1,High-Stop-Density Core,2.2538,False,-2.0175,-1.0773,typology-v1-ab8203c9,ML_ESTIMATED
LTFRB_PUJ1506,0,Dense Urban Trunk,2.202,False,3.6954,-0.7966,typology-v1-ab8203c9,ML_ESTIMATED
LTFRB_PUJ1507,0,Dense Urban Trunk,1.7719,False,3.3151,-0.6604,typology-v1-ab8203c9,ML_ESTIMATED
LTFRB_PUJ1508,1,High-Stop-Density Core,1.3487,False,-1.8963,0.5744,typology-v1-ab8203c9,ML_ESTIMATED
LTFRB_PUJ1509,1,High-Stop-Density Core,2.0492,False,-1.8848,0.8037,typology-v1-ab8203c9,ML_ESTIMATED
LTFRB_PUJ1510,1,High-Stop-Density Core,1.6718,False,-1.9731,-0.6917,typology-v1-ab8203c9,ML_ESTIMATED
LTFRB_PUJ1511,1,High-Stop-Density Core,0.7041,False,-1.7946,-0.1425,typology-v1-ab8203c9,ML_ESTIMATED
LTFRB_PUJ1512,1,High-Stop-Density Core,1.3677,False,-2.006,0.7685,typology-v1-ab8203c9,ML_ESTIMATED
LTFRB_PUJ1513,1,High-Stop-Density Core,1.3677,False,-2.006,0.7685,typology-v1-ab8203c9,ML_ESTIMATED
LTFRB_PUJ1514,2,Long Regional Connector,0.7855,False,-1.7341,0.7034,typology-v1-ab8203c9,ML_ESTIMATED
LTFRB_PUJ1515,1,High-Stop-Density Core,0.6916,False,-0.7576,-0.0013,typology-v1-ab8203c9,ML_ESTIMATED
LTFRB_PUJ1516,1,High-Stop-Density Core,1.8827,False,-0.5762,0.448,typology-v1-ab8203c9,ML_ESTIMATED
LTFRB_PUJ1517,1,High-Stop-Density Core,2.0329,False,-0.5748,0.5532,typology-v1-ab8203c9,ML_ESTIMATED
LTFRB_PUJ1518,1,High-Stop-Density Core,1.3439,False,-0.5506,-1.0605,typology-v1-ab8203c9,ML_ESTIMATED
LTFRB_PUJ1519,1,High-Stop-Density Core,2.2752,False,-0.4306,-2.0834,typology-v1-ab8203c9,ML_ESTIMATED
LTFRB_PUJ1520,0,Dense Urban Trunk,1.0062,False,0.9525,-0.2014,typology-v1-ab8203c9,ML_ESTIMATED
LTFRB_PUJ1521,0,Dense Urban Trunk,1.2344,False,0.7646,-0.239,typology-v1-ab8203c9,ML_ESTIMATED
LTFRB_PUJ1522,0,Dense Urban Trunk,0.6998,False,2.383,0.1407,typology-v1-ab8203c9,ML_ESTIMATED
LTFRB_PUJ1523,0,Dense Urban Trunk,0.6886,False,2.3572,0.0932,typology-v1-ab8203c9,ML_ESTIMATED
LTFRB_PUJ1524,1,High-Stop-Density Core,1.6463,False,-0.7327,0.0113,typology-v1-ab8203c9,ML_ESTIMATED
LTFRB_PUJ1525,0,Dense Urban Trunk,2.2971,False,0.2771,0.4496,typology-v1-ab8203c9,ML_ESTIMATED
LTFRB_PUJ1526,0,Dense Urban Trunk,1.1345,False,2.1516,0.9928,typology-v1-ab8203c9,ML_ESTIMATED
LTFRB_PUJ1527,0,Dense Urban Trunk,1.0682,False,1.3977,0.8361,typology-v1-ab8203c9,ML_ESTIMATED
LTFRB_PUJ1528,1,High-Stop-Density Core,1.2673,False,-1.2951,0.2604,typology-v1-ab8203c9,ML_ESTIMATED
LTFRB_PUJ1529,1,High-Stop-Density Core,1.4154,False,-1.2473,0.3965,typology-v1-ab8203c9,ML_ESTIMATED
LTFRB_PUJ1530,0,Dense Urban Trunk,1.5471,False,3.0873,-0.6366,typology-v1-ab8203c9,ML_ESTIMATED
LTFRB_PUJ1531,0,Dense Urban Trunk,1.6379,False,3.1525,-0.6527,typology-v1-ab8203c9,ML_ESTIMATED
LTFRB_PUJ1532,0,Dense Urban Trunk,0.5477,False,1.857,-0.143,typology-v1-ab8203c9,ML_ESTIMATED
LTFRB_PUJ1533,0,Dense Urban Trunk,0.4938,False,1.7682,-0.1122,typology-v1-ab8203c9,ML_ESTIMATED
LTFRB_PUJ1534,0,Dense Urban Trunk,0.8009,False,2.2478,0.6928,typology-v1-ab8203c9,ML_ESTIMATED
LTFRB_PUJ1535,0,Dense Urban Trunk,0.7923,False,2.0273,0.747,typology-v1-ab8203c9,ML_ESTIMATED
LTFRB_PUJ1536,1,High-Stop-Density Core,0.8532,False,-0.7509,0.4656,typology-v1-ab8203c9,ML_ESTIMATED
LTFRB_PUJ1537,1,High-Stop-Density Core,0.9056,False,-0.9998,0.5729,typology-v1-ab8203c9,ML_ESTIMATED
LTFRB_PUJ1538,0,Dense Urban Trunk,0.9836,False,1.4787,0.8616,typology-v1-ab8203c9,ML_ESTIMATED
LTFRB_PUJ1539,0,Dense Urban Trunk,1.3198,False,1.1796,0.9634,typology-v1-ab8203c9,ML_ESTIMATED
LTFRB_PUJ1540,0,Dense Urban Trunk,1.2331,False,2.3863,0.4475,typology-v1-ab8203c9,ML_ESTIMATED
LTFRB_PUJ1542,0,Dense Urban Trunk,1.4098,False,1.1253,0.5053,typology-v1-ab8203c9,ML_ESTIMATED
LTFRB_PUJ1543,0,Dense Urban Trunk,1.3487,False,1.5151,0.682,typology-v1-ab8203c9,ML_ESTIMATED
LTFRB_PUJ1544,0,Dense Urban Trunk,1.737,False,2.7535,0.6554,typology-v1-ab8203c9,ML_ESTIMATED
LTFRB_PUJ1545,0,Dense Urban Trunk,1.6595,False,2.6095,0.7979,typology-v1-ab8203c9,ML_ESTIMATED
LTFRB_PUJ1547,1,High-Stop-Density Core,1.0083,False,-0.3567,0.1513,typology-v1-ab8203c9,ML_ESTIMATED
LTFRB_PUJ1548,1,High-Stop-Density Core,1.4306,False,-1.964,-0.737,typology-v1-ab8203c9,ML_ESTIMATED
LTFRB_PUJ1549,1,High-Stop-Density Core,0.8508,False,-1.816,-0.1174,typology-v1-ab8203c9,ML_ESTIMATED
LTFRB_PUJ1550,0,Dense Urban Trunk,1.197,False,1.1283,0.781,typology-v1-ab8203c9,ML_ESTIMATED
LTFRB_PUJ1551,0,Dense Urban Trunk,1.197,False,1.1283,0.781,typology-v1-ab8203c9,ML_ESTIMATED
LTFRB_PUJ1552,0,Dense Urban Trunk,0.8985,False,1.5325,0.8052,typology-v1-ab8203c9,ML_ESTIMATED
LTFRB_PUJ1554,1,High-Stop-Density Core,1.0432,False,-2.0063,0.332,typology-v1-ab8203c9,ML_ESTIMATED
LTFRB_PUJ1555,1,High-Stop-Density Core,1.0175,False,-1.9052,0.3292,typology-v1-ab8203c9,ML_ESTIMATED
LTFRB_PUJ1557,0,Dense Urban Trunk,1.1075,False,2.0733,0.4291,typology-v1-ab8203c9,ML_ESTIMATED
LTFRB_PUJ1558,0,Dense Urban Trunk,1.3848,False,1.2495,0.6275,typology-v1-ab8203c9,ML_ESTIMATED
LTFRB_PUJ1559,0,Dense Urban Trunk,1.5406,False,1.6668,0.6126,typology-v1-ab8203c9,ML_ESTIMATED
LTFRB_PUJ1560,0,Dense Urban Trunk,1.579,False,2.5883,0.6998,typology-v1-ab8203c9,ML_ESTIMATED
LTFRB_PUJ1561,0,Dense Urban Trunk,1.4585,False,2.561,0.7342,typology-v1-ab8203c9,ML_ESTIMATED
LTFRB_PUJ1562,1,High-Stop-Density Core,1.6563,False,-0.8188,1.095,typology-v1-ab8203c9,ML_ESTIMATED
LTFRB_PUJ1563,1,High-Stop-Density Core,1.5837,False,-0.8337,1.0813,typology-v1-ab8203c9,ML_ESTIMATED
LTFRB_PUJ1564,1,High-Stop-Density Core,1.6604,False,-1.0156,1.1861,typology-v1-ab8203c9,ML_ESTIMATED
LTFRB_PUJ1565,1,High-Stop-Density Core,1.6231,False,-1.0226,1.1785,typology-v1-ab8203c9,ML_ESTIMATED
LTFRB_PUJ1566,1,High-Stop-Density Core,1.2761,False,-2.1916,-0.9364,typology-v1-ab8203c9,ML_ESTIMATED
LTFRB_PUJ1567,1,High-Stop-Density Core,1.3143,False,-2.0592,-1.1291,typology-v1-ab8203c9,ML_ESTIMATED
LTFRB_PUJ1568,1,High-Stop-Density Core,1.0344,False,-1.9406,0.5886,typology-v1-ab8203c9,ML_ESTIMATED
LTFRB_PUJ1569,1,High-Stop-Density Core,1.0994,False,-2.0216,0.5734,typology-v1-ab8203c9,ML_ESTIMATED
LTFRB_PUJ1570,1,High-Stop-Density Core,1.4671,False,-2.4446,-0.3715,typology-v1-ab8203c9,ML_ESTIMATED
LTFRB_PUJ1571,1,High-Stop-Density Core,1.272,False,-2.5157,-0.0857,typology-v1-ab8203c9,ML_ESTIMATED
LTFRB_PUJ1572,1,High-Stop-Density Core,1.2791,False,-0.8283,0.597,typology-v1-ab8203c9,ML_ESTIMATED
LTFRB_PUJ1573,1,High-Stop-Density Core,1.1988,False,-0.8449,0.5827,typology-v1-ab8203c9,ML_ESTIMATED
LTFRB_PUJ1574,1,High-Stop-Density Core,1.0123,False,-0.5809,0.5956,typology-v1-ab8203c9,ML_ESTIMATED
LTFRB_PUJ1575,1,High-Stop-Density Core,0.9123,False,-0.762,0.4777,typology-v1-ab8203c9,ML_ESTIMATED
LTFRB_PUJ1576,0,Dense Urban Trunk,1.6142,False,3.3996,0.5526,typology-v1-ab8203c9,ML_ESTIMATED
LTFRB_PUJ1577,0,Dense Urban Trunk,1.6437,False,3.4516,0.5318,typology-v1-ab8203c9,ML_ESTIMATED
LTFRB_PUJ1578,1,High-Stop-Density Core,1.4239,False,-0.5959,-0.6477,typology-v1-ab8203c9,ML_ESTIMATED
LTFRB_PUJ1580,0,Dense Urban Trunk,0.5196,False,2.2383,0.2472,typology-v1-ab8203c9,ML_ESTIMATED
LTFRB_PUJ1581,0,Dense Urban Trunk,0.4702,False,2.1685,0.263,typology-v1-ab8203c9,ML_ESTIMATED
LTFRB_PUJ1582,1,High-Stop-Density Core,1.7786,False,-1.0814,0.986,typology-v1-ab8203c9,ML_ESTIMATED
LTFRB_PUJ1583,1,High-Stop-Density Core,1.5901,False,-0.7387,0.9423,typology-v1-ab8203c9,ML_ESTIMATED
LTFRB_PUJ1584,1,High-Stop-Density Core,1.3638,False,-2.3875,-0.2146,typology-v1-ab8203c9,ML_ESTIMATED
LTFRB_PUJ1585,1,High-Stop-Density Core,1.3894,False,-2.4328,-0.2812,typology-v1-ab8203c9,ML_ESTIMATED
LTFRB_PUJ1587,1,High-Stop-Density Core,1.4238,False,-2.4121,0.7303,typology-v1-ab8203c9,ML_ESTIMATED
LTFRB_PUJ1588,0,Dense Urban Trunk,0.6913,False,2.2962,-0.1663,typology-v1-ab8203c9,ML_ESTIMATED
LTFRB_PUJ1589,2,Long Regional Connector,2.5453,False,0.4874,1.1881,typology-v1-ab8203c9,ML_ESTIMATED
LTFRB_PUJ1590,1,High-Stop-Density Core,1.7909,False,-2.113,-1.0906,typology-v1-ab8203c9,ML_ESTIMATED
LTFRB_PUJ1591,1,High-Stop-Density Core,1.7909,False,-2.113,-1.0906,typology-v1-ab8203c9,ML_ESTIMATED
LTFRB_PUJ1592,0,Dense Urban Trunk,1.9322,False,1.1421,0.5109,typology-v1-ab8203c9,ML_ESTIMATED
LTFRB_PUJ1593,0,Dense Urban Trunk,1.9918,False,1.0366,0.4249,typology-v1-ab8203c9,ML_ESTIMATED
LTFRB_PUJ1594,0,Dense Urban Trunk,0.6658,False,1.5617,-0.0559,typology-v1-ab8203c9,ML_ESTIMATED
LTFRB_PUJ1595,0,Dense Urban Trunk,0.7635,False,1.5999,-0.0872,typology-v1-ab8203c9,ML_ESTIMATED
LTFRB_PUJ1596,0,Dense Urban Trunk,1.4075,False,2.1592,-1.2466,typology-v1-ab8203c9,ML_ESTIMATED
LTFRB_PUJ1597,0,Dense Urban Trunk,1.4224,False,2.1782,-1.2595,typology-v1-ab8203c9,ML_ESTIMATED
LTFRB_PUJ1598,0,Dense Urban Trunk,1.2697,False,1.1094,-0.8562,typology-v1-ab8203c9,ML_ESTIMATED
LTFRB_PUJ1599,0,Dense Urban Trunk,1.2697,False,1.1094,-0.8562,typology-v1-ab8203c9,ML_ESTIMATED
LTFRB_PUJ1600,1,High-Stop-Density Core,1.0691,False,-2.0803,0.4672,typology-v1-ab8203c9,ML_ESTIMATED
LTFRB_PUJ1601,1,High-Stop-Density Core,1.0691,False,-2.0803,0.4672,typology-v1-ab8203c9,ML_ESTIMATED
LTFRB_PUJ1602,1,High-Stop-Density Core,0.6745,False,-1.777,-0.5183,typology-v1-ab8203c9,ML_ESTIMATED
LTFRB_PUJ1603,1,High-Stop-Density Core,0.715,False,-1.7892,-0.5374,typology-v1-ab8203c9,ML_ESTIMATED
LTFRB_PUJ1604,0,Dense Urban Trunk,2.0327,False,3.6961,0.5759,typology-v1-ab8203c9,ML_ESTIMATED
LTFRB_PUJ1605,0,Dense Urban Trunk,2.1827,False,3.8358,0.533,typology-v1-ab8203c9,ML_ESTIMATED
LTFRB_PUJ1606,0,Dense Urban Trunk,1.789,False,0.9079,0.7773,typology-v1-ab8203c9,ML_ESTIMATED
LTFRB_PUJ1607,0,Dense Urban Trunk,1.8923,False,0.7752,0.7831,typology-v1-ab8203c9,ML_ESTIMATED
LTFRB_PUJ1608,0,Dense Urban Trunk,1.6004,False,3.0595,0.7827,typology-v1-ab8203c9,ML_ESTIMATED
LTFRB_PUJ1609,0,Dense Urban Trunk,1.8383,False,3.2295,0.8913,typology-v1-ab8203c9,ML_ESTIMATED
LTFRB_PUJ1610,0,Dense Urban Trunk,1.685,False,2.0141,0.8492,typology-v1-ab8203c9,ML_ESTIMATED
LTFRB_PUJ1611,0,Dense Urban Trunk,1.5888,False,1.9331,0.8879,typology-v1-ab8203c9,ML_ESTIMATED
LTFRB_PUJ1612,1,High-Stop-Density Core,1.0928,False,-1.8921,0.1198,typology-v1-ab8203c9,ML_ESTIMATED
LTFRB_PUJ1613,1,High-Stop-Density Core,0.6948,False,-1.3942,0.2015,typology-v1-ab8203c9,ML_ESTIMATED
LTFRB_PUJ1614,0,Dense Urban Trunk,1.3951,False,2.813,0.3288,typology-v1-ab8203c9,ML_ESTIMATED
LTFRB_PUJ1615,0,Dense Urban Trunk,1.4566,False,2.832,0.3151,typology-v1-ab8203c9,ML_ESTIMATED
LTFRB_PUJ1616,1,High-Stop-Density Core,0.8797,False,-1.4862,0.4896,typology-v1-ab8203c9,ML_ESTIMATED
LTFRB_PUJ1617,1,High-Stop-Density Core,0.8797,False,-1.4862,0.4896,typology-v1-ab8203c9,ML_ESTIMATED
LTFRB_PUJ1618,1,High-Stop-Density Core,1.7215,False,-0.7533,-0.1928,typology-v1-ab8203c9,ML_ESTIMATED
LTFRB_PUJ1619,1,High-Stop-Density Core,1.5684,False,-0.6501,-0.0696,typology-v1-ab8203c9,ML_ESTIMATED
LTFRB_PUJ1620,1,High-Stop-Density Core,0.8179,False,-1.1337,0.5128,typology-v1-ab8203c9,ML_ESTIMATED
LTFRB_PUJ1621,1,High-Stop-Density Core,0.8956,False,-0.9596,0.5926,typology-v1-ab8203c9,ML_ESTIMATED
LTFRB_PUJ1622,1,High-Stop-Density Core,0.8759,False,-0.8222,-0.1184,typology-v1-ab8203c9,ML_ESTIMATED
LTFRB_PUJ1623,1,High-Stop-Density Core,0.8812,False,-0.7785,-0.0191,typology-v1-ab8203c9,ML_ESTIMATED
LTFRB_PUJ1624,1,High-Stop-Density Core,0.9181,False,-1.0974,0.5729,typology-v1-ab8203c9,ML_ESTIMATED
LTFRB_PUJ1625,1,High-Stop-Density Core,1.1014,False,-0.8122,0.6721,typology-v1-ab8203c9,ML_ESTIMATED
LTFRB_PUJ1626,0,Dense Urban Trunk,2.0001,False,1.7562,-1.513,typology-v1-ab8203c9,ML_ESTIMATED
LTFRB_PUJ1627,0,Dense Urban Trunk,2.0685,False,1.7734,-1.5284,typology-v1-ab8203c9,ML_ESTIMATED
LTFRB_PUJ1628,1,High-Stop-Density Core,1.6145,False,-2.1679,-0.6282,typology-v1-ab8203c9,ML_ESTIMATED
LTFRB_PUJ1629,1,High-Stop-Density Core,2.2943,False,-2.2401,-0.2614,typology-v1-ab8203c9,ML_ESTIMATED
LTFRB_PUJ1630,0,Dense Urban Trunk,1.4469,False,0.8921,-0.5491,typology-v1-ab8203c9,ML_ESTIMATED
LTFRB_PUJ1631,0,Dense Urban Trunk,1.4469,False,0.8921,-0.5491,typology-v1-ab8203c9,ML_ESTIMATED
LTFRB_PUJ1632,1,High-Stop-Density Core,3.5842,True,-0.1921,-2.7111,typology-v1-ab8203c9,ML_ESTIMATED
LTFRB_PUJ1633,1,High-Stop-Density Core,3.2099,True,-0.1581,-2.3365,typology-v1-ab8203c9,ML_ESTIMATED
LTFRB_PUJ1634,1,High-Stop-Density Core,4.1083,True,-0.6797,-3.9578,typology-v1-ab8203c9,ML_ESTIMATED
LTFRB_PUJ1635,1,High-Stop-Density Core,4.1083,True,-0.6797,-3.9578,typology-v1-ab8203c9,ML_ESTIMATED
LTFRB_PUJ1636,0,Dense Urban Trunk,3.6651,False,4.9697,-0.5261,typology-v1-ab8203c9,ML_ESTIMATED
LTFRB_PUJ1637,0,Dense Urban Trunk,3.6667,True,4.9659,-0.5271,typology-v1-ab8203c9,ML_ESTIMATED
LTFRB_PUJ1638,0,Dense Urban Trunk,4.2683,True,5.5943,-0.5349,typology-v1-ab8203c9,ML_ESTIMATED
LTFRB_PUJ1639,0,Dense Urban Trunk,4.0771,True,5.4197,-0.5088,typology-v1-ab8203c9,ML_ESTIMATED
LTFRB_PUJ1640,0,Dense Urban Trunk,3.7984,True,5.1035,-0.5521,typology-v1-ab8203c9,ML_ESTIMATED
LTFRB_PUJ1643,0,Dense Urban Trunk,3.7984,True,5.1035,-0.5521,typology-v1-ab8203c9,ML_ESTIMATED
LTFRB_PUJ1645,0,Dense Urban Trunk,3.3116,False,2.6307,-3.1343,typology-v1-ab8203c9,ML_ESTIMATED
LTFRB_PUJ1648,0,Dense Urban Trunk,3.746,True,5.3067,-0.7855,typology-v1-ab8203c9,ML_ESTIMATED
LTFRB_PUJ1649,0,Dense Urban Trunk,3.746,True,5.3067,-0.7855,typology-v1-ab8203c9,ML_ESTIMATED
LTFRB_PUJ1650,1,High-Stop-Density Core,3.1192,False,-2.5848,0.539,typology-v1-ab8203c9,ML_ESTIMATED
LTFRB_PUJ1651,1,High-Stop-Density Core,1.6908,False,-1.6886,0.8774,typology-v1-ab8203c9,ML_ESTIMATED
LTFRB_PUJ1652,1,High-Stop-Density Core,1.3389,False,-2.4842,-0.5589,typology-v1-ab8203c9,ML_ESTIMATED
LTFRB_PUJ1653,0,Dense Urban Trunk,1.8413,False,0.2767,0.3519,typology-v1-ab8203c9,ML_ESTIMATED
LTFRB_PUJ1654,1,High-Stop-Density Core,1.5353,False,-0.0286,0.4784,typology-v1-ab8203c9,ML_ESTIMATED
LTFRB_PUJ1655,1,High-Stop-Density Core,1.2938,False,-1.3429,0.9578,typology-v1-ab8203c9,ML_ESTIMATED
LTFRB_PUJ1656,1,High-Stop-Density Core,0.9992,False,-1.2398,0.8856,typology-v1-ab8203c9,ML_ESTIMATED
LTFRB_PUJ1657,1,High-Stop-Density Core,1.1906,False,-0.1832,0.129,typology-v1-ab8203c9,ML_ESTIMATED
LTFRB_PUJ1658,1,High-Stop-Density Core,1.1906,False,-0.1832,0.129,typology-v1-ab8203c9,ML_ESTIMATED
LTFRB_PUJ1659,0,Dense Urban Trunk,1.1246,False,0.9674,0.3311,typology-v1-ab8203c9,ML_ESTIMATED
LTFRB_PUJ1660,0,Dense Urban Trunk,1.1956,False,0.9174,0.3302,typology-v1-ab8203c9,ML_ESTIMATED
LTFRB_PUJ1661,1,High-Stop-Density Core,2.3997,False,-1.1512,-2.3246,typology-v1-ab8203c9,ML_ESTIMATED
LTFRB_PUJ1662,1,High-Stop-Density Core,1.8499,False,-1.5563,-1.765,typology-v1-ab8203c9,ML_ESTIMATED
LTFRB_PUJ1663,1,High-Stop-Density Core,3.1324,False,-2.2586,-1.5916,typology-v1-ab8203c9,ML_ESTIMATED
LTFRB_PUJ1664,1,High-Stop-Density Core,2.2322,False,-2.579,-0.9001,typology-v1-ab8203c9,ML_ESTIMATED
LTFRB_PUJ1665,1,High-Stop-Density Core,1.2083,False,-2.4254,-0.32,typology-v1-ab8203c9,ML_ESTIMATED
LTFRB_PUJ1666,1,High-Stop-Density Core,1.2846,False,-2.4179,-0.2321,typology-v1-ab8203c9,ML_ESTIMATED
LTFRB_PUJ1667,1,High-Stop-Density Core,0.8523,False,-1.7472,-0.554,typology-v1-ab8203c9,ML_ESTIMATED
LTFRB_PUJ1668,1,High-Stop-Density Core,1.2834,False,-1.9963,-0.8012,typology-v1-ab8203c9,ML_ESTIMATED
LTFRB_PUJ1670,1,High-Stop-Density Core,1.0836,False,-0.8624,-0.0377,typology-v1-ab8203c9,ML_ESTIMATED
LTFRB_PUJ1671,0,Dense Urban Trunk,1.6677,False,3.2621,0.2031,typology-v1-ab8203c9,ML_ESTIMATED
LTFRB_PUJ1672,0,Dense Urban Trunk,1.8501,False,3.3663,0.26,typology-v1-ab8203c9,ML_ESTIMATED
LTFRB_PUJ1673,1,High-Stop-Density Core,2.0245,False,-2.1843,0.209,typology-v1-ab8203c9,ML_ESTIMATED
LTFRB_PUJ1674,1,High-Stop-Density Core,1.8738,False,-2.1743,0.233,typology-v1-ab8203c9,ML_ESTIMATED
LTFRB_PUJ1675,0,Dense Urban Trunk,1.1526,False,2.169,0.3825,typology-v1-ab8203c9,ML_ESTIMATED
LTFRB_PUJ1676,0,Dense Urban Trunk,1.1189,False,2.2731,0.487,typology-v1-ab8203c9,ML_ESTIMATED
LTFRB_PUJ1677,1,High-Stop-Density Core,0.533,False,-1.7887,-0.1895,typology-v1-ab8203c9,ML_ESTIMATED
LTFRB_PUJ1678,1,High-Stop-Density Core,0.9952,False,-1.8557,-0.8612,typology-v1-ab8203c9,ML_ESTIMATED
LTFRB_PUJ1680,0,Dense Urban Trunk,2.7839,False,4.5911,0.3829,typology-v1-ab8203c9,ML_ESTIMATED
LTFRB_PUJ1682,0,Dense Urban Trunk,1.3,False,0.7651,-0.0958,typology-v1-ab8203c9,ML_ESTIMATED
LTFRB_PUJ1683,0,Dense Urban Trunk,1.347,False,0.8059,-0.1297,typology-v1-ab8203c9,ML_ESTIMATED
LTFRB_PUJ1684,0,Dense Urban Trunk,0.8455,False,2.0003,-0.2164,typology-v1-ab8203c9,ML_ESTIMATED
LTFRB_PUJ1685,0,Dense Urban Trunk,0.8763,False,2.0988,-0.1182,typology-v1-ab8203c9,ML_ESTIMATED
LTFRB_PUJ1686,1,High-Stop-Density Core,3.1603,False,-0.6161,1.0584,typology-v1-ab8203c9,ML_ESTIMATED
LTFRB_PUJ1687,1,High-Stop-Density Core,2.9182,False,-0.6977,1.0725,typology-v1-ab8203c9,ML_ESTIMATED
LTFRB_PUJ1688,0,Dense Urban Trunk,0.9976,False,1.698,0.7181,typology-v1-ab8203c9,ML_ESTIMATED
LTFRB_PUJ1689,0,Dense Urban Trunk,0.9482,False,1.5684,0.6992,typology-v1-ab8203c9,ML_ESTIMATED
LTFRB_PUJ1691,0,Dense Urban Trunk,1.1832,False,0.8232,0.1217,typology-v1-ab8203c9,ML_ESTIMATED
LTFRB_PUJ1693,0,Dense Urban Trunk,2.0596,False,1.8941,0.1861,typology-v1-ab8203c9,ML_ESTIMATED
LTFRB_PUJ1694,1,High-Stop-Density Core,1.3222,False,-0.6319,-1.1682,typology-v1-ab8203c9,ML_ESTIMATED
LTFRB_PUJ1695,1,High-Stop-Density Core,1.3222,False,-0.6319,-1.1682,typology-v1-ab8203c9,ML_ESTIMATED
LTFRB_PUJ1696,1,High-Stop-Density Core,1.2974,False,-0.2576,-0.0715,typology-v1-ab8203c9,ML_ESTIMATED
LTFRB_PUJ1697,1,High-Stop-Density Core,1.543,False,-0.1914,-0.1224,typology-v1-ab8203c9,ML_ESTIMATED
LTFRB_PUJ1698,1,High-Stop-Density Core,1.6708,False,0.0687,0.474,typology-v1-ab8203c9,ML_ESTIMATED
LTFRB_PUJ1699,1,High-Stop-Density Core,1.8945,False,0.1163,0.4099,typology-v1-ab8203c9,ML_ESTIMATED
LTFRB_PUJ1700,1,High-Stop-Density Core,1.0535,False,-0.8702,-0.3239,typology-v1-ab8203c9,ML_ESTIMATED
LTFRB_PUJ1701,1,High-Stop-Density Core,1.0623,False,-0.8699,-0.3261,typology-v1-ab8203c9,ML_ESTIMATED
LTFRB_PUJ1702,1,High-Stop-Density Core,2.5215,False,-2.3104,-0.9354,typology-v1-ab8203c9,ML_ESTIMATED
LTFRB_PUJ1703,1,High-Stop-Density Core,2.4945,False,-2.2791,-0.931,typology-v1-ab8203c9,ML_ESTIMATED
LTFRB_PUJ1704,1,High-Stop-Density Core,2.0526,False,-2.3355,-1.6391,typology-v1-ab8203c9,ML_ESTIMATED
LTFRB_PUJ1705,1,High-Stop-Density Core,2.0119,False,-2.393,-1.5155,typology-v1-ab8203c9,ML_ESTIMATED
LTFRB_PUJ1706,0,Dense Urban Trunk,0.8637,False,2.0717,0.6113,typology-v1-ab8203c9,ML_ESTIMATED
LTFRB_PUJ1707,0,Dense Urban Trunk,0.9079,False,2.1256,0.5794,typology-v1-ab8203c9,ML_ESTIMATED
LTFRB_PUJ1708,1,High-Stop-Density Core,1.1147,False,-1.8051,0.7173,typology-v1-ab8203c9,ML_ESTIMATED
LTFRB_PUJ1709,1,High-Stop-Density Core,1.1147,False,-1.8051,0.7173,typology-v1-ab8203c9,ML_ESTIMATED
LTFRB_PUJ1710,1,High-Stop-Density Core,1.5614,False,-1.8982,0.5755,typology-v1-ab8203c9,ML_ESTIMATED
LTFRB_PUJ1711,1,High-Stop-Density Core,1.104,False,-1.6308,0.8226,typology-v1-ab8203c9,ML_ESTIMATED
LTFRB_PUJ1712,1,High-Stop-Density Core,1.7022,False,-1.6491,0.1779,typology-v1-ab8203c9,ML_ESTIMATED
LTFRB_PUJ1713,1,High-Stop-Density Core,2.5373,False,-1.8317,0.1452,typology-v1-ab8203c9,ML_ESTIMATED
LTFRB_PUJ1715,0,Dense Urban Trunk,1.9153,False,0.5519,0.791,typology-v1-ab8203c9,ML_ESTIMATED
LTFRB_PUJ1716,1,High-Stop-Density Core,1.1815,False,-1.1819,0.7811,typology-v1-ab8203c9,ML_ESTIMATED
LTFRB_PUJ1717,1,High-Stop-Density Core,1.0968,False,-1.1981,0.8123,typology-v1-ab8203c9,ML_ESTIMATED
LTFRB_PUJ1718,1,High-Stop-Density Core,1.786,False,-1.0561,0.8916,typology-v1-ab8203c9,ML_ESTIMATED
LTFRB_PUJ1719,1,High-Stop-Density Core,1.1503,False,-1.2299,0.8536,typology-v1-ab8203c9,ML_ESTIMATED
LTFRB_PUJ1720,0,Dense Urban Trunk,1.2406,False,2.5278,0.917,typology-v1-ab8203c9,ML_ESTIMATED
LTFRB_PUJ1721,0,Dense Urban Trunk,1.3327,False,2.6675,0.8641,typology-v1-ab8203c9,ML_ESTIMATED
LTFRB_PUJ1722,0,Dense Urban Trunk,1.3576,False,2.3293,1.1648,typology-v1-ab8203c9,ML_ESTIMATED
LTFRB_PUJ1723,0,Dense Urban Trunk,1.4738,False,2.1901,1.1323,typology-v1-ab8203c9,ML_ESTIMATED
LTFRB_PUJ1724,1,High-Stop-Density Core,1.1693,False,-0.8433,-0.0355,typology-v1-ab8203c9,ML_ESTIMATED
LTFRB_PUJ1725,1,High-Stop-Density Core,0.9646,False,-0.8443,-0.0612,typology-v1-ab8203c9,ML_ESTIMATED
LTFRB_PUJ1726,1,High-Stop-Density Core,1.2968,False,-2.1498,0.8669,typology-v1-ab8203c9,ML_ESTIMATED
LTFRB_PUJ1727,1,High-Stop-Density Core,1.2444,False,-2.1308,0.8402,typology-v1-ab8203c9,ML_ESTIMATED
LTFRB_PUJ1729,1,High-Stop-Density Core,1.845,False,-1.9023,1.154,typology-v1-ab8203c9,ML_ESTIMATED
LTFRB_PUJ1730,0,Dense Urban Trunk,0.8334,False,1.1839,-0.2597,typology-v1-ab8203c9,ML_ESTIMATED
LTFRB_PUJ1731,0,Dense Urban Trunk,0.8334,False,1.1839,-0.2597,typology-v1-ab8203c9,ML_ESTIMATED
LTFRB_PUJ1732,1,High-Stop-Density Core,0.4519,False,-1.4075,-0.0665,typology-v1-ab8203c9,ML_ESTIMATED
LTFRB_PUJ1734,0,Dense Urban Trunk,1.07,False,2.908,0.2095,typology-v1-ab8203c9,ML_ESTIMATED
LTFRB_PUJ1735,0,Dense Urban Trunk,1.2563,False,3.0591,0.1994,typology-v1-ab8203c9,ML_ESTIMATED
LTFRB_PUJ1736,0,Dense Urban Trunk,0.7702,False,1.2814,-0.3561,typology-v1-ab8203c9,ML_ESTIMATED
LTFRB_PUJ1737,0,Dense Urban Trunk,0.6615,False,1.746,-0.2683,typology-v1-ab8203c9,ML_ESTIMATED
LTFRB_PUJ1738,0,Dense Urban Trunk,0.7119,False,2.4521,-0.0411,typology-v1-ab8203c9,ML_ESTIMATED
LTFRB_PUJ1739,0,Dense Urban Trunk,0.8367,False,2.5379,-0.0514,typology-v1-ab8203c9,ML_ESTIMATED
LTFRB_PUJ1740,1,High-Stop-Density Core,1.7268,False,-2.0647,-1.2934,typology-v1-ab8203c9,ML_ESTIMATED
LTFRB_PUJ1741,1,High-Stop-Density Core,1.5935,False,-2.068,-1.3651,typology-v1-ab8203c9,ML_ESTIMATED
LTFRB_PUJ1742,1,High-Stop-Density Core,2.1959,False,-1.5625,-1.8544,typology-v1-ab8203c9,ML_ESTIMATED
LTFRB_PUJ1743,1,High-Stop-Density Core,1.8766,False,-1.8912,-1.6927,typology-v1-ab8203c9,ML_ESTIMATED
LTFRB_PUJ1744,1,High-Stop-Density Core,1.1496,False,-0.25,-0.1571,typology-v1-ab8203c9,ML_ESTIMATED
LTFRB_PUJ1745,1,High-Stop-Density Core,1.1879,False,-0.217,-0.0687,typology-v1-ab8203c9,ML_ESTIMATED
LTFRB_PUJ1746,0,Dense Urban Trunk,1.6999,False,0.5125,0.7109,typology-v1-ab8203c9,ML_ESTIMATED
LTFRB_PUJ1747,0,Dense Urban Trunk,1.5411,False,0.6212,0.6623,typology-v1-ab8203c9,ML_ESTIMATED
LTFRB_PUJ1748,1,High-Stop-Density Core,1.8823,False,-1.2997,0.3853,typology-v1-ab8203c9,ML_ESTIMATED
LTFRB_PUJ1749,1,High-Stop-Density Core,2.1974,False,-1.4103,0.4035,typology-v1-ab8203c9,ML_ESTIMATED
LTFRB_PUJ1750,1,High-Stop-Density Core,1.2804,False,-1.779,0.4454,typology-v1-ab8203c9,ML_ESTIMATED
LTFRB_PUJ1752,1,High-Stop-Density Core,8.5239,True,-2.8629,-4.6392,typology-v1-ab8203c9,ML_ESTIMATED
LTFRB_PUJ1753,1,High-Stop-Density Core,4.2459,True,-2.4959,-3.8786,typology-v1-ab8203c9,ML_ESTIMATED
LTFRB_PUJ1754,0,Dense Urban Trunk,0.9164,False,1.4002,0.5231,typology-v1-ab8203c9,ML_ESTIMATED
LTFRB_PUJ1755,0,Dense Urban Trunk,0.8235,False,1.3939,0.5337,typology-v1-ab8203c9,ML_ESTIMATED
LTFRB_PUJ1756,0,Dense Urban Trunk,1.2993,False,1.0608,0.7242,typology-v1-ab8203c9,ML_ESTIMATED
LTFRB_PUJ1757,0,Dense Urban Trunk,1.3344,False,1.079,0.7075,typology-v1-ab8203c9,ML_ESTIMATED
LTFRB_PUJ1758,0,Dense Urban Trunk,1.1605,False,1.1164,0.8218,typology-v1-ab8203c9,ML_ESTIMATED
LTFRB_PUJ1759,0,Dense Urban Trunk,1.1222,False,1.1547,0.8152,typology-v1-ab8203c9,ML_ESTIMATED
LTFRB_PUJ1760,1,High-Stop-Density Core,1.2894,False,-1.1759,0.6056,typology-v1-ab8203c9,ML_ESTIMATED
LTFRB_PUJ1761,1,High-Stop-Density Core,1.2985,False,-1.1266,0.6071,typology-v1-ab8203c9,ML_ESTIMATED
LTFRB_PUJ1762,1,High-Stop-Density Core,1.0119,False,-0.501,-0.6117,typology-v1-ab8203c9,ML_ESTIMATED
LTFRB_PUJ1763,1,High-Stop-Density Core,1.174,False,-0.2407,-0.2835,typology-v1-ab8203c9,ML_ESTIMATED
LTFRB_PUJ1764,1,High-Stop-Density Core,0.6936,False,-1.0816,-0.6409,typology-v1-ab8203c9,ML_ESTIMATED
LTFRB_PUJ1765,1,High-Stop-Density Core,0.6936,False,-1.0816,-0.6409,typology-v1-ab8203c9,ML_ESTIMATED
LTFRB_PUJ1766,1,High-Stop-Density Core,0.7809,False,-1.7201,-0.1143,typology-v1-ab8203c9,ML_ESTIMATED
LTFRB_PUJ1767,1,High-Stop-Density Core,0.7809,False,-1.7201,-0.1143,typology-v1-ab8203c9,ML_ESTIMATED
LTFRB_PUJ1768,1,High-Stop-Density Core,1.3406,False,-2.0956,0.1517,typology-v1-ab8203c9,ML_ESTIMATED
LTFRB_PUJ1769,1,High-Stop-Density Core,1.3406,False,-2.0956,0.1517,typology-v1-ab8203c9,ML_ESTIMATED
LTFRB_PUJ1770,1,High-Stop-Density Core,1.4271,False,-2.1742,0.5231,typology-v1-ab8203c9,ML_ESTIMATED
LTFRB_PUJ1771,1,High-Stop-Density Core,1.6022,False,-2.3722,0.6446,typology-v1-ab8203c9,ML_ESTIMATED
LTFRB_PUJ1772,1,High-Stop-Density Core,1.0458,False,-2.071,-0.6819,typology-v1-ab8203c9,ML_ESTIMATED
LTFRB_PUJ1773,1,High-Stop-Density Core,0.9501,False,-1.8585,-0.1245,typology-v1-ab8203c9,ML_ESTIMATED
LTFRB_PUJ1775,1,High-Stop-Density Core,0.7547,False,-1.4415,-0.3666,typology-v1-ab8203c9,ML_ESTIMATED
LTFRB_PUJ1776,0,Dense Urban Trunk,0.6925,False,1.766,0.1265,typology-v1-ab8203c9,ML_ESTIMATED
LTFRB_PUJ1777,0,Dense Urban Trunk,0.7031,False,1.7371,0.0875,typology-v1-ab8203c9,ML_ESTIMATED
LTFRB_PUJ1778,1,High-Stop-Density Core,2.439,False,-2.0956,-1.8027,typology-v1-ab8203c9,ML_ESTIMATED
LTFRB_PUJ1779,1,High-Stop-Density Core,2.0222,False,-2.2318,-1.5142,typology-v1-ab8203c9,ML_ESTIMATED
LTFRB_PUJ1780,1,High-Stop-Density Core,1.3811,False,-1.9808,0.3526,typology-v1-ab8203c9,ML_ESTIMATED
LTFRB_PUJ1781,1,High-Stop-Density Core,1.9601,False,-1.8673,0.2002,typology-v1-ab8203c9,ML_ESTIMATED
LTFRB_PUJ1782,1,High-Stop-Density Core,1.7744,False,-0.4749,-0.0487,typology-v1-ab8203c9,ML_ESTIMATED
LTFRB_PUJ1783,1,High-Stop-Density Core,1.7701,False,-0.3892,-0.0632,typology-v1-ab8203c9,ML_ESTIMATED
LTFRB_PUJ1784,0,Dense Urban Trunk,2.0232,False,1.9348,0.0546,typology-v1-ab8203c9,ML_ESTIMATED
LTFRB_PUJ1785,0,Dense Urban Trunk,2.0689,False,1.9024,0.0654,typology-v1-ab8203c9,ML_ESTIMATED
LTFRB_PUJ1786,0,Dense Urban Trunk,1.7368,False,2.192,-0.103,typology-v1-ab8203c9,ML_ESTIMATED
LTFRB_PUJ1787,1,High-Stop-Density Core,1.6722,False,-0.6042,0.0244,typology-v1-ab8203c9,ML_ESTIMATED
LTFRB_PUJ1788,0,Dense Urban Trunk,1.4561,False,2.3478,1.0289,typology-v1-ab8203c9,ML_ESTIMATED
LTFRB_PUJ1789,0,Dense Urban Trunk,1.4084,False,2.1497,0.9705,typology-v1-ab8203c9,ML_ESTIMATED
LTFRB_PUJ1790,0,Dense Urban Trunk,1.367,False,2.1636,1.1652,typology-v1-ab8203c9,ML_ESTIMATED
LTFRB_PUJ1791,0,Dense Urban Trunk,1.3305,False,2.3079,1.1256,typology-v1-ab8203c9,ML_ESTIMATED
LTFRB_PUJ1792,0,Dense Urban Trunk,1.1764,False,2.4635,0.6635,typology-v1-ab8203c9,ML_ESTIMATED
LTFRB_PUJ1793,0,Dense Urban Trunk,1.0807,False,2.4769,0.6906,typology-v1-ab8203c9,ML_ESTIMATED
LTFRB_PUJ1794,0,Dense Urban Trunk,0.9886,False,2.1706,0.8948,typology-v1-ab8203c9,ML_ESTIMATED
LTFRB_PUJ1795,0,Dense Urban Trunk,1.4313,False,2.579,0.957,typology-v1-ab8203c9,ML_ESTIMATED
LTFRB_PUJ1796,1,High-Stop-Density Core,1.1446,False,-2.2341,0.5454,typology-v1-ab8203c9,ML_ESTIMATED
LTFRB_PUJ1797,1,High-Stop-Density Core,1.5009,False,-2.3858,0.7541,typology-v1-ab8203c9,ML_ESTIMATED
LTFRB_PUJ1798,1,High-Stop-Density Core,0.9998,False,-1.778,0.1731,typology-v1-ab8203c9,ML_ESTIMATED
LTFRB_PUJ1799,1,High-Stop-Density Core,0.9471,False,-1.8422,0.193,typology-v1-ab8203c9,ML_ESTIMATED
LTFRB_PUJ1800,1,High-Stop-Density Core,0.969,False,-1.8193,0.6418,typology-v1-ab8203c9,ML_ESTIMATED
LTFRB_PUJ1801,1,High-Stop-Density Core,1.3899,False,-1.4495,0.5124,typology-v1-ab8203c9,ML_ESTIMATED
LTFRB_PUJ1802,1,High-Stop-Density Core,1.3226,False,-2.539,0.3778,typology-v1-ab8203c9,ML_ESTIMATED
LTFRB_PUJ1803,1,High-Stop-Density Core,1.3948,False,-2.5706,0.3502,typology-v1-ab8203c9,ML_ESTIMATED
LTFRB_PUJ1804,0,Dense Urban Trunk,1.4097,False,2.3712,1.0234,typology-v1-ab8203c9,ML_ESTIMATED
LTFRB_PUJ1805,0,Dense Urban Trunk,1.3629,False,2.019,0.9512,typology-v1-ab8203c9,ML_ESTIMATED
LTFRB_PUJ1806,1,High-Stop-Density Core,1.6499,False,-0.0935,0.5047,typology-v1-ab8203c9,ML_ESTIMATED
LTFRB_PUJ1807,1,High-Stop-Density Core,1.4539,False,-0.509,0.4386,typology-v1-ab8203c9,ML_ESTIMATED
LTFRB_PUJ1809,1,High-Stop-Density Core,0.5953,False,-1.2343,-0.5084,typology-v1-ab8203c9,ML_ESTIMATED
LTFRB_PUJ1811,1,High-Stop-Density Core,2.0483,False,-1.7745,0.1185,typology-v1-ab8203c9,ML_ESTIMATED
LTFRB_PUJ1812,0,Dense Urban Trunk,1.8307,False,2.1701,-1.5439,typology-v1-ab8203c9,ML_ESTIMATED
LTFRB_PUJ1813,0,Dense Urban Trunk,1.835,False,2.1775,-1.5417,typology-v1-ab8203c9,ML_ESTIMATED
LTFRB_PUJ1814,0,Dense Urban Trunk,3.069,False,4.1306,-1.8345,typology-v1-ab8203c9,ML_ESTIMATED
LTFRB_PUJ1815,0,Dense Urban Trunk,3.1727,False,4.2254,-1.8588,typology-v1-ab8203c9,ML_ESTIMATED
LTFRB_PUJ1816,1,High-Stop-Density Core,2.3428,False,-0.6514,-1.997,typology-v1-ab8203c9,ML_ESTIMATED
LTFRB_PUJ1817,0,Dense Urban Trunk,1.4988,False,1.0319,0.7677,typology-v1-ab8203c9,ML_ESTIMATED
LTFRB_PUJ1818,0,Dense Urban Trunk,1.6509,False,0.9771,0.576,typology-v1-ab8203c9,ML_ESTIMATED
LTFRB_PUJ1819,0,Dense Urban Trunk,1.2108,False,0.8766,-0.5446,typology-v1-ab8203c9,ML_ESTIMATED
LTFRB_PUJ1820,0,Dense Urban Trunk,1.197,False,0.9017,-0.582,typology-v1-ab8203c9,ML_ESTIMATED
LTFRB_PUJ1821,1,High-Stop-Density Core,1.2598,False,-1.5866,-0.0802,typology-v1-ab8203c9,ML_ESTIMATED
LTFRB_PUJ1822,1,High-Stop-Density Core,1.0607,False,-1.8809,0.0984,typology-v1-ab8203c9,ML_ESTIMATED
LTFRB_PUJ1823,0,Dense Urban Trunk,1.4,False,2.3347,1.0458,typology-v1-ab8203c9,ML_ESTIMATED
LTFRB_PUJ1824,0,Dense Urban Trunk,1.4511,False,2.1719,0.9572,typology-v1-ab8203c9,ML_ESTIMATED
LTFRB_PUJ1826,1,High-Stop-Density Core,2.3509,False,-1.9123,0.6327,typology-v1-ab8203c9,ML_ESTIMATED
LTFRB_PUJ1827,0,Dense Urban Trunk,2.4756,False,1.9278,-1.2406,typology-v1-ab8203c9,ML_ESTIMATED
LTFRB_PUJ1828,2,Long Regional Connector,5.6875,True,-1.0401,0.1683,typology-v1-ab8203c9,ML_ESTIMATED
LTFRB_PUJ1830,0,Dense Urban Trunk,1.2759,False,0.855,-0.311,typology-v1-ab8203c9,ML_ESTIMATED
LTFRB_PUJ1831,0,Dense Urban Trunk,1.3324,False,0.82,-0.2805,typology-v1-ab8203c9,ML_ESTIMATED
LTFRB_PUJ1833,1,High-Stop-Density Core,0.9379,False,-0.5586,-0.5326,typology-v1-ab8203c9,ML_ESTIMATED
LTFRB_PUJ1834,0,Dense Urban Trunk,2.3223,False,0.4342,0.3783,typology-v1-ab8203c9,ML_ESTIMATED
LTFRB_PUJ1836,1,High-Stop-Density Core,1.545,False,-1.0614,-1.4783,typology-v1-ab8203c9,ML_ESTIMATED
LTFRB_PUJ1837,1,High-Stop-Density Core,0.4967,False,-1.0437,-0.3322,typology-v1-ab8203c9,ML_ESTIMATED
LTFRB_PUJ1838,0,Dense Urban Trunk,2.0709,False,0.2635,0.3666,typology-v1-ab8203c9,ML_ESTIMATED
LTFRB_PUJ1839,1,High-Stop-Density Core,1.2492,False,-2.256,-0.2436,typology-v1-ab8203c9,ML_ESTIMATED
LTFRB_PUJ1840,1,High-Stop-Density Core,2.6517,False,-2.2068,-0.4741,typology-v1-ab8203c9,ML_ESTIMATED
LTFRB_PUJ1841,1,High-Stop-Density Core,1.4365,False,-2.3329,0.8294,typology-v1-ab8203c9,ML_ESTIMATED
LTFRB_PUJ1842,1,High-Stop-Density Core,1.5402,False,-2.2793,0.8883,typology-v1-ab8203c9,ML_ESTIMATED
LTFRB_PUJ1843,1,High-Stop-Density Core,1.6161,False,0.2523,-0.1635,typology-v1-ab8203c9,ML_ESTIMATED
LTFRB_PUJ1844,1,High-Stop-Density Core,1.5401,False,0.1839,-0.2684,typology-v1-ab8203c9,ML_ESTIMATED
LTFRB_PUJ1845,1,High-Stop-Density Core,1.6259,False,-0.0478,-0.586,typology-v1-ab8203c9,ML_ESTIMATED
LTFRB_PUJ1846,1,High-Stop-Density Core,1.5107,False,-0.1171,-0.6949,typology-v1-ab8203c9,ML_ESTIMATED
LTFRB_PUJ1847,1,High-Stop-Density Core,1.7024,False,-1.7687,0.0678,typology-v1-ab8203c9,ML_ESTIMATED
LTFRB_PUJ1849,0,Dense Urban Trunk,1.8674,False,1.9292,1.4028,typology-v1-ab8203c9,ML_ESTIMATED
LTFRB_PUJ1850,0,Dense Urban Trunk,2.1094,False,1.9892,1.5808,typology-v1-ab8203c9,ML_ESTIMATED
LTFRB_PUJ1851,1,High-Stop-Density Core,1.1035,False,-1.2332,0.9108,typology-v1-ab8203c9,ML_ESTIMATED
LTFRB_PUJ1852,1,High-Stop-Density Core,1.1847,False,-1.177,0.9265,typology-v1-ab8203c9,ML_ESTIMATED
LTFRB_PUJ1853,1,High-Stop-Density Core,1.5615,False,-0.0672,0.8077,typology-v1-ab8203c9,ML_ESTIMATED
LTFRB_PUJ1854,1,High-Stop-Density Core,1.5276,False,-0.1164,0.8065,typology-v1-ab8203c9,ML_ESTIMATED
LTFRB_PUJ1855,0,Dense Urban Trunk,1.1017,False,1.6228,1.0117,typology-v1-ab8203c9,ML_ESTIMATED
LTFRB_PUJ1856,0,Dense Urban Trunk,1.0102,False,1.5134,0.9118,typology-v1-ab8203c9,ML_ESTIMATED
LTFRB_PUJ1857,0,Dense Urban Trunk,0.9401,False,1.579,0.7142,typology-v1-ab8203c9,ML_ESTIMATED
LTFRB_PUJ1859,1,High-Stop-Density Core,1.4275,False,-1.0391,0.6235,typology-v1-ab8203c9,ML_ESTIMATED
LTFRB_PUJ1860,1,High-Stop-Density Core,1.3726,False,-0.878,0.7314,typology-v1-ab8203c9,ML_ESTIMATED
LTFRB_PUJ1862,1,High-Stop-Density Core,1.9398,False,0.174,1.0041,typology-v1-ab8203c9,ML_ESTIMATED
LTFRB_PUJ1863,0,Dense Urban Trunk,1.1829,False,2.6513,0.8424,typology-v1-ab8203c9,ML_ESTIMATED
LTFRB_PUJ1865,1,High-Stop-Density Core,1.0258,False,-1.8716,0.3283,typology-v1-ab8203c9,ML_ESTIMATED
LTFRB_PUJ1866,0,Dense Urban Trunk,1.0198,False,2.2153,0.4949,typology-v1-ab8203c9,ML_ESTIMATED
LTFRB_PUJ1867,0,Dense Urban Trunk,0.9109,False,2.1675,0.5184,typology-v1-ab8203c9,ML_ESTIMATED
LTFRB_PUJ1868,1,High-Stop-Density Core,1.504,False,-0.0734,0.0354,typology-v1-ab8203c9,ML_ESTIMATED
LTFRB_PUJ1869,1,High-Stop-Density Core,1.4773,False,-0.0572,0.0158,typology-v1-ab8203c9,ML_ESTIMATED
LTFRB_PUJ1870,1,High-Stop-Density Core,1.6448,False,-2.1668,0.6726,typology-v1-ab8203c9,ML_ESTIMATED
LTFRB_PUJ1871,1,High-Stop-Density Core,1.5005,False,-2.2233,0.659,typology-v1-ab8203c9,ML_ESTIMATED
LTFRB_PUJ1872,1,High-Stop-Density Core,1.2195,False,-0.4509,-0.005,typology-v1-ab8203c9,ML_ESTIMATED
LTFRB_PUJ1873,1,High-Stop-Density Core,1.2841,False,-0.4126,-0.0075,typology-v1-ab8203c9,ML_ESTIMATED
LTFRB_PUJ1874,1,High-Stop-Density Core,1.5802,False,-1.0403,0.0571,typology-v1-ab8203c9,ML_ESTIMATED
LTFRB_PUJ1875,1,High-Stop-Density Core,1.0302,False,-0.9924,0.2304,typology-v1-ab8203c9,ML_ESTIMATED
LTFRB_PUJ1876,0,Dense Urban Trunk,1.734,False,0.7191,0.2393,typology-v1-ab8203c9,ML_ESTIMATED
LTFRB_PUJ1877,0,Dense Urban Trunk,1.7911,False,0.3055,0.4278,typology-v1-ab8203c9,ML_ESTIMATED
LTFRB_PUJ1878,1,High-Stop-Density Core,1.4784,False,0.055,0.2909,typology-v1-ab8203c9,ML_ESTIMATED
LTFRB_PUJ1879,1,High-Stop-Density Core,1.2728,False,-0.2332,0.4648,typology-v1-ab8203c9,ML_ESTIMATED
LTFRB_PUJ1880,1,High-Stop-Density Core,1.6048,False,-1.2953,-0.9364,typology-v1-ab8203c9,ML_ESTIMATED
LTFRB_PUJ1881,1,High-Stop-Density Core,1.6048,False,-1.2953,-0.9364,typology-v1-ab8203c9,ML_ESTIMATED
LTFRB_PUJ1882,0,Dense Urban Trunk,1.9985,False,1.1814,1.5305,typology-v1-ab8203c9,ML_ESTIMATED
LTFRB_PUJ1883,0,Dense Urban Trunk,1.9702,False,1.1715,1.5533,typology-v1-ab8203c9,ML_ESTIMATED
LTFRB_PUJ1884,0,Dense Urban Trunk,3.2202,False,0.3891,2.0379,typology-v1-ab8203c9,ML_ESTIMATED
LTFRB_PUJ1885,0,Dense Urban Trunk,2.8964,False,0.455,1.8991,typology-v1-ab8203c9,ML_ESTIMATED
LTFRB_PUJ1886,1,High-Stop-Density Core,1.3251,False,-1.0046,0.7383,typology-v1-ab8203c9,ML_ESTIMATED
LTFRB_PUJ1887,1,High-Stop-Density Core,1.3387,False,-0.9549,0.7399,typology-v1-ab8203c9,ML_ESTIMATED
LTFRB_PUJ1888,1,High-Stop-Density Core,0.8427,False,-1.9102,0.3285,typology-v1-ab8203c9,ML_ESTIMATED
LTFRB_PUJ1889,1,High-Stop-Density Core,1.0331,False,-2.1025,0.2458,typology-v1-ab8203c9,ML_ESTIMATED
LTFRB_PUJ1890,0,Dense Urban Trunk,2.5773,False,4.1564,-0.9786,typology-v1-ab8203c9,ML_ESTIMATED
LTFRB_PUJ1891,0,Dense Urban Trunk,2.5768,False,4.1614,-0.9816,typology-v1-ab8203c9,ML_ESTIMATED
LTFRB_PUJ1892,0,Dense Urban Trunk,0.7734,False,1.2132,-0.1944,typology-v1-ab8203c9,ML_ESTIMATED
LTFRB_PUJ1893,0,Dense Urban Trunk,0.9001,False,1.1431,-0.1712,typology-v1-ab8203c9,ML_ESTIMATED
LTFRB_PUJ1894,1,High-Stop-Density Core,1.5624,False,-0.0377,-0.0214,typology-v1-ab8203c9,ML_ESTIMATED
LTFRB_PUJ1895,1,High-Stop-Density Core,1.5624,False,-0.0377,-0.0214,typology-v1-ab8203c9,ML_ESTIMATED
LTFRB_PUJ1896,0,Dense Urban Trunk,1.9297,False,3.1138,1.3164,typology-v1-ab8203c9,ML_ESTIMATED
LTFRB_PUJ1897,0,Dense Urban Trunk,2.2416,False,3.3656,1.4603,typology-v1-ab8203c9,ML_ESTIMATED
LTFRB_PUJ1898,1,High-Stop-Density Core,1.7262,False,-2.3648,0.4178,typology-v1-ab8203c9,ML_ESTIMATED
LTFRB_PUJ1899,1,High-Stop-Density Core,1.4689,False,-2.3122,0.4765,typology-v1-ab8203c9,ML_ESTIMATED
LTFRB_PUJ1900,1,High-Stop-Density Core,1.0025,False,-1.9273,0.4735,typology-v1-ab8203c9,ML_ESTIMATED
LTFRB_PUJ1901,1,High-Stop-Density Core,1.0565,False,-1.9847,0.4311,typology-v1-ab8203c9,ML_ESTIMATED
LTFRB_PUJ1902,0,Dense Urban Trunk,1.1078,False,1.015,0.0174,typology-v1-ab8203c9,ML_ESTIMATED
LTFRB_PUJ1903,0,Dense Urban Trunk,1.0006,False,0.9341,0.0196,typology-v1-ab8203c9,ML_ESTIMATED
LTFRB_PUJ1904,1,High-Stop-Density Core,0.9112,False,-0.9377,-0.8619,typology-v1-ab8203c9,ML_ESTIMATED
LTFRB_PUJ1905,1,High-Stop-Density Core,0.8754,False,-1.0238,-0.8714,typology-v1-ab8203c9,ML_ESTIMATED
LTFRB_PUJ1906,0,Dense Urban Trunk,1.1752,False,1.3659,-0.759,typology-v1-ab8203c9,ML_ESTIMATED
LTFRB_PUJ1907,0,Dense Urban Trunk,1.1278,False,1.3581,-0.78,typology-v1-ab8203c9,ML_ESTIMATED
LTFRB_PUJ1908,1,High-Stop-Density Core,3.3406,True,-1.2222,-3.2525,typology-v1-ab8203c9,ML_ESTIMATED
LTFRB_PUJ1909,1,High-Stop-Density Core,3.3469,True,-1.1476,-3.2193,typology-v1-ab8203c9,ML_ESTIMATED
LTFRB_PUJ1910,0,Dense Urban Trunk,3.1846,False,2.336,-3.0584,typology-v1-ab8203c9,ML_ESTIMATED
LTFRB_PUJ1911,0,Dense Urban Trunk,3.2083,False,2.3778,-3.071,typology-v1-ab8203c9,ML_ESTIMATED
LTFRB_PUJ1912,0,Dense Urban Trunk,2.9905,False,1.4683,-2.8822,typology-v1-ab8203c9,ML_ESTIMATED
LTFRB_PUJ1913,0,Dense Urban Trunk,2.9905,False,1.4683,-2.8822,typology-v1-ab8203c9,ML_ESTIMATED
LTFRB_PUJ1914,1,High-Stop-Density Core,4.1514,True,-1.1209,-3.9393,typology-v1-ab8203c9,ML_ESTIMATED
LTFRB_PUJ1915,1,High-Stop-Density Core,4.1514,True,-1.1209,-3.9393,typology-v1-ab8203c9,ML_ESTIMATED
LTFRB_PUJ1916,1,High-Stop-Density Core,0.9021,False,-1.9229,-0.671,typology-v1-ab8203c9,ML_ESTIMATED
LTFRB_PUJ1917,1,High-Stop-Density Core,0.8551,False,-1.9264,-0.6149,typology-v1-ab8203c9,ML_ESTIMATED
LTFRB_PUJ1918,1,High-Stop-Density Core,1.263,False,-0.9343,0.7217,typology-v1-ab8203c9,ML_ESTIMATED
LTFRB_PUJ1919,1,High-Stop-Density Core,1.4376,False,-0.9786,0.7171,typology-v1-ab8203c9,ML_ESTIMATED
LTFRB_PUJ1920,1,High-Stop-Density Core,1.257,False,-2.301,0.3819,typology-v1-ab8203c9,ML_ESTIMATED
LTFRB_PUJ1922,1,High-Stop-Density Core,0.5388,False,-1.3248,-0.0564,typology-v1-ab8203c9,ML_ESTIMATED
LTFRB_PUJ1923,1,High-Stop-Density Core,0.678,False,-1.692,0.2497,typology-v1-ab8203c9,ML_ESTIMATED
LTFRB_PUJ1924,2,Long Regional Connector,3.4988,False,-1.7605,1.8199,typology-v1-ab8203c9,ML_ESTIMATED
LTFRB_PUJ1925,1,High-Stop-Density Core,1.9041,False,-1.3971,0.9154,typology-v1-ab8203c9,ML_ESTIMATED
LTFRB_PUJ1926,1,High-Stop-Density Core,0.8902,False,-1.4665,0.7947,typology-v1-ab8203c9,ML_ESTIMATED
LTFRB_PUJ1928,1,High-Stop-Density Core,1.1309,False,-1.4211,0.7717,typology-v1-ab8203c9,ML_ESTIMATED
LTFRB_PUJ1929,1,High-Stop-Density Core,1.1538,False,-1.1379,0.9817,typology-v1-ab8203c9,ML_ESTIMATED
LTFRB_PUJ1930,1,High-Stop-Density Core,0.9465,False,-1.6455,0.7208,typology-v1-ab8203c9,ML_ESTIMATED
LTFRB_PUJ1931,1,High-Stop-Density Core,0.9465,False,-1.6455,0.7208,typology-v1-ab8203c9,ML_ESTIMATED
LTFRB_PUJ1932,1,High-Stop-Density Core,1.0641,False,-1.7955,0.8368,typology-v1-ab8203c9,ML_ESTIMATED
LTFRB_PUJ1933,1,High-Stop-Density Core,1.0641,False,-1.7955,0.8368,typology-v1-ab8203c9,ML_ESTIMATED
LTFRB_PUJ1934,2,Long Regional Connector,3.2995,False,-1.8934,0.9748,typology-v1-ab8203c9,ML_ESTIMATED
LTFRB_PUJ1935,2,Long Regional Connector,2.7051,False,-1.8562,0.964,typology-v1-ab8203c9,ML_ESTIMATED
LTFRB_PUJ1936,0,Dense Urban Trunk,2.7526,False,4.5652,0.3923,typology-v1-ab8203c9,ML_ESTIMATED
LTFRB_PUJ1937,0,Dense Urban Trunk,2.9042,False,4.6921,0.448,typology-v1-ab8203c9,ML_ESTIMATED
LTFRB_PUJ1940,0,Dense Urban Trunk,2.1299,False,3.8733,0.5697,typology-v1-ab8203c9,ML_ESTIMATED
LTFRB_PUJ1941,0,Dense Urban Trunk,2.1503,False,3.8882,0.5569,typology-v1-ab8203c9,ML_ESTIMATED
LTFRB_PUJ1942,1,High-Stop-Density Core,1.5363,False,0.0097,-0.3776,typology-v1-ab8203c9,ML_ESTIMATED
LTFRB_PUJ1943,1,High-Stop-Density Core,1.6908,False,0.1464,-0.3858,typology-v1-ab8203c9,ML_ESTIMATED
LTFRB_PUJ1944,0,Dense Urban Trunk,2.5423,False,4.3377,0.4552,typology-v1-ab8203c9,ML_ESTIMATED
LTFRB_PUJ1947,1,High-Stop-Density Core,0.9658,False,-0.9052,0.6005,typology-v1-ab8203c9,ML_ESTIMATED
LTFRB_PUJ1948,1,High-Stop-Density Core,1.0052,False,-2.1261,-0.4757,typology-v1-ab8203c9,ML_ESTIMATED
LTFRB_PUJ1949,1,High-Stop-Density Core,0.9203,False,-2.0437,-0.4558,typology-v1-ab8203c9,ML_ESTIMATED
LTFRB_PUJ1950,1,High-Stop-Density Core,2.435,False,-2.177,0.3483,typology-v1-ab8203c9,ML_ESTIMATED
LTFRB_PUJ1951,1,High-Stop-Density Core,2.5849,False,-2.0861,0.3905,typology-v1-ab8203c9,ML_ESTIMATED
LTFRB_PUJ1952,1,High-Stop-Density Core,2.5091,False,-2.6948,0.3777,typology-v1-ab8203c9,ML_ESTIMATED
LTFRB_PUJ1953,1,High-Stop-Density Core,2.651,False,-2.7655,0.3752,typology-v1-ab8203c9,ML_ESTIMATED
LTFRB_PUJ1954,1,High-Stop-Density Core,1.3831,False,-2.1073,0.5003,typology-v1-ab8203c9,ML_ESTIMATED
LTFRB_PUJ1955,1,High-Stop-Density Core,1.1409,False,-1.8208,0.5377,typology-v1-ab8203c9,ML_ESTIMATED
LTFRB_PUJ1956,1,High-Stop-Density Core,1.1996,False,-0.7923,0.693,typology-v1-ab8203c9,ML_ESTIMATED
LTFRB_PUJ1957,1,High-Stop-Density Core,0.432,False,-1.2582,-0.0759,typology-v1-ab8203c9,ML_ESTIMATED
LTFRB_PUJ1958,1,High-Stop-Density Core,1.157,False,-1.0267,0.9851,typology-v1-ab8203c9,ML_ESTIMATED
LTFRB_PUJ1959,1,High-Stop-Density Core,1.5866,False,-0.8602,1.1697,typology-v1-ab8203c9,ML_ESTIMATED
LTFRB_PUJ1960,1,High-Stop-Density Core,1.9714,False,-2.435,0.3567,typology-v1-ab8203c9,ML_ESTIMATED
LTFRB_PUJ1961,1,High-Stop-Density Core,1.3688,False,-2.4277,0.5884,typology-v1-ab8203c9,ML_ESTIMATED
LTFRB_PUJ1962,1,High-Stop-Density Core,2.0195,False,-2.1807,0.5622,typology-v1-ab8203c9,ML_ESTIMATED
LTFRB_PUJ1963,1,High-Stop-Density Core,2.1743,False,-2.6941,0.2393,typology-v1-ab8203c9,ML_ESTIMATED
LTFRB_PUJ1964,1,High-Stop-Density Core,2.5368,False,0.0971,1.4074,typology-v1-ab8203c9,ML_ESTIMATED
LTFRB_PUJ1965,1,High-Stop-Density Core,2.4102,False,0.0571,1.4932,typology-v1-ab8203c9,ML_ESTIMATED
LTFRB_PUJ1966,1,High-Stop-Density Core,1.6672,False,-0.3339,1.1321,typology-v1-ab8203c9,ML_ESTIMATED
LTFRB_PUJ1967,1,High-Stop-Density Core,1.7619,False,-0.3828,1.1691,typology-v1-ab8203c9,ML_ESTIMATED
LTFRB_PUJ1968,1,High-Stop-Density Core,1.2161,False,-2.183,0.7404,typology-v1-ab8203c9,ML_ESTIMATED
LTFRB_PUJ1969,1,High-Stop-Density Core,1.3704,False,-2.1679,0.6343,typology-v1-ab8203c9,ML_ESTIMATED
LTFRB_PUJ1970,1,High-Stop-Density Core,1.3313,False,-1.4813,1.1549,typology-v1-ab8203c9,ML_ESTIMATED
LTFRB_PUJ1971,1,High-Stop-Density Core,1.3313,False,-1.4813,1.1549,typology-v1-ab8203c9,ML_ESTIMATED
LTFRB_PUJ1972,1,High-Stop-Density Core,1.6729,False,-2.0855,-0.2209,typology-v1-ab8203c9,ML_ESTIMATED
LTFRB_PUJ1973,1,High-Stop-Density Core,1.254,False,-1.6582,0.1587,typology-v1-ab8203c9,ML_ESTIMATED
LTFRB_PUJ1974,0,Dense Urban Trunk,1.8046,False,0.7565,1.1454,typology-v1-ab8203c9,ML_ESTIMATED
LTFRB_PUJ1975,0,Dense Urban Trunk,1.7543,False,0.9254,1.2333,typology-v1-ab8203c9,ML_ESTIMATED
LTFRB_PUJ1978,1,High-Stop-Density Core,1.1257,False,-0.7972,0.0087,typology-v1-ab8203c9,ML_ESTIMATED
LTFRB_PUJ1979,1,High-Stop-Density Core,0.9238,False,-0.8069,0.2296,typology-v1-ab8203c9,ML_ESTIMATED
LTFRB_PUJ1980,1,High-Stop-Density Core,0.908,False,-1.5842,0.4669,typology-v1-ab8203c9,ML_ESTIMATED
LTFRB_PUJ1981,1,High-Stop-Density Core,0.8292,False,-1.6043,0.4937,typology-v1-ab8203c9,ML_ESTIMATED
LTFRB_PUJ1982,0,Dense Urban Trunk,0.8845,False,2.7254,0.1987,typology-v1-ab8203c9,ML_ESTIMATED
LTFRB_PUJ1983,0,Dense Urban Trunk,1.3397,False,3.1269,0.2414,typology-v1-ab8203c9,ML_ESTIMATED
LTFRB_PUJ1984,0,Dense Urban Trunk,0.7942,False,1.1365,0.1862,typology-v1-ab8203c9,ML_ESTIMATED
LTFRB_PUJ1985,0,Dense Urban Trunk,0.6792,False,1.2399,0.1605,typology-v1-ab8203c9,ML_ESTIMATED
LTFRB_PUJ1986,1,High-Stop-Density Core,1.3257,False,-0.8474,0.7585,typology-v1-ab8203c9,ML_ESTIMATED
LTFRB_PUJ1987,1,High-Stop-Density Core,1.3257,False,-0.8474,0.7585,typology-v1-ab8203c9,ML_ESTIMATED
LTFRB_PUJ1988,0,Dense Urban Trunk,0.8823,False,1.7902,0.8624,typology-v1-ab8203c9,ML_ESTIMATED
LTFRB_PUJ1989,0,Dense Urban Trunk,0.9799,False,2.0483,0.9178,typology-v1-ab8203c9,ML_ESTIMATED
LTFRB_PUJ1990,0,Dense Urban Trunk,1.6568,False,0.3264,-0.3998,typology-v1-ab8203c9,ML_ESTIMATED
LTFRB_PUJ1991,0,Dense Urban Trunk,1.6323,False,0.3709,-0.4301,typology-v1-ab8203c9,ML_ESTIMATED
LTFRB_PUJ1992,1,High-Stop-Density Core,1.8358,False,0.2611,-0.3148,typology-v1-ab8203c9,ML_ESTIMATED
LTFRB_PUJ1993,1,High-Stop-Density Core,1.8254,False,0.2241,-0.3057,typology-v1-ab8203c9,ML_ESTIMATED
LTFRB_PUJ1994,0,Dense Urban Trunk,1.2697,False,1.4856,1.0921,typology-v1-ab8203c9,ML_ESTIMATED
LTFRB_PUJ1995,0,Dense Urban Trunk,1.1552,False,1.6574,1.0573,typology-v1-ab8203c9,ML_ESTIMATED
LTFRB_PUJ1996,0,Dense Urban Trunk,1.9117,False,0.5132,1.0947,typology-v1-ab8203c9,ML_ESTIMATED
LTFRB_PUJ1999,1,High-Stop-Density Core,1.2775,False,-0.1175,0.0697,typology-v1-ab8203c9,ML_ESTIMATED
LTFRB_PUJ2000,0,Dense Urban Trunk,1.7831,False,2.1407,-1.6489,typology-v1-ab8203c9,ML_ESTIMATED
LTFRB_PUJ2001,0,Dense Urban Trunk,1.7955,False,2.1651,-1.6555,typology-v1-ab8203c9,ML_ESTIMATED
LTFRB_PUJ2002,0,Dense Urban Trunk,2.1502,False,3.6364,-0.8809,typology-v1-ab8203c9,ML_ESTIMATED
LTFRB_PUJ2003,0,Dense Urban Trunk,1.3965,False,2.9792,-0.587,typology-v1-ab8203c9,ML_ESTIMATED
LTFRB_PUJ2004,1,High-Stop-Density Core,1.4528,False,-0.5774,-0.7054,typology-v1-ab8203c9,ML_ESTIMATED
LTFRB_PUJ2005,1,High-Stop-Density Core,1.1049,False,-0.7647,-0.7378,typology-v1-ab8203c9,ML_ESTIMATED
LTFRB_PUJ2006,1,High-Stop-Density Core,1.1664,False,-0.7431,-0.7554,typology-v1-ab8203c9,ML_ESTIMATED
LTFRB_PUJ2008,1,High-Stop-Density Core,2.3691,False,-1.885,-0.3217,typology-v1-ab8203c9,ML_ESTIMATED
LTFRB_PUJ2009,1,High-Stop-Density Core,2.3691,False,-1.885,-0.3217,typology-v1-ab8203c9,ML_ESTIMATED
LTFRB_PUJ2010,0,Dense Urban Trunk,1.6971,False,1.0581,0.0657,typology-v1-ab8203c9,ML_ESTIMATED
LTFRB_PUJ2011,0,Dense Urban Trunk,1.5617,False,1.1667,0.0757,typology-v1-ab8203c9,ML_ESTIMATED
LTFRB_PUJ2012,1,High-Stop-Density Core,1.3218,False,-1.4084,0.0552,typology-v1-ab8203c9,ML_ESTIMATED
LTFRB_PUJ2013,1,High-Stop-Density Core,1.3986,False,-1.9562,0.4303,typology-v1-ab8203c9,ML_ESTIMATED
LTFRB_PUJ2014,0,Dense Urban Trunk,0.6176,False,2.4357,0.0563,typology-v1-ab8203c9,ML_ESTIMATED
LTFRB_PUJ2015,0,Dense Urban Trunk,1.0147,False,2.7336,0.0079,typology-v1-ab8203c9,ML_ESTIMATED
LTFRB_PUJ2016,1,High-Stop-Density Core,1.0492,False,-1.0362,-0.526,typology-v1-ab8203c9,ML_ESTIMATED
LTFRB_PUJ2017,1,High-Stop-Density Core,0.9634,False,-1.0634,-0.5128,typology-v1-ab8203c9,ML_ESTIMATED
LTFRB_PUJ2018,1,High-Stop-Density Core,1.9841,False,-1.5434,-1.7176,typology-v1-ab8203c9,ML_ESTIMATED
LTFRB_PUJ2019,1,High-Stop-Density Core,2.1137,False,-1.6816,-1.9464,typology-v1-ab8203c9,ML_ESTIMATED
LTFRB_PUJ2020,0,Dense Urban Trunk,1.1329,False,1.0546,-0.4087,typology-v1-ab8203c9,ML_ESTIMATED
LTFRB_PUJ2021,0,Dense Urban Trunk,1.2288,False,0.7768,-0.3207,typology-v1-ab8203c9,ML_ESTIMATED
LTFRB_PUJ2022,1,High-Stop-Density Core,1.8506,False,-0.1477,-1.4439,typology-v1-ab8203c9,ML_ESTIMATED
LTFRB_PUJ2023,0,Dense Urban Trunk,2.668,False,0.3597,-1.6077,typology-v1-ab8203c9,ML_ESTIMATED
LTFRB_PUJ2024,1,High-Stop-Density Core,1.8863,False,-0.2164,-1.5477,typology-v1-ab8203c9,ML_ESTIMATED
LTFRB_PUJ2025,1,High-Stop-Density Core,2.7525,False,-2.1267,-0.1566,typology-v1-ab8203c9,ML_ESTIMATED
LTFRB_PUJ2026,1,High-Stop-Density Core,2.7525,False,-2.1267,-0.1566,typology-v1-ab8203c9,ML_ESTIMATED
LTFRB_PUJ2027,1,High-Stop-Density Core,1.466,False,-0.7397,-0.0566,typology-v1-ab8203c9,ML_ESTIMATED
LTFRB_PUJ2028,1,High-Stop-Density Core,1.2507,False,-1.3472,-0.1896,typology-v1-ab8203c9,ML_ESTIMATED
LTFRB_PUJ2029,1,High-Stop-Density Core,3.7506,True,-1.9794,0.8515,typology-v1-ab8203c9,ML_ESTIMATED
LTFRB_PUJ2030,1,High-Stop-Density Core,3.7506,True,-1.9794,0.8515,typology-v1-ab8203c9,ML_ESTIMATED
LTFRB_PUJ2031,1,High-Stop-Density Core,1.5088,False,-0.8927,-0.2073,typology-v1-ab8203c9,ML_ESTIMATED
LTFRB_PUJ2032,1,High-Stop-Density Core,1.4005,False,-1.4483,-0.9174,typology-v1-ab8203c9,ML_ESTIMATED
LTFRB_PUJ2033,1,High-Stop-Density Core,1.8935,False,-0.3977,1.3369,typology-v1-ab8203c9,ML_ESTIMATED
LTFRB_PUJ2034,1,High-Stop-Density Core,1.9175,False,-0.3903,1.3426,typology-v1-ab8203c9,ML_ESTIMATED
LTFRB_PUJ2035,1,High-Stop-Density Core,1.9962,False,-1.4396,1.2649,typology-v1-ab8203c9,ML_ESTIMATED
LTFRB_PUJ2036,1,High-Stop-Density Core,1.674,False,-1.1073,1.3208,typology-v1-ab8203c9,ML_ESTIMATED
LTFRB_PUJ2037,1,High-Stop-Density Core,1.1028,False,-0.549,0.5349,typology-v1-ab8203c9,ML_ESTIMATED
LTFRB_PUJ2038,1,High-Stop-Density Core,1.0656,False,-0.5055,0.5745,typology-v1-ab8203c9,ML_ESTIMATED
LTFRB_PUJ2039,1,High-Stop-Density Core,1.178,False,-1.703,0.6135,typology-v1-ab8203c9,ML_ESTIMATED
LTFRB_PUJ2040,1,High-Stop-Density Core,0.9887,False,-1.5751,0.634,typology-v1-ab8203c9,ML_ESTIMATED
LTFRB_PUJ2041,1,High-Stop-Density Core,2.2455,False,-0.0126,0.6738,typology-v1-ab8203c9,ML_ESTIMATED
LTFRB_PUJ2042,1,High-Stop-Density Core,2.1961,False,0.0412,0.6858,typology-v1-ab8203c9,ML_ESTIMATED
LTFRB_PUJ2043,1,High-Stop-Density Core,1.2211,False,-1.0783,0.2875,typology-v1-ab8203c9,ML_ESTIMATED
LTFRB_PUJ2044,1,High-Stop-Density Core,1.1494,False,-1.002,0.4649,typology-v1-ab8203c9,ML_ESTIMATED
LTFRB_PUJ2045,0,Dense Urban Trunk,1.6068,False,0.8985,1.0294,typology-v1-ab8203c9,ML_ESTIMATED
LTFRB_PUJ2046,0,Dense Urban Trunk,1.5544,False,0.9358,1.0208,typology-v1-ab8203c9,ML_ESTIMATED
LTFRB_PUJ2047,0,Dense Urban Trunk,1.5251,False,0.8858,0.9411,typology-v1-ab8203c9,ML_ESTIMATED
LTFRB_PUJ2048,0,Dense Urban Trunk,1.4688,False,0.912,0.927,typology-v1-ab8203c9,ML_ESTIMATED
LTFRB_PUJ2049,0,Dense Urban Trunk,1.4068,False,0.6592,0.4911,typology-v1-ab8203c9,ML_ESTIMATED
LTFRB_PUJ2050,0,Dense Urban Trunk,1.2841,False,0.7485,0.4558,typology-v1-ab8203c9,ML_ESTIMATED
LTFRB_PUJ2051,1,High-Stop-Density Core,1.2356,False,-2.0503,0.8532,typology-v1-ab8203c9,ML_ESTIMATED
LTFRB_PUJ2052,1,High-Stop-Density Core,1.2356,False,-2.0503,0.8532,typology-v1-ab8203c9,ML_ESTIMATED
LTFRB_PUJ2053,0,Dense Urban Trunk,1.8254,False,0.6835,1.0147,typology-v1-ab8203c9,ML_ESTIMATED
LTFRB_PUJ2054,0,Dense Urban Trunk,1.4202,False,2.1359,0.953,typology-v1-ab8203c9,ML_ESTIMATED
LTFRB_PUJ2055,1,High-Stop-Density Core,1.7364,False,0.2582,0.514,typology-v1-ab8203c9,ML_ESTIMATED
LTFRB_PUJ2056,1,High-Stop-Density Core,1.6068,False,0.1898,0.222,typology-v1-ab8203c9,ML_ESTIMATED
LTFRB_PUJ2057,1,High-Stop-Density Core,2.1164,False,-1.9033,1.3207,typology-v1-ab8203c9,ML_ESTIMATED
LTFRB_PUJ2058,1,High-Stop-Density Core,2.5289,False,-1.9686,1.3316,typology-v1-ab8203c9,ML_ESTIMATED
LTFRB_PUJ2059,1,High-Stop-Density Core,0.6603,False,-1.6024,0.2243,typology-v1-ab8203c9,ML_ESTIMATED
LTFRB_PUJ2060,1,High-Stop-Density Core,0.2894,False,-1.3697,0.1567,typology-v1-ab8203c9,ML_ESTIMATED
LTFRB_PUJ2061,1,High-Stop-Density Core,2.5974,False,-2.0329,-2.1317,typology-v1-ab8203c9,ML_ESTIMATED
LTFRB_PUJ2062,1,High-Stop-Density Core,2.7119,False,-2.054,-2.0967,typology-v1-ab8203c9,ML_ESTIMATED
LTFRB_PUJ2064,1,High-Stop-Density Core,2.3956,False,-0.9717,1.7632,typology-v1-ab8203c9,ML_ESTIMATED
LTFRB_PUJ2065,1,High-Stop-Density Core,1.2947,False,-0.5102,0.6279,typology-v1-ab8203c9,ML_ESTIMATED
LTFRB_PUJ2066,1,High-Stop-Density Core,1.3906,False,-0.4952,0.6027,typology-v1-ab8203c9,ML_ESTIMATED
LTFRB_PUJ2067,1,High-Stop-Density Core,1.4206,False,-0.4382,0.3404,typology-v1-ab8203c9,ML_ESTIMATED
LTFRB_PUJ2068,1,High-Stop-Density Core,1.2986,False,-0.4066,0.371,typology-v1-ab8203c9,ML_ESTIMATED
LTFRB_PUJ2069,1,High-Stop-Density Core,1.0592,False,-0.6818,-0.174,typology-v1-ab8203c9,ML_ESTIMATED
LTFRB_PUJ2070,1,High-Stop-Density Core,1.2628,False,-0.4417,0.3768,typology-v1-ab8203c9,ML_ESTIMATED
LTFRB_PUJ2071,1,High-Stop-Density Core,1.6987,False,0.2368,-0.3595,typology-v1-ab8203c9,ML_ESTIMATED
LTFRB_PUJ2072,1,High-Stop-Density Core,1.6987,False,0.2368,-0.3595,typology-v1-ab8203c9,ML_ESTIMATED
LTFRB_PUJ2073,0,Dense Urban Trunk,1.479,False,1.0435,-1.048,typology-v1-ab8203c9,ML_ESTIMATED
LTFRB_PUJ2074,0,Dense Urban Trunk,1.5573,False,1.0118,-1.0148,typology-v1-ab8203c9,ML_ESTIMATED
LTFRB_PUJ2075,1,High-Stop-Density Core,1.4347,False,0.0412,-0.1705,typology-v1-ab8203c9,ML_ESTIMATED
LTFRB_PUJ2076,1,High-Stop-Density Core,0.5005,False,-1.0594,-0.1598,typology-v1-ab8203c9,ML_ESTIMATED
LTFRB_PUJ2077,0,Dense Urban Trunk,1.2401,False,2.4916,0.9229,typology-v1-ab8203c9,ML_ESTIMATED
LTFRB_PUJ2078,0,Dense Urban Trunk,1.2635,False,2.6683,0.8937,typology-v1-ab8203c9,ML_ESTIMATED
LTFRB_PUJ2079,1,High-Stop-Density Core,1.5966,False,-1.8656,-0.7764,typology-v1-ab8203c9,ML_ESTIMATED
LTFRB_PUJ2080,1,High-Stop-Density Core,0.8199,False,-1.7672,-0.2786,typology-v1-ab8203c9,ML_ESTIMATED
LTFRB_PUJ2081,1,High-Stop-Density Core,1.4334,False,-0.1902,-0.3119,typology-v1-ab8203c9,ML_ESTIMATED
LTFRB_PUJ2082,1,High-Stop-Density Core,1.3715,False,-0.1808,0.0606,typology-v1-ab8203c9,ML_ESTIMATED
LTFRB_PUJ2083,0,Dense Urban Trunk,4.5504,True,6.3085,0.0966,typology-v1-ab8203c9,ML_ESTIMATED
LTFRB_PUJ2084,0,Dense Urban Trunk,4.3094,True,6.0578,0.1301,typology-v1-ab8203c9,ML_ESTIMATED
LTFRB_PUJ2085,0,Dense Urban Trunk,1.4414,False,1.2932,1.0158,typology-v1-ab8203c9,ML_ESTIMATED
LTFRB_PUJ2086,0,Dense Urban Trunk,1.2726,False,1.3114,0.888,typology-v1-ab8203c9,ML_ESTIMATED
LTFRB_PUJ2087,0,Dense Urban Trunk,1.2405,False,3.033,-0.2735,typology-v1-ab8203c9,ML_ESTIMATED
LTFRB_PUJ2088,0,Dense Urban Trunk,1.2453,False,2.5872,-0.4034,typology-v1-ab8203c9,ML_ESTIMATED
LTFRB_PUJ2089,0,Dense Urban Trunk,1.6413,False,2.4741,-1.2005,typology-v1-ab8203c9,ML_ESTIMATED
LTFRB_PUJ2090,0,Dense Urban Trunk,1.5396,False,2.256,-1.1396,typology-v1-ab8203c9,ML_ESTIMATED
LTFRB_PUJ2091,1,High-Stop-Density Core,0.9058,False,-1.7772,-0.4917,typology-v1-ab8203c9,ML_ESTIMATED
LTFRB_PUJ2092,1,High-Stop-Density Core,1.0175,False,-1.8004,-0.4699,typology-v1-ab8203c9,ML_ESTIMATED
LTFRB_PUJ2093,1,High-Stop-Density Core,1.2029,False,-2.16,-0.9174,typology-v1-ab8203c9,ML_ESTIMATED
LTFRB_PUJ2094,1,High-Stop-Density Core,1.1959,False,-2.1145,-0.4121,typology-v1-ab8203c9,ML_ESTIMATED
LTFRB_PUJ2095,1,High-Stop-Density Core,0.4352,False,-1.7408,-0.1042,typology-v1-ab8203c9,ML_ESTIMATED
LTFRB_PUJ2096,1,High-Stop-Density Core,0.7672,False,-1.5373,-0.0286,typology-v1-ab8203c9,ML_ESTIMATED
LTFRB_PUJ2097,0,Dense Urban Trunk,1.4606,False,1.7812,0.9308,typology-v1-ab8203c9,ML_ESTIMATED
LTFRB_PUJ2098,0,Dense Urban Trunk,1.42,False,1.7263,0.959,typology-v1-ab8203c9,ML_ESTIMATED
LTFRB_PUJ2099,0,Dense Urban Trunk,1.3974,False,0.8862,0.9229,typology-v1-ab8203c9,ML_ESTIMATED
LTFRB_PUJ2100,0,Dense Urban Trunk,1.2658,False,1.0898,0.9437,typology-v1-ab8203c9,ML_ESTIMATED
LTFRB_PUJ2101,0,Dense Urban Trunk,3.0997,False,4.9111,0.4736,typology-v1-ab8203c9,ML_ESTIMATED
LTFRB_PUJ2102,0,Dense Urban Trunk,3.1503,False,4.9471,0.4518,typology-v1-ab8203c9,ML_ESTIMATED
LTFRB_PUJ2104,1,High-Stop-Density Core,0.8445,False,-1.5662,0.4781,typology-v1-ab8203c9,ML_ESTIMATED
LTFRB_PUJ2105,0,Dense Urban Trunk,1.8966,False,0.2717,0.8925,typology-v1-ab8203c9,ML_ESTIMATED
LTFRB_PUJ2106,0,Dense Urban Trunk,1.8966,False,0.2717,0.8925,typology-v1-ab8203c9,ML_ESTIMATED
LTFRB_PUJ2107,1,High-Stop-Density Core,1.0939,False,-1.676,0.627,typology-v1-ab8203c9,ML_ESTIMATED
LTFRB_PUJ2108,1,High-Stop-Density Core,1.0315,False,-1.6159,0.6294,typology-v1-ab8203c9,ML_ESTIMATED
LTFRB_PUJ2109,0,Dense Urban Trunk,2.3067,False,3.7727,-0.0385,typology-v1-ab8203c9,ML_ESTIMATED
LTFRB_PUJ2110,0,Dense Urban Trunk,2.0618,False,3.5729,0.0056,typology-v1-ab8203c9,ML_ESTIMATED
LTFRB_PUJ2111,0,Dense Urban Trunk,2.2566,False,3.7478,-0.0284,typology-v1-ab8203c9,ML_ESTIMATED
LTFRB_PUJ2112,0,Dense Urban Trunk,1.9008,False,3.5144,0.0425,typology-v1-ab8203c9,ML_ESTIMATED
LTFRB_PUJ2113,0,Dense Urban Trunk,2.8977,False,4.0738,-0.1077,typology-v1-ab8203c9,ML_ESTIMATED
LTFRB_PUJ2114,0,Dense Urban Trunk,2.1764,False,3.6541,-0.0777,typology-v1-ab8203c9,ML_ESTIMATED
LTFRB_PUJ2115,0,Dense Urban Trunk,1.9964,False,1.7664,-1.671,typology-v1-ab8203c9,ML_ESTIMATED
LTFRB_PUJ2116,0,Dense Urban Trunk,1.975,False,1.8185,-1.6699,typology-v1-ab8203c9,ML_ESTIMATED
LTFRB_PUJ2117,1,High-Stop-Density Core,0.9359,False,-0.5154,-0.0934,typology-v1-ab8203c9,ML_ESTIMATED
LTFRB_PUJ2118,1,High-Stop-Density Core,0.7407,False,-0.8026,0.1314,typology-v1-ab8203c9,ML_ESTIMATED
LTFRB_PUJ2119,0,Dense Urban Trunk,2.88,False,4.6335,0.0958,typology-v1-ab8203c9,ML_ESTIMATED
LTFRB_PUJ2120,0,Dense Urban Trunk,3.1007,False,4.842,0.2732,typology-v1-ab8203c9,ML_ESTIMATED
LTFRB_PUJ2121,0,Dense Urban Trunk,2.7756,False,1.7867,-1.1874,typology-v1-ab8203c9,ML_ESTIMATED
LTFRB_PUJ2122,0,Dense Urban Trunk,2.7126,False,1.6975,-1.1855,typology-v1-ab8203c9,ML_ESTIMATED
LTFRB_PUJ2123,0,Dense Urban Trunk,2.4285,False,0.3691,0.4601,typology-v1-ab8203c9,ML_ESTIMATED
LTFRB_PUJ2124,0,Dense Urban Trunk,2.4011,False,0.4103,0.3937,typology-v1-ab8203c9,ML_ESTIMATED
LTFRB_PUJ2125,1,High-Stop-Density Core,0.9379,False,-0.5586,-0.5326,typology-v1-ab8203c9,ML_ESTIMATED
LTFRB_PUJ2126,1,High-Stop-Density Core,0.8534,False,-0.6413,-0.4942,typology-v1-ab8203c9,ML_ESTIMATED
LTFRB_PUJ2127,0,Dense Urban Trunk,1.3323,False,0.7447,-0.3002,typology-v1-ab8203c9,ML_ESTIMATED
LTFRB_PUJ2129,1,High-Stop-Density Core,0.782,False,-0.7283,-0.4865,typology-v1-ab8203c9,ML_ESTIMATED
LTFRB_PUJ2130,1,High-Stop-Density Core,0.782,False,-0.7283,-0.4865,typology-v1-ab8203c9,ML_ESTIMATED
LTFRB_PUJ2131,1,High-Stop-Density Core,0.8834,False,-1.2029,-0.706,typology-v1-ab8203c9,ML_ESTIMATED
LTFRB_PUJ2132,1,High-Stop-Density Core,0.7419,False,-1.2152,-0.6751,typology-v1-ab8203c9,ML_ESTIMATED
LTFRB_PUJ2133,0,Dense Urban Trunk,1.6617,False,2.7787,-1.0262,typology-v1-ab8203c9,ML_ESTIMATED
LTFRB_PUJ2134,0,Dense Urban Trunk,1.354,False,2.9257,-0.3905,typology-v1-ab8203c9,ML_ESTIMATED
LTFRB_PUJ2135,0,Dense Urban Trunk,2.4391,False,2.633,-0.8398,typology-v1-ab8203c9,ML_ESTIMATED
LTFRB_PUJ2137,1,High-Stop-Density Core,1.9522,False,-1.9433,0.6964,typology-v1-ab8203c9,ML_ESTIMATED
LTFRB_PUJ2138,1,High-Stop-Density Core,2.1362,False,-2.1556,0.6099,typology-v1-ab8203c9,ML_ESTIMATED
LTFRB_PUJ2140,0,Dense Urban Trunk,2.0709,False,0.2635,0.3666,typology-v1-ab8203c9,ML_ESTIMATED
LTFRB_PUJ2141,0,Dense Urban Trunk,1.153,False,2.5168,0.9052,typology-v1-ab8203c9,ML_ESTIMATED
LTFRB_PUJ2142,0,Dense Urban Trunk,1.173,False,2.5447,0.9039,typology-v1-ab8203c9,ML_ESTIMATED
LTFRB_PUJ2145,1,High-Stop-Density Core,1.3794,False,-0.0347,0.3221,typology-v1-ab8203c9,ML_ESTIMATED
LTFRB_PUJ2146,1,High-Stop-Density Core,1.1845,False,-0.3178,0.5009,typology-v1-ab8203c9,ML_ESTIMATED
LTFRB_PUJ2147,1,High-Stop-Density Core,1.6818,False,-2.5713,-0.9389,typology-v1-ab8203c9,ML_ESTIMATED
LTFRB_PUJ2148,1,High-Stop-Density Core,1.5933,False,-2.6477,-0.8923,typology-v1-ab8203c9,ML_ESTIMATED
LTFRB_PUJ2149,0,Dense Urban Trunk,0.772,False,1.2669,-0.2183,typology-v1-ab8203c9,ML_ESTIMATED
LTFRB_PUJ2150,0,Dense Urban Trunk,0.8568,False,1.1142,-0.1434,typology-v1-ab8203c9,ML_ESTIMATED
LTFRB_PUJ2151,0,Dense Urban Trunk,1.9152,False,0.9904,-1.518,typology-v1-ab8203c9,ML_ESTIMATED
LTFRB_PUJ2152,0,Dense Urban Trunk,1.9113,False,0.9091,-1.4949,typology-v1-ab8203c9,ML_ESTIMATED
LTFRB_PUJ2153,1,High-Stop-Density Core,1.2861,False,-0.8997,0.5198,typology-v1-ab8203c9,ML_ESTIMATED
LTFRB_PUJ2154,1,High-Stop-Density Core,1.6482,False,-0.6905,0.828,typology-v1-ab8203c9,ML_ESTIMATED
LTFRB_PUJ2155,1,High-Stop-Density Core,1.4801,False,-0.2632,0.7577,typology-v1-ab8203c9,ML_ESTIMATED
LTFRB_PUJ2156,1,High-Stop-Density Core,1.7095,False,0.0149,0.7627,typology-v1-ab8203c9,ML_ESTIMATED
LTFRB_PUJ2157,1,High-Stop-Density Core,0.6957,False,-1.3796,0.1732,typology-v1-ab8203c9,ML_ESTIMATED
LTFRB_PUJ2158,1,High-Stop-Density Core,1.1059,False,-2.0205,0.0053,typology-v1-ab8203c9,ML_ESTIMATED
LTFRB_PUJ2159,0,Dense Urban Trunk,1.3478,False,0.9703,-0.8565,typology-v1-ab8203c9,ML_ESTIMATED
LTFRB_PUJ2160,0,Dense Urban Trunk,1.3479,False,0.9691,-0.857,typology-v1-ab8203c9,ML_ESTIMATED
LTFRB_PUJ2161,1,High-Stop-Density Core,3.0967,False,-2.175,0.2427,typology-v1-ab8203c9,ML_ESTIMATED
LTFRB_PUJ2163,0,Dense Urban Trunk,2.4524,False,1.2823,1.1757,typology-v1-ab8203c9,ML_ESTIMATED
LTFRB_PUJ2164,0,Dense Urban Trunk,2.7023,False,0.8371,1.1355,typology-v1-ab8203c9,ML_ESTIMATED
LTFRB_PUJ2165,1,High-Stop-Density Core,1.9761,False,-0.4574,0.2555,typology-v1-ab8203c9,ML_ESTIMATED
LTFRB_PUJ2166,1,High-Stop-Density Core,1.9638,False,-0.2972,0.2098,typology-v1-ab8203c9,ML_ESTIMATED
LTFRB_PUJ2167,0,Dense Urban Trunk,2.0822,False,0.3053,-0.1408,typology-v1-ab8203c9,ML_ESTIMATED
LTFRB_PUJ2168,0,Dense Urban Trunk,1.7127,False,0.3492,-0.0897,typology-v1-ab8203c9,ML_ESTIMATED
LTFRB_PUJ2169,0,Dense Urban Trunk,1.2533,False,2.2213,1.1004,typology-v1-ab8203c9,ML_ESTIMATED
LTFRB_PUJ2170,0,Dense Urban Trunk,1.3032,False,1.7519,1.1306,typology-v1-ab8203c9,ML_ESTIMATED
LTFRB_PUJ2171,0,Dense Urban Trunk,1.3646,False,0.9609,0.8382,typology-v1-ab8203c9,ML_ESTIMATED
LTFRB_PUJ2172,0,Dense Urban Trunk,2.0366,False,0.3555,0.4973,typology-v1-ab8203c9,ML_ESTIMATED
LTFRB_PUJ2173,1,High-Stop-Density Core,1.892,False,-2.368,0.9424,typology-v1-ab8203c9,ML_ESTIMATED
LTFRB_PUJ2174,1,High-Stop-Density Core,2.2288,False,-2.0901,1.1143,typology-v1-ab8203c9,ML_ESTIMATED
LTFRB_PUJ2175,1,High-Stop-Density Core,2.6657,False,-1.648,0.3331,typology-v1-ab8203c9,ML_ESTIMATED
LTFRB_PUJ2176,1,High-Stop-Density Core,2.2201,False,-1.6864,0.406,typology-v1-ab8203c9,ML_ESTIMATED
LTFRB_PUJ2177,1,High-Stop-Density Core,1.5021,False,-0.4221,0.4519,typology-v1-ab8203c9,ML_ESTIMATED
LTFRB_PUJ2178,1,High-Stop-Density Core,1.4701,False,-0.3716,0.3846,typology-v1-ab8203c9,ML_ESTIMATED
LTFRB_PUJ2179,1,High-Stop-Density Core,1.0494,False,-1.644,0.8323,typology-v1-ab8203c9,ML_ESTIMATED
LTFRB_PUJ2180,1,High-Stop-Density Core,1.0632,False,-1.6379,0.8421,typology-v1-ab8203c9,ML_ESTIMATED
LTFRB_PUJ2181,1,High-Stop-Density Core,1.2182,False,-0.4455,0.3409,typology-v1-ab8203c9,ML_ESTIMATED
LTFRB_PUJ2182,1,High-Stop-Density Core,1.4177,False,-0.5648,0.3904,typology-v1-ab8203c9,ML_ESTIMATED
LTFRB_PUJ2183,1,High-Stop-Density Core,2.2335,False,-0.0685,0.6086,typology-v1-ab8203c9,ML_ESTIMATED
LTFRB_PUJ2184,1,High-Stop-Density Core,1.9575,False,-0.6418,0.467,typology-v1-ab8203c9,ML_ESTIMATED
LTFRB_PUJ2185,1,High-Stop-Density Core,1.8202,False,-2.0185,0.7136,typology-v1-ab8203c9,ML_ESTIMATED
LTFRB_PUJ2186,1,High-Stop-Density Core,1.2936,False,-2.0908,0.9016,typology-v1-ab8203c9,ML_ESTIMATED
LTFRB_PUJ2187,1,High-Stop-Density Core,1.5218,False,-0.5886,0.8359,typology-v1-ab8203c9,ML_ESTIMATED
LTFRB_PUJ2188,1,High-Stop-Density Core,2.1237,False,-0.65,0.7976,typology-v1-ab8203c9,ML_ESTIMATED
LTFRB_PUJ2189,0,Dense Urban Trunk,1.8049,False,0.548,0.6728,typology-v1-ab8203c9,ML_ESTIMATED
LTFRB_PUJ2190,0,Dense Urban Trunk,1.6658,False,0.3534,0.4302,typology-v1-ab8203c9,ML_ESTIMATED
LTFRB_PUJ2192,1,High-Stop-Density Core,1.7396,False,-1.8668,-0.4165,typology-v1-ab8203c9,ML_ESTIMATED
LTFRB_PUJ2193,2,Long Regional Connector,2.601,False,-2.3555,0.8029,typology-v1-ab8203c9,ML_ESTIMATED
LTFRB_PUJ2194,1,High-Stop-Density Core,0.7794,False,-1.7745,-0.1007,typology-v1-ab8203c9,ML_ESTIMATED
LTFRB_PUJ2195,1,High-Stop-Density Core,2.0117,False,-2.3808,-0.8858,typology-v1-ab8203c9,ML_ESTIMATED
LTFRB_PUJ2196,1,High-Stop-Density Core,1.8997,False,-2.4192,-0.8689,typology-v1-ab8203c9,ML_ESTIMATED
LTFRB_PUJ2197,1,High-Stop-Density Core,3.8544,True,0.0279,1.3628,typology-v1-ab8203c9,ML_ESTIMATED
LTFRB_PUJ2198,1,High-Stop-Density Core,2.4283,False,0.1518,1.14,typology-v1-ab8203c9,ML_ESTIMATED
LTFRB_PUJ2199,0,Dense Urban Trunk,1.621,False,2.0624,-1.317,typology-v1-ab8203c9,ML_ESTIMATED
LTFRB_PUJ2200,0,Dense Urban Trunk,1.6116,False,2.1775,-1.3973,typology-v1-ab8203c9,ML_ESTIMATED
LTFRB_PUJ2201,0,Dense Urban Trunk,1.657,False,0.9038,-0.4192,typology-v1-ab8203c9,ML_ESTIMATED
LTFRB_PUJ2202,0,Dense Urban Trunk,1.2975,False,0.8777,-0.5074,typology-v1-ab8203c9,ML_ESTIMATED
LTFRB_PUJ2203,0,Dense Urban Trunk,1.3656,False,1.2653,-0.0618,typology-v1-ab8203c9,ML_ESTIMATED
LTFRB_PUJ2204,0,Dense Urban Trunk,2.0474,False,0.6607,-0.023,typology-v1-ab8203c9,ML_ESTIMATED
LTFRB_PUJ2205,0,Dense Urban Trunk,1.5012,False,2.5263,-1.235,typology-v1-ab8203c9,ML_ESTIMATED
LTFRB_PUJ2206,0,Dense Urban Trunk,1.6365,False,2.2782,-1.3693,typology-v1-ab8203c9,ML_ESTIMATED
LTFRB_PUJ2207,1,High-Stop-Density Core,3.3492,True,-2.0571,-1.7244,typology-v1-ab8203c9,ML_ESTIMATED
LTFRB_PUJ2208,1,High-Stop-Density Core,2.7116,False,-1.9851,-1.9576,typology-v1-ab8203c9,ML_ESTIMATED
LTFRB_PUJ2209,1,High-Stop-Density Core,1.455,False,-2.1543,0.727,typology-v1-ab8203c9,ML_ESTIMATED
LTFRB_PUJ2210,1,High-Stop-Density Core,1.1015,False,-2.0047,0.6308,typology-v1-ab8203c9,ML_ESTIMATED
LTFRB_PUJ2211,0,Dense Urban Trunk,2.4345,False,1.8076,1.4732,typology-v1-ab8203c9,ML_ESTIMATED
LTFRB_PUJ2212,0,Dense Urban Trunk,2.0776,False,2.1613,1.4139,typology-v1-ab8203c9,ML_ESTIMATED
LTFRB_PUJ2213,1,High-Stop-Density Core,0.4932,False,-1.3728,0.2044,typology-v1-ab8203c9,ML_ESTIMATED
LTFRB_PUJ2214,1,High-Stop-Density Core,0.6108,False,-1.2367,0.3638,typology-v1-ab8203c9,ML_ESTIMATED
LTFRB_PUJ2215,1,High-Stop-Density Core,2.5951,False,-1.0219,0.0002,typology-v1-ab8203c9,ML_ESTIMATED
LTFRB_PUJ2217,1,High-Stop-Density Core,2.35,False,0.0528,0.945,typology-v1-ab8203c9,ML_ESTIMATED
LTFRB_PUJ2218,1,High-Stop-Density Core,2.4629,False,0.1134,0.9267,typology-v1-ab8203c9,ML_ESTIMATED
LTFRB_PUJ2219,1,High-Stop-Density Core,0.8206,False,-1.2162,0.7044,typology-v1-ab8203c9,ML_ESTIMATED
LTFRB_PUJ2220,1,High-Stop-Density Core,0.9344,False,-1.1851,0.8001,typology-v1-ab8203c9,ML_ESTIMATED
LTFRB_PUJ2221,0,Dense Urban Trunk,2.4116,False,0.4211,1.0558,typology-v1-ab8203c9,ML_ESTIMATED
LTFRB_PUJ2222,0,Dense Urban Trunk,2.1291,False,0.5686,0.982,typology-v1-ab8203c9,ML_ESTIMATED
LTFRB_PUJ2223,0,Dense Urban Trunk,2.2427,False,0.4367,0.8515,typology-v1-ab8203c9,ML_ESTIMATED
LTFRB_PUJ2224,0,Dense Urban Trunk,1.4628,False,0.7716,0.7357,typology-v1-ab8203c9,ML_ESTIMATED
LTFRB_PUJ2225,1,High-Stop-Density Core,0.9413,False,-0.795,0.3892,typology-v1-ab8203c9,ML_ESTIMATED
LTFRB_PUJ2226,1,High-Stop-Density Core,2.3128,False,-2.4628,-0.9146,typology-v1-ab8203c9,ML_ESTIMATED
LTFRB_PUJ2227,0,Dense Urban Trunk,1.4487,False,2.2414,0.0408,typology-v1-ab8203c9,ML_ESTIMATED
LTFRB_PUJ2228,0,Dense Urban Trunk,1.1311,False,2.8064,-0.0956,typology-v1-ab8203c9,ML_ESTIMATED
LTFRB_PUJ2229,0,Dense Urban Trunk,1.6321,False,0.38,-0.2741,typology-v1-ab8203c9,ML_ESTIMATED
LTFRB_PUJ2230,1,High-Stop-Density Core,3.1582,False,-2.6484,-0.8976,typology-v1-ab8203c9,ML_ESTIMATED
LTFRB_PUJ2231,0,Dense Urban Trunk,0.6478,False,1.8293,0.0149,typology-v1-ab8203c9,ML_ESTIMATED
LTFRB_PUJ2232,0,Dense Urban Trunk,0.794,False,1.3187,-0.3592,typology-v1-ab8203c9,ML_ESTIMATED
LTFRB_PUJ2233,0,Dense Urban Trunk,0.5299,False,1.8217,-0.1767,typology-v1-ab8203c9,ML_ESTIMATED
LTFRB_PUJ2234,0,Dense Urban Trunk,0.5225,False,1.9636,-0.2282,typology-v1-ab8203c9,ML_ESTIMATED
LTFRB_PUJ2235,0,Dense Urban Trunk,1.0187,False,1.6745,0.821,typology-v1-ab8203c9,ML_ESTIMATED
LTFRB_PUJ2236,0,Dense Urban Trunk,1.4541,False,1.9144,1.1095,typology-v1-ab8203c9,ML_ESTIMATED
LTFRB_PUJ2238,0,Dense Urban Trunk,1.4627,False,1.3409,0.9087,typology-v1-ab8203c9,ML_ESTIMATED
LTFRB_PUJ2239,1,High-Stop-Density Core,1.6576,False,-1.7527,0.7468,typology-v1-ab8203c9,ML_ESTIMATED
LTFRB_PUJ2240,1,High-Stop-Density Core,2.5505,False,-1.9647,0.356,typology-v1-ab8203c9,ML_ESTIMATED
LTFRB_PUJ2241,0,Dense Urban Trunk,2.8028,False,0.5083,1.4387,typology-v1-ab8203c9,ML_ESTIMATED
LTFRB_PUJ2242,0,Dense Urban Trunk,2.3201,False,0.6041,1.3128,typology-v1-ab8203c9,ML_ESTIMATED
LTFRB_PUJ2243,0,Dense Urban Trunk,2.3639,False,0.6795,1.0754,typology-v1-ab8203c9,ML_ESTIMATED
LTFRB_PUJ2244,0,Dense Urban Trunk,2.3914,False,0.3938,1.1941,typology-v1-ab8203c9,ML_ESTIMATED
LTFRB_PUJ2245,0,Dense Urban Trunk,1.4549,False,0.7943,0.8705,typology-v1-ab8203c9,ML_ESTIMATED
LTFRB_PUJ2246,1,High-Stop-Density Core,2.0777,False,0.1606,0.8412,typology-v1-ab8203c9,ML_ESTIMATED
LTFRB_PUJ2247,1,High-Stop-Density Core,1.9732,False,-2.4664,0.0378,typology-v1-ab8203c9,ML_ESTIMATED
LTFRB_PUJ2248,1,High-Stop-Density Core,1.4267,False,-2.4819,-0.0748,typology-v1-ab8203c9,ML_ESTIMATED
LTFRB_PUJ2249,1,High-Stop-Density Core,0.865,False,-0.8201,-0.2981,typology-v1-ab8203c9,ML_ESTIMATED
LTFRB_PUJ2250,1,High-Stop-Density Core,0.6772,False,-0.9822,-0.0736,typology-v1-ab8203c9,ML_ESTIMATED
LTFRB_PUJ2251,1,High-Stop-Density Core,1.159,False,-0.4212,0.4834,typology-v1-ab8203c9,ML_ESTIMATED
LTFRB_PUJ2252,1,High-Stop-Density Core,1.388,False,-0.6429,0.4071,typology-v1-ab8203c9,ML_ESTIMATED
LTFRB_PUJ2253,0,Dense Urban Trunk,2.1633,False,0.5895,1.0274,typology-v1-ab8203c9,ML_ESTIMATED
LTFRB_PUJ2254,0,Dense Urban Trunk,1.4036,False,0.8134,0.8299,typology-v1-ab8203c9,ML_ESTIMATED
LTFRB_PUJ2255,0,Dense Urban Trunk,1.4169,False,1.4679,0.8798,typology-v1-ab8203c9,ML_ESTIMATED
LTFRB_PUJ2256,0,Dense Urban Trunk,0.9866,False,1.5843,0.7939,typology-v1-ab8203c9,ML_ESTIMATED
LTFRB_PUJ2257,0,Dense Urban Trunk,1.3712,False,1.5165,0.8699,typology-v1-ab8203c9,ML_ESTIMATED
LTFRB_PUJ2258,0,Dense Urban Trunk,0.9433,False,1.6523,0.7791,typology-v1-ab8203c9,ML_ESTIMATED
LTFRB_PUJ2259,1,High-Stop-Density Core,1.4339,False,0.0568,0.2156,typology-v1-ab8203c9,ML_ESTIMATED
LTFRB_PUJ2260,1,High-Stop-Density Core,0.5192,False,-1.1844,0.1622,typology-v1-ab8203c9,ML_ESTIMATED
LTFRB_PUJ2261,0,Dense Urban Trunk,0.747,False,2.5262,0.0639,typology-v1-ab8203c9,ML_ESTIMATED
LTFRB_PUJ2262,0,Dense Urban Trunk,0.7125,False,2.3045,0.1015,typology-v1-ab8203c9,ML_ESTIMATED
LTFRB_PUJ2263,1,High-Stop-Density Core,4.1581,True,-2.6722,0.4162,typology-v1-ab8203c9,ML_ESTIMATED
LTFRB_PUJ2264,1,High-Stop-Density Core,1.8974,False,-2.2243,0.1974,typology-v1-ab8203c9,ML_ESTIMATED
LTFRB_PUJ2265,1,High-Stop-Density Core,2.4141,False,-2.2966,-1.4634,typology-v1-ab8203c9,ML_ESTIMATED
LTFRB_PUJ2266,1,High-Stop-Density Core,1.8454,False,-2.4933,-0.9421,typology-v1-ab8203c9,ML_ESTIMATED
LTFRB_PUJ2267,1,High-Stop-Density Core,0.8785,False,-1.3237,-0.8287,typology-v1-ab8203c9,ML_ESTIMATED
LTFRB_PUJ2268,1,High-Stop-Density Core,1.5626,False,-1.7659,-0.6092,typology-v1-ab8203c9,ML_ESTIMATED
LTFRB_PUJ2269,1,High-Stop-Density Core,1.4446,False,-0.4682,0.2218,typology-v1-ab8203c9,ML_ESTIMATED
LTFRB_PUJ2270,1,High-Stop-Density Core,1.6026,False,-0.3453,0.2755,typology-v1-ab8203c9,ML_ESTIMATED
LTFRB_PUJ2271,1,High-Stop-Density Core,2.2761,False,-0.1811,0.9876,typology-v1-ab8203c9,ML_ESTIMATED
LTFRB_PUJ2272,1,High-Stop-Density Core,1.8344,False,-0.4819,0.7769,typology-v1-ab8203c9,ML_ESTIMATED
LTFRB_PUJ2273,1,High-Stop-Density Core,4.3946,True,-2.5091,-3.9677,typology-v1-ab8203c9,ML_ESTIMATED
LTFRB_PUJ2274,1,High-Stop-Density Core,2.199,False,-0.5779,-1.6924,typology-v1-ab8203c9,ML_ESTIMATED
LTFRB_PUJ2275,1,High-Stop-Density Core,3.44,True,-2.5859,-0.4299,typology-v1-ab8203c9,ML_ESTIMATED
LTFRB_PUJ2276,1,High-Stop-Density Core,4.2321,True,-0.6057,-4.0689,typology-v1-ab8203c9,ML_ESTIMATED
LTFRB_PUJ2277,0,Dense Urban Trunk,2.4105,False,0.8538,1.0127,typology-v1-ab8203c9,ML_ESTIMATED
LTFRB_PUJ2278,1,High-Stop-Density Core,3.6251,True,-2.8368,0.1859,typology-v1-ab8203c9,ML_ESTIMATED
LTFRB_PUJ2279,0,Dense Urban Trunk,1.5582,False,0.5312,0.6299,typology-v1-ab8203c9,ML_ESTIMATED
LTFRB_PUJ2280,1,High-Stop-Density Core,1.0241,False,-1.4618,0.1994,typology-v1-ab8203c9,ML_ESTIMATED
LTFRB_PUJ2281,1,High-Stop-Density Core,1.7184,False,-2.0371,0.1036,typology-v1-ab8203c9,ML_ESTIMATED
LTFRB_PUJ2282,1,High-Stop-Density Core,2.4954,False,-2.172,-2.2951,typology-v1-ab8203c9,ML_ESTIMATED
LTFRB_PUJ2283,1,High-Stop-Density Core,2.2505,False,-2.5189,-0.6095,typology-v1-ab8203c9,ML_ESTIMATED
LTFRB_PUJ2284,1,High-Stop-Density Core,1.4471,False,-1.3585,1.0062,typology-v1-ab8203c9,ML_ESTIMATED
LTFRB_PUJ2285,1,High-Stop-Density Core,2.5436,False,-1.6249,0.7469,typology-v1-ab8203c9,ML_ESTIMATED
LTFRB_PUJ2286,1,High-Stop-Density Core,1.521,False,-2.3364,0.8858,typology-v1-ab8203c9,ML_ESTIMATED
LTFRB_PUJ2287,1,High-Stop-Density Core,1.4542,False,-2.3822,0.6695,typology-v1-ab8203c9,ML_ESTIMATED
LTFRB_PUJ2288,0,Dense Urban Trunk,0.9382,False,1.3587,0.5225,typology-v1-ab8203c9,ML_ESTIMATED
LTFRB_PUJ2289,0,Dense Urban Trunk,0.7859,False,2.1175,0.6764,typology-v1-ab8203c9,ML_ESTIMATED
LTFRB_PUJ2290,0,Dense Urban Trunk,2.2426,False,0.4462,1.0298,typology-v1-ab8203c9,ML_ESTIMATED
LTFRB_PUJ2293,1,High-Stop-Density Core,1.8991,False,0.0505,0.9337,typology-v1-ab8203c9,ML_ESTIMATED
LTFRB_PUJ2294,0,Dense Urban Trunk,0.9235,False,1.6077,0.6936,typology-v1-ab8203c9,ML_ESTIMATED
LTFRB_PUJ2295,0,Dense Urban Trunk,0.9878,False,1.7016,0.7198,typology-v1-ab8203c9,ML_ESTIMATED
LTFRB_PUJ2296,0,Dense Urban Trunk,1.6134,False,0.6815,0.8466,typology-v1-ab8203c9,ML_ESTIMATED
LTFRB_PUJ2297,0,Dense Urban Trunk,1.8634,False,0.39,0.7932,typology-v1-ab8203c9,ML_ESTIMATED
LTFRB_PUJ2298,1,High-Stop-Density Core,1.8252,False,-2.0856,1.1422,typology-v1-ab8203c9,ML_ESTIMATED
LTFRB_PUJ2299,1,High-Stop-Density Core,2.7032,False,-2.1259,0.9567,typology-v1-ab8203c9,ML_ESTIMATED
LTFRB_PUJ2300,0,Dense Urban Trunk,2.297,False,0.5278,0.3932,typology-v1-ab8203c9,ML_ESTIMATED
LTFRB_PUJ2301,1,High-Stop-Density Core,1.5318,False,-2.4459,0.4715,typology-v1-ab8203c9,ML_ESTIMATED
LTFRB_PUJ2302,1,High-Stop-Density Core,2.5855,False,-0.1677,-0.0291,typology-v1-ab8203c9,ML_ESTIMATED
LTFRB_PUJ2303,0,Dense Urban Trunk,1.9138,False,1.136,-1.0757,typology-v1-ab8203c9,ML_ESTIMATED
LTFRB_PUJ2304,0,Dense Urban Trunk,2.0181,False,1.0205,-1.0408,typology-v1-ab8203c9,ML_ESTIMATED
LTFRB_PUJ2305,0,Dense Urban Trunk,1.484,False,2.8419,-0.2933,typology-v1-ab8203c9,ML_ESTIMATED
LTFRB_PUJ2306,0,Dense Urban Trunk,1.4521,False,2.9206,-0.3256,typology-v1-ab8203c9,ML_ESTIMATED
LTFRB_PUJ2307,1,High-Stop-Density Core,1.8608,False,-1.4001,1.2386,typology-v1-ab8203c9,ML_ESTIMATED
LTFRB_PUJ2308,1,High-Stop-Density Core,1.7279,False,-1.6035,1.1323,typology-v1-ab8203c9,ML_ESTIMATED
LTFRB_PUJ2309,1,High-Stop-Density Core,1.9592,False,-0.5912,1.3182,typology-v1-ab8203c9,ML_ESTIMATED
LTFRB_PUJ2310,1,High-Stop-Density Core,1.7826,False,-0.5559,1.2905,typology-v1-ab8203c9,ML_ESTIMATED
LTFRB_PUJ2311,1,High-Stop-Density Core,1.6511,False,-2.3569,0.0698,typology-v1-ab8203c9,ML_ESTIMATED
LTFRB_PUJ2312,1,High-Stop-Density Core,1.6511,False,-2.3569,0.0698,typology-v1-ab8203c9,ML_ESTIMATED
LTFRB_PUJ2313,1,High-Stop-Density Core,1.4192,False,-2.0381,-0.391,typology-v1-ab8203c9,ML_ESTIMATED
LTFRB_PUJ2314,1,High-Stop-Density Core,1.4192,False,-2.0381,-0.391,typology-v1-ab8203c9,ML_ESTIMATED
LTFRB_PUJ2315,1,High-Stop-Density Core,1.5414,False,-1.5244,0.7988,typology-v1-ab8203c9,ML_ESTIMATED
LTFRB_PUJ2316,1,High-Stop-Density Core,1.2465,False,-1.3876,0.6254,typology-v1-ab8203c9,ML_ESTIMATED
LTFRB_PUJ2317,1,High-Stop-Density Core,0.8262,False,-0.929,-0.2112,typology-v1-ab8203c9,ML_ESTIMATED
LTFRB_PUJ2318,1,High-Stop-Density Core,0.8526,False,-0.9708,-0.1063,typology-v1-ab8203c9,ML_ESTIMATED
LTFRB_PUJ2319,0,Dense Urban Trunk,1.0261,False,1.1687,0.4686,typology-v1-ab8203c9,ML_ESTIMATED
LTFRB_PUJ2320,0,Dense Urban Trunk,0.8948,False,1.1948,0.411,typology-v1-ab8203c9,ML_ESTIMATED
LTFRB_PUJ2321,0,Dense Urban Trunk,0.8467,False,1.6775,0.7123,typology-v1-ab8203c9,ML_ESTIMATED
LTFRB_PUJ2322,0,Dense Urban Trunk,0.7631,False,1.8663,0.675,typology-v1-ab8203c9,ML_ESTIMATED
LTFRB_PUJ2323,0,Dense Urban Trunk,2.0789,False,3.918,0.2838,typology-v1-ab8203c9,ML_ESTIMATED
LTFRB_PUJ2324,0,Dense Urban Trunk,1.9684,False,3.7894,0.2675,typology-v1-ab8203c9,ML_ESTIMATED
LTFRB_PUJ2325,1,High-Stop-Density Core,1.6259,False,-0.9281,-0.1562,typology-v1-ab8203c9,ML_ESTIMATED
LTFRB_PUJ2326,1,High-Stop-Density Core,1.9644,False,-0.9524,-0.1009,typology-v1-ab8203c9,ML_ESTIMATED
LTFRB_PUJ2327,1,High-Stop-Density Core,0.8287,False,-1.5081,0.3225,typology-v1-ab8203c9,ML_ESTIMATED
LTFRB_PUJ2329,0,Dense Urban Trunk,0.8604,False,2.2891,0.4678,typology-v1-ab8203c9,ML_ESTIMATED
LTFRB_PUJ2330,0,Dense Urban Trunk,0.9067,False,2.3928,0.4181,typology-v1-ab8203c9,ML_ESTIMATED
LTFRB_PUJ2331,0,Dense Urban Trunk,1.0489,False,1.5412,0.6855,typology-v1-ab8203c9,ML_ESTIMATED
LTFRB_PUJ2332,0,Dense Urban Trunk,1.1909,False,1.5917,0.6366,typology-v1-ab8203c9,ML_ESTIMATED
LTFRB_PUJ2333,1,High-Stop-Density Core,1.5267,False,-1.861,-0.2085,typology-v1-ab8203c9,ML_ESTIMATED
LTFRB_PUJ2334,1,High-Stop-Density Core,1.5267,False,-1.861,-0.2085,typology-v1-ab8203c9,ML_ESTIMATED
LTFRB_PUJ2335,1,High-Stop-Density Core,1.3816,False,-1.752,0.3404,typology-v1-ab8203c9,ML_ESTIMATED
LTFRB_PUJ2336,1,High-Stop-Density Core,1.2836,False,-1.743,0.357,typology-v1-ab8203c9,ML_ESTIMATED
LTFRB_PUJ2337,1,High-Stop-Density Core,0.8373,False,-1.9624,-0.3235,typology-v1-ab8203c9,ML_ESTIMATED
LTFRB_PUJ2338,1,High-Stop-Density Core,0.8143,False,-1.9678,-0.3321,typology-v1-ab8203c9,ML_ESTIMATED
LTFRB_PUJ2339,1,High-Stop-Density Core,1.0511,False,-1.9812,0.6408,typology-v1-ab8203c9,ML_ESTIMATED
LTFRB_PUJ2340,1,High-Stop-Density Core,1.0785,False,-1.938,0.6941,typology-v1-ab8203c9,ML_ESTIMATED
LTFRB_PUJ2341,0,Dense Urban Trunk,1.6817,False,2.5497,1.3156,typology-v1-ab8203c9,ML_ESTIMATED
LTFRB_PUJ2342,0,Dense Urban Trunk,1.3289,False,1.0724,0.9298,typology-v1-ab8203c9,ML_ESTIMATED
LTFRB_PUJ2343,1,High-Stop-Density Core,3.452,True,-1.1271,-3.3203,typology-v1-ab8203c9,ML_ESTIMATED
LTFRB_PUJ2344,1,High-Stop-Density Core,3.5164,True,-1.1164,-3.3551,typology-v1-ab8203c9,ML_ESTIMATED
LTFRB_PUJ2345,0,Dense Urban Trunk,3.2164,False,3.7867,-2.4095,typology-v1-ab8203c9,ML_ESTIMATED
LTFRB_PUJ2346,0,Dense Urban Trunk,3.2447,False,3.8276,-2.3095,typology-v1-ab8203c9,ML_ESTIMATED
LTFRB_PUJ2347,1,High-Stop-Density Core,1.8182,False,-1.5952,-1.1355,typology-v1-ab8203c9,ML_ESTIMATED
LTFRB_PUJ2348,1,High-Stop-Density Core,1.3123,False,-1.9871,-1.1584,typology-v1-ab8203c9,ML_ESTIMATED
LTFRB_PUJ2349,1,High-Stop-Density Core,4.016,True,-1.4193,-3.9342,typology-v1-ab8203c9,ML_ESTIMATED
LTFRB_PUJ2350,1,High-Stop-Density Core,4.016,True,-1.4193,-3.9342,typology-v1-ab8203c9,ML_ESTIMATED
LTFRB_PUJ2351,1,High-Stop-Density Core,4.0694,True,-1.9537,-3.928,typology-v1-ab8203c9,ML_ESTIMATED
LTFRB_PUJ2352,1,High-Stop-Density Core,4.0694,True,-1.9537,-3.928,typology-v1-ab8203c9,ML_ESTIMATED
LTFRB_PUJ2353,1,High-Stop-Density Core,1.6673,False,-2.6683,0.1597,typology-v1-ab8203c9,ML_ESTIMATED
LTFRB_PUJ2354,1,High-Stop-Density Core,1.6673,False,-2.6683,0.1597,typology-v1-ab8203c9,ML_ESTIMATED
LTFRB_PUJ2355,1,High-Stop-Density Core,1.9327,False,-2.1995,0.6934,typology-v1-ab8203c9,ML_ESTIMATED
LTFRB_PUJ2356,1,High-Stop-Density Core,1.5327,False,-2.1892,0.6226,typology-v1-ab8203c9,ML_ESTIMATED
LTFRB_PUJ2357,1,High-Stop-Density Core,2.6715,False,-1.779,-2.3432,typology-v1-ab8203c9,ML_ESTIMATED
LTFRB_PUJ2358,1,High-Stop-Density Core,2.5747,False,-1.7573,-2.4843,typology-v1-ab8203c9,ML_ESTIMATED
LTFRB_PUJ2359,0,Dense Urban Trunk,2.0007,False,1.1623,1.5544,typology-v1-ab8203c9,ML_ESTIMATED
LTFRB_PUJ2360,0,Dense Urban Trunk,2.0996,False,1.7636,1.7849,typology-v1-ab8203c9,ML_ESTIMATED
LTFRB_PUJ2361,1,High-Stop-Density Core,1.9287,False,-2.1839,0.7894,typology-v1-ab8203c9,ML_ESTIMATED
LTFRB_PUJ2362,1,High-Stop-Density Core,1.6009,False,-1.7875,0.8224,typology-v1-ab8203c9,ML_ESTIMATED
LTFRB_PUJ2363,1,High-Stop-Density Core,1.157,False,-1.8888,-0.5837,typology-v1-ab8203c9,ML_ESTIMATED
LTFRB_PUJ2364,1,High-Stop-Density Core,1.2029,False,-1.9101,-0.5792,typology-v1-ab8203c9,ML_ESTIMATED
LTFRB_PUJ2365,1,High-Stop-Density Core,0.8841,False,-1.5465,-0.8805,typology-v1-ab8203c9,ML_ESTIMATED
LTFRB_PUJ2366,1,High-Stop-Density Core,1.1338,False,-1.6123,-1.1069,typology-v1-ab8203c9,ML_ESTIMATED
LTFRB_PUJ2367,0,Dense Urban Trunk,1.1188,False,1.4112,-0.1963,typology-v1-ab8203c9,ML_ESTIMATED
LTFRB_PUJ2368,0,Dense Urban Trunk,1.1478,False,1.0302,-0.0446,typology-v1-ab8203c9,ML_ESTIMATED
LTFRB_PUJ2369,0,Dense Urban Trunk,0.901,False,2.029,-0.3696,typology-v1-ab8203c9,ML_ESTIMATED
LTFRB_PUJ2370,0,Dense Urban Trunk,0.6651,False,1.6294,-0.2048,typology-v1-ab8203c9,ML_ESTIMATED
LTFRB_PUJ2371,1,High-Stop-Density Core,1.0883,False,-1.8132,-0.7954,typology-v1-ab8203c9,ML_ESTIMATED
LTFRB_PUJ2372,1,High-Stop-Density Core,1.0883,False,-1.8132,-0.7954,typology-v1-ab8203c9,ML_ESTIMATED
LTFRB_PUJ2373,1,High-Stop-Density Core,4.4051,True,-2.7788,-3.8979,typology-v1-ab8203c9,ML_ESTIMATED
LTFRB_PUJ2376,0,Dense Urban Trunk,2.4295,False,0.9603,0.8849,typology-v1-ab8203c9,ML_ESTIMATED
LTFRB_PUJ2377,0,Dense Urban Trunk,0.671,False,1.526,0.536,typology-v1-ab8203c9,ML_ESTIMATED
LTFRB_PUJ2378,1,High-Stop-Density Core,1.3516,False,-1.8892,-0.955,typology-v1-ab8203c9,ML_ESTIMATED
LTFRB_PUJ2379,1,High-Stop-Density Core,0.8474,False,-1.8327,-0.1117,typology-v1-ab8203c9,ML_ESTIMATED
LTFRB_PUJ2380,0,Dense Urban Trunk,1.9797,False,0.7862,1.1569,typology-v1-ab8203c9,ML_ESTIMATED
LTFRB_PUJ2381,0,Dense Urban Trunk,2.1927,False,0.601,1.0323,typology-v1-ab8203c9,ML_ESTIMATED
LTFRB_PUJ2382,1,High-Stop-Density Core,1.862,False,-1.2877,0.8652,typology-v1-ab8203c9,ML_ESTIMATED
LTFRB_PUJ2383,1,High-Stop-Density Core,2.3522,False,-1.1787,0.886,typology-v1-ab8203c9,ML_ESTIMATED
LTFRB_PUJ2384,1,High-Stop-Density Core,3.3976,True,-0.362,0.7192,typology-v1-ab8203c9,ML_ESTIMATED
LTFRB_PUJ2385,1,High-Stop-Density Core,3.2922,True,0.0523,0.3923,typology-v1-ab8203c9,ML_ESTIMATED
LTFRB_PUJ2386,1,High-Stop-Density Core,1.6249,False,-1.94,0.7292,typology-v1-ab8203c9,ML_ESTIMATED
LTFRB_PUJ2387,1,High-Stop-Density Core,1.7843,False,-2.0359,0.8374,typology-v1-ab8203c9,ML_ESTIMATED
LTFRB_PUJ2388,1,High-Stop-Density Core,1.9921,False,-0.842,1.4406,typology-v1-ab8203c9,ML_ESTIMATED
LTFRB_PUJ2389,1,High-Stop-Density Core,1.6581,False,-1.9487,1.0306,typology-v1-ab8203c9,ML_ESTIMATED
LTFRB_PUJ2390,1,High-Stop-Density Core,1.5084,False,-1.7648,1.2493,typology-v1-ab8203c9,ML_ESTIMATED
LTFRB_PUJ2392,0,Dense Urban Trunk,4.3183,True,0.9936,-4.0556,typology-v1-ab8203c9,ML_ESTIMATED
LTFRB_PUJ2393,1,High-Stop-Density Core,1.2463,False,-2.4059,-0.5461,typology-v1-ab8203c9,ML_ESTIMATED
LTFRB_PUJ2394,1,High-Stop-Density Core,1.061,False,-2.2669,-0.2807,typology-v1-ab8203c9,ML_ESTIMATED
LTFRB_PUJ2395,1,High-Stop-Density Core,0.9574,False,-0.613,0.2333,typology-v1-ab8203c9,ML_ESTIMATED
LTFRB_PUJ2396,1,High-Stop-Density Core,0.9574,False,-0.613,0.2333,typology-v1-ab8203c9,ML_ESTIMATED
LTFRB_PUJ2397,0,Dense Urban Trunk,2.6902,False,0.5175,0.9488,typology-v1-ab8203c9,ML_ESTIMATED
LTFRB_PUJ2398,0,Dense Urban Trunk,1.1245,False,1.0183,0.6215,typology-v1-ab8203c9,ML_ESTIMATED
LTFRB_PUJ2399,1,High-Stop-Density Core,2.4281,False,-1.024,1.0805,typology-v1-ab8203c9,ML_ESTIMATED
LTFRB_PUJ2400,1,High-Stop-Density Core,1.4973,False,-0.8434,0.8007,typology-v1-ab8203c9,ML_ESTIMATED
LTFRB_PUJ2401,1,High-Stop-Density Core,3.3194,True,-1.9745,0.8863,typology-v1-ab8203c9,ML_ESTIMATED
LTFRB_PUJ2403,1,High-Stop-Density Core,2.2748,False,-1.3233,0.9958,typology-v1-ab8203c9,ML_ESTIMATED
LTFRB_PUJ2404,1,High-Stop-Density Core,1.7971,False,-1.2913,0.9131,typology-v1-ab8203c9,ML_ESTIMATED
LTFRB_PUJ2405,1,High-Stop-Density Core,1.3428,False,-2.2633,0.682,typology-v1-ab8203c9,ML_ESTIMATED
LTFRB_PUJ2406,1,High-Stop-Density Core,1.3914,False,-2.2683,0.8552,typology-v1-ab8203c9,ML_ESTIMATED
LTFRB_PUJ2407,0,Dense Urban Trunk,2.0704,False,3.7975,0.2888,typology-v1-ab8203c9,ML_ESTIMATED
LTFRB_PUJ2408,0,Dense Urban Trunk,1.836,False,3.5706,0.228,typology-v1-ab8203c9,ML_ESTIMATED
LTFRB_PUJ2409,1,High-Stop-Density Core,2.2426,False,-2.576,-1.8382,typology-v1-ab8203c9,ML_ESTIMATED
LTFRB_PUJ2410,1,High-Stop-Density Core,2.2935,False,-2.5134,-1.9482,typology-v1-ab8203c9,ML_ESTIMATED
LTFRB_PUJ2411,0,Dense Urban Trunk,2.7831,False,1.331,-2.2261,typology-v1-ab8203c9,ML_ESTIMATED
LTFRB_PUJ2412,1,High-Stop-Density Core,2.3726,False,-0.5902,-2.2884,typology-v1-ab8203c9,ML_ESTIMATED
LTFRB_PUJ2413,1,High-Stop-Density Core,1.9613,False,-2.1631,0.8677,typology-v1-ab8203c9,ML_ESTIMATED
LTFRB_PUJ2414,1,High-Stop-Density Core,1.8224,False,-2.1329,0.8584,typology-v1-ab8203c9,ML_ESTIMATED
LTFRB_PUJ2415,1,High-Stop-Density Core,3.207,False,-2.9061,0.0562,typology-v1-ab8203c9,ML_ESTIMATED
LTFRB_PUJ2416,1,High-Stop-Density Core,1.4089,False,-2.4198,0.485,typology-v1-ab8203c9,ML_ESTIMATED
LTFRB_PUJ2417,0,Dense Urban Trunk,2.499,False,3.4386,-1.2197,typology-v1-ab8203c9,ML_ESTIMATED
LTFRB_PUJ2418,0,Dense Urban Trunk,3.0203,False,4.2001,-0.9489,typology-v1-ab8203c9,ML_ESTIMATED
LTFRB_PUJ2419,1,High-Stop-Density Core,1.7077,False,-1.026,0.7488,typology-v1-ab8203c9,ML_ESTIMATED
LTFRB_PUJ2420,1,High-Stop-Density Core,1.7639,False,-1.251,0.9785,typology-v1-ab8203c9,ML_ESTIMATED
LTFRB_PUJ2421,1,High-Stop-Density Core,2.8868,False,-2.0837,-2.6957,typology-v1-ab8203c9,ML_ESTIMATED
LTFRB_PUJ2422,1,High-Stop-Density Core,1.8812,False,-2.4207,-1.5219,typology-v1-ab8203c9,ML_ESTIMATED
LTFRB_PUJ2423,1,High-Stop-Density Core,1.5088,False,-1.9349,-1.1966,typology-v1-ab8203c9,ML_ESTIMATED
LTFRB_PUJ2424,1,High-Stop-Density Core,1.4436,False,-1.9079,-1.2148,typology-v1-ab8203c9,ML_ESTIMATED
LTFRB_PUJ2425,1,High-Stop-Density Core,4.0834,True,-2.302,-3.7243,typology-v1-ab8203c9,ML_ESTIMATED
LTFRB_PUJ2426,1,High-Stop-Density Core,1.5886,False,-1.9331,-1.3955,typology-v1-ab8203c9,ML_ESTIMATED
LTFRB_PUJ2427,1,High-Stop-Density Core,1.9206,False,-1.403,-1.6965,typology-v1-ab8203c9,ML_ESTIMATED
LTFRB_PUJ2428,1,High-Stop-Density Core,1.5896,False,-1.4841,0.712,typology-v1-ab8203c9,ML_ESTIMATED
LTFRB_PUJ2429,1,High-Stop-Density Core,1.3491,False,-1.0963,0.8254,typology-v1-ab8203c9,ML_ESTIMATED
LTFRB_PUJ2431,0,Dense Urban Trunk,3.2127,False,2.4255,-3.0684,typology-v1-ab8203c9,ML_ESTIMATED
LTFRB_PUJ2432,1,High-Stop-Density Core,1.4641,False,-1.5363,0.3852,typology-v1-ab8203c9,ML_ESTIMATED
LTFRB_PUJ2433,1,High-Stop-Density Core,1.6836,False,-1.7102,0.2988,typology-v1-ab8203c9,ML_ESTIMATED
LTFRB_PUJ2436,0,Dense Urban Trunk,2.7523,False,3.3972,-0.2426,typology-v1-ab8203c9,ML_ESTIMATED
LTFRB_PUJ2437,0,Dense Urban Trunk,3.1524,False,3.7087,-0.3388,typology-v1-ab8203c9,ML_ESTIMATED
LTFRB_PUJ2438,1,High-Stop-Density Core,0.87,False,-1.4215,-0.2454,typology-v1-ab8203c9,ML_ESTIMATED
LTFRB_PUJ2439,1,High-Stop-Density Core,0.676,False,-1.4717,-0.2089,typology-v1-ab8203c9,ML_ESTIMATED
LTFRB_PUJ2440,1,High-Stop-Density Core,1.462,False,-2.2645,0.9607,typology-v1-ab8203c9,ML_ESTIMATED
LTFRB_PUJ2441,1,High-Stop-Density Core,1.5195,False,-2.2302,0.8107,typology-v1-ab8203c9,ML_ESTIMATED
LTFRB_PUJ2442,0,Dense Urban Trunk,2.396,False,3.9038,-0.7547,typology-v1-ab8203c9,ML_ESTIMATED
LTFRB_PUJ2443,0,Dense Urban Trunk,2.3945,False,3.8735,-0.7247,typology-v1-ab8203c9,ML_ESTIMATED
LTFRB_PUJ2444,1,High-Stop-Density Core,0.458,False,-1.3828,0.3329,typology-v1-ab8203c9,ML_ESTIMATED
LTFRB_PUJ2445,1,High-Stop-Density Core,3.3232,True,-2.2335,0.2696,typology-v1-ab8203c9,ML_ESTIMATED
LTFRB_PUJ2446,0,Dense Urban Trunk,3.0291,False,0.6413,-2.5964,typology-v1-ab8203c9,ML_ESTIMATED
LTFRB_PUJ2447,1,High-Stop-Density Core,2.7723,False,0.0719,-2.3602,typology-v1-ab8203c9,ML_ESTIMATED
LTFRB_PUJ2448,1,High-Stop-Density Core,2.7285,False,-2.3479,0.4987,typology-v1-ab8203c9,ML_ESTIMATED
LTFRB_PUJ2449,1,High-Stop-Density Core,2.3429,False,-2.1395,0.4338,typology-v1-ab8203c9,ML_ESTIMATED
LTFRB_PUJ2450,1,High-Stop-Density Core,1.6625,False,-0.9618,-0.8606,typology-v1-ab8203c9,ML_ESTIMATED
LTFRB_PUJ2451,1,High-Stop-Density Core,1.6625,False,-0.9618,-0.8606,typology-v1-ab8203c9,ML_ESTIMATED
LTFRB_PUJ2452,0,Dense Urban Trunk,3.4654,False,1.3976,0.2312,typology-v1-ab8203c9,ML_ESTIMATED
LTFRB_PUJ2453,0,Dense Urban Trunk,3.7838,True,1.3284,0.3991,typology-v1-ab8203c9,ML_ESTIMATED
LTFRB_PUJ2454,1,High-Stop-Density Core,2.5492,False,-1.9164,-2.0906,typology-v1-ab8203c9,ML_ESTIMATED
LTFRB_PUJ2455,1,High-Stop-Density Core,2.3352,False,-1.8363,-2.2562,typology-v1-ab8203c9,ML_ESTIMATED
LTFRB_PUJ2456,0,Dense Urban Trunk,1.1181,False,1.7781,-0.5587,typology-v1-ab8203c9,ML_ESTIMATED
LTFRB_PUJ2457,0,Dense Urban Trunk,1.4322,False,2.6589,-0.4604,typology-v1-ab8203c9,ML_ESTIMATED
LTFRB_PUJ2458,0,Dense Urban Trunk,1.2213,False,0.7894,-0.3153,typology-v1-ab8203c9,ML_ESTIMATED
LTFRB_PUJ2459,0,Dense Urban Trunk,1.222,False,0.7646,-0.3556,typology-v1-ab8203c9,ML_ESTIMATED
LTFRB_PUJ2460,1,High-Stop-Density Core,3.9772,True,-1.4371,-3.8433,typology-v1-ab8203c9,ML_ESTIMATED
LTFRB_PUJ2461,1,High-Stop-Density Core,4.0011,True,-1.4516,-3.9014,typology-v1-ab8203c9,ML_ESTIMATED
LTFRB_PUJ2462,1,High-Stop-Density Core,1.8762,False,0.1573,-1.1515,typology-v1-ab8203c9,ML_ESTIMATED
LTFRB_PUJ2463,1,High-Stop-Density Core,1.9778,False,0.2494,-1.2244,typology-v1-ab8203c9,ML_ESTIMATED
LTFRB_PUJ2464,0,Dense Urban Trunk,1.1961,False,2.1269,0.153,typology-v1-ab8203c9,ML_ESTIMATED
LTFRB_PUJ2465,0,Dense Urban Trunk,1.0051,False,2.0779,0.2587,typology-v1-ab8203c9,ML_ESTIMATED
LTFRB_PUJ2466,0,Dense Urban Trunk,1.6677,False,1.4939,-1.1182,typology-v1-ab8203c9,ML_ESTIMATED
LTFRB_PUJ2467,0,Dense Urban Trunk,1.6538,False,1.8137,-1.0164,typology-v1-ab8203c9,ML_ESTIMATED
LTFRB_PUJ2468,1,High-Stop-Density Core,1.7173,False,-2.3546,0.4952,typology-v1-ab8203c9,ML_ESTIMATED
LTFRB_PUJ2469,1,High-Stop-Density Core,1.7226,False,-2.2567,0.5173,typology-v1-ab8203c9,ML_ESTIMATED
LTFRB_PUJ2470,0,Dense Urban Trunk,2.8021,False,3.0945,0.6507,typology-v1-ab8203c9,ML_ESTIMATED
LTFRB_PUJ2471,0,Dense Urban Trunk,2.3639,False,2.9035,0.7166,typology-v1-ab8203c9,ML_ESTIMATED
LTFRB_PUJ2472,0,Dense Urban Trunk,2.2703,False,0.5233,0.9373,typology-v1-ab8203c9,ML_ESTIMATED
LTFRB_PUJ2473,1,High-Stop-Density Core,2.5516,False,0.0455,0.898,typology-v1-ab8203c9,ML_ESTIMATED
LTFRB_PUJ2474,1,High-Stop-Density Core,4.1224,True,-1.658,-3.7078,typology-v1-ab8203c9,ML_ESTIMATED
LTFRB_PUJ2475,1,High-Stop-Density Core,4.0627,True,-1.6478,-3.748,typology-v1-ab8203c9,ML_ESTIMATED
LTFRB_PUJ2476,0,Dense Urban Trunk,4.2787,True,1.096,-4.0833,typology-v1-ab8203c9,ML_ESTIMATED
LTFRB_PUJ2477,0,Dense Urban Trunk,4.2848,True,1.0789,-4.0676,typology-v1-ab8203c9,ML_ESTIMATED
LTFRB_PUJ2480,0,Dense Urban Trunk,1.6463,False,0.51,0.8887,typology-v1-ab8203c9,ML_ESTIMATED
LTFRB_PUJ2481,1,High-Stop-Density Core,1.8568,False,0.1741,0.9346,typology-v1-ab8203c9,ML_ESTIMATED
LTFRB_PUJ2482,0,Dense Urban Trunk,1.7995,False,0.52,0.8119,typology-v1-ab8203c9,ML_ESTIMATED
LTFRB_PUJ2483,0,Dense Urban Trunk,1.931,False,0.3884,0.9836,typology-v1-ab8203c9,ML_ESTIMATED
LTFRB_PUJ2484,0,Dense Urban Trunk,3.4508,False,3.4254,-2.9384,typology-v1-ab8203c9,ML_ESTIMATED
LTFRB_PUJ2485,0,Dense Urban Trunk,3.3074,False,3.5448,-2.6962,typology-v1-ab8203c9,ML_ESTIMATED
LTFRB_PUJ2486,0,Dense Urban Trunk,2.1261,False,0.9313,-1.6002,typology-v1-ab8203c9,ML_ESTIMATED
LTFRB_PUJ2487,0,Dense Urban Trunk,2.1461,False,1.0212,-1.6713,typology-v1-ab8203c9,ML_ESTIMATED
LTFRB_PUJ2488,0,Dense Urban Trunk,1.9271,False,2.2246,-1.6294,typology-v1-ab8203c9,ML_ESTIMATED
LTFRB_PUJ2489,0,Dense Urban Trunk,2.4339,False,3.6471,-1.4866,typology-v1-ab8203c9,ML_ESTIMATED
LTFRB_PUJ2490,0,Dense Urban Trunk,1.4139,False,2.1465,-0.9956,typology-v1-ab8203c9,ML_ESTIMATED
LTFRB_PUJ2491,0,Dense Urban Trunk,1.5123,False,2.3517,-1.0631,typology-v1-ab8203c9,ML_ESTIMATED
LTFRB_PUJ2492,0,Dense Urban Trunk,2.1031,False,2.9939,-1.2775,typology-v1-ab8203c9,ML_ESTIMATED
LTFRB_PUJ2493,0,Dense Urban Trunk,2.3129,False,3.5201,-1.4744,typology-v1-ab8203c9,ML_ESTIMATED
LTFRB_PUJ2494,1,High-Stop-Density Core,3.6734,True,0.0389,-3.2559,typology-v1-ab8203c9,ML_ESTIMATED
LTFRB_PUJ2495,1,High-Stop-Density Core,3.6899,True,0.0229,-3.2362,typology-v1-ab8203c9,ML_ESTIMATED
LTFRB_PUJ2496,0,Dense Urban Trunk,1.6882,False,0.418,-0.533,typology-v1-ab8203c9,ML_ESTIMATED
LTFRB_PUJ2497,1,High-Stop-Density Core,1.8443,False,0.1372,-0.5902,typology-v1-ab8203c9,ML_ESTIMATED
LTFRB_PUJ2498,1,High-Stop-Density Core,1.4107,False,-0.5195,0.0571,typology-v1-ab8203c9,ML_ESTIMATED
LTFRB_PUJ2499,1,High-Stop-Density Core,1.5073,False,-0.4903,-0.2452,typology-v1-ab8203c9,ML_ESTIMATED
LTFRB_PUJ2500,0,Dense Urban Trunk,2.6244,False,0.4058,0.8633,typology-v1-ab8203c9,ML_ESTIMATED
LTFRB_PUJ2501,1,High-Stop-Density Core,1.9906,False,0.0704,0.2037,typology-v1-ab8203c9,ML_ESTIMATED
LTFRB_PUJ2502,1,High-Stop-Density Core,1.5744,False,-1.3031,0.775,typology-v1-ab8203c9,ML_ESTIMATED
LTFRB_PUJ2503,1,High-Stop-Density Core,0.8842,False,-1.0137,0.6565,typology-v1-ab8203c9,ML_ESTIMATED
LTFRB_PUJ2504,0,Dense Urban Trunk,1.1644,False,1.4414,0.7524,typology-v1-ab8203c9,ML_ESTIMATED
LTFRB_PUJ2505,0,Dense Urban Trunk,1.0214,False,1.3527,0.7706,typology-v1-ab8203c9,ML_ESTIMATED
LTFRB_PUJ2506,1,High-Stop-Density Core,1.3392,False,-2.275,0.8208,typology-v1-ab8203c9,ML_ESTIMATED
LTFRB_PUJ2507,1,High-Stop-Density Core,1.3158,False,-2.2483,0.8217,typology-v1-ab8203c9,ML_ESTIMATED
LTFRB_PUJ2508,0,Dense Urban Trunk,1.8981,False,1.8095,1.4154,typology-v1-ab8203c9,ML_ESTIMATED
LTFRB_PUJ2509,0,Dense Urban Trunk,2.0302,False,1.836,1.7059,typology-v1-ab8203c9,ML_ESTIMATED
LTFRB_PUJ2510,1,High-Stop-Density Core,4.7927,True,-2.7188,-4.0461,typology-v1-ab8203c9,ML_ESTIMATED
LTFRB_PUJ2511,1,High-Stop-Density Core,4.1681,True,-2.4188,-3.7722,typology-v1-ab8203c9,ML_ESTIMATED
LTFRB_PUJ2512,1,High-Stop-Density Core,1.007,False,-1.7787,0.7758,typology-v1-ab8203c9,ML_ESTIMATED
LTFRB_PUJ2513,1,High-Stop-Density Core,1.398,False,-1.6236,0.9008,typology-v1-ab8203c9,ML_ESTIMATED
LTFRB_PUJ2514,1,High-Stop-Density Core,1.2892,False,-1.5606,1.0408,typology-v1-ab8203c9,ML_ESTIMATED
LTFRB_PUJ2515,1,High-Stop-Density Core,1.2707,False,-1.5884,1.0455,typology-v1-ab8203c9,ML_ESTIMATED
LTFRB_PUJ2516,1,High-Stop-Density Core,1.6125,False,-2.5271,0.7984,typology-v1-ab8203c9,ML_ESTIMATED
LTFRB_PUJ2517,1,High-Stop-Density Core,1.592,False,-2.5258,0.7734,typology-v1-ab8203c9,ML_ESTIMATED
LTFRB_PUJ2518,1,High-Stop-Density Core,2.1582,False,-2.3234,-0.2223,typology-v1-ab8203c9,ML_ESTIMATED
LTFRB_PUJ2519,1,High-Stop-Density Core,1.4882,False,-2.2918,-0.1101,typology-v1-ab8203c9,ML_ESTIMATED
LTFRB_PUJ2520,1,High-Stop-Density Core,0.7903,False,-1.4592,-0.6798,typology-v1-ab8203c9,ML_ESTIMATED
LTFRB_PUJ2521,1,High-Stop-Density Core,0.7903,False,-1.4592,-0.6798,typology-v1-ab8203c9,ML_ESTIMATED
LTFRB_PUJ2522,1,High-Stop-Density Core,1.472,False,-2.2251,-0.5901,typology-v1-ab8203c9,ML_ESTIMATED
LTFRB_PUJ2523,1,High-Stop-Density Core,1.472,False,-2.2251,-0.5901,typology-v1-ab8203c9,ML_ESTIMATED
LTFRB_PUJ2524,1,High-Stop-Density Core,1.3677,False,-0.5372,0.6637,typology-v1-ab8203c9,ML_ESTIMATED
LTFRB_PUJ2525,1,High-Stop-Density Core,1.6068,False,-0.3852,0.5834,typology-v1-ab8203c9,ML_ESTIMATED
LTFRB_PUJ2526,0,Dense Urban Trunk,1.7681,False,0.6471,-0.9359,typology-v1-ab8203c9,ML_ESTIMATED
LTFRB_PUJ2527,1,High-Stop-Density Core,1.5966,False,-0.2176,-1.1095,typology-v1-ab8203c9,ML_ESTIMATED
LTFRB_PUJ2528,0,Dense Urban Trunk,1.0959,False,1.2627,0.6036,typology-v1-ab8203c9,ML_ESTIMATED
LTFRB_PUJ2529,0,Dense Urban Trunk,1.0647,False,1.4275,0.7273,typology-v1-ab8203c9,ML_ESTIMATED
LTFRB_PUJ2530,0,Dense Urban Trunk,1.0404,False,1.3341,0.5917,typology-v1-ab8203c9,ML_ESTIMATED
LTFRB_PUJ2531,0,Dense Urban Trunk,1.0802,False,1.5584,0.6712,typology-v1-ab8203c9,ML_ESTIMATED
LTFRB_PUJ2532,0,Dense Urban Trunk,3.2951,False,2.6125,-3.1215,typology-v1-ab8203c9,ML_ESTIMATED
LTFRB_PUJ2533,0,Dense Urban Trunk,3.3181,False,2.6639,-3.1354,typology-v1-ab8203c9,ML_ESTIMATED
LTFRB_PUJ2535,0,Dense Urban Trunk,3.3336,False,2.6902,-3.1457,typology-v1-ab8203c9,ML_ESTIMATED
LTFRB_PUJ2536,1,High-Stop-Density Core,3.0453,False,-0.9548,-2.2818,typology-v1-ab8203c9,ML_ESTIMATED
LTFRB_PUJ2537,1,High-Stop-Density Core,3.1856,False,-0.0359,-2.6011,typology-v1-ab8203c9,ML_ESTIMATED
LTFRB_PUJ2538,0,Dense Urban Trunk,0.7015,False,2.005,0.3987,typology-v1-ab8203c9,ML_ESTIMATED
LTFRB_PUJ2539,0,Dense Urban Trunk,0.8632,False,2.1086,0.4544,typology-v1-ab8203c9,ML_ESTIMATED
LTFRB_PUJ2540,0,Dense Urban Trunk,1.2659,False,1.3681,0.6239,typology-v1-ab8203c9,ML_ESTIMATED
LTFRB_PUJ2541,0,Dense Urban Trunk,1.0306,False,1.4205,0.6647,typology-v1-ab8203c9,ML_ESTIMATED
LTFRB_PUJ2543,0,Dense Urban Trunk,3.1936,False,2.4073,-3.0557,typology-v1-ab8203c9,ML_ESTIMATED
LTFRB_PUJ2544,0,Dense Urban Trunk,4.4045,True,0.656,-3.9647,typology-v1-ab8203c9,ML_ESTIMATED
LTFRB_PUJ2545,0,Dense Urban Trunk,4.4045,True,0.656,-3.9647,typology-v1-ab8203c9,ML_ESTIMATED
LTFRB_PUJ2546,0,Dense Urban Trunk,4.309,True,1.0126,-4.0708,typology-v1-ab8203c9,ML_ESTIMATED
LTFRB_PUJ2547,0,Dense Urban Trunk,4.309,True,1.0126,-4.0708,typology-v1-ab8203c9,ML_ESTIMATED
LTFRB_PUJ2548,0,Dense Urban Trunk,1.9553,False,3.1379,0.095,typology-v1-ab8203c9,ML_ESTIMATED
LTFRB_PUJ2549,0,Dense Urban Trunk,1.7995,False,3.0591,0.1259,typology-v1-ab8203c9,ML_ESTIMATED
LTFRB_PUJ2550,2,Long Regional Connector,3.5006,False,-2.4535,-1.8121,typology-v1-ab8203c9,ML_ESTIMATED
LTFRB_PUJ2551,1,High-Stop-Density Core,0.947,False,-0.6257,-0.1372,typology-v1-ab8203c9,ML_ESTIMATED
LTFRB_PUJ2552,1,High-Stop-Density Core,1.0279,False,-0.527,-0.1507,typology-v1-ab8203c9,ML_ESTIMATED
LTFRB_PUJ2553,0,Dense Urban Trunk,2.2711,False,2.9374,-1.7529,typology-v1-ab8203c9,ML_ESTIMATED
LTFRB_PUJ2554,0,Dense Urban Trunk,2.2711,False,2.9374,-1.7529,typology-v1-ab8203c9,ML_ESTIMATED
LTFRB_PUJ2555,1,High-Stop-Density Core,1.8013,False,-0.3408,0.9916,typology-v1-ab8203c9,ML_ESTIMATED
LTFRB_PUJ2556,1,High-Stop-Density Core,1.75,False,-0.7801,0.9247,typology-v1-ab8203c9,ML_ESTIMATED
LTFRB_PUJ2557,1,High-Stop-Density Core,1.5352,False,-0.1064,-0.8365,typology-v1-ab8203c9,ML_ESTIMATED
LTFRB_PUJ2558,1,High-Stop-Density Core,1.5352,False,-0.1064,-0.8365,typology-v1-ab8203c9,ML_ESTIMATED
LTFRB_PUJ2559,0,Dense Urban Trunk,3.3083,False,4.233,-2.0694,typology-v1-ab8203c9,ML_ESTIMATED
LTFRB_PUJ2560,0,Dense Urban Trunk,3.2833,False,4.2143,-2.0584,typology-v1-ab8203c9,ML_ESTIMATED
LTFRB_PUJ2561,1,High-Stop-Density Core,1.0582,False,-0.3336,0.0197,typology-v1-ab8203c9,ML_ESTIMATED
LTFRB_PUJ2562,1,High-Stop-Density Core,1.1636,False,-0.3627,0.0683,typology-v1-ab8203c9,ML_ESTIMATED
LTFRB_PUJ2563,1,High-Stop-Density Core,2.0686,False,-2.1032,-1.0607,typology-v1-ab8203c9,ML_ESTIMATED
LTFRB_PUJ2564,1,High-Stop-Density Core,2.1515,False,-2.3678,-1.8263,typology-v1-ab8203c9,ML_ESTIMATED
LTFRB_PUJ2565,1,High-Stop-Density Core,2.75,False,-1.9423,0.1321,typology-v1-ab8203c9,ML_ESTIMATED
LTFRB_PUJ2566,1,High-Stop-Density Core,3.626,True,-2.636,0.2386,typology-v1-ab8203c9,ML_ESTIMATED
LTFRB_PUJ2567,1,High-Stop-Density Core,3.2033,False,-2.478,-0.1247,typology-v1-ab8203c9,ML_ESTIMATED
LTFRB_PUJ2568,1,High-Stop-Density Core,1.7579,False,-2.0523,-0.6572,typology-v1-ab8203c9,ML_ESTIMATED
LTFRB_PUJ2569,0,Dense Urban Trunk,1.2878,False,0.9412,0.5319,typology-v1-ab8203c9,ML_ESTIMATED
LTFRB_PUJ2570,0,Dense Urban Trunk,0.836,False,2.0402,0.6202,typology-v1-ab8203c9,ML_ESTIMATED
LTFRB_PUJ2571,0,Dense Urban Trunk,1.0329,False,1.5243,0.7697,typology-v1-ab8203c9,ML_ESTIMATED
LTFRB_PUJ2572,0,Dense Urban Trunk,0.9402,False,1.4323,0.8323,typology-v1-ab8203c9,ML_ESTIMATED
LTFRB_PUJ2573,1,High-Stop-Density Core,0.5373,False,-1.6146,0.1013,typology-v1-ab8203c9,ML_ESTIMATED
LTFRB_PUJ2574,1,High-Stop-Density Core,1.2264,False,-1.6049,0.3406,typology-v1-ab8203c9,ML_ESTIMATED
LTFRB_PUJ2575,1,High-Stop-Density Core,2.5539,False,-1.4697,0.7053,typology-v1-ab8203c9,ML_ESTIMATED
LTFRB_PUJ2576,1,High-Stop-Density Core,2.7192,False,-1.4586,0.6152,typology-v1-ab8203c9,ML_ESTIMATED
LTFRB_PUJ2577,0,Dense Urban Trunk,1.265,False,0.7908,-0.5471,typology-v1-ab8203c9,ML_ESTIMATED
LTFRB_PUJ2578,1,High-Stop-Density Core,0.9395,False,-0.9654,0.5589,typology-v1-ab8203c9,ML_ESTIMATED
LTFRB_PUJ2579,1,High-Stop-Density Core,0.9679,False,-0.4065,-0.3207,typology-v1-ab8203c9,ML_ESTIMATED
LTFRB_PUJ2581,0,Dense Urban Trunk,1.6022,False,2.2623,1.2372,typology-v1-ab8203c9,ML_ESTIMATED
LTFRB_PUJ2582,0,Dense Urban Trunk,1.6205,False,2.3254,1.2472,typology-v1-ab8203c9,ML_ESTIMATED
LTFRB_PUJ2583,0,Dense Urban Trunk,1.3369,False,2.2103,1.1322,typology-v1-ab8203c9,ML_ESTIMATED
LTFRB_PUJ2584,0,Dense Urban Trunk,1.5252,False,2.4138,1.1939,typology-v1-ab8203c9,ML_ESTIMATED
LTFRB_PUJ2585,0,Dense Urban Trunk,1.7352,False,0.8461,0.6667,typology-v1-ab8203c9,ML_ESTIMATED
LTFRB_PUJ2586,0,Dense Urban Trunk,1.7492,False,0.5143,0.5417,typology-v1-ab8203c9,ML_ESTIMATED
LTFRB_PUJ2588,1,High-Stop-Density Core,0.7899,False,-1.3447,0.2476,typology-v1-ab8203c9,ML_ESTIMATED
LTFRB_PUJ2589,1,High-Stop-Density Core,2.752,False,-0.0073,-0.6344,typology-v1-ab8203c9,ML_ESTIMATED
LTFRB_PUJ2590,1,High-Stop-Density Core,2.6169,False,-0.0221,-0.6118,typology-v1-ab8203c9,ML_ESTIMATED
LTFRB_PUJ2591,1,High-Stop-Density Core,1.4239,False,-0.5959,-0.6477,typology-v1-ab8203c9,ML_ESTIMATED
LTFRB_PUJ2592,1,High-Stop-Density Core,1.5331,False,-0.6098,-0.6224,typology-v1-ab8203c9,ML_ESTIMATED
LTFRB_PUJ2593,0,Dense Urban Trunk,1.5051,False,1.4503,-1.1121,typology-v1-ab8203c9,ML_ESTIMATED
LTFRB_PUJ2594,0,Dense Urban Trunk,1.5555,False,1.3835,-1.093,typology-v1-ab8203c9,ML_ESTIMATED
LTFRB_PUJ2595,0,Dense Urban Trunk,1.2973,False,2.4081,-0.7058,typology-v1-ab8203c9,ML_ESTIMATED
LTFRB_PUJ2596,0,Dense Urban Trunk,1.1565,False,2.3724,-0.6781,typology-v1-ab8203c9,ML_ESTIMATED
LTFRB_PUJ2597,0,Dense Urban Trunk,1.7663,False,2.5282,-1.3324,typology-v1-ab8203c9,ML_ESTIMATED
LTFRB_PUJ2598,0,Dense Urban Trunk,1.7463,False,2.1722,-1.3846,typology-v1-ab8203c9,ML_ESTIMATED
LTFRB_PUJ2599,1,High-Stop-Density Core,1.66,False,0.1345,0.7068,typology-v1-ab8203c9,ML_ESTIMATED
LTFRB_PUJ2600,1,High-Stop-Density Core,1.4087,False,-0.1731,0.5896,typology-v1-ab8203c9,ML_ESTIMATED
LTFRB_PUJ2601,0,Dense Urban Trunk,2.6143,False,0.7869,0.5615,typology-v1-ab8203c9,ML_ESTIMATED
LTFRB_PUJ2602,0,Dense Urban Trunk,1.0529,False,0.9862,0.239,typology-v1-ab8203c9,ML_ESTIMATED
LTFRB_PUJ2603,1,High-Stop-Density Core,2.188,False,-0.2244,0.8898,typology-v1-ab8203c9,ML_ESTIMATED
LTFRB_PUJ2604,1,High-Stop-Density Core,1.7043,False,-0.2133,0.7215,typology-v1-ab8203c9,ML_ESTIMATED
LTFRB_PUJ2605,0,Dense Urban Trunk,2.3126,False,0.3827,0.7708,typology-v1-ab8203c9,ML_ESTIMATED
LTFRB_PUJ2606,0,Dense Urban Trunk,1.4901,False,0.5496,0.5162,typology-v1-ab8203c9,ML_ESTIMATED
LTFRB_PUJ2607,0,Dense Urban Trunk,1.7883,False,0.6894,1.0271,typology-v1-ab8203c9,ML_ESTIMATED
LTFRB_PUJ2608,0,Dense Urban Trunk,1.5743,False,0.7941,0.8005,typology-v1-ab8203c9,ML_ESTIMATED
LTFRB_PUJ2609,1,High-Stop-Density Core,1.2211,False,-1.4857,0.668,typology-v1-ab8203c9,ML_ESTIMATED
LTFRB_PUJ2610,1,High-Stop-Density Core,0.83,False,-1.4654,0.5875,typology-v1-ab8203c9,ML_ESTIMATED
LTFRB_PUJ2611,1,High-Stop-Density Core,2.1755,False,-2.4138,-1.8144,typology-v1-ab8203c9,ML_ESTIMATED
LTFRB_PUJ2612,1,High-Stop-Density Core,2.3584,False,-2.4001,-1.7073,typology-v1-ab8203c9,ML_ESTIMATED
LTFRB_PUJ2613,1,High-Stop-Density Core,2.8589,False,-2.1129,-2.593,typology-v1-ab8203c9,ML_ESTIMATED
LTFRB_PUJ2614,1,High-Stop-Density Core,2.7721,False,-2.1824,-2.598,typology-v1-ab8203c9,ML_ESTIMATED
LTFRB_PUJ2615,1,High-Stop-Density Core,1.7796,False,-0.8039,1.3849,typology-v1-ab8203c9,ML_ESTIMATED
LTFRB_PUJ2616,1,High-Stop-Density Core,1.8467,False,-0.7845,1.4054,typology-v1-ab8203c9,ML_ESTIMATED
LTFRB_PUJ2617,0,Dense Urban Trunk,1.255,False,2.853,0.8142,typology-v1-ab8203c9,ML_ESTIMATED
LTFRB_PUJ2618,0,Dense Urban Trunk,1.3408,False,2.8321,0.9073,typology-v1-ab8203c9,ML_ESTIMATED
