route_id,portfolio_scenario_id,phase1_selected,simple_top_n_selected,portfolio_exclusion_reason
LTFRB_PUJ1353,prt-b73fa05705,True,True,selected
LTFRB_PUJ1241,prt-b73fa05705,True,True,selected
LTFRB_PUJ2083,prt-b73fa05705,True,True,selected
LTFRB_PUJ1352,prt-b73fa05705,False,True,"not selected after evidence, equity and city-coverage constraints"
LTFRB_PUJ1240,prt-b73fa05705,False,True,"not selected after evidence, equity and city-coverage constraints"
LTFRB_PUJ1156,prt-b73fa05705,True,True,selected
LTFRB_PUJ2084,prt-b73fa05705,False,True,"not selected after evidence, equity and city-coverage constraints"
LTFRB_PUJ1157,prt-b73fa05705,False,True,"not selected after evidence, equity and city-coverage constraints"
LTFRB_PUJ1638,prt-b73fa05705,True,False,selected
LTFRB_PUJ1350,prt-b73fa05705,True,False,selected
LTFRB_PUJ1153,prt-b73fa05705,True,False,selected
LTFRB_PUJ1639,prt-b73fa05705,False,False,"not selected after evidence, equity and city-coverage constraints"
LTFRB_PUJ1152,prt-b73fa05705,False,False,"not selected after evidence, equity and city-coverage constraints"
LTFRB_PUJ2120,prt-b73fa05705,False,False,"not selected after evidence, equity and city-coverage constraints"
LTFRB_PUJ2101,prt-b73fa05705,False,False,"not selected after evidence, equity and city-coverage constraints"
LTFRB_PUJ2102,prt-b73fa05705,False,False,"not selected after evidence, equity and city-coverage constraints"
LTFRB_PUJ1405,prt-b73fa05705,True,False,selected
LTFRB_PUJ2119,prt-b73fa05705,False,False,"not selected after evidence, equity and city-coverage constraints"
LTFRB_PUJ1648,prt-b73fa05705,False,False,"not selected after evidence, equity and city-coverage constraints"
LTFRB_PUJ1649,prt-b73fa05705,False,False,"not selected after evidence, equity and city-coverage constraints"
LTFRB_PUJ1022,prt-b73fa05705,False,False,"not selected after evidence, equity and city-coverage constraints"
LTFRB_PUJ1937,prt-b73fa05705,False,False,"not selected after evidence, equity and city-coverage constraints"
LTFRB_PUJ1043,prt-b73fa05705,False,False,"not selected after evidence, equity and city-coverage constraints"
LTFRB_PUJ1680,prt-b73fa05705,False,False,"not selected after evidence, equity and city-coverage constraints"
LTFRB_PUJ1936,prt-b73fa05705,False,False,"not selected after evidence, equity and city-coverage constraints"
LTFRB_PUJ1605,prt-b73fa05705,False,False,"not selected after evidence, equity and city-coverage constraints"
LTFRB_PUJ1351,prt-b73fa05705,False,False,"not selected after evidence, equity and city-coverage constraints"
LTFRB_PUJ1640,prt-b73fa05705,False,False,"not selected after evidence, equity and city-coverage constraints"
LTFRB_PUJ1643,prt-b73fa05705,False,False,"not selected after evidence, equity and city-coverage constraints"
LTFRB_PUJ1044,prt-b73fa05705,False,False,"not selected after evidence, equity and city-coverage constraints"
LTFRB_PUJ1944,prt-b73fa05705,False,False,"not selected after evidence, equity and city-coverage constraints"
LTFRB_PUJ1604,prt-b73fa05705,False,False,"not selected after evidence, equity and city-coverage constraints"
LTFRB_PUJ1636,prt-b73fa05705,False,False,"not selected after evidence, equity and city-coverage constraints"
LTFRB_PUJ1637,prt-b73fa05705,False,False,"not selected after evidence, equity and city-coverage constraints"
LTFRB_PUJ1897,prt-b73fa05705,False,False,"not selected after evidence, equity and city-coverage constraints"
LTFRB_PUJ2113,prt-b73fa05705,False,False,"not selected after evidence, equity and city-coverage constraints"
LTFRB_PUJ2407,prt-b73fa05705,False,False,"not selected after evidence, equity and city-coverage constraints"
LTFRB_PUJ1401,prt-b73fa05705,False,False,"not selected after evidence, equity and city-coverage constraints"
LTFRB_PUJ1609,prt-b73fa05705,False,False,"not selected after evidence, equity and city-coverage constraints"
LTFRB_PUJ2418,prt-b73fa05705,False,False,"not selected after evidence, equity and city-coverage constraints"
LTFRB_PUJ1577,prt-b73fa05705,False,False,"not selected after evidence, equity and city-coverage constraints"
LTFRB_PUJ1576,prt-b73fa05705,False,False,"not selected after evidence, equity and city-coverage constraints"
LTFRB_PUJ1983,prt-b73fa05705,False,False,"not selected after evidence, equity and city-coverage constraints"
LTFRB_PUJ1608,prt-b73fa05705,False,False,"not selected after evidence, equity and city-coverage constraints"
LTFRB_PUJ1896,prt-b73fa05705,False,False,"not selected after evidence, equity and city-coverage constraints"
LTFRB_PUJ1940,prt-b73fa05705,False,False,"not selected after evidence, equity and city-coverage constraints"
LTFRB_PUJ1735,prt-b73fa05705,False,False,"not selected after evidence, equity and city-coverage constraints"
LTFRB_PUJ1235,prt-b73fa05705,False,False,"not selected after evidence, equity and city-coverage constraints"
LTFRB_PUJ1941,prt-b73fa05705,False,False,"not selected after evidence, equity and city-coverage constraints"
LTFRB_PUJ1045,prt-b73fa05705,False,False,"not selected after evidence, equity and city-coverage constraints"
LTFRB_PUJ1458,prt-b73fa05705,False,False,"not selected after evidence, equity and city-coverage constraints"
LTFRB_PUJ2323,prt-b73fa05705,False,False,"not selected after evidence, equity and city-coverage constraints"
LTFRB_PUJ2408,prt-b73fa05705,False,False,"not selected after evidence, equity and city-coverage constraints"
LTFRB_PUJ1863,prt-b73fa05705,False,False,"not selected after evidence, equity and city-coverage constraints"
LTFRB_PUJ2114,prt-b73fa05705,False,False,"not selected after evidence, equity and city-coverage constraints"
LTFRB_PUJ1459,prt-b73fa05705,False,False,"not selected after evidence, equity and city-coverage constraints"
LTFRB_PUJ2142,prt-b73fa05705,False,False,"not selected after evidence, equity and city-coverage constraints"
LTFRB_PUJ1400,prt-b73fa05705,False,False,"not selected after evidence, equity and city-coverage constraints"
LTFRB_PUJ1561,prt-b73fa05705,False,False,"not selected after evidence, equity and city-coverage constraints"
LTFRB_PUJ2324,prt-b73fa05705,False,False,"not selected after evidence, equity and city-coverage constraints"
LTFRB_PUJ1734,prt-b73fa05705,False,False,"not selected after evidence, equity and city-coverage constraints"
LTFRB_PUJ2141,prt-b73fa05705,False,False,"not selected after evidence, equity and city-coverage constraints"
LTFRB_PUJ1397,prt-b73fa05705,False,False,"not selected after evidence, equity and city-coverage constraints"
LTFRB_PUJ1402,prt-b73fa05705,False,False,"not selected after evidence, equity and city-coverage constraints"
LTFRB_PUJ1234,prt-b73fa05705,False,False,"not selected after evidence, equity and city-coverage constraints"
LTFRB_PUJ1982,prt-b73fa05705,False,False,"not selected after evidence, equity and city-coverage constraints"
LTFRB_PUJ1398,prt-b73fa05705,False,False,"not selected after evidence, equity and city-coverage constraints"
LTFRB_PUJ1136,prt-b73fa05705,False,False,"not selected after evidence, equity and city-coverage constraints"
LTFRB_PUJ2437,prt-b73fa05705,False,False,"not selected after evidence, equity and city-coverage constraints"
LTFRB_PUJ1545,prt-b73fa05705,False,False,"not selected after evidence, equity and city-coverage constraints"
LTFRB_PUJ1560,prt-b73fa05705,False,False,"not selected after evidence, equity and city-coverage constraints"
LTFRB_PUJ1544,prt-b73fa05705,False,False,"not selected after evidence, equity and city-coverage constraints"
LTFRB_PUJ1989,prt-b73fa05705,False,False,"not selected after evidence, equity and city-coverage constraints"
LTFRB_PUJ2617,prt-b73fa05705,False,False,"not selected after evidence, equity and city-coverage constraints"
LTFRB_PUJ1399,prt-b73fa05705,False,False,"not selected after evidence, equity and city-coverage constraints"
LTFRB_PUJ2078,prt-b73fa05705,False,False,"not selected after evidence, equity and city-coverage constraints"
LTFRB_PUJ1721,prt-b73fa05705,False,False,"not selected after evidence, equity and city-coverage constraints"
LTFRB_PUJ2584,prt-b73fa05705,False,False,"not selected after evidence, equity and city-coverage constraints"
LTFRB_PUJ1475,prt-b73fa05705,False,False,"not selected after evidence, equity and city-coverage constraints"
LTFRB_PUJ2618,prt-b73fa05705,False,False,"not selected after evidence, equity and city-coverage constraints"
LTFRB_PUJ1506,prt-b73fa05705,False,False,"not selected after evidence, equity and city-coverage constraints"
LTFRB_PUJ2212,prt-b73fa05705,False,False,"not selected after evidence, equity and city-coverage constraints"
LTFRB_PUJ2341,prt-b73fa05705,False,False,"not selected after evidence, equity and city-coverage constraints"
LTFRB_PUJ1462,prt-b73fa05705,False,False,"not selected after evidence, equity and city-coverage constraints"
LTFRB_PUJ1804,prt-b73fa05705,False,False,"not selected after evidence, equity and city-coverage constraints"
LTFRB_PUJ1460,prt-b73fa05705,False,False,"not selected after evidence, equity and city-coverage constraints"
LTFRB_PUJ1823,prt-b73fa05705,False,False,"not selected after evidence, equity and city-coverage constraints"
LTFRB_PUJ1890,prt-b73fa05705,False,False,"not selected after evidence, equity and city-coverage constraints"
LTFRB_PUJ2289,prt-b73fa05705,False,False,"not selected after evidence, equity and city-coverage constraints"
LTFRB_PUJ1315,prt-b73fa05705,False,False,"not selected after evidence, equity and city-coverage constraints"
LTFRB_PUJ1396,prt-b73fa05705,False,False,"not selected after evidence, equity and city-coverage constraints"
LTFRB_PUJ1788,prt-b73fa05705,False,False,"not selected after evidence, equity and city-coverage constraints"
LTFRB_PUJ2443,prt-b73fa05705,False,False,"not selected after evidence, equity and city-coverage constraints"
LTFRB_PUJ1891,prt-b73fa05705,False,False,"not selected after evidence, equity and city-coverage constraints"
LTFRB_PUJ2109,prt-b73fa05705,False,False,"not selected after evidence, equity and city-coverage constraints"
LTFRB_PUJ1463,prt-b73fa05705,False,False,"not selected after evidence, equity and city-coverage constraints"
LTFRB_PUJ2322,prt-b73fa05705,False,False,"not selected after evidence, equity and city-coverage constraints"
LTFRB_PUJ2111,prt-b73fa05705,False,False,"not selected after evidence, equity and city-coverage constraints"
LTFRB_PUJ1720,prt-b73fa05705,False,False,"not selected after evidence, equity and city-coverage constraints"
LTFRB_PUJ2442,prt-b73fa05705,False,False,"not selected after evidence, equity and city-coverage constraints"
LTFRB_PUJ1793,prt-b73fa05705,False,False,"not selected after evidence, equity and city-coverage constraints"
LTFRB_PUJ1795,prt-b73fa05705,False,False,"not selected after evidence, equity and city-coverage constraints"
LTFRB_PUJ1474,prt-b73fa05705,False,False,"not selected after evidence, equity and city-coverage constraints"
LTFRB_PUJ2077,prt-b73fa05705,False,False,"not selected after evidence, equity and city-coverage constraints"
LTFRB_PUJ2169,prt-b73fa05705,False,False,"not selected after evidence, equity and city-coverage constraints"
LTFRB_PUJ2583,prt-b73fa05705,False,False,"not selected after evidence, equity and city-coverage constraints"
LTFRB_PUJ1988,prt-b73fa05705,False,False,"not selected after evidence, equity and city-coverage constraints"
LTFRB_PUJ1676,prt-b73fa05705,False,False,"not selected after evidence, equity and city-coverage constraints"
LTFRB_PUJ2321,prt-b73fa05705,False,False,"not selected after evidence, equity and city-coverage constraints"
LTFRB_PUJ1791,prt-b73fa05705,False,False,"not selected after evidence, equity and city-coverage constraints"
LTFRB_PUJ1314,prt-b73fa05705,False,False,"not selected after evidence, equity and city-coverage constraints"
LTFRB_PUJ2002,prt-b73fa05705,False,False,"not selected after evidence, equity and city-coverage constraints"
LTFRB_PUJ1707,prt-b73fa05705,False,False,"not selected after evidence, equity and city-coverage constraints"
LTFRB_PUJ1792,prt-b73fa05705,False,False,"not selected after evidence, equity and city-coverage constraints"
LTFRB_PUJ1526,prt-b73fa05705,False,False,"not selected after evidence, equity and city-coverage constraints"
LTFRB_PUJ2470,prt-b73fa05705,False,False,"not selected after evidence, equity and city-coverage constraints"
LTFRB_PUJ2471,prt-b73fa05705,False,False,"not selected after evidence, equity and city-coverage constraints"
LTFRB_PUJ1428,prt-b73fa05705,False,False,"not selected after evidence, equity and city-coverage constraints"
LTFRB_PUJ1866,prt-b73fa05705,False,False,"not selected after evidence, equity and city-coverage constraints"
LTFRB_PUJ2417,prt-b73fa05705,False,False,"not selected after evidence, equity and city-coverage constraints"
LTFRB_PUJ1540,prt-b73fa05705,False,False,"not selected after evidence, equity and city-coverage constraints"
LTFRB_PUJ1672,prt-b73fa05705,False,False,"not selected after evidence, equity and city-coverage constraints"
LTFRB_PUJ2582,prt-b73fa05705,False,False,"not selected after evidence, equity and city-coverage constraints"
LTFRB_PUJ2261,prt-b73fa05705,False,False,"not selected after evidence, equity and city-coverage constraints"
LTFRB_PUJ1722,prt-b73fa05705,False,False,"not selected after evidence, equity and city-coverage constraints"
LTFRB_PUJ1867,prt-b73fa05705,False,False,"not selected after evidence, equity and city-coverage constraints"
LTFRB_PUJ1706,prt-b73fa05705,False,False,"not selected after evidence, equity and city-coverage constraints"
LTFRB_PUJ1786,prt-b73fa05705,False,False,"not selected after evidence, equity and city-coverage constraints"
LTFRB_PUJ1824,prt-b73fa05705,False,False,"not selected after evidence, equity and city-coverage constraints"
LTFRB_PUJ1995,prt-b73fa05705,False,False,"not selected after evidence, equity and city-coverage constraints"
LTFRB_PUJ1101,prt-b73fa05705,False,False,"not selected after evidence, equity and city-coverage constraints"
LTFRB_PUJ1534,prt-b73fa05705,False,False,"not selected after evidence, equity and city-coverage constraints"
LTFRB_PUJ1789,prt-b73fa05705,False,False,"not selected after evidence, equity and city-coverage constraints"
LTFRB_PUJ1102,prt-b73fa05705,False,False,"not selected after evidence, equity and city-coverage constraints"
LTFRB_PUJ1507,prt-b73fa05705,False,False,"not selected after evidence, equity and city-coverage constraints"
LTFRB_PUJ2570,prt-b73fa05705,False,False,"not selected after evidence, equity and city-coverage constraints"
LTFRB_PUJ1589,prt-b73fa05705,False,False,"not selected after evidence, equity and city-coverage constraints"
LTFRB_PUJ2262,prt-b73fa05705,False,False,"not selected after evidence, equity and city-coverage constraints"
LTFRB_PUJ1790,prt-b73fa05705,False,False,"not selected after evidence, equity and city-coverage constraints"
LTFRB_PUJ2110,prt-b73fa05705,False,False,"not selected after evidence, equity and city-coverage constraints"
LTFRB_PUJ1049,prt-b73fa05705,False,False,"not selected after evidence, equity and city-coverage constraints"
LTFRB_PUJ2112,prt-b73fa05705,False,False,"not selected after evidence, equity and city-coverage constraints"
LTFRB_PUJ1482,prt-b73fa05705,False,False,"not selected after evidence, equity and city-coverage constraints"
LTFRB_PUJ2581,prt-b73fa05705,False,False,"not selected after evidence, equity and city-coverage constraints"
LTFRB_PUJ2054,prt-b73fa05705,False,False,"not selected after evidence, equity and city-coverage constraints"
LTFRB_PUJ1557,prt-b73fa05705,False,False,"not selected after evidence, equity and city-coverage constraints"
LTFRB_PUJ1849,prt-b73fa05705,False,False,"not selected after evidence, equity and city-coverage constraints"
LTFRB_PUJ1137,prt-b73fa05705,False,False,"not selected after evidence, equity and city-coverage constraints"
LTFRB_PUJ1611,prt-b73fa05705,False,False,"not selected after evidence, equity and city-coverage constraints"
LTFRB_PUJ1483,prt-b73fa05705,False,False,"not selected after evidence, equity and city-coverage constraints"
LTFRB_PUJ2236,prt-b73fa05705,False,False,"not selected after evidence, equity and city-coverage constraints"
LTFRB_PUJ2228,prt-b73fa05705,False,False,"not selected after evidence, equity and city-coverage constraints"
LTFRB_PUJ1784,prt-b73fa05705,False,False,"not selected after evidence, equity and city-coverage constraints"
LTFRB_PUJ1610,prt-b73fa05705,False,False,"not selected after evidence, equity and city-coverage constraints"
LTFRB_PUJ1805,prt-b73fa05705,False,False,"not selected after evidence, equity and city-coverage constraints"
LTFRB_PUJ2015,prt-b73fa05705,False,False,"not selected after evidence, equity and city-coverage constraints"
LTFRB_PUJ1671,prt-b73fa05705,False,False,"not selected after evidence, equity and city-coverage constraints"
LTFRB_PUJ1484,prt-b73fa05705,False,False,"not selected after evidence, equity and city-coverage constraints"
LTFRB_PUJ1693,prt-b73fa05705,False,False,"not selected after evidence, equity and city-coverage constraints"
LTFRB_PUJ1794,prt-b73fa05705,False,False,"not selected after evidence, equity and city-coverage constraints"
LTFRB_PUJ1050,prt-b73fa05705,False,False,"not selected after evidence, equity and city-coverage constraints"
LTFRB_PUJ1488,prt-b73fa05705,False,False,"not selected after evidence, equity and city-coverage constraints"
LTFRB_PUJ2436,prt-b73fa05705,False,False,"not selected after evidence, equity and city-coverage constraints"
LTFRB_PUJ1675,prt-b73fa05705,False,False,"not selected after evidence, equity and city-coverage constraints"
LTFRB_PUJ1785,prt-b73fa05705,False,False,"not selected after evidence, equity and city-coverage constraints"
LTFRB_PUJ1024,prt-b73fa05705,False,False,"not selected after evidence, equity and city-coverage constraints"
LTFRB_PUJ1054,prt-b73fa05705,False,False,"not selected after evidence, equity and city-coverage constraints"
LTFRB_PUJ1429,prt-b73fa05705,False,False,"not selected after evidence, equity and city-coverage constraints"
LTFRB_PUJ1739,prt-b73fa05705,False,False,"not selected after evidence, equity and city-coverage constraints"
LTFRB_PUJ1230,prt-b73fa05705,False,False,"not selected after evidence, equity and city-coverage constraints"
LTFRB_PUJ1489,prt-b73fa05705,False,False,"not selected after evidence, equity and city-coverage constraints"
LTFRB_PUJ1147,prt-b73fa05705,False,False,"not selected after evidence, equity and city-coverage constraints"
LTFRB_PUJ1485,prt-b73fa05705,False,False,"not selected after evidence, equity and city-coverage constraints"
LTFRB_PUJ1850,prt-b73fa05705,False,False,"not selected after evidence, equity and city-coverage constraints"
LTFRB_PUJ1055,prt-b73fa05705,False,False,"not selected after evidence, equity and city-coverage constraints"
LTFRB_PUJ2319,prt-b73fa05705,False,False,"not selected after evidence, equity and city-coverage constraints"
LTFRB_PUJ1383,prt-b73fa05705,False,False,"not selected after evidence, equity and city-coverage constraints"
LTFRB_PUJ1538,prt-b73fa05705,False,False,"not selected after evidence, equity and city-coverage constraints"
LTFRB_PUJ2170,prt-b73fa05705,False,False,"not selected after evidence, equity and city-coverage constraints"
LTFRB_PUJ2003,prt-b73fa05705,False,False,"not selected after evidence, equity and city-coverage constraints"
LTFRB_PUJ1288,prt-b73fa05705,False,False,"not selected after evidence, equity and city-coverage constraints"
LTFRB_PUJ1994,prt-b73fa05705,False,False,"not selected after evidence, equity and city-coverage constraints"
LTFRB_PUJ1535,prt-b73fa05705,False,False,"not selected after evidence, equity and city-coverage constraints"
LTFRB_PUJ1034,prt-b73fa05705,False,False,"not selected after evidence, equity and city-coverage constraints"
LTFRB_PUJ2508,prt-b73fa05705,False,False,"not selected after evidence, equity and city-coverage constraints"
LTFRB_PUJ1723,prt-b73fa05705,False,False,"not selected after evidence, equity and city-coverage constraints"
LTFRB_PUJ1855,prt-b73fa05705,False,False,"not selected after evidence, equity and city-coverage constraints"
LTFRB_PUJ2548,prt-b73fa05705,False,False,"not selected after evidence, equity and city-coverage constraints"
LTFRB_PUJ2098,prt-b73fa05705,False,False,"not selected after evidence, equity and city-coverage constraints"
LTFRB_PUJ2377,prt-b73fa05705,False,False,"not selected after evidence, equity and city-coverage constraints"
LTFRB_PUJ1559,prt-b73fa05705,False,False,"not selected after evidence, equity and city-coverage constraints"
LTFRB_PUJ1016,prt-b73fa05705,False,False,"not selected after evidence, equity and city-coverage constraints"
LTFRB_PUJ1046,prt-b73fa05705,False,False,"not selected after evidence, equity and city-coverage constraints"
LTFRB_PUJ1056,prt-b73fa05705,False,False,"not selected after evidence, equity and city-coverage constraints"
LTFRB_PUJ1856,prt-b73fa05705,False,False,"not selected after evidence, equity and city-coverage constraints"
LTFRB_PUJ2572,prt-b73fa05705,False,False,"not selected after evidence, equity and city-coverage constraints"
LTFRB_PUJ1053,prt-b73fa05705,False,False,"not selected after evidence, equity and city-coverage constraints"
LTFRB_PUJ1155,prt-b73fa05705,False,False,"not selected after evidence, equity and city-coverage constraints"
LTFRB_PUJ2360,prt-b73fa05705,False,False,"not selected after evidence, equity and city-coverage constraints"
LTFRB_PUJ1738,prt-b73fa05705,False,False,"not selected after evidence, equity and city-coverage constraints"
LTFRB_PUJ2086,prt-b73fa05705,False,False,"not selected after evidence, equity and city-coverage constraints"
LTFRB_PUJ1777,prt-b73fa05705,False,False,"not selected after evidence, equity and city-coverage constraints"
LTFRB_PUJ2258,prt-b73fa05705,False,False,"not selected after evidence, equity and city-coverage constraints"
LTFRB_PUJ1341,prt-b73fa05705,False,False,"not selected after evidence, equity and city-coverage constraints"
LTFRB_PUJ2097,prt-b73fa05705,False,False,"not selected after evidence, equity and city-coverage constraints"
LTFRB_PUJ2453,prt-b73fa05705,False,False,"not selected after evidence, equity and city-coverage constraints"
LTFRB_PUJ1588,prt-b73fa05705,False,False,"not selected after evidence, equity and city-coverage constraints"
LTFRB_PUJ2211,prt-b73fa05705,False,False,"not selected after evidence, equity and city-coverage constraints"
LTFRB_PUJ2163,prt-b73fa05705,False,False,"not selected after evidence, equity and city-coverage constraints"
LTFRB_PUJ2549,prt-b73fa05705,False,False,"not selected after evidence, equity and city-coverage constraints"
LTFRB_PUJ2571,prt-b73fa05705,False,False,"not selected after evidence, equity and city-coverage constraints"
LTFRB_PUJ2087,prt-b73fa05705,False,False,"not selected after evidence, equity and city-coverage constraints"
LTFRB_PUJ1543,prt-b73fa05705,False,False,"not selected after evidence, equity and city-coverage constraints"
LTFRB_PUJ2320,prt-b73fa05705,False,False,"not selected after evidence, equity and city-coverage constraints"
LTFRB_PUJ1552,prt-b73fa05705,False,False,"not selected after evidence, equity and city-coverage constraints"
LTFRB_PUJ2238,prt-b73fa05705,False,False,"not selected after evidence, equity and city-coverage constraints"
LTFRB_PUJ1227,prt-b73fa05705,False,False,"not selected after evidence, equity and city-coverage constraints"
LTFRB_PUJ1857,prt-b73fa05705,False,False,"not selected after evidence, equity and city-coverage constraints"
LTFRB_PUJ2014,prt-b73fa05705,False,False,"not selected after evidence, equity and city-coverage constraints"
LTFRB_PUJ2235,prt-b73fa05705,False,False,"not selected after evidence, equity and city-coverage constraints"
LTFRB_PUJ2257,prt-b73fa05705,False,False,"not selected after evidence, equity and city-coverage constraints"
LTFRB_PUJ1340,prt-b73fa05705,False,False,"not selected after evidence, equity and city-coverage constraints"
LTFRB_PUJ2256,prt-b73fa05705,False,False,"not selected after evidence, equity and city-coverage constraints"
LTFRB_PUJ1531,prt-b73fa05705,False,False,"not selected after evidence, equity and city-coverage constraints"
LTFRB_PUJ1592,prt-b73fa05705,False,False,"not selected after evidence, equity and city-coverage constraints"
LTFRB_PUJ1776,prt-b73fa05705,False,False,"not selected after evidence, equity and city-coverage constraints"
LTFRB_PUJ2457,prt-b73fa05705,False,False,"not selected after evidence, equity and city-coverage constraints"
LTFRB_PUJ2329,prt-b73fa05705,False,False,"not selected after evidence, equity and city-coverage constraints"
LTFRB_PUJ2464,prt-b73fa05705,False,False,"not selected after evidence, equity and city-coverage constraints"
LTFRB_PUJ1146,prt-b73fa05705,False,False,"not selected after evidence, equity and city-coverage constraints"
LTFRB_PUJ1247,prt-b73fa05705,False,False,"not selected after evidence, equity and city-coverage constraints"
LTFRB_PUJ2255,prt-b73fa05705,False,False,"not selected after evidence, equity and city-coverage constraints"
LTFRB_PUJ2330,prt-b73fa05705,False,False,"not selected after evidence, equity and city-coverage constraints"
LTFRB_PUJ2227,prt-b73fa05705,False,False,"not selected after evidence, equity and city-coverage constraints"
LTFRB_PUJ1374,prt-b73fa05705,False,False,"not selected after evidence, equity and city-coverage constraints"
LTFRB_PUJ1154,prt-b73fa05705,False,False,"not selected after evidence, equity and city-coverage constraints"
LTFRB_PUJ2452,prt-b73fa05705,False,False,"not selected after evidence, equity and city-coverage constraints"
LTFRB_PUJ2288,prt-b73fa05705,False,False,"not selected after evidence, equity and city-coverage constraints"
LTFRB_PUJ2376,prt-b73fa05705,False,False,"not selected after evidence, equity and city-coverage constraints"
LTFRB_PUJ1375,prt-b73fa05705,False,False,"not selected after evidence, equity and city-coverage constraints"
LTFRB_PUJ1530,prt-b73fa05705,False,False,"not selected after evidence, equity and city-coverage constraints"
LTFRB_PUJ2489,prt-b73fa05705,False,False,"not selected after evidence, equity and city-coverage constraints"
LTFRB_PUJ2465,prt-b73fa05705,False,False,"not selected after evidence, equity and city-coverage constraints"
LTFRB_PUJ1015,prt-b73fa05705,False,False,"not selected after evidence, equity and city-coverage constraints"
LTFRB_PUJ1975,prt-b73fa05705,False,False,"not selected after evidence, equity and city-coverage constraints"
LTFRB_PUJ2509,prt-b73fa05705,False,False,"not selected after evidence, equity and city-coverage constraints"
LTFRB_PUJ1357,prt-b73fa05705,False,False,"not selected after evidence, equity and city-coverage constraints"
LTFRB_PUJ1494,prt-b73fa05705,False,False,"not selected after evidence, equity and city-coverage constraints"
LTFRB_PUJ2359,prt-b73fa05705,False,False,"not selected after evidence, equity and city-coverage constraints"
LTFRB_PUJ1356,prt-b73fa05705,False,False,"not selected after evidence, equity and city-coverage constraints"
LTFRB_PUJ2504,prt-b73fa05705,False,False,"not selected after evidence, equity and city-coverage constraints"
LTFRB_PUJ2306,prt-b73fa05705,False,False,"not selected after evidence, equity and city-coverage constraints"
LTFRB_PUJ1539,prt-b73fa05705,False,False,"not selected after evidence, equity and city-coverage constraints"
LTFRB_PUJ1270,prt-b73fa05705,False,False,"not selected after evidence, equity and city-coverage constraints"
LTFRB_PUJ1226,prt-b73fa05705,False,False,"not selected after evidence, equity and city-coverage constraints"
LTFRB_PUJ1755,prt-b73fa05705,False,False,"not selected after evidence, equity and city-coverage constraints"
LTFRB_PUJ1289,prt-b73fa05705,False,False,"not selected after evidence, equity and city-coverage constraints"
LTFRB_PUJ1395,prt-b73fa05705,False,False,"not selected after evidence, equity and city-coverage constraints"
LTFRB_PUJ1593,prt-b73fa05705,False,False,"not selected after evidence, equity and city-coverage constraints"
LTFRB_PUJ1522,prt-b73fa05705,False,False,"not selected after evidence, equity and city-coverage constraints"
LTFRB_PUJ2505,prt-b73fa05705,False,False,"not selected after evidence, equity and city-coverage constraints"
LTFRB_PUJ1394,prt-b73fa05705,False,False,"not selected after evidence, equity and city-coverage constraints"
LTFRB_PUJ1382,prt-b73fa05705,False,False,"not selected after evidence, equity and city-coverage constraints"
LTFRB_PUJ2290,prt-b73fa05705,False,False,"not selected after evidence, equity and city-coverage constraints"
LTFRB_PUJ1224,prt-b73fa05705,False,False,"not selected after evidence, equity and city-coverage constraints"
LTFRB_PUJ2085,prt-b73fa05705,False,False,"not selected after evidence, equity and city-coverage constraints"
LTFRB_PUJ1478,prt-b73fa05705,False,False,"not selected after evidence, equity and city-coverage constraints"
LTFRB_PUJ1759,prt-b73fa05705,False,False,"not selected after evidence, equity and city-coverage constraints"
LTFRB_PUJ1174,prt-b73fa05705,False,False,"not selected after evidence, equity and city-coverage constraints"
LTFRB_PUJ1523,prt-b73fa05705,False,False,"not selected after evidence, equity and city-coverage constraints"
LTFRB_PUJ1754,prt-b73fa05705,False,False,"not selected after evidence, equity and city-coverage constraints"
LTFRB_PUJ2305,prt-b73fa05705,False,False,"not selected after evidence, equity and city-coverage constraints"
LTFRB_PUJ1328,prt-b73fa05705,False,False,"not selected after evidence, equity and city-coverage constraints"
LTFRB_PUJ2539,prt-b73fa05705,False,False,"not selected after evidence, equity and city-coverage constraints"
LTFRB_PUJ1370,prt-b73fa05705,False,False,"not selected after evidence, equity and city-coverage constraints"
LTFRB_PUJ2203,prt-b73fa05705,False,False,"not selected after evidence, equity and city-coverage constraints"
LTFRB_PUJ1164,prt-b73fa05705,False,False,"not selected after evidence, equity and city-coverage constraints"
LTFRB_PUJ1615,prt-b73fa05705,False,False,"not selected after evidence, equity and city-coverage constraints"
LTFRB_PUJ1132,prt-b73fa05705,False,False,"not selected after evidence, equity and city-coverage constraints"
LTFRB_PUJ1133,prt-b73fa05705,False,False,"not selected after evidence, equity and city-coverage constraints"
LTFRB_PUJ1175,prt-b73fa05705,False,False,"not selected after evidence, equity and city-coverage constraints"
LTFRB_PUJ2231,prt-b73fa05705,False,False,"not selected after evidence, equity and city-coverage constraints"
LTFRB_PUJ1614,prt-b73fa05705,False,False,"not selected after evidence, equity and city-coverage constraints"
LTFRB_PUJ2164,prt-b73fa05705,False,False,"not selected after evidence, equity and city-coverage constraints"
LTFRB_PUJ1758,prt-b73fa05705,False,False,"not selected after evidence, equity and city-coverage constraints"
LTFRB_PUJ2493,prt-b73fa05705,False,False,"not selected after evidence, equity and city-coverage constraints"
LTFRB_PUJ1495,prt-b73fa05705,False,False,"not selected after evidence, equity and city-coverage constraints"
LTFRB_PUJ1348,prt-b73fa05705,False,False,"not selected after evidence, equity and city-coverage constraints"
LTFRB_PUJ1974,prt-b73fa05705,False,False,"not selected after evidence, equity and city-coverage constraints"
LTFRB_PUJ2088,prt-b73fa05705,False,False,"not selected after evidence, equity and city-coverage constraints"
LTFRB_PUJ2295,prt-b73fa05705,False,False,"not selected after evidence, equity and city-coverage constraints"
LTFRB_PUJ1815,prt-b73fa05705,False,False,"not selected after evidence, equity and city-coverage constraints"
LTFRB_PUJ1580,prt-b73fa05705,False,False,"not selected after evidence, equity and city-coverage constraints"
LTFRB_PUJ1688,prt-b73fa05705,False,False,"not selected after evidence, equity and city-coverage constraints"
LTFRB_PUJ1747,prt-b73fa05705,False,False,"not selected after evidence, equity and city-coverage constraints"
LTFRB_PUJ1076,prt-b73fa05705,False,False,"not selected after evidence, equity and city-coverage constraints"
LTFRB_PUJ1349,prt-b73fa05705,False,False,"not selected after evidence, equity and city-coverage constraints"
LTFRB_PUJ1427,prt-b73fa05705,False,False,"not selected after evidence, equity and city-coverage constraints"
LTFRB_PUJ2134,prt-b73fa05705,False,False,"not selected after evidence, equity and city-coverage constraints"
LTFRB_PUJ1109,prt-b73fa05705,False,False,"not selected after evidence, equity and city-coverage constraints"
LTFRB_PUJ1480,prt-b73fa05705,False,False,"not selected after evidence, equity and city-coverage constraints"
LTFRB_PUJ2369,prt-b73fa05705,False,False,"not selected after evidence, equity and city-coverage constraints"
LTFRB_PUJ1110,prt-b73fa05705,False,False,"not selected after evidence, equity and city-coverage constraints"
LTFRB_PUJ1371,prt-b73fa05705,False,False,"not selected after evidence, equity and city-coverage constraints"
LTFRB_PUJ1757,prt-b73fa05705,False,False,"not selected after evidence, equity and city-coverage constraints"
LTFRB_PUJ1165,prt-b73fa05705,False,False,"not selected after evidence, equity and city-coverage constraints"
LTFRB_PUJ1176,prt-b73fa05705,False,False,"not selected after evidence, equity and city-coverage constraints"
LTFRB_PUJ1756,prt-b73fa05705,False,False,"not selected after evidence, equity and city-coverage constraints"
LTFRB_PUJ1883,prt-b73fa05705,False,False,"not selected after evidence, equity and city-coverage constraints"
LTFRB_PUJ2294,prt-b73fa05705,False,False,"not selected after evidence, equity and city-coverage constraints"
LTFRB_PUJ1558,prt-b73fa05705,False,False,"not selected after evidence, equity and city-coverage constraints"
LTFRB_PUJ1090,prt-b73fa05705,False,False,"not selected after evidence, equity and city-coverage constraints"
LTFRB_PUJ1882,prt-b73fa05705,False,False,"not selected after evidence, equity and city-coverage constraints"
LTFRB_PUJ1075,prt-b73fa05705,False,False,"not selected after evidence, equity and city-coverage constraints"
LTFRB_PUJ1072,prt-b73fa05705,False,False,"not selected after evidence, equity and city-coverage constraints"
LTFRB_PUJ1550,prt-b73fa05705,False,False,"not selected after evidence, equity and city-coverage constraints"
LTFRB_PUJ1551,prt-b73fa05705,False,False,"not selected after evidence, equity and city-coverage constraints"
LTFRB_PUJ1581,prt-b73fa05705,False,False,"not selected after evidence, equity and city-coverage constraints"
LTFRB_PUJ1814,prt-b73fa05705,False,False,"not selected after evidence, equity and city-coverage constraints"
LTFRB_PUJ2053,prt-b73fa05705,False,False,"not selected after evidence, equity and city-coverage constraints"
LTFRB_PUJ2277,prt-b73fa05705,False,False,"not selected after evidence, equity and city-coverage constraints"
LTFRB_PUJ1444,prt-b73fa05705,False,False,"not selected after evidence, equity and city-coverage constraints"
LTFRB_PUJ1445,prt-b73fa05705,False,False,"not selected after evidence, equity and city-coverage constraints"
LTFRB_PUJ2241,prt-b73fa05705,False,False,"not selected after evidence, equity and city-coverage constraints"
LTFRB_PUJ1166,prt-b73fa05705,False,False,"not selected after evidence, equity and city-coverage constraints"
LTFRB_PUJ1071,prt-b73fa05705,False,False,"not selected after evidence, equity and city-coverage constraints"
LTFRB_PUJ2538,prt-b73fa05705,False,False,"not selected after evidence, equity and city-coverage constraints"
LTFRB_PUJ1177,prt-b73fa05705,False,False,"not selected after evidence, equity and city-coverage constraints"
LTFRB_PUJ1089,prt-b73fa05705,False,False,"not selected after evidence, equity and city-coverage constraints"
LTFRB_PUJ1746,prt-b73fa05705,False,False,"not selected after evidence, equity and city-coverage constraints"
LTFRB_PUJ1817,prt-b73fa05705,False,False,"not selected after evidence, equity and city-coverage constraints"
LTFRB_PUJ1364,prt-b73fa05705,False,False,"not selected after evidence, equity and city-coverage constraints"
LTFRB_PUJ1365,prt-b73fa05705,False,False,"not selected after evidence, equity and city-coverage constraints"
LTFRB_PUJ1527,prt-b73fa05705,False,False,"not selected after evidence, equity and city-coverage constraints"
LTFRB_PUJ1689,prt-b73fa05705,False,False,"not selected after evidence, equity and city-coverage constraints"
LTFRB_PUJ2100,prt-b73fa05705,False,False,"not selected after evidence, equity and city-coverage constraints"
LTFRB_PUJ2171,prt-b73fa05705,False,False,"not selected after evidence, equity and city-coverage constraints"
LTFRB_PUJ2243,prt-b73fa05705,False,False,"not selected after evidence, equity and city-coverage constraints"
LTFRB_PUJ1271,prt-b73fa05705,False,False,"not selected after evidence, equity and city-coverage constraints"
LTFRB_PUJ2135,prt-b73fa05705,False,False,"not selected after evidence, equity and city-coverage constraints"
LTFRB_PUJ1426,prt-b73fa05705,False,False,"not selected after evidence, equity and city-coverage constraints"
LTFRB_PUJ1985,prt-b73fa05705,False,False,"not selected after evidence, equity and city-coverage constraints"
LTFRB_PUJ2234,prt-b73fa05705,False,False,"not selected after evidence, equity and city-coverage constraints"
LTFRB_PUJ2242,prt-b73fa05705,False,False,"not selected after evidence, equity and city-coverage constraints"
LTFRB_PUJ1355,prt-b73fa05705,False,False,"not selected after evidence, equity and city-coverage constraints"
LTFRB_PUJ1091,prt-b73fa05705,False,False,"not selected after evidence, equity and city-coverage constraints"
LTFRB_PUJ2011,prt-b73fa05705,False,False,"not selected after evidence, equity and city-coverage constraints"
LTFRB_PUJ1225,prt-b73fa05705,False,False,"not selected after evidence, equity and city-coverage constraints"
LTFRB_PUJ2254,prt-b73fa05705,False,False,"not selected after evidence, equity and city-coverage constraints"
LTFRB_PUJ1246,prt-b73fa05705,False,False,"not selected after evidence, equity and city-coverage constraints"
LTFRB_PUJ1737,prt-b73fa05705,False,False,"not selected after evidence, equity and city-coverage constraints"
LTFRB_PUJ1542,prt-b73fa05705,False,False,"not selected after evidence, equity and city-coverage constraints"
LTFRB_PUJ1232,prt-b73fa05705,False,False,"not selected after evidence, equity and city-coverage constraints"
LTFRB_PUJ1606,prt-b73fa05705,False,False,"not selected after evidence, equity and city-coverage constraints"
LTFRB_PUJ2472,prt-b73fa05705,False,False,"not selected after evidence, equity and city-coverage constraints"
LTFRB_PUJ2607,prt-b73fa05705,False,False,"not selected after evidence, equity and city-coverage constraints"
LTFRB_PUJ1169,prt-b73fa05705,False,False,"not selected after evidence, equity and city-coverage constraints"
LTFRB_PUJ1167,prt-b73fa05705,False,False,"not selected after evidence, equity and city-coverage constraints"
LTFRB_PUJ2048,prt-b73fa05705,False,False,"not selected after evidence, equity and city-coverage constraints"
LTFRB_PUJ2492,prt-b73fa05705,False,False,"not selected after evidence, equity and city-coverage constraints"
LTFRB_PUJ1140,prt-b73fa05705,False,False,"not selected after evidence, equity and city-coverage constraints"
LTFRB_PUJ1200,prt-b73fa05705,False,False,"not selected after evidence, equity and city-coverage constraints"
LTFRB_PUJ2218,prt-b73fa05705,False,False,"not selected after evidence, equity and city-coverage constraints"
LTFRB_PUJ2047,prt-b73fa05705,False,False,"not selected after evidence, equity and city-coverage constraints"
LTFRB_PUJ2244,prt-b73fa05705,False,False,"not selected after evidence, equity and city-coverage constraints"
LTFRB_PUJ2342,prt-b73fa05705,False,False,"not selected after evidence, equity and city-coverage constraints"
LTFRB_PUJ1416,prt-b73fa05705,False,False,"not selected after evidence, equity and city-coverage constraints"
LTFRB_PUJ2046,prt-b73fa05705,False,False,"not selected after evidence, equity and city-coverage constraints"
LTFRB_PUJ1607,prt-b73fa05705,False,False,"not selected after evidence, equity and city-coverage constraints"
LTFRB_PUJ2224,prt-b73fa05705,False,False,"not selected after evidence, equity and city-coverage constraints"
LTFRB_PUJ1178,prt-b73fa05705,False,False,"not selected after evidence, equity and city-coverage constraints"
LTFRB_PUJ2569,prt-b73fa05705,False,False,"not selected after evidence, equity and city-coverage constraints"
LTFRB_PUJ1417,prt-b73fa05705,False,False,"not selected after evidence, equity and city-coverage constraints"
LTFRB_PUJ2380,prt-b73fa05705,False,False,"not selected after evidence, equity and city-coverage constraints"
LTFRB_PUJ1094,prt-b73fa05705,False,False,"not selected after evidence, equity and city-coverage constraints"
LTFRB_PUJ1476,prt-b73fa05705,False,False,"not selected after evidence, equity and city-coverage constraints"
LTFRB_PUJ1996,prt-b73fa05705,False,False,"not selected after evidence, equity and city-coverage constraints"
LTFRB_PUJ1984,prt-b73fa05705,False,False,"not selected after evidence, equity and city-coverage constraints"
LTFRB_PUJ2253,prt-b73fa05705,False,False,"not selected after evidence, equity and city-coverage constraints"
LTFRB_PUJ2370,prt-b73fa05705,False,False,"not selected after evidence, equity and city-coverage constraints"
LTFRB_PUJ2099,prt-b73fa05705,False,False,"not selected after evidence, equity and city-coverage constraints"
LTFRB_PUJ2233,prt-b73fa05705,False,False,"not selected after evidence, equity and city-coverage constraints"
LTFRB_PUJ1168,prt-b73fa05705,False,False,"not selected after evidence, equity and city-coverage constraints"
LTFRB_PUJ2189,prt-b73fa05705,False,False,"not selected after evidence, equity and city-coverage constraints"
LTFRB_PUJ1078,prt-b73fa05705,False,False,"not selected after evidence, equity and city-coverage constraints"
LTFRB_PUJ1525,prt-b73fa05705,False,False,"not selected after evidence, equity and city-coverage constraints"
LTFRB_PUJ1685,prt-b73fa05705,False,False,"not selected after evidence, equity and city-coverage constraints"
LTFRB_PUJ2045,prt-b73fa05705,False,False,"not selected after evidence, equity and city-coverage constraints"
LTFRB_PUJ2296,prt-b73fa05705,False,False,"not selected after evidence, equity and city-coverage constraints"
LTFRB_PUJ2585,prt-b73fa05705,False,False,"not selected after evidence, equity and city-coverage constraints"
LTFRB_PUJ1659,prt-b73fa05705,False,False,"not selected after evidence, equity and city-coverage constraints"
LTFRB_PUJ1042,prt-b73fa05705,False,False,"not selected after evidence, equity and city-coverage constraints"
LTFRB_PUJ1359,prt-b73fa05705,False,False,"not selected after evidence, equity and city-coverage constraints"
LTFRB_PUJ1033,prt-b73fa05705,False,False,"not selected after evidence, equity and city-coverage constraints"
LTFRB_PUJ2608,prt-b73fa05705,False,False,"not selected after evidence, equity and city-coverage constraints"
LTFRB_PUJ2197,prt-b73fa05705,False,False,"not selected after evidence, equity and city-coverage constraints"
LTFRB_PUJ1079,prt-b73fa05705,False,False,"not selected after evidence, equity and city-coverage constraints"
LTFRB_PUJ2367,prt-b73fa05705,False,False,"not selected after evidence, equity and city-coverage constraints"
LTFRB_PUJ2540,prt-b73fa05705,False,False,"not selected after evidence, equity and city-coverage constraints"
LTFRB_PUJ1073,prt-b73fa05705,False,False,"not selected after evidence, equity and city-coverage constraints"
LTFRB_PUJ2010,prt-b73fa05705,False,False,"not selected after evidence, equity and city-coverage constraints"
LTFRB_PUJ2217,prt-b73fa05705,False,False,"not selected after evidence, equity and city-coverage constraints"
LTFRB_PUJ1818,prt-b73fa05705,False,False,"not selected after evidence, equity and city-coverage constraints"
LTFRB_PUJ1259,prt-b73fa05705,False,False,"not selected after evidence, equity and city-coverage constraints"
LTFRB_PUJ1265,prt-b73fa05705,False,False,"not selected after evidence, equity and city-coverage constraints"
LTFRB_PUJ2398,prt-b73fa05705,False,False,"not selected after evidence, equity and city-coverage constraints"
LTFRB_PUJ1273,prt-b73fa05705,False,False,"not selected after evidence, equity and city-coverage constraints"
LTFRB_PUJ2222,prt-b73fa05705,False,False,"not selected after evidence, equity and city-coverage constraints"
LTFRB_PUJ1258,prt-b73fa05705,False,False,"not selected after evidence, equity and city-coverage constraints"
LTFRB_PUJ2245,prt-b73fa05705,False,False,"not selected after evidence, equity and city-coverage constraints"
LTFRB_PUJ1179,prt-b73fa05705,False,False,"not selected after evidence, equity and city-coverage constraints"
LTFRB_PUJ2123,prt-b73fa05705,False,False,"not selected after evidence, equity and city-coverage constraints"
LTFRB_PUJ2559,prt-b73fa05705,False,False,"not selected after evidence, equity and city-coverage constraints"
LTFRB_PUJ2560,prt-b73fa05705,False,False,"not selected after evidence, equity and city-coverage constraints"
LTFRB_PUJ1660,prt-b73fa05705,False,False,"not selected after evidence, equity and city-coverage constraints"
LTFRB_PUJ1080,prt-b73fa05705,False,False,"not selected after evidence, equity and city-coverage constraints"
LTFRB_PUJ1264,prt-b73fa05705,False,False,"not selected after evidence, equity and city-coverage constraints"
LTFRB_PUJ1272,prt-b73fa05705,False,False,"not selected after evidence, equity and city-coverage constraints"
LTFRB_PUJ2105,prt-b73fa05705,False,False,"not selected after evidence, equity and city-coverage constraints"
LTFRB_PUJ2106,prt-b73fa05705,False,False,"not selected after evidence, equity and city-coverage constraints"
LTFRB_PUJ1360,prt-b73fa05705,False,False,"not selected after evidence, equity and city-coverage constraints"
LTFRB_PUJ2541,prt-b73fa05705,False,False,"not selected after evidence, equity and city-coverage constraints"
LTFRB_PUJ2198,prt-b73fa05705,False,False,"not selected after evidence, equity and city-coverage constraints"
LTFRB_PUJ2491,prt-b73fa05705,False,False,"not selected after evidence, equity and city-coverage constraints"
LTFRB_PUJ2050,prt-b73fa05705,False,False,"not selected after evidence, equity and city-coverage constraints"
LTFRB_PUJ2381,prt-b73fa05705,False,False,"not selected after evidence, equity and city-coverage constraints"
LTFRB_PUJ1077,prt-b73fa05705,False,False,"not selected after evidence, equity and city-coverage constraints"
LTFRB_PUJ2300,prt-b73fa05705,False,False,"not selected after evidence, equity and city-coverage constraints"
LTFRB_PUJ1041,prt-b73fa05705,False,False,"not selected after evidence, equity and city-coverage constraints"
LTFRB_PUJ2500,prt-b73fa05705,False,False,"not selected after evidence, equity and city-coverage constraints"
LTFRB_PUJ1023,prt-b73fa05705,False,False,"not selected after evidence, equity and city-coverage constraints"
LTFRB_PUJ2332,prt-b73fa05705,False,False,"not selected after evidence, equity and city-coverage constraints"
LTFRB_PUJ2531,prt-b73fa05705,False,False,"not selected after evidence, equity and city-coverage constraints"
LTFRB_PUJ2221,prt-b73fa05705,False,False,"not selected after evidence, equity and city-coverage constraints"
LTFRB_PUJ1862,prt-b73fa05705,False,False,"not selected after evidence, equity and city-coverage constraints"
LTFRB_PUJ1834,prt-b73fa05705,False,False,"not selected after evidence, equity and city-coverage constraints"
LTFRB_PUJ2223,prt-b73fa05705,False,False,"not selected after evidence, equity and city-coverage constraints"
LTFRB_PUJ2331,prt-b73fa05705,False,False,"not selected after evidence, equity and city-coverage constraints"
LTFRB_PUJ2605,prt-b73fa05705,False,False,"not selected after evidence, equity and city-coverage constraints"
LTFRB_PUJ2205,prt-b73fa05705,False,False,"not selected after evidence, equity and city-coverage constraints"
LTFRB_PUJ1500,prt-b73fa05705,False,False,"not selected after evidence, equity and city-coverage constraints"
LTFRB_PUJ2124,prt-b73fa05705,False,False,"not selected after evidence, equity and city-coverage constraints"
LTFRB_PUJ1333,prt-b73fa05705,False,False,"not selected after evidence, equity and city-coverage constraints"
LTFRB_PUJ1346,prt-b73fa05705,False,False,"not selected after evidence, equity and city-coverage constraints"
LTFRB_PUJ1715,prt-b73fa05705,False,False,"not selected after evidence, equity and city-coverage constraints"
LTFRB_PUJ1284,prt-b73fa05705,False,False,"not selected after evidence, equity and city-coverage constraints"
LTFRB_PUJ1285,prt-b73fa05705,False,False,"not selected after evidence, equity and city-coverage constraints"
LTFRB_PUJ1083,prt-b73fa05705,False,False,"not selected after evidence, equity and city-coverage constraints"
LTFRB_PUJ1684,prt-b73fa05705,False,False,"not selected after evidence, equity and city-coverage constraints"
LTFRB_PUJ2606,prt-b73fa05705,False,False,"not selected after evidence, equity and city-coverage constraints"
LTFRB_PUJ2049,prt-b73fa05705,False,False,"not selected after evidence, equity and city-coverage constraints"
LTFRB_PUJ1084,prt-b73fa05705,False,False,"not selected after evidence, equity and city-coverage constraints"
LTFRB_PUJ1379,prt-b73fa05705,False,False,"not selected after evidence, equity and city-coverage constraints"
LTFRB_PUJ2595,prt-b73fa05705,False,False,"not selected after evidence, equity and city-coverage constraints"
LTFRB_PUJ2596,prt-b73fa05705,False,False,"not selected after evidence, equity and city-coverage constraints"
LTFRB_PUJ1201,prt-b73fa05705,False,False,"not selected after evidence, equity and city-coverage constraints"
LTFRB_PUJ1532,prt-b73fa05705,False,False,"not selected after evidence, equity and city-coverage constraints"
LTFRB_PUJ2456,prt-b73fa05705,False,False,"not selected after evidence, equity and city-coverage constraints"
LTFRB_PUJ2529,prt-b73fa05705,False,False,"not selected after evidence, equity and city-coverage constraints"
LTFRB_PUJ1477,prt-b73fa05705,False,False,"not selected after evidence, equity and city-coverage constraints"
LTFRB_PUJ1074,prt-b73fa05705,False,False,"not selected after evidence, equity and city-coverage constraints"
LTFRB_PUJ1473,prt-b73fa05705,False,False,"not selected after evidence, equity and city-coverage constraints"
LTFRB_PUJ2133,prt-b73fa05705,False,False,"not selected after evidence, equity and city-coverage constraints"
LTFRB_PUJ2310,prt-b73fa05705,False,False,"not selected after evidence, equity and city-coverage constraints"
LTFRB_PUJ2368,prt-b73fa05705,False,False,"not selected after evidence, equity and city-coverage constraints"
LTFRB_PUJ1472,prt-b73fa05705,False,False,"not selected after evidence, equity and city-coverage constraints"
LTFRB_PUJ1150,prt-b73fa05705,False,False,"not selected after evidence, equity and city-coverage constraints"
LTFRB_PUJ1275,prt-b73fa05705,False,False,"not selected after evidence, equity and city-coverage constraints"
LTFRB_PUJ1195,prt-b73fa05705,False,False,"not selected after evidence, equity and city-coverage constraints"
LTFRB_PUJ1278,prt-b73fa05705,False,False,"not selected after evidence, equity and city-coverage constraints"
LTFRB_PUJ1876,prt-b73fa05705,False,False,"not selected after evidence, equity and city-coverage constraints"
LTFRB_PUJ1205,prt-b73fa05705,False,False,"not selected after evidence, equity and city-coverage constraints"
LTFRB_PUJ2279,prt-b73fa05705,False,False,"not selected after evidence, equity and city-coverage constraints"
LTFRB_PUJ1151,prt-b73fa05705,False,False,"not selected after evidence, equity and city-coverage constraints"
LTFRB_PUJ1262,prt-b73fa05705,False,False,"not selected after evidence, equity and city-coverage constraints"
LTFRB_PUJ1517,prt-b73fa05705,False,False,"not selected after evidence, equity and city-coverage constraints"
LTFRB_PUJ1501,prt-b73fa05705,False,False,"not selected after evidence, equity and city-coverage constraints"
LTFRB_PUJ1141,prt-b73fa05705,False,False,"not selected after evidence, equity and city-coverage constraints"
LTFRB_PUJ2397,prt-b73fa05705,False,False,"not selected after evidence, equity and city-coverage constraints"
LTFRB_PUJ1194,prt-b73fa05705,False,False,"not selected after evidence, equity and city-coverage constraints"
LTFRB_PUJ1279,prt-b73fa05705,False,False,"not selected after evidence, equity and city-coverage constraints"
LTFRB_PUJ1354,prt-b73fa05705,False,False,"not selected after evidence, equity and city-coverage constraints"
LTFRB_PUJ1233,prt-b73fa05705,False,False,"not selected after evidence, equity and city-coverage constraints"
LTFRB_PUJ2597,prt-b73fa05705,False,False,"not selected after evidence, equity and city-coverage constraints"
LTFRB_PUJ2156,prt-b73fa05705,False,False,"not selected after evidence, equity and city-coverage constraints"
LTFRB_PUJ2190,prt-b73fa05705,False,False,"not selected after evidence, equity and city-coverage constraints"
LTFRB_PUJ2297,prt-b73fa05705,False,False,"not selected after evidence, equity and city-coverage constraints"
LTFRB_PUJ1533,prt-b73fa05705,False,False,"not selected after evidence, equity and city-coverage constraints"
LTFRB_PUJ2480,prt-b73fa05705,False,False,"not selected after evidence, equity and city-coverage constraints"
LTFRB_PUJ2530,prt-b73fa05705,False,False,"not selected after evidence, equity and city-coverage constraints"
LTFRB_PUJ2599,prt-b73fa05705,False,False,"not selected after evidence, equity and city-coverage constraints"
LTFRB_PUJ2042,prt-b73fa05705,False,False,"not selected after evidence, equity and city-coverage constraints"
LTFRB_PUJ2586,prt-b73fa05705,False,False,"not selected after evidence, equity and city-coverage constraints"
LTFRB_PUJ1171,prt-b73fa05705,False,False,"not selected after evidence, equity and city-coverage constraints"
LTFRB_PUJ2271,prt-b73fa05705,False,False,"not selected after evidence, equity and city-coverage constraints"
LTFRB_PUJ2172,prt-b73fa05705,False,False,"not selected after evidence, equity and city-coverage constraints"
LTFRB_PUJ2309,prt-b73fa05705,False,False,"not selected after evidence, equity and city-coverage constraints"
LTFRB_PUJ1274,prt-b73fa05705,False,False,"not selected after evidence, equity and city-coverage constraints"
LTFRB_PUJ1334,prt-b73fa05705,False,False,"not selected after evidence, equity and city-coverage constraints"
LTFRB_PUJ2089,prt-b73fa05705,False,False,"not selected after evidence, equity and city-coverage constraints"
LTFRB_PUJ1021,prt-b73fa05705,False,False,"not selected after evidence, equity and city-coverage constraints"
LTFRB_PUJ1686,prt-b73fa05705,False,False,"not selected after evidence, equity and city-coverage constraints"
LTFRB_PUJ1966,prt-b73fa05705,False,False,"not selected after evidence, equity and city-coverage constraints"
LTFRB_PUJ1066,prt-b73fa05705,False,False,"not selected after evidence, equity and city-coverage constraints"
LTFRB_PUJ1332,prt-b73fa05705,False,False,"not selected after evidence, equity and city-coverage constraints"
LTFRB_PUJ1516,prt-b73fa05705,False,False,"not selected after evidence, equity and city-coverage constraints"
LTFRB_PUJ2528,prt-b73fa05705,False,False,"not selected after evidence, equity and city-coverage constraints"
LTFRB_PUJ2055,prt-b73fa05705,False,False,"not selected after evidence, equity and city-coverage constraints"
LTFRB_PUJ2601,prt-b73fa05705,False,False,"not selected after evidence, equity and city-coverage constraints"
LTFRB_PUJ1378,prt-b73fa05705,False,False,"not selected after evidence, equity and city-coverage constraints"
LTFRB_PUJ2041,prt-b73fa05705,False,False,"not selected after evidence, equity and city-coverage constraints"
LTFRB_PUJ2467,prt-b73fa05705,False,False,"not selected after evidence, equity and city-coverage constraints"
LTFRB_PUJ1967,prt-b73fa05705,False,False,"not selected after evidence, equity and city-coverage constraints"
LTFRB_PUJ1335,prt-b73fa05705,False,False,"not selected after evidence, equity and city-coverage constraints"
LTFRB_PUJ1085,prt-b73fa05705,False,False,"not selected after evidence, equity and city-coverage constraints"
LTFRB_PUJ1595,prt-b73fa05705,False,False,"not selected after evidence, equity and city-coverage constraints"
LTFRB_PUJ1736,prt-b73fa05705,False,False,"not selected after evidence, equity and city-coverage constraints"
LTFRB_PUJ1465,prt-b73fa05705,False,False,"not selected after evidence, equity and city-coverage constraints"
LTFRB_PUJ2034,prt-b73fa05705,False,False,"not selected after evidence, equity and city-coverage constraints"
LTFRB_PUJ2473,prt-b73fa05705,False,False,"not selected after evidence, equity and city-coverage constraints"
LTFRB_PUJ1184,prt-b73fa05705,False,False,"not selected after evidence, equity and city-coverage constraints"
LTFRB_PUJ1594,prt-b73fa05705,False,False,"not selected after evidence, equity and city-coverage constraints"
LTFRB_PUJ2033,prt-b73fa05705,False,False,"not selected after evidence, equity and city-coverage constraints"
LTFRB_PUJ2056,prt-b73fa05705,False,False,"not selected after evidence, equity and city-coverage constraints"
LTFRB_PUJ1245,prt-b73fa05705,False,False,"not selected after evidence, equity and city-coverage constraints"
LTFRB_PUJ1118,prt-b73fa05705,False,False,"not selected after evidence, equity and city-coverage constraints"
LTFRB_PUJ2204,prt-b73fa05705,False,False,"not selected after evidence, equity and city-coverage constraints"
LTFRB_PUJ1187,prt-b73fa05705,False,False,"not selected after evidence, equity and city-coverage constraints"
LTFRB_PUJ1687,prt-b73fa05705,False,False,"not selected after evidence, equity and city-coverage constraints"
LTFRB_PUJ1086,prt-b73fa05705,False,False,"not selected after evidence, equity and city-coverage constraints"
LTFRB_PUJ2246,prt-b73fa05705,False,False,"not selected after evidence, equity and city-coverage constraints"
LTFRB_PUJ2020,prt-b73fa05705,False,False,"not selected after evidence, equity and city-coverage constraints"
LTFRB_PUJ1185,prt-b73fa05705,False,False,"not selected after evidence, equity and city-coverage constraints"
LTFRB_PUJ1269,prt-b73fa05705,False,False,"not selected after evidence, equity and city-coverage constraints"
LTFRB_PUJ1730,prt-b73fa05705,False,False,"not selected after evidence, equity and city-coverage constraints"
LTFRB_PUJ1731,prt-b73fa05705,False,False,"not selected after evidence, equity and city-coverage constraints"
LTFRB_PUJ1306,prt-b73fa05705,False,False,"not selected after evidence, equity and city-coverage constraints"
LTFRB_PUJ1877,prt-b73fa05705,False,False,"not selected after evidence, equity and city-coverage constraints"
LTFRB_PUJ2183,prt-b73fa05705,False,False,"not selected after evidence, equity and city-coverage constraints"
LTFRB_PUJ1260,prt-b73fa05705,False,False,"not selected after evidence, equity and city-coverage constraints"
LTFRB_PUJ1449,prt-b73fa05705,False,False,"not selected after evidence, equity and city-coverage constraints"
LTFRB_PUJ1894,prt-b73fa05705,False,False,"not selected after evidence, equity and city-coverage constraints"
LTFRB_PUJ1895,prt-b73fa05705,False,False,"not selected after evidence, equity and city-coverage constraints"
LTFRB_PUJ2602,prt-b73fa05705,False,False,"not selected after evidence, equity and city-coverage constraints"
LTFRB_PUJ1186,prt-b73fa05705,False,False,"not selected after evidence, equity and city-coverage constraints"
LTFRB_PUJ2384,prt-b73fa05705,False,False,"not selected after evidence, equity and city-coverage constraints"
LTFRB_PUJ1947,prt-b73fa05705,False,False,"not selected after evidence, equity and city-coverage constraints"
LTFRB_PUJ2481,prt-b73fa05705,False,False,"not selected after evidence, equity and city-coverage constraints"
LTFRB_PUJ1903,prt-b73fa05705,False,False,"not selected after evidence, equity and city-coverage constraints"
LTFRB_PUJ2201,prt-b73fa05705,False,False,"not selected after evidence, equity and city-coverage constraints"
LTFRB_PUJ1204,prt-b73fa05705,False,False,"not selected after evidence, equity and city-coverage constraints"
LTFRB_PUJ1470,prt-b73fa05705,False,False,"not selected after evidence, equity and city-coverage constraints"
LTFRB_PUJ1902,prt-b73fa05705,False,False,"not selected after evidence, equity and city-coverage constraints"
LTFRB_PUJ2090,prt-b73fa05705,False,False,"not selected after evidence, equity and city-coverage constraints"
LTFRB_PUJ1047,prt-b73fa05705,False,False,"not selected after evidence, equity and city-coverage constraints"
LTFRB_PUJ1906,prt-b73fa05705,False,False,"not selected after evidence, equity and city-coverage constraints"
LTFRB_PUJ2155,prt-b73fa05705,False,False,"not selected after evidence, equity and city-coverage constraints"
LTFRB_PUJ1625,prt-b73fa05705,False,False,"not selected after evidence, equity and city-coverage constraints"
LTFRB_PUJ2232,prt-b73fa05705,False,False,"not selected after evidence, equity and city-coverage constraints"
LTFRB_PUJ1520,prt-b73fa05705,False,False,"not selected after evidence, equity and city-coverage constraints"
LTFRB_PUJ2259,prt-b73fa05705,False,False,"not selected after evidence, equity and city-coverage constraints"
LTFRB_PUJ1853,prt-b73fa05705,False,False,"not selected after evidence, equity and city-coverage constraints"
LTFRB_PUJ1268,prt-b73fa05705,False,False,"not selected after evidence, equity and city-coverage constraints"
LTFRB_PUJ1261,prt-b73fa05705,False,False,"not selected after evidence, equity and city-coverage constraints"
LTFRB_PUJ2490,prt-b73fa05705,False,False,"not selected after evidence, equity and city-coverage constraints"
LTFRB_PUJ1806,prt-b73fa05705,False,False,"not selected after evidence, equity and city-coverage constraints"
LTFRB_PUJ2293,prt-b73fa05705,False,False,"not selected after evidence, equity and city-coverage constraints"
LTFRB_PUJ1065,prt-b73fa05705,False,False,"not selected after evidence, equity and city-coverage constraints"
LTFRB_PUJ1117,prt-b73fa05705,False,False,"not selected after evidence, equity and city-coverage constraints"
LTFRB_PUJ1361,prt-b73fa05705,False,False,"not selected after evidence, equity and city-coverage constraints"
LTFRB_PUJ1885,prt-b73fa05705,False,False,"not selected after evidence, equity and city-coverage constraints"
LTFRB_PUJ1884,prt-b73fa05705,False,False,"not selected after evidence, equity and city-coverage constraints"
LTFRB_PUJ2200,prt-b73fa05705,False,False,"not selected after evidence, equity and city-coverage constraints"
LTFRB_PUJ1048,prt-b73fa05705,False,False,"not selected after evidence, equity and city-coverage constraints"
LTFRB_PUJ2600,prt-b73fa05705,False,False,"not selected after evidence, equity and city-coverage constraints"
LTFRB_PUJ1448,prt-b73fa05705,False,False,"not selected after evidence, equity and city-coverage constraints"
LTFRB_PUJ1453,prt-b73fa05705,False,False,"not selected after evidence, equity and city-coverage constraints"
LTFRB_PUJ1653,prt-b73fa05705,False,False,"not selected after evidence, equity and city-coverage constraints"
LTFRB_PUJ2199,prt-b73fa05705,False,False,"not selected after evidence, equity and city-coverage constraints"
LTFRB_PUJ1838,prt-b73fa05705,False,False,"not selected after evidence, equity and city-coverage constraints"
LTFRB_PUJ2140,prt-b73fa05705,False,False,"not selected after evidence, equity and city-coverage constraints"
LTFRB_PUJ1471,prt-b73fa05705,False,False,"not selected after evidence, equity and city-coverage constraints"
LTFRB_PUJ1244,prt-b73fa05705,False,False,"not selected after evidence, equity and city-coverage constraints"
LTFRB_PUJ2346,prt-b73fa05705,False,False,"not selected after evidence, equity and city-coverage constraints"
LTFRB_PUJ1562,prt-b73fa05705,False,False,"not selected after evidence, equity and city-coverage constraints"
LTFRB_PUJ1854,prt-b73fa05705,False,False,"not selected after evidence, equity and city-coverage constraints"
LTFRB_PUJ1907,prt-b73fa05705,False,False,"not selected after evidence, equity and city-coverage constraints"
LTFRB_PUJ2206,prt-b73fa05705,False,False,"not selected after evidence, equity and city-coverage constraints"
LTFRB_PUJ2482,prt-b73fa05705,False,False,"not selected after evidence, equity and city-coverage constraints"
LTFRB_PUJ1691,prt-b73fa05705,False,False,"not selected after evidence, equity and city-coverage constraints"
LTFRB_PUJ1490,prt-b73fa05705,False,False,"not selected after evidence, equity and city-coverage constraints"
LTFRB_PUJ1283,prt-b73fa05705,False,False,"not selected after evidence, equity and city-coverage constraints"
LTFRB_PUJ2066,prt-b73fa05705,False,False,"not selected after evidence, equity and city-coverage constraints"
LTFRB_PUJ2483,prt-b73fa05705,False,False,"not selected after evidence, equity and city-coverage constraints"
LTFRB_PUJ2065,prt-b73fa05705,False,False,"not selected after evidence, equity and city-coverage constraints"
LTFRB_PUJ2202,prt-b73fa05705,False,False,"not selected after evidence, equity and city-coverage constraints"
LTFRB_PUJ1563,prt-b73fa05705,False,False,"not selected after evidence, equity and city-coverage constraints"
LTFRB_PUJ1331,prt-b73fa05705,False,False,"not selected after evidence, equity and city-coverage constraints"
LTFRB_PUJ2036,prt-b73fa05705,False,False,"not selected after evidence, equity and city-coverage constraints"
LTFRB_PUJ1330,prt-b73fa05705,False,False,"not selected after evidence, equity and city-coverage constraints"
LTFRB_PUJ1964,prt-b73fa05705,False,False,"not selected after evidence, equity and city-coverage constraints"
LTFRB_PUJ1280,prt-b73fa05705,False,False,"not selected after evidence, equity and city-coverage constraints"
LTFRB_PUJ1965,prt-b73fa05705,False,False,"not selected after evidence, equity and city-coverage constraints"
LTFRB_PUJ1999,prt-b73fa05705,False,False,"not selected after evidence, equity and city-coverage constraints"
LTFRB_PUJ2603,prt-b73fa05705,False,False,"not selected after evidence, equity and city-coverage constraints"
LTFRB_PUJ1282,prt-b73fa05705,False,False,"not selected after evidence, equity and city-coverage constraints"
LTFRB_PUJ2021,prt-b73fa05705,False,False,"not selected after evidence, equity and city-coverage constraints"
LTFRB_PUJ1170,prt-b73fa05705,False,False,"not selected after evidence, equity and city-coverage constraints"
LTFRB_PUJ1189,prt-b73fa05705,False,False,"not selected after evidence, equity and city-coverage constraints"
LTFRB_PUJ2488,prt-b73fa05705,False,False,"not selected after evidence, equity and city-coverage constraints"
LTFRB_PUJ1860,prt-b73fa05705,False,False,"not selected after evidence, equity and city-coverage constraints"
LTFRB_PUJ1564,prt-b73fa05705,False,False,"not selected after evidence, equity and city-coverage constraints"
LTFRB_PUJ2178,prt-b73fa05705,False,False,"not selected after evidence, equity and city-coverage constraints"
LTFRB_PUJ1059,prt-b73fa05705,False,False,"not selected after evidence, equity and city-coverage constraints"
LTFRB_PUJ2604,prt-b73fa05705,False,False,"not selected after evidence, equity and city-coverage constraints"
LTFRB_PUJ1181,prt-b73fa05705,False,False,"not selected after evidence, equity and city-coverage constraints"
LTFRB_PUJ2145,prt-b73fa05705,False,False,"not selected after evidence, equity and city-coverage constraints"
LTFRB_PUJ1565,prt-b73fa05705,False,False,"not selected after evidence, equity and city-coverage constraints"
LTFRB_PUJ2555,prt-b73fa05705,False,False,"not selected after evidence, equity and city-coverage constraints"
LTFRB_PUJ2121,prt-b73fa05705,False,False,"not selected after evidence, equity and city-coverage constraints"
LTFRB_PUJ1180,prt-b73fa05705,False,False,"not selected after evidence, equity and city-coverage constraints"
LTFRB_PUJ1281,prt-b73fa05705,False,False,"not selected after evidence, equity and city-coverage constraints"
LTFRB_PUJ1442,prt-b73fa05705,False,False,"not selected after evidence, equity and city-coverage constraints"
LTFRB_PUJ1443,prt-b73fa05705,False,False,"not selected after evidence, equity and city-coverage constraints"
LTFRB_PUJ2038,prt-b73fa05705,False,False,"not selected after evidence, equity and city-coverage constraints"
LTFRB_PUJ1654,prt-b73fa05705,False,False,"not selected after evidence, equity and city-coverage constraints"
LTFRB_PUJ2272,prt-b73fa05705,False,False,"not selected after evidence, equity and city-coverage constraints"
LTFRB_PUJ2553,prt-b73fa05705,False,False,"not selected after evidence, equity and city-coverage constraints"
LTFRB_PUJ2554,prt-b73fa05705,False,False,"not selected after evidence, equity and city-coverage constraints"
LTFRB_PUJ2146,prt-b73fa05705,False,False,"not selected after evidence, equity and city-coverage constraints"
LTFRB_PUJ1464,prt-b73fa05705,False,False,"not selected after evidence, equity and city-coverage constraints"
LTFRB_PUJ2598,prt-b73fa05705,False,False,"not selected after evidence, equity and city-coverage constraints"
LTFRB_PUJ1521,prt-b73fa05705,False,False,"not selected after evidence, equity and city-coverage constraints"
LTFRB_PUJ1300,prt-b73fa05705,False,False,"not selected after evidence, equity and city-coverage constraints"
LTFRB_PUJ1307,prt-b73fa05705,False,False,"not selected after evidence, equity and city-coverage constraints"
LTFRB_PUJ1887,prt-b73fa05705,False,False,"not selected after evidence, equity and city-coverage constraints"
LTFRB_PUJ2345,prt-b73fa05705,False,False,"not selected after evidence, equity and city-coverage constraints"
LTFRB_PUJ2177,prt-b73fa05705,False,False,"not selected after evidence, equity and city-coverage constraints"
LTFRB_PUJ1218,prt-b73fa05705,False,False,"not selected after evidence, equity and city-coverage constraints"
LTFRB_PUJ1219,prt-b73fa05705,False,False,"not selected after evidence, equity and city-coverage constraints"
LTFRB_PUJ1711,prt-b73fa05705,False,False,"not selected after evidence, equity and city-coverage constraints"
LTFRB_PUJ1831,prt-b73fa05705,False,False,"not selected after evidence, equity and city-coverage constraints"
LTFRB_PUJ1040,prt-b73fa05705,False,False,"not selected after evidence, equity and city-coverage constraints"
LTFRB_PUJ2501,prt-b73fa05705,False,False,"not selected after evidence, equity and city-coverage constraints"
LTFRB_PUJ1830,prt-b73fa05705,False,False,"not selected after evidence, equity and city-coverage constraints"
LTFRB_PUJ1991,prt-b73fa05705,False,False,"not selected after evidence, equity and city-coverage constraints"
LTFRB_PUJ1193,prt-b73fa05705,False,False,"not selected after evidence, equity and city-coverage constraints"
LTFRB_PUJ1597,prt-b73fa05705,False,False,"not selected after evidence, equity and city-coverage constraints"
LTFRB_PUJ1596,prt-b73fa05705,False,False,"not selected after evidence, equity and city-coverage constraints"
LTFRB_PUJ1369,prt-b73fa05705,False,False,"not selected after evidence, equity and city-coverage constraints"
LTFRB_PUJ1624,prt-b73fa05705,False,False,"not selected after evidence, equity and city-coverage constraints"
LTFRB_PUJ1813,prt-b73fa05705,False,False,"not selected after evidence, equity and city-coverage constraints"
LTFRB_PUJ2466,prt-b73fa05705,False,False,"not selected after evidence, equity and city-coverage constraints"
LTFRB_PUJ1990,prt-b73fa05705,False,False,"not selected after evidence, equity and city-coverage constraints"
LTFRB_PUJ2037,prt-b73fa05705,False,False,"not selected after evidence, equity and city-coverage constraints"
LTFRB_PUJ2225,prt-b73fa05705,False,False,"not selected after evidence, equity and city-coverage constraints"
LTFRB_PUJ1238,prt-b73fa05705,False,False,"not selected after evidence, equity and city-coverage constraints"
LTFRB_PUJ1878,prt-b73fa05705,False,False,"not selected after evidence, equity and city-coverage constraints"
LTFRB_PUJ2514,prt-b73fa05705,False,False,"not selected after evidence, equity and city-coverage constraints"
LTFRB_PUJ1368,prt-b73fa05705,False,False,"not selected after evidence, equity and city-coverage constraints"
LTFRB_PUJ1656,prt-b73fa05705,False,False,"not selected after evidence, equity and city-coverage constraints"
LTFRB_PUJ2515,prt-b73fa05705,False,False,"not selected after evidence, equity and city-coverage constraints"
LTFRB_PUJ1812,prt-b73fa05705,False,False,"not selected after evidence, equity and city-coverage constraints"
LTFRB_PUJ1873,prt-b73fa05705,False,False,"not selected after evidence, equity and city-coverage constraints"
LTFRB_PUJ1239,prt-b73fa05705,False,False,"not selected after evidence, equity and city-coverage constraints"
LTFRB_PUJ1301,prt-b73fa05705,False,False,"not selected after evidence, equity and city-coverage constraints"
LTFRB_PUJ2149,prt-b73fa05705,False,False,"not selected after evidence, equity and city-coverage constraints"
LTFRB_PUJ1819,prt-b73fa05705,False,False,"not selected after evidence, equity and city-coverage constraints"
LTFRB_PUJ2556,prt-b73fa05705,False,False,"not selected after evidence, equity and city-coverage constraints"
LTFRB_PUJ1886,prt-b73fa05705,False,False,"not selected after evidence, equity and city-coverage constraints"
LTFRB_PUJ1959,prt-b73fa05705,False,False,"not selected after evidence, equity and city-coverage constraints"
LTFRB_PUJ1031,prt-b73fa05705,False,False,"not selected after evidence, equity and city-coverage constraints"
LTFRB_PUJ1859,prt-b73fa05705,False,False,"not selected after evidence, equity and city-coverage constraints"
LTFRB_PUJ1308,prt-b73fa05705,False,False,"not selected after evidence, equity and city-coverage constraints"
LTFRB_PUJ1309,prt-b73fa05705,False,False,"not selected after evidence, equity and city-coverage constraints"
LTFRB_PUJ2513,prt-b73fa05705,False,False,"not selected after evidence, equity and city-coverage constraints"
LTFRB_PUJ2270,prt-b73fa05705,False,False,"not selected after evidence, equity and city-coverage constraints"
LTFRB_PUJ1893,prt-b73fa05705,False,False,"not selected after evidence, equity and city-coverage constraints"
LTFRB_PUJ2385,prt-b73fa05705,False,False,"not selected after evidence, equity and city-coverage constraints"
LTFRB_PUJ2399,prt-b73fa05705,False,False,"not selected after evidence, equity and city-coverage constraints"
LTFRB_PUJ1820,prt-b73fa05705,False,False,"not selected after evidence, equity and city-coverage constraints"
LTFRB_PUJ1192,prt-b73fa05705,False,False,"not selected after evidence, equity and city-coverage constraints"
LTFRB_PUJ1514,prt-b73fa05705,False,False,"not selected after evidence, equity and city-coverage constraints"
LTFRB_PUJ1088,prt-b73fa05705,False,False,"not selected after evidence, equity and city-coverage constraints"
LTFRB_PUJ2150,prt-b73fa05705,False,False,"not selected after evidence, equity and city-coverage constraints"
LTFRB_PUJ1879,prt-b73fa05705,False,False,"not selected after evidence, equity and city-coverage constraints"
LTFRB_PUJ1929,prt-b73fa05705,False,False,"not selected after evidence, equity and city-coverage constraints"
LTFRB_PUJ1583,prt-b73fa05705,False,False,"not selected after evidence, equity and city-coverage constraints"
LTFRB_PUJ1986,prt-b73fa05705,False,False,"not selected after evidence, equity and city-coverage constraints"
LTFRB_PUJ1987,prt-b73fa05705,False,False,"not selected after evidence, equity and city-coverage constraints"
LTFRB_PUJ1112,prt-b73fa05705,False,False,"not selected after evidence, equity and city-coverage constraints"
LTFRB_PUJ1955,prt-b73fa05705,False,False,"not selected after evidence, equity and city-coverage constraints"
LTFRB_PUJ1872,prt-b73fa05705,False,False,"not selected after evidence, equity and city-coverage constraints"
LTFRB_PUJ1892,prt-b73fa05705,False,False,"not selected after evidence, equity and city-coverage constraints"
LTFRB_PUJ2127,prt-b73fa05705,False,False,"not selected after evidence, equity and city-coverage constraints"
LTFRB_PUJ2616,prt-b73fa05705,False,False,"not selected after evidence, equity and city-coverage constraints"
LTFRB_PUJ1347,prt-b73fa05705,False,False,"not selected after evidence, equity and city-coverage constraints"
LTFRB_PUJ2122,prt-b73fa05705,False,False,"not selected after evidence, equity and city-coverage constraints"
LTFRB_PUJ1761,prt-b73fa05705,False,False,"not selected after evidence, equity and city-coverage constraints"
LTFRB_PUJ1486,prt-b73fa05705,False,False,"not selected after evidence, equity and city-coverage constraints"
LTFRB_PUJ2001,prt-b73fa05705,False,False,"not selected after evidence, equity and city-coverage constraints"
LTFRB_PUJ1188,prt-b73fa05705,False,False,"not selected after evidence, equity and city-coverage constraints"
LTFRB_PUJ2184,prt-b73fa05705,False,False,"not selected after evidence, equity and city-coverage constraints"
LTFRB_PUJ1263,prt-b73fa05705,False,False,"not selected after evidence, equity and city-coverage constraints"
LTFRB_PUJ1081,prt-b73fa05705,False,False,"not selected after evidence, equity and city-coverage constraints"
LTFRB_PUJ1699,prt-b73fa05705,False,False,"not selected after evidence, equity and city-coverage constraints"
LTFRB_PUJ1852,prt-b73fa05705,False,False,"not selected after evidence, equity and city-coverage constraints"
LTFRB_PUJ1191,prt-b73fa05705,False,False,"not selected after evidence, equity and city-coverage constraints"
LTFRB_PUJ1698,prt-b73fa05705,False,False,"not selected after evidence, equity and city-coverage constraints"
LTFRB_PUJ1487,prt-b73fa05705,False,False,"not selected after evidence, equity and city-coverage constraints"
LTFRB_PUJ2082,prt-b73fa05705,False,False,"not selected after evidence, equity and city-coverage constraints"
LTFRB_PUJ1621,prt-b73fa05705,False,False,"not selected after evidence, equity and city-coverage constraints"
LTFRB_PUJ1683,prt-b73fa05705,False,False,"not selected after evidence, equity and city-coverage constraints"
LTFRB_PUJ2615,prt-b73fa05705,False,False,"not selected after evidence, equity and city-coverage constraints"
LTFRB_PUJ2000,prt-b73fa05705,False,False,"not selected after evidence, equity and city-coverage constraints"
LTFRB_PUJ1574,prt-b73fa05705,False,False,"not selected after evidence, equity and city-coverage constraints"
LTFRB_PUJ2307,prt-b73fa05705,False,False,"not selected after evidence, equity and city-coverage constraints"
LTFRB_PUJ2403,prt-b73fa05705,False,False,"not selected after evidence, equity and city-coverage constraints"
LTFRB_PUJ1748,prt-b73fa05705,False,False,"not selected after evidence, equity and city-coverage constraints"
LTFRB_PUJ2404,prt-b73fa05705,False,False,"not selected after evidence, equity and city-coverage constraints"
LTFRB_PUJ2166,prt-b73fa05705,False,False,"not selected after evidence, equity and city-coverage constraints"
LTFRB_PUJ1682,prt-b73fa05705,False,False,"not selected after evidence, equity and city-coverage constraints"
LTFRB_PUJ1651,prt-b73fa05705,False,False,"not selected after evidence, equity and city-coverage constraints"
LTFRB_PUJ2400,prt-b73fa05705,False,False,"not selected after evidence, equity and city-coverage constraints"
LTFRB_PUJ2593,prt-b73fa05705,False,False,"not selected after evidence, equity and city-coverage constraints"
LTFRB_PUJ1655,prt-b73fa05705,False,False,"not selected after evidence, equity and city-coverage constraints"
LTFRB_PUJ2220,prt-b73fa05705,False,False,"not selected after evidence, equity and city-coverage constraints"
LTFRB_PUJ1367,prt-b73fa05705,False,False,"not selected after evidence, equity and city-coverage constraints"
LTFRB_PUJ2577,prt-b73fa05705,False,False,"not selected after evidence, equity and city-coverage constraints"
LTFRB_PUJ2388,prt-b73fa05705,False,False,"not selected after evidence, equity and city-coverage constraints"
LTFRB_PUJ1956,prt-b73fa05705,False,False,"not selected after evidence, equity and city-coverage constraints"
LTFRB_PUJ1749,prt-b73fa05705,False,False,"not selected after evidence, equity and city-coverage constraints"
LTFRB_PUJ1255,prt-b73fa05705,False,False,"not selected after evidence, equity and city-coverage constraints"
LTFRB_PUJ1760,prt-b73fa05705,False,False,"not selected after evidence, equity and city-coverage constraints"
LTFRB_PUJ1807,prt-b73fa05705,False,False,"not selected after evidence, equity and city-coverage constraints"
LTFRB_PUJ2035,prt-b73fa05705,False,False,"not selected after evidence, equity and city-coverage constraints"
LTFRB_PUJ2525,prt-b73fa05705,False,False,"not selected after evidence, equity and city-coverage constraints"
LTFRB_PUJ1298,prt-b73fa05705,False,False,"not selected after evidence, equity and city-coverage constraints"
LTFRB_PUJ1001,prt-b73fa05705,False,False,"not selected after evidence, equity and city-coverage constraints"
LTFRB_PUJ1002,prt-b73fa05705,False,False,"not selected after evidence, equity and city-coverage constraints"
LTFRB_PUJ1190,prt-b73fa05705,False,False,"not selected after evidence, equity and city-coverage constraints"
LTFRB_PUJ2075,prt-b73fa05705,False,False,"not selected after evidence, equity and city-coverage constraints"
LTFRB_PUJ2187,prt-b73fa05705,False,False,"not selected after evidence, equity and city-coverage constraints"
LTFRB_PUJ2496,prt-b73fa05705,False,False,"not selected after evidence, equity and city-coverage constraints"
LTFRB_PUJ2503,prt-b73fa05705,False,False,"not selected after evidence, equity and city-coverage constraints"
LTFRB_PUJ1750,prt-b73fa05705,False,False,"not selected after evidence, equity and city-coverage constraints"
LTFRB_PUJ1851,prt-b73fa05705,False,False,"not selected after evidence, equity and city-coverage constraints"
LTFRB_PUJ1875,prt-b73fa05705,False,False,"not selected after evidence, equity and city-coverage constraints"
LTFRB_PUJ2229,prt-b73fa05705,False,False,"not selected after evidence, equity and city-coverage constraints"
LTFRB_PUJ1783,prt-b73fa05705,False,False,"not selected after evidence, equity and city-coverage constraints"
LTFRB_PUJ2251,prt-b73fa05705,False,False,"not selected after evidence, equity and city-coverage constraints"
LTFRB_PUJ2269,prt-b73fa05705,False,False,"not selected after evidence, equity and city-coverage constraints"
LTFRB_PUJ1327,prt-b73fa05705,False,False,"not selected after evidence, equity and city-coverage constraints"
LTFRB_PUJ2594,prt-b73fa05705,False,False,"not selected after evidence, equity and city-coverage constraints"
LTFRB_PUJ1716,prt-b73fa05705,False,False,"not selected after evidence, equity and city-coverage constraints"
LTFRB_PUJ2068,prt-b73fa05705,False,False,"not selected after evidence, equity and city-coverage constraints"
LTFRB_PUJ1362,prt-b73fa05705,False,False,"not selected after evidence, equity and city-coverage constraints"
LTFRB_PUJ1363,prt-b73fa05705,False,False,"not selected after evidence, equity and city-coverage constraints"
LTFRB_PUJ1547,prt-b73fa05705,False,False,"not selected after evidence, equity and city-coverage constraints"
LTFRB_PUJ1710,prt-b73fa05705,False,False,"not selected after evidence, equity and city-coverage constraints"
LTFRB_PUJ1060,prt-b73fa05705,False,False,"not selected after evidence, equity and city-coverage constraints"
LTFRB_PUJ1515,prt-b73fa05705,False,False,"not selected after evidence, equity and city-coverage constraints"
LTFRB_PUJ1717,prt-b73fa05705,False,False,"not selected after evidence, equity and city-coverage constraints"
LTFRB_PUJ1958,prt-b73fa05705,False,False,"not selected after evidence, equity and city-coverage constraints"
LTFRB_PUJ2308,prt-b73fa05705,False,False,"not selected after evidence, equity and city-coverage constraints"
LTFRB_PUJ1536,prt-b73fa05705,False,False,"not selected after evidence, equity and city-coverage constraints"
LTFRB_PUJ2512,prt-b73fa05705,False,False,"not selected after evidence, equity and city-coverage constraints"
LTFRB_PUJ1030,prt-b73fa05705,False,False,"not selected after evidence, equity and city-coverage constraints"
LTFRB_PUJ1029,prt-b73fa05705,False,False,"not selected after evidence, equity and city-coverage constraints"
LTFRB_PUJ1763,prt-b73fa05705,False,False,"not selected after evidence, equity and city-coverage constraints"
LTFRB_PUJ1932,prt-b73fa05705,False,False,"not selected after evidence, equity and city-coverage constraints"
LTFRB_PUJ1933,prt-b73fa05705,False,False,"not selected after evidence, equity and city-coverage constraints"
LTFRB_PUJ1708,prt-b73fa05705,False,False,"not selected after evidence, equity and city-coverage constraints"
LTFRB_PUJ1709,prt-b73fa05705,False,False,"not selected after evidence, equity and city-coverage constraints"
LTFRB_PUJ1827,prt-b73fa05705,False,False,"not selected after evidence, equity and city-coverage constraints"
LTFRB_PUJ2182,prt-b73fa05705,False,False,"not selected after evidence, equity and city-coverage constraints"
LTFRB_PUJ2524,prt-b73fa05705,False,False,"not selected after evidence, equity and city-coverage constraints"
LTFRB_PUJ1491,prt-b73fa05705,False,False,"not selected after evidence, equity and city-coverage constraints"
LTFRB_PUJ2070,prt-b73fa05705,False,False,"not selected after evidence, equity and city-coverage constraints"
LTFRB_PUJ1414,prt-b73fa05705,False,False,"not selected after evidence, equity and city-coverage constraints"
LTFRB_PUJ1928,prt-b73fa05705,False,False,"not selected after evidence, equity and city-coverage constraints"
LTFRB_PUJ1014,prt-b73fa05705,False,False,"not selected after evidence, equity and city-coverage constraints"
LTFRB_PUJ1130,prt-b73fa05705,False,False,"not selected after evidence, equity and city-coverage constraints"
LTFRB_PUJ1131,prt-b73fa05705,False,False,"not selected after evidence, equity and city-coverage constraints"
LTFRB_PUJ1087,prt-b73fa05705,False,False,"not selected after evidence, equity and city-coverage constraints"
LTFRB_PUJ2284,prt-b73fa05705,False,False,"not selected after evidence, equity and city-coverage constraints"
LTFRB_PUJ1843,prt-b73fa05705,False,False,"not selected after evidence, equity and city-coverage constraints"
LTFRB_PUJ1868,prt-b73fa05705,False,False,"not selected after evidence, equity and city-coverage constraints"
LTFRB_PUJ1869,prt-b73fa05705,False,False,"not selected after evidence, equity and city-coverage constraints"
LTFRB_PUJ1366,prt-b73fa05705,False,False,"not selected after evidence, equity and city-coverage constraints"
LTFRB_PUJ2159,prt-b73fa05705,False,False,"not selected after evidence, equity and city-coverage constraints"
LTFRB_PUJ2067,prt-b73fa05705,False,False,"not selected after evidence, equity and city-coverage constraints"
LTFRB_PUJ2160,prt-b73fa05705,False,False,"not selected after evidence, equity and city-coverage constraints"
LTFRB_PUJ1389,prt-b73fa05705,False,False,"not selected after evidence, equity and city-coverage constraints"
LTFRB_PUJ1111,prt-b73fa05705,False,False,"not selected after evidence, equity and city-coverage constraints"
LTFRB_PUJ1125,prt-b73fa05705,False,False,"not selected after evidence, equity and city-coverage constraints"
LTFRB_PUJ2575,prt-b73fa05705,False,False,"not selected after evidence, equity and city-coverage constraints"
LTFRB_PUJ2154,prt-b73fa05705,False,False,"not selected after evidence, equity and city-coverage constraints"
LTFRB_PUJ1098,prt-b73fa05705,False,False,"not selected after evidence, equity and city-coverage constraints"
LTFRB_PUJ1572,prt-b73fa05705,False,False,"not selected after evidence, equity and city-coverage constraints"
LTFRB_PUJ1267,prt-b73fa05705,False,False,"not selected after evidence, equity and city-coverage constraints"
LTFRB_PUJ1979,prt-b73fa05705,False,False,"not selected after evidence, equity and city-coverage constraints"
LTFRB_PUJ2210,prt-b73fa05705,False,False,"not selected after evidence, equity and city-coverage constraints"
LTFRB_PUJ2219,prt-b73fa05705,False,False,"not selected after evidence, equity and city-coverage constraints"
LTFRB_PUJ2429,prt-b73fa05705,False,False,"not selected after evidence, equity and city-coverage constraints"
LTFRB_PUJ1338,prt-b73fa05705,False,False,"not selected after evidence, equity and city-coverage constraints"
LTFRB_PUJ1992,prt-b73fa05705,False,False,"not selected after evidence, equity and city-coverage constraints"
LTFRB_PUJ1582,prt-b73fa05705,False,False,"not selected after evidence, equity and city-coverage constraints"
LTFRB_PUJ2029,prt-b73fa05705,False,False,"not selected after evidence, equity and city-coverage constraints"
LTFRB_PUJ2030,prt-b73fa05705,False,False,"not selected after evidence, equity and city-coverage constraints"
LTFRB_PUJ1266,prt-b73fa05705,False,False,"not selected after evidence, equity and city-coverage constraints"
LTFRB_PUJ1874,prt-b73fa05705,False,False,"not selected after evidence, equity and city-coverage constraints"
LTFRB_PUJ2188,prt-b73fa05705,False,False,"not selected after evidence, equity and city-coverage constraints"
LTFRB_PUJ2576,prt-b73fa05705,False,False,"not selected after evidence, equity and city-coverage constraints"
LTFRB_PUJ2168,prt-b73fa05705,False,False,"not selected after evidence, equity and city-coverage constraints"
LTFRB_PUJ2165,prt-b73fa05705,False,False,"not selected after evidence, equity and city-coverage constraints"
LTFRB_PUJ2252,prt-b73fa05705,False,False,"not selected after evidence, equity and city-coverage constraints"
LTFRB_PUJ1573,prt-b73fa05705,False,False,"not selected after evidence, equity and city-coverage constraints"
LTFRB_PUJ1771,prt-b73fa05705,False,False,"not selected after evidence, equity and city-coverage constraints"
LTFRB_PUJ2302,prt-b73fa05705,False,False,"not selected after evidence, equity and city-coverage constraints"
LTFRB_PUJ1787,prt-b73fa05705,False,False,"not selected after evidence, equity and city-coverage constraints"
LTFRB_PUJ1145,prt-b73fa05705,False,False,"not selected after evidence, equity and city-coverage constraints"
LTFRB_PUJ1900,prt-b73fa05705,False,False,"not selected after evidence, equity and city-coverage constraints"
LTFRB_PUJ2181,prt-b73fa05705,False,False,"not selected after evidence, equity and city-coverage constraints"
LTFRB_PUJ1620,prt-b73fa05705,False,False,"not selected after evidence, equity and city-coverage constraints"
LTFRB_PUJ1718,prt-b73fa05705,False,False,"not selected after evidence, equity and city-coverage constraints"
LTFRB_PUJ1782,prt-b73fa05705,False,False,"not selected after evidence, equity and city-coverage constraints"
LTFRB_PUJ1918,prt-b73fa05705,False,False,"not selected after evidence, equity and city-coverage constraints"
LTFRB_PUJ1993,prt-b73fa05705,False,False,"not selected after evidence, equity and city-coverage constraints"
LTFRB_PUJ1870,prt-b73fa05705,False,False,"not selected after evidence, equity and city-coverage constraints"
LTFRB_PUJ1537,prt-b73fa05705,False,False,"not selected after evidence, equity and city-coverage constraints"
LTFRB_PUJ2578,prt-b73fa05705,False,False,"not selected after evidence, equity and city-coverage constraints"
LTFRB_PUJ1745,prt-b73fa05705,False,False,"not selected after evidence, equity and city-coverage constraints"
LTFRB_PUJ2420,prt-b73fa05705,False,False,"not selected after evidence, equity and city-coverage constraints"
LTFRB_PUJ2108,prt-b73fa05705,False,False,"not selected after evidence, equity and city-coverage constraints"
LTFRB_PUJ1128,prt-b73fa05705,False,False,"not selected after evidence, equity and city-coverage constraints"
LTFRB_PUJ1249,prt-b73fa05705,False,False,"not selected after evidence, equity and city-coverage constraints"
LTFRB_PUJ1057,prt-b73fa05705,False,False,"not selected after evidence, equity and city-coverage constraints"
LTFRB_PUJ1058,prt-b73fa05705,False,False,"not selected after evidence, equity and city-coverage constraints"
LTFRB_PUJ1318,prt-b73fa05705,False,False,"not selected after evidence, equity and city-coverage constraints"
LTFRB_PUJ1729,prt-b73fa05705,False,False,"not selected after evidence, equity and city-coverage constraints"
LTFRB_PUJ1161,prt-b73fa05705,False,False,"not selected after evidence, equity and city-coverage constraints"
LTFRB_PUJ1719,prt-b73fa05705,False,False,"not selected after evidence, equity and city-coverage constraints"
LTFRB_PUJ1160,prt-b73fa05705,False,False,"not selected after evidence, equity and city-coverage constraints"
LTFRB_PUJ1123,prt-b73fa05705,False,False,"not selected after evidence, equity and city-coverage constraints"
LTFRB_PUJ1299,prt-b73fa05705,False,False,"not selected after evidence, equity and city-coverage constraints"
LTFRB_PUJ1575,prt-b73fa05705,False,False,"not selected after evidence, equity and city-coverage constraints"
LTFRB_PUJ1616,prt-b73fa05705,False,False,"not selected after evidence, equity and city-coverage constraints"
LTFRB_PUJ1617,prt-b73fa05705,False,False,"not selected after evidence, equity and city-coverage constraints"
LTFRB_PUJ1103,prt-b73fa05705,False,False,"not selected after evidence, equity and city-coverage constraints"
LTFRB_PUJ1312,prt-b73fa05705,False,False,"not selected after evidence, equity and city-coverage constraints"
LTFRB_PUJ1313,prt-b73fa05705,False,False,"not selected after evidence, equity and city-coverage constraints"
LTFRB_PUJ1657,prt-b73fa05705,False,False,"not selected after evidence, equity and city-coverage constraints"
LTFRB_PUJ1658,prt-b73fa05705,False,False,"not selected after evidence, equity and city-coverage constraints"
LTFRB_PUJ1930,prt-b73fa05705,False,False,"not selected after evidence, equity and city-coverage constraints"
LTFRB_PUJ1931,prt-b73fa05705,False,False,"not selected after evidence, equity and city-coverage constraints"
LTFRB_PUJ1418,prt-b73fa05705,False,False,"not selected after evidence, equity and city-coverage constraints"
LTFRB_PUJ2485,prt-b73fa05705,False,False,"not selected after evidence, equity and city-coverage constraints"
LTFRB_PUJ2419,prt-b73fa05705,False,False,"not selected after evidence, equity and city-coverage constraints"
LTFRB_PUJ2502,prt-b73fa05705,False,False,"not selected after evidence, equity and city-coverage constraints"
LTFRB_PUJ1421,prt-b73fa05705,False,False,"not selected after evidence, equity and city-coverage constraints"
LTFRB_PUJ2167,prt-b73fa05705,False,False,"not selected after evidence, equity and city-coverage constraints"
LTFRB_PUJ1744,prt-b73fa05705,False,False,"not selected after evidence, equity and city-coverage constraints"
LTFRB_PUJ2118,prt-b73fa05705,False,False,"not selected after evidence, equity and city-coverage constraints"
LTFRB_PUJ1844,prt-b73fa05705,False,False,"not selected after evidence, equity and city-coverage constraints"
LTFRB_PUJ2044,prt-b73fa05705,False,False,"not selected after evidence, equity and city-coverage constraints"
LTFRB_PUJ2589,prt-b73fa05705,False,False,"not selected after evidence, equity and city-coverage constraints"
LTFRB_PUJ2590,prt-b73fa05705,False,False,"not selected after evidence, equity and city-coverage constraints"
LTFRB_PUJ1319,prt-b73fa05705,False,False,"not selected after evidence, equity and city-coverage constraints"
LTFRB_PUJ1901,prt-b73fa05705,False,False,"not selected after evidence, equity and city-coverage constraints"
LTFRB_PUJ1954,prt-b73fa05705,False,False,"not selected after evidence, equity and city-coverage constraints"
LTFRB_PUJ2107,prt-b73fa05705,False,False,"not selected after evidence, equity and city-coverage constraints"
LTFRB_PUJ1619,prt-b73fa05705,False,False,"not selected after evidence, equity and city-coverage constraints"
LTFRB_PUJ1781,prt-b73fa05705,False,False,"not selected after evidence, equity and city-coverage constraints"
LTFRB_PUJ1970,prt-b73fa05705,False,False,"not selected after evidence, equity and city-coverage constraints"
LTFRB_PUJ1971,prt-b73fa05705,False,False,"not selected after evidence, equity and city-coverage constraints"
LTFRB_PUJ1801,prt-b73fa05705,False,False,"not selected after evidence, equity and city-coverage constraints"
LTFRB_PUJ2383,prt-b73fa05705,False,False,"not selected after evidence, equity and city-coverage constraints"
LTFRB_PUJ1321,prt-b73fa05705,False,False,"not selected after evidence, equity and city-coverage constraints"
LTFRB_PUJ1388,prt-b73fa05705,False,False,"not selected after evidence, equity and city-coverage constraints"
LTFRB_PUJ1144,prt-b73fa05705,False,False,"not selected after evidence, equity and city-coverage constraints"
LTFRB_PUJ1871,prt-b73fa05705,False,False,"not selected after evidence, equity and city-coverage constraints"
LTFRB_PUJ2117,prt-b73fa05705,False,False,"not selected after evidence, equity and city-coverage constraints"
LTFRB_PUJ1623,prt-b73fa05705,False,False,"not selected after evidence, equity and city-coverage constraints"
LTFRB_PUJ1254,prt-b73fa05705,False,False,"not selected after evidence, equity and city-coverage constraints"
LTFRB_PUJ1323,prt-b73fa05705,False,False,"not selected after evidence, equity and city-coverage constraints"
LTFRB_PUJ2458,prt-b73fa05705,False,False,"not selected after evidence, equity and city-coverage constraints"
LTFRB_PUJ2064,prt-b73fa05705,False,False,"not selected after evidence, equity and city-coverage constraints"
LTFRB_PUJ1598,prt-b73fa05705,False,False,"not selected after evidence, equity and city-coverage constraints"
LTFRB_PUJ1599,prt-b73fa05705,False,False,"not selected after evidence, equity and city-coverage constraints"
LTFRB_PUJ1297,prt-b73fa05705,False,False,"not selected after evidence, equity and city-coverage constraints"
LTFRB_PUJ1124,prt-b73fa05705,False,False,"not selected after evidence, equity and city-coverage constraints"
LTFRB_PUJ2209,prt-b73fa05705,False,False,"not selected after evidence, equity and city-coverage constraints"
LTFRB_PUJ1978,prt-b73fa05705,False,False,"not selected after evidence, equity and city-coverage constraints"
LTFRB_PUJ1100,prt-b73fa05705,False,False,"not selected after evidence, equity and city-coverage constraints"
LTFRB_PUJ1376,prt-b73fa05705,False,False,"not selected after evidence, equity and city-coverage constraints"
LTFRB_PUJ1377,prt-b73fa05705,False,False,"not selected after evidence, equity and city-coverage constraints"
LTFRB_PUJ2498,prt-b73fa05705,False,False,"not selected after evidence, equity and city-coverage constraints"
LTFRB_PUJ1919,prt-b73fa05705,False,False,"not selected after evidence, equity and city-coverage constraints"
LTFRB_PUJ1441,prt-b73fa05705,False,False,"not selected after evidence, equity and city-coverage constraints"
LTFRB_PUJ2610,prt-b73fa05705,False,False,"not selected after evidence, equity and city-coverage constraints"
LTFRB_PUJ1213,prt-b73fa05705,False,False,"not selected after evidence, equity and city-coverage constraints"
LTFRB_PUJ2260,prt-b73fa05705,False,False,"not selected after evidence, equity and city-coverage constraints"
LTFRB_PUJ2081,prt-b73fa05705,False,False,"not selected after evidence, equity and city-coverage constraints"
LTFRB_PUJ2051,prt-b73fa05705,False,False,"not selected after evidence, equity and city-coverage constraints"
LTFRB_PUJ2052,prt-b73fa05705,False,False,"not selected after evidence, equity and city-coverage constraints"
LTFRB_PUJ1104,prt-b73fa05705,False,False,"not selected after evidence, equity and city-coverage constraints"
LTFRB_PUJ2040,prt-b73fa05705,False,False,"not selected after evidence, equity and city-coverage constraints"
LTFRB_PUJ2609,prt-b73fa05705,False,False,"not selected after evidence, equity and city-coverage constraints"
LTFRB_PUJ1780,prt-b73fa05705,False,False,"not selected after evidence, equity and city-coverage constraints"
LTFRB_PUJ2469,prt-b73fa05705,False,False,"not selected after evidence, equity and city-coverage constraints"
LTFRB_PUJ2316,prt-b73fa05705,False,False,"not selected after evidence, equity and city-coverage constraints"
LTFRB_PUJ2459,prt-b73fa05705,False,False,"not selected after evidence, equity and city-coverage constraints"
LTFRB_PUJ1339,prt-b73fa05705,False,False,"not selected after evidence, equity and city-coverage constraints"
LTFRB_PUJ2303,prt-b73fa05705,False,False,"not selected after evidence, equity and city-coverage constraints"
LTFRB_PUJ2315,prt-b73fa05705,False,False,"not selected after evidence, equity and city-coverage constraints"
LTFRB_PUJ1095,prt-b73fa05705,False,False,"not selected after evidence, equity and city-coverage constraints"
LTFRB_PUJ1096,prt-b73fa05705,False,False,"not selected after evidence, equity and city-coverage constraints"
LTFRB_PUJ1529,prt-b73fa05705,False,False,"not selected after evidence, equity and city-coverage constraints"
LTFRB_PUJ1712,prt-b73fa05705,False,False,"not selected after evidence, equity and city-coverage constraints"
LTFRB_PUJ1713,prt-b73fa05705,False,False,"not selected after evidence, equity and city-coverage constraints"
LTFRB_PUJ2153,prt-b73fa05705,False,False,"not selected after evidence, equity and city-coverage constraints"
LTFRB_PUJ1296,prt-b73fa05705,False,False,"not selected after evidence, equity and city-coverage constraints"
LTFRB_PUJ1697,prt-b73fa05705,False,False,"not selected after evidence, equity and city-coverage constraints"
LTFRB_PUJ1419,prt-b73fa05705,False,False,"not selected after evidence, equity and city-coverage constraints"
LTFRB_PUJ1528,prt-b73fa05705,False,False,"not selected after evidence, equity and city-coverage constraints"
LTFRB_PUJ1622,prt-b73fa05705,False,False,"not selected after evidence, equity and city-coverage constraints"
LTFRB_PUJ2551,prt-b73fa05705,False,False,"not selected after evidence, equity and city-coverage constraints"
LTFRB_PUJ1951,prt-b73fa05705,False,False,"not selected after evidence, equity and city-coverage constraints"
LTFRB_PUJ2382,prt-b73fa05705,False,False,"not selected after evidence, equity and city-coverage constraints"
LTFRB_PUJ2468,prt-b73fa05705,False,False,"not selected after evidence, equity and city-coverage constraints"
LTFRB_PUJ1409,prt-b73fa05705,False,False,"not selected after evidence, equity and city-coverage constraints"
LTFRB_PUJ1116,prt-b73fa05705,False,False,"not selected after evidence, equity and city-coverage constraints"
LTFRB_PUJ1440,prt-b73fa05705,False,False,"not selected after evidence, equity and city-coverage constraints"
LTFRB_PUJ1344,prt-b73fa05705,False,False,"not selected after evidence, equity and city-coverage constraints"
LTFRB_PUJ1456,prt-b73fa05705,False,False,"not selected after evidence, equity and city-coverage constraints"
LTFRB_PUJ1924,prt-b73fa05705,False,False,"not selected after evidence, equity and city-coverage constraints"
LTFRB_PUJ1925,prt-b73fa05705,False,False,"not selected after evidence, equity and city-coverage constraints"
LTFRB_PUJ1457,prt-b73fa05705,False,False,"not selected after evidence, equity and city-coverage constraints"
LTFRB_PUJ1122,prt-b73fa05705,False,False,"not selected after evidence, equity and city-coverage constraints"
LTFRB_PUJ2071,prt-b73fa05705,False,False,"not selected after evidence, equity and city-coverage constraints"
LTFRB_PUJ2072,prt-b73fa05705,False,False,"not selected after evidence, equity and city-coverage constraints"
LTFRB_PUJ2507,prt-b73fa05705,False,False,"not selected after evidence, equity and city-coverage constraints"
LTFRB_PUJ2362,prt-b73fa05705,False,False,"not selected after evidence, equity and city-coverage constraints"
LTFRB_PUJ2506,prt-b73fa05705,False,False,"not selected after evidence, equity and city-coverage constraints"
LTFRB_PUJ2214,prt-b73fa05705,False,False,"not selected after evidence, equity and city-coverage constraints"
LTFRB_PUJ1696,prt-b73fa05705,False,False,"not selected after evidence, equity and city-coverage constraints"
LTFRB_PUJ2116,prt-b73fa05705,False,False,"not selected after evidence, equity and city-coverage constraints"
LTFRB_PUJ1162,prt-b73fa05705,False,False,"not selected after evidence, equity and city-coverage constraints"
LTFRB_PUJ1173,prt-b73fa05705,False,False,"not selected after evidence, equity and city-coverage constraints"
LTFRB_PUJ2432,prt-b73fa05705,False,False,"not selected after evidence, equity and city-coverage constraints"
LTFRB_PUJ1865,prt-b73fa05705,False,False,"not selected after evidence, equity and city-coverage constraints"
LTFRB_PUJ1943,prt-b73fa05705,False,False,"not selected after evidence, equity and city-coverage constraints"
LTFRB_PUJ1770,prt-b73fa05705,False,False,"not selected after evidence, equity and city-coverage constraints"
LTFRB_PUJ2499,prt-b73fa05705,False,False,"not selected after evidence, equity and city-coverage constraints"
LTFRB_PUJ1408,prt-b73fa05705,False,False,"not selected after evidence, equity and city-coverage constraints"
LTFRB_PUJ1926,prt-b73fa05705,False,False,"not selected after evidence, equity and city-coverage constraints"
LTFRB_PUJ1097,prt-b73fa05705,False,False,"not selected after evidence, equity and city-coverage constraints"
LTFRB_PUJ1003,prt-b73fa05705,False,False,"not selected after evidence, equity and city-coverage constraints"
LTFRB_PUJ1004,prt-b73fa05705,False,False,"not selected after evidence, equity and city-coverage constraints"
LTFRB_PUJ1899,prt-b73fa05705,False,False,"not selected after evidence, equity and city-coverage constraints"
LTFRB_PUJ2104,prt-b73fa05705,False,False,"not selected after evidence, equity and city-coverage constraints"
LTFRB_PUJ1498,prt-b73fa05705,False,False,"not selected after evidence, equity and city-coverage constraints"
LTFRB_PUJ1499,prt-b73fa05705,False,False,"not selected after evidence, equity and city-coverage constraints"
LTFRB_PUJ2074,prt-b73fa05705,False,False,"not selected after evidence, equity and city-coverage constraints"
LTFRB_PUJ2180,prt-b73fa05705,False,False,"not selected after evidence, equity and city-coverage constraints"
LTFRB_PUJ2497,prt-b73fa05705,False,False,"not selected after evidence, equity and city-coverage constraints"
LTFRB_PUJ1587,prt-b73fa05705,False,False,"not selected after evidence, equity and city-coverage constraints"
LTFRB_PUJ1727,prt-b73fa05705,False,False,"not selected after evidence, equity and city-coverage constraints"
LTFRB_PUJ2073,prt-b73fa05705,False,False,"not selected after evidence, equity and city-coverage constraints"
LTFRB_PUJ2552,prt-b73fa05705,False,False,"not selected after evidence, equity and city-coverage constraints"
LTFRB_PUJ2565,prt-b73fa05705,False,False,"not selected after evidence, equity and city-coverage constraints"
LTFRB_PUJ1013,prt-b73fa05705,False,False,"not selected after evidence, equity and city-coverage constraints"
LTFRB_PUJ2428,prt-b73fa05705,False,False,"not selected after evidence, equity and city-coverage constraints"
LTFRB_PUJ1019,prt-b73fa05705,False,False,"not selected after evidence, equity and city-coverage constraints"
LTFRB_PUJ1159,prt-b73fa05705,False,False,"not selected after evidence, equity and city-coverage constraints"
LTFRB_PUJ2179,prt-b73fa05705,False,False,"not selected after evidence, equity and city-coverage constraints"
LTFRB_PUJ1386,prt-b73fa05705,False,False,"not selected after evidence, equity and city-coverage constraints"
LTFRB_PUJ1555,prt-b73fa05705,False,False,"not selected after evidence, equity and city-coverage constraints"
LTFRB_PUJ2304,prt-b73fa05705,False,False,"not selected after evidence, equity and city-coverage constraints"
LTFRB_PUJ1134,prt-b73fa05705,False,False,"not selected after evidence, equity and city-coverage constraints"
LTFRB_PUJ1135,prt-b73fa05705,False,False,"not selected after evidence, equity and city-coverage constraints"
LTFRB_PUJ1163,prt-b73fa05705,False,False,"not selected after evidence, equity and city-coverage constraints"
LTFRB_PUJ2039,prt-b73fa05705,False,False,"not selected after evidence, equity and city-coverage constraints"
LTFRB_PUJ2157,prt-b73fa05705,False,False,"not selected after evidence, equity and city-coverage constraints"
LTFRB_PUJ1172,prt-b73fa05705,False,False,"not selected after evidence, equity and city-coverage constraints"
LTFRB_PUJ1613,prt-b73fa05705,False,False,"not selected after evidence, equity and city-coverage constraints"
LTFRB_PUJ2579,prt-b73fa05705,False,False,"not selected after evidence, equity and city-coverage constraints"
LTFRB_PUJ1626,prt-b73fa05705,False,False,"not selected after evidence, equity and city-coverage constraints"
LTFRB_PUJ1627,prt-b73fa05705,False,False,"not selected after evidence, equity and city-coverage constraints"
LTFRB_PUJ2239,prt-b73fa05705,False,False,"not selected after evidence, equity and city-coverage constraints"
LTFRB_PUJ1387,prt-b73fa05705,False,False,"not selected after evidence, equity and city-coverage constraints"
LTFRB_PUJ1618,prt-b73fa05705,False,False,"not selected after evidence, equity and city-coverage constraints"
LTFRB_PUJ1726,prt-b73fa05705,False,False,"not selected after evidence, equity and city-coverage constraints"
LTFRB_PUJ1290,prt-b73fa05705,False,False,"not selected after evidence, equity and city-coverage constraints"
LTFRB_PUJ1291,prt-b73fa05705,False,False,"not selected after evidence, equity and city-coverage constraints"
LTFRB_PUJ1257,prt-b73fa05705,False,False,"not selected after evidence, equity and city-coverage constraints"
LTFRB_PUJ1842,prt-b73fa05705,False,False,"not selected after evidence, equity and city-coverage constraints"
LTFRB_PUJ2115,prt-b73fa05705,False,False,"not selected after evidence, equity and city-coverage constraints"
LTFRB_PUJ2174,prt-b73fa05705,False,False,"not selected after evidence, equity and city-coverage constraints"
LTFRB_PUJ1051,prt-b73fa05705,False,False,"not selected after evidence, equity and city-coverage constraints"
LTFRB_PUJ1121,prt-b73fa05705,False,False,"not selected after evidence, equity and city-coverage constraints"
LTFRB_PUJ2151,prt-b73fa05705,False,False,"not selected after evidence, equity and city-coverage constraints"
LTFRB_PUJ1822,prt-b73fa05705,False,False,"not selected after evidence, equity and city-coverage constraints"
LTFRB_PUJ2390,prt-b73fa05705,False,False,"not selected after evidence, equity and city-coverage constraints"
LTFRB_PUJ1415,prt-b73fa05705,False,False,"not selected after evidence, equity and city-coverage constraints"
LTFRB_PUJ1950,prt-b73fa05705,False,False,"not selected after evidence, equity and city-coverage constraints"
LTFRB_PUJ1898,prt-b73fa05705,False,False,"not selected after evidence, equity and city-coverage constraints"
LTFRB_PUJ2043,prt-b73fa05705,False,False,"not selected after evidence, equity and city-coverage constraints"
LTFRB_PUJ2317,prt-b73fa05705,False,False,"not selected after evidence, equity and city-coverage constraints"
LTFRB_PUJ1256,prt-b73fa05705,False,False,"not selected after evidence, equity and city-coverage constraints"
LTFRB_PUJ2286,prt-b73fa05705,False,False,"not selected after evidence, equity and city-coverage constraints"
LTFRB_PUJ2287,prt-b73fa05705,False,False,"not selected after evidence, equity and city-coverage constraints"
LTFRB_PUJ1322,prt-b73fa05705,False,False,"not selected after evidence, equity and city-coverage constraints"
LTFRB_PUJ2138,prt-b73fa05705,False,False,"not selected after evidence, equity and city-coverage constraints"
LTFRB_PUJ1800,prt-b73fa05705,False,False,"not selected after evidence, equity and city-coverage constraints"
LTFRB_PUJ2280,prt-b73fa05705,False,False,"not selected after evidence, equity and city-coverage constraints"
LTFRB_PUJ2250,prt-b73fa05705,False,False,"not selected after evidence, equity and city-coverage constraints"
LTFRB_PUJ2318,prt-b73fa05705,False,False,"not selected after evidence, equity and city-coverage constraints"
LTFRB_PUJ2588,prt-b73fa05705,False,False,"not selected after evidence, equity and city-coverage constraints"
LTFRB_PUJ1524,prt-b73fa05705,False,False,"not selected after evidence, equity and city-coverage constraints"
LTFRB_PUJ2185,prt-b73fa05705,False,False,"not selected after evidence, equity and city-coverage constraints"
LTFRB_PUJ2444,prt-b73fa05705,False,False,"not selected after evidence, equity and city-coverage constraints"
LTFRB_PUJ1212,prt-b73fa05705,False,False,"not selected after evidence, equity and city-coverage constraints"
LTFRB_PUJ1243,prt-b73fa05705,False,False,"not selected after evidence, equity and city-coverage constraints"
LTFRB_PUJ1007,prt-b73fa05705,False,False,"not selected after evidence, equity and city-coverage constraints"
LTFRB_PUJ2027,prt-b73fa05705,False,False,"not selected after evidence, equity and city-coverage constraints"
LTFRB_PUJ2389,prt-b73fa05705,False,False,"not selected after evidence, equity and city-coverage constraints"
LTFRB_PUJ2013,prt-b73fa05705,False,False,"not selected after evidence, equity and city-coverage constraints"
LTFRB_PUJ1248,prt-b73fa05705,False,False,"not selected after evidence, equity and city-coverage constraints"
LTFRB_PUJ1934,prt-b73fa05705,False,False,"not selected after evidence, equity and city-coverage constraints"
LTFRB_PUJ1888,prt-b73fa05705,False,False,"not selected after evidence, equity and city-coverage constraints"
LTFRB_PUJ2401,prt-b73fa05705,False,False,"not selected after evidence, equity and city-coverage constraints"
LTFRB_PUJ2526,prt-b73fa05705,False,False,"not selected after evidence, equity and city-coverage constraints"
LTFRB_PUJ1336,prt-b73fa05705,False,False,"not selected after evidence, equity and city-coverage constraints"
LTFRB_PUJ2152,prt-b73fa05705,False,False,"not selected after evidence, equity and city-coverage constraints"
LTFRB_PUJ2395,prt-b73fa05705,False,False,"not selected after evidence, equity and city-coverage constraints"
LTFRB_PUJ2396,prt-b73fa05705,False,False,"not selected after evidence, equity and city-coverage constraints"
LTFRB_PUJ2566,prt-b73fa05705,False,False,"not selected after evidence, equity and city-coverage constraints"
LTFRB_PUJ1276,prt-b73fa05705,False,False,"not selected after evidence, equity and city-coverage constraints"
LTFRB_PUJ1277,prt-b73fa05705,False,False,"not selected after evidence, equity and city-coverage constraints"
LTFRB_PUJ1358,prt-b73fa05705,False,False,"not selected after evidence, equity and city-coverage constraints"
LTFRB_PUJ2186,prt-b73fa05705,False,False,"not selected after evidence, equity and city-coverage constraints"
LTFRB_PUJ1568,prt-b73fa05705,False,False,"not selected after evidence, equity and city-coverage constraints"
LTFRB_PUJ1841,prt-b73fa05705,False,False,"not selected after evidence, equity and city-coverage constraints"
LTFRB_PUJ2516,prt-b73fa05705,False,False,"not selected after evidence, equity and city-coverage constraints"
LTFRB_PUJ1768,prt-b73fa05705,False,False,"not selected after evidence, equity and city-coverage constraints"
LTFRB_PUJ1769,prt-b73fa05705,False,False,"not selected after evidence, equity and city-coverage constraints"
LTFRB_PUJ1326,prt-b73fa05705,False,False,"not selected after evidence, equity and city-coverage constraints"
LTFRB_PUJ2517,prt-b73fa05705,False,False,"not selected after evidence, equity and city-coverage constraints"
LTFRB_PUJ2484,prt-b73fa05705,False,False,"not selected after evidence, equity and city-coverage constraints"
LTFRB_PUJ2057,prt-b73fa05705,False,False,"not selected after evidence, equity and city-coverage constraints"
LTFRB_PUJ1099,prt-b73fa05705,False,False,"not selected after evidence, equity and city-coverage constraints"
LTFRB_PUJ1554,prt-b73fa05705,False,False,"not selected after evidence, equity and city-coverage constraints"
LTFRB_PUJ1826,prt-b73fa05705,False,False,"not selected after evidence, equity and city-coverage constraints"
LTFRB_PUJ1952,prt-b73fa05705,False,False,"not selected after evidence, equity and city-coverage constraints"
LTFRB_PUJ1020,prt-b73fa05705,False,False,"not selected after evidence, equity and city-coverage constraints"
LTFRB_PUJ1337,prt-b73fa05705,False,False,"not selected after evidence, equity and city-coverage constraints"
LTFRB_PUJ2058,prt-b73fa05705,False,False,"not selected after evidence, equity and city-coverage constraints"
LTFRB_PUJ1252,prt-b73fa05705,False,False,"not selected after evidence, equity and city-coverage constraints"
LTFRB_PUJ1797,prt-b73fa05705,False,False,"not selected after evidence, equity and city-coverage constraints"
LTFRB_PUJ2561,prt-b73fa05705,False,False,"not selected after evidence, equity and city-coverage constraints"
LTFRB_PUJ2562,prt-b73fa05705,False,False,"not selected after evidence, equity and city-coverage constraints"
LTFRB_PUJ1012,prt-b73fa05705,False,False,"not selected after evidence, equity and city-coverage constraints"
LTFRB_PUJ1942,prt-b73fa05705,False,False,"not selected after evidence, equity and city-coverage constraints"
LTFRB_PUJ1142,prt-b73fa05705,False,False,"not selected after evidence, equity and city-coverage constraints"
LTFRB_PUJ1143,prt-b73fa05705,False,False,"not selected after evidence, equity and city-coverage constraints"
LTFRB_PUJ2249,prt-b73fa05705,False,False,"not selected after evidence, equity and city-coverage constraints"
LTFRB_PUJ2336,prt-b73fa05705,False,False,"not selected after evidence, equity and city-coverage constraints"
LTFRB_PUJ2326,prt-b73fa05705,False,False,"not selected after evidence, equity and city-coverage constraints"
LTFRB_PUJ2433,prt-b73fa05705,False,False,"not selected after evidence, equity and city-coverage constraints"
LTFRB_PUJ2060,prt-b73fa05705,False,False,"not selected after evidence, equity and city-coverage constraints"
LTFRB_PUJ2325,prt-b73fa05705,False,False,"not selected after evidence, equity and city-coverage constraints"
LTFRB_PUJ1253,prt-b73fa05705,False,False,"not selected after evidence, equity and city-coverage constraints"
LTFRB_PUJ1980,prt-b73fa05705,False,False,"not selected after evidence, equity and city-coverage constraints"
LTFRB_PUJ1390,prt-b73fa05705,False,False,"not selected after evidence, equity and city-coverage constraints"
LTFRB_PUJ2335,prt-b73fa05705,False,False,"not selected after evidence, equity and city-coverage constraints"
LTFRB_PUJ2137,prt-b73fa05705,False,False,"not selected after evidence, equity and city-coverage constraints"
LTFRB_PUJ1953,prt-b73fa05705,False,False,"not selected after evidence, equity and city-coverage constraints"
LTFRB_PUJ2278,prt-b73fa05705,False,False,"not selected after evidence, equity and city-coverage constraints"
LTFRB_PUJ1724,prt-b73fa05705,False,False,"not selected after evidence, equity and city-coverage constraints"
LTFRB_PUJ1199,prt-b73fa05705,False,False,"not selected after evidence, equity and city-coverage constraints"
LTFRB_PUJ2175,prt-b73fa05705,False,False,"not selected after evidence, equity and city-coverage constraints"
LTFRB_PUJ2059,prt-b73fa05705,False,False,"not selected after evidence, equity and city-coverage constraints"
LTFRB_PUJ1509,prt-b73fa05705,False,False,"not selected after evidence, equity and city-coverage constraints"
LTFRB_PUJ2012,prt-b73fa05705,False,False,"not selected after evidence, equity and city-coverage constraints"
LTFRB_PUJ1725,prt-b73fa05705,False,False,"not selected after evidence, equity and city-coverage constraints"
LTFRB_PUJ1981,prt-b73fa05705,False,False,"not selected after evidence, equity and city-coverage constraints"
LTFRB_PUJ2441,prt-b73fa05705,False,False,"not selected after evidence, equity and city-coverage constraints"
LTFRB_PUJ2215,prt-b73fa05705,False,False,"not selected after evidence, equity and city-coverage constraints"
LTFRB_PUJ2448,prt-b73fa05705,False,False,"not selected after evidence, equity and city-coverage constraints"
LTFRB_PUJ1670,prt-b73fa05705,False,False,"not selected after evidence, equity and city-coverage constraints"
LTFRB_PUJ1935,prt-b73fa05705,False,False,"not selected after evidence, equity and city-coverage constraints"
LTFRB_PUJ2406,prt-b73fa05705,False,False,"not selected after evidence, equity and city-coverage constraints"
LTFRB_PUJ1391,prt-b73fa05705,False,False,"not selected after evidence, equity and city-coverage constraints"
LTFRB_PUJ2176,prt-b73fa05705,False,False,"not selected after evidence, equity and city-coverage constraints"
LTFRB_PUJ2327,prt-b73fa05705,False,False,"not selected after evidence, equity and city-coverage constraints"
LTFRB_PUJ1957,prt-b73fa05705,False,False,"not selected after evidence, equity and city-coverage constraints"
LTFRB_PUJ1011,prt-b73fa05705,False,False,"not selected after evidence, equity and city-coverage constraints"
LTFRB_PUJ2387,prt-b73fa05705,False,False,"not selected after evidence, equity and city-coverage constraints"
LTFRB_PUJ2285,prt-b73fa05705,False,False,"not selected after evidence, equity and city-coverage constraints"
LTFRB_PUJ1237,prt-b73fa05705,False,False,"not selected after evidence, equity and city-coverage constraints"
LTFRB_PUJ1569,prt-b73fa05705,False,False,"not selected after evidence, equity and city-coverage constraints"
LTFRB_PUJ2440,prt-b73fa05705,False,False,"not selected after evidence, equity and city-coverage constraints"
LTFRB_PUJ2076,prt-b73fa05705,False,False,"not selected after evidence, equity and city-coverage constraints"
LTFRB_PUJ2031,prt-b73fa05705,False,False,"not selected after evidence, equity and city-coverage constraints"
LTFRB_PUJ2340,prt-b73fa05705,False,False,"not selected after evidence, equity and city-coverage constraints"
LTFRB_PUJ1420,prt-b73fa05705,False,False,"not selected after evidence, equity and city-coverage constraints"
LTFRB_PUJ1821,prt-b73fa05705,False,False,"not selected after evidence, equity and city-coverage constraints"
LTFRB_PUJ1372,prt-b73fa05705,False,False,"not selected after evidence, equity and city-coverage constraints"
LTFRB_PUJ1796,prt-b73fa05705,False,False,"not selected after evidence, equity and city-coverage constraints"
LTFRB_PUJ2416,prt-b73fa05705,False,False,"not selected after evidence, equity and city-coverage constraints"
LTFRB_PUJ1512,prt-b73fa05705,False,False,"not selected after evidence, equity and city-coverage constraints"
LTFRB_PUJ1513,prt-b73fa05705,False,False,"not selected after evidence, equity and city-coverage constraints"
LTFRB_PUJ2339,prt-b73fa05705,False,False,"not selected after evidence, equity and city-coverage constraints"
LTFRB_PUJ1411,prt-b73fa05705,False,False,"not selected after evidence, equity and city-coverage constraints"
LTFRB_PUJ1236,prt-b73fa05705,False,False,"not selected after evidence, equity and city-coverage constraints"
LTFRB_PUJ2193,prt-b73fa05705,False,False,"not selected after evidence, equity and city-coverage constraints"
LTFRB_PUJ1410,prt-b73fa05705,False,False,"not selected after evidence, equity and city-coverage constraints"
LTFRB_PUJ2161,prt-b73fa05705,False,False,"not selected after evidence, equity and city-coverage constraints"
LTFRB_PUJ1762,prt-b73fa05705,False,False,"not selected after evidence, equity and city-coverage constraints"
LTFRB_PUJ1920,prt-b73fa05705,False,False,"not selected after evidence, equity and city-coverage constraints"
LTFRB_PUJ1600,prt-b73fa05705,False,False,"not selected after evidence, equity and city-coverage constraints"
LTFRB_PUJ1601,prt-b73fa05705,False,False,"not selected after evidence, equity and city-coverage constraints"
LTFRB_PUJ2386,prt-b73fa05705,False,False,"not selected after evidence, equity and city-coverage constraints"
LTFRB_PUJ1294,prt-b73fa05705,False,False,"not selected after evidence, equity and city-coverage constraints"
LTFRB_PUJ1295,prt-b73fa05705,False,False,"not selected after evidence, equity and city-coverage constraints"
LTFRB_PUJ2445,prt-b73fa05705,False,False,"not selected after evidence, equity and city-coverage constraints"
LTFRB_PUJ1630,prt-b73fa05705,False,False,"not selected after evidence, equity and city-coverage constraints"
LTFRB_PUJ1631,prt-b73fa05705,False,False,"not selected after evidence, equity and city-coverage constraints"
LTFRB_PUJ1845,prt-b73fa05705,False,False,"not selected after evidence, equity and city-coverage constraints"
LTFRB_PUJ1969,prt-b73fa05705,False,False,"not selected after evidence, equity and city-coverage constraints"
LTFRB_PUJ1006,prt-b73fa05705,False,False,"not selected after evidence, equity and city-coverage constraints"
LTFRB_PUJ2004,prt-b73fa05705,False,False,"not selected after evidence, equity and city-coverage constraints"
LTFRB_PUJ2449,prt-b73fa05705,False,False,"not selected after evidence, equity and city-coverage constraints"
LTFRB_PUJ1412,prt-b73fa05705,False,False,"not selected after evidence, equity and city-coverage constraints"
LTFRB_PUJ2213,prt-b73fa05705,False,False,"not selected after evidence, equity and city-coverage constraints"
LTFRB_PUJ1106,prt-b73fa05705,False,False,"not selected after evidence, equity and city-coverage constraints"
LTFRB_PUJ2414,prt-b73fa05705,False,False,"not selected after evidence, equity and city-coverage constraints"
LTFRB_PUJ1373,prt-b73fa05705,False,False,"not selected after evidence, equity and city-coverage constraints"
LTFRB_PUJ1923,prt-b73fa05705,False,False,"not selected after evidence, equity and city-coverage constraints"
LTFRB_PUJ1775,prt-b73fa05705,False,False,"not selected after evidence, equity and city-coverage constraints"
LTFRB_PUJ1968,prt-b73fa05705,False,False,"not selected after evidence, equity and city-coverage constraints"
LTFRB_PUJ2298,prt-b73fa05705,False,False,"not selected after evidence, equity and city-coverage constraints"
LTFRB_PUJ2299,prt-b73fa05705,False,False,"not selected after evidence, equity and city-coverage constraints"
LTFRB_PUJ1393,prt-b73fa05705,False,False,"not selected after evidence, equity and city-coverage constraints"
LTFRB_PUJ1413,prt-b73fa05705,False,False,"not selected after evidence, equity and city-coverage constraints"
LTFRB_PUJ1766,prt-b73fa05705,False,False,"not selected after evidence, equity and city-coverage constraints"
LTFRB_PUJ1767,prt-b73fa05705,False,False,"not selected after evidence, equity and city-coverage constraints"
LTFRB_PUJ2263,prt-b73fa05705,False,False,"not selected after evidence, equity and city-coverage constraints"
LTFRB_PUJ1105,prt-b73fa05705,False,False,"not selected after evidence, equity and city-coverage constraints"
LTFRB_PUJ1846,prt-b73fa05705,False,False,"not selected after evidence, equity and city-coverage constraints"
LTFRB_PUJ1005,prt-b73fa05705,False,False,"not selected after evidence, equity and city-coverage constraints"
LTFRB_PUJ1139,prt-b73fa05705,False,False,"not selected after evidence, equity and city-coverage constraints"
LTFRB_PUJ1216,prt-b73fa05705,False,False,"not selected after evidence, equity and city-coverage constraints"
LTFRB_PUJ1217,prt-b73fa05705,False,False,"not selected after evidence, equity and city-coverage constraints"
LTFRB_PUJ1922,prt-b73fa05705,False,False,"not selected after evidence, equity and city-coverage constraints"
LTFRB_PUJ2413,prt-b73fa05705,False,False,"not selected after evidence, equity and city-coverage constraints"
LTFRB_PUJ2405,prt-b73fa05705,False,False,"not selected after evidence, equity and city-coverage constraints"
LTFRB_PUJ1773,prt-b73fa05705,False,False,"not selected after evidence, equity and city-coverage constraints"
LTFRB_PUJ2069,prt-b73fa05705,False,False,"not selected after evidence, equity and city-coverage constraints"
LTFRB_PUJ1973,prt-b73fa05705,False,False,"not selected after evidence, equity and city-coverage constraints"
LTFRB_PUJ1196,prt-b73fa05705,False,False,"not selected after evidence, equity and city-coverage constraints"
LTFRB_PUJ1837,prt-b73fa05705,False,False,"not selected after evidence, equity and city-coverage constraints"
LTFRB_PUJ1392,prt-b73fa05705,False,False,"not selected after evidence, equity and city-coverage constraints"
LTFRB_PUJ1138,prt-b73fa05705,False,False,"not selected after evidence, equity and city-coverage constraints"
LTFRB_PUJ2194,prt-b73fa05705,False,False,"not selected after evidence, equity and city-coverage constraints"
LTFRB_PUJ1889,prt-b73fa05705,False,False,"not selected after evidence, equity and city-coverage constraints"
LTFRB_PUJ1197,prt-b73fa05705,False,False,"not selected after evidence, equity and city-coverage constraints"
LTFRB_PUJ1468,prt-b73fa05705,False,False,"not selected after evidence, equity and city-coverage constraints"
LTFRB_PUJ1469,prt-b73fa05705,False,False,"not selected after evidence, equity and city-coverage constraints"
LTFRB_PUJ2173,prt-b73fa05705,False,False,"not selected after evidence, equity and city-coverage constraints"
LTFRB_PUJ1198,prt-b73fa05705,False,False,"not selected after evidence, equity and city-coverage constraints"
LTFRB_PUJ1508,prt-b73fa05705,False,False,"not selected after evidence, equity and city-coverage constraints"
LTFRB_PUJ2301,prt-b73fa05705,False,False,"not selected after evidence, equity and city-coverage constraints"
LTFRB_PUJ1017,prt-b73fa05705,False,False,"not selected after evidence, equity and city-coverage constraints"
LTFRB_PUJ2028,prt-b73fa05705,False,False,"not selected after evidence, equity and city-coverage constraints"
LTFRB_PUJ2567,prt-b73fa05705,False,False,"not selected after evidence, equity and city-coverage constraints"
LTFRB_PUJ1018,prt-b73fa05705,False,False,"not selected after evidence, equity and city-coverage constraints"
LTFRB_PUJ2411,prt-b73fa05705,False,False,"not selected after evidence, equity and city-coverage constraints"
LTFRB_PUJ1183,prt-b73fa05705,False,False,"not selected after evidence, equity and city-coverage constraints"
LTFRB_PUJ1008,prt-b73fa05705,False,False,"not selected after evidence, equity and city-coverage constraints"
LTFRB_PUJ2096,prt-b73fa05705,False,False,"not selected after evidence, equity and city-coverage constraints"
LTFRB_PUJ2462,prt-b73fa05705,False,False,"not selected after evidence, equity and city-coverage constraints"
LTFRB_PUJ1962,prt-b73fa05705,False,False,"not selected after evidence, equity and city-coverage constraints"
LTFRB_PUJ1798,prt-b73fa05705,False,False,"not selected after evidence, equity and city-coverage constraints"
LTFRB_PUJ2438,prt-b73fa05705,False,False,"not selected after evidence, equity and city-coverage constraints"
LTFRB_PUJ1732,prt-b73fa05705,False,False,"not selected after evidence, equity and city-coverage constraints"
LTFRB_PUJ2486,prt-b73fa05705,False,False,"not selected after evidence, equity and city-coverage constraints"
LTFRB_PUJ1009,prt-b73fa05705,False,False,"not selected after evidence, equity and city-coverage constraints"
LTFRB_PUJ1010,prt-b73fa05705,False,False,"not selected after evidence, equity and city-coverage constraints"
LTFRB_PUJ1182,prt-b73fa05705,False,False,"not selected after evidence, equity and city-coverage constraints"
LTFRB_PUJ2574,prt-b73fa05705,False,False,"not selected after evidence, equity and city-coverage constraints"
LTFRB_PUJ2463,prt-b73fa05705,False,False,"not selected after evidence, equity and city-coverage constraints"
LTFRB_PUJ2487,prt-b73fa05705,False,False,"not selected after evidence, equity and city-coverage constraints"
LTFRB_PUJ1578,prt-b73fa05705,False,False,"not selected after evidence, equity and city-coverage constraints"
LTFRB_PUJ1809,prt-b73fa05705,False,False,"not selected after evidence, equity and city-coverage constraints"
LTFRB_PUJ2591,prt-b73fa05705,False,False,"not selected after evidence, equity and city-coverage constraints"
LTFRB_PUJ2592,prt-b73fa05705,False,False,"not selected after evidence, equity and city-coverage constraints"
LTFRB_PUJ1502,prt-b73fa05705,False,False,"not selected after evidence, equity and city-coverage constraints"
LTFRB_PUJ1700,prt-b73fa05705,False,False,"not selected after evidence, equity and city-coverage constraints"
LTFRB_PUJ1799,prt-b73fa05705,False,False,"not selected after evidence, equity and city-coverage constraints"
LTFRB_PUJ1206,prt-b73fa05705,False,False,"not selected after evidence, equity and city-coverage constraints"
LTFRB_PUJ1228,prt-b73fa05705,False,False,"not selected after evidence, equity and city-coverage constraints"
LTFRB_PUJ1229,prt-b73fa05705,False,False,"not selected after evidence, equity and city-coverage constraints"
LTFRB_PUJ1701,prt-b73fa05705,False,False,"not selected after evidence, equity and city-coverage constraints"
LTFRB_PUJ1207,prt-b73fa05705,False,False,"not selected after evidence, equity and city-coverage constraints"
LTFRB_PUJ1293,prt-b73fa05705,False,False,"not selected after evidence, equity and city-coverage constraints"
LTFRB_PUJ2264,prt-b73fa05705,False,False,"not selected after evidence, equity and city-coverage constraints"
LTFRB_PUJ2356,prt-b73fa05705,False,False,"not selected after evidence, equity and city-coverage constraints"
LTFRB_PUJ2439,prt-b73fa05705,False,False,"not selected after evidence, equity and city-coverage constraints"
LTFRB_PUJ2006,prt-b73fa05705,False,False,"not selected after evidence, equity and city-coverage constraints"
LTFRB_PUJ1223,prt-b73fa05705,False,False,"not selected after evidence, equity and city-coverage constraints"
LTFRB_PUJ1802,prt-b73fa05705,False,False,"not selected after evidence, equity and city-coverage constraints"
LTFRB_PUJ1222,prt-b73fa05705,False,False,"not selected after evidence, equity and city-coverage constraints"
LTFRB_PUJ1304,prt-b73fa05705,False,False,"not selected after evidence, equity and city-coverage constraints"
LTFRB_PUJ1612,prt-b73fa05705,False,False,"not selected after evidence, equity and city-coverage constraints"
LTFRB_PUJ2355,prt-b73fa05705,False,False,"not selected after evidence, equity and city-coverage constraints"
LTFRB_PUJ1629,prt-b73fa05705,False,False,"not selected after evidence, equity and city-coverage constraints"
LTFRB_PUJ2005,prt-b73fa05705,False,False,"not selected after evidence, equity and city-coverage constraints"
LTFRB_PUJ1493,prt-b73fa05705,False,False,"not selected after evidence, equity and city-coverage constraints"
LTFRB_PUJ1650,prt-b73fa05705,False,False,"not selected after evidence, equity and city-coverage constraints"
LTFRB_PUJ2573,prt-b73fa05705,False,False,"not selected after evidence, equity and city-coverage constraints"
LTFRB_PUJ1286,prt-b73fa05705,False,False,"not selected after evidence, equity and city-coverage constraints"
LTFRB_PUJ1342,prt-b73fa05705,False,False,"not selected after evidence, equity and city-coverage constraints"
LTFRB_PUJ1343,prt-b73fa05705,False,False,"not selected after evidence, equity and city-coverage constraints"
LTFRB_PUJ1202,prt-b73fa05705,False,False,"not selected after evidence, equity and city-coverage constraints"
LTFRB_PUJ2519,prt-b73fa05705,False,False,"not selected after evidence, equity and city-coverage constraints"
LTFRB_PUJ2361,prt-b73fa05705,False,False,"not selected after evidence, equity and city-coverage constraints"
LTFRB_PUJ1803,prt-b73fa05705,False,False,"not selected after evidence, equity and city-coverage constraints"
LTFRB_PUJ1466,prt-b73fa05705,False,False,"not selected after evidence, equity and city-coverage constraints"
LTFRB_PUJ1764,prt-b73fa05705,False,False,"not selected after evidence, equity and city-coverage constraints"
LTFRB_PUJ1765,prt-b73fa05705,False,False,"not selected after evidence, equity and city-coverage constraints"
LTFRB_PUJ2518,prt-b73fa05705,False,False,"not selected after evidence, equity and city-coverage constraints"
LTFRB_PUJ1345,prt-b73fa05705,False,False,"not selected after evidence, equity and city-coverage constraints"
LTFRB_PUJ2158,prt-b73fa05705,False,False,"not selected after evidence, equity and city-coverage constraints"
LTFRB_PUJ1467,prt-b73fa05705,False,False,"not selected after evidence, equity and city-coverage constraints"
LTFRB_PUJ2281,prt-b73fa05705,False,False,"not selected after evidence, equity and city-coverage constraints"
LTFRB_PUJ1960,prt-b73fa05705,False,False,"not selected after evidence, equity and city-coverage constraints"
LTFRB_PUJ1847,prt-b73fa05705,False,False,"not selected after evidence, equity and city-coverage constraints"
LTFRB_PUJ1811,prt-b73fa05705,False,False,"not selected after evidence, equity and city-coverage constraints"
LTFRB_PUJ2240,prt-b73fa05705,False,False,"not selected after evidence, equity and city-coverage constraints"
LTFRB_PUJ1961,prt-b73fa05705,False,False,"not selected after evidence, equity and city-coverage constraints"
LTFRB_PUJ2415,prt-b73fa05705,False,False,"not selected after evidence, equity and city-coverage constraints"
LTFRB_PUJ2023,prt-b73fa05705,False,False,"not selected after evidence, equity and city-coverage constraints"
LTFRB_PUJ1492,prt-b73fa05705,False,False,"not selected after evidence, equity and city-coverage constraints"
LTFRB_PUJ1833,prt-b73fa05705,False,False,"not selected after evidence, equity and city-coverage constraints"
LTFRB_PUJ2125,prt-b73fa05705,False,False,"not selected after evidence, equity and city-coverage constraints"
LTFRB_PUJ1129,prt-b73fa05705,False,False,"not selected after evidence, equity and city-coverage constraints"
LTFRB_PUJ2557,prt-b73fa05705,False,False,"not selected after evidence, equity and city-coverage constraints"
LTFRB_PUJ2558,prt-b73fa05705,False,False,"not selected after evidence, equity and city-coverage constraints"
LTFRB_PUJ2126,prt-b73fa05705,False,False,"not selected after evidence, equity and city-coverage constraints"
LTFRB_PUJ1518,prt-b73fa05705,False,False,"not selected after evidence, equity and city-coverage constraints"
LTFRB_PUJ2095,prt-b73fa05705,False,False,"not selected after evidence, equity and city-coverage constraints"
LTFRB_PUJ2016,prt-b73fa05705,False,False,"not selected after evidence, equity and city-coverage constraints"
LTFRB_PUJ1433,prt-b73fa05705,False,False,"not selected after evidence, equity and city-coverage constraints"
LTFRB_PUJ2311,prt-b73fa05705,False,False,"not selected after evidence, equity and city-coverage constraints"
LTFRB_PUJ2312,prt-b73fa05705,False,False,"not selected after evidence, equity and city-coverage constraints"
LTFRB_PUJ1674,prt-b73fa05705,False,False,"not selected after evidence, equity and city-coverage constraints"
LTFRB_PUJ2017,prt-b73fa05705,False,False,"not selected after evidence, equity and city-coverage constraints"
LTFRB_PUJ1673,prt-b73fa05705,False,False,"not selected after evidence, equity and city-coverage constraints"
LTFRB_PUJ1203,prt-b73fa05705,False,False,"not selected after evidence, equity and city-coverage constraints"
LTFRB_PUJ1214,prt-b73fa05705,False,False,"not selected after evidence, equity and city-coverage constraints"
LTFRB_PUJ1215,prt-b73fa05705,False,False,"not selected after evidence, equity and city-coverage constraints"
LTFRB_PUJ1972,prt-b73fa05705,False,False,"not selected after evidence, equity and city-coverage constraints"
LTFRB_PUJ2129,prt-b73fa05705,False,False,"not selected after evidence, equity and city-coverage constraints"
LTFRB_PUJ2130,prt-b73fa05705,False,False,"not selected after evidence, equity and city-coverage constraints"
LTFRB_PUJ1511,prt-b73fa05705,False,False,"not selected after evidence, equity and city-coverage constraints"
LTFRB_PUJ1677,prt-b73fa05705,False,False,"not selected after evidence, equity and city-coverage constraints"
LTFRB_PUJ1451,prt-b73fa05705,False,False,"not selected after evidence, equity and city-coverage constraints"
LTFRB_PUJ1963,prt-b73fa05705,False,False,"not selected after evidence, equity and city-coverage constraints"
LTFRB_PUJ1549,prt-b73fa05705,False,False,"not selected after evidence, equity and city-coverage constraints"
LTFRB_PUJ2379,prt-b73fa05705,False,False,"not selected after evidence, equity and city-coverage constraints"
LTFRB_PUJ1450,prt-b73fa05705,False,False,"not selected after evidence, equity and city-coverage constraints"
LTFRB_PUJ1904,prt-b73fa05705,False,False,"not selected after evidence, equity and city-coverage constraints"
LTFRB_PUJ1905,prt-b73fa05705,False,False,"not selected after evidence, equity and city-coverage constraints"
LTFRB_PUJ2080,prt-b73fa05705,False,False,"not selected after evidence, equity and city-coverage constraints"
LTFRB_PUJ1665,prt-b73fa05705,False,False,"not selected after evidence, equity and city-coverage constraints"
LTFRB_PUJ1666,prt-b73fa05705,False,False,"not selected after evidence, equity and city-coverage constraints"
LTFRB_PUJ2025,prt-b73fa05705,False,False,"not selected after evidence, equity and city-coverage constraints"
LTFRB_PUJ2026,prt-b73fa05705,False,False,"not selected after evidence, equity and city-coverage constraints"
LTFRB_PUJ2337,prt-b73fa05705,False,False,"not selected after evidence, equity and city-coverage constraints"
LTFRB_PUJ2338,prt-b73fa05705,False,False,"not selected after evidence, equity and city-coverage constraints"
LTFRB_PUJ1250,prt-b73fa05705,False,False,"not selected after evidence, equity and city-coverage constraints"
LTFRB_PUJ1251,prt-b73fa05705,False,False,"not selected after evidence, equity and city-coverage constraints"
LTFRB_PUJ1667,prt-b73fa05705,False,False,"not selected after evidence, equity and city-coverage constraints"
LTFRB_PUJ1325,prt-b73fa05705,False,False,"not selected after evidence, equity and city-coverage constraints"
LTFRB_PUJ2333,prt-b73fa05705,False,False,"not selected after evidence, equity and city-coverage constraints"
LTFRB_PUJ2334,prt-b73fa05705,False,False,"not selected after evidence, equity and city-coverage constraints"
LTFRB_PUJ1292,prt-b73fa05705,False,False,"not selected after evidence, equity and city-coverage constraints"
LTFRB_PUJ1571,prt-b73fa05705,False,False,"not selected after evidence, equity and city-coverage constraints"
LTFRB_PUJ2091,prt-b73fa05705,False,False,"not selected after evidence, equity and city-coverage constraints"
LTFRB_PUJ1025,prt-b73fa05705,False,False,"not selected after evidence, equity and city-coverage constraints"
LTFRB_PUJ1026,prt-b73fa05705,False,False,"not selected after evidence, equity and city-coverage constraints"
LTFRB_PUJ2313,prt-b73fa05705,False,False,"not selected after evidence, equity and city-coverage constraints"
LTFRB_PUJ2314,prt-b73fa05705,False,False,"not selected after evidence, equity and city-coverage constraints"
LTFRB_PUJ1028,prt-b73fa05705,False,False,"not selected after evidence, equity and city-coverage constraints"
LTFRB_PUJ1828,prt-b73fa05705,False,False,"not selected after evidence, equity and city-coverage constraints"
LTFRB_PUJ2268,prt-b73fa05705,False,False,"not selected after evidence, equity and city-coverage constraints"
LTFRB_PUJ1380,prt-b73fa05705,False,False,"not selected after evidence, equity and city-coverage constraints"
LTFRB_PUJ1381,prt-b73fa05705,False,False,"not selected after evidence, equity and city-coverage constraints"
LTFRB_PUJ2022,prt-b73fa05705,False,False,"not selected after evidence, equity and city-coverage constraints"
LTFRB_PUJ1840,prt-b73fa05705,False,False,"not selected after evidence, equity and city-coverage constraints"
LTFRB_PUJ2353,prt-b73fa05705,False,False,"not selected after evidence, equity and city-coverage constraints"
LTFRB_PUJ2354,prt-b73fa05705,False,False,"not selected after evidence, equity and city-coverage constraints"
LTFRB_PUJ2092,prt-b73fa05705,False,False,"not selected after evidence, equity and city-coverage constraints"
LTFRB_PUJ2247,prt-b73fa05705,False,False,"not selected after evidence, equity and city-coverage constraints"
LTFRB_PUJ2248,prt-b73fa05705,False,False,"not selected after evidence, equity and city-coverage constraints"
LTFRB_PUJ1694,prt-b73fa05705,False,False,"not selected after evidence, equity and city-coverage constraints"
LTFRB_PUJ1695,prt-b73fa05705,False,False,"not selected after evidence, equity and city-coverage constraints"
LTFRB_PUJ1324,prt-b73fa05705,False,False,"not selected after evidence, equity and city-coverage constraints"
LTFRB_PUJ2527,prt-b73fa05705,False,False,"not selected after evidence, equity and city-coverage constraints"
LTFRB_PUJ2535,prt-b73fa05705,False,False,"not selected after evidence, equity and city-coverage constraints"
LTFRB_PUJ1645,prt-b73fa05705,False,False,"not selected after evidence, equity and city-coverage constraints"
LTFRB_PUJ2532,prt-b73fa05705,False,False,"not selected after evidence, equity and city-coverage constraints"
LTFRB_PUJ2131,prt-b73fa05705,False,False,"not selected after evidence, equity and city-coverage constraints"
LTFRB_PUJ2132,prt-b73fa05705,False,False,"not selected after evidence, equity and city-coverage constraints"
LTFRB_PUJ2533,prt-b73fa05705,False,False,"not selected after evidence, equity and city-coverage constraints"
LTFRB_PUJ2094,prt-b73fa05705,False,False,"not selected after evidence, equity and city-coverage constraints"
LTFRB_PUJ1839,prt-b73fa05705,False,False,"not selected after evidence, equity and city-coverage constraints"
LTFRB_PUJ2431,prt-b73fa05705,False,False,"not selected after evidence, equity and city-coverage constraints"
LTFRB_PUJ2543,prt-b73fa05705,False,False,"not selected after evidence, equity and city-coverage constraints"
LTFRB_PUJ1437,prt-b73fa05705,False,False,"not selected after evidence, equity and city-coverage constraints"
LTFRB_PUJ1628,prt-b73fa05705,False,False,"not selected after evidence, equity and city-coverage constraints"
LTFRB_PUJ1436,prt-b73fa05705,False,False,"not selected after evidence, equity and city-coverage constraints"
LTFRB_PUJ1911,prt-b73fa05705,False,False,"not selected after evidence, equity and city-coverage constraints"
LTFRB_PUJ1910,prt-b73fa05705,False,False,"not selected after evidence, equity and city-coverage constraints"
LTFRB_PUJ2192,prt-b73fa05705,False,False,"not selected after evidence, equity and city-coverage constraints"
LTFRB_PUJ2008,prt-b73fa05705,False,False,"not selected after evidence, equity and city-coverage constraints"
LTFRB_PUJ2009,prt-b73fa05705,False,False,"not selected after evidence, equity and city-coverage constraints"
LTFRB_PUJ2275,prt-b73fa05705,False,False,"not selected after evidence, equity and city-coverage constraints"
LTFRB_PUJ2032,prt-b73fa05705,False,False,"not selected after evidence, equity and city-coverage constraints"
LTFRB_PUJ2450,prt-b73fa05705,False,False,"not selected after evidence, equity and city-coverage constraints"
LTFRB_PUJ1584,prt-b73fa05705,False,False,"not selected after evidence, equity and city-coverage constraints"
LTFRB_PUJ2451,prt-b73fa05705,False,False,"not selected after evidence, equity and city-coverage constraints"
LTFRB_PUJ2394,prt-b73fa05705,False,False,"not selected after evidence, equity and city-coverage constraints"
LTFRB_PUJ1949,prt-b73fa05705,False,False,"not selected after evidence, equity and city-coverage constraints"
LTFRB_PUJ2522,prt-b73fa05705,False,False,"not selected after evidence, equity and city-coverage constraints"
LTFRB_PUJ2523,prt-b73fa05705,False,False,"not selected after evidence, equity and city-coverage constraints"
LTFRB_PUJ1496,prt-b73fa05705,False,False,"not selected after evidence, equity and city-coverage constraints"
LTFRB_PUJ1497,prt-b73fa05705,False,False,"not selected after evidence, equity and city-coverage constraints"
LTFRB_PUJ1585,prt-b73fa05705,False,False,"not selected after evidence, equity and city-coverage constraints"
LTFRB_PUJ2024,prt-b73fa05705,False,False,"not selected after evidence, equity and city-coverage constraints"
LTFRB_PUJ2283,prt-b73fa05705,False,False,"not selected after evidence, equity and city-coverage constraints"
LTFRB_PUJ1602,prt-b73fa05705,False,False,"not selected after evidence, equity and city-coverage constraints"
LTFRB_PUJ2363,prt-b73fa05705,False,False,"not selected after evidence, equity and city-coverage constraints"
LTFRB_PUJ1603,prt-b73fa05705,False,False,"not selected after evidence, equity and city-coverage constraints"
LTFRB_PUJ2364,prt-b73fa05705,False,False,"not selected after evidence, equity and city-coverage constraints"
LTFRB_PUJ1880,prt-b73fa05705,False,False,"not selected after evidence, equity and city-coverage constraints"
LTFRB_PUJ1881,prt-b73fa05705,False,False,"not selected after evidence, equity and city-coverage constraints"
LTFRB_PUJ1772,prt-b73fa05705,False,False,"not selected after evidence, equity and city-coverage constraints"
LTFRB_PUJ1423,prt-b73fa05705,False,False,"not selected after evidence, equity and city-coverage constraints"
LTFRB_PUJ2520,prt-b73fa05705,False,False,"not selected after evidence, equity and city-coverage constraints"
LTFRB_PUJ2521,prt-b73fa05705,False,False,"not selected after evidence, equity and city-coverage constraints"
LTFRB_PUJ2267,prt-b73fa05705,False,False,"not selected after evidence, equity and city-coverage constraints"
LTFRB_PUJ1948,prt-b73fa05705,False,False,"not selected after evidence, equity and city-coverage constraints"
LTFRB_PUJ1061,prt-b73fa05705,False,False,"not selected after evidence, equity and city-coverage constraints"
LTFRB_PUJ1570,prt-b73fa05705,False,False,"not selected after evidence, equity and city-coverage constraints"
LTFRB_PUJ1385,prt-b73fa05705,False,False,"not selected after evidence, equity and city-coverage constraints"
LTFRB_PUJ1384,prt-b73fa05705,False,False,"not selected after evidence, equity and city-coverage constraints"
LTFRB_PUJ1703,prt-b73fa05705,False,False,"not selected after evidence, equity and city-coverage constraints"
LTFRB_PUJ1678,prt-b73fa05705,False,False,"not selected after evidence, equity and city-coverage constraints"
LTFRB_PUJ2079,prt-b73fa05705,False,False,"not selected after evidence, equity and city-coverage constraints"
LTFRB_PUJ1702,prt-b73fa05705,False,False,"not selected after evidence, equity and city-coverage constraints"
LTFRB_PUJ1668,prt-b73fa05705,False,False,"not selected after evidence, equity and city-coverage constraints"
LTFRB_PUJ2446,prt-b73fa05705,False,False,"not selected after evidence, equity and city-coverage constraints"
LTFRB_PUJ1220,prt-b73fa05705,False,False,"not selected after evidence, equity and city-coverage constraints"
LTFRB_PUJ1652,prt-b73fa05705,False,False,"not selected after evidence, equity and city-coverage constraints"
LTFRB_PUJ2365,prt-b73fa05705,False,False,"not selected after evidence, equity and city-coverage constraints"
LTFRB_PUJ2393,prt-b73fa05705,False,False,"not selected after evidence, equity and city-coverage constraints"
LTFRB_PUJ1548,prt-b73fa05705,False,False,"not selected after evidence, equity and city-coverage constraints"
LTFRB_PUJ1070,prt-b73fa05705,False,False,"not selected after evidence, equity and city-coverage constraints"
LTFRB_PUJ1510,prt-b73fa05705,False,False,"not selected after evidence, equity and city-coverage constraints"
LTFRB_PUJ1221,prt-b73fa05705,False,False,"not selected after evidence, equity and city-coverage constraints"
LTFRB_PUJ1062,prt-b73fa05705,False,False,"not selected after evidence, equity and city-coverage constraints"
LTFRB_PUJ2093,prt-b73fa05705,False,False,"not selected after evidence, equity and city-coverage constraints"
LTFRB_PUJ1505,prt-b73fa05705,False,False,"not selected after evidence, equity and city-coverage constraints"
LTFRB_PUJ1305,prt-b73fa05705,False,False,"not selected after evidence, equity and city-coverage constraints"
LTFRB_PUJ1406,prt-b73fa05705,False,False,"not selected after evidence, equity and city-coverage constraints"
LTFRB_PUJ1407,prt-b73fa05705,False,False,"not selected after evidence, equity and city-coverage constraints"
LTFRB_PUJ2347,prt-b73fa05705,False,False,"not selected after evidence, equity and city-coverage constraints"
LTFRB_PUJ2274,prt-b73fa05705,False,False,"not selected after evidence, equity and city-coverage constraints"
LTFRB_PUJ1504,prt-b73fa05705,False,False,"not selected after evidence, equity and city-coverage constraints"
LTFRB_PUJ2195,prt-b73fa05705,False,False,"not selected after evidence, equity and city-coverage constraints"
LTFRB_PUJ2568,prt-b73fa05705,False,False,"not selected after evidence, equity and city-coverage constraints"
LTFRB_PUJ2147,prt-b73fa05705,False,False,"not selected after evidence, equity and city-coverage constraints"
LTFRB_PUJ2378,prt-b73fa05705,False,False,"not selected after evidence, equity and city-coverage constraints"
LTFRB_PUJ1036,prt-b73fa05705,False,False,"not selected after evidence, equity and city-coverage constraints"
LTFRB_PUJ1912,prt-b73fa05705,False,False,"not selected after evidence, equity and city-coverage constraints"
LTFRB_PUJ1913,prt-b73fa05705,False,False,"not selected after evidence, equity and city-coverage constraints"
LTFRB_PUJ2196,prt-b73fa05705,False,False,"not selected after evidence, equity and city-coverage constraints"
LTFRB_PUJ1836,prt-b73fa05705,False,False,"not selected after evidence, equity and city-coverage constraints"
LTFRB_PUJ2230,prt-b73fa05705,False,False,"not selected after evidence, equity and city-coverage constraints"
LTFRB_PUJ2266,prt-b73fa05705,False,False,"not selected after evidence, equity and city-coverage constraints"
LTFRB_PUJ1519,prt-b73fa05705,False,False,"not selected after evidence, equity and city-coverage constraints"
LTFRB_PUJ2148,prt-b73fa05705,False,False,"not selected after evidence, equity and city-coverage constraints"
LTFRB_PUJ2371,prt-b73fa05705,False,False,"not selected after evidence, equity and city-coverage constraints"
LTFRB_PUJ2372,prt-b73fa05705,False,False,"not selected after evidence, equity and city-coverage constraints"
LTFRB_PUJ1916,prt-b73fa05705,False,False,"not selected after evidence, equity and city-coverage constraints"
LTFRB_PUJ1917,prt-b73fa05705,False,False,"not selected after evidence, equity and city-coverage constraints"
LTFRB_PUJ2447,prt-b73fa05705,False,False,"not selected after evidence, equity and city-coverage constraints"
LTFRB_PUJ2226,prt-b73fa05705,False,False,"not selected after evidence, equity and city-coverage constraints"
LTFRB_PUJ2348,prt-b73fa05705,False,False,"not selected after evidence, equity and city-coverage constraints"
LTFRB_PUJ1422,prt-b73fa05705,False,False,"not selected after evidence, equity and city-coverage constraints"
LTFRB_PUJ1434,prt-b73fa05705,False,False,"not selected after evidence, equity and city-coverage constraints"
LTFRB_PUJ1435,prt-b73fa05705,False,False,"not selected after evidence, equity and city-coverage constraints"
LTFRB_PUJ2366,prt-b73fa05705,False,False,"not selected after evidence, equity and city-coverage constraints"
LTFRB_PUJ1209,prt-b73fa05705,False,False,"not selected after evidence, equity and city-coverage constraints"
LTFRB_PUJ1566,prt-b73fa05705,False,False,"not selected after evidence, equity and city-coverage constraints"
LTFRB_PUJ2018,prt-b73fa05705,False,False,"not selected after evidence, equity and city-coverage constraints"
LTFRB_PUJ1114,prt-b73fa05705,False,False,"not selected after evidence, equity and city-coverage constraints"
LTFRB_PUJ2412,prt-b73fa05705,False,False,"not selected after evidence, equity and city-coverage constraints"
LTFRB_PUJ1740,prt-b73fa05705,False,False,"not selected after evidence, equity and city-coverage constraints"
LTFRB_PUJ1741,prt-b73fa05705,False,False,"not selected after evidence, equity and city-coverage constraints"
LTFRB_PUJ1208,prt-b73fa05705,False,False,"not selected after evidence, equity and city-coverage constraints"
LTFRB_PUJ1662,prt-b73fa05705,False,False,"not selected after evidence, equity and city-coverage constraints"
LTFRB_PUJ1567,prt-b73fa05705,False,False,"not selected after evidence, equity and city-coverage constraints"
LTFRB_PUJ1590,prt-b73fa05705,False,False,"not selected after evidence, equity and city-coverage constraints"
LTFRB_PUJ1591,prt-b73fa05705,False,False,"not selected after evidence, equity and city-coverage constraints"
LTFRB_PUJ1210,prt-b73fa05705,False,False,"not selected after evidence, equity and city-coverage constraints"
LTFRB_PUJ1664,prt-b73fa05705,False,False,"not selected after evidence, equity and city-coverage constraints"
LTFRB_PUJ1430,prt-b73fa05705,False,False,"not selected after evidence, equity and city-coverage constraints"
LTFRB_PUJ1431,prt-b73fa05705,False,False,"not selected after evidence, equity and city-coverage constraints"
LTFRB_PUJ2563,prt-b73fa05705,False,False,"not selected after evidence, equity and city-coverage constraints"
LTFRB_PUJ2424,prt-b73fa05705,False,False,"not selected after evidence, equity and city-coverage constraints"
LTFRB_PUJ1446,prt-b73fa05705,False,False,"not selected after evidence, equity and city-coverage constraints"
LTFRB_PUJ1633,prt-b73fa05705,False,False,"not selected after evidence, equity and city-coverage constraints"
LTFRB_PUJ2423,prt-b73fa05705,False,False,"not selected after evidence, equity and city-coverage constraints"
LTFRB_PUJ1742,prt-b73fa05705,False,False,"not selected after evidence, equity and city-coverage constraints"
LTFRB_PUJ2537,prt-b73fa05705,False,False,"not selected after evidence, equity and city-coverage constraints"
LTFRB_PUJ2265,prt-b73fa05705,False,False,"not selected after evidence, equity and city-coverage constraints"
LTFRB_PUJ1211,prt-b73fa05705,False,False,"not selected after evidence, equity and city-coverage constraints"
LTFRB_PUJ1108,prt-b73fa05705,False,False,"not selected after evidence, equity and city-coverage constraints"
LTFRB_PUJ1743,prt-b73fa05705,False,False,"not selected after evidence, equity and city-coverage constraints"
LTFRB_PUJ1424,prt-b73fa05705,False,False,"not selected after evidence, equity and city-coverage constraints"
LTFRB_PUJ1425,prt-b73fa05705,False,False,"not selected after evidence, equity and city-coverage constraints"
LTFRB_PUJ1310,prt-b73fa05705,False,False,"not selected after evidence, equity and city-coverage constraints"
LTFRB_PUJ1705,prt-b73fa05705,False,False,"not selected after evidence, equity and city-coverage constraints"
LTFRB_PUJ1779,prt-b73fa05705,False,False,"not selected after evidence, equity and city-coverage constraints"
LTFRB_PUJ2019,prt-b73fa05705,False,False,"not selected after evidence, equity and city-coverage constraints"
LTFRB_PUJ2427,prt-b73fa05705,False,False,"not selected after evidence, equity and city-coverage constraints"
LTFRB_PUJ1661,prt-b73fa05705,False,False,"not selected after evidence, equity and city-coverage constraints"
LTFRB_PUJ1816,prt-b73fa05705,False,False,"not selected after evidence, equity and city-coverage constraints"
LTFRB_PUJ2426,prt-b73fa05705,False,False,"not selected after evidence, equity and city-coverage constraints"
LTFRB_PUJ2422,prt-b73fa05705,False,False,"not selected after evidence, equity and city-coverage constraints"
LTFRB_PUJ1068,prt-b73fa05705,False,False,"not selected after evidence, equity and city-coverage constraints"
LTFRB_PUJ1311,prt-b73fa05705,False,False,"not selected after evidence, equity and city-coverage constraints"
LTFRB_PUJ1704,prt-b73fa05705,False,False,"not selected after evidence, equity and city-coverage constraints"
LTFRB_PUJ1454,prt-b73fa05705,False,False,"not selected after evidence, equity and city-coverage constraints"
LTFRB_PUJ1447,prt-b73fa05705,False,False,"not selected after evidence, equity and city-coverage constraints"
LTFRB_PUJ1432,prt-b73fa05705,False,False,"not selected after evidence, equity and city-coverage constraints"
LTFRB_PUJ1107,prt-b73fa05705,False,False,"not selected after evidence, equity and city-coverage constraints"
LTFRB_PUJ2536,prt-b73fa05705,False,False,"not selected after evidence, equity and city-coverage constraints"
LTFRB_PUJ1035,prt-b73fa05705,False,False,"not selected after evidence, equity and city-coverage constraints"
LTFRB_PUJ1632,prt-b73fa05705,False,False,"not selected after evidence, equity and city-coverage constraints"
LTFRB_PUJ1067,prt-b73fa05705,False,False,"not selected after evidence, equity and city-coverage constraints"
LTFRB_PUJ1778,prt-b73fa05705,False,False,"not selected after evidence, equity and city-coverage constraints"
LTFRB_PUJ1455,prt-b73fa05705,False,False,"not selected after evidence, equity and city-coverage constraints"
LTFRB_PUJ1063,prt-b73fa05705,False,False,"not selected after evidence, equity and city-coverage constraints"
LTFRB_PUJ1064,prt-b73fa05705,False,False,"not selected after evidence, equity and city-coverage constraints"
LTFRB_PUJ1663,prt-b73fa05705,False,False,"not selected after evidence, equity and city-coverage constraints"
LTFRB_PUJ1037,prt-b73fa05705,False,False,"not selected after evidence, equity and city-coverage constraints"
LTFRB_PUJ1038,prt-b73fa05705,False,False,"not selected after evidence, equity and city-coverage constraints"
LTFRB_PUJ2207,prt-b73fa05705,False,False,"not selected after evidence, equity and city-coverage constraints"
LTFRB_PUJ1149,prt-b73fa05705,False,False,"not selected after evidence, equity and city-coverage constraints"
LTFRB_PUJ1148,prt-b73fa05705,False,False,"not selected after evidence, equity and city-coverage constraints"
LTFRB_PUJ2208,prt-b73fa05705,False,False,"not selected after evidence, equity and city-coverage constraints"
LTFRB_PUJ2061,prt-b73fa05705,False,False,"not selected after evidence, equity and city-coverage constraints"
LTFRB_PUJ2409,prt-b73fa05705,False,False,"not selected after evidence, equity and city-coverage constraints"
LTFRB_PUJ2062,prt-b73fa05705,False,False,"not selected after evidence, equity and city-coverage constraints"
LTFRB_PUJ2410,prt-b73fa05705,False,False,"not selected after evidence, equity and city-coverage constraints"
LTFRB_PUJ2494,prt-b73fa05705,False,False,"not selected after evidence, equity and city-coverage constraints"
LTFRB_PUJ2495,prt-b73fa05705,False,False,"not selected after evidence, equity and city-coverage constraints"
LTFRB_PUJ2476,prt-b73fa05705,False,False,"not selected after evidence, equity and city-coverage constraints"
LTFRB_PUJ2477,prt-b73fa05705,False,False,"not selected after evidence, equity and city-coverage constraints"
LTFRB_PUJ2358,prt-b73fa05705,False,False,"not selected after evidence, equity and city-coverage constraints"
LTFRB_PUJ2564,prt-b73fa05705,False,False,"not selected after evidence, equity and city-coverage constraints"
LTFRB_PUJ2357,prt-b73fa05705,False,False,"not selected after evidence, equity and city-coverage constraints"
LTFRB_PUJ2455,prt-b73fa05705,False,False,"not selected after evidence, equity and city-coverage constraints"
LTFRB_PUJ2546,prt-b73fa05705,False,False,"not selected after evidence, equity and city-coverage constraints"
LTFRB_PUJ2547,prt-b73fa05705,False,False,"not selected after evidence, equity and city-coverage constraints"
LTFRB_PUJ2392,prt-b73fa05705,False,False,"not selected after evidence, equity and city-coverage constraints"
LTFRB_PUJ1069,prt-b73fa05705,False,False,"not selected after evidence, equity and city-coverage constraints"
LTFRB_PUJ2454,prt-b73fa05705,False,False,"not selected after evidence, equity and city-coverage constraints"
LTFRB_PUJ2611,prt-b73fa05705,False,False,"not selected after evidence, equity and city-coverage constraints"
LTFRB_PUJ2612,prt-b73fa05705,False,False,"not selected after evidence, equity and city-coverage constraints"
LTFRB_PUJ2282,prt-b73fa05705,False,False,"not selected after evidence, equity and city-coverage constraints"
LTFRB_PUJ1317,prt-b73fa05705,False,False,"not selected after evidence, equity and city-coverage constraints"
LTFRB_PUJ1113,prt-b73fa05705,False,False,"not selected after evidence, equity and city-coverage constraints"
LTFRB_PUJ2544,prt-b73fa05705,False,False,"not selected after evidence, equity and city-coverage constraints"
LTFRB_PUJ2545,prt-b73fa05705,False,False,"not selected after evidence, equity and city-coverage constraints"
LTFRB_PUJ1438,prt-b73fa05705,False,False,"not selected after evidence, equity and city-coverage constraints"
LTFRB_PUJ1439,prt-b73fa05705,False,False,"not selected after evidence, equity and city-coverage constraints"
LTFRB_PUJ2421,prt-b73fa05705,False,False,"not selected after evidence, equity and city-coverage constraints"
LTFRB_PUJ2550,prt-b73fa05705,False,False,"not selected after evidence, equity and city-coverage constraints"
LTFRB_PUJ1909,prt-b73fa05705,False,False,"not selected after evidence, equity and city-coverage constraints"
LTFRB_PUJ1908,prt-b73fa05705,False,False,"not selected after evidence, equity and city-coverage constraints"
LTFRB_PUJ1316,prt-b73fa05705,False,False,"not selected after evidence, equity and city-coverage constraints"
LTFRB_PUJ2614,prt-b73fa05705,False,False,"not selected after evidence, equity and city-coverage constraints"
LTFRB_PUJ2613,prt-b73fa05705,False,False,"not selected after evidence, equity and city-coverage constraints"
LTFRB_PUJ2343,prt-b73fa05705,False,False,"not selected after evidence, equity and city-coverage constraints"
LTFRB_PUJ2344,prt-b73fa05705,False,False,"not selected after evidence, equity and city-coverage constraints"
LTFRB_PUJ2276,prt-b73fa05705,False,False,"not selected after evidence, equity and city-coverage constraints"
LTFRB_PUJ1634,prt-b73fa05705,False,False,"not selected after evidence, equity and city-coverage constraints"
LTFRB_PUJ1635,prt-b73fa05705,False,False,"not selected after evidence, equity and city-coverage constraints"
LTFRB_PUJ1914,prt-b73fa05705,False,False,"not selected after evidence, equity and city-coverage constraints"
LTFRB_PUJ1915,prt-b73fa05705,False,False,"not selected after evidence, equity and city-coverage constraints"
LTFRB_PUJ2460,prt-b73fa05705,False,False,"not selected after evidence, equity and city-coverage constraints"
LTFRB_PUJ2461,prt-b73fa05705,False,False,"not selected after evidence, equity and city-coverage constraints"
LTFRB_PUJ2511,prt-b73fa05705,False,False,"not selected after evidence, equity and city-coverage constraints"
LTFRB_PUJ2349,prt-b73fa05705,False,False,"not selected after evidence, equity and city-coverage constraints"
LTFRB_PUJ2350,prt-b73fa05705,False,False,"not selected after evidence, equity and city-coverage constraints"
LTFRB_PUJ1752,prt-b73fa05705,False,False,"not selected after evidence, equity and city-coverage constraints"
LTFRB_PUJ2475,prt-b73fa05705,False,False,"not selected after evidence, equity and city-coverage constraints"
LTFRB_PUJ2474,prt-b73fa05705,False,False,"not selected after evidence, equity and city-coverage constraints"
LTFRB_PUJ2510,prt-b73fa05705,False,False,"not selected after evidence, equity and city-coverage constraints"
LTFRB_PUJ1753,prt-b73fa05705,False,False,"not selected after evidence, equity and city-coverage constraints"
LTFRB_PUJ2373,prt-b73fa05705,False,False,"not selected after evidence, equity and city-coverage constraints"
LTFRB_PUJ2425,prt-b73fa05705,False,False,"not selected after evidence, equity and city-coverage constraints"
LTFRB_PUJ2351,prt-b73fa05705,False,False,"not selected after evidence, equity and city-coverage constraints"
LTFRB_PUJ2352,prt-b73fa05705,False,False,"not selected after evidence, equity and city-coverage constraints"
LTFRB_PUJ2273,prt-b73fa05705,False,False,"not selected after evidence, equity and city-coverage constraints"
