route_id,route_short_name,route_long_name,route_desc,representative_trip_id,length_km,geometry_source,stop_count,avg_headway_min,daily_service_window_hrs,trips_per_day_estimate,weekday_frequency_rows,frequency_source,daily_vehicle_km_proxy,corridor_population_proxy,equity_overlap_pct,endpoint_distance_km,geometry_detour_ratio,duplicate_stop_fraction,max_consecutive_stop_gap_km,geometry_valid,self_intersection_flag,geometry_reliability_score,geometry_reliability_grade,geometry_reliability_reasons,geometry_validation_required,geometry_claim_status,hub_connectivity_count,validation_status,active_status,validation_date,validator,source_type,source_reference,notes,observed_headway_min,observed_service_window_hrs,geometry_verified,operator_name_if_verified,evidence_quality,normalized_corridor_id,stops_per_km,mean_stop_spacing_m,geometry_source_is_shape,historic_daily_vehicle_km_proxy,service_input_claim_status,feature_source_ids
LTFRB_PUJ1001,,HULO - P. VICTORINO/KALENTONG,"Alchan, Mandaluyong City, Manila - Jose Rizal University, J Fabella St, Mandaluyong City, Manila",725698,5.074,stop_sequence_approx,17,1.0,17.0,1020.0,1.0,gtfs_frequencies_typical_weekday,5175.48,295279.4,94.077,2.864,1.772,0.0,0.53,True,False,56.0,C,ordered-stop planning approximation,True,DERIVED,0,historic_only,uncertain,,,historic_gtfs_baseline,sakay_gtfs_master_historic,No current route validation supplied.,,,False,,historic_only,hulo__p-victorino-kalentong,3.3504138746551044,317.125,0,5175.48,DERIVED,sakay_gtfs_master_historic|worldpop_phl_2020_1km
LTFRB_PUJ1002,,HULO - P. VICTORINO/KALENTONG,"Jose Rizal University, J Fabella St, Mandaluyong City, Manila - Alchan, Mandaluyong City, Manila",725418,4.88,stop_sequence_approx,18,1.0,17.0,1020.0,1.0,gtfs_frequencies_typical_weekday,4977.599999999999,338414.3,94.832,2.864,1.704,0.0,0.433,True,False,56.0,C,ordered-stop planning approximation,True,DERIVED,0,historic_only,uncertain,,,historic_gtfs_baseline,sakay_gtfs_master_historic,No current route validation supplied.,,,False,,historic_only,hulo__p-victorino-kalentong,3.6885245901639343,287.05882352941177,0,4977.599999999999,DERIVED,sakay_gtfs_master_historic|worldpop_phl_2020_1km
LTFRB_PUJ1003,,A. Bonifacio - A. Mabini via 10th Avenue,"Kamantigue / 11th Avenue, Caloocan City - Mercury Drug, A. Mabini Avenue, Caloocan City",725326,2.546,stop_sequence_approx,16,1.0,17.0,1020.0,1.0,gtfs_frequencies_typical_weekday,2596.92,295272.3,100.0,2.379,1.07,0.0,0.323,True,False,56.0,C,ordered-stop planning approximation,True,DERIVED,1,historic_only,uncertain,,,historic_gtfs_baseline,sakay_gtfs_master_historic,No current route validation supplied.,,,False,,historic_only,a-bonifacio__a-mabini,6.284367635506678,169.73333333333332,0,2596.92,DERIVED,sakay_gtfs_master_historic|worldpop_phl_2020_1km
LTFRB_PUJ1004,,A. Bonifacio - A. Mabini via 10th Avenue,"Mercury Drug, A. Mabini Avenue, Caloocan City - Kamantigue / 11th Avenue, Caloocan City",725383,2.546,shape,16,1.0,17.0,1020.0,1.0,gtfs_frequencies_typical_weekday,2596.92,295272.3,100.0,2.379,1.07,0.0,0.323,True,False,92.0,A,GTFS shape source,False,DERIVED,1,historic_only,uncertain,,,historic_gtfs_baseline,sakay_gtfs_master_historic,No current route validation supplied.,,,False,,historic_only,a-bonifacio__a-mabini,6.284367635506678,169.73333333333332,1,2596.92,DERIVED,sakay_gtfs_master_historic|worldpop_phl_2020_1km
LTFRB_PUJ1005,,A. Bonifacio - E. Rodriguez via D. Tuazon,"D. Tuazon / Eulogio Rodriguez Sr Ave Intersection, Manila - Tangali / Tinagan Intersection, Quezon City",724954,3.235,stop_sequence_approx,16,1.0,17.0,1020.0,1.0,gtfs_frequencies_typical_weekday,3299.7,207084.3,87.301,2.896,1.117,0.0,0.351,True,False,56.0,C,ordered-stop planning approximation,True,DERIVED,0,historic_only,uncertain,,,historic_gtfs_baseline,sakay_gtfs_master_historic,No current route validation supplied.,,,False,,historic_only,a-bonifacio__e-rodriguez,4.945904173106646,215.66666666666666,0,3299.7,DERIVED,sakay_gtfs_master_historic|worldpop_phl_2020_1km
LTFRB_PUJ1006,,A. Bonifacio - E. Rodriguez via D. Tuazon,"Tangali / Tinagan Intersection, Quezon City - D. Tuazon / Eulogio Rodriguez Sr Ave Intersection, Manila",726225,3.549,stop_sequence_approx,18,1.0,17.0,1020.0,1.0,gtfs_frequencies_typical_weekday,3619.98,207084.3,87.301,2.896,1.225,0.0,0.266,True,True,48.0,D,ordered-stop planning approximation | self-intersection detected,True,DERIVED,0,historic_only,uncertain,,,historic_gtfs_baseline,sakay_gtfs_master_historic,No current route validation supplied.,,,False,,historic_only,a-bonifacio__e-rodriguez,5.07185122569738,208.76470588235293,0,3619.98,DERIVED,sakay_gtfs_master_historic|worldpop_phl_2020_1km
LTFRB_PUJ1007,,A. Luna - Libertad,"Leveriza, Manila - Antonio Arnaiz Ave / F.B. Harrison St Intersection",724631,2.245,stop_sequence_approx,8,1.0,17.0,1020.0,1.0,gtfs_frequencies_typical_weekday,2289.9,225215.9,96.254,2.094,1.072,0.0,0.434,True,False,44.0,D,ordered-stop planning approximation | few representative stops,True,DERIVED,0,historic_only,uncertain,,,historic_gtfs_baseline,sakay_gtfs_master_historic,No current route validation supplied.,,,False,,historic_only,a-luna__libertad,3.5634743875278394,320.7142857142857,0,2289.9,DERIVED,sakay_gtfs_master_historic|worldpop_phl_2020_1km
LTFRB_PUJ1008,,A. Luna - Libertad,"Antonio Arnaiz Ave / F.B. Harrison St Intersection - Leveriza, Manila",724825,2.252,stop_sequence_approx,9,1.0,17.0,1020.0,1.0,gtfs_frequencies_typical_weekday,2297.04,154616.3,89.393,2.094,1.075,0.0,0.434,True,False,44.0,D,ordered-stop planning approximation | few representative stops,True,DERIVED,0,historic_only,uncertain,,,historic_gtfs_baseline,sakay_gtfs_master_historic,No current route validation supplied.,,,False,,historic_only,a-luna__libertad,3.9964476021314392,281.5,0,2297.04,DERIVED,sakay_gtfs_master_historic|worldpop_phl_2020_1km
LTFRB_PUJ1009,,Mayhaligue - Plaza dela Barca via J.A.,"Jose Abad Santos Ave., Manila - Juan Luna / Veronica Intersection, Manila",725075,1.177,stop_sequence_approx,7,1.0,17.0,1020.0,1.0,gtfs_frequencies_typical_weekday,1200.54,197760.5,96.054,1.131,1.04,0.0,0.246,True,False,44.0,D,ordered-stop planning approximation | few representative stops,True,DERIVED,0,historic_only,uncertain,,,historic_gtfs_baseline,sakay_gtfs_master_historic,No current route validation supplied.,,,False,,historic_only,mayhaligue__plaza-dela-barca,5.94732370433305,196.16666666666666,0,1200.54,DERIVED,sakay_gtfs_master_historic|worldpop_phl_2020_1km
LTFRB_PUJ1010,,Mayhaligue - Plaza dela Barca via J.A.,"Juan Luna / Veronica Intersection, Manila - Jose Abad Santos Ave., Manila",724914,1.177,stop_sequence_approx,7,1.0,17.0,1020.0,1.0,gtfs_frequencies_typical_weekday,1200.54,197760.5,96.054,1.131,1.04,0.0,0.246,True,False,44.0,D,ordered-stop planning approximation | few representative stops,True,DERIVED,0,historic_only,uncertain,,,historic_gtfs_baseline,sakay_gtfs_master_historic,No current route validation supplied.,,,False,,historic_only,mayhaligue__plaza-dela-barca,5.94732370433305,196.16666666666666,0,1200.54,DERIVED,sakay_gtfs_master_historic|worldpop_phl_2020_1km
LTFRB_PUJ1011,,A. Rivera - Raon via Tomas Mapua,"Jose Abad Santos Avenue / Tayuman Road, Quezon City - A F. Torres, Manila",724923,2.17,stop_sequence_approx,13,1.0,17.0,1020.0,2.0,gtfs_frequencies_typical_weekday,2213.4,254972.3,96.939,1.745,1.243,0.0,0.338,True,False,56.0,C,ordered-stop planning approximation,True,DERIVED,0,historic_only,uncertain,,,historic_gtfs_baseline,sakay_gtfs_master_historic,No current route validation supplied.,,,False,,historic_only,a-rivera__raon,5.990783410138249,180.83333333333334,0,2213.4,DERIVED,sakay_gtfs_master_historic|worldpop_phl_2020_1km
LTFRB_PUJ1012,,A. Rivera - Raon via Tomas Mapua,"A F. Torres, Manila - Jose Abad Santos Avenue / Tayuman Road, Quezon City",726064,2.35,stop_sequence_approx,13,1.0,17.0,1020.0,1.0,gtfs_frequencies_typical_weekday,2397.0,316502.0,97.534,1.745,1.347,0.0,0.36,True,False,56.0,C,ordered-stop planning approximation,True,DERIVED,1,historic_only,uncertain,,,historic_gtfs_baseline,sakay_gtfs_master_historic,No current route validation supplied.,,,False,,historic_only,a-rivera__raon,5.531914893617021,195.83333333333334,0,2397.0,DERIVED,sakay_gtfs_master_historic|worldpop_phl_2020_1km
LTFRB_PUJ1013,,Alabang - Baclaran via Ninoy Aquino,"Dr A. Santos Ave, Parañaque City, Manila - Redemptorist Road, Parañaque City, Manila",726294,13.563,stop_sequence_approx,49,1.0,17.0,1020.0,1.0,gtfs_frequencies_typical_weekday,13834.26,443017.2,53.89,10.194,1.331,0.0,0.659,True,False,56.0,C,ordered-stop planning approximation,True,DERIVED,1,historic_only,uncertain,,,historic_gtfs_baseline,sakay_gtfs_master_historic,No current route validation supplied.,,,False,,historic_only,alabang__baclaran,3.6127700361277,282.5625,0,13834.26,DERIVED,sakay_gtfs_master_historic|worldpop_phl_2020_1km
LTFRB_PUJ1014,,Alabang - Baclaran via Ninoy Aquino,"Redemptorist Road, Parañaque City, Manila - Dr A. Santos Ave, Parañaque City, Manila",726355,13.468,stop_sequence_approx,51,1.0,17.0,1020.0,1.0,gtfs_frequencies_typical_weekday,13737.36,487318.3,60.13,10.194,1.321,0.0,0.471,True,False,56.0,C,ordered-stop planning approximation,True,DERIVED,1,historic_only,uncertain,,,historic_gtfs_baseline,sakay_gtfs_master_historic,No current route validation supplied.,,,False,,historic_only,alabang__baclaran,3.7867537867537866,269.36,0,13737.36,DERIVED,sakay_gtfs_master_historic|worldpop_phl_2020_1km
LTFRB_PUJ1015,,"Alabang - Baclaran via San Dionisio, Zapote","Pinaglabanan / Quirino Avenue, Parañaque City, Manila - South Luzon Expressway / Montillano St Intersection, Muntinlupa City, Manila",725525,18.467,stop_sequence_approx,68,1.0,17.0,1020.0,1.0,gtfs_frequencies_typical_weekday,18836.34,656903.1,67.038,13.268,1.392,0.0,0.512,True,False,56.0,C,ordered-stop planning approximation,True,DERIVED,2,historic_only,uncertain,,,historic_gtfs_baseline,sakay_gtfs_master_historic,No current route validation supplied.,,,False,,historic_only,alabang__baclaran,3.682244002815834,275.6268656716418,0,18836.34,DERIVED,sakay_gtfs_master_historic|worldpop_phl_2020_1km
LTFRB_PUJ1016,,"Alabang - Baclaran via San Dionisio, Zapote","South Luzon Expressway / Montillano St Intersection, Muntinlupa City, Manila - Pinaglabanan / Quirino Avenue, Parañaque City, Manila",725602,19.261,stop_sequence_approx,65,1.0,17.0,1020.0,1.0,gtfs_frequencies_typical_weekday,19646.22,651064.3,66.771,13.268,1.452,0.0,0.52,True,False,56.0,C,ordered-stop planning approximation,True,DERIVED,2,historic_only,uncertain,,,historic_gtfs_baseline,sakay_gtfs_master_historic,No current route validation supplied.,,,False,,historic_only,alabang__baclaran,3.3746949794922383,300.953125,0,19646.22,DERIVED,sakay_gtfs_master_historic|worldpop_phl_2020_1km
LTFRB_PUJ1017,,Alabang - Carmona,"Governor's Drive, Carmona, Manila - Civic Dr, Muntinlupa City, Manila",726266,12.171,stop_sequence_approx,33,1.0,17.0,1020.0,1.0,gtfs_frequencies_typical_weekday,12414.42,329572.4,57.582,10.863,1.12,0.0,0.677,True,False,56.0,C,ordered-stop planning approximation,True,DERIVED,0,historic_only,uncertain,,,historic_gtfs_baseline,sakay_gtfs_master_historic,No current route validation supplied.,,,False,,historic_only,alabang__carmona,2.7113630761646537,380.34375,0,12414.42,DERIVED,sakay_gtfs_master_historic|worldpop_phl_2020_1km
LTFRB_PUJ1018,,Alabang - Carmona,"Civic Dr, Muntinlupa City, Manila - Governor's Drive, Carmona, Manila",724847,12.101,stop_sequence_approx,33,1.0,17.0,1020.0,1.0,gtfs_frequencies_typical_weekday,12343.02,329572.4,57.582,10.863,1.114,0.0,0.677,True,True,48.0,D,ordered-stop planning approximation | self-intersection detected,True,DERIVED,0,historic_only,uncertain,,,historic_gtfs_baseline,sakay_gtfs_master_historic,No current route validation supplied.,,,False,,historic_only,alabang__carmona,2.727047351458557,378.15625,0,12343.02,DERIVED,sakay_gtfs_master_historic|worldpop_phl_2020_1km
LTFRB_PUJ1019,,Alabang - GMA via Carmona National Rd.,"National Hwy, Biñan City, Manila - Starmall Footbridge, Starmall Starmall Service Rd, Muntinlupa City, Manila",725346,12.086,stop_sequence_approx,43,1.0,17.0,1020.0,1.0,gtfs_frequencies_typical_weekday,12327.72,432663.0,65.871,10.001,1.208,0.0,0.719,True,False,56.0,C,ordered-stop planning approximation,True,DERIVED,3,historic_only,uncertain,,,historic_gtfs_baseline,sakay_gtfs_master_historic,No current route validation supplied.,,,False,,historic_only,alabang__gma,3.557835512162833,287.76190476190476,0,12327.72,DERIVED,sakay_gtfs_master_historic|worldpop_phl_2020_1km
LTFRB_PUJ1020,,Alabang - GMA via Carmona National Rd.,"Starmall Footbridge, Starmall Starmall Service Rd, Muntinlupa City, Manila - National Hwy, Biñan City, Manila",724654,10.899,stop_sequence_approx,43,1.0,17.0,1020.0,2.0,gtfs_frequencies_typical_weekday,11116.98,420923.7,67.708,10.001,1.09,0.0,0.392,True,False,56.0,C,ordered-stop planning approximation,True,DERIVED,2,historic_only,uncertain,,,historic_gtfs_baseline,sakay_gtfs_master_historic,No current route validation supplied.,,,False,,historic_only,alabang__gma,3.945316084044408,259.5,0,11116.98,DERIVED,sakay_gtfs_master_historic|worldpop_phl_2020_1km
LTFRB_PUJ1021,,"Alabang - GMA via South Expressway, Carmona Exit","Biyaya Polytechnic Academy, Congressional Road, General Mariano Alvarez, Manila - South Luzon Expressway, Muntinlupa City, Manila",725773,20.12,stop_sequence_approx,57,1.0,17.0,1020.0,1.0,gtfs_frequencies_typical_weekday,20522.4,469562.0,52.863,15.097,1.333,0.0,0.625,True,False,56.0,C,ordered-stop planning approximation,True,DERIVED,0,historic_only,uncertain,,,historic_gtfs_baseline,sakay_gtfs_master_historic,No current route validation supplied.,,,False,,historic_only,alabang__gma,2.83300198807157,359.2857142857143,0,20522.4,DERIVED,sakay_gtfs_master_historic|worldpop_phl_2020_1km
LTFRB_PUJ1022,,"Alabang - GMA via South Expressway, Carmona Exit","National Hwy, Muntinlupa City, Manila - Biyaya Polytechnic Academy, Congressional Road, General Mariano Alvarez, Manila",726150,31.532,stop_sequence_approx,91,1.0,17.0,1020.0,1.0,gtfs_frequencies_typical_weekday,32162.64,562159.0,53.892,15.09,2.09,0.1758,0.625,True,True,42.0,D,ordered-stop planning approximation | duplicate coordinates | self-intersection detected,True,DERIVED,0,historic_only,uncertain,,,historic_gtfs_baseline,sakay_gtfs_master_historic,No current route validation supplied.,,,False,,historic_only,alabang__gma,2.885957122922745,350.35555555555555,0,32162.64,DERIVED,sakay_gtfs_master_historic|worldpop_phl_2020_1km
LTFRB_PUJ1023,,Alabang - FTI via South Super Highway,"DBP Ave, Taguig City, Manila, Manila - National Hwy / UP St Intersection, Muntinlupa City, Manila",725261,11.345,stop_sequence_approx,30,1.0,17.0,1020.0,1.0,gtfs_frequencies_typical_weekday,11571.9,356707.2,87.562,10.273,1.104,0.0,0.686,True,False,56.0,C,ordered-stop planning approximation,True,DERIVED,2,historic_only,uncertain,,,historic_gtfs_baseline,sakay_gtfs_master_historic,No current route validation supplied.,,,False,,historic_only,alabang__fti,2.644336712208021,391.2068965517241,0,11571.9,DERIVED,sakay_gtfs_master_historic|worldpop_phl_2020_1km
LTFRB_PUJ1024,,Alabang - FTI via South Super Highway,"National Hwy / UP St Intersection, Muntinlupa City, Manila - DBP Ave, Taguig City, Manila, Manila",725481,14.369,stop_sequence_approx,42,1.0,17.0,1020.0,1.0,gtfs_frequencies_typical_weekday,14656.38,520228.1,90.455,10.273,1.399,0.0952,0.686,True,True,48.0,D,ordered-stop planning approximation | self-intersection detected,True,DERIVED,5,historic_only,uncertain,,,historic_gtfs_baseline,sakay_gtfs_master_historic,No current route validation supplied.,,,False,,historic_only,alabang__fti,2.922959148166191,350.4634146341463,0,14656.38,DERIVED,sakay_gtfs_master_historic|worldpop_phl_2020_1km
LTFRB_PUJ1025,,"Alabang - Muntinlupa via National Rd. up to Bayan-bayanan, San Pedro","BBL Trans San Pedro Terminal, National Hwy, San Pedro, Manila - National Hwy / Visayas St Intersection, Muntinlupa City, Manila",726122,6.033,stop_sequence_approx,25,1.0,17.0,1020.0,1.0,gtfs_frequencies_typical_weekday,6153.660000000001,258690.6,70.885,5.55,1.087,0.0,0.392,True,False,56.0,C,ordered-stop planning approximation,True,DERIVED,1,historic_only,uncertain,,,historic_gtfs_baseline,sakay_gtfs_master_historic,No current route validation supplied.,,,False,,historic_only,alabang__muntinlupa,4.143875352229404,251.375,0,6153.660000000001,DERIVED,sakay_gtfs_master_historic|worldpop_phl_2020_1km
LTFRB_PUJ1026,,"Alabang - Muntinlupa via National Rd. up to Bayan-bayanan, San Pedro","National Hwy / Visayas St Intersection, Muntinlupa City, Manila - BBL Trans San Pedro Terminal, National Hwy, San Pedro, Manila",725846,6.033,stop_sequence_approx,25,1.0,17.0,1020.0,1.0,gtfs_frequencies_typical_weekday,6153.660000000001,258690.6,70.885,5.55,1.087,0.0,0.392,True,False,56.0,C,ordered-stop planning approximation,True,DERIVED,1,historic_only,uncertain,,,historic_gtfs_baseline,sakay_gtfs_master_historic,No current route validation supplied.,,,False,,historic_only,alabang__muntinlupa,4.143875352229404,251.375,0,6153.660000000001,DERIVED,sakay_gtfs_master_historic|worldpop_phl_2020_1km
LTFRB_PUJ1028,,Alabang - Muntinlupa Bilibid Prison via Katarungan Village,"Starmall Footbridge, Starmall Starmall Service Rd, Muntinlupa City, Manila - C Arellano St / G Araneta St Intersection, Muntinlupa City, Manila",724812,5.986,stop_sequence_approx,27,1.0,17.0,1020.0,2.0,gtfs_frequencies_typical_weekday,6105.719999999999,185492.9,70.969,4.485,1.335,0.0,0.333,True,False,56.0,C,ordered-stop planning approximation,True,DERIVED,2,historic_only,uncertain,,,historic_gtfs_baseline,sakay_gtfs_master_historic,No current route validation supplied.,,,False,,historic_only,alabang__muntinlupa-bilibid-prison,4.510524557300368,230.23076923076923,0,6105.719999999999,DERIVED,sakay_gtfs_master_historic|worldpop_phl_2020_1km
LTFRB_PUJ1029,,Alabang - Pasay RTDA. Via FTI Service Rd.,"DBP Ave, Taguig City, Manila, Manila - Epifanio de los Santos Avenue, Lungsod ng Pasay",726156,8.096,stop_sequence_approx,22,1.0,17.0,1020.0,1.0,gtfs_frequencies_typical_weekday,8257.92,364209.3,81.351,6.624,1.222,0.0,0.631,True,False,56.0,C,ordered-stop planning approximation,True,DERIVED,0,historic_only,uncertain,,,historic_gtfs_baseline,sakay_gtfs_master_historic,No current route validation supplied.,,,False,,historic_only,alabang__pasay-rtda,2.717391304347826,385.5238095238095,0,8257.92,DERIVED,sakay_gtfs_master_historic|worldpop_phl_2020_1km
LTFRB_PUJ1030,,Alabang - Pasay RTDA. Via FTI Service Rd.,"Epifanio de los Santos Avenue, Lungsod ng Pasay - DBP Ave, Taguig City, Manila, Manila",725168,8.134,stop_sequence_approx,23,1.0,17.0,1020.0,1.0,gtfs_frequencies_typical_weekday,8296.68,364209.3,81.351,6.624,1.228,0.0,0.631,True,False,56.0,C,ordered-stop planning approximation,True,DERIVED,2,historic_only,uncertain,,,historic_gtfs_baseline,sakay_gtfs_master_historic,No current route validation supplied.,,,False,,historic_only,alabang__pasay-rtda,2.827637078927957,369.72727272727275,0,8296.68,DERIVED,sakay_gtfs_master_historic|worldpop_phl_2020_1km
LTFRB_PUJ1031,,Alabang - Pasay RTDA. Via South Super Highway,"DBP Ave, Taguig City, Manila, Manila - Epifanio de los Santos Avenue, Diosdado Macapagal Blvd, Lungsod ng Pasay",725560,8.428,stop_sequence_approx,23,1.0,17.0,1020.0,1.0,gtfs_frequencies_typical_weekday,8596.560000000001,364209.3,81.351,6.867,1.227,0.0,0.631,True,False,56.0,C,ordered-stop planning approximation,True,DERIVED,0,historic_only,uncertain,,,historic_gtfs_baseline,sakay_gtfs_master_historic,No current route validation supplied.,,,False,,historic_only,alabang__pasay-rtda,2.728998576174656,383.09090909090907,0,8596.560000000001,DERIVED,sakay_gtfs_master_historic|worldpop_phl_2020_1km
LTFRB_PUJ1033,,Alabang - Signal Village via South Expressway Service Road,"DBP Ave, Taguig City, Manila, Manila - National Hwy / UP St Intersection, Muntinlupa City, Manila",724642,11.533,stop_sequence_approx,30,1.0,17.0,1020.0,1.0,gtfs_frequencies_typical_weekday,11763.66,395423.6,88.78,10.423,1.107,0.0,0.741,True,False,56.0,C,ordered-stop planning approximation,True,DERIVED,2,historic_only,uncertain,,,historic_gtfs_baseline,sakay_gtfs_master_historic,No current route validation supplied.,,,False,,historic_only,alabang__signal-village,2.601231249458077,397.6896551724138,0,11763.66,DERIVED,sakay_gtfs_master_historic|worldpop_phl_2020_1km
LTFRB_PUJ1034,,Alabang - Signal Village via South Expressway Service Road,"National Hwy / UP St Intersection, Muntinlupa City, Manila - DBP Ave, Taguig City, Manila, Manila",726321,14.01,stop_sequence_approx,40,1.0,17.0,1020.0,1.0,gtfs_frequencies_typical_weekday,14290.2,520228.1,90.455,10.423,1.344,0.075,0.686,True,True,48.0,D,ordered-stop planning approximation | self-intersection detected,True,DERIVED,5,historic_only,uncertain,,,historic_gtfs_baseline,sakay_gtfs_master_historic,No current route validation supplied.,,,False,,historic_only,alabang__signal-village,2.8551034975017844,359.2307692307692,0,14290.2,DERIVED,sakay_gtfs_master_historic|worldpop_phl_2020_1km
LTFRB_PUJ1035,,(Alabang) Pacita Complex - Sucat,"South Luzon Expressway / Montillano St Intersection, Muntinlupa City, Manila - South Luzon Expressway, Muntinlupa City, Manila",726261,3.647,stop_sequence_approx,10,1.0,17.0,1020.0,1.0,gtfs_frequencies_typical_weekday,3719.94,69826.5,46.821,3.609,1.011,0.0,0.499,True,False,44.0,D,ordered-stop planning approximation | few representative stops,True,DERIVED,1,historic_only,uncertain,,,historic_gtfs_baseline,sakay_gtfs_master_historic,No current route validation supplied.,,,False,,historic_only,alabang-pacita-complex__sucat,2.741979709350151,405.22222222222223,0,3719.94,DERIVED,sakay_gtfs_master_historic|worldpop_phl_2020_1km
LTFRB_PUJ1036,,(Alabang) Pacita Complex - Sucat,"South Luzon Expressway, Muntinlupa City, Manila - South Luzon Expressway / Montillano St Intersection, Muntinlupa City, Manila",725968,6.735,stop_sequence_approx,18,1.0,17.0,1020.0,1.0,gtfs_frequencies_typical_weekday,6869.700000000001,109755.0,52.931,3.609,1.866,0.0556,0.499,True,True,48.0,D,ordered-stop planning approximation | self-intersection detected,True,DERIVED,3,historic_only,uncertain,,,historic_gtfs_baseline,sakay_gtfs_master_historic,No current route validation supplied.,,,False,,historic_only,alabang-pacita-complex__sucat,2.6726057906458798,396.1764705882353,0,6869.700000000001,DERIVED,sakay_gtfs_master_historic|worldpop_phl_2020_1km
LTFRB_PUJ1037,,Alabang - Sucat via Cupang (East Service Rd.),"South Luzon Expressway / Montillano St Intersection, Muntinlupa City, Manila - Dr A. Santos Ave, Parañaque City, Manila",724859,4.459,stop_sequence_approx,11,1.0,17.0,1020.0,1.0,gtfs_frequencies_typical_weekday,4548.179999999999,80921.9,40.401,3.83,1.164,0.0,1.009,True,False,44.0,D,ordered-stop planning approximation | few representative stops,True,DERIVED,0,historic_only,uncertain,,,historic_gtfs_baseline,sakay_gtfs_master_historic,No current route validation supplied.,,,False,,historic_only,alabang__sucat,2.466920834267773,445.9,0,4548.179999999999,DERIVED,sakay_gtfs_master_historic|worldpop_phl_2020_1km
LTFRB_PUJ1038,,Alabang - Sucat via Cupang (East Service Rd.),"Dr A. Santos Ave, Parañaque City, Manila - South Luzon Expressway / Montillano St Intersection, Muntinlupa City, Manila",725499,4.459,stop_sequence_approx,11,1.0,17.0,1020.0,1.0,gtfs_frequencies_typical_weekday,4548.179999999999,80921.9,40.401,3.83,1.164,0.0,1.009,True,False,44.0,D,ordered-stop planning approximation | few representative stops,True,DERIVED,0,historic_only,uncertain,,,historic_gtfs_baseline,sakay_gtfs_master_historic,No current route validation supplied.,,,False,,historic_only,alabang__sucat,2.466920834267773,445.9,0,4548.179999999999,DERIVED,sakay_gtfs_master_historic|worldpop_phl_2020_1km
LTFRB_PUJ1040,,Alabang - Zapote (Las Piñas),"Quirino Ave, Bacoor City, Manila - Starmall Footbridge, Starmall Starmall Service Rd, Muntinlupa City, Manila",725210,11.307,stop_sequence_approx,40,1.0,17.0,1020.0,1.0,gtfs_frequencies_typical_weekday,11533.14,427609.6,73.558,10.267,1.101,0.0,0.551,True,False,56.0,C,ordered-stop planning approximation,True,DERIVED,3,historic_only,uncertain,,,historic_gtfs_baseline,sakay_gtfs_master_historic,No current route validation supplied.,,,False,,historic_only,alabang__zapote-las-pinas,3.5376315556734763,289.9230769230769,0,11533.14,DERIVED,sakay_gtfs_master_historic|worldpop_phl_2020_1km
LTFRB_PUJ1041,,Almanza ( Las Piñas ) - Baclaran,"F.B. Harrison Street / Taft Avenue Extension Intersection, Lungsod ng Pasay, Manila - Alabang-Zapote Road, Muntinlupa City, Manila",725147,14.824,stop_sequence_approx,57,1.0,17.0,1020.0,1.0,gtfs_frequencies_typical_weekday,15120.48,672862.0,71.106,11.089,1.337,0.0,0.512,True,False,56.0,C,ordered-stop planning approximation,True,DERIVED,1,historic_only,uncertain,,,historic_gtfs_baseline,sakay_gtfs_master_historic,No current route validation supplied.,,,False,,historic_only,almanza-las-pinas__baclaran,3.845116028062601,264.7142857142857,0,15120.48,DERIVED,sakay_gtfs_master_historic|worldpop_phl_2020_1km
LTFRB_PUJ1042,,Almanza ( Las Piñas ) - Baclaran,"Alabang-Zapote Road, Muntinlupa City, Manila - F.B. Harrison Street / Taft Avenue Extension Intersection, Lungsod ng Pasay, Manila",724829,15.587,stop_sequence_approx,57,1.0,17.0,1020.0,1.0,gtfs_frequencies_typical_weekday,15898.74,682840.4,70.067,11.089,1.406,0.0,0.518,True,False,56.0,C,ordered-stop planning approximation,True,DERIVED,1,historic_only,uncertain,,,historic_gtfs_baseline,sakay_gtfs_master_historic,No current route validation supplied.,,,False,,historic_only,almanza-las-pinas__baclaran,3.6568935651504457,278.3392857142857,0,15898.74,DERIVED,sakay_gtfs_master_historic|worldpop_phl_2020_1km
LTFRB_PUJ1043,,Antipolo - Cubao via Marcos Highway,"Martinez St / R. De Jesus Intersection, Antipolo City, Manila - 8th Ave, Quezon City, Manila",725734,22.227,stop_sequence_approx,107,1.0,17.0,1020.0,1.0,gtfs_frequencies_typical_weekday,22671.54,921238.4,79.944,13.107,1.696,0.0,0.647,True,False,56.0,C,ordered-stop planning approximation,True,DERIVED,0,historic_only,uncertain,,,historic_gtfs_baseline,sakay_gtfs_master_historic,No current route validation supplied.,,,False,,historic_only,antipolo__cubao,4.813964997525532,209.68867924528303,0,22671.54,DERIVED,sakay_gtfs_master_historic|worldpop_phl_2020_1km
LTFRB_PUJ1044,,Antipolo - Cubao via Marcos Highway,"8th Ave, Quezon City, Manila - Martinez St / R. De Jesus Intersection, Antipolo City, Manila",726053,21.564,stop_sequence_approx,105,1.0,17.0,1020.0,1.0,gtfs_frequencies_typical_weekday,21995.28,896729.0,79.396,13.107,1.645,0.0,0.44,True,False,56.0,C,ordered-stop planning approximation,True,DERIVED,0,historic_only,uncertain,,,historic_gtfs_baseline,sakay_gtfs_master_historic,No current route validation supplied.,,,False,,historic_only,antipolo__cubao,4.869226488592098,207.34615384615384,0,21995.28,DERIVED,sakay_gtfs_master_historic|worldpop_phl_2020_1km
LTFRB_PUJ1045,,Antipolo - Cubao via Sumulong,"Martinez St / R. De Jesus Intersection, Antipolo City, Manila - 8th Ave, Quezon City, Manila",725527,21.195,stop_sequence_approx,87,1.0,17.0,1020.0,1.0,gtfs_frequencies_typical_weekday,21618.9,598458.4,72.124,13.107,1.617,0.0,0.719,True,False,56.0,C,ordered-stop planning approximation,True,DERIVED,0,historic_only,uncertain,,,historic_gtfs_baseline,sakay_gtfs_master_historic,No current route validation supplied.,,,False,,historic_only,antipolo__cubao,4.104741684359519,246.45348837209303,0,21618.9,DERIVED,sakay_gtfs_master_historic|worldpop_phl_2020_1km
LTFRB_PUJ1046,,Antipolo - Cubao via Sumulong,"8th Ave, Quezon City, Manila - Martinez St / R. De Jesus Intersection, Antipolo City, Manila",725178,19.026,stop_sequence_approx,76,1.0,17.0,1020.0,1.0,gtfs_frequencies_typical_weekday,19406.52,481851.8,65.378,13.107,1.452,0.0,0.44,True,False,56.0,C,ordered-stop planning approximation,True,DERIVED,0,historic_only,uncertain,,,historic_gtfs_baseline,sakay_gtfs_master_historic,No current route validation supplied.,,,False,,historic_only,antipolo__cubao,3.9945337958582994,253.68,0,19406.52,DERIVED,sakay_gtfs_master_historic|worldpop_phl_2020_1km
LTFRB_PUJ1047,,Antipolo - EDSA/Shaw Blvd.,"Ortigas Avenue Extension / L. Sumulong Memorial Cir Intersection, Antipolo City, Manila - Sheridan / United Street, Mandaluyong City, Manila",724909,14.053,stop_sequence_approx,71,1.0,17.0,1020.0,1.0,gtfs_frequencies_typical_weekday,14334.06,488182.2,67.164,12.225,1.15,0.0,0.541,True,False,56.0,C,ordered-stop planning approximation,True,DERIVED,0,historic_only,uncertain,,,historic_gtfs_baseline,sakay_gtfs_master_historic,No current route validation supplied.,,,False,,historic_only,antipolo__edsa-shaw-blvd,5.052301999573045,200.75714285714287,0,14334.06,DERIVED,sakay_gtfs_master_historic|worldpop_phl_2020_1km
LTFRB_PUJ1048,,Antipolo - EDSA/Shaw Blvd.,"Sheridan / United Street, Mandaluyong City, Manila - Ortigas Avenue Extension / L. Sumulong Memorial Cir Intersection, Antipolo City, Manila",725889,13.837,stop_sequence_approx,70,1.0,17.0,1020.0,1.0,gtfs_frequencies_typical_weekday,14113.74,488182.2,67.164,12.225,1.132,0.0,0.541,True,False,56.0,C,ordered-stop planning approximation,True,DERIVED,0,historic_only,uncertain,,,historic_gtfs_baseline,sakay_gtfs_master_historic,No current route validation supplied.,,,False,,historic_only,antipolo__edsa-shaw-blvd,5.058900050589001,200.53623188405797,0,14113.74,DERIVED,sakay_gtfs_master_historic|worldpop_phl_2020_1km
LTFRB_PUJ1049,,Antipolo - JRC Ortigas/Shaw,"P. Oliveros St / A. Bonifacio St Intersection, Antipolo City, Manila - Lawson / Shaw Blvd Intersection, Mandaluyong City, Manila",726001,17.608,stop_sequence_approx,81,1.0,17.0,1020.0,1.0,gtfs_frequencies_typical_weekday,17960.16,776493.9,79.643,15.523,1.134,0.0,0.647,True,False,56.0,C,ordered-stop planning approximation,True,DERIVED,0,historic_only,uncertain,,,historic_gtfs_baseline,sakay_gtfs_master_historic,No current route validation supplied.,,,False,,historic_only,antipolo__jrc-ortigas-shaw,4.600181735574739,220.1,0,17960.16,DERIVED,sakay_gtfs_master_historic|worldpop_phl_2020_1km
LTFRB_PUJ1050,,Antipolo - JRC Ortigas/Shaw,"Lawson / Shaw Blvd Intersection, Mandaluyong City, Manila - P. Oliveros St / A. Bonifacio St Intersection, Antipolo City, Manila",724873,17.285,stop_sequence_approx,79,1.0,17.0,1020.0,1.0,gtfs_frequencies_typical_weekday,17630.7,776493.9,79.643,15.523,1.114,0.0,0.647,True,False,56.0,C,ordered-stop planning approximation,True,DERIVED,0,historic_only,uncertain,,,historic_gtfs_baseline,sakay_gtfs_master_historic,No current route validation supplied.,,,False,,historic_only,antipolo__jrc-ortigas-shaw,4.570436794908881,221.60256410256412,0,17630.7,DERIVED,sakay_gtfs_master_historic|worldpop_phl_2020_1km
LTFRB_PUJ1051,,Antipolo (Cogeo) - Marikina via Sumulong,"Martinez St / R. De Jesus Intersection, Antipolo City, Manila - Shoe Ave, Marikina City, Manila",725470,13.314,stop_sequence_approx,60,1.0,17.0,1020.0,1.0,gtfs_frequencies_typical_weekday,13580.28,284001.6,55.015,9.839,1.353,0.0,0.358,True,False,56.0,C,ordered-stop planning approximation,True,DERIVED,0,historic_only,uncertain,,,historic_gtfs_baseline,sakay_gtfs_master_historic,No current route validation supplied.,,,False,,historic_only,antipolo-cogeo__marikina,4.506534474988734,225.66101694915255,0,13580.28,DERIVED,sakay_gtfs_master_historic|worldpop_phl_2020_1km
LTFRB_PUJ1053,,Anonas/Aurora - Lagro via Don Mariano Marcos Ave.,"Anonas / Molave Intersection, Quezon City, Manila - Ascencion Avenue / Caridad Intersection, Quezon City",725313,17.225,stop_sequence_approx,67,1.0,17.0,1020.0,1.0,gtfs_frequencies_typical_weekday,17569.5,653305.0,77.497,11.604,1.484,0.0,0.48,True,False,56.0,C,ordered-stop planning approximation,True,DERIVED,0,historic_only,uncertain,,,historic_gtfs_baseline,sakay_gtfs_master_historic,No current route validation supplied.,,,False,,historic_only,anonas-aurora__lagro,3.889695210449927,260.9848484848485,0,17569.5,DERIVED,sakay_gtfs_master_historic|worldpop_phl_2020_1km
LTFRB_PUJ1054,,Anonas/Aurora - Lagro via Don Mariano Marcos Ave.,"Ascencion Avenue / Caridad Intersection, Quezon City - Anonas / Molave Intersection, Quezon City, Manila",726401,17.743,stop_sequence_approx,70,1.0,17.0,1020.0,1.0,gtfs_frequencies_typical_weekday,18097.86,653305.0,77.497,11.604,1.529,0.0,0.531,True,False,56.0,C,ordered-stop planning approximation,True,DERIVED,0,historic_only,uncertain,,,historic_gtfs_baseline,sakay_gtfs_master_historic,No current route validation supplied.,,,False,,historic_only,anonas-aurora__lagro,3.9452178323846026,257.1449275362319,0,18097.86,DERIVED,sakay_gtfs_master_historic|worldpop_phl_2020_1km
LTFRB_PUJ1055,,Arroceros - Proj. 2 & 3 via Kamuning E. Rodriguez,"Molave, Quezon City, Manila - Padre Burgos St, Manila",725858,13.268,stop_sequence_approx,52,1.0,17.0,1020.0,1.0,gtfs_frequencies_typical_weekday,13533.36,686197.0,91.134,10.421,1.273,0.0,0.448,True,False,56.0,C,ordered-stop planning approximation,True,DERIVED,0,historic_only,uncertain,,,historic_gtfs_baseline,sakay_gtfs_master_historic,No current route validation supplied.,,,False,,historic_only,arroceros__proj-2-3,3.919204100090443,260.15686274509807,0,13533.36,DERIVED,sakay_gtfs_master_historic|worldpop_phl_2020_1km
LTFRB_PUJ1056,,Arroceros - Proj. 2 & 3 via Kamuning E. Rodriguez,"Padre Burgos St, Manila - Molave, Quezon City, Manila",725116,12.535,stop_sequence_approx,46,1.0,17.0,1020.0,1.0,gtfs_frequencies_typical_weekday,12785.7,673680.2,92.828,10.421,1.203,0.0,0.495,True,False,56.0,C,ordered-stop planning approximation,True,DERIVED,0,historic_only,uncertain,,,historic_gtfs_baseline,sakay_gtfs_master_historic,No current route validation supplied.,,,False,,historic_only,arroceros__proj-2-3,3.6697247706422016,278.55555555555554,0,12785.7,DERIVED,sakay_gtfs_master_historic|worldpop_phl_2020_1km
LTFRB_PUJ1057,,Arroceros - Roxas Dist. Via Espana,"Mayor Antonio J. Villegas Rd, Manilla - Halcon / Espana Boulevard Intersection, Manila",725104,4.272,stop_sequence_approx,19,1.0,17.0,1020.0,1.0,gtfs_frequencies_typical_weekday,4357.4400000000005,312038.0,94.089,3.318,1.288,0.0,0.405,True,False,56.0,C,ordered-stop planning approximation,True,DERIVED,0,historic_only,uncertain,,,historic_gtfs_baseline,sakay_gtfs_master_historic,No current route validation supplied.,,,False,,historic_only,arroceros__roxas-dist,4.4475655430711605,237.33333333333334,0,4357.4400000000005,DERIVED,sakay_gtfs_master_historic|worldpop_phl_2020_1km
LTFRB_PUJ1058,,Arroceros - Roxas Dist. Via Espana,"Halcon / Espana Boulevard Intersection, Manila - Mayor Antonio J. Villegas Rd, Manilla",725851,4.272,stop_sequence_approx,19,1.0,17.0,1020.0,1.0,gtfs_frequencies_typical_weekday,4357.4400000000005,312038.0,94.089,3.318,1.288,0.0,0.405,True,False,56.0,C,ordered-stop planning approximation,True,DERIVED,0,historic_only,uncertain,,,historic_gtfs_baseline,sakay_gtfs_master_historic,No current route validation supplied.,,,False,,historic_only,arroceros__roxas-dist,4.4475655430711605,237.33333333333334,0,4357.4400000000005,DERIVED,sakay_gtfs_master_historic|worldpop_phl_2020_1km
LTFRB_PUJ1059,,Ayala - Pateros via J.P. Rizal,"M. Almeda, Pateros, Manila - Makati Ave / A. Arnaiz Ave, Makati City, Manila",726069,8.034,stop_sequence_approx,36,1.0,17.0,1020.0,1.0,gtfs_frequencies_typical_weekday,8194.68,402300.0,87.741,4.876,1.648,0.0,0.453,True,False,56.0,C,ordered-stop planning approximation,True,DERIVED,0,historic_only,uncertain,,,historic_gtfs_baseline,sakay_gtfs_master_historic,No current route validation supplied.,,,False,,historic_only,ayala__pateros,4.480955937266616,229.54285714285717,0,8194.68,DERIVED,sakay_gtfs_master_historic|worldpop_phl_2020_1km
LTFRB_PUJ1060,,Ayala - Pateros via J.P. Rizal,"Makati Ave / A. Arnaiz Ave, Makati City, Manila - M. Almeda, Pateros, Manila",725011,7.303,stop_sequence_approx,28,1.0,17.0,1020.0,1.0,gtfs_frequencies_typical_weekday,7449.059999999999,281385.3,84.821,4.876,1.498,0.0,0.558,True,False,56.0,C,ordered-stop planning approximation,True,DERIVED,0,historic_only,uncertain,,,historic_gtfs_baseline,sakay_gtfs_master_historic,No current route validation supplied.,,,False,,historic_only,ayala__pateros,3.834040805148569,270.48148148148147,0,7449.059999999999,DERIVED,sakay_gtfs_master_historic|worldpop_phl_2020_1km
LTFRB_PUJ1061,,Ayala - Mantrade via Pasong Tamo,"Sabio St / Chino Roces Ave Intersection, Makati City, Manila - Paseo de Roxas / Ayala Avenue Intersection, Makati City, Manila",725754,2.163,stop_sequence_approx,7,1.0,17.0,1020.0,1.0,gtfs_frequencies_typical_weekday,2206.26,57437.2,72.085,1.459,1.482,0.0,0.575,True,False,44.0,D,ordered-stop planning approximation | few representative stops,True,DERIVED,0,historic_only,uncertain,,,historic_gtfs_baseline,sakay_gtfs_master_historic,No current route validation supplied.,,,False,,historic_only,ayala__mantrade,3.236245954692557,360.5,0,2206.26,DERIVED,sakay_gtfs_master_historic|worldpop_phl_2020_1km
LTFRB_PUJ1062,,Ayala - Mantrade via Pasong Tamo,"Paseo de Roxas / Ayala Avenue Intersection, Makati City, Manila - Sabio St / Chino Roces Ave Intersection, Makati City, Manila",725089,3.344,stop_sequence_approx,11,1.0,17.0,1020.0,1.0,gtfs_frequencies_typical_weekday,3410.88,65642.0,63.075,1.459,2.292,0.0,0.719,True,False,44.0,D,ordered-stop planning approximation | few representative stops,True,DERIVED,0,historic_only,uncertain,,,historic_gtfs_baseline,sakay_gtfs_master_historic,No current route validation supplied.,,,False,,historic_only,ayala__mantrade,3.2894736842105265,334.4,0,3410.88,DERIVED,sakay_gtfs_master_historic|worldpop_phl_2020_1km
LTFRB_PUJ1063,,Ayala - Washington,"Epifanio de los Santos Avenue / McKinley Rd Intersection, Makati City, Manila - Senator Gil Puyat Ave / Washington Intersection, Makati City",725299,2.592,stop_sequence_approx,10,1.0,17.0,1020.0,1.0,gtfs_frequencies_typical_weekday,2643.84,48766.7,41.574,2.253,1.15,0.0,0.596,True,False,44.0,D,ordered-stop planning approximation | few representative stops,True,DERIVED,0,historic_only,uncertain,,,historic_gtfs_baseline,sakay_gtfs_master_historic,No current route validation supplied.,,,False,,historic_only,ayala__washington,3.8580246913580245,288.0,0,2643.84,DERIVED,sakay_gtfs_master_historic|worldpop_phl_2020_1km
LTFRB_PUJ1064,,Ayala - Washington,"Senator Gil Puyat Ave / Washington Intersection, Makati City - Epifanio de los Santos Avenue / McKinley Rd Intersection, Makati City, Manila",725751,2.591,stop_sequence_approx,10,1.0,17.0,1020.0,1.0,gtfs_frequencies_typical_weekday,2642.82,48766.7,41.574,2.253,1.15,0.0,0.392,True,False,44.0,D,ordered-stop planning approximation | few representative stops,True,DERIVED,0,historic_only,uncertain,,,historic_gtfs_baseline,sakay_gtfs_master_historic,No current route validation supplied.,,,False,,historic_only,ayala__washington,3.8595137012736394,287.8888888888889,0,2642.82,DERIVED,sakay_gtfs_master_historic|worldpop_phl_2020_1km
LTFRB_PUJ1065,,Baclaran - Bacoor,"Emilio Aguinaldo Hwy / Tirona Hwy Intersection, Bacoor City, Manila - Roxas Blvd / Redemptorist Road Intersection, Parañaque City, Manila",725976,11.618,stop_sequence_approx,43,1.0,17.0,1020.0,1.0,gtfs_frequencies_typical_weekday,11850.36,515714.7,73.896,10.507,1.106,0.0,0.551,True,False,56.0,C,ordered-stop planning approximation,True,DERIVED,0,historic_only,uncertain,,,historic_gtfs_baseline,sakay_gtfs_master_historic,No current route validation supplied.,,,False,,historic_only,baclaran__bacoor,3.701153382682045,276.6190476190476,0,11850.36,DERIVED,sakay_gtfs_master_historic|worldpop_phl_2020_1km
LTFRB_PUJ1066,,Baclaran - Bacoor,"Roxas Blvd / Redemptorist Road Intersection, Parañaque City, Manila - Emilio Aguinaldo Hwy / Tirona Hwy Intersection, Bacoor City, Manila",725404,11.812,stop_sequence_approx,44,1.0,17.0,1020.0,1.0,gtfs_frequencies_typical_weekday,12048.24,569994.1,76.381,10.507,1.124,0.0,0.551,True,False,56.0,C,ordered-stop planning approximation,True,DERIVED,0,historic_only,uncertain,,,historic_gtfs_baseline,sakay_gtfs_master_historic,No current route validation supplied.,,,False,,historic_only,baclaran__bacoor,3.7250253979004406,274.69767441860466,0,12048.24,DERIVED,sakay_gtfs_master_historic|worldpop_phl_2020_1km
LTFRB_PUJ1067,,Baclaran - MIA/Baltao,"Ninoy Aquino International Airport, Departures Ramp, Lungsod ng Pasay, Manila - Airport Rd / Domestic Rd Intersection, Parañaque City, Manila",724742,3.3,stop_sequence_approx,15,1.0,17.0,1020.0,1.0,gtfs_frequencies_typical_weekday,3366.0,103598.6,40.471,2.412,1.368,0.0,0.346,True,False,56.0,C,ordered-stop planning approximation,True,DERIVED,1,historic_only,uncertain,,,historic_gtfs_baseline,sakay_gtfs_master_historic,No current route validation supplied.,,,False,,historic_only,baclaran__mia-baltao,4.545454545454546,235.71428571428572,0,3366.0,DERIVED,sakay_gtfs_master_historic|worldpop_phl_2020_1km
LTFRB_PUJ1068,,Baclaran - MIA/Baltao,"Airport Rd / Domestic Rd Intersection, Parañaque City, Manila - Ninoy Aquino International Airport, Departures Ramp, Lungsod ng Pasay, Manila",725875,3.528,stop_sequence_approx,16,1.0,17.0,1020.0,1.0,gtfs_frequencies_typical_weekday,3598.56,98388.9,42.614,2.412,1.463,0.0,0.374,True,False,56.0,C,ordered-stop planning approximation,True,DERIVED,0,historic_only,uncertain,,,historic_gtfs_baseline,sakay_gtfs_master_historic,No current route validation supplied.,,,False,,historic_only,baclaran__mia-baltao,4.535147392290249,235.2,0,3598.56,DERIVED,sakay_gtfs_master_historic|worldpop_phl_2020_1km
LTFRB_PUJ1069,,Baclaran - Nichols via CAA,"Andrews Ave / Sales Road Intersection, Lungsod ng Pasay, Manila - Airport Rd / Domestic Rd Intersection, Parañaque City, Manila",725581,2.568,stop_sequence_approx,13,1.0,17.0,1020.0,1.0,gtfs_frequencies_typical_weekday,2619.36,70202.8,34.418,2.328,1.103,0.0,0.301,True,False,56.0,C,ordered-stop planning approximation,True,DERIVED,0,historic_only,uncertain,,,historic_gtfs_baseline,sakay_gtfs_master_historic,No current route validation supplied.,,,False,,historic_only,baclaran__nichols,5.062305295950155,214.0,0,2619.36,DERIVED,sakay_gtfs_master_historic|worldpop_phl_2020_1km
LTFRB_PUJ1070,,Baclaran - Nichols via CAA,"Airport Rd / Domestic Rd Intersection, Parañaque City, Manila - Andrews Ave / Sales Road Intersection, Lungsod ng Pasay, Manila",724865,5.744,stop_sequence_approx,24,1.0,17.0,1020.0,1.0,gtfs_frequencies_typical_weekday,5858.88,145140.9,54.045,2.328,2.468,0.0,0.539,True,False,56.0,C,ordered-stop planning approximation,True,DERIVED,0,historic_only,uncertain,,,historic_gtfs_baseline,sakay_gtfs_master_historic,No current route validation supplied.,,,False,,historic_only,baclaran__nichols,4.178272980501393,249.7391304347826,0,5858.88,DERIVED,sakay_gtfs_master_historic|worldpop_phl_2020_1km
LTFRB_PUJ1071,,"Baclaran - Blumentritt via L. Guinto, Quiapo","F.B. Harrison Street / Taft Avenue Extension Intersection, Lungsod ng Pasay, Manila - Ferdinand Blumentritt / Aurora Boulevard Intersection, Quezon City",726307,11.423,stop_sequence_approx,42,1.0,17.0,1020.0,1.0,gtfs_frequencies_typical_weekday,11651.46,650759.7,89.69,10.346,1.104,0.0,0.583,True,False,56.0,C,ordered-stop planning approximation,True,DERIVED,0,historic_only,uncertain,,,historic_gtfs_baseline,sakay_gtfs_master_historic,No current route validation supplied.,,,False,,historic_only,baclaran__blumentritt,3.6767924363127023,278.609756097561,0,11651.46,DERIVED,sakay_gtfs_master_historic|worldpop_phl_2020_1km
LTFRB_PUJ1072,,"Baclaran - Blumentritt via L. Guinto, Quiapo","Ferdinand Blumentritt / Aurora Boulevard Intersection, Quezon City - F.B. Harrison Street / Taft Avenue Extension Intersection, Lungsod ng Pasay, Manila",724672,11.823,stop_sequence_approx,42,1.0,17.0,1020.0,2.0,gtfs_frequencies_typical_weekday,12059.46,659196.3,88.542,10.346,1.143,0.0,0.583,True,False,56.0,C,ordered-stop planning approximation,True,DERIVED,0,historic_only,uncertain,,,historic_gtfs_baseline,sakay_gtfs_master_historic,No current route validation supplied.,,,False,,historic_only,baclaran__blumentritt,3.552397868561279,288.3658536585366,0,12059.46,DERIVED,sakay_gtfs_master_historic|worldpop_phl_2020_1km
LTFRB_PUJ1073,,"Baclaran - Blumentritt via Mabini, Quiapo","F.B. Harrison Street / Russel Avenue Intersection, Lungsod ng Pasay, Manila - Dimasalang Birdge / New Antipolo Intersection, Quezon City",725452,11.403,stop_sequence_approx,45,1.0,17.0,1020.0,2.0,gtfs_frequencies_typical_weekday,11631.06,501252.0,85.887,9.623,1.185,0.0222,0.472,True,True,48.0,D,ordered-stop planning approximation | self-intersection detected,True,DERIVED,0,historic_only,uncertain,,,historic_gtfs_baseline,sakay_gtfs_master_historic,No current route validation supplied.,,,False,,historic_only,baclaran__blumentritt,3.9463299131807417,259.15909090909093,0,11631.06,DERIVED,sakay_gtfs_master_historic|worldpop_phl_2020_1km
LTFRB_PUJ1074,,"Baclaran - Blumentritt via Mabini, Quiapo","Dimasalang Birdge / New Antipolo Intersection, Quezon City - F.B. Harrison Street / Russel Avenue Intersection, Lungsod ng Pasay, Manila",726371,10.991,stop_sequence_approx,40,1.0,17.0,1020.0,1.0,gtfs_frequencies_typical_weekday,11210.82,444332.7,84.079,9.623,1.142,0.0,0.434,True,False,56.0,C,ordered-stop planning approximation,True,DERIVED,0,historic_only,uncertain,,,historic_gtfs_baseline,sakay_gtfs_master_historic,No current route validation supplied.,,,False,,historic_only,baclaran__blumentritt,3.63934127922846,281.8205128205128,0,11210.82,DERIVED,sakay_gtfs_master_historic|worldpop_phl_2020_1km
LTFRB_PUJ1075,,"Baclaran - Blumentritt via L. Guinto, Sta. Cruz","F.B. Harrison Street / Taft Avenue Extension Intersection, Lungsod ng Pasay, Manila - Pampanga / Light Rail Transit Line, Quezon City",725993,11.542,stop_sequence_approx,46,1.0,17.0,1020.0,1.0,gtfs_frequencies_typical_weekday,11772.84,651089.0,89.695,10.681,1.081,0.0,0.586,True,False,56.0,C,ordered-stop planning approximation,True,DERIVED,0,historic_only,uncertain,,,historic_gtfs_baseline,sakay_gtfs_master_historic,No current route validation supplied.,,,False,,historic_only,baclaran__blumentritt,3.9854444636977995,256.4888888888889,0,11772.84,DERIVED,sakay_gtfs_master_historic|worldpop_phl_2020_1km
LTFRB_PUJ1076,,"Baclaran - Blumentritt via L. Guinto, Sta. Cruz","Pampanga / Light Rail Transit Line, Quezon City - F.B. Harrison Street / Taft Avenue Extension Intersection, Lungsod ng Pasay, Manila",725839,11.658,stop_sequence_approx,46,1.0,17.0,1020.0,1.0,gtfs_frequencies_typical_weekday,11891.16,688718.0,90.258,10.681,1.091,0.0,0.708,True,False,56.0,C,ordered-stop planning approximation,True,DERIVED,0,historic_only,uncertain,,,historic_gtfs_baseline,sakay_gtfs_master_historic,No current route validation supplied.,,,False,,historic_only,baclaran__blumentritt,3.945788299879911,259.06666666666666,0,11891.16,DERIVED,sakay_gtfs_master_historic|worldpop_phl_2020_1km
LTFRB_PUJ1077,,"Baclaran - Blumentritt via Mabini, Sta. Cruz","Cuneta Avenue, Lungsod ng Pasay, Manila - New Antipolo / Oroquieta Intersection, Quezon City",725412,10.45,stop_sequence_approx,38,1.0,17.0,1020.0,1.0,gtfs_frequencies_typical_weekday,10659.0,504304.8,88.184,9.642,1.084,0.0,0.586,True,False,56.0,C,ordered-stop planning approximation,True,DERIVED,0,historic_only,uncertain,,,historic_gtfs_baseline,sakay_gtfs_master_historic,No current route validation supplied.,,,False,,historic_only,baclaran__blumentritt,3.6363636363636367,282.43243243243245,0,10659.0,DERIVED,sakay_gtfs_master_historic|worldpop_phl_2020_1km
LTFRB_PUJ1078,,"Baclaran - Blumentritt via Mabini, Sta. Cruz","New Antipolo / Oroquieta Intersection, Quezon City - Cuneta Avenue, Lungsod ng Pasay, Manila",725729,11.067,stop_sequence_approx,42,1.0,17.0,1020.0,1.0,gtfs_frequencies_typical_weekday,11288.34,506228.8,87.849,9.642,1.148,0.0,0.434,True,False,56.0,C,ordered-stop planning approximation,True,DERIVED,0,historic_only,uncertain,,,historic_gtfs_baseline,sakay_gtfs_master_historic,No current route validation supplied.,,,False,,historic_only,baclaran__blumentritt,3.795066413662239,269.9268292682927,0,11288.34,DERIVED,sakay_gtfs_master_historic|worldpop_phl_2020_1km
LTFRB_PUJ1079,,Baclaran - Dapitan via Mabini,"Roxas Blvd, Parañaque City, Manila - Community Centre, San Isidro Labrador, Quezon City",725485,11.93,stop_sequence_approx,42,1.0,17.0,1020.0,1.0,gtfs_frequencies_typical_weekday,12168.6,526308.8,83.909,9.758,1.223,0.0,0.639,True,False,56.0,C,ordered-stop planning approximation,True,DERIVED,0,historic_only,uncertain,,,historic_gtfs_baseline,sakay_gtfs_master_historic,No current route validation supplied.,,,False,,historic_only,baclaran__dapitan,3.520536462699078,290.9756097560976,0,12168.6,DERIVED,sakay_gtfs_master_historic|worldpop_phl_2020_1km
LTFRB_PUJ1080,,Baclaran - Dapitan via Mabini,"Community Centre, San Isidro Labrador, Quezon City - Roxas Blvd, Parañaque City, Manila",725012,11.985,stop_sequence_approx,42,1.0,17.0,1020.0,1.0,gtfs_frequencies_typical_weekday,12224.7,492985.4,82.821,9.758,1.228,0.0,0.482,True,False,56.0,C,ordered-stop planning approximation,True,DERIVED,0,historic_only,uncertain,,,historic_gtfs_baseline,sakay_gtfs_master_historic,No current route validation supplied.,,,False,,historic_only,baclaran__dapitan,3.5043804755944934,292.3170731707317,0,12224.7,DERIVED,sakay_gtfs_master_historic|worldpop_phl_2020_1km
LTFRB_PUJ1081,,Baclaran - Divisoria via Mabini,"Roxas Blvd, Parañaque City, Manila - Juan Luna / Veronica Intersection, Manila",724879,8.865,stop_sequence_approx,28,1.0,17.0,1020.0,1.0,gtfs_frequencies_typical_weekday,9042.3,379931.6,80.874,7.635,1.161,0.0,0.639,True,False,56.0,C,ordered-stop planning approximation,True,DERIVED,0,historic_only,uncertain,,,historic_gtfs_baseline,sakay_gtfs_master_historic,No current route validation supplied.,,,False,,historic_only,baclaran__divisoria,3.158488437676255,328.3333333333333,0,9042.3,DERIVED,sakay_gtfs_master_historic|worldpop_phl_2020_1km
LTFRB_PUJ1083,,Baclaran - Moonwalk via Quirino,"Pinaglabanan / Quirino Avenue, Parañaque City, Manila - Alabang-Zapote Road / L. Hernandez Avene Intersection, Muntinlupa City, Manila",725775,14.255,stop_sequence_approx,54,1.0,17.0,1020.0,1.0,gtfs_frequencies_typical_weekday,14540.1,587596.1,72.187,10.619,1.342,0.0,0.512,True,False,56.0,C,ordered-stop planning approximation,True,DERIVED,1,historic_only,uncertain,,,historic_gtfs_baseline,sakay_gtfs_master_historic,No current route validation supplied.,,,False,,historic_only,baclaran__moonwalk,3.7881445106980003,268.9622641509434,0,14540.1,DERIVED,sakay_gtfs_master_historic|worldpop_phl_2020_1km
LTFRB_PUJ1084,,Baclaran - Moonwalk via Quirino,"Alabang-Zapote Road / L. Hernandez Avene Intersection, Muntinlupa City, Manila - Pinaglabanan / Quirino Avenue, Parañaque City, Manila",725376,14.45,stop_sequence_approx,48,1.0,17.0,1020.0,1.0,gtfs_frequencies_typical_weekday,14739.0,565268.8,71.121,10.619,1.361,0.0,0.52,True,False,56.0,C,ordered-stop planning approximation,True,DERIVED,1,historic_only,uncertain,,,historic_gtfs_baseline,sakay_gtfs_master_historic,No current route validation supplied.,,,False,,historic_only,baclaran__moonwalk,3.3217993079584778,307.4468085106383,0,14739.0,DERIVED,sakay_gtfs_master_historic|worldpop_phl_2020_1km
LTFRB_PUJ1085,,Baclaran - P. Campa via L. Guinto,"F.B. Harrison Street / Taft Avenue Extension Intersection, Lungsod ng Pasay, Manila - Quezon Blvd / P.Paredes Intersection, Manila",725441,9.472,stop_sequence_approx,35,1.0,17.0,1020.0,1.0,gtfs_frequencies_typical_weekday,9661.44,510910.1,86.867,8.383,1.13,0.0,0.583,True,False,56.0,C,ordered-stop planning approximation,True,DERIVED,0,historic_only,uncertain,,,historic_gtfs_baseline,sakay_gtfs_master_historic,No current route validation supplied.,,,False,,historic_only,baclaran__p-campa,3.6951013513513513,278.5882352941176,0,9661.44,DERIVED,sakay_gtfs_master_historic|worldpop_phl_2020_1km
LTFRB_PUJ1086,,Baclaran - P. Campa via L. Guinto,"Quezon Blvd / P.Paredes Intersection, Manila - F.B. Harrison Street / Taft Avenue Extension Intersection, Lungsod ng Pasay, Manila",724881,9.642,stop_sequence_approx,35,1.0,17.0,1020.0,1.0,gtfs_frequencies_typical_weekday,9834.84,519346.8,85.456,8.383,1.15,0.0,0.583,True,False,56.0,C,ordered-stop planning approximation,True,DERIVED,0,historic_only,uncertain,,,historic_gtfs_baseline,sakay_gtfs_master_historic,No current route validation supplied.,,,False,,historic_only,baclaran__p-campa,3.6299522920555902,283.5882352941176,0,9834.84,DERIVED,sakay_gtfs_master_historic|worldpop_phl_2020_1km
LTFRB_PUJ1087,,Baclaran - P. Campa via Mabini,"Pinaglabanan / Quirino Avenue, Parañaque City, Manila - P.Paredes / España Blvd Intersection, Manila",724912,9.356,stop_sequence_approx,34,1.0,17.0,1020.0,1.0,gtfs_frequencies_typical_weekday,9543.12,350867.5,76.072,8.577,1.091,0.0,0.482,True,False,56.0,C,ordered-stop planning approximation,True,DERIVED,0,historic_only,uncertain,,,historic_gtfs_baseline,sakay_gtfs_master_historic,No current route validation supplied.,,,False,,historic_only,baclaran__p-campa,3.6340316374519026,283.5151515151515,0,9543.12,DERIVED,sakay_gtfs_master_historic|worldpop_phl_2020_1km
LTFRB_PUJ1088,,Baclaran - P. Campa via Mabini,"P.Paredes / España Blvd Intersection, Manila - Pinaglabanan / Quirino Avenue, Parañaque City, Manila",725421,10.798,stop_sequence_approx,39,1.0,17.0,1020.0,1.0,gtfs_frequencies_typical_weekday,11013.96,360845.9,73.968,8.577,1.259,0.0,0.434,True,False,56.0,C,ordered-stop planning approximation,True,DERIVED,0,historic_only,uncertain,,,historic_gtfs_baseline,sakay_gtfs_master_historic,No current route validation supplied.,,,False,,historic_only,baclaran__p-campa,3.6117799592517135,284.1578947368421,0,11013.96,DERIVED,sakay_gtfs_master_historic|worldpop_phl_2020_1km
LTFRB_PUJ1089,,Baclaran - Q.I.via Mabini,"F.B. Harrison Street / Russel Avenue Intersection, Lungsod ng Pasay, Manila - Lopez Jaena / Eulogio Rodriguez Sr Ave Intersection, Manila",725795,11.945,stop_sequence_approx,43,1.0,17.0,1020.0,1.0,gtfs_frequencies_typical_weekday,12183.9,585573.8,87.59,9.417,1.269,0.0,0.482,True,False,56.0,C,ordered-stop planning approximation,True,DERIVED,0,historic_only,uncertain,,,historic_gtfs_baseline,sakay_gtfs_master_historic,No current route validation supplied.,,,False,,historic_only,baclaran__q-i,3.599832565927166,284.4047619047619,0,12183.9,DERIVED,sakay_gtfs_master_historic|worldpop_phl_2020_1km
LTFRB_PUJ1090,,Baclaran - Q.I.via Mabini,"Lopez Jaena / Eulogio Rodriguez Sr Ave Intersection, Manila - F.B. Harrison Street / Russel Avenue Intersection, Lungsod ng Pasay, Manila",725507,12.04,stop_sequence_approx,43,1.0,17.0,1020.0,1.0,gtfs_frequencies_typical_weekday,12280.8,583649.8,87.879,9.417,1.279,0.0,0.448,True,False,56.0,C,ordered-stop planning approximation,True,DERIVED,0,historic_only,uncertain,,,historic_gtfs_baseline,sakay_gtfs_master_historic,No current route validation supplied.,,,False,,historic_only,baclaran__q-i,3.5714285714285716,286.6666666666667,0,12280.8,DERIVED,sakay_gtfs_master_historic|worldpop_phl_2020_1km
LTFRB_PUJ1091,,"Baclaran - Retiro via L. Guinto, Quiapo","F.B. Harrison Street / Taft Avenue Extension Intersection, Lungsod ng Pasay, Manila - Ferdinand Blumentritt / Aurora Boulevard Intersection, Quezon City",725086,11.444,stop_sequence_approx,41,1.0,17.0,1020.0,1.0,gtfs_frequencies_typical_weekday,11672.88,659196.3,88.542,10.346,1.106,0.0,0.583,True,False,56.0,C,ordered-stop planning approximation,True,DERIVED,0,historic_only,uncertain,,,historic_gtfs_baseline,sakay_gtfs_master_historic,No current route validation supplied.,,,False,,historic_only,baclaran__retiro,3.5826634044040544,286.1,0,11672.88,DERIVED,sakay_gtfs_master_historic|worldpop_phl_2020_1km
LTFRB_PUJ1094,,"Baclaran - Retiro via Mabini, Sta. Cruz","Pampanga / Pedro Guevarra Intersection, Quezon City - F.B. Harrison Street / Russel Avenue Intersection, Lungsod ng Pasay, Manila",725644,11.617,stop_sequence_approx,44,1.0,17.0,1020.0,1.0,gtfs_frequencies_typical_weekday,11849.34,515461.5,86.276,10.445,1.112,0.0,0.553,True,False,56.0,C,ordered-stop planning approximation,True,DERIVED,0,historic_only,uncertain,,,historic_gtfs_baseline,sakay_gtfs_master_historic,No current route validation supplied.,,,False,,historic_only,baclaran__retiro,3.787552724455539,270.16279069767444,0,11849.34,DERIVED,sakay_gtfs_master_historic|worldpop_phl_2020_1km
LTFRB_PUJ1095,,"Baclaran - Sucat/SSH via Imelda Ave.,","Roxas Blvd, Parañaque City, Manila - Dr A. Santos Ave, Parañaque City, Manila",725151,13.706,stop_sequence_approx,48,1.0,17.0,1020.0,1.0,gtfs_frequencies_typical_weekday,13980.12,433939.9,55.018,10.533,1.301,0.0,0.471,True,False,56.0,C,ordered-stop planning approximation,True,DERIVED,1,historic_only,uncertain,,,historic_gtfs_baseline,sakay_gtfs_master_historic,No current route validation supplied.,,,False,,historic_only,baclaran__sucat-ssh,3.5021158616664234,291.6170212765957,0,13980.12,DERIVED,sakay_gtfs_master_historic|worldpop_phl_2020_1km
LTFRB_PUJ1096,,"Baclaran - Sucat/SSH via Imelda Ave.,","Dr A. Santos Ave, Parañaque City, Manila - Roxas Blvd, Parañaque City, Manila",726330,13.706,stop_sequence_approx,48,1.0,17.0,1020.0,1.0,gtfs_frequencies_typical_weekday,13980.12,433939.9,55.018,10.533,1.301,0.0,0.471,True,False,56.0,C,ordered-stop planning approximation,True,DERIVED,1,historic_only,uncertain,,,historic_gtfs_baseline,sakay_gtfs_master_historic,No current route validation supplied.,,,False,,historic_only,baclaran__sucat-ssh,3.5021158616664234,291.6170212765957,0,13980.12,DERIVED,sakay_gtfs_master_historic|worldpop_phl_2020_1km
LTFRB_PUJ1097,,Baclaran - Sucat/SSH via Quirino Ave.,"Dr A. Santos Ave, Parañaque City, Manila - Roxas Blvd / Redemptorist Road Intersection, Parañaque City, Manila",725701,13.384,stop_sequence_approx,46,1.0,17.0,1020.0,1.0,gtfs_frequencies_typical_weekday,13651.68,433939.9,55.018,10.291,1.301,0.0,0.659,True,False,56.0,C,ordered-stop planning approximation,True,DERIVED,1,historic_only,uncertain,,,historic_gtfs_baseline,sakay_gtfs_master_historic,No current route validation supplied.,,,False,,historic_only,baclaran__sucat-ssh,3.4369396294082484,297.4222222222222,0,13651.68,DERIVED,sakay_gtfs_master_historic|worldpop_phl_2020_1km
LTFRB_PUJ1098,,Baclaran - Sucat/SSH via Quirino Ave.,"Roxas Blvd / Redemptorist Road Intersection, Parañaque City, Manila - Dr A. Santos Ave, Parañaque City, Manila",725681,13.685,stop_sequence_approx,52,1.0,17.0,1020.0,1.0,gtfs_frequencies_typical_weekday,13958.7,497296.6,58.923,10.291,1.33,0.0,0.471,True,False,56.0,C,ordered-stop planning approximation,True,DERIVED,1,historic_only,uncertain,,,historic_gtfs_baseline,sakay_gtfs_master_historic,No current route validation supplied.,,,False,,historic_only,baclaran__sucat-ssh,3.7997807818779683,268.3333333333333,0,13958.7,DERIVED,sakay_gtfs_master_historic|worldpop_phl_2020_1km
LTFRB_PUJ1099,,Baclaran - Zapote (Las Pinas),"Quirino Ave, Bacoor City, Manila - Redemptorist Road, Parañaque City, Manila",726205,8.582,stop_sequence_approx,26,1.0,17.0,1020.0,1.0,gtfs_frequencies_typical_weekday,8753.640000000001,365692.3,70.602,7.892,1.087,0.0,0.52,True,False,56.0,C,ordered-stop planning approximation,True,DERIVED,0,historic_only,uncertain,,,historic_gtfs_baseline,sakay_gtfs_master_historic,No current route validation supplied.,,,False,,historic_only,baclaran__zapote-las-pinas,3.029596830575623,343.28,0,8753.640000000001,DERIVED,sakay_gtfs_master_historic|worldpop_phl_2020_1km
LTFRB_PUJ1100,,Baclaran - Zapote (Las Pinas),"Redemptorist Road, Parañaque City, Manila - Quirino Ave, Bacoor City, Manila",726362,8.702,stop_sequence_approx,34,1.0,17.0,1020.0,1.0,gtfs_frequencies_typical_weekday,8876.039999999999,445534.6,75.102,7.892,1.103,0.0,0.512,True,False,56.0,C,ordered-stop planning approximation,True,DERIVED,0,historic_only,uncertain,,,historic_gtfs_baseline,sakay_gtfs_master_historic,No current route validation supplied.,,,False,,historic_only,baclaran__zapote-las-pinas,3.9071477821190532,263.6969696969697,0,8876.039999999999,DERIVED,sakay_gtfs_master_historic|worldpop_phl_2020_1km
LTFRB_PUJ1101,,Baclaran - Bahayang PAG-ASA Subd.,"Avenida Rizal / Humabon Street Intersection, Bacoor City, Manila - F.B. Harrison Street / Russel Avenue Intersection, Lungsod ng Pasay, Manila",726012,18.403,stop_sequence_approx,66,1.0,17.0,1020.0,1.0,gtfs_frequencies_typical_weekday,18771.06,644231.9,74.047,15.5,1.187,0.0,0.622,True,False,56.0,C,ordered-stop planning approximation,True,DERIVED,0,historic_only,uncertain,,,historic_gtfs_baseline,sakay_gtfs_master_historic,No current route validation supplied.,,,False,,historic_only,asa-subd__baclaran__bahayang-pag,3.5863717872086074,283.12307692307695,0,18771.06,DERIVED,sakay_gtfs_master_historic|worldpop_phl_2020_1km
LTFRB_PUJ1102,,Baclaran - Bahayang PAG-ASA Subd.,"F.B. Harrison Street / Russel Avenue Intersection, Lungsod ng Pasay, Manila - Avenida Rizal / Humabon Street Intersection, Bacoor City, Manila",725812,18.468,stop_sequence_approx,68,1.0,17.0,1020.0,1.0,gtfs_frequencies_typical_weekday,18837.36,647467.5,73.677,15.5,1.191,0.0,0.622,True,False,56.0,C,ordered-stop planning approximation,True,DERIVED,0,historic_only,uncertain,,,historic_gtfs_baseline,sakay_gtfs_master_historic,No current route validation supplied.,,,False,,historic_only,asa-subd__baclaran__bahayang-pag,3.6820446177171324,275.64179104477614,0,18837.36,DERIVED,sakay_gtfs_master_historic|worldpop_phl_2020_1km
LTFRB_PUJ1103,,Bacood - R. Magsaysay/Old Sta. Mesa,"Bacood / Dalisay Intersection, Manila - Ramon Magsaysay Blvd / Altura Intersection, Manila",725263,2.647,stop_sequence_approx,9,1.0,17.0,1020.0,1.0,gtfs_frequencies_typical_weekday,2699.94,166151.1,100.0,1.605,1.65,0.0,0.392,True,False,44.0,D,ordered-stop planning approximation | few representative stops,True,DERIVED,0,historic_only,uncertain,,,historic_gtfs_baseline,sakay_gtfs_master_historic,No current route validation supplied.,,,False,,historic_only,bacood__r-magsaysay-old-sta-mesa,3.4000755572346053,330.875,0,2699.94,DERIVED,sakay_gtfs_master_historic|worldpop_phl_2020_1km
LTFRB_PUJ1104,,Bacood - R. Magsaysay/Old Sta. Mesa,"Ramon Magsaysay Blvd / Altura Intersection, Manila - Bacood / Dalisay Intersection, Manila",725367,2.224,stop_sequence_approx,8,1.0,17.0,1020.0,2.0,gtfs_frequencies_typical_weekday,2268.48,166151.1,100.0,1.605,1.386,0.0,0.405,True,False,44.0,D,ordered-stop planning approximation | few representative stops,True,DERIVED,0,historic_only,uncertain,,,historic_gtfs_baseline,sakay_gtfs_master_historic,No current route validation supplied.,,,False,,historic_only,bacood__r-magsaysay-old-sta-mesa,3.597122302158273,317.7142857142857,0,2268.48,DERIVED,sakay_gtfs_master_historic|worldpop_phl_2020_1km
LTFRB_PUJ1105,,Bagong Barrio - G. De Jesus/EDSA,"Malabon / Milagrosa Intersection, Caloocan City - Epifanio de los Santos Avenue, Caloocan City",726272,1.588,stop_sequence_approx,8,1.0,17.0,1020.0,1.0,gtfs_frequencies_typical_weekday,1619.76,181765.8,100.0,1.266,1.254,0.0,0.276,True,False,44.0,D,ordered-stop planning approximation | few representative stops,True,DERIVED,0,historic_only,uncertain,,,historic_gtfs_baseline,sakay_gtfs_master_historic,No current route validation supplied.,,,False,,historic_only,bagong-barrio__g-de-jesus-edsa,5.037783375314861,226.85714285714286,0,1619.76,DERIVED,sakay_gtfs_master_historic|worldpop_phl_2020_1km
LTFRB_PUJ1106,,Bagong Barrio - G. De Jesus/EDSA,"Epifanio de los Santos Avenue, Caloocan City - Malabon / Milagrosa Intersection, Caloocan City",725181,1.798,stop_sequence_approx,9,1.0,17.0,1020.0,1.0,gtfs_frequencies_typical_weekday,1833.96,181765.8,100.0,1.266,1.42,0.0,0.409,True,False,44.0,D,ordered-stop planning approximation | few representative stops,True,DERIVED,0,historic_only,uncertain,,,historic_gtfs_baseline,sakay_gtfs_master_historic,No current route validation supplied.,,,False,,historic_only,bagong-barrio__g-de-jesus-edsa,5.005561735261401,224.75,0,1833.96,DERIVED,sakay_gtfs_master_historic|worldpop_phl_2020_1km
LTFRB_PUJ1107,,Bagong Nayon II - Marikina Town,"Un-named road near Marcos Hwy, Antipolo City, Manila - Shoe Ave, Marikina City, Manila",725401,12.296,stop_sequence_approx,54,1.0,17.0,1020.0,1.0,gtfs_frequencies_typical_weekday,12541.92,186119.1,8.137,9.821,1.252,0.0,0.44,True,False,56.0,C,ordered-stop planning approximation,True,DERIVED,0,historic_only,uncertain,,,historic_gtfs_baseline,sakay_gtfs_master_historic,No current route validation supplied.,,,False,,historic_only,bagong-nayon-ii__marikina-town,4.39167208848406,232.0,0,12541.92,DERIVED,sakay_gtfs_master_historic|worldpop_phl_2020_1km
LTFRB_PUJ1108,,Bagong Nayon II - Marikina Town,"Shoe Ave, Marikina City, Manila - Un-named road near Marcos Hwy, Antipolo City, Manila",724632,13.643,stop_sequence_approx,57,1.0,17.0,1020.0,2.0,gtfs_frequencies_typical_weekday,13915.86,195701.4,7.738,9.821,1.389,0.0175,0.44,True,True,48.0,D,ordered-stop planning approximation | self-intersection detected,True,DERIVED,0,historic_only,uncertain,,,historic_gtfs_baseline,sakay_gtfs_master_historic,No current route validation supplied.,,,False,,historic_only,bagong-nayon-ii__marikina-town,4.177966722861541,243.625,0,13915.86,DERIVED,sakay_gtfs_master_historic|worldpop_phl_2020_1km
LTFRB_PUJ1109,,Bagumbayan (Taguig) - Pasig (TP) via San Joaquin,"Manuel L. Quezon, Muntinlupa City, Manila - Caruncho Ave / Market Ave Intersection, Pasig City, Manila",725004,12.575,stop_sequence_approx,54,1.0,17.0,1020.0,1.0,gtfs_frequencies_typical_weekday,12826.5,681635.6,89.579,10.534,1.194,0.0,0.37,True,False,56.0,C,ordered-stop planning approximation,True,DERIVED,1,historic_only,uncertain,,,historic_gtfs_baseline,sakay_gtfs_master_historic,No current route validation supplied.,,,False,,historic_only,bagumbayan-taguig__pasig-tp,4.294234592445329,237.26415094339623,0,12826.5,DERIVED,sakay_gtfs_master_historic|worldpop_phl_2020_1km
LTFRB_PUJ1110,,Bagumbayan (Taguig) - Pasig (TP) via San Joaquin,"Caruncho Ave / Market Ave Intersection, Pasig City, Manila - Manuel L. Quezon, Muntinlupa City, Manila",725562,12.482,stop_sequence_approx,53,1.0,17.0,1020.0,1.0,gtfs_frequencies_typical_weekday,12731.64,681635.6,89.579,10.534,1.185,0.0,0.37,True,False,56.0,C,ordered-stop planning approximation,True,DERIVED,1,historic_only,uncertain,,,historic_gtfs_baseline,sakay_gtfs_master_historic,No current route validation supplied.,,,False,,historic_only,bagumbayan-taguig__pasig-tp,4.24611440474283,240.03846153846155,0,12731.64,DERIVED,sakay_gtfs_master_historic|worldpop_phl_2020_1km
LTFRB_PUJ1111,,Brgy. Bagong Silangan - Marcos Rd. via Sampaguita Road,"J.P Rizal / Gen. Villamor Intersection, Quezon City - Commonwealth Avenue / Capitol Homes Drive Intersection, Quezon City",724948,4.908,stop_sequence_approx,22,1.0,17.0,1020.0,1.0,gtfs_frequencies_typical_weekday,5006.160000000001,302927.0,94.001,3.556,1.38,0.0,0.351,True,False,56.0,C,ordered-stop planning approximation,True,DERIVED,0,historic_only,uncertain,,,historic_gtfs_baseline,sakay_gtfs_master_historic,No current route validation supplied.,,,False,,historic_only,brgy-bagong-silangan__marcos-rd,4.4824775876120615,233.71428571428572,0,5006.160000000001,DERIVED,sakay_gtfs_master_historic|worldpop_phl_2020_1km
LTFRB_PUJ1112,,Brgy. Bagong Silangan - Marcos Rd. via Sampaguita Road,"Commonwealth Avenue / Capitol Homes Drive Intersection, Quezon City - J.P Rizal / Gen. Villamor Intersection, Quezon City",725123,5.724,stop_sequence_approx,25,1.0,17.0,1020.0,1.0,gtfs_frequencies_typical_weekday,5838.4800000000005,326722.7,94.438,3.556,1.61,0.0,0.434,True,False,56.0,C,ordered-stop planning approximation,True,DERIVED,0,historic_only,uncertain,,,historic_gtfs_baseline,sakay_gtfs_master_historic,No current route validation supplied.,,,False,,historic_only,brgy-bagong-silangan__marcos-rd,4.367575122292103,238.5,0,5838.4800000000005,DERIVED,sakay_gtfs_master_historic|worldpop_phl_2020_1km
LTFRB_PUJ1113,,Bagumbayan (Taguig) - Sucat,"Manuel L. Quezon, Muntinlupa City, Manila - Manuel L. Quezon, Muntinlupa City, Manila",725325,1.464,stop_sequence_approx,6,1.0,17.0,1020.0,1.0,gtfs_frequencies_typical_weekday,1493.28,48226.0,41.225,1.449,1.011,0.0,0.318,True,False,44.0,D,ordered-stop planning approximation | few representative stops,True,DERIVED,0,historic_only,uncertain,,,historic_gtfs_baseline,sakay_gtfs_master_historic,No current route validation supplied.,,,False,,historic_only,bagumbayan-taguig__sucat,4.098360655737705,292.8,0,1493.28,DERIVED,sakay_gtfs_master_historic|worldpop_phl_2020_1km
LTFRB_PUJ1114,,Bagumbayan (Taguig) - Sucat,"Manuel L. Quezon, Muntinlupa City, Manila - Manuel L. Quezon, Muntinlupa City, Manila",724756,3.598,stop_sequence_approx,10,1.0,17.0,1020.0,1.0,gtfs_frequencies_typical_weekday,3669.96,70714.6,58.398,1.449,2.484,0.2,0.76,True,True,30.0,D,ordered-stop planning approximation | few representative stops | duplicate coordinates | self-intersection detected,True,DERIVED,0,historic_only,uncertain,,,historic_gtfs_baseline,sakay_gtfs_master_historic,No current route validation supplied.,,,False,,historic_only,bagumbayan-taguig__sucat,2.7793218454697053,399.77777777777777,0,3669.96,DERIVED,sakay_gtfs_master_historic|worldpop_phl_2020_1km
LTFRB_PUJ1116,,Bagong Silang - Novaliches (TP) via Susano,"Un named Road near Langit Road, Caloocan City - General Luis / Gold Intersection, Caloocan City",724623,8.187,stop_sequence_approx,39,1.0,17.0,1020.0,1.0,gtfs_frequencies_typical_weekday,8350.74,339927.4,82.207,6.311,1.297,0.0,0.398,True,False,56.0,C,ordered-stop planning approximation,True,DERIVED,0,historic_only,uncertain,,,historic_gtfs_baseline,sakay_gtfs_master_historic,No current route validation supplied.,,,False,,historic_only,bagong-silang__novaliches-tp,4.763649688530598,215.4473684210526,0,8350.74,DERIVED,sakay_gtfs_master_historic|worldpop_phl_2020_1km
LTFRB_PUJ1117,,Bagong Silang - Robinson's Fairview via Zabarte Rd.,"Quirino Highway / Maligaya Intersection, Caloocan City - Un named Road near Langit Road, Caloocan City",726196,7.333,stop_sequence_approx,33,1.0,17.0,1020.0,1.0,gtfs_frequencies_typical_weekday,7479.66,357942.8,93.605,5.473,1.34,0.0,0.398,True,False,56.0,C,ordered-stop planning approximation,True,DERIVED,1,historic_only,uncertain,,,historic_gtfs_baseline,sakay_gtfs_master_historic,No current route validation supplied.,,,False,,historic_only,bagong-silang__robinson-s-fairview,4.5002045547524885,229.15625,0,7479.66,DERIVED,sakay_gtfs_master_historic|worldpop_phl_2020_1km
LTFRB_PUJ1118,,Bagong Silang - Robinson's Fairview via Zabarte Rd.,"Un named Road near Langit Road, Caloocan City - Quirino Highway / Maligaya Intersection, Caloocan City",725472,9.189,stop_sequence_approx,41,1.0,17.0,1020.0,1.0,gtfs_frequencies_typical_weekday,9372.78,379537.4,88.279,5.473,1.679,0.0,0.398,True,False,56.0,C,ordered-stop planning approximation,True,DERIVED,1,historic_only,uncertain,,,historic_gtfs_baseline,sakay_gtfs_master_historic,No current route validation supplied.,,,False,,historic_only,bagong-silang__robinson-s-fairview,4.461856567635216,229.725,0,9372.78,DERIVED,sakay_gtfs_master_historic|worldpop_phl_2020_1km
LTFRB_PUJ1121,,Balic - Balic - Bustillos via G. Tuazon,"Jollibee Figueras Legarda / Bustillos Intersection, Manila - Unang Hakbang / Luzon Ave",725603,2.573,stop_sequence_approx,11,1.0,17.0,1020.0,1.0,gtfs_frequencies_typical_weekday,2624.46,245601.3,95.756,2.073,1.241,0.0,0.317,True,False,44.0,D,ordered-stop planning approximation | few representative stops,True,DERIVED,0,historic_only,uncertain,,,historic_gtfs_baseline,sakay_gtfs_master_historic,No current route validation supplied.,,,False,,historic_only,balic__balic__bustillos,4.275165176836378,257.3,0,2624.46,DERIVED,sakay_gtfs_master_historic|worldpop_phl_2020_1km
LTFRB_PUJ1122,,Balic - Balic - Bustillos via G. Tuazon,"Unang Hakbang / Luzon Ave - Jollibee Figueras Legarda / Bustillos Intersection, Manila",726384,3.057,stop_sequence_approx,13,1.0,17.0,1020.0,1.0,gtfs_frequencies_typical_weekday,3118.14,245601.3,95.756,2.073,1.475,0.0,0.317,True,False,56.0,C,ordered-stop planning approximation,True,DERIVED,0,historic_only,uncertain,,,historic_gtfs_baseline,sakay_gtfs_master_historic,No current route validation supplied.,,,False,,historic_only,balic__balic__bustillos,4.252535165194636,254.75,0,3118.14,DERIVED,sakay_gtfs_master_historic|worldpop_phl_2020_1km
LTFRB_PUJ1123,,Balic - Balic - Espana/M. Dela Fuente,"Unang Hakbang / Luzon Ave - Vicente G Cruz / Florentino Intersection, Manila",725697,2.676,stop_sequence_approx,11,1.0,17.0,1020.0,1.0,gtfs_frequencies_typical_weekday,2729.52,249110.4,100.0,1.619,1.653,0.0,0.471,True,False,44.0,D,ordered-stop planning approximation | few representative stops,True,DERIVED,0,historic_only,uncertain,,,historic_gtfs_baseline,sakay_gtfs_master_historic,No current route validation supplied.,,,False,,historic_only,balic__balic__espana-m-dela-fuente,4.110612855007473,267.6,0,2729.52,DERIVED,sakay_gtfs_master_historic|worldpop_phl_2020_1km
LTFRB_PUJ1124,,Balic - Balic - Espana/M. Dela Fuente,"Vicente G Cruz / Florentino Intersection, Manila - Unang Hakbang / Luzon Ave",725486,2.338,stop_sequence_approx,9,1.0,17.0,1020.0,1.0,gtfs_frequencies_typical_weekday,2384.76,201327.2,100.0,1.619,1.445,0.0,0.44,True,False,44.0,D,ordered-stop planning approximation | few representative stops,True,DERIVED,0,historic_only,uncertain,,,historic_gtfs_baseline,sakay_gtfs_master_historic,No current route validation supplied.,,,False,,historic_only,balic__balic__espana-m-dela-fuente,3.849443969204448,292.25,0,2384.76,DERIVED,sakay_gtfs_master_historic|worldpop_phl_2020_1km
LTFRB_PUJ1125,,Balic - Balic - Quiapo (Barbosa) via Lepanto,"Unang Hakbang / Luzon Ave - R Hidalgo, Manila",725098,3.886,stop_sequence_approx,16,1.0,17.0,1020.0,2.0,gtfs_frequencies_typical_weekday,3963.72,351266.5,97.033,2.917,1.332,0.0,0.37,True,False,56.0,C,ordered-stop planning approximation,True,DERIVED,0,historic_only,uncertain,,,historic_gtfs_baseline,sakay_gtfs_master_historic,No current route validation supplied.,,,False,,historic_only,balic__balic__quiapo-barbosa,4.117344312918168,259.06666666666666,0,3963.72,DERIVED,sakay_gtfs_master_historic|worldpop_phl_2020_1km
LTFRB_PUJ1128,,Balic - Balic (Galas) - Quiapo (Barbosa) via Lepanto,"R Hidalgo, Manila - Unang Hakbang / Luzon Ave",725372,3.697,stop_sequence_approx,15,1.0,17.0,1020.0,2.0,gtfs_frequencies_typical_weekday,3770.94,291215.6,96.421,2.917,1.268,0.0,0.37,True,False,56.0,C,ordered-stop planning approximation,True,DERIVED,0,historic_only,uncertain,,,historic_gtfs_baseline,sakay_gtfs_master_historic,No current route validation supplied.,,,False,,historic_only,balic__balic-galas__quiapo-barbosa,4.057343792263998,264.07142857142856,0,3770.94,DERIVED,sakay_gtfs_master_historic|worldpop_phl_2020_1km
LTFRB_PUJ1129,,Balete Drive/E. Rodriguez Loop Service,"Eulogio Rodriguez Sr. Ave / Balete Dr Intersection, Quezon City, Manila - Balete Dr / Sampaguita Intersection, Quezon City, Manila",724835,4.001,stop_sequence_approx,14,1.0,17.0,1020.0,1.0,gtfs_frequencies_typical_weekday,4081.02,125380.2,77.206,0.246,16.256,0.0,0.432,True,False,41.0,D,ordered-stop planning approximation | extreme detour ratio,True,DERIVED,0,historic_only,uncertain,,,historic_gtfs_baseline,sakay_gtfs_master_historic,No current route validation supplied.,,,False,,historic_only,balete-drive-e-rodriguez,3.4991252186953257,307.76923076923083,0,4081.02,DERIVED,sakay_gtfs_master_historic|worldpop_phl_2020_1km
LTFRB_PUJ1130,,Balintawak - Blumentritt,"Ferdinand Blumentritt / Aurora Boulevard Intersection, Quezon City - Andreas Bonifacio, Quezon City",724814,4.005,stop_sequence_approx,18,1.0,17.0,1020.0,1.0,gtfs_frequencies_typical_weekday,4085.1,312894.2,100.0,3.633,1.102,0.0,0.377,True,False,56.0,C,ordered-stop planning approximation,True,DERIVED,0,historic_only,uncertain,,,historic_gtfs_baseline,sakay_gtfs_master_historic,No current route validation supplied.,,,False,,historic_only,balintawak__blumentritt,4.49438202247191,235.58823529411765,0,4085.1,DERIVED,sakay_gtfs_master_historic|worldpop_phl_2020_1km
LTFRB_PUJ1131,,Balintawak - Blumentritt,"Andreas Bonifacio, Quezon City - Ferdinand Blumentritt / Aurora Boulevard Intersection, Quezon City",725557,4.005,stop_sequence_approx,18,1.0,17.0,1020.0,1.0,gtfs_frequencies_typical_weekday,4085.1,312894.2,100.0,3.633,1.102,0.0,0.377,True,False,56.0,C,ordered-stop planning approximation,True,DERIVED,0,historic_only,uncertain,,,historic_gtfs_baseline,sakay_gtfs_master_historic,No current route validation supplied.,,,False,,historic_only,balintawak__blumentritt,4.49438202247191,235.58823529411765,0,4085.1,DERIVED,sakay_gtfs_master_historic|worldpop_phl_2020_1km
LTFRB_PUJ1132,,Balintawak - Camarin via Susano,"Quirino Highway, Quezon City - Zabarte Road / Camarin Road Intersection, Caloocan City",725307,12.793,stop_sequence_approx,60,1.0,17.0,1020.0,1.0,gtfs_frequencies_typical_weekday,13048.86,656232.9,87.116,11.335,1.129,0.0,0.342,True,False,56.0,C,ordered-stop planning approximation,True,DERIVED,1,historic_only,uncertain,,,historic_gtfs_baseline,sakay_gtfs_master_historic,No current route validation supplied.,,,False,,historic_only,balintawak__camarin,4.69006487923083,216.83050847457628,0,13048.86,DERIVED,sakay_gtfs_master_historic|worldpop_phl_2020_1km
LTFRB_PUJ1133,,Balintawak - Camarin via Susano,"Zabarte Road / Camarin Road Intersection, Caloocan City - Quirino Highway, Quezon City",725030,12.793,stop_sequence_approx,60,1.0,17.0,1020.0,1.0,gtfs_frequencies_typical_weekday,13048.86,656232.9,87.116,11.335,1.129,0.0,0.342,True,False,56.0,C,ordered-stop planning approximation,True,DERIVED,1,historic_only,uncertain,,,historic_gtfs_baseline,sakay_gtfs_master_historic,No current route validation supplied.,,,False,,historic_only,balintawak__camarin,4.69006487923083,216.83050847457628,0,13048.86,DERIVED,sakay_gtfs_master_historic|worldpop_phl_2020_1km
LTFRB_PUJ1134,,Balintawak - Frisco,"San Pedro Bautisa / Bernardo Intersection, Quezon City - Old Samson Road, Quezon City",725662,3.756,stop_sequence_approx,24,1.0,17.0,1020.0,1.0,gtfs_frequencies_typical_weekday,3831.12,256220.3,89.491,2.572,1.46,0.0,0.22,True,False,56.0,C,ordered-stop planning approximation,True,DERIVED,0,historic_only,uncertain,,,historic_gtfs_baseline,sakay_gtfs_master_historic,No current route validation supplied.,,,False,,historic_only,balintawak__frisco,6.389776357827476,163.30434782608697,0,3831.12,DERIVED,sakay_gtfs_master_historic|worldpop_phl_2020_1km
LTFRB_PUJ1135,,Balintawak - Frisco,"Old Samson Road, Quezon City - San Pedro Bautisa / Bernardo Intersection, Quezon City",726086,3.756,stop_sequence_approx,24,1.0,17.0,1020.0,1.0,gtfs_frequencies_typical_weekday,3831.12,256220.3,89.491,2.572,1.46,0.0,0.22,True,False,56.0,C,ordered-stop planning approximation,True,DERIVED,0,historic_only,uncertain,,,historic_gtfs_baseline,sakay_gtfs_master_historic,No current route validation supplied.,,,False,,historic_only,balintawak__frisco,6.389776357827476,163.30434782608697,0,3831.12,DERIVED,sakay_gtfs_master_historic|worldpop_phl_2020_1km
LTFRB_PUJ1136,,Balintawak - Lagro via Novaliches,"North Luzon Expressway near Bonifacio Memorial Elementary School, Caloocan City - Ascencion Avenue / Zagala Intersection, Quezon City",726049,17.125,stop_sequence_approx,78,1.0,17.0,1020.0,1.0,gtfs_frequencies_typical_weekday,17467.5,759641.1,88.642,9.475,1.807,0.0,0.585,True,True,48.0,D,ordered-stop planning approximation | self-intersection detected,True,DERIVED,2,historic_only,uncertain,,,historic_gtfs_baseline,sakay_gtfs_master_historic,No current route validation supplied.,,,False,,historic_only,balintawak__lagro,4.554744525547445,222.4025974025974,0,17467.5,DERIVED,sakay_gtfs_master_historic|worldpop_phl_2020_1km
LTFRB_PUJ1137,,Balintawak - Lagro via Novaliches,"Ascencion Avenue / Zagala Intersection, Quezon City - North Luzon Expressway near Bonifacio Memorial Elementary School, Caloocan City",724750,14.74,stop_sequence_approx,66,1.0,17.0,1020.0,1.0,gtfs_frequencies_typical_weekday,15034.8,745965.2,90.267,9.475,1.556,0.0,0.442,True,False,56.0,C,ordered-stop planning approximation,True,DERIVED,2,historic_only,uncertain,,,historic_gtfs_baseline,sakay_gtfs_master_historic,No current route validation supplied.,,,False,,historic_only,balintawak__lagro,4.477611940298507,226.76923076923077,0,15034.8,DERIVED,sakay_gtfs_master_historic|worldpop_phl_2020_1km
LTFRB_PUJ1138,,Balintawak - Monumento via A. Bonifacio,"Andreas Bonifacio, Quezon City - Bonifacio Market, MacArthur Highway, Caloocan City",726301,1.806,stop_sequence_approx,9,1.0,17.0,1020.0,1.0,gtfs_frequencies_typical_weekday,1842.12,224677.7,95.273,1.727,1.046,0.0,0.323,True,False,44.0,D,ordered-stop planning approximation | few representative stops,True,DERIVED,1,historic_only,uncertain,,,historic_gtfs_baseline,sakay_gtfs_master_historic,No current route validation supplied.,,,False,,historic_only,balintawak__monumento,4.983388704318937,225.75,0,1842.12,DERIVED,sakay_gtfs_master_historic|worldpop_phl_2020_1km
LTFRB_PUJ1139,,Balintawak - Monumento via A. Bonifacio,"Bonifacio Market, MacArthur Highway, Caloocan City - Andreas Bonifacio, Quezon City",726340,1.952,stop_sequence_approx,11,1.0,17.0,1020.0,1.0,gtfs_frequencies_typical_weekday,1991.04,224677.7,95.273,1.727,1.13,0.0,0.323,True,False,44.0,D,ordered-stop planning approximation | few representative stops,True,DERIVED,2,historic_only,uncertain,,,historic_gtfs_baseline,sakay_gtfs_master_historic,No current route validation supplied.,,,False,,historic_only,balintawak__monumento,5.635245901639345,195.2,0,1991.04,DERIVED,sakay_gtfs_master_historic|worldpop_phl_2020_1km
LTFRB_PUJ1140,,Balintawak - Novaliches via Quirino Hi-way,"Andreas Bonifacio, Quezon City - Susano / General Luis Intersection, Caloocan City",725623,10.352,stop_sequence_approx,49,1.0,17.0,1020.0,1.0,gtfs_frequencies_typical_weekday,10559.04,587358.3,95.151,8.412,1.231,0.0208,0.391,True,True,48.0,D,ordered-stop planning approximation | self-intersection detected,True,DERIVED,1,historic_only,uncertain,,,historic_gtfs_baseline,sakay_gtfs_master_historic,No current route validation supplied.,,,False,,historic_only,balintawak__novaliches,4.73338485316847,215.66666666666666,0,10559.04,DERIVED,sakay_gtfs_master_historic|worldpop_phl_2020_1km
LTFRB_PUJ1141,,Balintawak - Novaliches via Quirino Hi-way,"Susano / General Luis Intersection, Caloocan City - Andreas Bonifacio, Quezon City",726115,8.865,stop_sequence_approx,42,1.0,17.0,1020.0,1.0,gtfs_frequencies_typical_weekday,9042.3,552991.9,94.85,8.412,1.054,0.0,0.391,True,False,56.0,C,ordered-stop planning approximation,True,DERIVED,1,historic_only,uncertain,,,historic_gtfs_baseline,sakay_gtfs_master_historic,No current route validation supplied.,,,False,,historic_only,balintawak__novaliches,4.737732656514383,216.21951219512195,0,9042.3,DERIVED,sakay_gtfs_master_historic|worldpop_phl_2020_1km
LTFRB_PUJ1142,,Balintawak - PUC via BAESA,"Andreas Bonifacio, Quezon City - St Francis of Assisi Parish Church, Roxas, Quirino Highway, Quezon City",724630,3.522,stop_sequence_approx,22,1.0,17.0,1020.0,1.0,gtfs_frequencies_typical_weekday,3592.44,267733.0,95.998,2.948,1.195,0.0,0.391,True,False,56.0,C,ordered-stop planning approximation,True,DERIVED,0,historic_only,uncertain,,,historic_gtfs_baseline,sakay_gtfs_master_historic,No current route validation supplied.,,,False,,historic_only,balintawak__puc,6.246450880181715,167.71428571428572,0,3592.44,DERIVED,sakay_gtfs_master_historic|worldpop_phl_2020_1km
LTFRB_PUJ1143,,Balintawak - PUC via BAESA,"St Francis of Assisi Parish Church, Roxas, Quirino Highway, Quezon City - Andreas Bonifacio, Quezon City",725790,3.522,stop_sequence_approx,22,1.0,17.0,1020.0,1.0,gtfs_frequencies_typical_weekday,3592.44,267733.0,95.998,2.948,1.195,0.0,0.391,True,False,56.0,C,ordered-stop planning approximation,True,DERIVED,0,historic_only,uncertain,,,historic_gtfs_baseline,sakay_gtfs_master_historic,No current route validation supplied.,,,False,,historic_only,balintawak__puc,6.246450880181715,167.71428571428572,0,3592.44,DERIVED,sakay_gtfs_master_historic|worldpop_phl_2020_1km
LTFRB_PUJ1144,,Balut - Divisoria,"Ylayay, Manila - Timoteo Paez Integrated School, Rodriguez, Manila",725321,3.212,stop_sequence_approx,12,1.0,17.0,1020.0,2.0,gtfs_frequencies_typical_weekday,3276.24,586873.5,100.0,2.669,1.204,0.0,0.423,True,False,56.0,C,ordered-stop planning approximation,True,DERIVED,2,historic_only,uncertain,,,historic_gtfs_baseline,sakay_gtfs_master_historic,No current route validation supplied.,,,False,,historic_only,balut__divisoria,3.7359900373599,292.0,0,3276.24,DERIVED,sakay_gtfs_master_historic|worldpop_phl_2020_1km
LTFRB_PUJ1145,,Balut - Divisoria,"Timoteo Paez Integrated School, Rodriguez, Manila - Ylayay, Manila",724918,3.695,stop_sequence_approx,12,1.0,17.0,1020.0,1.0,gtfs_frequencies_typical_weekday,3768.9,676210.8,100.0,2.669,1.385,0.0,1.047,True,False,56.0,C,ordered-stop planning approximation,True,DERIVED,1,historic_only,uncertain,,,historic_gtfs_baseline,sakay_gtfs_master_historic,No current route validation supplied.,,,False,,historic_only,balut__divisoria,3.2476319350473615,335.90909090909093,0,3768.9,DERIVED,sakay_gtfs_master_historic|worldpop_phl_2020_1km
LTFRB_PUJ1146,,"Brgy. San Rafael (Rodriguez) - Quezon City Hall via Maly (San Mateo, Rizal*","Kalayaan Ave / Elliptical Rd Intersection, Quezon City, Manila - MH del Pilar Street near Pig Farm, Rodriguez",725294,19.288,stop_sequence_approx,83,1.0,17.0,1020.0,1.0,gtfs_frequencies_typical_weekday,19673.76,626286.3,67.797,15.334,1.258,0.0,0.456,True,False,56.0,C,ordered-stop planning approximation,True,DERIVED,2,historic_only,uncertain,,,historic_gtfs_baseline,sakay_gtfs_master_historic,No current route validation supplied.,,,False,,historic_only,brgy-san-rafael-rodriguez__quezon-city-hall,4.303193695562007,235.21951219512195,0,19673.76,DERIVED,sakay_gtfs_master_historic|worldpop_phl_2020_1km
LTFRB_PUJ1147,,"Brgy. San Rafael (Rodriguez) - Quezon City Hall via Maly (San Mateo, Rizal*","MH del Pilar Street near Pig Farm, Rodriguez - Kalayaan Ave / Elliptical Rd Intersection, Quezon City, Manila",725684,20.189,stop_sequence_approx,85,1.0,17.0,1020.0,1.0,gtfs_frequencies_typical_weekday,20592.78,626286.3,67.797,15.334,1.317,0.0,0.524,True,False,56.0,C,ordered-stop planning approximation,True,DERIVED,2,historic_only,uncertain,,,historic_gtfs_baseline,sakay_gtfs_master_historic,No current route validation supplied.,,,False,,historic_only,brgy-san-rafael-rodriguez__quezon-city-hall,4.210213482589529,240.3452380952381,0,20592.78,DERIVED,sakay_gtfs_master_historic|worldpop_phl_2020_1km
LTFRB_PUJ1148,,Bel-Air-Washington,"Washington / E.Jacinto Intersection, Makati City - Canopus / Jupiter Intersection, Makati City, Manila",725492,3.114,stop_sequence_approx,10,1.0,17.0,1020.0,1.0,gtfs_frequencies_typical_weekday,3176.28,57074.3,35.522,2.586,1.204,0.0,0.54,True,False,44.0,D,ordered-stop planning approximation | few representative stops,True,DERIVED,0,historic_only,uncertain,,,historic_gtfs_baseline,sakay_gtfs_master_historic,No current route validation supplied.,,,False,,historic_only,air__bel__washington,3.2113037893384715,346.0,0,3176.28,DERIVED,sakay_gtfs_master_historic|worldpop_phl_2020_1km
LTFRB_PUJ1149,,Bel-Air-Washington,"Canopus / Jupiter Intersection, Makati City, Manila - Washington / E.Jacinto Intersection, Makati City",725590,3.117,stop_sequence_approx,10,1.0,17.0,1020.0,1.0,gtfs_frequencies_typical_weekday,3179.34,57074.3,35.522,2.586,1.205,0.0,0.54,True,False,44.0,D,ordered-stop planning approximation | few representative stops,True,DERIVED,0,historic_only,uncertain,,,historic_gtfs_baseline,sakay_gtfs_master_historic,No current route validation supplied.,,,False,,historic_only,air__bel__washington,3.208213025344883,346.3333333333333,0,3179.34,DERIVED,sakay_gtfs_master_historic|worldpop_phl_2020_1km
LTFRB_PUJ1150,,Bicutan (Taguig) - Pasig (TP) via Pateros,"Adia Bagumbayan Manuel L. Quezon, Taguig City, Manila - Balderama, Pasig City, Manila",725960,10.601,stop_sequence_approx,46,1.0,17.0,1020.0,1.0,gtfs_frequencies_typical_weekday,10813.02,613889.0,88.604,8.682,1.221,0.0,0.338,True,False,56.0,C,ordered-stop planning approximation,True,DERIVED,0,historic_only,uncertain,,,historic_gtfs_baseline,sakay_gtfs_master_historic,No current route validation supplied.,,,False,,historic_only,bicutan-taguig__pasig-tp,4.339213281765871,235.57777777777778,0,10813.02,DERIVED,sakay_gtfs_master_historic|worldpop_phl_2020_1km
LTFRB_PUJ1151,,Bicutan (Taguig) - Pasig (TP) via Pateros,"Balderama, Pasig City, Manila - Adia Bagumbayan Manuel L. Quezon, Taguig City, Manila",724960,10.502,stop_sequence_approx,46,1.0,17.0,1020.0,1.0,gtfs_frequencies_typical_weekday,10712.04,613889.0,88.604,8.682,1.21,0.0,0.334,True,False,56.0,C,ordered-stop planning approximation,True,DERIVED,1,historic_only,uncertain,,,historic_gtfs_baseline,sakay_gtfs_master_historic,No current route validation supplied.,,,False,,historic_only,bicutan-taguig__pasig-tp,4.380118072748048,233.37777777777777,0,10712.04,DERIVED,sakay_gtfs_master_historic|worldpop_phl_2020_1km
LTFRB_PUJ1152,,Binangonan - JRC via Angono,"Quezon Ext. Binangonan, Manila - Shaw Blvd, Mandaluyong City, Manila",724897,28.33,stop_sequence_approx,100,1.0,17.0,1020.0,1.0,gtfs_frequencies_typical_weekday,28896.6,829713.7,66.479,22.817,1.242,0.0,0.541,True,False,56.0,C,ordered-stop planning approximation,True,DERIVED,0,historic_only,uncertain,,,historic_gtfs_baseline,sakay_gtfs_master_historic,No current route validation supplied.,,,False,,historic_only,binangonan__jrc,3.529827038475115,286.16161616161617,0,28896.6,DERIVED,sakay_gtfs_master_historic|worldpop_phl_2020_1km
LTFRB_PUJ1153,,Binangonan - JRC via Angono,"Shaw Blvd, Mandaluyong City, Manila - Quezon Ext. Binangonan, Manila",726161,28.67,stop_sequence_approx,103,1.0,17.0,1020.0,1.0,gtfs_frequencies_typical_weekday,29243.4,829713.7,66.479,22.817,1.257,0.0,0.541,True,False,56.0,C,ordered-stop planning approximation,True,DERIVED,0,historic_only,uncertain,,,historic_gtfs_baseline,sakay_gtfs_master_historic,No current route validation supplied.,,,False,,historic_only,binangonan__jrc,3.5926055109870942,281.078431372549,0,29243.4,DERIVED,sakay_gtfs_master_historic|worldpop_phl_2020_1km
LTFRB_PUJ1154,,Binangonan - Marcos Highway via Manila East Road,"Felix Ave, Cainta, Manila - Osmena, Binangonan, Manila",725003,22.524,stop_sequence_approx,86,1.0,17.0,1020.0,1.0,gtfs_frequencies_typical_weekday,22974.48,516887.2,52.616,19.934,1.13,0.0,0.48,True,False,56.0,C,ordered-stop planning approximation,True,DERIVED,2,historic_only,uncertain,,,historic_gtfs_baseline,sakay_gtfs_master_historic,No current route validation supplied.,,,False,,historic_only,binangonan__marcos-highway,3.8181495293908716,264.98823529411766,0,22974.48,DERIVED,sakay_gtfs_master_historic|worldpop_phl_2020_1km
LTFRB_PUJ1155,,Binangonan - Marcos Highway via Manila East Road,"Osmena, Binangonan, Manila - Felix Ave, Cainta, Manila",725620,22.628,stop_sequence_approx,87,1.0,17.0,1020.0,1.0,gtfs_frequencies_typical_weekday,23080.56,531768.2,54.286,19.934,1.135,0.0,0.48,True,False,56.0,C,ordered-stop planning approximation,True,DERIVED,2,historic_only,uncertain,,,historic_gtfs_baseline,sakay_gtfs_master_historic,No current route validation supplied.,,,False,,historic_only,binangonan__marcos-highway,3.844794060456072,263.1162790697674,0,23080.56,DERIVED,sakay_gtfs_master_historic|worldpop_phl_2020_1km
LTFRB_PUJ1156,,Binangonan - Pasig (TP),"Quezon Ext. Binangonan, Manila - Market Ave, Pasig City, Manila",726180,30.79,stop_sequence_approx,135,1.0,17.0,1020.0,1.0,gtfs_frequencies_typical_weekday,31405.8,938765.6,70.318,15.811,1.947,0.0667,0.651,True,True,48.0,D,ordered-stop planning approximation | self-intersection detected,True,DERIVED,8,historic_only,uncertain,,,historic_gtfs_baseline,sakay_gtfs_master_historic,No current route validation supplied.,,,False,,historic_only,binangonan__pasig-tp,4.384540435206236,229.77611940298507,0,31405.8,DERIVED,sakay_gtfs_master_historic|worldpop_phl_2020_1km
LTFRB_PUJ1157,,Binangonan - Pasig (TP),"Market Ave, Pasig City, Manila - Quezon Ext. Binangonan, Manila",725323,29.528,stop_sequence_approx,132,1.0,17.0,1020.0,1.0,gtfs_frequencies_typical_weekday,30118.56,825975.9,70.196,15.811,1.868,0.053,0.48,True,True,48.0,D,ordered-stop planning approximation | self-intersection detected,True,DERIVED,6,historic_only,uncertain,,,historic_gtfs_baseline,sakay_gtfs_master_historic,No current route validation supplied.,,,False,,historic_only,binangonan__pasig-tp,4.470333243023571,225.40458015267177,0,30118.56,DERIVED,sakay_gtfs_master_historic|worldpop_phl_2020_1km
LTFRB_PUJ1159,,Blumentritt - Divisoria,"Light Rail Transportation / New Antipolo, Quezon City - Claro M. Recto Ave / Jose Abad Santos Ave. Intersection, Manila",724740,2.437,stop_sequence_approx,14,1.0,17.0,1020.0,1.0,gtfs_frequencies_typical_weekday,2485.74,319234.3,100.0,2.019,1.207,0.0,0.266,True,False,56.0,C,ordered-stop planning approximation,True,DERIVED,0,historic_only,uncertain,,,historic_gtfs_baseline,sakay_gtfs_master_historic,No current route validation supplied.,,,False,,historic_only,blumentritt__divisoria,5.7447681575707845,187.46153846153845,0,2485.74,DERIVED,sakay_gtfs_master_historic|worldpop_phl_2020_1km
LTFRB_PUJ1160,,Blumentritt - Frisco,"Light Rail Transportation / New Antipolo, Quezon City - Del Monte Avenue / Roosevelt Avenue Intersection, Quezon City",725085,4.801,stop_sequence_approx,23,1.0,17.0,1020.0,1.0,gtfs_frequencies_typical_weekday,4897.02,332622.0,91.905,4.064,1.181,0.0,0.325,True,False,56.0,C,ordered-stop planning approximation,True,DERIVED,0,historic_only,uncertain,,,historic_gtfs_baseline,sakay_gtfs_master_historic,No current route validation supplied.,,,False,,historic_only,blumentritt__frisco,4.790668610706103,218.22727272727272,0,4897.02,DERIVED,sakay_gtfs_master_historic|worldpop_phl_2020_1km
LTFRB_PUJ1161,,Blumentritt - Frisco,"Del Monte Avenue / Roosevelt Avenue Intersection, Quezon City - Light Rail Transportation / New Antipolo, Quezon City",725500,4.82,stop_sequence_approx,24,1.0,17.0,1020.0,1.0,gtfs_frequencies_typical_weekday,4916.400000000001,332622.0,91.905,4.064,1.186,0.0,0.332,True,False,56.0,C,ordered-stop planning approximation,True,DERIVED,0,historic_only,uncertain,,,historic_gtfs_baseline,sakay_gtfs_master_historic,No current route validation supplied.,,,False,,historic_only,blumentritt__frisco,4.979253112033195,209.56521739130434,0,4916.400000000001,DERIVED,sakay_gtfs_master_historic|worldpop_phl_2020_1km
LTFRB_PUJ1162,,Blumentritt - I. Delos Reyes/P. Campa via Dimasalang,"Alfonso Mendoza, Manila - Light Rail Transportation / New Antipolo, Quezon City",724606,2.618,stop_sequence_approx,12,1.0,17.0,1020.0,1.0,gtfs_frequencies_typical_weekday,2670.36,275730.6,100.0,1.463,1.789,0.0,0.37,True,False,56.0,C,ordered-stop planning approximation,True,DERIVED,0,historic_only,uncertain,,,historic_gtfs_baseline,sakay_gtfs_master_historic,No current route validation supplied.,,,False,,historic_only,blumentritt__i-delos-reyes-p-campa,4.583651642475172,238.0,0,2670.36,DERIVED,sakay_gtfs_master_historic|worldpop_phl_2020_1km
LTFRB_PUJ1163,,Blumentritt - I. Delos Reyes/P. Campa via Dimasalang,"Light Rail Transportation / New Antipolo, Quezon City - Alfonso Mendoza, Manila",725845,2.401,stop_sequence_approx,11,1.0,17.0,1020.0,1.0,gtfs_frequencies_typical_weekday,2449.02,275730.6,100.0,1.463,1.641,0.0,0.37,True,False,44.0,D,ordered-stop planning approximation | few representative stops,True,DERIVED,0,historic_only,uncertain,,,historic_gtfs_baseline,sakay_gtfs_master_historic,No current route validation supplied.,,,False,,historic_only,blumentritt__i-delos-reyes-p-campa,4.581424406497293,240.1,0,2449.02,DERIVED,sakay_gtfs_master_historic|worldpop_phl_2020_1km
LTFRB_PUJ1164,,"Blumentritt - Libertad via Quiapo, L. Guinto","Dimasalang / Aurora Boulevard Intersection, Quezon City - Taft Avenue Extension / Epifanio de los Santos Avenue, Lungsod ng Pasay, Manila",726263,11.554,stop_sequence_approx,41,1.0,17.0,1020.0,1.0,gtfs_frequencies_typical_weekday,11785.08,634825.7,91.941,9.699,1.191,0.0,0.583,True,False,56.0,C,ordered-stop planning approximation,True,DERIVED,0,historic_only,uncertain,,,historic_gtfs_baseline,sakay_gtfs_master_historic,No current route validation supplied.,,,False,,historic_only,blumentritt__libertad,3.548554613120997,288.85,0,11785.08,DERIVED,sakay_gtfs_master_historic|worldpop_phl_2020_1km
LTFRB_PUJ1165,,"Blumentritt - Libertad via Quiapo, L. Guinto","Taft Avenue Extension / Epifanio de los Santos Avenue, Lungsod ng Pasay, Manila - Dimasalang / Aurora Boulevard Intersection, Quezon City",726310,11.045,stop_sequence_approx,37,1.0,17.0,1020.0,1.0,gtfs_frequencies_typical_weekday,11265.9,634825.7,91.941,9.699,1.139,0.027,0.583,True,True,48.0,D,ordered-stop planning approximation | self-intersection detected,True,DERIVED,0,historic_only,uncertain,,,historic_gtfs_baseline,sakay_gtfs_master_historic,No current route validation supplied.,,,False,,historic_only,blumentritt__libertad,3.3499320959710275,306.80555555555554,0,11265.9,DERIVED,sakay_gtfs_master_historic|worldpop_phl_2020_1km
LTFRB_PUJ1166,,"Blumentritt - Libertad via Quiapo, Mabini","Cuneta Avenue, Lungsod ng Pasay, Manila - Dimasalang / Aurora Boulevard Intersection, Quezon City",725842,11.845,stop_sequence_approx,40,1.0,17.0,1020.0,1.0,gtfs_frequencies_typical_weekday,12081.9,499669.8,88.075,9.73,1.217,0.025,0.639,True,True,48.0,D,ordered-stop planning approximation | self-intersection detected,True,DERIVED,0,historic_only,uncertain,,,historic_gtfs_baseline,sakay_gtfs_master_historic,No current route validation supplied.,,,False,,historic_only,blumentritt__libertad,3.3769523005487545,303.71794871794873,0,12081.9,DERIVED,sakay_gtfs_master_historic|worldpop_phl_2020_1km
LTFRB_PUJ1167,,"Blumentritt - Libertad via Quiapo, Mabini","Dimasalang / Aurora Boulevard Intersection, Quezon City - Cuneta Avenue, Lungsod ng Pasay, Manila",725529,11.705,stop_sequence_approx,42,1.0,17.0,1020.0,1.0,gtfs_frequencies_typical_weekday,11939.1,468270.5,86.864,9.73,1.203,0.0,0.434,True,False,56.0,C,ordered-stop planning approximation,True,DERIVED,0,historic_only,uncertain,,,historic_gtfs_baseline,sakay_gtfs_master_historic,No current route validation supplied.,,,False,,historic_only,blumentritt__libertad,3.588210166595472,285.4878048780488,0,11939.1,DERIVED,sakay_gtfs_master_historic|worldpop_phl_2020_1km
LTFRB_PUJ1168,,"Blumentritt - Libertad via Sta. Cruz, L. Guinto","Antonio Arnaiz Ave / F.B. Harrison St Intersection - Light Rail Transit Line / Bulacan Intersection, Quezon City",725056,10.222,stop_sequence_approx,36,1.0,17.0,1020.0,1.0,gtfs_frequencies_typical_weekday,10426.44,555515.3,91.279,8.996,1.136,0.0,0.639,True,False,56.0,C,ordered-stop planning approximation,True,DERIVED,1,historic_only,uncertain,,,historic_gtfs_baseline,sakay_gtfs_master_historic,No current route validation supplied.,,,False,,historic_only,blumentritt__libertad,3.521815691645471,292.0571428571429,0,10426.44,DERIVED,sakay_gtfs_master_historic|worldpop_phl_2020_1km
LTFRB_PUJ1169,,"Blumentritt - Libertad via Sta. Cruz, L. Guinto","Light Rail Transit Line / Bulacan Intersection, Quezon City - Antonio Arnaiz Ave / F.B. Harrison St Intersection",724684,10.366,stop_sequence_approx,37,1.0,17.0,1020.0,1.0,gtfs_frequencies_typical_weekday,10573.32,599858.4,92.073,8.996,1.152,0.0,0.548,True,False,56.0,C,ordered-stop planning approximation,True,DERIVED,0,historic_only,uncertain,,,historic_gtfs_baseline,sakay_gtfs_master_historic,No current route validation supplied.,,,False,,historic_only,blumentritt__libertad,3.569361373721783,287.94444444444446,0,10573.32,DERIVED,sakay_gtfs_master_historic|worldpop_phl_2020_1km
LTFRB_PUJ1170,,"Blumentritt - Libertad via Sta. Cruz, Mabini","Antonio Arnaiz Ave / F.B. Harrison St Intersection - Old Antipolo / Felix Huetas Intersection, Quezon City",724728,9.271,stop_sequence_approx,31,1.0,17.0,1020.0,1.0,gtfs_frequencies_typical_weekday,9456.42,356315.8,86.274,8.476,1.094,0.0,0.586,True,False,56.0,C,ordered-stop planning approximation,True,DERIVED,0,historic_only,uncertain,,,historic_gtfs_baseline,sakay_gtfs_master_historic,No current route validation supplied.,,,False,,historic_only,blumentritt__libertad,3.3437601121777583,309.03333333333336,0,9456.42,DERIVED,sakay_gtfs_master_historic|worldpop_phl_2020_1km
LTFRB_PUJ1171,,"Blumentritt - Libertad via Sta. Cruz, Mabini","Old Antipolo / Felix Huetas Intersection, Quezon City - Antonio Arnaiz Ave / F.B. Harrison St Intersection",725674,9.899,stop_sequence_approx,36,1.0,17.0,1020.0,1.0,gtfs_frequencies_typical_weekday,10096.98,471611.4,89.82,8.476,1.168,0.0,0.708,True,False,56.0,C,ordered-stop planning approximation,True,DERIVED,0,historic_only,uncertain,,,historic_gtfs_baseline,sakay_gtfs_master_historic,No current route validation supplied.,,,False,,historic_only,blumentritt__libertad,3.6367309829275687,282.8285714285714,0,10096.98,DERIVED,sakay_gtfs_master_historic|worldpop_phl_2020_1km
LTFRB_PUJ1172,,Blumentritt - North Harbor via Divisoria,"Antonio Rivera, Manila - Light Rail Transportation / New Antipolo, Quezon City",724652,2.375,stop_sequence_approx,14,1.0,17.0,1020.0,2.0,gtfs_frequencies_typical_weekday,2422.5,319234.3,100.0,1.941,1.223,0.0,0.266,True,False,56.0,C,ordered-stop planning approximation,True,DERIVED,0,historic_only,uncertain,,,historic_gtfs_baseline,sakay_gtfs_master_historic,No current route validation supplied.,,,False,,historic_only,blumentritt__north-harbor,5.894736842105263,182.69230769230768,0,2422.5,DERIVED,sakay_gtfs_master_historic|worldpop_phl_2020_1km
LTFRB_PUJ1173,,Blumentritt - North Harbor via Divisoria,"Light Rail Transportation / New Antipolo, Quezon City - Antonio Rivera, Manila",726076,2.624,stop_sequence_approx,15,1.0,17.0,1020.0,1.0,gtfs_frequencies_typical_weekday,2676.48,300233.2,100.0,1.941,1.352,0.0,0.218,True,False,56.0,C,ordered-stop planning approximation,True,DERIVED,0,historic_only,uncertain,,,historic_gtfs_baseline,sakay_gtfs_master_historic,No current route validation supplied.,,,False,,historic_only,blumentritt__north-harbor,5.716463414634146,187.42857142857142,0,2676.48,DERIVED,sakay_gtfs_master_historic|worldpop_phl_2020_1km
LTFRB_PUJ1174,,"Blumentritt - Pasay RTDA. via Quiapo, L. Guinto","Light Rail Transportation / New Antipolo, Quezon City - Taft Avenue Extension / Epifanio de los Santos Avenue, Lungsod ng Pasay, Manila",724673,11.427,stop_sequence_approx,40,1.0,17.0,1020.0,1.0,gtfs_frequencies_typical_weekday,11655.54,717854.9,92.873,9.658,1.183,0.0,0.583,True,False,56.0,C,ordered-stop planning approximation,True,DERIVED,0,historic_only,uncertain,,,historic_gtfs_baseline,sakay_gtfs_master_historic,No current route validation supplied.,,,False,,historic_only,blumentritt__pasay-rtda,3.500481316180975,293.0,0,11655.54,DERIVED,sakay_gtfs_master_historic|worldpop_phl_2020_1km
LTFRB_PUJ1175,,"Blumentritt - Pasay RTDA. via Quiapo, L. Guinto","Taft Avenue Extension / Epifanio de los Santos Avenue, Lungsod ng Pasay, Manila - Light Rail Transportation / New Antipolo, Quezon City",725015,11.306,stop_sequence_approx,39,1.0,17.0,1020.0,1.0,gtfs_frequencies_typical_weekday,11532.12,717854.9,92.873,9.658,1.171,0.0,0.583,True,False,56.0,C,ordered-stop planning approximation,True,DERIVED,0,historic_only,uncertain,,,historic_gtfs_baseline,sakay_gtfs_master_historic,No current route validation supplied.,,,False,,historic_only,blumentritt__pasay-rtda,3.4494958429152667,297.5263157894737,0,11532.12,DERIVED,sakay_gtfs_master_historic|worldpop_phl_2020_1km
LTFRB_PUJ1176,,"Blumentritt - Pasay RTDA via Sta. Cruz, L. Guinto","New Antipolo / Oroquieta Intersection, Quezon City - Epifanio de los Santos Avenue, Lungsod ng Pasay",725930,10.97,stop_sequence_approx,40,1.0,17.0,1020.0,1.0,gtfs_frequencies_typical_weekday,11189.4,657751.3,92.222,9.572,1.146,0.0,0.708,True,False,56.0,C,ordered-stop planning approximation,True,DERIVED,1,historic_only,uncertain,,,historic_gtfs_baseline,sakay_gtfs_master_historic,No current route validation supplied.,,,False,,historic_only,blumentritt__pasay-rtda,3.6463081130355515,281.28205128205127,0,11189.4,DERIVED,sakay_gtfs_master_historic|worldpop_phl_2020_1km
LTFRB_PUJ1177,,"Blumentritt - Pasay RTDA via Sta. Cruz, L. Guinto","Epifanio de los Santos Avenue, Lungsod ng Pasay - New Antipolo / Oroquieta Intersection, Quezon City",726410,10.414,stop_sequence_approx,41,1.0,17.0,1020.0,1.0,gtfs_frequencies_typical_weekday,10622.28,664347.4,93.569,9.572,1.088,0.0,0.586,True,False,56.0,C,ordered-stop planning approximation,True,DERIVED,0,historic_only,uncertain,,,historic_gtfs_baseline,sakay_gtfs_master_historic,No current route validation supplied.,,,False,,historic_only,blumentritt__pasay-rtda,3.937007874015748,260.35,0,10622.28,DERIVED,sakay_gtfs_master_historic|worldpop_phl_2020_1km
LTFRB_PUJ1178,,"Blumentritt - Pasay RTDA. via Sta. Cruz, Mabini","Old Antipolo / Felix Huetas Intersection, Quezon City - Epifanio de los Santos Avenue, Lungsod ng Pasay",725774,11.163,stop_sequence_approx,43,1.0,17.0,1020.0,1.0,gtfs_frequencies_typical_weekday,11386.26,504304.8,88.184,9.51,1.174,0.0,0.708,True,False,56.0,C,ordered-stop planning approximation,True,DERIVED,0,historic_only,uncertain,,,historic_gtfs_baseline,sakay_gtfs_master_historic,No current route validation supplied.,,,False,,historic_only,blumentritt__pasay-rtda,3.852011108125056,265.7857142857143,0,11386.26,DERIVED,sakay_gtfs_master_historic|worldpop_phl_2020_1km
LTFRB_PUJ1179,,"Blumentritt - Pasay RTDA. via Sta. Cruz, Mabini","Epifanio de los Santos Avenue, Lungsod ng Pasay - Old Antipolo / Felix Huetas Intersection, Quezon City",726054,10.644,stop_sequence_approx,38,1.0,17.0,1020.0,1.0,gtfs_frequencies_typical_weekday,10856.88,505699.7,88.217,9.51,1.119,0.0,0.586,True,False,56.0,C,ordered-stop planning approximation,True,DERIVED,0,historic_only,uncertain,,,historic_gtfs_baseline,sakay_gtfs_master_historic,No current route validation supplied.,,,False,,historic_only,blumentritt__pasay-rtda,3.570086433671552,287.6756756756757,0,10856.88,DERIVED,sakay_gtfs_master_historic|worldpop_phl_2020_1km
LTFRB_PUJ1180,,"Blumentritt - Remedios via Quiapo, L. Guinto","Light Rail Transportation / New Antipolo, Quezon City - Leon Guinto Sr., Manila",725689,7.352,stop_sequence_approx,30,1.0,17.0,1020.0,1.0,gtfs_frequencies_typical_weekday,7499.04,461686.8,93.059,5.693,1.291,0.0,0.53,True,False,56.0,C,ordered-stop planning approximation,True,DERIVED,0,historic_only,uncertain,,,historic_gtfs_baseline,sakay_gtfs_master_historic,No current route validation supplied.,,,False,,historic_only,blumentritt__remedios,4.080522306855277,253.51724137931035,0,7499.04,DERIVED,sakay_gtfs_master_historic|worldpop_phl_2020_1km
LTFRB_PUJ1181,,"Blumentritt - Remedios via Quiapo, L. Guinto","Leon Guinto Sr., Manila - Light Rail Transportation / New Antipolo, Quezon City",725958,7.361,stop_sequence_approx,30,1.0,17.0,1020.0,1.0,gtfs_frequencies_typical_weekday,7508.219999999999,477122.5,93.284,5.693,1.293,0.0,0.411,True,False,56.0,C,ordered-stop planning approximation,True,DERIVED,0,historic_only,uncertain,,,historic_gtfs_baseline,sakay_gtfs_master_historic,No current route validation supplied.,,,False,,historic_only,blumentritt__remedios,4.075533215595708,253.82758620689654,0,7508.219999999999,DERIVED,sakay_gtfs_master_historic|worldpop_phl_2020_1km
LTFRB_PUJ1182,,Blumentritt - Retiro,"Light Rail Transportation / New Antipolo, Quezon City - N. S. Amoranto Sr. Avenue / Banawe Avenue Intersection, Quezon City",726219,2.425,stop_sequence_approx,10,1.0,17.0,1020.0,1.0,gtfs_frequencies_typical_weekday,2473.5,222647.0,88.189,2.332,1.04,0.0,0.506,True,False,44.0,D,ordered-stop planning approximation | few representative stops,True,DERIVED,0,historic_only,uncertain,,,historic_gtfs_baseline,sakay_gtfs_master_historic,No current route validation supplied.,,,False,,historic_only,blumentritt__retiro,4.123711340206186,269.44444444444446,0,2473.5,DERIVED,sakay_gtfs_master_historic|worldpop_phl_2020_1km
LTFRB_PUJ1183,,Blumentritt - Retiro,"N. S. Amoranto Sr. Avenue / Banawe Avenue Intersection, Quezon City - Light Rail Transportation / New Antipolo, Quezon City",725727,2.568,stop_sequence_approx,11,1.0,17.0,1020.0,1.0,gtfs_frequencies_typical_weekday,2619.36,222647.0,88.189,2.332,1.101,0.0,0.506,True,False,44.0,D,ordered-stop planning approximation | few representative stops,True,DERIVED,0,historic_only,uncertain,,,historic_gtfs_baseline,sakay_gtfs_master_historic,No current route validation supplied.,,,False,,historic_only,blumentritt__retiro,4.283489096573208,256.8,0,2619.36,DERIVED,sakay_gtfs_master_historic|worldpop_phl_2020_1km
LTFRB_PUJ1184,,Blumentritt - Sta. Quiteria,"Ferdinand Blumentritt / Felix Huertas Intersection, Quezon City - Roxas, Quirino Highway, Quezon City",725643,8.248,stop_sequence_approx,43,1.0,17.0,1020.0,1.0,gtfs_frequencies_typical_weekday,8412.96,462111.9,97.681,6.645,1.241,0.0,0.391,True,False,56.0,C,ordered-stop planning approximation,True,DERIVED,0,historic_only,uncertain,,,historic_gtfs_baseline,sakay_gtfs_master_historic,No current route validation supplied.,,,False,,historic_only,blumentritt__sta-quiteria,5.213385063045587,196.38095238095238,0,8412.96,DERIVED,sakay_gtfs_master_historic|worldpop_phl_2020_1km
LTFRB_PUJ1185,,Blumentritt - Sta. Quiteria,"Roxas, Quirino Highway, Quezon City - Ferdinand Blumentritt / Felix Huertas Intersection, Quezon City",726208,8.059,stop_sequence_approx,42,1.0,17.0,1020.0,1.0,gtfs_frequencies_typical_weekday,8220.179999999998,462111.9,97.681,6.645,1.213,0.0,0.391,True,False,56.0,C,ordered-stop planning approximation,True,DERIVED,0,historic_only,uncertain,,,historic_gtfs_baseline,sakay_gtfs_master_historic,No current route validation supplied.,,,False,,historic_only,blumentritt__sta-quiteria,5.211564710261819,196.56097560975607,0,8220.179999999998,DERIVED,sakay_gtfs_master_historic|worldpop_phl_2020_1km
LTFRB_PUJ1186,,"Blumentritt - Vito Cruz via Quiapo, Mabini","Light Rail Transportation / New Antipolo, Quezon City - HP Village Square, Pablo Ocampo Sr., Manila",726406,9.138,stop_sequence_approx,35,1.0,17.0,1020.0,1.0,gtfs_frequencies_typical_weekday,9320.76,463073.3,89.632,6.945,1.316,0.0,0.411,True,False,56.0,C,ordered-stop planning approximation,True,DERIVED,0,historic_only,uncertain,,,historic_gtfs_baseline,sakay_gtfs_master_historic,No current route validation supplied.,,,False,,historic_only,blumentritt__vito-cruz,3.8301597723790763,268.7647058823529,0,9320.76,DERIVED,sakay_gtfs_master_historic|worldpop_phl_2020_1km
LTFRB_PUJ1187,,"Blumentritt - Vito Cruz via Quiapo, Mabini","HP Village Square, Pablo Ocampo Sr., Manila - Light Rail Transportation / New Antipolo, Quezon City",726173,9.148,stop_sequence_approx,36,1.0,17.0,1020.0,1.0,gtfs_frequencies_typical_weekday,9330.96,502257.9,90.441,6.945,1.317,0.0,0.477,True,False,56.0,C,ordered-stop planning approximation,True,DERIVED,0,historic_only,uncertain,,,historic_gtfs_baseline,sakay_gtfs_master_historic,No current route validation supplied.,,,False,,historic_only,blumentritt__vito-cruz,3.935286401399213,261.37142857142857,0,9330.96,DERIVED,sakay_gtfs_master_historic|worldpop_phl_2020_1km
LTFRB_PUJ1188,,Boni/Pinatubo - Kalentong/JRC,"Arayat, Mandaluyong City, Manila - Daang Bakal / New Panaderos Extension Intersection, Manila",724888,3.96,stop_sequence_approx,11,1.0,17.0,1020.0,1.0,gtfs_frequencies_typical_weekday,4039.2,373725.1,100.0,3.012,1.315,0.0,0.54,True,False,44.0,D,ordered-stop planning approximation | few representative stops,True,DERIVED,0,historic_only,uncertain,,,historic_gtfs_baseline,sakay_gtfs_master_historic,No current route validation supplied.,,,False,,historic_only,boni-pinatubo__kalentong-jrc,2.7777777777777777,396.0,0,4039.2,DERIVED,sakay_gtfs_master_historic|worldpop_phl_2020_1km
LTFRB_PUJ1189,,Boni/Pinatubo - Kalentong/JRC,"Daang Bakal / New Panaderos Extension Intersection, Manila - Arayat, Mandaluyong City, Manila",725114,4.924,stop_sequence_approx,15,1.0,17.0,1020.0,1.0,gtfs_frequencies_typical_weekday,5022.4800000000005,443375.2,100.0,3.012,1.635,0.0,0.54,True,False,56.0,C,ordered-stop planning approximation,True,DERIVED,0,historic_only,uncertain,,,historic_gtfs_baseline,sakay_gtfs_master_historic,No current route validation supplied.,,,False,,historic_only,boni-pinatubo__kalentong-jrc,3.046303818034118,351.7142857142857,0,5022.4800000000005,DERIVED,sakay_gtfs_master_historic|worldpop_phl_2020_1km
LTFRB_PUJ1190,,Boni - Kalentong/JRC via Boni Ave.,"Arayat, Mandaluyong City, Manila - New Panaderos Extension / 34 Rte Rev. G. Aglipay Intersection, Mandaluyong City",724625,3.541,stop_sequence_approx,10,1.0,17.0,1020.0,1.0,gtfs_frequencies_typical_weekday,3611.82,373725.1,100.0,3.13,1.131,0.0,0.54,True,False,44.0,D,ordered-stop planning approximation | few representative stops,True,DERIVED,0,historic_only,uncertain,,,historic_gtfs_baseline,sakay_gtfs_master_historic,No current route validation supplied.,,,False,,historic_only,boni__kalentong-jrc,2.824060999717594,393.44444444444446,0,3611.82,DERIVED,sakay_gtfs_master_historic|worldpop_phl_2020_1km
LTFRB_PUJ1191,,Boni - Kalentong/JRC via Boni Ave.,"New Panaderos Extension / 34 Rte Rev. G. Aglipay Intersection, Mandaluyong City - Arayat, Mandaluyong City, Manila",726214,3.908,stop_sequence_approx,12,1.0,17.0,1020.0,1.0,gtfs_frequencies_typical_weekday,3986.16,373725.1,100.0,3.13,1.249,0.0,0.54,True,False,56.0,C,ordered-stop planning approximation,True,DERIVED,0,historic_only,uncertain,,,historic_gtfs_baseline,sakay_gtfs_master_historic,No current route validation supplied.,,,False,,historic_only,boni__kalentong-jrc,3.0706243602865917,355.27272727272725,0,3986.16,DERIVED,sakay_gtfs_master_historic|worldpop_phl_2020_1km
LTFRB_PUJ1192,,Boni (Robinson's Complex) - Kalentong/JRC,"Pioneer Studios, Pioneer, Pasig City, Manila - New Panaderos Extension / 34 Rte Rev. G. Aglipay Intersection, Mandaluyong City",725944,4.105,stop_sequence_approx,12,1.0,17.0,1020.0,1.0,gtfs_frequencies_typical_weekday,4187.1,373725.1,100.0,3.809,1.078,0.0,0.54,True,False,56.0,C,ordered-stop planning approximation,True,DERIVED,0,historic_only,uncertain,,,historic_gtfs_baseline,sakay_gtfs_master_historic,No current route validation supplied.,,,False,,historic_only,boni-robinson-s-complex__kalentong-jrc,2.92326431181486,373.1818181818182,0,4187.1,DERIVED,sakay_gtfs_master_historic|worldpop_phl_2020_1km
LTFRB_PUJ1193,,Boni (Robinson's Complex) - Kalentong/JRC,"New Panaderos Extension / 34 Rte Rev. G. Aglipay Intersection, Mandaluyong City - Pioneer Studios, Pioneer, Pasig City, Manila",724975,4.458,stop_sequence_approx,13,1.0,17.0,1020.0,1.0,gtfs_frequencies_typical_weekday,4547.16,373725.1,100.0,3.809,1.171,0.0,0.603,True,False,56.0,C,ordered-stop planning approximation,True,DERIVED,0,historic_only,uncertain,,,historic_gtfs_baseline,sakay_gtfs_master_historic,No current route validation supplied.,,,False,,historic_only,boni-robinson-s-complex__kalentong-jrc,2.9161058770749215,371.5,0,4547.16,DERIVED,sakay_gtfs_master_historic|worldpop_phl_2020_1km
LTFRB_PUJ1194,,Boni/Pinatubo - Stop & Shop,"Arayat, Mandaluyong City, Manila - Ramon Magsaysay Blvd / Altura Intersection, Manila",725107,6.723,stop_sequence_approx,21,1.0,17.0,1020.0,1.0,gtfs_frequencies_typical_weekday,6857.46,481088.5,100.0,5.069,1.326,0.0,0.54,True,False,56.0,C,ordered-stop planning approximation,True,DERIVED,0,historic_only,uncertain,,,historic_gtfs_baseline,sakay_gtfs_master_historic,No current route validation supplied.,,,False,,historic_only,boni-pinatubo__stop-shop,3.1236055332440875,336.15,0,6857.46,DERIVED,sakay_gtfs_master_historic|worldpop_phl_2020_1km
LTFRB_PUJ1195,,Boni/Pinatubo - Stop & Shop,"Ramon Magsaysay Blvd / Altura Intersection, Manila - Arayat, Mandaluyong City, Manila",725888,6.796,stop_sequence_approx,21,1.0,17.0,1020.0,1.0,gtfs_frequencies_typical_weekday,6931.92,481088.5,100.0,5.069,1.341,0.0,0.54,True,False,56.0,C,ordered-stop planning approximation,True,DERIVED,0,historic_only,uncertain,,,historic_gtfs_baseline,sakay_gtfs_master_historic,No current route validation supplied.,,,False,,historic_only,boni-pinatubo__stop-shop,3.0900529723366685,339.8,0,6931.92,DERIVED,sakay_gtfs_master_historic|worldpop_phl_2020_1km
LTFRB_PUJ1196,,Buendia (Crispa) - PRC via P. Tamo,"Senator Gil Puyat Ave, Lungsod ng Pasay, Manila - A. Reyes Ave, Makati City, Manila",724763,4.847,stop_sequence_approx,14,1.0,17.0,1020.0,1.0,gtfs_frequencies_typical_weekday,4943.9400000000005,208630.3,80.708,3.955,1.226,0.0,0.691,True,False,56.0,C,ordered-stop planning approximation,True,DERIVED,0,historic_only,uncertain,,,historic_gtfs_baseline,sakay_gtfs_master_historic,No current route validation supplied.,,,False,,historic_only,buendia-crispa__prc,2.8883845677738806,372.84615384615387,0,4943.9400000000005,DERIVED,sakay_gtfs_master_historic|worldpop_phl_2020_1km
LTFRB_PUJ1197,,Buendia (Crispa) - PRC via P. Tamo,"A. Reyes Ave, Makati City, Manila - Senator Gil Puyat Ave, Lungsod ng Pasay, Manila",725785,4.431,stop_sequence_approx,13,1.0,17.0,1020.0,1.0,gtfs_frequencies_typical_weekday,4519.62,205941.9,81.761,3.955,1.12,0.0,0.691,True,False,56.0,C,ordered-stop planning approximation,True,DERIVED,0,historic_only,uncertain,,,historic_gtfs_baseline,sakay_gtfs_master_historic,No current route validation supplied.,,,False,,historic_only,buendia-crispa__prc,2.9338749717896637,369.25,0,4519.62,DERIVED,sakay_gtfs_master_historic|worldpop_phl_2020_1km
LTFRB_PUJ1198,,Cabrera - Libertad,"P.Zamora, Lungsod ng Pasay - Antonio Arnaiz Ave / P.Zamora Intersection, Manila",725715,1.129,stop_sequence_approx,4,1.0,17.0,1020.0,1.0,gtfs_frequencies_typical_weekday,1151.58,189450.9,94.362,1.095,1.031,0.0,0.42,True,False,44.0,D,ordered-stop planning approximation | few representative stops,True,DERIVED,0,historic_only,uncertain,,,historic_gtfs_baseline,sakay_gtfs_master_historic,No current route validation supplied.,,,False,,historic_only,cabrera__libertad,3.5429583702391496,376.3333333333333,0,1151.58,DERIVED,sakay_gtfs_master_historic|worldpop_phl_2020_1km
LTFRB_PUJ1199,,Cabrera - Libertad,"Antonio Arnaiz Ave / P.Zamora Intersection, Manila - P.Zamora, Lungsod ng Pasay",725413,1.887,stop_sequence_approx,8,1.0,17.0,1020.0,2.0,gtfs_frequencies_typical_weekday,1924.74,246942.3,95.675,1.095,1.723,0.0,0.431,True,False,44.0,D,ordered-stop planning approximation | few representative stops,True,DERIVED,0,historic_only,uncertain,,,historic_gtfs_baseline,sakay_gtfs_master_historic,No current route validation supplied.,,,False,,historic_only,cabrera__libertad,4.239533651298357,269.57142857142856,0,1924.74,DERIVED,sakay_gtfs_master_historic|worldpop_phl_2020_1km
LTFRB_PUJ1200,,Cainta Junction - Cubao via Ortigas Ave. Ext.,"Rosario Ocampo Elementary School, Rosario Ocampo Elementary School - 15th Ave / P. Tuazon Blvd, Quezon City, Manila",725967,15.389,stop_sequence_approx,58,1.0,17.0,1020.0,1.0,gtfs_frequencies_typical_weekday,15696.78,511830.7,70.176,10.054,1.531,0.0172,0.647,True,True,48.0,D,ordered-stop planning approximation | self-intersection detected,True,DERIVED,1,historic_only,uncertain,,,historic_gtfs_baseline,sakay_gtfs_master_historic,No current route validation supplied.,,,False,,historic_only,cainta-junction__cubao,3.768925856131003,269.9824561403509,0,15696.78,DERIVED,sakay_gtfs_master_historic|worldpop_phl_2020_1km
LTFRB_PUJ1201,,Cainta Junction - Cubao via Ortigas Ave. Ext.,"15th Ave / P. Tuazon Blvd, Quezon City, Manila - Rosario Ocampo Elementary School, Rosario Ocampo Elementary School",725669,14.144,stop_sequence_approx,53,1.0,17.0,1020.0,1.0,gtfs_frequencies_typical_weekday,14426.88,474634.0,69.858,10.054,1.407,0.0,0.548,True,False,56.0,C,ordered-stop planning approximation,True,DERIVED,1,historic_only,uncertain,,,historic_gtfs_baseline,sakay_gtfs_master_historic,No current route validation supplied.,,,False,,historic_only,cainta-junction__cubao,3.7471719457013575,272.0,0,14426.88,DERIVED,sakay_gtfs_master_historic|worldpop_phl_2020_1km
LTFRB_PUJ1202,,"Calumpang - Cubao via 20th Ave., P. Tuazon","General Romulo Ave ,Quezon City, Manila - Nicanor Roxas St, Marikina City, Manila",724828,7.962,stop_sequence_approx,35,1.0,17.0,1020.0,1.0,gtfs_frequencies_typical_weekday,8121.24,255816.1,62.579,4.312,1.846,0.0,0.351,True,False,56.0,C,ordered-stop planning approximation,True,DERIVED,0,historic_only,uncertain,,,historic_gtfs_baseline,sakay_gtfs_master_historic,No current route validation supplied.,,,False,,historic_only,calumpang__cubao,4.395880432052248,234.1764705882353,0,8121.24,DERIVED,sakay_gtfs_master_historic|worldpop_phl_2020_1km
LTFRB_PUJ1203,,"Calumpang - Cubao via 20th Ave., P. Tuazon","Nicanor Roxas St, Marikina City, Manila - General Romulo Ave ,Quezon City, Manila",725246,7.24,stop_sequence_approx,33,1.0,17.0,1020.0,1.0,gtfs_frequencies_typical_weekday,7384.8,246450.9,61.157,4.312,1.679,0.0,0.418,True,False,56.0,C,ordered-stop planning approximation,True,DERIVED,0,historic_only,uncertain,,,historic_gtfs_baseline,sakay_gtfs_master_historic,No current route validation supplied.,,,False,,historic_only,calumpang__cubao,4.558011049723757,226.25,0,7384.8,DERIVED,sakay_gtfs_master_historic|worldpop_phl_2020_1km
LTFRB_PUJ1204,,Calumpang - Stop & Shop via Aurora Blvd.,"Internet Cafe, Old Sta. Mesa, Manila - J. P. Rizal St, Marikina City, Manila",725714,11.405,stop_sequence_approx,41,1.0,17.0,1020.0,1.0,gtfs_frequencies_typical_weekday,11633.1,471869.4,75.24,9.069,1.258,0.0,0.466,True,False,56.0,C,ordered-stop planning approximation,True,DERIVED,1,historic_only,uncertain,,,historic_gtfs_baseline,sakay_gtfs_master_historic,No current route validation supplied.,,,False,,historic_only,calumpang__stop-shop,3.5949145111793075,285.125,0,11633.1,DERIVED,sakay_gtfs_master_historic|worldpop_phl_2020_1km
LTFRB_PUJ1205,,Calumpang - Stop & Shop via Aurora Blvd.,"J. P. Rizal St, Marikina City, Manila - Internet Cafe, Old Sta. Mesa, Manila",726139,12.378,stop_sequence_approx,45,1.0,17.0,1020.0,1.0,gtfs_frequencies_typical_weekday,12625.56,487013.5,76.01,9.069,1.365,0.0,0.466,True,False,56.0,C,ordered-stop planning approximation,True,DERIVED,1,historic_only,uncertain,,,historic_gtfs_baseline,sakay_gtfs_master_historic,No current route validation supplied.,,,False,,historic_only,calumpang__stop-shop,3.6354823073194376,281.3181818181818,0,12625.56,DERIVED,sakay_gtfs_master_historic|worldpop_phl_2020_1km
LTFRB_PUJ1206,,Camarin - Novaliches (TP),"Topaz, Caloocan City - Ipil / Camarin Road Intersection, Caloocan City",725243,6.225,stop_sequence_approx,30,1.0,17.0,1020.0,1.0,gtfs_frequencies_typical_weekday,6349.5,299981.6,76.197,4.36,1.428,0.0,0.328,True,False,56.0,C,ordered-stop planning approximation,True,DERIVED,0,historic_only,uncertain,,,historic_gtfs_baseline,sakay_gtfs_master_historic,No current route validation supplied.,,,False,,historic_only,camarin__novaliches-tp,4.819277108433735,214.6551724137931,0,6349.5,DERIVED,sakay_gtfs_master_historic|worldpop_phl_2020_1km
LTFRB_PUJ1207,,Camarin - Novaliches (TP),"Ipil / Camarin Road Intersection, Caloocan City - Topaz, Caloocan City",725364,6.178,stop_sequence_approx,30,1.0,17.0,1020.0,1.0,gtfs_frequencies_typical_weekday,6301.56,299981.6,76.197,4.36,1.417,0.0,0.328,True,False,56.0,C,ordered-stop planning approximation,True,DERIVED,0,historic_only,uncertain,,,historic_gtfs_baseline,sakay_gtfs_master_historic,No current route validation supplied.,,,False,,historic_only,camarin__novaliches-tp,4.855940433797345,213.0344827586207,0,6301.56,DERIVED,sakay_gtfs_master_historic|worldpop_phl_2020_1km
LTFRB_PUJ1208,,Camella Homes Springville Subd.-Talon Las Pinas,"Everlasting St, Bacoor City, Manila - Alabang-Zapote Road / Southmall Access Rd Intersection, Muntinlupa City, Manila",725829,6.386,stop_sequence_approx,22,1.0,17.0,1020.0,1.0,gtfs_frequencies_typical_weekday,6513.72,151506.9,46.235,4.777,1.337,0.0,0.482,True,False,56.0,C,ordered-stop planning approximation,True,DERIVED,1,historic_only,uncertain,,,historic_gtfs_baseline,sakay_gtfs_master_historic,No current route validation supplied.,,,False,,historic_only,camella-homes-springville-subd__talon-las-pinas,3.445036016285625,304.0952380952381,0,6513.72,DERIVED,sakay_gtfs_master_historic|worldpop_phl_2020_1km
LTFRB_PUJ1209,,Camella Homes Springville Subd.-Talon Las Pinas,"Alabang-Zapote Road / Southmall Access Rd Intersection, Muntinlupa City, Manila - Everlasting St, Bacoor City, Manila",726038,7.718,stop_sequence_approx,25,1.0,17.0,1020.0,1.0,gtfs_frequencies_typical_weekday,7872.36,156350.0,44.803,4.777,1.616,0.04,0.482,True,True,48.0,D,ordered-stop planning approximation | self-intersection detected,True,DERIVED,1,historic_only,uncertain,,,historic_gtfs_baseline,sakay_gtfs_master_historic,No current route validation supplied.,,,False,,historic_only,camella-homes-springville-subd__talon-las-pinas,3.2391811350090696,321.5833333333333,0,7872.36,DERIVED,sakay_gtfs_master_historic|worldpop_phl_2020_1km
LTFRB_PUJ1210,,Camella (Gawaran) - Lozada Market via Marcos Alvarez,"M Gawaran Ave, Bacoor City, Manila - Alabang-Zapote Road, Las Piñas City, Manila",724962,6.152,stop_sequence_approx,23,1.0,17.0,1020.0,1.0,gtfs_frequencies_typical_weekday,6275.04,152015.0,46.081,3.905,1.575,0.087,0.433,True,True,48.0,D,ordered-stop planning approximation | self-intersection detected,True,DERIVED,2,historic_only,uncertain,,,historic_gtfs_baseline,sakay_gtfs_master_historic,No current route validation supplied.,,,False,,historic_only,camella-gawaran__lozada-market,3.7386215864759427,279.6363636363636,0,6275.04,DERIVED,sakay_gtfs_master_historic|worldpop_phl_2020_1km
LTFRB_PUJ1211,,Camella (Gawaran) - Lozada Market via Marcos Alvarez,"Alabang-Zapote Road, Las Piñas City, Manila - M Gawaran Ave, Bacoor City, Manila",725245,5.377,stop_sequence_approx,19,1.0,17.0,1020.0,1.0,gtfs_frequencies_typical_weekday,5484.54,152015.0,46.081,3.905,1.377,0.0,0.433,True,False,56.0,C,ordered-stop planning approximation,True,DERIVED,0,historic_only,uncertain,,,historic_gtfs_baseline,sakay_gtfs_master_historic,No current route validation supplied.,,,False,,historic_only,camella-gawaran__lozada-market,3.53356890459364,298.72222222222223,0,5484.54,DERIVED,sakay_gtfs_master_historic|worldpop_phl_2020_1km
LTFRB_PUJ1212,,Cartimar - EDSA/Buendia via Bel Air,"Senator Gil Puyat Ave, Lungsod ng Pasay, Manila - Epifanio de los Santos Avenue, Makati City, Manila",725825,7.143,stop_sequence_approx,20,1.0,17.0,1020.0,1.0,gtfs_frequencies_typical_weekday,7285.86,210582.1,77.366,6.247,1.143,0.0,0.691,True,False,56.0,C,ordered-stop planning approximation,True,DERIVED,0,historic_only,uncertain,,,historic_gtfs_baseline,sakay_gtfs_master_historic,No current route validation supplied.,,,False,,historic_only,cartimar__edsa-buendia,2.799944001119978,375.94736842105266,0,7285.86,DERIVED,sakay_gtfs_master_historic|worldpop_phl_2020_1km
LTFRB_PUJ1213,,Cartimar - EDSA/Buendia via Bel Air,"Epifanio de los Santos Avenue, Makati City, Manila - Senator Gil Puyat Ave, Lungsod ng Pasay, Manila",726320,7.443,stop_sequence_approx,22,1.0,17.0,1020.0,1.0,gtfs_frequencies_typical_weekday,7591.86,236503.8,79.846,6.247,1.191,0.0,0.691,True,False,56.0,C,ordered-stop planning approximation,True,DERIVED,0,historic_only,uncertain,,,historic_gtfs_baseline,sakay_gtfs_master_historic,No current route validation supplied.,,,False,,historic_only,cartimar__edsa-buendia,2.955797393524117,354.42857142857144,0,7591.86,DERIVED,sakay_gtfs_master_historic|worldpop_phl_2020_1km
LTFRB_PUJ1214,,CCP Complex - Taft Ave. via Vito Cruz,"Jose Diokno Blvd, Lungsod ng Pasay, Manila - Taft Avenue / Pablo Ocampo Sreet, Avenue, Manila",724627,2.954,stop_sequence_approx,10,1.0,17.0,1020.0,1.0,gtfs_frequencies_typical_weekday,3013.0800000000004,85559.2,79.859,2.394,1.234,0.0,0.454,True,False,44.0,D,ordered-stop planning approximation | few representative stops,True,DERIVED,0,historic_only,uncertain,,,historic_gtfs_baseline,sakay_gtfs_master_historic,No current route validation supplied.,,,False,,historic_only,ccp-complex__taft-ave,3.3852403520649963,328.22222222222223,0,3013.0800000000004,DERIVED,sakay_gtfs_master_historic|worldpop_phl_2020_1km
LTFRB_PUJ1215,,CCP Complex - Taft Ave. via Vito Cruz,"Taft Avenue / Pablo Ocampo Sreet, Avenue, Manila - Jose Diokno Blvd, Lungsod ng Pasay, Manila",725340,2.954,stop_sequence_approx,10,1.0,17.0,1020.0,1.0,gtfs_frequencies_typical_weekday,3013.0800000000004,85559.2,79.859,2.394,1.234,0.0,0.454,True,False,44.0,D,ordered-stop planning approximation | few representative stops,True,DERIVED,0,historic_only,uncertain,,,historic_gtfs_baseline,sakay_gtfs_master_historic,No current route validation supplied.,,,False,,historic_only,ccp-complex__taft-ave,3.3852403520649963,328.22222222222223,0,3013.0800000000004,DERIVED,sakay_gtfs_master_historic|worldpop_phl_2020_1km
LTFRB_PUJ1216,,Cielito Homes - Novaliches (TP) via Old Camarin Rd.,"Our Lady Mercy Church, Quirino Highway, Caloocan City - Mahogany / Castle Spring Avenue, Caloocan City",725991,3.956,stop_sequence_approx,18,1.0,17.0,1020.0,1.0,gtfs_frequencies_typical_weekday,4035.12,208198.9,87.558,2.963,1.335,0.0,0.442,True,False,56.0,C,ordered-stop planning approximation,True,DERIVED,0,historic_only,uncertain,,,historic_gtfs_baseline,sakay_gtfs_master_historic,No current route validation supplied.,,,False,,historic_only,cielito-homes__novaliches-tp,4.550050556117291,232.7058823529412,0,4035.12,DERIVED,sakay_gtfs_master_historic|worldpop_phl_2020_1km
LTFRB_PUJ1217,,Cielito Homes - Novaliches (TP) via Old Camarin Rd.,"Mahogany / Castle Spring Avenue, Caloocan City - Our Lady Mercy Church, Quirino Highway, Caloocan City",726172,3.956,stop_sequence_approx,18,1.0,17.0,1020.0,1.0,gtfs_frequencies_typical_weekday,4035.12,208198.9,87.558,2.963,1.335,0.0,0.442,True,False,56.0,C,ordered-stop planning approximation,True,DERIVED,0,historic_only,uncertain,,,historic_gtfs_baseline,sakay_gtfs_master_historic,No current route validation supplied.,,,False,,historic_only,cielito-homes__novaliches-tp,4.550050556117291,232.7058823529412,0,4035.12,DERIVED,sakay_gtfs_master_historic|worldpop_phl_2020_1km
LTFRB_PUJ1218,,Cogeo - Cubao via Marcos Hi-way,"Mayor Ignacio Santos Diaz / N.Domingo Intersection, San Juan, Manila - Marcos Hwy, Antipolo City, Manila",725576,15.012,stop_sequence_approx,58,1.0,17.0,1020.0,1.0,gtfs_frequencies_typical_weekday,15312.24,403671.9,60.227,13.579,1.106,0.0,0.466,True,False,56.0,C,ordered-stop planning approximation,True,DERIVED,0,historic_only,uncertain,,,historic_gtfs_baseline,sakay_gtfs_master_historic,No current route validation supplied.,,,False,,historic_only,cogeo__cubao,3.8635758060218492,263.36842105263156,0,15312.24,DERIVED,sakay_gtfs_master_historic|worldpop_phl_2020_1km
LTFRB_PUJ1219,,Cogeo - Cubao via Marcos Hi-way,"Marcos Hwy, Antipolo City, Manila - Mayor Ignacio Santos Diaz / N.Domingo Intersection, San Juan, Manila",724738,15.012,stop_sequence_approx,58,1.0,17.0,1020.0,1.0,gtfs_frequencies_typical_weekday,15312.24,403671.9,60.227,13.579,1.106,0.0,0.466,True,False,56.0,C,ordered-stop planning approximation,True,DERIVED,0,historic_only,uncertain,,,historic_gtfs_baseline,sakay_gtfs_master_historic,No current route validation supplied.,,,False,,historic_only,cogeo__cubao,3.8635758060218492,263.36842105263156,0,15312.24,DERIVED,sakay_gtfs_master_historic|worldpop_phl_2020_1km
LTFRB_PUJ1220,,Crame - Cubao via Murphy,"Road 6, San Juan, Manila - APAC Customer Services, Inc., P. Tuazon Blvd, Quezon City, Manila",725160,3.512,stop_sequence_approx,15,1.0,17.0,1020.0,1.0,gtfs_frequencies_typical_weekday,3582.24,115712.9,61.882,1.476,2.379,0.0,0.338,True,False,56.0,C,ordered-stop planning approximation,True,DERIVED,0,historic_only,uncertain,,,historic_gtfs_baseline,sakay_gtfs_master_historic,No current route validation supplied.,,,False,,historic_only,crame__cubao,4.271070615034168,250.85714285714286,0,3582.24,DERIVED,sakay_gtfs_master_historic|worldpop_phl_2020_1km
LTFRB_PUJ1221,,Crame - Cubao via Murphy,"APAC Customer Services, Inc., P. Tuazon Blvd, Quezon City, Manila - Road 6, San Juan, Manila",725594,3.089,stop_sequence_approx,12,1.0,17.0,1020.0,1.0,gtfs_frequencies_typical_weekday,3150.78,115712.9,61.882,1.476,2.092,0.0,0.434,True,False,56.0,C,ordered-stop planning approximation,True,DERIVED,0,historic_only,uncertain,,,historic_gtfs_baseline,sakay_gtfs_master_historic,No current route validation supplied.,,,False,,historic_only,crame__cubao,3.8847523470378764,280.8181818181818,0,3150.78,DERIVED,sakay_gtfs_master_historic|worldpop_phl_2020_1km
LTFRB_PUJ1222,,"Crame - Q-Mart via P. Tuazon, E. Garcia","Road 6, San Juan, Manila - Ermin Garcia Ave, Quezon City, Manila",724946,4.856,stop_sequence_approx,20,1.0,17.0,1020.0,1.0,gtfs_frequencies_typical_weekday,4953.12,205658.7,78.553,2.554,1.901,0.0,0.377,True,False,56.0,C,ordered-stop planning approximation,True,DERIVED,0,historic_only,uncertain,,,historic_gtfs_baseline,sakay_gtfs_master_historic,No current route validation supplied.,,,False,,historic_only,crame__mart__q,4.118616144975288,255.57894736842104,0,4953.12,DERIVED,sakay_gtfs_master_historic|worldpop_phl_2020_1km
LTFRB_PUJ1223,,"Crame - Q-Mart via P. Tuazon, E. Garcia","Ermin Garcia Ave, Quezon City, Manila - Road 6, San Juan, Manila",724667,4.668,stop_sequence_approx,17,1.0,17.0,1020.0,1.0,gtfs_frequencies_typical_weekday,4761.360000000001,213650.0,79.355,2.554,1.828,0.0,0.504,True,False,56.0,C,ordered-stop planning approximation,True,DERIVED,0,historic_only,uncertain,,,historic_gtfs_baseline,sakay_gtfs_master_historic,No current route validation supplied.,,,False,,historic_only,crame__mart__q,3.6418166238217653,291.75,0,4761.360000000001,DERIVED,sakay_gtfs_master_historic|worldpop_phl_2020_1km
LTFRB_PUJ1224,,"Cubao-Divisoria via Sta.Mesa,Aurora Blvd.","Claro M. Recto Ave / Jose Abad Santos Ave. Intersection, Manila - Aurora Blvd / General Aguinaldo Ave Intersection, Quezon City, Manila",725219,10.32,stop_sequence_approx,33,1.0,17.0,1020.0,1.0,gtfs_frequencies_typical_weekday,10526.4,642055.9,95.089,8.607,1.199,0.0303,0.717,True,True,48.0,D,ordered-stop planning approximation | self-intersection detected,True,DERIVED,1,historic_only,uncertain,,,historic_gtfs_baseline,sakay_gtfs_master_historic,No current route validation supplied.,,,False,,historic_only,cubao__divisoria,3.197674418604651,322.5,0,10526.4,DERIVED,sakay_gtfs_master_historic|worldpop_phl_2020_1km
LTFRB_PUJ1225,,"Cubao-Divisoria via Sta.Mesa,Aurora Blvd.","Aurora Blvd / General Aguinaldo Ave Intersection, Quezon City, Manila - Claro M. Recto Ave / Jose Abad Santos Ave. Intersection, Manila",726368,9.258,stop_sequence_approx,29,1.0,17.0,1020.0,1.0,gtfs_frequencies_typical_weekday,9443.16,587353.0,94.632,8.607,1.076,0.0,0.541,True,False,56.0,C,ordered-stop planning approximation,True,DERIVED,2,historic_only,uncertain,,,historic_gtfs_baseline,sakay_gtfs_master_historic,No current route validation supplied.,,,False,,historic_only,cubao__divisoria,3.132426009937352,330.64285714285717,0,9443.16,DERIVED,sakay_gtfs_master_historic|worldpop_phl_2020_1km
LTFRB_PUJ1226,,Cubao - Pier South via Espana,"25th St / Antonio C. Delgado Intersection, Manila - Columbia / Yale Intersection, Quezon City, Manila",725938,11.693,stop_sequence_approx,41,1.0,17.0,1020.0,1.0,gtfs_frequencies_typical_weekday,11926.86,653773.1,90.341,9.978,1.172,0.0,0.448,True,False,56.0,C,ordered-stop planning approximation,True,DERIVED,0,historic_only,uncertain,,,historic_gtfs_baseline,sakay_gtfs_master_historic,No current route validation supplied.,,,False,,historic_only,cubao__pier-south,3.506371333276319,292.325,0,11926.86,DERIVED,sakay_gtfs_master_historic|worldpop_phl_2020_1km
LTFRB_PUJ1227,,Cubao - Pier South via Espana,"Columbia / Yale Intersection, Quezon City, Manila - 25th St / Antonio C. Delgado Intersection, Manila",725547,11.943,stop_sequence_approx,42,1.0,17.0,1020.0,1.0,gtfs_frequencies_typical_weekday,12181.86,670081.5,91.777,9.978,1.197,0.0,0.448,True,False,56.0,C,ordered-stop planning approximation,True,DERIVED,0,historic_only,uncertain,,,historic_gtfs_baseline,sakay_gtfs_master_historic,No current route validation supplied.,,,False,,historic_only,cubao__pier-south,3.5167043456417986,291.2926829268293,0,12181.86,DERIVED,sakay_gtfs_master_historic|worldpop_phl_2020_1km
LTFRB_PUJ1228,,Cubao - Proj. 4 via P. Tuazon,"P. Tuazon Blvd / 21st Ave Intersection, Quezon City, Manila - J.P. Rizal Street / C. Aguinaldo Intersection, Quezon City, Manila",725354,2.68,stop_sequence_approx,13,1.0,17.0,1020.0,1.0,gtfs_frequencies_typical_weekday,2733.6000000000004,121286.6,86.815,0.911,2.942,0.0,0.266,True,False,49.0,D,ordered-stop planning approximation | high detour ratio,True,DERIVED,0,historic_only,uncertain,,,historic_gtfs_baseline,sakay_gtfs_master_historic,No current route validation supplied.,,,False,,historic_only,cubao__proj-4,4.850746268656716,223.33333333333334,0,2733.6000000000004,DERIVED,sakay_gtfs_master_historic|worldpop_phl_2020_1km
LTFRB_PUJ1229,,Cubao - Proj. 4 via P. Tuazon,"J.P. Rizal Street / C. Aguinaldo Intersection, Quezon City, Manila - P. Tuazon Blvd / 21st Ave Intersection, Quezon City, Manila",725648,2.68,stop_sequence_approx,13,1.0,17.0,1020.0,1.0,gtfs_frequencies_typical_weekday,2733.6000000000004,121286.6,86.815,0.911,2.942,0.0,0.266,True,False,49.0,D,ordered-stop planning approximation | high detour ratio,True,DERIVED,0,historic_only,uncertain,,,historic_gtfs_baseline,sakay_gtfs_master_historic,No current route validation supplied.,,,False,,historic_only,cubao__proj-4,4.850746268656716,223.33333333333334,0,2733.6000000000004,DERIVED,sakay_gtfs_master_historic|worldpop_phl_2020_1km
LTFRB_PUJ1230,,"Cubao - Remedios via Quiapo, L. Guinto","Taft Ave, Manila - General Romulo Ave / Aurora Blvd Intersection, Quezon City, Manila",725735,12.61,stop_sequence_approx,45,1.0,17.0,1020.0,1.0,gtfs_frequencies_typical_weekday,12862.2,761141.7,91.865,8.99,1.403,0.0,0.448,True,False,56.0,C,ordered-stop planning approximation,True,DERIVED,0,historic_only,uncertain,,,historic_gtfs_baseline,sakay_gtfs_master_historic,No current route validation supplied.,,,False,,historic_only,cubao__remedios,3.568596352101507,286.59090909090907,0,12862.2,DERIVED,sakay_gtfs_master_historic|worldpop_phl_2020_1km
LTFRB_PUJ1232,,Cubao - Recto via Espana,"España Blvd / Nicanor Reyes St Intersection, Manila - Aurora Blvd / Epifanio de los Santos Avenue Intersection, Quezon City, Manila",725471,9.151,stop_sequence_approx,32,1.0,17.0,1020.0,1.0,gtfs_frequencies_typical_weekday,9334.02,559749.7,94.663,6.905,1.325,0.0625,0.448,True,True,48.0,D,ordered-stop planning approximation | self-intersection detected,True,DERIVED,0,historic_only,uncertain,,,historic_gtfs_baseline,sakay_gtfs_master_historic,No current route validation supplied.,,,False,,historic_only,cubao__recto,3.496885586274724,295.19354838709677,0,9334.02,DERIVED,sakay_gtfs_master_historic|worldpop_phl_2020_1km
LTFRB_PUJ1233,,Cubao - Recto via Espana,"Aurora Blvd / Epifanio de los Santos Avenue Intersection, Quezon City, Manila - España Blvd / Nicanor Reyes St Intersection, Manila",725907,7.717,stop_sequence_approx,27,1.0,17.0,1020.0,1.0,gtfs_frequencies_typical_weekday,7871.339999999999,480537.5,93.783,6.905,1.118,0.0,0.432,True,False,56.0,C,ordered-stop planning approximation,True,DERIVED,0,historic_only,uncertain,,,historic_gtfs_baseline,sakay_gtfs_master_historic,No current route validation supplied.,,,False,,historic_only,cubao__recto,3.4987689516651552,296.8076923076923,0,7871.339999999999,DERIVED,sakay_gtfs_master_historic|worldpop_phl_2020_1km
LTFRB_PUJ1234,,Cubao - Lagro via Kalayaan,"13th Ave / P. Tuazon Blvd, Quezon City, Manila - Quirino Highway / St James Intersection, Calcoocan City",725112,18.15,stop_sequence_approx,71,1.0,17.0,1020.0,1.0,gtfs_frequencies_typical_weekday,18513.0,722424.8,79.65,12.913,1.406,0.0,0.48,True,False,56.0,C,ordered-stop planning approximation,True,DERIVED,0,historic_only,uncertain,,,historic_gtfs_baseline,sakay_gtfs_master_historic,No current route validation supplied.,,,False,,historic_only,cubao__lagro,3.9118457300275487,259.2857142857143,0,18513.0,DERIVED,sakay_gtfs_master_historic|worldpop_phl_2020_1km
LTFRB_PUJ1235,,Cubao - Lagro via Kalayaan,"Quirino Highway / St James Intersection, Calcoocan City - 13th Ave / P. Tuazon Blvd, Quezon City, Manila",725764,19.291,stop_sequence_approx,74,1.0,17.0,1020.0,1.0,gtfs_frequencies_typical_weekday,19676.82,722424.8,79.65,12.913,1.494,0.0,0.524,True,False,56.0,C,ordered-stop planning approximation,True,DERIVED,0,historic_only,uncertain,,,historic_gtfs_baseline,sakay_gtfs_master_historic,No current route validation supplied.,,,False,,historic_only,cubao__lagro,3.8359856928101186,264.26027397260276,0,19676.82,DERIVED,sakay_gtfs_master_historic|worldpop_phl_2020_1km
LTFRB_PUJ1236,,Cubao (Arayat) - V. Luna via Ybardolaza,"P. A. Bernardo, Quezon City, Manila - V. Luna Hospital, V. Luna Ave, Quezon City, Manila",725642,5.266,stop_sequence_approx,19,1.0,17.0,1020.0,1.0,gtfs_frequencies_typical_weekday,5371.32,209769.4,78.882,1.984,2.655,0.0,0.405,True,False,49.0,D,ordered-stop planning approximation | high detour ratio,True,DERIVED,0,historic_only,uncertain,,,historic_gtfs_baseline,sakay_gtfs_master_historic,No current route validation supplied.,,,False,,historic_only,cubao-arayat__v-luna,3.6080516521078616,292.55555555555554,0,5371.32,DERIVED,sakay_gtfs_master_historic|worldpop_phl_2020_1km
LTFRB_PUJ1237,,Cubao (Arayat) - V. Luna via Ybardolaza,"V. Luna Hospital, V. Luna Ave, Quezon City, Manila - P. A. Bernardo, Quezon City, Manila",725506,4.789,stop_sequence_approx,17,1.0,17.0,1020.0,1.0,gtfs_frequencies_typical_weekday,4884.78,178420.7,81.29,1.984,2.414,0.0,0.423,True,False,56.0,C,ordered-stop planning approximation,True,DERIVED,0,historic_only,uncertain,,,historic_gtfs_baseline,sakay_gtfs_master_historic,No current route validation supplied.,,,False,,historic_only,cubao-arayat__v-luna,3.5498016287325123,299.3125,0,4884.78,DERIVED,sakay_gtfs_master_historic|worldpop_phl_2020_1km
LTFRB_PUJ1238,,Dagat - Dagatan - del Pan via Rotonda,"Sto. Nino Church, Nicolas Zamora, Manila - ADC Batching Point, North Bay Boulevard, City of Navotas",724696,5.203,stop_sequence_approx,19,1.0,17.0,1020.0,1.0,gtfs_frequencies_typical_weekday,5307.06,540718.6,99.659,4.467,1.165,0.0,0.604,True,False,56.0,C,ordered-stop planning approximation,True,DERIVED,1,historic_only,uncertain,,,historic_gtfs_baseline,sakay_gtfs_master_historic,No current route validation supplied.,,,False,,historic_only,dagat__dagatan__del-pan,3.6517393811262733,289.05555555555554,0,5307.06,DERIVED,sakay_gtfs_master_historic|worldpop_phl_2020_1km
LTFRB_PUJ1239,,Dagat - Dagatan - del Pan via Rotonda,"ADC Batching Point, North Bay Boulevard, City of Navotas - Sto. Nino Church, Nicolas Zamora, Manila",725193,5.118,stop_sequence_approx,18,1.0,17.0,1020.0,1.0,gtfs_frequencies_typical_weekday,5220.360000000001,540718.6,99.659,4.467,1.146,0.0,0.604,True,False,56.0,C,ordered-stop planning approximation,True,DERIVED,1,historic_only,uncertain,,,historic_gtfs_baseline,sakay_gtfs_master_historic,No current route validation supplied.,,,False,,historic_only,dagat__dagatan__del-pan,3.516998827667057,301.05882352941177,0,5220.360000000001,DERIVED,sakay_gtfs_master_historic|worldpop_phl_2020_1km
LTFRB_PUJ1240,,Dasmarinas Resettlement Area - Baclaran via Coastal Rd.,"Block-B Internal Rd, Lungsod ng Dasmariñas, Manila - F.B. Harrison Street / Taft Avenue Extension Intersection, Lungsod ng Pasay, Manila",726097,29.611,stop_sequence_approx,93,1.0,17.0,1020.0,1.0,gtfs_frequencies_typical_weekday,30203.22,1100401.3,72.644,23.721,1.248,0.0,0.686,True,False,56.0,C,ordered-stop planning approximation,True,DERIVED,0,historic_only,uncertain,,,historic_gtfs_baseline,sakay_gtfs_master_historic,No current route validation supplied.,,,False,,historic_only,baclaran__dasmarinas-resettlement-area,3.1407247306744113,321.85869565217394,0,30203.22,DERIVED,sakay_gtfs_master_historic|worldpop_phl_2020_1km
LTFRB_PUJ1241,,Dasmarinas Resettlement Area - Baclaran via Coastal Rd.,"F.B. Harrison Street / Taft Avenue Extension Intersection, Lungsod ng Pasay, Manila - Block-B Internal Rd, Lungsod ng Dasmariñas, Manila",725906,30.747,stop_sequence_approx,100,1.0,17.0,1020.0,1.0,gtfs_frequencies_typical_weekday,31361.94,1090423.0,73.309,23.721,1.296,0.0,0.622,True,False,56.0,C,ordered-stop planning approximation,True,DERIVED,0,historic_only,uncertain,,,historic_gtfs_baseline,sakay_gtfs_master_historic,No current route validation supplied.,,,False,,historic_only,baclaran__dasmarinas-resettlement-area,3.2523498227469347,310.57575757575756,0,31361.94,DERIVED,sakay_gtfs_master_historic|worldpop_phl_2020_1km
LTFRB_PUJ1243,,Dapitan - I. Delos Reyes/P. Campa via Laon Laan,"Community Centre, San Isidro Labrador, Quezon City - España Blvd / Nicanor Reyes St Intersection, Manila",724745,2.561,stop_sequence_approx,12,1.0,17.0,1020.0,1.0,gtfs_frequencies_typical_weekday,2612.22,246924.8,95.131,2.223,1.152,0.0,0.411,True,False,56.0,C,ordered-stop planning approximation,True,DERIVED,0,historic_only,uncertain,,,historic_gtfs_baseline,sakay_gtfs_master_historic,No current route validation supplied.,,,False,,historic_only,dapitan__i-delos-reyes-p-campa,4.68566966028895,232.8181818181818,0,2612.22,DERIVED,sakay_gtfs_master_historic|worldpop_phl_2020_1km
LTFRB_PUJ1244,,Dapitan - Libertad via Mabini,"Antonio Arnaiz Ave / F.B. Harrison St Intersection - Community Centre, San Isidro Labrador, Quezon City",726194,9.826,stop_sequence_approx,35,1.0,17.0,1020.0,1.0,gtfs_frequencies_typical_weekday,10022.52,414944.9,85.317,8.47,1.16,0.0,0.482,True,False,56.0,C,ordered-stop planning approximation,True,DERIVED,0,historic_only,uncertain,,,historic_gtfs_baseline,sakay_gtfs_master_historic,No current route validation supplied.,,,False,,historic_only,dapitan__libertad,3.561978424587828,289.0,0,10022.52,DERIVED,sakay_gtfs_master_historic|worldpop_phl_2020_1km
LTFRB_PUJ1245,,Dapitan - Libertad via Mabini,"Community Centre, San Isidro Labrador, Quezon City - Antonio Arnaiz Ave / F.B. Harrison St Intersection",725828,10.537,stop_sequence_approx,37,1.0,17.0,1020.0,1.0,gtfs_frequencies_typical_weekday,10747.740000000002,414944.9,85.317,8.47,1.244,0.0,0.434,True,False,56.0,C,ordered-stop planning approximation,True,DERIVED,0,historic_only,uncertain,,,historic_gtfs_baseline,sakay_gtfs_master_historic,No current route validation supplied.,,,False,,historic_only,dapitan__libertad,3.5114358925690423,292.69444444444446,0,10747.740000000002,DERIVED,sakay_gtfs_master_historic|worldpop_phl_2020_1km
LTFRB_PUJ1246,,Dapitan - Pasay RTDA. Via L. Guinto,"Taft Avenue Extension / Epifanio de los Santos Avenue, Lungsod ng Pasay, Manila - Community Centre, San Isidro Labrador, Quezon City",725278,10.952,stop_sequence_approx,38,1.0,17.0,1020.0,1.0,gtfs_frequencies_typical_weekday,11171.04,648383.9,90.255,9.483,1.155,0.0,0.583,True,False,56.0,C,ordered-stop planning approximation,True,DERIVED,0,historic_only,uncertain,,,historic_gtfs_baseline,sakay_gtfs_master_historic,No current route validation supplied.,,,False,,historic_only,dapitan__pasay-rtda,3.4696859021183344,296.0,0,11171.04,DERIVED,sakay_gtfs_master_historic|worldpop_phl_2020_1km
LTFRB_PUJ1247,,Dapitan - Pasay RTDA. Via L. Guinto,"Community Centre, San Isidro Labrador, Quezon City - Taft Avenue Extension / Epifanio de los Santos Avenue, Lungsod ng Pasay, Manila",724698,12.901,stop_sequence_approx,44,1.0,17.0,1020.0,1.0,gtfs_frequencies_typical_weekday,13159.02,655450.8,89.282,9.483,1.36,0.0,0.81,True,False,56.0,C,ordered-stop planning approximation,True,DERIVED,0,historic_only,uncertain,,,historic_gtfs_baseline,sakay_gtfs_master_historic,No current route validation supplied.,,,False,,historic_only,dapitan__pasay-rtda,3.410588326486319,300.0232558139535,0,13159.02,DERIVED,sakay_gtfs_master_historic|worldpop_phl_2020_1km
LTFRB_PUJ1248,,H. Dela Costa II - SM Fairview via Quirino Highway,"Quirino Highway, Quezon City - Dela Costa Avenue, Calcoocan City",725891,3.541,stop_sequence_approx,15,1.0,17.0,1020.0,1.0,gtfs_frequencies_typical_weekday,3611.82,317682.4,91.988,1.627,2.176,0.0,0.431,True,False,56.0,C,ordered-stop planning approximation,True,DERIVED,0,historic_only,uncertain,,,historic_gtfs_baseline,sakay_gtfs_master_historic,No current route validation supplied.,,,False,,historic_only,h-dela-costa-ii__sm-fairview,4.236091499576391,252.92857142857142,0,3611.82,DERIVED,sakay_gtfs_master_historic|worldpop_phl_2020_1km
LTFRB_PUJ1249,,H. Dela Costa II - SM Fairview via Quirino Highway,"Dela Costa Avenue, Calcoocan City - Quirino Highway, Quezon City",726190,6.174,stop_sequence_approx,25,1.0,17.0,1020.0,1.0,gtfs_frequencies_typical_weekday,6297.4800000000005,382361.4,87.696,1.627,3.794,0.04,0.431,True,True,41.0,D,ordered-stop planning approximation | high detour ratio | self-intersection detected,True,DERIVED,2,historic_only,uncertain,,,historic_gtfs_baseline,sakay_gtfs_master_historic,No current route validation supplied.,,,False,,historic_only,h-dela-costa-ii__sm-fairview,4.049238743116294,257.25,0,6297.4800000000005,DERIVED,sakay_gtfs_master_historic|worldpop_phl_2020_1km
LTFRB_PUJ1250,,Del Monte - Quezon Ave. via Banaue,"Banawe Avenue / P. Florentino Intersection, Quezon City - Banawe Avenue, Quezon City",725686,1.682,stop_sequence_approx,11,1.0,17.0,1020.0,1.0,gtfs_frequencies_typical_weekday,1715.64,134618.2,80.466,1.587,1.06,0.0,0.207,True,False,44.0,D,ordered-stop planning approximation | few representative stops,True,DERIVED,0,historic_only,uncertain,,,historic_gtfs_baseline,sakay_gtfs_master_historic,No current route validation supplied.,,,False,,historic_only,del-monte__quezon-ave,6.539833531510107,168.2,0,1715.64,DERIVED,sakay_gtfs_master_historic|worldpop_phl_2020_1km
LTFRB_PUJ1251,,Del Monte - Quezon Ave. via Banaue,"Banawe Avenue, Quezon City - Banawe Avenue / P. Florentino Intersection, Quezon City",725209,1.682,stop_sequence_approx,11,1.0,17.0,1020.0,1.0,gtfs_frequencies_typical_weekday,1715.64,134618.2,80.466,1.587,1.06,0.0,0.207,True,False,44.0,D,ordered-stop planning approximation | few representative stops,True,DERIVED,0,historic_only,uncertain,,,historic_gtfs_baseline,sakay_gtfs_master_historic,No current route validation supplied.,,,False,,historic_only,del-monte__quezon-ave,6.539833531510107,168.2,0,1715.64,DERIVED,sakay_gtfs_master_historic|worldpop_phl_2020_1km
LTFRB_PUJ1252,,Del Pan Guadalupe (Ibabaw),"Epifanio de los Santos Avenue, Makati City, Manila - Tejeron, Makati City, Manila",725232,4.259,stop_sequence_approx,15,1.0,17.0,1020.0,1.0,gtfs_frequencies_typical_weekday,4344.18,248993.8,87.14,3.769,1.13,0.0,0.448,True,False,56.0,C,ordered-stop planning approximation,True,DERIVED,0,historic_only,uncertain,,,historic_gtfs_baseline,sakay_gtfs_master_historic,No current route validation supplied.,,,False,,historic_only,del-pan-guadalupe-ibabaw,3.521953510213665,304.2142857142857,0,4344.18,DERIVED,sakay_gtfs_master_historic|worldpop_phl_2020_1km
LTFRB_PUJ1253,,Del Pan Guadalupe (Ibabaw),"Tejeron, Makati City, Manila - Epifanio de los Santos Avenue, Makati City, Manila",724616,4.61,stop_sequence_approx,18,1.0,17.0,1020.0,2.0,gtfs_frequencies_typical_weekday,4702.200000000001,254025.5,85.414,3.769,1.223,0.0,0.495,True,False,56.0,C,ordered-stop planning approximation,True,DERIVED,0,historic_only,uncertain,,,historic_gtfs_baseline,sakay_gtfs_master_historic,No current route validation supplied.,,,False,,historic_only,del-pan-guadalupe-ibabaw,3.9045553145336225,271.1764705882353,0,4702.200000000001,DERIVED,sakay_gtfs_master_historic|worldpop_phl_2020_1km
LTFRB_PUJ1254,,Dian - Libertad,"A. Arnaiz Ave / Hidalgo, Lungsod ng Pasay, Manila - Dian / Pablo Ocampo Sr. Intersection, Manila",726036,2.408,stop_sequence_approx,7,1.0,17.0,1020.0,1.0,gtfs_frequencies_typical_weekday,2456.16,240001.1,100.0,1.833,1.314,0.0,0.513,True,False,44.0,D,ordered-stop planning approximation | few representative stops,True,DERIVED,0,historic_only,uncertain,,,historic_gtfs_baseline,sakay_gtfs_master_historic,No current route validation supplied.,,,False,,historic_only,dian__libertad,2.906976744186047,401.3333333333333,0,2456.16,DERIVED,sakay_gtfs_master_historic|worldpop_phl_2020_1km
LTFRB_PUJ1255,,Dian - Libertad,"Dian / Pablo Ocampo Sr. Intersection, Manila - A. Arnaiz Ave / Hidalgo, Lungsod ng Pasay, Manila",725739,3.658,stop_sequence_approx,12,1.0,17.0,1020.0,1.0,gtfs_frequencies_typical_weekday,3731.16,285929.4,100.0,1.833,1.996,0.0,0.513,True,False,56.0,C,ordered-stop planning approximation,True,DERIVED,0,historic_only,uncertain,,,historic_gtfs_baseline,sakay_gtfs_master_historic,No current route validation supplied.,,,False,,historic_only,dian__libertad,3.280481137233461,332.54545454545456,0,3731.16,DERIVED,sakay_gtfs_master_historic|worldpop_phl_2020_1km
LTFRB_PUJ1256,,"Divisoria - Don Bosco via Moriones, Dagupan, Juan Luna","Union Bank of Philippines, Juan Luca, Manila - d E. Marcos Highway / Herbosa Intersection, Velasquez, Tondo",724707,2.197,stop_sequence_approx,11,1.0,17.0,1020.0,1.0,gtfs_frequencies_typical_weekday,2240.94,418767.3,100.0,1.642,1.338,0.0,0.299,True,False,44.0,D,ordered-stop planning approximation | few representative stops,True,DERIVED,1,historic_only,uncertain,,,historic_gtfs_baseline,sakay_gtfs_master_historic,No current route validation supplied.,,,False,,historic_only,divisoria__don-bosco,5.006827492034592,219.7,0,2240.94,DERIVED,sakay_gtfs_master_historic|worldpop_phl_2020_1km
LTFRB_PUJ1257,,"Divisoria - Don Bosco via Moriones, Dagupan, Juan Luna","d E. Marcos Highway / Herbosa Intersection, Velasquez, Tondo - Dagupan, Manila",725606,2.307,stop_sequence_approx,11,1.0,17.0,1020.0,1.0,gtfs_frequencies_typical_weekday,2353.14,434543.0,100.0,1.753,1.316,0.0,0.37,True,False,44.0,D,ordered-stop planning approximation | few representative stops,True,DERIVED,0,historic_only,uncertain,,,historic_gtfs_baseline,sakay_gtfs_master_historic,No current route validation supplied.,,,False,,historic_only,divisoria__don-bosco,4.768097095795405,230.7,0,2353.14,DERIVED,sakay_gtfs_master_historic|worldpop_phl_2020_1km
LTFRB_PUJ1258,,Divisoria - Gasak via H. Lopez,"P. Rada / Carman Planas Intersection, Manila - General Luma Street / Ilang Ilang Intersection, Malabon City",725231,8.784,stop_sequence_approx,34,1.0,17.0,1020.0,1.0,gtfs_frequencies_typical_weekday,8959.68,879137.1,98.533,7.699,1.141,0.0,0.463,True,False,56.0,C,ordered-stop planning approximation,True,DERIVED,4,historic_only,uncertain,,,historic_gtfs_baseline,sakay_gtfs_master_historic,No current route validation supplied.,,,False,,historic_only,divisoria__gasak,3.8706739526411655,266.1818181818182,0,8959.68,DERIVED,sakay_gtfs_master_historic|worldpop_phl_2020_1km
LTFRB_PUJ1259,,Divisoria - Gasak via H. Lopez,"General Luma Street / Ilang Ilang Intersection, Malabon City - P. Rada / Carman Planas Intersection, Manila",724731,8.853,stop_sequence_approx,36,1.0,17.0,1020.0,1.0,gtfs_frequencies_typical_weekday,9030.06,879137.1,98.533,7.699,1.15,0.0,0.463,True,False,56.0,C,ordered-stop planning approximation,True,DERIVED,4,historic_only,uncertain,,,historic_gtfs_baseline,sakay_gtfs_master_historic,No current route validation supplied.,,,False,,historic_only,divisoria__gasak,4.066418163334463,252.94285714285715,0,9030.06,DERIVED,sakay_gtfs_master_historic|worldpop_phl_2020_1km
LTFRB_PUJ1260,,Divisoria - Libertad via L. Guinto,"Juan Luna, Manila - Antonio Arnaiz Ave / P.Zamora Intersection, Manila",726198,7.37,stop_sequence_approx,26,1.0,17.0,1020.0,1.0,gtfs_frequencies_typical_weekday,7517.400000000001,524550.6,93.891,7.057,1.044,0.0,0.677,True,False,56.0,C,ordered-stop planning approximation,True,DERIVED,0,historic_only,uncertain,,,historic_gtfs_baseline,sakay_gtfs_master_historic,No current route validation supplied.,,,False,,historic_only,divisoria__libertad,3.5278154681139755,294.8,0,7517.400000000001,DERIVED,sakay_gtfs_master_historic|worldpop_phl_2020_1km
LTFRB_PUJ1261,,Divisoria - Libertad via L. Guinto,"Antonio Arnaiz Ave / P.Zamora Intersection, Manila - Juan Luna, Manila",726201,7.434,stop_sequence_approx,26,1.0,17.0,1020.0,1.0,gtfs_frequencies_typical_weekday,7582.68,428610.3,92.524,7.057,1.053,0.0,0.563,True,False,56.0,C,ordered-stop planning approximation,True,DERIVED,0,historic_only,uncertain,,,historic_gtfs_baseline,sakay_gtfs_master_historic,No current route validation supplied.,,,False,,historic_only,divisoria__libertad,3.497444175410277,297.36,0,7582.68,DERIVED,sakay_gtfs_master_historic|worldpop_phl_2020_1km
LTFRB_PUJ1262,,Divisoria - Libertad via Mabini,"Juan Luna, Manila - Park Ave, Lungsod ng Pasay",725304,9.979,stop_sequence_approx,35,1.0,17.0,1020.0,1.0,gtfs_frequencies_typical_weekday,10178.58,474707.2,87.448,7.124,1.401,0.0,0.434,True,False,56.0,C,ordered-stop planning approximation,True,DERIVED,0,historic_only,uncertain,,,historic_gtfs_baseline,sakay_gtfs_master_historic,No current route validation supplied.,,,False,,historic_only,divisoria__libertad,3.507365467481712,293.5,0,10178.58,DERIVED,sakay_gtfs_master_historic|worldpop_phl_2020_1km
LTFRB_PUJ1263,,Divisoria - Libertad via Mabini,"Park Ave, Lungsod ng Pasay - Juan Luna, Manila",725035,7.972,stop_sequence_approx,27,1.0,17.0,1020.0,1.0,gtfs_frequencies_typical_weekday,8131.44,313807.1,84.415,7.124,1.119,0.0,0.434,True,False,56.0,C,ordered-stop planning approximation,True,DERIVED,0,historic_only,uncertain,,,historic_gtfs_baseline,sakay_gtfs_master_historic,No current route validation supplied.,,,False,,historic_only,divisoria__libertad,3.3868539889613647,306.61538461538464,0,8131.44,DERIVED,sakay_gtfs_master_historic|worldpop_phl_2020_1km
LTFRB_PUJ1264,,Divisoria - Malinta via J.A. Santos,"Antonio Rivera, Manila - MacArthur Highway / San Miguel Interchange, Dalandanan, Valenzuela City",725260,11.525,stop_sequence_approx,56,1.0,17.0,1020.0,1.0,gtfs_frequencies_typical_weekday,11755.5,677924.0,87.594,9.972,1.156,0.0,0.413,True,False,56.0,C,ordered-stop planning approximation,True,DERIVED,5,historic_only,uncertain,,,historic_gtfs_baseline,sakay_gtfs_master_historic,No current route validation supplied.,,,False,,historic_only,divisoria__malinta,4.859002169197397,209.54545454545453,0,11755.5,DERIVED,sakay_gtfs_master_historic|worldpop_phl_2020_1km
LTFRB_PUJ1265,,Divisoria - Malinta via J.A. Santos,"MacArthur Highway / San Miguel Interchange, Dalandanan, Valenzuela City - Antonio Rivera, Manila",726149,11.672,stop_sequence_approx,57,1.0,17.0,1020.0,1.0,gtfs_frequencies_typical_weekday,11905.44,677924.0,87.594,9.972,1.17,0.0,0.413,True,False,56.0,C,ordered-stop planning approximation,True,DERIVED,6,historic_only,uncertain,,,historic_gtfs_baseline,sakay_gtfs_master_historic,No current route validation supplied.,,,False,,historic_only,divisoria__malinta,4.883481836874571,208.42857142857142,0,11905.44,DERIVED,sakay_gtfs_master_historic|worldpop_phl_2020_1km
LTFRB_PUJ1266,,Divisoria - Magpajo via A. Mabini,"Dagupan, Manila - Matrinez Memorial College, A. Mabini Avenue, Juan Luna, Caloocan City",726264,3.802,stop_sequence_approx,19,1.0,17.0,1020.0,1.0,gtfs_frequencies_typical_weekday,3878.04,506247.1,100.0,3.501,1.086,0.0,0.37,True,False,56.0,C,ordered-stop planning approximation,True,DERIVED,2,historic_only,uncertain,,,historic_gtfs_baseline,sakay_gtfs_master_historic,No current route validation supplied.,,,False,,historic_only,divisoria__magpajo,4.997369805365597,211.22222222222223,0,3878.04,DERIVED,sakay_gtfs_master_historic|worldpop_phl_2020_1km
LTFRB_PUJ1267,,Divisoria - Magpajo via A. Mabini,"Matrinez Memorial College, A. Mabini Avenue, Juan Luna, Caloocan City - Dagupan, Manila",726119,3.87,stop_sequence_approx,16,1.0,17.0,1020.0,1.0,gtfs_frequencies_typical_weekday,3947.4,506247.1,100.0,3.501,1.105,0.0,0.943,True,False,56.0,C,ordered-stop planning approximation,True,DERIVED,2,historic_only,uncertain,,,historic_gtfs_baseline,sakay_gtfs_master_historic,No current route validation supplied.,,,False,,historic_only,divisoria__magpajo,4.134366925064599,258.0,0,3947.4,DERIVED,sakay_gtfs_master_historic|worldpop_phl_2020_1km
LTFRB_PUJ1268,,"Divisoria - MCU via Del Mundo, J.A. Santos","Antonio Rivera, Manila - Epifanio de los Santos Avenue / Gen Malvar Intersection , Caloocan City",725649,6.777,stop_sequence_approx,34,1.0,17.0,1020.0,1.0,gtfs_frequencies_typical_weekday,6912.54,578744.4,98.165,5.888,1.151,0.0,0.365,True,False,56.0,C,ordered-stop planning approximation,True,DERIVED,2,historic_only,uncertain,,,historic_gtfs_baseline,sakay_gtfs_master_historic,No current route validation supplied.,,,False,,historic_only,divisoria__mcu,5.016969160395455,205.36363636363637,0,6912.54,DERIVED,sakay_gtfs_master_historic|worldpop_phl_2020_1km
LTFRB_PUJ1269,,"Divisoria - MCU via Del Mundo, J.A. Santos","Epifanio de los Santos Avenue / Gen Malvar Intersection , Caloocan City - Antonio Rivera, Manila",725827,7.127,stop_sequence_approx,37,1.0,17.0,1020.0,1.0,gtfs_frequencies_typical_weekday,7269.54,578744.4,98.165,5.888,1.21,0.0,0.365,True,False,56.0,C,ordered-stop planning approximation,True,DERIVED,4,historic_only,uncertain,,,historic_gtfs_baseline,sakay_gtfs_master_historic,No current route validation supplied.,,,False,,historic_only,divisoria__mcu,5.1915251859127265,197.97222222222223,0,7269.54,DERIVED,sakay_gtfs_master_historic|worldpop_phl_2020_1km
LTFRB_PUJ1270,,"Divisoria - Murphy via Legarda, Aurora Blvd.","Antonio Rivera, Manila - W Point / Columbia Intersection, Quezon City, Manila",725518,10.475,stop_sequence_approx,36,1.0,17.0,1020.0,1.0,gtfs_frequencies_typical_weekday,10684.5,642055.9,95.089,8.621,1.215,0.0,0.541,True,False,56.0,C,ordered-stop planning approximation,True,DERIVED,2,historic_only,uncertain,,,historic_gtfs_baseline,sakay_gtfs_master_historic,No current route validation supplied.,,,False,,historic_only,divisoria__murphy,3.436754176610979,299.2857142857143,0,10684.5,DERIVED,sakay_gtfs_master_historic|worldpop_phl_2020_1km
LTFRB_PUJ1271,,"Divisoria - Murphy via Legarda, Aurora Blvd.","Aurora Blvd / General Aguinaldo Ave Intersection, Quezon City, Manila - Antonio Rivera, Manila",724611,9.438,stop_sequence_approx,30,1.0,17.0,1020.0,2.0,gtfs_frequencies_typical_weekday,9626.76,587353.0,94.632,8.683,1.087,0.0,0.541,True,False,56.0,C,ordered-stop planning approximation,True,DERIVED,2,historic_only,uncertain,,,historic_gtfs_baseline,sakay_gtfs_master_historic,No current route validation supplied.,,,False,,historic_only,divisoria__murphy,3.1786395422759055,325.44827586206895,0,9626.76,DERIVED,sakay_gtfs_master_historic|worldpop_phl_2020_1km
LTFRB_PUJ1272,,Divisoria - Navotas via H. Lopez,"Ylayay, Manila - M. Naval, City of Navotas",725873,8.675,stop_sequence_approx,31,1.0,17.0,1020.0,1.0,gtfs_frequencies_typical_weekday,8848.5,936265.4,98.622,7.905,1.097,0.0,0.463,True,False,56.0,C,ordered-stop planning approximation,True,DERIVED,3,historic_only,uncertain,,,historic_gtfs_baseline,sakay_gtfs_master_historic,No current route validation supplied.,,,False,,historic_only,divisoria__navotas,3.573487031700288,289.1666666666667,0,8848.5,DERIVED,sakay_gtfs_master_historic|worldpop_phl_2020_1km
LTFRB_PUJ1273,,Divisoria - Navotas via H. Lopez,"M. Naval, City of Navotas - Ylayay, Manila",725717,8.747,stop_sequence_approx,30,1.0,17.0,1020.0,1.0,gtfs_frequencies_typical_weekday,8921.94,1025602.7,98.742,7.905,1.107,0.0,1.047,True,False,56.0,C,ordered-stop planning approximation,True,DERIVED,2,historic_only,uncertain,,,historic_gtfs_baseline,sakay_gtfs_master_historic,No current route validation supplied.,,,False,,historic_only,divisoria__navotas,3.42974734194581,301.62068965517244,0,8921.94,DERIVED,sakay_gtfs_master_historic|worldpop_phl_2020_1km
LTFRB_PUJ1274,,Divisoria - Pasay RTDA. Via L. Guinto,"Soler St / Roman Intersection, Manila - Tramo, Lungsod ng Pasay",726350,8.612,stop_sequence_approx,28,1.0,17.0,1020.0,1.0,gtfs_frequencies_typical_weekday,8784.24,597947.0,91.444,8.118,1.061,0.0,0.587,True,False,56.0,C,ordered-stop planning approximation,True,DERIVED,0,historic_only,uncertain,,,historic_gtfs_baseline,sakay_gtfs_master_historic,No current route validation supplied.,,,False,,historic_only,divisoria__pasay-rtda,3.251277287505806,318.962962962963,0,8784.24,DERIVED,sakay_gtfs_master_historic|worldpop_phl_2020_1km
LTFRB_PUJ1275,,Divisoria - Pasay RTDA. Via L. Guinto,"Tramo, Lungsod ng Pasay - Soler St / Roman Intersection, Manila",726018,9.043,stop_sequence_approx,30,1.0,17.0,1020.0,1.0,gtfs_frequencies_typical_weekday,9223.86,597947.0,91.444,8.118,1.114,0.0,0.583,True,False,56.0,C,ordered-stop planning approximation,True,DERIVED,0,historic_only,uncertain,,,historic_gtfs_baseline,sakay_gtfs_master_historic,No current route validation supplied.,,,False,,historic_only,divisoria__pasay-rtda,3.3174831361273918,311.82758620689657,0,9223.86,DERIVED,sakay_gtfs_master_historic|worldpop_phl_2020_1km
LTFRB_PUJ1276,,Divisoria - Pier North via Del Pan,"Del Pan Flyover, Manila - Moriones / Sta. Maria Intersection, Manila",726055,1.936,stop_sequence_approx,10,1.0,17.0,1020.0,1.0,gtfs_frequencies_typical_weekday,1974.72,345888.7,100.0,1.149,1.685,0.0,0.299,True,False,44.0,D,ordered-stop planning approximation | few representative stops,True,DERIVED,0,historic_only,uncertain,,,historic_gtfs_baseline,sakay_gtfs_master_historic,No current route validation supplied.,,,False,,historic_only,divisoria__pier-north,5.1652892561983474,215.11111111111111,0,1974.72,DERIVED,sakay_gtfs_master_historic|worldpop_phl_2020_1km
LTFRB_PUJ1277,,Divisoria - Pier North via Del Pan,"Moriones / Sta. Maria Intersection, Manila - Del Pan Flyover, Manila",725386,1.936,stop_sequence_approx,10,1.0,17.0,1020.0,1.0,gtfs_frequencies_typical_weekday,1974.72,345888.7,100.0,1.149,1.685,0.0,0.299,True,False,44.0,D,ordered-stop planning approximation | few representative stops,True,DERIVED,0,historic_only,uncertain,,,historic_gtfs_baseline,sakay_gtfs_master_historic,No current route validation supplied.,,,False,,historic_only,divisoria__pier-north,5.1652892561983474,215.11111111111111,0,1974.72,DERIVED,sakay_gtfs_master_historic|worldpop_phl_2020_1km
LTFRB_PUJ1278,,Divisoria - Punta via Sta. Mesa,"Claro M. Recto Ave / Jose Abad Santos Ave. Intersection, Manila - F Y Manalo, Manila",725242,8.021,stop_sequence_approx,26,1.0,17.0,1020.0,1.0,gtfs_frequencies_typical_weekday,8181.420000000001,585712.9,98.22,4.565,1.757,0.0,0.48,True,False,56.0,C,ordered-stop planning approximation,True,DERIVED,1,historic_only,uncertain,,,historic_gtfs_baseline,sakay_gtfs_master_historic,No current route validation supplied.,,,False,,historic_only,divisoria__punta,3.2414910858995136,320.84000000000003,0,8181.420000000001,DERIVED,sakay_gtfs_master_historic|worldpop_phl_2020_1km
LTFRB_PUJ1279,,Divisoria - Punta via Sta. Mesa,"F Y Manalo, Manila - Claro M. Recto Ave / Jose Abad Santos Ave. Intersection, Manila",725942,7.949,stop_sequence_approx,26,1.0,17.0,1020.0,1.0,gtfs_frequencies_typical_weekday,8107.98,585712.9,98.22,4.565,1.741,0.0,0.48,True,False,56.0,C,ordered-stop planning approximation,True,DERIVED,1,historic_only,uncertain,,,historic_gtfs_baseline,sakay_gtfs_master_historic,No current route validation supplied.,,,False,,historic_only,divisoria__punta,3.2708516794565354,317.96,0,8107.98,DERIVED,sakay_gtfs_master_historic|worldpop_phl_2020_1km
LTFRB_PUJ1280,,Divisoria - Retiro via J. A. Santos,"Narra, Manila - N. S. Amoranto Sr. Avenue / Don Jose Intersection, Quezon City",724767,6.036,stop_sequence_approx,27,1.0,17.0,1020.0,1.0,gtfs_frequencies_typical_weekday,6156.719999999999,416483.7,93.686,4.966,1.216,0.0,0.506,True,False,56.0,C,ordered-stop planning approximation,True,DERIVED,0,historic_only,uncertain,,,historic_gtfs_baseline,sakay_gtfs_master_historic,No current route validation supplied.,,,False,,historic_only,divisoria__retiro,4.473161033797217,232.15384615384616,0,6156.719999999999,DERIVED,sakay_gtfs_master_historic|worldpop_phl_2020_1km
LTFRB_PUJ1281,,Divisoria - Retiro via J. A. Santos,"N. S. Amoranto Sr. Avenue / Don Jose Intersection, Quezon City - Narra, Manila",724800,5.811,stop_sequence_approx,26,1.0,17.0,1020.0,1.0,gtfs_frequencies_typical_weekday,5927.22,416483.7,93.686,4.966,1.17,0.0,0.506,True,False,56.0,C,ordered-stop planning approximation,True,DERIVED,0,historic_only,uncertain,,,historic_gtfs_baseline,sakay_gtfs_master_historic,No current route validation supplied.,,,False,,historic_only,divisoria__retiro,4.47427293064877,232.44,0,5927.22,DERIVED,sakay_gtfs_master_historic|worldpop_phl_2020_1km
LTFRB_PUJ1282,,Divisoria - Sangandaan via Maypajo,"Dagupan, Manila - Jollibee, Samson Road, Caloocan City",725200,6.096,stop_sequence_approx,31,1.0,17.0,1020.0,1.0,gtfs_frequencies_typical_weekday,6217.92,749870.6,98.584,5.632,1.082,0.0,0.37,True,False,56.0,C,ordered-stop planning approximation,True,DERIVED,2,historic_only,uncertain,,,historic_gtfs_baseline,sakay_gtfs_master_historic,No current route validation supplied.,,,False,,historic_only,divisoria__sangandaan,5.085301837270341,203.2,0,6217.92,DERIVED,sakay_gtfs_master_historic|worldpop_phl_2020_1km
LTFRB_PUJ1283,,Divisoria - Sangandaan via Maypajo,"Jollibee, Samson Road, Caloocan City - Dagupan, Manila",725759,6.269,stop_sequence_approx,28,1.0,17.0,1020.0,1.0,gtfs_frequencies_typical_weekday,6394.38,749870.6,98.584,5.632,1.113,0.0,0.943,True,False,56.0,C,ordered-stop planning approximation,True,DERIVED,2,historic_only,uncertain,,,historic_gtfs_baseline,sakay_gtfs_master_historic,No current route validation supplied.,,,False,,historic_only,divisoria__sangandaan,4.466422076886266,232.1851851851852,0,6394.38,DERIVED,sakay_gtfs_master_historic|worldpop_phl_2020_1km
LTFRB_PUJ1284,,Divisoria - San Juan,"Claro M. Recto Ave, Manila - Corazon De Jesus / N.Domingo, Manila",726178,7.528,stop_sequence_approx,25,1.0,17.0,1020.0,1.0,gtfs_frequencies_typical_weekday,7678.559999999999,615952.1,98.308,6.72,1.12,0.0,0.541,True,False,56.0,C,ordered-stop planning approximation,True,DERIVED,2,historic_only,uncertain,,,historic_gtfs_baseline,sakay_gtfs_master_historic,No current route validation supplied.,,,False,,historic_only,divisoria__san-juan,3.3209351753453773,313.6666666666667,0,7678.559999999999,DERIVED,sakay_gtfs_master_historic|worldpop_phl_2020_1km
LTFRB_PUJ1285,,Divisoria - San Juan,"Corazon De Jesus / N.Domingo, Manila - Claro M. Recto Ave, Manila",724891,7.528,stop_sequence_approx,25,1.0,17.0,1020.0,1.0,gtfs_frequencies_typical_weekday,7678.559999999999,615952.1,98.308,6.72,1.12,0.0,0.541,True,False,56.0,C,ordered-stop planning approximation,True,DERIVED,2,historic_only,uncertain,,,historic_gtfs_baseline,sakay_gtfs_master_historic,No current route validation supplied.,,,False,,historic_only,divisoria__san-juan,3.3209351753453773,313.6666666666667,0,7678.559999999999,DERIVED,sakay_gtfs_master_historic|worldpop_phl_2020_1km
LTFRB_PUJ1286,,Divisoria - Sta. Cruz via Madrid,"Dasmariñas, Manila - Camba / Clavel Intersection, Manila",725227,1.573,stop_sequence_approx,9,1.0,17.0,1020.0,1.0,gtfs_frequencies_typical_weekday,1604.46,190849.2,95.911,1.195,1.316,0.0,0.272,True,False,44.0,D,ordered-stop planning approximation | few representative stops,True,DERIVED,0,historic_only,uncertain,,,historic_gtfs_baseline,sakay_gtfs_master_historic,No current route validation supplied.,,,False,,historic_only,divisoria__sta-cruz,5.72155117609663,196.625,0,1604.46,DERIVED,sakay_gtfs_master_historic|worldpop_phl_2020_1km
LTFRB_PUJ1288,,Divisoria - Sta. Mesa via R. Magsaysay,"Claro M. Recto Ave, Manila - Aurora Blvd / General Aguinaldo Ave Intersection, Quezon City, Manila",725343,11.37,stop_sequence_approx,38,1.0,17.0,1020.0,1.0,gtfs_frequencies_typical_weekday,11597.4,755444.6,95.826,9.553,1.19,0.0263,0.541,True,True,48.0,D,ordered-stop planning approximation | self-intersection detected,True,DERIVED,2,historic_only,uncertain,,,historic_gtfs_baseline,sakay_gtfs_master_historic,No current route validation supplied.,,,False,,historic_only,divisoria__sta-mesa,3.342128408091469,307.2972972972973,0,11597.4,DERIVED,sakay_gtfs_master_historic|worldpop_phl_2020_1km
LTFRB_PUJ1289,,Divisoria - Sta. Mesa via R. Magsaysay,"Aurora Blvd / General Aguinaldo Ave Intersection, Quezon City, Manila - Claro M. Recto Ave, Manila",725268,10.316,stop_sequence_approx,33,1.0,17.0,1020.0,1.0,gtfs_frequencies_typical_weekday,10522.320000000002,700741.8,95.5,9.553,1.08,0.0,0.541,True,False,56.0,C,ordered-stop planning approximation,True,DERIVED,3,historic_only,uncertain,,,historic_gtfs_baseline,sakay_gtfs_master_historic,No current route validation supplied.,,,False,,historic_only,divisoria__sta-mesa,3.198914307871268,322.375,0,10522.320000000002,DERIVED,sakay_gtfs_master_historic|worldpop_phl_2020_1km
LTFRB_PUJ1290,,Divisoria - Gastambide via Morayta,"Jose Abad Santos Ave., Manila - España Blvd / Nicanor Reyes St Intersection, Manila",726033,2.313,stop_sequence_approx,11,1.0,17.0,1020.0,1.0,gtfs_frequencies_typical_weekday,2359.26,285727.1,100.0,1.406,1.645,0.0,0.438,True,False,44.0,D,ordered-stop planning approximation | few representative stops,True,DERIVED,1,historic_only,uncertain,,,historic_gtfs_baseline,sakay_gtfs_master_historic,No current route validation supplied.,,,False,,historic_only,divisoria__gastambide,4.755728491137051,231.3,0,2359.26,DERIVED,sakay_gtfs_master_historic|worldpop_phl_2020_1km
LTFRB_PUJ1291,,Divisoria - Gastambide via Morayta,"España Blvd / Nicanor Reyes St Intersection, Manila - Jose Abad Santos Ave., Manila",724687,2.313,stop_sequence_approx,11,1.0,17.0,1020.0,2.0,gtfs_frequencies_typical_weekday,2359.26,285727.1,100.0,1.406,1.645,0.0,0.438,True,False,44.0,D,ordered-stop planning approximation | few representative stops,True,DERIVED,1,historic_only,uncertain,,,historic_gtfs_baseline,sakay_gtfs_master_historic,No current route validation supplied.,,,False,,historic_only,divisoria__gastambide,4.755728491137051,231.3,0,2359.26,DERIVED,sakay_gtfs_master_historic|worldpop_phl_2020_1km
LTFRB_PUJ1292,,Divisoria T.M. Kalaw via Jones Br.,"T.M. Kalaw / Maria Y. Orosa St - Juan Luna, Manila",725841,3.246,stop_sequence_approx,14,1.0,17.0,1020.0,1.0,gtfs_frequencies_typical_weekday,3310.92,152674.6,79.011,2.743,1.183,0.0,0.414,True,False,56.0,C,ordered-stop planning approximation,True,DERIVED,0,historic_only,uncertain,,,historic_gtfs_baseline,sakay_gtfs_master_historic,No current route validation supplied.,,,False,,historic_only,divisoria-t-m-kalaw,4.313000616142945,249.69230769230768,0,3310.92,DERIVED,sakay_gtfs_master_historic|worldpop_phl_2020_1km
LTFRB_PUJ1293,,Divisoria T.M. Kalaw via Jones Br.,"Juan Luna, Manila - T.M. Kalaw / Maria Y. Orosa St",724641,3.294,stop_sequence_approx,14,1.0,17.0,1020.0,1.0,gtfs_frequencies_typical_weekday,3359.88,248614.9,87.111,2.743,1.201,0.0,0.456,True,False,56.0,C,ordered-stop planning approximation,True,DERIVED,0,historic_only,uncertain,,,historic_gtfs_baseline,sakay_gtfs_master_historic,No current route validation supplied.,,,False,,historic_only,divisoria-t-m-kalaw,4.250151791135398,253.3846153846154,0,3359.88,DERIVED,sakay_gtfs_master_historic|worldpop_phl_2020_1km
LTFRB_PUJ1294,,Divisoria - Tayuman via Dagupan,"Dagupan, Manila - Dagupan / Arqueros Intersection, Manila",724675,1.106,stop_sequence_approx,7,1.0,17.0,1020.0,1.0,gtfs_frequencies_typical_weekday,1128.12,264755.7,100.0,1.073,1.031,0.0,0.246,True,False,44.0,D,ordered-stop planning approximation | few representative stops,True,DERIVED,1,historic_only,uncertain,,,historic_gtfs_baseline,sakay_gtfs_master_historic,No current route validation supplied.,,,False,,historic_only,divisoria__tayuman,6.329113924050632,184.33333333333334,0,1128.12,DERIVED,sakay_gtfs_master_historic|worldpop_phl_2020_1km
LTFRB_PUJ1295,,Divisoria - Tayuman via Dagupan,"Dagupan / Arqueros Intersection, Manila - Dagupan, Manila",725322,1.106,stop_sequence_approx,7,1.0,17.0,1020.0,1.0,gtfs_frequencies_typical_weekday,1128.12,264755.7,100.0,1.073,1.031,0.0,0.246,True,False,44.0,D,ordered-stop planning approximation | few representative stops,True,DERIVED,1,historic_only,uncertain,,,historic_gtfs_baseline,sakay_gtfs_master_historic,No current route validation supplied.,,,False,,historic_only,divisoria__tayuman,6.329113924050632,184.33333333333334,0,1128.12,DERIVED,sakay_gtfs_master_historic|worldpop_phl_2020_1km
LTFRB_PUJ1296,,Divisoria - Velasquez,"Union Bank of Philippines, Juan Luca, Manila - Vitas, Velasquez, Tondo",726171,2.85,stop_sequence_approx,14,1.0,17.0,1020.0,1.0,gtfs_frequencies_typical_weekday,2907.0,426659.9,100.0,2.551,1.117,0.0,0.413,True,False,56.0,C,ordered-stop planning approximation,True,DERIVED,1,historic_only,uncertain,,,historic_gtfs_baseline,sakay_gtfs_master_historic,No current route validation supplied.,,,False,,historic_only,divisoria__velasquez,4.912280701754386,219.23076923076923,0,2907.0,DERIVED,sakay_gtfs_master_historic|worldpop_phl_2020_1km
LTFRB_PUJ1297,,Divisoria - Velasquez,"Vitas, Velasquez, Tondo - Union Bank of Philippines, Juan Luca, Manila",725625,3.12,stop_sequence_approx,14,1.0,17.0,1020.0,1.0,gtfs_frequencies_typical_weekday,3182.4,515688.9,100.0,2.551,1.223,0.0,0.986,True,False,56.0,C,ordered-stop planning approximation,True,DERIVED,1,historic_only,uncertain,,,historic_gtfs_baseline,sakay_gtfs_master_historic,No current route validation supplied.,,,False,,historic_only,divisoria__velasquez,4.487179487179487,240.0,0,3182.4,DERIVED,sakay_gtfs_master_historic|worldpop_phl_2020_1km
LTFRB_PUJ1298,,Dominga - Libertad,"Taft Avenue / Pablo Ocampo Sreet, Avenue, Manila - Antonio Arnaiz Ave / F.B. Harrison St Intersection",725540,3.596,stop_sequence_approx,11,1.0,17.0,1020.0,1.0,gtfs_frequencies_typical_weekday,3667.92,208739.6,100.0,1.871,1.922,0.0,0.454,True,False,44.0,D,ordered-stop planning approximation | few representative stops,True,DERIVED,0,historic_only,uncertain,,,historic_gtfs_baseline,sakay_gtfs_master_historic,No current route validation supplied.,,,False,,historic_only,dominga__libertad,3.0589543937708563,359.6,0,3667.92,DERIVED,sakay_gtfs_master_historic|worldpop_phl_2020_1km
LTFRB_PUJ1299,,Dominga - Libertad,"Antonio Arnaiz Ave / F.B. Harrison St Intersection - Taft Avenue / Pablo Ocampo Sreet, Avenue, Manila",726160,3.854,stop_sequence_approx,13,1.0,17.0,1020.0,1.0,gtfs_frequencies_typical_weekday,3931.08,232295.7,95.402,1.871,2.06,0.0,0.418,True,False,56.0,C,ordered-stop planning approximation,True,DERIVED,0,historic_only,uncertain,,,historic_gtfs_baseline,sakay_gtfs_master_historic,No current route validation supplied.,,,False,,historic_only,dominga__libertad,3.3731188375713543,321.1666666666667,0,3931.08,DERIVED,sakay_gtfs_master_historic|worldpop_phl_2020_1km
LTFRB_PUJ1300,,EDSA/North Ave. - Tandang Sora/Mindanao Ave.,"Pacific Global Hospital, Mindanao Avenue, Quezon City - Epifanio de los Santos Avenue / North Avenue Intersection, Quezon City",724678,5.736,stop_sequence_approx,24,1.0,17.0,1020.0,1.0,gtfs_frequencies_typical_weekday,5850.719999999999,273159.2,96.423,3.697,1.551,0.087,0.498,True,True,48.0,D,ordered-stop planning approximation | self-intersection detected,True,DERIVED,1,historic_only,uncertain,,,historic_gtfs_baseline,sakay_gtfs_master_historic,No current route validation supplied.,,,False,,historic_only,edsa-north-ave__tandang-sora-mindanao-ave,4.184100418410042,249.3913043478261,0,5850.719999999999,DERIVED,sakay_gtfs_master_historic|worldpop_phl_2020_1km
LTFRB_PUJ1301,,EDSA/North Ave. - Tandang Sora/Mindanao Ave.,"Epifanio de los Santos Avenue / North Avenue Intersection, Quezon City - Pacific Global Hospital, Mindanao Avenue, Quezon City",726166,4.473,stop_sequence_approx,19,1.0,17.0,1020.0,1.0,gtfs_frequencies_typical_weekday,4562.46,247519.2,100.0,3.697,1.21,0.0,0.498,True,False,56.0,C,ordered-stop planning approximation,True,DERIVED,1,historic_only,uncertain,,,historic_gtfs_baseline,sakay_gtfs_master_historic,No current route validation supplied.,,,False,,historic_only,edsa-north-ave__tandang-sora-mindanao-ave,4.247708473060586,248.5,0,4562.46,DERIVED,sakay_gtfs_master_historic|worldpop_phl_2020_1km
LTFRB_PUJ1304,,"EDSA/North Ave. - UP via North Ave., Marcos Ave.","Epifanio de los Santos Avenue / North Avenue Intersection, Quezon City - E. Ma. Guerrero / Osmeña Ave, Quezon City, Manila",725064,6.6,stop_sequence_approx,26,1.0,17.0,1020.0,1.0,gtfs_frequencies_typical_weekday,6732.0,247916.5,68.625,4.525,1.459,0.0,0.456,True,False,56.0,C,ordered-stop planning approximation,True,DERIVED,2,historic_only,uncertain,,,historic_gtfs_baseline,sakay_gtfs_master_historic,No current route validation supplied.,,,False,,historic_only,edsa-north-ave__up,3.9393939393939394,264.0,0,6732.0,DERIVED,sakay_gtfs_master_historic|worldpop_phl_2020_1km
LTFRB_PUJ1305,,"EDSA/North Ave. - UP via North Ave., Marcos Ave.","E. Ma. Guerrero / Osmeña Ave, Quezon City, Manila - Epifanio de los Santos Avenue / North Avenue Intersection, Quezon City",725524,5.889,stop_sequence_approx,23,1.0,17.0,1020.0,1.0,gtfs_frequencies_typical_weekday,6006.780000000001,202321.7,49.711,4.525,1.301,0.0435,0.368,True,True,48.0,D,ordered-stop planning approximation | self-intersection detected,True,DERIVED,1,historic_only,uncertain,,,historic_gtfs_baseline,sakay_gtfs_master_historic,No current route validation supplied.,,,False,,historic_only,edsa-north-ave__up,3.9055866870436406,267.6818181818182,0,6006.780000000001,DERIVED,sakay_gtfs_master_historic|worldpop_phl_2020_1km
LTFRB_PUJ1306,,EDSA/Pioneer - Pateros via Pasig,"M. Almeda, Pateros, Manila - Epifanio de los Santos Avenue / United Intersection, Mandaluyong City, Manila",726265,7.798,stop_sequence_approx,31,1.0,17.0,1020.0,1.0,gtfs_frequencies_typical_weekday,7953.96,485746.6,90.084,3.981,1.959,0.0,0.553,True,False,56.0,C,ordered-stop planning approximation,True,DERIVED,0,historic_only,uncertain,,,historic_gtfs_baseline,sakay_gtfs_master_historic,No current route validation supplied.,,,False,,historic_only,edsa-pioneer__pateros,3.975378302128751,259.93333333333334,0,7953.96,DERIVED,sakay_gtfs_master_historic|worldpop_phl_2020_1km
LTFRB_PUJ1307,,EDSA/Pioneer - Pateros via Pasig,"Epifanio de los Santos Avenue / United Intersection, Mandaluyong City, Manila - M. Almeda, Pateros, Manila",725793,7.309,stop_sequence_approx,30,1.0,17.0,1020.0,2.0,gtfs_frequencies_typical_weekday,7455.18,372881.8,87.083,3.981,1.836,0.0,0.553,True,False,56.0,C,ordered-stop planning approximation,True,DERIVED,0,historic_only,uncertain,,,historic_gtfs_baseline,sakay_gtfs_master_historic,No current route validation supplied.,,,False,,historic_only,edsa-pioneer__pateros,4.104528663291832,252.0344827586207,0,7455.18,DERIVED,sakay_gtfs_master_historic|worldpop_phl_2020_1km
LTFRB_PUJ1308,,EDSA/SSH - Sucat via SSH,"South Luzon Expressway, Muntinlupa City, Manila - Epifanio de los Santos Avenue / Skyway , Lungsod ng Makati, Manila",726092,10.566,stop_sequence_approx,26,1.0,17.0,1020.0,1.0,gtfs_frequencies_typical_weekday,10777.320000000002,345638.9,78.285,10.247,1.031,0.0,0.686,True,False,56.0,C,ordered-stop planning approximation,True,DERIVED,0,historic_only,uncertain,,,historic_gtfs_baseline,sakay_gtfs_master_historic,No current route validation supplied.,,,False,,historic_only,edsa-ssh__sucat,2.4607230740109785,422.64,0,10777.320000000002,DERIVED,sakay_gtfs_master_historic|worldpop_phl_2020_1km
LTFRB_PUJ1309,,EDSA/SSH - Sucat via SSH,"Epifanio de los Santos Avenue / Skyway , Lungsod ng Makati, Manila - South Luzon Expressway, Muntinlupa City, Manila",724721,10.566,stop_sequence_approx,26,1.0,17.0,1020.0,1.0,gtfs_frequencies_typical_weekday,10777.320000000002,345638.9,78.285,10.247,1.031,0.0,0.686,True,False,56.0,C,ordered-stop planning approximation,True,DERIVED,0,historic_only,uncertain,,,historic_gtfs_baseline,sakay_gtfs_master_historic,No current route validation supplied.,,,False,,historic_only,edsa-ssh__sucat,2.4607230740109785,422.64,0,10777.320000000002,DERIVED,sakay_gtfs_master_historic|worldpop_phl_2020_1km
LTFRB_PUJ1310,,EDSA/Shaw - E. Rodriguez (Ugong) via J. Vargas Ave.,"Mayflower, Mandaluyong City, Manila - Lanuza Ave / C-5 Intersection , Pasig City, Manila",725621,5.474,stop_sequence_approx,17,1.0,17.0,1020.0,1.0,gtfs_frequencies_typical_weekday,5583.4800000000005,107972.8,35.604,2.156,2.539,0.1765,0.539,True,True,35.0,D,ordered-stop planning approximation | high detour ratio | duplicate coordinates | self-intersection detected,True,DERIVED,0,historic_only,uncertain,,,historic_gtfs_baseline,sakay_gtfs_master_historic,No current route validation supplied.,,,False,,historic_only,e-rodriguez-ugong__edsa-shaw,3.1055900621118013,342.125,0,5583.4800000000005,DERIVED,sakay_gtfs_master_historic|worldpop_phl_2020_1km
LTFRB_PUJ1311,,EDSA/Shaw - E. Rodriguez (Ugong) via J. Vargas Ave.,"Eulogio Rodriguez Jr Ave / Doña Julia Vargas Ave Intersection, Pasig City, Manila - Mayflower, Mandaluyong City, Manila",725289,4.736,stop_sequence_approx,13,1.0,17.0,1020.0,1.0,gtfs_frequencies_typical_weekday,4830.719999999999,107972.8,35.604,2.649,1.788,0.1538,0.606,True,True,42.0,D,ordered-stop planning approximation | duplicate coordinates | self-intersection detected,True,DERIVED,0,historic_only,uncertain,,,historic_gtfs_baseline,sakay_gtfs_master_historic,No current route validation supplied.,,,False,,historic_only,e-rodriguez-ugong__edsa-shaw,2.7449324324324325,394.6666666666667,0,4830.719999999999,DERIVED,sakay_gtfs_master_historic|worldpop_phl_2020_1km
LTFRB_PUJ1312,,EDSA/Shaw Central - Kalentong/JRC,"Epifanio de los Santos Avenue /  Shaw Blvd Intersection, Mandaluyong City, Manila - Shaw Blvd, Mandaluyong City, Manila",724697,3.228,stop_sequence_approx,10,1.0,17.0,1020.0,1.0,gtfs_frequencies_typical_weekday,3292.5600000000004,260198.1,95.492,3.115,1.036,0.0,0.432,True,False,44.0,D,ordered-stop planning approximation | few representative stops,True,DERIVED,0,historic_only,uncertain,,,historic_gtfs_baseline,sakay_gtfs_master_historic,No current route validation supplied.,,,False,,historic_only,edsa-shaw-central__kalentong-jrc,3.097893432465923,358.6666666666667,0,3292.5600000000004,DERIVED,sakay_gtfs_master_historic|worldpop_phl_2020_1km
LTFRB_PUJ1313,,EDSA/Shaw Central - Kalentong/JRC,"Shaw Blvd, Mandaluyong City, Manila - Epifanio de los Santos Avenue /  Shaw Blvd Intersection, Mandaluyong City, Manila",725838,3.228,stop_sequence_approx,10,1.0,17.0,1020.0,1.0,gtfs_frequencies_typical_weekday,3292.5600000000004,260198.1,95.492,3.115,1.036,0.0,0.432,True,False,44.0,D,ordered-stop planning approximation | few representative stops,True,DERIVED,0,historic_only,uncertain,,,historic_gtfs_baseline,sakay_gtfs_master_historic,No current route validation supplied.,,,False,,historic_only,edsa-shaw-central__kalentong-jrc,3.097893432465923,358.6666666666667,0,3292.5600000000004,DERIVED,sakay_gtfs_master_historic|worldpop_phl_2020_1km
LTFRB_PUJ1314,,"EDSA/Shaw Central - Morong via Binangonan, Cardona","Manila East Rd, Binangonan, Manila - Epifanio de los Santos Avenue /  Shaw Blvd Intersection, Mandaluyong City, Manila",724636,23.827,stop_sequence_approx,101,1.0,17.0,1020.0,1.0,gtfs_frequencies_typical_weekday,24303.54,565560.0,52.327,17.907,1.331,0.0,0.541,True,False,56.0,C,ordered-stop planning approximation,True,DERIVED,0,historic_only,uncertain,,,historic_gtfs_baseline,sakay_gtfs_master_historic,No current route validation supplied.,,,False,,historic_only,edsa-shaw-central__morong,4.238888655726696,238.27,0,24303.54,DERIVED,sakay_gtfs_master_historic|worldpop_phl_2020_1km
LTFRB_PUJ1315,,"EDSA/Shaw Central - Morong via Binangonan, Cardona","Epifanio de los Santos Avenue /  Shaw Blvd Intersection, Mandaluyong City, Manila - Manila East Rd, Binangonan, Manila",725397,24.237,stop_sequence_approx,103,1.0,17.0,1020.0,1.0,gtfs_frequencies_typical_weekday,24721.74,565560.0,52.327,17.907,1.353,0.0,0.541,True,False,56.0,C,ordered-stop planning approximation,True,DERIVED,0,historic_only,uncertain,,,historic_gtfs_baseline,sakay_gtfs_master_historic,No current route validation supplied.,,,False,,historic_only,edsa-shaw-central__morong,4.24970087056979,237.61764705882354,0,24721.74,DERIVED,sakay_gtfs_master_historic|worldpop_phl_2020_1km
LTFRB_PUJ1316,,EDSA - Shaw - Ortigas Complex,"Firefly / Green Meadows Ave Intersection, Pasig City, Manila - Shaw Blvd, Shaw Blvd, Manila",726083,2.8,stop_sequence_approx,11,1.0,17.0,1020.0,1.0,gtfs_frequencies_typical_weekday,2856.0,98928.6,19.29,2.085,1.343,0.0,0.358,True,False,44.0,D,ordered-stop planning approximation | few representative stops,True,DERIVED,0,historic_only,uncertain,,,historic_gtfs_baseline,sakay_gtfs_master_historic,No current route validation supplied.,,,False,,historic_only,edsa__ortigas-complex__shaw,3.928571428571429,280.0,0,2856.0,DERIVED,sakay_gtfs_master_historic|worldpop_phl_2020_1km
LTFRB_PUJ1317,,EDSA - Shaw - Ortigas Complex,"Shaw Blvd, Shaw Blvd, Manila - Firefly / Green Meadows Ave Intersection, Pasig City, Manila",725526,3.056,stop_sequence_approx,13,1.0,17.0,1020.0,1.0,gtfs_frequencies_typical_weekday,3117.12,66335.7,28.768,2.085,1.466,0.0,0.338,True,False,56.0,C,ordered-stop planning approximation,True,DERIVED,0,historic_only,uncertain,,,historic_gtfs_baseline,sakay_gtfs_master_historic,No current route validation supplied.,,,False,,historic_only,edsa__ortigas-complex__shaw,4.2539267015706805,254.66666666666666,0,3117.12,DERIVED,sakay_gtfs_master_historic|worldpop_phl_2020_1km
LTFRB_PUJ1318,,EDSA/Shaw Central - Pasig (TP),"Epifanio de los Santos Avenue / United Intersection, Mandaluyong City, Manila - Balderama, Pasig City, Manila",725438,5.707,stop_sequence_approx,24,1.0,17.0,1020.0,1.0,gtfs_frequencies_typical_weekday,5821.139999999999,350600.9,86.262,4.206,1.357,0.0,0.531,True,False,56.0,C,ordered-stop planning approximation,True,DERIVED,0,historic_only,uncertain,,,historic_gtfs_baseline,sakay_gtfs_master_historic,No current route validation supplied.,,,False,,historic_only,edsa-shaw-central__pasig-tp,4.205361836341336,248.1304347826087,0,5821.139999999999,DERIVED,sakay_gtfs_master_historic|worldpop_phl_2020_1km
LTFRB_PUJ1319,,EDSA/Shaw Central - Pasig (TP),"Balderama, Pasig City, Manila - Epifanio de los Santos Avenue / United Intersection, Mandaluyong City, Manila",725040,5.481,stop_sequence_approx,24,1.0,17.0,1020.0,1.0,gtfs_frequencies_typical_weekday,5590.62,350600.9,86.262,4.206,1.303,0.0,0.531,True,False,56.0,C,ordered-stop planning approximation,True,DERIVED,1,historic_only,uncertain,,,historic_gtfs_baseline,sakay_gtfs_master_historic,No current route validation supplied.,,,False,,historic_only,edsa-shaw-central__pasig-tp,4.378762999452655,238.30434782608697,0,5590.62,DERIVED,sakay_gtfs_master_historic|worldpop_phl_2020_1km
LTFRB_PUJ1321,,EDSA/Shaw Central - Taytay,"Ortigas Ave / 5th Avenue Intersection, Pagis City, Manila - Epifanio de los Santos Avenue / United Intersection, Mandaluyong City, Manila",725627,9.375,stop_sequence_approx,38,1.0,17.0,1020.0,1.0,gtfs_frequencies_typical_weekday,9562.5,317622.8,70.927,6.111,1.534,0.0,0.541,True,False,56.0,C,ordered-stop planning approximation,True,DERIVED,0,historic_only,uncertain,,,historic_gtfs_baseline,sakay_gtfs_master_historic,No current route validation supplied.,,,False,,historic_only,edsa-shaw-central__taytay,4.053333333333334,253.3783783783784,0,9562.5,DERIVED,sakay_gtfs_master_historic|worldpop_phl_2020_1km
LTFRB_PUJ1322,,Edsa/Shaw.Central -Tipas (Taguig) via San Joaquin,"M. Almeda, Pateros, Manila - Mayflower, Mandaluyong City, Manila",724846,5.733,stop_sequence_approx,25,1.0,17.0,1020.0,1.0,gtfs_frequencies_typical_weekday,5847.66,286026.8,83.16,3.695,1.552,0.0,0.398,True,False,56.0,C,ordered-stop planning approximation,True,DERIVED,0,historic_only,uncertain,,,historic_gtfs_baseline,sakay_gtfs_master_historic,No current route validation supplied.,,,False,,historic_only,edsa-shaw-central__tipas-taguig,4.360718646432932,238.875,0,5847.66,DERIVED,sakay_gtfs_master_historic|worldpop_phl_2020_1km
LTFRB_PUJ1323,,Edsa/Shaw.Central -Tipas (Taguig) via San Joaquin,"Mayflower, Mandaluyong City, Manila - M. Almeda, Pateros, Manila",725382,6.473,stop_sequence_approx,27,1.0,17.0,1020.0,1.0,gtfs_frequencies_typical_weekday,6602.46,305385.3,84.228,3.695,1.752,0.0,0.398,True,False,56.0,C,ordered-stop planning approximation,True,DERIVED,0,historic_only,uncertain,,,historic_gtfs_baseline,sakay_gtfs_master_historic,No current route validation supplied.,,,False,,historic_only,edsa-shaw-central__tipas-taguig,4.171172562953808,248.96153846153845,0,6602.46,DERIVED,sakay_gtfs_master_historic|worldpop_phl_2020_1km
LTFRB_PUJ1324,,EDSA/West Ave. - Panay Ave.,"Quezon Avenue, Quezon City - Epifanio de los Santos Avenue / Bulacan Intersection, Quezon City",725818,3.219,stop_sequence_approx,16,1.0,17.0,1020.0,1.0,gtfs_frequencies_typical_weekday,3283.38,110803.8,72.513,2.443,1.318,0.0625,0.266,True,True,48.0,D,ordered-stop planning approximation | self-intersection detected,True,DERIVED,0,historic_only,uncertain,,,historic_gtfs_baseline,sakay_gtfs_master_historic,No current route validation supplied.,,,False,,historic_only,edsa-west-ave__panay-ave,4.970487729108419,214.6,0,3283.38,DERIVED,sakay_gtfs_master_historic|worldpop_phl_2020_1km
LTFRB_PUJ1325,,EDSA/West Ave. - Panay Ave.,"Epifanio de los Santos Avenue / Bulacan Intersection, Quezon City - Quezon Avenue, Quezon City",725276,2.704,stop_sequence_approx,13,1.0,17.0,1020.0,1.0,gtfs_frequencies_typical_weekday,2758.0800000000004,127424.3,76.098,2.443,1.107,0.0,0.287,True,False,56.0,C,ordered-stop planning approximation,True,DERIVED,0,historic_only,uncertain,,,historic_gtfs_baseline,sakay_gtfs_master_historic,No current route validation supplied.,,,False,,historic_only,edsa-west-ave__panay-ave,4.8076923076923075,225.33333333333334,0,2758.0800000000004,DERIVED,sakay_gtfs_master_historic|worldpop_phl_2020_1km
LTFRB_PUJ1326,,Escolta - Libertad via L. Guinto,"Antonio Arnaiz Ave / F.B. Harrison St Intersection - T. Pinpin Street / Escolta Intersection, Manila",725815,6.147,stop_sequence_approx,23,1.0,17.0,1020.0,1.0,gtfs_frequencies_typical_weekday,6269.9400000000005,291532.1,83.383,5.966,1.03,0.0,0.434,True,False,56.0,C,ordered-stop planning approximation,True,DERIVED,1,historic_only,uncertain,,,historic_gtfs_baseline,sakay_gtfs_master_historic,No current route validation supplied.,,,False,,historic_only,escolta__libertad,3.7416625996421016,279.40909090909093,0,6269.9400000000005,DERIVED,sakay_gtfs_master_historic|worldpop_phl_2020_1km
LTFRB_PUJ1327,,Escolta - Libertad via L. Guinto,"T. Pinpin Street / Escolta Intersection, Manila - Antonio Arnaiz Ave / F.B. Harrison St Intersection",726239,7.573,stop_sequence_approx,25,1.0,17.0,1020.0,1.0,gtfs_frequencies_typical_weekday,7724.46,369198.6,87.121,5.966,1.269,0.0,0.548,True,False,56.0,C,ordered-stop planning approximation,True,DERIVED,1,historic_only,uncertain,,,historic_gtfs_baseline,sakay_gtfs_master_historic,No current route validation supplied.,,,False,,historic_only,escolta__libertad,3.301201637396012,315.5416666666667,0,7724.46,DERIVED,sakay_gtfs_master_historic|worldpop_phl_2020_1km
LTFRB_PUJ1328,,"MCU - Vito Cruz via Rizal Ave., Taft Ave.","Rizal Memorial Track and Football Stadium, M Adriatico, Manila - Epifanio de los Santos Avenue / 8th Street Intersection , Caloocan City",725501,11.983,stop_sequence_approx,51,1.0,17.0,1020.0,1.0,gtfs_frequencies_typical_weekday,12222.66,780684.1,93.454,10.412,1.151,0.0,0.438,True,False,56.0,C,ordered-stop planning approximation,True,DERIVED,3,historic_only,uncertain,,,historic_gtfs_baseline,sakay_gtfs_master_historic,No current route validation supplied.,,,False,,historic_only,mcu__vito-cruz,4.256029374947842,239.66,0,12222.66,DERIVED,sakay_gtfs_master_historic|worldpop_phl_2020_1km
LTFRB_PUJ1330,,"Escolta - Monumento via G. del Mundo, Dasmarinas, Nueva","Rizal Avenue, Manila - Bonifacio Market, MacArthur Highway, Caloocan City",726157,6.674,stop_sequence_approx,31,1.0,17.0,1020.0,1.0,gtfs_frequencies_typical_weekday,6807.4800000000005,532735.6,96.542,6.481,1.03,0.0,0.365,True,False,56.0,C,ordered-stop planning approximation,True,DERIVED,3,historic_only,uncertain,,,historic_gtfs_baseline,sakay_gtfs_master_historic,No current route validation supplied.,,,False,,historic_only,escolta__monumento,4.644890620317651,222.46666666666667,0,6807.4800000000005,DERIVED,sakay_gtfs_master_historic|worldpop_phl_2020_1km
LTFRB_PUJ1331,,"Escolta - Monumento via G. del Mundo, Dasmarinas, Nueva","Bonifacio Market, MacArthur Highway, Caloocan City - Rizal Avenue, Manila",725484,6.691,stop_sequence_approx,33,1.0,17.0,1020.0,1.0,gtfs_frequencies_typical_weekday,6824.82,532735.6,96.542,6.481,1.032,0.0,0.365,True,False,56.0,C,ordered-stop planning approximation,True,DERIVED,4,historic_only,uncertain,,,historic_gtfs_baseline,sakay_gtfs_master_historic,No current route validation supplied.,,,False,,historic_only,escolta__monumento,4.9319982065461065,209.09375,0,6824.82,DERIVED,sakay_gtfs_master_historic|worldpop_phl_2020_1km
LTFRB_PUJ1332,,Monumento - Pier South via Rizal Ave.,"Epifanio de los Santos Avenue / 8th Street Intersection , Caloocan City - Railroad Dr / 13th St Intersection, Manila",725177,9.119,stop_sequence_approx,43,1.0,17.0,1020.0,1.0,gtfs_frequencies_typical_weekday,9301.38,648966.7,95.156,7.709,1.183,0.0,0.499,True,False,56.0,C,ordered-stop planning approximation,True,DERIVED,4,historic_only,uncertain,,,historic_gtfs_baseline,sakay_gtfs_master_historic,No current route validation supplied.,,,False,,historic_only,monumento__pier-south,4.7154293233907225,217.11904761904762,0,9301.38,DERIVED,sakay_gtfs_master_historic|worldpop_phl_2020_1km
LTFRB_PUJ1333,,Monumento - Pier South via Rizal Ave.,"Railroad Dr / 13th St Intersection, Manila - Epifanio de los Santos Avenue / 8th Street Intersection , Caloocan City",724748,10.477,stop_sequence_approx,46,1.0,17.0,1020.0,1.0,gtfs_frequencies_typical_weekday,10686.54,661426.6,93.363,7.709,1.359,0.0,0.37,True,False,56.0,C,ordered-stop planning approximation,True,DERIVED,2,historic_only,uncertain,,,historic_gtfs_baseline,sakay_gtfs_master_historic,No current route validation supplied.,,,False,,historic_only,monumento__pier-south,4.390569819604848,232.82222222222222,0,10686.54,DERIVED,sakay_gtfs_master_historic|worldpop_phl_2020_1km
LTFRB_PUJ1334,,Espana Rotonda - Proj. 2 & 3 via Timog,"Quezon Avenue / D Tuazon Intersection, Quezon City - Molave, Quezon City, Manila",725695,10.125,stop_sequence_approx,38,1.0,17.0,1020.0,1.0,gtfs_frequencies_typical_weekday,10327.5,385210.8,85.529,7.091,1.428,0.0,0.777,True,False,56.0,C,ordered-stop planning approximation,True,DERIVED,1,historic_only,uncertain,,,historic_gtfs_baseline,sakay_gtfs_master_historic,No current route validation supplied.,,,False,,historic_only,espana-rotonda__proj-2-3,3.753086419753086,273.64864864864865,0,10327.5,DERIVED,sakay_gtfs_master_historic|worldpop_phl_2020_1km
LTFRB_PUJ1335,,Espana Rotonda - Proj. 2 & 3 via Timog,"Molave, Quezon City, Manila - Quezon Avenue / D Tuazon Intersection, Quezon City",726303,9.836,stop_sequence_approx,42,1.0,17.0,1020.0,1.0,gtfs_frequencies_typical_weekday,10032.72,385210.8,85.529,7.091,1.387,0.0238,0.345,True,True,48.0,D,ordered-stop planning approximation | self-intersection detected,True,DERIVED,1,historic_only,uncertain,,,historic_gtfs_baseline,sakay_gtfs_master_historic,No current route validation supplied.,,,False,,historic_only,espana-rotonda__proj-2-3,4.270028466856446,239.90243902439025,0,10032.72,DERIVED,sakay_gtfs_master_historic|worldpop_phl_2020_1km
LTFRB_PUJ1336,,Espana - Rizal Ave. via Blumentritt,"Blumentritt, Manila - Cavitie / Leonor Rivera Intersection, Quezon City",726109,1.984,stop_sequence_approx,9,1.0,17.0,1020.0,1.0,gtfs_frequencies_typical_weekday,2023.68,206371.9,100.0,1.561,1.271,0.0,0.455,True,False,44.0,D,ordered-stop planning approximation | few representative stops,True,DERIVED,0,historic_only,uncertain,,,historic_gtfs_baseline,sakay_gtfs_master_historic,No current route validation supplied.,,,False,,historic_only,espana__rizal-ave,4.536290322580645,248.0,0,2023.68,DERIVED,sakay_gtfs_master_historic|worldpop_phl_2020_1km
LTFRB_PUJ1337,,Espana - Rizal Ave. via Blumentritt,"Cavitie / Leonor Rivera Intersection, Quezon City - Blumentritt, Manila",726260,1.773,stop_sequence_approx,9,1.0,17.0,1020.0,1.0,gtfs_frequencies_typical_weekday,1808.46,206371.9,100.0,1.561,1.136,0.0,0.309,True,False,44.0,D,ordered-stop planning approximation | few representative stops,True,DERIVED,0,historic_only,uncertain,,,historic_gtfs_baseline,sakay_gtfs_master_historic,No current route validation supplied.,,,False,,historic_only,espana__rizal-ave,5.0761421319796955,221.625,0,1808.46,DERIVED,sakay_gtfs_master_historic|worldpop_phl_2020_1km
LTFRB_PUJ1338,,Evangelista - Libertad,"Gen.J.Cailles / Evangelista Intersection, Makati City - Antonio Arnaiz Ave / F.B. Harrison St Intersection",725794,4.858,stop_sequence_approx,17,1.0,17.0,1020.0,1.0,gtfs_frequencies_typical_weekday,4955.16,210219.8,96.212,2.017,2.408,0.0,0.454,True,False,56.0,C,ordered-stop planning approximation,True,DERIVED,0,historic_only,uncertain,,,historic_gtfs_baseline,sakay_gtfs_master_historic,No current route validation supplied.,,,False,,historic_only,evangelista__libertad,3.499382461918485,303.625,0,4955.16,DERIVED,sakay_gtfs_master_historic|worldpop_phl_2020_1km
LTFRB_PUJ1339,,Evangelista - Libertad,"Antonio Arnaiz Ave / F.B. Harrison St Intersection - Gen.J.Cailles / Evangelista Intersection, Makati City",724646,2.953,stop_sequence_approx,11,1.0,17.0,1020.0,1.0,gtfs_frequencies_typical_weekday,3012.06,202256.6,100.0,2.017,1.464,0.0,0.454,True,False,44.0,D,ordered-stop planning approximation | few representative stops,True,DERIVED,0,historic_only,uncertain,,,historic_gtfs_baseline,sakay_gtfs_master_historic,No current route validation supplied.,,,False,,historic_only,evangelista__libertad,3.7250253979004406,295.3,0,3012.06,DERIVED,sakay_gtfs_master_historic|worldpop_phl_2020_1km
LTFRB_PUJ1340,,Fairview (Dahlia) - Cubao (Arayat),"P. A. Bernardo, Quezon City, Manila - Fairlane / Dahlia Intersection, Quezon City",726235,15.818,stop_sequence_approx,56,1.0,17.0,1020.0,1.0,gtfs_frequencies_typical_weekday,16134.36,619030.2,76.533,9.148,1.729,0.0,0.48,True,False,56.0,C,ordered-stop planning approximation,True,DERIVED,0,historic_only,uncertain,,,historic_gtfs_baseline,sakay_gtfs_master_historic,No current route validation supplied.,,,False,,historic_only,cubao-arayat__fairview-dahlia,3.5402705778227337,287.6,0,16134.36,DERIVED,sakay_gtfs_master_historic|worldpop_phl_2020_1km
LTFRB_PUJ1341,,Fairview (Dahlia) - Cubao (Arayat),"Fairlane / Dahlia Intersection, Quezon City - P. A. Bernardo, Quezon City, Manila",724737,15.859,stop_sequence_approx,56,1.0,17.0,1020.0,1.0,gtfs_frequencies_typical_weekday,16176.18,587681.4,77.139,9.148,1.734,0.0,0.531,True,False,56.0,C,ordered-stop planning approximation,True,DERIVED,0,historic_only,uncertain,,,historic_gtfs_baseline,sakay_gtfs_master_historic,No current route validation supplied.,,,False,,historic_only,cubao-arayat__fairview-dahlia,3.5311179771738446,288.3454545454546,0,16176.18,DERIVED,sakay_gtfs_master_historic|worldpop_phl_2020_1km
LTFRB_PUJ1342,,Forbes Park - Pasay Rd. via Ayala Ave.,"McKinley Pkwy, Taguig City, Manila - McKinley Rd, Makati City, Manila",724843,3.104,stop_sequence_approx,13,1.0,17.0,1020.0,1.0,gtfs_frequencies_typical_weekday,3166.08,92795.4,81.538,2.587,1.2,0.0,0.574,True,False,56.0,C,ordered-stop planning approximation,True,DERIVED,0,historic_only,uncertain,,,historic_gtfs_baseline,sakay_gtfs_master_historic,No current route validation supplied.,,,False,,historic_only,forbes-park__pasay-rd,4.188144329896907,258.6666666666667,0,3166.08,DERIVED,sakay_gtfs_master_historic|worldpop_phl_2020_1km
LTFRB_PUJ1343,,Forbes Park - Pasay Rd. via Ayala Ave.,"McKinley Rd, Makati City, Manila - McKinley Pkwy, Taguig City, Manila",724703,3.104,stop_sequence_approx,13,1.0,17.0,1020.0,1.0,gtfs_frequencies_typical_weekday,3166.08,92795.4,81.538,2.587,1.2,0.0,0.574,True,False,56.0,C,ordered-stop planning approximation,True,DERIVED,0,historic_only,uncertain,,,historic_gtfs_baseline,sakay_gtfs_master_historic,No current route validation supplied.,,,False,,historic_only,forbes-park__pasay-rd,4.188144329896907,258.6666666666667,0,3166.08,DERIVED,sakay_gtfs_master_historic|worldpop_phl_2020_1km
LTFRB_PUJ1344,,FTI - Kayaman C,"A. Arnaiz Ave / Don Chino Roces Avenue Intersection, Makati City - DBP Ave, Taguig City, Manila, Manila",725092,7.438,stop_sequence_approx,22,1.0,17.0,1020.0,1.0,gtfs_frequencies_typical_weekday,7586.759999999999,320288.0,81.889,5.963,1.247,0.0,0.719,True,False,56.0,C,ordered-stop planning approximation,True,DERIVED,2,historic_only,uncertain,,,historic_gtfs_baseline,sakay_gtfs_master_historic,No current route validation supplied.,,,False,,historic_only,fti__kayaman-c,2.9577843506318904,354.1904761904762,0,7586.759999999999,DERIVED,sakay_gtfs_master_historic|worldpop_phl_2020_1km
LTFRB_PUJ1345,,FTI - Kayaman C,"DBP Ave, Taguig City, Manila, Manila - A. Arnaiz Ave / Don Chino Roces Avenue Intersection, Makati City",726142,6.506,stop_sequence_approx,18,1.0,17.0,1020.0,1.0,gtfs_frequencies_typical_weekday,6636.12,215468.0,73.079,5.963,1.091,0.0,0.67,True,False,56.0,C,ordered-stop planning approximation,True,DERIVED,0,historic_only,uncertain,,,historic_gtfs_baseline,sakay_gtfs_master_historic,No current route validation supplied.,,,False,,historic_only,fti__kayaman-c,2.7666769136181983,382.70588235294116,0,6636.12,DERIVED,sakay_gtfs_master_historic|worldpop_phl_2020_1km
LTFRB_PUJ1346,,Fort Bonifacio (Gate III) - Guadalupe,"Bayani Road, Taguig City, Manila - Epifanio de los Santos Avenue, Makati City, Manila",725607,12.03,stop_sequence_approx,48,1.0,17.0,1020.0,1.0,gtfs_frequencies_typical_weekday,12270.6,260549.5,81.207,4.619,2.605,0.125,0.471,True,True,35.0,D,ordered-stop planning approximation | high detour ratio | duplicate coordinates | self-intersection detected,True,DERIVED,0,historic_only,uncertain,,,historic_gtfs_baseline,sakay_gtfs_master_historic,No current route validation supplied.,,,False,,historic_only,fort-bonifacio-gate-iii__guadalupe,3.9900249376558605,255.95744680851064,0,12270.6,DERIVED,sakay_gtfs_master_historic|worldpop_phl_2020_1km
LTFRB_PUJ1347,,Fort Bonifacio (Gate III) - Guadalupe,"Epifanio de los Santos Avenue, Makati City, Manila - Bayani Road, Taguig City, Manila",725651,7.824,stop_sequence_approx,37,1.0,17.0,1020.0,1.0,gtfs_frequencies_typical_weekday,7980.48,230959.4,85.24,4.619,1.694,0.0,0.318,True,False,56.0,C,ordered-stop planning approximation,True,DERIVED,0,historic_only,uncertain,,,historic_gtfs_baseline,sakay_gtfs_master_historic,No current route validation supplied.,,,False,,historic_only,fort-bonifacio-gate-iii__guadalupe,4.729038854805726,217.33333333333334,0,7980.48,DERIVED,sakay_gtfs_master_historic|worldpop_phl_2020_1km
LTFRB_PUJ1348,,rancisco Homes - Novaliches (TP) via Quirino Hi-way,"Dumalay, Quezon City - Francisco Homes Elementary School, Un-named Road, City of San Jose del Monte",726398,16.516,stop_sequence_approx,71,1.0,17.0,1020.0,1.0,gtfs_frequencies_typical_weekday,16846.32,500817.1,75.147,10.073,1.64,0.0,0.442,True,False,56.0,C,ordered-stop planning approximation,True,DERIVED,3,historic_only,uncertain,,,historic_gtfs_baseline,sakay_gtfs_master_historic,No current route validation supplied.,,,False,,historic_only,novaliches-tp__rancisco-homes,4.298861709857109,235.94285714285715,0,16846.32,DERIVED,sakay_gtfs_master_historic|worldpop_phl_2020_1km
LTFRB_PUJ1349,,rancisco Homes - Novaliches (TP) via Quirino Hi-way,"Francisco Homes Elementary School, Un-named Road, City of San Jose del Monte - Dumalay, Quezon City",724821,15.48,stop_sequence_approx,67,1.0,17.0,1020.0,1.0,gtfs_frequencies_typical_weekday,15789.6,479222.5,78.533,10.073,1.537,0.0,0.442,True,False,56.0,C,ordered-stop planning approximation,True,DERIVED,3,historic_only,uncertain,,,historic_gtfs_baseline,sakay_gtfs_master_historic,No current route validation supplied.,,,False,,historic_only,novaliches-tp__rancisco-homes,4.328165374677003,234.54545454545453,0,15789.6,DERIVED,sakay_gtfs_master_historic|worldpop_phl_2020_1km
LTFRB_PUJ1350,,Francisco Homes - Philcoa,"San Jose Water District, Un-named Road, City of San Jose del Monte - Kalayaan Ave / Elliptical Rd Intersection, Quezon City, Manila",726037,27.369,stop_sequence_approx,109,1.0,17.0,1020.0,1.0,gtfs_frequencies_typical_weekday,27916.38,834726.9,71.865,17.808,1.537,0.0,0.524,True,False,56.0,C,ordered-stop planning approximation,True,DERIVED,3,historic_only,uncertain,,,historic_gtfs_baseline,sakay_gtfs_master_historic,No current route validation supplied.,,,False,,historic_only,francisco-homes__philcoa,3.982608060214111,253.41666666666666,0,27916.38,DERIVED,sakay_gtfs_master_historic|worldpop_phl_2020_1km
LTFRB_PUJ1351,,Francisco Homes - Philcoa,"Kalayaan Ave / Elliptical Rd Intersection, Quezon City, Manila - San Jose Water District, Un-named Road, City of San Jose del Monte",725292,25.146,stop_sequence_approx,102,1.0,17.0,1020.0,1.0,gtfs_frequencies_typical_weekday,25648.92,777966.5,71.571,17.808,1.412,0.0,0.48,True,False,56.0,C,ordered-stop planning approximation,True,DERIVED,3,historic_only,uncertain,,,historic_gtfs_baseline,sakay_gtfs_master_historic,No current route validation supplied.,,,False,,historic_only,francisco-homes__philcoa,4.056311142925316,248.97029702970298,0,25648.92,DERIVED,sakay_gtfs_master_historic|worldpop_phl_2020_1km
LTFRB_PUJ1352,,Francisco Homes - Cubao,"General Romulo Ave / Aurora Blvd Intersection, Quezon City, Manila - Most Scared Heart of Jesus Parish, Un-named Road, City of San Jose del Monte",725405,28.319,stop_sequence_approx,114,1.0,17.0,1020.0,1.0,gtfs_frequencies_typical_weekday,28885.38,944551.1,76.585,20.472,1.383,0.0,0.48,True,False,56.0,C,ordered-stop planning approximation,True,DERIVED,3,historic_only,uncertain,,,historic_gtfs_baseline,sakay_gtfs_master_historic,No current route validation supplied.,,,False,,historic_only,cubao__francisco-homes,4.025565874501218,250.61061946902655,0,28885.38,DERIVED,sakay_gtfs_master_historic|worldpop_phl_2020_1km
LTFRB_PUJ1353,,Francisco Homes - Cubao,"Most Scared Heart of Jesus Parish, Un-named Road, City of San Jose del Monte - General Romulo Ave / Aurora Blvd Intersection, Quezon City, Manila",725348,30.966,stop_sequence_approx,124,1.0,17.0,1020.0,1.0,gtfs_frequencies_typical_weekday,31585.32,1040091.8,77.421,20.472,1.513,0.0,0.524,True,False,56.0,C,ordered-stop planning approximation,True,DERIVED,3,historic_only,uncertain,,,historic_gtfs_baseline,sakay_gtfs_master_historic,No current route validation supplied.,,,False,,historic_only,cubao__francisco-homes,4.004391913711813,251.7560975609756,0,31585.32,DERIVED,sakay_gtfs_master_historic|worldpop_phl_2020_1km
LTFRB_PUJ1354,,Frisco - Pier South via Sta. Cruz,"25th St / Antonio C. Delgado Intersection, Manila - Del Monte Avenue / Roosevelt Avenue Intersection, Quezon City",725521,9.669,stop_sequence_approx,42,1.0,17.0,1020.0,2.0,gtfs_frequencies_typical_weekday,9862.38,522668.8,88.482,7.763,1.245,0.0,0.499,True,False,56.0,C,ordered-stop planning approximation,True,DERIVED,0,historic_only,uncertain,,,historic_gtfs_baseline,sakay_gtfs_master_historic,No current route validation supplied.,,,False,,historic_only,frisco__pier-south,4.343779087806391,235.82926829268294,0,9862.38,DERIVED,sakay_gtfs_master_historic|worldpop_phl_2020_1km
LTFRB_PUJ1355,,Frisco - Pier South via Sta. Cruz,"Del Monte Avenue / Roosevelt Avenue Intersection, Quezon City - 25th St / Antonio C. Delgado Intersection, Manila",724813,11.357,stop_sequence_approx,49,1.0,17.0,1020.0,1.0,gtfs_frequencies_typical_weekday,11584.14,547028.6,88.995,7.763,1.463,0.0,0.499,True,False,56.0,C,ordered-stop planning approximation,True,DERIVED,0,historic_only,uncertain,,,historic_gtfs_baseline,sakay_gtfs_master_historic,No current route validation supplied.,,,False,,historic_only,frisco__pier-south,4.3145196794928244,236.60416666666666,0,11584.14,DERIVED,sakay_gtfs_master_historic|worldpop_phl_2020_1km
LTFRB_PUJ1356,,"Gasak - Recto via Dagat-dagatan, C-3","Quezon Blvd, Manila - Don Bastilio Bautista Boulevard / Gov. W. Pascual Avenue, Malabon City",725463,11.458,stop_sequence_approx,53,1.0,17.0,1020.0,1.0,gtfs_frequencies_typical_weekday,11687.16,956092.8,100.0,8.595,1.333,0.0,0.586,True,False,56.0,C,ordered-stop planning approximation,True,DERIVED,2,historic_only,uncertain,,,historic_gtfs_baseline,sakay_gtfs_master_historic,No current route validation supplied.,,,False,,historic_only,gasak__recto,4.625589108046779,220.34615384615384,0,11687.16,DERIVED,sakay_gtfs_master_historic|worldpop_phl_2020_1km
LTFRB_PUJ1357,,"Gasak - Recto via Dagat-dagatan, C-3","Don Bastilio Bautista Boulevard / Gov. W. Pascual Avenue, Malabon City - Quezon Blvd, Manila",726040,11.496,stop_sequence_approx,52,1.0,17.0,1020.0,1.0,gtfs_frequencies_typical_weekday,11725.92,956092.8,100.0,8.595,1.338,0.0,0.586,True,False,56.0,C,ordered-stop planning approximation,True,DERIVED,2,historic_only,uncertain,,,historic_gtfs_baseline,sakay_gtfs_master_historic,No current route validation supplied.,,,False,,historic_only,gasak__recto,4.523312456506611,225.41176470588235,0,11725.92,DERIVED,sakay_gtfs_master_historic|worldpop_phl_2020_1km
LTFRB_PUJ1358,,Guadalupe Mkt. - L. Guinto via Pasig Line,"Angel Linao / Pedro Gil - Tejeron, Makati City, Manila",726078,2.871,stop_sequence_approx,8,1.0,17.0,1020.0,1.0,gtfs_frequencies_typical_weekday,2928.42,250885.1,96.33,2.076,1.383,0.0,0.635,True,False,44.0,D,ordered-stop planning approximation | few representative stops,True,DERIVED,0,historic_only,uncertain,,,historic_gtfs_baseline,sakay_gtfs_master_historic,No current route validation supplied.,,,False,,historic_only,guadalupe-mkt__l-guinto,2.7864855451062347,410.14285714285717,0,2928.42,DERIVED,sakay_gtfs_master_historic|worldpop_phl_2020_1km
LTFRB_PUJ1359,,Guadalupe Mkt. - L. Guinto via Pasig Line,"Tejeron, Makati City, Manila - Angel Linao / Pedro Gil",724715,10.908,stop_sequence_approx,35,1.0,17.0,1020.0,1.0,gtfs_frequencies_typical_weekday,11126.16,469930.9,91.226,2.076,5.254,0.4,0.578,True,True,27.0,D,ordered-stop planning approximation | extreme detour ratio | duplicate coordinates | self-intersection detected,True,DERIVED,0,historic_only,uncertain,,,historic_gtfs_baseline,sakay_gtfs_master_historic,No current route validation supplied.,,,False,,historic_only,guadalupe-mkt__l-guinto,3.2086541987532087,320.8235294117647,0,11126.16,DERIVED,sakay_gtfs_master_historic|worldpop_phl_2020_1km
LTFRB_PUJ1360,,Guadalupe Mkt. - L. Guinto via P. Gil,"Leon Guinto Sr. / Pedro Gil Intersection, Manila - Epifanio de los Santos Avenue, Makati City, Manila",725385,10.342,stop_sequence_approx,39,1.0,17.0,1020.0,1.0,gtfs_frequencies_typical_weekday,10548.84,467890.0,88.907,6.234,1.659,0.0,0.611,True,False,56.0,C,ordered-stop planning approximation,True,DERIVED,0,historic_only,uncertain,,,historic_gtfs_baseline,sakay_gtfs_master_historic,No current route validation supplied.,,,False,,historic_only,guadalupe-mkt__l-guinto,3.7710307484045638,272.1578947368421,0,10548.84,DERIVED,sakay_gtfs_master_historic|worldpop_phl_2020_1km
LTFRB_PUJ1361,,Guadalupe Mkt. - L. Guinto via P. Gil,"Epifanio de los Santos Avenue, Makati City, Manila - Leon Guinto Sr. / Pedro Gil Intersection, Manila",724987,7.408,stop_sequence_approx,25,1.0,17.0,1020.0,1.0,gtfs_frequencies_typical_weekday,7556.160000000001,536884.5,92.32,6.234,1.188,0.0,0.611,True,False,56.0,C,ordered-stop planning approximation,True,DERIVED,1,historic_only,uncertain,,,historic_gtfs_baseline,sakay_gtfs_master_historic,No current route validation supplied.,,,False,,historic_only,guadalupe-mkt__l-guinto,3.374730021598272,308.6666666666667,0,7556.160000000001,DERIVED,sakay_gtfs_master_historic|worldpop_phl_2020_1km
LTFRB_PUJ1362,,"Guadalupe (ABC) - Brgy. Buting, East Rembo via Kalayaan Ave.","Sgt. Fabian Yabut Circle / P.Burgos Intersection, Makati City, Manila - F. Flores / M. Concepcion Ave Intersection, Pateros, Manila",724868,3.635,stop_sequence_approx,17,1.0,17.0,1020.0,2.0,gtfs_frequencies_typical_weekday,3707.7,181336.6,96.889,2.887,1.259,0.0,0.369,True,False,56.0,C,ordered-stop planning approximation,True,DERIVED,0,historic_only,uncertain,,,historic_gtfs_baseline,sakay_gtfs_master_historic,No current route validation supplied.,,,False,,historic_only,brgy-buting-east-rembo__guadalupe-abc,4.676753782668501,227.1875,0,3707.7,DERIVED,sakay_gtfs_master_historic|worldpop_phl_2020_1km
LTFRB_PUJ1363,,"Guadalupe (ABC) - Brgy. Buting, East Rembo via Kalayaan Ave.","F. Flores / M. Concepcion Ave Intersection, Pateros, Manila - Sgt. Fabian Yabut Circle / P.Burgos Intersection, Makati City, Manila",725954,3.611,stop_sequence_approx,16,1.0,17.0,1020.0,1.0,gtfs_frequencies_typical_weekday,3683.22,181336.6,96.889,2.887,1.251,0.0,0.425,True,False,56.0,C,ordered-stop planning approximation,True,DERIVED,0,historic_only,uncertain,,,historic_gtfs_baseline,sakay_gtfs_master_historic,No current route validation supplied.,,,False,,historic_only,brgy-buting-east-rembo__guadalupe-abc,4.430905566325118,240.73333333333332,0,3683.22,DERIVED,sakay_gtfs_master_historic|worldpop_phl_2020_1km
LTFRB_PUJ1364,,Gumaok (SJDM) - Novaliches TP,"Dumalay, Quezon City - Sta. Maria - Tungkong Mangga Rd, City of San Jose del Monte",724777,14.891,stop_sequence_approx,63,1.0,17.0,1020.0,1.0,gtfs_frequencies_typical_weekday,15188.82,494716.8,76.073,8.161,1.825,0.0,0.442,True,False,56.0,C,ordered-stop planning approximation,True,DERIVED,1,historic_only,uncertain,,,historic_gtfs_baseline,sakay_gtfs_master_historic,No current route validation supplied.,,,False,,historic_only,gumaok-sjdm__novaliches-tp,4.230743402054933,240.17741935483872,0,15188.82,DERIVED,sakay_gtfs_master_historic|worldpop_phl_2020_1km
LTFRB_PUJ1365,,Gumaok (SJDM) - Novaliches TP,"Sta. Maria - Tungkong Mangga Rd, City of San Jose del Monte - Dumalay, Quezon City",725434,13.983,stop_sequence_approx,61,1.0,17.0,1020.0,1.0,gtfs_frequencies_typical_weekday,14262.66,473122.2,79.546,8.161,1.713,0.0,0.442,True,False,56.0,C,ordered-stop planning approximation,True,DERIVED,1,historic_only,uncertain,,,historic_gtfs_baseline,sakay_gtfs_master_historic,No current route validation supplied.,,,False,,historic_only,gumaok-sjdm__novaliches-tp,4.362440105842809,233.05,0,14262.66,DERIVED,sakay_gtfs_master_historic|worldpop_phl_2020_1km
LTFRB_PUJ1366,,Guadalupe (ABC) - Pateros,"B. Morcilla St, Pateros, Manila - Epifanio de los Santos Avenue, Makati City, Manila",725396,4.4,stop_sequence_approx,25,1.0,17.0,1020.0,1.0,gtfs_frequencies_typical_weekday,4488.0,293044.0,95.236,3.316,1.327,0.0,0.248,True,False,56.0,C,ordered-stop planning approximation,True,DERIVED,0,historic_only,uncertain,,,historic_gtfs_baseline,sakay_gtfs_master_historic,No current route validation supplied.,,,False,,historic_only,guadalupe-abc__pateros,5.681818181818182,183.33333333333334,0,4488.0,DERIVED,sakay_gtfs_master_historic|worldpop_phl_2020_1km
LTFRB_PUJ1367,,Guadalupe (ABC) - Pateros,"Epifanio de los Santos Avenue, Makati City, Manila - B. Morcilla St, Pateros, Manila",724922,5.384,stop_sequence_approx,29,1.0,17.0,1020.0,1.0,gtfs_frequencies_typical_weekday,5491.68,298685.2,93.438,3.316,1.624,0.0,0.35,True,False,56.0,C,ordered-stop planning approximation,True,DERIVED,0,historic_only,uncertain,,,historic_gtfs_baseline,sakay_gtfs_master_historic,No current route validation supplied.,,,False,,historic_only,guadalupe-abc__pateros,5.38632986627043,192.28571428571428,0,5491.68,DERIVED,sakay_gtfs_master_historic|worldpop_phl_2020_1km
LTFRB_PUJ1368,,Guadalupe (ABC) - Taguig via Tipas,"Artemio Natividad Elementary School, M. Almeda, Taguig City, Manila - Epifanio de los Santos Avenue, Makati City, Manila",724709,5.291,stop_sequence_approx,31,1.0,17.0,1020.0,1.0,gtfs_frequencies_typical_weekday,5396.820000000001,364223.8,96.167,4.043,1.309,0.0,0.248,True,False,56.0,C,ordered-stop planning approximation,True,DERIVED,0,historic_only,uncertain,,,historic_gtfs_baseline,sakay_gtfs_master_historic,No current route validation supplied.,,,False,,historic_only,guadalupe-abc__taguig,5.859005859005858,176.36666666666667,0,5396.820000000001,DERIVED,sakay_gtfs_master_historic|worldpop_phl_2020_1km
LTFRB_PUJ1369,,Guadalupe (ABC) - Taguig via Tipas,"Epifanio de los Santos Avenue, Makati City, Manila - Artemio Natividad Elementary School, M. Almeda, Taguig City, Manila",724875,5.404,stop_sequence_approx,32,1.0,17.0,1020.0,1.0,gtfs_frequencies_typical_weekday,5512.08,364223.8,96.167,4.043,1.337,0.0,0.242,True,False,56.0,C,ordered-stop planning approximation,True,DERIVED,0,historic_only,uncertain,,,historic_gtfs_baseline,sakay_gtfs_master_historic,No current route validation supplied.,,,False,,historic_only,guadalupe-abc__taguig,5.921539600296077,174.32258064516128,0,5512.08,DERIVED,sakay_gtfs_master_historic|worldpop_phl_2020_1km
LTFRB_PUJ1370,,Guadalupe (ABC) - FTI via J.P. Rizal Extension,"DBP Ave, Taguig City, Manila, Manila - Dr Jose P. Rizal Extension, Makati City, Manila",724640,11.894,stop_sequence_approx,38,1.0,17.0,1020.0,1.0,gtfs_frequencies_typical_weekday,12131.88,601083.6,90.761,6.728,1.768,0.0,0.539,True,False,56.0,C,ordered-stop planning approximation,True,DERIVED,0,historic_only,uncertain,,,historic_gtfs_baseline,sakay_gtfs_master_historic,No current route validation supplied.,,,False,,historic_only,fti__guadalupe-abc,3.1948881789137378,321.4594594594595,0,12131.88,DERIVED,sakay_gtfs_master_historic|worldpop_phl_2020_1km
LTFRB_PUJ1371,,Guadalupe (ABC) - FTI via J.P. Rizal Extension,"Dr Jose P. Rizal Extension, Makati City, Manila - DBP Ave, Taguig City, Manila, Manila",725342,11.438,stop_sequence_approx,38,1.0,17.0,1020.0,1.0,gtfs_frequencies_typical_weekday,11666.76,583640.6,90.485,6.728,1.7,0.0,0.539,True,False,56.0,C,ordered-stop planning approximation,True,DERIVED,2,historic_only,uncertain,,,historic_gtfs_baseline,sakay_gtfs_master_historic,No current route validation supplied.,,,False,,historic_only,fti__guadalupe-abc,3.3222591362126246,309.13513513513516,0,11666.76,DERIVED,sakay_gtfs_master_historic|worldpop_phl_2020_1km
LTFRB_PUJ1372,,AFP/PNP Housing (Taguig) - Guadalupe (ABC) via Bayani Road,"Libingan ng mga Bayani, Bayani Road, Taguig City, Manila - Epifanio de los Santos Avenue, Makati City, Manila",725230,7.317,stop_sequence_approx,33,1.0,17.0,1020.0,1.0,gtfs_frequencies_typical_weekday,7463.34,128817.0,73.536,4.847,1.509,0.0,0.35,True,False,56.0,C,ordered-stop planning approximation,True,DERIVED,0,historic_only,uncertain,,,historic_gtfs_baseline,sakay_gtfs_master_historic,No current route validation supplied.,,,False,,historic_only,afp-pnp-housing-taguig__guadalupe-abc,4.510045100451005,228.65625,0,7463.34,DERIVED,sakay_gtfs_master_historic|worldpop_phl_2020_1km
LTFRB_PUJ1373,,AFP/PNP Housing (Taguig) - Guadalupe (ABC) via Bayani Road,"Epifanio de los Santos Avenue, Makati City, Manila - Libingan ng mga Bayani, Bayani Road, Taguig City, Manila",724634,7.016,stop_sequence_approx,33,1.0,17.0,1020.0,1.0,gtfs_frequencies_typical_weekday,7156.32,128817.0,73.536,4.847,1.447,0.0,0.342,True,False,56.0,C,ordered-stop planning approximation,True,DERIVED,0,historic_only,uncertain,,,historic_gtfs_baseline,sakay_gtfs_master_historic,No current route validation supplied.,,,False,,historic_only,afp-pnp-housing-taguig__guadalupe-abc,4.703534777651083,219.25,0,7156.32,DERIVED,sakay_gtfs_master_historic|worldpop_phl_2020_1km
LTFRB_PUJ1374,,Heritage Homes - Monumento via NLEX,"Lapu-lapu / Samson Road Intersection, Malabon City - Metrogate Market, Un named Road, Marilao",725556,20.074,stop_sequence_approx,89,1.0,17.0,1020.0,1.0,gtfs_frequencies_typical_weekday,20475.480000000003,687002.3,64.237,13.651,1.471,0.0,0.553,True,False,56.0,C,ordered-stop planning approximation,True,DERIVED,2,historic_only,uncertain,,,historic_gtfs_baseline,sakay_gtfs_master_historic,No current route validation supplied.,,,False,,historic_only,heritage-homes__monumento,4.433595695925077,228.11363636363637,0,20475.480000000003,DERIVED,sakay_gtfs_master_historic|worldpop_phl_2020_1km
LTFRB_PUJ1375,,Heritage Homes - Monumento via NLEX,"Metrogate Market, Un named Road, Marilao - Lapu-lapu / Samson Road Intersection, Malabon City",725081,19.998,stop_sequence_approx,88,1.0,17.0,1020.0,1.0,gtfs_frequencies_typical_weekday,20397.960000000003,687002.3,64.237,13.651,1.465,0.0,0.553,True,False,56.0,C,ordered-stop planning approximation,True,DERIVED,3,historic_only,uncertain,,,historic_gtfs_baseline,sakay_gtfs_master_historic,No current route validation supplied.,,,False,,historic_only,heritage-homes__monumento,4.4004400440044,229.86206896551724,0,20397.960000000003,DERIVED,sakay_gtfs_master_historic|worldpop_phl_2020_1km
LTFRB_PUJ1376,,IBF Road/Litex Road - Lupang Pangako (Payatas) via Gravel Pit Road,"Commonwealth Avenue / IBP Road Intersection, Quezon City - Payatas Road, Quezon City",725768,4.293,stop_sequence_approx,18,1.0,17.0,1020.0,1.0,gtfs_frequencies_typical_weekday,4378.860000000001,275420.9,95.375,3.368,1.275,0.0,0.448,True,False,56.0,C,ordered-stop planning approximation,True,DERIVED,0,historic_only,uncertain,,,historic_gtfs_baseline,sakay_gtfs_master_historic,No current route validation supplied.,,,False,,historic_only,ibf-road-litex-road__lupang-pangako-payatas,4.1928721174004195,252.52941176470588,0,4378.860000000001,DERIVED,sakay_gtfs_master_historic|worldpop_phl_2020_1km
LTFRB_PUJ1377,,IBF Road/Litex Road - Lupang Pangako (Payatas) via Gravel Pit Road,"Payatas Road, Quezon City - Commonwealth Avenue / IBP Road Intersection, Quezon City",726032,4.293,stop_sequence_approx,18,1.0,17.0,1020.0,1.0,gtfs_frequencies_typical_weekday,4378.860000000001,275420.9,95.375,3.368,1.275,0.0,0.448,True,False,56.0,C,ordered-stop planning approximation,True,DERIVED,0,historic_only,uncertain,,,historic_gtfs_baseline,sakay_gtfs_master_historic,No current route validation supplied.,,,False,,historic_only,ibf-road-litex-road__lupang-pangako-payatas,4.1928721174004195,252.52941176470588,0,4378.860000000001,DERIVED,sakay_gtfs_master_historic|worldpop_phl_2020_1km
LTFRB_PUJ1378,,"Jordan Plains - Philcoa via Marcos Ave., Welcome Rotonda","Kalayaan Ave / Elliptical Rd Intersection, Quezon City, Manila - Jordon Subd, Quezon City",726124,13.495,stop_sequence_approx,47,1.0,17.0,1020.0,1.0,gtfs_frequencies_typical_weekday,13764.9,539167.2,74.705,8.321,1.622,0.0,0.557,True,False,56.0,C,ordered-stop planning approximation,True,DERIVED,0,historic_only,uncertain,,,historic_gtfs_baseline,sakay_gtfs_master_historic,No current route validation supplied.,,,False,,historic_only,jordan-plains__philcoa,3.482771396813635,293.3695652173913,0,13764.9,DERIVED,sakay_gtfs_master_historic|worldpop_phl_2020_1km
LTFRB_PUJ1379,,"Jordan Plains - Philcoa via Marcos Ave., Welcome Rotonda","Jordon Subd, Quezon City - Kalayaan Ave / Elliptical Rd Intersection, Quezon City, Manila",726084,14.338,stop_sequence_approx,51,1.0,17.0,1020.0,1.0,gtfs_frequencies_typical_weekday,14624.759999999998,539167.2,74.705,8.321,1.723,0.0,0.557,True,False,56.0,C,ordered-stop planning approximation,True,DERIVED,0,historic_only,uncertain,,,historic_gtfs_baseline,sakay_gtfs_master_historic,No current route validation supplied.,,,False,,historic_only,jordan-plains__philcoa,3.5569814479006836,286.76,0,14624.759999999998,DERIVED,sakay_gtfs_master_historic|worldpop_phl_2020_1km
LTFRB_PUJ1380,,Kabihasnan Road - Sucat/SSH,"Dr A. Santos Ave, Parañaque City, Manila - Quirino Ave, Parañaque City, Manila",725977,8.18,stop_sequence_approx,26,1.0,17.0,1020.0,1.0,gtfs_frequencies_typical_weekday,8343.6,291075.4,58.892,7.512,1.089,0.0,0.471,True,False,56.0,C,ordered-stop planning approximation,True,DERIVED,1,historic_only,uncertain,,,historic_gtfs_baseline,sakay_gtfs_master_historic,No current route validation supplied.,,,False,,historic_only,kabihasnan-road__sucat-ssh,3.1784841075794623,327.2,0,8343.6,DERIVED,sakay_gtfs_master_historic|worldpop_phl_2020_1km
LTFRB_PUJ1381,,Kabihasnan Road - Sucat/SSH,"Quirino Ave, Parañaque City, Manila - Dr A. Santos Ave, Parañaque City, Manila",724906,8.18,stop_sequence_approx,26,1.0,17.0,1020.0,1.0,gtfs_frequencies_typical_weekday,8343.6,291075.4,58.892,7.512,1.089,0.0,0.471,True,False,56.0,C,ordered-stop planning approximation,True,DERIVED,1,historic_only,uncertain,,,historic_gtfs_baseline,sakay_gtfs_master_historic,No current route validation supplied.,,,False,,historic_only,kabihasnan-road__sucat-ssh,3.1784841075794623,327.2,0,8343.6,DERIVED,sakay_gtfs_master_historic|worldpop_phl_2020_1km
LTFRB_PUJ1382,,"Kamuning - Vito Cruz via E. Rodriguez, Mabini","HP Village Square, Pablo Ocampo Sr., Manila - Kamuning Rd / Scout Rallos Extension Intersection, Quezon City, Manila",726146,12.798,stop_sequence_approx,43,1.0,17.0,1020.0,1.0,gtfs_frequencies_typical_weekday,13053.96,636762.1,87.769,9.77,1.31,0.0,0.482,True,False,56.0,C,ordered-stop planning approximation,True,DERIVED,0,historic_only,uncertain,,,historic_gtfs_baseline,sakay_gtfs_master_historic,No current route validation supplied.,,,False,,historic_only,kamuning__vito-cruz,3.359899984372558,304.7142857142857,0,13053.96,DERIVED,sakay_gtfs_master_historic|worldpop_phl_2020_1km
LTFRB_PUJ1383,,"Kamuning - Vito Cruz via E. Rodriguez, Mabini","Kamuning Rd / Scout Rallos Extension Intersection, Quezon City, Manila - HP Village Square, Pablo Ocampo Sr., Manila",725599,13.899,stop_sequence_approx,47,1.0,17.0,1020.0,1.0,gtfs_frequencies_typical_weekday,14176.98,675946.7,88.478,9.77,1.423,0.0,0.44,True,False,56.0,C,ordered-stop planning approximation,True,DERIVED,0,historic_only,uncertain,,,historic_gtfs_baseline,sakay_gtfs_master_historic,No current route validation supplied.,,,False,,historic_only,kamuning__vito-cruz,3.381538240161163,302.1521739130435,0,14176.98,DERIVED,sakay_gtfs_master_historic|worldpop_phl_2020_1km
LTFRB_PUJ1384,,Kayamanan C - PRC via P. Tamo,"Sabio St / Chino Roces Ave Intersection, Makati City, Manila - A. Reyes Ave / J.P. Rizal Ave Intersection, Makati City, Manila",725995,3.398,stop_sequence_approx,10,1.0,17.0,1020.0,1.0,gtfs_frequencies_typical_weekday,3465.96,123769.5,69.244,3.067,1.108,0.0,0.575,True,False,44.0,D,ordered-stop planning approximation | few representative stops,True,DERIVED,0,historic_only,uncertain,,,historic_gtfs_baseline,sakay_gtfs_master_historic,No current route validation supplied.,,,False,,historic_only,kayamanan-c__prc,2.942907592701589,377.55555555555554,0,3465.96,DERIVED,sakay_gtfs_master_historic|worldpop_phl_2020_1km
LTFRB_PUJ1385,,Kayamanan C - PRC via P. Tamo,"A. Reyes Ave / J.P. Rizal Ave Intersection, Makati City, Manila - Sabio St / Chino Roces Ave Intersection, Makati City, Manila",725211,3.466,stop_sequence_approx,10,1.0,17.0,1020.0,1.0,gtfs_frequencies_typical_weekday,3535.32,123769.5,69.244,3.067,1.13,0.0,0.719,True,False,44.0,D,ordered-stop planning approximation | few representative stops,True,DERIVED,0,historic_only,uncertain,,,historic_gtfs_baseline,sakay_gtfs_master_historic,No current route validation supplied.,,,False,,historic_only,kayamanan-c__prc,2.8851702250432774,385.1111111111111,0,3535.32,DERIVED,sakay_gtfs_master_historic|worldpop_phl_2020_1km
LTFRB_PUJ1386,,L. Guinto - Pandacan,"Josefa Llanes Escoda / Felipe Agoncillo Intersection, Manila - Lorenzo Dela Paz, Manila",725522,3.754,stop_sequence_approx,14,1.0,17.0,1020.0,1.0,gtfs_frequencies_typical_weekday,3829.08,333450.2,94.824,2.965,1.266,0.0,0.402,True,False,56.0,C,ordered-stop planning approximation,True,DERIVED,0,historic_only,uncertain,,,historic_gtfs_baseline,sakay_gtfs_master_historic,No current route validation supplied.,,,False,,historic_only,l-guinto__pandacan,3.7293553542887588,288.7692307692308,0,3829.08,DERIVED,sakay_gtfs_master_historic|worldpop_phl_2020_1km
LTFRB_PUJ1387,,L. Guinto - Pandacan,"Lorenzo Dela Paz, Manila - Josefa Llanes Escoda / Felipe Agoncillo Intersection, Manila",724951,3.665,stop_sequence_approx,13,1.0,17.0,1020.0,2.0,gtfs_frequencies_typical_weekday,3738.3,333450.2,94.824,2.965,1.236,0.0,0.402,True,False,56.0,C,ordered-stop planning approximation,True,DERIVED,0,historic_only,uncertain,,,historic_gtfs_baseline,sakay_gtfs_master_historic,No current route validation supplied.,,,False,,historic_only,l-guinto__pandacan,3.5470668485675305,305.4166666666667,0,3738.3,DERIVED,sakay_gtfs_master_historic|worldpop_phl_2020_1km
LTFRB_PUJ1388,,Padre Faura - Sta Ana,"Marcelo H. del Pilar / Salas Intersection, Manila - New Panaderos / Castañeda Intersection, Manila",725652,4.545,stop_sequence_approx,13,1.0,17.0,1020.0,1.0,gtfs_frequencies_typical_weekday,4635.9,354304.2,91.93,4.431,1.026,0.0,0.616,True,False,56.0,C,ordered-stop planning approximation,True,DERIVED,0,historic_only,uncertain,,,historic_gtfs_baseline,sakay_gtfs_master_historic,No current route validation supplied.,,,False,,historic_only,padre-faura__sta-ana,2.8602860286028604,378.75,0,4635.9,DERIVED,sakay_gtfs_master_historic|worldpop_phl_2020_1km
LTFRB_PUJ1389,,Padre Faura - Sta Ana,"New Panaderos / Castañeda Intersection, Manila - Marcelo H. del Pilar / Salas Intersection, Manila",725937,5.48,stop_sequence_approx,17,1.0,17.0,1020.0,1.0,gtfs_frequencies_typical_weekday,5589.6,402838.3,90.903,4.431,1.237,0.0,0.616,True,False,56.0,C,ordered-stop planning approximation,True,DERIVED,1,historic_only,uncertain,,,historic_gtfs_baseline,sakay_gtfs_master_historic,No current route validation supplied.,,,False,,historic_only,padre-faura__sta-ana,3.1021897810218975,342.5,0,5589.6,DERIVED,sakay_gtfs_master_historic|worldpop_phl_2020_1km
LTFRB_PUJ1390,,L. Guinto - Zobel Roxas via Paco,"Caton / Zobel Roxas Ave Intersection, Manila - Taft Avenue / Pablo Ocampo Sreet, Avenue, Manila",726232,1.605,stop_sequence_approx,7,1.0,17.0,1020.0,1.0,gtfs_frequencies_typical_weekday,1637.1,145935.0,100.0,1.272,1.262,0.0,0.354,True,False,44.0,D,ordered-stop planning approximation | few representative stops,True,DERIVED,0,historic_only,uncertain,,,historic_gtfs_baseline,sakay_gtfs_master_historic,No current route validation supplied.,,,False,,historic_only,l-guinto__zobel-roxas,4.361370716510904,267.5,0,1637.1,DERIVED,sakay_gtfs_master_historic|worldpop_phl_2020_1km
LTFRB_PUJ1391,,L. Guinto - Zobel Roxas via Paco,"Taft Avenue / Pablo Ocampo Sreet, Avenue, Manila - Caton / Zobel Roxas Ave Intersection, Manila",724990,1.431,stop_sequence_approx,4,1.0,17.0,1020.0,1.0,gtfs_frequencies_typical_weekday,1459.62,106750.3,100.0,1.272,1.125,0.0,0.772,True,False,44.0,D,ordered-stop planning approximation | few representative stops,True,DERIVED,0,historic_only,uncertain,,,historic_gtfs_baseline,sakay_gtfs_master_historic,No current route validation supplied.,,,False,,historic_only,l-guinto__zobel-roxas,2.795248078266946,477.0,0,1459.62,DERIVED,sakay_gtfs_master_historic|worldpop_phl_2020_1km
LTFRB_PUJ1392,,Lagro - Novaliches,"Dumalay, Quezon City - Lagro Dulo Park, Ascencion Avenue, Quezon City",724831,7.008,stop_sequence_approx,31,1.0,17.0,1020.0,1.0,gtfs_frequencies_typical_weekday,7148.16,251810.7,75.294,2.809,2.495,0.0,0.442,True,False,56.0,C,ordered-stop planning approximation,True,DERIVED,1,historic_only,uncertain,,,historic_gtfs_baseline,sakay_gtfs_master_historic,No current route validation supplied.,,,False,,historic_only,lagro__novaliches,4.42351598173516,233.6,0,7148.16,DERIVED,sakay_gtfs_master_historic|worldpop_phl_2020_1km
LTFRB_PUJ1393,,Lagro - Novaliches,"Lagro Dulo Park, Ascencion Avenue, Quezon City - Dumalay, Quezon City",725959,6.1,stop_sequence_approx,29,1.0,17.0,1020.0,1.0,gtfs_frequencies_typical_weekday,6222.0,238134.7,79.619,2.809,2.172,0.0,0.442,True,False,56.0,C,ordered-stop planning approximation,True,DERIVED,1,historic_only,uncertain,,,historic_gtfs_baseline,sakay_gtfs_master_historic,No current route validation supplied.,,,False,,historic_only,lagro__novaliches,4.754098360655738,217.85714285714286,0,6222.0,DERIVED,sakay_gtfs_master_historic|worldpop_phl_2020_1km
LTFRB_PUJ1394,,Lagro - Panay Ave. via Quezon Ave.,"Quezon Avenue, Quezon City - Quirino Highway / St James Intersection, Calcoocan City",726231,17.647,stop_sequence_approx,70,1.0,17.0,1020.0,1.0,gtfs_frequencies_typical_weekday,17999.94,607630.5,69.062,12.214,1.445,0.0,0.55,True,False,56.0,C,ordered-stop planning approximation,True,DERIVED,0,historic_only,uncertain,,,historic_gtfs_baseline,sakay_gtfs_master_historic,No current route validation supplied.,,,False,,historic_only,lagro__panay-ave,3.9666798889329633,255.7536231884058,0,17999.94,DERIVED,sakay_gtfs_master_historic|worldpop_phl_2020_1km
LTFRB_PUJ1395,,Lagro - Panay Ave. via Quezon Ave.,"Quirino Highway / St James Intersection, Calcoocan City - Quezon Avenue, Quezon City",724989,17.693,stop_sequence_approx,72,1.0,17.0,1020.0,1.0,gtfs_frequencies_typical_weekday,18046.86,607630.5,69.062,12.214,1.449,0.0,0.48,True,False,56.0,C,ordered-stop planning approximation,True,DERIVED,0,historic_only,uncertain,,,historic_gtfs_baseline,sakay_gtfs_master_historic,No current route validation supplied.,,,False,,historic_only,lagro__panay-ave,4.0694059797660085,249.19718309859155,0,18046.86,DERIVED,sakay_gtfs_master_historic|worldpop_phl_2020_1km
LTFRB_PUJ1396,,Lagro - Welcome Rotonda via Quezon Ave.,"Apo / Quezon Avenue Intersection, Quezon City - Quirino Highway / St James Intersection, Calcoocan City",725549,20.363,stop_sequence_approx,83,1.0,17.0,1020.0,1.0,gtfs_frequencies_typical_weekday,20770.26,734342.1,72.763,14.669,1.388,0.0,0.55,True,False,56.0,C,ordered-stop planning approximation,True,DERIVED,1,historic_only,uncertain,,,historic_gtfs_baseline,sakay_gtfs_master_historic,No current route validation supplied.,,,False,,historic_only,lagro__welcome-rotonda,4.076020232775131,248.32926829268294,0,20770.26,DERIVED,sakay_gtfs_master_historic|worldpop_phl_2020_1km
LTFRB_PUJ1397,,Lagro - Welcome Rotonda via Quezon Ave.,"Quirino Highway / St James Intersection, Calcoocan City - Apo / Quezon Avenue Intersection, Quezon City",724711,20.746,stop_sequence_approx,86,1.0,17.0,1020.0,1.0,gtfs_frequencies_typical_weekday,21160.92,806815.7,75.21,14.669,1.414,0.0,0.48,True,False,56.0,C,ordered-stop planning approximation,True,DERIVED,1,historic_only,uncertain,,,historic_gtfs_baseline,sakay_gtfs_master_historic,No current route validation supplied.,,,False,,historic_only,lagro__welcome-rotonda,4.145377422153668,244.0705882352941,0,21160.92,DERIVED,sakay_gtfs_master_historic|worldpop_phl_2020_1km
LTFRB_PUJ1398,,"Quirino Hi-way/Zabarte - Almar Subdivision -  Panay Ave. via Regalado, Que*","Quezon Avenue / Epifanio de los Santos Avenue Intersection, Quezon City - St Claire College of Caloocan, Zabarte Road, Caloocan City",724955,19.286,stop_sequence_approx,78,1.0,17.0,1020.0,1.0,gtfs_frequencies_typical_weekday,19671.72,683145.7,77.147,12.36,1.56,0.0,0.55,True,False,56.0,C,ordered-stop planning approximation,True,DERIVED,2,historic_only,uncertain,,,historic_gtfs_baseline,sakay_gtfs_master_historic,No current route validation supplied.,,,False,,historic_only,almar-subdivision__panay-ave__quirino-hi__way-zabarte,4.044384527636628,250.46753246753246,0,19671.72,DERIVED,sakay_gtfs_master_historic|worldpop_phl_2020_1km
LTFRB_PUJ1399,,"Quirino Hi-way/Zabarte - Almar Subdivision -  Panay Ave. via Regalado, Que*","St Claire College of Caloocan, Zabarte Road, Caloocan City - Quezon Avenue / Epifanio de los Santos Avenue Intersection, Quezon City",725962,19.477,stop_sequence_approx,80,1.0,17.0,1020.0,1.0,gtfs_frequencies_typical_weekday,19866.54,696821.7,75.633,12.36,1.576,0.0,0.48,True,False,56.0,C,ordered-stop planning approximation,True,DERIVED,0,historic_only,uncertain,,,historic_gtfs_baseline,sakay_gtfs_master_historic,No current route validation supplied.,,,False,,historic_only,almar-subdivision__panay-ave__quirino-hi__way-zabarte,4.107408738512091,246.54430379746836,0,19866.54,DERIVED,sakay_gtfs_master_historic|worldpop_phl_2020_1km
LTFRB_PUJ1400,,Bagong Silang - Ever Gotesco extended to Philcoa,"Kalayaan Ave / Elliptical Rd Intersection, Quezon City, Manila - Old Zabarte / Langit Road Intersection, Caloocan City",726229,19.346,stop_sequence_approx,79,1.0,17.0,1020.0,1.0,gtfs_frequencies_typical_weekday,19732.92,796346.3,81.673,14.2,1.362,0.0,0.48,True,False,56.0,C,ordered-stop planning approximation,True,DERIVED,1,historic_only,uncertain,,,historic_gtfs_baseline,sakay_gtfs_master_historic,No current route validation supplied.,,,False,,historic_only,bagong-silang__ever-gotesco-extended-to-philcoa,4.083531479375582,248.02564102564102,0,19732.92,DERIVED,sakay_gtfs_master_historic|worldpop_phl_2020_1km
LTFRB_PUJ1401,,Bagong Silang - Ever Gotesco extended to Philcoa,"Old Zabarte / Langit Road Intersection, Caloocan City - Kalayaan Ave / Elliptical Rd Intersection, Quezon City, Manila",726174,21.039,stop_sequence_approx,84,1.0,17.0,1020.0,1.0,gtfs_frequencies_typical_weekday,21459.78,825009.7,80.652,14.2,1.482,0.0,0.524,True,False,56.0,C,ordered-stop planning approximation,True,DERIVED,1,historic_only,uncertain,,,historic_gtfs_baseline,sakay_gtfs_master_historic,No current route validation supplied.,,,False,,historic_only,bagong-silang__ever-gotesco-extended-to-philcoa,3.992585198916298,253.48192771084337,0,21459.78,DERIVED,sakay_gtfs_master_historic|worldpop_phl_2020_1km
LTFRB_PUJ1402,,Bagong Silang - Ever Gotesco extended to Philcoa,"Philippine Coconut Authority, Commonwealth Avenue, Quezon City - Sto. Nino Parish, Old Zabarte, Caloocan City",724735,18.545,stop_sequence_approx,76,1.0,17.0,1020.0,2.0,gtfs_frequencies_typical_weekday,18915.9,754248.4,83.753,13.471,1.377,0.0,0.48,True,False,56.0,C,ordered-stop planning approximation,True,DERIVED,1,historic_only,uncertain,,,historic_gtfs_baseline,sakay_gtfs_master_historic,No current route validation supplied.,,,False,,historic_only,bagong-silang__ever-gotesco-extended-to-philcoa,4.098139660285791,247.26666666666668,0,18915.9,DERIVED,sakay_gtfs_master_historic|worldpop_phl_2020_1km
LTFRB_PUJ1405,,"Bagong Silang - Philcoa via Commonwealth Ave., Maligaya Park","Sto. Nino Parish, Old Zabarte, Caloocan City - Philippine Coconut Authority, Commonwealth Avenue, Quezon City",724701,22.635,stop_sequence_approx,91,1.0,17.0,1020.0,2.0,gtfs_frequencies_typical_weekday,23087.7,973483.7,86.007,13.471,1.68,0.011,0.48,True,True,48.0,D,ordered-stop planning approximation | self-intersection detected,True,DERIVED,1,historic_only,uncertain,,,historic_gtfs_baseline,sakay_gtfs_master_historic,No current route validation supplied.,,,False,,historic_only,bagong-silang__philcoa,4.020322509388116,251.5,0,23087.7,DERIVED,sakay_gtfs_master_historic|worldpop_phl_2020_1km
LTFRB_PUJ1406,,Lagro - SM Fairview Loop,"Bristol Street / Bronson Street Intersection, Quezon City - Quirino Highway, Quezon City",725103,2.329,stop_sequence_approx,12,1.0,17.0,1020.0,1.0,gtfs_frequencies_typical_weekday,2375.5800000000004,96534.7,66.62,1.713,1.36,0.0,0.431,True,False,56.0,C,ordered-stop planning approximation,True,DERIVED,0,historic_only,uncertain,,,historic_gtfs_baseline,sakay_gtfs_master_historic,No current route validation supplied.,,,False,,historic_only,lagro__sm-fairview,5.1524259338772005,211.72727272727272,0,2375.5800000000004,DERIVED,sakay_gtfs_master_historic|worldpop_phl_2020_1km
LTFRB_PUJ1407,,Lagro - SM Fairview Loop,"Quirino Highway, Quezon City - Bristol Street / Bronson Street Intersection, Quezon City",725400,2.329,stop_sequence_approx,12,1.0,17.0,1020.0,1.0,gtfs_frequencies_typical_weekday,2375.5800000000004,96534.7,66.62,1.713,1.36,0.0,0.431,True,False,56.0,C,ordered-stop planning approximation,True,DERIVED,0,historic_only,uncertain,,,historic_gtfs_baseline,sakay_gtfs_master_historic,No current route validation supplied.,,,False,,historic_only,lagro__sm-fairview,5.1524259338772005,211.72727272727272,0,2375.5800000000004,DERIVED,sakay_gtfs_master_historic|worldpop_phl_2020_1km
LTFRB_PUJ1408,,Lardizabal - Rizal Ave. via M. dela Fuente,"Lardizabal, Manila - Camarines, Manila",726056,2.571,stop_sequence_approx,8,1.0,17.0,1020.0,1.0,gtfs_frequencies_typical_weekday,2622.42,338561.3,100.0,2.479,1.037,0.0,0.471,True,False,44.0,D,ordered-stop planning approximation | few representative stops,True,DERIVED,0,historic_only,uncertain,,,historic_gtfs_baseline,sakay_gtfs_master_historic,No current route validation supplied.,,,False,,historic_only,lardizabal__rizal-ave,3.111629716063788,367.2857142857143,0,2622.42,DERIVED,sakay_gtfs_master_historic|worldpop_phl_2020_1km
LTFRB_PUJ1409,,Lardizabal - Rizal Ave. via M. dela Fuente,"Camarines, Manila - Lardizabal, Manila",725534,2.801,stop_sequence_approx,12,1.0,17.0,1020.0,1.0,gtfs_frequencies_typical_weekday,2857.02,338561.3,100.0,2.479,1.13,0.0,0.44,True,False,56.0,C,ordered-stop planning approximation,True,DERIVED,0,historic_only,uncertain,,,historic_gtfs_baseline,sakay_gtfs_master_historic,No current route validation supplied.,,,False,,historic_only,lardizabal__rizal-ave,4.284184219921457,254.63636363636363,0,2857.02,DERIVED,sakay_gtfs_master_historic|worldpop_phl_2020_1km
LTFRB_PUJ1410,,Libertad - M. dela Cruz,"Antonio Arnaiz Ave / P.Zamora Intersection, Manila - M. dela Cruz St, Lungsod ng Pasay, Manila",725728,1.202,stop_sequence_approx,5,1.0,17.0,1020.0,1.0,gtfs_frequencies_typical_weekday,1226.04,236261.9,100.0,0.916,1.312,0.0,0.552,True,False,44.0,D,ordered-stop planning approximation | few representative stops,True,DERIVED,0,historic_only,uncertain,,,historic_gtfs_baseline,sakay_gtfs_master_historic,No current route validation supplied.,,,False,,historic_only,libertad__m-dela-cruz,4.159733777038269,300.5,0,1226.04,DERIVED,sakay_gtfs_master_historic|worldpop_phl_2020_1km
LTFRB_PUJ1411,,Libertad - M. dela Cruz,"M. dela Cruz St, Lungsod ng Pasay, Manila - Antonio Arnaiz Ave / P.Zamora Intersection, Manila",725745,1.245,stop_sequence_approx,6,1.0,17.0,1020.0,1.0,gtfs_frequencies_typical_weekday,1269.9,256536.0,100.0,0.916,1.359,0.0,0.338,True,False,44.0,D,ordered-stop planning approximation | few representative stops,True,DERIVED,0,historic_only,uncertain,,,historic_gtfs_baseline,sakay_gtfs_master_historic,No current route validation supplied.,,,False,,historic_only,libertad__m-dela-cruz,4.8192771084337345,249.0,0,1269.9,DERIVED,sakay_gtfs_master_historic|worldpop_phl_2020_1km
LTFRB_PUJ1412,,Libertad - Malibay,"Jose Diokno Blvd, Lungsod ng Pasay - Epifanio de los Santos Avenue / Skyway , Lungsod ng Makati, Manila",725033,4.958,stop_sequence_approx,17,1.0,17.0,1020.0,1.0,gtfs_frequencies_typical_weekday,5057.16,171041.1,79.474,3.575,1.387,0.1176,0.543,True,True,42.0,D,ordered-stop planning approximation | duplicate coordinates | self-intersection detected,True,DERIVED,0,historic_only,uncertain,,,historic_gtfs_baseline,sakay_gtfs_master_historic,No current route validation supplied.,,,False,,historic_only,libertad__malibay,3.4288019362646227,309.875,0,5057.16,DERIVED,sakay_gtfs_master_historic|worldpop_phl_2020_1km
LTFRB_PUJ1413,,Libertad - Malibay,"Epifanio de los Santos Avenue / Skyway , Lungsod ng Makati, Manila - Jose Diokno Blvd, Lungsod ng Pasay",725608,3.68,stop_sequence_approx,11,1.0,17.0,1020.0,1.0,gtfs_frequencies_typical_weekday,3753.6,133664.8,83.62,3.575,1.029,0.0,0.543,True,False,44.0,D,ordered-stop planning approximation | few representative stops,True,DERIVED,0,historic_only,uncertain,,,historic_gtfs_baseline,sakay_gtfs_master_historic,No current route validation supplied.,,,False,,historic_only,libertad__malibay,2.9891304347826084,368.0,0,3753.6,DERIVED,sakay_gtfs_master_historic|worldpop_phl_2020_1km
LTFRB_PUJ1414,,Libertad - Pasay Rd.,"Antonio Arnaiz Ave / P.Zamora Intersection, Manila - South Dr / A. Arnaiz Ave Intersection, Makati City, Manila",726328,5.048,stop_sequence_approx,19,1.0,17.0,1020.0,1.0,gtfs_frequencies_typical_weekday,5148.96,217698.0,92.907,2.697,1.872,0.0526,0.454,True,True,48.0,D,ordered-stop planning approximation | self-intersection detected,True,DERIVED,0,historic_only,uncertain,,,historic_gtfs_baseline,sakay_gtfs_master_historic,No current route validation supplied.,,,False,,historic_only,libertad__pasay-rd,3.763866877971474,280.44444444444446,0,5148.96,DERIVED,sakay_gtfs_master_historic|worldpop_phl_2020_1km
LTFRB_PUJ1415,,Libertad - Pasay Rd.,"South Dr / A. Arnaiz Ave Intersection, Makati City, Manila - Antonio Arnaiz Ave / P.Zamora Intersection, Manila",724629,3.291,stop_sequence_approx,13,1.0,17.0,1020.0,1.0,gtfs_frequencies_typical_weekday,3356.82,178731.4,92.818,2.697,1.22,0.0,0.454,True,False,56.0,C,ordered-stop planning approximation,True,DERIVED,0,historic_only,uncertain,,,historic_gtfs_baseline,sakay_gtfs_master_historic,No current route validation supplied.,,,False,,historic_only,libertad__pasay-rd,3.950167122455181,274.25,0,3356.82,DERIVED,sakay_gtfs_master_historic|worldpop_phl_2020_1km
LTFRB_PUJ1416,,"Libertad - Retiro via Mabini, Sta. Cruz","Senator Gil Puyat Ave, Lungsod ng Pasay, Manila - N. S. Amoranto Sr. Avenue / Biak an Bato Intersection, Quezon City",726247,11.658,stop_sequence_approx,44,1.0,17.0,1020.0,1.0,gtfs_frequencies_typical_weekday,11891.16,543459.9,86.412,9.044,1.289,0.0,0.506,True,False,56.0,C,ordered-stop planning approximation,True,DERIVED,0,historic_only,uncertain,,,historic_gtfs_baseline,sakay_gtfs_master_historic,No current route validation supplied.,,,False,,historic_only,libertad__retiro,3.774232286841654,271.1162790697674,0,11891.16,DERIVED,sakay_gtfs_master_historic|worldpop_phl_2020_1km
LTFRB_PUJ1417,,"Libertad - Retiro via Mabini, Sta. Cruz","N. S. Amoranto Sr. Avenue / Biak an Bato Intersection, Quezon City - Senator Gil Puyat Ave, Lungsod ng Pasay, Manila",724817,11.613,stop_sequence_approx,42,1.0,17.0,1020.0,1.0,gtfs_frequencies_typical_weekday,11845.26,543459.9,86.412,9.044,1.284,0.0,0.548,True,False,56.0,C,ordered-stop planning approximation,True,DERIVED,1,historic_only,uncertain,,,historic_gtfs_baseline,sakay_gtfs_master_historic,No current route validation supplied.,,,False,,historic_only,libertad__retiro,3.616636528028933,283.2439024390244,0,11845.26,DERIVED,sakay_gtfs_master_historic|worldpop_phl_2020_1km
LTFRB_PUJ1418,,Malabon - Monumento via Letre,"Lapu-lapu / Samson Road Intersection, Malabon City - Rizal Avenue / Leono Street Intersection, Malabon City",725187,3.981,stop_sequence_approx,20,1.0,17.0,1020.0,1.0,gtfs_frequencies_typical_weekday,4060.62,460252.9,97.693,3.233,1.231,0.0,0.342,True,False,56.0,C,ordered-stop planning approximation,True,DERIVED,2,historic_only,uncertain,,,historic_gtfs_baseline,sakay_gtfs_master_historic,No current route validation supplied.,,,False,,historic_only,malabon__monumento,5.023863350916855,209.52631578947367,0,4060.62,DERIVED,sakay_gtfs_master_historic|worldpop_phl_2020_1km
LTFRB_PUJ1419,,Malabon - Monumento via Letre,"Rizal Avenue / Leono Street Intersection, Malabon City - Lapu-lapu / Samson Road Intersection, Malabon City",726063,3.543,stop_sequence_approx,16,1.0,17.0,1020.0,1.0,gtfs_frequencies_typical_weekday,3613.86,388316.3,97.265,3.233,1.096,0.0,0.342,True,False,56.0,C,ordered-stop planning approximation,True,DERIVED,2,historic_only,uncertain,,,historic_gtfs_baseline,sakay_gtfs_master_historic,No current route validation supplied.,,,False,,historic_only,malabon__monumento,4.515946937623482,236.2,0,3613.86,DERIVED,sakay_gtfs_master_historic|worldpop_phl_2020_1km
LTFRB_PUJ1420,,Malabon (TP) - Navotas (TP),"Tangos Elementary School, M. Naval, City of Navotas - General Luma Street, Malabon City",726317,5.192,stop_sequence_approx,26,1.0,17.0,1020.0,1.0,gtfs_frequencies_typical_weekday,5295.84,277466.2,91.234,1.083,4.795,0.0,0.377,True,False,41.0,D,ordered-stop planning approximation | extreme detour ratio,True,DERIVED,2,historic_only,uncertain,,,historic_gtfs_baseline,sakay_gtfs_master_historic,No current route validation supplied.,,,False,,historic_only,malabon-tp__navotas-tp,5.007704160246533,207.68,0,5295.84,DERIVED,sakay_gtfs_master_historic|worldpop_phl_2020_1km
LTFRB_PUJ1421,,Malabon (TP) - Navotas (TP),"General Luma Street, Malabon City - Tangos Elementary School, M. Naval, City of Navotas",724747,6.36,stop_sequence_approx,31,1.0,17.0,1020.0,1.0,gtfs_frequencies_typical_weekday,6487.200000000001,267333.6,94.692,1.083,5.874,0.0,0.349,True,False,41.0,D,ordered-stop planning approximation | extreme detour ratio,True,DERIVED,3,historic_only,uncertain,,,historic_gtfs_baseline,sakay_gtfs_master_historic,No current route validation supplied.,,,False,,historic_only,malabon-tp__navotas-tp,4.8742138364779874,212.0,0,6487.200000000001,DERIVED,sakay_gtfs_master_historic|worldpop_phl_2020_1km
LTFRB_PUJ1422,,Malabon (TP) - Obando,"Malabon Elementary School, N Naval, Malabon City - Paliwas Road / Pedro B Jacinto Street Intersection, Obando",725667,8.413,stop_sequence_approx,33,1.0,17.0,1020.0,1.0,gtfs_frequencies_typical_weekday,8581.26,161326.3,49.837,7.348,1.145,0.0,0.377,True,False,56.0,C,ordered-stop planning approximation,True,DERIVED,1,historic_only,uncertain,,,historic_gtfs_baseline,sakay_gtfs_master_historic,No current route validation supplied.,,,False,,historic_only,malabon-tp__obando,3.9225008914774753,262.90625,0,8581.26,DERIVED,sakay_gtfs_master_historic|worldpop_phl_2020_1km
LTFRB_PUJ1423,,Malabon (TP) - Obando,"Paliwas Road / Pedro B Jacinto Street Intersection, Obando - Malabon Elementary School, N Naval, Malabon City",726051,8.496,stop_sequence_approx,34,1.0,17.0,1020.0,1.0,gtfs_frequencies_typical_weekday,8665.92,212908.7,61.99,7.348,1.156,0.0,0.377,True,True,48.0,D,ordered-stop planning approximation | self-intersection detected,True,DERIVED,2,historic_only,uncertain,,,historic_gtfs_baseline,sakay_gtfs_master_historic,No current route validation supplied.,,,False,,historic_only,malabon-tp__obando,4.001883239171375,257.45454545454544,0,8665.92,DERIVED,sakay_gtfs_master_historic|worldpop_phl_2020_1km
LTFRB_PUJ1424,,Malanday - Bulacan,"A. Fernando Elementary School, M H Del Pilar, Malanday, Valenzuela City - F. Balagtas, Obando",725913,6.26,stop_sequence_approx,25,1.0,17.0,1020.0,1.0,gtfs_frequencies_typical_weekday,6385.2,120011.1,44.398,4.276,1.464,0.0,0.368,True,False,56.0,C,ordered-stop planning approximation,True,DERIVED,3,historic_only,uncertain,,,historic_gtfs_baseline,sakay_gtfs_master_historic,No current route validation supplied.,,,False,,historic_only,bulacan__malanday,3.9936102236421727,260.8333333333333,0,6385.2,DERIVED,sakay_gtfs_master_historic|worldpop_phl_2020_1km
LTFRB_PUJ1425,,Malanday - Bulacan,"F. Balagtas, Obando - A. Fernando Elementary School, M H Del Pilar, Malanday, Valenzuela City",724877,6.26,stop_sequence_approx,25,1.0,17.0,1020.0,1.0,gtfs_frequencies_typical_weekday,6385.2,120011.1,44.398,4.276,1.464,0.0,0.368,True,False,56.0,C,ordered-stop planning approximation,True,DERIVED,3,historic_only,uncertain,,,historic_gtfs_baseline,sakay_gtfs_master_historic,No current route validation supplied.,,,False,,historic_only,bulacan__malanday,3.9936102236421727,260.8333333333333,0,6385.2,DERIVED,sakay_gtfs_master_historic|worldpop_phl_2020_1km
LTFRB_PUJ1426,,"Malanday - Recto via F. Huertas, Oroquieta","LRT Doroteo Jose-Recto Station Walkway / Rizal Avenue Intersection, Manila - MacArthur Highway / Woodlands Drive Intersection, Valenzuela City, Philippines",725266,14.475,stop_sequence_approx,69,1.0,17.0,1020.0,1.0,gtfs_frequencies_typical_weekday,14764.5,735965.2,83.422,13.029,1.111,0.0,0.499,True,False,56.0,C,ordered-stop planning approximation,True,DERIVED,8,historic_only,uncertain,,,historic_gtfs_baseline,sakay_gtfs_master_historic,No current route validation supplied.,,,False,,historic_only,malanday__recto,4.766839378238342,212.86764705882354,0,14764.5,DERIVED,sakay_gtfs_master_historic|worldpop_phl_2020_1km
LTFRB_PUJ1427,,"Malanday - Recto via F. Huertas, Oroquieta","MacArthur Highway / Woodlands Drive Intersection, Valenzuela City, Philippines - LRT Doroteo Jose-Recto Station Walkway / Rizal Avenue Intersection, Manila",725192,14.98,stop_sequence_approx,70,1.0,17.0,1020.0,1.0,gtfs_frequencies_typical_weekday,15279.6,735965.2,83.422,13.029,1.15,0.0,0.728,True,False,56.0,C,ordered-stop planning approximation,True,DERIVED,9,historic_only,uncertain,,,historic_gtfs_baseline,sakay_gtfs_master_historic,No current route validation supplied.,,,False,,historic_only,malanday__recto,4.672897196261682,217.1014492753623,0,15279.6,DERIVED,sakay_gtfs_master_historic|worldpop_phl_2020_1km
LTFRB_PUJ1428,,"Malanday - Pier South via Rizal Ave., P. Burgos","Antonio C. Delgado / 13th St Intersection, Manila - ET Pacific, MacArthur Highway, City of Meycauayan",726367,18.526,stop_sequence_approx,84,1.0,17.0,1020.0,1.0,gtfs_frequencies_typical_weekday,18896.52,824546.2,80.642,14.991,1.236,0.0,0.499,True,False,56.0,C,ordered-stop planning approximation,True,DERIVED,8,historic_only,uncertain,,,historic_gtfs_baseline,sakay_gtfs_master_historic,No current route validation supplied.,,,False,,historic_only,malanday__pier-south,4.534168196048796,223.20481927710844,0,18896.52,DERIVED,sakay_gtfs_master_historic|worldpop_phl_2020_1km
LTFRB_PUJ1429,,"Malanday - Pier South via Rizal Ave., P. Burgos","ET Pacific, MacArthur Highway, City of Meycauayan - Antonio C. Delgado / 13th St Intersection, Manila",724931,17.39,stop_sequence_approx,81,1.0,17.0,1020.0,1.0,gtfs_frequencies_typical_weekday,17737.8,812086.2,81.879,14.991,1.16,0.0,0.499,True,False,56.0,C,ordered-stop planning approximation,True,DERIVED,8,historic_only,uncertain,,,historic_gtfs_baseline,sakay_gtfs_master_historic,No current route validation supplied.,,,False,,historic_only,malanday__pier-south,4.6578493387004025,217.375,0,17737.8,DERIVED,sakay_gtfs_master_historic|worldpop_phl_2020_1km
LTFRB_PUJ1430,,Malinta - Bocaue via McArthur Hi-way,"Flying V Gas, MacArthur Highway, Valenzuela City - MacArthur Highway Cemetary, MacArthur Highway, Marilao",724976,9.511,stop_sequence_approx,50,1.0,17.0,1020.0,2.0,gtfs_frequencies_typical_weekday,9701.22,210888.8,32.569,8.365,1.137,0.0,0.499,True,False,56.0,C,ordered-stop planning approximation,True,DERIVED,7,historic_only,uncertain,,,historic_gtfs_baseline,sakay_gtfs_master_historic,No current route validation supplied.,,,False,,historic_only,bocaue__malinta,5.257070760172432,194.10204081632654,0,9701.22,DERIVED,sakay_gtfs_master_historic|worldpop_phl_2020_1km
LTFRB_PUJ1431,,Malinta - Bocaue via McArthur Hi-way,"MacArthur Highway Cemetary, MacArthur Highway, Marilao - Flying V Gas, MacArthur Highway, Valenzuela City",725659,9.511,stop_sequence_approx,50,1.0,17.0,1020.0,2.0,gtfs_frequencies_typical_weekday,9701.22,210888.8,32.569,8.365,1.137,0.0,0.499,True,False,56.0,C,ordered-stop planning approximation,True,DERIVED,7,historic_only,uncertain,,,historic_gtfs_baseline,sakay_gtfs_master_historic,No current route validation supplied.,,,False,,historic_only,bocaue__malinta,5.257070760172432,194.10204081632654,0,9701.22,DERIVED,sakay_gtfs_master_historic|worldpop_phl_2020_1km
LTFRB_PUJ1432,,Malinta - Meycauayan via McArthur,"Flying V Gas, MacArthur Highway, Valenzuela City - St Mary's College, MacArthur Highway, City of Meycauayan",725589,6.153,stop_sequence_approx,37,1.0,17.0,1020.0,1.0,gtfs_frequencies_typical_weekday,6276.06,169292.3,40.571,5.257,1.17,0.0,0.499,True,False,56.0,C,ordered-stop planning approximation,True,DERIVED,4,historic_only,uncertain,,,historic_gtfs_baseline,sakay_gtfs_master_historic,No current route validation supplied.,,,False,,historic_only,malinta__meycauayan,6.013326832439461,170.91666666666666,0,6276.06,DERIVED,sakay_gtfs_master_historic|worldpop_phl_2020_1km
LTFRB_PUJ1433,,Malinta - Monumento via McArthur Hi-way,"Bonifacio Market, MacArthur Highway, Caloocan City - Parish Church or Isidro Labarador, MacArthur Highway, Malinta, Valenzuela City",725776,5.364,stop_sequence_approx,24,1.0,17.0,1020.0,1.0,gtfs_frequencies_typical_weekday,5471.28,269975.3,74.116,4.724,1.135,0.0,0.413,True,False,56.0,C,ordered-stop planning approximation,True,DERIVED,3,historic_only,uncertain,,,historic_gtfs_baseline,sakay_gtfs_master_historic,No current route validation supplied.,,,False,,historic_only,malinta__monumento,4.47427293064877,233.2173913043478,0,5471.28,DERIVED,sakay_gtfs_master_historic|worldpop_phl_2020_1km
LTFRB_PUJ1434,,Malinta - Novaliches (TP),"MacArthur Highway / Maysan Road Intersection, Malinta, Valenzuela City - General Luis / Emerald Intersection, Caloocan City",724624,8.845,stop_sequence_approx,44,1.0,17.0,1020.0,1.0,gtfs_frequencies_typical_weekday,9021.9,274973.7,37.589,8.396,1.053,0.0,0.354,True,False,56.0,C,ordered-stop planning approximation,True,DERIVED,0,historic_only,uncertain,,,historic_gtfs_baseline,sakay_gtfs_master_historic,No current route validation supplied.,,,False,,historic_only,malinta__novaliches-tp,4.9745618993781795,205.69767441860466,0,9021.9,DERIVED,sakay_gtfs_master_historic|worldpop_phl_2020_1km
LTFRB_PUJ1435,,Malinta - Novaliches (TP),"General Luis / Emerald Intersection, Caloocan City - MacArthur Highway / Maysan Road Intersection, Malinta, Valenzuela City",725296,8.845,stop_sequence_approx,44,1.0,17.0,1020.0,1.0,gtfs_frequencies_typical_weekday,9021.9,274973.7,37.589,8.396,1.053,0.0,0.354,True,False,56.0,C,ordered-stop planning approximation,True,DERIVED,0,historic_only,uncertain,,,historic_gtfs_baseline,sakay_gtfs_master_historic,No current route validation supplied.,,,False,,historic_only,malinta__novaliches-tp,4.9745618993781795,205.69767441860466,0,9021.9,DERIVED,sakay_gtfs_master_historic|worldpop_phl_2020_1km
LTFRB_PUJ1436,,Malinta - Sta. Maria via McArthur Hi-way,"Flying V Gas, MacArthur Highway, Valenzuela City - Santa Maria Municipal Hall, JC De Jesus Street, Santa Maria",724792,17.946,stop_sequence_approx,78,1.0,17.0,1020.0,2.0,gtfs_frequencies_typical_weekday,18304.92,280481.7,24.488,14.03,1.279,0.0,0.52,True,False,56.0,C,ordered-stop planning approximation,True,DERIVED,9,historic_only,uncertain,,,historic_gtfs_baseline,sakay_gtfs_master_historic,No current route validation supplied.,,,False,,historic_only,malinta__sta-maria,4.346372450685389,233.06493506493507,0,18304.92,DERIVED,sakay_gtfs_master_historic|worldpop_phl_2020_1km
LTFRB_PUJ1437,,Malinta - Sta. Maria via McArthur Hi-way,"Santa Maria Municipal Hall, JC De Jesus Street, Santa Maria - Flying V Gas, MacArthur Highway, Valenzuela City",725804,17.998,stop_sequence_approx,77,1.0,17.0,1020.0,1.0,gtfs_frequencies_typical_weekday,18357.960000000003,272250.1,25.228,14.03,1.283,0.0,0.52,True,False,56.0,C,ordered-stop planning approximation,True,DERIVED,9,historic_only,uncertain,,,historic_gtfs_baseline,sakay_gtfs_master_historic,No current route validation supplied.,,,False,,historic_only,malinta__sta-maria,4.278253139237693,236.81578947368422,0,18357.960000000003,DERIVED,sakay_gtfs_master_historic|worldpop_phl_2020_1km
LTFRB_PUJ1438,,Malinta Exit - McArthur Highway via T. Santiago,"MacArthur Highway / Maysan Road Intersection, Malinta, Valenzuela City - Bagabaguin Road, Caloocan City",724910,3.605,stop_sequence_approx,20,1.0,17.0,1020.0,1.0,gtfs_frequencies_typical_weekday,3677.1,163591.4,28.716,3.531,1.021,0.0,0.354,True,False,56.0,C,ordered-stop planning approximation,True,DERIVED,0,historic_only,uncertain,,,historic_gtfs_baseline,sakay_gtfs_master_historic,No current route validation supplied.,,,False,,historic_only,malinta-exit__mcarthur-highway,5.547850208044383,189.73684210526315,0,3677.1,DERIVED,sakay_gtfs_master_historic|worldpop_phl_2020_1km
LTFRB_PUJ1439,,Malinta Exit - McArthur Highway via T. Santiago,"Bagabaguin Road, Caloocan City - MacArthur Highway / Maysan Road Intersection, Malinta, Valenzuela City",725918,3.605,stop_sequence_approx,20,1.0,17.0,1020.0,1.0,gtfs_frequencies_typical_weekday,3677.1,163591.4,28.716,3.531,1.021,0.0,0.354,True,False,56.0,C,ordered-stop planning approximation,True,DERIVED,0,historic_only,uncertain,,,historic_gtfs_baseline,sakay_gtfs_master_historic,No current route validation supplied.,,,False,,historic_only,malinta-exit__mcarthur-highway,5.547850208044383,189.73684210526315,0,3677.1,DERIVED,sakay_gtfs_master_historic|worldpop_phl_2020_1km
LTFRB_PUJ1440,,Marcos Ave. - Quirino Hi-way via T. Sora,"Katipunan Ave, Quezon City, Manila - Tanding Sora Avenue, Quezon City",725920,7.931,stop_sequence_approx,34,1.0,17.0,1020.0,1.0,gtfs_frequencies_typical_weekday,8089.62,314834.6,77.937,6.329,1.253,0.0294,0.539,True,True,48.0,D,ordered-stop planning approximation | self-intersection detected,True,DERIVED,2,historic_only,uncertain,,,historic_gtfs_baseline,sakay_gtfs_master_historic,No current route validation supplied.,,,False,,historic_only,marcos-ave__quirino-hi__way,4.2869751607615685,240.33333333333334,0,8089.62,DERIVED,sakay_gtfs_master_historic|worldpop_phl_2020_1km
LTFRB_PUJ1441,,Marcos Ave. - Quirino Hi-way via T. Sora,"Tanding Sora Avenue, Quezon City - Katipunan Ave, Quezon City, Manila",726019,7.81,stop_sequence_approx,34,1.0,17.0,1020.0,1.0,gtfs_frequencies_typical_weekday,7966.2,336813.2,79.376,6.329,1.234,0.0294,0.539,True,True,48.0,D,ordered-stop planning approximation | self-intersection detected,True,DERIVED,2,historic_only,uncertain,,,historic_gtfs_baseline,sakay_gtfs_master_historic,No current route validation supplied.,,,False,,historic_only,marcos-ave__quirino-hi__way,4.353393085787452,236.66666666666666,0,7966.2,DERIVED,sakay_gtfs_master_historic|worldpop_phl_2020_1km
LTFRB_PUJ1442,,Rodriguez (Rizal) - Litex Market via Litex Rd.,"Commonwealth Avenue / IBP Road Intersection, Quezon City - Montalban Highway / D. Marcelo Street Intersection near Montalban Town Centre, Rodriguez",724774,9.294,stop_sequence_approx,43,1.0,17.0,1020.0,1.0,gtfs_frequencies_typical_weekday,9479.88,307362.2,85.463,6.608,1.406,0.0,0.448,True,False,56.0,C,ordered-stop planning approximation,True,DERIVED,0,historic_only,uncertain,,,historic_gtfs_baseline,sakay_gtfs_master_historic,No current route validation supplied.,,,False,,historic_only,litex-market__rodriguez-rizal,4.6266408435549815,221.28571428571428,0,9479.88,DERIVED,sakay_gtfs_master_historic|worldpop_phl_2020_1km
LTFRB_PUJ1443,,Rodriguez (Rizal) - Litex Market via Litex Rd.,"Montalban Highway / D. Marcelo Street Intersection near Montalban Town Centre, Rodriguez - Commonwealth Avenue / IBP Road Intersection, Quezon City",724905,9.294,stop_sequence_approx,43,1.0,17.0,1020.0,1.0,gtfs_frequencies_typical_weekday,9479.88,307362.2,85.463,6.608,1.406,0.0,0.448,True,False,56.0,C,ordered-stop planning approximation,True,DERIVED,0,historic_only,uncertain,,,historic_gtfs_baseline,sakay_gtfs_master_historic,No current route validation supplied.,,,False,,historic_only,litex-market__rodriguez-rizal,4.6266408435549815,221.28571428571428,0,9479.88,DERIVED,sakay_gtfs_master_historic|worldpop_phl_2020_1km
LTFRB_PUJ1444,,Pabahay ni Erap (Sub-urban) - Commonwealth Market,"Batasan Road / Commonwealth Avenue Intersection, Quezon City - Un- named Road, Rodriguez",725912,12.418,stop_sequence_approx,62,1.0,17.0,1020.0,1.0,gtfs_frequencies_typical_weekday,12666.36,452054.2,86.805,9.109,1.363,0.0,0.448,True,False,56.0,C,ordered-stop planning approximation,True,DERIVED,0,historic_only,uncertain,,,historic_gtfs_baseline,sakay_gtfs_master_historic,No current route validation supplied.,,,False,,historic_only,commonwealth-market__pabahay-ni-erap-sub__urban,4.992752456112096,203.5737704918033,0,12666.36,DERIVED,sakay_gtfs_master_historic|worldpop_phl_2020_1km
LTFRB_PUJ1445,,Pabahay ni Erap (Sub-urban) - Commonwealth Market,"Un- named Road, Rodriguez - Batasan Road / Commonwealth Avenue Intersection, Quezon City",724943,12.418,stop_sequence_approx,62,1.0,17.0,1020.0,1.0,gtfs_frequencies_typical_weekday,12666.36,452054.2,86.805,9.109,1.363,0.0,0.448,True,False,56.0,C,ordered-stop planning approximation,True,DERIVED,0,historic_only,uncertain,,,historic_gtfs_baseline,sakay_gtfs_master_historic,No current route validation supplied.,,,False,,historic_only,commonwealth-market__pabahay-ni-erap-sub__urban,4.992752456112096,203.5737704918033,0,12666.36,DERIVED,sakay_gtfs_master_historic|worldpop_phl_2020_1km
LTFRB_PUJ1446,,Marikina - Paenaan (Antipolo),"Shoe Ave, Marikina City, Manila - Marcos Hwy, Antipolo City, Manila",724896,14.358,stop_sequence_approx,61,1.0,17.0,1020.0,1.0,gtfs_frequencies_typical_weekday,14645.16,200695.6,7.546,9.796,1.466,0.0,0.555,True,True,48.0,D,ordered-stop planning approximation | self-intersection detected,True,DERIVED,0,historic_only,uncertain,,,historic_gtfs_baseline,sakay_gtfs_master_historic,No current route validation supplied.,,,False,,historic_only,marikina__paenaan-antipolo,4.248502576960579,239.3,0,14645.16,DERIVED,sakay_gtfs_master_historic|worldpop_phl_2020_1km
LTFRB_PUJ1447,,Marikina - Paenaan (Antipolo),"Marcos Hwy, Antipolo City, Manila - Shoe Ave, Marikina City, Manila",725175,12.482,stop_sequence_approx,55,1.0,17.0,1020.0,1.0,gtfs_frequencies_typical_weekday,12731.64,187727.8,8.067,9.796,1.274,0.0,0.44,True,False,56.0,C,ordered-stop planning approximation,True,DERIVED,0,historic_only,uncertain,,,historic_gtfs_baseline,sakay_gtfs_master_historic,No current route validation supplied.,,,False,,historic_only,marikina__paenaan-antipolo,4.406345136997277,231.14814814814815,0,12731.64,DERIVED,sakay_gtfs_master_historic|worldpop_phl_2020_1km
LTFRB_PUJ1448,,Marikina - Pasig,"Caruncho Ave / Market Ave Intersection, Pasig City, Manila - Shoe Ave / W Paz Intersection, Marikina City, Manila",726125,10.344,stop_sequence_approx,46,1.0,17.0,1020.0,2.0,gtfs_frequencies_typical_weekday,10550.88,570451.1,81.552,8.228,1.257,0.0,0.405,True,False,56.0,C,ordered-stop planning approximation,True,DERIVED,1,historic_only,uncertain,,,historic_gtfs_baseline,sakay_gtfs_master_historic,No current route validation supplied.,,,False,,historic_only,marikina__pasig,4.447022428460944,229.86666666666667,0,10550.88,DERIVED,sakay_gtfs_master_historic|worldpop_phl_2020_1km
LTFRB_PUJ1449,,Marikina - Pasig,"Shoe Ave / W Paz Intersection, Marikina City, Manila - Caruncho Ave / Market Ave Intersection, Pasig City, Manila",725205,11.55,stop_sequence_approx,50,1.0,17.0,1020.0,1.0,gtfs_frequencies_typical_weekday,11781.0,556284.9,78.558,8.228,1.404,0.06,0.64,True,True,48.0,D,ordered-stop planning approximation | self-intersection detected,True,DERIVED,1,historic_only,uncertain,,,historic_gtfs_baseline,sakay_gtfs_master_historic,No current route validation supplied.,,,False,,historic_only,marikina__pasig,4.329004329004329,235.71428571428572,0,11781.0,DERIVED,sakay_gtfs_master_historic|worldpop_phl_2020_1km
LTFRB_PUJ1450,,Marikina - Parang via Fortune,"Shoe Ave / W Paz Intersection, Marikina City, Manila - Fortune Tobacco Corporation, Marikina City, Manila",725760,6.202,stop_sequence_approx,26,1.0,17.0,1020.0,1.0,gtfs_frequencies_typical_weekday,6326.04,245329.0,63.87,4.685,1.324,0.0,0.345,True,False,56.0,C,ordered-stop planning approximation,True,DERIVED,0,historic_only,uncertain,,,historic_gtfs_baseline,sakay_gtfs_master_historic,No current route validation supplied.,,,False,,historic_only,marikina__parang,4.192196065785231,248.08,0,6326.04,DERIVED,sakay_gtfs_master_historic|worldpop_phl_2020_1km
LTFRB_PUJ1451,,Marikina - Parang via Fortune,"Fortune Tobacco Corporation, Marikina City, Manila - Shoe Ave / W Paz Intersection, Marikina City, Manila",726285,6.33,stop_sequence_approx,27,1.0,17.0,1020.0,1.0,gtfs_frequencies_typical_weekday,6456.6,245329.0,63.87,4.685,1.351,0.0,0.345,True,False,56.0,C,ordered-stop planning approximation,True,DERIVED,0,historic_only,uncertain,,,historic_gtfs_baseline,sakay_gtfs_master_historic,No current route validation supplied.,,,False,,historic_only,marikina__parang,4.265402843601896,243.46153846153845,0,6456.6,DERIVED,sakay_gtfs_master_historic|worldpop_phl_2020_1km
LTFRB_PUJ1453,,Marikina - Pateros via Pasig,"Shoe Ave, Marikina City, Manila - M. Almeda, Pateros, Manila",725882,11.611,stop_sequence_approx,50,1.0,17.0,1020.0,1.0,gtfs_frequencies_typical_weekday,11843.22,511069.4,76.661,9.598,1.21,0.02,0.338,True,True,48.0,D,ordered-stop planning approximation | self-intersection detected,True,DERIVED,0,historic_only,uncertain,,,historic_gtfs_baseline,sakay_gtfs_master_historic,No current route validation supplied.,,,False,,historic_only,marikina__pateros,4.306261303935923,236.9591836734694,0,11843.22,DERIVED,sakay_gtfs_master_historic|worldpop_phl_2020_1km
LTFRB_PUJ1454,,Marikina - Pinugay (Philcomsat),"J. Chanyungco St, Marikina City, Manila - Un-named road near Marcos Hwy, Antipolo City, Manila",724688,12.63,stop_sequence_approx,53,1.0,17.0,1020.0,1.0,gtfs_frequencies_typical_weekday,12882.6,194591.9,7.783,9.735,1.297,0.0189,0.44,True,True,48.0,D,ordered-stop planning approximation | self-intersection detected,True,DERIVED,0,historic_only,uncertain,,,historic_gtfs_baseline,sakay_gtfs_master_historic,No current route validation supplied.,,,False,,historic_only,marikina__pinugay-philcomsat,4.196357878068092,242.8846153846154,0,12882.6,DERIVED,sakay_gtfs_master_historic|worldpop_phl_2020_1km
LTFRB_PUJ1455,,Marikina - Pinugay (Philcomsat),"Un-named road near Marcos Hwy, Antipolo City, Manila - J. Chanyungco St, Marikina City, Manila",725593,11.397,stop_sequence_approx,50,1.0,17.0,1020.0,1.0,gtfs_frequencies_typical_weekday,11624.94,172908.6,8.758,9.531,1.196,0.0,0.44,True,False,56.0,C,ordered-stop planning approximation,True,DERIVED,0,historic_only,uncertain,,,historic_gtfs_baseline,sakay_gtfs_master_historic,No current route validation supplied.,,,False,,historic_only,marikina__pinugay-philcomsat,4.387119417390541,232.59183673469389,0,11624.94,DERIVED,sakay_gtfs_master_historic|worldpop_phl_2020_1km
LTFRB_PUJ1456,,Marikina - San Mateo,"Shoe Ave / W Paz Intersection, Marikina City, Manila - J. P. Rizal St / BMW Drive Intersection, San Mateo, Manila",725503,5.855,stop_sequence_approx,23,1.0,17.0,1020.0,1.0,gtfs_frequencies_typical_weekday,5972.1,236437.5,85.896,4.941,1.185,0.0,0.345,True,False,56.0,C,ordered-stop planning approximation,True,DERIVED,0,historic_only,uncertain,,,historic_gtfs_baseline,sakay_gtfs_master_historic,No current route validation supplied.,,,False,,historic_only,marikina__san-mateo,3.9282664389410757,266.1363636363636,0,5972.1,DERIVED,sakay_gtfs_master_historic|worldpop_phl_2020_1km
LTFRB_PUJ1457,,Marikina - San Mateo,"J. P. Rizal St / BMW Drive Intersection, San Mateo, Manila - Shoe Ave / W Paz Intersection, Marikina City, Manila",724693,5.842,stop_sequence_approx,24,1.0,17.0,1020.0,1.0,gtfs_frequencies_typical_weekday,5958.839999999999,236437.5,85.896,4.941,1.182,0.0,0.345,True,False,56.0,C,ordered-stop planning approximation,True,DERIVED,0,historic_only,uncertain,,,historic_gtfs_baseline,sakay_gtfs_master_historic,No current route validation supplied.,,,False,,historic_only,marikina__san-mateo,4.108182129407737,254.0,0,5958.839999999999,DERIVED,sakay_gtfs_master_historic|worldpop_phl_2020_1km
LTFRB_PUJ1458,,Marikina - SM Fairview,"Felix Ave, Cainta, Manila - Novastop, Quirino Highway, Caloocan City",725884,17.778,stop_sequence_approx,70,1.0,17.0,1020.0,1.0,gtfs_frequencies_typical_weekday,18133.56,722088.7,87.845,13.663,1.301,0.0,0.553,True,False,56.0,C,ordered-stop planning approximation,True,DERIVED,3,historic_only,uncertain,,,historic_gtfs_baseline,sakay_gtfs_master_historic,No current route validation supplied.,,,False,,historic_only,marikina__sm-fairview,3.937450781865227,257.6521739130435,0,18133.56,DERIVED,sakay_gtfs_master_historic|worldpop_phl_2020_1km
LTFRB_PUJ1459,,Marikina - SM Fairview,"Novastop, Quirino Highway, Caloocan City - Felix Ave, Cainta, Manila",724861,17.717,stop_sequence_approx,70,1.0,17.0,1020.0,1.0,gtfs_frequencies_typical_weekday,18071.34,735764.7,86.212,13.663,1.297,0.0,0.48,True,False,56.0,C,ordered-stop planning approximation,True,DERIVED,0,historic_only,uncertain,,,historic_gtfs_baseline,sakay_gtfs_master_historic,No current route validation supplied.,,,False,,historic_only,marikina__sm-fairview,3.9510075069142636,256.768115942029,0,18071.34,DERIVED,sakay_gtfs_master_historic|worldpop_phl_2020_1km
LTFRB_PUJ1460,,"MCU - Pasay Rotonda via Rizal Ave., Mabini","Cuneta Avenue, Lungsod ng Pasay, Manila - Epifanio de los Santos Avenue / 8th Street Intersection , Caloocan City",725483,14.78,stop_sequence_approx,57,1.0,17.0,1020.0,1.0,gtfs_frequencies_typical_weekday,15075.6,816688.5,91.403,13.406,1.102,0.0,0.482,True,False,56.0,C,ordered-stop planning approximation,True,DERIVED,2,historic_only,uncertain,,,historic_gtfs_baseline,sakay_gtfs_master_historic,No current route validation supplied.,,,False,,historic_only,mcu__pasay-rotonda,3.8565629228687417,263.92857142857144,0,15075.6,DERIVED,sakay_gtfs_master_historic|worldpop_phl_2020_1km
LTFRB_PUJ1462,,"MCU - Pasay Rotonda via Rizal Ave., Taft Ave.","Taft Avenue Extension / Epifanio de los Santos Avenue, Lungsod ng Pasay, Manila - Bonifacio Market, MacArthur Highway, Caloocan City",725038,14.413,stop_sequence_approx,54,1.0,17.0,1020.0,1.0,gtfs_frequencies_typical_weekday,14701.26,906308.9,93.183,13.466,1.07,0.0,0.583,True,False,56.0,C,ordered-stop planning approximation,True,DERIVED,3,historic_only,uncertain,,,historic_gtfs_baseline,sakay_gtfs_master_historic,No current route validation supplied.,,,False,,historic_only,mcu__pasay-rotonda,3.7466176368556163,271.9433962264151,0,14701.26,DERIVED,sakay_gtfs_master_historic|worldpop_phl_2020_1km
LTFRB_PUJ1463,,"MCU - Pasay Rotonda via Rizal Ave., Taft Ave.","Bonifacio Market, MacArthur Highway, Caloocan City - Taft Avenue Extension / Epifanio de los Santos Avenue, Lungsod ng Pasay, Manila",724834,14.223,stop_sequence_approx,55,1.0,17.0,1020.0,1.0,gtfs_frequencies_typical_weekday,14507.46,906308.9,93.183,13.466,1.056,0.0,0.583,True,False,56.0,C,ordered-stop planning approximation,True,DERIVED,4,historic_only,uncertain,,,historic_gtfs_baseline,sakay_gtfs_master_historic,No current route validation supplied.,,,False,,historic_only,mcu__pasay-rotonda,3.8669760247486464,263.3888888888889,0,14507.46,DERIVED,sakay_gtfs_master_historic|worldpop_phl_2020_1km
LTFRB_PUJ1464,,"MCU - Recto via F. Huertas, Oroquieta","Claro M. Recto Ave / Quezon Blvd Intersection, Manila - Epifanio de los Santos Avenue / General Rosendo Simon Intersection , Caloocan City",725508,6.741,stop_sequence_approx,32,1.0,17.0,1020.0,1.0,gtfs_frequencies_typical_weekday,6875.82,498318.5,97.869,5.987,1.126,0.0,0.586,True,False,56.0,C,ordered-stop planning approximation,True,DERIVED,3,historic_only,uncertain,,,historic_gtfs_baseline,sakay_gtfs_master_historic,No current route validation supplied.,,,False,,historic_only,mcu__recto,4.747070167630915,217.4516129032258,0,6875.82,DERIVED,sakay_gtfs_master_historic|worldpop_phl_2020_1km
LTFRB_PUJ1465,,"MCU - Recto via F. Huertas, Oroquieta","Epifanio de los Santos Avenue / General Rosendo Simon Intersection , Caloocan City - Claro M. Recto Ave / Quezon Blvd Intersection, Manila",725910,7.671,stop_sequence_approx,39,1.0,17.0,1020.0,1.0,gtfs_frequencies_typical_weekday,7824.42,566557.3,100.0,5.987,1.281,0.0,0.328,True,False,56.0,C,ordered-stop planning approximation,True,DERIVED,2,historic_only,uncertain,,,historic_gtfs_baseline,sakay_gtfs_master_historic,No current route validation supplied.,,,False,,historic_only,mcu__recto,5.084082909659758,201.8684210526316,0,7824.42,DERIVED,sakay_gtfs_master_historic|worldpop_phl_2020_1km
LTFRB_PUJ1466,,MCU - Sangandaan,"Epifanio de los Santos Avenue / General Rosendo Simon Intersection , Caloocan City - A. Mabini Avenue / Geronimo Intersection, Caloocan City",726349,1.77,stop_sequence_approx,9,1.0,17.0,1020.0,1.0,gtfs_frequencies_typical_weekday,1805.4,203115.0,94.771,1.517,1.167,0.0,0.325,True,False,44.0,D,ordered-stop planning approximation | few representative stops,True,DERIVED,2,historic_only,uncertain,,,historic_gtfs_baseline,sakay_gtfs_master_historic,No current route validation supplied.,,,False,,historic_only,mcu__sangandaan,5.084745762711864,221.25,0,1805.4,DERIVED,sakay_gtfs_master_historic|worldpop_phl_2020_1km
LTFRB_PUJ1467,,MCU - Sangandaan,"A. Mabini Avenue / Geronimo Intersection, Caloocan City - Epifanio de los Santos Avenue / General Rosendo Simon Intersection , Caloocan City",724719,1.674,stop_sequence_approx,9,1.0,17.0,1020.0,1.0,gtfs_frequencies_typical_weekday,1707.48,203115.0,94.771,1.517,1.103,0.0,0.386,True,False,44.0,D,ordered-stop planning approximation | few representative stops,True,DERIVED,2,historic_only,uncertain,,,historic_gtfs_baseline,sakay_gtfs_master_historic,No current route validation supplied.,,,False,,historic_only,mcu__sangandaan,5.376344086021506,209.25,0,1707.48,DERIVED,sakay_gtfs_master_historic|worldpop_phl_2020_1km
LTFRB_PUJ1468,,Meycauayan - Monumento via McArthur Hi-way,"Monumento, Rizal Avenue, Caloocan City - PWRHAUZ Ministries Inc., Malhacan Road, City of Meycauayan",725476,10.977,stop_sequence_approx,59,1.0,17.0,1020.0,1.0,gtfs_frequencies_typical_weekday,11196.54,373652.1,59.361,9.322,1.177,0.0,0.499,True,False,56.0,C,ordered-stop planning approximation,True,DERIVED,8,historic_only,uncertain,,,historic_gtfs_baseline,sakay_gtfs_master_historic,No current route validation supplied.,,,False,,historic_only,meycauayan__monumento,5.374874738088731,189.25862068965517,0,11196.54,DERIVED,sakay_gtfs_master_historic|worldpop_phl_2020_1km
LTFRB_PUJ1469,,Meycauayan - Monumento via McArthur Hi-way,"PWRHAUZ Ministries Inc., Malhacan Road, City of Meycauayan - Monumento, Rizal Avenue, Caloocan City",725710,10.976,stop_sequence_approx,59,1.0,17.0,1020.0,1.0,gtfs_frequencies_typical_weekday,11195.52,373652.1,59.361,9.322,1.177,0.0,0.522,True,False,56.0,C,ordered-stop planning approximation,True,DERIVED,9,historic_only,uncertain,,,historic_gtfs_baseline,sakay_gtfs_master_historic,No current route validation supplied.,,,False,,historic_only,meycauayan__monumento,5.37536443148688,189.24137931034483,0,11195.52,DERIVED,sakay_gtfs_master_historic|worldpop_phl_2020_1km
LTFRB_PUJ1470,,Monumento - Navotas via Letre,"Bonifacio Market, MacArthur Highway, Caloocan City - Tangos Elementary School, M. Naval, City of Navotas",726046,6.867,stop_sequence_approx,31,1.0,17.0,1020.0,1.0,gtfs_frequencies_typical_weekday,7004.34,560659.3,98.106,5.553,1.237,0.0,0.349,True,False,56.0,C,ordered-stop planning approximation,True,DERIVED,7,historic_only,uncertain,,,historic_gtfs_baseline,sakay_gtfs_master_historic,No current route validation supplied.,,,False,,historic_only,monumento__navotas,4.514343963885248,228.9,0,7004.34,DERIVED,sakay_gtfs_master_historic|worldpop_phl_2020_1km
LTFRB_PUJ1471,,Monumento - Navotas via Letre,"Tangos Elementary School, M. Naval, City of Navotas - Bonifacio Market, MacArthur Highway, Caloocan City",724892,6.971,stop_sequence_approx,32,1.0,17.0,1020.0,1.0,gtfs_frequencies_typical_weekday,7110.42,570791.8,96.364,5.553,1.255,0.0,0.377,True,True,48.0,D,ordered-stop planning approximation | self-intersection detected,True,DERIVED,6,historic_only,uncertain,,,historic_gtfs_baseline,sakay_gtfs_master_historic,No current route validation supplied.,,,False,,historic_only,monumento__navotas,4.590446133983646,224.8709677419355,0,7110.42,DERIVED,sakay_gtfs_master_historic|worldpop_phl_2020_1km
LTFRB_PUJ1472,,Monumento - Paco (Obando) via M.H. del Pilar,"Lapu-lapu / Samson Road Intersection, Malabon City - Tawiran Elementary School, Obando",724658,14.104,stop_sequence_approx,54,1.0,17.0,1020.0,1.0,gtfs_frequencies_typical_weekday,14386.08,398255.2,74.871,12.372,1.14,0.0,0.667,True,False,56.0,C,ordered-stop planning approximation,True,DERIVED,3,historic_only,uncertain,,,historic_gtfs_baseline,sakay_gtfs_master_historic,No current route validation supplied.,,,False,,historic_only,monumento__paco-obando,3.828701077708452,266.1132075471698,0,14386.08,DERIVED,sakay_gtfs_master_historic|worldpop_phl_2020_1km
LTFRB_PUJ1473,,Monumento - Paco (Obando) via M.H. del Pilar,"Tawiran Elementary School, Obando - Lapu-lapu / Samson Road Intersection, Malabon City",726028,14.142,stop_sequence_approx,55,1.0,17.0,1020.0,1.0,gtfs_frequencies_typical_weekday,14424.84,398255.2,74.871,12.372,1.143,0.0,0.472,True,False,56.0,C,ordered-stop planning approximation,True,DERIVED,4,historic_only,uncertain,,,historic_gtfs_baseline,sakay_gtfs_master_historic,No current route validation supplied.,,,False,,historic_only,monumento__paco-obando,3.8891245934097016,261.8888888888889,0,14424.84,DERIVED,sakay_gtfs_master_historic|worldpop_phl_2020_1km
LTFRB_PUJ1474,,"Monumento - Pasay Rotonda via Rizal Ave., Mabini","Epifanio de los Santos Avenue / F.B. Harrison St Intersection, Lungsod ng Pasay - Epifanio de los Santos Avenue / 8th Street Intersection , Caloocan City",725574,14.486,stop_sequence_approx,56,1.0,17.0,1020.0,1.0,gtfs_frequencies_typical_weekday,14775.72,816688.5,91.403,13.216,1.096,0.0,0.482,True,False,56.0,C,ordered-stop planning approximation,True,DERIVED,2,historic_only,uncertain,,,historic_gtfs_baseline,sakay_gtfs_master_historic,No current route validation supplied.,,,False,,historic_only,monumento__pasay-rotonda,3.8658014634819824,263.3818181818182,0,14775.72,DERIVED,sakay_gtfs_master_historic|worldpop_phl_2020_1km
LTFRB_PUJ1475,,"Monumento - Pasay Rotonda via Rizal Ave., Mabini","Epifanio de los Santos Avenue / 8th Street Intersection , Caloocan City - Epifanio de los Santos Avenue / F.B. Harrison St Intersection, Lungsod ng Pasay",725886,15.057,stop_sequence_approx,60,1.0,17.0,1020.0,1.0,gtfs_frequencies_typical_weekday,15358.14,816688.5,91.403,13.216,1.139,0.0,0.445,True,False,56.0,C,ordered-stop planning approximation,True,DERIVED,4,historic_only,uncertain,,,historic_gtfs_baseline,sakay_gtfs_master_historic,No current route validation supplied.,,,False,,historic_only,monumento__pasay-rotonda,3.984857541342897,255.20338983050848,0,15358.14,DERIVED,sakay_gtfs_master_historic|worldpop_phl_2020_1km
LTFRB_PUJ1476,,Monumento - Sto. Nino via Expressway,"Epifanio de los Santos Avenue / General Rosendo Simon Intersection , Caloocan City - El- Camino, City of Meycauayan",726278,17.697,stop_sequence_approx,76,1.0,17.0,1020.0,1.0,gtfs_frequencies_typical_weekday,18050.94,622290.9,65.714,12.08,1.465,0.0658,0.553,True,True,48.0,D,ordered-stop planning approximation | self-intersection detected,True,DERIVED,0,historic_only,uncertain,,,historic_gtfs_baseline,sakay_gtfs_master_historic,No current route validation supplied.,,,False,,historic_only,monumento__sto-nino,4.294513194326722,235.96,0,18050.94,DERIVED,sakay_gtfs_master_historic|worldpop_phl_2020_1km
LTFRB_PUJ1477,,Monumento - Sto. Nino via Expressway,"El- Camino, City of Meycauayan - Epifanio de los Santos Avenue / General Rosendo Simon Intersection , Caloocan City",725984,16.302,stop_sequence_approx,69,1.0,17.0,1020.0,1.0,gtfs_frequencies_typical_weekday,16628.04,614943.6,66.499,12.08,1.349,0.0,0.553,True,False,56.0,C,ordered-stop planning approximation,True,DERIVED,0,historic_only,uncertain,,,historic_gtfs_baseline,sakay_gtfs_master_historic,No current route validation supplied.,,,False,,historic_only,monumento__sto-nino,4.232609495767391,239.73529411764707,0,16628.04,DERIVED,sakay_gtfs_master_historic|worldpop_phl_2020_1km
LTFRB_PUJ1478,,"Monumento - Vito Cruz via Rizal Ave., Taft Ave.","Pablo Ocampo Sreet Avenue, Manila - Epifanio de los Santos Avenue / 8th Street Intersection , Caloocan City",726249,12.071,stop_sequence_approx,51,1.0,17.0,1020.0,1.0,gtfs_frequencies_typical_weekday,12312.42,780684.1,93.454,10.597,1.139,0.0,0.37,True,False,56.0,C,ordered-stop planning approximation,True,DERIVED,3,historic_only,uncertain,,,historic_gtfs_baseline,sakay_gtfs_master_historic,No current route validation supplied.,,,False,,historic_only,monumento__vito-cruz,4.225002071079447,241.42,0,12312.42,DERIVED,sakay_gtfs_master_historic|worldpop_phl_2020_1km
LTFRB_PUJ1480,,"Monumento - Vito C ruz via Rizal Ave., Mabini","HP Village Square, Pablo Ocampo Sr., Manila - Epifanio de los Santos Avenue / 8th Street Intersection , Caloocan City",726315,11.888,stop_sequence_approx,47,1.0,17.0,1020.0,1.0,gtfs_frequencies_typical_weekday,12125.76,730386.1,91.973,10.733,1.108,0.0,0.482,True,False,56.0,C,ordered-stop planning approximation,True,DERIVED,2,historic_only,uncertain,,,historic_gtfs_baseline,sakay_gtfs_master_historic,No current route validation supplied.,,,False,,historic_only,monumento__vito-c-ruz,3.9535666218034993,258.4347826086956,0,12125.76,DERIVED,sakay_gtfs_master_historic|worldpop_phl_2020_1km
LTFRB_PUJ1482,,"Munoz - Remedios via Quiapo, L. Guinto","Rizal Memorial Track and Football Stadium, M Adriatico, Manila - Epifanio de los Santos Avenue / Congressional Avenue Intersection, Quezon City",725153,13.984,stop_sequence_approx,64,1.0,17.0,1020.0,1.0,gtfs_frequencies_typical_weekday,14263.68,750487.5,90.248,10.913,1.281,0.0156,0.405,True,True,48.0,D,ordered-stop planning approximation | self-intersection detected,True,DERIVED,3,historic_only,uncertain,,,historic_gtfs_baseline,sakay_gtfs_master_historic,No current route validation supplied.,,,False,,historic_only,munoz__remedios,4.576659038901602,221.96825396825398,0,14263.68,DERIVED,sakay_gtfs_master_historic|worldpop_phl_2020_1km
LTFRB_PUJ1483,,"Munoz - Remedios via Quiapo, L. Guinto","Epifanio de los Santos Avenue / Congressional Avenue Intersection, Quezon City - Rizal Memorial Track and Football Stadium, M Adriatico, Manila",725983,13.708,stop_sequence_approx,60,1.0,17.0,1020.0,1.0,gtfs_frequencies_typical_weekday,13982.16,726876.9,91.036,10.913,1.256,0.0,0.548,True,False,56.0,C,ordered-stop planning approximation,True,DERIVED,1,historic_only,uncertain,,,historic_gtfs_baseline,sakay_gtfs_master_historic,No current route validation supplied.,,,False,,historic_only,munoz__remedios,4.377006127808579,232.33898305084745,0,13982.16,DERIVED,sakay_gtfs_master_historic|worldpop_phl_2020_1km
LTFRB_PUJ1484,,"Murphy - North Harbor via Divisoria, Sta. Mesa","Radial Road 10 / Moriones Intersection, Manila - Aurora Blvd, Quezon City, Manila",724775,11.661,stop_sequence_approx,41,1.0,17.0,1020.0,1.0,gtfs_frequencies_typical_weekday,11894.22,820422.1,96.157,10.479,1.113,0.0,0.541,True,False,56.0,C,ordered-stop planning approximation,True,DERIVED,2,historic_only,uncertain,,,historic_gtfs_baseline,sakay_gtfs_master_historic,No current route validation supplied.,,,False,,historic_only,murphy__north-harbor,3.5159934825486667,291.525,0,11894.22,DERIVED,sakay_gtfs_master_historic|worldpop_phl_2020_1km
LTFRB_PUJ1485,,"Murphy - North Harbor via Divisoria, Sta. Mesa","Aurora Blvd, Quezon City, Manila - Radial Road 10 / Moriones Intersection, Manila",725058,11.444,stop_sequence_approx,38,1.0,17.0,1020.0,1.0,gtfs_frequencies_typical_weekday,11672.88,820422.1,96.157,10.479,1.092,0.0,0.541,True,False,56.0,C,ordered-stop planning approximation,True,DERIVED,4,historic_only,uncertain,,,historic_gtfs_baseline,sakay_gtfs_master_historic,No current route validation supplied.,,,False,,historic_only,murphy__north-harbor,3.320517301642782,309.2972972972973,0,11672.88,DERIVED,sakay_gtfs_master_historic|worldpop_phl_2020_1km
LTFRB_PUJ1486,,Napocor/Niaville - Mindanao Ave. via Congressional Ave.,"Epifanio de los Santos Avenue / North Avenue Intersection, Quezon City - Sauyo High School Extension, Pantabangan, Quezon City",725641,6.862,stop_sequence_approx,35,1.0,17.0,1020.0,1.0,gtfs_frequencies_typical_weekday,6999.24,235817.7,89.721,4.344,1.58,0.0286,0.392,True,True,48.0,D,ordered-stop planning approximation | self-intersection detected,True,DERIVED,3,historic_only,uncertain,,,historic_gtfs_baseline,sakay_gtfs_master_historic,No current route validation supplied.,,,False,,historic_only,mindanao-ave__napocor-niaville,5.100553774409793,201.8235294117647,0,6999.24,DERIVED,sakay_gtfs_master_historic|worldpop_phl_2020_1km
LTFRB_PUJ1487,,Napocor/Niaville - Mindanao Ave. via Congressional Ave.,"Sauyo High School Extension, Pantabangan, Quezon City - Epifanio de los Santos Avenue / North Avenue Intersection, Quezon City",725275,6.551,stop_sequence_approx,34,1.0,17.0,1020.0,1.0,gtfs_frequencies_typical_weekday,6682.02,257796.3,90.597,4.344,1.508,0.0,0.33,True,False,56.0,C,ordered-stop planning approximation,True,DERIVED,3,historic_only,uncertain,,,historic_gtfs_baseline,sakay_gtfs_master_historic,No current route validation supplied.,,,False,,historic_only,mindanao-ave__napocor-niaville,5.190047321019692,198.5151515151515,0,6682.02,DERIVED,sakay_gtfs_master_historic|worldpop_phl_2020_1km
LTFRB_PUJ1488,,Navotas - Recto via Heroes del 96,"Claro M. Recto Ave / Quezon Blvd Intersection, Manila - M. Naval, City of Navotas",725587,12.805,stop_sequence_approx,61,1.0,17.0,1020.0,1.0,gtfs_frequencies_typical_weekday,13061.1,929427.6,100.0,9.152,1.399,0.0,0.438,True,False,56.0,C,ordered-stop planning approximation,True,DERIVED,5,historic_only,uncertain,,,historic_gtfs_baseline,sakay_gtfs_master_historic,No current route validation supplied.,,,False,,historic_only,navotas__recto,4.763764154627099,213.41666666666666,0,13061.1,DERIVED,sakay_gtfs_master_historic|worldpop_phl_2020_1km
LTFRB_PUJ1489,,Navotas - Recto via Heroes del 96,"M. Naval, City of Navotas - Claro M. Recto Ave / Quezon Blvd Intersection, Manila",725803,12.675,stop_sequence_approx,58,1.0,17.0,1020.0,1.0,gtfs_frequencies_typical_weekday,12928.5,929427.6,100.0,9.152,1.385,0.0,0.438,True,False,56.0,C,ordered-stop planning approximation,True,DERIVED,4,historic_only,uncertain,,,historic_gtfs_baseline,sakay_gtfs_master_historic,No current route validation supplied.,,,False,,historic_only,navotas__recto,4.575936883629191,222.3684210526316,0,12928.5,DERIVED,sakay_gtfs_master_historic|worldpop_phl_2020_1km
LTFRB_PUJ1490,,"FTI - Uniwide Coastal Mall via VAB, NAB","Diosdado Macapagal Blvd / Pacific Avenue Intersection, Parañaque City, Manila - DBP Ave, Taguig City, Manila, Manila",724878,12.335,stop_sequence_approx,37,1.0,17.0,1020.0,1.0,gtfs_frequencies_typical_weekday,12581.7,454867.3,75.07,5.929,2.081,0.0,0.631,True,False,56.0,C,ordered-stop planning approximation,True,DERIVED,3,historic_only,uncertain,,,historic_gtfs_baseline,sakay_gtfs_master_historic,No current route validation supplied.,,,False,,historic_only,fti__uniwide-coastal-mall,2.9995946493717063,342.6388888888889,0,12581.7,DERIVED,sakay_gtfs_master_historic|worldpop_phl_2020_1km
LTFRB_PUJ1491,,"FTI - Uniwide Coastal Mall via VAB, NAB","DBP Ave, Taguig City, Manila, Manila - Diosdado Macapagal Blvd / Pacific Avenue Intersection, Parañaque City, Manila",725439,11.579,stop_sequence_approx,34,1.0,17.0,1020.0,1.0,gtfs_frequencies_typical_weekday,11810.58,386409.2,70.654,5.929,1.953,0.0,0.631,True,False,56.0,C,ordered-stop planning approximation,True,DERIVED,1,historic_only,uncertain,,,historic_gtfs_baseline,sakay_gtfs_master_historic,No current route validation supplied.,,,False,,historic_only,fti__uniwide-coastal-mall,2.9363502893168665,350.8787878787879,0,11810.58,DERIVED,sakay_gtfs_master_historic|worldpop_phl_2020_1km
LTFRB_PUJ1492,,Nichols - Vito Cruz via Park Ave.,"Villamor Health Center, Andrews Ave, Lungsod ng Pasay, Manila - Taft Ave, Lungsod ng Pasay",725565,4.724,stop_sequence_approx,20,1.0,17.0,1020.0,1.0,gtfs_frequencies_typical_weekday,4818.4800000000005,191861.6,75.121,2.742,1.723,0.0,0.442,True,False,56.0,C,ordered-stop planning approximation,True,DERIVED,0,historic_only,uncertain,,,historic_gtfs_baseline,sakay_gtfs_master_historic,No current route validation supplied.,,,False,,historic_only,nichols__vito-cruz,4.233700254022015,248.6315789473684,0,4818.4800000000005,DERIVED,sakay_gtfs_master_historic|worldpop_phl_2020_1km
LTFRB_PUJ1493,,Nichols - Vito Cruz via Park Ave.,"Taft Ave, Lungsod ng Pasay - Villamor Health Center, Andrews Ave, Lungsod ng Pasay, Manila",724751,3.045,stop_sequence_approx,14,1.0,17.0,1020.0,1.0,gtfs_frequencies_typical_weekday,3105.9,170726.5,84.42,2.742,1.111,0.0,0.496,True,False,56.0,C,ordered-stop planning approximation,True,DERIVED,0,historic_only,uncertain,,,historic_gtfs_baseline,sakay_gtfs_master_historic,No current route validation supplied.,,,False,,historic_only,nichols__vito-cruz,4.597701149425287,234.23076923076923,0,3105.9,DERIVED,sakay_gtfs_master_historic|worldpop_phl_2020_1km
LTFRB_PUJ1494,,Novaliches TP - Gumaoc - Palmera Subd. (SJDM),"Quirino Highway, Quezon City - Un-named Road, City of San Jose del Monte",725564,18.037,stop_sequence_approx,75,1.0,17.0,1020.0,1.0,gtfs_frequencies_typical_weekday,18397.74,525603.2,71.603,11.543,1.563,0.0,0.442,True,False,56.0,C,ordered-stop planning approximation,True,DERIVED,4,historic_only,uncertain,,,historic_gtfs_baseline,sakay_gtfs_master_historic,No current route validation supplied.,,,False,,historic_only,gumaoc__novaliches-tp__palmera-subd-sjdm,4.1581194211897765,243.74324324324326,0,18397.74,DERIVED,sakay_gtfs_master_historic|worldpop_phl_2020_1km
LTFRB_PUJ1495,,Novaliches TP - Gumaoc - Palmera Subd. (SJDM),"Un-named Road, City of San Jose del Monte - Quirino Highway, Quezon City",725893,16.68,stop_sequence_approx,69,1.0,17.0,1020.0,1.0,gtfs_frequencies_typical_weekday,17013.6,504008.5,74.671,11.543,1.445,0.0,0.442,True,False,56.0,C,ordered-stop planning approximation,True,DERIVED,4,historic_only,uncertain,,,historic_gtfs_baseline,sakay_gtfs_master_historic,No current route validation supplied.,,,False,,historic_only,gumaoc__novaliches-tp__palmera-subd-sjdm,4.136690647482014,245.2941176470588,0,17013.6,DERIVED,sakay_gtfs_master_historic|worldpop_phl_2020_1km
LTFRB_PUJ1496,,Novaliches (TP) - Brgy. Deparo,"Ramirez / Quirino Highway, Caloocan City - Kabatuhan, Caloocan City",724902,4.953,stop_sequence_approx,26,1.0,17.0,1020.0,1.0,gtfs_frequencies_typical_weekday,5052.06,220826.9,66.269,4.118,1.203,0.0,0.323,True,False,56.0,C,ordered-stop planning approximation,True,DERIVED,0,historic_only,uncertain,,,historic_gtfs_baseline,sakay_gtfs_master_historic,No current route validation supplied.,,,False,,historic_only,brgy-deparo__novaliches-tp,5.249343832020997,198.12,0,5052.06,DERIVED,sakay_gtfs_master_historic|worldpop_phl_2020_1km
LTFRB_PUJ1497,,Novaliches (TP) - Brgy. Deparo,"Kabatuhan, Caloocan City - Ramirez / Quirino Highway, Caloocan City",725171,4.958,stop_sequence_approx,27,1.0,17.0,1020.0,1.0,gtfs_frequencies_typical_weekday,5057.16,220826.9,66.269,4.118,1.204,0.0,0.323,True,False,56.0,C,ordered-stop planning approximation,True,DERIVED,0,historic_only,uncertain,,,historic_gtfs_baseline,sakay_gtfs_master_historic,No current route validation supplied.,,,False,,historic_only,brgy-deparo__novaliches-tp,5.445744251714401,190.69230769230768,0,5057.16,DERIVED,sakay_gtfs_master_historic|worldpop_phl_2020_1km
LTFRB_PUJ1498,,"Novaliches - Shelter Ville via Camarin Rd., Bagon Silang","Susano / General Luis Intersection, Caloocan City - Kalayaan Elementary School, Langit Road, Caloocan City",725543,8.453,stop_sequence_approx,38,1.0,17.0,1020.0,1.0,gtfs_frequencies_typical_weekday,8622.06,339495.2,77.007,6.64,1.273,0.0,0.509,True,False,56.0,C,ordered-stop planning approximation,True,DERIVED,0,historic_only,uncertain,,,historic_gtfs_baseline,sakay_gtfs_master_historic,No current route validation supplied.,,,False,,historic_only,novaliches__shelter-ville,4.4954454039985805,228.45945945945945,0,8622.06,DERIVED,sakay_gtfs_master_historic|worldpop_phl_2020_1km
LTFRB_PUJ1499,,"Novaliches - Shelter Ville via Camarin Rd., Bagon Silang","Kalayaan Elementary School, Langit Road, Caloocan City - Susano / General Luis Intersection, Caloocan City",726344,8.453,stop_sequence_approx,38,1.0,17.0,1020.0,1.0,gtfs_frequencies_typical_weekday,8622.06,339495.2,77.007,6.64,1.273,0.0,0.509,True,False,56.0,C,ordered-stop planning approximation,True,DERIVED,0,historic_only,uncertain,,,historic_gtfs_baseline,sakay_gtfs_master_historic,No current route validation supplied.,,,False,,historic_only,novaliches__shelter-ville,4.4954454039985805,228.45945945945945,0,8622.06,DERIVED,sakay_gtfs_master_historic|worldpop_phl_2020_1km
LTFRB_PUJ1500,,Novaliches - Tala via Quirino,"Our Lady Mercy Church, Quirino Highway, Caloocan City - City of San Jose del Monte",726000,13.022,stop_sequence_approx,56,1.0,17.0,1020.0,1.0,gtfs_frequencies_typical_weekday,13282.44,525599.9,80.707,5.395,2.414,0.0,0.442,True,False,56.0,C,ordered-stop planning approximation,True,DERIVED,1,historic_only,uncertain,,,historic_gtfs_baseline,sakay_gtfs_master_historic,No current route validation supplied.,,,False,,historic_only,novaliches__tala,4.300414682844417,236.76363636363635,0,13282.44,DERIVED,sakay_gtfs_master_historic|worldpop_phl_2020_1km
LTFRB_PUJ1501,,Novaliches - Tala via Quirino,"City of San Jose del Monte - Our Lady Mercy Church, Quirino Highway, Caloocan City",725173,11.63,stop_sequence_approx,49,1.0,17.0,1020.0,1.0,gtfs_frequencies_typical_weekday,11862.6,504005.3,84.165,5.395,2.156,0.0,0.442,True,False,56.0,C,ordered-stop planning approximation,True,DERIVED,1,historic_only,uncertain,,,historic_gtfs_baseline,sakay_gtfs_master_historic,No current route validation supplied.,,,False,,historic_only,novaliches__tala,4.213241616509028,242.29166666666666,0,11862.6,DERIVED,sakay_gtfs_master_historic|worldpop_phl_2020_1km
LTFRB_PUJ1502,,"Novaliches - Tala via Camarin, Susano Rd.","Ramirez / Quirino Highway, Caloocan City - San Vicente / Camarin Road Intersection, Caloocan City",725653,6.236,stop_sequence_approx,30,1.0,17.0,1020.0,1.0,gtfs_frequencies_typical_weekday,6360.719999999999,299981.6,76.197,4.341,1.437,0.0,0.338,True,False,56.0,C,ordered-stop planning approximation,True,DERIVED,0,historic_only,uncertain,,,historic_gtfs_baseline,sakay_gtfs_master_historic,No current route validation supplied.,,,False,,historic_only,novaliches__tala,4.810776138550353,215.0344827586207,0,6360.719999999999,DERIVED,sakay_gtfs_master_historic|worldpop_phl_2020_1km
LTFRB_PUJ1504,,Novaliches - Urduja,"Susano / General Luis Intersection, Caloocan City - Sikatuna Avenue, Caloocan City",724957,4.131,stop_sequence_approx,24,1.0,17.0,1020.0,1.0,gtfs_frequencies_typical_weekday,4213.62,129990.0,61.569,2.439,1.694,0.125,0.246,True,True,42.0,D,ordered-stop planning approximation | duplicate coordinates | self-intersection detected,True,DERIVED,0,historic_only,uncertain,,,historic_gtfs_baseline,sakay_gtfs_master_historic,No current route validation supplied.,,,False,,historic_only,novaliches__urduja,5.809731299927378,179.6086956521739,0,4213.62,DERIVED,sakay_gtfs_master_historic|worldpop_phl_2020_1km
LTFRB_PUJ1505,,Novaliches - Urduja,"Sikatuna Avenue, Caloocan City - Susano / General Luis Intersection, Caloocan City",726087,2.943,stop_sequence_approx,17,1.0,17.0,1020.0,1.0,gtfs_frequencies_typical_weekday,3001.86,119417.4,67.019,2.439,1.207,0.0,0.246,True,False,56.0,C,ordered-stop planning approximation,True,DERIVED,0,historic_only,uncertain,,,historic_gtfs_baseline,sakay_gtfs_master_historic,No current route validation supplied.,,,False,,historic_only,novaliches__urduja,5.776418620455318,183.9375,0,3001.86,DERIVED,sakay_gtfs_master_historic|worldpop_phl_2020_1km
LTFRB_PUJ1506,,"Novaliches (TP) - Bigte (Norzagaray, Bulacan) via Quirino Highway","Buenmar Drive, Quezon City - Quirino Highway, City of San Jose del Monte",726108,21.814,stop_sequence_approx,92,1.0,17.0,1020.0,1.0,gtfs_frequencies_typical_weekday,22250.28,576209.8,67.893,15.831,1.378,0.0,0.442,True,False,56.0,C,ordered-stop planning approximation,True,DERIVED,6,historic_only,uncertain,,,historic_gtfs_baseline,sakay_gtfs_master_historic,No current route validation supplied.,,,False,,historic_only,bigte-norzagaray-bulacan__novaliches-tp,4.217475016044742,239.71428571428572,0,22250.28,DERIVED,sakay_gtfs_master_historic|worldpop_phl_2020_1km
LTFRB_PUJ1507,,"Novaliches (TP) - Bigte (Norzagaray, Bulacan) via Quirino Highway","Quirino Highway, City of San Jose del Monte - Buenmar Drive, Quezon City",725328,20.092,stop_sequence_approx,83,1.0,17.0,1020.0,1.0,gtfs_frequencies_typical_weekday,20493.84,554615.1,70.537,15.831,1.269,0.0,0.442,True,False,56.0,C,ordered-stop planning approximation,True,DERIVED,6,historic_only,uncertain,,,historic_gtfs_baseline,sakay_gtfs_master_historic,No current route validation supplied.,,,False,,historic_only,bigte-norzagaray-bulacan__novaliches-tp,4.130997411905236,245.02439024390245,0,20493.84,DERIVED,sakay_gtfs_master_historic|worldpop_phl_2020_1km
LTFRB_PUJ1508,,P. Faura - San Andres,"Agusto Francisco, Manila - Padre Faura / M Adriatico Intersection, Manila",725550,2.824,stop_sequence_approx,9,1.0,17.0,1020.0,1.0,gtfs_frequencies_typical_weekday,2880.48,232749.8,90.698,2.406,1.174,0.0,0.578,True,False,44.0,D,ordered-stop planning approximation | few representative stops,True,DERIVED,0,historic_only,uncertain,,,historic_gtfs_baseline,sakay_gtfs_master_historic,No current route validation supplied.,,,False,,historic_only,p-faura__san-andres,3.186968838526912,353.0,0,2880.48,DERIVED,sakay_gtfs_master_historic|worldpop_phl_2020_1km
LTFRB_PUJ1509,,P. Faura - San Andres,"Padre Faura / M Adriatico Intersection, Manila - Agusto Francisco, Manila",726191,3.145,stop_sequence_approx,8,1.0,17.0,1020.0,1.0,gtfs_frequencies_typical_weekday,3207.9,225159.9,93.755,2.406,1.307,0.0,0.66,True,False,44.0,D,ordered-stop planning approximation | few representative stops,True,DERIVED,0,historic_only,uncertain,,,historic_gtfs_baseline,sakay_gtfs_master_historic,No current route validation supplied.,,,False,,historic_only,p-faura__san-andres,2.5437201907790143,449.2857142857143,0,3207.9,DERIVED,sakay_gtfs_master_historic|worldpop_phl_2020_1km
LTFRB_PUJ1510,,Paco - Pier South,"Angel Linao / Pedro Gil - Railroad Dr / 13th St Intersection, Manila",725668,3.32,stop_sequence_approx,10,1.0,17.0,1020.0,1.0,gtfs_frequencies_typical_weekday,3386.4,103164.5,66.383,2.817,1.179,0.0,0.475,True,False,44.0,D,ordered-stop planning approximation | few representative stops,True,DERIVED,0,historic_only,uncertain,,,historic_gtfs_baseline,sakay_gtfs_master_historic,No current route validation supplied.,,,False,,historic_only,paco__pier-south,3.0120481927710845,368.8888888888889,0,3386.4,DERIVED,sakay_gtfs_master_historic|worldpop_phl_2020_1km
LTFRB_PUJ1511,,Paco - Pier South,"Railroad Dr / 13th St Intersection, Manila - Angel Linao / Pedro Gil",725718,3.795,stop_sequence_approx,14,1.0,17.0,1020.0,1.0,gtfs_frequencies_typical_weekday,3870.9,168102.0,79.095,2.817,1.347,0.0,0.471,True,False,56.0,C,ordered-stop planning approximation,True,DERIVED,0,historic_only,uncertain,,,historic_gtfs_baseline,sakay_gtfs_master_historic,No current route validation supplied.,,,False,,historic_only,paco__pier-south,3.689064558629776,291.9230769230769,0,3870.9,DERIVED,sakay_gtfs_master_historic|worldpop_phl_2020_1km
LTFRB_PUJ1512,,Paco - Sta. Mesa Rotonda via Nagtahan,"San Gregorio / Paz St, Manila - Nagtahan Flyover / Duhat Intersection, Manila",725469,2.38,stop_sequence_approx,8,1.0,17.0,1020.0,1.0,gtfs_frequencies_typical_weekday,2427.6,233771.7,95.541,2.106,1.13,0.0,0.425,True,False,44.0,D,ordered-stop planning approximation | few representative stops,True,DERIVED,0,historic_only,uncertain,,,historic_gtfs_baseline,sakay_gtfs_master_historic,No current route validation supplied.,,,False,,historic_only,paco__sta-mesa-rotonda,3.361344537815126,340.0,0,2427.6,DERIVED,sakay_gtfs_master_historic|worldpop_phl_2020_1km
LTFRB_PUJ1513,,Paco - Sta. Mesa Rotonda via Nagtahan,"Nagtahan Flyover / Duhat Intersection, Manila - San Gregorio / Paz St, Manila",725990,2.38,stop_sequence_approx,8,1.0,17.0,1020.0,1.0,gtfs_frequencies_typical_weekday,2427.6,233771.7,95.541,2.106,1.13,0.0,0.425,True,False,44.0,D,ordered-stop planning approximation | few representative stops,True,DERIVED,0,historic_only,uncertain,,,historic_gtfs_baseline,sakay_gtfs_master_historic,No current route validation supplied.,,,False,,historic_only,paco__sta-mesa-rotonda,3.361344537815126,340.0,0,2427.6,DERIVED,sakay_gtfs_master_historic|worldpop_phl_2020_1km
LTFRB_PUJ1514,,"Pantranco - Proj. 2 & 3 via Timog, Kamuning","Hayundai, Quezon Avenue, Quezon City - Molave, Quezon City, Manila",725749,7.129,stop_sequence_approx,29,1.0,17.0,1020.0,1.0,gtfs_frequencies_typical_weekday,7271.58,313138.0,86.037,5.605,1.272,0.0,0.349,True,False,56.0,C,ordered-stop planning approximation,True,DERIVED,1,historic_only,uncertain,,,historic_gtfs_baseline,sakay_gtfs_master_historic,No current route validation supplied.,,,False,,historic_only,pantranco__proj-2-3,4.06789170991724,254.60714285714286,0,7271.58,DERIVED,sakay_gtfs_master_historic|worldpop_phl_2020_1km
LTFRB_PUJ1515,,"Pantranco - Proj. 2 & 3 via Timog, Kamuning","Molave, Quezon City, Manila - Panay Ave, Quezon City, Manila",726100,7.155,stop_sequence_approx,28,1.0,17.0,1020.0,1.0,gtfs_frequencies_typical_weekday,7298.1,258499.2,83.086,5.388,1.328,0.0,0.454,True,False,56.0,C,ordered-stop planning approximation,True,DERIVED,0,historic_only,uncertain,,,historic_gtfs_baseline,sakay_gtfs_master_historic,No current route validation supplied.,,,False,,historic_only,pantranco__proj-2-3,3.9133473095737243,265.0,0,7298.1,DERIVED,sakay_gtfs_master_historic|worldpop_phl_2020_1km
LTFRB_PUJ1516,,Pantranco - Proj. 8 via Roosevelt,"Philipine Maritime Institute, Roosevelt Avenue, Quezon City - General Avenue / Assistant Branchesntersection, Quezon City",725140,7.203,stop_sequence_approx,38,1.0,17.0,1020.0,1.0,gtfs_frequencies_typical_weekday,7347.06,356415.1,94.196,4.402,1.636,0.1053,0.386,True,True,42.0,D,ordered-stop planning approximation | duplicate coordinates | self-intersection detected,True,DERIVED,2,historic_only,uncertain,,,historic_gtfs_baseline,sakay_gtfs_master_historic,No current route validation supplied.,,,False,,historic_only,pantranco__proj-8,5.275579619602943,194.67567567567568,0,7347.06,DERIVED,sakay_gtfs_master_historic|worldpop_phl_2020_1km
LTFRB_PUJ1517,,Pantranco - Proj. 8 via Roosevelt,"General Avenue / Assistant Branchesntersection, Quezon City - Philipine Maritime Institute, Roosevelt Avenue, Quezon City",724978,7.053,stop_sequence_approx,38,1.0,17.0,1020.0,1.0,gtfs_frequencies_typical_weekday,7194.06,368791.4,96.57,4.402,1.602,0.0789,0.368,True,True,48.0,D,ordered-stop planning approximation | self-intersection detected,True,DERIVED,0,historic_only,uncertain,,,historic_gtfs_baseline,sakay_gtfs_master_historic,No current route validation supplied.,,,False,,historic_only,pantranco__proj-8,5.387778250389905,190.6216216216216,0,7194.06,DERIVED,sakay_gtfs_master_historic|worldpop_phl_2020_1km
LTFRB_PUJ1518,,Pantranco - U.P.,"Fisher Mall, Quezon Avenue, Quezon City - UP College of Education, A. Ma. Regidor St / Roxas Ave Intersection, Quezon City, Manila",726243,7.851,stop_sequence_approx,30,1.0,17.0,1020.0,1.0,gtfs_frequencies_typical_weekday,8008.019999999999,237211.1,59.767,6.131,1.28,0.0333,0.55,True,True,48.0,D,ordered-stop planning approximation | self-intersection detected,True,DERIVED,2,historic_only,uncertain,,,historic_gtfs_baseline,sakay_gtfs_master_historic,No current route validation supplied.,,,False,,historic_only,pantranco__u-p,3.8211692777990067,270.7241379310345,0,8008.019999999999,DERIVED,sakay_gtfs_master_historic|worldpop_phl_2020_1km
LTFRB_PUJ1519,,Pantranco - U.P.,"UP College of Education, A. Ma. Regidor St / Roxas Ave Intersection, Quezon City, Manila - Fisher Mall, Quezon Avenue, Quezon City",725393,8.093,stop_sequence_approx,34,1.0,17.0,1020.0,1.0,gtfs_frequencies_typical_weekday,8254.86,229857.6,37.908,6.131,1.32,0.0294,0.368,True,True,48.0,D,ordered-stop planning approximation | self-intersection detected,True,DERIVED,1,historic_only,uncertain,,,historic_gtfs_baseline,sakay_gtfs_master_historic,No current route validation supplied.,,,False,,historic_only,pantranco__u-p,4.20116149759051,245.24242424242425,0,8254.86,DERIVED,sakay_gtfs_master_historic|worldpop_phl_2020_1km
LTFRB_PUJ1520,,Parang - Recto,"Eulogio Rodriguez Sr. Ave, Quezon City, Manila - Fortune Tobacco Corporation, Marikina City, Manila",725183,11.688,stop_sequence_approx,47,1.0,17.0,1020.0,1.0,gtfs_frequencies_typical_weekday,11921.76,456965.9,76.182,9.876,1.184,0.0,0.374,True,False,56.0,C,ordered-stop planning approximation,True,DERIVED,0,historic_only,uncertain,,,historic_gtfs_baseline,sakay_gtfs_master_historic,No current route validation supplied.,,,False,,historic_only,parang__recto,4.021218343600274,254.08695652173913,0,11921.76,DERIVED,sakay_gtfs_master_historic|worldpop_phl_2020_1km
LTFRB_PUJ1521,,Parang - Recto,"Fortune Tobacco Corporation, Marikina City, Manila - Eulogio Rodriguez Sr. Ave, Quezon City, Manila",726011,11.056,stop_sequence_approx,42,1.0,17.0,1020.0,1.0,gtfs_frequencies_typical_weekday,11277.12,434162.2,74.931,9.876,1.12,0.0,0.377,True,False,56.0,C,ordered-stop planning approximation,True,DERIVED,0,historic_only,uncertain,,,historic_gtfs_baseline,sakay_gtfs_master_historic,No current route validation supplied.,,,False,,historic_only,parang__recto,3.798842257597685,269.6585365853659,0,11277.12,DERIVED,sakay_gtfs_master_historic|worldpop_phl_2020_1km
LTFRB_PUJ1522,,Parang - Stop & Shop via Aurora Blvd.,"Internet Cafe, Old Sta. Mesa, Manila - Fortune Tobacco Corporation, Marikina City, Manila",725247,15.682,stop_sequence_approx,58,1.0,17.0,1020.0,1.0,gtfs_frequencies_typical_weekday,15995.64,641673.8,79.748,14.095,1.113,0.0,0.466,True,False,56.0,C,ordered-stop planning approximation,True,DERIVED,1,historic_only,uncertain,,,historic_gtfs_baseline,sakay_gtfs_master_historic,No current route validation supplied.,,,False,,historic_only,parang__stop-shop,3.698507843387323,275.12280701754383,0,15995.64,DERIVED,sakay_gtfs_master_historic|worldpop_phl_2020_1km
LTFRB_PUJ1523,,Parang - Stop & Shop via Aurora Blvd.,"Fortune Tobacco Corporation, Marikina City, Manila - Internet Cafe, Old Sta. Mesa, Manila",724648,15.709,stop_sequence_approx,58,1.0,17.0,1020.0,1.0,gtfs_frequencies_typical_weekday,16023.18,626529.7,79.259,14.095,1.115,0.0,0.466,True,False,56.0,C,ordered-stop planning approximation,True,DERIVED,1,historic_only,uncertain,,,historic_gtfs_baseline,sakay_gtfs_master_historic,No current route validation supplied.,,,False,,historic_only,parang__stop-shop,3.6921509962441914,275.5964912280702,0,16023.18,DERIVED,sakay_gtfs_master_historic|worldpop_phl_2020_1km
LTFRB_PUJ1524,,Pasay Rotonda - Signal Village,"DBP Ave, Taguig City, Manila, Manila - Epifanio de los Santos Avenue, Lungsod ng Pasay",725693,7.132,stop_sequence_approx,20,1.0,17.0,1020.0,1.0,gtfs_frequencies_typical_weekday,7274.639999999999,293827.0,77.538,5.832,1.223,0.0,0.631,True,False,56.0,C,ordered-stop planning approximation,True,DERIVED,0,historic_only,uncertain,,,historic_gtfs_baseline,sakay_gtfs_master_historic,No current route validation supplied.,,,False,,historic_only,pasay-rotonda__signal-village,2.8042624789680315,375.36842105263156,0,7274.639999999999,DERIVED,sakay_gtfs_master_historic|worldpop_phl_2020_1km
LTFRB_PUJ1525,,Pasay Rotonda - Signal Village,"Epifanio de los Santos Avenue, Lungsod ng Pasay - DBP Ave, Taguig City, Manila, Manila",724664,12.417,stop_sequence_approx,35,1.0,17.0,1020.0,1.0,gtfs_frequencies_typical_weekday,12665.34,442002.1,82.606,5.832,2.129,0.1429,0.631,True,True,42.0,D,ordered-stop planning approximation | duplicate coordinates | self-intersection detected,True,DERIVED,3,historic_only,uncertain,,,historic_gtfs_baseline,sakay_gtfs_master_historic,No current route validation supplied.,,,False,,historic_only,pasay-rotonda__signal-village,2.8187162760731255,365.20588235294116,0,12665.34,DERIVED,sakay_gtfs_master_historic|worldpop_phl_2020_1km
LTFRB_PUJ1526,,"Pasig (TP) - Quiapo (Echague) via Sta. Mesa, C. Palanca","M. Almeda, Pateros, Manila - Carlos Palanca Sr, Manila",725975,14.713,stop_sequence_approx,54,1.0,17.0,1020.0,2.0,gtfs_frequencies_typical_weekday,15007.259999999998,813962.9,89.413,10.842,1.357,0.0,0.541,True,False,56.0,C,ordered-stop planning approximation,True,DERIVED,0,historic_only,uncertain,,,historic_gtfs_baseline,sakay_gtfs_master_historic,No current route validation supplied.,,,False,,historic_only,pasig-tp__quiapo-echague,3.6702236117719025,277.60377358490564,0,15007.259999999998,DERIVED,sakay_gtfs_master_historic|worldpop_phl_2020_1km
LTFRB_PUJ1527,,"Pasig (TP) - Quiapo (Echague) via Sta. Mesa, C. Palanca","Mendiola / Legarda Intersection, Manila - A. Luna St / Caruncho Ave Intersection, Pasig City, Manila",725598,12.201,stop_sequence_approx,44,1.0,17.0,1020.0,1.0,gtfs_frequencies_typical_weekday,12445.02,677860.7,89.626,10.246,1.191,0.0,0.541,True,False,56.0,C,ordered-stop planning approximation,True,DERIVED,0,historic_only,uncertain,,,historic_gtfs_baseline,sakay_gtfs_master_historic,No current route validation supplied.,,,False,,historic_only,pasig-tp__quiapo-echague,3.606261781821162,283.74418604651163,0,12445.02,DERIVED,sakay_gtfs_master_historic|worldpop_phl_2020_1km
LTFRB_PUJ1528,,"Pasig - Taguig via Maestrang Pinang, Tipas","F.Manalo / Gen. A Luna St Intersection, Taguig City, Manila - Caruncho Ave, Pasig City, Manila",724974,4.996,stop_sequence_approx,25,1.0,17.0,1020.0,1.0,gtfs_frequencies_typical_weekday,5095.92,249067.1,91.75,3.721,1.343,0.0,0.326,True,False,56.0,C,ordered-stop planning approximation,True,DERIVED,0,historic_only,uncertain,,,historic_gtfs_baseline,sakay_gtfs_master_historic,No current route validation supplied.,,,False,,historic_only,pasig__taguig,5.004003202562049,208.16666666666666,0,5095.92,DERIVED,sakay_gtfs_master_historic|worldpop_phl_2020_1km
LTFRB_PUJ1529,,"Pasig - Taguig via Maestrang Pinang, Tipas","Caruncho Ave, Pasig City, Manila - F.Manalo / Gen. A Luna St Intersection, Taguig City, Manila",726306,4.696,stop_sequence_approx,24,1.0,17.0,1020.0,1.0,gtfs_frequencies_typical_weekday,4789.92,300080.9,93.152,3.721,1.262,0.0,0.328,True,False,56.0,C,ordered-stop planning approximation,True,DERIVED,0,historic_only,uncertain,,,historic_gtfs_baseline,sakay_gtfs_master_historic,No current route validation supplied.,,,False,,historic_only,pasig__taguig,5.1107325383304945,204.17391304347825,0,4789.92,DERIVED,sakay_gtfs_master_historic|worldpop_phl_2020_1km
LTFRB_PUJ1530,,"Philcoa - Rodriguez Town (Montalban) via Commonwealth Ave., Kalayaan Ave.","Philippine Coconut Authority, Commonwealth Avenue, Quezon City - MH del Pilar Street near Pig Farm, Rodriguez",724938,18.686,stop_sequence_approx,81,1.0,17.0,1020.0,1.0,gtfs_frequencies_typical_weekday,19059.72,584188.4,69.483,14.836,1.26,0.0,0.368,True,False,56.0,C,ordered-stop planning approximation,True,DERIVED,2,historic_only,uncertain,,,historic_gtfs_baseline,sakay_gtfs_master_historic,No current route validation supplied.,,,False,,historic_only,philcoa__rodriguez-town-montalban,4.334796104035107,233.575,0,19059.72,DERIVED,sakay_gtfs_master_historic|worldpop_phl_2020_1km
LTFRB_PUJ1531,,"Philcoa - Rodriguez Town (Montalban) via Commonwealth Ave., Kalayaan Ave.","MH del Pilar Street near Pig Farm, Rodriguez - Philippine Coconut Authority, Commonwealth Avenue, Quezon City",724659,18.98,stop_sequence_approx,83,1.0,17.0,1020.0,1.0,gtfs_frequencies_typical_weekday,19359.6,584188.4,69.483,14.836,1.279,0.012,0.368,True,True,48.0,D,ordered-stop planning approximation | self-intersection detected,True,DERIVED,2,historic_only,uncertain,,,historic_gtfs_baseline,sakay_gtfs_master_historic,No current route validation supplied.,,,False,,historic_only,philcoa__rodriguez-town-montalban,4.373024236037935,231.46341463414635,0,19359.6,DERIVED,sakay_gtfs_master_historic|worldpop_phl_2020_1km
LTFRB_PUJ1532,,Philcoa - T.M. Kalaw via Quezon Ave.,"University of The Phillippines - Ayala Land Technohub, Commonwealth Avenue, Quezon City - T.M. Kalaw / Maria Y. Orosa St",725867,13.471,stop_sequence_approx,58,1.0,17.0,1020.0,1.0,gtfs_frequencies_typical_weekday,13740.42,612043.4,74.716,11.849,1.137,0.0,0.405,True,False,56.0,C,ordered-stop planning approximation,True,DERIVED,1,historic_only,uncertain,,,historic_gtfs_baseline,sakay_gtfs_master_historic,No current route validation supplied.,,,False,,historic_only,philcoa__t-m-kalaw,4.305545245341845,236.33333333333334,0,13740.42,DERIVED,sakay_gtfs_master_historic|worldpop_phl_2020_1km
LTFRB_PUJ1533,,Philcoa - T.M. Kalaw via Quezon Ave.,"T.M. Kalaw / Maria Y. Orosa St - University of The Phillippines - Ayala Land Technohub, Commonwealth Avenue, Quezon City",725349,13.1,stop_sequence_approx,55,1.0,17.0,1020.0,1.0,gtfs_frequencies_typical_weekday,13362.0,612043.4,74.716,11.849,1.106,0.0,0.55,True,False,56.0,C,ordered-stop planning approximation,True,DERIVED,1,historic_only,uncertain,,,historic_gtfs_baseline,sakay_gtfs_master_historic,No current route validation supplied.,,,False,,historic_only,philcoa__t-m-kalaw,4.198473282442748,242.59259259259258,0,13362.0,DERIVED,sakay_gtfs_master_historic|worldpop_phl_2020_1km
LTFRB_PUJ1534,,Pier South - Proj. 2 & 3 via E. Rodriguez,"Railroad Dr / 13th St Intersection, Manila - Aurora Blvd, Quezon City, Manila",725127,15.544,stop_sequence_approx,62,1.0,17.0,1020.0,1.0,gtfs_frequencies_typical_weekday,15854.88,728846.4,88.263,11.165,1.392,0.0,0.405,True,False,56.0,C,ordered-stop planning approximation,True,DERIVED,1,historic_only,uncertain,,,historic_gtfs_baseline,sakay_gtfs_master_historic,No current route validation supplied.,,,False,,historic_only,pier-south__proj-2-3,3.988677303139475,254.81967213114754,0,15854.88,DERIVED,sakay_gtfs_master_historic|worldpop_phl_2020_1km
LTFRB_PUJ1535,,Pier South - Proj. 2 & 3 via E. Rodriguez,"Aurora Blvd, Quezon City, Manila - Railroad Dr / 13th St Intersection, Manila",725068,14.293,stop_sequence_approx,58,1.0,17.0,1020.0,1.0,gtfs_frequencies_typical_weekday,14578.86,716386.4,89.798,11.165,1.28,0.0,0.405,True,False,56.0,C,ordered-stop planning approximation,True,DERIVED,1,historic_only,uncertain,,,historic_gtfs_baseline,sakay_gtfs_master_historic,No current route validation supplied.,,,False,,historic_only,pier-south__proj-2-3,4.057930455467711,250.75438596491227,0,14578.86,DERIVED,sakay_gtfs_master_historic|worldpop_phl_2020_1km
LTFRB_PUJ1536,,Pier South - Proj. 2 & 3 via Timog,"Railroad Dr / 13th St Intersection, Manila - Mayon Avenue / Florentino Intersection, Manila",724635,6.594,stop_sequence_approx,28,1.0,17.0,1020.0,1.0,gtfs_frequencies_typical_weekday,6725.88,351229.1,90.526,4.632,1.424,0.0,0.405,True,False,56.0,C,ordered-stop planning approximation,True,DERIVED,0,historic_only,uncertain,,,historic_gtfs_baseline,sakay_gtfs_master_historic,No current route validation supplied.,,,False,,historic_only,pier-south__proj-2-3,4.246284501061571,244.22222222222223,0,6725.88,DERIVED,sakay_gtfs_master_historic|worldpop_phl_2020_1km
LTFRB_PUJ1537,,Pier South - Proj. 2 & 3 via Timog,"Mayon Avenue / Florentino Intersection, Manila - Railroad Dr / 13th St Intersection, Manila",725014,5.234,stop_sequence_approx,23,1.0,17.0,1020.0,1.0,gtfs_frequencies_typical_weekday,5338.68,338769.2,93.855,4.632,1.13,0.0,0.405,True,False,56.0,C,ordered-stop planning approximation,True,DERIVED,0,historic_only,uncertain,,,historic_gtfs_baseline,sakay_gtfs_master_historic,No current route validation supplied.,,,False,,historic_only,pier-south__proj-2-3,4.3943446694688575,237.9090909090909,0,5338.68,DERIVED,sakay_gtfs_master_historic|worldpop_phl_2020_1km
LTFRB_PUJ1538,,Pier South - Proj. 4 via Espana,"Railroad Dr / 13th St Intersection, Manila - Stella Maris College, Columbia, Quezon City, Manila",725079,12.753,stop_sequence_approx,47,1.0,17.0,1020.0,1.0,gtfs_frequencies_typical_weekday,13008.06,678132.9,90.688,10.06,1.268,0.0,0.448,True,False,56.0,C,ordered-stop planning approximation,True,DERIVED,0,historic_only,uncertain,,,historic_gtfs_baseline,sakay_gtfs_master_historic,No current route validation supplied.,,,False,,historic_only,pier-south__proj-4,3.6854073551321256,277.2391304347826,0,13008.06,DERIVED,sakay_gtfs_master_historic|worldpop_phl_2020_1km
LTFRB_PUJ1539,,Pier South - Proj. 4 via Espana,"Stella Maris College, Columbia, Quezon City, Manila - Railroad Dr / 13th St Intersection, Manila",726280,11.198,stop_sequence_approx,40,1.0,17.0,1020.0,1.0,gtfs_frequencies_typical_weekday,11421.96,665673.0,92.385,10.06,1.113,0.0,0.448,True,False,56.0,C,ordered-stop planning approximation,True,DERIVED,0,historic_only,uncertain,,,historic_gtfs_baseline,sakay_gtfs_master_historic,No current route validation supplied.,,,False,,historic_only,pier-south__proj-4,3.572066440435792,287.12820512820514,0,11421.96,DERIVED,sakay_gtfs_master_historic|worldpop_phl_2020_1km
LTFRB_PUJ1540,,Pier South - Proj. 6 via Espana,"Antonio C. Delgado / 13th St Intersection, Manila - Emensto Rondon High School, Road 3, Quezon City",725362,15.858,stop_sequence_approx,73,1.0,17.0,1020.0,1.0,gtfs_frequencies_typical_weekday,16175.16,686953.9,87.577,11.103,1.428,0.0274,0.405,True,True,48.0,D,ordered-stop planning approximation | self-intersection detected,True,DERIVED,2,historic_only,uncertain,,,historic_gtfs_baseline,sakay_gtfs_master_historic,No current route validation supplied.,,,False,,historic_only,pier-south__proj-6,4.60335477361584,220.25,0,16175.16,DERIVED,sakay_gtfs_master_historic|worldpop_phl_2020_1km
LTFRB_PUJ1542,,"Pier South - Proj. 7 via Espana, Roosevelt","25th St / Antonio C. Delgado Intersection, Manila - Dangay, Quezon City",724935,10.976,stop_sequence_approx,52,1.0,17.0,1020.0,1.0,gtfs_frequencies_typical_weekday,11195.52,583259.6,90.065,9.448,1.162,0.0,0.405,True,False,56.0,C,ordered-stop planning approximation,True,DERIVED,0,historic_only,uncertain,,,historic_gtfs_baseline,sakay_gtfs_master_historic,No current route validation supplied.,,,False,,historic_only,pier-south__proj-7,4.737609329446064,215.2156862745098,0,11195.52,DERIVED,sakay_gtfs_master_historic|worldpop_phl_2020_1km
LTFRB_PUJ1543,,"Pier South - Proj. 7 via Espana, Roosevelt","Dangay, Quezon City - 25th St / Antonio C. Delgado Intersection, Manila",724830,12.475,stop_sequence_approx,59,1.0,17.0,1020.0,1.0,gtfs_frequencies_typical_weekday,12724.5,646190.4,92.278,9.448,1.32,0.0169,0.405,True,True,48.0,D,ordered-stop planning approximation | self-intersection detected,True,DERIVED,0,historic_only,uncertain,,,historic_gtfs_baseline,sakay_gtfs_master_historic,No current route validation supplied.,,,False,,historic_only,pier-south__proj-7,4.729458917835672,215.08620689655172,0,12724.5,DERIVED,sakay_gtfs_master_historic|worldpop_phl_2020_1km
LTFRB_PUJ1544,,Pier South - Proj. 8 via Quezon Ave.,"Antonio C. Delgado / 13th St Intersection, Manila - Jetti Petrol Station, Tanding Sora Avenue, Quezon City",725713,16.33,stop_sequence_approx,79,1.0,17.0,1020.0,1.0,gtfs_frequencies_typical_weekday,16656.6,760446.1,91.323,11.765,1.388,0.0506,0.405,True,True,48.0,D,ordered-stop planning approximation | self-intersection detected,True,DERIVED,3,historic_only,uncertain,,,historic_gtfs_baseline,sakay_gtfs_master_historic,No current route validation supplied.,,,False,,historic_only,pier-south__proj-8,4.837721984078384,209.35897435897434,0,16656.6,DERIVED,sakay_gtfs_master_historic|worldpop_phl_2020_1km
LTFRB_PUJ1545,,Pier South - Proj. 8 via Quezon Ave.,"Jetti Petrol Station, Tanding Sora Avenue, Quezon City - Antonio C. Delgado / 13th St Intersection, Manila",725252,15.665,stop_sequence_approx,75,1.0,17.0,1020.0,1.0,gtfs_frequencies_typical_weekday,15978.3,760362.4,94.018,11.765,1.331,0.04,0.405,True,True,48.0,D,ordered-stop planning approximation | self-intersection detected,True,DERIVED,1,historic_only,uncertain,,,historic_gtfs_baseline,sakay_gtfs_master_historic,No current route validation supplied.,,,False,,historic_only,pier-south__proj-8,4.787743376954995,211.6891891891892,0,15978.3,DERIVED,sakay_gtfs_master_historic|worldpop_phl_2020_1km
LTFRB_PUJ1547,,Pier South - Retiro via Sta. Cruz,"N. S. Amoranto Sr. Avenue / Banawe Avenue Intersection, Quezon City - 25th St / Antonio C. Delgado Intersection, Manila",726374,7.573,stop_sequence_approx,31,1.0,17.0,1020.0,1.0,gtfs_frequencies_typical_weekday,7724.46,367293.7,83.781,6.219,1.218,0.0,0.708,True,False,56.0,C,ordered-stop planning approximation,True,DERIVED,0,historic_only,uncertain,,,historic_gtfs_baseline,sakay_gtfs_master_historic,No current route validation supplied.,,,False,,historic_only,pier-south__retiro,4.093490030371055,252.43333333333334,0,7724.46,DERIVED,sakay_gtfs_master_historic|worldpop_phl_2020_1km
LTFRB_PUJ1548,,Pier South - Sta. Ana via Padre Faura,"Angel Linao / Pedro Gil - Railroad Dr / 13th St Intersection, Manila",725067,3.352,stop_sequence_approx,11,1.0,17.0,1020.0,1.0,gtfs_frequencies_typical_weekday,3419.04,103164.5,66.383,2.817,1.19,0.0,0.475,True,False,44.0,D,ordered-stop planning approximation | few representative stops,True,DERIVED,0,historic_only,uncertain,,,historic_gtfs_baseline,sakay_gtfs_master_historic,No current route validation supplied.,,,False,,historic_only,pier-south__sta-ana,3.281622911694511,335.2,0,3419.04,DERIVED,sakay_gtfs_master_historic|worldpop_phl_2020_1km
LTFRB_PUJ1549,,Pier South - Sta. Ana via Padre Faura,"Railroad Dr / 13th St Intersection, Manila - Angel Linao / Pedro Gil",725535,3.674,stop_sequence_approx,13,1.0,17.0,1020.0,1.0,gtfs_frequencies_typical_weekday,3747.48,168102.0,79.095,2.817,1.304,0.0,0.471,True,False,56.0,C,ordered-stop planning approximation,True,DERIVED,0,historic_only,uncertain,,,historic_gtfs_baseline,sakay_gtfs_master_historic,No current route validation supplied.,,,False,,historic_only,pier-south__sta-ana,3.538377789874796,306.1666666666667,0,3747.48,DERIVED,sakay_gtfs_master_historic|worldpop_phl_2020_1km
LTFRB_PUJ1550,,"Proj. 2 & 3 - Recto via Kamuning, E. Rodriguez","Claro M. Recto Ave / Nicanor Reyes Street Intersection, Manila - Molave, Quezon City, Manila",725327,11.483,stop_sequence_approx,49,1.0,17.0,1020.0,1.0,gtfs_frequencies_typical_weekday,11712.66,612882.2,92.947,9.017,1.274,0.0,0.345,True,False,56.0,C,ordered-stop planning approximation,True,DERIVED,1,historic_only,uncertain,,,historic_gtfs_baseline,sakay_gtfs_master_historic,No current route validation supplied.,,,False,,historic_only,proj-2-3__recto,4.267177566837934,239.22916666666666,0,11712.66,DERIVED,sakay_gtfs_master_historic|worldpop_phl_2020_1km
LTFRB_PUJ1551,,"Proj. 2 & 3 - Recto via Kamuning, E. Rodriguez","Molave, Quezon City, Manila - Claro M. Recto Ave / Nicanor Reyes Street Intersection, Manila",725047,11.483,stop_sequence_approx,49,1.0,17.0,1020.0,2.0,gtfs_frequencies_typical_weekday,11712.66,612882.2,92.947,9.017,1.274,0.0,0.345,True,False,56.0,C,ordered-stop planning approximation,True,DERIVED,1,historic_only,uncertain,,,historic_gtfs_baseline,sakay_gtfs_master_historic,No current route validation supplied.,,,False,,historic_only,proj-2-3__recto,4.267177566837934,239.22916666666666,0,11712.66,DERIVED,sakay_gtfs_master_historic|worldpop_phl_2020_1km
LTFRB_PUJ1552,,Proj. 2 & 3 - T. M. Kalaw via E. Rodriguez,"T.M. Kalaw / Maria Y. Orosa St - Molave, Quezon City, Manila",726030,12.852,stop_sequence_approx,48,1.0,17.0,1020.0,1.0,gtfs_frequencies_typical_weekday,13109.04,663030.3,90.661,10.537,1.22,0.0,0.456,True,False,56.0,C,ordered-stop planning approximation,True,DERIVED,0,historic_only,uncertain,,,historic_gtfs_baseline,sakay_gtfs_master_historic,No current route validation supplied.,,,False,,historic_only,proj-2-3__t-m-kalaw,3.734827264239029,273.4468085106383,0,13109.04,DERIVED,sakay_gtfs_master_historic|worldpop_phl_2020_1km
LTFRB_PUJ1554,,"Proj. 2 & 3 - Q. Mart via Anonas, Kamias","Kamias Rd / Colonel Salgado Intersection, Quezon City, Manila - Molave, Quezon City, Manila",724901,2.877,stop_sequence_approx,13,1.0,17.0,1020.0,2.0,gtfs_frequencies_typical_weekday,2934.54,172116.0,92.728,2.372,1.213,0.0,0.349,True,False,56.0,C,ordered-stop planning approximation,True,DERIVED,0,historic_only,uncertain,,,historic_gtfs_baseline,sakay_gtfs_master_historic,No current route validation supplied.,,,False,,historic_only,proj-2-3__q-mart,4.518595759471673,239.75,0,2934.54,DERIVED,sakay_gtfs_master_historic|worldpop_phl_2020_1km
LTFRB_PUJ1555,,"Proj. 2 & 3 - Q. Mart via Anonas, Kamias","Molave, Quezon City, Manila - Kamias Rd / Colonel Salgado Intersection, Quezon City, Manila",726326,3.505,stop_sequence_approx,16,1.0,17.0,1020.0,1.0,gtfs_frequencies_typical_weekday,3575.1,172116.0,92.728,2.372,1.478,0.0,0.405,True,False,56.0,C,ordered-stop planning approximation,True,DERIVED,0,historic_only,uncertain,,,historic_gtfs_baseline,sakay_gtfs_master_historic,No current route validation supplied.,,,False,,historic_only,proj-2-3__q-mart,4.56490727532097,233.66666666666666,0,3575.1,DERIVED,sakay_gtfs_master_historic|worldpop_phl_2020_1km
LTFRB_PUJ1557,,Proj. 6 - T.M. Kalaw via Quezon Ave.,"Emensto Rondon High School, Road 3, Quezon City - Taft Ave / T.M. Kalaw Intersection, Manila",725319,14.719,stop_sequence_approx,68,1.0,17.0,1020.0,2.0,gtfs_frequencies_typical_weekday,15013.38,661362.9,87.283,10.58,1.391,0.0147,0.405,True,True,48.0,D,ordered-stop planning approximation | self-intersection detected,True,DERIVED,2,historic_only,uncertain,,,historic_gtfs_baseline,sakay_gtfs_master_historic,No current route validation supplied.,,,False,,historic_only,proj-6__t-m-kalaw,4.619879067871459,219.6865671641791,0,15013.38,DERIVED,sakay_gtfs_master_historic|worldpop_phl_2020_1km
LTFRB_PUJ1558,,"Proj. 7 - T.M. Kalaw via Roosevelt, Quezon Ave.","T.M. Kalaw / Maria Y. Orosa St - Dangay / Bansalangin Intersection, Quezon City",724706,11.247,stop_sequence_approx,53,1.0,17.0,1020.0,1.0,gtfs_frequencies_typical_weekday,11471.94,628650.8,90.978,9.388,1.198,0.0,0.456,True,False,56.0,C,ordered-stop planning approximation,True,DERIVED,0,historic_only,uncertain,,,historic_gtfs_baseline,sakay_gtfs_master_historic,No current route validation supplied.,,,False,,historic_only,proj-7__t-m-kalaw,4.712367742509113,216.28846153846155,0,11471.94,DERIVED,sakay_gtfs_master_historic|worldpop_phl_2020_1km
LTFRB_PUJ1559,,"Proj. 7 - T.M. Kalaw via Roosevelt, Quezon Ave.","Dangay / Bansalangin Intersection, Quezon City - T.M. Kalaw / Maria Y. Orosa St",725224,12.946,stop_sequence_approx,64,1.0,17.0,1020.0,1.0,gtfs_frequencies_typical_weekday,13204.92,658286.9,91.384,9.388,1.379,0.0,0.405,True,False,56.0,C,ordered-stop planning approximation,True,DERIVED,0,historic_only,uncertain,,,historic_gtfs_baseline,sakay_gtfs_master_historic,No current route validation supplied.,,,False,,historic_only,proj-7__t-m-kalaw,4.943611926463773,205.4920634920635,0,13204.92,DERIVED,sakay_gtfs_master_historic|worldpop_phl_2020_1km
LTFRB_PUJ1560,,Proj. 8 - T.M. Kalaw via Quezon Ave.,"T.M. Kalaw / Maria Y. Orosa St - Jetti Petrol Station, Tanding Sora Avenue, Quezon City",726065,15.487,stop_sequence_approx,74,1.0,17.0,1020.0,1.0,gtfs_frequencies_typical_weekday,15796.74,762538.3,91.508,11.801,1.312,0.0541,0.456,True,True,48.0,D,ordered-stop planning approximation | self-intersection detected,True,DERIVED,3,historic_only,uncertain,,,historic_gtfs_baseline,sakay_gtfs_master_historic,No current route validation supplied.,,,False,,historic_only,proj-8__t-m-kalaw,4.778201071866727,212.15068493150685,0,15796.74,DERIVED,sakay_gtfs_master_historic|worldpop_phl_2020_1km
LTFRB_PUJ1561,,Proj. 8 - T.M. Kalaw via Quezon Ave.,"Jetti Petrol Station, Tanding Sora Avenue, Quezon City - T.M. Kalaw / Maria Y. Orosa St",725203,15.712,stop_sequence_approx,73,1.0,17.0,1020.0,1.0,gtfs_frequencies_typical_weekday,16026.24,747231.3,92.41,11.801,1.331,0.0411,0.405,True,True,48.0,D,ordered-stop planning approximation | self-intersection detected,True,DERIVED,1,historic_only,uncertain,,,historic_gtfs_baseline,sakay_gtfs_master_historic,No current route validation supplied.,,,False,,historic_only,proj-8__t-m-kalaw,4.646130346232179,218.22222222222223,0,16026.24,DERIVED,sakay_gtfs_master_historic|worldpop_phl_2020_1km
LTFRB_PUJ1562,,Punta - Quiapo (Barbosa) via Sta. Mesa,"Quezon Blvd, Manila - F Y Manalo, Manila",725861,7.074,stop_sequence_approx,23,1.0,17.0,1020.0,1.0,gtfs_frequencies_typical_weekday,7215.48,427919.9,95.741,3.27,2.163,0.0,0.433,True,False,56.0,C,ordered-stop planning approximation,True,DERIVED,0,historic_only,uncertain,,,historic_gtfs_baseline,sakay_gtfs_master_historic,No current route validation supplied.,,,False,,historic_only,punta__quiapo-barbosa,3.2513429459994345,321.54545454545456,0,7215.48,DERIVED,sakay_gtfs_master_historic|worldpop_phl_2020_1km
LTFRB_PUJ1563,,Punta - Quiapo (Barbosa) via Sta. Mesa,"F Y Manalo, Manila - Quezon Blvd, Manila",725287,6.919,stop_sequence_approx,23,1.0,17.0,1020.0,1.0,gtfs_frequencies_typical_weekday,7057.379999999999,427919.9,95.741,3.27,2.116,0.0,0.433,True,False,56.0,C,ordered-stop planning approximation,True,DERIVED,0,historic_only,uncertain,,,historic_gtfs_baseline,sakay_gtfs_master_historic,No current route validation supplied.,,,False,,historic_only,punta__quiapo-barbosa,3.32417979476803,314.5,0,7057.379999999999,DERIVED,sakay_gtfs_master_historic|worldpop_phl_2020_1km
LTFRB_PUJ1564,,Punta - Pier via Manila City Hall,"Mendiola / Legarda Intersection, Manila - F Y Manalo, Manila",725737,6.316,stop_sequence_approx,21,1.0,17.0,1020.0,1.0,gtfs_frequencies_typical_weekday,6442.32,420116.0,97.519,2.761,2.288,0.0,0.433,True,False,56.0,C,ordered-stop planning approximation,True,DERIVED,0,historic_only,uncertain,,,historic_gtfs_baseline,sakay_gtfs_master_historic,No current route validation supplied.,,,False,,historic_only,pier__punta,3.324889170360988,315.8,0,6442.32,DERIVED,sakay_gtfs_master_historic|worldpop_phl_2020_1km
LTFRB_PUJ1565,,Punta - Pier via Manila City Hall,"F Y Manalo, Manila - Mendiola / Legarda Intersection, Manila",726179,6.243,stop_sequence_approx,21,1.0,17.0,1020.0,1.0,gtfs_frequencies_typical_weekday,6367.860000000001,420116.0,97.519,2.761,2.261,0.0,0.433,True,False,56.0,C,ordered-stop planning approximation,True,DERIVED,0,historic_only,uncertain,,,historic_gtfs_baseline,sakay_gtfs_master_historic,No current route validation supplied.,,,False,,historic_only,pier__punta,3.363767419509851,312.15,0,6367.860000000001,DERIVED,sakay_gtfs_master_historic|worldpop_phl_2020_1km
LTFRB_PUJ1566,,Queens Row Vill. - Talon via Marcos Alvarez,"Marcos Alvarez Ave / Alvarez Extension Intersection, Las Piñas City, Manila - Alabang-Zapote Road, Las Piñas City, Manila",725981,2.276,stop_sequence_approx,10,1.0,17.0,1020.0,1.0,gtfs_frequencies_typical_weekday,2321.52,107554.1,65.129,2.168,1.05,0.0,0.318,True,False,44.0,D,ordered-stop planning approximation | few representative stops,True,DERIVED,0,historic_only,uncertain,,,historic_gtfs_baseline,sakay_gtfs_master_historic,No current route validation supplied.,,,False,,historic_only,queens-row-vill__talon,4.393673110720563,252.88888888888889,0,2321.52,DERIVED,sakay_gtfs_master_historic|worldpop_phl_2020_1km
LTFRB_PUJ1567,,Queens Row Vill. - Talon via Marcos Alvarez,"Alabang-Zapote Road, Las Piñas City, Manila - Un-named road near Alvarez Extension, Las Piñas City, Manila",725350,2.794,stop_sequence_approx,12,1.0,17.0,1020.0,1.0,gtfs_frequencies_typical_weekday,2849.88,116801.2,59.973,2.328,1.2,0.0,0.318,True,False,56.0,C,ordered-stop planning approximation,True,DERIVED,0,historic_only,uncertain,,,historic_gtfs_baseline,sakay_gtfs_master_historic,No current route validation supplied.,,,False,,historic_only,queens-row-vill__talon,4.294917680744453,254.0,0,2849.88,DERIVED,sakay_gtfs_master_historic|worldpop_phl_2020_1km
LTFRB_PUJ1568,,Quezon Ave. - Sta. Mesa Mkt. via Araneta Ave.,"Kapiligan / Guirayan, Quezon City - Gregorio Araneta Ave, Quezon City, Manila",726352,3.018,stop_sequence_approx,11,1.0,17.0,1020.0,1.0,gtfs_frequencies_typical_weekday,3078.36,208003.2,93.576,2.267,1.331,0.0,0.387,True,False,44.0,D,ordered-stop planning approximation | few representative stops,True,DERIVED,0,historic_only,uncertain,,,historic_gtfs_baseline,sakay_gtfs_master_historic,No current route validation supplied.,,,False,,historic_only,quezon-ave__sta-mesa-mkt,3.644797879390325,301.8,0,3078.36,DERIVED,sakay_gtfs_master_historic|worldpop_phl_2020_1km
LTFRB_PUJ1569,,Quezon Ave. - Sta. Mesa Mkt. via Araneta Ave.,"Gregorio Araneta Ave, Quezon City, Manila - Kapiligan / Guirayan, Quezon City",726066,2.439,stop_sequence_approx,9,1.0,17.0,1020.0,1.0,gtfs_frequencies_typical_weekday,2487.78,208003.2,93.576,2.267,1.076,0.0,0.387,True,False,44.0,D,ordered-stop planning approximation | few representative stops,True,DERIVED,0,historic_only,uncertain,,,historic_gtfs_baseline,sakay_gtfs_master_historic,No current route validation supplied.,,,False,,historic_only,quezon-ave__sta-mesa-mkt,3.6900369003690034,304.875,0,2487.78,DERIVED,sakay_gtfs_master_historic|worldpop_phl_2020_1km
LTFRB_PUJ1570,,Quezon Ave./Sct. Chuatoco - Roxas Dist.,"Quezon Avenue / Scout Chuatoco Intersection, Quezon City - Don Alejandro Roces Ave / Scout Reyes Intersection, Quezon City, Manila",725742,1.466,stop_sequence_approx,5,1.0,17.0,1020.0,1.0,gtfs_frequencies_typical_weekday,1495.32,122412.1,72.185,1.077,1.361,0.0,0.564,True,False,44.0,D,ordered-stop planning approximation | few representative stops,True,DERIVED,0,historic_only,uncertain,,,historic_gtfs_baseline,sakay_gtfs_master_historic,No current route validation supplied.,,,False,,historic_only,quezon-ave-sct-chuatoco__roxas-dist,3.4106412005457027,366.5,0,1495.32,DERIVED,sakay_gtfs_master_historic|worldpop_phl_2020_1km
LTFRB_PUJ1571,,Quezon Ave./Sct. Chuatoco - Roxas Dist.,"Don Alejandro Roces Ave / Scout Reyes Intersection, Quezon City, Manila - Quezon Avenue / Scout Chuatoco Intersection, Quezon City",726140,1.322,stop_sequence_approx,5,1.0,17.0,1020.0,1.0,gtfs_frequencies_typical_weekday,1348.44,109049.4,81.031,1.077,1.227,0.0,0.438,True,False,44.0,D,ordered-stop planning approximation | few representative stops,True,DERIVED,0,historic_only,uncertain,,,historic_gtfs_baseline,sakay_gtfs_master_historic,No current route validation supplied.,,,False,,historic_only,quezon-ave-sct-chuatoco__roxas-dist,3.7821482602118,330.5,0,1348.44,DERIVED,sakay_gtfs_master_historic|worldpop_phl_2020_1km
LTFRB_PUJ1572,,Quiapo (Barbosa) - San Juan via Legarda,"Quezon Blvd, Manila - N.Domingo, San Juan, Manila",726007,5.896,stop_sequence_approx,19,1.0,17.0,1020.0,1.0,gtfs_frequencies_typical_weekday,6013.92,366251.7,89.158,5.264,1.12,0.0,0.541,True,False,56.0,C,ordered-stop planning approximation,True,DERIVED,0,historic_only,uncertain,,,historic_gtfs_baseline,sakay_gtfs_master_historic,No current route validation supplied.,,,False,,historic_only,quiapo-barbosa__san-juan,3.2225237449118045,327.55555555555554,0,6013.92,DERIVED,sakay_gtfs_master_historic|worldpop_phl_2020_1km
LTFRB_PUJ1573,,Quiapo (Barbosa) - San Juan via Legarda,"N.Domingo, San Juan, Manila - Quezon Blvd, Manila",725542,5.741,stop_sequence_approx,19,1.0,17.0,1020.0,1.0,gtfs_frequencies_typical_weekday,5855.82,366251.7,89.158,5.264,1.091,0.0,0.541,True,False,56.0,C,ordered-stop planning approximation,True,DERIVED,0,historic_only,uncertain,,,historic_gtfs_baseline,sakay_gtfs_master_historic,No current route validation supplied.,,,False,,historic_only,quiapo-barbosa__san-juan,3.309527956801951,318.94444444444446,0,5855.82,DERIVED,sakay_gtfs_master_historic|worldpop_phl_2020_1km
LTFRB_PUJ1574,,"Recto - Roxas Dist. via Quezon Ave., Espana","España Blvd / Nicanor Reyes St Intersection, Manila - Don Alejandro Roces Ave / Scout Reyes Intersection, Quezon City, Manila",724840,6.608,stop_sequence_approx,26,1.0,17.0,1020.0,1.0,gtfs_frequencies_typical_weekday,6740.16,429512.6,89.274,4.935,1.339,0.0,0.451,True,False,56.0,C,ordered-stop planning approximation,True,DERIVED,0,historic_only,uncertain,,,historic_gtfs_baseline,sakay_gtfs_master_historic,No current route validation supplied.,,,False,,historic_only,recto__roxas-dist,3.934624697336562,264.32,0,6740.16,DERIVED,sakay_gtfs_master_historic|worldpop_phl_2020_1km
LTFRB_PUJ1575,,"Recto - Roxas Dist. via Quezon Ave., Espana","Don Alejandro Roces Ave / Scout Reyes Intersection, Quezon City, Manila - España Blvd / Nicanor Reyes St Intersection, Manila",724605,5.58,stop_sequence_approx,24,1.0,17.0,1020.0,1.0,gtfs_frequencies_typical_weekday,5691.6,408059.9,88.71,4.935,1.131,0.0,0.451,True,False,56.0,C,ordered-stop planning approximation,True,DERIVED,0,historic_only,uncertain,,,historic_gtfs_baseline,sakay_gtfs_master_historic,No current route validation supplied.,,,False,,historic_only,recto__roxas-dist,4.301075268817204,242.6086956521739,0,5691.6,DERIVED,sakay_gtfs_master_historic|worldpop_phl_2020_1km
LTFRB_PUJ1576,,"Recto - SSS Village via Aurora Blvd., Espana","Quezon Blvd / P.Paredes Intersection, Manila - Horizon St, Marikina City, Manila",725989,18.934,stop_sequence_approx,70,1.0,17.0,1020.0,1.0,gtfs_frequencies_typical_weekday,19312.68,812887.9,84.739,15.511,1.221,0.0,0.448,True,False,56.0,C,ordered-stop planning approximation,True,DERIVED,0,historic_only,uncertain,,,historic_gtfs_baseline,sakay_gtfs_master_historic,No current route validation supplied.,,,False,,historic_only,recto__sss-village,3.697052920671807,274.40579710144925,0,19312.68,DERIVED,sakay_gtfs_master_historic|worldpop_phl_2020_1km
LTFRB_PUJ1577,,"Recto - SSS Village via Aurora Blvd., Espana","Horizon St, Marikina City, Manila - Quezon Blvd / P.Paredes Intersection, Manila",725533,19.095,stop_sequence_approx,72,1.0,17.0,1020.0,1.0,gtfs_frequencies_typical_weekday,19476.9,812887.9,84.739,15.511,1.231,0.0,0.432,True,False,56.0,C,ordered-stop planning approximation,True,DERIVED,0,historic_only,uncertain,,,historic_gtfs_baseline,sakay_gtfs_master_historic,No current route validation supplied.,,,False,,historic_only,recto__sss-village,3.7706205813040063,268.943661971831,0,19476.9,DERIVED,sakay_gtfs_master_historic|worldpop_phl_2020_1km
LTFRB_PUJ1578,,"Rosario Jct. - San Juan via Pinaglabanan, Ortigas","N.Domingo,  San Juan, Manila - Ortigas Ave / Dr Sixto Antonio Ave Intersection, Pasig City, Manila",724927,7.332,stop_sequence_approx,24,1.0,17.0,1020.0,1.0,gtfs_frequencies_typical_weekday,7478.639999999999,257039.6,66.567,6.712,1.092,0.0,0.541,True,False,56.0,C,ordered-stop planning approximation,True,DERIVED,0,historic_only,uncertain,,,historic_gtfs_baseline,sakay_gtfs_master_historic,No current route validation supplied.,,,False,,historic_only,rosario-jct__san-juan,3.2733224222585924,318.7826086956522,0,7478.639999999999,DERIVED,sakay_gtfs_master_historic|worldpop_phl_2020_1km
LTFRB_PUJ1580,,"San Juan (Pinaglabanan) - San Juan, Taytay (Resettlement Area)","N.Domingo,  San Juan, Manila - Ejercito Ave, Pasig City, Manila",724676,15.404,stop_sequence_approx,62,1.0,17.0,1020.0,1.0,gtfs_frequencies_typical_weekday,15712.08,706152.5,79.098,11.394,1.352,0.0,0.541,True,False,56.0,C,ordered-stop planning approximation,True,DERIVED,0,historic_only,uncertain,,,historic_gtfs_baseline,sakay_gtfs_master_historic,No current route validation supplied.,,,False,,historic_only,san-juan-pinaglabanan__san-juan-taytay-resettlement-area,4.024928589976629,252.52459016393442,0,15712.08,DERIVED,sakay_gtfs_master_historic|worldpop_phl_2020_1km
LTFRB_PUJ1581,,"San Juan (Pinaglabanan) - San Juan, Taytay (Resettlement Area)","Ejercito Ave, Pasig City, Manila - N.Domingo,  San Juan, Manila",725868,15.05,stop_sequence_approx,60,1.0,17.0,1020.0,1.0,gtfs_frequencies_typical_weekday,15351.0,706152.5,79.098,11.394,1.321,0.0,0.541,True,False,56.0,C,ordered-stop planning approximation,True,DERIVED,0,historic_only,uncertain,,,historic_gtfs_baseline,sakay_gtfs_master_historic,No current route validation supplied.,,,False,,historic_only,san-juan-pinaglabanan__san-juan-taytay-resettlement-area,3.9867109634551494,255.08474576271186,0,15351.0,DERIVED,sakay_gtfs_master_historic|worldpop_phl_2020_1km
LTFRB_PUJ1582,,"San Andres Mkt. - Sta. Ana via P. Faura, P. Gil","Philipine General Hospital, Pedro Gil, Manila - New Panaderos Extension / 34 Rte Rev. G. Aglipay Intersection, Mandaluyong City",725750,4.555,stop_sequence_approx,13,1.0,17.0,1020.0,1.0,gtfs_frequencies_typical_weekday,4646.099999999999,403756.8,94.12,4.422,1.03,0.0,0.616,True,False,56.0,C,ordered-stop planning approximation,True,DERIVED,0,historic_only,uncertain,,,historic_gtfs_baseline,sakay_gtfs_master_historic,No current route validation supplied.,,,False,,historic_only,san-andres-mkt__sta-ana,2.8540065861690453,379.5833333333333,0,4646.099999999999,DERIVED,sakay_gtfs_master_historic|worldpop_phl_2020_1km
LTFRB_PUJ1583,,"San Andres Mkt. - Sta. Ana via P. Faura, P. Gil","New Panaderos Extension / 34 Rte Rev. G. Aglipay Intersection, Mandaluyong City - Philipine General Hospital, Pedro Gil, Manila",725221,6.137,stop_sequence_approx,19,1.0,17.0,1020.0,1.0,gtfs_frequencies_typical_weekday,6259.74,457143.8,91.984,4.422,1.388,0.0,0.616,True,False,56.0,C,ordered-stop planning approximation,True,DERIVED,1,historic_only,uncertain,,,historic_gtfs_baseline,sakay_gtfs_master_historic,No current route validation supplied.,,,False,,historic_only,san-andres-mkt__sta-ana,3.0959752321981426,340.94444444444446,0,6259.74,DERIVED,sakay_gtfs_master_historic|worldpop_phl_2020_1km
LTFRB_PUJ1584,,San Miguel - Ikot,"Mayor Antonio J. Villegas Rd, Manilla - Manuel Quezon University, R Hidalgo, Manila",726241,2.26,stop_sequence_approx,10,1.0,17.0,1020.0,1.0,gtfs_frequencies_typical_weekday,2305.2,129997.4,77.793,0.975,2.317,0.0,0.325,True,False,44.0,D,ordered-stop planning approximation | few representative stops,True,DERIVED,0,historic_only,uncertain,,,historic_gtfs_baseline,sakay_gtfs_master_historic,No current route validation supplied.,,,False,,historic_only,ikot__san-miguel,4.424778761061948,251.11111111111111,0,2305.2,DERIVED,sakay_gtfs_master_historic|worldpop_phl_2020_1km
LTFRB_PUJ1585,,San Miguel - Ikot,"Manuel Quezon University, R Hidalgo, Manila - Mayor Antonio J. Villegas Rd, Manilla",724820,1.916,stop_sequence_approx,9,1.0,17.0,1020.0,1.0,gtfs_frequencies_typical_weekday,1954.32,129997.4,77.793,0.975,1.965,0.0,0.325,True,False,44.0,D,ordered-stop planning approximation | few representative stops,True,DERIVED,0,historic_only,uncertain,,,historic_gtfs_baseline,sakay_gtfs_master_historic,No current route validation supplied.,,,False,,historic_only,ikot__san-miguel,4.697286012526096,239.5,0,1954.32,DERIVED,sakay_gtfs_master_historic|worldpop_phl_2020_1km
LTFRB_PUJ1587,,Santol - Pina Ave. via Buenos Aires,"Blak na Bato, Quezon City - Ramon Magsaysay Blvd / Altura Intersection, Manila",726339,1.699,stop_sequence_approx,7,1.0,17.0,1020.0,1.0,gtfs_frequencies_typical_weekday,1732.98,145716.0,100.0,1.288,1.319,0.0,0.354,True,False,44.0,D,ordered-stop planning approximation | few representative stops,True,DERIVED,0,historic_only,uncertain,,,historic_gtfs_baseline,sakay_gtfs_master_historic,No current route validation supplied.,,,False,,historic_only,pina-ave__santol,4.120070629782225,283.1666666666667,0,1732.98,DERIVED,sakay_gtfs_master_historic|worldpop_phl_2020_1km
LTFRB_PUJ1588,,SSS Village - Stop & Shop via Aurora Blvd.,"Ramon Magsaysay Blvd / Altura Intersection, Manila - Horizon St, Marikina City, Manila",725612,16.848,stop_sequence_approx,61,1.0,17.0,1020.0,1.0,gtfs_frequencies_typical_weekday,17184.96,562041.2,75.46,13.175,1.279,0.0,0.541,True,False,56.0,C,ordered-stop planning approximation,True,DERIVED,1,historic_only,uncertain,,,historic_gtfs_baseline,sakay_gtfs_master_historic,No current route validation supplied.,,,False,,historic_only,sss-village__stop-shop,3.620607787274454,280.8,0,17184.96,DERIVED,sakay_gtfs_master_historic|worldpop_phl_2020_1km
LTFRB_PUJ1589,,SSS Village - Stop & Shop via Aurora Blvd.,"Horizon St, Marikina City, Manila - Ramon Magsaysay Blvd / Altura Intersection, Manila",726211,16.685,stop_sequence_approx,61,1.0,17.0,1020.0,1.0,gtfs_frequencies_typical_weekday,17018.699999999997,586956.8,80.358,13.175,1.266,0.0,0.466,True,False,56.0,C,ordered-stop planning approximation,True,DERIVED,1,historic_only,uncertain,,,historic_gtfs_baseline,sakay_gtfs_master_historic,No current route validation supplied.,,,False,,historic_only,sss-village__stop-shop,3.655978423733893,278.0833333333333,0,17018.699999999997,DERIVED,sakay_gtfs_master_historic|worldpop_phl_2020_1km
LTFRB_PUJ1590,,Sucat Hi-way - Bagumbayan,"Dr A. Santos Ave, Parañaque City, Manila - Manuel L. Quezon, Manila",725241,3.125,stop_sequence_approx,10,1.0,17.0,1020.0,1.0,gtfs_frequencies_typical_weekday,3187.5,70714.6,58.398,2.302,1.358,0.0,0.76,True,False,44.0,D,ordered-stop planning approximation | few representative stops,True,DERIVED,0,historic_only,uncertain,,,historic_gtfs_baseline,sakay_gtfs_master_historic,No current route validation supplied.,,,False,,historic_only,bagumbayan__sucat-hi__way,3.2,347.22222222222223,0,3187.5,DERIVED,sakay_gtfs_master_historic|worldpop_phl_2020_1km
LTFRB_PUJ1591,,Sucat Hi-way - Bagumbayan,"Manuel L. Quezon, Manila - Dr A. Santos Ave, Parañaque City, Manila",725352,3.125,stop_sequence_approx,10,1.0,17.0,1020.0,1.0,gtfs_frequencies_typical_weekday,3187.5,70714.6,58.398,2.302,1.358,0.0,0.76,True,False,44.0,D,ordered-stop planning approximation | few representative stops,True,DERIVED,0,historic_only,uncertain,,,historic_gtfs_baseline,sakay_gtfs_master_historic,No current route validation supplied.,,,False,,historic_only,bagumbayan__sucat-hi__way,3.2,347.22222222222223,0,3187.5,DERIVED,sakay_gtfs_master_historic|worldpop_phl_2020_1km
LTFRB_PUJ1592,,Sucat - Market-Market,"South Luzon Expressway / E Service Rd Intersection, Muntinlupa City, Manila - 26th Street / McKinley Pkwy Intersection, Taguig City, Manila",724823,13.517,stop_sequence_approx,35,1.0,17.0,1020.0,1.0,gtfs_frequencies_typical_weekday,13787.34,510208.2,85.247,10.997,1.229,0.0,0.686,True,False,56.0,C,ordered-stop planning approximation,True,DERIVED,0,historic_only,uncertain,,,historic_gtfs_baseline,sakay_gtfs_master_historic,No current route validation supplied.,,,False,,historic_only,market__market__sucat,2.589331952356292,397.55882352941177,0,13787.34,DERIVED,sakay_gtfs_master_historic|worldpop_phl_2020_1km
LTFRB_PUJ1593,,Sucat - Market-Market,"26th Street / McKinley Pkwy Intersection, Taguig City, Manila - South Luzon Expressway / E Service Rd Intersection, Muntinlupa City, Manila",726234,13.172,stop_sequence_approx,34,1.0,17.0,1020.0,1.0,gtfs_frequencies_typical_weekday,13435.44,480466.3,84.334,10.997,1.198,0.0,0.686,True,False,56.0,C,ordered-stop planning approximation,True,DERIVED,0,historic_only,uncertain,,,historic_gtfs_baseline,sakay_gtfs_master_historic,No current route validation supplied.,,,False,,historic_only,market__market__sucat,2.58123291831157,399.1515151515151,0,13435.44,DERIVED,sakay_gtfs_master_historic|worldpop_phl_2020_1km
LTFRB_PUJ1594,,T.M. Kalaw - Balara via Katipunan,"Quezon Blvd, Manila - St Peter Chapels, Commonwealth Avenue, Quezon City",725663,12.192,stop_sequence_approx,52,1.0,17.0,1020.0,2.0,gtfs_frequencies_typical_weekday,12435.84,600599.9,76.14,11.524,1.058,0.0,0.55,True,False,56.0,C,ordered-stop planning approximation,True,DERIVED,1,historic_only,uncertain,,,historic_gtfs_baseline,sakay_gtfs_master_historic,No current route validation supplied.,,,False,,historic_only,balara__t-m-kalaw,4.2650918635170605,239.05882352941177,0,12435.84,DERIVED,sakay_gtfs_master_historic|worldpop_phl_2020_1km
LTFRB_PUJ1595,,T.M. Kalaw - Balara via Katipunan,"St Peter Chapels, Commonwealth Avenue, Quezon City - Quezon Blvd, Manila",724858,12.237,stop_sequence_approx,54,1.0,17.0,1020.0,1.0,gtfs_frequencies_typical_weekday,12481.74,600599.9,76.14,11.524,1.062,0.0,0.368,True,False,56.0,C,ordered-stop planning approximation,True,DERIVED,1,historic_only,uncertain,,,historic_gtfs_baseline,sakay_gtfs_master_historic,No current route validation supplied.,,,False,,historic_only,balara__t-m-kalaw,4.412846285854376,230.88679245283018,0,12481.74,DERIVED,sakay_gtfs_master_historic|worldpop_phl_2020_1km
LTFRB_PUJ1596,,"Talon - Pailiparan (Dasmarinas, Cavite) via Molino Rd.","Mabuhay Commercial / Paliparan Rd, Lungsod ng Dasmariñas, Manila - Alabang-Zapote Road, Muntinlupa City, Manila",725634,17.073,stop_sequence_approx,67,1.0,17.0,1020.0,1.0,gtfs_frequencies_typical_weekday,17414.46,430079.1,57.175,12.738,1.34,0.0,0.438,True,False,56.0,C,ordered-stop planning approximation,True,DERIVED,1,historic_only,uncertain,,,historic_gtfs_baseline,sakay_gtfs_master_historic,No current route validation supplied.,,,False,,historic_only,pailiparan-dasmarinas-cavite__talon,3.9243249575352896,258.6818181818182,0,17414.46,DERIVED,sakay_gtfs_master_historic|worldpop_phl_2020_1km
LTFRB_PUJ1597,,"Talon - Pailiparan (Dasmarinas, Cavite) via Molino Rd.","Alabang-Zapote Road, Muntinlupa City, Manila - Mabuhay Commercial / Paliparan Rd, Lungsod ng Dasmariñas, Manila",725113,17.083,stop_sequence_approx,68,1.0,17.0,1020.0,1.0,gtfs_frequencies_typical_weekday,17424.66,430079.1,57.175,12.738,1.341,0.0,0.438,True,False,56.0,C,ordered-stop planning approximation,True,DERIVED,1,historic_only,uncertain,,,historic_gtfs_baseline,sakay_gtfs_master_historic,No current route validation supplied.,,,False,,historic_only,pailiparan-dasmarinas-cavite__talon,3.9805654744482823,254.97014925373134,0,17424.66,DERIVED,sakay_gtfs_master_historic|worldpop_phl_2020_1km
LTFRB_PUJ1598,,"Golden City Subd. - Molino Market via Talon, Molino Rd.","Paliparan Rd, Lungsod ng Dasmariñas, Manila - Alabang-Zapote Road / Southmall Access Rd Intersection, Muntinlupa City, Manila",725284,13.285,stop_sequence_approx,50,1.0,17.0,1020.0,1.0,gtfs_frequencies_typical_weekday,13550.7,385728.2,63.749,10.363,1.282,0.0,0.438,True,False,56.0,C,ordered-stop planning approximation,True,DERIVED,1,historic_only,uncertain,,,historic_gtfs_baseline,sakay_gtfs_master_historic,No current route validation supplied.,,,False,,historic_only,golden-city-subd__molino-market,3.763643206624012,271.1224489795918,0,13550.7,DERIVED,sakay_gtfs_master_historic|worldpop_phl_2020_1km
LTFRB_PUJ1599,,"Golden City Subd. - Molino Market via Talon, Molino Rd.","Alabang-Zapote Road / Southmall Access Rd Intersection, Muntinlupa City, Manila - Paliparan Rd, Lungsod ng Dasmariñas, Manila",725624,13.285,stop_sequence_approx,50,1.0,17.0,1020.0,1.0,gtfs_frequencies_typical_weekday,13550.7,385728.2,63.749,10.363,1.282,0.0,0.438,True,False,56.0,C,ordered-stop planning approximation,True,DERIVED,1,historic_only,uncertain,,,historic_gtfs_baseline,sakay_gtfs_master_historic,No current route validation supplied.,,,False,,historic_only,golden-city-subd__molino-market,3.763643206624012,271.1224489795918,0,13550.7,DERIVED,sakay_gtfs_master_historic|worldpop_phl_2020_1km
LTFRB_PUJ1600,,Tanza - Zapote (Las Pinas) via Aguinaldo Hi-way,"Tirona Hwy, Bacoor City, Manila - Quirino Ave, Bacoor City, Manila",726369,2.272,stop_sequence_approx,10,1.0,17.0,1020.0,1.0,gtfs_frequencies_typical_weekday,2317.44,209151.9,93.442,2.022,1.124,0.0,0.328,True,False,44.0,D,ordered-stop planning approximation | few representative stops,True,DERIVED,0,historic_only,uncertain,,,historic_gtfs_baseline,sakay_gtfs_master_historic,No current route validation supplied.,,,False,,historic_only,tanza__zapote-las-pinas,4.401408450704226,252.44444444444446,0,2317.44,DERIVED,sakay_gtfs_master_historic|worldpop_phl_2020_1km
LTFRB_PUJ1601,,Tanza - Zapote (Las Pinas) via Aguinaldo Hi-way,"Quirino Ave, Bacoor City, Manila - Tirona Hwy, Bacoor City, Manila",725821,2.272,stop_sequence_approx,10,1.0,17.0,1020.0,1.0,gtfs_frequencies_typical_weekday,2317.44,209151.9,93.442,2.022,1.124,0.0,0.328,True,False,44.0,D,ordered-stop planning approximation | few representative stops,True,DERIVED,0,historic_only,uncertain,,,historic_gtfs_baseline,sakay_gtfs_master_historic,No current route validation supplied.,,,False,,historic_only,tanza__zapote-las-pinas,4.401408450704226,252.44444444444446,0,2317.44,DERIVED,sakay_gtfs_master_historic|worldpop_phl_2020_1km
LTFRB_PUJ1602,,Tandang Sora - Visayas Ave. via Q.C. Hall,"Kalayaan Ave / Elliptical Rd Intersection, Quezon City, Manila - Visayas Avenue Wet and Dry Market, Visayas Avenue Quezon City",725233,3.383,stop_sequence_approx,14,1.0,17.0,1020.0,1.0,gtfs_frequencies_typical_weekday,3450.66,179767.9,71.943,3.038,1.113,0.0,0.456,True,False,56.0,C,ordered-stop planning approximation,True,DERIVED,1,historic_only,uncertain,,,historic_gtfs_baseline,sakay_gtfs_master_historic,No current route validation supplied.,,,False,,historic_only,tandang-sora__visayas-ave,4.138338752586462,260.2307692307692,0,3450.66,DERIVED,sakay_gtfs_master_historic|worldpop_phl_2020_1km
LTFRB_PUJ1603,,Tandang Sora - Visayas Ave. via Q.C. Hall,"Visayas Avenue Wet and Dry Market, Visayas Avenue Quezon City - Kalayaan Ave / Elliptical Rd Intersection, Quezon City, Manila",724842,3.293,stop_sequence_approx,14,1.0,17.0,1020.0,1.0,gtfs_frequencies_typical_weekday,3358.86,179767.9,71.943,3.038,1.084,0.0,0.524,True,False,56.0,C,ordered-stop planning approximation,True,DERIVED,1,historic_only,uncertain,,,historic_gtfs_baseline,sakay_gtfs_master_historic,No current route validation supplied.,,,False,,historic_only,tandang-sora__visayas-ave,4.251442453689645,253.30769230769232,0,3358.86,DERIVED,sakay_gtfs_master_historic|worldpop_phl_2020_1km
LTFRB_PUJ1604,,Camarin-Trinoma,"Epifanio de los Santos Avenue / North Avenue Intersection, Quezon City - Old Zabarte, Caloocan City",724801,21.09,stop_sequence_approx,84,1.0,17.0,1020.0,1.0,gtfs_frequencies_typical_weekday,21511.8,878072.8,83.379,12.977,1.625,0.0,0.524,True,False,56.0,C,ordered-stop planning approximation,True,DERIVED,2,historic_only,uncertain,,,historic_gtfs_baseline,sakay_gtfs_master_historic,No current route validation supplied.,,,False,,historic_only,camarin__trinoma,3.9829302987197726,254.09638554216866,0,21511.8,DERIVED,sakay_gtfs_master_historic|worldpop_phl_2020_1km
LTFRB_PUJ1605,,Camarin-Trinoma,"Old Zabarte, Caloocan City - Epifanio de los Santos Avenue / North Avenue Intersection, Quezon City",725948,21.939,stop_sequence_approx,86,1.0,17.0,1020.0,1.0,gtfs_frequencies_typical_weekday,22377.78,888044.4,82.025,12.977,1.691,0.0,0.563,True,False,56.0,C,ordered-stop planning approximation,True,DERIVED,2,historic_only,uncertain,,,historic_gtfs_baseline,sakay_gtfs_master_historic,No current route validation supplied.,,,False,,historic_only,camarin__trinoma,3.9199598887825333,258.1058823529412,0,22377.78,DERIVED,sakay_gtfs_master_historic|worldpop_phl_2020_1km
LTFRB_PUJ1606,,Proj 7 - Quiapo,"Quezon Blvd, Manila - Dangay / Bansalangin Intersection, Quezon City",726183,10.242,stop_sequence_approx,50,1.0,17.0,1020.0,1.0,gtfs_frequencies_typical_weekday,10446.84,628020.3,93.549,7.888,1.298,0.04,0.335,True,True,48.0,D,ordered-stop planning approximation | self-intersection detected,True,DERIVED,2,historic_only,uncertain,,,historic_gtfs_baseline,sakay_gtfs_master_historic,No current route validation supplied.,,,False,,historic_only,proj-7__quiapo,4.881859011911736,209.0204081632653,0,10446.84,DERIVED,sakay_gtfs_master_historic|worldpop_phl_2020_1km
LTFRB_PUJ1607,,Proj 7 - Quiapo,"Dangay / Bansalangin Intersection, Quezon City - Quezon Blvd, Manila",725176,9.753,stop_sequence_approx,48,1.0,17.0,1020.0,1.0,gtfs_frequencies_typical_weekday,9948.06,604409.7,94.627,7.888,1.236,0.0208,0.335,True,True,48.0,D,ordered-stop planning approximation | self-intersection detected,True,DERIVED,0,historic_only,uncertain,,,historic_gtfs_baseline,sakay_gtfs_master_historic,No current route validation supplied.,,,False,,historic_only,proj-7__quiapo,4.92156259612427,207.51063829787233,0,9948.06,DERIVED,sakay_gtfs_master_historic|worldpop_phl_2020_1km
LTFRB_PUJ1608,,Proj 6 - Vito cruz via Quezon Avenue,"Taft Ave, Lungsod ng Pasay - Emensto Rondon High School, Road 3, Quezon City",724769,17.563,stop_sequence_approx,76,1.0,17.0,1020.0,1.0,gtfs_frequencies_typical_weekday,17914.26,846726.2,89.07,12.316,1.426,0.0263,0.583,True,True,48.0,D,ordered-stop planning approximation | self-intersection detected,True,DERIVED,2,historic_only,uncertain,,,historic_gtfs_baseline,sakay_gtfs_master_historic,No current route validation supplied.,,,False,,historic_only,proj-6__vito-cruz,4.327278938677902,234.17333333333335,0,17914.26,DERIVED,sakay_gtfs_master_historic|worldpop_phl_2020_1km
LTFRB_PUJ1609,,Proj 6 - Vito cruz via Quezon Avenue,"Emensto Rondon High School, Road 3, Quezon City - Taft Ave, Lungsod ng Pasay",724988,17.889,stop_sequence_approx,78,1.0,17.0,1020.0,1.0,gtfs_frequencies_typical_weekday,18246.78,899771.6,89.715,12.316,1.453,0.0256,0.583,True,True,48.0,D,ordered-stop planning approximation | self-intersection detected,True,DERIVED,2,historic_only,uncertain,,,historic_gtfs_baseline,sakay_gtfs_master_historic,No current route validation supplied.,,,False,,historic_only,proj-6__vito-cruz,4.360221365084689,232.32467532467533,0,18246.78,DERIVED,sakay_gtfs_master_historic|worldpop_phl_2020_1km
LTFRB_PUJ1610,,proj. 8 - Quiapo,"Quezon Blvd, Manila - Jetti Petrol Station, Tanding Sora Avenue, Quezon City",724679,13.516,stop_sequence_approx,67,1.0,17.0,1020.0,1.0,gtfs_frequencies_typical_weekday,13786.32,738297.2,94.513,10.128,1.335,0.0597,0.368,True,True,48.0,D,ordered-stop planning approximation | self-intersection detected,True,DERIVED,3,historic_only,uncertain,,,historic_gtfs_baseline,sakay_gtfs_master_historic,No current route validation supplied.,,,False,,historic_only,proj-8__quiapo,4.957087895827168,204.78787878787878,0,13786.32,DERIVED,sakay_gtfs_master_historic|worldpop_phl_2020_1km
LTFRB_PUJ1611,,proj. 8 - Quiapo,"Jetti Petrol Station, Tanding Sora Avenue, Quezon City - Quezon Blvd, Manila",725466,13.375,stop_sequence_approx,65,1.0,17.0,1020.0,1.0,gtfs_frequencies_typical_weekday,13642.5,722990.2,95.508,10.128,1.321,0.0462,0.368,True,True,48.0,D,ordered-stop planning approximation | self-intersection detected,True,DERIVED,1,historic_only,uncertain,,,historic_gtfs_baseline,sakay_gtfs_master_historic,No current route validation supplied.,,,False,,historic_only,proj-8__quiapo,4.859813084112149,208.984375,0,13642.5,DERIVED,sakay_gtfs_master_historic|worldpop_phl_2020_1km
LTFRB_PUJ1612,,Guadalupe-Makati,"Epifanio de los Santos Avenue, Makati City, Manila - Makati Ave / Ayala Avenue Intersection, Makati City, Manila",724718,3.286,stop_sequence_approx,11,1.0,17.0,1020.0,1.0,gtfs_frequencies_typical_weekday,3351.7200000000003,170446.9,83.723,2.734,1.202,0.0,0.453,True,False,44.0,D,ordered-stop planning approximation | few representative stops,True,DERIVED,0,historic_only,uncertain,,,historic_gtfs_baseline,sakay_gtfs_master_historic,No current route validation supplied.,,,False,,historic_only,guadalupe__makati,3.3475349969567865,328.6,0,3351.7200000000003,DERIVED,sakay_gtfs_master_historic|worldpop_phl_2020_1km
LTFRB_PUJ1613,,Guadalupe-Makati,"Makati Ave / Ayala Avenue Intersection, Makati City, Manila - Epifanio de los Santos Avenue, Makati City, Manila",725616,5.568,stop_sequence_approx,22,1.0,17.0,1020.0,1.0,gtfs_frequencies_typical_weekday,5679.36,245054.8,84.584,2.734,2.037,0.0,0.495,True,False,56.0,C,ordered-stop planning approximation,True,DERIVED,0,historic_only,uncertain,,,historic_gtfs_baseline,sakay_gtfs_master_historic,No current route validation supplied.,,,False,,historic_only,guadalupe__makati,3.9511494252873565,265.14285714285717,0,5679.36,DERIVED,sakay_gtfs_master_historic|worldpop_phl_2020_1km
LTFRB_PUJ1614,,Malanday-Sta Cruz,"McArthur Bridge , Manila - C.P. Enerton Fuel Station, MacArthur Highway, Valenzuela City, Philippines",726135,15.387,stop_sequence_approx,71,1.0,17.0,1020.0,1.0,gtfs_frequencies_typical_weekday,15694.74,770382.3,83.15,13.967,1.102,0.0,0.499,True,False,56.0,C,ordered-stop planning approximation,True,DERIVED,8,historic_only,uncertain,,,historic_gtfs_baseline,sakay_gtfs_master_historic,No current route validation supplied.,,,False,,historic_only,malanday__sta-cruz,4.6142847858581915,219.81428571428572,0,15694.74,DERIVED,sakay_gtfs_master_historic|worldpop_phl_2020_1km
LTFRB_PUJ1615,,Malanday-Sta Cruz,"C.P. Enerton Fuel Station, MacArthur Highway, Valenzuela City, Philippines - McArthur Bridge , Manila",726089,15.4,stop_sequence_approx,72,1.0,17.0,1020.0,1.0,gtfs_frequencies_typical_weekday,15708.0,770382.3,83.15,13.967,1.103,0.0,0.499,True,False,56.0,C,ordered-stop planning approximation,True,DERIVED,9,historic_only,uncertain,,,historic_gtfs_baseline,sakay_gtfs_master_historic,No current route validation supplied.,,,False,,historic_only,malanday__sta-cruz,4.675324675324675,216.90140845070422,0,15708.0,DERIVED,sakay_gtfs_master_historic|worldpop_phl_2020_1km
LTFRB_PUJ1616,,Munoz - Luzon,"Congressional Avenue / Abra Intersection Quezon City - Congressional Avenue Extension, Quezon City",724870,4.048,stop_sequence_approx,18,1.0,17.0,1020.0,1.0,gtfs_frequencies_typical_weekday,4128.96,250535.6,94.628,3.724,1.087,0.0,0.338,True,False,56.0,C,ordered-stop planning approximation,True,DERIVED,0,historic_only,uncertain,,,historic_gtfs_baseline,sakay_gtfs_master_historic,No current route validation supplied.,,,False,,historic_only,luzon__munoz,4.446640316205533,238.11764705882354,0,4128.96,DERIVED,sakay_gtfs_master_historic|worldpop_phl_2020_1km
LTFRB_PUJ1617,,Munoz - Luzon,"Congressional Avenue Extension, Quezon City - Congressional Avenue / Abra Intersection Quezon City",726101,4.048,stop_sequence_approx,18,1.0,17.0,1020.0,1.0,gtfs_frequencies_typical_weekday,4128.96,250535.6,94.628,3.724,1.087,0.0,0.338,True,False,56.0,C,ordered-stop planning approximation,True,DERIVED,0,historic_only,uncertain,,,historic_gtfs_baseline,sakay_gtfs_master_historic,No current route validation supplied.,,,False,,historic_only,luzon__munoz,4.446640316205533,238.11764705882354,0,4128.96,DERIVED,sakay_gtfs_master_historic|worldpop_phl_2020_1km
LTFRB_PUJ1618,,Guadalupe - Cartimar,"Senator Gil Puyat Ave, Lungsod ng Pasay, Manila - Epifanio de los Santos Avenue, Makati City, Manila",725769,7.473,stop_sequence_approx,21,1.0,17.0,1020.0,1.0,gtfs_frequencies_typical_weekday,7622.46,211478.5,77.038,6.577,1.136,0.0,0.691,True,False,56.0,C,ordered-stop planning approximation,True,DERIVED,0,historic_only,uncertain,,,historic_gtfs_baseline,sakay_gtfs_master_historic,No current route validation supplied.,,,False,,historic_only,cartimar__guadalupe,2.8101164191087915,373.65,0,7622.46,DERIVED,sakay_gtfs_master_historic|worldpop_phl_2020_1km
LTFRB_PUJ1619,,Guadalupe - Cartimar,"Epifanio de los Santos Avenue, Makati City, Manila - Senator Gil Puyat Ave, Lungsod ng Pasay, Manila",724796,7.773,stop_sequence_approx,23,1.0,17.0,1020.0,1.0,gtfs_frequencies_typical_weekday,7928.46,237400.1,79.545,6.577,1.182,0.0,0.691,True,False,56.0,C,ordered-stop planning approximation,True,DERIVED,0,historic_only,uncertain,,,historic_gtfs_baseline,sakay_gtfs_master_historic,No current route validation supplied.,,,False,,historic_only,cartimar__guadalupe,2.9589605043097906,353.3181818181818,0,7928.46,DERIVED,sakay_gtfs_master_historic|worldpop_phl_2020_1km
LTFRB_PUJ1620,,Ever - Bagong Silangan via Violago Homes,"J.P Rizal / Gen. Villamor Intersection, Quezon City - Mary The Queen College, Commonwealth Avenue, Quezon City",726269,5.164,stop_sequence_approx,23,1.0,17.0,1020.0,1.0,gtfs_frequencies_typical_weekday,5267.28,328622.8,92.125,3.78,1.366,0.0,0.351,True,False,56.0,C,ordered-stop planning approximation,True,DERIVED,0,historic_only,uncertain,,,historic_gtfs_baseline,sakay_gtfs_master_historic,No current route validation supplied.,,,False,,historic_only,bagong-silangan__ever,4.453911696359412,234.72727272727272,0,5267.28,DERIVED,sakay_gtfs_master_historic|worldpop_phl_2020_1km
LTFRB_PUJ1621,,Ever - Bagong Silangan via Violago Homes,"Mary The Queen College, Commonwealth Avenue, Quezon City - J.P Rizal / Gen. Villamor Intersection, Quezon City",724815,5.981,stop_sequence_approx,26,1.0,17.0,1020.0,1.0,gtfs_frequencies_typical_weekday,6100.62,352418.5,92.657,3.78,1.582,0.0,0.434,True,False,56.0,C,ordered-stop planning approximation,True,DERIVED,0,historic_only,uncertain,,,historic_gtfs_baseline,sakay_gtfs_master_historic,No current route validation supplied.,,,False,,historic_only,bagong-silangan__ever,4.347099147299783,239.24,0,6100.62,DERIVED,sakay_gtfs_master_historic|worldpop_phl_2020_1km
LTFRB_PUJ1622,,UP Highway - Sangandaan,"Tandang Sora / Demetria Reynaldo Intersection, Quezon City - Chowking, Quirino Highway, Quezon City",725277,6.086,stop_sequence_approx,28,1.0,17.0,1020.0,1.0,gtfs_frequencies_typical_weekday,6207.72,280525.7,82.099,5.465,1.114,0.0,0.342,True,False,56.0,C,ordered-stop planning approximation,True,DERIVED,2,historic_only,uncertain,,,historic_gtfs_baseline,sakay_gtfs_master_historic,No current route validation supplied.,,,False,,historic_only,sangandaan__up-highway,4.600722970752547,225.40740740740742,0,6207.72,DERIVED,sakay_gtfs_master_historic|worldpop_phl_2020_1km
LTFRB_PUJ1623,,UP Highway - Sangandaan,"Chowking, Quirino Highway, Quezon City - Tandang Sora / Demetria Reynaldo Intersection, Quezon City",725832,6.118,stop_sequence_approx,28,1.0,17.0,1020.0,1.0,gtfs_frequencies_typical_weekday,6240.360000000001,302504.4,83.399,5.465,1.12,0.0,0.33,True,False,56.0,C,ordered-stop planning approximation,True,DERIVED,2,historic_only,uncertain,,,historic_gtfs_baseline,sakay_gtfs_master_historic,No current route validation supplied.,,,False,,historic_only,sangandaan__up-highway,4.576659038901601,226.59259259259258,0,6240.360000000001,DERIVED,sakay_gtfs_master_historic|worldpop_phl_2020_1km
LTFRB_PUJ1624,,MRT - Quirino via C-5,"Epifanio de los Santos Avenue, Quezon City - Quirino Highway / Mindanao Avenue Intersection, Quezon City",724739,5.523,stop_sequence_approx,24,1.0,17.0,1020.0,2.0,gtfs_frequencies_typical_weekday,5633.46,273159.2,96.423,4.56,1.211,0.0,0.498,True,False,56.0,C,ordered-stop planning approximation,True,DERIVED,1,historic_only,uncertain,,,historic_gtfs_baseline,sakay_gtfs_master_historic,No current route validation supplied.,,,False,,historic_only,mrt__quirino,4.345464421510049,240.1304347826087,0,5633.46,DERIVED,sakay_gtfs_master_historic|worldpop_phl_2020_1km
LTFRB_PUJ1625,,MRT - Quirino via C-5,"Quirino Highway / Mindanao Avenue Intersection, Quezon City - Epifanio de los Santos Avenue, Quezon City",725137,6.583,stop_sequence_approx,29,1.0,17.0,1020.0,1.0,gtfs_frequencies_typical_weekday,6714.66,326204.6,97.005,4.56,1.444,0.069,0.498,True,True,48.0,D,ordered-stop planning approximation | self-intersection detected,True,DERIVED,1,historic_only,uncertain,,,historic_gtfs_baseline,sakay_gtfs_master_historic,No current route validation supplied.,,,False,,historic_only,mrt__quirino,4.405286343612334,235.10714285714286,0,6714.66,DERIVED,sakay_gtfs_master_historic|worldpop_phl_2020_1km
LTFRB_PUJ1626,,Prenza (Marilao) - Monumento via McArthur Hi-way,"Monumento, Rizal Avenue, Caloocan City - Ministop Marlao, MacArthur Highway, Marilao",725285,13.739,stop_sequence_approx,69,1.0,17.0,1020.0,1.0,gtfs_frequencies_typical_weekday,14013.78,397423.7,55.81,12.342,1.113,0.0,0.499,True,False,56.0,C,ordered-stop planning approximation,True,DERIVED,10,historic_only,uncertain,,,historic_gtfs_baseline,sakay_gtfs_master_historic,No current route validation supplied.,,,False,,historic_only,monumento__prenza-marilao,5.022199577844093,202.0441176470588,0,14013.78,DERIVED,sakay_gtfs_master_historic|worldpop_phl_2020_1km
LTFRB_PUJ1627,,Prenza (Marilao) - Monumento via McArthur Hi-way,"Ministop Marlao, MacArthur Highway, Marilao - Monumento, Rizal Avenue, Caloocan City",726246,13.739,stop_sequence_approx,70,1.0,17.0,1020.0,1.0,gtfs_frequencies_typical_weekday,14013.78,397423.7,55.81,12.342,1.113,0.0,0.499,True,False,56.0,C,ordered-stop planning approximation,True,DERIVED,11,historic_only,uncertain,,,historic_gtfs_baseline,sakay_gtfs_master_historic,No current route validation supplied.,,,False,,historic_only,monumento__prenza-marilao,5.094985078972268,199.1159420289855,0,14013.78,DERIVED,sakay_gtfs_master_historic|worldpop_phl_2020_1km
LTFRB_PUJ1628,,Del Monte - Kanloan via Mayon,"Del Monte Avenue / A. Bonifacio Intersection, Quezon City - Apo / Quezon Avenue Intersection, Quezon City",725570,2.507,stop_sequence_approx,13,1.0,17.0,1020.0,1.0,gtfs_frequencies_typical_weekday,2557.1400000000003,107281.6,75.488,2.255,1.112,0.0,0.279,True,False,56.0,C,ordered-stop planning approximation,True,DERIVED,0,historic_only,uncertain,,,historic_gtfs_baseline,sakay_gtfs_master_historic,No current route validation supplied.,,,False,,historic_only,del-monte__kanloan,5.1854806541683285,208.91666666666666,0,2557.1400000000003,DERIVED,sakay_gtfs_master_historic|worldpop_phl_2020_1km
LTFRB_PUJ1629,,Del Monte - Kanloan via Mayon,"Apo / Quezon Avenue Intersection, Quezon City - Del Monte Avenue / A. Bonifacio Intersection, Quezon City",726299,2.412,stop_sequence_approx,14,1.0,17.0,1020.0,1.0,gtfs_frequencies_typical_weekday,2460.24,93006.7,87.074,2.255,1.07,0.0,0.236,True,False,56.0,C,ordered-stop planning approximation,True,DERIVED,0,historic_only,uncertain,,,historic_gtfs_baseline,sakay_gtfs_master_historic,No current route validation supplied.,,,False,,historic_only,del-monte__kanloan,5.804311774461028,185.53846153846155,0,2460.24,DERIVED,sakay_gtfs_master_historic|worldpop_phl_2020_1km
LTFRB_PUJ1630,,Calamba (TP) -San Pedro National Road,"National Hwy, San Pedro, Manila - National Hwy, Santa Rosa City, Manila",725215,11.342,stop_sequence_approx,39,1.0,17.0,1020.0,1.0,gtfs_frequencies_typical_weekday,11568.84,439923.9,66.601,10.876,1.043,0.0,0.48,True,False,56.0,C,ordered-stop planning approximation,True,DERIVED,1,historic_only,uncertain,,,historic_gtfs_baseline,sakay_gtfs_master_historic,No current route validation supplied.,,,False,,historic_only,calamba-tp__san-pedro-national-road,3.4385469934755775,298.4736842105263,0,11568.84,DERIVED,sakay_gtfs_master_historic|worldpop_phl_2020_1km
LTFRB_PUJ1631,,Calamba (TP) -San Pedro National Road,"National Hwy, Santa Rosa City, Manila - National Hwy, San Pedro, Manila",725409,11.342,stop_sequence_approx,39,1.0,17.0,1020.0,1.0,gtfs_frequencies_typical_weekday,11568.84,439923.9,66.601,10.876,1.043,0.0,0.48,True,False,56.0,C,ordered-stop planning approximation,True,DERIVED,1,historic_only,uncertain,,,historic_gtfs_baseline,sakay_gtfs_master_historic,No current route validation supplied.,,,False,,historic_only,calamba-tp__san-pedro-national-road,3.4385469934755775,298.4736842105263,0,11568.84,DERIVED,sakay_gtfs_master_historic|worldpop_phl_2020_1km
LTFRB_PUJ1632,,"Calamba (TP) - San Pedro, Pacita via Carmona Exit.","National Hwy, San Pedro, Manila - South Luzon Expressway, Biñan City, Manila",726144,10.504,stop_sequence_approx,28,1.0,17.0,1020.0,1.0,gtfs_frequencies_typical_weekday,10714.08,147309.8,22.155,7.888,1.332,0.0,0.651,True,False,56.0,C,ordered-stop planning approximation,True,DERIVED,0,historic_only,uncertain,,,historic_gtfs_baseline,sakay_gtfs_master_historic,No current route validation supplied.,,,False,,historic_only,calamba-tp__san-pedro-pacita,2.6656511805026657,389.037037037037,0,10714.08,DERIVED,sakay_gtfs_master_historic|worldpop_phl_2020_1km
LTFRB_PUJ1633,,"Calamba (TP) - San Pedro, Pacita via Carmona Exit.","South Luzon Expressway, Biñan City, Manila - National Hwy, San Pedro, Manila",725946,10.5,stop_sequence_approx,29,1.0,17.0,1020.0,1.0,gtfs_frequencies_typical_weekday,10710.0,166608.4,30.546,7.888,1.331,0.0,0.881,True,False,56.0,C,ordered-stop planning approximation,True,DERIVED,0,historic_only,uncertain,,,historic_gtfs_baseline,sakay_gtfs_master_historic,No current route validation supplied.,,,False,,historic_only,calamba-tp__san-pedro-pacita,2.761904761904762,375.0,0,10710.0,DERIVED,sakay_gtfs_master_historic|worldpop_phl_2020_1km
LTFRB_PUJ1634,,"Cogeo - Paenaan via Padilla, Marcos Hi-way","Marcos Hwy, Antipolo City, Manila - Marcos Hwy, Antipolo City, Manila",725541,7.867,stop_sequence_approx,30,1.0,17.0,1020.0,1.0,gtfs_frequencies_typical_weekday,8024.34,61092.0,0.0,6.739,1.167,0.0,0.451,True,False,56.0,C,ordered-stop planning approximation,True,DERIVED,0,historic_only,uncertain,,,historic_gtfs_baseline,sakay_gtfs_master_historic,No current route validation supplied.,,,False,,historic_only,cogeo__paenaan,3.813397737384009,271.2758620689655,0,8024.34,DERIVED,sakay_gtfs_master_historic|worldpop_phl_2020_1km
LTFRB_PUJ1635,,"Cogeo - Paenaan via Padilla, Marcos Hi-way","Marcos Hwy, Antipolo City, Manila - Marcos Hwy, Antipolo City, Manila",726209,7.867,stop_sequence_approx,30,1.0,17.0,1020.0,1.0,gtfs_frequencies_typical_weekday,8024.34,61092.0,0.0,6.739,1.167,0.0,0.451,True,False,56.0,C,ordered-stop planning approximation,True,DERIVED,0,historic_only,uncertain,,,historic_gtfs_baseline,sakay_gtfs_master_historic,No current route validation supplied.,,,False,,historic_only,cogeo__paenaan,3.813397737384009,271.2758620689655,0,8024.34,DERIVED,sakay_gtfs_master_historic|worldpop_phl_2020_1km
LTFRB_PUJ1636,,EDSA/Shaw Central - Morong,"Epifanio de los Santos Avenue /  Shaw Blvd Intersection, Mandaluyong City, Manila - Quezon Ave, Teresa, Manila",724853,23.1,stop_sequence_approx,119,1.0,17.0,1020.0,1.0,gtfs_frequencies_typical_weekday,23562.0,804490.0,71.994,17.617,1.311,0.0,0.673,True,True,48.0,D,ordered-stop planning approximation | self-intersection detected,True,DERIVED,0,historic_only,uncertain,,,historic_gtfs_baseline,sakay_gtfs_master_historic,No current route validation supplied.,,,False,,historic_only,edsa-shaw-central__morong,5.151515151515151,195.76271186440678,0,23562.0,DERIVED,sakay_gtfs_master_historic|worldpop_phl_2020_1km
LTFRB_PUJ1637,,EDSA/Shaw Central - Morong,"Quezon Ave, Teresa, Manila - Epifanio de los Santos Avenue /  Shaw Blvd Intersection, Mandaluyong City, Manila",726292,23.061,stop_sequence_approx,119,1.0,17.0,1020.0,1.0,gtfs_frequencies_typical_weekday,23522.22,804490.0,71.994,17.617,1.309,0.0,0.673,True,True,48.0,D,ordered-stop planning approximation | self-intersection detected,True,DERIVED,0,historic_only,uncertain,,,historic_gtfs_baseline,sakay_gtfs_master_historic,No current route validation supplied.,,,False,,historic_only,edsa-shaw-central__morong,5.160227223450848,195.4322033898305,0,23522.22,DERIVED,sakay_gtfs_master_historic|worldpop_phl_2020_1km
LTFRB_PUJ1638,,"EDSA/Shaw Central - Morong via Antipolo, Theresa","Epifanio de los Santos Avenue /  Shaw Blvd Intersection, Mandaluyong City, Manila - Un- named road near J. Sumulong Rd, Teresa, Manila",724663,26.434,stop_sequence_approx,132,1.0,17.0,1020.0,1.0,gtfs_frequencies_typical_weekday,26962.68,833337.1,71.825,17.618,1.5,0.0152,0.62,True,True,48.0,D,ordered-stop planning approximation | self-intersection detected,True,DERIVED,0,historic_only,uncertain,,,historic_gtfs_baseline,sakay_gtfs_master_historic,No current route validation supplied.,,,False,,historic_only,edsa-shaw-central__morong,4.9935688885526215,201.78625954198472,0,26962.68,DERIVED,sakay_gtfs_master_historic|worldpop_phl_2020_1km
LTFRB_PUJ1639,,"EDSA/Shaw Central - Morong via Antipolo, Theresa","Quezon Ave, Teresa, Manila - Epifanio de los Santos Avenue /  Shaw Blvd Intersection, Mandaluyong City, Manila",726105,25.49,stop_sequence_approx,128,1.0,17.0,1020.0,1.0,gtfs_frequencies_typical_weekday,25999.8,829683.5,72.141,17.617,1.447,0.0156,0.62,True,True,48.0,D,ordered-stop planning approximation | self-intersection detected,True,DERIVED,0,historic_only,uncertain,,,historic_gtfs_baseline,sakay_gtfs_master_historic,No current route validation supplied.,,,False,,historic_only,edsa-shaw-central__morong,5.0215770890545315,200.70866141732284,0,25999.8,DERIVED,sakay_gtfs_master_historic|worldpop_phl_2020_1km
LTFRB_PUJ1640,,EDSA/Shaw Central - Tanay via Antipolo,"Epifanio de los Santos Avenue /  Shaw Blvd Intersection, Mandaluyong City, Manila - Quezon Ave, Teresa, Manila",724871,23.766,stop_sequence_approx,122,1.0,17.0,1020.0,2.0,gtfs_frequencies_typical_weekday,24241.32,810324.9,71.476,17.617,1.349,0.0082,0.656,True,True,48.0,D,ordered-stop planning approximation | self-intersection detected,True,DERIVED,0,historic_only,uncertain,,,historic_gtfs_baseline,sakay_gtfs_master_historic,No current route validation supplied.,,,False,,historic_only,edsa-shaw-central__tanay,5.133383825633258,196.41322314049586,0,24241.32,DERIVED,sakay_gtfs_master_historic|worldpop_phl_2020_1km
LTFRB_PUJ1643,,Tanay - Robinson Galleria via Antipolo San Miguel,"Quezon Ave, Teresa, Manila - Epifanio de los Santos Avenue /  Shaw Blvd Intersection, Mandaluyong City, Manila",724793,23.766,stop_sequence_approx,122,1.0,17.0,1020.0,2.0,gtfs_frequencies_typical_weekday,24241.32,810324.9,71.476,17.617,1.349,0.0082,0.656,True,True,48.0,D,ordered-stop planning approximation | self-intersection detected,True,DERIVED,0,historic_only,uncertain,,,historic_gtfs_baseline,sakay_gtfs_master_historic,No current route validation supplied.,,,False,,historic_only,robinson-galleria__tanay,5.133383825633258,196.41322314049586,0,24241.32,DERIVED,sakay_gtfs_master_historic|worldpop_phl_2020_1km
LTFRB_PUJ1645,,Malinta - Malolos via McArthur Hi-way,"Flying V Gas, MacArthur Highway, Valenzuela City - Ang Dating Daan, Balagtas",724969,17.946,stop_sequence_approx,76,1.0,17.0,1020.0,2.0,gtfs_frequencies_typical_weekday,18304.92,293730.0,23.383,16.278,1.102,0.0,0.898,True,False,56.0,C,ordered-stop planning approximation,True,DERIVED,11,historic_only,uncertain,,,historic_gtfs_baseline,sakay_gtfs_master_historic,No current route validation supplied.,,,False,,historic_only,malinta__malolos,4.234927003231918,239.28,0,18304.92,DERIVED,sakay_gtfs_master_historic|worldpop_phl_2020_1km
LTFRB_PUJ1648,,Silang - Zapote (Las Pinas),"Alabang-Zapote Road / Fruto Santos Ave Intersection, Las Piñas City, Manila - Emilio Aguinaldo Hwy, Silang, Manila",726393,26.347,stop_sequence_approx,96,1.0,17.0,1020.0,1.0,gtfs_frequencies_typical_weekday,26873.94,683369.5,67.821,23.634,1.115,0.0,0.551,True,False,56.0,C,ordered-stop planning approximation,True,DERIVED,1,historic_only,uncertain,,,historic_gtfs_baseline,sakay_gtfs_master_historic,No current route validation supplied.,,,False,,historic_only,silang__zapote-las-pinas,3.6436785971837398,277.33684210526314,0,26873.94,DERIVED,sakay_gtfs_master_historic|worldpop_phl_2020_1km
LTFRB_PUJ1649,,Silang - Zapote (Las Pinas),"Emilio Aguinaldo Hwy, Silang, Manila - Alabang-Zapote Road / Fruto Santos Ave Intersection, Las Piñas City, Manila",725852,26.347,stop_sequence_approx,96,1.0,17.0,1020.0,1.0,gtfs_frequencies_typical_weekday,26873.94,683369.5,67.821,23.634,1.115,0.0,0.551,True,False,56.0,C,ordered-stop planning approximation,True,DERIVED,1,historic_only,uncertain,,,historic_gtfs_baseline,sakay_gtfs_master_historic,No current route validation supplied.,,,False,,historic_only,silang__zapote-las-pinas,3.6436785971837398,277.33684210526314,0,26873.94,DERIVED,sakay_gtfs_master_historic|worldpop_phl_2020_1km
LTFRB_PUJ1650,,Kamagong - Malugay Ave.,"Don Chino Roces Avenue / Pryce Center, Makati City - Ayala Ave / B Yakal Intersection, Makati City, Manila",726170,2.468,stop_sequence_approx,8,1.0,17.0,1020.0,1.0,gtfs_frequencies_typical_weekday,2517.36,112403.3,86.596,0.54,4.572,0.125,0.544,True,True,15.0,D,ordered-stop planning approximation | few representative stops | extreme detour ratio | duplicate coordinates | self-intersection detected,True,DERIVED,0,historic_only,uncertain,,,historic_gtfs_baseline,sakay_gtfs_master_historic,No current route validation supplied.,,,False,,historic_only,kamagong__malugay-ave,3.2414910858995136,352.57142857142856,0,2517.36,DERIVED,sakay_gtfs_master_historic|worldpop_phl_2020_1km
LTFRB_PUJ1651,,Libertad - M. Reyes,"Taft Ave, Lungsod ng Pasay - Taft Ave, Lungsod ng Pasay",725580,5.606,stop_sequence_approx,17,1.0,17.0,1020.0,1.0,gtfs_frequencies_typical_weekday,5718.12,267216.4,96.003,0.0,,0.0588,0.665,True,False,56.0,C,ordered-stop planning approximation,True,DERIVED,0,historic_only,uncertain,,,historic_gtfs_baseline,sakay_gtfs_master_historic,No current route validation supplied.,,,False,,historic_only,libertad__m-reyes,3.0324652158401713,350.375,0,5718.12,DERIVED,sakay_gtfs_master_historic|worldpop_phl_2020_1km
LTFRB_PUJ1652,,Quiapo - San Miguel via Palanca,"Arlegui, Manila - Arlegui, Manila",726230,2.294,stop_sequence_approx,9,1.0,17.0,1020.0,1.0,gtfs_frequencies_typical_weekday,2339.88,91641.2,71.324,0.0,,0.1111,0.44,True,False,38.0,D,ordered-stop planning approximation | few representative stops | duplicate coordinates,True,DERIVED,0,historic_only,uncertain,,,historic_gtfs_baseline,sakay_gtfs_master_historic,No current route validation supplied.,,,False,,historic_only,quiapo__san-miguel,3.923278116826504,286.75,0,2339.88,DERIVED,sakay_gtfs_master_historic|worldpop_phl_2020_1km
LTFRB_PUJ1653,,Amparo - Novaliches via Sanana,"WL Food Products, Genteral Luis, Caloocan City - St Mary Goretti School, Katmon, Calcoocan City",726388,10.528,stop_sequence_approx,44,1.0,17.0,1020.0,1.0,gtfs_frequencies_typical_weekday,10738.56,498920.6,83.095,5.223,2.016,0.0,0.442,True,False,56.0,C,ordered-stop planning approximation,True,DERIVED,1,historic_only,uncertain,,,historic_gtfs_baseline,sakay_gtfs_master_historic,No current route validation supplied.,,,False,,historic_only,amparo__novaliches,4.179331306990881,244.8372093023256,0,10738.56,DERIVED,sakay_gtfs_master_historic|worldpop_phl_2020_1km
LTFRB_PUJ1654,,Amparo - Novaliches via Sanana,"St Mary Goretti School, Katmon, Calcoocan City - WL Food Products, Genteral Luis, Caloocan City",726123,8.932,stop_sequence_approx,38,1.0,17.0,1020.0,1.0,gtfs_frequencies_typical_weekday,9110.64,477326.0,86.854,5.223,1.71,0.0,0.442,True,False,56.0,C,ordered-stop planning approximation,True,DERIVED,1,historic_only,uncertain,,,historic_gtfs_baseline,sakay_gtfs_master_historic,No current route validation supplied.,,,False,,historic_only,amparo__novaliches,4.2543663233318405,241.40540540540542,0,9110.64,DERIVED,sakay_gtfs_master_historic|worldpop_phl_2020_1km
LTFRB_PUJ1655,,Quiapo (Barbosa) - Santol via Sta. Mesa,"Arlegui, Manila - Bayani, Quezon City",725351,4.537,stop_sequence_approx,15,1.0,17.0,1020.0,1.0,gtfs_frequencies_typical_weekday,4627.74,335904.6,96.897,3.343,1.357,0.0,0.561,True,False,56.0,C,ordered-stop planning approximation,True,DERIVED,0,historic_only,uncertain,,,historic_gtfs_baseline,sakay_gtfs_master_historic,No current route validation supplied.,,,False,,historic_only,quiapo-barbosa__santol,3.3061494379545957,324.07142857142856,0,4627.74,DERIVED,sakay_gtfs_master_historic|worldpop_phl_2020_1km
LTFRB_PUJ1656,,Quiapo (Barbosa) - Santol via Sta. Mesa,"Bayani, Quezon City - Arlegui, Manila",724965,5.106,stop_sequence_approx,19,1.0,17.0,1020.0,1.0,gtfs_frequencies_typical_weekday,5208.12,335904.6,96.897,3.343,1.527,0.0,0.433,True,False,56.0,C,ordered-stop planning approximation,True,DERIVED,0,historic_only,uncertain,,,historic_gtfs_baseline,sakay_gtfs_master_historic,No current route validation supplied.,,,False,,historic_only,quiapo-barbosa__santol,3.7211124167645906,283.6666666666667,0,5208.12,DERIVED,sakay_gtfs_master_historic|worldpop_phl_2020_1km
LTFRB_PUJ1657,,"Monumento - Polo via Acacia, M.H. del Pilar","San Diego de Alcala Parish, Palassan Road, Kapitan Viilila, Valenzuela City - Lapu-lapu / Samson Road Intersection, Malabon City",724794,8.056,stop_sequence_approx,31,1.0,17.0,1020.0,1.0,gtfs_frequencies_typical_weekday,8217.119999999999,390543.6,81.907,6.81,1.183,0.0,0.472,True,False,56.0,C,ordered-stop planning approximation,True,DERIVED,2,historic_only,uncertain,,,historic_gtfs_baseline,sakay_gtfs_master_historic,No current route validation supplied.,,,False,,historic_only,monumento__polo,3.848063555114201,268.5333333333333,0,8217.119999999999,DERIVED,sakay_gtfs_master_historic|worldpop_phl_2020_1km
LTFRB_PUJ1658,,"Monumento - Polo via Acacia, M.H. del Pilar","Lapu-lapu / Samson Road Intersection, Malabon City - San Diego de Alcala Parish, Palassan Road, Kapitan Viilila, Valenzuela City",725448,8.056,stop_sequence_approx,31,1.0,17.0,1020.0,1.0,gtfs_frequencies_typical_weekday,8217.119999999999,390543.6,81.907,6.81,1.183,0.0,0.472,True,False,56.0,C,ordered-stop planning approximation,True,DERIVED,2,historic_only,uncertain,,,historic_gtfs_baseline,sakay_gtfs_master_historic,No current route validation supplied.,,,False,,historic_only,monumento__polo,3.848063555114201,268.5333333333333,0,8217.119999999999,DERIVED,sakay_gtfs_master_historic|worldpop_phl_2020_1km
LTFRB_PUJ1659,,T.M. Kalaw - West Ave. via Quiapo,"West Avenue, Quezon City - T.M. Kalaw / Maria Y. Orosa St",725604,10.911,stop_sequence_approx,47,1.0,17.0,1020.0,1.0,gtfs_frequencies_typical_weekday,11129.22,535213.2,86.076,9.575,1.139,0.0,0.405,True,False,56.0,C,ordered-stop planning approximation,True,DERIVED,1,historic_only,uncertain,,,historic_gtfs_baseline,sakay_gtfs_master_historic,No current route validation supplied.,,,False,,historic_only,t-m-kalaw__west-ave,4.307579506919622,237.19565217391303,0,11129.22,DERIVED,sakay_gtfs_master_historic|worldpop_phl_2020_1km
LTFRB_PUJ1660,,T.M. Kalaw - West Ave. via Quiapo,"T.M. Kalaw / Maria Y. Orosa St - West Avenue, Quezon City",726253,10.585,stop_sequence_approx,46,1.0,17.0,1020.0,1.0,gtfs_frequencies_typical_weekday,10796.7,535213.2,86.076,9.575,1.105,0.0,0.456,True,False,56.0,C,ordered-stop planning approximation,True,DERIVED,1,historic_only,uncertain,,,historic_gtfs_baseline,sakay_gtfs_master_historic,No current route validation supplied.,,,False,,historic_only,t-m-kalaw__west-ave,4.345772319319792,235.22222222222223,0,10796.7,DERIVED,sakay_gtfs_master_historic|worldpop_phl_2020_1km
LTFRB_PUJ1661,,UP - MRT,"UP College of Education, A. Ma. Regidor St / Roxas Ave Intersection, Quezon City, Manila - MRT-3 Quezon Avenue Station EDSA,Quezon City, Manila",725333,6.092,stop_sequence_approx,26,1.0,17.0,1020.0,1.0,gtfs_frequencies_typical_weekday,6213.839999999999,165676.2,32.238,3.932,1.549,0.0385,0.368,True,True,48.0,D,ordered-stop planning approximation | self-intersection detected,True,DERIVED,1,historic_only,uncertain,,,historic_gtfs_baseline,sakay_gtfs_master_historic,No current route validation supplied.,,,False,,historic_only,mrt__up,4.267892317793828,243.68,0,6213.839999999999,DERIVED,sakay_gtfs_master_historic|worldpop_phl_2020_1km
LTFRB_PUJ1662,,UP - MRT,"MRT-3 Quezon Avenue Station EDSA,Quezon City, Manila - UP College of Education, A. Ma. Regidor St / Roxas Ave Intersection, Quezon City, Manila",724804,4.492,stop_sequence_approx,17,1.0,17.0,1020.0,1.0,gtfs_frequencies_typical_weekday,4581.84,118390.9,45.114,3.932,1.142,0.0,0.55,True,False,56.0,C,ordered-stop planning approximation,True,DERIVED,1,historic_only,uncertain,,,historic_gtfs_baseline,sakay_gtfs_master_historic,No current route validation supplied.,,,False,,historic_only,mrt__up,3.784505788067676,280.75,0,4581.84,DERIVED,sakay_gtfs_master_historic|worldpop_phl_2020_1km
LTFRB_PUJ1663,,UP - IKOT,"UP College of Education, A. Ma. Regidor St / Roxas Ave Intersection, Quezon City, Manila - C.P. Garcia Av Quezon City, Manila",724826,3.337,stop_sequence_approx,10,1.0,17.0,1020.0,1.0,gtfs_frequencies_typical_weekday,3403.74,98962.9,39.495,0.959,3.481,0.0,0.597,True,False,37.0,D,ordered-stop planning approximation | few representative stops | high detour ratio,True,DERIVED,0,historic_only,uncertain,,,historic_gtfs_baseline,sakay_gtfs_master_historic,No current route validation supplied.,,,False,,historic_only,ikot__up,2.9967036260113873,370.77777777777777,0,3403.74,DERIVED,sakay_gtfs_master_historic|worldpop_phl_2020_1km
LTFRB_PUJ1664,,UP - IKOT,"C.P. Garcia Av Quezon City, Manila - UP College of Education, A. Ma. Regidor St / Roxas Ave Intersection, Quezon City, Manila",725329,1.045,stop_sequence_approx,3,1.0,17.0,1020.0,1.0,gtfs_frequencies_typical_weekday,1065.9,64578.3,60.524,0.959,1.09,0.0,0.583,True,False,44.0,D,ordered-stop planning approximation | few representative stops,True,DERIVED,0,historic_only,uncertain,,,historic_gtfs_baseline,sakay_gtfs_master_historic,No current route validation supplied.,,,False,,historic_only,ikot__up,2.870813397129187,522.5,0,1065.9,DERIVED,sakay_gtfs_master_historic|worldpop_phl_2020_1km
LTFRB_PUJ1665,,SM MALL OF ASIA-MRT,"Taft Avenue Extension / Epifanio de los Santos Avenue, Lungsod ng Pasay, Manila - Jose Diokno Blvd, Lungsod ng Pasay",725647,1.883,stop_sequence_approx,8,1.0,17.0,1020.0,1.0,gtfs_frequencies_typical_weekday,1920.66,67788.4,80.072,1.725,1.092,0.0,0.442,True,False,44.0,D,ordered-stop planning approximation | few representative stops,True,DERIVED,0,historic_only,uncertain,,,historic_gtfs_baseline,sakay_gtfs_master_historic,No current route validation supplied.,,,False,,historic_only,mrt__sm-mall-of-asia,4.248539564524695,269.0,0,1920.66,DERIVED,sakay_gtfs_master_historic|worldpop_phl_2020_1km
LTFRB_PUJ1666,,SM MALL OF ASIA-MRT,"Jose Diokno Blvd, Lungsod ng Pasay - Taft Avenue Extension / Epifanio de los Santos Avenue, Lungsod ng Pasay, Manila",725771,1.887,stop_sequence_approx,7,1.0,17.0,1020.0,1.0,gtfs_frequencies_typical_weekday,1924.74,67788.4,80.072,1.725,1.094,0.0,0.442,True,False,44.0,D,ordered-stop planning approximation | few representative stops,True,DERIVED,0,historic_only,uncertain,,,historic_gtfs_baseline,sakay_gtfs_master_historic,No current route validation supplied.,,,False,,historic_only,mrt__sm-mall-of-asia,3.7095919448860624,314.5,0,1924.74,DERIVED,sakay_gtfs_master_historic|worldpop_phl_2020_1km
LTFRB_PUJ1667,,SAN JOAQUIN MARKET-HYPERMART PASIG,"Rizal Medical Centre, Pasig Blvd, Pasig City, Manila - JP Raceway, Pasig City, Manila",725223,4.288,stop_sequence_approx,16,1.0,17.0,1020.0,1.0,gtfs_frequencies_typical_weekday,4373.76,148242.6,70.33,2.764,1.552,0.125,0.413,True,True,42.0,D,ordered-stop planning approximation | duplicate coordinates | self-intersection detected,True,DERIVED,0,historic_only,uncertain,,,historic_gtfs_baseline,sakay_gtfs_master_historic,No current route validation supplied.,,,False,,historic_only,hypermart-pasig__san-joaquin-market,3.731343283582089,285.8666666666667,0,4373.76,DERIVED,sakay_gtfs_master_historic|worldpop_phl_2020_1km
LTFRB_PUJ1668,,SAN JOAQUIN MARKET-HYPERMART PASIG,"JP Raceway, Pasig City, Manila - Rizal Medical Centre, Pasig Blvd, Pasig City, Manila",724867,2.809,stop_sequence_approx,10,1.0,17.0,1020.0,1.0,gtfs_frequencies_typical_weekday,2865.1800000000003,125775.2,65.03,2.764,1.016,0.0,0.368,True,False,44.0,D,ordered-stop planning approximation | few representative stops,True,DERIVED,0,historic_only,uncertain,,,historic_gtfs_baseline,sakay_gtfs_master_historic,No current route validation supplied.,,,False,,historic_only,hypermart-pasig__san-joaquin-market,3.5599857600569598,312.1111111111111,0,2865.1800000000003,DERIVED,sakay_gtfs_master_historic|worldpop_phl_2020_1km
LTFRB_PUJ1670,,PIER-PASAY LIBERTAD,"Railroad Dr / 13th St Intersection, Manila - P. Villanueva, Lungsod ng Pasay",725311,6.68,stop_sequence_approx,22,1.0,17.0,1020.0,1.0,gtfs_frequencies_typical_weekday,6813.599999999999,252600.3,79.95,5.634,1.186,0.0,0.65,True,False,56.0,C,ordered-stop planning approximation,True,DERIVED,0,historic_only,uncertain,,,historic_gtfs_baseline,sakay_gtfs_master_historic,No current route validation supplied.,,,False,,historic_only,pasay-libertad__pier,3.2934131736526946,318.0952380952381,0,6813.599999999999,DERIVED,sakay_gtfs_master_historic|worldpop_phl_2020_1km
LTFRB_PUJ1671,,PIER-MALANDAY,"25th St / Antonio C. Delgado Intersection, Manila - Mercury Drug Store, MacArthur Highway, Malanday, Valenzuela City",725487,17.063,stop_sequence_approx,78,1.0,17.0,1020.0,1.0,gtfs_frequencies_typical_weekday,17404.26,795854.6,80.489,14.838,1.15,0.0,0.553,True,False,56.0,C,ordered-stop planning approximation,True,DERIVED,6,historic_only,uncertain,,,historic_gtfs_baseline,sakay_gtfs_master_historic,No current route validation supplied.,,,False,,historic_only,malanday__pier,4.571294614077243,221.5974025974026,0,17404.26,DERIVED,sakay_gtfs_master_historic|worldpop_phl_2020_1km
LTFRB_PUJ1672,,PIER-MALANDAY,"Mercury Drug Store, MacArthur Highway, Malanday, Valenzuela City - 25th St / Antonio C. Delgado Intersection, Manila",725426,17.28,stop_sequence_approx,81,1.0,17.0,1020.0,1.0,gtfs_frequencies_typical_weekday,17625.600000000002,812163.1,81.872,14.838,1.165,0.0,0.499,True,False,56.0,C,ordered-stop planning approximation,True,DERIVED,7,historic_only,uncertain,,,historic_gtfs_baseline,sakay_gtfs_master_historic,No current route validation supplied.,,,False,,historic_only,malanday__pier,4.6875,216.0,0,17625.600000000002,DERIVED,sakay_gtfs_master_historic|worldpop_phl_2020_1km
LTFRB_PUJ1673,,PIER-DELPAN ZARAGOSA,"Railroad Dr, Manila - E. Almario Elementary School, Kagitingan, Manila",725633,1.798,stop_sequence_approx,10,1.0,17.0,1020.0,1.0,gtfs_frequencies_typical_weekday,1833.96,224598.8,90.732,1.663,1.081,0.0,0.301,True,False,44.0,D,ordered-stop planning approximation | few representative stops,True,DERIVED,0,historic_only,uncertain,,,historic_gtfs_baseline,sakay_gtfs_master_historic,No current route validation supplied.,,,False,,historic_only,delpan-zaragosa__pier,5.561735261401557,199.77777777777777,0,1833.96,DERIVED,sakay_gtfs_master_historic|worldpop_phl_2020_1km
LTFRB_PUJ1674,,PIER-DELPAN ZARAGOSA,"E. Almario Elementary School, Kagitingan, Manila - Railroad Dr, Manila",726259,1.845,stop_sequence_approx,10,1.0,17.0,1020.0,1.0,gtfs_frequencies_typical_weekday,1881.9,224598.8,90.732,1.663,1.109,0.0,0.286,True,False,44.0,D,ordered-stop planning approximation | few representative stops,True,DERIVED,0,historic_only,uncertain,,,historic_gtfs_baseline,sakay_gtfs_master_historic,No current route validation supplied.,,,False,,historic_only,delpan-zaragosa__pier,5.420054200542006,205.0,0,1881.9,DERIVED,sakay_gtfs_master_historic|worldpop_phl_2020_1km
LTFRB_PUJ1675,,PIER SOUTH-PROJ 6,"25th St / Antonio C. Delgado Intersection, Manila - Road 3, Quezon City",725892,14.5,stop_sequence_approx,68,1.0,17.0,1020.0,1.0,gtfs_frequencies_typical_weekday,14790.0,662594.1,87.121,11.55,1.255,0.0,0.405,True,False,56.0,C,ordered-stop planning approximation,True,DERIVED,2,historic_only,uncertain,,,historic_gtfs_baseline,sakay_gtfs_master_historic,No current route validation supplied.,,,False,,historic_only,pier-south__proj-6,4.689655172413793,216.4179104477612,0,14790.0,DERIVED,sakay_gtfs_master_historic|worldpop_phl_2020_1km
LTFRB_PUJ1676,,PIER SOUTH-PROJ 6,"Road 3, Quezon City - 25th St / Antonio C. Delgado Intersection, Manila",726287,15.081,stop_sequence_approx,69,1.0,17.0,1020.0,1.0,gtfs_frequencies_typical_weekday,15382.62,678902.5,88.616,11.55,1.306,0.0,0.438,True,False,56.0,C,ordered-stop planning approximation,True,DERIVED,2,historic_only,uncertain,,,historic_gtfs_baseline,sakay_gtfs_master_historic,No current route validation supplied.,,,False,,historic_only,pier-south__proj-6,4.575293415555998,221.77941176470588,0,15382.62,DERIVED,sakay_gtfs_master_historic|worldpop_phl_2020_1km
LTFRB_PUJ1677,,PIER SOUTH-PACO PALENGKE,"Railroad Dr / 13th St Intersection, Manila - Angel Linao / Pedro Gil",725458,3.784,stop_sequence_approx,15,1.0,17.0,1020.0,2.0,gtfs_frequencies_typical_weekday,3859.68,168102.0,79.095,2.817,1.343,0.0,0.471,True,False,56.0,C,ordered-stop planning approximation,True,DERIVED,0,historic_only,uncertain,,,historic_gtfs_baseline,sakay_gtfs_master_historic,No current route validation supplied.,,,False,,historic_only,paco-palengke__pier-south,3.9640591966173364,270.2857142857143,0,3859.68,DERIVED,sakay_gtfs_master_historic|worldpop_phl_2020_1km
LTFRB_PUJ1678,,PIER SOUTH-PACO PALENGKE,"Angel Linao / Pedro Gil - Railroad Dr / 13th St Intersection, Manila",724818,3.97,stop_sequence_approx,16,1.0,17.0,1020.0,1.0,gtfs_frequencies_typical_weekday,4049.4,103164.5,66.383,2.817,1.409,0.0,0.475,True,False,56.0,C,ordered-stop planning approximation,True,DERIVED,0,historic_only,uncertain,,,historic_gtfs_baseline,sakay_gtfs_master_historic,No current route validation supplied.,,,False,,historic_only,paco-palengke__pier-south,4.030226700251889,264.6666666666667,0,4049.4,DERIVED,sakay_gtfs_master_historic|worldpop_phl_2020_1km
LTFRB_PUJ1680,,PIER SOUTH-FAIRVIEW DAHLIA-PHILCOA,"25th St / Antonio C. Delgado Intersection, Manila - Regalado / Dahlia Intersection, Quezon City",724967,22.596,stop_sequence_approx,93,1.0,17.0,1020.0,2.0,gtfs_frequencies_typical_weekday,23047.92,966656.1,79.2,16.398,1.378,0.0,0.55,True,False,56.0,C,ordered-stop planning approximation,True,DERIVED,2,historic_only,uncertain,,,historic_gtfs_baseline,sakay_gtfs_master_historic,No current route validation supplied.,,,False,,historic_only,fairview-dahlia__philcoa__pier-south,4.115772703133298,245.6086956521739,0,23047.92,DERIVED,sakay_gtfs_master_historic|worldpop_phl_2020_1km
LTFRB_PUJ1682,,PHILCOA - RECTO,"P. Noval / España Blvd Intersection, Manila - University of The Phillippines - Ayala Land Technohub, Commonwealth Avenue, Quezon City",725234,9.864,stop_sequence_approx,43,1.0,17.0,1020.0,1.0,gtfs_frequencies_typical_weekday,10061.28,519251.3,76.37,9.406,1.049,0.0,0.55,True,False,56.0,C,ordered-stop planning approximation,True,DERIVED,2,historic_only,uncertain,,,historic_gtfs_baseline,sakay_gtfs_master_historic,No current route validation supplied.,,,False,,historic_only,philcoa__recto,4.359286293592863,234.85714285714286,0,10061.28,DERIVED,sakay_gtfs_master_historic|worldpop_phl_2020_1km
LTFRB_PUJ1683,,PHILCOA - RECTO,"University of The Phillippines - Ayala Land Technohub, Commonwealth Avenue, Quezon City - P. Noval / España Blvd Intersection, Manila",724849,9.95,stop_sequence_approx,45,1.0,17.0,1020.0,1.0,gtfs_frequencies_typical_weekday,10149.0,519251.3,76.37,9.406,1.058,0.0,0.368,True,False,56.0,C,ordered-stop planning approximation,True,DERIVED,1,historic_only,uncertain,,,historic_gtfs_baseline,sakay_gtfs_master_historic,No current route validation supplied.,,,False,,historic_only,philcoa__recto,4.522613065326634,226.13636363636363,0,10149.0,DERIVED,sakay_gtfs_master_historic|worldpop_phl_2020_1km
LTFRB_PUJ1684,,PHILCOA - PIER SOUTH,"25th St / Antonio C. Delgado Intersection, Manila - University of The Phillippines - Ayala Land Technohub, Commonwealth Avenue, Quezon City",725738,13.634,stop_sequence_approx,62,1.0,17.0,1020.0,1.0,gtfs_frequencies_typical_weekday,13906.68,613274.7,74.566,12.321,1.107,0.0,0.55,True,False,56.0,C,ordered-stop planning approximation,True,DERIVED,2,historic_only,uncertain,,,historic_gtfs_baseline,sakay_gtfs_master_historic,No current route validation supplied.,,,False,,historic_only,philcoa__pier-south,4.547454892181311,223.50819672131146,0,13906.68,DERIVED,sakay_gtfs_master_historic|worldpop_phl_2020_1km
LTFRB_PUJ1685,,PHILCOA - PIER SOUTH,"University of The Phillippines - Ayala Land Technohub, Commonwealth Avenue, Quezon City - 25th St / Antonio C. Delgado Intersection, Manila",726284,13.995,stop_sequence_approx,64,1.0,17.0,1020.0,1.0,gtfs_frequencies_typical_weekday,14274.9,629583.1,76.504,12.321,1.136,0.0,0.405,True,False,56.0,C,ordered-stop planning approximation,True,DERIVED,1,historic_only,uncertain,,,historic_gtfs_baseline,sakay_gtfs_master_historic,No current route validation supplied.,,,False,,historic_only,philcoa__pier-south,4.573061807788497,222.14285714285714,0,14274.9,DERIVED,sakay_gtfs_master_historic|worldpop_phl_2020_1km
LTFRB_PUJ1686,,PASIGPALENGKE-TIPASTAGUIGVI PATEROS,"F.Manalo / L.Labao Intersection, Taguig City, Manila - Balderama, Pasig City, Manila",725966,7.895,stop_sequence_approx,39,1.0,17.0,1020.0,1.0,gtfs_frequencies_typical_weekday,8052.9,510469.4,93.926,1.838,4.295,0.0,0.38,True,False,41.0,D,ordered-stop planning approximation | extreme detour ratio,True,DERIVED,0,historic_only,uncertain,,,historic_gtfs_baseline,sakay_gtfs_master_historic,No current route validation supplied.,,,False,,historic_only,pasigpalengke__tipastaguigvi-pateros,4.939835338822039,207.76315789473685,0,8052.9,DERIVED,sakay_gtfs_master_historic|worldpop_phl_2020_1km
LTFRB_PUJ1687,,PASIGPALENGKE-TIPASTAGUIGVI PATEROS,"Balderama, Pasig City, Manila - F.Manalo / L.Labao Intersection, Taguig City, Manila",725184,7.464,stop_sequence_approx,36,1.0,17.0,1020.0,1.0,gtfs_frequencies_typical_weekday,7613.280000000001,510469.4,93.926,1.838,4.06,0.0,0.48,True,False,41.0,D,ordered-stop planning approximation | extreme detour ratio,True,DERIVED,1,historic_only,uncertain,,,historic_gtfs_baseline,sakay_gtfs_master_historic,No current route validation supplied.,,,False,,historic_only,pasigpalengke__tipastaguigvi-pateros,4.823151125401929,213.25714285714287,0,7613.280000000001,DERIVED,sakay_gtfs_master_historic|worldpop_phl_2020_1km
LTFRB_PUJ1688,,PASIG PALENGKE-BAGONG BAYAN BICUTAN,"Manuel L. Quezon, Muntinlupa City, Manila - Balderama, Pasig City, Manila",725169,12.617,stop_sequence_approx,55,1.0,17.0,1020.0,1.0,gtfs_frequencies_typical_weekday,12869.34,701483.1,89.874,10.479,1.204,0.0,0.38,True,False,56.0,C,ordered-stop planning approximation,True,DERIVED,0,historic_only,uncertain,,,historic_gtfs_baseline,sakay_gtfs_master_historic,No current route validation supplied.,,,False,,historic_only,bagong-bayan-bicutan__pasig-palengke,4.3591979075850045,233.64814814814815,0,12869.34,DERIVED,sakay_gtfs_master_historic|worldpop_phl_2020_1km
LTFRB_PUJ1689,,PASIG PALENGKE-BAGONG BAYAN BICUTAN,"Balderama, Pasig City, Manila - Manuel L. Quezon, Muntinlupa City, Manila",724894,12.213,stop_sequence_approx,52,1.0,17.0,1020.0,1.0,gtfs_frequencies_typical_weekday,12457.259999999998,681635.6,89.579,10.479,1.165,0.0,0.37,True,False,56.0,C,ordered-stop planning approximation,True,DERIVED,1,historic_only,uncertain,,,historic_gtfs_baseline,sakay_gtfs_master_historic,No current route validation supplied.,,,False,,historic_only,bagong-bayan-bicutan__pasig-palengke,4.257758126586425,239.47058823529412,0,12457.259999999998,DERIVED,sakay_gtfs_master_historic|worldpop_phl_2020_1km
LTFRB_PUJ1691,,PASIG CITY-MARIKINA CITY,"Shoe Ave / W Paz Intersection, Marikina City, Manila - Caruncho Ave / Market Ave Intersection, Pasig City, Manila",726402,10.755,stop_sequence_approx,46,1.0,17.0,1020.0,1.0,gtfs_frequencies_typical_weekday,10970.1,552063.3,79.159,8.228,1.307,0.0,0.651,True,True,48.0,D,ordered-stop planning approximation | self-intersection detected,True,DERIVED,1,historic_only,uncertain,,,historic_gtfs_baseline,sakay_gtfs_master_historic,No current route validation supplied.,,,False,,historic_only,marikina-city__pasig-city,4.277080427708042,239.0,0,10970.1,DERIVED,sakay_gtfs_master_historic|worldpop_phl_2020_1km
LTFRB_PUJ1693,,PASAYRTDA-SCATALABNGvFTISERVICERD,"Epifanio de los Santos Avenue, Lungsod ng Pasay - Starmall Footbridge, Starmall Starmall Service Rd, Muntinlupa City, Manila",725167,16.384,stop_sequence_approx,40,1.0,17.0,1020.0,1.0,gtfs_frequencies_typical_weekday,16711.68,515831.8,80.007,14.198,1.154,0.0,0.686,True,False,56.0,C,ordered-stop planning approximation,True,DERIVED,2,historic_only,uncertain,,,historic_gtfs_baseline,sakay_gtfs_master_historic,No current route validation supplied.,,,False,,historic_only,pasayrtda__scatalabngvftiservicerd,2.44140625,420.1025641025641,0,16711.68,DERIVED,sakay_gtfs_master_historic|worldpop_phl_2020_1km
LTFRB_PUJ1694,,NOVALICHES-SHELTERVILLE,"Susano / Austria Intersection, Caloocan City - Olympic Ave, Caloocan City, Manila",725916,7.4,stop_sequence_approx,31,1.0,17.0,1020.0,1.0,gtfs_frequencies_typical_weekday,7548.0,232553.4,58.583,5.8,1.276,0.0,0.431,True,False,56.0,C,ordered-stop planning approximation,True,DERIVED,0,historic_only,uncertain,,,historic_gtfs_baseline,sakay_gtfs_master_historic,No current route validation supplied.,,,False,,historic_only,novaliches__shelterville,4.189189189189189,246.66666666666666,0,7548.0,DERIVED,sakay_gtfs_master_historic|worldpop_phl_2020_1km
LTFRB_PUJ1695,,NOVALICHES-SHELTERVILLE,"Olympic Ave, Caloocan City, Manila - Susano / Austria Intersection, Caloocan City",726220,7.4,stop_sequence_approx,31,1.0,17.0,1020.0,1.0,gtfs_frequencies_typical_weekday,7548.0,232553.4,58.583,5.8,1.276,0.0,0.431,True,False,56.0,C,ordered-stop planning approximation,True,DERIVED,0,historic_only,uncertain,,,historic_gtfs_baseline,sakay_gtfs_master_historic,No current route validation supplied.,,,False,,historic_only,novaliches__shelterville,4.189189189189189,246.66666666666666,0,7548.0,DERIVED,sakay_gtfs_master_historic|worldpop_phl_2020_1km
LTFRB_PUJ1696,,NOVALICHES-BAGONG SILANG KANAN PH9,"General Luis / Gold Intersection, Caloocan City - Un named Road near Langit Road, Caloocan City",725249,8.045,stop_sequence_approx,37,1.0,17.0,1020.0,1.0,gtfs_frequencies_typical_weekday,8205.9,339927.4,82.207,6.311,1.275,0.0,0.398,True,False,56.0,C,ordered-stop planning approximation,True,DERIVED,0,historic_only,uncertain,,,historic_gtfs_baseline,sakay_gtfs_master_historic,No current route validation supplied.,,,False,,historic_only,bagong-silang-kanan-ph9__novaliches,4.599129894344313,223.47222222222223,0,8205.9,DERIVED,sakay_gtfs_master_historic|worldpop_phl_2020_1km
LTFRB_PUJ1697,,NOVALICHES-BAGONG SILANG KANAN PH9,"Un named Road near Langit Road, Caloocan City - General Luis / Gold Intersection, Caloocan City",725152,8.247,stop_sequence_approx,40,1.0,17.0,1020.0,1.0,gtfs_frequencies_typical_weekday,8411.94,339927.4,82.207,6.311,1.307,0.0,0.398,True,False,56.0,C,ordered-stop planning approximation,True,DERIVED,0,historic_only,uncertain,,,historic_gtfs_baseline,sakay_gtfs_master_historic,No current route validation supplied.,,,False,,historic_only,bagong-silang-kanan-ph9__novaliches,4.8502485752394815,211.46153846153845,0,8411.94,DERIVED,sakay_gtfs_master_historic|worldpop_phl_2020_1km
LTFRB_PUJ1698,,NOVALICHES-BAGONG SILANG KALIWA PH5,"General Luis / Gold Intersection, Caloocan City - Rhexan Academy, Langit Road, Caloocan City",724601,8.644,stop_sequence_approx,39,1.0,17.0,1020.0,2.0,gtfs_frequencies_typical_weekday,8816.880000000001,494901.0,87.779,5.847,1.478,0.0,0.398,True,False,56.0,C,ordered-stop planning approximation,True,DERIVED,0,historic_only,uncertain,,,historic_gtfs_baseline,sakay_gtfs_master_historic,No current route validation supplied.,,,False,,historic_only,bagong-silang-kaliwa-ph5__novaliches,4.511800092549746,227.47368421052633,0,8816.880000000001,DERIVED,sakay_gtfs_master_historic|worldpop_phl_2020_1km
LTFRB_PUJ1699,,NOVALICHES-BAGONG SILANG KALIWA PH5,"Rhexan Academy, Langit Road, Caloocan City - General Luis / Gold Intersection, Caloocan City",726282,8.667,stop_sequence_approx,42,1.0,17.0,1020.0,1.0,gtfs_frequencies_typical_weekday,8840.34,494901.0,87.779,5.847,1.482,0.0,0.398,True,False,56.0,C,ordered-stop planning approximation,True,DERIVED,0,historic_only,uncertain,,,historic_gtfs_baseline,sakay_gtfs_master_historic,No current route validation supplied.,,,False,,historic_only,bagong-silang-kaliwa-ph5__novaliches,4.8459674627898925,211.390243902439,0,8840.34,DERIVED,sakay_gtfs_master_historic|worldpop_phl_2020_1km
LTFRB_PUJ1700,,NOVA-CAMARIN,"Susano / General Luis Intersection, Caloocan City - San Vicente / Camarin Road Intersection, Caloocan City",724770,6.235,stop_sequence_approx,30,1.0,17.0,1020.0,1.0,gtfs_frequencies_typical_weekday,6359.700000000001,299981.6,76.197,4.341,1.436,0.0,0.328,True,False,56.0,C,ordered-stop planning approximation,True,DERIVED,0,historic_only,uncertain,,,historic_gtfs_baseline,sakay_gtfs_master_historic,No current route validation supplied.,,,False,,historic_only,camarin__nova,4.811547714514836,215.0,0,6359.700000000001,DERIVED,sakay_gtfs_master_historic|worldpop_phl_2020_1km
LTFRB_PUJ1701,,NOVA-CAMARIN,"San Vicente / Camarin Road Intersection, Caloocan City - Topaz, Caloocan City",724713,6.223,stop_sequence_approx,30,1.0,17.0,1020.0,2.0,gtfs_frequencies_typical_weekday,6347.46,299981.6,76.197,4.354,1.429,0.0,0.328,True,False,56.0,C,ordered-stop planning approximation,True,DERIVED,0,historic_only,uncertain,,,historic_gtfs_baseline,sakay_gtfs_master_historic,No current route validation supplied.,,,False,,historic_only,camarin__nova,4.8208259681825485,214.58620689655172,0,6347.46,DERIVED,sakay_gtfs_master_historic|worldpop_phl_2020_1km
LTFRB_PUJ1702,,NICHOLS-MRT TRAMO,"Andrews Ave, Lungsod ng Pasay, Manila - Legaspi, Manila",724805,2.004,stop_sequence_approx,12,1.0,17.0,1020.0,1.0,gtfs_frequencies_typical_weekday,2044.08,111215.7,70.531,1.78,1.126,0.0,0.218,True,False,56.0,C,ordered-stop planning approximation,True,DERIVED,0,historic_only,uncertain,,,historic_gtfs_baseline,sakay_gtfs_master_historic,No current route validation supplied.,,,False,,historic_only,mrt-tramo__nichols,5.9880239520958085,182.1818181818182,0,2044.08,DERIVED,sakay_gtfs_master_historic|worldpop_phl_2020_1km
LTFRB_PUJ1703,,NICHOLS-MRT TRAMO,"Legaspi, Manila - Andrews Ave, Lungsod ng Pasay, Manila",725446,2.175,stop_sequence_approx,13,1.0,17.0,1020.0,1.0,gtfs_frequencies_typical_weekday,2218.5,111215.7,70.531,1.78,1.222,0.0,0.248,True,False,56.0,C,ordered-stop planning approximation,True,DERIVED,0,historic_only,uncertain,,,historic_gtfs_baseline,sakay_gtfs_master_historic,No current route validation supplied.,,,False,,historic_only,mrt-tramo__nichols,5.977011494252874,181.25,0,2218.5,DERIVED,sakay_gtfs_master_historic|worldpop_phl_2020_1km
LTFRB_PUJ1704,,NICHOLS-IKOT,"Villamor Health Center, Andrews Ave, Lungsod ng Pasay, Manila - Sales Road, Pasay City, Manila",726363,2.26,stop_sequence_approx,11,1.0,17.0,1020.0,1.0,gtfs_frequencies_typical_weekday,2305.2,77395.7,50.23,1.424,1.587,0.0,0.301,True,False,44.0,D,ordered-stop planning approximation | few representative stops,True,DERIVED,0,historic_only,uncertain,,,historic_gtfs_baseline,sakay_gtfs_master_historic,No current route validation supplied.,,,False,,historic_only,ikot__nichols,4.867256637168142,226.0,0,2305.2,DERIVED,sakay_gtfs_master_historic|worldpop_phl_2020_1km
LTFRB_PUJ1705,,NICHOLS-IKOT,"Sales Road, Pasay City, Manila - Villamor Health Center, Andrews Ave, Lungsod ng Pasay, Manila",725947,2.011,stop_sequence_approx,10,1.0,17.0,1020.0,1.0,gtfs_frequencies_typical_weekday,2051.2200000000003,72071.5,53.94,1.424,1.412,0.0,0.301,True,False,44.0,D,ordered-stop planning approximation | few representative stops,True,DERIVED,0,historic_only,uncertain,,,historic_gtfs_baseline,sakay_gtfs_master_historic,No current route validation supplied.,,,False,,historic_only,ikot__nichols,4.972650422675286,223.44444444444446,0,2051.2200000000003,DERIVED,sakay_gtfs_master_historic|worldpop_phl_2020_1km
LTFRB_PUJ1706,,MUNOZ-VITO CRUZvia MABINI,"HP Village Square, Pablo Ocampo Sr., Manila - Roosevelt Avenue / Road B Intersection, Quezon City",724819,14.589,stop_sequence_approx,63,1.0,17.0,1020.0,1.0,gtfs_frequencies_typical_weekday,14880.78,688769.8,89.12,10.998,1.327,0.0,0.482,True,False,56.0,C,ordered-stop planning approximation,True,DERIVED,0,historic_only,uncertain,,,historic_gtfs_baseline,sakay_gtfs_master_historic,No current route validation supplied.,,,False,,historic_only,munoz__vito-cruzvia-mabini,4.318322023442319,235.30645161290323,0,14880.78,DERIVED,sakay_gtfs_master_historic|worldpop_phl_2020_1km
LTFRB_PUJ1707,,MUNOZ-VITO CRUZvia MABINI,"Roosevelt Avenue / Road B Intersection, Quezon City - HP Village Square, Pablo Ocampo Sr., Manila",725953,14.9,stop_sequence_approx,65,1.0,17.0,1020.0,1.0,gtfs_frequencies_typical_weekday,15198.0,682554.3,89.021,10.998,1.355,0.0,0.499,True,False,56.0,C,ordered-stop planning approximation,True,DERIVED,0,historic_only,uncertain,,,historic_gtfs_baseline,sakay_gtfs_master_historic,No current route validation supplied.,,,False,,historic_only,munoz__vito-cruzvia-mabini,4.3624161073825505,232.8125,0,15198.0,DERIVED,sakay_gtfs_master_historic|worldpop_phl_2020_1km
LTFRB_PUJ1708,,MUNOZ-VISAYAS AVE,"Congressional Avenue / Abra Intersection Quezon City - Visayas Avenue / Congressional Avenue Extension, Quezon City",725238,3.272,stop_sequence_approx,14,1.0,17.0,1020.0,1.0,gtfs_frequencies_typical_weekday,3337.44,210767.6,100.0,2.975,1.1,0.0,0.338,True,False,56.0,C,ordered-stop planning approximation,True,DERIVED,0,historic_only,uncertain,,,historic_gtfs_baseline,sakay_gtfs_master_historic,No current route validation supplied.,,,False,,historic_only,munoz__visayas-ave,4.278728606356968,251.69230769230768,0,3337.44,DERIVED,sakay_gtfs_master_historic|worldpop_phl_2020_1km
LTFRB_PUJ1709,,MUNOZ-VISAYAS AVE,"Visayas Avenue / Congressional Avenue Extension, Quezon City - Congressional Avenue / Abra Intersection Quezon City",725053,3.272,stop_sequence_approx,14,1.0,17.0,1020.0,1.0,gtfs_frequencies_typical_weekday,3337.44,210767.6,100.0,2.975,1.1,0.0,0.338,True,False,56.0,C,ordered-stop planning approximation,True,DERIVED,0,historic_only,uncertain,,,historic_gtfs_baseline,sakay_gtfs_master_historic,No current route validation supplied.,,,False,,historic_only,munoz__visayas-ave,4.278728606356968,251.69230769230768,0,3337.44,DERIVED,sakay_gtfs_master_historic|worldpop_phl_2020_1km
LTFRB_PUJ1710,,MUNOZ-PROJ8,"Epifanio de los Santos Avenue / Congressional Avenue Intersection, Quezon City - Jetti Petrol Station, Tanding Sora Avenue, Quezon City",726396,3.394,stop_sequence_approx,17,1.0,17.0,1020.0,1.0,gtfs_frequencies_typical_weekday,3461.88,182261.4,100.0,2.464,1.377,0.0,0.265,True,False,56.0,C,ordered-stop planning approximation,True,DERIVED,1,historic_only,uncertain,,,historic_gtfs_baseline,sakay_gtfs_master_historic,No current route validation supplied.,,,False,,historic_only,munoz__proj8,5.008839127872716,212.125,0,3461.88,DERIVED,sakay_gtfs_master_historic|worldpop_phl_2020_1km
LTFRB_PUJ1711,,MUNOZ-PROJ8,"Jetti Petrol Station, Tanding Sora Avenue, Quezon City - Epifanio de los Santos Avenue / Congressional Avenue Intersection, Quezon City",726070,4.527,stop_sequence_approx,19,1.0,17.0,1020.0,1.0,gtfs_frequencies_typical_weekday,4617.54,237984.6,100.0,2.464,1.837,0.0,0.662,True,False,56.0,C,ordered-stop planning approximation,True,DERIVED,1,historic_only,uncertain,,,historic_gtfs_baseline,sakay_gtfs_master_historic,No current route validation supplied.,,,False,,historic_only,munoz__proj8,4.197039982328253,251.5,0,4617.54,DERIVED,sakay_gtfs_master_historic|worldpop_phl_2020_1km
LTFRB_PUJ1712,,MUNOZ-PANTRANCO,"Hayundai, Quezon Avenue, Quezon City - Dangay, Quezon City",724876,3.882,stop_sequence_approx,21,1.0,17.0,1020.0,1.0,gtfs_frequencies_typical_weekday,3959.64,227199.1,90.895,2.775,1.399,0.0,0.621,True,True,48.0,D,ordered-stop planning approximation | self-intersection detected,True,DERIVED,1,historic_only,uncertain,,,historic_gtfs_baseline,sakay_gtfs_master_historic,No current route validation supplied.,,,False,,historic_only,munoz__pantranco,5.4095826893353935,194.1,0,3959.64,DERIVED,sakay_gtfs_master_historic|worldpop_phl_2020_1km
LTFRB_PUJ1713,,MUNOZ-PANTRANCO,"Dangay, Quezon City - Hayundai, Quezon Avenue, Quezon City",726016,3.119,stop_sequence_approx,19,1.0,17.0,1020.0,1.0,gtfs_frequencies_typical_weekday,3181.38,203588.5,93.786,2.775,1.124,0.0,0.242,True,False,56.0,C,ordered-stop planning approximation,True,DERIVED,0,historic_only,uncertain,,,historic_gtfs_baseline,sakay_gtfs_master_historic,No current route validation supplied.,,,False,,historic_only,munoz__pantranco,6.091696056428342,173.27777777777777,0,3181.38,DERIVED,sakay_gtfs_master_historic|worldpop_phl_2020_1km
LTFRB_PUJ1715,,MONUMENTO-PIER,"Ever Gotesco Grand Central, Rizal Avenue, Caloocan City - 25th St / Antonio C. Delgado Intersection, Manila",724883,9.036,stop_sequence_approx,43,1.0,17.0,1020.0,1.0,gtfs_frequencies_typical_weekday,9216.72,563896.3,95.527,7.999,1.13,0.0,0.499,True,False,56.0,C,ordered-stop planning approximation,True,DERIVED,2,historic_only,uncertain,,,historic_gtfs_baseline,sakay_gtfs_master_historic,No current route validation supplied.,,,False,,historic_only,monumento__pier,4.758742806551572,215.14285714285714,0,9216.72,DERIVED,sakay_gtfs_master_historic|worldpop_phl_2020_1km
LTFRB_PUJ1716,,MONUMENTO-MUNOZ via BALINTAWAK,"Epifanio de los Santos Avenue near Walter Mart Service Road, Quezon City - Areneta Square Mall, Samson Road, Caloocan City",725704,4.156,stop_sequence_approx,19,1.0,17.0,1020.0,1.0,gtfs_frequencies_typical_weekday,4239.12,373717.9,97.158,4.093,1.015,0.0,0.323,True,False,56.0,C,ordered-stop planning approximation,True,DERIVED,4,historic_only,uncertain,,,historic_gtfs_baseline,sakay_gtfs_master_historic,No current route validation supplied.,,,False,,historic_only,monumento__munoz,4.5717035611164585,230.88888888888889,0,4239.12,DERIVED,sakay_gtfs_master_historic|worldpop_phl_2020_1km
LTFRB_PUJ1717,,MONUMENTO-MUNOZ via BALINTAWAK,"Areneta Square Mall, Samson Road, Caloocan City - Epifanio de los Santos Avenue near Walter Mart Service Road, Quezon City",724947,4.097,stop_sequence_approx,18,1.0,17.0,1020.0,1.0,gtfs_frequencies_typical_weekday,4178.9400000000005,373717.9,97.158,4.093,1.001,0.0,0.323,True,False,56.0,C,ordered-stop planning approximation,True,DERIVED,3,historic_only,uncertain,,,historic_gtfs_baseline,sakay_gtfs_master_historic,No current route validation supplied.,,,False,,historic_only,monumento__munoz,4.393458628264583,241.0,0,4178.9400000000005,DERIVED,sakay_gtfs_master_historic|worldpop_phl_2020_1km
LTFRB_PUJ1718,,MONUMENTO-MALABON via LETRE,"Bonifacio Market, MacArthur Highway, Caloocan City - Rizal Avenue / Leono Street Intersection, Malabon City",725964,4.27,stop_sequence_approx,22,1.0,17.0,1020.0,1.0,gtfs_frequencies_typical_weekday,4355.4,460252.9,97.693,3.448,1.239,0.0,0.342,True,False,56.0,C,ordered-stop planning approximation,True,DERIVED,4,historic_only,uncertain,,,historic_gtfs_baseline,sakay_gtfs_master_historic,No current route validation supplied.,,,False,,historic_only,malabon__monumento,5.152224824355972,203.33333333333334,0,4355.4,DERIVED,sakay_gtfs_master_historic|worldpop_phl_2020_1km
LTFRB_PUJ1719,,MONUMENTO-MALABON via LETRE,"Rizal Avenue / Leono Street Intersection, Malabon City - Bonifacio Market, MacArthur Highway, Caloocan City",725436,4.209,stop_sequence_approx,19,1.0,17.0,1020.0,1.0,gtfs_frequencies_typical_weekday,4293.179999999999,388316.3,97.265,3.448,1.221,0.0,0.345,True,False,56.0,C,ordered-stop planning approximation,True,DERIVED,4,historic_only,uncertain,,,historic_gtfs_baseline,sakay_gtfs_master_historic,No current route validation supplied.,,,False,,historic_only,malabon__monumento,4.514136374435734,233.83333333333334,0,4293.179999999999,DERIVED,sakay_gtfs_master_historic|worldpop_phl_2020_1km
LTFRB_PUJ1720,,"MCU-PASAY RTDA, MABINI","Epifanio de los Santos Avenue / F.B. Harrison St Intersection, Lungsod ng Pasay - Epifanio de los Santos Avenue / 8th Street Intersection , Caloocan City",724786,14.628,stop_sequence_approx,60,1.0,17.0,1020.0,1.0,gtfs_frequencies_typical_weekday,14920.56,816688.5,91.403,13.216,1.107,0.0,0.482,True,False,56.0,C,ordered-stop planning approximation,True,DERIVED,2,historic_only,uncertain,,,historic_gtfs_baseline,sakay_gtfs_master_historic,No current route validation supplied.,,,False,,historic_only,mcu__pasay-rtda-mabini,4.1017227235438884,247.9322033898305,0,14920.56,DERIVED,sakay_gtfs_master_historic|worldpop_phl_2020_1km
LTFRB_PUJ1721,,"MCU-PASAY RTDA, MABINI","Epifanio de los Santos Avenue / 8th Street Intersection , Caloocan City - Epifanio de los Santos Avenue / F.B. Harrison St Intersection, Lungsod ng Pasay",725290,15.15,stop_sequence_approx,65,1.0,17.0,1020.0,2.0,gtfs_frequencies_typical_weekday,15453.0,816688.5,91.403,13.216,1.146,0.0,0.499,True,False,56.0,C,ordered-stop planning approximation,True,DERIVED,4,historic_only,uncertain,,,historic_gtfs_baseline,sakay_gtfs_master_historic,No current route validation supplied.,,,False,,historic_only,mcu__pasay-rtda-mabini,4.29042904290429,236.71875,0,15453.0,DERIVED,sakay_gtfs_master_historic|worldpop_phl_2020_1km
LTFRB_PUJ1722,,MCU-LIBERTAD,"Senator Gil Puyat Ave, Lungsod ng Pasay, Manila - Epifanio de los Santos Avenue / 8th Street Intersection , Caloocan City",726103,14.359,stop_sequence_approx,57,1.0,17.0,1020.0,1.0,gtfs_frequencies_typical_weekday,14646.18,861589.1,93.249,11.481,1.251,0.0175,0.583,True,True,48.0,D,ordered-stop planning approximation | self-intersection detected,True,DERIVED,2,historic_only,uncertain,,,historic_gtfs_baseline,sakay_gtfs_master_historic,No current route validation supplied.,,,False,,historic_only,libertad__mcu,3.969635768507556,256.4107142857143,0,14646.18,DERIVED,sakay_gtfs_master_historic|worldpop_phl_2020_1km
LTFRB_PUJ1723,,MCU-LIBERTAD,"Epifanio de los Santos Avenue / 8th Street Intersection , Caloocan City - Senator Gil Puyat Ave, Lungsod ng Pasay, Manila",725740,13.118,stop_sequence_approx,57,1.0,17.0,1020.0,1.0,gtfs_frequencies_typical_weekday,13380.36,854522.3,94.02,11.481,1.143,0.0,0.583,True,False,56.0,C,ordered-stop planning approximation,True,DERIVED,4,historic_only,uncertain,,,historic_gtfs_baseline,sakay_gtfs_master_historic,No current route validation supplied.,,,False,,historic_only,libertad__mcu,4.3451745692941,234.25,0,13380.36,DERIVED,sakay_gtfs_master_historic|worldpop_phl_2020_1km
LTFRB_PUJ1724,,LIBERTAD-PIER SOUTH,"P. Villanueva, Lungsod ng Pasay - Railroad Dr / 13th St Intersection, Manila",725148,6.841,stop_sequence_approx,22,1.0,17.0,1020.0,2.0,gtfs_frequencies_typical_weekday,6977.820000000001,253496.7,79.668,5.634,1.214,0.0,0.482,True,False,56.0,C,ordered-stop planning approximation,True,DERIVED,0,historic_only,uncertain,,,historic_gtfs_baseline,sakay_gtfs_master_historic,No current route validation supplied.,,,False,,historic_only,libertad__pier-south,3.21590410758661,325.76190476190476,0,6977.820000000001,DERIVED,sakay_gtfs_master_historic|worldpop_phl_2020_1km
LTFRB_PUJ1725,,LIBERTAD-PIER SOUTH,"Railroad Dr / 13th St Intersection, Manila - P. Villanueva, Lungsod ng Pasay",725833,6.726,stop_sequence_approx,23,1.0,17.0,1020.0,1.0,gtfs_frequencies_typical_weekday,6860.52,252600.3,79.95,5.634,1.194,0.0,0.434,True,False,56.0,C,ordered-stop planning approximation,True,DERIVED,0,historic_only,uncertain,,,historic_gtfs_baseline,sakay_gtfs_master_historic,No current route validation supplied.,,,False,,historic_only,libertad__pier-south,3.4195658638120725,305.72727272727275,0,6860.52,DERIVED,sakay_gtfs_master_historic|worldpop_phl_2020_1km
LTFRB_PUJ1726,,LIBERTAD-EVANGELISTA,"Gen.J.Cailles / Evangelista Intersection, Makati City - P. Villanueva, Lungsod ng Pasay",726405,2.364,stop_sequence_approx,9,1.0,17.0,1020.0,1.0,gtfs_frequencies_typical_weekday,2411.28,202256.6,100.0,1.653,1.43,0.0,0.454,True,False,44.0,D,ordered-stop planning approximation | few representative stops,True,DERIVED,0,historic_only,uncertain,,,historic_gtfs_baseline,sakay_gtfs_master_historic,No current route validation supplied.,,,False,,historic_only,evangelista__libertad,3.8071065989847717,295.5,0,2411.28,DERIVED,sakay_gtfs_master_historic|worldpop_phl_2020_1km
LTFRB_PUJ1727,,LIBERTAD-EVANGELISTA,"P. Villanueva, Lungsod ng Pasay - Gen.J.Cailles / Evangelista Intersection, Makati City",724936,2.505,stop_sequence_approx,10,1.0,17.0,1020.0,1.0,gtfs_frequencies_typical_weekday,2555.1,202256.6,100.0,1.653,1.515,0.0,0.454,True,False,44.0,D,ordered-stop planning approximation | few representative stops,True,DERIVED,0,historic_only,uncertain,,,historic_gtfs_baseline,sakay_gtfs_master_historic,No current route validation supplied.,,,False,,historic_only,evangelista__libertad,3.9920159680638725,278.3333333333333,0,2555.1,DERIVED,sakay_gtfs_master_historic|worldpop_phl_2020_1km
LTFRB_PUJ1729,,LIBERTAD-DIAN,"Dian / Pablo Ocampo Sr. Intersection, Manila - Antonio Arnaiz Ave / P.Zamora Intersection, Manila",725831,2.747,stop_sequence_approx,8,1.0,17.0,1020.0,1.0,gtfs_frequencies_typical_weekday,2801.94,285929.4,100.0,1.884,1.458,0.0,0.513,True,False,44.0,D,ordered-stop planning approximation | few representative stops,True,DERIVED,0,historic_only,uncertain,,,historic_gtfs_baseline,sakay_gtfs_master_historic,No current route validation supplied.,,,False,,historic_only,dian__libertad,2.912267928649436,392.42857142857144,0,2801.94,DERIVED,sakay_gtfs_master_historic|worldpop_phl_2020_1km
LTFRB_PUJ1730,,LAGRO-PHILCOA,"Philippine Coconut Authority, Commonwealth Avenue, Quezon City - Quirino Highway / St James Intersection, Calcoocan City",725006,13.396,stop_sequence_approx,53,1.0,17.0,1020.0,1.0,gtfs_frequencies_typical_weekday,13663.92,474962.0,73.975,9.205,1.455,0.0,0.48,True,False,56.0,C,ordered-stop planning approximation,True,DERIVED,0,historic_only,uncertain,,,historic_gtfs_baseline,sakay_gtfs_master_historic,No current route validation supplied.,,,False,,historic_only,lagro__philcoa,3.956404896984174,257.61538461538464,0,13663.92,DERIVED,sakay_gtfs_master_historic|worldpop_phl_2020_1km
LTFRB_PUJ1731,,LAGRO-PHILCOA,"Quirino Highway / St James Intersection, Calcoocan City - Philippine Coconut Authority, Commonwealth Avenue, Quezon City",724766,13.396,stop_sequence_approx,53,1.0,17.0,1020.0,1.0,gtfs_frequencies_typical_weekday,13663.92,474962.0,73.975,9.205,1.455,0.0,0.48,True,False,56.0,C,ordered-stop planning approximation,True,DERIVED,0,historic_only,uncertain,,,historic_gtfs_baseline,sakay_gtfs_master_historic,No current route validation supplied.,,,False,,historic_only,lagro__philcoa,3.956404896984174,257.61538461538464,0,13663.92,DERIVED,sakay_gtfs_master_historic|worldpop_phl_2020_1km
LTFRB_PUJ1732,,LAGRO-NOVALICHES,"Dumulay  / Quirino Highway, Quezon City, Manila - Quirino Highway / St James Intersection, Calcoocan City",725468,5.057,stop_sequence_approx,22,1.0,17.0,1020.0,1.0,gtfs_frequencies_typical_weekday,5158.14,233453.1,81.215,3.123,1.619,0.0,0.442,True,False,56.0,C,ordered-stop planning approximation,True,DERIVED,1,historic_only,uncertain,,,historic_gtfs_baseline,sakay_gtfs_master_historic,No current route validation supplied.,,,False,,historic_only,lagro__novaliches,4.350405378683013,240.8095238095238,0,5158.14,DERIVED,sakay_gtfs_master_historic|worldpop_phl_2020_1km
LTFRB_PUJ1734,,LAGRO-CUBAO,"13th Ave / P. Tuazon Blvd, Quezon City, Manila - Quirino Highway / St James Intersection, Calcoocan City",726390,18.309,stop_sequence_approx,72,1.0,17.0,1020.0,1.0,gtfs_frequencies_typical_weekday,18675.18,722424.8,79.65,12.913,1.418,0.0,0.48,True,False,56.0,C,ordered-stop planning approximation,True,DERIVED,0,historic_only,uncertain,,,historic_gtfs_baseline,sakay_gtfs_master_historic,No current route validation supplied.,,,False,,historic_only,cubao__lagro,3.932492216942487,257.8732394366197,0,18675.18,DERIVED,sakay_gtfs_master_historic|worldpop_phl_2020_1km
LTFRB_PUJ1735,,LAGRO-CUBAO,"Quirino Highway / St James Intersection, Calcoocan City - 13th Ave / P. Tuazon Blvd, Quezon City, Manila",724803,19.319,stop_sequence_approx,75,1.0,17.0,1020.0,1.0,gtfs_frequencies_typical_weekday,19705.38,722424.8,79.65,12.913,1.496,0.0,0.524,True,False,56.0,C,ordered-stop planning approximation,True,DERIVED,0,historic_only,uncertain,,,historic_gtfs_baseline,sakay_gtfs_master_historic,No current route validation supplied.,,,False,,historic_only,cubao__lagro,3.8821885190744863,261.06756756756755,0,19705.38,DERIVED,sakay_gtfs_master_historic|worldpop_phl_2020_1km
LTFRB_PUJ1736,,LAGRO-CITY HALL,"Kalayaan Ave / Mayaman Intersection, Quezon City, Manila - SM Public Transport Terminal, Regalado Highway, Quezon City",725100,13.587,stop_sequence_approx,53,1.0,17.0,1020.0,1.0,gtfs_frequencies_typical_weekday,13858.74,479071.2,71.815,9.752,1.393,0.0,0.48,True,False,56.0,C,ordered-stop planning approximation,True,DERIVED,1,historic_only,uncertain,,,historic_gtfs_baseline,sakay_gtfs_master_historic,No current route validation supplied.,,,False,,historic_only,city-hall__lagro,3.900787517479944,261.28846153846155,0,13858.74,DERIVED,sakay_gtfs_master_historic|worldpop_phl_2020_1km
LTFRB_PUJ1737,,LAGRO-CITY HALL,"SM Public Transport Terminal, Regalado Highway, Quezon City - Kalayaan Ave / Mayaman Intersection, Quezon City, Manila",724810,15.806,stop_sequence_approx,61,1.0,17.0,1020.0,1.0,gtfs_frequencies_typical_weekday,16122.12,535831.5,72.248,9.752,1.621,0.0,0.524,True,False,56.0,C,ordered-stop planning approximation,True,DERIVED,2,historic_only,uncertain,,,historic_gtfs_baseline,sakay_gtfs_master_historic,No current route validation supplied.,,,False,,historic_only,city-hall__lagro,3.8592939390105023,263.43333333333334,0,16122.12,DERIVED,sakay_gtfs_master_historic|worldpop_phl_2020_1km
LTFRB_PUJ1738,,LAGRO-ANONAS,"Anonas / Tampoy Intersection, Quezon City, Manila - Quirino Highway / St James Intersection, Calcoocan City",725504,17.444,stop_sequence_approx,69,1.0,17.0,1020.0,1.0,gtfs_frequencies_typical_weekday,17792.879999999997,627661.5,76.578,11.724,1.488,0.0,0.48,True,False,56.0,C,ordered-stop planning approximation,True,DERIVED,0,historic_only,uncertain,,,historic_gtfs_baseline,sakay_gtfs_master_historic,No current route validation supplied.,,,False,,historic_only,anonas__lagro,3.9555147901857373,256.52941176470586,0,17792.879999999997,DERIVED,sakay_gtfs_master_historic|worldpop_phl_2020_1km
LTFRB_PUJ1739,,LAGRO-ANONAS,"Quirino Highway / St James Intersection, Calcoocan City - Anonas / Tampoy Intersection, Quezon City, Manila",725031,17.962,stop_sequence_approx,71,1.0,17.0,1020.0,1.0,gtfs_frequencies_typical_weekday,18321.24,627661.5,76.578,11.724,1.532,0.0,0.531,True,False,56.0,C,ordered-stop planning approximation,True,DERIVED,0,historic_only,uncertain,,,historic_gtfs_baseline,sakay_gtfs_master_historic,No current route validation supplied.,,,False,,historic_only,anonas__lagro,3.952789221690235,256.6,0,18321.24,DERIVED,sakay_gtfs_master_historic|worldpop_phl_2020_1km
LTFRB_PUJ1740,,KATIPUNAN - UP GATE,"Katipunan Ave, Quezon City, Manila - Katipunan Ave, Quezon City, Manila",725820,2.556,stop_sequence_approx,9,1.0,17.0,1020.0,1.0,gtfs_frequencies_typical_weekday,2607.12,114273.8,53.531,2.49,1.027,0.0,0.381,True,False,44.0,D,ordered-stop planning approximation | few representative stops,True,DERIVED,0,historic_only,uncertain,,,historic_gtfs_baseline,sakay_gtfs_master_historic,No current route validation supplied.,,,False,,historic_only,katipunan__up-gate,3.52112676056338,319.5,0,2607.12,DERIVED,sakay_gtfs_master_historic|worldpop_phl_2020_1km
LTFRB_PUJ1741,,KATIPUNAN - UP GATE,"Katipunan Ave, Quezon City, Manila - Katipunan Ave, Quezon City, Manila",724681,2.53,stop_sequence_approx,10,1.0,17.0,1020.0,1.0,gtfs_frequencies_typical_weekday,2580.6,114273.8,53.531,2.49,1.016,0.0,0.365,True,False,44.0,D,ordered-stop planning approximation | few representative stops,True,DERIVED,0,historic_only,uncertain,,,historic_gtfs_baseline,sakay_gtfs_master_historic,No current route validation supplied.,,,False,,historic_only,katipunan__up-gate,3.9525691699604746,281.1111111111111,0,2580.6,DERIVED,sakay_gtfs_master_historic|worldpop_phl_2020_1km
LTFRB_PUJ1742,,KATIPUNAN - UP CAMPUS,"Katipunan Ave, Quezon City, Manila - UP College of Education, A. Ma. Regidor St / Roxas Ave Intersection, Quezon City, Manila",725408,5.26,stop_sequence_approx,20,1.0,17.0,1020.0,1.0,gtfs_frequencies_typical_weekday,5365.2,156863.0,38.997,2.437,2.159,0.0,0.381,True,False,56.0,C,ordered-stop planning approximation,True,DERIVED,0,historic_only,uncertain,,,historic_gtfs_baseline,sakay_gtfs_master_historic,No current route validation supplied.,,,False,,historic_only,katipunan__up-campus,3.802281368821293,276.8421052631579,0,5365.2,DERIVED,sakay_gtfs_master_historic|worldpop_phl_2020_1km
LTFRB_PUJ1743,,KATIPUNAN - UP CAMPUS,"UP College of Education, A. Ma. Regidor St / Roxas Ave Intersection, Quezon City, Manila - Katipunan Ave, Quezon City, Manila",725460,3.327,stop_sequence_approx,13,1.0,17.0,1020.0,1.0,gtfs_frequencies_typical_weekday,3393.54,137597.5,44.457,2.437,1.365,0.0,0.365,True,False,56.0,C,ordered-stop planning approximation,True,DERIVED,0,historic_only,uncertain,,,historic_gtfs_baseline,sakay_gtfs_master_historic,No current route validation supplied.,,,False,,historic_only,katipunan__up-campus,3.907424105801022,277.25,0,3393.54,DERIVED,sakay_gtfs_master_historic|worldpop_phl_2020_1km
LTFRB_PUJ1744,,KATIPUNAN - QUIRINO HIGHWAY,"Katipunan Ave, Quezon City, Manila - Chowking, Quirino Highway, Quezon City",725044,8.104,stop_sequence_approx,35,1.0,17.0,1020.0,1.0,gtfs_frequencies_typical_weekday,8266.08,336612.6,79.364,6.557,1.236,0.0286,0.539,True,True,48.0,D,ordered-stop planning approximation | self-intersection detected,True,DERIVED,2,historic_only,uncertain,,,historic_gtfs_baseline,sakay_gtfs_master_historic,No current route validation supplied.,,,False,,historic_only,katipunan__quirino-highway,4.3188548864758145,238.35294117647055,0,8266.08,DERIVED,sakay_gtfs_master_historic|worldpop_phl_2020_1km
LTFRB_PUJ1745,,KATIPUNAN - QUIRINO HIGHWAY,"Chowking, Quirino Highway, Quezon City - Katipunan Ave, Quezon City, Manila",724621,8.039,stop_sequence_approx,35,1.0,17.0,1020.0,1.0,gtfs_frequencies_typical_weekday,8199.779999999999,358591.3,80.629,6.557,1.226,0.0286,0.539,True,True,48.0,D,ordered-stop planning approximation | self-intersection detected,True,DERIVED,2,historic_only,uncertain,,,historic_gtfs_baseline,sakay_gtfs_master_historic,No current route validation supplied.,,,False,,historic_only,katipunan__quirino-highway,4.353775345192188,236.44117647058823,0,8199.779999999999,DERIVED,sakay_gtfs_master_historic|worldpop_phl_2020_1km
LTFRB_PUJ1746,,GUDALUPE-FTI via J.P.RIZAL Ext. C5,"DBP Ave, Taguig City, Manila, Manila - Epifanio de los Santos Avenue, Makati City, Manila",724886,11.527,stop_sequence_approx,39,1.0,17.0,1020.0,1.0,gtfs_frequencies_typical_weekday,11757.54,515182.4,89.22,6.79,1.698,0.0,0.539,True,False,56.0,C,ordered-stop planning approximation,True,DERIVED,0,historic_only,uncertain,,,historic_gtfs_baseline,sakay_gtfs_master_historic,No current route validation supplied.,,,False,,historic_only,fti__gudalupe,3.383360805066366,303.3421052631579,0,11757.54,DERIVED,sakay_gtfs_master_historic|worldpop_phl_2020_1km
LTFRB_PUJ1747,,GUDALUPE-FTI via J.P.RIZAL Ext. C5,"Epifanio de los Santos Avenue, Makati City, Manila - DBP Ave, Taguig City, Manila, Manila",726296,11.968,stop_sequence_approx,43,1.0,17.0,1020.0,1.0,gtfs_frequencies_typical_weekday,12207.36,515182.4,89.22,6.79,1.763,0.0233,0.539,True,True,48.0,D,ordered-stop planning approximation | self-intersection detected,True,DERIVED,1,historic_only,uncertain,,,historic_gtfs_baseline,sakay_gtfs_master_historic,No current route validation supplied.,,,False,,historic_only,fti__gudalupe,3.5929144385026737,284.95238095238096,0,12207.36,DERIVED,sakay_gtfs_master_historic|worldpop_phl_2020_1km
LTFRB_PUJ1748,,GUADALUPE-PATEROS via JP RIZAL,"J.P. Rizal Extension / Lanzones Intersection, Pateros, Manila - Sgt. Fabian Yabut Circle / P.Burgos Intersection, Makati City, Manila",726110,4.907,stop_sequence_approx,27,1.0,17.0,1020.0,1.0,gtfs_frequencies_typical_weekday,5005.14,298685.2,93.438,2.943,1.668,0.0,0.35,True,False,56.0,C,ordered-stop planning approximation,True,DERIVED,0,historic_only,uncertain,,,historic_gtfs_baseline,sakay_gtfs_master_historic,No current route validation supplied.,,,False,,historic_only,guadalupe__pateros,5.502343590788669,188.73076923076923,0,5005.14,DERIVED,sakay_gtfs_master_historic|worldpop_phl_2020_1km
LTFRB_PUJ1749,,GUADALUPE-PATEROS via JP RIZAL,"P.Burgos, Makati City, Manila - J.P. Rizal Extension / Lanzones Intersection, Pateros, Manila",725584,4.319,stop_sequence_approx,25,1.0,17.0,1020.0,1.0,gtfs_frequencies_typical_weekday,4405.38,293044.0,95.236,2.959,1.46,0.0,0.242,True,False,56.0,C,ordered-stop planning approximation,True,DERIVED,0,historic_only,uncertain,,,historic_gtfs_baseline,sakay_gtfs_master_historic,No current route validation supplied.,,,False,,historic_only,guadalupe__pateros,5.788376939106275,179.95833333333334,0,4405.38,DERIVED,sakay_gtfs_master_historic|worldpop_phl_2020_1km
LTFRB_PUJ1750,,GUADALUPE-BUTING,"F. Flores / M. Concepcion Ave Intersection, Pateros, Manila - Sgt. Fabian Yabut Circle / P.Burgos Intersection, Makati City, Manila",725415,3.738,stop_sequence_approx,18,1.0,17.0,1020.0,1.0,gtfs_frequencies_typical_weekday,3812.76,181336.6,96.889,2.887,1.295,0.0,0.369,True,False,56.0,C,ordered-stop planning approximation,True,DERIVED,0,historic_only,uncertain,,,historic_gtfs_baseline,sakay_gtfs_master_historic,No current route validation supplied.,,,False,,historic_only,buting__guadalupe,4.815409309791332,219.88235294117646,0,3812.76,DERIVED,sakay_gtfs_master_historic|worldpop_phl_2020_1km
LTFRB_PUJ1752,,GATE 5 - GREENHILLS SHOPPING CENTER,"N. Western St / Service Rd, San Juan, Manila - Connecticut St / Colombia St, San Juan, Manila",725577,1.869,stop_sequence_approx,9,1.0,17.0,1020.0,1.0,gtfs_frequencies_typical_weekday,1906.38,51623.0,0.0,1.187,1.575,0.0,0.354,True,False,44.0,D,ordered-stop planning approximation | few representative stops,True,DERIVED,1,historic_only,uncertain,,,historic_gtfs_baseline,sakay_gtfs_master_historic,No current route validation supplied.,,,False,,historic_only,gate-5__greenhills-shopping-center,4.815409309791332,233.625,0,1906.38,DERIVED,sakay_gtfs_master_historic|worldpop_phl_2020_1km
LTFRB_PUJ1753,,GATE 5 - GREENHILLS SHOPPING CENTER,"Connecticut St / Colombia St, San Juan, Manila - N. Western St / Service Rd, San Juan, Manila",726318,1.234,stop_sequence_approx,6,1.0,17.0,1020.0,1.0,gtfs_frequencies_typical_weekday,1258.68,33123.1,0.0,1.187,1.04,0.0,0.332,True,False,44.0,D,ordered-stop planning approximation | few representative stops,True,DERIVED,0,historic_only,uncertain,,,historic_gtfs_baseline,sakay_gtfs_master_historic,No current route validation supplied.,,,False,,historic_only,gate-5__greenhills-shopping-center,4.862236628849271,246.8,0,1258.68,DERIVED,sakay_gtfs_master_historic|worldpop_phl_2020_1km
LTFRB_PUJ1754,,FRISCO-VITO CRUZvia MABINI,"HP Village Square, Pablo Ocampo Sr., Manila - 7/11 Del Monte Avenue, Quezon City",724824,12.722,stop_sequence_approx,55,1.0,17.0,1020.0,1.0,gtfs_frequencies_typical_weekday,12976.44,615988.1,87.835,9.252,1.375,0.0,0.482,True,False,56.0,C,ordered-stop planning approximation,True,DERIVED,0,historic_only,uncertain,,,historic_gtfs_baseline,sakay_gtfs_master_historic,No current route validation supplied.,,,False,,historic_only,frisco__vito-cruzvia-mabini,4.323219619556673,235.59259259259258,0,12976.44,DERIVED,sakay_gtfs_master_historic|worldpop_phl_2020_1km
LTFRB_PUJ1755,,FRISCO-VITO CRUZvia MABINI,"7/11 Del Monte Avenue, Quezon City - HP Village Square, Pablo Ocampo Sr., Manila",725895,12.947,stop_sequence_approx,54,1.0,17.0,1020.0,1.0,gtfs_frequencies_typical_weekday,13205.94,609772.6,87.711,9.252,1.399,0.0,0.499,True,False,56.0,C,ordered-stop planning approximation,True,DERIVED,0,historic_only,uncertain,,,historic_gtfs_baseline,sakay_gtfs_master_historic,No current route validation supplied.,,,False,,historic_only,frisco__vito-cruzvia-mabini,4.17085039005175,244.28301886792454,0,13205.94,DERIVED,sakay_gtfs_master_historic|worldpop_phl_2020_1km
LTFRB_PUJ1756,,FRISCO-REMEDIOS,"Remedios / Antonio Vasquez Intersection, Manila - 7/11 Del Monte Avenue, Quezon City",724626,11.385,stop_sequence_approx,50,1.0,17.0,1020.0,1.0,gtfs_frequencies_typical_weekday,11612.7,630037.4,90.64,8.08,1.409,0.0,0.456,True,False,56.0,C,ordered-stop planning approximation,True,DERIVED,0,historic_only,uncertain,,,historic_gtfs_baseline,sakay_gtfs_master_historic,No current route validation supplied.,,,False,,historic_only,frisco__remedios,4.391743522178305,232.3469387755102,0,11612.7,DERIVED,sakay_gtfs_master_historic|worldpop_phl_2020_1km
LTFRB_PUJ1757,,FRISCO-REMEDIOS,"7/11 Del Monte Avenue, Quezon City - Remedios / Antonio Vasquez Intersection, Manila",724981,11.402,stop_sequence_approx,51,1.0,17.0,1020.0,1.0,gtfs_frequencies_typical_weekday,11630.04,630037.4,90.64,8.08,1.411,0.0,0.37,True,False,56.0,C,ordered-stop planning approximation,True,DERIVED,0,historic_only,uncertain,,,historic_gtfs_baseline,sakay_gtfs_master_historic,No current route validation supplied.,,,False,,historic_only,frisco__remedios,4.472899491317313,228.04,0,11630.04,DERIVED,sakay_gtfs_master_historic|worldpop_phl_2020_1km
LTFRB_PUJ1758,,CUBAO-TM KALAW,"T.M. Kalaw, Manila - General Romulo Ave / Aurora Blvd Intersection, Quezon City, Manila",725998,11.25,stop_sequence_approx,44,1.0,17.0,1020.0,1.0,gtfs_frequencies_typical_weekday,11475.0,652541.9,90.511,9.108,1.235,0.0,0.448,True,False,56.0,C,ordered-stop planning approximation,True,DERIVED,1,historic_only,uncertain,,,historic_gtfs_baseline,sakay_gtfs_master_historic,No current route validation supplied.,,,False,,historic_only,cubao__tm-kalaw,3.911111111111111,261.6279069767442,0,11475.0,DERIVED,sakay_gtfs_master_historic|worldpop_phl_2020_1km
LTFRB_PUJ1759,,CUBAO-TM KALAW,"General Romulo Ave / Aurora Blvd Intersection, Quezon City, Manila - T.M. Kalaw, Manila",724940,11.467,stop_sequence_approx,45,1.0,17.0,1020.0,2.0,gtfs_frequencies_typical_weekday,11696.34,652541.9,90.511,9.108,1.259,0.0,0.432,True,False,56.0,C,ordered-stop planning approximation,True,DERIVED,1,historic_only,uncertain,,,historic_gtfs_baseline,sakay_gtfs_master_historic,No current route validation supplied.,,,False,,historic_only,cubao__tm-kalaw,3.9243045260312197,260.6136363636364,0,11696.34,DERIVED,sakay_gtfs_master_historic|worldpop_phl_2020_1km
LTFRB_PUJ1760,,CUBAO-STOPnSHOP,"Internet Cafe, Old Sta. Mesa, Manila - Aurora Blvd / General Aguinaldo Ave Intersection, Quezon City, Manila",726143,5.017,stop_sequence_approx,16,1.0,17.0,1020.0,1.0,gtfs_frequencies_typical_weekday,5117.34,279115.9,92.438,4.939,1.016,0.0,0.466,True,False,56.0,C,ordered-stop planning approximation,True,DERIVED,1,historic_only,uncertain,,,historic_gtfs_baseline,sakay_gtfs_master_historic,No current route validation supplied.,,,False,,historic_only,cubao__stopnshop,3.1891568666533785,334.46666666666664,0,5117.34,DERIVED,sakay_gtfs_master_historic|worldpop_phl_2020_1km
LTFRB_PUJ1761,,CUBAO-STOPnSHOP,"Aurora Blvd / General Aguinaldo Ave Intersection, Quezon City, Manila - Internet Cafe, Old Sta. Mesa, Manila",725134,5.368,stop_sequence_approx,17,1.0,17.0,1020.0,1.0,gtfs_frequencies_typical_weekday,5475.360000000001,279115.9,92.438,4.939,1.087,0.0,0.466,True,False,56.0,C,ordered-stop planning approximation,True,DERIVED,1,historic_only,uncertain,,,historic_gtfs_baseline,sakay_gtfs_master_historic,No current route validation supplied.,,,False,,historic_only,cubao__stopnshop,3.1669150521609537,335.5,0,5475.360000000001,DERIVED,sakay_gtfs_master_historic|worldpop_phl_2020_1km
LTFRB_PUJ1762,,CUBAO-STA.LUCIA,"Ortigas Ave, Pagis City, Manila - General Romulo Ave ,Quezon City, Manila",726022,7.73,stop_sequence_approx,31,1.0,17.0,1020.0,1.0,gtfs_frequencies_typical_weekday,7884.6,279389.3,69.169,6.03,1.282,0.0,0.454,True,False,56.0,C,ordered-stop planning approximation,True,DERIVED,0,historic_only,uncertain,,,historic_gtfs_baseline,sakay_gtfs_master_historic,No current route validation supplied.,,,False,,historic_only,cubao__sta-lucia,4.010349288486417,257.6666666666667,0,7884.6,DERIVED,sakay_gtfs_master_historic|worldpop_phl_2020_1km
LTFRB_PUJ1763,,CUBAO-STA.LUCIA,"General Romulo Ave ,Quezon City, Manila - Ortigas Ave, Pagis City, Manila",725428,8.791,stop_sequence_approx,37,1.0,17.0,1020.0,1.0,gtfs_frequencies_typical_weekday,8966.82,318805.8,76.405,6.03,1.458,0.0,0.451,True,False,56.0,C,ordered-stop planning approximation,True,DERIVED,0,historic_only,uncertain,,,historic_gtfs_baseline,sakay_gtfs_master_historic,No current route validation supplied.,,,False,,historic_only,cubao__sta-lucia,4.208849960186554,244.19444444444446,0,8966.82,DERIVED,sakay_gtfs_master_historic|worldpop_phl_2020_1km
LTFRB_PUJ1764,,CUBAO-ROSARIO,"Ortigas Ave, Pasig City, Manila - General Romulo Ave ,Quezon City, Manila",726293,6.105,stop_sequence_approx,24,1.0,17.0,1020.0,1.0,gtfs_frequencies_typical_weekday,6227.1,204924.2,69.499,4.721,1.293,0.0,0.402,True,False,56.0,C,ordered-stop planning approximation,True,DERIVED,0,historic_only,uncertain,,,historic_gtfs_baseline,sakay_gtfs_master_historic,No current route validation supplied.,,,False,,historic_only,cubao__rosario,3.931203931203931,265.4347826086956,0,6227.1,DERIVED,sakay_gtfs_master_historic|worldpop_phl_2020_1km
LTFRB_PUJ1765,,CUBAO-ROSARIO,"General Romulo Ave ,Quezon City, Manila - Ortigas Ave, Pasig City, Manila",724866,6.105,stop_sequence_approx,24,1.0,17.0,1020.0,2.0,gtfs_frequencies_typical_weekday,6227.1,204924.2,69.499,4.721,1.293,0.0,0.402,True,False,56.0,C,ordered-stop planning approximation,True,DERIVED,0,historic_only,uncertain,,,historic_gtfs_baseline,sakay_gtfs_master_historic,No current route validation supplied.,,,False,,historic_only,cubao__rosario,3.931203931203931,265.4347826086956,0,6227.1,DERIVED,sakay_gtfs_master_historic|worldpop_phl_2020_1km
LTFRB_PUJ1766,,CUBAO-ROCES,"Aurora Blvd / Epifanio de los Santos Avenue Intersection, Quezon City, Manila - Don Alejandro Roces Ave / S AA Intersection, Quezon City, Manila",725843,3.705,stop_sequence_approx,17,1.0,17.0,1020.0,1.0,gtfs_frequencies_typical_weekday,3779.1,179310.4,83.422,3.206,1.156,0.0,0.458,True,False,56.0,C,ordered-stop planning approximation,True,DERIVED,0,historic_only,uncertain,,,historic_gtfs_baseline,sakay_gtfs_master_historic,No current route validation supplied.,,,False,,historic_only,cubao__roces,4.588394062078272,231.5625,0,3779.1,DERIVED,sakay_gtfs_master_historic|worldpop_phl_2020_1km
LTFRB_PUJ1767,,CUBAO-ROCES,"Don Alejandro Roces Ave / S AA Intersection, Quezon City, Manila - Aurora Blvd / Epifanio de los Santos Avenue Intersection, Quezon City, Manila",724983,3.705,stop_sequence_approx,17,1.0,17.0,1020.0,1.0,gtfs_frequencies_typical_weekday,3779.1,179310.4,83.422,3.206,1.156,0.0,0.458,True,False,56.0,C,ordered-stop planning approximation,True,DERIVED,0,historic_only,uncertain,,,historic_gtfs_baseline,sakay_gtfs_master_historic,No current route validation supplied.,,,False,,historic_only,cubao__roces,4.588394062078272,231.5625,0,3779.1,DERIVED,sakay_gtfs_master_historic|worldpop_phl_2020_1km
LTFRB_PUJ1768,,CUBAO-PROJ 4,"13th Ave / P. Tuazon Blvd, Quezon City, Manila - Asian College of Science and Technology, Aurora Blvd, Quezon City, Manila",725971,3.346,stop_sequence_approx,16,1.0,17.0,1020.0,1.0,gtfs_frequencies_typical_weekday,3412.92,143581.1,88.862,1.621,2.064,0.0,0.266,True,False,56.0,C,ordered-stop planning approximation,True,DERIVED,0,historic_only,uncertain,,,historic_gtfs_baseline,sakay_gtfs_master_historic,No current route validation supplied.,,,False,,historic_only,cubao__proj-4,4.781829049611476,223.06666666666666,0,3412.92,DERIVED,sakay_gtfs_master_historic|worldpop_phl_2020_1km
LTFRB_PUJ1769,,CUBAO-PROJ 4,"Asian College of Science and Technology, Aurora Blvd, Quezon City, Manila - 13th Ave / P. Tuazon Blvd, Quezon City, Manila",726090,3.346,stop_sequence_approx,16,1.0,17.0,1020.0,1.0,gtfs_frequencies_typical_weekday,3412.92,143581.1,88.862,1.621,2.064,0.0,0.266,True,False,56.0,C,ordered-stop planning approximation,True,DERIVED,0,historic_only,uncertain,,,historic_gtfs_baseline,sakay_gtfs_master_historic,No current route validation supplied.,,,False,,historic_only,cubao__proj-4,4.781829049611476,223.06666666666666,0,3412.92,DERIVED,sakay_gtfs_master_historic|worldpop_phl_2020_1km
LTFRB_PUJ1770,,CUBAO-PROJ2-3,"General Romulo Ave ,Quezon City, Manila - Don Quintin Paredes High School, Anonas, Quezon City, Manila",724939,3.194,stop_sequence_approx,13,1.0,17.0,1020.0,1.0,gtfs_frequencies_typical_weekday,3257.88,164940.0,92.411,1.239,2.578,0.0,0.374,True,False,49.0,D,ordered-stop planning approximation | high detour ratio,True,DERIVED,0,historic_only,uncertain,,,historic_gtfs_baseline,sakay_gtfs_master_historic,No current route validation supplied.,,,False,,historic_only,3__cubao__proj2,4.0701314965560424,266.1666666666667,0,3257.88,DERIVED,sakay_gtfs_master_historic|worldpop_phl_2020_1km
LTFRB_PUJ1771,,CUBAO-PROJ2-3,"Don Quintin Paredes High School, Anonas, Quezon City, Manila - General Romulo Ave ,Quezon City, Manila",725431,2.359,stop_sequence_approx,11,1.0,17.0,1020.0,1.0,gtfs_frequencies_typical_weekday,2406.18,127913.8,100.0,1.239,1.904,0.0,0.377,True,False,44.0,D,ordered-stop planning approximation | few representative stops,True,DERIVED,0,historic_only,uncertain,,,historic_gtfs_baseline,sakay_gtfs_master_historic,No current route validation supplied.,,,False,,historic_only,3__cubao__proj2,4.662992793556592,235.9,0,2406.18,DERIVED,sakay_gtfs_master_historic|worldpop_phl_2020_1km
LTFRB_PUJ1772,,CUBAO-LIBIS,"FVR Rd, Quezon City, Manila - General Romulo Ave ,Quezon City, Manila",724934,2.856,stop_sequence_approx,11,1.0,17.0,1020.0,1.0,gtfs_frequencies_typical_weekday,2913.12,125113.7,68.152,2.222,1.285,0.0,0.374,True,False,44.0,D,ordered-stop planning approximation | few representative stops,True,DERIVED,0,historic_only,uncertain,,,historic_gtfs_baseline,sakay_gtfs_master_historic,No current route validation supplied.,,,False,,historic_only,cubao__libis,3.8515406162464987,285.6,0,2913.12,DERIVED,sakay_gtfs_master_historic|worldpop_phl_2020_1km
LTFRB_PUJ1773,,CUBAO-LIBIS,"General Romulo Ave ,Quezon City, Manila - FVR Rd, Quezon City, Manila",725872,3.867,stop_sequence_approx,18,1.0,17.0,1020.0,1.0,gtfs_frequencies_typical_weekday,3944.34,164530.2,82.417,2.222,1.74,0.0,0.381,True,False,56.0,C,ordered-stop planning approximation,True,DERIVED,0,historic_only,uncertain,,,historic_gtfs_baseline,sakay_gtfs_master_historic,No current route validation supplied.,,,False,,historic_only,cubao__libis,4.654771140418929,227.47058823529412,0,3944.34,DERIVED,sakay_gtfs_master_historic|worldpop_phl_2020_1km
LTFRB_PUJ1775,,CUBAO-B.BAYAN,"Eulogio Rodriguez Jr. Ave, Quezon City, Manila - General Romulo Ave ,Quezon City, Manila",725908,5.263,stop_sequence_approx,24,1.0,17.0,1020.0,1.0,gtfs_frequencies_typical_weekday,5368.26,174044.1,77.911,3.327,1.582,0.0,0.402,True,False,56.0,C,ordered-stop planning approximation,True,DERIVED,0,historic_only,uncertain,,,historic_gtfs_baseline,sakay_gtfs_master_historic,No current route validation supplied.,,,False,,historic_only,b-bayan__cubao,4.560136804104123,228.82608695652175,0,5368.26,DERIVED,sakay_gtfs_master_historic|worldpop_phl_2020_1km
LTFRB_PUJ1776,,CUBAO-ARAYAT-FAIRVIEW,"P. A. Bernardo, Quezon City, Manila - Regalado / Dahlia Intersection, Quezon City",726332,15.715,stop_sequence_approx,58,1.0,17.0,1020.0,1.0,gtfs_frequencies_typical_weekday,16029.3,619030.2,76.533,9.171,1.713,0.0,0.48,True,False,56.0,C,ordered-stop planning approximation,True,DERIVED,0,historic_only,uncertain,,,historic_gtfs_baseline,sakay_gtfs_master_historic,No current route validation supplied.,,,False,,historic_only,arayat__cubao__fairview,3.690741329939548,275.70175438596493,0,16029.3,DERIVED,sakay_gtfs_master_historic|worldpop_phl_2020_1km
LTFRB_PUJ1777,,CUBAO-ARAYAT-FAIRVIEW,"Regalado / Dahlia Intersection, Quezon City - P. A. Bernardo, Quezon City, Manila",725430,15.884,stop_sequence_approx,59,1.0,17.0,1020.0,1.0,gtfs_frequencies_typical_weekday,16201.68,587681.4,77.139,9.171,1.732,0.0,0.531,True,False,56.0,C,ordered-stop planning approximation,True,DERIVED,0,historic_only,uncertain,,,historic_gtfs_baseline,sakay_gtfs_master_historic,No current route validation supplied.,,,False,,historic_only,arayat__cubao__fairview,3.714429614706623,273.86206896551727,0,16201.68,DERIVED,sakay_gtfs_master_historic|worldpop_phl_2020_1km
LTFRB_PUJ1778,,SHAW BLVD - ORTIGAS,"Mayflower, Mandaluyong City, Manila - ADB Ave / Garnet Rd Intersection, Pasig City, Manila",726099,3.484,stop_sequence_approx,12,1.0,17.0,1020.0,1.0,gtfs_frequencies_typical_weekday,3553.68,97612.8,39.382,1.527,2.282,0.0,0.433,True,False,56.0,C,ordered-stop planning approximation,True,DERIVED,0,historic_only,uncertain,,,historic_gtfs_baseline,sakay_gtfs_master_historic,No current route validation supplied.,,,False,,historic_only,ortigas__shaw-blvd,3.444316877152698,316.72727272727275,0,3553.68,DERIVED,sakay_gtfs_master_historic|worldpop_phl_2020_1km
LTFRB_PUJ1779,,SHAW BLVD - ORTIGAS,"ADB Ave / Garnet Rd Intersection, Pasig City, Manila - Mayflower, Mandaluyong City, Manila",724759,2.806,stop_sequence_approx,10,1.0,17.0,1020.0,1.0,gtfs_frequencies_typical_weekday,2862.12,80307.3,47.869,1.527,1.838,0.0,0.432,True,False,44.0,D,ordered-stop planning approximation | few representative stops,True,DERIVED,0,historic_only,uncertain,,,historic_gtfs_baseline,sakay_gtfs_master_historic,No current route validation supplied.,,,False,,historic_only,ortigas__shaw-blvd,3.563791874554526,311.77777777777777,0,2862.12,DERIVED,sakay_gtfs_master_historic|worldpop_phl_2020_1km
LTFRB_PUJ1780,,SHAW BLVD - GUADALUPE,"Kalayaan Ave / Gen. Jacinto St Intersection, Taguig City, Manila - Epifanio de los Santos Avenue /  Shaw Blvd Intersection, Mandaluyong City, Manila",726366,2.865,stop_sequence_approx,14,1.0,17.0,1020.0,1.0,gtfs_frequencies_typical_weekday,2922.3,168297.8,95.222,2.645,1.083,0.0,0.405,True,False,56.0,C,ordered-stop planning approximation,True,DERIVED,1,historic_only,uncertain,,,historic_gtfs_baseline,sakay_gtfs_master_historic,No current route validation supplied.,,,False,,historic_only,guadalupe__shaw-blvd,4.886561954624781,220.3846153846154,0,2922.3,DERIVED,sakay_gtfs_master_historic|worldpop_phl_2020_1km
LTFRB_PUJ1781,,SHAW BLVD - GUADALUPE,"Epifanio de los Santos Avenue /  Shaw Blvd Intersection, Mandaluyong City, Manila - Kalayaan Ave / Gen. Jacinto St Intersection, Taguig City, Manila",725344,3.421,stop_sequence_approx,19,1.0,17.0,1020.0,1.0,gtfs_frequencies_typical_weekday,3489.42,170142.1,94.19,2.645,1.293,0.0,0.318,True,False,56.0,C,ordered-stop planning approximation,True,DERIVED,1,historic_only,uncertain,,,historic_gtfs_baseline,sakay_gtfs_master_historic,No current route validation supplied.,,,False,,historic_only,guadalupe__shaw-blvd,5.553931598947677,190.05555555555554,0,3489.42,DERIVED,sakay_gtfs_master_historic|worldpop_phl_2020_1km
LTFRB_PUJ1782,,PASAY ROTUNDA - FTI via SIGNAL VILLAGE,"DBP Ave, Taguig City, Manila, Manila - Epifanio de los Santos Avenue, Diosdado Macapagal Blvd, Lungsod ng Pasay",724656,8.227,stop_sequence_approx,23,1.0,17.0,1020.0,1.0,gtfs_frequencies_typical_weekday,8391.54,295751.1,77.034,6.663,1.235,0.0,0.631,True,False,56.0,C,ordered-stop planning approximation,True,DERIVED,0,historic_only,uncertain,,,historic_gtfs_baseline,sakay_gtfs_master_historic,No current route validation supplied.,,,False,,historic_only,fti__pasay-rotunda,2.7956727847331955,373.95454545454544,0,8391.54,DERIVED,sakay_gtfs_master_historic|worldpop_phl_2020_1km
LTFRB_PUJ1783,,PASAY ROTUNDA - FTI via SIGNAL VILLAGE,"Epifanio de los Santos Avenue, Diosdado Macapagal Blvd, Lungsod ng Pasay - DBP Ave, Taguig City, Manila, Manila",726222,8.8,stop_sequence_approx,25,1.0,17.0,1020.0,2.0,gtfs_frequencies_typical_weekday,8976.0,295751.1,77.034,6.663,1.321,0.0,0.631,True,False,56.0,C,ordered-stop planning approximation,True,DERIVED,1,historic_only,uncertain,,,historic_gtfs_baseline,sakay_gtfs_master_historic,No current route validation supplied.,,,False,,historic_only,fti__pasay-rotunda,2.840909090909091,366.6666666666667,0,8976.0,DERIVED,sakay_gtfs_master_historic|worldpop_phl_2020_1km
LTFRB_PUJ1784,,PASAY ROTUNDA - ALABANG via SKYWAY,"Starmall Footbridge, Starmall Starmall Service Rd, Muntinlupa City, Manila - Epifanio de los Santos Avenue / F.B. Harrison St Intersection, Lungsod ng Pasay",724720,16.802,stop_sequence_approx,42,1.0,17.0,1020.0,1.0,gtfs_frequencies_typical_weekday,17138.04,486089.9,78.783,14.382,1.168,0.0,0.686,True,False,56.0,C,ordered-stop planning approximation,True,DERIVED,2,historic_only,uncertain,,,historic_gtfs_baseline,sakay_gtfs_master_historic,No current route validation supplied.,,,False,,historic_only,alabang__pasay-rotunda,2.4997024163790025,409.8048780487805,0,17138.04,DERIVED,sakay_gtfs_master_historic|worldpop_phl_2020_1km
LTFRB_PUJ1785,,PASAY ROTUNDA - ALABANG via SKYWAY,"Epifanio de los Santos Avenue / F.B. Harrison St Intersection, Lungsod ng Pasay - Starmall Footbridge, Starmall Starmall Service Rd, Muntinlupa City, Manila",726240,16.646,stop_sequence_approx,41,1.0,17.0,1020.0,1.0,gtfs_frequencies_typical_weekday,16978.920000000002,486089.9,78.783,14.382,1.157,0.0,0.686,True,False,56.0,C,ordered-stop planning approximation,True,DERIVED,2,historic_only,uncertain,,,historic_gtfs_baseline,sakay_gtfs_master_historic,No current route validation supplied.,,,False,,historic_only,alabang__pasay-rotunda,2.4630541871921183,416.15,0,16978.920000000002,DERIVED,sakay_gtfs_master_historic|worldpop_phl_2020_1km
LTFRB_PUJ1786,,PASAY ROTUNDA - ALABANG (KANAN) via NICHOLS SERVICE RD,"Starmall Footbridge, Starmall Starmall Service Rd, Muntinlupa City, Manila - Epifanio de los Santos Avenue, Lungsod ng Pasay",725467,17.971,stop_sequence_approx,49,1.0,17.0,1020.0,1.0,gtfs_frequencies_typical_weekday,18330.42,504990.2,75.835,14.198,1.266,0.0,0.631,True,False,56.0,C,ordered-stop planning approximation,True,DERIVED,3,historic_only,uncertain,,,historic_gtfs_baseline,sakay_gtfs_master_historic,No current route validation supplied.,,,False,,historic_only,alabang-kanan__pasay-rotunda,2.726615102108953,374.3958333333333,0,18330.42,DERIVED,sakay_gtfs_master_historic|worldpop_phl_2020_1km
LTFRB_PUJ1787,,PASAY ROTUNDA - ALABANG (KANAN) via NICHOLS SERVICE RD,"Epifanio de los Santos Avenue, Lungsod ng Pasay - South Luzon Expressway, Taguig City, Manila",726164,8.723,stop_sequence_approx,25,1.0,17.0,1020.0,1.0,gtfs_frequencies_typical_weekday,8897.460000000001,293827.0,77.538,5.062,1.723,0.12,0.631,True,True,42.0,D,ordered-stop planning approximation | duplicate coordinates | self-intersection detected,True,DERIVED,1,historic_only,uncertain,,,historic_gtfs_baseline,sakay_gtfs_master_historic,No current route validation supplied.,,,False,,historic_only,alabang-kanan__pasay-rotunda,2.8659864725438493,363.4583333333333,0,8897.460000000001,DERIVED,sakay_gtfs_master_historic|worldpop_phl_2020_1km
LTFRB_PUJ1788,,NOVALICHES - RIZAL AVE. via BANAL,"Dimasalang / Aurora Boulevard Intersection, Quezon City - Our Lady Mercy Church, Quirino Highway, Caloocan City",725337,14.125,stop_sequence_approx,64,1.0,17.0,1020.0,1.0,gtfs_frequencies_typical_weekday,14407.5,777325.2,96.904,12.274,1.151,0.0156,0.391,True,True,48.0,D,ordered-stop planning approximation | self-intersection detected,True,DERIVED,1,historic_only,uncertain,,,historic_gtfs_baseline,sakay_gtfs_master_historic,No current route validation supplied.,,,False,,historic_only,novaliches__rizal-ave,4.530973451327434,224.20634920634922,0,14407.5,DERIVED,sakay_gtfs_master_historic|worldpop_phl_2020_1km
LTFRB_PUJ1789,,NOVALICHES - RIZAL AVE. via BANAL,"Our Lady Mercy Church, Quirino Highway, Caloocan City - Dimasalang / Aurora Boulevard Intersection, Quezon City",725778,13.342,stop_sequence_approx,61,1.0,17.0,1020.0,1.0,gtfs_frequencies_typical_weekday,13608.84,742958.9,96.761,12.274,1.087,0.0,0.391,True,False,56.0,C,ordered-stop planning approximation,True,DERIVED,1,historic_only,uncertain,,,historic_gtfs_baseline,sakay_gtfs_master_historic,No current route validation supplied.,,,False,,historic_only,novaliches__rizal-ave,4.572028181681906,222.36666666666667,0,13608.84,DERIVED,sakay_gtfs_master_historic|worldpop_phl_2020_1km
LTFRB_PUJ1790,,MONUMNTO-LIBERTADvTAFTAVENUE,"P. Villanueva, Lungsod ng Pasay - Monumento, Rizal Avenue, Caloocan City",724757,13.164,stop_sequence_approx,52,1.0,17.0,1020.0,1.0,gtfs_frequencies_typical_weekday,13427.28,841349.1,93.926,12.165,1.082,0.0,0.583,True,False,56.0,C,ordered-stop planning approximation,True,DERIVED,2,historic_only,uncertain,,,historic_gtfs_baseline,sakay_gtfs_master_historic,No current route validation supplied.,,,False,,historic_only,libertadvtaftavenue__monumnto,3.950167122455181,258.11764705882354,0,13427.28,DERIVED,sakay_gtfs_master_historic|worldpop_phl_2020_1km
LTFRB_PUJ1791,,MONUMNTO-LIBERTADvTAFTAVENUE,"Monumento, Rizal Avenue, Caloocan City - P. Villanueva, Lungsod ng Pasay",726008,13.919,stop_sequence_approx,55,1.0,17.0,1020.0,1.0,gtfs_frequencies_typical_weekday,14197.38,849312.3,93.046,12.165,1.144,0.0,0.583,True,False,56.0,C,ordered-stop planning approximation,True,DERIVED,2,historic_only,uncertain,,,historic_gtfs_baseline,sakay_gtfs_master_historic,No current route validation supplied.,,,False,,historic_only,libertadvtaftavenue__monumnto,3.951433292621596,257.75925925925924,0,14197.38,DERIVED,sakay_gtfs_master_historic|worldpop_phl_2020_1km
LTFRB_PUJ1792,,"MONUMENTO-TAFTAVE.,PASA ROTUNDA","F.B. Harrison Street, Lungsod ng Pasay, Manila - Areneta Square Mall, Samson Road, Caloocan City",725671,14.507,stop_sequence_approx,64,1.0,17.0,1020.0,1.0,gtfs_frequencies_typical_weekday,14797.14,737829.6,90.485,13.472,1.077,0.0,0.482,True,True,48.0,D,ordered-stop planning approximation | self-intersection detected,True,DERIVED,4,historic_only,uncertain,,,historic_gtfs_baseline,sakay_gtfs_master_historic,No current route validation supplied.,,,False,,historic_only,monumento__taftave-pasa-rotunda,4.4116633349417524,230.26984126984127,0,14797.14,DERIVED,sakay_gtfs_master_historic|worldpop_phl_2020_1km
LTFRB_PUJ1793,,"MONUMENTO-TAFTAVE.,PASA ROTUNDA","Areneta Square Mall, Samson Road, Caloocan City - F.B. Harrison Street, Lungsod ng Pasay, Manila",724665,14.816,stop_sequence_approx,63,1.0,17.0,1020.0,1.0,gtfs_frequencies_typical_weekday,15112.320000000002,737829.6,90.485,13.472,1.1,0.0,0.499,True,False,56.0,C,ordered-stop planning approximation,True,DERIVED,3,historic_only,uncertain,,,historic_gtfs_baseline,sakay_gtfs_master_historic,No current route validation supplied.,,,False,,historic_only,monumento__taftave-pasa-rotunda,4.252159827213823,238.96774193548387,0,15112.320000000002,DERIVED,sakay_gtfs_master_historic|worldpop_phl_2020_1km
LTFRB_PUJ1794,,MCU LIBERTADvi MABINIF HARRISON,"Antonio Arnaiz Ave / F.B. Harrison St Intersection - Epifanio de los Santos Avenue / 5th Street Intersection , Caloocan City",725302,14.09,stop_sequence_approx,56,1.0,17.0,1020.0,1.0,gtfs_frequencies_typical_weekday,14371.8,751728.7,92.081,12.31,1.145,0.0179,0.574,True,True,48.0,D,ordered-stop planning approximation | self-intersection detected,True,DERIVED,3,historic_only,uncertain,,,historic_gtfs_baseline,sakay_gtfs_master_historic,No current route validation supplied.,,,False,,historic_only,mcu-libertadvi-mabinif-harrison,3.97444996451384,256.1818181818182,0,14371.8,DERIVED,sakay_gtfs_master_historic|worldpop_phl_2020_1km
LTFRB_PUJ1795,,MCU LIBERTADvi MABINIF HARRISON,"Epifanio de los Santos Avenue / 5th Street Intersection , Caloocan City - Antonio Arnaiz Ave / F.B. Harrison St Intersection",725291,14.933,stop_sequence_approx,66,1.0,17.0,1020.0,1.0,gtfs_frequencies_typical_weekday,15231.66,829395.2,92.931,12.31,1.213,0.0,0.499,True,False,56.0,C,ordered-stop planning approximation,True,DERIVED,4,historic_only,uncertain,,,historic_gtfs_baseline,sakay_gtfs_master_historic,No current route validation supplied.,,,False,,historic_only,mcu-libertadvi-mabinif-harrison,4.419741512087324,229.73846153846154,0,15231.66,DERIVED,sakay_gtfs_master_historic|worldpop_phl_2020_1km
LTFRB_PUJ1796,,LIBERTAD - WASHINGTON,"Antonio Arnaiz Ave / P.Zamora Intersection, Manila - J.Victor, Makati City, Manila",724723,2.334,stop_sequence_approx,9,1.0,17.0,1020.0,1.0,gtfs_frequencies_typical_weekday,2380.6800000000003,178617.8,92.877,1.36,1.716,0.0,0.454,True,False,44.0,D,ordered-stop planning approximation | few representative stops,True,DERIVED,0,historic_only,uncertain,,,historic_gtfs_baseline,sakay_gtfs_master_historic,No current route validation supplied.,,,False,,historic_only,libertad__washington,3.8560411311053984,291.75,0,2380.6800000000003,DERIVED,sakay_gtfs_master_historic|worldpop_phl_2020_1km
LTFRB_PUJ1797,,LIBERTAD - WASHINGTON,"J.Victor, Makati City, Manila - Antonio Arnaiz Ave / P.Zamora Intersection, Manila",725837,1.361,stop_sequence_approx,5,1.0,17.0,1020.0,1.0,gtfs_frequencies_typical_weekday,1388.22,168583.3,98.405,1.36,1.001,0.0,0.454,True,False,44.0,D,ordered-stop planning approximation | few representative stops,True,DERIVED,0,historic_only,uncertain,,,historic_gtfs_baseline,sakay_gtfs_master_historic,No current route validation supplied.,,,False,,historic_only,libertad__washington,3.673769287288758,340.25,0,1388.22,DERIVED,sakay_gtfs_master_historic|worldpop_phl_2020_1km
LTFRB_PUJ1798,,LIBERTAD - PRC,"Burgos Street, Lungsod ng Pasay - A. Reyes Ave, Makati City, Manila",725305,3.562,stop_sequence_approx,12,1.0,17.0,1020.0,1.0,gtfs_frequencies_typical_weekday,3633.24,200667.2,83.91,2.856,1.247,0.0,0.522,True,False,56.0,C,ordered-stop planning approximation,True,DERIVED,0,historic_only,uncertain,,,historic_gtfs_baseline,sakay_gtfs_master_historic,No current route validation supplied.,,,False,,historic_only,libertad__prc,3.368893879842785,323.8181818181818,0,3633.24,DERIVED,sakay_gtfs_master_historic|worldpop_phl_2020_1km
LTFRB_PUJ1799,,LIBERTAD - PRC,"A. Reyes Ave, Makati City, Manila - Burgos Street, Lungsod ng Pasay",724977,3.146,stop_sequence_approx,11,1.0,17.0,1020.0,1.0,gtfs_frequencies_typical_weekday,3208.92,197978.7,85.05,2.856,1.102,0.0,0.47,True,False,44.0,D,ordered-stop planning approximation | few representative stops,True,DERIVED,0,historic_only,uncertain,,,historic_gtfs_baseline,sakay_gtfs_master_historic,No current route validation supplied.,,,False,,historic_only,libertad__prc,3.4965034965034967,314.6,0,3208.92,DERIVED,sakay_gtfs_master_historic|worldpop_phl_2020_1km
LTFRB_PUJ1800,,LIBERTAD - PINAGBARILAN,"Epifanio de los Santos Avenue / Skyway , Lungsod ng Makati, Manila - P. Villanueva, Lungsod ng Pasay",725856,3.299,stop_sequence_approx,12,1.0,17.0,1020.0,1.0,gtfs_frequencies_typical_weekday,3364.98,255327.3,92.533,2.182,1.512,0.0,0.435,True,False,56.0,C,ordered-stop planning approximation,True,DERIVED,0,historic_only,uncertain,,,historic_gtfs_baseline,sakay_gtfs_master_historic,No current route validation supplied.,,,False,,historic_only,libertad__pinagbarilan,3.637465898757199,299.90909090909093,0,3364.98,DERIVED,sakay_gtfs_master_historic|worldpop_phl_2020_1km
LTFRB_PUJ1801,,LIBERTAD - PINAGBARILAN,"P. Villanueva, Lungsod ng Pasay - Epifanio de los Santos Avenue / Skyway , Lungsod ng Makati, Manila",725078,5.743,stop_sequence_approx,20,1.0,17.0,1020.0,1.0,gtfs_frequencies_typical_weekday,5857.860000000001,270465.3,87.354,2.182,2.633,0.1,0.755,True,True,41.0,D,ordered-stop planning approximation | high detour ratio | self-intersection detected,True,DERIVED,0,historic_only,uncertain,,,historic_gtfs_baseline,sakay_gtfs_master_historic,No current route validation supplied.,,,False,,historic_only,libertad__pinagbarilan,3.4825004353125544,302.2631578947368,0,5857.860000000001,DERIVED,sakay_gtfs_master_historic|worldpop_phl_2020_1km
LTFRB_PUJ1802,,LIBERTAD - PASAY ROTUNDA,"Epifanio de los Santos Avenue, Lungsod ng Pasay - Taft Ave, Lungsod ng Pasay",725118,1.226,stop_sequence_approx,5,1.0,17.0,1020.0,2.0,gtfs_frequencies_typical_weekday,1250.52,130645.5,91.825,0.958,1.28,0.0,0.402,True,False,44.0,D,ordered-stop planning approximation | few representative stops,True,DERIVED,0,historic_only,uncertain,,,historic_gtfs_baseline,sakay_gtfs_master_historic,No current route validation supplied.,,,False,,historic_only,libertad__pasay-rotunda,4.078303425774878,306.5,0,1250.52,DERIVED,sakay_gtfs_master_historic|worldpop_phl_2020_1km
LTFRB_PUJ1803,,LIBERTAD - PASAY ROTUNDA,"Taft Ave, Lungsod ng Pasay - Epifanio de los Santos Avenue, Lungsod ng Pasay",726343,0.966,stop_sequence_approx,4,1.0,17.0,1020.0,1.0,gtfs_frequencies_typical_weekday,985.32,130645.5,91.825,0.958,1.009,0.0,0.402,True,False,44.0,D,ordered-stop planning approximation | few representative stops,True,DERIVED,0,historic_only,uncertain,,,historic_gtfs_baseline,sakay_gtfs_master_historic,No current route validation supplied.,,,False,,historic_only,libertad__pasay-rotunda,4.140786749482402,322.0,0,985.32,DERIVED,sakay_gtfs_master_historic|worldpop_phl_2020_1km
LTFRB_PUJ1804,,LAGRO - RIZAL AVE via A. BONIFACIO,"Cavitie / Leonor Rivera Intersection, Quezon City - Susano / General Luis Intersection, Caloocan City",725461,14.316,stop_sequence_approx,64,1.0,17.0,1020.0,1.0,gtfs_frequencies_typical_weekday,14602.320000000002,781737.2,96.357,12.225,1.171,0.0312,0.391,True,True,48.0,D,ordered-stop planning approximation | self-intersection detected,True,DERIVED,1,historic_only,uncertain,,,historic_gtfs_baseline,sakay_gtfs_master_historic,No current route validation supplied.,,,False,,historic_only,lagro__rizal-ave,4.470522492316289,227.23809523809524,0,14602.320000000002,DERIVED,sakay_gtfs_master_historic|worldpop_phl_2020_1km
LTFRB_PUJ1805,,LAGRO - RIZAL AVE via A. BONIFACIO,"Quirino Highway, Quezon City - Cavitie / Leonor Rivera Intersection, Quezon City",725390,12.958,stop_sequence_approx,59,1.0,17.0,1020.0,1.0,gtfs_frequencies_typical_weekday,13217.16,724094.8,96.676,12.098,1.071,0.0,0.391,True,False,56.0,C,ordered-stop planning approximation,True,DERIVED,1,historic_only,uncertain,,,historic_gtfs_baseline,sakay_gtfs_master_historic,No current route validation supplied.,,,False,,historic_only,lagro__rizal-ave,4.5531717857694085,223.41379310344828,0,13217.16,DERIVED,sakay_gtfs_master_historic|worldpop_phl_2020_1km
LTFRB_PUJ1806,,GREENFIELDS - SANGANGDAAN,"Quirino Highway / Rodriguez Drive Intersection, Quezon City - Bestlink Institute of Information Technology, 121.041724",724749,8.073,stop_sequence_approx,38,1.0,17.0,1020.0,1.0,gtfs_frequencies_typical_weekday,8234.460000000001,415618.8,93.148,6.506,1.241,0.0263,0.349,True,True,48.0,D,ordered-stop planning approximation | self-intersection detected,True,DERIVED,1,historic_only,uncertain,,,historic_gtfs_baseline,sakay_gtfs_master_historic,No current route validation supplied.,,,False,,historic_only,greenfields__sangangdaan,4.707048185309055,218.1891891891892,0,8234.460000000001,DERIVED,sakay_gtfs_master_historic|worldpop_phl_2020_1km
LTFRB_PUJ1807,,GREENFIELDS - SANGANGDAAN,"Dumulay  / Quirino Highway, Quezon City, Manila - Quirino Highway / Rodriguez Drive Intersection, Quezon City",724736,6.392,stop_sequence_approx,31,1.0,17.0,1020.0,1.0,gtfs_frequencies_typical_weekday,6519.84,381252.5,92.53,6.006,1.064,0.0,0.342,True,False,56.0,C,ordered-stop planning approximation,True,DERIVED,1,historic_only,uncertain,,,historic_gtfs_baseline,sakay_gtfs_master_historic,No current route validation supplied.,,,False,,historic_only,greenfields__sangangdaan,4.849812265331664,213.06666666666666,0,6519.84,DERIVED,sakay_gtfs_master_historic|worldpop_phl_2020_1km
LTFRB_PUJ1809,,CUBAO ARAYAT - QMC,"Elliptical Rd / Commonwealth Avenue Intersection, Quezon City - P. A. Bernardo, Quezon City, Manila",726345,5.996,stop_sequence_approx,24,1.0,17.0,1020.0,1.0,gtfs_frequencies_typical_weekday,6115.92,202133.7,71.754,3.732,1.607,0.0,0.531,True,False,56.0,C,ordered-stop planning approximation,True,DERIVED,0,historic_only,uncertain,,,historic_gtfs_baseline,sakay_gtfs_master_historic,No current route validation supplied.,,,False,,historic_only,cubao-arayat__qmc,4.00266844563042,260.69565217391306,0,6115.92,DERIVED,sakay_gtfs_master_historic|worldpop_phl_2020_1km
LTFRB_PUJ1811,,CUBAO - SAN JUAN,"P. A. Bernardo, Quezon City, Manila - F. Blumentritt / N.Domingo Intersection, Manila",725225,3.26,stop_sequence_approx,8,1.0,17.0,1020.0,2.0,gtfs_frequencies_typical_weekday,3325.2,201932.9,79.48,3.217,1.013,0.0,0.727,True,False,44.0,D,ordered-stop planning approximation | few representative stops,True,DERIVED,0,historic_only,uncertain,,,historic_gtfs_baseline,sakay_gtfs_master_historic,No current route validation supplied.,,,False,,historic_only,cubao__san-juan,2.4539877300613497,465.7142857142857,0,3325.2,DERIVED,sakay_gtfs_master_historic|worldpop_phl_2020_1km
LTFRB_PUJ1812,,BINANGONAN-CAINTAviaTAYTAY-ANGONO,"J.P. Rizal Ave / Baltazar Intersection, Binangonan, Manila - Bonifacio Ave, Cainta, Manila",725034,16.358,stop_sequence_approx,61,1.0,17.0,1020.0,1.0,gtfs_frequencies_typical_weekday,16685.16,370068.6,53.146,15.278,1.071,0.0,0.48,True,False,56.0,C,ordered-stop planning approximation,True,DERIVED,1,historic_only,uncertain,,,historic_gtfs_baseline,sakay_gtfs_master_historic,No current route validation supplied.,,,False,,historic_only,angono__binangonan__caintaviataytay,3.729062232546766,272.6333333333333,0,16685.16,DERIVED,sakay_gtfs_master_historic|worldpop_phl_2020_1km
LTFRB_PUJ1813,,BINANGONAN-CAINTAviaTAYTAY-ANGONO,"Bonifacio Ave, Cainta, Manila - J.P. Rizal Ave / Baltazar Intersection, Binangonan, Manila",726057,16.434,stop_sequence_approx,61,1.0,17.0,1020.0,1.0,gtfs_frequencies_typical_weekday,16762.68,370068.6,53.146,15.278,1.076,0.0,0.546,True,False,56.0,C,ordered-stop planning approximation,True,DERIVED,1,historic_only,uncertain,,,historic_gtfs_baseline,sakay_gtfs_master_historic,No current route validation supplied.,,,False,,historic_only,angono__binangonan__caintaviataytay,3.711816964829013,273.9,0,16762.68,DERIVED,sakay_gtfs_master_historic|worldpop_phl_2020_1km
LTFRB_PUJ1814,,BINANGONAN - STA. LUCIA-TROPICAL,"M.H. Del Pilar / Osmena Intersection, Binangonan, Manila - Metro East, un-named road near Felix Road, Cainta, Manila",725018,22.103,stop_sequence_approx,95,1.0,17.0,1020.0,1.0,gtfs_frequencies_typical_weekday,22545.06,513985.4,49.364,19.552,1.13,0.0,0.48,True,False,56.0,C,ordered-stop planning approximation,True,DERIVED,1,historic_only,uncertain,,,historic_gtfs_baseline,sakay_gtfs_master_historic,No current route validation supplied.,,,False,,historic_only,binangonan__sta-lucia__tropical,4.298059087001764,235.13829787234042,0,22545.06,DERIVED,sakay_gtfs_master_historic|worldpop_phl_2020_1km
LTFRB_PUJ1815,,BINANGONAN - STA. LUCIA-TROPICAL,"Metro East, un-named road near Felix Road, Cainta, Manila - M.H. Del Pilar / Osmena Intersection, Binangonan, Manila",724615,22.505,stop_sequence_approx,98,1.0,17.0,1020.0,1.0,gtfs_frequencies_typical_weekday,22955.1,513985.4,49.364,19.552,1.151,0.0,0.48,True,False,56.0,C,ordered-stop planning approximation,True,DERIVED,0,historic_only,uncertain,,,historic_gtfs_baseline,sakay_gtfs_master_historic,No current route validation supplied.,,,False,,historic_only,binangonan__sta-lucia__tropical,4.354587869362364,232.01030927835052,0,22955.1,DERIVED,sakay_gtfs_master_historic|worldpop_phl_2020_1km
LTFRB_PUJ1816,,BINANGONAN - ANGONO MARKET,"Quezon Ave, Angono, Manila - Osmena, Binangonan, Manila",725538,7.683,stop_sequence_approx,26,1.0,17.0,1020.0,1.0,gtfs_frequencies_typical_weekday,7836.66,124324.1,41.79,7.391,1.04,0.0,0.48,True,False,56.0,C,ordered-stop planning approximation,True,DERIVED,0,historic_only,uncertain,,,historic_gtfs_baseline,sakay_gtfs_master_historic,No current route validation supplied.,,,False,,historic_only,angono-market__binangonan,3.3840947546531304,307.32,0,7836.66,DERIVED,sakay_gtfs_master_historic|worldpop_phl_2020_1km
LTFRB_PUJ1817,,BALINTAWAK - GREENFIELDS,"Andreas Bonifacio, Quezon City - Bestlink Institute of Information Technology, 121.041724",726216,10.812,stop_sequence_approx,50,1.0,17.0,1020.0,1.0,gtfs_frequencies_typical_weekday,11028.24,587358.3,95.151,9.113,1.186,0.02,0.391,True,True,48.0,D,ordered-stop planning approximation | self-intersection detected,True,DERIVED,1,historic_only,uncertain,,,historic_gtfs_baseline,sakay_gtfs_master_historic,No current route validation supplied.,,,False,,historic_only,balintawak__greenfields,4.6244913059563455,220.6530612244898,0,11028.24,DERIVED,sakay_gtfs_master_historic|worldpop_phl_2020_1km
LTFRB_PUJ1818,,BALINTAWAK - GREENFIELDS,"Bestlink Institute of Information Technology, 121.041724 - Andreas Bonifacio, Quezon City",724655,10.461,stop_sequence_approx,51,1.0,17.0,1020.0,1.0,gtfs_frequencies_typical_weekday,10670.22,566928.5,92.518,9.113,1.148,0.0,0.391,True,False,56.0,C,ordered-stop planning approximation,True,DERIVED,1,historic_only,uncertain,,,historic_gtfs_baseline,sakay_gtfs_master_historic,No current route validation supplied.,,,False,,historic_only,balintawak__greenfields,4.875250932033266,209.22,0,10670.22,DERIVED,sakay_gtfs_master_historic|worldpop_phl_2020_1km
LTFRB_PUJ1819,,SHAW BLVD CENTRAL - TAYTAY,"Mayflower, Mandaluyong City, Manila - Rosario Ocampo Elementary School, Rosario Ocampo Elementary School",726271,12.468,stop_sequence_approx,48,1.0,17.0,1020.0,1.0,gtfs_frequencies_typical_weekday,12717.36,428243.1,67.987,8.761,1.423,0.0,0.541,True,False,56.0,C,ordered-stop planning approximation,True,DERIVED,1,historic_only,uncertain,,,historic_gtfs_baseline,sakay_gtfs_master_historic,No current route validation supplied.,,,False,,historic_only,shaw-blvd-central__taytay,3.8498556304138596,265.27659574468083,0,12717.36,DERIVED,sakay_gtfs_master_historic|worldpop_phl_2020_1km
LTFRB_PUJ1820,,SHAW BLVD CENTRAL - TAYTAY,"Rosario Ocampo Elementary School, Rosario Ocampo Elementary School - Mayflower, Mandaluyong City, Manila",724884,12.381,stop_sequence_approx,50,1.0,17.0,1020.0,1.0,gtfs_frequencies_typical_weekday,12628.62,428243.1,67.987,8.761,1.413,0.0,0.541,True,False,56.0,C,ordered-stop planning approximation,True,DERIVED,1,historic_only,uncertain,,,historic_gtfs_baseline,sakay_gtfs_master_historic,No current route validation supplied.,,,False,,historic_only,shaw-blvd-central__taytay,4.0384460059769,252.6734693877551,0,12628.62,DERIVED,sakay_gtfs_master_historic|worldpop_phl_2020_1km
LTFRB_PUJ1821,,CUBAO - V.LUNA,"P. A. Bernardo, Quezon City, Manila - V. Luna Hospital, V. Luna Ave, Quezon City, Manila",725060,5.371,stop_sequence_approx,23,1.0,17.0,1020.0,2.0,gtfs_frequencies_typical_weekday,5478.42,209769.4,78.882,1.984,2.708,0.0,0.405,True,False,49.0,D,ordered-stop planning approximation | high detour ratio,True,DERIVED,0,historic_only,uncertain,,,historic_gtfs_baseline,sakay_gtfs_master_historic,No current route validation supplied.,,,False,,historic_only,cubao__v-luna,4.282256563023645,244.13636363636363,0,5478.42,DERIVED,sakay_gtfs_master_historic|worldpop_phl_2020_1km
LTFRB_PUJ1822,,CUBAO - V.LUNA,"V. Luna Hospital, V. Luna Ave, Quezon City, Manila - P. A. Bernardo, Quezon City, Manila",726389,4.33,stop_sequence_approx,19,1.0,17.0,1020.0,1.0,gtfs_frequencies_typical_weekday,4416.6,145905.9,86.595,1.984,2.183,0.0,0.343,True,False,56.0,C,ordered-stop planning approximation,True,DERIVED,0,historic_only,uncertain,,,historic_gtfs_baseline,sakay_gtfs_master_historic,No current route validation supplied.,,,False,,historic_only,cubao__v-luna,4.387990762124711,240.55555555555554,0,4416.6,DERIVED,sakay_gtfs_master_historic|worldpop_phl_2020_1km
LTFRB_PUJ1823,,NOVALICHES - RIZAL AVE. via BANAL,"Dimasalang / Aurora Boulevard Intersection, Quezon City - Our Lady Mercy Church, Quirino Highway, Caloocan City",724921,14.168,stop_sequence_approx,63,1.0,17.0,1020.0,1.0,gtfs_frequencies_typical_weekday,14451.36,777325.2,96.904,12.274,1.154,0.0159,0.603,True,True,48.0,D,ordered-stop planning approximation | self-intersection detected,True,DERIVED,1,historic_only,uncertain,,,historic_gtfs_baseline,sakay_gtfs_master_historic,No current route validation supplied.,,,False,,historic_only,novaliches__rizal-ave,4.446640316205534,228.51612903225808,0,14451.36,DERIVED,sakay_gtfs_master_historic|worldpop_phl_2020_1km
LTFRB_PUJ1824,,NOVALICHES - RIZAL AVE. via BANAL,"Our Lady Mercy Church, Quirino Highway, Caloocan City - Dimasalang / Aurora Boulevard Intersection, Quezon City",724699,13.391,stop_sequence_approx,62,1.0,17.0,1020.0,1.0,gtfs_frequencies_typical_weekday,13658.82,742958.9,96.761,12.274,1.091,0.0,0.391,True,False,56.0,C,ordered-stop planning approximation,True,DERIVED,1,historic_only,uncertain,,,historic_gtfs_baseline,sakay_gtfs_master_historic,No current route validation supplied.,,,False,,historic_only,novaliches__rizal-ave,4.629975356582779,219.52459016393442,0,13658.82,DERIVED,sakay_gtfs_master_historic|worldpop_phl_2020_1km
LTFRB_PUJ1826,,A RIVERA - STA CRUZ,"Antonio Rivera, Manila - A F. Torres, Manila",724784,2.405,stop_sequence_approx,14,1.0,17.0,1020.0,1.0,gtfs_frequencies_typical_weekday,2453.1,316502.0,97.534,1.693,1.42,0.0,0.338,True,False,56.0,C,ordered-stop planning approximation,True,DERIVED,0,historic_only,uncertain,,,historic_gtfs_baseline,sakay_gtfs_master_historic,No current route validation supplied.,,,False,,historic_only,a-rivera__sta-cruz,5.8212058212058215,185.0,0,2453.1,DERIVED,sakay_gtfs_master_historic|worldpop_phl_2020_1km
LTFRB_PUJ1827,,ALABANG - BALIBAGO,"Yellow Station, South Station Complex Spectrum Midway Extension,  Muntinlupa City, Manila - South Luzon Expressway, Biñan City, Manila",726338,16.637,stop_sequence_approx,43,1.0,17.0,1020.0,1.0,gtfs_frequencies_typical_weekday,16969.74,377248.8,54.33,15.645,1.063,0.0,0.651,True,False,56.0,C,ordered-stop planning approximation,True,DERIVED,2,historic_only,uncertain,,,historic_gtfs_baseline,sakay_gtfs_master_historic,No current route validation supplied.,,,False,,historic_only,alabang__balibago,2.5846005890485064,396.1190476190476,0,16969.74,DERIVED,sakay_gtfs_master_historic|worldpop_phl_2020_1km
LTFRB_PUJ1828,,ALABANG - KATARUNGAN VILLAGE via MUNTINLUPA NBP,"C Arellano St / G Araneta St Intersection, Muntinlupa City, Manila - Starmall Footbridge, Starmall Starmall Service Rd, Muntinlupa City, Manila",725022,5.986,stop_sequence_approx,27,1.0,17.0,1020.0,1.0,gtfs_frequencies_typical_weekday,6105.719999999999,185492.9,70.969,4.485,1.335,0.0,0.333,True,False,56.0,C,ordered-stop planning approximation,True,DERIVED,2,historic_only,uncertain,,,historic_gtfs_baseline,sakay_gtfs_master_historic,No current route validation supplied.,,,False,,historic_only,alabang__katarungan-village,4.510524557300368,230.23076923076923,0,6105.719999999999,DERIVED,sakay_gtfs_master_historic|worldpop_phl_2020_1km
LTFRB_PUJ1830,,ALABANG - LAS PINAS,"Starmall Footbridge, Starmall Starmall Service Rd, Muntinlupa City, Manila - Emilio Aguinaldo Hwy, Bacoor City, Manila",724880,11.429,stop_sequence_approx,41,1.0,17.0,1020.0,2.0,gtfs_frequencies_typical_weekday,11657.58,430823.4,73.009,10.483,1.09,0.0,0.448,True,False,56.0,C,ordered-stop planning approximation,True,DERIVED,3,historic_only,uncertain,,,historic_gtfs_baseline,sakay_gtfs_master_historic,No current route validation supplied.,,,False,,historic_only,alabang__las-pinas,3.5873654737947325,285.725,0,11657.58,DERIVED,sakay_gtfs_master_historic|worldpop_phl_2020_1km
LTFRB_PUJ1831,,ALABANG - LAS PINAS,"Emilio Aguinaldo Hwy, Bacoor City, Manila - Starmall Footbridge, Starmall Starmall Service Rd, Muntinlupa City, Manila",725493,11.319,stop_sequence_approx,40,1.0,17.0,1020.0,2.0,gtfs_frequencies_typical_weekday,11545.38,427609.6,73.558,10.483,1.08,0.0,0.505,True,False,56.0,C,ordered-stop planning approximation,True,DERIVED,2,historic_only,uncertain,,,historic_gtfs_baseline,sakay_gtfs_master_historic,No current route validation supplied.,,,False,,historic_only,alabang__las-pinas,3.533881084901493,290.2307692307692,0,11545.38,DERIVED,sakay_gtfs_master_historic|worldpop_phl_2020_1km
LTFRB_PUJ1833,,ALABANG - MUNTINLUPA,"South Luzon Expressway / Montillano St Intersection, Muntinlupa City, Manila - BBL Trans San Pedro Terminal, National Hwy, San Pedro, Manila",725915,7.024,stop_sequence_approx,29,1.0,17.0,1020.0,1.0,gtfs_frequencies_typical_weekday,7164.4800000000005,278109.3,71.763,6.483,1.084,0.0,0.392,True,False,56.0,C,ordered-stop planning approximation,True,DERIVED,2,historic_only,uncertain,,,historic_gtfs_baseline,sakay_gtfs_master_historic,No current route validation supplied.,,,False,,historic_only,alabang__muntinlupa,4.128701594533029,250.85714285714286,0,7164.4800000000005,DERIVED,sakay_gtfs_master_historic|worldpop_phl_2020_1km
LTFRB_PUJ1834,,ALABANG - SIGNAL VILLAGE via SERVICE ROAD,"National Hwy, Muntinlupa City, Manila - DBP Ave, Taguig City, Manila, Manila",725876,11.258,stop_sequence_approx,30,1.0,17.0,1020.0,1.0,gtfs_frequencies_typical_weekday,11483.16,356707.2,87.562,10.107,1.114,0.0,0.686,True,False,56.0,C,ordered-stop planning approximation,True,DERIVED,3,historic_only,uncertain,,,historic_gtfs_baseline,sakay_gtfs_master_historic,No current route validation supplied.,,,False,,historic_only,alabang__signal-village,2.664771717889501,388.2068965517241,0,11483.16,DERIVED,sakay_gtfs_master_historic|worldpop_phl_2020_1km
LTFRB_PUJ1836,,UP - SM NORTH AVE,"UP College of Education, A. Ma. Regidor St / Roxas Ave Intersection, Quezon City, Manila - Epifanio de los Santos Avenue / North Avenue Intersection, Quezon City",726023,6.143,stop_sequence_approx,24,1.0,17.0,1020.0,1.0,gtfs_frequencies_typical_weekday,6265.86,202321.7,49.711,4.527,1.357,0.0417,0.368,True,True,48.0,D,ordered-stop planning approximation | self-intersection detected,True,DERIVED,1,historic_only,uncertain,,,historic_gtfs_baseline,sakay_gtfs_master_historic,No current route validation supplied.,,,False,,historic_only,sm-north-ave__up,3.9068858863747358,267.0869565217391,0,6265.86,DERIVED,sakay_gtfs_master_historic|worldpop_phl_2020_1km
LTFRB_PUJ1837,,UP - SM NORTH AVE,"Epifanio de los Santos Avenue / North Avenue Intersection, Quezon City - UP College of Education, A. Ma. Regidor St / Roxas Ave Intersection, Quezon City, Manila",725199,6.345,stop_sequence_approx,25,1.0,17.0,1020.0,1.0,gtfs_frequencies_typical_weekday,6471.9,224592.8,75.751,4.527,1.401,0.0,0.456,True,False,56.0,C,ordered-stop planning approximation,True,DERIVED,2,historic_only,uncertain,,,historic_gtfs_baseline,sakay_gtfs_master_historic,No current route validation supplied.,,,False,,historic_only,sm-north-ave__up,3.940110323089047,264.375,0,6471.9,DERIVED,sakay_gtfs_master_historic|worldpop_phl_2020_1km
LTFRB_PUJ1838,,bagui,"Rizal Ave / Gonzaga Intersection, Taytay, Manila - Market Ave, Pasig City, Manila",725250,10.116,stop_sequence_approx,47,1.0,17.0,1020.0,2.0,gtfs_frequencies_typical_weekday,10318.32,514661.6,84.316,4.867,2.079,0.0,0.33,True,False,56.0,C,ordered-stop planning approximation,True,DERIVED,4,historic_only,uncertain,,,historic_gtfs_baseline,sakay_gtfs_master_historic,No current route validation supplied.,,,False,,historic_only,bagui,4.646105179913009,219.91304347826087,0,10318.32,DERIVED,sakay_gtfs_master_historic|worldpop_phl_2020_1km
LTFRB_PUJ1839,,TANDANG SORA PALENGKE  - NIA_NPC,"Visayas Avenue Wet and Dry Market, Visayas Avenue Quezon City - NIA Chapel, Chico, Quezon City",725626,2.1,stop_sequence_approx,10,1.0,17.0,1020.0,1.0,gtfs_frequencies_typical_weekday,2142.0,130104.7,81.369,1.882,1.116,0.0,0.793,True,False,44.0,D,ordered-stop planning approximation | few representative stops,True,DERIVED,2,historic_only,uncertain,,,historic_gtfs_baseline,sakay_gtfs_master_historic,No current route validation supplied.,,,False,,historic_only,nia-npc__tandang-sora-palengke,4.761904761904762,233.33333333333334,0,2142.0,DERIVED,sakay_gtfs_master_historic|worldpop_phl_2020_1km
LTFRB_PUJ1840,,TANDANG SORA PALENGKE  - NIA_NPC,"NIA Chapel, Chico, Quezon City - Visayas Avenue Wet and Dry Market, Visayas Avenue Quezon City",725609,2.423,stop_sequence_approx,15,1.0,17.0,1020.0,1.0,gtfs_frequencies_typical_weekday,2471.46,130104.7,81.369,1.882,1.287,0.0,0.259,True,False,56.0,C,ordered-stop planning approximation,True,DERIVED,2,historic_only,uncertain,,,historic_gtfs_baseline,sakay_gtfs_master_historic,No current route validation supplied.,,,False,,historic_only,nia-npc__tandang-sora-palengke,6.190672719768881,173.07142857142858,0,2471.46,DERIVED,sakay_gtfs_master_historic|worldpop_phl_2020_1km
LTFRB_PUJ1841,,STOP N SHOP - BACOOD,"Bacood / Dalisay Intersection, Manila - Internet Cafe, Old Sta. Mesa, Manila",726072,1.874,stop_sequence_approx,7,1.0,17.0,1020.0,1.0,gtfs_frequencies_typical_weekday,1911.48,166151.1,100.0,1.354,1.384,0.0,0.405,True,False,44.0,D,ordered-stop planning approximation | few representative stops,True,DERIVED,0,historic_only,uncertain,,,historic_gtfs_baseline,sakay_gtfs_master_historic,No current route validation supplied.,,,False,,historic_only,bacood__stop-n-shop,3.735325506937033,312.3333333333333,0,1911.48,DERIVED,sakay_gtfs_master_historic|worldpop_phl_2020_1km
LTFRB_PUJ1842,,STOP N SHOP - BACOOD,"Internet Cafe, Old Sta. Mesa, Manila - Bacood / Dalisay Intersection, Manila",725145,2.297,stop_sequence_approx,8,1.0,17.0,1020.0,1.0,gtfs_frequencies_typical_weekday,2342.94,166151.1,100.0,1.354,1.697,0.0,0.392,True,False,44.0,D,ordered-stop planning approximation | few representative stops,True,DERIVED,0,historic_only,uncertain,,,historic_gtfs_baseline,sakay_gtfs_master_historic,No current route validation supplied.,,,False,,historic_only,bacood__stop-n-shop,3.4828036569438394,328.14285714285717,0,2342.94,DERIVED,sakay_gtfs_master_historic|worldpop_phl_2020_1km
LTFRB_PUJ1843,,SM NORTH - LITEX,"Epifanio de los Santos Avenue / North Avenue Intersection, Quezon City - Commonwealth Avenue / IBP Road Intersection, Quezon City",725298,9.737,stop_sequence_approx,37,1.0,17.0,1020.0,1.0,gtfs_frequencies_typical_weekday,9931.74,410508.6,75.462,7.772,1.253,0.0,0.524,True,False,56.0,C,ordered-stop planning approximation,True,DERIVED,1,historic_only,uncertain,,,historic_gtfs_baseline,sakay_gtfs_master_historic,No current route validation supplied.,,,False,,historic_only,litex__sm-north,3.7999383793776316,270.47222222222223,0,9931.74,DERIVED,sakay_gtfs_master_historic|worldpop_phl_2020_1km
LTFRB_PUJ1844,,SM NORTH - LITEX,"Commonwealth Avenue / IBP Road Intersection, Quezon City - Epifanio de los Santos Avenue / North Avenue Intersection, Quezon City",726128,9.399,stop_sequence_approx,37,1.0,17.0,1020.0,1.0,gtfs_frequencies_typical_weekday,9586.98,391816.9,74.292,7.772,1.209,0.0,0.368,True,False,56.0,C,ordered-stop planning approximation,True,DERIVED,1,historic_only,uncertain,,,historic_gtfs_baseline,sakay_gtfs_master_historic,No current route validation supplied.,,,False,,historic_only,litex__sm-north,3.936588998829663,261.0833333333333,0,9586.98,DERIVED,sakay_gtfs_master_historic|worldpop_phl_2020_1km
LTFRB_PUJ1845,,SAN JUAN UNIMART - ROSARIO JUNCTION (DE CASTRO),"N.Domingo,  San Juan, Manila - E Bank Rd / SE Approach Intersection, Pasig City, Manila",724691,9.055,stop_sequence_approx,31,1.0,17.0,1020.0,1.0,gtfs_frequencies_typical_weekday,9236.1,331504.7,66.948,7.745,1.169,0.0,0.541,True,False,56.0,C,ordered-stop planning approximation,True,DERIVED,0,historic_only,uncertain,,,historic_gtfs_baseline,sakay_gtfs_master_historic,No current route validation supplied.,,,False,,historic_only,rosario-junction-de-castro__san-juan-unimart,3.4235229155162896,301.8333333333333,0,9236.1,DERIVED,sakay_gtfs_master_historic|worldpop_phl_2020_1km
LTFRB_PUJ1846,,SAN JUAN UNIMART - ROSARIO JUNCTION (DE CASTRO),"E Bank Rd / SE Approach Intersection, Pasig City, Manila - N.Domingo,  San Juan, Manila",725099,8.834,stop_sequence_approx,32,1.0,17.0,1020.0,1.0,gtfs_frequencies_typical_weekday,9010.68,299372.5,66.576,7.745,1.141,0.0312,0.541,True,True,48.0,D,ordered-stop planning approximation | self-intersection detected,True,DERIVED,0,historic_only,uncertain,,,historic_gtfs_baseline,sakay_gtfs_master_historic,No current route validation supplied.,,,False,,historic_only,rosario-junction-de-castro__san-juan-unimart,3.6223681231605163,284.96774193548384,0,9010.68,DERIVED,sakay_gtfs_master_historic|worldpop_phl_2020_1km
LTFRB_PUJ1847,,SAN JUAN - CUBAO via N DOMINGO,"F. Blumentritt / N.Domingo Intersection, Manila - P. A. Bernardo, Quezon City, Manila",724788,3.267,stop_sequence_approx,9,1.0,17.0,1020.0,2.0,gtfs_frequencies_typical_weekday,3332.34,201932.9,79.48,3.217,1.015,0.0,0.657,True,False,44.0,D,ordered-stop planning approximation | few representative stops,True,DERIVED,0,historic_only,uncertain,,,historic_gtfs_baseline,sakay_gtfs_master_historic,No current route validation supplied.,,,False,,historic_only,cubao__san-juan,2.7548209366391188,408.375,0,3332.34,DERIVED,sakay_gtfs_master_historic|worldpop_phl_2020_1km
LTFRB_PUJ1849,,RECTO - GASAK,"Oroquieta, Manila - Heath Centre, Don Bastilio Bautista Boulevard, Malabon City",725902,12.634,stop_sequence_approx,58,1.0,17.0,1020.0,1.0,gtfs_frequencies_typical_weekday,12886.68,881178.6,98.39,9.196,1.374,0.0,0.622,True,False,56.0,C,ordered-stop planning approximation,True,DERIVED,3,historic_only,uncertain,,,historic_gtfs_baseline,sakay_gtfs_master_historic,No current route validation supplied.,,,False,,historic_only,gasak__recto,4.590786765869875,221.64912280701753,0,12886.68,DERIVED,sakay_gtfs_master_historic|worldpop_phl_2020_1km
LTFRB_PUJ1850,,RECTO - GASAK,"Heath Centre, Don Bastilio Bautista Boulevard, Malabon City - Oroquieta, Manila",726305,12.146,stop_sequence_approx,55,1.0,17.0,1020.0,1.0,gtfs_frequencies_typical_weekday,12388.92,963387.9,98.527,9.196,1.321,0.0,0.575,True,False,56.0,C,ordered-stop planning approximation,True,DERIVED,3,historic_only,uncertain,,,historic_gtfs_baseline,sakay_gtfs_master_historic,No current route validation supplied.,,,False,,historic_only,gasak__recto,4.528239749711839,224.92592592592592,0,12388.92,DERIVED,sakay_gtfs_master_historic|worldpop_phl_2020_1km
LTFRB_PUJ1851,,QUIAPO - BACOOD,"R Hidalgo, Manila - Bacood / Dalisay Intersection, Manila",725862,5.086,stop_sequence_approx,18,1.0,17.0,1020.0,1.0,gtfs_frequencies_typical_weekday,5187.72,336595.7,96.903,3.476,1.463,0.0,0.433,True,False,56.0,C,ordered-stop planning approximation,True,DERIVED,0,historic_only,uncertain,,,historic_gtfs_baseline,sakay_gtfs_master_historic,No current route validation supplied.,,,False,,historic_only,bacood__quiapo,3.539127015336217,299.1764705882353,0,5187.72,DERIVED,sakay_gtfs_master_historic|worldpop_phl_2020_1km
LTFRB_PUJ1852,,QUIAPO - BACOOD,"Bacood / Dalisay Intersection, Manila - R Hidalgo, Manila",726129,5.508,stop_sequence_approx,19,1.0,17.0,1020.0,1.0,gtfs_frequencies_typical_weekday,5618.16,336595.7,96.903,3.476,1.584,0.0,0.433,True,False,56.0,C,ordered-stop planning approximation,True,DERIVED,0,historic_only,uncertain,,,historic_gtfs_baseline,sakay_gtfs_master_historic,No current route validation supplied.,,,False,,historic_only,bacood__quiapo,3.449527959331881,306.0,0,5618.16,DERIVED,sakay_gtfs_master_historic|worldpop_phl_2020_1km
LTFRB_PUJ1853,,PROJECT 2 and 3 - WELCOME RTDA via E RODRIGUEZ,"Halcon / Espana Boulevard Intersection, Manila - Anonas / Molave Intersection, Quezon City, Manila",725222,7.965,stop_sequence_approx,30,1.0,17.0,1020.0,1.0,gtfs_frequencies_typical_weekday,8124.3,476721.2,93.734,6.804,1.171,0.0,0.448,True,False,56.0,C,ordered-stop planning approximation,True,DERIVED,0,historic_only,uncertain,,,historic_gtfs_baseline,sakay_gtfs_master_historic,No current route validation supplied.,,,False,,historic_only,project-2-and-3__welcome-rtda,3.7664783427495294,274.6551724137931,0,8124.3,DERIVED,sakay_gtfs_master_historic|worldpop_phl_2020_1km
LTFRB_PUJ1854,,PROJECT 2 and 3 - WELCOME RTDA via E RODRIGUEZ,"Anonas / Molave Intersection, Quezon City, Manila - Halcon / Espana Boulevard Intersection, Manila",726212,7.635,stop_sequence_approx,29,1.0,17.0,1020.0,1.0,gtfs_frequencies_typical_weekday,7787.7,476721.2,93.734,6.804,1.122,0.0,0.432,True,False,56.0,C,ordered-stop planning approximation,True,DERIVED,0,historic_only,uncertain,,,historic_gtfs_baseline,sakay_gtfs_master_historic,No current route validation supplied.,,,False,,historic_only,project-2-and-3__welcome-rtda,3.798297314996726,272.67857142857144,0,7787.7,DERIVED,sakay_gtfs_master_historic|worldpop_phl_2020_1km
LTFRB_PUJ1855,,PROJECT 2 and 3 - TAFT REMEDIOS via E RODRIGUEZy,"Remedios / Antonio Vasquez Intersection, Manila - Kamias Rd / Kalayaan Ave Intersection, Quezon City, Manila",724970,12.905,stop_sequence_approx,49,1.0,17.0,1020.0,1.0,gtfs_frequencies_typical_weekday,13163.1,745986.7,91.7,9.765,1.322,0.0,0.448,True,False,56.0,C,ordered-stop planning approximation,True,DERIVED,0,historic_only,uncertain,,,historic_gtfs_baseline,sakay_gtfs_master_historic,No current route validation supplied.,,,False,,historic_only,project-2-and-3__taft-remedios,3.796977915536614,268.8541666666667,0,13163.1,DERIVED,sakay_gtfs_master_historic|worldpop_phl_2020_1km
LTFRB_PUJ1856,,PROJECT 2 and 3 - TAFT REMEDIOS via E RODRIGUEZy,"Kamias Rd / Kalayaan Ave Intersection, Quezon City, Manila - Remedios / Antonio Vasquez Intersection, Manila",725660,12.967,stop_sequence_approx,48,1.0,17.0,1020.0,1.0,gtfs_frequencies_typical_weekday,13226.34,694889.9,91.089,9.765,1.328,0.0,0.432,True,False,56.0,C,ordered-stop planning approximation,True,DERIVED,0,historic_only,uncertain,,,historic_gtfs_baseline,sakay_gtfs_master_historic,No current route validation supplied.,,,False,,historic_only,project-2-and-3__taft-remedios,3.701704326366931,275.8936170212766,0,13226.34,DERIVED,sakay_gtfs_master_historic|worldpop_phl_2020_1km
LTFRB_PUJ1857,,PROJECT 2 and 3 - QUIAPO,"Molave, Quezon City, Manila - Quezon Blvd, Manila",725394,12.846,stop_sequence_approx,55,1.0,17.0,1020.0,1.0,gtfs_frequencies_typical_weekday,13102.92,667336.9,90.477,9.855,1.304,0.0,0.349,True,False,56.0,C,ordered-stop planning approximation,True,DERIVED,1,historic_only,uncertain,,,historic_gtfs_baseline,sakay_gtfs_master_historic,No current route validation supplied.,,,False,,historic_only,project-2-and-3__quiapo,4.281488401058695,237.88888888888889,0,13102.92,DERIVED,sakay_gtfs_master_historic|worldpop_phl_2020_1km
LTFRB_PUJ1859,,PROJ 4 (YALE) - STOP N SHOP,"Ramon Magsaysay Blvd / Altura Intersection, Manila - General Romulo Ave / Aurora Blvd Intersection, Quezon City, Manila",726067,5.521,stop_sequence_approx,17,1.0,17.0,1020.0,1.0,gtfs_frequencies_typical_weekday,5631.42,286270.4,92.627,5.405,1.021,0.0,0.541,True,False,56.0,C,ordered-stop planning approximation,True,DERIVED,1,historic_only,uncertain,,,historic_gtfs_baseline,sakay_gtfs_master_historic,No current route validation supplied.,,,False,,historic_only,proj-4-yale__stop-n-shop,3.0791523274769066,345.0625,0,5631.42,DERIVED,sakay_gtfs_master_historic|worldpop_phl_2020_1km
LTFRB_PUJ1860,,PROJ 4 (YALE) - STOP N SHOP,"General Romulo Ave / Aurora Blvd Intersection, Quezon City, Manila - Ramon Magsaysay Blvd / Altura Intersection, Manila",725733,5.96,stop_sequence_approx,19,1.0,17.0,1020.0,1.0,gtfs_frequencies_typical_weekday,6079.2,333818.7,93.677,5.405,1.103,0.0,0.466,True,False,56.0,C,ordered-stop planning approximation,True,DERIVED,1,historic_only,uncertain,,,historic_gtfs_baseline,sakay_gtfs_master_historic,No current route validation supplied.,,,False,,historic_only,proj-4-yale__stop-n-shop,3.1879194630872485,331.1111111111111,0,6079.2,DERIVED,sakay_gtfs_master_historic|worldpop_phl_2020_1km
LTFRB_PUJ1862,,PROJ 4 (AURORA) - MORAYTA RECTO,"General Romulo Ave / Aurora Blvd Intersection, Quezon City, Manila - España Blvd / Nicanor Reyes St Intersection, Manila",725767,8.08,stop_sequence_approx,29,1.0,17.0,1020.0,1.0,gtfs_frequencies_typical_weekday,8241.6,559749.7,94.663,7.497,1.078,0.0,0.432,True,False,56.0,C,ordered-stop planning approximation,True,DERIVED,0,historic_only,uncertain,,,historic_gtfs_baseline,sakay_gtfs_master_historic,No current route validation supplied.,,,False,,historic_only,morayta-recto__proj-4-aurora,3.589108910891089,288.57142857142856,0,8241.6,DERIVED,sakay_gtfs_master_historic|worldpop_phl_2020_1km
LTFRB_PUJ1863,,PROJ 2&3-VITO CRUZ MABINI,"HP Village Square, Pablo Ocampo Sr., Manila - Molave, Quezon City, Manila",724743,16.939,stop_sequence_approx,66,1.0,17.0,1020.0,1.0,gtfs_frequencies_typical_weekday,17277.78,809282.3,88.83,11.516,1.471,0.0,0.448,True,False,56.0,C,ordered-stop planning approximation,True,DERIVED,0,historic_only,uncertain,,,historic_gtfs_baseline,sakay_gtfs_master_historic,No current route validation supplied.,,,False,,historic_only,proj-2-3__vito-cruz-mabini,3.896333904008501,260.6,0,17277.78,DERIVED,sakay_gtfs_master_historic|worldpop_phl_2020_1km
LTFRB_PUJ1865,,PROJ 2&3-QMART,"Molave, Quezon City, Manila - Kamias Rd / Colonel Salgado Intersection, Quezon City, Manila",724836,3.712,stop_sequence_approx,17,1.0,17.0,1020.0,1.0,gtfs_frequencies_typical_weekday,3786.24,172116.0,92.728,2.372,1.565,0.0588,0.335,True,True,48.0,D,ordered-stop planning approximation | self-intersection detected,True,DERIVED,0,historic_only,uncertain,,,historic_gtfs_baseline,sakay_gtfs_master_historic,No current route validation supplied.,,,False,,historic_only,proj-2-3__qmart,4.579741379310344,232.0,0,3786.24,DERIVED,sakay_gtfs_master_historic|worldpop_phl_2020_1km
LTFRB_PUJ1866,,PROJ 2&3-KALAW ESPANA,"T.M. Kalaw / Maria Y. Orosa St - Molave, Quezon City, Manila",724730,15.191,stop_sequence_approx,68,1.0,17.0,1020.0,2.0,gtfs_frequencies_typical_weekday,15494.820000000002,691578.0,87.306,10.884,1.396,0.0,0.405,True,False,56.0,C,ordered-stop planning approximation,True,DERIVED,2,historic_only,uncertain,,,historic_gtfs_baseline,sakay_gtfs_master_historic,No current route validation supplied.,,,False,,historic_only,kalaw-espana__proj-2-3,4.476334671845171,226.73134328358208,0,15494.820000000002,DERIVED,sakay_gtfs_master_historic|worldpop_phl_2020_1km
LTFRB_PUJ1867,,PROJ 2&3-KALAW ESPANA,"Molave, Quezon City, Manila - T.M. Kalaw / Maria Y. Orosa St",726111,15.064,stop_sequence_approx,66,1.0,17.0,1020.0,1.0,gtfs_frequencies_typical_weekday,15365.28,691578.0,87.306,10.884,1.384,0.0,0.405,True,False,56.0,C,ordered-stop planning approximation,True,DERIVED,1,historic_only,uncertain,,,historic_gtfs_baseline,sakay_gtfs_master_historic,No current route validation supplied.,,,False,,historic_only,kalaw-espana__proj-2-3,4.381306425916091,231.75384615384615,0,15365.28,DERIVED,sakay_gtfs_master_historic|worldpop_phl_2020_1km
LTFRB_PUJ1868,,PHILCOA - FAIRVIEW DAHLIA,"Elliptical Rd / Commonwealth Avenue Intersection, Quezon City - Regalado / Dahlia Intersection, Quezon City",725553,9.884,stop_sequence_approx,35,1.0,17.0,1020.0,1.0,gtfs_frequencies_typical_weekday,10081.68,399677.6,77.136,5.499,1.797,0.0,0.873,True,False,56.0,C,ordered-stop planning approximation,True,DERIVED,0,historic_only,uncertain,,,historic_gtfs_baseline,sakay_gtfs_master_historic,No current route validation supplied.,,,False,,historic_only,fairview-dahlia__philcoa,3.5410764872521243,290.70588235294116,0,10081.68,DERIVED,sakay_gtfs_master_historic|worldpop_phl_2020_1km
LTFRB_PUJ1869,,PHILCOA - FAIRVIEW DAHLIA,"Regalado / Dahlia Intersection, Quezon City - Elliptical Rd / Commonwealth Avenue Intersection, Quezon City",725628,9.888,stop_sequence_approx,36,1.0,17.0,1020.0,1.0,gtfs_frequencies_typical_weekday,10085.76,399677.6,77.136,5.499,1.798,0.0,0.48,True,False,56.0,C,ordered-stop planning approximation,True,DERIVED,0,historic_only,uncertain,,,historic_gtfs_baseline,sakay_gtfs_master_historic,No current route validation supplied.,,,False,,historic_only,fairview-dahlia__philcoa,3.6407766990291264,282.51428571428573,0,10085.76,DERIVED,sakay_gtfs_master_historic|worldpop_phl_2020_1km
LTFRB_PUJ1870,,PATEROS - MARKET MARKET,"B. Morcilla St, Pateros, Manila - Carlos P. Garcia Ave, Makati City, Manila",724984,3.001,stop_sequence_approx,14,1.0,17.0,1020.0,1.0,gtfs_frequencies_typical_weekday,3061.02,189794.8,97.135,1.187,2.528,0.0,0.368,True,False,49.0,D,ordered-stop planning approximation | high detour ratio,True,DERIVED,0,historic_only,uncertain,,,historic_gtfs_baseline,sakay_gtfs_master_historic,No current route validation supplied.,,,False,,historic_only,market-market__pateros,4.665111629456848,230.84615384615384,0,3061.02,DERIVED,sakay_gtfs_master_historic|worldpop_phl_2020_1km
LTFRB_PUJ1871,,PATEROS - MARKET MARKET,"Carlos P. Garcia Ave, Makati City, Manila - B. Morcilla St, Pateros, Manila",725899,2.591,stop_sequence_approx,12,1.0,17.0,1020.0,1.0,gtfs_frequencies_typical_weekday,2642.82,189794.8,97.135,1.187,2.182,0.0,0.368,True,False,56.0,C,ordered-stop planning approximation,True,DERIVED,0,historic_only,uncertain,,,historic_gtfs_baseline,sakay_gtfs_master_historic,No current route validation supplied.,,,False,,historic_only,market-market__pateros,4.631416441528367,235.54545454545453,0,2642.82,DERIVED,sakay_gtfs_master_historic|worldpop_phl_2020_1km
LTFRB_PUJ1872,,PATEROS - AYALA,"Epifanio de los Santos Av, Makati City, Manila - M. Almeda, Pateros, Manila",726031,8.691,stop_sequence_approx,38,1.0,17.0,1020.0,1.0,gtfs_frequencies_typical_weekday,8864.820000000002,314703.5,81.993,4.539,1.915,0.0,0.558,True,False,56.0,C,ordered-stop planning approximation,True,DERIVED,0,historic_only,uncertain,,,historic_gtfs_baseline,sakay_gtfs_master_historic,No current route validation supplied.,,,False,,historic_only,ayala__pateros,4.372339201472788,234.8918918918919,0,8864.820000000002,DERIVED,sakay_gtfs_master_historic|worldpop_phl_2020_1km
LTFRB_PUJ1873,,PATEROS - AYALA,"M. Almeda, Pateros, Manila - Epifanio de los Santos Av, Makati City, Manila",726079,8.918,stop_sequence_approx,39,1.0,17.0,1020.0,1.0,gtfs_frequencies_typical_weekday,9096.36,314703.5,81.993,4.539,1.965,0.0,0.453,True,False,56.0,C,ordered-stop planning approximation,True,DERIVED,0,historic_only,uncertain,,,historic_gtfs_baseline,sakay_gtfs_master_historic,No current route validation supplied.,,,False,,historic_only,ayala__pateros,4.373177842565598,234.68421052631578,0,9096.36,DERIVED,sakay_gtfs_master_historic|worldpop_phl_2020_1km
LTFRB_PUJ1874,,NPC - NIA via CONGRESSIONAL MINDANAO AVE,"Epifanio de los Santos Avenue / North Avenue Intersection, Quezon City - NIA Chapel, Chico, Quezon City",725191,5.9,stop_sequence_approx,31,1.0,17.0,1020.0,1.0,gtfs_frequencies_typical_weekday,6018.0,235817.7,89.721,4.45,1.326,0.0,0.33,True,False,56.0,C,ordered-stop planning approximation,True,DERIVED,3,historic_only,uncertain,,,historic_gtfs_baseline,sakay_gtfs_master_historic,No current route validation supplied.,,,False,,historic_only,nia__npc,5.2542372881355925,196.66666666666666,0,6018.0,DERIVED,sakay_gtfs_master_historic|worldpop_phl_2020_1km
LTFRB_PUJ1875,,NPC - NIA via CONGRESSIONAL MINDANAO AVE,"NIA Chapel, Chico, Quezon City - Epifanio de los Santos Avenue / North Avenue Intersection, Quezon City",725973,6.167,stop_sequence_approx,29,1.0,17.0,1020.0,1.0,gtfs_frequencies_typical_weekday,6290.34,257796.3,90.597,4.45,1.386,0.0345,0.793,True,True,48.0,D,ordered-stop planning approximation | self-intersection detected,True,DERIVED,3,historic_only,uncertain,,,historic_gtfs_baseline,sakay_gtfs_master_historic,No current route validation supplied.,,,False,,historic_only,nia__npc,4.702448516296417,220.25,0,6290.34,DERIVED,sakay_gtfs_master_historic|worldpop_phl_2020_1km
LTFRB_PUJ1876,,NOVA-TALA,"Dumulay  / Quirino Highway, Quezon City, Manila - Dr Uyguanco Avenue, City of San Jose del Monte",725077,12.57,stop_sequence_approx,54,1.0,17.0,1020.0,2.0,gtfs_frequencies_typical_weekday,12821.4,525599.9,80.707,5.378,2.337,0.0,0.442,True,False,56.0,C,ordered-stop planning approximation,True,DERIVED,1,historic_only,uncertain,,,historic_gtfs_baseline,sakay_gtfs_master_historic,No current route validation supplied.,,,False,,historic_only,nova__tala,4.295942720763723,237.16981132075472,0,12821.4,DERIVED,sakay_gtfs_master_historic|worldpop_phl_2020_1km
LTFRB_PUJ1877,,NOVA-TALA,"Dr Uyguanco Avenue, City of San Jose del Monte - Dumulay  / Quirino Highway, Quezon City, Manila",725449,10.699,stop_sequence_approx,43,1.0,17.0,1020.0,2.0,gtfs_frequencies_typical_weekday,10912.98,504005.3,84.165,5.378,1.989,0.0,1.173,True,False,56.0,C,ordered-stop planning approximation,True,DERIVED,1,historic_only,uncertain,,,historic_gtfs_baseline,sakay_gtfs_master_historic,No current route validation supplied.,,,False,,historic_only,nova__tala,4.019067202542294,254.73809523809524,0,10912.98,DERIVED,sakay_gtfs_master_historic|worldpop_phl_2020_1km
LTFRB_PUJ1878,,NOVA-PANGARAP VILL,"Dumulay  / Quirino Highway, Quezon City, Manila - Quirino Highway, Calcoocan City",725254,8.902,stop_sequence_approx,38,1.0,17.0,1020.0,1.0,gtfs_frequencies_typical_weekday,9080.04,440654.1,85.407,6.444,1.381,0.0,0.442,True,False,56.0,C,ordered-stop planning approximation,True,DERIVED,1,historic_only,uncertain,,,historic_gtfs_baseline,sakay_gtfs_master_historic,No current route validation supplied.,,,False,,historic_only,nova__pangarap-vill,4.268703662098405,240.59459459459458,0,9080.04,DERIVED,sakay_gtfs_master_historic|worldpop_phl_2020_1km
LTFRB_PUJ1879,,NOVA-PANGARAP VILL,"Quirino Highway, Calcoocan City - Dumulay  / Quirino Highway, Quezon City, Manila",726356,7.524,stop_sequence_approx,32,1.0,17.0,1020.0,1.0,gtfs_frequencies_typical_weekday,7674.48,419059.4,89.808,6.444,1.168,0.0,0.442,True,False,56.0,C,ordered-stop planning approximation,True,DERIVED,1,historic_only,uncertain,,,historic_gtfs_baseline,sakay_gtfs_master_historic,No current route validation supplied.,,,False,,historic_only,nova__pangarap-vill,4.253056884635832,242.70967741935485,0,7674.48,DERIVED,sakay_gtfs_master_historic|worldpop_phl_2020_1km
LTFRB_PUJ1880,,NOVA-DEPARO,"Susano / General Luis Intersection, Caloocan City - Kabatuhan, Caloocan City",725465,4.742,stop_sequence_approx,25,1.0,17.0,1020.0,1.0,gtfs_frequencies_typical_weekday,4836.84,220826.9,66.269,3.939,1.204,0.0,0.323,True,False,56.0,C,ordered-stop planning approximation,True,DERIVED,0,historic_only,uncertain,,,historic_gtfs_baseline,sakay_gtfs_master_historic,No current route validation supplied.,,,False,,historic_only,deparo__nova,5.27203711514129,197.58333333333334,0,4836.84,DERIVED,sakay_gtfs_master_historic|worldpop_phl_2020_1km
LTFRB_PUJ1881,,NOVA-DEPARO,"Kabatuhan, Caloocan City - Susano / General Luis Intersection, Caloocan City",725087,4.742,stop_sequence_approx,25,1.0,17.0,1020.0,1.0,gtfs_frequencies_typical_weekday,4836.84,220826.9,66.269,3.939,1.204,0.0,0.323,True,False,56.0,C,ordered-stop planning approximation,True,DERIVED,0,historic_only,uncertain,,,historic_gtfs_baseline,sakay_gtfs_master_historic,No current route validation supplied.,,,False,,historic_only,deparo__nova,5.27203711514129,197.58333333333334,0,4836.84,DERIVED,sakay_gtfs_master_historic|worldpop_phl_2020_1km
LTFRB_PUJ1882,,NAVOTAS - RECTO via DAGAT_DAGATAN C3_C4,"Claro M. Recto Ave / Quezon Blvd Intersection, Manila - Navotas City Hall, M. Naval, City of Navotas",725279,10.482,stop_sequence_approx,46,1.0,17.0,1020.0,1.0,gtfs_frequencies_typical_weekday,10691.64,829021.2,100.0,7.353,1.426,0.0,0.728,True,False,56.0,C,ordered-stop planning approximation,True,DERIVED,4,historic_only,uncertain,,,historic_gtfs_baseline,sakay_gtfs_master_historic,No current route validation supplied.,,,False,,historic_only,navotas__recto,4.388475481778287,232.93333333333334,0,10691.64,DERIVED,sakay_gtfs_master_historic|worldpop_phl_2020_1km
LTFRB_PUJ1883,,NAVOTAS - RECTO via DAGAT_DAGATAN C3_C4,"Navotas City Hall, M. Naval, City of Navotas - Claro M. Recto Ave / Quezon Blvd Intersection, Manila",726378,10.542,stop_sequence_approx,45,1.0,17.0,1020.0,1.0,gtfs_frequencies_typical_weekday,10752.84,829021.2,100.0,7.353,1.434,0.0,0.633,True,False,56.0,C,ordered-stop planning approximation,True,DERIVED,3,historic_only,uncertain,,,historic_gtfs_baseline,sakay_gtfs_master_historic,No current route validation supplied.,,,False,,historic_only,navotas__recto,4.2686397268070575,239.5909090909091,0,10752.84,DERIVED,sakay_gtfs_master_historic|worldpop_phl_2020_1km
LTFRB_PUJ1884,,NAVOTAS - DIVISORIA via H LOPEZ,"Isabelo delos Reyes Elementary School, Nicolas Zamora, Manila - Navotas City Hall, M. Naval, City of Navotas",726228,6.538,stop_sequence_approx,19,1.0,17.0,1020.0,1.0,gtfs_frequencies_typical_weekday,6668.76,925196.4,98.606,5.916,1.105,0.0,1.047,True,False,56.0,C,ordered-stop planning approximation,True,DERIVED,1,historic_only,uncertain,,,historic_gtfs_baseline,sakay_gtfs_master_historic,No current route validation supplied.,,,False,,historic_only,divisoria__navotas,2.906087488528602,363.22222222222223,0,6668.76,DERIVED,sakay_gtfs_master_historic|worldpop_phl_2020_1km
LTFRB_PUJ1885,,NAVOTAS - DIVISORIA via H LOPEZ,"Navotas City Hall, M. Naval, City of Navotas - Isabelo delos Reyes Elementary School, Nicolas Zamora, Manila",726262,6.543,stop_sequence_approx,24,1.0,17.0,1020.0,1.0,gtfs_frequencies_typical_weekday,6673.860000000001,925196.4,98.606,5.916,1.106,0.0,0.463,True,False,56.0,C,ordered-stop planning approximation,True,DERIVED,2,historic_only,uncertain,,,historic_gtfs_baseline,sakay_gtfs_master_historic,No current route validation supplied.,,,False,,historic_only,divisoria__navotas,3.6680421824850984,284.4782608695652,0,6673.860000000001,DERIVED,sakay_gtfs_master_historic|worldpop_phl_2020_1km
LTFRB_PUJ1886,,MURPHY 15TH AVE - STOP N SHOP,"Internet Cafe, Old Sta. Mesa, Manila - General Romulo Ave / Aurora Blvd Intersection, Quezon City, Manila",725475,5.259,stop_sequence_approx,17,1.0,17.0,1020.0,1.0,gtfs_frequencies_typical_weekday,5364.18,333818.7,93.677,5.181,1.015,0.0,0.466,True,False,56.0,C,ordered-stop planning approximation,True,DERIVED,1,historic_only,uncertain,,,historic_gtfs_baseline,sakay_gtfs_master_historic,No current route validation supplied.,,,False,,historic_only,murphy-15th-ave__stop-n-shop,3.2325537174367747,328.6875,0,5364.18,DERIVED,sakay_gtfs_master_historic|worldpop_phl_2020_1km
LTFRB_PUJ1887,,MURPHY 15TH AVE - STOP N SHOP,"General Romulo Ave / Aurora Blvd Intersection, Quezon City, Manila - Internet Cafe, Old Sta. Mesa, Manila",724666,5.611,stop_sequence_approx,18,1.0,17.0,1020.0,1.0,gtfs_frequencies_typical_weekday,5723.219999999999,333818.7,93.677,5.181,1.083,0.0,0.466,True,False,56.0,C,ordered-stop planning approximation,True,DERIVED,1,historic_only,uncertain,,,historic_gtfs_baseline,sakay_gtfs_master_historic,No current route validation supplied.,,,False,,historic_only,murphy-15th-ave__stop-n-shop,3.2079843165211193,330.05882352941177,0,5723.219999999999,DERIVED,sakay_gtfs_master_historic|worldpop_phl_2020_1km
LTFRB_PUJ1888,,MURPHY - QMART,"15th Ave / Col. Bonny Serrano Intersection, Quezon City, Manila - Ermin Garcia Ave, Quezon City, Manila",725026,3.467,stop_sequence_approx,15,1.0,17.0,1020.0,1.0,gtfs_frequencies_typical_weekday,3536.34,181360.9,91.182,2.267,1.529,0.0,0.377,True,False,56.0,C,ordered-stop planning approximation,True,DERIVED,0,historic_only,uncertain,,,historic_gtfs_baseline,sakay_gtfs_master_historic,No current route validation supplied.,,,False,,historic_only,murphy__qmart,4.326507066628209,247.64285714285714,0,3536.34,DERIVED,sakay_gtfs_master_historic|worldpop_phl_2020_1km
LTFRB_PUJ1889,,MURPHY - QMART,"Ermin Garcia Ave, Quezon City, Manila - 15th Ave / Col. Bonny Serrano Intersection, Quezon City, Manila",726244,2.715,stop_sequence_approx,10,1.0,17.0,1020.0,1.0,gtfs_frequencies_typical_weekday,2769.3,140852.4,88.647,2.267,1.197,0.0,0.423,True,False,44.0,D,ordered-stop planning approximation | few representative stops,True,DERIVED,0,historic_only,uncertain,,,historic_gtfs_baseline,sakay_gtfs_master_historic,No current route validation supplied.,,,False,,historic_only,murphy__qmart,3.683241252302026,301.6666666666667,0,2769.3,DERIVED,sakay_gtfs_master_historic|worldpop_phl_2020_1km
LTFRB_PUJ1890,,MONUMENTO - STA MARIA via EXPRESSWAY,"L Bustamante / Benin Intersection, Caloocan City - Santa Maria Municipal Hall, JC De Jesus Street, Santa Maria",725009,23.048,stop_sequence_approx,90,1.0,17.0,1020.0,1.0,gtfs_frequencies_typical_weekday,23508.96,620214.1,62.309,18.268,1.262,0.0111,0.553,True,True,48.0,D,ordered-stop planning approximation | self-intersection detected,True,DERIVED,2,historic_only,uncertain,,,historic_gtfs_baseline,sakay_gtfs_master_historic,No current route validation supplied.,,,False,,historic_only,monumento__sta-maria,3.904894133981257,258.96629213483146,0,23508.96,DERIVED,sakay_gtfs_master_historic|worldpop_phl_2020_1km
LTFRB_PUJ1891,,MONUMENTO - STA MARIA via EXPRESSWAY,"Santa Maria Municipal Hall, JC De Jesus Street, Santa Maria - L Bustamante / Benin Intersection, Caloocan City",726322,23.151,stop_sequence_approx,89,1.0,17.0,1020.0,1.0,gtfs_frequencies_typical_weekday,23614.02,626619.9,61.672,18.268,1.267,0.0,0.553,True,False,56.0,C,ordered-stop planning approximation,True,DERIVED,2,historic_only,uncertain,,,historic_gtfs_baseline,sakay_gtfs_master_historic,No current route validation supplied.,,,False,,historic_only,monumento__sta-maria,3.8443263789901083,263.07954545454544,0,23614.02,DERIVED,sakay_gtfs_master_historic|worldpop_phl_2020_1km
LTFRB_PUJ1892,,MONUMENTO - MEYCAUAYAN via EXPRESSWAY,"North Luzon Expressway, Marilao, Manila - Epifanio de los Santos Avenue / 8th Street Intersection , Caloocan City",725027,12.082,stop_sequence_approx,50,1.0,17.0,1020.0,1.0,gtfs_frequencies_typical_weekday,12323.64,515539.1,74.96,10.329,1.17,0.0,0.553,True,False,56.0,C,ordered-stop planning approximation,True,DERIVED,0,historic_only,uncertain,,,historic_gtfs_baseline,sakay_gtfs_master_historic,No current route validation supplied.,,,False,,historic_only,meycauayan__monumento,4.138387684158252,246.57142857142858,0,12323.64,DERIVED,sakay_gtfs_master_historic|worldpop_phl_2020_1km
LTFRB_PUJ1893,,MONUMENTO - MEYCAUAYAN via EXPRESSWAY,"Epifanio de los Santos Avenue / 8th Street Intersection , Caloocan City - North Luzon Expressway, City of Meycauayan",724890,11.863,stop_sequence_approx,51,1.0,17.0,1020.0,3.0,gtfs_frequencies_typical_weekday,12100.26,506855.0,76.244,9.951,1.192,0.0196,0.553,True,True,48.0,D,ordered-stop planning approximation | self-intersection detected,True,DERIVED,0,historic_only,uncertain,,,historic_gtfs_baseline,sakay_gtfs_master_historic,No current route validation supplied.,,,False,,historic_only,meycauayan__monumento,4.2990811767681025,237.26,0,12100.26,DERIVED,sakay_gtfs_master_historic|worldpop_phl_2020_1km
LTFRB_PUJ1894,,MONTALBAN - MARCOS AVE via LITEX,"Payatas Road, Quezon City - Montalban Church, Daang Hari Streeet Intersection, Rodriguez",725324,9.461,stop_sequence_approx,43,1.0,17.0,1020.0,1.0,gtfs_frequencies_typical_weekday,9650.22,307362.2,85.463,6.705,1.411,0.0,0.448,True,False,56.0,C,ordered-stop planning approximation,True,DERIVED,0,historic_only,uncertain,,,historic_gtfs_baseline,sakay_gtfs_master_historic,No current route validation supplied.,,,False,,historic_only,marcos-ave__montalban,4.544974104217313,225.26190476190476,0,9650.22,DERIVED,sakay_gtfs_master_historic|worldpop_phl_2020_1km
LTFRB_PUJ1895,,MONTALBAN - MARCOS AVE via LITEX,"Montalban Church, Daang Hari Streeet Intersection, Rodriguez - Payatas Road, Quezon City",725196,9.461,stop_sequence_approx,43,1.0,17.0,1020.0,1.0,gtfs_frequencies_typical_weekday,9650.22,307362.2,85.463,6.705,1.411,0.0,0.448,True,False,56.0,C,ordered-stop planning approximation,True,DERIVED,0,historic_only,uncertain,,,historic_gtfs_baseline,sakay_gtfs_master_historic,No current route validation supplied.,,,False,,historic_only,marcos-ave__montalban,4.544974104217313,225.26190476190476,0,9650.22,DERIVED,sakay_gtfs_master_historic|worldpop_phl_2020_1km
LTFRB_PUJ1896,,MCU - PASAY RTDA,"Epifanio de los Santos Avenue / 8th Street Intersection , Caloocan City - Taft Avenue Extension / Epifanio de los Santos Avenue, Lungsod ng Pasay, Manila",725826,16.374,stop_sequence_approx,64,1.0,17.0,1020.0,1.0,gtfs_frequencies_typical_weekday,16701.48,987091.8,93.546,13.354,1.226,0.0156,0.583,True,True,48.0,D,ordered-stop planning approximation | self-intersection detected,True,DERIVED,3,historic_only,uncertain,,,historic_gtfs_baseline,sakay_gtfs_master_historic,No current route validation supplied.,,,False,,historic_only,mcu__pasay-rtda,3.9086356418712596,259.90476190476187,0,16701.48,DERIVED,sakay_gtfs_master_historic|worldpop_phl_2020_1km
LTFRB_PUJ1897,,MCU - PASAY RTDA,"Taft Avenue Extension / Epifanio de los Santos Avenue, Lungsod ng Pasay, Manila - Epifanio de los Santos Avenue / 8th Street Intersection , Caloocan City",724893,17.689,stop_sequence_approx,64,1.0,17.0,1020.0,1.0,gtfs_frequencies_typical_weekday,18042.78,1051044.1,93.324,13.354,1.325,0.0469,0.583,True,True,48.0,D,ordered-stop planning approximation | self-intersection detected,True,DERIVED,2,historic_only,uncertain,,,historic_gtfs_baseline,sakay_gtfs_master_historic,No current route validation supplied.,,,False,,historic_only,mcu__pasay-rtda,3.6180677257052407,280.77777777777777,0,18042.78,DERIVED,sakay_gtfs_master_historic|worldpop_phl_2020_1km
LTFRB_PUJ1898,,MARKET MARKET - NASCOR,"Carlos P. Garcia Ave, Makati City, Manila - F. Flores / M. Concepcion Ave Intersection, Pateros, Manila",724952,1.774,stop_sequence_approx,9,1.0,17.0,1020.0,1.0,gtfs_frequencies_typical_weekday,1809.48,152300.9,96.43,1.473,1.205,0.0,0.368,True,False,44.0,D,ordered-stop planning approximation | few representative stops,True,DERIVED,0,historic_only,uncertain,,,historic_gtfs_baseline,sakay_gtfs_master_historic,No current route validation supplied.,,,False,,historic_only,market-market__nascor,5.0732807215332585,221.75,0,1809.48,DERIVED,sakay_gtfs_master_historic|worldpop_phl_2020_1km
LTFRB_PUJ1899,,MARKET MARKET - NASCOR,"F. Flores / M. Concepcion Ave Intersection, Pateros, Manila - Carlos P. Garcia Ave, Makati City, Manila",725447,2.095,stop_sequence_approx,10,1.0,17.0,1020.0,1.0,gtfs_frequencies_typical_weekday,2136.9,152300.9,96.43,1.473,1.423,0.0,0.368,True,False,44.0,D,ordered-stop planning approximation | few representative stops,True,DERIVED,0,historic_only,uncertain,,,historic_gtfs_baseline,sakay_gtfs_master_historic,No current route validation supplied.,,,False,,historic_only,market-market__nascor,4.77326968973747,232.77777777777777,0,2136.9,DERIVED,sakay_gtfs_master_historic|worldpop_phl_2020_1km
LTFRB_PUJ1900,,MARKET MARKET - GUADALUPE,"Carlos P. Garcia Ave, Taguig City, Manila - Maranatha Christian Academy, Sgt. Fabian Yabut Circle, Makati City, Manila",726290,3.781,stop_sequence_approx,16,1.0,17.0,1020.0,1.0,gtfs_frequencies_typical_weekday,3856.62,165695.3,94.427,2.11,1.792,0.0,0.436,True,False,56.0,C,ordered-stop planning approximation,True,DERIVED,0,historic_only,uncertain,,,historic_gtfs_baseline,sakay_gtfs_master_historic,No current route validation supplied.,,,False,,historic_only,guadalupe__market-market,4.231684739486908,252.06666666666666,0,3856.62,DERIVED,sakay_gtfs_master_historic|worldpop_phl_2020_1km
LTFRB_PUJ1901,,MARKET MARKET - GUADALUPE,"Maranatha Christian Academy, Sgt. Fabian Yabut Circle, Makati City, Manila - Carlos P. Garcia Ave, Taguig City, Manila",725020,3.372,stop_sequence_approx,15,1.0,17.0,1020.0,1.0,gtfs_frequencies_typical_weekday,3439.44,165695.3,94.427,2.11,1.598,0.0,0.35,True,False,56.0,C,ordered-stop planning approximation,True,DERIVED,0,historic_only,uncertain,,,historic_gtfs_baseline,sakay_gtfs_master_historic,No current route validation supplied.,,,False,,historic_only,guadalupe__market-market,4.448398576512456,240.85714285714286,0,3439.44,DERIVED,sakay_gtfs_master_historic|worldpop_phl_2020_1km
LTFRB_PUJ1902,,MARIKINA - PATEROS SAN JOAQUIN via PASIG,"M. Almeda, Pateros, Manila - Sumulong Hwy, Marikina City, Manila",725866,11.001,stop_sequence_approx,49,1.0,17.0,1020.0,1.0,gtfs_frequencies_typical_weekday,11221.02,525235.5,79.964,9.667,1.138,0.0,0.431,True,False,56.0,C,ordered-stop planning approximation,True,DERIVED,0,historic_only,uncertain,,,historic_gtfs_baseline,sakay_gtfs_master_historic,No current route validation supplied.,,,False,,historic_only,marikina__pateros-san-joaquin,4.4541405326788475,229.1875,0,11221.02,DERIVED,sakay_gtfs_master_historic|worldpop_phl_2020_1km
LTFRB_PUJ1903,,MARIKINA - PATEROS SAN JOAQUIN via PASIG,"Sumulong Hwy, Marikina City, Manila - M. Almeda, Pateros, Manila",725155,11.32,stop_sequence_approx,44,1.0,17.0,1020.0,1.0,gtfs_frequencies_typical_weekday,11546.4,497028.8,78.827,9.844,1.15,0.0,0.81,True,False,56.0,C,ordered-stop planning approximation,True,DERIVED,0,historic_only,uncertain,,,historic_gtfs_baseline,sakay_gtfs_master_historic,No current route validation supplied.,,,False,,historic_only,marikina__pateros-san-joaquin,3.8869257950530036,263.25581395348837,0,11546.4,DERIVED,sakay_gtfs_master_historic|worldpop_phl_2020_1km
LTFRB_PUJ1904,,MARIKINA - PARANG,"W Paz, Marikina City, Manila - Fortune Tobacco Corporation, Marikina City, Manila",725007,6.206,stop_sequence_approx,26,1.0,17.0,1020.0,1.0,gtfs_frequencies_typical_weekday,6330.120000000001,245329.0,63.87,4.843,1.281,0.0,0.376,True,False,56.0,C,ordered-stop planning approximation,True,DERIVED,0,historic_only,uncertain,,,historic_gtfs_baseline,sakay_gtfs_master_historic,No current route validation supplied.,,,False,,historic_only,marikina__parang,4.189494038027715,248.24,0,6330.120000000001,DERIVED,sakay_gtfs_master_historic|worldpop_phl_2020_1km
LTFRB_PUJ1905,,MARIKINA - PARANG,"Fortune Tobacco Corporation, Marikina City, Manila - J. P. Rizal St, Marikina City, Manila",725629,5.992,stop_sequence_approx,25,1.0,17.0,1020.0,1.0,gtfs_frequencies_typical_weekday,6111.84,218858.2,64.675,4.875,1.229,0.0,0.345,True,False,56.0,C,ordered-stop planning approximation,True,DERIVED,0,historic_only,uncertain,,,historic_gtfs_baseline,sakay_gtfs_master_historic,No current route validation supplied.,,,False,,historic_only,marikina__parang,4.172229639519359,249.66666666666666,0,6111.84,DERIVED,sakay_gtfs_master_historic|worldpop_phl_2020_1km
LTFRB_PUJ1906,,MARIKINA - MONTALBAN,"J. P. Rizal St, Marikina City, Manila - Montalban Highway / R Reyes Street Intersection near Montalban Town Centre, Rodriguez",724645,13.538,stop_sequence_approx,57,1.0,17.0,1020.0,1.0,gtfs_frequencies_typical_weekday,13808.76,369511.1,70.034,11.699,1.157,0.0,0.479,True,False,56.0,C,ordered-stop planning approximation,True,DERIVED,2,historic_only,uncertain,,,historic_gtfs_baseline,sakay_gtfs_master_historic,No current route validation supplied.,,,False,,historic_only,marikina__montalban,4.21037080809573,241.75,0,13808.76,DERIVED,sakay_gtfs_master_historic|worldpop_phl_2020_1km
LTFRB_PUJ1907,,MARIKINA - MONTALBAN,"Montalban Highway / R Reyes Street Intersection near Montalban Town Centre, Rodriguez - J. P. Rizal St, Marikina City, Manila",725088,13.592,stop_sequence_approx,55,1.0,17.0,1020.0,1.0,gtfs_frequencies_typical_weekday,13863.84,378433.5,68.383,11.699,1.162,0.0,0.673,True,False,56.0,C,ordered-stop planning approximation,True,DERIVED,2,historic_only,uncertain,,,historic_gtfs_baseline,sakay_gtfs_master_historic,No current route validation supplied.,,,False,,historic_only,marikina__montalban,4.046497939964685,251.7037037037037,0,13863.84,DERIVED,sakay_gtfs_master_historic|worldpop_phl_2020_1km
LTFRB_PUJ1908,,MARIKINA - MAMBUGAN,"Sumulong Hwy, Marikina City, Manila - Sumulong Hwy, Antipolo City, Manila",726184,5.332,stop_sequence_approx,22,1.0,17.0,1020.0,1.0,gtfs_frequencies_typical_weekday,5438.639999999999,118294.8,12.802,4.788,1.114,0.0,0.342,True,False,56.0,C,ordered-stop planning approximation,True,DERIVED,0,historic_only,uncertain,,,historic_gtfs_baseline,sakay_gtfs_master_historic,No current route validation supplied.,,,False,,historic_only,mambugan__marikina,4.126031507876969,253.9047619047619,0,5438.639999999999,DERIVED,sakay_gtfs_master_historic|worldpop_phl_2020_1km
LTFRB_PUJ1909,,MARIKINA - MAMBUGAN,"Sumulong Hwy, Antipolo City, Manila - Sumulong Hwy, Marikina City, Manila",724760,5.883,stop_sequence_approx,23,1.0,17.0,1020.0,1.0,gtfs_frequencies_typical_weekday,6000.66,118294.8,12.802,4.788,1.229,0.0,0.658,True,False,56.0,C,ordered-stop planning approximation,True,DERIVED,0,historic_only,uncertain,,,historic_gtfs_baseline,sakay_gtfs_master_historic,No current route validation supplied.,,,False,,historic_only,mambugan__marikina,3.9095699473057963,267.40909090909093,0,6000.66,DERIVED,sakay_gtfs_master_historic|worldpop_phl_2020_1km
LTFRB_PUJ1910,,MALINTA - STA MARIA,"Flying V Gas, MacArthur Highway, Valenzuela City - Santa Maria General Hospital, JC De Jesus Street, Santa Maria",725791,17.835,stop_sequence_approx,77,1.0,17.0,1020.0,1.0,gtfs_frequencies_typical_weekday,18191.7,280481.7,24.488,13.92,1.281,0.0,0.52,True,False,56.0,C,ordered-stop planning approximation,True,DERIVED,9,historic_only,uncertain,,,historic_gtfs_baseline,sakay_gtfs_master_historic,No current route validation supplied.,,,False,,historic_only,malinta__sta-maria,4.317353518362769,234.67105263157896,0,18191.7,DERIVED,sakay_gtfs_master_historic|worldpop_phl_2020_1km
LTFRB_PUJ1911,,MALINTA - STA MARIA,"Santa Maria Municipal Hall, JC De Jesus Street, Santa Maria - Flying V Gas, MacArthur Highway, Valenzuela City",724733,17.946,stop_sequence_approx,78,1.0,17.0,1020.0,1.0,gtfs_frequencies_typical_weekday,18304.92,280481.7,24.488,14.03,1.279,0.0,0.52,True,False,56.0,C,ordered-stop planning approximation,True,DERIVED,9,historic_only,uncertain,,,historic_gtfs_baseline,sakay_gtfs_master_historic,No current route validation supplied.,,,False,,historic_only,malinta__sta-maria,4.346372450685389,233.06493506493507,0,18304.92,DERIVED,sakay_gtfs_master_historic|worldpop_phl_2020_1km
LTFRB_PUJ1912,,MALINTA - MALOLOS,"Flying V Gas, MacArthur Highway, Valenzuela City - Bocaue Public Market, MacArthur Highway, Bocaue, Bulacan",725204,13.94,stop_sequence_approx,63,1.0,17.0,1020.0,1.0,gtfs_frequencies_typical_weekday,14218.8,244967.0,28.038,12.589,1.107,0.0,0.52,True,False,56.0,C,ordered-stop planning approximation,True,DERIVED,8,historic_only,uncertain,,,historic_gtfs_baseline,sakay_gtfs_master_historic,No current route validation supplied.,,,False,,historic_only,malinta__malolos,4.519368723098996,224.83870967741936,0,14218.8,DERIVED,sakay_gtfs_master_historic|worldpop_phl_2020_1km
LTFRB_PUJ1913,,MALINTA - MALOLOS,"Bocaue Public Market, MacArthur Highway, Bocaue, Bulacan - Flying V Gas, MacArthur Highway, Valenzuela City",725052,13.94,stop_sequence_approx,63,1.0,17.0,1020.0,1.0,gtfs_frequencies_typical_weekday,14218.8,244967.0,28.038,12.589,1.107,0.0,0.52,True,False,56.0,C,ordered-stop planning approximation,True,DERIVED,8,historic_only,uncertain,,,historic_gtfs_baseline,sakay_gtfs_master_historic,No current route validation supplied.,,,False,,historic_only,malinta__malolos,4.519368723098996,224.83870967741936,0,14218.8,DERIVED,sakay_gtfs_master_historic|worldpop_phl_2020_1km
LTFRB_PUJ1914,,MALINTA - KAYBIGA,"Maysan Road / Llenado Compound Intersection Valenzuela City - Genteral Luis, Caloocan City",725414,5.047,stop_sequence_approx,26,1.0,17.0,1020.0,1.0,gtfs_frequencies_typical_weekday,5147.94,142368.8,0.0,4.915,1.027,0.0,0.354,True,False,56.0,C,ordered-stop planning approximation,True,DERIVED,0,historic_only,uncertain,,,historic_gtfs_baseline,sakay_gtfs_master_historic,No current route validation supplied.,,,False,,historic_only,kaybiga__malinta,5.15157519318407,201.88,0,5147.94,DERIVED,sakay_gtfs_master_historic|worldpop_phl_2020_1km
LTFRB_PUJ1915,,MALINTA - KAYBIGA,"Genteral Luis, Caloocan City - Maysan Road / Llenado Compound Intersection Valenzuela City",724643,5.047,stop_sequence_approx,26,1.0,17.0,1020.0,1.0,gtfs_frequencies_typical_weekday,5147.94,142368.8,0.0,4.915,1.027,0.0,0.354,True,False,56.0,C,ordered-stop planning approximation,True,DERIVED,0,historic_only,uncertain,,,historic_gtfs_baseline,sakay_gtfs_master_historic,No current route validation supplied.,,,False,,historic_only,kaybiga__malinta,5.15157519318407,201.88,0,5147.94,DERIVED,sakay_gtfs_master_historic|worldpop_phl_2020_1km
LTFRB_PUJ1916,,MALABON - PANGHULO,"Malabon National High School, Don Bastilio Bautista Boulevard, Malabon City - J. P Rizal, Obando",724704,2.984,stop_sequence_approx,13,1.0,17.0,1020.0,1.0,gtfs_frequencies_typical_weekday,3043.68,167655.4,69.053,2.527,1.181,0.0,0.37,True,False,56.0,C,ordered-stop planning approximation,True,DERIVED,0,historic_only,uncertain,,,historic_gtfs_baseline,sakay_gtfs_master_historic,No current route validation supplied.,,,False,,historic_only,malabon__panghulo,4.3565683646112605,248.66666666666666,0,3043.68,DERIVED,sakay_gtfs_master_historic|worldpop_phl_2020_1km
LTFRB_PUJ1917,,MALABON - PANGHULO,"J. P Rizal, Obando - Malabon National High School, Don Bastilio Bautista Boulevard, Malabon City",725125,2.984,stop_sequence_approx,12,1.0,17.0,1020.0,1.0,gtfs_frequencies_typical_weekday,3043.68,167655.4,69.053,2.527,1.181,0.0,0.37,True,False,56.0,C,ordered-stop planning approximation,True,DERIVED,0,historic_only,uncertain,,,historic_gtfs_baseline,sakay_gtfs_master_historic,No current route validation supplied.,,,False,,historic_only,malabon__panghulo,4.021447721179625,271.27272727272725,0,3043.68,DERIVED,sakay_gtfs_master_historic|worldpop_phl_2020_1km
LTFRB_PUJ1918,,MAKATI P BURGOS - L GUINTO,"Guerrero / Makati Ave Intersection, Makati City, Manila - Leon Guinto Sr., Manila",725757,5.526,stop_sequence_approx,18,1.0,17.0,1020.0,1.0,gtfs_frequencies_typical_weekday,5636.52,400494.9,89.705,4.309,1.282,0.0556,0.578,True,True,48.0,D,ordered-stop planning approximation | self-intersection detected,True,DERIVED,0,historic_only,uncertain,,,historic_gtfs_baseline,sakay_gtfs_master_historic,No current route validation supplied.,,,False,,historic_only,l-guinto__makati-p-burgos,3.257328990228013,325.05882352941177,0,5636.52,DERIVED,sakay_gtfs_master_historic|worldpop_phl_2020_1km
LTFRB_PUJ1919,,MAKATI P BURGOS - L GUINTO,"Leon Guinto Sr., Manila - Guerrero / Makati Ave Intersection, Makati City, Manila",725712,5.205,stop_sequence_approx,16,1.0,17.0,1020.0,1.0,gtfs_frequencies_typical_weekday,5309.1,405526.5,88.592,4.309,1.208,0.0,0.658,True,False,56.0,C,ordered-stop planning approximation,True,DERIVED,0,historic_only,uncertain,,,historic_gtfs_baseline,sakay_gtfs_master_historic,No current route validation supplied.,,,False,,historic_only,l-guinto__makati-p-burgos,3.073967339097022,347.0,0,5309.1,DERIVED,sakay_gtfs_master_historic|worldpop_phl_2020_1km
LTFRB_PUJ1920,,LRT TAFT - SM MOA,"Epifanio de los Santos Avenue, Lungsod ng Pasay - Epifanio de los Santos Avenue, Lungsod ng Pasay",725129,2.236,stop_sequence_approx,8,1.0,17.0,1020.0,1.0,gtfs_frequencies_typical_weekday,2280.7200000000003,132569.5,90.492,1.523,1.468,0.0,0.442,True,False,44.0,D,ordered-stop planning approximation | few representative stops,True,DERIVED,0,historic_only,uncertain,,,historic_gtfs_baseline,sakay_gtfs_master_historic,No current route validation supplied.,,,False,,historic_only,lrt-taft__sm-moa,3.577817531305903,319.42857142857144,0,2280.7200000000003,DERIVED,sakay_gtfs_master_historic|worldpop_phl_2020_1km
LTFRB_PUJ1922,,LAGRO - NOVALICHES via QUIRINO HIGHWAY,"Dumulay  / Quirino Highway, Quezon City, Manila - Quirino Highway / St James Intersection, Calcoocan City",724622,5.592,stop_sequence_approx,24,1.0,17.0,1020.0,1.0,gtfs_frequencies_typical_weekday,5703.839999999999,233453.1,81.215,3.123,1.791,0.0,0.442,True,False,56.0,C,ordered-stop planning approximation,True,DERIVED,3,historic_only,uncertain,,,historic_gtfs_baseline,sakay_gtfs_master_historic,No current route validation supplied.,,,False,,historic_only,lagro__novaliches,4.291845493562232,243.1304347826087,0,5703.839999999999,DERIVED,sakay_gtfs_master_historic|worldpop_phl_2020_1km
LTFRB_PUJ1923,,LAGRO - NOVALICHES via QUIRINO HIGHWAY,"Quirino Highway / St James Intersection, Calcoocan City - Dumulay  / Quirino Highway, Quezon City, Manila",725871,3.679,stop_sequence_approx,16,1.0,17.0,1020.0,2.0,gtfs_frequencies_typical_weekday,3752.58,211858.5,89.493,3.123,1.178,0.0,0.442,True,False,56.0,C,ordered-stop planning approximation,True,DERIVED,1,historic_only,uncertain,,,historic_gtfs_baseline,sakay_gtfs_master_historic,No current route validation supplied.,,,False,,historic_only,lagro__novaliches,4.349007882576787,245.26666666666668,0,3752.58,DERIVED,sakay_gtfs_master_historic|worldpop_phl_2020_1km
LTFRB_PUJ1924,,L GUINTO - STA ANA,"Leon Guinto Sr. / Pedro Gil Intersection, Manila - New Panaderos / Castañeda Intersection, Manila",724753,3.739,stop_sequence_approx,10,1.0,17.0,1020.0,1.0,gtfs_frequencies_typical_weekday,3813.78,349451.3,93.206,3.653,1.024,0.0,0.616,True,False,44.0,D,ordered-stop planning approximation | few representative stops,True,DERIVED,0,historic_only,uncertain,,,historic_gtfs_baseline,sakay_gtfs_master_historic,No current route validation supplied.,,,False,,historic_only,l-guinto__sta-ana,2.674511901577962,415.44444444444446,0,3813.78,DERIVED,sakay_gtfs_master_historic|worldpop_phl_2020_1km
LTFRB_PUJ1925,,L GUINTO - STA ANA,"New Panaderos / Castañeda Intersection, Manila - Leon Guinto Sr. / Pedro Gil Intersection, Manila",724694,3.739,stop_sequence_approx,10,1.0,17.0,1020.0,1.0,gtfs_frequencies_typical_weekday,3813.78,349451.3,93.206,3.653,1.024,0.0,0.616,True,False,44.0,D,ordered-stop planning approximation | few representative stops,True,DERIVED,0,historic_only,uncertain,,,historic_gtfs_baseline,sakay_gtfs_master_historic,No current route validation supplied.,,,False,,historic_only,l-guinto__sta-ana,2.674511901577962,415.44444444444446,0,3813.78,DERIVED,sakay_gtfs_master_historic|worldpop_phl_2020_1km
LTFRB_PUJ1926,,L GUINTO - PANDACAN,"Josefa Llanes Escoda / Felipe Agoncillo Intersection, Manila - Lorenzo Dela Paz, Manila",725071,3.908,stop_sequence_approx,15,1.0,17.0,1020.0,1.0,gtfs_frequencies_typical_weekday,3986.16,333450.2,94.824,2.965,1.318,0.0,0.402,True,False,56.0,C,ordered-stop planning approximation,True,DERIVED,0,historic_only,uncertain,,,historic_gtfs_baseline,sakay_gtfs_master_historic,No current route validation supplied.,,,False,,historic_only,l-guinto__pandacan,3.8382804503582397,279.14285714285717,0,3986.16,DERIVED,sakay_gtfs_master_historic|worldpop_phl_2020_1km
LTFRB_PUJ1928,,KALENTONG JRC - P. VICTORINO via P CRUZ,"Alchan, Mandaluyong City, Manila - Daang Bakal / New Panaderos Extension Intersection, Manila",724669,4.753,stop_sequence_approx,16,1.0,17.0,1020.0,1.0,gtfs_frequencies_typical_weekday,4848.06,295279.4,94.077,3.064,1.551,0.0,0.53,True,False,56.0,C,ordered-stop planning approximation,True,DERIVED,0,historic_only,uncertain,,,historic_gtfs_baseline,sakay_gtfs_master_historic,No current route validation supplied.,,,False,,historic_only,kalentong-jrc__p-victorino,3.366294971596886,316.8666666666667,0,4848.06,DERIVED,sakay_gtfs_master_historic|worldpop_phl_2020_1km
LTFRB_PUJ1929,,KALENTONG JRC - P. VICTORINO via P CRUZ,"Daang Bakal / New Panaderos Extension Intersection, Manila - Alchan, Mandaluyong City, Manila",725676,5.204,stop_sequence_approx,19,1.0,17.0,1020.0,1.0,gtfs_frequencies_typical_weekday,5308.08,401222.6,95.641,3.064,1.698,0.0,0.433,True,False,56.0,C,ordered-stop planning approximation,True,DERIVED,0,historic_only,uncertain,,,historic_gtfs_baseline,sakay_gtfs_master_historic,No current route validation supplied.,,,False,,historic_only,kalentong-jrc__p-victorino,3.6510376633358956,289.1111111111111,0,5308.08,DERIVED,sakay_gtfs_master_historic|worldpop_phl_2020_1km
LTFRB_PUJ1930,,IBP ROAD - LUPANG PANGAKO via LITEX ROAD,"Commonwealth Avenue / IBP Road Intersection, Quezon City - Payatas Road, Quezon City",726071,3.84,stop_sequence_approx,16,1.0,17.0,1020.0,1.0,gtfs_frequencies_typical_weekday,3916.8,241524.9,98.409,3.037,1.264,0.0,0.448,True,False,56.0,C,ordered-stop planning approximation,True,DERIVED,0,historic_only,uncertain,,,historic_gtfs_baseline,sakay_gtfs_master_historic,No current route validation supplied.,,,False,,historic_only,ibp-road__lupang-pangako,4.166666666666667,256.0,0,3916.8,DERIVED,sakay_gtfs_master_historic|worldpop_phl_2020_1km
LTFRB_PUJ1931,,IBP ROAD - LUPANG PANGAKO via LITEX ROAD,"Payatas Road, Quezon City - Commonwealth Avenue / IBP Road Intersection, Quezon City",725923,3.84,stop_sequence_approx,16,1.0,17.0,1020.0,1.0,gtfs_frequencies_typical_weekday,3916.8,241524.9,98.409,3.037,1.264,0.0,0.448,True,False,56.0,C,ordered-stop planning approximation,True,DERIVED,0,historic_only,uncertain,,,historic_gtfs_baseline,sakay_gtfs_master_historic,No current route validation supplied.,,,False,,historic_only,ibp-road__lupang-pangako,4.166666666666667,256.0,0,3916.8,DERIVED,sakay_gtfs_master_historic|worldpop_phl_2020_1km
LTFRB_PUJ1932,,IBP ROAD - LUPANG PANGAKO GRAVEL FIT ROAD,"Batasan Road, Katarungan Street, Manila Gravel Pit Road, Quezon City - Payatas Road, Quezon City",725141,3.635,stop_sequence_approx,14,1.0,17.0,1020.0,1.0,gtfs_frequencies_typical_weekday,3707.7,240997.2,98.624,2.274,1.599,0.0,0.448,True,False,56.0,C,ordered-stop planning approximation,True,DERIVED,0,historic_only,uncertain,,,historic_gtfs_baseline,sakay_gtfs_master_historic,No current route validation supplied.,,,False,,historic_only,ibp-road__lupang-pangako-gravel-fit-road,3.851444291609354,279.61538461538464,0,3707.7,DERIVED,sakay_gtfs_master_historic|worldpop_phl_2020_1km
LTFRB_PUJ1933,,IBP ROAD - LUPANG PANGAKO GRAVEL FIT ROAD,"Payatas Road, Quezon City - Batasan Road, Katarungan Street, Manila Gravel Pit Road, Quezon City",726039,3.635,stop_sequence_approx,14,1.0,17.0,1020.0,1.0,gtfs_frequencies_typical_weekday,3707.7,240997.2,98.624,2.274,1.599,0.0,0.448,True,False,56.0,C,ordered-stop planning approximation,True,DERIVED,0,historic_only,uncertain,,,historic_gtfs_baseline,sakay_gtfs_master_historic,No current route validation supplied.,,,False,,historic_only,ibp-road__lupang-pangako-gravel-fit-road,3.851444291609354,279.61538461538464,0,3707.7,DERIVED,sakay_gtfs_master_historic|worldpop_phl_2020_1km
LTFRB_PUJ1934,,HULO (MALABON) - DAANG BANGKO NAVOTAS,"Navotas Shipyard, M. Naval, City of Navotas - Heath Centre, Don Bastilio Bautista Boulevard, Malabon City",724732,5.042,stop_sequence_approx,25,1.0,17.0,1020.0,1.0,gtfs_frequencies_typical_weekday,5142.84,267333.6,94.692,0.771,6.539,0.0,0.318,True,False,41.0,D,ordered-stop planning approximation | extreme detour ratio,True,DERIVED,3,historic_only,uncertain,,,historic_gtfs_baseline,sakay_gtfs_master_historic,No current route validation supplied.,,,False,,historic_only,daang-bangko-navotas__hulo-malabon,4.958349861166204,210.08333333333334,0,5142.84,DERIVED,sakay_gtfs_master_historic|worldpop_phl_2020_1km
LTFRB_PUJ1935,,HULO (MALABON) - DAANG BANGKO NAVOTAS,"Heath Centre, Don Bastilio Bautista Boulevard, Malabon City - Navotas Shipyard, M. Naval, City of Navotas",725090,5.383,stop_sequence_approx,24,1.0,17.0,1020.0,1.0,gtfs_frequencies_typical_weekday,5490.66,277466.2,91.234,0.771,6.982,0.0,0.575,True,False,41.0,D,ordered-stop planning approximation | extreme detour ratio,True,DERIVED,2,historic_only,uncertain,,,historic_gtfs_baseline,sakay_gtfs_master_historic,No current route validation supplied.,,,False,,historic_only,daang-bangko-navotas__hulo-malabon,4.458480401263236,234.04347826086956,0,5490.66,DERIVED,sakay_gtfs_master_historic|worldpop_phl_2020_1km
LTFRB_PUJ1936,,FAIRVIEW WET MARKET - PIER SOUTH via QUEZON AVE,"25th St / Antonio C. Delgado Intersection, Manila - Regalado / Dahlia Intersection, Quezon City",726223,22.52,stop_sequence_approx,92,1.0,17.0,1020.0,1.0,gtfs_frequencies_typical_weekday,22970.4,966656.1,79.2,16.398,1.373,0.0,0.55,True,False,56.0,C,ordered-stop planning approximation,True,DERIVED,1,historic_only,uncertain,,,historic_gtfs_baseline,sakay_gtfs_master_historic,No current route validation supplied.,,,False,,historic_only,fairview-wet-market__pier-south,4.085257548845471,247.47252747252747,0,22970.4,DERIVED,sakay_gtfs_master_historic|worldpop_phl_2020_1km
LTFRB_PUJ1937,,FAIRVIEW WET MARKET - PIER SOUTH via QUEZON AVE,"Regalado / Dahlia Intersection, Quezon City - 25th St / Antonio C. Delgado Intersection, Manila",725783,22.957,stop_sequence_approx,95,1.0,17.0,1020.0,4.0,gtfs_frequencies_typical_weekday,23416.14,982964.5,80.364,16.398,1.4,0.0,0.48,True,False,56.0,C,ordered-stop planning approximation,True,DERIVED,1,historic_only,uncertain,,,historic_gtfs_baseline,sakay_gtfs_master_historic,No current route validation supplied.,,,False,,historic_only,fairview-wet-market__pier-south,4.138171363854162,244.22340425531914,0,23416.14,DERIVED,sakay_gtfs_master_historic|worldpop_phl_2020_1km
LTFRB_PUJ1940,,FAIRVIEW - QUIAPO,"Quezon Blvd, Manila - Regalado / Dahlia Intersection, Quezon City",725691,20.291,stop_sequence_approx,81,1.0,17.0,1020.0,1.0,gtfs_frequencies_typical_weekday,20696.82,941183.8,81.343,14.509,1.399,0.0,0.55,True,False,56.0,C,ordered-stop planning approximation,True,DERIVED,2,historic_only,uncertain,,,historic_gtfs_baseline,sakay_gtfs_master_historic,No current route validation supplied.,,,False,,historic_only,fairview__quiapo,3.9919175989354887,253.6375,0,20696.82,DERIVED,sakay_gtfs_master_historic|worldpop_phl_2020_1km
LTFRB_PUJ1941,,FAIRVIEW - QUIAPO,"Regalado / Dahlia Intersection, Quezon City - Quezon Blvd, Manila",726358,20.253,stop_sequence_approx,82,1.0,17.0,1020.0,1.0,gtfs_frequencies_typical_weekday,20658.06,941183.8,81.343,14.509,1.396,0.0,0.48,True,False,56.0,C,ordered-stop planning approximation,True,DERIVED,1,historic_only,uncertain,,,historic_gtfs_baseline,sakay_gtfs_master_historic,No current route validation supplied.,,,False,,historic_only,fairview__quiapo,4.048782896361033,250.03703703703704,0,20658.06,DERIVED,sakay_gtfs_master_historic|worldpop_phl_2020_1km
LTFRB_PUJ1942,,FAIRVIEW - PHILCOA,"Kalayaan Ave / Elliptical Rd Intersection, Quezon City, Manila - Commonwealth Avenue, Quezon City",725925,9.566,stop_sequence_approx,34,1.0,17.0,1020.0,1.0,gtfs_frequencies_typical_weekday,9757.320000000002,378433.6,69.667,6.715,1.425,0.0,0.48,True,False,56.0,C,ordered-stop planning approximation,True,DERIVED,0,historic_only,uncertain,,,historic_gtfs_baseline,sakay_gtfs_master_historic,No current route validation supplied.,,,False,,historic_only,fairview__philcoa,3.554254651892118,289.8787878787879,0,9757.320000000002,DERIVED,sakay_gtfs_master_historic|worldpop_phl_2020_1km
LTFRB_PUJ1943,,FAIRVIEW - PHILCOA,"Commonwealth Avenue, Quezon City - Kalayaan Ave / Elliptical Rd Intersection, Quezon City, Manila",724958,10.469,stop_sequence_approx,37,1.0,17.0,1020.0,1.0,gtfs_frequencies_typical_weekday,10678.38,378433.6,69.667,6.715,1.559,0.0,0.524,True,False,56.0,C,ordered-stop planning approximation,True,DERIVED,0,historic_only,uncertain,,,historic_gtfs_baseline,sakay_gtfs_master_historic,No current route validation supplied.,,,False,,historic_only,fairview__philcoa,3.5342439583532337,290.80555555555554,0,10678.38,DERIVED,sakay_gtfs_master_historic|worldpop_phl_2020_1km
LTFRB_PUJ1944,,FAIRVIEW (WET MARKET) - TM KALAW via Q AVE,"Padre Burgos St, Manila - Regalado / Dahlia Intersection, Quezon City",726088,21.821,stop_sequence_approx,89,1.0,17.0,1020.0,1.0,gtfs_frequencies_typical_weekday,22257.42,951824.8,80.434,15.77,1.384,0.0,0.55,True,False,56.0,C,ordered-stop planning approximation,True,DERIVED,2,historic_only,uncertain,,,historic_gtfs_baseline,sakay_gtfs_master_historic,No current route validation supplied.,,,False,,historic_only,fairview-wet-market__tm-kalaw,4.078639842353696,247.9659090909091,0,22257.42,DERIVED,sakay_gtfs_master_historic|worldpop_phl_2020_1km
LTFRB_PUJ1947,,EDSA NORTH AVE - QUIRINO HIGHWAY via MINDANAO AVE,"Quirino Highway / Mindanao Avenue Intersection, Quezon City - Epifanio de los Santos Avenue, Quezon City",725943,6.789,stop_sequence_approx,28,1.0,17.0,1020.0,1.0,gtfs_frequencies_typical_weekday,6924.78,273159.2,96.423,4.56,1.489,0.0,0.498,True,False,56.0,C,ordered-stop planning approximation,True,DERIVED,1,historic_only,uncertain,,,historic_gtfs_baseline,sakay_gtfs_master_historic,No current route validation supplied.,,,False,,historic_only,edsa-north-ave__quirino-highway,4.124318750920607,251.44444444444446,0,6924.78,DERIVED,sakay_gtfs_master_historic|worldpop_phl_2020_1km
LTFRB_PUJ1948,,EDSA NORTH AVE - QC HALL,"Epifanio de los Santos Avenue / North Avenue Intersection, Quezon City - Kalayaan Ave / Elliptical Rd Intersection, Quezon City, Manila",725353,2.32,stop_sequence_approx,9,1.0,17.0,1020.0,2.0,gtfs_frequencies_typical_weekday,2366.4,137954.2,72.791,2.278,1.018,0.0,0.524,True,False,44.0,D,ordered-stop planning approximation | few representative stops,True,DERIVED,1,historic_only,uncertain,,,historic_gtfs_baseline,sakay_gtfs_master_historic,No current route validation supplied.,,,False,,historic_only,edsa-north-ave__qc-hall,3.8793103448275863,290.0,0,2366.4,DERIVED,sakay_gtfs_master_historic|worldpop_phl_2020_1km
LTFRB_PUJ1949,,EDSA NORTH AVE - QC HALL,"Kalayaan Ave / Elliptical Rd Intersection, Quezon City, Manila - Epifanio de los Santos Avenue / North Avenue Intersection, Quezon City",725554,2.893,stop_sequence_approx,11,1.0,17.0,1020.0,2.0,gtfs_frequencies_typical_weekday,2950.86,137954.2,72.791,2.278,1.27,0.0,0.456,True,False,44.0,D,ordered-stop planning approximation | few representative stops,True,DERIVED,1,historic_only,uncertain,,,historic_gtfs_baseline,sakay_gtfs_master_historic,No current route validation supplied.,,,False,,historic_only,edsa-north-ave__qc-hall,3.802281368821293,289.3,0,2950.86,DERIVED,sakay_gtfs_master_historic|worldpop_phl_2020_1km
LTFRB_PUJ1950,,EDSA NORTH AVE - PROJ 6,"Epifanio de los Santos Avenue / North Avenue Intersection, Quezon City - Emensto Rondon High School, Road 3, Quezon City",725297,3.186,stop_sequence_approx,18,1.0,17.0,1020.0,1.0,gtfs_frequencies_typical_weekday,3249.72,164102.7,94.16,1.159,2.748,0.0,0.33,True,False,49.0,D,ordered-stop planning approximation | high detour ratio,True,DERIVED,1,historic_only,uncertain,,,historic_gtfs_baseline,sakay_gtfs_master_historic,No current route validation supplied.,,,False,,historic_only,edsa-north-ave__proj-6,5.649717514124294,187.41176470588235,0,3249.72,DERIVED,sakay_gtfs_master_historic|worldpop_phl_2020_1km
LTFRB_PUJ1951,,EDSA NORTH AVE - PROJ 6,"Emensto Rondon High School, Road 3, Quezon City - Epifanio de los Santos Avenue / North Avenue Intersection, Quezon City",725980,3.779,stop_sequence_approx,21,1.0,17.0,1020.0,1.0,gtfs_frequencies_typical_weekday,3854.58,164102.7,94.16,1.159,3.259,0.0476,0.33,True,True,41.0,D,ordered-stop planning approximation | high detour ratio | self-intersection detected,True,DERIVED,1,historic_only,uncertain,,,historic_gtfs_baseline,sakay_gtfs_master_historic,No current route validation supplied.,,,False,,historic_only,edsa-north-ave__proj-6,5.557025668166181,188.95,0,3854.58,DERIVED,sakay_gtfs_master_historic|worldpop_phl_2020_1km
LTFRB_PUJ1952,,EDSA NORTH AVE - PAGASA,"Epifanio de los Santos Avenue / North Avenue Intersection, Quezon City - Mindanao Avenue, Quezon City",724932,1.228,stop_sequence_approx,7,1.0,17.0,1020.0,1.0,gtfs_frequencies_typical_weekday,1252.56,81726.4,100.0,0.967,1.27,0.0,0.33,True,False,44.0,D,ordered-stop planning approximation | few representative stops,True,DERIVED,1,historic_only,uncertain,,,historic_gtfs_baseline,sakay_gtfs_master_historic,No current route validation supplied.,,,False,,historic_only,edsa-north-ave__pagasa,5.700325732899023,204.66666666666666,0,1252.56,DERIVED,sakay_gtfs_master_historic|worldpop_phl_2020_1km
LTFRB_PUJ1953,,EDSA NORTH AVE - PAGASA,"Mindanao Avenue / Road 10 Intersection, Quezon City - Epifanio de los Santos Avenue / North Avenue Intersection, Quezon City",725696,1.03,stop_sequence_approx,6,1.0,17.0,1020.0,1.0,gtfs_frequencies_typical_weekday,1050.6,81726.4,100.0,0.772,1.334,0.0,0.33,True,False,44.0,D,ordered-stop planning approximation | few representative stops,True,DERIVED,1,historic_only,uncertain,,,historic_gtfs_baseline,sakay_gtfs_master_historic,No current route validation supplied.,,,False,,historic_only,edsa-north-ave__pagasa,5.825242718446602,206.0,0,1050.6,DERIVED,sakay_gtfs_master_historic|worldpop_phl_2020_1km
LTFRB_PUJ1954,,EDSA CENTRAL - GUADALUPE via PIONEER,"Kalayaan Ave / Gen. Jacinto St Intersection, Taguig City, Manila - Mayflower, Mandaluyong City, Manila",726274,2.535,stop_sequence_approx,12,1.0,17.0,1020.0,1.0,gtfs_frequencies_typical_weekday,2585.7000000000003,164053.6,97.686,2.233,1.135,0.0,0.522,True,False,56.0,C,ordered-stop planning approximation,True,DERIVED,0,historic_only,uncertain,,,historic_gtfs_baseline,sakay_gtfs_master_historic,No current route validation supplied.,,,False,,historic_only,edsa-central__guadalupe,4.733727810650887,230.45454545454547,0,2585.7000000000003,DERIVED,sakay_gtfs_master_historic|worldpop_phl_2020_1km
LTFRB_PUJ1955,,EDSA CENTRAL - GUADALUPE via PIONEER,"Mayflower, Mandaluyong City, Manila - Kalayaan Ave / Gen. Jacinto St Intersection, Taguig City, Manila",725146,4.349,stop_sequence_approx,19,1.0,17.0,1020.0,1.0,gtfs_frequencies_typical_weekday,4435.9800000000005,165897.9,96.6,2.233,1.947,0.0526,0.768,True,True,48.0,D,ordered-stop planning approximation | self-intersection detected,True,DERIVED,1,historic_only,uncertain,,,historic_gtfs_baseline,sakay_gtfs_master_historic,No current route validation supplied.,,,False,,historic_only,edsa-central__guadalupe,4.368820418487008,241.61111111111111,0,4435.9800000000005,DERIVED,sakay_gtfs_master_historic|worldpop_phl_2020_1km
LTFRB_PUJ1956,,EDSA CENTR - SAN JOAQUIN,"M. Almeda, Pateros, Manila - Mayflower, Mandaluyong City, Manila",724944,6.649,stop_sequence_approx,23,1.0,17.0,1020.0,1.0,gtfs_frequencies_typical_weekday,6781.9800000000005,418250.2,88.484,3.756,1.77,0.0,0.67,True,False,56.0,C,ordered-stop planning approximation,True,DERIVED,0,historic_only,uncertain,,,historic_gtfs_baseline,sakay_gtfs_master_historic,No current route validation supplied.,,,False,,historic_only,edsa-centr__san-joaquin,3.459166791998797,302.22727272727275,0,6781.9800000000005,DERIVED,sakay_gtfs_master_historic|worldpop_phl_2020_1km
LTFRB_PUJ1957,,EDSA CENTR - SAN JOAQUIN,"Mayflower, Mandaluyong City, Manila - A. Luna St / Dr Garcia Intersection , Pasig City, Manila",724860,5.7,stop_sequence_approx,24,1.0,17.0,1020.0,1.0,gtfs_frequencies_typical_weekday,5814.0,244650.1,80.312,3.337,1.708,0.0,0.398,True,False,56.0,C,ordered-stop planning approximation,True,DERIVED,0,historic_only,uncertain,,,historic_gtfs_baseline,sakay_gtfs_master_historic,No current route validation supplied.,,,False,,historic_only,edsa-centr__san-joaquin,4.2105263157894735,247.82608695652175,0,5814.0,DERIVED,sakay_gtfs_master_historic|worldpop_phl_2020_1km
LTFRB_PUJ1958,,DIVISORIA - STA MESA via CM RECTO,"Narra, Manila - Internet Cafe, Old Sta. Mesa, Manila",724857,4.78,stop_sequence_approx,18,1.0,17.0,1020.0,1.0,gtfs_frequencies_typical_weekday,4875.6,408758.9,97.45,4.248,1.125,0.0,0.48,True,False,56.0,C,ordered-stop planning approximation,True,DERIVED,1,historic_only,uncertain,,,historic_gtfs_baseline,sakay_gtfs_master_historic,No current route validation supplied.,,,False,,historic_only,divisoria__sta-mesa,3.7656903765690375,281.1764705882353,0,4875.6,DERIVED,sakay_gtfs_master_historic|worldpop_phl_2020_1km
LTFRB_PUJ1959,,DIVISORIA - STA MESA via CM RECTO,"Internet Cafe, Old Sta. Mesa, Manila - Antonio Rivera / Bambang Intersection., Manila",725796,5.581,stop_sequence_approx,18,1.0,17.0,1020.0,1.0,gtfs_frequencies_typical_weekday,5692.620000000001,452783.4,97.698,4.191,1.332,0.0,0.749,True,False,56.0,C,ordered-stop planning approximation,True,DERIVED,1,historic_only,uncertain,,,historic_gtfs_baseline,sakay_gtfs_master_historic,No current route validation supplied.,,,False,,historic_only,divisoria__sta-mesa,3.2252284536821354,328.29411764705884,0,5692.620000000001,DERIVED,sakay_gtfs_master_historic|worldpop_phl_2020_1km
LTFRB_PUJ1960,,DIVISORIA - STA CRUZ via NICHOLAS,"Lara / Madrid Intersection, Manila - A F. Torres / Ronquillo Intersection, Manila",725331,1.495,stop_sequence_approx,8,1.0,17.0,1020.0,1.0,gtfs_frequencies_typical_weekday,1524.9,162284.2,95.191,1.204,1.242,0.0,0.325,True,False,44.0,D,ordered-stop planning approximation | few representative stops,True,DERIVED,0,historic_only,uncertain,,,historic_gtfs_baseline,sakay_gtfs_master_historic,No current route validation supplied.,,,False,,historic_only,divisoria__sta-cruz,5.351170568561873,213.57142857142858,0,1524.9,DERIVED,sakay_gtfs_master_historic|worldpop_phl_2020_1km
LTFRB_PUJ1961,,DIVISORIA - STA CRUZ via NICHOLAS,"A F. Torres / Ronquillo Intersection, Manila - Lara / Madrid Intersection, Manila",724705,1.297,stop_sequence_approx,5,1.0,17.0,1020.0,1.0,gtfs_frequencies_typical_weekday,1322.9399999999998,162284.2,95.191,1.204,1.077,0.0,0.558,True,False,44.0,D,ordered-stop planning approximation | few representative stops,True,DERIVED,0,historic_only,uncertain,,,historic_gtfs_baseline,sakay_gtfs_master_historic,No current route validation supplied.,,,False,,historic_only,divisoria__sta-cruz,3.855050115651504,324.25,0,1322.9399999999998,DERIVED,sakay_gtfs_master_historic|worldpop_phl_2020_1km
LTFRB_PUJ1962,,DIVISORIA - STA CRUZ,"Camba / Clavel Intersection, Manila - A F. Torres / Ronquillo Intersection, Manila",724795,1.83,stop_sequence_approx,10,1.0,17.0,1020.0,2.0,gtfs_frequencies_typical_weekday,1866.6,251313.2,96.895,1.402,1.305,0.0,0.325,True,False,44.0,D,ordered-stop planning approximation | few representative stops,True,DERIVED,0,historic_only,uncertain,,,historic_gtfs_baseline,sakay_gtfs_master_historic,No current route validation supplied.,,,False,,historic_only,divisoria__sta-cruz,5.46448087431694,203.33333333333334,0,1866.6,DERIVED,sakay_gtfs_master_historic|worldpop_phl_2020_1km
LTFRB_PUJ1963,,DIVISORIA - STA CRUZ,"A F. Torres / Ronquillo Intersection, Manila - Dasmariñas / Juan Luna Intersection, Manila",725273,0.739,stop_sequence_approx,4,1.0,17.0,1020.0,1.0,gtfs_frequencies_typical_weekday,753.78,126761.6,93.844,0.737,1.003,0.0,0.253,True,False,44.0,D,ordered-stop planning approximation | few representative stops,True,DERIVED,0,historic_only,uncertain,,,historic_gtfs_baseline,sakay_gtfs_master_historic,No current route validation supplied.,,,False,,historic_only,divisoria__sta-cruz,5.412719891745602,246.33333333333334,0,753.78,DERIVED,sakay_gtfs_master_historic|worldpop_phl_2020_1km
LTFRB_PUJ1964,,DIVISORIA - SANGANDAAN,"Dagupan, Manila - Jollibee, Samson Road, Caloocan City",726335,6.149,stop_sequence_approx,29,1.0,17.0,1020.0,1.0,gtfs_frequencies_typical_weekday,6271.9800000000005,749870.6,98.584,5.632,1.092,0.0,0.423,True,False,56.0,C,ordered-stop planning approximation,True,DERIVED,2,historic_only,uncertain,,,historic_gtfs_baseline,sakay_gtfs_master_historic,No current route validation supplied.,,,False,,historic_only,divisoria__sangandaan,4.7162140185396,219.60714285714286,0,6271.9800000000005,DERIVED,sakay_gtfs_master_historic|worldpop_phl_2020_1km
LTFRB_PUJ1965,,DIVISORIA - SANGANDAAN,"Jollibee, Samson Road, Caloocan City - Dagupan, Manila",725523,6.128,stop_sequence_approx,26,1.0,17.0,1020.0,1.0,gtfs_frequencies_typical_weekday,6250.56,749870.6,98.584,5.632,1.088,0.0,0.943,True,False,56.0,C,ordered-stop planning approximation,True,DERIVED,2,historic_only,uncertain,,,historic_gtfs_baseline,sakay_gtfs_master_historic,No current route validation supplied.,,,False,,historic_only,divisoria__sangandaan,4.242819843342036,245.12,0,6250.56,DERIVED,sakay_gtfs_master_historic|worldpop_phl_2020_1km
LTFRB_PUJ1966,,DIVISORIA - SAN JUAN via CM RECTO,"Antonio Rivera, Manila - Corazon De Jesus / N.Domingo, Manila",725537,6.861,stop_sequence_approx,24,1.0,17.0,1020.0,1.0,gtfs_frequencies_typical_weekday,6998.219999999999,502563.4,97.926,5.927,1.158,0.0,0.541,True,False,56.0,C,ordered-stop planning approximation,True,DERIVED,1,historic_only,uncertain,,,historic_gtfs_baseline,sakay_gtfs_master_historic,No current route validation supplied.,,,False,,historic_only,divisoria__san-juan,3.4980323567993006,298.30434782608694,0,6998.219999999999,DERIVED,sakay_gtfs_master_historic|worldpop_phl_2020_1km
LTFRB_PUJ1967,,DIVISORIA - SAN JUAN via CM RECTO,"Corazon De Jesus / N.Domingo, Manila - Antonio Rivera, Manila",726175,6.65,stop_sequence_approx,22,1.0,17.0,1020.0,1.0,gtfs_frequencies_typical_weekday,6783.0,502563.4,97.926,5.927,1.122,0.0,0.541,True,False,56.0,C,ordered-stop planning approximation,True,DERIVED,1,historic_only,uncertain,,,historic_gtfs_baseline,sakay_gtfs_master_historic,No current route validation supplied.,,,False,,historic_only,divisoria__san-juan,3.308270676691729,316.6666666666667,0,6783.0,DERIVED,sakay_gtfs_master_historic|worldpop_phl_2020_1km
LTFRB_PUJ1968,,DIVISORIA - QUIAPO via EVANGELISTA,"Quezon Blvd, Manila - Dagupan, Manila",725111,1.745,stop_sequence_approx,7,1.0,17.0,1020.0,1.0,gtfs_frequencies_typical_weekday,1779.9,233864.7,96.663,1.542,1.131,0.0,0.488,True,False,44.0,D,ordered-stop planning approximation | few representative stops,True,DERIVED,2,historic_only,uncertain,,,historic_gtfs_baseline,sakay_gtfs_master_historic,No current route validation supplied.,,,False,,historic_only,divisoria__quiapo,4.011461318051576,290.8333333333333,0,1779.9,DERIVED,sakay_gtfs_master_historic|worldpop_phl_2020_1km
LTFRB_PUJ1969,,DIVISORIA - QUIAPO via EVANGELISTA,"Dagupan, Manila - Quezon Blvd, Manila",726073,1.917,stop_sequence_approx,9,1.0,17.0,1020.0,1.0,gtfs_frequencies_typical_weekday,1955.34,233864.7,96.663,1.542,1.243,0.0,0.438,True,False,44.0,D,ordered-stop planning approximation | few representative stops,True,DERIVED,2,historic_only,uncertain,,,historic_gtfs_baseline,sakay_gtfs_master_historic,No current route validation supplied.,,,False,,historic_only,divisoria__quiapo,4.694835680751174,239.625,0,1955.34,DERIVED,sakay_gtfs_master_historic|worldpop_phl_2020_1km
LTFRB_PUJ1970,,DIVISORIA - NORTH PIER via MORIONES,"Sto. Cristo / Claro M. Recto Ave Intersection, Manila - Manila Film Centre, President Ferdinand E. Marcos Highway, Tondo",724822,3.267,stop_sequence_approx,14,1.0,17.0,1020.0,1.0,gtfs_frequencies_typical_weekday,3332.34,427134.9,100.0,2.272,1.438,0.0,0.37,True,False,56.0,C,ordered-stop planning approximation,True,DERIVED,0,historic_only,uncertain,,,historic_gtfs_baseline,sakay_gtfs_master_historic,No current route validation supplied.,,,False,,historic_only,divisoria__north-pier,4.28527701254974,251.30769230769232,0,3332.34,DERIVED,sakay_gtfs_master_historic|worldpop_phl_2020_1km
LTFRB_PUJ1971,,DIVISORIA - NORTH PIER via MORIONES,"Manila Film Centre, President Ferdinand E. Marcos Highway, Tondo - Sto. Cristo / Claro M. Recto Ave Intersection, Manila",725188,3.267,stop_sequence_approx,14,1.0,17.0,1020.0,1.0,gtfs_frequencies_typical_weekday,3332.34,427134.9,100.0,2.272,1.438,0.0,0.37,True,False,56.0,C,ordered-stop planning approximation,True,DERIVED,0,historic_only,uncertain,,,historic_gtfs_baseline,sakay_gtfs_master_historic,No current route validation supplied.,,,False,,historic_only,divisoria__north-pier,4.28527701254974,251.30769230769232,0,3332.34,DERIVED,sakay_gtfs_master_historic|worldpop_phl_2020_1km
LTFRB_PUJ1972,,DIVISORIA - KALAW via JONES BR,"Juan Luna Monument, Padre Burgos St / General Luna St, Manila - Juan Luna, Manila",725679,2.633,stop_sequence_approx,14,1.0,17.0,1020.0,1.0,gtfs_frequencies_typical_weekday,2685.66,143466.0,84.082,2.323,1.133,0.0,0.414,True,False,56.0,C,ordered-stop planning approximation,True,DERIVED,0,historic_only,uncertain,,,historic_gtfs_baseline,sakay_gtfs_master_historic,No current route validation supplied.,,,False,,historic_only,divisoria__kalaw,5.317128750474744,202.53846153846155,0,2685.66,DERIVED,sakay_gtfs_master_historic|worldpop_phl_2020_1km
LTFRB_PUJ1973,,DIVISORIA - KALAW via JONES BR,"Juan Luna, Manila - Juan Luna Monument, Padre Burgos St / General Luna St, Manila",724647,3.99,stop_sequence_approx,20,1.0,17.0,1020.0,1.0,gtfs_frequencies_typical_weekday,4069.8,248614.9,87.111,2.323,1.717,0.0,0.38,True,False,56.0,C,ordered-stop planning approximation,True,DERIVED,1,historic_only,uncertain,,,historic_gtfs_baseline,sakay_gtfs_master_historic,No current route validation supplied.,,,False,,historic_only,divisoria__kalaw,5.012531328320802,210.0,0,4069.8,DERIVED,sakay_gtfs_master_historic|worldpop_phl_2020_1km
LTFRB_PUJ1974,,DIVISORIA - CUBAO via YALE,"Narra, Manila - General Romulo Ave / Aurora Blvd Intersection, Quezon City, Manila",725341,9.951,stop_sequence_approx,33,1.0,17.0,1020.0,1.0,gtfs_frequencies_typical_weekday,10150.02,642055.9,95.089,8.932,1.114,0.0,0.541,True,False,56.0,C,ordered-stop planning approximation,True,DERIVED,2,historic_only,uncertain,,,historic_gtfs_baseline,sakay_gtfs_master_historic,No current route validation supplied.,,,False,,historic_only,cubao__divisoria,3.316249623153452,310.96875,0,10150.02,DERIVED,sakay_gtfs_master_historic|worldpop_phl_2020_1km
LTFRB_PUJ1975,,DIVISORIA - CUBAO via YALE,"General Romulo Ave / Aurora Blvd Intersection, Quezon City, Manila - Claro M. Recto Ave / Jose Abad Santos Ave. Intersection, Manila",725101,10.581,stop_sequence_approx,35,1.0,17.0,1020.0,1.0,gtfs_frequencies_typical_weekday,10792.62,686080.4,95.404,8.841,1.197,0.0,0.541,True,False,56.0,C,ordered-stop planning approximation,True,DERIVED,2,historic_only,uncertain,,,historic_gtfs_baseline,sakay_gtfs_master_historic,No current route validation supplied.,,,False,,historic_only,cubao__divisoria,3.307815896418108,311.20588235294116,0,10792.62,DERIVED,sakay_gtfs_master_historic|worldpop_phl_2020_1km
LTFRB_PUJ1978,,DAPITAN - PIER SOUTH,"25th St / Antonio C. Delgado Intersection, Manila - Community Centre, San Isidro Labrador, Quezon City",724816,6.2,stop_sequence_approx,30,1.0,17.0,1020.0,2.0,gtfs_frequencies_typical_weekday,6324.0,300283.0,84.915,5.098,1.216,0.0,0.405,True,False,56.0,C,ordered-stop planning approximation,True,DERIVED,0,historic_only,uncertain,,,historic_gtfs_baseline,sakay_gtfs_master_historic,No current route validation supplied.,,,False,,historic_only,dapitan__pier-south,4.838709677419355,213.79310344827587,0,6324.0,DERIVED,sakay_gtfs_master_historic|worldpop_phl_2020_1km
LTFRB_PUJ1979,,DAPITAN - PIER SOUTH,"Community Centre, San Isidro Labrador, Quezon City - 25th St / Antonio C. Delgado Intersection, Manila",724798,6.126,stop_sequence_approx,28,1.0,17.0,1020.0,1.0,gtfs_frequencies_typical_weekday,6248.52,316591.5,88.235,5.098,1.202,0.0,0.411,True,False,56.0,C,ordered-stop planning approximation,True,DERIVED,0,historic_only,uncertain,,,historic_gtfs_baseline,sakay_gtfs_master_historic,No current route validation supplied.,,,False,,historic_only,dapitan__pier-south,4.570682337577538,226.88888888888889,0,6248.52,DERIVED,sakay_gtfs_master_historic|worldpop_phl_2020_1km
LTFRB_PUJ1980,,DAPITAN - P CAMPA ANDALUCIA,"Quezon Blvd, Manila - Community Centre, San Isidro Labrador, Quezon City",724744,3.525,stop_sequence_approx,16,1.0,17.0,1020.0,2.0,gtfs_frequencies_typical_weekday,3595.5,274810.7,92.786,3.223,1.094,0.0,0.297,True,False,56.0,C,ordered-stop planning approximation,True,DERIVED,0,historic_only,uncertain,,,historic_gtfs_baseline,sakay_gtfs_master_historic,No current route validation supplied.,,,False,,historic_only,dapitan__p-campa-andalucia,4.539007092198582,235.0,0,3595.5,DERIVED,sakay_gtfs_master_historic|worldpop_phl_2020_1km
LTFRB_PUJ1981,,DAPITAN - P CAMPA ANDALUCIA,"Community Centre, San Isidro Labrador, Quezon City - Quezon Blvd, Manila",725834,3.423,stop_sequence_approx,15,1.0,17.0,1020.0,2.0,gtfs_frequencies_typical_weekday,3491.46,274810.7,92.786,3.223,1.062,0.0,0.411,True,False,56.0,C,ordered-stop planning approximation,True,DERIVED,0,historic_only,uncertain,,,historic_gtfs_baseline,sakay_gtfs_master_historic,No current route validation supplied.,,,False,,historic_only,dapitan__p-campa-andalucia,4.382120946538125,244.5,0,3491.46,DERIVED,sakay_gtfs_master_historic|worldpop_phl_2020_1km
LTFRB_PUJ1982,,CUBAO KALAYAAN - SM LAGRO,"13th Ave / P. Tuazon Blvd, Quezon City, Manila - SM Public Transport Terminal, Regalado Highway, Quezon City",725880,17.92,stop_sequence_approx,69,1.0,17.0,1020.0,1.0,gtfs_frequencies_typical_weekday,18278.4,684436.1,80.272,12.784,1.402,0.0,0.48,True,False,56.0,C,ordered-stop planning approximation,True,DERIVED,1,historic_only,uncertain,,,historic_gtfs_baseline,sakay_gtfs_master_historic,No current route validation supplied.,,,False,,historic_only,cubao-kalayaan__sm-lagro,3.8504464285714284,263.52941176470586,0,18278.4,DERIVED,sakay_gtfs_master_historic|worldpop_phl_2020_1km
LTFRB_PUJ1983,,CUBAO KALAYAAN - SM LAGRO,"Quirino Highway / Maligaya Intersection, Caloocan City - 13th Ave / P. Tuazon Blvd, Quezon City, Manila",725941,19.543,stop_sequence_approx,76,1.0,17.0,1020.0,1.0,gtfs_frequencies_typical_weekday,19933.86,741196.5,79.937,12.846,1.521,0.0,0.524,True,False,56.0,C,ordered-stop planning approximation,True,DERIVED,1,historic_only,uncertain,,,historic_gtfs_baseline,sakay_gtfs_master_historic,No current route validation supplied.,,,False,,historic_only,cubao-kalayaan__sm-lagro,3.888860461546334,260.5733333333333,0,19933.86,DERIVED,sakay_gtfs_master_historic|worldpop_phl_2020_1km
LTFRB_PUJ1984,,CUBAO KALAYAAN - FAIRVIEW,"13th Ave / P. Tuazon Blvd, Quezon City, Manila - Commonwealth Avenue, Quezon City",725924,12.329,stop_sequence_approx,47,1.0,17.0,1020.0,1.0,gtfs_frequencies_typical_weekday,12575.58,534147.2,81.142,9.713,1.269,0.0,0.456,True,False,56.0,C,ordered-stop planning approximation,True,DERIVED,0,historic_only,uncertain,,,historic_gtfs_baseline,sakay_gtfs_master_historic,No current route validation supplied.,,,False,,historic_only,cubao-kalayaan__fairview,3.812150214940384,268.0217391304348,0,12575.58,DERIVED,sakay_gtfs_master_historic|worldpop_phl_2020_1km
LTFRB_PUJ1985,,CUBAO KALAYAAN - FAIRVIEW,"Commonwealth Avenue, Quezon City - 13th Ave / P. Tuazon Blvd, Quezon City, Manila",724754,12.861,stop_sequence_approx,50,1.0,17.0,1020.0,1.0,gtfs_frequencies_typical_weekday,13118.22,534147.2,81.142,9.713,1.324,0.0,0.524,True,False,56.0,C,ordered-stop planning approximation,True,DERIVED,0,historic_only,uncertain,,,historic_gtfs_baseline,sakay_gtfs_master_historic,No current route validation supplied.,,,False,,historic_only,cubao-kalayaan__fairview,3.8877225721172537,262.46938775510205,0,13118.22,DERIVED,sakay_gtfs_master_historic|worldpop_phl_2020_1km
LTFRB_PUJ1986,,CUBAO - WELCOME ROTONDA,"Halcon / Espana Boulevard Intersection, Manila - Aurora Blvd / Epifanio de los Santos Avenue Intersection, Quezon City, Manila",724854,5.475,stop_sequence_approx,18,1.0,17.0,1020.0,1.0,gtfs_frequencies_typical_weekday,5584.5,387020.5,92.281,5.303,1.033,0.0,0.448,True,False,56.0,C,ordered-stop planning approximation,True,DERIVED,0,historic_only,uncertain,,,historic_gtfs_baseline,sakay_gtfs_master_historic,No current route validation supplied.,,,False,,historic_only,cubao__welcome-rotonda,3.2876712328767126,322.05882352941177,0,5584.5,DERIVED,sakay_gtfs_master_historic|worldpop_phl_2020_1km
LTFRB_PUJ1987,,CUBAO - WELCOME ROTONDA,"Aurora Blvd / Epifanio de los Santos Avenue Intersection, Quezon City, Manila - Halcon / Espana Boulevard Intersection, Manila",726013,5.475,stop_sequence_approx,18,1.0,17.0,1020.0,1.0,gtfs_frequencies_typical_weekday,5584.5,387020.5,92.281,5.303,1.033,0.0,0.448,True,False,56.0,C,ordered-stop planning approximation,True,DERIVED,0,historic_only,uncertain,,,historic_gtfs_baseline,sakay_gtfs_master_historic,No current route validation supplied.,,,False,,historic_only,cubao__welcome-rotonda,3.2876712328767126,322.05882352941177,0,5584.5,DERIVED,sakay_gtfs_master_historic|worldpop_phl_2020_1km
LTFRB_PUJ1988,,CUBAO - V CRUZ,"Century Park, Un-named road near A.Mabini, Manila - Aurora Blvd, Quezon City, Manila",725213,14.138,stop_sequence_approx,53,1.0,17.0,1020.0,1.0,gtfs_frequencies_typical_weekday,14420.76,714543.5,90.089,10.066,1.405,0.0,0.472,True,False,56.0,C,ordered-stop planning approximation,True,DERIVED,0,historic_only,uncertain,,,historic_gtfs_baseline,sakay_gtfs_master_historic,No current route validation supplied.,,,False,,historic_only,cubao__v-cruz,3.7487622011599946,271.88461538461536,0,14420.76,DERIVED,sakay_gtfs_master_historic|worldpop_phl_2020_1km
LTFRB_PUJ1989,,CUBAO - V CRUZ,"Aurora Blvd, Quezon City, Manila - Century Park, Un-named road near A.Mabini, Manila",725186,15.122,stop_sequence_approx,58,1.0,17.0,1020.0,1.0,gtfs_frequencies_typical_weekday,15424.44,753728.1,90.605,10.066,1.502,0.0,0.432,True,False,56.0,C,ordered-stop planning approximation,True,DERIVED,0,historic_only,uncertain,,,historic_gtfs_baseline,sakay_gtfs_master_historic,No current route validation supplied.,,,False,,historic_only,cubao__v-cruz,3.8354714984790372,265.29824561403507,0,15424.44,DERIVED,sakay_gtfs_master_historic|worldpop_phl_2020_1km
LTFRB_PUJ1990,,CUBAO - SSS VILLAGE,"General Romulo Ave / Aurora Blvd Intersection, Quezon City, Manila - Horizon St, Marikina City, Manila",725432,10.614,stop_sequence_approx,42,1.0,17.0,1020.0,1.0,gtfs_frequencies_typical_weekday,10826.28,354644.9,73.443,7.854,1.351,0.0,0.38,True,False,56.0,C,ordered-stop planning approximation,True,DERIVED,0,historic_only,uncertain,,,historic_gtfs_baseline,sakay_gtfs_master_historic,No current route validation supplied.,,,False,,historic_only,cubao__sss-village,3.95703787450537,258.8780487804878,0,10826.28,DERIVED,sakay_gtfs_master_historic|worldpop_phl_2020_1km
LTFRB_PUJ1991,,CUBAO - SSS VILLAGE,"Horizon St, Marikina City, Manila - General Romulo Ave / Aurora Blvd Intersection, Quezon City, Manila",724716,10.735,stop_sequence_approx,44,1.0,17.0,1020.0,1.0,gtfs_frequencies_typical_weekday,10949.7,354644.9,73.443,7.854,1.367,0.0,0.377,True,False,56.0,C,ordered-stop planning approximation,True,DERIVED,0,historic_only,uncertain,,,historic_gtfs_baseline,sakay_gtfs_master_historic,No current route validation supplied.,,,False,,historic_only,cubao__sss-village,4.098742431299488,249.65116279069767,0,10949.7,DERIVED,sakay_gtfs_master_historic|worldpop_phl_2020_1km
LTFRB_PUJ1992,,CUBAO - SILANGANAN,"Aurora Blvd, Quezon City, Manila - Fortune Tobacco Corporation, Marikina City, Manila",725080,9.76,stop_sequence_approx,33,1.0,17.0,1020.0,1.0,gtfs_frequencies_typical_weekday,9955.2,386027.4,71.805,8.679,1.125,0.0,1.429,True,False,56.0,C,ordered-stop planning approximation,True,DERIVED,0,historic_only,uncertain,,,historic_gtfs_baseline,sakay_gtfs_master_historic,No current route validation supplied.,,,False,,historic_only,cubao__silanganan,3.3811475409836067,305.0,0,9955.2,DERIVED,sakay_gtfs_master_historic|worldpop_phl_2020_1km
LTFRB_PUJ1993,,CUBAO - SILANGANAN,"Fortune Tobacco Corporation, Marikina City, Manila - Aurora Blvd, Quezon City, Manila",725345,9.547,stop_sequence_approx,32,1.0,17.0,1020.0,1.0,gtfs_frequencies_typical_weekday,9737.94,386027.4,71.805,8.679,1.1,0.0,1.429,True,False,56.0,C,ordered-stop planning approximation,True,DERIVED,0,historic_only,uncertain,,,historic_gtfs_baseline,sakay_gtfs_master_historic,No current route validation supplied.,,,False,,historic_only,cubao__silanganan,3.351838273803289,307.96774193548384,0,9737.94,DERIVED,sakay_gtfs_master_historic|worldpop_phl_2020_1km
LTFRB_PUJ1994,,CUBAO - REMEDIOS,"Taft Ave, Manila - Aurora Blvd, Quezon City, Manila",725202,12.391,stop_sequence_approx,46,1.0,17.0,1020.0,1.0,gtfs_frequencies_typical_weekday,12638.82,761141.7,91.865,9.221,1.344,0.0,0.448,True,False,56.0,C,ordered-stop planning approximation,True,DERIVED,0,historic_only,uncertain,,,historic_gtfs_baseline,sakay_gtfs_master_historic,No current route validation supplied.,,,False,,historic_only,cubao__remedios,3.7123718828181747,275.35555555555555,0,12638.82,DERIVED,sakay_gtfs_master_historic|worldpop_phl_2020_1km
LTFRB_PUJ1995,,CUBAO - REMEDIOS,"Aurora Blvd, Quezon City, Manila - Remedios / Antonio Vasquez Intersection, Manila",725388,13.241,stop_sequence_approx,50,1.0,17.0,1020.0,1.0,gtfs_frequencies_typical_weekday,13505.82,761141.7,91.865,9.392,1.41,0.0,0.432,True,False,56.0,C,ordered-stop planning approximation,True,DERIVED,0,historic_only,uncertain,,,historic_gtfs_baseline,sakay_gtfs_master_historic,No current route validation supplied.,,,False,,historic_only,cubao__remedios,3.776149837625557,270.2244897959184,0,13505.82,DERIVED,sakay_gtfs_master_historic|worldpop_phl_2020_1km
LTFRB_PUJ1996,,CUBAO - QUIAPO,"Quezon Blvd, Manila - General Romulo Ave / Aurora Blvd Intersection, Quezon City, Manila",725929,9.05,stop_sequence_approx,31,1.0,17.0,1020.0,1.0,gtfs_frequencies_typical_weekday,9231.0,628300.8,94.003,8.116,1.115,0.0,0.853,True,False,56.0,C,ordered-stop planning approximation,True,DERIVED,0,historic_only,uncertain,,,historic_gtfs_baseline,sakay_gtfs_master_historic,No current route validation supplied.,,,False,,historic_only,cubao__quiapo,3.4254143646408837,301.6666666666667,0,9231.0,DERIVED,sakay_gtfs_master_historic|worldpop_phl_2020_1km
LTFRB_PUJ1999,,CUBAO - PARANG,"Gen. B. G. Molina St, Marikina City, Manila - Aurora Blvd / General Aguinaldo Ave Intersection, Quezon City, Manila",726043,8.467,stop_sequence_approx,34,1.0,17.0,1020.0,1.0,gtfs_frequencies_typical_weekday,8636.34,338926.3,84.2,7.507,1.128,0.0,0.374,True,False,56.0,C,ordered-stop planning approximation,True,DERIVED,0,historic_only,uncertain,,,historic_gtfs_baseline,sakay_gtfs_master_historic,No current route validation supplied.,,,False,,historic_only,cubao__parang,4.015589937404039,256.57575757575756,0,8636.34,DERIVED,sakay_gtfs_master_historic|worldpop_phl_2020_1km
LTFRB_PUJ2000,,CUBAO - PADILLA,"Un-named road near Marcos Hwy, Antipolo City, Manila - General Romulo Ave / Aurora Blvd Intersection, Quezon City, Manila",724827,15.954,stop_sequence_approx,65,1.0,17.0,1020.0,1.0,gtfs_frequencies_typical_weekday,16273.08,390887.4,50.765,14.348,1.112,0.0,0.44,True,False,56.0,C,ordered-stop planning approximation,True,DERIVED,0,historic_only,uncertain,,,historic_gtfs_baseline,sakay_gtfs_master_historic,No current route validation supplied.,,,False,,historic_only,cubao__padilla,4.074213363419831,249.28125,0,16273.08,DERIVED,sakay_gtfs_master_historic|worldpop_phl_2020_1km
LTFRB_PUJ2001,,CUBAO - PADILLA,"General Romulo Ave / Aurora Blvd Intersection, Quezon City, Manila - Un-named road near Marcos Hwy, Antipolo City, Manila",724971,16.046,stop_sequence_approx,66,1.0,17.0,1020.0,1.0,gtfs_frequencies_typical_weekday,16366.92,389777.9,50.91,14.348,1.118,0.0,0.44,True,False,56.0,C,ordered-stop planning approximation,True,DERIVED,0,historic_only,uncertain,,,historic_gtfs_baseline,sakay_gtfs_master_historic,No current route validation supplied.,,,False,,historic_only,cubao__padilla,4.113174622958993,246.86153846153846,0,16366.92,DERIVED,sakay_gtfs_master_historic|worldpop_phl_2020_1km
LTFRB_PUJ2002,,CUBAO - MONTALBAN,"Aurora Blvd, Quezon City, Manila - MH del Pilar Street, Rodriguez",725972,21.809,stop_sequence_approx,90,1.0,17.0,1020.0,1.0,gtfs_frequencies_typical_weekday,22245.18,570299.4,65.558,15.702,1.389,0.0,0.44,True,False,56.0,C,ordered-stop planning approximation,True,DERIVED,2,historic_only,uncertain,,,historic_gtfs_baseline,sakay_gtfs_master_historic,No current route validation supplied.,,,False,,historic_only,cubao__montalban,4.126736668347929,245.04494382022472,0,22245.18,DERIVED,sakay_gtfs_master_historic|worldpop_phl_2020_1km
LTFRB_PUJ2003,,CUBAO - MONTALBAN,"Montalban Highway / D. Marcelo Street Intersection near Montalban Town Centre, Rodriguez - Aurora Blvd, Quezon City, Manila",724779,19.551,stop_sequence_approx,78,1.0,17.0,1020.0,1.0,gtfs_frequencies_typical_weekday,19942.02,563618.2,69.512,14.014,1.395,0.0,0.656,True,False,56.0,C,ordered-stop planning approximation,True,DERIVED,2,historic_only,uncertain,,,historic_gtfs_baseline,sakay_gtfs_master_historic,No current route validation supplied.,,,False,,historic_only,cubao__montalban,3.9895657511124756,253.9090909090909,0,19942.02,DERIVED,sakay_gtfs_master_historic|worldpop_phl_2020_1km
LTFRB_PUJ2004,,CUBAO - KALUMPANG,"J. P. Rizal St, Marikina City, Manila - General Romulo Ave / Aurora Blvd Intersection, Quezon City, Manila",725293,8.161,stop_sequence_approx,38,1.0,17.0,1020.0,2.0,gtfs_frequencies_typical_weekday,8324.22,291019.1,67.106,4.104,1.989,0.0,0.351,True,False,56.0,C,ordered-stop planning approximation,True,DERIVED,0,historic_only,uncertain,,,historic_gtfs_baseline,sakay_gtfs_master_historic,No current route validation supplied.,,,False,,historic_only,cubao__kalumpang,4.656292121063595,220.56756756756758,0,8324.22,DERIVED,sakay_gtfs_master_historic|worldpop_phl_2020_1km
LTFRB_PUJ2005,,CUBAO - KALUMPANG,"General Romulo Ave / Aurora Blvd Intersection, Quezon City, Manila - J. P. Rizal St, Marikina City, Manila",725756,7.437,stop_sequence_approx,32,1.0,17.0,1020.0,2.0,gtfs_frequencies_typical_weekday,7585.740000000001,275874.9,65.3,4.104,1.812,0.0,0.351,True,False,56.0,C,ordered-stop planning approximation,True,DERIVED,0,historic_only,uncertain,,,historic_gtfs_baseline,sakay_gtfs_master_historic,No current route validation supplied.,,,False,,historic_only,cubao__kalumpang,4.302810272959526,239.90322580645162,0,7585.740000000001,DERIVED,sakay_gtfs_master_historic|worldpop_phl_2020_1km
LTFRB_PUJ2006,,CUBAO - CALUMPANG via H ROXAS,"General Romulo Ave / Aurora Blvd Intersection, Quezon City, Manila - J. P. Rizal St, Marikina City, Manila",724855,7.509,stop_sequence_approx,33,1.0,17.0,1020.0,2.0,gtfs_frequencies_typical_weekday,7659.18,275874.9,65.3,4.104,1.83,0.0,0.418,True,False,56.0,C,ordered-stop planning approximation,True,DERIVED,0,historic_only,uncertain,,,historic_gtfs_baseline,sakay_gtfs_master_historic,No current route validation supplied.,,,False,,historic_only,calumpang__cubao,4.394726328405913,234.65625,0,7659.18,DERIVED,sakay_gtfs_master_historic|worldpop_phl_2020_1km
LTFRB_PUJ2008,,CRAME - SAN JUAN via PINAGLABANAN,"N.Domingo,  San Juan, Manila - Santolan Rd, Quezon City, Manila",724963,3.112,stop_sequence_approx,7,1.0,17.0,1020.0,2.0,gtfs_frequencies_typical_weekday,3174.24,163548.2,69.674,2.931,1.062,0.0,1.566,True,False,44.0,D,ordered-stop planning approximation | few representative stops,True,DERIVED,0,historic_only,uncertain,,,historic_gtfs_baseline,sakay_gtfs_master_historic,No current route validation supplied.,,,False,,historic_only,crame__san-juan,2.2493573264781492,518.6666666666666,0,3174.24,DERIVED,sakay_gtfs_master_historic|worldpop_phl_2020_1km
LTFRB_PUJ2009,,CRAME - SAN JUAN via PINAGLABANAN,"Santolan Rd, Quezon City, Manila - N.Domingo,  San Juan, Manila",725952,3.112,stop_sequence_approx,7,1.0,17.0,1020.0,1.0,gtfs_frequencies_typical_weekday,3174.24,163548.2,69.674,2.931,1.062,0.0,1.566,True,False,44.0,D,ordered-stop planning approximation | few representative stops,True,DERIVED,0,historic_only,uncertain,,,historic_gtfs_baseline,sakay_gtfs_master_historic,No current route validation supplied.,,,False,,historic_only,crame__san-juan,2.2493573264781492,518.6666666666666,0,3174.24,DERIVED,sakay_gtfs_master_historic|worldpop_phl_2020_1km
LTFRB_PUJ2010,,COMMONWEALTH MARKET - PABAHAY NI ERAP,"Commonwealth Avenue, Quezon City - Un- named Road, Rodriguez",725406,11.967,stop_sequence_approx,60,1.0,17.0,1020.0,1.0,gtfs_frequencies_typical_weekday,12206.34,452054.2,86.805,8.992,1.331,0.0,0.448,True,False,56.0,C,ordered-stop planning approximation,True,DERIVED,0,historic_only,uncertain,,,historic_gtfs_baseline,sakay_gtfs_master_historic,No current route validation supplied.,,,False,,historic_only,commonwealth-market__pabahay-ni-erap,5.01378791677112,202.83050847457628,0,12206.34,DERIVED,sakay_gtfs_master_historic|worldpop_phl_2020_1km
LTFRB_PUJ2011,,COMMONWEALTH MARKET - PABAHAY NI ERAP,"Un- named Road, Rodriguez - Commonwealth Avenue, Quezon City",726059,12.691,stop_sequence_approx,62,1.0,17.0,1020.0,1.0,gtfs_frequencies_typical_weekday,12944.820000000002,452054.2,86.805,8.992,1.411,0.0161,0.448,True,True,48.0,D,ordered-stop planning approximation | self-intersection detected,True,DERIVED,0,historic_only,uncertain,,,historic_gtfs_baseline,sakay_gtfs_master_historic,No current route validation supplied.,,,False,,historic_only,commonwealth-market__pabahay-ni-erap,4.885351824127334,208.04918032786884,0,12944.820000000002,DERIVED,sakay_gtfs_master_historic|worldpop_phl_2020_1km
LTFRB_PUJ2012,,CAMARIN - SM FAIRVIEW MALIGAYA,"Robinsons Nova Supermarket, Quirino Highway, Caloocan City, Manila - Camarin Road / Ilang - Ilang Intersection, Caloocan City",724650,5.415,stop_sequence_approx,26,1.0,17.0,1020.0,1.0,gtfs_frequencies_typical_weekday,5523.3,261277.5,82.841,2.247,2.41,0.0,0.325,True,False,56.0,C,ordered-stop planning approximation,True,DERIVED,4,historic_only,uncertain,,,historic_gtfs_baseline,sakay_gtfs_master_historic,No current route validation supplied.,,,False,,historic_only,camarin__sm-fairview-maligaya,4.801477377654663,216.6,0,5523.3,DERIVED,sakay_gtfs_master_historic|worldpop_phl_2020_1km
LTFRB_PUJ2013,,CAMARIN - SM FAIRVIEW MALIGAYA,"Camarin Road / Ilang - Ilang Intersection, Caloocan City - Robinsons Nova Supermarket, Quirino Highway, Caloocan City, Manila",725939,2.821,stop_sequence_approx,14,1.0,17.0,1020.0,1.0,gtfs_frequencies_typical_weekday,2877.42,212376.0,94.858,2.247,1.255,0.0,0.288,True,False,56.0,C,ordered-stop planning approximation,True,DERIVED,1,historic_only,uncertain,,,historic_gtfs_baseline,sakay_gtfs_master_historic,No current route validation supplied.,,,False,,historic_only,camarin__sm-fairview-maligaya,4.962779156327543,217.0,0,2877.42,DERIVED,sakay_gtfs_master_historic|worldpop_phl_2020_1km
LTFRB_PUJ2014,,CAMARIN - QMC PHILCOA,"Quezon Avenue, Quezon City - Camarin Road / Ilang - Ilang Intersection, Caloocan City",725761,16.948,stop_sequence_approx,67,1.0,17.0,1020.0,1.0,gtfs_frequencies_typical_weekday,17286.96,653139.3,77.654,11.892,1.425,0.0,0.55,True,False,56.0,C,ordered-stop planning approximation,True,DERIVED,1,historic_only,uncertain,,,historic_gtfs_baseline,sakay_gtfs_master_historic,No current route validation supplied.,,,False,,historic_only,camarin__qmc-philcoa,3.953268822279915,256.7878787878788,0,17286.96,DERIVED,sakay_gtfs_master_historic|worldpop_phl_2020_1km
LTFRB_PUJ2015,,CAMARIN - QMC PHILCOA,"Camarin Road / Ilang - Ilang Intersection, Caloocan City - Quezon Avenue, Quezon City",725936,18.123,stop_sequence_approx,74,1.0,17.0,1020.0,1.0,gtfs_frequencies_typical_weekday,18485.460000000003,681802.6,76.588,11.892,1.524,0.0,0.48,True,False,56.0,C,ordered-stop planning approximation,True,DERIVED,3,historic_only,uncertain,,,historic_gtfs_baseline,sakay_gtfs_master_historic,No current route validation supplied.,,,False,,historic_only,camarin__qmc-philcoa,4.083209181702808,248.26027397260273,0,18485.460000000003,DERIVED,sakay_gtfs_master_historic|worldpop_phl_2020_1km
LTFRB_PUJ2016,,CAMARIN - NOVALICHES BAYAN,"Topaz, Caloocan City - Camarin Road / Ilang - Ilang Intersection, Caloocan City",725917,5.794,stop_sequence_approx,28,1.0,17.0,1020.0,1.0,gtfs_frequencies_typical_weekday,5909.879999999999,262540.4,72.803,4.155,1.394,0.0,0.328,True,False,56.0,C,ordered-stop planning approximation,True,DERIVED,0,historic_only,uncertain,,,historic_gtfs_baseline,sakay_gtfs_master_historic,No current route validation supplied.,,,False,,historic_only,camarin__novaliches-bayan,4.832585433206766,214.59259259259258,0,5909.879999999999,DERIVED,sakay_gtfs_master_historic|worldpop_phl_2020_1km
LTFRB_PUJ2017,,CAMARIN - NOVALICHES BAYAN,"Camarin Road / Ilang - Ilang Intersection, Caloocan City - Topaz, Caloocan City",724797,5.665,stop_sequence_approx,27,1.0,17.0,1020.0,1.0,gtfs_frequencies_typical_weekday,5778.3,262540.4,72.803,4.155,1.363,0.0,0.328,True,False,56.0,C,ordered-stop planning approximation,True,DERIVED,0,historic_only,uncertain,,,historic_gtfs_baseline,sakay_gtfs_master_historic,No current route validation supplied.,,,False,,historic_only,camarin__novaliches-bayan,4.766107678729038,217.8846153846154,0,5778.3,DERIVED,sakay_gtfs_master_historic|worldpop_phl_2020_1km
LTFRB_PUJ2018,,CALUMPANG - KATIPUNAN,"J. P. Rizal St, Marikina City, Manila - St. Bridget School, Quezon City, Manila",724633,5.006,stop_sequence_approx,23,1.0,17.0,1020.0,1.0,gtfs_frequencies_typical_weekday,5106.12,173253.7,44.747,2.407,2.08,0.0,0.335,True,False,56.0,C,ordered-stop planning approximation,True,DERIVED,0,historic_only,uncertain,,,historic_gtfs_baseline,sakay_gtfs_master_historic,No current route validation supplied.,,,False,,historic_only,calumpang__katipunan,4.594486616060727,227.54545454545453,0,5106.12,DERIVED,sakay_gtfs_master_historic|worldpop_phl_2020_1km
LTFRB_PUJ2019,,CALUMPANG - KATIPUNAN,"St. Bridget School, Quezon City, Manila - J. P. Rizal St, Marikina City, Manila",725724,4.298,stop_sequence_approx,19,1.0,17.0,1020.0,1.0,gtfs_frequencies_typical_weekday,4383.96,158109.5,39.454,2.407,1.785,0.0,0.335,True,False,56.0,C,ordered-stop planning approximation,True,DERIVED,0,historic_only,uncertain,,,historic_gtfs_baseline,sakay_gtfs_master_historic,No current route validation supplied.,,,False,,historic_only,calumpang__katipunan,4.420660772452304,238.77777777777777,0,4383.96,DERIVED,sakay_gtfs_master_historic|worldpop_phl_2020_1km
LTFRB_PUJ2020,,CAINTA - CUBAO,"Elementary School, Cainta, Manila - APAC Customer Services, Inc., P. Tuazon Blvd, Quezon City, Manila",725854,13.541,stop_sequence_approx,50,1.0,17.0,1020.0,1.0,gtfs_frequencies_typical_weekday,13811.82,482728.1,68.027,8.214,1.649,0.02,0.647,True,True,48.0,D,ordered-stop planning approximation | self-intersection detected,True,DERIVED,0,historic_only,uncertain,,,historic_gtfs_baseline,sakay_gtfs_master_historic,No current route validation supplied.,,,False,,historic_only,cainta__cubao,3.692489476404992,276.3469387755102,0,13811.82,DERIVED,sakay_gtfs_master_historic|worldpop_phl_2020_1km
LTFRB_PUJ2021,,CAINTA - CUBAO,"APAC Customer Services, Inc., P. Tuazon Blvd, Quezon City, Manila - Elementary School, Cainta, Manila",726313,11.959,stop_sequence_approx,45,1.0,17.0,1020.0,1.0,gtfs_frequencies_typical_weekday,12198.18,465558.0,70.536,8.214,1.456,0.0,0.52,True,False,56.0,C,ordered-stop planning approximation,True,DERIVED,0,historic_only,uncertain,,,historic_gtfs_baseline,sakay_gtfs_master_historic,No current route validation supplied.,,,False,,historic_only,cainta__cubao,3.7628564261225854,271.79545454545456,0,12198.18,DERIVED,sakay_gtfs_master_historic|worldpop_phl_2020_1km
LTFRB_PUJ2022,,CAINTA - ANGONO via BINANGONAN,"Quezon Ave, Angono, Manila - Bonifacio Ave, Cainta, Manila",726121,8.698,stop_sequence_approx,35,1.0,17.0,1020.0,1.0,gtfs_frequencies_typical_weekday,8871.960000000001,232990.4,53.877,8.066,1.078,0.0,0.687,True,False,56.0,C,ordered-stop planning approximation,True,DERIVED,1,historic_only,uncertain,,,historic_gtfs_baseline,sakay_gtfs_master_historic,No current route validation supplied.,,,False,,historic_only,angono__cainta,4.023913543343297,255.8235294117647,0,8871.960000000001,DERIVED,sakay_gtfs_master_historic|worldpop_phl_2020_1km
LTFRB_PUJ2023,,CAINTA - ANGONO via BINANGONAN,"Ortigas Avenue Extension, Cainta, Manila - Quezon Ave, Angono, Manila",724783,10.062,stop_sequence_approx,53,1.0,17.0,1020.0,1.0,gtfs_frequencies_typical_weekday,10263.24,274471.5,54.592,8.085,1.245,0.0,0.52,True,False,56.0,C,ordered-stop planning approximation,True,DERIVED,0,historic_only,uncertain,,,historic_gtfs_baseline,sakay_gtfs_master_historic,No current route validation supplied.,,,False,,historic_only,angono__cainta,5.267342476644803,193.5,0,10263.24,DERIVED,sakay_gtfs_master_historic|worldpop_phl_2020_1km
LTFRB_PUJ2024,,CAINTA - ANGONO (ONE WAY ONLY),"Quezon Ave, Angono, Manila - Bonifacio Ave / ML Quezon St, Cainta, Manila",725753,8.752,stop_sequence_approx,35,1.0,17.0,1020.0,1.0,gtfs_frequencies_typical_weekday,8927.04,222898.4,51.371,7.561,1.158,0.0,0.415,True,False,56.0,C,ordered-stop planning approximation,True,DERIVED,2,historic_only,uncertain,,,historic_gtfs_baseline,sakay_gtfs_master_historic,No current route validation supplied.,,,False,,historic_only,angono-one-way-only__cainta,3.99908592321755,257.4117647058824,0,8927.04,DERIVED,sakay_gtfs_master_historic|worldpop_phl_2020_1km
LTFRB_PUJ2025,,BUENDIA LRT TAFT - MALL OF ASIA,"Marina Way, Lungsod ng Pasay - Senator Gil Puyat Ave, Lungsod ng Pasay, Manila",724852,3.075,stop_sequence_approx,6,1.0,17.0,1020.0,1.0,gtfs_frequencies_typical_weekday,3136.5,77945.4,75.444,2.54,1.211,0.0,1.637,True,False,44.0,D,ordered-stop planning approximation | few representative stops,True,DERIVED,0,historic_only,uncertain,,,historic_gtfs_baseline,sakay_gtfs_master_historic,No current route validation supplied.,,,False,,historic_only,buendia-lrt-taft__mall-of-asia,1.951219512195122,615.0,0,3136.5,DERIVED,sakay_gtfs_master_historic|worldpop_phl_2020_1km
LTFRB_PUJ2026,,BUENDIA LRT TAFT - MALL OF ASIA,"Senator Gil Puyat Ave, Lungsod ng Pasay, Manila - Marina Way, Lungsod ng Pasay",724649,3.075,stop_sequence_approx,6,1.0,17.0,1020.0,1.0,gtfs_frequencies_typical_weekday,3136.5,77945.4,75.444,2.54,1.211,0.0,1.637,True,False,44.0,D,ordered-stop planning approximation | few representative stops,True,DERIVED,0,historic_only,uncertain,,,historic_gtfs_baseline,sakay_gtfs_master_historic,No current route validation supplied.,,,False,,historic_only,buendia-lrt-taft__mall-of-asia,1.951219512195122,615.0,0,3136.5,DERIVED,sakay_gtfs_master_historic|worldpop_phl_2020_1km
LTFRB_PUJ2027,,BUENDIA LRT TAFT - GUADALUPE,"Senator Gil Puyat Ave, Lungsod ng Pasay, Manila - Dr Jose P. Rizal Extension, Makati City, Manila",724639,7.289,stop_sequence_approx,22,1.0,17.0,1020.0,1.0,gtfs_frequencies_typical_weekday,7434.78,236503.8,79.846,6.378,1.143,0.0,0.54,True,False,56.0,C,ordered-stop planning approximation,True,DERIVED,0,historic_only,uncertain,,,historic_gtfs_baseline,sakay_gtfs_master_historic,No current route validation supplied.,,,False,,historic_only,buendia-lrt-taft__guadalupe,3.018246673069008,347.0952380952381,0,7434.78,DERIVED,sakay_gtfs_master_historic|worldpop_phl_2020_1km
LTFRB_PUJ2028,,BUENDIA LRT TAFT - GUADALUPE,"Coronado, Makati City, Manila - Senator Gil Puyat Ave, Makati City",725694,5.494,stop_sequence_approx,17,1.0,17.0,1020.0,1.0,gtfs_frequencies_typical_weekday,5603.88,178033.2,77.197,4.369,1.257,0.0,0.54,True,False,56.0,C,ordered-stop planning approximation,True,DERIVED,0,historic_only,uncertain,,,historic_gtfs_baseline,sakay_gtfs_master_historic,No current route validation supplied.,,,False,,historic_only,buendia-lrt-taft__guadalupe,3.0942846741900256,343.375,0,5603.88,DERIVED,sakay_gtfs_master_historic|worldpop_phl_2020_1km
LTFRB_PUJ2029,,BUENDIA LRT - SM MOA,"Jose Diokno Blvd, Lungsod ng Pasay - Senator Gil Puyat Ave, Lungsod ng Pasay, Manila",725637,4.571,stop_sequence_approx,5,1.0,17.0,1020.0,1.0,gtfs_frequencies_typical_weekday,4662.42,135576.9,91.823,2.228,2.051,0.0,1.637,True,False,44.0,D,ordered-stop planning approximation | few representative stops,True,DERIVED,0,historic_only,uncertain,,,historic_gtfs_baseline,sakay_gtfs_master_historic,No current route validation supplied.,,,False,,historic_only,buendia-lrt__sm-moa,1.0938525486764386,1142.75,0,4662.42,DERIVED,sakay_gtfs_master_historic|worldpop_phl_2020_1km
LTFRB_PUJ2030,,BUENDIA LRT - SM MOA,"Senator Gil Puyat Ave, Lungsod ng Pasay, Manila - Jose Diokno Blvd, Lungsod ng Pasay",725417,4.571,stop_sequence_approx,5,1.0,17.0,1020.0,1.0,gtfs_frequencies_typical_weekday,4662.42,135576.9,91.823,2.228,2.051,0.0,1.637,True,False,44.0,D,ordered-stop planning approximation | few representative stops,True,DERIVED,0,historic_only,uncertain,,,historic_gtfs_baseline,sakay_gtfs_master_historic,No current route validation supplied.,,,False,,historic_only,buendia-lrt__sm-moa,1.0938525486764386,1142.75,0,4662.42,DERIVED,sakay_gtfs_master_historic|worldpop_phl_2020_1km
LTFRB_PUJ2031,,BUENDIA KALAYAAN - F BONIFACIO,"Senator Gil Puyat Ave, Lungsod ng Pasay, Manila - Kalayaan Ave, Makati City, Manila",724832,7.064,stop_sequence_approx,21,1.0,17.0,1020.0,1.0,gtfs_frequencies_typical_weekday,7205.28,190871.8,77.764,6.115,1.155,0.0,0.558,True,False,56.0,C,ordered-stop planning approximation,True,DERIVED,0,historic_only,uncertain,,,historic_gtfs_baseline,sakay_gtfs_master_historic,No current route validation supplied.,,,False,,historic_only,buendia-kalayaan__f-bonifacio,2.97281993204983,353.2,0,7205.28,DERIVED,sakay_gtfs_master_historic|worldpop_phl_2020_1km
LTFRB_PUJ2032,,BUENDIA KALAYAAN - F BONIFACIO,"Kalayaan Ave, Makati City, Manila - Senator Gil Puyat Ave / Washington Intersection, Makati City",725190,5.162,stop_sequence_approx,17,1.0,17.0,1020.0,1.0,gtfs_frequencies_typical_weekday,5265.24,117033.6,63.736,4.545,1.136,0.0,0.54,True,False,56.0,C,ordered-stop planning approximation,True,DERIVED,0,historic_only,uncertain,,,historic_gtfs_baseline,sakay_gtfs_master_historic,No current route validation supplied.,,,False,,historic_only,buendia-kalayaan__f-bonifacio,3.2932971716389,322.625,0,5265.24,DERIVED,sakay_gtfs_master_historic|worldpop_phl_2020_1km
LTFRB_PUJ2033,,BONI - STOP N SHOP,"Boni Ave / Epifanio de los Santos Avenue Intersection, Mandaluyong City, Manila - Paltok / Ramon Magsaysay Blvd Intersection, Manila",725559,6.823,stop_sequence_approx,22,1.0,17.0,1020.0,1.0,gtfs_frequencies_typical_weekday,6959.46,525252.5,100.0,5.342,1.277,0.0,0.54,True,False,56.0,C,ordered-stop planning approximation,True,DERIVED,0,historic_only,uncertain,,,historic_gtfs_baseline,sakay_gtfs_master_historic,No current route validation supplied.,,,False,,historic_only,boni__stop-n-shop,3.2243880990766525,324.9047619047619,0,6959.46,DERIVED,sakay_gtfs_master_historic|worldpop_phl_2020_1km
LTFRB_PUJ2034,,BONI - STOP N SHOP,"Paltok / Ramon Magsaysay Blvd Intersection, Manila - Boni Ave / Epifanio de los Santos Avenue Intersection, Mandaluyong City, Manila",725288,6.896,stop_sequence_approx,22,1.0,17.0,1020.0,1.0,gtfs_frequencies_typical_weekday,7033.92,525252.5,100.0,5.342,1.291,0.0,0.54,True,False,56.0,C,ordered-stop planning approximation,True,DERIVED,0,historic_only,uncertain,,,historic_gtfs_baseline,sakay_gtfs_master_historic,No current route validation supplied.,,,False,,historic_only,boni__stop-n-shop,3.1902552204176335,328.3809523809524,0,7033.92,DERIVED,sakay_gtfs_master_historic|worldpop_phl_2020_1km
LTFRB_PUJ2035,,BONI - KALENTONG,"MRT-3 Boni Ave Station , Epifanio de los Santos Ave / Pinatubo, Makati City, Manila - Daang Bakal / New Panaderos Extension Intersection, Manila",724953,3.655,stop_sequence_approx,10,1.0,17.0,1020.0,1.0,gtfs_frequencies_typical_weekday,3728.1,373725.1,100.0,3.154,1.159,0.0,0.686,True,False,44.0,D,ordered-stop planning approximation | few representative stops,True,DERIVED,1,historic_only,uncertain,,,historic_gtfs_baseline,sakay_gtfs_master_historic,No current route validation supplied.,,,False,,historic_only,boni__kalentong,2.735978112175103,406.1111111111111,0,3728.1,DERIVED,sakay_gtfs_master_historic|worldpop_phl_2020_1km
LTFRB_PUJ2036,,BONI - KALENTONG,"Daang Bakal / New Panaderos Extension Intersection, Manila - Boni Ave / Epifanio de los Santos Avenue Intersection, Mandaluyong City, Manila",725512,5.022,stop_sequence_approx,16,1.0,17.0,1020.0,1.0,gtfs_frequencies_typical_weekday,5122.4400000000005,443375.2,100.0,3.134,1.602,0.0,0.54,True,False,56.0,C,ordered-stop planning approximation,True,DERIVED,1,historic_only,uncertain,,,historic_gtfs_baseline,sakay_gtfs_master_historic,No current route validation supplied.,,,False,,historic_only,boni__kalentong,3.1859816806053365,334.8,0,5122.4400000000005,DERIVED,sakay_gtfs_master_historic|worldpop_phl_2020_1km
LTFRB_PUJ2037,,BLUMENTRITT - REMEDIOS via QUIAPO,"Taft Ave, Manila - Andres Bonifacio / Ferdinand Blumentritt Intersection, Quezon City",725597,6.441,stop_sequence_approx,28,1.0,17.0,1020.0,1.0,gtfs_frequencies_typical_weekday,6569.82,394093.4,91.869,5.732,1.124,0.0,0.405,True,False,56.0,C,ordered-stop planning approximation,True,DERIVED,0,historic_only,uncertain,,,historic_gtfs_baseline,sakay_gtfs_master_historic,No current route validation supplied.,,,False,,historic_only,blumentritt__remedios,4.347151063499457,238.55555555555554,0,6569.82,DERIVED,sakay_gtfs_master_historic|worldpop_phl_2020_1km
LTFRB_PUJ2038,,BLUMENTRITT - REMEDIOS via QUIAPO,"Andres Bonifacio / Ferdinand Blumentritt Intersection, Quezon City - Taft Ave, Manila",726152,6.829,stop_sequence_approx,28,1.0,17.0,1020.0,1.0,gtfs_frequencies_typical_weekday,6965.58,394093.4,91.869,5.732,1.191,0.0,0.405,True,False,56.0,C,ordered-stop planning approximation,True,DERIVED,0,historic_only,uncertain,,,historic_gtfs_baseline,sakay_gtfs_master_historic,No current route validation supplied.,,,False,,historic_only,blumentritt__remedios,4.100161077756626,252.92592592592592,0,6965.58,DERIVED,sakay_gtfs_master_historic|worldpop_phl_2020_1km
LTFRB_PUJ2039,,BLUMENTRITT - QUIAPO,"Quezon Blvd, Manila - Dimasalang / Aurora Boulevard Intersection, Quezon City",725450,3.207,stop_sequence_approx,15,1.0,17.0,1020.0,1.0,gtfs_frequencies_typical_weekday,3271.14,261252.5,97.013,2.981,1.076,0.0,0.354,True,False,56.0,C,ordered-stop planning approximation,True,DERIVED,0,historic_only,uncertain,,,historic_gtfs_baseline,sakay_gtfs_master_historic,No current route validation supplied.,,,False,,historic_only,blumentritt__quiapo,4.677268475210477,229.07142857142858,0,3271.14,DERIVED,sakay_gtfs_master_historic|worldpop_phl_2020_1km
LTFRB_PUJ2040,,BLUMENTRITT - QUIAPO,"Andres Bonifacio / Ferdinand Blumentritt Intersection, Quezon City - Quezon Blvd, Manila",725422,3.804,stop_sequence_approx,17,1.0,17.0,1020.0,1.0,gtfs_frequencies_typical_weekday,3880.08,261252.5,97.013,3.23,1.178,0.0,0.354,True,False,56.0,C,ordered-stop planning approximation,True,DERIVED,0,historic_only,uncertain,,,historic_gtfs_baseline,sakay_gtfs_master_historic,No current route validation supplied.,,,False,,historic_only,blumentritt__quiapo,4.468980021030495,237.75,0,3880.08,DERIVED,sakay_gtfs_master_historic|worldpop_phl_2020_1km
LTFRB_PUJ2041,,BLUMENTRITT - PUC,"Dimasalang / Aurora Boulevard Intersection, Quezon City - St Francis of Assisi Parish Church, Roxas, Quirino Highway, Quezon City",726010,7.561,stop_sequence_approx,40,1.0,17.0,1020.0,1.0,gtfs_frequencies_typical_weekday,7712.22,462111.9,97.681,6.752,1.12,0.0,0.391,True,False,56.0,C,ordered-stop planning approximation,True,DERIVED,0,historic_only,uncertain,,,historic_gtfs_baseline,sakay_gtfs_master_historic,No current route validation supplied.,,,False,,historic_only,blumentritt__puc,5.2903055151434994,193.87179487179486,0,7712.22,DERIVED,sakay_gtfs_master_historic|worldpop_phl_2020_1km
LTFRB_PUJ2042,,BLUMENTRITT - PUC,"St Francis of Assisi Parish Church, Roxas, Quirino Highway, Quezon City - Dimasalang / Aurora Boulevard Intersection, Quezon City",725410,7.902,stop_sequence_approx,41,1.0,17.0,1020.0,1.0,gtfs_frequencies_typical_weekday,8060.04,462111.9,97.681,6.752,1.17,0.0,0.391,True,False,56.0,C,ordered-stop planning approximation,True,DERIVED,0,historic_only,uncertain,,,historic_gtfs_baseline,sakay_gtfs_master_historic,No current route validation supplied.,,,False,,historic_only,blumentritt__puc,5.188559858263731,197.55,0,8060.04,DERIVED,sakay_gtfs_master_historic|worldpop_phl_2020_1km
LTFRB_PUJ2043,,BLUMENTRITT - PIER SOUTH via STA CRUZ,"Padre Burgos St / Padre Burgos Street Intersection, Manila - Light Rail Transportation / New Antipolo, Quezon City",725149,4.852,stop_sequence_approx,24,1.0,17.0,1020.0,1.0,gtfs_frequencies_typical_weekday,4949.04,324683.1,89.751,4.444,1.092,0.0,0.37,True,False,56.0,C,ordered-stop planning approximation,True,DERIVED,0,historic_only,uncertain,,,historic_gtfs_baseline,sakay_gtfs_master_historic,No current route validation supplied.,,,False,,historic_only,blumentritt__pier-south,4.9464138499587795,210.95652173913044,0,4949.04,DERIVED,sakay_gtfs_master_historic|worldpop_phl_2020_1km
LTFRB_PUJ2044,,BLUMENTRITT - PIER SOUTH via STA CRUZ,"Light Rail Transportation / New Antipolo, Quezon City - 25th St / Antonio C. Delgado Intersection, Manila",725919,5.222,stop_sequence_approx,25,1.0,17.0,1020.0,1.0,gtfs_frequencies_typical_weekday,5326.4400000000005,340991.6,92.603,4.394,1.188,0.0,0.37,True,False,56.0,C,ordered-stop planning approximation,True,DERIVED,0,historic_only,uncertain,,,historic_gtfs_baseline,sakay_gtfs_master_historic,No current route validation supplied.,,,False,,historic_only,blumentritt__pier-south,4.787437763309077,217.58333333333334,0,5326.4400000000005,DERIVED,sakay_gtfs_master_historic|worldpop_phl_2020_1km
LTFRB_PUJ2045,,BLUMENTRITT - PASAY RTDA via STA CRUZ L GUINTO,"Taft Ave, Lungsod ng Pasay - Light Rail Transportation / New Antipolo, Quezon City",726394,9.893,stop_sequence_approx,35,1.0,17.0,1020.0,1.0,gtfs_frequencies_typical_weekday,10090.86,672784.0,92.395,9.354,1.058,0.0286,0.583,True,True,48.0,D,ordered-stop planning approximation | self-intersection detected,True,DERIVED,0,historic_only,uncertain,,,historic_gtfs_baseline,sakay_gtfs_master_historic,No current route validation supplied.,,,False,,historic_only,blumentritt__pasay-rtda,3.5378550490245626,290.97058823529414,0,10090.86,DERIVED,sakay_gtfs_master_historic|worldpop_phl_2020_1km
LTFRB_PUJ2046,,BLUMENTRITT - PASAY RTDA via STA CRUZ L GUINTO,"Light Rail Transportation / New Antipolo, Quezon City - Taft Ave, Lungsod ng Pasay",725028,10.105,stop_sequence_approx,36,1.0,17.0,1020.0,1.0,gtfs_frequencies_typical_weekday,10307.1,672784.0,92.395,9.354,1.08,0.0,0.583,True,False,56.0,C,ordered-stop planning approximation,True,DERIVED,0,historic_only,uncertain,,,historic_gtfs_baseline,sakay_gtfs_master_historic,No current route validation supplied.,,,False,,historic_only,blumentritt__pasay-rtda,3.562592775853538,288.7142857142857,0,10307.1,DERIVED,sakay_gtfs_master_historic|worldpop_phl_2020_1km
LTFRB_PUJ2047,,BLUMENTRITT - PASAY RTDA via QUIAPO,"Taft Ave, Lungsod ng Pasay - Dimasalang / Aurora Boulevard Intersection, Quezon City",726074,10.291,stop_sequence_approx,36,1.0,17.0,1020.0,1.0,gtfs_frequencies_typical_weekday,10496.82,634825.7,91.941,9.391,1.096,0.0,0.583,True,False,56.0,C,ordered-stop planning approximation,True,DERIVED,0,historic_only,uncertain,,,historic_gtfs_baseline,sakay_gtfs_master_historic,No current route validation supplied.,,,False,,historic_only,blumentritt__pasay-rtda,3.4982023127004176,294.0285714285714,0,10496.82,DERIVED,sakay_gtfs_master_historic|worldpop_phl_2020_1km
LTFRB_PUJ2048,,BLUMENTRITT - PASAY RTDA via QUIAPO,"Dimasalang / Aurora Boulevard Intersection, Quezon City - Taft Ave, Lungsod ng Pasay",725997,10.392,stop_sequence_approx,37,1.0,17.0,1020.0,1.0,gtfs_frequencies_typical_weekday,10599.84,634825.7,91.941,9.391,1.107,0.0,0.583,True,False,56.0,C,ordered-stop planning approximation,True,DERIVED,0,historic_only,uncertain,,,historic_gtfs_baseline,sakay_gtfs_master_historic,No current route validation supplied.,,,False,,historic_only,blumentritt__pasay-rtda,3.5604311008468055,288.6666666666667,0,10599.84,DERIVED,sakay_gtfs_master_historic|worldpop_phl_2020_1km
LTFRB_PUJ2049,,BLUMENTRITT - PASAY RTDA via MABINI,"Epifanio de los Santos Avenue / F.B. Harrison St Intersection, Lungsod ng Pasay - Light Rail Transportation / New Antipolo, Quezon City",725848,10.072,stop_sequence_approx,38,1.0,17.0,1020.0,1.0,gtfs_frequencies_typical_weekday,10273.44,504304.8,88.184,9.476,1.063,0.0,0.482,True,False,56.0,C,ordered-stop planning approximation,True,DERIVED,0,historic_only,uncertain,,,historic_gtfs_baseline,sakay_gtfs_master_historic,No current route validation supplied.,,,False,,historic_only,blumentritt__pasay-rtda,3.7728355837966645,272.2162162162162,0,10273.44,DERIVED,sakay_gtfs_master_historic|worldpop_phl_2020_1km
LTFRB_PUJ2050,,BLUMENTRITT - PASAY RTDA via MABINI,"Light Rail Transportation / New Antipolo, Quezon City - Epifanio de los Santos Avenue / F.B. Harrison St Intersection, Lungsod ng Pasay",726316,10.476,stop_sequence_approx,41,1.0,17.0,1020.0,1.0,gtfs_frequencies_typical_weekday,10685.52,504304.8,88.184,9.476,1.106,0.0,0.434,True,False,56.0,C,ordered-stop planning approximation,True,DERIVED,0,historic_only,uncertain,,,historic_gtfs_baseline,sakay_gtfs_master_historic,No current route validation supplied.,,,False,,historic_only,blumentritt__pasay-rtda,3.913707521954944,261.9,0,10685.52,DERIVED,sakay_gtfs_master_historic|worldpop_phl_2020_1km
LTFRB_PUJ2051,,BLUMENTRITT - P CAMPA via DIMASALANG DELOS REYES,"España Blvd / Nicanor Reyes St Intersection, Manila - Dimasalang / Aurora Boulevard Intersection, Quezon City",726077,2.239,stop_sequence_approx,9,1.0,17.0,1020.0,1.0,gtfs_frequencies_typical_weekday,2283.78,233366.6,100.0,2.028,1.104,0.0,0.502,True,False,44.0,D,ordered-stop planning approximation | few representative stops,True,DERIVED,0,historic_only,uncertain,,,historic_gtfs_baseline,sakay_gtfs_master_historic,No current route validation supplied.,,,False,,historic_only,blumentritt__p-campa,4.01965163019205,279.875,0,2283.78,DERIVED,sakay_gtfs_master_historic|worldpop_phl_2020_1km
LTFRB_PUJ2052,,BLUMENTRITT - P CAMPA via DIMASALANG DELOS REYES,"Dimasalang / Aurora Boulevard Intersection, Quezon City - España Blvd / Nicanor Reyes St Intersection, Manila",725855,2.239,stop_sequence_approx,9,1.0,17.0,1020.0,1.0,gtfs_frequencies_typical_weekday,2283.78,233366.6,100.0,2.028,1.104,0.0,0.502,True,False,44.0,D,ordered-stop planning approximation | few representative stops,True,DERIVED,0,historic_only,uncertain,,,historic_gtfs_baseline,sakay_gtfs_master_historic,No current route validation supplied.,,,False,,historic_only,blumentritt__p-campa,4.01965163019205,279.875,0,2283.78,DERIVED,sakay_gtfs_master_historic|worldpop_phl_2020_1km
LTFRB_PUJ2053,,BLUMENTRITT - NOVALICHES,"Dimasalang / Aurora Boulevard Intersection, Quezon City - Mindanao Avenue, Quezon City",726379,9.633,stop_sequence_approx,44,1.0,17.0,1020.0,1.0,gtfs_frequencies_typical_weekday,9825.66,574723.4,100.0,8.342,1.155,0.0,0.391,True,False,56.0,C,ordered-stop planning approximation,True,DERIVED,1,historic_only,uncertain,,,historic_gtfs_baseline,sakay_gtfs_master_historic,No current route validation supplied.,,,False,,historic_only,blumentritt__novaliches,4.567632097996471,224.02325581395348,0,9825.66,DERIVED,sakay_gtfs_master_historic|worldpop_phl_2020_1km
LTFRB_PUJ2054,,BLUMENTRITT - NOVALICHES,"Susano / General Luis Intersection, Caloocan City - Dimasalang / Aurora Boulevard Intersection, Quezon City",725654,13.246,stop_sequence_approx,61,1.0,17.0,1020.0,1.0,gtfs_frequencies_typical_weekday,13510.92,747370.8,96.189,12.155,1.09,0.0,0.391,True,False,56.0,C,ordered-stop planning approximation,True,DERIVED,1,historic_only,uncertain,,,historic_gtfs_baseline,sakay_gtfs_master_historic,No current route validation supplied.,,,False,,historic_only,blumentritt__novaliches,4.605163823040918,220.76666666666668,0,13510.92,DERIVED,sakay_gtfs_master_historic|worldpop_phl_2020_1km
LTFRB_PUJ2055,,BLUMENTRITT - LIBERTAD via MABINI,"Antonio Arnaiz Ave / F.B. Harrison St Intersection - Light Rail Transportation 1, Manila",725332,8.941,stop_sequence_approx,34,1.0,17.0,1020.0,1.0,gtfs_frequencies_typical_weekday,9119.820000000002,459057.1,89.447,8.372,1.068,0.0,0.574,True,False,56.0,C,ordered-stop planning approximation,True,DERIVED,1,historic_only,uncertain,,,historic_gtfs_baseline,sakay_gtfs_master_historic,No current route validation supplied.,,,False,,historic_only,blumentritt__libertad,3.8027066323677436,270.93939393939394,0,9119.820000000002,DERIVED,sakay_gtfs_master_historic|worldpop_phl_2020_1km
LTFRB_PUJ2056,,BLUMENTRITT - LIBERTAD via MABINI,"Light Rail Transportation 1, Manila - Antonio Arnaiz Ave / F.B. Harrison St Intersection",725338,9.342,stop_sequence_approx,37,1.0,17.0,1020.0,1.0,gtfs_frequencies_typical_weekday,9528.84,376210.2,87.0,8.372,1.116,0.0,0.434,True,False,56.0,C,ordered-stop planning approximation,True,DERIVED,0,historic_only,uncertain,,,historic_gtfs_baseline,sakay_gtfs_master_historic,No current route validation supplied.,,,False,,historic_only,blumentritt__libertad,3.9606080068507814,259.5,0,9528.84,DERIVED,sakay_gtfs_master_historic|worldpop_phl_2020_1km
LTFRB_PUJ2057,,BLUMENTRIT - BALUT,"Jose Abad Santos Avenue, Quezon City - North Bay Boulevard / Rodriguez Intersection, Tondo",725772,1.809,stop_sequence_approx,5,1.0,17.0,1020.0,1.0,gtfs_frequencies_typical_weekday,1845.18,364373.4,100.0,1.58,1.145,0.0,0.789,True,False,44.0,D,ordered-stop planning approximation | few representative stops,True,DERIVED,0,historic_only,uncertain,,,historic_gtfs_baseline,sakay_gtfs_master_historic,No current route validation supplied.,,,False,,historic_only,balut__blumentrit,2.763957987838585,452.25,0,1845.18,DERIVED,sakay_gtfs_master_historic|worldpop_phl_2020_1km
LTFRB_PUJ2058,,BLUMENTRIT - BALUT,"North Bay Boulevard / Rodriguez Intersection, Tondo - Jose Abad Santos Avenue, Quezon City",725363,1.725,stop_sequence_approx,4,1.0,17.0,1020.0,1.0,gtfs_frequencies_typical_weekday,1759.5,332060.4,100.0,1.58,1.092,0.0,0.758,True,False,44.0,D,ordered-stop planning approximation | few representative stops,True,DERIVED,0,historic_only,uncertain,,,historic_gtfs_baseline,sakay_gtfs_master_historic,No current route validation supplied.,,,False,,historic_only,balut__blumentrit,2.318840579710145,575.0,0,1759.5,DERIVED,sakay_gtfs_master_historic|worldpop_phl_2020_1km
LTFRB_PUJ2059,,BERNARDINO - DELPAN,"Progreso 2, Makati City, Manila - Tejeron, Makati City, Manila",726002,3.776,stop_sequence_approx,14,1.0,17.0,1020.0,1.0,gtfs_frequencies_typical_weekday,3851.52,229635.3,86.055,3.492,1.081,0.0,0.448,True,False,56.0,C,ordered-stop planning approximation,True,DERIVED,0,historic_only,uncertain,,,historic_gtfs_baseline,sakay_gtfs_master_historic,No current route validation supplied.,,,False,,historic_only,bernardino__delpan,3.707627118644068,290.46153846153845,0,3851.52,DERIVED,sakay_gtfs_master_historic|worldpop_phl_2020_1km
LTFRB_PUJ2060,,BERNARDINO - DELPAN,"Tejeron, Makati City, Manila - Epifanio de los Santos Avenue, Makati City, Manila",724799,4.636,stop_sequence_approx,19,1.0,17.0,1020.0,2.0,gtfs_frequencies_typical_weekday,4728.72,254025.5,85.414,3.769,1.23,0.0,0.418,True,False,56.0,C,ordered-stop planning approximation,True,DERIVED,0,historic_only,uncertain,,,historic_gtfs_baseline,sakay_gtfs_master_historic,No current route validation supplied.,,,False,,historic_only,bernardino__delpan,4.098360655737705,257.55555555555554,0,4728.72,DERIVED,sakay_gtfs_master_historic|worldpop_phl_2020_1km
LTFRB_PUJ2061,,BEL AIR - WASHINGTON,"Epifanio de los Santos Avenue / Senator Gil Puyat Ave, Makati City, Manila - Senator Gil Puyat Ave / Washington Intersection, Makati City",724919,3.075,stop_sequence_approx,10,1.0,17.0,1020.0,1.0,gtfs_frequencies_typical_weekday,3136.5,57074.3,35.522,2.727,1.128,0.0,0.54,True,False,44.0,D,ordered-stop planning approximation | few representative stops,True,DERIVED,0,historic_only,uncertain,,,historic_gtfs_baseline,sakay_gtfs_master_historic,No current route validation supplied.,,,False,,historic_only,bel-air__washington,3.252032520325203,341.6666666666667,0,3136.5,DERIVED,sakay_gtfs_master_historic|worldpop_phl_2020_1km
LTFRB_PUJ2062,,BEL AIR - WASHINGTON,"Senator Gil Puyat Ave / Washington Intersection, Makati City - Canopus / Jupiter Intersection, Makati City, Manila",725779,2.956,stop_sequence_approx,9,1.0,17.0,1020.0,1.0,gtfs_frequencies_typical_weekday,3015.12,57074.3,35.522,2.705,1.093,0.0,0.54,True,False,44.0,D,ordered-stop planning approximation | few representative stops,True,DERIVED,0,historic_only,uncertain,,,historic_gtfs_baseline,sakay_gtfs_master_historic,No current route validation supplied.,,,False,,historic_only,bel-air__washington,3.044654939106901,369.5,0,3015.12,DERIVED,sakay_gtfs_master_historic|worldpop_phl_2020_1km
LTFRB_PUJ2064,,BALUT - DIVISORIA,"Timoteo Paez Integrated School, Rodriguez, Manila - Ylayay, Manila",725770,3.15,stop_sequence_approx,10,1.0,17.0,1020.0,1.0,gtfs_frequencies_typical_weekday,3213.0,676210.8,100.0,2.669,1.18,0.0,1.047,True,False,44.0,D,ordered-stop planning approximation | few representative stops,True,DERIVED,2,historic_only,uncertain,,,historic_gtfs_baseline,sakay_gtfs_master_historic,No current route validation supplied.,,,False,,historic_only,balut__divisoria,3.174603174603175,350.0,0,3213.0,DERIVED,sakay_gtfs_master_historic|worldpop_phl_2020_1km
LTFRB_PUJ2065,,BAGONG SILANG KALIWA - ROBINSONS FAIRVIEW via ZABARTE,"Robinsons Nova Supermarket, Quirino Highway, Caloocan City, Manila - Un named Road near Langit Road, Caloocan City",725207,6.799,stop_sequence_approx,31,1.0,17.0,1020.0,1.0,gtfs_frequencies_typical_weekday,6934.9800000000005,403500.9,94.241,5.295,1.284,0.0,0.398,True,False,56.0,C,ordered-stop planning approximation,True,DERIVED,2,historic_only,uncertain,,,historic_gtfs_baseline,sakay_gtfs_master_historic,No current route validation supplied.,,,False,,historic_only,bagong-silang-kaliwa__robinsons-fairview,4.559494043241653,226.63333333333333,0,6934.9800000000005,DERIVED,sakay_gtfs_master_historic|worldpop_phl_2020_1km
LTFRB_PUJ2066,,BAGONG SILANG KALIWA - ROBINSONS FAIRVIEW via ZABARTE,"Un named Road near Langit Road, Caloocan City - Robinsons Nova Supermarket, Quirino Highway, Caloocan City, Manila",725896,6.814,stop_sequence_approx,32,1.0,17.0,1020.0,1.0,gtfs_frequencies_typical_weekday,6950.28,403500.9,94.241,5.295,1.287,0.0,0.398,True,False,56.0,C,ordered-stop planning approximation,True,DERIVED,2,historic_only,uncertain,,,historic_gtfs_baseline,sakay_gtfs_master_historic,No current route validation supplied.,,,False,,historic_only,bagong-silang-kaliwa__robinsons-fairview,4.696213677722336,219.80645161290323,0,6950.28,DERIVED,sakay_gtfs_master_historic|worldpop_phl_2020_1km
LTFRB_PUJ2067,,BAGONG SILANG - SM FAIRVIEW via MALIGAYA PARK,"Mindanao Avenue / Belfast Intersection, Quezon City - Sto. Nino Parish, Old Zabarte, Caloocan City",725957,6.819,stop_sequence_approx,33,1.0,17.0,1020.0,1.0,gtfs_frequencies_typical_weekday,6955.38,404484.6,88.916,5.524,1.234,0.0,0.398,True,False,56.0,C,ordered-stop planning approximation,True,DERIVED,1,historic_only,uncertain,,,historic_gtfs_baseline,sakay_gtfs_master_historic,No current route validation supplied.,,,False,,historic_only,bagong-silang__sm-fairview,4.839419269687638,213.09375,0,6955.38,DERIVED,sakay_gtfs_master_historic|worldpop_phl_2020_1km
LTFRB_PUJ2068,,BAGONG SILANG - SM FAIRVIEW via MALIGAYA PARK,"Sto. Nino Parish, Old Zabarte, Caloocan City - Mindanao Avenue / Belfast Intersection, Quezon City",726052,7.097,stop_sequence_approx,33,1.0,17.0,1020.0,1.0,gtfs_frequencies_typical_weekday,7238.94,404484.6,88.916,5.524,1.285,0.0,0.398,True,False,56.0,C,ordered-stop planning approximation,True,DERIVED,3,historic_only,uncertain,,,historic_gtfs_baseline,sakay_gtfs_master_historic,No current route validation supplied.,,,False,,historic_only,bagong-silang__sm-fairview,4.64985205016204,221.78125,0,7238.94,DERIVED,sakay_gtfs_master_historic|worldpop_phl_2020_1km
LTFRB_PUJ2069,,BAGONG SILANG - NOVALICHES,"General Luis / Gold Intersection, Caloocan City - Barugo, Caloocan City",725482,6.55,stop_sequence_approx,31,1.0,17.0,1020.0,1.0,gtfs_frequencies_typical_weekday,6681.0,307299.4,80.318,5.395,1.214,0.0,0.455,True,False,56.0,C,ordered-stop planning approximation,True,DERIVED,0,historic_only,uncertain,,,historic_gtfs_baseline,sakay_gtfs_master_historic,No current route validation supplied.,,,False,,historic_only,bagong-silang__novaliches,4.732824427480916,218.33333333333334,0,6681.0,DERIVED,sakay_gtfs_master_historic|worldpop_phl_2020_1km
LTFRB_PUJ2070,,BAGONG SILANG - NOVALICHES,"Sto. Nino Parish, Old Zabarte, Caloocan City - Mindanao Avenue / Belfast Intersection, Quezon City",725041,6.906,stop_sequence_approx,32,1.0,17.0,1020.0,1.0,gtfs_frequencies_typical_weekday,7044.12,404484.6,88.916,5.524,1.25,0.0,0.398,True,False,56.0,C,ordered-stop planning approximation,True,DERIVED,2,historic_only,uncertain,,,historic_gtfs_baseline,sakay_gtfs_master_historic,No current route validation supplied.,,,False,,historic_only,bagong-silang__novaliches,4.633651896901245,222.7741935483871,0,7044.12,DERIVED,sakay_gtfs_master_historic|worldpop_phl_2020_1km
LTFRB_PUJ2071,,BACLARAN - ZAPOTE BACOOR,"Quirino Ave, Bacoor City, Manila - Quirino Ave / 12 de Junio Intersection, Parañaque City, Manila",725109,9.27,stop_sequence_approx,34,1.0,17.0,1020.0,1.0,gtfs_frequencies_typical_weekday,9455.4,391255.2,71.648,8.673,1.069,0.0,0.551,True,False,56.0,C,ordered-stop planning approximation,True,DERIVED,0,historic_only,uncertain,,,historic_gtfs_baseline,sakay_gtfs_master_historic,No current route validation supplied.,,,False,,historic_only,baclaran__zapote-bacoor,3.667745415318231,280.90909090909093,0,9455.4,DERIVED,sakay_gtfs_master_historic|worldpop_phl_2020_1km
LTFRB_PUJ2072,,BACLARAN - ZAPOTE BACOOR,"Quirino Ave / 12 de Junio Intersection, Parañaque City, Manila - Quirino Ave, Bacoor City, Manila",726155,9.27,stop_sequence_approx,34,1.0,17.0,1020.0,1.0,gtfs_frequencies_typical_weekday,9455.4,391255.2,71.648,8.673,1.069,0.0,0.551,True,False,56.0,C,ordered-stop planning approximation,True,DERIVED,0,historic_only,uncertain,,,historic_gtfs_baseline,sakay_gtfs_master_historic,No current route validation supplied.,,,False,,historic_only,baclaran__zapote-bacoor,3.667745415318231,280.90909090909093,0,9455.4,DERIVED,sakay_gtfs_master_historic|worldpop_phl_2020_1km
LTFRB_PUJ2073,,BACLARAN - SUCAT SSH via NINOY AQUINO AVE,"Dr A. Santos Ave, Parañaque City, Manila - Pinaglabanan / Quirino Avenue, Parañaque City, Manila",725380,12.897,stop_sequence_approx,47,1.0,17.0,1020.0,1.0,gtfs_frequencies_typical_weekday,13154.94,422358.5,56.526,9.817,1.314,0.0,0.659,True,False,56.0,C,ordered-stop planning approximation,True,DERIVED,1,historic_only,uncertain,,,historic_gtfs_baseline,sakay_gtfs_master_historic,No current route validation supplied.,,,False,,historic_only,baclaran__sucat-ssh,3.6442583546561216,280.3695652173913,0,13154.94,DERIVED,sakay_gtfs_master_historic|worldpop_phl_2020_1km
LTFRB_PUJ2074,,BACLARAN - SUCAT SSH via NINOY AQUINO AVE,"Pinaglabanan / Quirino Avenue, Parañaque City, Manila - Dr A. Santos Ave, Parañaque City, Manila",725356,12.921,stop_sequence_approx,45,1.0,17.0,1020.0,1.0,gtfs_frequencies_typical_weekday,13179.42,422358.5,56.526,9.817,1.316,0.0,0.541,True,False,56.0,C,ordered-stop planning approximation,True,DERIVED,1,historic_only,uncertain,,,historic_gtfs_baseline,sakay_gtfs_master_historic,No current route validation supplied.,,,False,,historic_only,baclaran__sucat-ssh,3.482702577199907,293.65909090909093,0,13179.42,DERIVED,sakay_gtfs_master_historic|worldpop_phl_2020_1km
LTFRB_PUJ2075,,BACLARAN - QUIAPO,"Roxas Blvd, Parañaque City, Manila - Quezon Blvd / P.Paredes Intersection, Manila",726020,9.046,stop_sequence_approx,35,1.0,17.0,1020.0,1.0,gtfs_frequencies_typical_weekday,9226.92,339577.6,78.601,8.079,1.12,0.0,0.482,True,False,56.0,C,ordered-stop planning approximation,True,DERIVED,0,historic_only,uncertain,,,historic_gtfs_baseline,sakay_gtfs_master_historic,No current route validation supplied.,,,False,,historic_only,baclaran__quiapo,3.8691134202962636,266.05882352941177,0,9226.92,DERIVED,sakay_gtfs_master_historic|worldpop_phl_2020_1km
LTFRB_PUJ2076,,BACLARAN - QUIAPO,"Quezon Blvd / P.Paredes Intersection, Manila - Hospital, Marcelo H. del Pilar / President Quirino Ave Intersection, Manila",726233,6.103,stop_sequence_approx,26,1.0,17.0,1020.0,1.0,gtfs_frequencies_typical_weekday,6225.06,220498.7,81.432,4.68,1.304,0.0,0.405,True,False,56.0,C,ordered-stop planning approximation,True,DERIVED,0,historic_only,uncertain,,,historic_gtfs_baseline,sakay_gtfs_master_historic,No current route validation supplied.,,,False,,historic_only,baclaran__quiapo,4.260199901687694,244.12,0,6225.06,DERIVED,sakay_gtfs_master_historic|worldpop_phl_2020_1km
LTFRB_PUJ2077,,BACLARAN - MCU via MABINI,"Epifanio de los Santos Avenue / F.B. Harrison St Intersection, Lungsod ng Pasay - Epifanio de los Santos Avenue / 5th Street Intersection , Caloocan City",725736,14.413,stop_sequence_approx,59,1.0,17.0,1020.0,1.0,gtfs_frequencies_typical_weekday,14701.26,816688.5,91.403,13.239,1.089,0.0,0.482,True,False,56.0,C,ordered-stop planning approximation,True,DERIVED,2,historic_only,uncertain,,,historic_gtfs_baseline,sakay_gtfs_master_historic,No current route validation supplied.,,,False,,historic_only,baclaran__mcu,4.093526677305211,248.5,0,14701.26,DERIVED,sakay_gtfs_master_historic|worldpop_phl_2020_1km
LTFRB_PUJ2078,,BACLARAN - MCU via MABINI,"Epifanio de los Santos Avenue / 5th Street Intersection , Caloocan City - Epifanio de los Santos Avenue, Lungsod ng Pasay",725881,15.388,stop_sequence_approx,63,1.0,17.0,1020.0,1.0,gtfs_frequencies_typical_weekday,15695.76,818612.5,91.189,13.288,1.158,0.0,0.656,True,False,56.0,C,ordered-stop planning approximation,True,DERIVED,4,historic_only,uncertain,,,historic_gtfs_baseline,sakay_gtfs_master_historic,No current route validation supplied.,,,False,,historic_only,baclaran__mcu,4.094099298154406,248.19354838709677,0,15695.76,DERIVED,sakay_gtfs_master_historic|worldpop_phl_2020_1km
LTFRB_PUJ2079,,BACLARAN - HARRISON BUENDIA,"Roxas Blvd, Parañaque City, Manila - Hospital, A.Mabini, Manila",725189,3.555,stop_sequence_approx,11,1.0,17.0,1020.0,1.0,gtfs_frequencies_typical_weekday,3626.1,113901.3,64.741,3.188,1.115,0.0,0.531,True,False,44.0,D,ordered-stop planning approximation | few representative stops,True,DERIVED,0,historic_only,uncertain,,,historic_gtfs_baseline,sakay_gtfs_master_historic,No current route validation supplied.,,,False,,historic_only,baclaran__harrison-buendia,3.0942334739803092,355.5,0,3626.1,DERIVED,sakay_gtfs_master_historic|worldpop_phl_2020_1km
LTFRB_PUJ2080,,BACLARAN - HARRISON BUENDIA,"Hospital, A.Mabini, Manila - Roxas Blvd, Parañaque City, Manila",726093,3.604,stop_sequence_approx,13,1.0,17.0,1020.0,1.0,gtfs_frequencies_typical_weekday,3676.08,168180.7,76.12,3.188,1.13,0.0,0.434,True,False,56.0,C,ordered-stop planning approximation,True,DERIVED,0,historic_only,uncertain,,,historic_gtfs_baseline,sakay_gtfs_master_historic,No current route validation supplied.,,,False,,historic_only,baclaran__harrison-buendia,3.607103218645949,300.3333333333333,0,3676.08,DERIVED,sakay_gtfs_master_historic|worldpop_phl_2020_1km
LTFRB_PUJ2081,,BACLARAN - DIVISORIA,"Roxas Blvd, Parañaque City, Manila - Juan Luna, Manila",725310,8.65,stop_sequence_approx,30,1.0,17.0,1020.0,1.0,gtfs_frequencies_typical_weekday,8823.0,292328.8,75.142,7.825,1.105,0.0,0.531,True,False,56.0,C,ordered-stop planning approximation,True,DERIVED,0,historic_only,uncertain,,,historic_gtfs_baseline,sakay_gtfs_master_historic,No current route validation supplied.,,,False,,historic_only,baclaran__divisoria,3.468208092485549,298.2758620689655,0,8823.0,DERIVED,sakay_gtfs_master_historic|worldpop_phl_2020_1km
LTFRB_PUJ2082,,BACLARAN - DIVISORIA,"Juan Luna / Veronica Intersection, Manila - Epifanio de los Santos Avenue, Lungsod ng Pasay",725336,8.626,stop_sequence_approx,30,1.0,17.0,1020.0,2.0,gtfs_frequencies_typical_weekday,8798.519999999999,335451.5,81.663,7.349,1.174,0.0,0.471,True,False,56.0,C,ordered-stop planning approximation,True,DERIVED,0,historic_only,uncertain,,,historic_gtfs_baseline,sakay_gtfs_master_historic,No current route validation supplied.,,,False,,historic_only,baclaran__divisoria,3.4778576396939487,297.44827586206895,0,8798.519999999999,DERIVED,sakay_gtfs_master_historic|worldpop_phl_2020_1km
LTFRB_PUJ2083,,BACLARAN - DASMARINAS B BAYAN,"Block-B Internal Rd, Lungsod ng Dasmariñas, Manila - Roxas Blvd / C. Rivera Intersection, Parañaque City, Manila",725117,30.518,stop_sequence_approx,97,1.0,17.0,1020.0,1.0,gtfs_frequencies_typical_weekday,31128.36,1012249.3,73.608,23.345,1.307,0.0103,0.622,True,True,48.0,D,ordered-stop planning approximation | self-intersection detected,True,DERIVED,0,historic_only,uncertain,,,historic_gtfs_baseline,sakay_gtfs_master_historic,No current route validation supplied.,,,False,,historic_only,baclaran__dasmarinas-b-bayan,3.1784520610787075,317.8958333333333,0,31128.36,DERIVED,sakay_gtfs_master_historic|worldpop_phl_2020_1km
LTFRB_PUJ2084,,BACLARAN - DASMARINAS B BAYAN,"Roxas Blvd / C. Rivera Intersection, Parañaque City, Manila - Block-B Internal Rd, Lungsod ng Dasmariñas, Manila",724869,28.844,stop_sequence_approx,92,1.0,17.0,1020.0,1.0,gtfs_frequencies_typical_weekday,29420.88,1012249.3,73.608,23.345,1.236,0.0,0.622,True,False,56.0,C,ordered-stop planning approximation,True,DERIVED,0,historic_only,uncertain,,,historic_gtfs_baseline,sakay_gtfs_master_historic,No current route validation supplied.,,,False,,historic_only,baclaran__dasmarinas-b-bayan,3.1895714880044377,316.967032967033,0,29420.88,DERIVED,sakay_gtfs_master_historic|worldpop_phl_2020_1km
LTFRB_PUJ2085,,BACLARAN - DAPITAN via TAFT,"Epifanio de los Santos Avenue, Lungsod ng Makati, Manila - Dr.Alejos, Nicanor Roxas Intersection, Manila",724604,12.211,stop_sequence_approx,40,1.0,17.0,1020.0,1.0,gtfs_frequencies_typical_weekday,12455.22,714260.3,89.98,9.332,1.309,0.0,0.583,True,False,56.0,C,ordered-stop planning approximation,True,DERIVED,0,historic_only,uncertain,,,historic_gtfs_baseline,sakay_gtfs_master_historic,No current route validation supplied.,,,False,,historic_only,baclaran__dapitan,3.275734993039063,313.1025641025641,0,12455.22,DERIVED,sakay_gtfs_master_historic|worldpop_phl_2020_1km
LTFRB_PUJ2086,,BACLARAN - DAPITAN via TAFT,"Community Centre, San Isidro Labrador, Quezon City - Epifanio de los Santos Avenue, Lungsod ng Pasay",725069,13.113,stop_sequence_approx,43,1.0,17.0,1020.0,1.0,gtfs_frequencies_typical_weekday,13375.26,648938.2,90.178,9.405,1.394,0.0,0.755,True,False,56.0,C,ordered-stop planning approximation,True,DERIVED,0,historic_only,uncertain,,,historic_gtfs_baseline,sakay_gtfs_master_historic,No current route validation supplied.,,,False,,historic_only,baclaran__dapitan,3.2791885914741097,312.2142857142857,0,13375.26,DERIVED,sakay_gtfs_master_historic|worldpop_phl_2020_1km
LTFRB_PUJ2087,,BACLARAN - ALABANG via SAN DIONISIO,"Yellow Station, South Station Complex Spectrum Midway Extension,  Muntinlupa City, Manila - Roxas Blvd / Redemptorist Road Intersection, Parañaque City, Manila",725578,18.772,stop_sequence_approx,71,1.0,17.0,1020.0,1.0,gtfs_frequencies_typical_weekday,19147.44,728627.4,67.888,13.42,1.399,0.0,0.512,True,False,56.0,C,ordered-stop planning approximation,True,DERIVED,2,historic_only,uncertain,,,historic_gtfs_baseline,sakay_gtfs_master_historic,No current route validation supplied.,,,False,,historic_only,alabang__baclaran,3.7822288514809292,268.1714285714286,0,19147.44,DERIVED,sakay_gtfs_master_historic|worldpop_phl_2020_1km
LTFRB_PUJ2088,,BACLARAN - ALABANG via SAN DIONISIO,"Roxas Blvd / Redemptorist Road Intersection, Parañaque City, Manila - Yellow Station, South Station Complex Spectrum Midway Extension,  Muntinlupa City, Manila",724790,18.171,stop_sequence_approx,59,1.0,17.0,1020.0,1.0,gtfs_frequencies_typical_weekday,18534.42,638806.7,65.471,13.42,1.354,0.0,0.596,True,False,56.0,C,ordered-stop planning approximation,True,DERIVED,2,historic_only,uncertain,,,historic_gtfs_baseline,sakay_gtfs_master_historic,No current route validation supplied.,,,False,,historic_only,alabang__baclaran,3.2469319244950747,313.2931034482759,0,18534.42,DERIVED,sakay_gtfs_master_historic|worldpop_phl_2020_1km
LTFRB_PUJ2089,,BACLARAN - ALABANG via N AQUINO AVE,"Yellow Station, South Station Complex Spectrum Midway Extension,  Muntinlupa City, Manila - Roxas Blvd, Parañaque City, Manila",725897,18.431,stop_sequence_approx,62,1.0,17.0,1020.0,1.0,gtfs_frequencies_typical_weekday,18799.620000000003,509978.7,53.225,13.685,1.347,0.0,0.499,True,False,56.0,C,ordered-stop planning approximation,True,DERIVED,3,historic_only,uncertain,,,historic_gtfs_baseline,sakay_gtfs_master_historic,No current route validation supplied.,,,False,,historic_only,alabang__baclaran,3.363897780912593,302.1475409836066,0,18799.620000000003,DERIVED,sakay_gtfs_master_historic|worldpop_phl_2020_1km
LTFRB_PUJ2090,,BACLARAN - ALABANG via N AQUINO AVE,"Roxas Blvd, Parañaque City, Manila - West Service Rd, Muntilupa City, Manila",726176,17.369,stop_sequence_approx,58,1.0,17.0,1020.0,1.0,gtfs_frequencies_typical_weekday,17716.38,499604.0,54.33,13.493,1.287,0.0,0.499,True,False,56.0,C,ordered-stop planning approximation,True,DERIVED,2,historic_only,uncertain,,,historic_gtfs_baseline,sakay_gtfs_master_historic,No current route validation supplied.,,,False,,historic_only,alabang__baclaran,3.3392826299729403,304.719298245614,0,17716.38,DERIVED,sakay_gtfs_master_historic|worldpop_phl_2020_1km
LTFRB_PUJ2091,,AYALA LANDMARK - PUREGOLD,"South Dr / A. Arnaiz Ave Intersection, Makati City, Manila - J.P. Rizal Ave, Makati City, Manila",725084,4.149,stop_sequence_approx,15,1.0,17.0,1020.0,1.0,gtfs_frequencies_typical_weekday,4231.9800000000005,138283.9,71.963,2.888,1.437,0.0,0.509,True,False,56.0,C,ordered-stop planning approximation,True,DERIVED,0,historic_only,uncertain,,,historic_gtfs_baseline,sakay_gtfs_master_historic,No current route validation supplied.,,,False,,historic_only,ayala-landmark__puregold,3.6153289949385394,296.35714285714283,0,4231.9800000000005,DERIVED,sakay_gtfs_master_historic|worldpop_phl_2020_1km
LTFRB_PUJ2092,,AYALA LANDMARK - PUREGOLD,"J.P. Rizal Ave, Makati City, Manila - South Dr / A. Arnaiz Ave Intersection, Makati City, Manila",724841,4.018,stop_sequence_approx,14,1.0,17.0,1020.0,1.0,gtfs_frequencies_typical_weekday,4098.36,138283.9,71.963,2.888,1.391,0.0,0.664,True,False,56.0,C,ordered-stop planning approximation,True,DERIVED,0,historic_only,uncertain,,,historic_gtfs_baseline,sakay_gtfs_master_historic,No current route validation supplied.,,,False,,historic_only,ayala-landmark__puregold,3.4843205574912894,309.0769230769231,0,4098.36,DERIVED,sakay_gtfs_master_historic|worldpop_phl_2020_1km
LTFRB_PUJ2093,,AYALA - ZAPOTE RD,"Makati Ave / A. Arnaiz Ave, Makati City, Manila - Zapote / Kalayaan Ave, Makati City, Manila",724874,2.586,stop_sequence_approx,11,1.0,17.0,1020.0,1.0,gtfs_frequencies_typical_weekday,2637.72,98846.2,65.327,2.178,1.187,0.0,0.392,True,False,44.0,D,ordered-stop planning approximation | few representative stops,True,DERIVED,0,historic_only,uncertain,,,historic_gtfs_baseline,sakay_gtfs_master_historic,No current route validation supplied.,,,False,,historic_only,ayala__zapote-rd,4.253673627223511,258.6,0,2637.72,DERIVED,sakay_gtfs_master_historic|worldpop_phl_2020_1km
LTFRB_PUJ2094,,AYALA - ZAPOTE RD,"Zapote / Kalayaan Ave, Makati City, Manila - Makati Ave / A. Arnaiz Ave, Makati City, Manila",725366,3.159,stop_sequence_approx,11,1.0,17.0,1020.0,1.0,gtfs_frequencies_typical_weekday,3222.18,93782.9,74.155,2.178,1.45,0.0,0.664,True,False,44.0,D,ordered-stop planning approximation | few representative stops,True,DERIVED,0,historic_only,uncertain,,,historic_gtfs_baseline,sakay_gtfs_master_historic,No current route validation supplied.,,,False,,historic_only,ayala__zapote-rd,3.4821145932257047,315.9,0,3222.18,DERIVED,sakay_gtfs_master_historic|worldpop_phl_2020_1km
LTFRB_PUJ2095,,AURORA - LAWAN QMC,"Molave, Quezon City, Manila - Kalayaan Ave / Elliptical Rd Intersection, Quezon City, Manila",726236,3.882,stop_sequence_approx,16,1.0,17.0,1020.0,1.0,gtfs_frequencies_typical_weekday,3959.64,192472.9,80.498,2.704,1.435,0.0,0.436,True,False,56.0,C,ordered-stop planning approximation,True,DERIVED,0,historic_only,uncertain,,,historic_gtfs_baseline,sakay_gtfs_master_historic,No current route validation supplied.,,,False,,historic_only,aurora__lawan-qmc,4.121586810922205,258.8,0,3959.64,DERIVED,sakay_gtfs_master_historic|worldpop_phl_2020_1km
LTFRB_PUJ2096,,AURORA - LAWAN QMC,"Kalayaan Ave / Elliptical Rd Intersection, Quezon City, Manila - Molave, Quezon City, Manila",725744,5.354,stop_sequence_approx,20,1.0,17.0,1020.0,1.0,gtfs_frequencies_typical_weekday,5461.08,192472.9,80.498,2.704,1.98,0.0,0.531,True,False,56.0,C,ordered-stop planning approximation,True,DERIVED,0,historic_only,uncertain,,,historic_gtfs_baseline,sakay_gtfs_master_historic,No current route validation supplied.,,,False,,historic_only,aurora__lawan-qmc,3.7355248412401942,281.7894736842105,0,5461.08,DERIVED,sakay_gtfs_master_historic|worldpop_phl_2020_1km
LTFRB_PUJ2097,,ARROCEROS - PROJ 8 via ESPANA,"Quezon Blvd, Manila - General Avenue / Gsisea Street Intersection, Quezon City",724982,12.764,stop_sequence_approx,60,1.0,17.0,1020.0,1.0,gtfs_frequencies_typical_weekday,13019.28,738297.2,94.513,9.823,1.299,0.0,0.438,True,False,56.0,C,ordered-stop planning approximation,True,DERIVED,1,historic_only,uncertain,,,historic_gtfs_baseline,sakay_gtfs_master_historic,No current route validation supplied.,,,False,,historic_only,arroceros__proj-8,4.700720777185835,216.33898305084745,0,13019.28,DERIVED,sakay_gtfs_master_historic|worldpop_phl_2020_1km
LTFRB_PUJ2098,,ARROCEROS - PROJ 8 via ESPANA,"General Avenue / Gsisea Street Intersection, Quezon City - Quezon Blvd, Manila",725928,12.709,stop_sequence_approx,59,1.0,17.0,1020.0,1.0,gtfs_frequencies_typical_weekday,12963.18,722990.2,95.508,9.823,1.294,0.0,0.662,True,False,56.0,C,ordered-stop planning approximation,True,DERIVED,0,historic_only,uncertain,,,historic_gtfs_baseline,sakay_gtfs_master_historic,No current route validation supplied.,,,False,,historic_only,arroceros__proj-8,4.642379416161775,219.1206896551724,0,12963.18,DERIVED,sakay_gtfs_master_historic|worldpop_phl_2020_1km
LTFRB_PUJ2099,,ARROCEROS - PROJ 2&3 via ESPANA E RODRIGUEZ,"Quezon Blvd, Manila - Anonas / Tampoy Intersection, Quezon City, Manila",726365,10.427,stop_sequence_approx,40,1.0,17.0,1020.0,1.0,gtfs_frequencies_typical_weekday,10635.54,613145.8,93.855,9.132,1.142,0.0,0.448,True,False,56.0,C,ordered-stop planning approximation,True,DERIVED,0,historic_only,uncertain,,,historic_gtfs_baseline,sakay_gtfs_master_historic,No current route validation supplied.,,,False,,historic_only,arroceros__proj-2-3,3.8361944950608997,267.35897435897436,0,10635.54,DERIVED,sakay_gtfs_master_historic|worldpop_phl_2020_1km
LTFRB_PUJ2100,,ARROCEROS - PROJ 2&3 via ESPANA E RODRIGUEZ,"Molave, Quezon City, Manila - Quezon Blvd, Manila",725045,11.029,stop_sequence_approx,43,1.0,17.0,1020.0,1.0,gtfs_frequencies_typical_weekday,11249.58,638789.2,94.102,9.506,1.16,0.0,0.432,True,False,56.0,C,ordered-stop planning approximation,True,DERIVED,0,historic_only,uncertain,,,historic_gtfs_baseline,sakay_gtfs_master_historic,No current route validation supplied.,,,False,,historic_only,arroceros__proj-2-3,3.8988122223229666,262.5952380952381,0,11249.58,DERIVED,sakay_gtfs_master_historic|worldpop_phl_2020_1km
LTFRB_PUJ2101,,ARROCEROS - FAIRVIEW MARKET,"Quezon Blvd, Manila - Quirino Highway / Maligaya Intersection, Caloocan City",725051,23.525,stop_sequence_approx,96,1.0,17.0,1020.0,1.0,gtfs_frequencies_typical_weekday,23995.5,1006576.5,80.545,17.265,1.363,0.0,0.55,True,False,56.0,C,ordered-stop planning approximation,True,DERIVED,3,historic_only,uncertain,,,historic_gtfs_baseline,sakay_gtfs_master_historic,No current route validation supplied.,,,False,,historic_only,arroceros__fairview-market,4.0807651434644,247.6315789473684,0,23995.5,DERIVED,sakay_gtfs_master_historic|worldpop_phl_2020_1km
LTFRB_PUJ2102,,ARROCEROS - FAIRVIEW MARKET,"Quirino Highway / Maligaya Intersection, Caloocan City - Quezon Blvd, Manila",725130,23.506,stop_sequence_approx,98,1.0,17.0,1020.0,1.0,gtfs_frequencies_typical_weekday,23976.12,1006576.5,80.545,17.265,1.362,0.0,0.48,True,False,56.0,C,ordered-stop planning approximation,True,DERIVED,2,historic_only,uncertain,,,historic_gtfs_baseline,sakay_gtfs_master_historic,No current route validation supplied.,,,False,,historic_only,arroceros__fairview-market,4.169148302561048,242.3298969072165,0,23976.12,DERIVED,sakay_gtfs_master_historic|worldpop_phl_2020_1km
LTFRB_PUJ2104,,ARROCEROS - DAPITAN,"Community Centre, San Isidro Labrador, Quezon City - Globo de Oro, Manila",725836,3.594,stop_sequence_approx,16,1.0,17.0,1020.0,1.0,gtfs_frequencies_typical_weekday,3665.88,274810.7,92.786,3.288,1.093,0.0,0.411,True,False,56.0,C,ordered-stop planning approximation,True,DERIVED,0,historic_only,uncertain,,,historic_gtfs_baseline,sakay_gtfs_master_historic,No current route validation supplied.,,,False,,historic_only,arroceros__dapitan,4.451864218141347,239.6,0,3665.88,DERIVED,sakay_gtfs_master_historic|worldpop_phl_2020_1km
LTFRB_PUJ2105,,ARROCEROS - CUBAO YALE,"Globo de Oro, Manila - Aurora Blvd / Epifanio de los Santos Avenue Intersection, Quezon City, Manila",726267,8.712,stop_sequence_approx,32,1.0,17.0,1020.0,1.0,gtfs_frequencies_typical_weekday,8886.24,549088.6,93.138,7.538,1.156,0.0,0.448,True,False,56.0,C,ordered-stop planning approximation,True,DERIVED,0,historic_only,uncertain,,,historic_gtfs_baseline,sakay_gtfs_master_historic,No current route validation supplied.,,,False,,historic_only,arroceros__cubao-yale,3.6730945821854912,281.03225806451616,0,8886.24,DERIVED,sakay_gtfs_master_historic|worldpop_phl_2020_1km
LTFRB_PUJ2106,,ARROCEROS - CUBAO YALE,"Aurora Blvd / Epifanio de los Santos Avenue Intersection, Quezon City, Manila - Globo de Oro, Manila",726080,8.712,stop_sequence_approx,32,1.0,17.0,1020.0,1.0,gtfs_frequencies_typical_weekday,8886.24,549088.6,93.138,7.538,1.156,0.0,0.448,True,False,56.0,C,ordered-stop planning approximation,True,DERIVED,0,historic_only,uncertain,,,historic_gtfs_baseline,sakay_gtfs_master_historic,No current route validation supplied.,,,False,,historic_only,arroceros__cubao-yale,3.6730945821854912,281.03225806451616,0,8886.24,DERIVED,sakay_gtfs_master_historic|worldpop_phl_2020_1km
LTFRB_PUJ2107,,Arroceros - Blumentritt via Dimasalang,"Globo de Oro, Manila - Dimasalang / Aurora Boulevard Intersection, Quezon City",724959,3.29,stop_sequence_approx,15,1.0,17.0,1020.0,2.0,gtfs_frequencies_typical_weekday,3355.8,261252.5,97.013,3.095,1.063,0.0,0.37,True,False,56.0,C,ordered-stop planning approximation,True,DERIVED,0,historic_only,uncertain,,,historic_gtfs_baseline,sakay_gtfs_master_historic,No current route validation supplied.,,,False,,historic_only,arroceros__blumentritt,4.5592705167173255,235.0,0,3355.8,DERIVED,sakay_gtfs_master_historic|worldpop_phl_2020_1km
LTFRB_PUJ2108,,Arroceros - Blumentritt via Dimasalang,"Ferdinand Blumentritt / Aurora Boulevard Intersection, Quezon City - Globo de Oro, Manila",725055,3.555,stop_sequence_approx,16,1.0,17.0,1020.0,1.0,gtfs_frequencies_typical_weekday,3626.1,261252.5,97.013,3.227,1.102,0.0,0.37,True,False,56.0,C,ordered-stop planning approximation,True,DERIVED,0,historic_only,uncertain,,,historic_gtfs_baseline,sakay_gtfs_master_historic,No current route validation supplied.,,,False,,historic_only,arroceros__blumentritt,4.50070323488045,237.0,0,3626.1,DERIVED,sakay_gtfs_master_historic|worldpop_phl_2020_1km
LTFRB_PUJ2109,,ANTIPOLO BAYAN - SM TAYTAY ANTIPOLO HILLS,"Lawson / Shaw Blvd Intersection, Mandaluyong City, Manila - P. Oliveros St / A. Bonifacio St Intersection, Antipolo City, Manila",725864,18.906,stop_sequence_approx,92,1.0,17.0,1020.0,1.0,gtfs_frequencies_typical_weekday,19284.12,790453.6,78.237,15.523,1.218,0.0,0.541,True,False,56.0,C,ordered-stop planning approximation,True,DERIVED,0,historic_only,uncertain,,,historic_gtfs_baseline,sakay_gtfs_master_historic,No current route validation supplied.,,,False,,historic_only,antipolo-bayan__sm-taytay-antipolo-hills,4.866180048661801,207.75824175824175,0,19284.12,DERIVED,sakay_gtfs_master_historic|worldpop_phl_2020_1km
LTFRB_PUJ2110,,ANTIPOLO BAYAN - SM TAYTAY ANTIPOLO HILLS,"Martinez St / A. Bonifacio St Intersection, Antipolo City, Manila - Lawson / Shaw Blvd Intersection, Mandaluyong City, Manila",725442,17.989,stop_sequence_approx,86,1.0,17.0,1020.0,1.0,gtfs_frequencies_typical_weekday,18348.78,790453.6,78.237,15.526,1.159,0.0,0.541,True,False,56.0,C,ordered-stop planning approximation,True,DERIVED,0,historic_only,uncertain,,,historic_gtfs_baseline,sakay_gtfs_master_historic,No current route validation supplied.,,,False,,historic_only,antipolo-bayan__sm-taytay-antipolo-hills,4.7806993162488185,211.63529411764705,0,18348.78,DERIVED,sakay_gtfs_master_historic|worldpop_phl_2020_1km
LTFRB_PUJ2111,,ANTIPOLO - JRU ROSARIO,"Lawson / Shaw Blvd Intersection, Mandaluyong City, Manila - P. Oliveros St / A. Bonifacio St Intersection, Antipolo City, Manila",725423,18.839,stop_sequence_approx,91,1.0,17.0,1020.0,1.0,gtfs_frequencies_typical_weekday,19215.78,790453.6,78.237,15.523,1.214,0.0,0.541,True,False,56.0,C,ordered-stop planning approximation,True,DERIVED,0,historic_only,uncertain,,,historic_gtfs_baseline,sakay_gtfs_master_historic,No current route validation supplied.,,,False,,historic_only,antipolo__jru-rosario,4.830405010881682,209.32222222222222,0,19215.78,DERIVED,sakay_gtfs_master_historic|worldpop_phl_2020_1km
LTFRB_PUJ2112,,ANTIPOLO - JRU ROSARIO,"Martinez St / A. Bonifacio St Intersection, Antipolo City, Manila - Lawson / Shaw Blvd Intersection, Mandaluyong City, Manila",724997,17.949,stop_sequence_approx,83,1.0,17.0,1020.0,1.0,gtfs_frequencies_typical_weekday,18307.980000000003,790453.6,78.237,15.526,1.156,0.0,0.647,True,False,56.0,C,ordered-stop planning approximation,True,DERIVED,0,historic_only,uncertain,,,historic_gtfs_baseline,sakay_gtfs_master_historic,No current route validation supplied.,,,False,,historic_only,antipolo__jru-rosario,4.624213048080673,218.890243902439,0,18307.980000000003,DERIVED,sakay_gtfs_master_historic|worldpop_phl_2020_1km
LTFRB_PUJ2113,,ANTIPOLO - CUBAO via IMELDA AVE,"L. Sumulong Memorial Cir, Antipolo City, Manila - 8th Ave, Quezon City, Manila",725583,21.106,stop_sequence_approx,107,1.0,17.0,1020.0,1.0,gtfs_frequencies_typical_weekday,21528.120000000003,806187.9,77.082,13.601,1.552,0.0571,0.647,True,True,48.0,D,ordered-stop planning approximation | self-intersection detected,True,DERIVED,0,historic_only,uncertain,,,historic_gtfs_baseline,sakay_gtfs_master_historic,No current route validation supplied.,,,False,,historic_only,antipolo__cubao,5.0696484412015534,199.11320754716982,0,21528.120000000003,DERIVED,sakay_gtfs_master_historic|worldpop_phl_2020_1km
LTFRB_PUJ2114,,ANTIPOLO - CUBAO via IMELDA AVE,"P. Tuazon Blvd / 9th Ave Intersection, Quezon City, Manila - L. Sumulong Memorial Cir, Antipolo City, Manila",726082,19.723,stop_sequence_approx,93,1.0,17.0,1020.0,1.0,gtfs_frequencies_typical_weekday,20117.46,787513.4,75.797,13.665,1.443,0.0215,0.539,True,True,48.0,D,ordered-stop planning approximation | self-intersection detected,True,DERIVED,0,historic_only,uncertain,,,historic_gtfs_baseline,sakay_gtfs_master_historic,No current route validation supplied.,,,False,,historic_only,antipolo__cubao,4.715307001977387,214.3804347826087,0,20117.46,DERIVED,sakay_gtfs_master_historic|worldpop_phl_2020_1km
LTFRB_PUJ2115,,ANGONO - TROPICAL STA LUCIA,"Quezon Ave, Angono, Manila - Metro East, un-named road near Felix Road, Cainta, Manila",726314,14.21,stop_sequence_approx,69,1.0,17.0,1020.0,1.0,gtfs_frequencies_typical_weekday,14494.2,390796.0,51.631,12.044,1.18,0.0,0.52,True,False,56.0,C,ordered-stop planning approximation,True,DERIVED,1,historic_only,uncertain,,,historic_gtfs_baseline,sakay_gtfs_master_historic,No current route validation supplied.,,,False,,historic_only,angono__tropical-sta-lucia,4.855735397607319,208.97058823529412,0,14494.2,DERIVED,sakay_gtfs_master_historic|worldpop_phl_2020_1km
LTFRB_PUJ2116,,ANGONO - TROPICAL STA LUCIA,"Metro East, un-named road near Felix Road, Cainta, Manila - Quezon Ave, Angono, Manila",726075,14.551,stop_sequence_approx,70,1.0,17.0,1020.0,1.0,gtfs_frequencies_typical_weekday,14842.02,390796.0,51.631,12.044,1.208,0.0,0.52,True,False,56.0,C,ordered-stop planning approximation,True,DERIVED,0,historic_only,uncertain,,,historic_gtfs_baseline,sakay_gtfs_master_historic,No current route validation supplied.,,,False,,historic_only,angono__tropical-sta-lucia,4.81066593361281,210.8840579710145,0,14842.02,DERIVED,sakay_gtfs_master_historic|worldpop_phl_2020_1km
LTFRB_PUJ2117,,AMPARO - NOVALICHES,"General Luis / Gold Intersection, Caloocan City - Makabud / Quirino Highway Intersection, Calcoocan City",724833,7.535,stop_sequence_approx,33,1.0,17.0,1020.0,1.0,gtfs_frequencies_typical_weekday,7685.7,324954.9,80.211,5.349,1.409,0.0,0.442,True,False,56.0,C,ordered-stop planning approximation,True,DERIVED,1,historic_only,uncertain,,,historic_gtfs_baseline,sakay_gtfs_master_historic,No current route validation supplied.,,,False,,historic_only,amparo__novaliches,4.37956204379562,235.46875,0,7685.7,DERIVED,sakay_gtfs_master_historic|worldpop_phl_2020_1km
LTFRB_PUJ2118,,AMPARO - NOVALICHES,"Makabud / Quirino Highway Intersection, Calcoocan City - General Luis / Gold Intersection, Caloocan City",725138,6.178,stop_sequence_approx,27,1.0,17.0,1020.0,1.0,gtfs_frequencies_typical_weekday,6301.56,303360.3,85.921,5.349,1.155,0.0,0.442,True,False,56.0,C,ordered-stop planning approximation,True,DERIVED,1,historic_only,uncertain,,,historic_gtfs_baseline,sakay_gtfs_master_historic,No current route validation supplied.,,,False,,historic_only,amparo__novaliches,4.370346390417611,237.6153846153846,0,6301.56,DERIVED,sakay_gtfs_master_historic|worldpop_phl_2020_1km
LTFRB_PUJ2119,,ALMAR ZABARTE - WELCOME RTDA via REGALADO QA,"Apo / Quezon Avenue Intersection, Quezon City - Zabarte Road / Camarin Road Intersection, Caloocan City",725437,24.067,stop_sequence_approx,101,1.0,17.0,1020.0,1.0,gtfs_frequencies_typical_weekday,24548.34,874038.7,77.278,15.789,1.524,0.0,0.55,True,False,56.0,C,ordered-stop planning approximation,True,DERIVED,4,historic_only,uncertain,,,historic_gtfs_baseline,sakay_gtfs_master_historic,No current route validation supplied.,,,False,,historic_only,almar-zabarte__welcome-rtda,4.196617775377073,240.67,0,24548.34,DERIVED,sakay_gtfs_master_historic|worldpop_phl_2020_1km
LTFRB_PUJ2120,,ALMAR ZABARTE - WELCOME RTDA via REGALADO QA,"St Claire College of Caloocan, Zabarte Road, Caloocan City - D. Tuazon / Eulogio Rodriguez Sr Ave Intersection, Manila",726351,24.328,stop_sequence_approx,102,1.0,17.0,1020.0,1.0,gtfs_frequencies_typical_weekday,24814.56,960188.3,77.892,15.772,1.542,0.0,0.48,True,False,56.0,C,ordered-stop planning approximation,True,DERIVED,1,historic_only,uncertain,,,historic_gtfs_baseline,sakay_gtfs_master_historic,No current route validation supplied.,,,False,,historic_only,almar-zabarte__welcome-rtda,4.192699769812561,240.87128712871288,0,24814.56,DERIVED,sakay_gtfs_master_historic|worldpop_phl_2020_1km
LTFRB_PUJ2121,,ALABANG - STA ROSA via EXPRESSWAY,"National Hwy, Santa Rosa City, Manila - Yellow Station, South Station Complex Spectrum Midway Extension,  Muntinlupa City, Manila",725617,19.079,stop_sequence_approx,42,1.0,17.0,1020.0,1.0,gtfs_frequencies_typical_weekday,19460.58,403072.4,50.85,12.179,1.567,0.0238,3.054,True,True,48.0,D,ordered-stop planning approximation | self-intersection detected,True,DERIVED,1,historic_only,uncertain,,,historic_gtfs_baseline,sakay_gtfs_master_historic,No current route validation supplied.,,,False,,historic_only,alabang__sta-rosa,2.201373237591069,465.3414634146341,0,19460.58,DERIVED,sakay_gtfs_master_historic|worldpop_phl_2020_1km
LTFRB_PUJ2122,,ALABANG - STA ROSA via EXPRESSWAY,"Yellow Station, South Station Complex Spectrum Midway Extension,  Muntinlupa City, Manila - National Hwy, Santa Rosa City, Manila",726256,18.293,stop_sequence_approx,41,1.0,17.0,1020.0,1.0,gtfs_frequencies_typical_weekday,18658.86,403072.4,50.85,12.179,1.502,0.0,3.054,True,False,56.0,C,ordered-stop planning approximation,True,DERIVED,2,historic_only,uncertain,,,historic_gtfs_baseline,sakay_gtfs_master_historic,No current route validation supplied.,,,False,,historic_only,alabang__sta-rosa,2.24129448422894,457.325,0,18658.86,DERIVED,sakay_gtfs_master_historic|worldpop_phl_2020_1km
LTFRB_PUJ2123,,ALABANG - SIGNAL VILLAGE via SERVICE ROAD,"South Luzon Expressway, Muntinlupa City, Manila - Food Terminal Incorporated, DBP Ave, Taguig City, Manila, Manila",726112,11.107,stop_sequence_approx,29,1.0,17.0,1020.0,1.0,gtfs_frequencies_typical_weekday,11329.14,349471.8,89.375,9.971,1.114,0.0,0.686,True,False,56.0,C,ordered-stop planning approximation,True,DERIVED,3,historic_only,uncertain,,,historic_gtfs_baseline,sakay_gtfs_master_historic,No current route validation supplied.,,,False,,historic_only,alabang__signal-village,2.6109660574412534,396.67857142857144,0,11329.14,DERIVED,sakay_gtfs_master_historic|worldpop_phl_2020_1km
LTFRB_PUJ2124,,ALABANG - SIGNAL VILLAGE via SERVICE ROAD,"DBP Ave, Taguig City, Manila, Manila - National Hwy, Muntinlupa City, Manila",725201,11.179,stop_sequence_approx,29,1.0,17.0,1020.0,2.0,gtfs_frequencies_typical_weekday,11402.58,356707.2,87.562,10.107,1.106,0.0,0.686,True,False,56.0,C,ordered-stop planning approximation,True,DERIVED,2,historic_only,uncertain,,,historic_gtfs_baseline,sakay_gtfs_master_historic,No current route validation supplied.,,,False,,historic_only,alabang__signal-village,2.5941497450576976,399.25,0,11402.58,DERIVED,sakay_gtfs_master_historic|worldpop_phl_2020_1km
LTFRB_PUJ2125,,ALABANG - MUNTINLUPA,"BBL Trans San Pedro Terminal, National Hwy, San Pedro, Manila - South Luzon Expressway / Montillano St Intersection, Muntinlupa City, Manila",725558,7.024,stop_sequence_approx,29,1.0,17.0,1020.0,2.0,gtfs_frequencies_typical_weekday,7164.4800000000005,278109.3,71.763,6.483,1.084,0.0,0.392,True,False,56.0,C,ordered-stop planning approximation,True,DERIVED,2,historic_only,uncertain,,,historic_gtfs_baseline,sakay_gtfs_master_historic,No current route validation supplied.,,,False,,historic_only,alabang__muntinlupa,4.128701594533029,250.85714285714286,0,7164.4800000000005,DERIVED,sakay_gtfs_master_historic|worldpop_phl_2020_1km
LTFRB_PUJ2126,,ALABANG - MUNTINLUPA,"Starmall Footbridge, Starmall Starmall Service Rd, Muntinlupa City, Manila - BBL Trans San Pedro Terminal, National Hwy, San Pedro, Manila",726407,6.737,stop_sequence_approx,28,1.0,17.0,1020.0,1.0,gtfs_frequencies_typical_weekday,6871.74,274895.6,72.602,6.243,1.079,0.0,0.392,True,False,56.0,C,ordered-stop planning approximation,True,DERIVED,2,historic_only,uncertain,,,historic_gtfs_baseline,sakay_gtfs_master_historic,No current route validation supplied.,,,False,,historic_only,alabang__muntinlupa,4.156152590173668,249.5185185185185,0,6871.74,DERIVED,sakay_gtfs_master_historic|worldpop_phl_2020_1km
LTFRB_PUJ2127,,ALABANG - LAS PINAS,"Starmall Footbridge, Starmall Starmall Service Rd, Muntinlupa City, Manila - Quirino Ave, Bacoor City, Manila",725120,10.986,stop_sequence_approx,40,1.0,17.0,1020.0,2.0,gtfs_frequencies_typical_weekday,11205.72,430823.4,73.009,10.061,1.092,0.0,0.448,True,False,56.0,C,ordered-stop planning approximation,True,DERIVED,3,historic_only,uncertain,,,historic_gtfs_baseline,sakay_gtfs_master_historic,No current route validation supplied.,,,False,,historic_only,alabang__las-pinas,3.640997633351538,281.6923076923077,0,11205.72,DERIVED,sakay_gtfs_master_historic|worldpop_phl_2020_1km
LTFRB_PUJ2129,,ALABANG - LANGGAM SAN PEDRO,"BBL Trans San Pedro Terminal, National Hwy, San Pedro, Manila - National Hwy, Muntinlupa City, Manila",725316,6.42,stop_sequence_approx,27,1.0,17.0,1020.0,1.0,gtfs_frequencies_typical_weekday,6548.4,274895.6,72.602,5.929,1.083,0.0,0.392,True,False,56.0,C,ordered-stop planning approximation,True,DERIVED,1,historic_only,uncertain,,,historic_gtfs_baseline,sakay_gtfs_master_historic,No current route validation supplied.,,,False,,historic_only,alabang__langgam-san-pedro,4.205607476635514,246.92307692307693,0,6548.4,DERIVED,sakay_gtfs_master_historic|worldpop_phl_2020_1km
LTFRB_PUJ2130,,ALABANG - LANGGAM SAN PEDRO,"National Hwy, Muntinlupa City, Manila - BBL Trans San Pedro Terminal, National Hwy, San Pedro, Manila",725135,6.42,stop_sequence_approx,27,1.0,17.0,1020.0,1.0,gtfs_frequencies_typical_weekday,6548.4,274895.6,72.602,5.929,1.083,0.0,0.392,True,False,56.0,C,ordered-stop planning approximation,True,DERIVED,1,historic_only,uncertain,,,historic_gtfs_baseline,sakay_gtfs_master_historic,No current route validation supplied.,,,False,,historic_only,alabang__langgam-san-pedro,4.205607476635514,246.92307692307693,0,6548.4,DERIVED,sakay_gtfs_master_historic|worldpop_phl_2020_1km
LTFRB_PUJ2131,,ALABANG - KATARUNGAN VILLAGE via MUNTINLUPA NBP,"C Arellano St / G Araneta St Intersection, Muntinlupa City, Manila - National Hwy, Muntinlupa City, Manila",725636,5.668,stop_sequence_approx,26,1.0,17.0,1020.0,2.0,gtfs_frequencies_typical_weekday,5781.360000000001,185492.9,70.969,4.296,1.319,0.0,0.333,True,False,56.0,C,ordered-stop planning approximation,True,DERIVED,1,historic_only,uncertain,,,historic_gtfs_baseline,sakay_gtfs_master_historic,No current route validation supplied.,,,False,,historic_only,alabang__katarungan-village,4.587155963302752,226.72,0,5781.360000000001,DERIVED,sakay_gtfs_master_historic|worldpop_phl_2020_1km
LTFRB_PUJ2132,,ALABANG - KATARUNGAN VILLAGE via MUNTINLUPA NBP,"National Hwy, Muntinlupa City, Manila - C Arellano St / G Araneta St Intersection, Muntinlupa City, Manila",725639,5.664,stop_sequence_approx,25,1.0,17.0,1020.0,1.0,gtfs_frequencies_typical_weekday,5777.28,185492.9,70.969,4.296,1.318,0.0,0.342,True,False,56.0,C,ordered-stop planning approximation,True,DERIVED,1,historic_only,uncertain,,,historic_gtfs_baseline,sakay_gtfs_master_historic,No current route validation supplied.,,,False,,historic_only,alabang__katarungan-village,4.413841807909605,236.0,0,5777.28,DERIVED,sakay_gtfs_master_historic|worldpop_phl_2020_1km
LTFRB_PUJ2133,,ALABANG - CALAMBA via EXPRESSWAY,"South Luzon Expressway, Biñan City, Manila - National Hwy, Muntinlupa City, Manila",724618,18.907,stop_sequence_approx,65,1.0,17.0,1020.0,1.0,gtfs_frequencies_typical_weekday,19285.14,503775.6,59.587,15.674,1.206,0.0,0.651,True,False,56.0,C,ordered-stop planning approximation,True,DERIVED,2,historic_only,uncertain,,,historic_gtfs_baseline,sakay_gtfs_master_historic,No current route validation supplied.,,,False,,historic_only,alabang__calamba,3.437880150208917,295.421875,0,19285.14,DERIVED,sakay_gtfs_master_historic|worldpop_phl_2020_1km
LTFRB_PUJ2134,,ALABANG - CALAMBA via EXPRESSWAY,"South Luzon Expressway, Muntinlupa City, Manila - National Hwy, Santa Rosa City, Manila",726206,18.551,stop_sequence_approx,64,1.0,17.0,1020.0,1.0,gtfs_frequencies_typical_weekday,18922.02,617314.7,69.54,15.676,1.183,0.0,0.48,True,True,48.0,D,ordered-stop planning approximation | self-intersection detected,True,DERIVED,2,historic_only,uncertain,,,historic_gtfs_baseline,sakay_gtfs_master_historic,No current route validation supplied.,,,False,,historic_only,alabang__calamba,3.4499487898226513,294.46031746031747,0,18922.02,DERIVED,sakay_gtfs_master_historic|worldpop_phl_2020_1km
LTFRB_PUJ2135,,ALABANG - BALIBAGO,"National Hwy, Santa Rosa City, Manila - Corporate Ave / Filinvest Ave",726337,20.95,stop_sequence_approx,51,1.0,17.0,1020.0,1.0,gtfs_frequencies_typical_weekday,21369.0,510781.5,58.411,14.874,1.408,0.0,3.054,True,False,56.0,C,ordered-stop planning approximation,True,DERIVED,0,historic_only,uncertain,,,historic_gtfs_baseline,sakay_gtfs_master_historic,No current route validation supplied.,,,False,,historic_only,alabang__balibago,2.4343675417661097,419.0,0,21369.0,DERIVED,sakay_gtfs_master_historic|worldpop_phl_2020_1km
LTFRB_PUJ2137,,A RIVERA - STA CRUZ,"A F. Torres, Manila - Antonio Rivera, Manila",724968,2.217,shape,12,1.0,17.0,1020.0,1.0,gtfs_frequencies_typical_weekday,2261.34,316502.0,97.534,1.693,1.309,0.0,0.36,True,False,92.0,A,GTFS shape source,False,DERIVED,1,historic_only,uncertain,,,historic_gtfs_baseline,sakay_gtfs_master_historic,No current route validation supplied.,,,False,,historic_only,a-rivera__sta-cruz,5.412719891745602,201.54545454545453,1,2261.34,DERIVED,sakay_gtfs_master_historic|worldpop_phl_2020_1km
LTFRB_PUJ2138,,A RIVERA - STA CRUZ,"Jose Abad Santos Avenue / Tayuman Road, Quezon City - T. Mapua, Manila",725720,2.162,stop_sequence_approx,12,1.0,17.0,1020.0,1.0,gtfs_frequencies_typical_weekday,2205.24,220555.2,100.0,1.637,1.321,0.0,0.338,True,False,56.0,C,ordered-stop planning approximation,True,DERIVED,0,historic_only,uncertain,,,historic_gtfs_baseline,sakay_gtfs_master_historic,No current route validation supplied.,,,False,,historic_only,a-rivera__sta-cruz,5.550416281221092,196.54545454545453,0,2205.24,DERIVED,sakay_gtfs_master_historic|worldpop_phl_2020_1km
LTFRB_PUJ2140,,TAYTAY-PASIG PALENGKE,"Market Ave, Pasig City, Manila - Rizal Ave / Gonzaga Intersection, Taytay, Manila",725255,10.116,stop_sequence_approx,47,1.0,17.0,1020.0,1.0,gtfs_frequencies_typical_weekday,10318.32,514661.6,84.316,4.867,2.079,0.0,0.33,True,False,56.0,C,ordered-stop planning approximation,True,DERIVED,4,historic_only,uncertain,,,historic_gtfs_baseline,sakay_gtfs_master_historic,No current route validation supplied.,,,False,,historic_only,pasig-palengke__taytay,4.646105179913009,219.91304347826087,0,10318.32,DERIVED,sakay_gtfs_master_historic|worldpop_phl_2020_1km
LTFRB_PUJ2141,,PROJ 2&3-VITO CRUZ MABINI,"HP Village Square, Pablo Ocampo Sr., Manila - Narra, Quezon City, Manila",724689,16.498,stop_sequence_approx,60,1.0,17.0,1020.0,1.0,gtfs_frequencies_typical_weekday,16827.960000000003,809282.3,88.83,11.646,1.417,0.0,0.566,True,False,56.0,C,ordered-stop planning approximation,True,DERIVED,0,historic_only,uncertain,,,historic_gtfs_baseline,sakay_gtfs_master_historic,No current route validation supplied.,,,False,,historic_only,proj-2-3__vito-cruz-mabini,3.6368044611468053,279.6271186440678,0,16827.960000000003,DERIVED,sakay_gtfs_master_historic|worldpop_phl_2020_1km
LTFRB_PUJ2142,,PROJ 2&3-VITO CRUZ MABINI,"Molave, Quezon City, Manila - HP Village Square, Pablo Ocampo Sr., Manila",725132,16.764,stop_sequence_approx,61,1.0,17.0,1020.0,1.0,gtfs_frequencies_typical_weekday,17099.28,809282.3,88.83,11.516,1.456,0.0,0.761,True,False,56.0,C,ordered-stop planning approximation,True,DERIVED,0,historic_only,uncertain,,,historic_gtfs_baseline,sakay_gtfs_master_historic,No current route validation supplied.,,,False,,historic_only,proj-2-3__vito-cruz-mabini,3.638749701741828,279.4,0,17099.28,DERIVED,sakay_gtfs_master_historic|worldpop_phl_2020_1km
LTFRB_PUJ2145,,NOVA-PANGARAP VILL,"Dumulay  / Quirino Highway, Quezon City, Manila - Quirino Highway, Calcoocan City",725093,8.611,stop_sequence_approx,36,1.0,17.0,1020.0,1.0,gtfs_frequencies_typical_weekday,8783.220000000001,440654.1,85.407,6.211,1.386,0.0,0.442,True,False,56.0,C,ordered-stop planning approximation,True,DERIVED,1,historic_only,uncertain,,,historic_gtfs_baseline,sakay_gtfs_master_historic,No current route validation supplied.,,,False,,historic_only,nova__pangarap-vill,4.180699105794913,246.02857142857144,0,8783.220000000001,DERIVED,sakay_gtfs_master_historic|worldpop_phl_2020_1km
LTFRB_PUJ2146,,NOVA-PANGARAP VILL,"Quirino Highway, Calcoocan City - Dumulay  / Quirino Highway, Quezon City, Manila",726114,7.266,stop_sequence_approx,30,1.0,17.0,1020.0,1.0,gtfs_frequencies_typical_weekday,7411.32,419059.4,89.808,6.211,1.17,0.0,0.442,True,False,56.0,C,ordered-stop planning approximation,True,DERIVED,0,historic_only,uncertain,,,historic_gtfs_baseline,sakay_gtfs_master_historic,No current route validation supplied.,,,False,,historic_only,nova__pangarap-vill,4.1288191577208915,250.55172413793105,0,7411.32,DERIVED,sakay_gtfs_master_historic|worldpop_phl_2020_1km
LTFRB_PUJ2147,,MURPHY - CUBAO,"15th Ave / Col. Bonny Serrano Intersection, Quezon City, Manila - P. Tuazon Blvd / 9th Ave Intersection, Quezon City, Manila",725567,1.461,stop_sequence_approx,7,1.0,17.0,1020.0,1.0,gtfs_frequencies_typical_weekday,1490.22,78081.8,65.538,0.949,1.54,0.0,0.318,True,False,44.0,D,ordered-stop planning approximation | few representative stops,True,DERIVED,0,historic_only,uncertain,,,historic_gtfs_baseline,sakay_gtfs_master_historic,No current route validation supplied.,,,False,,historic_only,cubao__murphy,4.791238877481177,243.5,0,1490.22,DERIVED,sakay_gtfs_master_historic|worldpop_phl_2020_1km
LTFRB_PUJ2148,,MURPHY - CUBAO,"8th Ave, Quezon City, Manila - 15th Ave / Col. Bonny Serrano Intersection, Quezon City, Manila",725934,0.916,stop_sequence_approx,4,1.0,17.0,1020.0,1.0,gtfs_frequencies_typical_weekday,934.32,78081.8,65.538,0.833,1.099,0.0,0.434,True,False,44.0,D,ordered-stop planning approximation | few representative stops,True,DERIVED,0,historic_only,uncertain,,,historic_gtfs_baseline,sakay_gtfs_master_historic,No current route validation supplied.,,,False,,historic_only,cubao__murphy,4.366812227074235,305.3333333333333,0,934.32,DERIVED,sakay_gtfs_master_historic|worldpop_phl_2020_1km
LTFRB_PUJ2149,,MONUMENTO - MEYCAUAYAN via EXPRESSWAY,"Epifanio de los Santos Avenue / 8th Street Intersection , Caloocan City - North Luzon Expressway, Marilao, Manila",724838,12.281,stop_sequence_approx,52,1.0,17.0,1020.0,2.0,gtfs_frequencies_typical_weekday,12526.62,515539.1,74.96,10.329,1.189,0.0192,0.553,True,True,48.0,D,ordered-stop planning approximation | self-intersection detected,True,DERIVED,0,historic_only,uncertain,,,historic_gtfs_baseline,sakay_gtfs_master_historic,No current route validation supplied.,,,False,,historic_only,meycauayan__monumento,4.2341828841299565,240.80392156862746,0,12526.62,DERIVED,sakay_gtfs_master_historic|worldpop_phl_2020_1km
LTFRB_PUJ2150,,MONUMENTO - MEYCAUAYAN via EXPRESSWAY,"Maycauayan Camalig, City of Meycauayan - Epifanio de los Santos Avenue / 8th Street Intersection , Caloocan City",725416,11.795,stop_sequence_approx,49,1.0,17.0,1020.0,1.0,gtfs_frequencies_typical_weekday,12030.9,506855.0,76.244,10.047,1.174,0.0,0.553,True,False,56.0,C,ordered-stop planning approximation,True,DERIVED,0,historic_only,uncertain,,,historic_gtfs_baseline,sakay_gtfs_master_historic,No current route validation supplied.,,,False,,historic_only,meycauayan__monumento,4.154302670623146,245.72916666666666,0,12030.9,DERIVED,sakay_gtfs_master_historic|worldpop_phl_2020_1km
LTFRB_PUJ2151,,MARIKINA - ANTIPOLO via MARCOS HIGHWAY,"P. Oliveros St, Antipolo City, Manila - Shoe Ave, Marikina City, Manila",725699,13.284,stop_sequence_approx,58,1.0,17.0,1020.0,1.0,gtfs_frequencies_typical_weekday,13549.68,284001.6,55.015,9.712,1.368,0.0,0.438,True,False,56.0,C,ordered-stop planning approximation,True,DERIVED,0,historic_only,uncertain,,,historic_gtfs_baseline,sakay_gtfs_master_historic,No current route validation supplied.,,,False,,historic_only,antipolo__marikina,4.366154772658837,233.05263157894737,0,13549.68,DERIVED,sakay_gtfs_master_historic|worldpop_phl_2020_1km
LTFRB_PUJ2152,,MARIKINA - ANTIPOLO via MARCOS HIGHWAY,"Sumulong Hwy, Marikina City, Manila - General Luna St, Antipolo City, Manila",725568,12.994,stop_sequence_approx,56,1.0,17.0,1020.0,1.0,gtfs_frequencies_typical_weekday,13253.88,284001.6,55.015,9.561,1.359,0.0,0.358,True,False,56.0,C,ordered-stop planning approximation,True,DERIVED,0,historic_only,uncertain,,,historic_gtfs_baseline,sakay_gtfs_master_historic,No current route validation supplied.,,,False,,historic_only,antipolo__marikina,4.309681391411421,236.25454545454545,0,13253.88,DERIVED,sakay_gtfs_master_historic|worldpop_phl_2020_1km
LTFRB_PUJ2153,,MALABON - MONUMENTO via ACACIA,"Lapu-lapu / Samson Road Intersection, Malabon City - Heath Centre, Don Bastilio Bautista Boulevard, Malabon City",725001,6.066,stop_sequence_approx,19,1.0,17.0,1020.0,1.0,gtfs_frequencies_typical_weekday,6187.32,342979.5,87.601,4.885,1.242,0.0,2.053,True,False,56.0,C,ordered-stop planning approximation,True,DERIVED,2,historic_only,uncertain,,,historic_gtfs_baseline,sakay_gtfs_master_historic,No current route validation supplied.,,,False,,historic_only,malabon__monumento,3.1322123310253875,337.0,0,6187.32,DERIVED,sakay_gtfs_master_historic|worldpop_phl_2020_1km
LTFRB_PUJ2154,,MALABON - MONUMENTO via ACACIA,"Heath Centre, Don Bastilio Bautista Boulevard, Malabon City - Lapu-lapu / Samson Road Intersection, Malabon City",726113,6.395,stop_sequence_approx,19,1.0,17.0,1020.0,1.0,gtfs_frequencies_typical_weekday,6522.9,435871.7,90.243,4.885,1.309,0.0,2.053,True,False,56.0,C,ordered-stop planning approximation,True,DERIVED,2,historic_only,uncertain,,,historic_gtfs_baseline,sakay_gtfs_master_historic,No current route validation supplied.,,,False,,historic_only,malabon__monumento,2.9710711493354185,355.27777777777777,0,6522.9,DERIVED,sakay_gtfs_master_historic|worldpop_phl_2020_1km
LTFRB_PUJ2155,,L GUINTO - MAKATI via SAN ANDRES,"Sgt. Fabian Yabut Circle, Makati City, Manila - Angel Linao / Pedro Gil",725494,7.445,stop_sequence_approx,26,1.0,17.0,1020.0,1.0,gtfs_frequencies_typical_weekday,7593.900000000001,476205.4,90.545,6.06,1.229,0.0,0.611,True,False,56.0,C,ordered-stop planning approximation,True,DERIVED,1,historic_only,uncertain,,,historic_gtfs_baseline,sakay_gtfs_master_historic,No current route validation supplied.,,,False,,historic_only,l-guinto__makati,3.492276695768972,297.8,0,7593.900000000001,DERIVED,sakay_gtfs_master_historic|worldpop_phl_2020_1km
LTFRB_PUJ2156,,L GUINTO - MAKATI via SAN ANDRES,"Gen M Malvar, Manila - Kalayaan Ave, Taguig City, Manila",724993,8.732,stop_sequence_approx,30,1.0,17.0,1020.0,1.0,gtfs_frequencies_typical_weekday,8906.64,505895.2,89.74,6.292,1.388,0.0,0.65,True,False,56.0,C,ordered-stop planning approximation,True,DERIVED,0,historic_only,uncertain,,,historic_gtfs_baseline,sakay_gtfs_master_historic,No current route validation supplied.,,,False,,historic_only,l-guinto__makati,3.435639028859368,301.1034482758621,0,8906.64,DERIVED,sakay_gtfs_master_historic|worldpop_phl_2020_1km
LTFRB_PUJ2157,,GUADALUPE IBABAW - AYALA,"Epifanio de los Santos Avenue, Makati City, Manila - Makati Ave / Ayala Avenue Intersection, Makati City, Manila",725799,5.595,stop_sequence_approx,23,1.0,17.0,1020.0,1.0,gtfs_frequencies_typical_weekday,5706.9,245054.8,84.584,2.734,2.047,0.0,0.418,True,False,56.0,C,ordered-stop planning approximation,True,DERIVED,0,historic_only,uncertain,,,historic_gtfs_baseline,sakay_gtfs_master_historic,No current route validation supplied.,,,False,,historic_only,ayala__guadalupe-ibabaw,4.110813226094727,254.3181818181818,0,5706.9,DERIVED,sakay_gtfs_master_historic|worldpop_phl_2020_1km
LTFRB_PUJ2158,,GUADALUPE IBABAW - AYALA,"Makati Ave / Ayala Avenue Intersection, Makati City, Manila - Progreso 2, Makati City, Manila",725530,2.936,stop_sequence_approx,10,1.0,17.0,1020.0,1.0,gtfs_frequencies_typical_weekday,2994.72,151088.3,81.638,2.388,1.23,0.0,0.453,True,False,44.0,D,ordered-stop planning approximation | few representative stops,True,DERIVED,0,historic_only,uncertain,,,historic_gtfs_baseline,sakay_gtfs_master_historic,No current route validation supplied.,,,False,,historic_only,ayala__guadalupe-ibabaw,3.4059945504087192,326.22222222222223,0,2994.72,DERIVED,sakay_gtfs_master_historic|worldpop_phl_2020_1km
LTFRB_PUJ2159,,Angono-Rosario via Manggahan Floodway,"Ortigas Ave, Pasig City, Manila - Manila East Rd, Angono, Manila",724613,12.209,stop_sequence_approx,46,1.0,17.0,1020.0,1.0,gtfs_frequencies_typical_weekday,12453.18,400858.0,62.657,10.388,1.175,0.0,0.737,True,False,56.0,C,ordered-stop planning approximation,True,DERIVED,0,historic_only,uncertain,,,historic_gtfs_baseline,sakay_gtfs_master_historic,No current route validation supplied.,,,False,,historic_only,angono__rosario,3.767712343353264,271.31111111111113,0,12453.18,DERIVED,sakay_gtfs_master_historic|worldpop_phl_2020_1km
LTFRB_PUJ2160,,Angono-Rosario via Manggahan Floodway,"Manila East Rd, Angono, Manila - Ortigas Ave, Pasig City, Manila",725515,12.197,stop_sequence_approx,46,1.0,17.0,1020.0,1.0,gtfs_frequencies_typical_weekday,12440.94,400858.0,62.657,10.388,1.174,0.0,0.448,True,False,56.0,C,ordered-stop planning approximation,True,DERIVED,0,historic_only,uncertain,,,historic_gtfs_baseline,sakay_gtfs_master_historic,No current route validation supplied.,,,False,,historic_only,angono__rosario,3.771419201442978,271.0444444444444,0,12440.94,DERIVED,sakay_gtfs_master_historic|worldpop_phl_2020_1km
LTFRB_PUJ2161,,Rivera Raon via Severino Reyes,"A F. Torres, Manila - Jose Abad Santos Avenue / Tayuman Road, Quezon City",726210,2.148,stop_sequence_approx,14,1.0,17.0,1020.0,1.0,gtfs_frequencies_typical_weekday,2190.96,202203.5,96.141,1.745,1.231,0.0,0.256,True,False,56.0,C,ordered-stop planning approximation,True,DERIVED,1,historic_only,uncertain,,,historic_gtfs_baseline,sakay_gtfs_master_historic,No current route validation supplied.,,,False,,historic_only,rivera-raon,6.517690875232774,165.23076923076923,0,2190.96,DERIVED,sakay_gtfs_master_historic|worldpop_phl_2020_1km
LTFRB_PUJ2163,,Baclaran Dapitan via L Guinto,"Taft Avenue Extension / Narra Street Intersection, Lungsod ng Pasay, Manila - Dr.Alejos, Nicanor Roxas Intersection, Manila",725105,13.333,stop_sequence_approx,30,1.0,17.0,1020.0,1.0,gtfs_frequencies_typical_weekday,13599.66,721809.3,89.039,9.638,1.383,0.0,1.314,True,False,56.0,C,ordered-stop planning approximation,True,DERIVED,0,historic_only,uncertain,,,historic_gtfs_baseline,sakay_gtfs_master_historic,No current route validation supplied.,,,False,,historic_only,baclaran-dapitan,2.250056251406285,459.7586206896552,0,13599.66,DERIVED,sakay_gtfs_master_historic|worldpop_phl_2020_1km
LTFRB_PUJ2164,,Baclaran Dapitan via L Guinto,"Iba / Dapitan Intersrction, Manila - Cuneta Avenue, Lungsod ng Pasay, Manila",725859,11.848,stop_sequence_approx,25,1.0,17.0,1020.0,1.0,gtfs_frequencies_typical_weekday,12084.96,627993.0,90.728,9.328,1.27,0.0,1.597,True,False,56.0,C,ordered-stop planning approximation,True,DERIVED,0,historic_only,uncertain,,,historic_gtfs_baseline,sakay_gtfs_master_historic,No current route validation supplied.,,,False,,historic_only,baclaran-dapitan,2.1100607697501688,493.6666666666667,0,12084.96,DERIVED,sakay_gtfs_master_historic|worldpop_phl_2020_1km
LTFRB_PUJ2165,,Baclaran Escolta via Jones,"Cuneta Avenue, Lungsod ng Pasay, Manila - Quintin Paredes, Manila",725979,7.589,stop_sequence_approx,20,1.0,17.0,1020.0,1.0,gtfs_frequencies_typical_weekday,7740.780000000001,333527.4,82.134,7.172,1.058,0.0,0.943,True,False,56.0,C,ordered-stop planning approximation,True,DERIVED,0,historic_only,uncertain,,,historic_gtfs_baseline,sakay_gtfs_master_historic,No current route validation supplied.,,,False,,historic_only,baclaran-escolta,2.6353933324548686,399.42105263157896,0,7740.780000000001,DERIVED,sakay_gtfs_master_historic|worldpop_phl_2020_1km
LTFRB_PUJ2166,,Baclaran Escolta via Jones,"Juan Luna / Veronica Intersection, Manila - Epifanio de los Santos Avenue, Lungsod ng Pasay",725456,8.51,stop_sequence_approx,23,1.0,17.0,1020.0,1.0,gtfs_frequencies_typical_weekday,8680.199999999999,335451.5,81.663,7.349,1.158,0.0,0.953,True,False,56.0,C,ordered-stop planning approximation,True,DERIVED,0,historic_only,uncertain,,,historic_gtfs_baseline,sakay_gtfs_master_historic,No current route validation supplied.,,,False,,historic_only,baclaran-escolta,2.7027027027027026,386.8181818181818,0,8680.199999999999,DERIVED,sakay_gtfs_master_historic|worldpop_phl_2020_1km
LTFRB_PUJ2167,,Baclaran Zapote via Redemptorist,"Quirino Ave, Bacoor City, Manila - F.B. Harrison Street / Taft Avenue Extension Intersection, Lungsod ng Pasay, Manila",725883,9.747,stop_sequence_approx,29,1.0,17.0,1020.0,1.0,gtfs_frequencies_typical_weekday,9941.94,433185.6,72.132,8.822,1.105,0.0,0.551,True,False,56.0,C,ordered-stop planning approximation,True,DERIVED,0,historic_only,uncertain,,,historic_gtfs_baseline,sakay_gtfs_master_historic,No current route validation supplied.,,,False,,historic_only,baclaran-zapote,2.975274443418488,348.10714285714283,0,9941.94,DERIVED,sakay_gtfs_master_historic|worldpop_phl_2020_1km
LTFRB_PUJ2168,,Baclaran Zapote via Redemptorist,"F.B. Harrison Street / Taft Avenue Extension Intersection, Lungsod ng Pasay, Manila - Talaba IV Barangay Hall, Emilio Aguinaldo Hwy, Bacoor City, Manila",724911,9.403,stop_sequence_approx,33,1.0,17.0,1020.0,1.0,gtfs_frequencies_typical_weekday,9591.06,445534.6,75.102,8.81,1.067,0.0,0.797,True,False,56.0,C,ordered-stop planning approximation,True,DERIVED,0,historic_only,uncertain,,,historic_gtfs_baseline,sakay_gtfs_master_historic,No current route validation supplied.,,,False,,historic_only,baclaran-zapote,3.509518238859938,293.84375,0,9591.06,DERIVED,sakay_gtfs_master_historic|worldpop_phl_2020_1km
LTFRB_PUJ2169,,Balintawak Blumentritt via Bonifacio,"Dimasalang / Aurora Boulevard Intersection, Quezon City - Susano / General Luis Intersection, Caloocan City",724973,13.942,stop_sequence_approx,58,1.0,17.0,1020.0,1.0,gtfs_frequencies_typical_weekday,14220.84,781737.2,96.357,12.155,1.147,0.0,0.66,True,False,56.0,C,ordered-stop planning approximation,True,DERIVED,1,historic_only,uncertain,,,historic_gtfs_baseline,sakay_gtfs_master_historic,No current route validation supplied.,,,False,,historic_only,balintawak-blumentritt,4.1600918089226795,244.59649122807016,0,14220.84,DERIVED,sakay_gtfs_master_historic|worldpop_phl_2020_1km
LTFRB_PUJ2170,,Balintawak Blumentritt via Bonifacio,"Susano / General Luis Intersection, Caloocan City - Ferdinand Blumentritt / Aurora Boulevard Intersection, Quezon City",725705,12.74,stop_sequence_approx,45,1.0,17.0,1020.0,1.0,gtfs_frequencies_typical_weekday,12994.8,718588.7,96.037,12.117,1.051,0.0,1.638,True,False,56.0,C,ordered-stop planning approximation,True,DERIVED,1,historic_only,uncertain,,,historic_gtfs_baseline,sakay_gtfs_master_historic,No current route validation supplied.,,,False,,historic_only,balintawak-blumentritt,3.532182103610675,289.54545454545456,0,12994.8,DERIVED,sakay_gtfs_master_historic|worldpop_phl_2020_1km
LTFRB_PUJ2171,,Balintawak De la Costa,"Andreas Bonifacio, Quezon City - Bestlink Institute of Information Technology, 121.041724",724925,10.754,stop_sequence_approx,46,1.0,17.0,1020.0,1.0,gtfs_frequencies_typical_weekday,10969.08,587358.3,95.151,9.113,1.18,0.0,0.66,True,False,56.0,C,ordered-stop planning approximation,True,DERIVED,1,historic_only,uncertain,,,historic_gtfs_baseline,sakay_gtfs_master_historic,No current route validation supplied.,,,False,,historic_only,balintawak-de-la-costa,4.277478147665985,238.9777777777778,0,10969.08,DERIVED,sakay_gtfs_master_historic|worldpop_phl_2020_1km
LTFRB_PUJ2172,,Balintawak De la Costa,"Bestlink Institute of Information Technology, 121.041724 - Quirino Highway / S Gonzales Drive Intersection, Quezon City",726276,8.867,stop_sequence_approx,43,1.0,17.0,1020.0,1.0,gtfs_frequencies_typical_weekday,9044.34,455878.3,93.753,8.243,1.076,0.0,0.342,True,False,56.0,C,ordered-stop planning approximation,True,DERIVED,1,historic_only,uncertain,,,historic_gtfs_baseline,sakay_gtfs_master_historic,No current route validation supplied.,,,False,,historic_only,balintawak-de-la-costa,4.849441750310138,211.11904761904762,0,9044.34,DERIVED,sakay_gtfs_master_historic|worldpop_phl_2020_1km
LTFRB_PUJ2173,,Balintawak Monumento via Balong Bato,"Epifanio de los Santos Avenue / General Rosendo Simon Intersection , Caloocan City - Epifanio de los Santos Avenue, Caloocan City",725814,1.293,stop_sequence_approx,4,1.0,17.0,1020.0,1.0,gtfs_frequencies_typical_weekday,1318.86,181682.1,100.0,1.293,1.0,0.0,0.862,True,False,44.0,D,ordered-stop planning approximation | few representative stops,True,DERIVED,0,historic_only,uncertain,,,historic_gtfs_baseline,sakay_gtfs_master_historic,No current route validation supplied.,,,False,,historic_only,balintawak-monumento,3.0935808197989174,431.0,0,1318.86,DERIVED,sakay_gtfs_master_historic|worldpop_phl_2020_1km
LTFRB_PUJ2174,,Balintawak Monumento via Balong Bato,"Andreas Bonifacio, Quezon City - Epifanio de los Santos Avenue / General Rosendo Simon Intersection , Caloocan City",724920,3.075,stop_sequence_approx,8,1.0,17.0,1020.0,1.0,gtfs_frequencies_typical_weekday,3136.5,205270.0,100.0,1.51,2.037,0.0,1.057,True,True,36.0,D,ordered-stop planning approximation | few representative stops | self-intersection detected,True,DERIVED,0,historic_only,uncertain,,,historic_gtfs_baseline,sakay_gtfs_master_historic,No current route validation supplied.,,,False,,historic_only,balintawak-monumento,2.6016260162601625,439.2857142857143,0,3136.5,DERIVED,sakay_gtfs_master_historic|worldpop_phl_2020_1km
LTFRB_PUJ2175,,Balintawak Sta Quiteria,"Andreas Bonifacio, Quezon City - Baesa Road / Roxas Intersection, Quirino Highway, Quezon City",725591,3.389,stop_sequence_approx,21,1.0,17.0,1020.0,1.0,gtfs_frequencies_typical_weekday,3456.78,267733.0,95.998,2.837,1.194,0.0,0.391,True,False,56.0,C,ordered-stop planning approximation,True,DERIVED,0,historic_only,uncertain,,,historic_gtfs_baseline,sakay_gtfs_master_historic,No current route validation supplied.,,,False,,historic_only,balintawak-sta-quiteria,6.196518146946002,169.45,0,3456.78,DERIVED,sakay_gtfs_master_historic|worldpop_phl_2020_1km
LTFRB_PUJ2176,,Balintawak Sta Quiteria,"Baesa Road / Roxas Intersection, Quirino Highway, Quezon City - North Luzon Expressway / Epifanio de los Santos Avenue Intersection, Caloocan City",725926,3.279,stop_sequence_approx,19,1.0,17.0,1020.0,1.0,gtfs_frequencies_typical_weekday,3344.58,267733.0,95.998,2.765,1.186,0.0,0.631,True,False,56.0,C,ordered-stop planning approximation,True,DERIVED,0,historic_only,uncertain,,,historic_gtfs_baseline,sakay_gtfs_master_historic,No current route validation supplied.,,,False,,historic_only,balintawak-sta-quiteria,5.7944495272949075,182.16666666666666,0,3344.58,DERIVED,sakay_gtfs_master_historic|worldpop_phl_2020_1km
LTFRB_PUJ2177,,Blumentrit Mabini via Quiapo,"Hospital, A.Mabini, Manila - Ferdinand Blumentritt / Aurora Boulevard Intersection, Quezon City",726412,7.578,stop_sequence_approx,24,1.0,17.0,1020.0,1.0,gtfs_frequencies_typical_weekday,7729.56,347495.2,88.218,6.894,1.099,0.0,1.036,True,False,56.0,C,ordered-stop planning approximation,True,DERIVED,0,historic_only,uncertain,,,historic_gtfs_baseline,sakay_gtfs_master_historic,No current route validation supplied.,,,False,,historic_only,blumentrit-mabini,3.1670625494853524,329.4782608695652,0,7729.56,DERIVED,sakay_gtfs_master_historic|worldpop_phl_2020_1km
LTFRB_PUJ2178,,Blumentrit Mabini via Quiapo,"Ferdinand Blumentritt / Aurora Boulevard Intersection, Quezon City - Hospital, A.Mabini, Manila",725692,8.076,stop_sequence_approx,26,1.0,17.0,1020.0,1.0,gtfs_frequencies_typical_weekday,8237.52,332059.4,87.67,6.894,1.171,0.0,0.885,True,False,56.0,C,ordered-stop planning approximation,True,DERIVED,0,historic_only,uncertain,,,historic_gtfs_baseline,sakay_gtfs_master_historic,No current route validation supplied.,,,False,,historic_only,blumentrit-mabini,3.2194155522535906,323.04,0,8237.52,DERIVED,sakay_gtfs_master_historic|worldpop_phl_2020_1km
LTFRB_PUJ2179,,Blumentrit Rtda v Sta Cruz,"Rizal Avenue, Manila - Light Rail Transit Line / Bulacan Intersection, Quezon City",725517,3.116,stop_sequence_approx,12,1.0,17.0,1020.0,1.0,gtfs_frequencies_typical_weekday,3178.32,299210.8,97.392,3.072,1.014,0.0,0.465,True,False,56.0,C,ordered-stop planning approximation,True,DERIVED,0,historic_only,uncertain,,,historic_gtfs_baseline,sakay_gtfs_master_historic,No current route validation supplied.,,,False,,historic_only,blumentrit-rtda-v-sta-cruz,3.851091142490372,283.27272727272725,0,3178.32,DERIVED,sakay_gtfs_master_historic|worldpop_phl_2020_1km
LTFRB_PUJ2180,,Blumentrit Rtda v Sta Cruz,"Light Rail Transit Line / Bulacan Intersection, Quezon City - Plaza Santa Cruz, Manila City",725935,3.163,stop_sequence_approx,12,1.0,17.0,1020.0,1.0,gtfs_frequencies_typical_weekday,3226.26,299210.8,97.392,3.071,1.03,0.0,0.631,True,False,56.0,C,ordered-stop planning approximation,True,DERIVED,1,historic_only,uncertain,,,historic_gtfs_baseline,sakay_gtfs_master_historic,No current route validation supplied.,,,False,,historic_only,blumentrit-rtda-v-sta-cruz,3.7938665823585205,287.54545454545456,0,3226.26,DERIVED,sakay_gtfs_master_historic|worldpop_phl_2020_1km
LTFRB_PUJ2181,,Blumentrit Vito Cruz via L Guinto Sta C,"HP Village Square, Pablo Ocampo Sr., Manila - Light Rail Transportation 1, Manila",724746,7.173,stop_sequence_approx,25,1.0,17.0,1020.0,1.0,gtfs_frequencies_typical_weekday,7316.46,354867.6,86.471,6.78,1.058,0.0,0.482,True,False,56.0,C,ordered-stop planning approximation,True,DERIVED,0,historic_only,uncertain,,,historic_gtfs_baseline,sakay_gtfs_master_historic,No current route validation supplied.,,,False,,historic_only,blumentrit-vito-cruz,3.4852920674752546,298.875,0,7316.46,DERIVED,sakay_gtfs_master_historic|worldpop_phl_2020_1km
LTFRB_PUJ2182,,Blumentrit Vito Cruz via L Guinto Sta C,"Light Rail Transportation 1, Manila - Hospital, A.Mabini, Manila",726117,7.306,stop_sequence_approx,23,1.0,17.0,1020.0,1.0,gtfs_frequencies_typical_weekday,7452.12,322318.7,87.297,6.451,1.133,0.0,1.332,True,False,56.0,C,ordered-stop planning approximation,True,DERIVED,1,historic_only,uncertain,,,historic_gtfs_baseline,sakay_gtfs_master_historic,No current route validation supplied.,,,False,,historic_only,blumentrit-vito-cruz,3.148097454147276,332.09090909090907,0,7452.12,DERIVED,sakay_gtfs_master_historic|worldpop_phl_2020_1km
LTFRB_PUJ2183,,Blumentrit Vito Cruz via Quiapo Mabini,"HP Village Square, Pablo Ocampo Sr., Manila - Dimasalang / Aurora Boulevard Intersection, Quezon City",726298,9.317,stop_sequence_approx,24,1.0,17.0,1020.0,1.0,gtfs_frequencies_typical_weekday,9503.34,429216.8,86.386,7.049,1.322,0.0,1.299,True,False,56.0,C,ordered-stop planning approximation,True,DERIVED,0,historic_only,uncertain,,,historic_gtfs_baseline,sakay_gtfs_master_historic,No current route validation supplied.,,,False,,historic_only,blumentrit-vito-cruz,2.5759364602339807,405.0869565217391,0,9503.34,DERIVED,sakay_gtfs_master_historic|worldpop_phl_2020_1km
LTFRB_PUJ2184,,Blumentrit Vito Cruz via Quiapo Mabini,"Dimasalang Birdge / New Antipolo Intersection, Quezon City - Hospital, A.Mabini, Manila",725847,7.322,stop_sequence_approx,19,1.0,17.0,1020.0,1.0,gtfs_frequencies_typical_weekday,7468.44,314324.7,86.974,6.385,1.147,0.0,0.947,True,False,56.0,C,ordered-stop planning approximation,True,DERIVED,0,historic_only,uncertain,,,historic_gtfs_baseline,sakay_gtfs_master_historic,No current route validation supplied.,,,False,,historic_only,blumentrit-vito-cruz,2.594919420923245,406.77777777777777,0,7468.44,DERIVED,sakay_gtfs_master_historic|worldpop_phl_2020_1km
LTFRB_PUJ2185,,Blumentritt Recto via F Huertas Oroquit,"LRT Doroteo Jose-Recto Station Walkway / Rizal Avenue Intersection, Manila - T. Mapua / Laguna Intersection, Quezon City",726195,2.111,stop_sequence_approx,11,1.0,17.0,1020.0,1.0,gtfs_frequencies_typical_weekday,2153.2200000000003,264793.7,100.0,2.017,1.047,0.0,0.351,True,False,44.0,D,ordered-stop planning approximation | few representative stops,True,DERIVED,1,historic_only,uncertain,,,historic_gtfs_baseline,sakay_gtfs_master_historic,No current route validation supplied.,,,False,,historic_only,blumentritt-recto,5.210800568450971,211.1,0,2153.2200000000003,DERIVED,sakay_gtfs_master_historic|worldpop_phl_2020_1km
LTFRB_PUJ2186,,Blumentritt Recto via F Huertas Oroquit,"T. Mapua / Laguna Intersection, Quezon City - Quezon Blvd / P.Paredes Intersection, Manila",725615,1.905,stop_sequence_approx,8,1.0,17.0,1020.0,1.0,gtfs_frequencies_typical_weekday,1943.1,264793.7,100.0,1.672,1.139,0.0,0.728,True,False,44.0,D,ordered-stop planning approximation | few representative stops,True,DERIVED,0,historic_only,uncertain,,,historic_gtfs_baseline,sakay_gtfs_master_historic,No current route validation supplied.,,,False,,historic_only,blumentritt-recto,4.199475065616798,272.14285714285717,0,1943.1,DERIVED,sakay_gtfs_master_historic|worldpop_phl_2020_1km
LTFRB_PUJ2187,,Blumentritt Vito Cruz L Guinto,"President Quirino Ave / Taft Ave Intersection, Manila - Light Rail Transportation / New Antipolo, Quezon City",726277,6.209,stop_sequence_approx,20,1.0,17.0,1020.0,1.0,gtfs_frequencies_typical_weekday,6333.179999999999,432051.7,92.583,5.861,1.059,0.0,0.778,True,False,56.0,C,ordered-stop planning approximation,True,DERIVED,0,historic_only,uncertain,,,historic_gtfs_baseline,sakay_gtfs_master_historic,No current route validation supplied.,,,False,,historic_only,blumentritt-vito-cruz-l-guinto,3.2211306168465135,326.7894736842105,0,6333.179999999999,DERIVED,sakay_gtfs_master_historic|worldpop_phl_2020_1km
LTFRB_PUJ2188,,Blumentritt Vito Cruz L Guinto,"Light Rail Transportation 1, Manila - Taft Avenue, Manila",725144,6.365,stop_sequence_approx,16,1.0,17.0,1020.0,1.0,gtfs_frequencies_typical_weekday,6492.3,405165.6,90.009,6.026,1.056,0.0,1.105,True,False,56.0,C,ordered-stop planning approximation,True,DERIVED,1,historic_only,uncertain,,,historic_gtfs_baseline,sakay_gtfs_master_historic,No current route validation supplied.,,,False,,historic_only,blumentritt-vito-cruz-l-guinto,2.5137470542026707,424.3333333333333,0,6492.3,DERIVED,sakay_gtfs_master_historic|worldpop_phl_2020_1km
LTFRB_PUJ2189,,COMMONWEALTH MARKET STA LUCIA Q PLAZA,"Marcos Hwy / Gunting St Intersection, Antipolo City, Manila - Commonwealth Avenue, Quezon City",725813,10.976,stop_sequence_approx,34,1.0,17.0,1020.0,1.0,gtfs_frequencies_typical_weekday,11195.52,495854.2,89.216,8.487,1.293,0.0,1.785,True,False,56.0,C,ordered-stop planning approximation,True,DERIVED,0,historic_only,uncertain,,,historic_gtfs_baseline,sakay_gtfs_master_historic,No current route validation supplied.,,,False,,historic_only,commonwealth-market-sta-lucia-q-plaza,3.0976676384839648,332.6060606060606,0,11195.52,DERIVED,sakay_gtfs_master_historic|worldpop_phl_2020_1km
LTFRB_PUJ2190,,COMMONWEALTH MARKET STA LUCIA Q PLAZA,"Batasan Road / Commonwealth Avenue Intersection, Quezon City - Marcos Hwy, Antipolo City, Manila",725454,10.422,stop_sequence_approx,37,1.0,17.0,1020.0,1.0,gtfs_frequencies_typical_weekday,10630.44,457396.0,86.214,7.49,1.391,0.0,0.874,True,False,56.0,C,ordered-stop planning approximation,True,DERIVED,0,historic_only,uncertain,,,historic_gtfs_baseline,sakay_gtfs_master_historic,No current route validation supplied.,,,False,,historic_only,commonwealth-market-sta-lucia-q-plaza,3.5501823066589906,289.5,0,10630.44,DERIVED,sakay_gtfs_master_historic|worldpop_phl_2020_1km
LTFRB_PUJ2192,,Crame San Juan via N Domingo,"Santolan Rd, Quezon City, Manila - N.Domingo,  San Juan, Manila",725588,3.195,stop_sequence_approx,9,1.0,17.0,1020.0,1.0,gtfs_frequencies_typical_weekday,3258.9,163548.2,69.674,2.931,1.09,0.0,0.663,True,False,44.0,D,ordered-stop planning approximation | few representative stops,True,DERIVED,0,historic_only,uncertain,,,historic_gtfs_baseline,sakay_gtfs_master_historic,No current route validation supplied.,,,False,,historic_only,crame-san-juan,2.8169014084507045,399.375,0,3258.9,DERIVED,sakay_gtfs_master_historic|worldpop_phl_2020_1km
LTFRB_PUJ2193,,CUBAO (MERCURY) ROCES SUPER PALENGKE,"Eulogio Rodriguez Sr. Ave, Quezon City, Manila - Don Alejandro Roces Ave / Scout Reyes Intersection, Quezon City, Manila",724761,2.917,stop_sequence_approx,12,1.0,17.0,1020.0,1.0,gtfs_frequencies_typical_weekday,2975.34,142150.8,87.988,2.558,1.14,0.0,0.902,True,False,56.0,C,ordered-stop planning approximation,True,DERIVED,0,historic_only,uncertain,,,historic_gtfs_baseline,sakay_gtfs_master_historic,No current route validation supplied.,,,False,,historic_only,cubao-mercury-roces-super-palengke,4.1138155639355505,265.1818181818182,0,2975.34,DERIVED,sakay_gtfs_master_historic|worldpop_phl_2020_1km
LTFRB_PUJ2194,,CUBAO (MERCURY) ROCES SUPER PALENGKE,"Don Alejandro Roces Ave / S AA Intersection, Quezon City, Manila - Monte de Piedad St / Sgt. J. Catolos, Quezon City, Manila",725672,3.507,stop_sequence_approx,16,1.0,17.0,1020.0,1.0,gtfs_frequencies_typical_weekday,3577.1400000000003,179310.4,83.422,3.05,1.15,0.0,0.458,True,False,56.0,C,ordered-stop planning approximation,True,DERIVED,0,historic_only,uncertain,,,historic_gtfs_baseline,sakay_gtfs_master_historic,No current route validation supplied.,,,False,,historic_only,cubao-mercury-roces-super-palengke,4.562303963501568,233.8,0,3577.1400000000003,DERIVED,sakay_gtfs_master_historic|worldpop_phl_2020_1km
LTFRB_PUJ2195,,Cubao Crame via Murphy,"Santolan Rd, Quezon City, Manila - APAC Customer Services, Inc., P. Tuazon Blvd, Quezon City, Manila",725746,2.835,stop_sequence_approx,11,1.0,17.0,1020.0,1.0,gtfs_frequencies_typical_weekday,2891.7,84152.9,60.81,0.943,3.005,0.0,0.579,True,False,37.0,D,ordered-stop planning approximation | few representative stops | high detour ratio,True,DERIVED,0,historic_only,uncertain,,,historic_gtfs_baseline,sakay_gtfs_master_historic,No current route validation supplied.,,,False,,historic_only,cubao-crame,3.8800705467372136,283.5,0,2891.7,DERIVED,sakay_gtfs_master_historic|worldpop_phl_2020_1km
LTFRB_PUJ2196,,Cubao Crame via Murphy,"APAC Customer Services, Inc., P. Tuazon Blvd, Quezon City, Manila - Santolan Rd, Quezon City, Manila",725650,2.481,stop_sequence_approx,9,1.0,17.0,1020.0,1.0,gtfs_frequencies_typical_weekday,2530.62,84152.9,60.81,0.943,2.63,0.0,0.434,True,False,37.0,D,ordered-stop planning approximation | few representative stops | high detour ratio,True,DERIVED,0,historic_only,uncertain,,,historic_gtfs_baseline,sakay_gtfs_master_historic,No current route validation supplied.,,,False,,historic_only,cubao-crame,3.6275695284159615,310.125,0,2530.62,DERIVED,sakay_gtfs_master_historic|worldpop_phl_2020_1km
LTFRB_PUJ2197,,CUBAO DIVISORIA,"Claro M. Recto Ave / Jose Abad Santos Ave. Intersection, Manila - Aurora Blvd / Epifanio de los Santos Avenue Intersection, Quezon City, Manila",724995,8.724,stop_sequence_approx,11,1.0,17.0,1020.0,1.0,gtfs_frequencies_typical_weekday,8898.48,543099.7,94.194,8.256,1.057,0.0,1.966,True,False,44.0,D,ordered-stop planning approximation | few representative stops,True,DERIVED,2,historic_only,uncertain,,,historic_gtfs_baseline,sakay_gtfs_master_historic,No current route validation supplied.,,,False,,historic_only,cubao-divisoria,1.2608895002292526,872.4,0,8898.48,DERIVED,sakay_gtfs_master_historic|worldpop_phl_2020_1km
LTFRB_PUJ2198,,CUBAO DIVISORIA,"Aurora Blvd / N Domingo Intersection, Quezon City, Manila - Claro M. Recto Ave / Jose Abad Santos Ave. Intersection, Manila",726215,8.31,stop_sequence_approx,23,1.0,17.0,1020.0,1.0,gtfs_frequencies_typical_weekday,8476.2,562843.7,94.398,7.798,1.066,0.0,0.717,True,False,56.0,C,ordered-stop planning approximation,True,DERIVED,1,historic_only,uncertain,,,historic_gtfs_baseline,sakay_gtfs_master_historic,No current route validation supplied.,,,False,,historic_only,cubao-divisoria,2.7677496991576414,377.72727272727275,0,8476.2,DERIVED,sakay_gtfs_master_historic|worldpop_phl_2020_1km
LTFRB_PUJ2199,,CUBAO PADILLA via MARCOS HIWAY,"Aurora Blvd / Epifanio de los Santos Avenue Intersection, Quezon City, Manila - Marcos Hwy, Antipolo City, Manila",725509,15.984,stop_sequence_approx,58,1.0,17.0,1020.0,1.0,gtfs_frequencies_typical_weekday,16303.68,395342.9,56.327,14.76,1.083,0.0,2.029,True,False,56.0,C,ordered-stop planning approximation,True,DERIVED,0,historic_only,uncertain,,,historic_gtfs_baseline,sakay_gtfs_master_historic,No current route validation supplied.,,,False,,historic_only,cubao-padilla,3.6286286286286287,280.42105263157896,0,16303.68,DERIVED,sakay_gtfs_master_historic|worldpop_phl_2020_1km
LTFRB_PUJ2200,,CUBAO PADILLA via MARCOS HIWAY,"Marcos Hwy, Antipolo City, Manila - Aurora Blvd, Quezon City, Manila",725091,16.068,stop_sequence_approx,64,1.0,17.0,1020.0,1.0,gtfs_frequencies_typical_weekday,16389.36,395342.9,56.327,14.76,1.089,0.0,0.44,True,False,56.0,C,ordered-stop planning approximation,True,DERIVED,0,historic_only,uncertain,,,historic_gtfs_baseline,sakay_gtfs_master_historic,No current route validation supplied.,,,False,,historic_only,cubao-padilla,3.9830719442369924,255.04761904761907,0,16389.36,DERIVED,sakay_gtfs_master_historic|worldpop_phl_2020_1km
LTFRB_PUJ2201,,CUBAO SILANGAN (SAN MATEO) via AURORA,"Aurora Blvd / General Aguinaldo Ave Intersection, Quezon City, Manila - Barangay Silagan Road, Marikina City",725043,12.743,stop_sequence_approx,39,1.0,17.0,1020.0,1.0,gtfs_frequencies_typical_weekday,12997.86,395460.3,70.092,10.621,1.2,0.0,1.956,True,False,56.0,C,ordered-stop planning approximation,True,DERIVED,0,historic_only,uncertain,,,historic_gtfs_baseline,sakay_gtfs_master_historic,No current route validation supplied.,,,False,,historic_only,cubao-silangan-san-mateo,3.0605038060111434,335.3421052631579,0,12997.86,DERIVED,sakay_gtfs_master_historic|worldpop_phl_2020_1km
LTFRB_PUJ2202,,CUBAO SILANGAN (SAN MATEO) via AURORA,"Barangay Silagan Road, Marikina City - Aurora Blvd, Quezon City, Manila",724619,12.188,stop_sequence_approx,44,1.0,17.0,1020.0,1.0,gtfs_frequencies_typical_weekday,12431.76,395460.3,70.092,10.142,1.202,0.0,0.546,True,False,56.0,C,ordered-stop planning approximation,True,DERIVED,0,historic_only,uncertain,,,historic_gtfs_baseline,sakay_gtfs_master_historic,No current route validation supplied.,,,False,,historic_only,cubao-silangan-san-mateo,3.6101083032490973,283.4418604651163,0,12431.76,DERIVED,sakay_gtfs_master_historic|worldpop_phl_2020_1km
LTFRB_PUJ2203,,CUBAO TAYTAY,"Francisco / Bonifacio Ave Intersection, Cainta, Manila - 15th Ave / P. Tuazon Blvd, Quezon City, Manila",725544,15.558,stop_sequence_approx,49,1.0,17.0,1020.0,1.0,gtfs_frequencies_typical_weekday,15869.16,489116.1,74.187,8.538,1.822,0.0204,1.709,True,True,48.0,D,ordered-stop planning approximation | self-intersection detected,True,DERIVED,1,historic_only,uncertain,,,historic_gtfs_baseline,sakay_gtfs_master_historic,No current route validation supplied.,,,False,,historic_only,cubao-taytay,3.149505077773493,324.125,0,15869.16,DERIVED,sakay_gtfs_master_historic|worldpop_phl_2020_1km
LTFRB_PUJ2204,,CUBAO TAYTAY,"13th Ave / P. Tuazon Blvd, Quezon City, Manila - Francisco / Bonifacio Ave Intersection, Cainta, Manila",725065,12.357,stop_sequence_approx,33,1.0,17.0,1020.0,1.0,gtfs_frequencies_typical_weekday,12604.14,464606.7,72.825,8.662,1.427,0.0,1.015,True,False,56.0,C,ordered-stop planning approximation,True,DERIVED,1,historic_only,uncertain,,,historic_gtfs_baseline,sakay_gtfs_master_historic,No current route validation supplied.,,,False,,historic_only,cubao-taytay,2.670551104637048,386.15625,0,12604.14,DERIVED,sakay_gtfs_master_historic|worldpop_phl_2020_1km
LTFRB_PUJ2205,,EDSA Shaw Angono,"Manila East Rd, Angono, Manila - Epifanio de los Santos Avenue /  Shaw Blvd Intersection, Mandaluyong City, Manila",725267,18.349,stop_sequence_approx,71,1.0,17.0,1020.0,1.0,gtfs_frequencies_typical_weekday,18715.98,506549.4,54.665,12.883,1.424,0.0,1.131,True,False,56.0,C,ordered-stop planning approximation,True,DERIVED,0,historic_only,uncertain,,,historic_gtfs_baseline,sakay_gtfs_master_historic,No current route validation supplied.,,,False,,historic_only,edsa-shaw-angono,3.869420676876124,262.12857142857143,0,18715.98,DERIVED,sakay_gtfs_master_historic|worldpop_phl_2020_1km
LTFRB_PUJ2206,,EDSA Shaw Angono,"Meralco Ave, Pasig City, Manila - Quezon Ave, Angono, Manila",724787,17.068,stop_sequence_approx,75,1.0,17.0,1020.0,1.0,gtfs_frequencies_typical_weekday,17409.36,477916.4,53.947,11.674,1.462,0.0,0.976,True,False,56.0,C,ordered-stop planning approximation,True,DERIVED,0,historic_only,uncertain,,,historic_gtfs_baseline,sakay_gtfs_master_historic,No current route validation supplied.,,,False,,historic_only,edsa-shaw-angono,4.394187954066088,230.64864864864865,0,17409.36,DERIVED,sakay_gtfs_master_historic|worldpop_phl_2020_1km
LTFRB_PUJ2207,,EDSA Shaw E Rodriguez Ortigas Ave,"Mayflower, Mandaluyong City, Manila - Lanuza Ave / C-5 Intersection , Pasig City, Manila",725765,2.954,stop_sequence_approx,6,1.0,17.0,1020.0,1.0,gtfs_frequencies_typical_weekday,3013.0800000000004,102658.0,37.447,2.156,1.37,0.0,1.044,True,False,44.0,D,ordered-stop planning approximation | few representative stops,True,DERIVED,0,historic_only,uncertain,,,historic_gtfs_baseline,sakay_gtfs_master_historic,No current route validation supplied.,,,False,,historic_only,edsa-shaw-e-rodriguez-ortigas-ave,2.0311442112389977,590.8,0,3013.0800000000004,DERIVED,sakay_gtfs_master_historic|worldpop_phl_2020_1km
LTFRB_PUJ2208,,EDSA Shaw E Rodriguez Ortigas Ave,"Doña Julia Vargas Ave, Pasig City, Manila - Mayflower, Mandaluyong City, Manila",724811,3.081,stop_sequence_approx,9,1.0,17.0,1020.0,1.0,gtfs_frequencies_typical_weekday,3142.62,107972.8,35.604,2.381,1.294,0.0,0.539,True,False,44.0,D,ordered-stop planning approximation | few representative stops,True,DERIVED,0,historic_only,uncertain,,,historic_gtfs_baseline,sakay_gtfs_master_historic,No current route validation supplied.,,,False,,historic_only,edsa-shaw-e-rodriguez-ortigas-ave,2.9211295034079843,385.125,0,3142.62,DERIVED,sakay_gtfs_master_historic|worldpop_phl_2020_1km
LTFRB_PUJ2209,,EDSA SHAW Guadalupe via S MAdre,"Sgt. Fabian Yabut Circle, Makati City, Manila - Mayflower, Mandaluyong City, Manila",725860,2.347,stop_sequence_approx,8,1.0,17.0,1020.0,1.0,gtfs_frequencies_typical_weekday,2393.94,164053.6,97.686,2.088,1.124,0.0,0.607,True,False,44.0,D,ordered-stop planning approximation | few representative stops,True,DERIVED,0,historic_only,uncertain,,,historic_gtfs_baseline,sakay_gtfs_master_historic,No current route validation supplied.,,,False,,historic_only,edsa-shaw-guadalupe,3.4086067319982956,335.2857142857143,0,2393.94,DERIVED,sakay_gtfs_master_historic|worldpop_phl_2020_1km
LTFRB_PUJ2210,,EDSA SHAW Guadalupe via S MAdre,"Mayflower, Mandaluyong City, Manila - Kalayaan Ave, Taguig City, Manila",725800,3.385,stop_sequence_approx,13,1.0,17.0,1020.0,1.0,gtfs_frequencies_typical_weekday,3452.7,165897.9,96.6,2.073,1.633,0.0,0.522,True,False,56.0,C,ordered-stop planning approximation,True,DERIVED,0,historic_only,uncertain,,,historic_gtfs_baseline,sakay_gtfs_master_historic,No current route validation supplied.,,,False,,historic_only,edsa-shaw-guadalupe,3.840472673559823,282.0833333333333,0,3452.7,DERIVED,sakay_gtfs_master_historic|worldpop_phl_2020_1km
LTFRB_PUJ2211,,EDSA Shaw Quiapo via Sta Mesa,"Balderama / Caruncho Ave, Pasig City, Manila - Legarda, Manila",726126,13.419,stop_sequence_approx,33,1.0,17.0,1020.0,1.0,gtfs_frequencies_typical_weekday,13687.38,871051.5,91.927,11.162,1.202,0.0,1.191,True,False,56.0,C,ordered-stop planning approximation,True,DERIVED,1,historic_only,uncertain,,,historic_gtfs_baseline,sakay_gtfs_master_historic,No current route validation supplied.,,,False,,historic_only,edsa-shaw-quiapo,2.4591996422982336,419.34375,0,13687.38,DERIVED,sakay_gtfs_master_historic|worldpop_phl_2020_1km
LTFRB_PUJ2212,,EDSA Shaw Quiapo via Sta Mesa,"Carlos Palanca Sr, Manila - Caruncho Ave, Pasig City, Manila",724996,14.943,stop_sequence_approx,42,1.0,17.0,1020.0,1.0,gtfs_frequencies_typical_weekday,15241.86,905175.7,91.308,11.05,1.352,0.0,1.191,True,False,56.0,C,ordered-stop planning approximation,True,DERIVED,0,historic_only,uncertain,,,historic_gtfs_baseline,sakay_gtfs_master_historic,No current route validation supplied.,,,False,,historic_only,edsa-shaw-quiapo,2.810680586227665,364.4634146341463,0,15241.86,DERIVED,sakay_gtfs_master_historic|worldpop_phl_2020_1km
LTFRB_PUJ2213,,EDSA Shaw Central San Joaquin,"M. Almeda, Pateros, Manila - Shaw Blvd, Shaw Blvd, Manila",724850,4.58,stop_sequence_approx,17,1.0,17.0,1020.0,1.0,gtfs_frequencies_typical_weekday,4671.6,286026.8,83.16,3.43,1.335,0.0,0.749,True,False,56.0,C,ordered-stop planning approximation,True,DERIVED,0,historic_only,uncertain,,,historic_gtfs_baseline,sakay_gtfs_master_historic,No current route validation supplied.,,,False,,historic_only,edsa-shaw-central-san-joaquin,3.7117903930131004,286.25,0,4671.6,DERIVED,sakay_gtfs_master_historic|worldpop_phl_2020_1km
LTFRB_PUJ2214,,EDSA Shaw Central San Joaquin,"Sheridan / United Street, Mandaluyong City, Manila - M. Almeda, Pateros, Manila",725013,5.399,stop_sequence_approx,20,1.0,17.0,1020.0,1.0,gtfs_frequencies_typical_weekday,5506.9800000000005,297890.1,86.347,3.415,1.581,0.0,1.374,True,False,56.0,C,ordered-stop planning approximation,True,DERIVED,0,historic_only,uncertain,,,historic_gtfs_baseline,sakay_gtfs_master_historic,No current route validation supplied.,,,False,,historic_only,edsa-shaw-central-san-joaquin,3.704389701796629,284.1578947368421,0,5506.9800000000005,DERIVED,sakay_gtfs_master_historic|worldpop_phl_2020_1km
LTFRB_PUJ2215,,Guadalupe Cartimar GilPuyat Buendia,"Senator Gil Puyat Ave, Lungsod ng Pasay, Manila - Epifanio de los Santos Avenue, Makati City, Manila",726004,6.554,stop_sequence_approx,13,1.0,17.0,1020.0,1.0,gtfs_frequencies_typical_weekday,6685.08,210582.1,77.366,6.022,1.088,0.0,1.21,True,False,56.0,C,ordered-stop planning approximation,True,DERIVED,0,historic_only,uncertain,,,historic_gtfs_baseline,sakay_gtfs_master_historic,No current route validation supplied.,,,False,,historic_only,guadalupe-cartimar-gilpuyat-buendia,1.9835215135794935,546.1666666666666,0,6685.08,DERIVED,sakay_gtfs_master_historic|worldpop_phl_2020_1km
LTFRB_PUJ2217,,Guadalupe FTI v JP Rizal,"DBP Ave, Taguig City, Manila, Manila - P.Burgos, Makati City, Manila",726207,9.518,stop_sequence_approx,25,1.0,17.0,1020.0,1.0,gtfs_frequencies_typical_weekday,9708.36,505738.7,90.886,6.624,1.437,0.0,1.269,True,False,56.0,C,ordered-stop planning approximation,True,DERIVED,0,historic_only,uncertain,,,historic_gtfs_baseline,sakay_gtfs_master_historic,No current route validation supplied.,,,False,,historic_only,guadalupe-fti-v-jp-rizal,2.6266022273586884,396.5833333333333,0,9708.36,DERIVED,sakay_gtfs_master_historic|worldpop_phl_2020_1km
LTFRB_PUJ2218,,Guadalupe FTI v JP Rizal,"Dr Jose P. Rizal Extension, Makati City, Manila - Food Terminal Incorporated, DBP Ave, Taguig City, Manila, Manila",724949,10.298,stop_sequence_approx,26,1.0,17.0,1020.0,1.0,gtfs_frequencies_typical_weekday,10503.96,469765.4,92.039,6.984,1.475,0.0,1.333,True,False,56.0,C,ordered-stop planning approximation,True,DERIVED,1,historic_only,uncertain,,,historic_gtfs_baseline,sakay_gtfs_master_historic,No current route validation supplied.,,,False,,historic_only,guadalupe-fti-v-jp-rizal,2.5247620897261602,411.92,0,10503.96,DERIVED,sakay_gtfs_master_historic|worldpop_phl_2020_1km
LTFRB_PUJ2219,,Guadalupe Pateros,"P Rosales, Pasig City - San Jose Street, Makati City, Manila",725082,5.019,stop_sequence_approx,21,1.0,17.0,1020.0,1.0,gtfs_frequencies_typical_weekday,5119.38,320211.8,95.641,3.635,1.381,0.0,0.463,True,False,56.0,C,ordered-stop planning approximation,True,DERIVED,0,historic_only,uncertain,,,historic_gtfs_baseline,sakay_gtfs_master_historic,No current route validation supplied.,,,False,,historic_only,guadalupe-pateros,4.184100418410042,250.95,0,5119.38,DERIVED,sakay_gtfs_master_historic|worldpop_phl_2020_1km
LTFRB_PUJ2220,,Guadalupe Pateros,"Epifanio de los Santos Avenue, Makati City, Manila - Villa Monica Resort, M. Almeda, Pateros, Manila",725835,4.711,stop_sequence_approx,20,1.0,17.0,1020.0,1.0,gtfs_frequencies_typical_weekday,4805.22,364223.8,96.167,3.583,1.315,0.0,0.881,True,False,56.0,C,ordered-stop planning approximation,True,DERIVED,0,historic_only,uncertain,,,historic_gtfs_baseline,sakay_gtfs_master_historic,No current route validation supplied.,,,False,,historic_only,guadalupe-pateros,4.245383145828911,247.94736842105263,0,4805.22,DERIVED,sakay_gtfs_master_historic|worldpop_phl_2020_1km
LTFRB_PUJ2221,,Kamuning Remedios v Guinto,"Leon Guinto Sr., Manila - Kamuning Rd / L. Siangio, Quezon City, Manila",725655,9.899,stop_sequence_approx,26,1.0,17.0,1020.0,1.0,gtfs_frequencies_typical_weekday,10096.98,612031.0,89.883,7.491,1.321,0.0,1.157,True,False,56.0,C,ordered-stop planning approximation,True,DERIVED,0,historic_only,uncertain,,,historic_gtfs_baseline,sakay_gtfs_master_historic,No current route validation supplied.,,,False,,historic_only,kamuning-remedios-v-guinto,2.6265279321143553,395.96,0,10096.98,DERIVED,sakay_gtfs_master_historic|worldpop_phl_2020_1km
LTFRB_PUJ2222,,Kamuning Remedios v Guinto,"Judge Damien Jimenez / Kamuning Rd, Quezon City, Manila - Taft Ave, Manila",726373,10.267,stop_sequence_approx,29,1.0,17.0,1020.0,1.0,gtfs_frequencies_typical_weekday,10472.34,608644.6,89.827,8.078,1.271,0.0,1.105,True,False,56.0,C,ordered-stop planning approximation,True,DERIVED,0,historic_only,uncertain,,,historic_gtfs_baseline,sakay_gtfs_master_historic,No current route validation supplied.,,,False,,historic_only,kamuning-remedios-v-guinto,2.824583617415019,366.67857142857144,0,10472.34,DERIVED,sakay_gtfs_master_historic|worldpop_phl_2020_1km
LTFRB_PUJ2223,,KAMUNING PIER SOUTH via RODRIGUEZ,"Padre Burgos St, Manila - Kamuning Rd / Scout Rallos Extension Intersection, Quezon City, Manila",725308,9.825,stop_sequence_approx,27,1.0,17.0,1020.0,1.0,gtfs_frequencies_typical_weekday,10021.5,533003.0,90.111,8.839,1.112,0.0,1.577,True,False,56.0,C,ordered-stop planning approximation,True,DERIVED,0,historic_only,uncertain,,,historic_gtfs_baseline,sakay_gtfs_master_historic,No current route validation supplied.,,,False,,historic_only,kamuning-pier-south,2.7480916030534353,377.88461538461536,0,10021.5,DERIVED,sakay_gtfs_master_historic|worldpop_phl_2020_1km
LTFRB_PUJ2224,,KAMUNING PIER SOUTH via RODRIGUEZ,"Kamuning Rd / Scout Rallos Extension Intersection, Quezon City, Manila - Padre Burgos St / Padre Burgos Street Intersection, Manila",724771,10.671,stop_sequence_approx,37,1.0,17.0,1020.0,1.0,gtfs_frequencies_typical_weekday,10884.42,559751.2,90.157,9.174,1.163,0.0,0.728,True,False,56.0,C,ordered-stop planning approximation,True,DERIVED,0,historic_only,uncertain,,,historic_gtfs_baseline,sakay_gtfs_master_historic,No current route validation supplied.,,,False,,historic_only,kamuning-pier-south,3.467341392559273,296.4166666666667,0,10884.42,DERIVED,sakay_gtfs_master_historic|worldpop_phl_2020_1km
LTFRB_PUJ2225,,Lagro Don Antonio Heights,"Commonwealth Avenue / Capitol Homes Drive Intersection, Quezon City - Bristol Street / Bronson Street Intersection, Quezon City",726091,7.22,stop_sequence_approx,26,1.0,17.0,1020.0,1.0,gtfs_frequencies_typical_weekday,7364.4,277519.2,89.754,5.086,1.419,0.0,0.48,True,False,56.0,C,ordered-stop planning approximation,True,DERIVED,0,historic_only,uncertain,,,historic_gtfs_baseline,sakay_gtfs_master_historic,No current route validation supplied.,,,False,,historic_only,lagro-don-antonio-heights,3.6011080332409975,288.8,0,7364.4,DERIVED,sakay_gtfs_master_historic|worldpop_phl_2020_1km
LTFRB_PUJ2226,,Lagro Don Antonio Heights,"Bristol Street / Bronson Street Intersection, Quezon City - Total Fairview, Commonwealth Avenue, Quezon City",724856,1.746,stop_sequence_approx,10,1.0,17.0,1020.0,1.0,gtfs_frequencies_typical_weekday,1780.92,88196.8,70.207,1.356,1.288,0.0,0.359,True,False,44.0,D,ordered-stop planning approximation | few representative stops,True,DERIVED,0,historic_only,uncertain,,,historic_gtfs_baseline,sakay_gtfs_master_historic,No current route validation supplied.,,,False,,historic_only,lagro-don-antonio-heights,5.72737686139748,194.0,0,1780.92,DERIVED,sakay_gtfs_master_historic|worldpop_phl_2020_1km
LTFRB_PUJ2227,,Lagro Don Antonio Heights,"Quezon Avenue, Quezon City - Bristol Street / Bronson Street Intersection, Quezon City",725172,17.528,stop_sequence_approx,50,1.0,17.0,1020.0,1.0,gtfs_frequencies_typical_weekday,17878.559999999998,652183.4,72.068,12.288,1.426,0.0,1.301,True,False,56.0,C,ordered-stop planning approximation,True,DERIVED,0,historic_only,uncertain,,,historic_gtfs_baseline,sakay_gtfs_master_historic,No current route validation supplied.,,,False,,historic_only,lagro-don-antonio-heights,2.8525787311729807,357.7142857142857,0,17878.559999999998,DERIVED,sakay_gtfs_master_historic|worldpop_phl_2020_1km
LTFRB_PUJ2228,,Lagro Panay welcome,"Bristol Street / Bronson Street Intersection, Quezon City - Philippine Coconut Authority, Commonwealth Avenue, Quezon City",725359,19.207,stop_sequence_approx,67,1.0,17.0,1020.0,1.0,gtfs_frequencies_typical_weekday,19591.14,668803.8,72.763,12.859,1.494,0.0,0.874,True,False,56.0,C,ordered-stop planning approximation,True,DERIVED,0,historic_only,uncertain,,,historic_gtfs_baseline,sakay_gtfs_master_historic,No current route validation supplied.,,,False,,historic_only,lagro-panay-welcome,3.488311553079606,291.0151515151515,0,19591.14,DERIVED,sakay_gtfs_master_historic|worldpop_phl_2020_1km
LTFRB_PUJ2229,,Lagro Philcoa,"Commonwealth Avenue / University Avenue Intersection, Quezon City - Bristol Street / Bronson Street Intersection, Quezon City",724724,11.222,stop_sequence_approx,41,1.0,17.0,1020.0,1.0,gtfs_frequencies_typical_weekday,11446.44,392803.2,73.076,7.316,1.534,0.0,0.48,True,False,56.0,C,ordered-stop planning approximation,True,DERIVED,0,historic_only,uncertain,,,historic_gtfs_baseline,sakay_gtfs_master_historic,No current route validation supplied.,,,False,,historic_only,lagro-philcoa,3.653537693815719,280.55,0,11446.44,DERIVED,sakay_gtfs_master_historic|worldpop_phl_2020_1km
LTFRB_PUJ2230,,Lagro Philcoa,"Bristol Street / Bronson Street Intersection, Quezon City - Regalado Highway / Commonwealth Avenue Intersection, Quezon City",724808,1.387,stop_sequence_approx,9,1.0,17.0,1020.0,1.0,gtfs_frequencies_typical_weekday,1414.74,56467.5,74.541,1.136,1.221,0.0,0.253,True,False,44.0,D,ordered-stop planning approximation | few representative stops,True,DERIVED,0,historic_only,uncertain,,,historic_gtfs_baseline,sakay_gtfs_master_historic,No current route validation supplied.,,,False,,historic_only,lagro-philcoa,6.488824801730353,173.375,0,1414.74,DERIVED,sakay_gtfs_master_historic|worldpop_phl_2020_1km
LTFRB_PUJ2231,,Lagro SM North,"Epifanio de los Santos Avenue / North Avenue Intersection, Quezon City - Ascencion Avenue / Caridad Intersection, Quezon City",725536,16.025,stop_sequence_approx,60,1.0,17.0,1020.0,1.0,gtfs_frequencies_typical_weekday,16345.499999999998,598786.3,75.448,9.461,1.694,0.0,0.583,True,False,56.0,C,ordered-stop planning approximation,True,DERIVED,1,historic_only,uncertain,,,historic_gtfs_baseline,sakay_gtfs_master_historic,No current route validation supplied.,,,False,,historic_only,lagro-sm-north,3.74414976599064,271.61016949152537,0,16345.499999999998,DERIVED,sakay_gtfs_master_historic|worldpop_phl_2020_1km
LTFRB_PUJ2232,,Lagro SM North,"Ascencion Avenue / Caridad Intersection, Quezon City - Philippine Coconut Authority, Commonwealth Avenue, Quezon City",726106,13.976,stop_sequence_approx,54,1.0,17.0,1020.0,1.0,gtfs_frequencies_typical_weekday,14255.52,498368.1,70.501,9.265,1.509,0.0,0.48,True,False,56.0,C,ordered-stop planning approximation,True,DERIVED,0,historic_only,uncertain,,,historic_gtfs_baseline,sakay_gtfs_master_historic,No current route validation supplied.,,,False,,historic_only,lagro-sm-north,3.8637664567830563,263.6981132075472,0,14255.52,DERIVED,sakay_gtfs_master_historic|worldpop_phl_2020_1km
LTFRB_PUJ2233,,Lagro V Luna Anonas,"V. Luna Hospital, V. Luna Ave, Quezon City, Manila - Ascencion Avenue / Caridad Intersection, Quezon City",725747,15.699,stop_sequence_approx,57,1.0,17.0,1020.0,1.0,gtfs_frequencies_typical_weekday,16012.98,552055.4,73.37,10.816,1.451,0.0,0.838,True,False,56.0,C,ordered-stop planning approximation,True,DERIVED,0,historic_only,uncertain,,,historic_gtfs_baseline,sakay_gtfs_master_historic,No current route validation supplied.,,,False,,historic_only,lagro-v-luna-anonas,3.6308045098413912,280.3392857142857,0,16012.98,DERIVED,sakay_gtfs_master_historic|worldpop_phl_2020_1km
LTFRB_PUJ2234,,Lagro V Luna Anonas,"Ascencion Avenue / Caridad Intersection, Quezon City - Philippine Coconut Authority, Commonwealth Avenue, Quezon City",725300,16.251,stop_sequence_approx,62,1.0,17.0,1020.0,1.0,gtfs_frequencies_typical_weekday,16576.02,552055.4,73.37,10.816,1.502,0.0,0.531,True,False,56.0,C,ordered-stop planning approximation,True,DERIVED,0,historic_only,uncertain,,,historic_gtfs_baseline,sakay_gtfs_master_historic,No current route validation supplied.,,,False,,historic_only,lagro-v-luna-anonas,3.8151498369331116,266.4098360655738,0,16576.02,DERIVED,sakay_gtfs_master_historic|worldpop_phl_2020_1km
LTFRB_PUJ2235,,Libertad MCU via Mabini,"Harrison St, Manila - Monumento, Rizal Avenue, Caloocan City",725010,12.648,stop_sequence_approx,46,1.0,17.0,1020.0,2.0,gtfs_frequencies_typical_weekday,12900.96,672869.9,91.153,12.055,1.049,0.0,0.73,True,False,56.0,C,ordered-stop planning approximation,True,DERIVED,2,historic_only,uncertain,,,historic_gtfs_baseline,sakay_gtfs_master_historic,No current route validation supplied.,,,False,,historic_only,libertad-mcu,3.6369386464263127,281.06666666666666,0,12900.96,DERIVED,sakay_gtfs_master_historic|worldpop_phl_2020_1km
LTFRB_PUJ2236,,Libertad MCU via Mabini,"Epifanio de los Santos Avenue / General Rosendo Simon Intersection , Caloocan City - Antonio Arnaiz Ave / F.B. Harrison St Intersection",724712,13.865,stop_sequence_approx,44,1.0,17.0,1020.0,1.0,gtfs_frequencies_typical_weekday,14142.3,739916.3,93.511,12.312,1.126,0.0,1.095,True,False,56.0,C,ordered-stop planning approximation,True,DERIVED,1,historic_only,uncertain,,,historic_gtfs_baseline,sakay_gtfs_master_historic,No current route validation supplied.,,,False,,historic_only,libertad-mcu,3.1734583483591776,322.4418604651163,0,14142.3,DERIVED,sakay_gtfs_master_historic|worldpop_phl_2020_1km
LTFRB_PUJ2238,,Libertad Monumento via Mabini,"Rizal Ave / 8th Ave West, Caloocan City, Manila - Harrison St, Manila",725722,12.456,stop_sequence_approx,39,1.0,17.0,1020.0,1.0,gtfs_frequencies_typical_weekday,12705.12,623661.5,92.158,11.217,1.11,0.0,1.095,True,False,56.0,C,ordered-stop planning approximation,True,DERIVED,1,historic_only,uncertain,,,historic_gtfs_baseline,sakay_gtfs_master_historic,No current route validation supplied.,,,False,,historic_only,libertad-monumento,3.13102119460501,327.7894736842105,0,12705.12,DERIVED,sakay_gtfs_master_historic|worldpop_phl_2020_1km
LTFRB_PUJ2239,,Libertad Pinagbarilan via EDSA,"Epifanio de los Santos Avenue / Skyway , Lungsod ng Makati, Manila - Antonio Arnaiz Ave / F.B. Harrison St Intersection",725932,3.498,stop_sequence_approx,10,1.0,17.0,1020.0,1.0,gtfs_frequencies_typical_weekday,3567.96,255327.3,92.533,2.558,1.368,0.0,0.564,True,False,44.0,D,ordered-stop planning approximation | few representative stops,True,DERIVED,0,historic_only,uncertain,,,historic_gtfs_baseline,sakay_gtfs_master_historic,No current route validation supplied.,,,False,,historic_only,libertad-pinagbarilan,2.8587764436821037,388.6666666666667,0,3567.96,DERIVED,sakay_gtfs_master_historic|worldpop_phl_2020_1km
LTFRB_PUJ2240,,Libertad Pinagbarilan via EDSA,"F.B. Harrison St / Ignacio, Lungsod ng Pasay - Epifanio de los Santos Avenue / Skyway , Lungsod ng Makati, Manila",725514,2.938,stop_sequence_approx,6,1.0,17.0,1020.0,1.0,gtfs_frequencies_typical_weekday,2996.76,188658.7,82.89,2.374,1.238,0.0,1.606,True,False,44.0,D,ordered-stop planning approximation | few representative stops,True,DERIVED,0,historic_only,uncertain,,,historic_gtfs_baseline,sakay_gtfs_master_historic,No current route validation supplied.,,,False,,historic_only,libertad-pinagbarilan,2.0422055820285907,587.6,0,2996.76,DERIVED,sakay_gtfs_master_historic|worldpop_phl_2020_1km
LTFRB_PUJ2241,,Libertad QI via LGuinto,"Taft Ave / College Rd Intersection, Lungsod ng Pasay - Quezon Institute, Eulogio Rodriguez Sr Ave, Quezon City, Manila",724603,10.016,stop_sequence_approx,23,1.0,17.0,1020.0,1.0,gtfs_frequencies_typical_weekday,10216.32,667575.9,95.2,7.717,1.298,0.0,1.206,True,False,56.0,C,ordered-stop planning approximation,True,DERIVED,0,historic_only,uncertain,,,historic_gtfs_baseline,sakay_gtfs_master_historic,No current route validation supplied.,,,False,,historic_only,libertad-qi,2.2963258785942493,455.27272727272725,0,10216.32,DERIVED,sakay_gtfs_master_historic|worldpop_phl_2020_1km
LTFRB_PUJ2242,,Libertad QI via LGuinto,"Quezon Institute, Eulogio Rodriguez Sr Ave, Quezon City, Manila - A. Luna, Barangay 29",726342,10.111,stop_sequence_approx,28,1.0,17.0,1020.0,1.0,gtfs_frequencies_typical_weekday,10313.22,676012.6,94.012,7.62,1.327,0.0,0.847,True,False,56.0,C,ordered-stop planning approximation,True,DERIVED,0,historic_only,uncertain,,,historic_gtfs_baseline,sakay_gtfs_master_historic,No current route validation supplied.,,,False,,historic_only,libertad-qi,2.769261200672535,374.48148148148147,0,10313.22,DERIVED,sakay_gtfs_master_historic|worldpop_phl_2020_1km
LTFRB_PUJ2243,,Libertad QI via Mabini,"P. Villanueva, Lungsod ng Pasay - Gregorio Araneta Ave / Eulogio Rodriguez Sr Ave Intersection, Quezon City, Manila",726258,11.2,stop_sequence_approx,28,1.0,17.0,1020.0,1.0,gtfs_frequencies_typical_weekday,11424.0,626199.4,90.056,8.12,1.379,0.0,1.313,True,False,56.0,C,ordered-stop planning approximation,True,DERIVED,0,historic_only,uncertain,,,historic_gtfs_baseline,sakay_gtfs_master_historic,No current route validation supplied.,,,False,,historic_only,libertad-qi,2.5,414.81481481481484,0,11424.0,DERIVED,sakay_gtfs_master_historic|worldpop_phl_2020_1km
LTFRB_PUJ2244,,Libertad QI via Mabini,"Quezon Institute, Eulogio Rodriguez Sr Ave, Quezon City, Manila - Taft Ave, Lungsod ng Pasay",724660,9.928,stop_sequence_approx,27,1.0,17.0,1020.0,1.0,gtfs_frequencies_typical_weekday,10126.56,610326.9,93.367,7.209,1.377,0.037,0.847,True,True,48.0,D,ordered-stop planning approximation | self-intersection detected,True,DERIVED,0,historic_only,uncertain,,,historic_gtfs_baseline,sakay_gtfs_master_historic,No current route validation supplied.,,,False,,historic_only,libertad-qi,2.7195809830781625,381.84615384615387,0,10126.56,DERIVED,sakay_gtfs_master_historic|worldpop_phl_2020_1km
LTFRB_PUJ2245,,Libertad Retiro via Sta Cruz,"P. Villanueva, Lungsod ng Pasay - Andres Bonifacio / Ferdinand Blumentritt Intersection, Quezon City",725762,10.504,stop_sequence_approx,38,1.0,17.0,1020.0,1.0,gtfs_frequencies_typical_weekday,10714.08,599572.5,91.92,8.75,1.2,0.0,0.73,True,False,56.0,C,ordered-stop planning approximation,True,DERIVED,1,historic_only,uncertain,,,historic_gtfs_baseline,sakay_gtfs_master_historic,No current route validation supplied.,,,False,,historic_only,libertad-retiro,3.6176694592536176,283.8918918918919,0,10714.08,DERIVED,sakay_gtfs_master_historic|worldpop_phl_2020_1km
LTFRB_PUJ2246,,Libertad Retiro via Sta Cruz,"Ferdinand Blumentritt / Aurora Boulevard Intersection, Quezon City - Senator Gil Puyat Ave, Lungsod ng Pasay, Manila",725197,8.803,stop_sequence_approx,27,1.0,17.0,1020.0,1.0,gtfs_frequencies_typical_weekday,8979.060000000001,496738.4,91.851,7.992,1.101,0.0,0.936,True,False,56.0,C,ordered-stop planning approximation,True,DERIVED,1,historic_only,uncertain,,,historic_gtfs_baseline,sakay_gtfs_master_historic,No current route validation supplied.,,,False,,historic_only,libertad-retiro,3.0671362035669656,338.5769230769231,0,8979.060000000001,DERIVED,sakay_gtfs_master_historic|worldpop_phl_2020_1km
LTFRB_PUJ2247,,Libertad Vito Cruz via FB Harrizon,"Harrison St, Manila - HP Village Square, Pablo Ocampo Sr., Manila",725164,1.419,stop_sequence_approx,4,1.0,17.0,1020.0,1.0,gtfs_frequencies_typical_weekday,1447.38,90140.2,81.806,1.41,1.007,0.0,0.73,True,False,44.0,D,ordered-stop planning approximation | few representative stops,True,DERIVED,0,historic_only,uncertain,,,historic_gtfs_baseline,sakay_gtfs_master_historic,No current route validation supplied.,,,False,,historic_only,libertad-vito-cruz,2.818886539816772,473.0,0,1447.38,DERIVED,sakay_gtfs_master_historic|worldpop_phl_2020_1km
LTFRB_PUJ2248,,Libertad Vito Cruz via FB Harrizon,"HP Village Square, Pablo Ocampo Sr., Manila - Harrison St, Manila",726411,1.421,stop_sequence_approx,5,1.0,17.0,1020.0,1.0,gtfs_frequencies_typical_weekday,1449.42,90140.2,81.806,1.41,1.008,0.0,0.434,True,False,44.0,D,ordered-stop planning approximation | few representative stops,True,DERIVED,0,historic_only,uncertain,,,historic_gtfs_baseline,sakay_gtfs_master_historic,No current route validation supplied.,,,False,,historic_only,libertad-vito-cruz,3.518648838845883,355.25,0,1449.42,DERIVED,sakay_gtfs_master_historic|worldpop_phl_2020_1km
LTFRB_PUJ2249,,Marcos Ave Tandang Sora Balintawak,"Social Science Institute, Commonwealth Avenue, Quezon City - Tanding Sora Avenue, Quezon City",725464,6.531,stop_sequence_approx,30,1.0,17.0,1020.0,1.0,gtfs_frequencies_typical_weekday,6661.62,266952.3,78.115,5.003,1.306,0.0,0.342,True,False,56.0,C,ordered-stop planning approximation,True,DERIVED,2,historic_only,uncertain,,,historic_gtfs_baseline,sakay_gtfs_master_historic,No current route validation supplied.,,,False,,historic_only,marcos-ave-tandang-sora-balintawak,4.593477262287552,225.20689655172413,0,6661.62,DERIVED,sakay_gtfs_master_historic|worldpop_phl_2020_1km
LTFRB_PUJ2250,,Marcos Ave Tandang Sora Balintawak,"Tanding Sora Avenue, Quezon City - Tandang Sora / Demetria Reynaldo Intersection, Quezon City",725909,5.379,stop_sequence_approx,24,1.0,17.0,1020.0,1.0,gtfs_frequencies_typical_weekday,5486.58,280726.3,82.112,5.236,1.027,0.0,0.438,True,False,56.0,C,ordered-stop planning approximation,True,DERIVED,2,historic_only,uncertain,,,historic_gtfs_baseline,sakay_gtfs_master_historic,No current route validation supplied.,,,False,,historic_only,marcos-ave-tandang-sora-balintawak,4.461795872838818,233.8695652173913,0,5486.58,DERIVED,sakay_gtfs_master_historic|worldpop_phl_2020_1km
LTFRB_PUJ2251,,Pasay Rtda v Sta Cruz Blumentrit,"Hospital, A.Mabini, Manila - Light Rail Transportation / New Antipolo, Quezon City",725688,6.962,stop_sequence_approx,26,1.0,17.0,1020.0,1.0,gtfs_frequencies_typical_weekday,7101.24,385453.5,89.378,6.616,1.052,0.0,0.482,True,False,56.0,C,ordered-stop planning approximation,True,DERIVED,0,historic_only,uncertain,,,historic_gtfs_baseline,sakay_gtfs_master_historic,No current route validation supplied.,,,False,,historic_only,pasay-rtda-v-sta-cruz-blumentrit,3.7345590347601267,278.48,0,7101.24,DERIVED,sakay_gtfs_master_historic|worldpop_phl_2020_1km
LTFRB_PUJ2252,,Pasay Rtda v Sta Cruz Blumentrit,"Light Rail Transportation 1, Manila - Hospital, A.Mabini, Manila",725789,7.02,stop_sequence_approx,22,1.0,17.0,1020.0,1.0,gtfs_frequencies_typical_weekday,7160.4,322318.7,87.297,6.164,1.139,0.0,0.936,True,False,56.0,C,ordered-stop planning approximation,True,DERIVED,1,historic_only,uncertain,,,historic_gtfs_baseline,sakay_gtfs_master_historic,No current route validation supplied.,,,False,,historic_only,pasay-rtda-v-sta-cruz-blumentrit,3.133903133903134,334.2857142857143,0,7160.4,DERIVED,sakay_gtfs_master_historic|worldpop_phl_2020_1km
LTFRB_PUJ2253,,PROJ 2&3 ESPANA,"España Blvd / Nicanor Reyes St Intersection, Manila - Molave, Quezon City, Manila",724904,9.923,stop_sequence_approx,28,1.0,17.0,1020.0,2.0,gtfs_frequencies_typical_weekday,10121.46,582755.0,92.726,9.145,1.085,0.0,1.577,True,False,56.0,C,ordered-stop planning approximation,True,DERIVED,0,historic_only,uncertain,,,historic_gtfs_baseline,sakay_gtfs_master_historic,No current route validation supplied.,,,False,,historic_only,proj-2-3-espana,2.8217273002116294,367.51851851851853,0,10121.46,DERIVED,sakay_gtfs_master_historic|worldpop_phl_2020_1km
LTFRB_PUJ2254,,PROJ 2&3 ESPANA,"Narra, Quezon City, Manila - España Blvd / Nicanor Reyes St Intersection, Manila",726331,10.321,stop_sequence_approx,39,1.0,17.0,1020.0,1.0,gtfs_frequencies_typical_weekday,10527.42,582755.0,92.726,9.223,1.119,0.0,0.555,True,False,56.0,C,ordered-stop planning approximation,True,DERIVED,0,historic_only,uncertain,,,historic_gtfs_baseline,sakay_gtfs_master_historic,No current route validation supplied.,,,False,,historic_only,proj-2-3-espana,3.7787036139908925,271.60526315789474,0,10527.42,DERIVED,sakay_gtfs_master_historic|worldpop_phl_2020_1km
LTFRB_PUJ2255,,PROJ 2&3 KALAW via RODRIGUEZ,"Maria Y. Orosa St, Manila - Molave, Quezon City, Manila",724727,12.954,stop_sequence_approx,40,1.0,17.0,1020.0,1.0,gtfs_frequencies_typical_weekday,13213.08,675547.1,88.981,10.819,1.197,0.0,1.157,True,False,56.0,C,ordered-stop planning approximation,True,DERIVED,0,historic_only,uncertain,,,historic_gtfs_baseline,sakay_gtfs_master_historic,No current route validation supplied.,,,False,,historic_only,proj-2-3-kalaw,3.087849312953528,332.15384615384613,0,13213.08,DERIVED,sakay_gtfs_master_historic|worldpop_phl_2020_1km
LTFRB_PUJ2256,,PROJ 2&3 KALAW via RODRIGUEZ,"Narra, Quezon City, Manila - T.M. Kalaw, Manila",725128,13.179,stop_sequence_approx,46,1.0,17.0,1020.0,1.0,gtfs_frequencies_typical_weekday,13442.58,675547.1,88.981,10.753,1.226,0.0,0.563,True,False,56.0,C,ordered-stop planning approximation,True,DERIVED,0,historic_only,uncertain,,,historic_gtfs_baseline,sakay_gtfs_master_historic,No current route validation supplied.,,,False,,historic_only,proj-2-3-kalaw,3.4904013961605584,292.8666666666667,0,13442.58,DERIVED,sakay_gtfs_master_historic|worldpop_phl_2020_1km
LTFRB_PUJ2257,,PROJ 2&3 TM KALAW via E RODRIGUEZ,"T.M. Kalaw / Maria Y. Orosa St - Molave, Quezon City, Manila",725159,13.203,stop_sequence_approx,41,1.0,17.0,1020.0,1.0,gtfs_frequencies_typical_weekday,13467.06,675547.1,88.981,10.884,1.213,0.0,1.577,True,False,56.0,C,ordered-stop planning approximation,True,DERIVED,1,historic_only,uncertain,,,historic_gtfs_baseline,sakay_gtfs_master_historic,No current route validation supplied.,,,False,,historic_only,proj-2-3-tm-kalaw,3.1053548435961527,330.075,0,13467.06,DERIVED,sakay_gtfs_master_historic|worldpop_phl_2020_1km
LTFRB_PUJ2258,,PROJ 2&3 TM KALAW via E RODRIGUEZ,"Narra, Quezon City, Manila - T.M. Kalaw / Maria Y. Orosa St",725407,13.416,stop_sequence_approx,47,1.0,17.0,1020.0,1.0,gtfs_frequencies_typical_weekday,13684.32,675547.1,88.981,10.989,1.221,0.0,0.563,True,False,56.0,C,ordered-stop planning approximation,True,DERIVED,0,historic_only,uncertain,,,historic_gtfs_baseline,sakay_gtfs_master_historic,No current route validation supplied.,,,False,,historic_only,proj-2-3-tm-kalaw,3.503279666070364,291.6521739130435,0,13684.32,DERIVED,sakay_gtfs_master_historic|worldpop_phl_2020_1km
LTFRB_PUJ2259,,Proj 2 3 Welcome Rtda,"Quezon Avenue / D Tuazon Intersection, Quezon City - Narra, Quezon City, Manila",724807,9.278,stop_sequence_approx,37,1.0,17.0,1020.0,1.0,gtfs_frequencies_typical_weekday,9463.56,385210.8,85.529,7.149,1.298,0.0,0.555,True,False,56.0,C,ordered-stop planning approximation,True,DERIVED,1,historic_only,uncertain,,,historic_gtfs_baseline,sakay_gtfs_master_historic,No current route validation supplied.,,,False,,historic_only,proj-2-3-welcome-rtda,3.9879284328519073,257.72222222222223,0,9463.56,DERIVED,sakay_gtfs_master_historic|worldpop_phl_2020_1km
LTFRB_PUJ2260,,Proj 2 3 Welcome Rtda,"Molave, Quezon City, Manila - Timog Ave / Scout Santiago Intersection, Quezon City, Manila",726202,5.766,stop_sequence_approx,22,1.0,17.0,1020.0,1.0,gtfs_frequencies_typical_weekday,5881.32,227699.3,86.354,4.36,1.322,0.0,1.036,True,False,56.0,C,ordered-stop planning approximation,True,DERIVED,0,historic_only,uncertain,,,historic_gtfs_baseline,sakay_gtfs_master_historic,No current route validation supplied.,,,False,,historic_only,proj-2-3-welcome-rtda,3.815469996531391,274.57142857142856,0,5881.32,DERIVED,sakay_gtfs_master_historic|worldpop_phl_2020_1km
LTFRB_PUJ2261,,QUIRINO HIGHWAY ZABARTE PANAY AVENUE,"Kalayaan Ave / Elliptical Rd Intersection, Quezon City, Manila - St Claire College of Caloocan, Zabarte Road, Caloocan City",724907,17.523,stop_sequence_approx,69,1.0,17.0,1020.0,1.0,gtfs_frequencies_typical_weekday,17873.46,656756.5,77.83,11.83,1.481,0.0,0.583,True,False,56.0,C,ordered-stop planning approximation,True,DERIVED,2,historic_only,uncertain,,,historic_gtfs_baseline,sakay_gtfs_master_historic,No current route validation supplied.,,,False,,historic_only,quirino-highway-zabarte-panay-avenue,3.9376819037835986,257.69117647058823,0,17873.46,DERIVED,sakay_gtfs_master_historic|worldpop_phl_2020_1km
LTFRB_PUJ2262,,QUIRINO HIGHWAY ZABARTE PANAY AVENUE,"St Claire College of Caloocan, Zabarte Road, Caloocan City - Philippine Coconut Authority, Commonwealth Avenue, Quezon City",725575,17.496,stop_sequence_approx,63,1.0,17.0,1020.0,1.0,gtfs_frequencies_typical_weekday,17845.92,637917.7,77.199,11.199,1.562,0.0,1.049,True,False,56.0,C,ordered-stop planning approximation,True,DERIVED,0,historic_only,uncertain,,,historic_gtfs_baseline,sakay_gtfs_master_historic,No current route validation supplied.,,,False,,historic_only,quirino-highway-zabarte-panay-avenue,3.60082304526749,282.19354838709677,0,17845.92,DERIVED,sakay_gtfs_master_historic|worldpop_phl_2020_1km
LTFRB_PUJ2263,,QUIRINO HIGHWAY STA LUCIA,"Jose Abad Santos, Quezon City - Susana, Quezon City",726058,2.63,stop_sequence_approx,12,1.0,17.0,1020.0,1.0,gtfs_frequencies_typical_weekday,2682.6,196299.7,92.835,1.745,1.507,0.0,0.458,True,False,56.0,C,ordered-stop planning approximation,True,DERIVED,0,historic_only,uncertain,,,historic_gtfs_baseline,sakay_gtfs_master_historic,No current route validation supplied.,,,False,,historic_only,quirino-highway-sta-lucia,4.562737642585551,239.0909090909091,0,2682.6,DERIVED,sakay_gtfs_master_historic|worldpop_phl_2020_1km
LTFRB_PUJ2264,,QUIRINO HIGHWAY STA LUCIA,"Susana, Quezon City - R Humabon, Quezon City",725810,2.029,stop_sequence_approx,11,1.0,17.0,1020.0,1.0,gtfs_frequencies_typical_weekday,2069.58,176775.2,92.043,1.766,1.149,0.0,0.326,True,False,44.0,D,ordered-stop planning approximation | few representative stops,True,DERIVED,0,historic_only,uncertain,,,historic_gtfs_baseline,sakay_gtfs_master_historic,No current route validation supplied.,,,False,,historic_only,quirino-highway-sta-lucia,5.421389847215377,202.9,0,2069.58,DERIVED,sakay_gtfs_master_historic|worldpop_phl_2020_1km
LTFRB_PUJ2265,,SM FAIRVIEW LAGRO SUBDIVISION LOOP,"Ascencion Avenue / Tatlong Hari Street Intersection, Quezon City - SM Public Transport Terminal, Regalado Highway, Quezon City",724785,3.043,stop_sequence_approx,16,1.0,17.0,1020.0,1.0,gtfs_frequencies_typical_weekday,3103.86,70530.9,54.314,1.15,2.646,0.0,0.317,True,False,49.0,D,ordered-stop planning approximation | high detour ratio,True,DERIVED,1,historic_only,uncertain,,,historic_gtfs_baseline,sakay_gtfs_master_historic,No current route validation supplied.,,,False,,historic_only,sm-fairview-lagro-subdivision,5.257969109431482,202.86666666666667,0,3103.86,DERIVED,sakay_gtfs_master_historic|worldpop_phl_2020_1km
LTFRB_PUJ2266,,SM FAIRVIEW LAGRO SUBDIVISION LOOP,"Quirino Highway, Quezon City - Ascencion Avenue / Tatlong Hari Street Intersection, Quezon City",725317,1.554,stop_sequence_approx,8,1.0,17.0,1020.0,1.0,gtfs_frequencies_typical_weekday,1585.0800000000002,96534.7,66.62,1.152,1.349,0.0,0.431,True,False,44.0,D,ordered-stop planning approximation | few representative stops,True,DERIVED,0,historic_only,uncertain,,,historic_gtfs_baseline,sakay_gtfs_master_historic,No current route validation supplied.,,,False,,historic_only,sm-fairview-lagro-subdivision,5.148005148005148,222.0,0,1585.0800000000002,DERIVED,sakay_gtfs_master_historic|worldpop_phl_2020_1km
LTFRB_PUJ2267,,SM NORTH LAGRO,"Philippine Coconut Authority, Commonwealth Avenue, Quezon City - Our Lady of Mercy School, 14.680409, 121.084434",725391,4.578,stop_sequence_approx,18,1.0,17.0,1020.0,1.0,gtfs_frequencies_typical_weekday,4669.56,215331.3,64.091,4.466,1.025,0.0,0.368,True,False,56.0,C,ordered-stop planning approximation,True,DERIVED,0,historic_only,uncertain,,,historic_gtfs_baseline,sakay_gtfs_master_historic,No current route validation supplied.,,,False,,historic_only,sm-north-lagro,3.931847968545216,269.29411764705884,0,4669.56,DERIVED,sakay_gtfs_master_historic|worldpop_phl_2020_1km
LTFRB_PUJ2268,,SM NORTH LAGRO,"Quirino Highway / La Mesa Road Intersection, Calcoocan City - Regalado Highway / Commonwealth Avenue Intersection, Quezon City",725857,3.785,stop_sequence_approx,20,1.0,17.0,1020.0,1.0,gtfs_frequencies_typical_weekday,3860.7,139773.8,76.125,3.072,1.232,0.0,0.431,True,False,56.0,C,ordered-stop planning approximation,True,DERIVED,1,historic_only,uncertain,,,historic_gtfs_baseline,sakay_gtfs_master_historic,No current route validation supplied.,,,False,,historic_only,sm-north-lagro,5.284015852047556,199.21052631578948,0,3860.7,DERIVED,sakay_gtfs_master_historic|worldpop_phl_2020_1km
LTFRB_PUJ2269,,TALA NOVALICHES via QUIRINO AVENUE,"Quirino Highway / Maligaya Intersection, Caloocan City - Dr Uyguanco Avenue, City of San Jose del Monte",725887,8.507,stop_sequence_approx,36,1.0,17.0,1020.0,1.0,gtfs_frequencies_typical_weekday,8677.14,402402.5,81.263,3.545,2.4,0.0,0.646,True,False,56.0,C,ordered-stop planning approximation,True,DERIVED,0,historic_only,uncertain,,,historic_gtfs_baseline,sakay_gtfs_master_historic,No current route validation supplied.,,,False,,historic_only,tala-novaliches,4.2318090983895615,243.05714285714285,0,8677.14,DERIVED,sakay_gtfs_master_historic|worldpop_phl_2020_1km
LTFRB_PUJ2270,,TALA NOVALICHES via QUIRINO AVENUE,"City of San Jose del Monte - Robinsons Nova Market, Quirino Highway, Caloocan City",725555,9.053,stop_sequence_approx,38,1.0,17.0,1020.0,1.0,gtfs_frequencies_typical_weekday,9234.06,417389.9,81.936,3.622,2.5,0.0,0.646,True,False,56.0,C,ordered-stop planning approximation,True,DERIVED,1,historic_only,uncertain,,,historic_gtfs_baseline,sakay_gtfs_master_historic,No current route validation supplied.,,,False,,historic_only,tala-novaliches,4.197503589970175,244.67567567567568,0,9234.06,DERIVED,sakay_gtfs_master_historic|worldpop_phl_2020_1km
LTFRB_PUJ2271,,YALE CM RECTO,"Mendiola / Legarda Intersection, Manila - General Romulo Ave / Aurora Blvd Intersection, Quezon City, Manila",726375,7.58,stop_sequence_approx,20,1.0,17.0,1020.0,1.0,gtfs_frequencies_typical_weekday,7731.6,476459.0,93.382,7.373,1.028,0.0,1.007,True,False,56.0,C,ordered-stop planning approximation,True,DERIVED,1,historic_only,uncertain,,,historic_gtfs_baseline,sakay_gtfs_master_historic,No current route validation supplied.,,,False,,historic_only,yale-cm-recto,2.638522427440633,398.94736842105266,0,7731.6,DERIVED,sakay_gtfs_master_historic|worldpop_phl_2020_1km
LTFRB_PUJ2272,,YALE CM RECTO,"Aurora Blvd / N Domingo Intersection, Quezon City, Manila - Claro M. Recto Ave / Nicanor Reyes Street Intersection, Manila",724685,6.962,stop_sequence_approx,20,1.0,17.0,1020.0,1.0,gtfs_frequencies_typical_weekday,7101.24,397246.8,92.063,6.648,1.047,0.0,0.789,True,False,56.0,C,ordered-stop planning approximation,True,DERIVED,1,historic_only,uncertain,,,historic_gtfs_baseline,sakay_gtfs_master_historic,No current route validation supplied.,,,False,,historic_only,yale-cm-recto,2.8727377190462513,366.42105263157896,0,7101.24,DERIVED,sakay_gtfs_master_historic|worldpop_phl_2020_1km
LTFRB_PUJ2273,,Angono NCC Market via Felix Ave,"Quezon Ave / E Rodriguez St Intersection, Angono, Manila - Manila East Rd, Angono, Manila",724809,1.318,stop_sequence_approx,7,1.0,17.0,1020.0,1.0,gtfs_frequencies_typical_weekday,1344.36,23410.9,0.0,1.217,1.083,0.0,0.266,True,False,44.0,D,ordered-stop planning approximation | few representative stops,True,DERIVED,0,historic_only,uncertain,,,historic_gtfs_baseline,sakay_gtfs_master_historic,No current route validation supplied.,,,False,,historic_only,angono-ncc-market,5.311077389984825,219.66666666666666,0,1344.36,DERIVED,sakay_gtfs_master_historic|worldpop_phl_2020_1km
LTFRB_PUJ2274,,Angono NCC Market via Felix Ave,"Manila East Rd / Botong Francisco Ave, Angono, Manila - Ortigas Avenue Extension, Cainta, Manila",725389,7.077,stop_sequence_approx,37,1.0,17.0,1020.0,1.0,gtfs_frequencies_typical_weekday,7218.54,237813.0,50.301,5.621,1.259,0.0,0.52,True,False,56.0,C,ordered-stop planning approximation,True,DERIVED,0,historic_only,uncertain,,,historic_gtfs_baseline,sakay_gtfs_master_historic,No current route validation supplied.,,,False,,historic_only,angono-ncc-market,5.228204041260421,196.58333333333334,0,7218.54,DERIVED,sakay_gtfs_master_historic|worldpop_phl_2020_1km
LTFRB_PUJ2275,,Angono NCC Market via Felix Ave,"Ortigas Avenue Extension, Cainta, Manila - E Rodriguez Ave / Ortigas Avenue Extension, Tatay, Manila",724729,1.031,stop_sequence_approx,7,1.0,17.0,1020.0,1.0,gtfs_frequencies_typical_weekday,1051.62,144176.7,82.969,1.025,1.006,0.0,0.223,True,False,44.0,D,ordered-stop planning approximation | few representative stops,True,DERIVED,0,historic_only,uncertain,,,historic_gtfs_baseline,sakay_gtfs_master_historic,No current route validation supplied.,,,False,,historic_only,angono-ncc-market,6.789524733268672,171.83333333333334,0,1051.62,DERIVED,sakay_gtfs_master_historic|worldpop_phl_2020_1km
LTFRB_PUJ2276,,Angono NCC Market via Felix Ave,"Ortigas Avenue Extension, Tatay Manila - Quezon Ave / E Rodriguez St Intersection, Angono, Manila",725961,7.328,stop_sequence_approx,37,1.0,17.0,1020.0,1.0,gtfs_frequencies_typical_weekday,7474.56,111029.1,0.0,6.219,1.178,0.0,0.52,True,False,56.0,C,ordered-stop planning approximation,True,DERIVED,0,historic_only,uncertain,,,historic_gtfs_baseline,sakay_gtfs_master_historic,No current route validation supplied.,,,False,,historic_only,angono-ncc-market,5.049126637554585,203.55555555555554,0,7474.56,DERIVED,sakay_gtfs_master_historic|worldpop_phl_2020_1km
LTFRB_PUJ2277,,Arroceros Pagasa via Espana QAve,"Taft Ave, Manila - Road 10, Quezon City",725600,11.398,stop_sequence_approx,27,1.0,17.0,1020.0,1.0,gtfs_frequencies_typical_weekday,11625.96,611351.8,90.035,9.801,1.163,0.0,1.577,True,False,56.0,C,ordered-stop planning approximation,True,DERIVED,2,historic_only,uncertain,,,historic_gtfs_baseline,sakay_gtfs_master_historic,No current route validation supplied.,,,False,,historic_only,arroceros-pagasa,2.368836638006668,438.38461538461536,0,11625.96,DERIVED,sakay_gtfs_master_historic|worldpop_phl_2020_1km
LTFRB_PUJ2278,,Arroceros Pagasa via Espana QAve,"Road 8, Quezon City - Mindanao Avenue, Quezon City",724637,1.033,stop_sequence_approx,7,1.0,17.0,1020.0,1.0,gtfs_frequencies_typical_weekday,1053.66,60393.9,100.0,0.768,1.344,0.0,0.22,True,False,44.0,D,ordered-stop planning approximation | few representative stops,True,DERIVED,0,historic_only,uncertain,,,historic_gtfs_baseline,sakay_gtfs_master_historic,No current route validation supplied.,,,False,,historic_only,arroceros-pagasa,6.776379477250726,172.16666666666666,0,1053.66,DERIVED,sakay_gtfs_master_historic|worldpop_phl_2020_1km
LTFRB_PUJ2279,,Arroceros Pagasa via Espana QAve,"Epifanio de los Santos Avenue / Bansalangin Intersection, Quezon City - Quezon Bridge, Manila",725179,9.409,stop_sequence_approx,39,1.0,17.0,1020.0,1.0,gtfs_frequencies_typical_weekday,9597.18,536261.9,90.623,8.364,1.125,0.0,0.48,True,False,56.0,C,ordered-stop planning approximation,True,DERIVED,1,historic_only,uncertain,,,historic_gtfs_baseline,sakay_gtfs_master_historic,No current route validation supplied.,,,False,,historic_only,arroceros-pagasa,4.144967584227866,247.60526315789474,0,9597.18,DERIVED,sakay_gtfs_master_historic|worldpop_phl_2020_1km
LTFRB_PUJ2280,,Ayala Guadalupe Ibabaw via JP Rizal,"Makati Ave / Ayala Avenue Intersection, Makati City, Manila - Dr Jose P. Rizal Ave, Makati City, Manila",724677,5.677,stop_sequence_approx,20,1.0,17.0,1020.0,1.0,gtfs_frequencies_typical_weekday,5790.54,225696.2,83.262,2.604,2.18,0.0,0.756,True,False,56.0,C,ordered-stop planning approximation,True,DERIVED,0,historic_only,uncertain,,,historic_gtfs_baseline,sakay_gtfs_master_historic,No current route validation supplied.,,,False,,historic_only,ayala-guadalupe-ibabaw,3.5229874933943988,298.7894736842105,0,5790.54,DERIVED,sakay_gtfs_master_historic|worldpop_phl_2020_1km
LTFRB_PUJ2281,,Ayala Guadalupe Ibabaw via JP Rizal,"Progreso 2, Makati City, Manila - Makati Ave / Ayala Avenue Intersection, Makati City, Manila",725057,2.847,stop_sequence_approx,8,1.0,17.0,1020.0,1.0,gtfs_frequencies_typical_weekday,2903.94,151088.3,81.638,2.388,1.192,0.0,0.622,True,False,44.0,D,ordered-stop planning approximation | few representative stops,True,DERIVED,0,historic_only,uncertain,,,historic_gtfs_baseline,sakay_gtfs_master_historic,No current route validation supplied.,,,False,,historic_only,ayala-guadalupe-ibabaw,2.8099754127151386,406.7142857142857,0,2903.94,DERIVED,sakay_gtfs_master_historic|worldpop_phl_2020_1km
LTFRB_PUJ2282,,Baclaran Nichols,"Villamor Health Center, Andrews Avenue, Pasay City, Manila - Roxas Blvd / Redemptorist Road Intersection, Parañaque City, Manila",726027,2.435,stop_sequence_approx,10,1.0,17.0,1020.0,1.0,gtfs_frequencies_typical_weekday,2483.7000000000003,71896.5,33.607,2.106,1.156,0.0,0.677,True,False,44.0,D,ordered-stop planning approximation | few representative stops,True,DERIVED,0,historic_only,uncertain,,,historic_gtfs_baseline,sakay_gtfs_master_historic,No current route validation supplied.,,,False,,historic_only,baclaran-nichols,4.1067761806981515,270.55555555555554,0,2483.7000000000003,DERIVED,sakay_gtfs_master_historic|worldpop_phl_2020_1km
LTFRB_PUJ2283,,Baclaran Nichols,"Epifanio de los Santos Avenue, Lungsod ng Pasay - Andrews Ave, Lungsod ng Pasay, Manila",725687,1.407,stop_sequence_approx,8,1.0,17.0,1020.0,1.0,gtfs_frequencies_typical_weekday,1435.14,102336.0,76.651,1.272,1.106,0.0,0.354,True,False,44.0,D,ordered-stop planning approximation | few representative stops,True,DERIVED,0,historic_only,uncertain,,,historic_gtfs_baseline,sakay_gtfs_master_historic,No current route validation supplied.,,,False,,historic_only,baclaran-nichols,5.685856432125089,201.0,0,1435.14,DERIVED,sakay_gtfs_master_historic|worldpop_phl_2020_1km
LTFRB_PUJ2284,,Bacood Quiapo (Barbosa) via R Magsaysay,"Bacood / Dalisay Intersection, Manila - Legarda, Manila",725782,4.761,stop_sequence_approx,15,1.0,17.0,1020.0,1.0,gtfs_frequencies_typical_weekday,4856.22,336595.7,96.903,3.047,1.562,0.0,0.548,True,False,56.0,C,ordered-stop planning approximation,True,DERIVED,0,historic_only,uncertain,,,historic_gtfs_baseline,sakay_gtfs_master_historic,No current route validation supplied.,,,False,,historic_only,bacood-quiapo-barbosa,3.15059861373661,340.07142857142856,0,4856.22,DERIVED,sakay_gtfs_master_historic|worldpop_phl_2020_1km
LTFRB_PUJ2285,,Bacood Quiapo (Barbosa) via R Magsaysay,"Quezon Blvd, Manila - Internet Cafe, Old Sta. Mesa, Manila",726096,3.948,stop_sequence_approx,8,1.0,17.0,1020.0,1.0,gtfs_frequencies_typical_weekday,4026.96,259017.3,89.854,3.151,1.253,0.0,1.509,True,False,44.0,D,ordered-stop planning approximation | few representative stops,True,DERIVED,0,historic_only,uncertain,,,historic_gtfs_baseline,sakay_gtfs_master_historic,No current route validation supplied.,,,False,,historic_only,bacood-quiapo-barbosa,2.026342451874367,564.0,0,4026.96,DERIVED,sakay_gtfs_master_historic|worldpop_phl_2020_1km
LTFRB_PUJ2286,,Bacood Quiapo (Barbosa) via R Magsaysay,"Old Sta. Mesa, Manila - Bacood / Dalisay Intersection, Manila",724780,2.18,stop_sequence_approx,8,1.0,17.0,1020.0,1.0,gtfs_frequencies_typical_weekday,2223.6000000000004,166151.1,100.0,1.138,1.915,0.0,0.392,True,False,44.0,D,ordered-stop planning approximation | few representative stops,True,DERIVED,0,historic_only,uncertain,,,historic_gtfs_baseline,sakay_gtfs_master_historic,No current route validation supplied.,,,False,,historic_only,bacood-quiapo-barbosa,3.6697247706422016,311.42857142857144,0,2223.6000000000004,DERIVED,sakay_gtfs_master_historic|worldpop_phl_2020_1km
LTFRB_PUJ2287,,Bagong Silang Ever Gotesco via Zabarte,"Commonwealth Avenue / Capitol Homes Drive Intersection, Quezon City - Commonwealth Avenue / Kalayaan A Intersection, Quezon City",725259,1.635,stop_sequence_approx,7,1.0,17.0,1020.0,1.0,gtfs_frequencies_typical_weekday,1667.7,143418.1,100.0,1.576,1.038,0.0,0.351,True,False,44.0,D,ordered-stop planning approximation | few representative stops,True,DERIVED,0,historic_only,uncertain,,,historic_gtfs_baseline,sakay_gtfs_master_historic,No current route validation supplied.,,,False,,historic_only,bagong-silang-ever-gotesco,4.281345565749236,272.5,0,1667.7,DERIVED,sakay_gtfs_master_historic|worldpop_phl_2020_1km
LTFRB_PUJ2288,,Bagong Silang Ever Gotesco via Zabarte,"Commonwealth Avenue, Quezon City - Sto. Nino Parish, Old Zabarte, Caloocan City",725402,13.033,stop_sequence_approx,55,1.0,17.0,1020.0,1.0,gtfs_frequencies_typical_weekday,13293.66,533903.6,91.596,10.059,1.296,0.0,0.48,True,False,56.0,C,ordered-stop planning approximation,True,DERIVED,2,historic_only,uncertain,,,historic_gtfs_baseline,sakay_gtfs_master_historic,No current route validation supplied.,,,False,,historic_only,bagong-silang-ever-gotesco,4.220056778945753,241.35185185185185,0,13293.66,DERIVED,sakay_gtfs_master_historic|worldpop_phl_2020_1km
LTFRB_PUJ2289,,Bagong Silang Ever Gotesco via Zabarte,"Sto. Nino Parish, Old Zabarte, Caloocan City - Commonwealth Avenue / Capitol Homes Drive Intersection, Quezon City",726372,15.052,stop_sequence_approx,62,1.0,17.0,1020.0,1.0,gtfs_frequencies_typical_weekday,15353.04,667627.8,91.179,11.538,1.305,0.0,0.48,True,False,56.0,C,ordered-stop planning approximation,True,DERIVED,1,historic_only,uncertain,,,historic_gtfs_baseline,sakay_gtfs_master_historic,No current route validation supplied.,,,False,,historic_only,bagong-silang-ever-gotesco,4.1190539463194265,246.75409836065575,0,15353.04,DERIVED,sakay_gtfs_master_historic|worldpop_phl_2020_1km
LTFRB_PUJ2290,,Bagong Silang SM Fairview via Zabarte Road,"Mindanao Avenue / Belfast Intersection, Quezon City - Rhexan Academy, Langit Road, Caloocan City",724994,12.522,stop_sequence_approx,40,1.0,17.0,1020.0,2.0,gtfs_frequencies_typical_weekday,12772.44,554035.4,91.97,4.94,2.535,0.0,1.981,True,True,41.0,D,ordered-stop planning approximation | high detour ratio | self-intersection detected,True,DERIVED,1,historic_only,uncertain,,,historic_gtfs_baseline,sakay_gtfs_master_historic,No current route validation supplied.,,,False,,historic_only,bagong-silang-sm-fairview,3.1943778949049673,321.0769230769231,0,12772.44,DERIVED,sakay_gtfs_master_historic|worldpop_phl_2020_1km
LTFRB_PUJ2293,,Bagong Silang SM Fairview via Maligaya Park,"Rhexan Academy, Langit Road, Caloocan City - Mindanao Avenue / Belfast Intersection, Quezon City",724602,8.248,stop_sequence_approx,36,1.0,17.0,1020.0,2.0,gtfs_frequencies_typical_weekday,8412.96,595056.5,92.466,4.94,1.67,0.0,0.398,True,False,56.0,C,ordered-stop planning approximation,True,DERIVED,1,historic_only,uncertain,,,historic_gtfs_baseline,sakay_gtfs_master_historic,No current route validation supplied.,,,False,,historic_only,bagong-silang-sm-fairview,4.364694471387003,235.65714285714284,0,8412.96,DERIVED,sakay_gtfs_master_historic|worldpop_phl_2020_1km
LTFRB_PUJ2294,,Bagumbayan Palengke (Pasig),"Manuel L. Quezon, Muntinlupa City, Manila - Balderama, Pasig City, Manila",725257,12.435,stop_sequence_approx,53,1.0,17.0,1020.0,1.0,gtfs_frequencies_typical_weekday,12683.7,681635.6,89.579,10.479,1.187,0.0,0.37,True,False,56.0,C,ordered-stop planning approximation,True,DERIVED,0,historic_only,uncertain,,,historic_gtfs_baseline,sakay_gtfs_master_historic,No current route validation supplied.,,,False,,historic_only,bagumbayan-palengke-pasig,4.26216324889425,239.1346153846154,0,12683.7,DERIVED,sakay_gtfs_master_historic|worldpop_phl_2020_1km
LTFRB_PUJ2295,,Bagumbayan Palengke (Pasig),"Balderama, Pasig City, Manila - Manuel L. Quezon, Muntinlupa City, Manila",724791,12.652,stop_sequence_approx,55,1.0,17.0,1020.0,1.0,gtfs_frequencies_typical_weekday,12905.04,701483.1,89.874,10.479,1.207,0.0,0.42,True,False,56.0,C,ordered-stop planning approximation,True,DERIVED,1,historic_only,uncertain,,,historic_gtfs_baseline,sakay_gtfs_master_historic,No current route validation supplied.,,,False,,historic_only,bagumbayan-palengke-pasig,4.347138792285805,234.2962962962963,0,12905.04,DERIVED,sakay_gtfs_master_historic|worldpop_phl_2020_1km
LTFRB_PUJ2296,,Balintawak Novaliches via Quirino highway,"Andreas Bonifacio, Quezon City - Dumalay, Quezon City",725411,9.84,stop_sequence_approx,43,1.0,17.0,1020.0,1.0,gtfs_frequencies_typical_weekday,10036.8,564082.3,95.733,8.364,1.176,0.0,0.66,True,False,56.0,C,ordered-stop planning approximation,True,DERIVED,1,historic_only,uncertain,,,historic_gtfs_baseline,sakay_gtfs_master_historic,No current route validation supplied.,,,False,,historic_only,balintawak-novaliches,4.369918699186992,234.28571428571428,0,10036.8,DERIVED,sakay_gtfs_master_historic|worldpop_phl_2020_1km
LTFRB_PUJ2297,,Balintawak Novaliches via Quirino highway,"Quirino Highway, Quezon City - North Luzon Expressway / Epifanio de los Santos Avenue Intersection, Caloocan City",725801,8.611,stop_sequence_approx,38,1.0,17.0,1020.0,1.0,gtfs_frequencies_typical_weekday,8783.220000000001,529715.9,95.457,8.223,1.047,0.0,0.631,True,False,56.0,C,ordered-stop planning approximation,True,DERIVED,1,historic_only,uncertain,,,historic_gtfs_baseline,sakay_gtfs_master_historic,No current route validation supplied.,,,False,,historic_only,balintawak-novaliches,4.412960167227964,232.72972972972974,0,8783.220000000001,DERIVED,sakay_gtfs_master_historic|worldpop_phl_2020_1km
LTFRB_PUJ2298,,Bangkusay Divisoria,"Wet Market, Juan Luma, Manila - Velasquez, Manila City",724999,0.85,stop_sequence_approx,4,1.0,17.0,1020.0,1.0,gtfs_frequencies_typical_weekday,867.0,418767.3,100.0,0.809,1.051,0.0,0.309,True,False,44.0,D,ordered-stop planning approximation | few representative stops,True,DERIVED,1,historic_only,uncertain,,,historic_gtfs_baseline,sakay_gtfs_master_historic,No current route validation supplied.,,,False,,historic_only,bangkusay-divisoria,4.705882352941177,283.3333333333333,0,867.0,DERIVED,sakay_gtfs_master_historic|worldpop_phl_2020_1km
LTFRB_PUJ2299,,Bangkusay Divisoria,"Velasquez, Manila City - Wet Market, Juan Luma, Manila",724695,0.851,stop_sequence_approx,5,1.0,17.0,1020.0,1.0,gtfs_frequencies_typical_weekday,868.02,418767.3,100.0,0.809,1.052,0.0,0.287,True,False,44.0,D,ordered-stop planning approximation | few representative stops,True,DERIVED,1,historic_only,uncertain,,,historic_gtfs_baseline,sakay_gtfs_master_historic,No current route validation supplied.,,,False,,historic_only,bangkusay-divisoria,5.875440658049354,212.75,0,868.02,DERIVED,sakay_gtfs_master_historic|worldpop_phl_2020_1km
LTFRB_PUJ2300,,Bicutan Pasay RTDA,"South Luzon Expressway, Muntinlupa City, Manila - Epifanio de los Santos Avenue, Lungsod ng Pasay",725572,11.377,stop_sequence_approx,29,1.0,17.0,1020.0,1.0,gtfs_frequencies_typical_weekday,11604.54,419398.0,84.551,9.846,1.156,0.0,0.631,True,False,56.0,C,ordered-stop planning approximation,True,DERIVED,0,historic_only,uncertain,,,historic_gtfs_baseline,sakay_gtfs_master_historic,No current route validation supplied.,,,False,,historic_only,bicutan-pasay-rtda,2.549002373209106,406.32142857142856,0,11604.54,DERIVED,sakay_gtfs_master_historic|worldpop_phl_2020_1km
LTFRB_PUJ2301,,Bicutan Pasay RTDA,"Epifanio de los Santos Avenue, Lungsod ng Pasay - South Luzon Expressway, Makati City, Manila",724966,1.448,stop_sequence_approx,5,1.0,17.0,1020.0,1.0,gtfs_frequencies_typical_weekday,1476.96,120155.8,93.022,1.401,1.033,0.0,0.435,True,False,44.0,D,ordered-stop planning approximation | few representative stops,True,DERIVED,0,historic_only,uncertain,,,historic_gtfs_baseline,sakay_gtfs_master_historic,No current route validation supplied.,,,False,,historic_only,bicutan-pasay-rtda,3.453038674033149,362.0,0,1476.96,DERIVED,sakay_gtfs_master_historic|worldpop_phl_2020_1km
LTFRB_PUJ2302,,Bicutan Pasay RTDA,"South Luzon Expressway, Makati City, Manila - South Luzon Expressway, Muntinlupa City, Manila",724644,9.305,stop_sequence_approx,21,1.0,17.0,1020.0,1.0,gtfs_frequencies_typical_weekday,9491.1,272105.2,78.313,9.021,1.031,0.0,1.132,True,False,56.0,C,ordered-stop planning approximation,True,DERIVED,0,historic_only,uncertain,,,historic_gtfs_baseline,sakay_gtfs_master_historic,No current route validation supplied.,,,False,,historic_only,bicutan-pasay-rtda,2.2568511552928534,465.25,0,9491.1,DERIVED,sakay_gtfs_master_historic|worldpop_phl_2020_1km
LTFRB_PUJ2303,,Binan Bicutan(Taguig) via Alabang,"A Mabini Street, Binan City - Centennial Road, Montinlupa City",724924,15.139,stop_sequence_approx,46,1.0,17.0,1020.0,1.0,gtfs_frequencies_typical_weekday,15441.78,372984.6,55.774,9.74,1.554,0.0,0.625,True,False,56.0,C,ordered-stop planning approximation,True,DERIVED,1,historic_only,uncertain,,,historic_gtfs_baseline,sakay_gtfs_master_historic,No current route validation supplied.,,,False,,historic_only,binan-bicutan-taguig,3.038509809102319,336.4222222222222,0,15441.78,DERIVED,sakay_gtfs_master_historic|worldpop_phl_2020_1km
LTFRB_PUJ2304,,Binan Bicutan(Taguig) via Alabang,"Civic Dr, Muntinlupa City, Manila - Pedro Escueta Street, Binan City",726044,14.646,stop_sequence_approx,43,1.0,17.0,1020.0,1.0,gtfs_frequencies_typical_weekday,14938.92,372984.6,55.774,9.601,1.526,0.0,0.625,True,False,56.0,C,ordered-stop planning approximation,True,DERIVED,0,historic_only,uncertain,,,historic_gtfs_baseline,sakay_gtfs_master_historic,No current route validation supplied.,,,False,,historic_only,binan-bicutan-taguig,2.9359552096135464,348.7142857142857,0,14938.92,DERIVED,sakay_gtfs_master_historic|worldpop_phl_2020_1km
LTFRB_PUJ2305,,Binan Bicutan(Taguig) via Sucat SSH,"Jac Liner Bus Terminal, Binan City - South Luzon Expressway, Parañaque City, Manila",725166,18.2,stop_sequence_approx,60,1.0,17.0,1020.0,1.0,gtfs_frequencies_typical_weekday,18564.0,585743.3,72.677,16.468,1.105,0.0,0.782,True,False,56.0,C,ordered-stop planning approximation,True,DERIVED,3,historic_only,uncertain,,,historic_gtfs_baseline,sakay_gtfs_master_historic,No current route validation supplied.,,,False,,historic_only,binan-bicutan-taguig,3.296703296703297,308.47457627118644,0,18564.0,DERIVED,sakay_gtfs_master_historic|worldpop_phl_2020_1km
LTFRB_PUJ2306,,Binan Bicutan(Taguig) via Sucat SSH,"South Luzon Expressway, Parañaque City, Manila - Jac Liner Bus Terminal, Binan City",724638,18.453,stop_sequence_approx,63,1.0,17.0,1020.0,1.0,gtfs_frequencies_typical_weekday,18822.06,585743.3,72.677,16.468,1.121,0.0,0.686,True,False,56.0,C,ordered-stop planning approximation,True,DERIVED,5,historic_only,uncertain,,,historic_gtfs_baseline,sakay_gtfs_master_historic,No current route validation supplied.,,,False,,historic_only,binan-bicutan-taguig,3.4140790115428388,297.6290322580645,0,18822.06,DERIVED,sakay_gtfs_master_historic|worldpop_phl_2020_1km
LTFRB_PUJ2307,,Boni Pinatubo Kalentong JRU,"Sierra Madre, Makati City, Manila - New Panaderos / Castañeda Intersection, Manila",726017,3.839,stop_sequence_approx,11,1.0,17.0,1020.0,1.0,gtfs_frequencies_typical_weekday,3915.78,373725.1,100.0,3.246,1.183,0.0,0.54,True,False,44.0,D,ordered-stop planning approximation | few representative stops,True,DERIVED,0,historic_only,uncertain,,,historic_gtfs_baseline,sakay_gtfs_master_historic,No current route validation supplied.,,,False,,historic_only,boni-pinatubo-kalentong-jru,2.865329512893983,383.9,0,3915.78,DERIVED,sakay_gtfs_master_historic|worldpop_phl_2020_1km
LTFRB_PUJ2308,,Boni Pinatubo Kalentong JRU,"Villarica St / A. Mabini Intersection, Mandaluyong City, Manila - Arayat, Mandaluyong City, Manila",724882,3.349,stop_sequence_approx,10,1.0,17.0,1020.0,1.0,gtfs_frequencies_typical_weekday,3415.98,319419.6,100.0,2.979,1.124,0.0,0.54,True,False,44.0,D,ordered-stop planning approximation | few representative stops,True,DERIVED,0,historic_only,uncertain,,,historic_gtfs_baseline,sakay_gtfs_master_historic,No current route validation supplied.,,,False,,historic_only,boni-pinatubo-kalentong-jru,2.985965959988056,372.1111111111111,0,3415.98,DERIVED,sakay_gtfs_master_historic|worldpop_phl_2020_1km
LTFRB_PUJ2309,,Boni Pinatubo StopnShop via Pinagtipunan,"Sierra Madre, Makati City, Manila - Ramon Magsaysay Blvd / Altura Intersection, Manila",725016,6.424,stop_sequence_approx,19,1.0,17.0,1020.0,1.0,gtfs_frequencies_typical_weekday,6552.4800000000005,481088.5,100.0,5.128,1.253,0.0,0.54,True,False,56.0,C,ordered-stop planning approximation,True,DERIVED,0,historic_only,uncertain,,,historic_gtfs_baseline,sakay_gtfs_master_historic,No current route validation supplied.,,,False,,historic_only,boni-pinatubo-stopnshop,2.9576587795765876,356.8888888888889,0,6552.4800000000005,DERIVED,sakay_gtfs_master_historic|worldpop_phl_2020_1km
LTFRB_PUJ2310,,Boni Pinatubo StopnShop via Pinagtipunan,"Internet Cafe, Old Sta. Mesa, Manila - Arayat, Mandaluyong City, Manila",724908,6.883,stop_sequence_approx,22,1.0,17.0,1020.0,1.0,gtfs_frequencies_typical_weekday,7020.66,481088.5,100.0,4.73,1.455,0.0,0.54,True,False,56.0,C,ordered-stop planning approximation,True,DERIVED,0,historic_only,uncertain,,,historic_gtfs_baseline,sakay_gtfs_master_historic,No current route validation supplied.,,,False,,historic_only,boni-pinatubo-stopnshop,3.1962806915589135,327.76190476190476,0,7020.66,DERIVED,sakay_gtfs_master_historic|worldpop_phl_2020_1km
LTFRB_PUJ2311,,Brgy Bagong Silangan Sampaguita via Marcos Ave,"Department of Social Welfare and Development, J.P Rizal, Quezon City - J.P Rizal / Macabulos Intersection, Quezon City",725309,1.748,stop_sequence_approx,9,1.0,17.0,1020.0,1.0,gtfs_frequencies_typical_weekday,1782.96,155322.4,88.299,1.4,1.248,0.0,0.326,True,False,44.0,D,ordered-stop planning approximation | few representative stops,True,DERIVED,0,historic_only,uncertain,,,historic_gtfs_baseline,sakay_gtfs_master_historic,No current route validation supplied.,,,False,,historic_only,brgy-bagong-silangan-sampaguita,5.148741418764302,218.5,0,1782.96,DERIVED,sakay_gtfs_master_historic|worldpop_phl_2020_1km
LTFRB_PUJ2312,,Brgy Bagong Silangan Sampaguita via Marcos Ave,"J.P Rizal / Macabulos Intersection, Quezon City - Department of Social Welfare and Development, J.P Rizal, Quezon City",726302,1.748,stop_sequence_approx,9,1.0,17.0,1020.0,1.0,gtfs_frequencies_typical_weekday,1782.96,155322.4,88.299,1.4,1.248,0.0,0.326,True,False,44.0,D,ordered-stop planning approximation | few representative stops,True,DERIVED,0,historic_only,uncertain,,,historic_gtfs_baseline,sakay_gtfs_master_historic,No current route validation supplied.,,,False,,historic_only,brgy-bagong-silangan-sampaguita,5.148741418764302,218.5,0,1782.96,DERIVED,sakay_gtfs_master_historic|worldpop_phl_2020_1km
LTFRB_PUJ2313,,Cash & Carry Buendia LRT,"Marina Way, Lungsod ng Pasay - Senator Gil Puyat Ave, Lungsod ng Pasay, Manila",726254,3.153,stop_sequence_approx,10,1.0,17.0,1020.0,1.0,gtfs_frequencies_typical_weekday,3216.06,107873.6,73.467,2.54,1.241,0.0,0.522,True,False,44.0,D,ordered-stop planning approximation | few representative stops,True,DERIVED,0,historic_only,uncertain,,,historic_gtfs_baseline,sakay_gtfs_master_historic,No current route validation supplied.,,,False,,historic_only,cash-carry-buendia-lrt,3.171582619727244,350.3333333333333,0,3216.06,DERIVED,sakay_gtfs_master_historic|worldpop_phl_2020_1km
LTFRB_PUJ2314,,Cash & Carry Buendia LRT,"Senator Gil Puyat Ave, Lungsod ng Pasay, Manila - Marina Way, Lungsod ng Pasay",724872,3.153,stop_sequence_approx,10,1.0,17.0,1020.0,1.0,gtfs_frequencies_typical_weekday,3216.06,107873.6,73.467,2.54,1.241,0.0,0.522,True,False,44.0,D,ordered-stop planning approximation | few representative stops,True,DERIVED,0,historic_only,uncertain,,,historic_gtfs_baseline,sakay_gtfs_master_historic,No current route validation supplied.,,,False,,historic_only,cash-carry-buendia-lrt,3.171582619727244,350.3333333333333,0,3216.06,DERIVED,sakay_gtfs_master_historic|worldpop_phl_2020_1km
LTFRB_PUJ2315,,Dapitan Libertad via L Guinto,"Taft Ave / College Rd Intersection, Lungsod ng Pasay - Taft Ave / Padre Faura Intersection, Manila",725545,3.671,stop_sequence_approx,11,1.0,17.0,1020.0,1.0,gtfs_frequencies_typical_weekday,3744.42,293580.9,93.99,3.531,1.04,0.0,0.583,True,False,44.0,D,ordered-stop planning approximation | few representative stops,True,DERIVED,0,historic_only,uncertain,,,historic_gtfs_baseline,sakay_gtfs_master_historic,No current route validation supplied.,,,False,,historic_only,dapitan-libertad,2.9964587305911197,367.1,0,3744.42,DERIVED,sakay_gtfs_master_historic|worldpop_phl_2020_1km
LTFRB_PUJ2316,,Dapitan Libertad via L Guinto,"Taft Ave / Padre Faura Intersection, Manila - P. Villanueva, Lungsod ng Pasay",725528,4.407,stop_sequence_approx,14,1.0,17.0,1020.0,1.0,gtfs_frequencies_typical_weekday,4495.14,285615.1,91.348,3.832,1.15,0.0,0.548,True,False,56.0,C,ordered-stop planning approximation,True,DERIVED,1,historic_only,uncertain,,,historic_gtfs_baseline,sakay_gtfs_master_historic,No current route validation supplied.,,,False,,historic_only,dapitan-libertad,3.1767642387111414,339.0,0,4495.14,DERIVED,sakay_gtfs_master_historic|worldpop_phl_2020_1km
LTFRB_PUJ2317,,Don Mariano Marcos Ave Quirino Highway via Tsora,"Tandang Sora / Demetria Reynaldo Intersection, Quezon City - Tanding Sora Avenue, Quezon City",726279,5.857,stop_sequence_approx,27,1.0,17.0,1020.0,1.0,gtfs_frequencies_typical_weekday,5974.14,258747.7,80.592,5.236,1.119,0.0,0.342,True,False,56.0,C,ordered-stop planning approximation,True,DERIVED,2,historic_only,uncertain,,,historic_gtfs_baseline,sakay_gtfs_master_historic,No current route validation supplied.,,,False,,historic_only,don-mariano-marcos-ave-quirino-highway,4.6098685333788625,225.26923076923077,0,5974.14,DERIVED,sakay_gtfs_master_historic|worldpop_phl_2020_1km
LTFRB_PUJ2318,,Don Mariano Marcos Ave Quirino Highway via Tsora,"Tanding Sora Avenue, Quezon City - Tandang Sora / Demetria Reynaldo Intersection, Quezon City",725339,5.38,stop_sequence_approx,25,1.0,17.0,1020.0,1.0,gtfs_frequencies_typical_weekday,5487.599999999999,280726.3,82.112,5.236,1.028,0.0,0.332,True,False,56.0,C,ordered-stop planning approximation,True,DERIVED,2,historic_only,uncertain,,,historic_gtfs_baseline,sakay_gtfs_master_historic,No current route validation supplied.,,,False,,historic_only,don-mariano-marcos-ave-quirino-highway,4.646840148698885,224.16666666666666,0,5487.599999999999,DERIVED,sakay_gtfs_master_historic|worldpop_phl_2020_1km
LTFRB_PUJ2319,,Ever Gotesco Almar Subd,"Commonwealth Avenue / Capitol Homes Drive Intersection, Quezon City - St Claire College of Caloocan, Zabarte Road, Caloocan City",726221,12.708,stop_sequence_approx,53,1.0,17.0,1020.0,1.0,gtfs_frequencies_typical_weekday,12962.16,499374.6,91.015,9.578,1.327,0.0,0.48,True,False,56.0,C,ordered-stop planning approximation,True,DERIVED,2,historic_only,uncertain,,,historic_gtfs_baseline,sakay_gtfs_master_historic,No current route validation supplied.,,,False,,historic_only,ever-gotesco-almar-subd,4.170601196096947,244.3846153846154,0,12962.16,DERIVED,sakay_gtfs_master_historic|worldpop_phl_2020_1km
LTFRB_PUJ2320,,Ever Gotesco Almar Subd,"St Claire College of Caloocan, Zabarte Road, Caloocan City - Commonwealth Avenue / Capitol Homes Drive Intersection, Quezon City",725673,12.816,stop_sequence_approx,52,1.0,17.0,1020.0,1.0,gtfs_frequencies_typical_weekday,13072.320000000002,513050.5,88.589,9.578,1.338,0.0,0.804,True,False,56.0,C,ordered-stop planning approximation,True,DERIVED,0,historic_only,uncertain,,,historic_gtfs_baseline,sakay_gtfs_master_historic,No current route validation supplied.,,,False,,historic_only,ever-gotesco-almar-subd,4.057428214731585,251.2941176470588,0,13072.320000000002,DERIVED,sakay_gtfs_master_historic|worldpop_phl_2020_1km
LTFRB_PUJ2321,,Ever Gotesco Camarin via Zapote,"Commonwealth Avenue / Capitol Homes Drive Intersection, Quezon City - National Mental Hospital, Barugo, Caloocan City",725061,13.431,stop_sequence_approx,56,1.0,17.0,1020.0,1.0,gtfs_frequencies_typical_weekday,13699.62,623928.2,92.753,10.808,1.243,0.0,0.48,True,False,56.0,C,ordered-stop planning approximation,True,DERIVED,1,historic_only,uncertain,,,historic_gtfs_baseline,sakay_gtfs_master_historic,No current route validation supplied.,,,False,,historic_only,ever-gotesco-camarin,4.169458714913261,244.2,0,13699.62,DERIVED,sakay_gtfs_master_historic|worldpop_phl_2020_1km
LTFRB_PUJ2322,,Ever Gotesco Camarin via Zapote,"National Mental Hospital, Barugo, Caloocan City - Commonwealth Avenue / Capitol Homes Drive Intersection, Quezon City",725029,14.204,stop_sequence_approx,59,1.0,17.0,1020.0,1.0,gtfs_frequencies_typical_weekday,14488.08,652591.6,90.975,10.808,1.314,0.0,0.48,True,False,56.0,C,ordered-stop planning approximation,True,DERIVED,2,historic_only,uncertain,,,historic_gtfs_baseline,sakay_gtfs_master_historic,No current route validation supplied.,,,False,,historic_only,ever-gotesco-camarin,4.1537595043649675,244.89655172413794,0,14488.08,DERIVED,sakay_gtfs_master_historic|worldpop_phl_2020_1km
LTFRB_PUJ2323,,Fairview Wet Market TM Kalaw,"Maria Y. Orosa St, Manila - Commonwealth Avenue / Dona Carmen Intersection, Quezon City",724837,19.726,stop_sequence_approx,76,1.0,17.0,1020.0,1.0,gtfs_frequencies_typical_weekday,20120.52,868194.2,78.602,17.329,1.138,0.0,0.587,True,False,56.0,C,ordered-stop planning approximation,True,DERIVED,1,historic_only,uncertain,,,historic_gtfs_baseline,sakay_gtfs_master_historic,No current route validation supplied.,,,False,,historic_only,fairview-wet-market-tm-kalaw,3.852783128865457,263.0133333333333,0,20120.52,DERIVED,sakay_gtfs_master_historic|worldpop_phl_2020_1km
LTFRB_PUJ2324,,Fairview Wet Market TM Kalaw,"Commonwealth Avenue, Quezon City - T.M. Kalaw, Manila",725950,19.343,stop_sequence_approx,73,1.0,17.0,1020.0,1.0,gtfs_frequencies_typical_weekday,19729.86,852431.6,78.207,17.27,1.12,0.0,0.563,True,False,56.0,C,ordered-stop planning approximation,True,DERIVED,1,historic_only,uncertain,,,historic_gtfs_baseline,sakay_gtfs_master_historic,No current route validation supplied.,,,False,,historic_only,fairview-wet-market-tm-kalaw,3.7739750814248048,268.65277777777777,0,19729.86,DERIVED,sakay_gtfs_master_historic|worldpop_phl_2020_1km
LTFRB_PUJ2325,,Guadalupe Cartimar via Roxas Blvd,"Senator Gil Puyat Ave, Lungsod ng Pasay, Manila - Epifanio de los Santos Avenue, Makati City, Manila",724848,6.704,stop_sequence_approx,19,1.0,17.0,1020.0,1.0,gtfs_frequencies_typical_weekday,6838.08,210582.1,77.366,6.022,1.113,0.0,0.54,True,False,56.0,C,ordered-stop planning approximation,True,DERIVED,0,historic_only,uncertain,,,historic_gtfs_baseline,sakay_gtfs_master_historic,No current route validation supplied.,,,False,,historic_only,guadalupe-cartimar,2.834128878281623,372.44444444444446,0,6838.08,DERIVED,sakay_gtfs_master_historic|worldpop_phl_2020_1km
LTFRB_PUJ2326,,Guadalupe Cartimar via Roxas Blvd,"Epifanio de los Santos Avenue, Makati City, Manila - Senator Gil Puyat Ave, Lungsod ng Pasay, Manila",725444,6.719,stop_sequence_approx,17,1.0,17.0,1020.0,1.0,gtfs_frequencies_typical_weekday,6853.38,210582.1,77.366,6.028,1.115,0.0,0.89,True,False,56.0,C,ordered-stop planning approximation,True,DERIVED,0,historic_only,uncertain,,,historic_gtfs_baseline,sakay_gtfs_master_historic,No current route validation supplied.,,,False,,historic_only,guadalupe-cartimar,2.530138413454383,419.9375,0,6853.38,DERIVED,sakay_gtfs_master_historic|worldpop_phl_2020_1km
LTFRB_PUJ2327,,Guadalupe Delpan MRT,"Epifanio de los Santos Avenue, Makati City, Manila - Tejeron, Makati City, Manila",724937,3.968,stop_sequence_approx,14,1.0,17.0,1020.0,2.0,gtfs_frequencies_typical_weekday,4047.36,248993.8,87.14,3.769,1.053,0.0,0.448,True,False,56.0,C,ordered-stop planning approximation,True,DERIVED,0,historic_only,uncertain,,,historic_gtfs_baseline,sakay_gtfs_master_historic,No current route validation supplied.,,,False,,historic_only,guadalupe-delpan-mrt,3.528225806451613,305.2307692307692,0,4047.36,DERIVED,sakay_gtfs_master_historic|worldpop_phl_2020_1km
LTFRB_PUJ2329,,Imus Zapote,"Emilio Aguinaldo Hwy / Holiday Ave Intersection, Imus, Manila - Roxas Blvd / C. Rivera Intersection, Parañaque City, Manila",725330,14.607,stop_sequence_approx,53,1.0,17.0,1020.0,1.0,gtfs_frequencies_typical_weekday,14899.14,721419.5,82.844,13.666,1.069,0.0,0.551,True,False,56.0,C,ordered-stop planning approximation,True,DERIVED,0,historic_only,uncertain,,,historic_gtfs_baseline,sakay_gtfs_master_historic,No current route validation supplied.,,,False,,historic_only,imus-zapote,3.6283973437393033,280.90384615384613,0,14899.14,DERIVED,sakay_gtfs_master_historic|worldpop_phl_2020_1km
LTFRB_PUJ2330,,Imus Zapote,"Redemptorist Road, Parañaque City, Manila - Emilio Aguinaldo Hwy / Holiday Ave Intersection, Imus, Manila",724661,14.835,stop_sequence_approx,54,1.0,17.0,1020.0,1.0,gtfs_frequencies_typical_weekday,15131.7,732099.8,81.636,14.013,1.059,0.0,0.551,True,False,56.0,C,ordered-stop planning approximation,True,DERIVED,0,historic_only,uncertain,,,historic_gtfs_baseline,sakay_gtfs_master_historic,No current route validation supplied.,,,False,,historic_only,imus-zapote,3.640040444893832,279.9056603773585,0,15131.7,DERIVED,sakay_gtfs_master_historic|worldpop_phl_2020_1km
LTFRB_PUJ2331,,Karuhatan Sta Cruz via Fuentes,"Rizal Avenue, Manila - Jolibee, MacArthur Highway, Malinta, Valenzuela City",725182,11.74,stop_sequence_approx,51,1.0,17.0,1020.0,1.0,gtfs_frequencies_typical_weekday,11974.8,696548.6,88.847,10.539,1.114,0.0,0.465,True,False,56.0,C,ordered-stop planning approximation,True,DERIVED,5,historic_only,uncertain,,,historic_gtfs_baseline,sakay_gtfs_master_historic,No current route validation supplied.,,,False,,historic_only,karuhatan-sta-cruz,4.34412265758092,234.8,0,11974.8,DERIVED,sakay_gtfs_master_historic|worldpop_phl_2020_1km
LTFRB_PUJ2332,,Karuhatan Sta Cruz via Fuentes,"Jolibee, MacArthur Highway, Malinta, Valenzuela City - Plaza Santa Cruz, Manila City",725374,11.779,stop_sequence_approx,54,1.0,17.0,1020.0,1.0,gtfs_frequencies_typical_weekday,12014.58,696548.6,88.847,10.51,1.121,0.0,0.477,True,False,56.0,C,ordered-stop planning approximation,True,DERIVED,6,historic_only,uncertain,,,historic_gtfs_baseline,sakay_gtfs_master_historic,No current route validation supplied.,,,False,,historic_only,karuhatan-sta-cruz,4.584429917650056,222.24528301886792,0,12014.58,DERIVED,sakay_gtfs_master_historic|worldpop_phl_2020_1km
LTFRB_PUJ2333,,Karuhatan Ugong,"Que Grande, Valenzuela City - Glen T de Leon, Valenzuela City",724710,3.039,stop_sequence_approx,16,1.0,17.0,1020.0,1.0,gtfs_frequencies_typical_weekday,3099.78,186861.5,83.009,2.802,1.085,0.0,0.242,True,False,56.0,C,ordered-stop planning approximation,True,DERIVED,0,historic_only,uncertain,,,historic_gtfs_baseline,sakay_gtfs_master_historic,No current route validation supplied.,,,False,,historic_only,karuhatan-ugong,5.2648897663705165,202.6,0,3099.78,DERIVED,sakay_gtfs_master_historic|worldpop_phl_2020_1km
LTFRB_PUJ2334,,Karuhatan Ugong,"Glen T de Leon, Valenzuela City - Que Grande, Valenzuela City",725036,3.039,stop_sequence_approx,16,1.0,17.0,1020.0,1.0,gtfs_frequencies_typical_weekday,3099.78,186861.5,83.009,2.802,1.085,0.0,0.242,True,False,56.0,C,ordered-stop planning approximation,True,DERIVED,0,historic_only,uncertain,,,historic_gtfs_baseline,sakay_gtfs_master_historic,No current route validation supplied.,,,False,,historic_only,karuhatan-ugong,5.2648897663705165,202.6,0,3099.78,DERIVED,sakay_gtfs_master_historic|worldpop_phl_2020_1km
LTFRB_PUJ2335,,Kiko Camarin SM Fairview via Maligaya Park,"Quirino Highway / Maligaya Intersection, Caloocan City - Camarin Road, Sampaloc Intersection, Caloocan City",725373,3.344,stop_sequence_approx,17,1.0,17.0,1020.0,1.0,gtfs_frequencies_typical_weekday,3410.88,262136.6,91.135,2.304,1.451,0.0,0.323,True,False,56.0,C,ordered-stop planning approximation,True,DERIVED,0,historic_only,uncertain,,,historic_gtfs_baseline,sakay_gtfs_master_historic,No current route validation supplied.,,,False,,historic_only,kiko-camarin-sm-fairview,5.0837320574162685,209.0,0,3410.88,DERIVED,sakay_gtfs_master_historic|worldpop_phl_2020_1km
LTFRB_PUJ2336,,Kiko Camarin SM Fairview via Maligaya Park,"Camarin Road, Sampaloc Intersection, Caloocan City - Quirino Highway / Maligaya Intersection, Caloocan City",725295,3.408,stop_sequence_approx,17,1.0,17.0,1020.0,1.0,gtfs_frequencies_typical_weekday,3476.16,262136.6,91.135,2.304,1.479,0.0,0.288,True,False,56.0,C,ordered-stop planning approximation,True,DERIVED,0,historic_only,uncertain,,,historic_gtfs_baseline,sakay_gtfs_master_historic,No current route validation supplied.,,,False,,historic_only,kiko-camarin-sm-fairview,4.988262910798122,213.0,0,3476.16,DERIVED,sakay_gtfs_master_historic|worldpop_phl_2020_1km
LTFRB_PUJ2337,,Landmark Puregold Loop,"Makati Ave / North Dr Intersection, Makati City, Manila - J.P. Rizal Ave, Makati City, Manila",725822,3.457,stop_sequence_approx,13,1.0,17.0,1020.0,1.0,gtfs_frequencies_typical_weekday,3526.14,130668.9,76.157,2.436,1.419,0.0,0.453,True,False,56.0,C,ordered-stop planning approximation,True,DERIVED,0,historic_only,uncertain,,,historic_gtfs_baseline,sakay_gtfs_master_historic,No current route validation supplied.,,,False,,historic_only,landmark-puregold,3.7604859704946487,288.0833333333333,0,3526.14,DERIVED,sakay_gtfs_master_historic|worldpop_phl_2020_1km
LTFRB_PUJ2338,,Landmark Puregold Loop,"J.P. Rizal Ave, Makati City, Manila - Makati Ave / North Dr Intersection, Makati City, Manila",725823,3.413,stop_sequence_approx,13,1.0,17.0,1020.0,1.0,gtfs_frequencies_typical_weekday,3481.26,130668.9,76.157,2.436,1.401,0.0,0.453,True,False,56.0,C,ordered-stop planning approximation,True,DERIVED,0,historic_only,uncertain,,,historic_gtfs_baseline,sakay_gtfs_master_historic,No current route validation supplied.,,,False,,historic_only,landmark-puregold,3.8089657193085262,284.4166666666667,0,3481.26,DERIVED,sakay_gtfs_master_historic|worldpop_phl_2020_1km
LTFRB_PUJ2339,,Lealtad P Miranda,"R Hidalgo, Manila - Matimyas, Manila City",725457,2.375,stop_sequence_approx,10,1.0,17.0,1020.0,1.0,gtfs_frequencies_typical_weekday,2422.5,241100.4,95.677,2.202,1.079,0.0,0.411,True,False,44.0,D,ordered-stop planning approximation | few representative stops,True,DERIVED,0,historic_only,uncertain,,,historic_gtfs_baseline,sakay_gtfs_master_historic,No current route validation supplied.,,,False,,historic_only,lealtad-p-miranda,4.2105263157894735,263.8888888888889,0,2422.5,DERIVED,sakay_gtfs_master_historic|worldpop_phl_2020_1km
LTFRB_PUJ2340,,Lealtad P Miranda,"Matimyas, Manila City - R Hidalgo, Manila",725226,2.346,stop_sequence_approx,10,1.0,17.0,1020.0,1.0,gtfs_frequencies_typical_weekday,2392.92,265993.4,96.081,2.202,1.065,0.0,0.392,True,False,44.0,D,ordered-stop planning approximation | few representative stops,True,DERIVED,0,historic_only,uncertain,,,historic_gtfs_baseline,sakay_gtfs_master_historic,No current route validation supplied.,,,False,,historic_only,lealtad-p-miranda,4.262574595055414,260.6666666666667,0,2392.92,DERIVED,sakay_gtfs_master_historic|worldpop_phl_2020_1km
LTFRB_PUJ2341,,Libertad MCU viia Taft Ave,"F.B. Harrison St, Lungsod ng Pasay - Epifanio de los Santos Avenue / 8th Street Intersection , Caloocan City",724762,14.389,stop_sequence_approx,53,1.0,17.0,1020.0,1.0,gtfs_frequencies_typical_weekday,14676.78,930888.3,93.363,12.78,1.126,0.0,0.583,True,False,56.0,C,ordered-stop planning approximation,True,DERIVED,2,historic_only,uncertain,,,historic_gtfs_baseline,sakay_gtfs_master_historic,No current route validation supplied.,,,False,,historic_only,libertad-mcu-viia-taft-ave,3.6833692403919662,276.71153846153845,0,14676.78,DERIVED,sakay_gtfs_master_historic|worldpop_phl_2020_1km
LTFRB_PUJ2342,,Libertad MCU viia Taft Ave,"Epifanio de los Santos Avenue / 8th Street Intersection , Caloocan City - Marcelo H. del Pilar / Salas Intersection, Manila",725435,10.64,stop_sequence_approx,44,1.0,17.0,1020.0,1.0,gtfs_frequencies_typical_weekday,10852.8,661588.5,93.481,9.169,1.16,0.0,0.574,True,False,56.0,C,ordered-stop planning approximation,True,DERIVED,4,historic_only,uncertain,,,historic_gtfs_baseline,sakay_gtfs_master_historic,No current route validation supplied.,,,False,,historic_only,libertad-mcu-viia-taft-ave,4.135338345864661,247.4418604651163,0,10852.8,DERIVED,sakay_gtfs_master_historic|worldpop_phl_2020_1km
LTFRB_PUJ2343,,Malinta Bagbaguin,"Our Lady of Fatima College, Maysan Road, Valenzuela City - Bagbaguin Family Hospital, Genteral Luis, Caloocan City",726177,5.058,stop_sequence_approx,24,1.0,17.0,1020.0,1.0,gtfs_frequencies_typical_weekday,5159.16,161805.6,12.012,4.946,1.023,0.0,0.676,True,False,56.0,C,ordered-stop planning approximation,True,DERIVED,0,historic_only,uncertain,,,historic_gtfs_baseline,sakay_gtfs_master_historic,No current route validation supplied.,,,False,,historic_only,malinta-bagbaguin,4.744958481613286,219.91304347826087,0,5159.16,DERIVED,sakay_gtfs_master_historic|worldpop_phl_2020_1km
LTFRB_PUJ2344,,Malinta Bagbaguin,"Bagbaguin Family Hospital, Genteral Luis, Caloocan City - Our Lady of Fatima College, Maysan Road, Valenzuela City",725987,5.058,stop_sequence_approx,25,1.0,17.0,1020.0,1.0,gtfs_frequencies_typical_weekday,5159.16,161805.6,12.012,4.946,1.023,0.0,0.411,True,False,56.0,C,ordered-stop planning approximation,True,DERIVED,0,historic_only,uncertain,,,historic_gtfs_baseline,sakay_gtfs_master_historic,No current route validation supplied.,,,False,,historic_only,malinta-bagbaguin,4.942665085013839,210.75,0,5159.16,DERIVED,sakay_gtfs_master_historic|worldpop_phl_2020_1km
LTFRB_PUJ2345,,Malolos BBB (Val) via MacArthur Highway,"MacArthur Highway / Del Monte Intersection, Malabon City - Ang Dating Daan, Balagtas",725477,21.272,stop_sequence_approx,89,1.0,17.0,1020.0,1.0,gtfs_frequencies_typical_weekday,21697.44,432499.7,38.115,19.388,1.097,0.0,0.898,True,False,56.0,C,ordered-stop planning approximation,True,DERIVED,13,historic_only,uncertain,,,historic_gtfs_baseline,sakay_gtfs_master_historic,No current route validation supplied.,,,False,,historic_only,malolos-bbb-val,4.183903723204212,241.72727272727272,0,21697.44,DERIVED,sakay_gtfs_master_historic|worldpop_phl_2020_1km
LTFRB_PUJ2346,,Malolos BBB (Val) via MacArthur Highway,"North Luzon Expressway, Balagtas - MacArthur Highway / Del Monte Intersection, Malabon City",725216,22.781,stop_sequence_approx,82,1.0,17.0,1020.0,1.0,gtfs_frequencies_typical_weekday,23236.62,433168.8,38.056,19.623,1.161,0.0,3.237,True,False,56.0,C,ordered-stop planning approximation,True,DERIVED,10,historic_only,uncertain,,,historic_gtfs_baseline,sakay_gtfs_master_historic,No current route validation supplied.,,,False,,historic_only,malolos-bbb-val,3.599490803739959,281.24691358024694,0,23236.62,DERIVED,sakay_gtfs_master_historic|worldpop_phl_2020_1km
LTFRB_PUJ2347,,Marikina City SM Santolan LRT,"Amang Rodriguez Ave, Pasig City, Manila - Sumulong Hwy, Marikina City, Manila",726120,5.402,stop_sequence_approx,17,1.0,17.0,1020.0,1.0,gtfs_frequencies_typical_weekday,5510.04,138379.4,54.682,2.815,1.919,0.0,1.012,True,False,56.0,C,ordered-stop planning approximation,True,DERIVED,0,historic_only,uncertain,,,historic_gtfs_baseline,sakay_gtfs_master_historic,No current route validation supplied.,,,False,,historic_only,marikina-city-sm-santolan-lrt,3.1469825990373934,337.625,0,5510.04,DERIVED,sakay_gtfs_master_historic|worldpop_phl_2020_1km
LTFRB_PUJ2348,,Marikina City SM Santolan LRT,"Jacamar, Marikina City, Manila - Amang Rodriguez Ave, Pasig City, Manila",725395,2.852,stop_sequence_approx,12,1.0,17.0,1020.0,1.0,gtfs_frequencies_typical_weekday,2909.04,128560.4,58.858,2.603,1.096,0.0,0.338,True,False,56.0,C,ordered-stop planning approximation,True,DERIVED,0,historic_only,uncertain,,,historic_gtfs_baseline,sakay_gtfs_master_historic,No current route validation supplied.,,,False,,historic_only,marikina-city-sm-santolan-lrt,4.20757363253857,259.27272727272725,0,2909.04,DERIVED,sakay_gtfs_master_historic|worldpop_phl_2020_1km
LTFRB_PUJ2349,,Montalban San Rafael,"Gen. A Luna, San Mateo - MH del Pilar Street, Rodriguez",724980,4.925,stop_sequence_approx,22,1.0,17.0,1020.0,1.0,gtfs_frequencies_typical_weekday,5023.5,61775.4,0.0,4.252,1.158,0.0,0.323,True,False,56.0,C,ordered-stop planning approximation,True,DERIVED,1,historic_only,uncertain,,,historic_gtfs_baseline,sakay_gtfs_master_historic,No current route validation supplied.,,,False,,historic_only,montalban-san-rafael,4.467005076142132,234.52380952380952,0,5023.5,DERIVED,sakay_gtfs_master_historic|worldpop_phl_2020_1km
LTFRB_PUJ2350,,Montalban San Rafael,"MH del Pilar Street, Rodriguez - Gen. A Luna, San Mateo",725073,4.925,stop_sequence_approx,22,1.0,17.0,1020.0,1.0,gtfs_frequencies_typical_weekday,5023.5,61775.4,0.0,4.252,1.158,0.0,0.323,True,False,56.0,C,ordered-stop planning approximation,True,DERIVED,1,historic_only,uncertain,,,historic_gtfs_baseline,sakay_gtfs_master_historic,No current route validation supplied.,,,False,,historic_only,montalban-san-rafael,4.467005076142132,234.52380952380952,0,5023.5,DERIVED,sakay_gtfs_master_historic|worldpop_phl_2020_1km
LTFRB_PUJ2351,,Montalban Wawa,"MH del Pilar Street, Rodriguez - M H del Pilar Street, Rodriguez",724620,3.424,stop_sequence_approx,15,1.0,17.0,1020.0,1.0,gtfs_frequencies_typical_weekday,3492.48,11830.2,0.0,2.838,1.206,0.0,0.341,True,False,56.0,C,ordered-stop planning approximation,True,DERIVED,0,historic_only,uncertain,,,historic_gtfs_baseline,sakay_gtfs_master_historic,No current route validation supplied.,,,False,,historic_only,montalban-wawa,4.380841121495327,244.57142857142858,0,3492.48,DERIVED,sakay_gtfs_master_historic|worldpop_phl_2020_1km
LTFRB_PUJ2352,,Montalban Wawa,"M H del Pilar Street, Rodriguez - MH del Pilar Street, Rodriguez",726325,3.424,stop_sequence_approx,15,1.0,17.0,1020.0,1.0,gtfs_frequencies_typical_weekday,3492.48,11830.2,0.0,2.838,1.206,0.0,0.341,True,False,56.0,C,ordered-stop planning approximation,True,DERIVED,0,historic_only,uncertain,,,historic_gtfs_baseline,sakay_gtfs_master_historic,No current route validation supplied.,,,False,,historic_only,montalban-wawa,4.380841121495327,244.57142857142858,0,3492.48,DERIVED,sakay_gtfs_master_historic|worldpop_phl_2020_1km
LTFRB_PUJ2353,,Nagtahan RTDA Pandacan,"Nagtahan Bridge, Manila - Ramon Magsaysay Blvd, Manila",725136,0.834,stop_sequence_approx,4,1.0,17.0,1020.0,1.0,gtfs_frequencies_typical_weekday,850.68,109980.6,90.523,0.829,1.006,0.0,0.338,True,False,44.0,D,ordered-stop planning approximation | few representative stops,True,DERIVED,0,historic_only,uncertain,,,historic_gtfs_baseline,sakay_gtfs_master_historic,No current route validation supplied.,,,False,,historic_only,nagtahan-rtda-pandacan,4.796163069544365,278.0,0,850.68,DERIVED,sakay_gtfs_master_historic|worldpop_phl_2020_1km
LTFRB_PUJ2354,,Nagtahan RTDA Pandacan,"Ramon Magsaysay Blvd, Manila - Nagtahan Bridge, Manila",725726,0.834,stop_sequence_approx,4,1.0,17.0,1020.0,1.0,gtfs_frequencies_typical_weekday,850.68,109980.6,90.523,0.829,1.006,0.0,0.338,True,False,44.0,D,ordered-stop planning approximation | few representative stops,True,DERIVED,0,historic_only,uncertain,,,historic_gtfs_baseline,sakay_gtfs_master_historic,No current route validation supplied.,,,False,,historic_only,nagtahan-rtda-pandacan,4.796163069544365,278.0,0,850.68,DERIVED,sakay_gtfs_master_historic|worldpop_phl_2020_1km
LTFRB_PUJ2355,,Namayan Vergara,"J P Rizal, Mandaluyong City - Shaw Blvd, Mandaluyong City, Manila",725824,1.801,stop_sequence_approx,5,1.0,17.0,1020.0,1.0,gtfs_frequencies_typical_weekday,1837.02,197372.7,92.637,1.673,1.076,0.0,0.614,True,False,44.0,D,ordered-stop planning approximation | few representative stops,True,DERIVED,0,historic_only,uncertain,,,historic_gtfs_baseline,sakay_gtfs_master_historic,No current route validation supplied.,,,False,,historic_only,namayan-vergara,2.77623542476402,450.25,0,1837.02,DERIVED,sakay_gtfs_master_historic|worldpop_phl_2020_1km
LTFRB_PUJ2356,,Namayan Vergara,"Haig, Mandaluyong City - J P Rizal, Mandaluyong City",725156,1.875,stop_sequence_approx,6,1.0,17.0,1020.0,1.0,gtfs_frequencies_typical_weekday,1912.5,197372.7,92.637,1.723,1.088,0.0,0.509,True,False,44.0,D,ordered-stop planning approximation | few representative stops,True,DERIVED,0,historic_only,uncertain,,,historic_gtfs_baseline,sakay_gtfs_master_historic,No current route validation supplied.,,,False,,historic_only,namayan-vergara,3.2,375.0,0,1912.5,DERIVED,sakay_gtfs_master_historic|worldpop_phl_2020_1km
LTFRB_PUJ2357,,Napocor Vill NIA Vill Tandang Sora,"Childrens Medical Center, Quezon Avenue, Quezon City - St Peter Chapels, Commonwealth Avenue, Quezon City",725070,3.454,stop_sequence_approx,12,1.0,17.0,1020.0,1.0,gtfs_frequencies_typical_weekday,3523.0800000000004,117060.9,29.524,3.223,1.072,0.0,0.647,True,False,56.0,C,ordered-stop planning approximation,True,DERIVED,0,historic_only,uncertain,,,historic_gtfs_baseline,sakay_gtfs_master_historic,No current route validation supplied.,,,False,,historic_only,napocor-vill-nia-vill-tandang-sora,3.4742327735958307,314.0,0,3523.0800000000004,DERIVED,sakay_gtfs_master_historic|worldpop_phl_2020_1km
LTFRB_PUJ2358,,Napocor Vill NIA Vill Tandang Sora,"St Peter Chapels, Commonwealth Avenue, Quezon City - Childrens Medical Center, Quezon Avenue, Quezon City",725830,3.483,stop_sequence_approx,15,1.0,17.0,1020.0,1.0,gtfs_frequencies_typical_weekday,3552.6600000000003,117060.9,29.524,3.223,1.081,0.0,0.438,True,False,56.0,C,ordered-stop planning approximation,True,DERIVED,0,historic_only,uncertain,,,historic_gtfs_baseline,sakay_gtfs_master_historic,No current route validation supplied.,,,False,,historic_only,napocor-vill-nia-vill-tandang-sora,4.306632213608958,248.78571428571428,0,3552.6600000000003,DERIVED,sakay_gtfs_master_historic|worldpop_phl_2020_1km
LTFRB_PUJ2359,,Navotas Recto,"Oroquieta, Manila - Navotas City Hall, M. Naval, City of Navotas",725638,10.661,stop_sequence_approx,46,1.0,17.0,1020.0,1.0,gtfs_frequencies_typical_weekday,10874.22,829021.2,100.0,7.049,1.512,0.0,1.052,True,False,56.0,C,ordered-stop planning approximation,True,DERIVED,4,historic_only,uncertain,,,historic_gtfs_baseline,sakay_gtfs_master_historic,No current route validation supplied.,,,False,,historic_only,navotas-recto,4.31479223337398,236.9111111111111,0,10874.22,DERIVED,sakay_gtfs_master_historic|worldpop_phl_2020_1km
LTFRB_PUJ2360,,Navotas Recto,"Tangos Elementary School, M. Naval, City of Navotas - LRT Doroteo Jose-Recto Station Walkway / Rizal Avenue Intersection, Manila",726147,12.47,stop_sequence_approx,42,1.0,17.0,1020.0,1.0,gtfs_frequencies_typical_weekday,12719.4,939560.1,98.922,9.267,1.346,0.0,1.294,True,False,56.0,C,ordered-stop planning approximation,True,DERIVED,1,historic_only,uncertain,,,historic_gtfs_baseline,sakay_gtfs_master_historic,No current route validation supplied.,,,False,,historic_only,navotas-recto,3.3680834001603848,304.1463414634146,0,12719.4,DERIVED,sakay_gtfs_master_historic|worldpop_phl_2020_1km
LTFRB_PUJ2361,,North Harbor Sta Mesa via Magsaysay,"Ramon Magsaysay Blvd, Manila - LRT Doroteo Jose-Recto Station Walkway / Rizal Avenue Intersection, Manila",725358,1.772,stop_sequence_approx,5,1.0,17.0,1020.0,1.0,gtfs_frequencies_typical_weekday,1807.44,204578.6,94.905,1.746,1.015,0.0,0.876,True,False,44.0,D,ordered-stop planning approximation | few representative stops,True,DERIVED,1,historic_only,uncertain,,,historic_gtfs_baseline,sakay_gtfs_master_historic,No current route validation supplied.,,,False,,historic_only,north-harbor-sta-mesa,2.821670428893905,443.0,0,1807.44,DERIVED,sakay_gtfs_master_historic|worldpop_phl_2020_1km
LTFRB_PUJ2362,,North Harbor Sta Mesa via Magsaysay,"LRT Doroteo Jose-Recto Station Walkway / Rizal Avenue Intersection, Manila - Ramon Magsaysay Blvd / Altura Intersection, Manila",725963,2.975,stop_sequence_approx,9,1.0,17.0,1020.0,1.0,gtfs_frequencies_typical_weekday,3034.5,249777.0,95.827,2.913,1.021,0.0,0.649,True,False,44.0,D,ordered-stop planning approximation | few representative stops,True,DERIVED,1,historic_only,uncertain,,,historic_gtfs_baseline,sakay_gtfs_master_historic,No current route validation supplied.,,,False,,historic_only,north-harbor-sta-mesa,3.0252100840336134,371.875,0,3034.5,DERIVED,sakay_gtfs_master_historic|worldpop_phl_2020_1km
LTFRB_PUJ2363,,Novaliches BF Homes,"Susano, Caloocan City - Teofilo Samson Road, Caloocan City",725420,3.293,stop_sequence_approx,16,1.0,17.0,1020.0,1.0,gtfs_frequencies_typical_weekday,3358.86,180039.4,72.012,2.249,1.465,0.0,0.307,True,False,56.0,C,ordered-stop planning approximation,True,DERIVED,0,historic_only,uncertain,,,historic_gtfs_baseline,sakay_gtfs_master_historic,No current route validation supplied.,,,False,,historic_only,novaliches-bf-homes,4.858791375645308,219.53333333333333,0,3358.86,DERIVED,sakay_gtfs_master_historic|worldpop_phl_2020_1km
LTFRB_PUJ2364,,Novaliches BF Homes,"Teofilo Samson Road, Caloocan City - Topaz, Caloocan City",725462,3.271,stop_sequence_approx,16,1.0,17.0,1020.0,1.0,gtfs_frequencies_typical_weekday,3336.42,180039.4,72.012,2.129,1.537,0.0,0.307,True,False,56.0,C,ordered-stop planning approximation,True,DERIVED,0,historic_only,uncertain,,,historic_gtfs_baseline,sakay_gtfs_master_historic,No current route validation supplied.,,,False,,historic_only,novaliches-bf-homes,4.891470498318557,218.06666666666666,0,3336.42,DERIVED,sakay_gtfs_master_historic|worldpop_phl_2020_1km
LTFRB_PUJ2365,,Novaliches Bignay vice versa,"General Luis / Emerald Intersection, Caloocan City - Llano Road, Caloocan City",724599,4.065,stop_sequence_approx,17,1.0,17.0,1020.0,1.0,gtfs_frequencies_typical_weekday,4146.3,180674.5,64.593,3.821,1.064,0.0,0.434,True,False,56.0,C,ordered-stop planning approximation,True,DERIVED,0,historic_only,uncertain,,,historic_gtfs_baseline,sakay_gtfs_master_historic,No current route validation supplied.,,,False,,historic_only,novaliches-bignay-vice-versa,4.1820418204182035,254.06250000000003,0,4146.3,DERIVED,sakay_gtfs_master_historic|worldpop_phl_2020_1km
LTFRB_PUJ2366,,Novaliches Bignay vice versa,"Llano Road, Caloocan City - General Luis / Gold Intersection, Caloocan City",726137,3.958,stop_sequence_approx,16,1.0,17.0,1020.0,1.0,gtfs_frequencies_typical_weekday,4037.16,158221.5,59.569,3.727,1.062,0.0,0.434,True,False,56.0,C,ordered-stop planning approximation,True,DERIVED,0,historic_only,uncertain,,,historic_gtfs_baseline,sakay_gtfs_master_historic,No current route validation supplied.,,,False,,historic_only,novaliches-bignay-vice-versa,4.04244567963618,263.8666666666667,0,4037.16,DERIVED,sakay_gtfs_master_historic|worldpop_phl_2020_1km
LTFRB_PUJ2367,,Novaliches Grotto (SJDM),"Buenmar Drive, Quezon City - Sta. Maria - Tungkong Mangga Rd, City of San Jose del Monte",724917,14.636,stop_sequence_approx,64,1.0,17.0,1020.0,1.0,gtfs_frequencies_typical_weekday,14928.72,491632.3,76.551,8.294,1.765,0.0,0.442,True,False,56.0,C,ordered-stop planning approximation,True,DERIVED,1,historic_only,uncertain,,,historic_gtfs_baseline,sakay_gtfs_master_historic,No current route validation supplied.,,,False,,historic_only,novaliches-grotto-sjdm,4.372779447936595,232.31746031746033,0,14928.72,DERIVED,sakay_gtfs_master_historic|worldpop_phl_2020_1km
LTFRB_PUJ2368,,Novaliches Grotto (SJDM),"Sta. Maria - Tungkong Mangga Rd, City of San Jose del Monte - Susano / General Luis Intersection, Caloocan City",726136,12.816,stop_sequence_approx,56,1.0,17.0,1020.0,1.0,gtfs_frequencies_typical_weekday,13072.320000000002,470037.6,80.068,8.186,1.566,0.0,0.442,True,False,56.0,C,ordered-stop planning approximation,True,DERIVED,1,historic_only,uncertain,,,historic_gtfs_baseline,sakay_gtfs_master_historic,No current route validation supplied.,,,False,,historic_only,novaliches-grotto-sjdm,4.369538077403246,233.01818181818183,0,13072.320000000002,DERIVED,sakay_gtfs_master_historic|worldpop_phl_2020_1km
LTFRB_PUJ2369,,Novaliches Palmera (SJDM),"Buenmar Drive, Quezon City - Starmall San Jose de Monte, Quirino Highway, City of San Jose del Monte",725066,16.391,stop_sequence_approx,70,1.0,17.0,1020.0,1.0,gtfs_frequencies_typical_weekday,16718.82,505064.3,74.515,10.844,1.511,0.0,0.557,True,False,56.0,C,ordered-stop planning approximation,True,DERIVED,4,historic_only,uncertain,,,historic_gtfs_baseline,sakay_gtfs_master_historic,No current route validation supplied.,,,False,,historic_only,novaliches-palmera-sjdm,4.270636324812397,237.55072463768116,0,16718.82,DERIVED,sakay_gtfs_master_historic|worldpop_phl_2020_1km
LTFRB_PUJ2370,,Novaliches Palmera (SJDM),"Starmall San Jose de Monte, Quirino Highway, City of San Jose del Monte - Ramirez / Quirino Highway, Caloocan City",724986,14.576,stop_sequence_approx,61,1.0,17.0,1020.0,1.0,gtfs_frequencies_typical_weekday,14867.52,483469.7,77.843,10.736,1.358,0.0,0.539,True,False,56.0,C,ordered-stop planning approximation,True,DERIVED,4,historic_only,uncertain,,,historic_gtfs_baseline,sakay_gtfs_master_historic,No current route validation supplied.,,,False,,historic_only,novaliches-palmera-sjdm,4.184961580680571,242.93333333333334,0,14867.52,DERIVED,sakay_gtfs_master_historic|worldpop_phl_2020_1km
LTFRB_PUJ2371,,Old Pque Bldg San Antonio Valley,"Dr A. Santos Ave, Parañaque City, Manila - Dr A. Santos Ave / Vitalez Intersection, Parañaque City, Manila",726094,3.228,stop_sequence_approx,12,1.0,17.0,1020.0,1.0,gtfs_frequencies_typical_weekday,3292.5600000000004,157317.2,64.968,3.209,1.006,0.0,0.364,True,False,56.0,C,ordered-stop planning approximation,True,DERIVED,0,historic_only,uncertain,,,historic_gtfs_baseline,sakay_gtfs_master_historic,No current route validation supplied.,,,False,,historic_only,old-pque-bldg-san-antonio-valley,3.717472118959108,293.45454545454544,0,3292.5600000000004,DERIVED,sakay_gtfs_master_historic|worldpop_phl_2020_1km
LTFRB_PUJ2372,,Old Pque Bldg San Antonio Valley,"Dr A. Santos Ave / Vitalez Intersection, Parañaque City, Manila - Dr A. Santos Ave, Parañaque City, Manila",724617,3.228,stop_sequence_approx,12,1.0,17.0,1020.0,1.0,gtfs_frequencies_typical_weekday,3292.5600000000004,157317.2,64.968,3.209,1.006,0.0,0.364,True,False,56.0,C,ordered-stop planning approximation,True,DERIVED,0,historic_only,uncertain,,,historic_gtfs_baseline,sakay_gtfs_master_historic,No current route validation supplied.,,,False,,historic_only,old-pque-bldg-san-antonio-valley,3.717472118959108,293.45454545454544,0,3292.5600000000004,DERIVED,sakay_gtfs_master_historic|worldpop_phl_2020_1km
LTFRB_PUJ2373,,Ortigas Complex Robinsons Galleria,"E.Abello / Ortigas Ave Intersection, Pasig City, Manila - Ortigas Ave, Quezon City, Manila",725949,0.392,stop_sequence_approx,2,1.0,17.0,1020.0,1.0,gtfs_frequencies_typical_weekday,399.84,20422.8,0.0,0.392,1.001,0.0,0.392,True,False,44.0,D,ordered-stop planning approximation | few representative stops,True,DERIVED,0,historic_only,uncertain,,,historic_gtfs_baseline,sakay_gtfs_master_historic,No current route validation supplied.,,,False,,historic_only,ortigas-complex-robinsons-galleria,5.1020408163265305,392.0,0,399.84,DERIVED,sakay_gtfs_master_historic|worldpop_phl_2020_1km
LTFRB_PUJ2376,,PagAsa Pier South via Qave,"Padre Burgos St, Manila - Mindanao Avenue, Quezon City",725206,12.379,stop_sequence_approx,28,1.0,17.0,1020.0,1.0,gtfs_frequencies_typical_weekday,12626.58,577120.6,88.683,10.326,1.199,0.0,1.73,True,True,48.0,D,ordered-stop planning approximation | self-intersection detected,True,DERIVED,1,historic_only,uncertain,,,historic_gtfs_baseline,sakay_gtfs_master_historic,No current route validation supplied.,,,False,,historic_only,pagasa-pier-south,2.2618951450036353,458.48148148148147,0,12626.58,DERIVED,sakay_gtfs_master_historic|worldpop_phl_2020_1km
LTFRB_PUJ2377,,PagAsa Pier South via Qave,"Mindanao Avenue / Road 10 Intersection, Quezon City - Padre Burgos St / Padre Burgos Street Intersection, Manila",726391,13.076,stop_sequence_approx,52,1.0,17.0,1020.0,1.0,gtfs_frequencies_typical_weekday,13337.52,596526.3,88.65,10.777,1.213,0.0,0.863,True,False,56.0,C,ordered-stop planning approximation,True,DERIVED,1,historic_only,uncertain,,,historic_gtfs_baseline,sakay_gtfs_master_historic,No current route validation supplied.,,,False,,historic_only,pagasa-pier-south,3.976751300091771,256.3921568627451,0,13337.52,DERIVED,sakay_gtfs_master_historic|worldpop_phl_2020_1km
LTFRB_PUJ2378,,Pandacan Pier South,Angel Linao / Pedro Gil - Bonifacio Dr Manila,725315,3.71,stop_sequence_approx,13,1.0,17.0,1020.0,1.0,gtfs_frequencies_typical_weekday,3784.2,110968.3,61.715,2.773,1.338,0.0,0.475,True,False,56.0,C,ordered-stop planning approximation,True,DERIVED,0,historic_only,uncertain,,,historic_gtfs_baseline,sakay_gtfs_master_historic,No current route validation supplied.,,,False,,historic_only,pandacan-pier-south,3.5040431266846364,309.1666666666667,0,3784.2,DERIVED,sakay_gtfs_master_historic|worldpop_phl_2020_1km
LTFRB_PUJ2379,,Pandacan Pier South,"Bonifacio Drive, Manila - Angel Linao / Pedro Gil",725455,3.664,stop_sequence_approx,13,1.0,17.0,1020.0,1.0,gtfs_frequencies_typical_weekday,3737.28,168102.0,79.095,2.706,1.354,0.0,0.471,True,False,56.0,C,ordered-stop planning approximation,True,DERIVED,0,historic_only,uncertain,,,historic_gtfs_baseline,sakay_gtfs_master_historic,No current route validation supplied.,,,False,,historic_only,pandacan-pier-south,3.5480349344978164,305.3333333333333,0,3737.28,DERIVED,sakay_gtfs_master_historic|worldpop_phl_2020_1km
LTFRB_PUJ2380,,Pasay RTDA Monumento via Taft Ave JA Santos,"Taft Ave, Lungsod ng Pasay - Light Rail Transportation / New Antipolo, Quezon City",725817,9.75,stop_sequence_approx,30,1.0,17.0,1020.0,1.0,gtfs_frequencies_typical_weekday,9945.0,664347.4,93.569,9.354,1.042,0.0,0.778,True,False,56.0,C,ordered-stop planning approximation,True,DERIVED,0,historic_only,uncertain,,,historic_gtfs_baseline,sakay_gtfs_master_historic,No current route validation supplied.,,,False,,historic_only,pasay-rtda-monumento,3.076923076923077,336.2068965517241,0,9945.0,DERIVED,sakay_gtfs_master_historic|worldpop_phl_2020_1km
LTFRB_PUJ2381,,Pasay RTDA Monumento via Taft Ave JA Santos,"Light Rail Transportation 1, Manila - Taft Ave, Lungsod ng Pasay",725985,9.581,stop_sequence_approx,27,1.0,17.0,1020.0,1.0,gtfs_frequencies_typical_weekday,9772.62,609649.2,91.608,9.191,1.042,0.0,1.008,True,False,56.0,C,ordered-stop planning approximation,True,DERIVED,1,historic_only,uncertain,,,historic_gtfs_baseline,sakay_gtfs_master_historic,No current route validation supplied.,,,False,,historic_only,pasay-rtda-monumento,2.8180774449431167,368.5,0,9772.62,DERIVED,sakay_gtfs_master_historic|worldpop_phl_2020_1km
LTFRB_PUJ2382,,Pasay RTDA QI via L Guinto,"Taft Ave, Lungsod ng Pasay - Taft Ave, Manila",726218,4.082,stop_sequence_approx,11,1.0,17.0,1020.0,1.0,gtfs_frequencies_typical_weekday,4163.639999999999,358540.7,92.1,3.997,1.021,0.0,0.583,True,False,44.0,D,ordered-stop planning approximation | few representative stops,True,DERIVED,0,historic_only,uncertain,,,historic_gtfs_baseline,sakay_gtfs_master_historic,No current route validation supplied.,,,False,,historic_only,pasay-rtda-qi,2.6947574718275358,408.2,0,4163.639999999999,DERIVED,sakay_gtfs_master_historic|worldpop_phl_2020_1km
LTFRB_PUJ2383,,Pasay RTDA QI via L Guinto,"Taft Ave, Manila - Taft Ave, Lungsod ng Pasay",725965,4.97,stop_sequence_approx,11,1.0,17.0,1020.0,1.0,gtfs_frequencies_typical_weekday,5069.4,365607.5,90.32,3.997,1.243,0.0,0.88,True,False,44.0,D,ordered-stop planning approximation | few representative stops,True,DERIVED,0,historic_only,uncertain,,,historic_gtfs_baseline,sakay_gtfs_master_historic,No current route validation supplied.,,,False,,historic_only,pasay-rtda-qi,2.2132796780684107,497.0,0,5069.4,DERIVED,sakay_gtfs_master_historic|worldpop_phl_2020_1km
LTFRB_PUJ2384,,Pasay RTDA Sucat via SSH,"E Service Rd,  Taguig City, Manila - Epifanio de los Santos Avenue, Lungsod ng Pasay",725214,9.188,stop_sequence_approx,13,1.0,17.0,1020.0,1.0,gtfs_frequencies_typical_weekday,9371.76,366786.4,86.417,7.131,1.288,0.0,1.713,True,False,56.0,C,ordered-stop planning approximation,True,DERIVED,0,historic_only,uncertain,,,historic_gtfs_baseline,sakay_gtfs_master_historic,No current route validation supplied.,,,False,,historic_only,pasay-rtda-sucat,1.4148889856334348,765.6666666666666,0,9371.76,DERIVED,sakay_gtfs_master_historic|worldpop_phl_2020_1km
LTFRB_PUJ2385,,Pasay RTDA Sucat via SSH,"Epifanio de los Santos Avenue, Lungsod ng Makati, Manila - South Luzon Expressway, Muntinlupa City, Manila",726048,10.119,stop_sequence_approx,17,1.0,17.0,1020.0,1.0,gtfs_frequencies_typical_weekday,10321.38,347294.4,83.008,9.622,1.052,0.0,2.353,True,False,56.0,C,ordered-stop planning approximation,True,DERIVED,0,historic_only,uncertain,,,historic_gtfs_baseline,sakay_gtfs_master_historic,No current route validation supplied.,,,False,,historic_only,pasay-rtda-sucat,1.6800079059195574,632.4375,0,10321.38,DERIVED,sakay_gtfs_master_historic|worldpop_phl_2020_1km
LTFRB_PUJ2386,,Pfaura San Andres via M Adriatico,"Agusto Francisco, Manila - Padre Faura / M Adriatico Intersection, Manila",725072,2.674,stop_sequence_approx,8,1.0,17.0,1020.0,1.0,gtfs_frequencies_typical_weekday,2727.48,224698.4,93.947,2.406,1.111,0.0,0.578,True,False,44.0,D,ordered-stop planning approximation | few representative stops,True,DERIVED,0,historic_only,uncertain,,,historic_gtfs_baseline,sakay_gtfs_master_historic,No current route validation supplied.,,,False,,historic_only,pfaura-san-andres,2.9917726252804786,382.0,0,2727.48,DERIVED,sakay_gtfs_master_historic|worldpop_phl_2020_1km
LTFRB_PUJ2387,,Pfaura San Andres via M Adriatico,"Philipine General Hospital, Pedro Gil, Manila - Agusto Francisco, Manila",726025,2.415,stop_sequence_approx,7,1.0,17.0,1020.0,1.0,gtfs_frequencies_typical_weekday,2463.3,220306.9,95.82,2.049,1.179,0.0,0.555,True,False,44.0,D,ordered-stop planning approximation | few representative stops,True,DERIVED,0,historic_only,uncertain,,,historic_gtfs_baseline,sakay_gtfs_master_historic,No current route validation supplied.,,,False,,historic_only,pfaura-san-andres,2.898550724637681,402.5,0,2463.3,DERIVED,sakay_gtfs_master_historic|worldpop_phl_2020_1km
LTFRB_PUJ2388,,Pier South via Road 10,"Sto. Nino Church, Nicolas Zamora, Manila - President Ferdinand E. Marcos Highway, Tondo",725074,4.55,stop_sequence_approx,14,1.0,17.0,1020.0,1.0,gtfs_frequencies_typical_weekday,4641.0,540718.6,99.659,4.228,1.076,0.0,0.719,True,False,56.0,C,ordered-stop planning approximation,True,DERIVED,1,historic_only,uncertain,,,historic_gtfs_baseline,sakay_gtfs_master_historic,No current route validation supplied.,,,False,,historic_only,pier-south,3.076923076923077,350.0,0,4641.0,DERIVED,sakay_gtfs_master_historic|worldpop_phl_2020_1km
LTFRB_PUJ2389,,Pier South via Road 10,"President Ferdinand E. Marcos Highway, Tondo - President Ferdinand E. Marcos Highway / Bonifacio Intersection, Tondo",725613,2.218,stop_sequence_approx,7,1.0,17.0,1020.0,1.0,gtfs_frequencies_typical_weekday,2262.36,274061.0,99.328,2.161,1.027,0.0,0.604,True,False,44.0,D,ordered-stop planning approximation | few representative stops,True,DERIVED,1,historic_only,uncertain,,,historic_gtfs_baseline,sakay_gtfs_master_historic,No current route validation supplied.,,,False,,historic_only,pier-south,3.1559963931469794,369.6666666666667,0,2262.36,DERIVED,sakay_gtfs_master_historic|worldpop_phl_2020_1km
LTFRB_PUJ2390,,Pier South via Road 10,"Manila Film Centre, President Ferdinand E. Marcos Highway, Tondo - Isabelo delos Reyes Elementary School, Nicolas Zamora, Manila",726376,2.228,stop_sequence_approx,8,1.0,17.0,1020.0,1.0,gtfs_frequencies_typical_weekday,2272.5600000000004,400672.6,100.0,1.744,1.278,0.0,0.542,True,False,44.0,D,ordered-stop planning approximation | few representative stops,True,DERIVED,0,historic_only,uncertain,,,historic_gtfs_baseline,sakay_gtfs_master_historic,No current route validation supplied.,,,False,,historic_only,pier-south,3.5906642728904843,318.2857142857143,0,2272.5600000000004,DERIVED,sakay_gtfs_master_historic|worldpop_phl_2020_1km
LTFRB_PUJ2392,,Plaridel BBB (Val) via MacArthur Highway,"Ang Dating Daan, Balagtas - Banga Baranggay Hal, MacArthur Highway, City of Meycauayan",724692,13.184,stop_sequence_approx,48,1.0,17.0,1020.0,1.0,gtfs_frequencies_typical_weekday,13447.679999999998,145644.7,0.0,12.488,1.056,0.0,0.898,True,False,56.0,C,ordered-stop planning approximation,True,DERIVED,6,historic_only,uncertain,,,historic_gtfs_baseline,sakay_gtfs_master_historic,No current route validation supplied.,,,False,,historic_only,plaridel-bbb-val,3.6407766990291264,280.51063829787233,0,13447.679999999998,DERIVED,sakay_gtfs_master_historic|worldpop_phl_2020_1km
LTFRB_PUJ2393,,Plaza Miranda OPiers via Vitas,"Padre Burgos St, Manila - Quezon Blvd, Manila",725678,1.795,stop_sequence_approx,7,1.0,17.0,1020.0,1.0,gtfs_frequencies_typical_weekday,1830.9,83300.4,72.585,1.587,1.131,0.0,0.587,True,False,44.0,D,ordered-stop planning approximation | few representative stops,True,DERIVED,0,historic_only,uncertain,,,historic_gtfs_baseline,sakay_gtfs_master_historic,No current route validation supplied.,,,False,,historic_only,plaza-miranda-opiers,3.8997214484679668,299.1666666666667,0,1830.9,DERIVED,sakay_gtfs_master_historic|worldpop_phl_2020_1km
LTFRB_PUJ2394,,Plaza Miranda OPiers via Vitas,"Quezon Blvd, Manila - Bonifacio Drive, Manila",725474,2.379,stop_sequence_approx,9,1.0,17.0,1020.0,1.0,gtfs_frequencies_typical_weekday,2426.58,110048.6,77.078,1.701,1.398,0.0,0.648,True,False,44.0,D,ordered-stop planning approximation | few representative stops,True,DERIVED,0,historic_only,uncertain,,,historic_gtfs_baseline,sakay_gtfs_master_historic,No current route validation supplied.,,,False,,historic_only,plaza-miranda-opiers,3.7831021437578816,297.375,0,2426.58,DERIVED,sakay_gtfs_master_historic|worldpop_phl_2020_1km
LTFRB_PUJ2395,,Polo Sangandaan via Tenejeros,"Caloocan City Police Station, Samson Road, Malabon City - San Diego de Alcala Parish, Palassan Road, Kapitan Viilila, Valenzuela City",726187,6.255,stop_sequence_approx,23,1.0,17.0,1020.0,1.0,gtfs_frequencies_typical_weekday,6380.099999999999,370208.2,83.28,6.123,1.022,0.0,0.472,True,False,56.0,C,ordered-stop planning approximation,True,DERIVED,1,historic_only,uncertain,,,historic_gtfs_baseline,sakay_gtfs_master_historic,No current route validation supplied.,,,False,,historic_only,polo-sangandaan,3.677058353317346,284.3181818181818,0,6380.099999999999,DERIVED,sakay_gtfs_master_historic|worldpop_phl_2020_1km
LTFRB_PUJ2396,,Polo Sangandaan via Tenejeros,"San Diego de Alcala Parish, Palassan Road, Kapitan Viilila, Valenzuela City - Caloocan City Police Station, Samson Road, Malabon City",725922,6.255,stop_sequence_approx,23,1.0,17.0,1020.0,1.0,gtfs_frequencies_typical_weekday,6380.099999999999,370208.2,83.28,6.123,1.022,0.0,0.472,True,False,56.0,C,ordered-stop planning approximation,True,DERIVED,1,historic_only,uncertain,,,historic_gtfs_baseline,sakay_gtfs_master_historic,No current route validation supplied.,,,False,,historic_only,polo-sangandaan,3.677058353317346,284.3181818181818,0,6380.099999999999,DERIVED,sakay_gtfs_master_historic|worldpop_phl_2020_1km
LTFRB_PUJ2397,,Proj 6 Recto via Espana QAve,"Quezon Blvd, Manila - Road 1 / A8A Intersection Quezon City",725781,10.297,stop_sequence_approx,23,1.0,17.0,1020.0,1.0,gtfs_frequencies_typical_weekday,10502.94,560008.9,89.31,9.215,1.117,0.0,1.629,True,False,56.0,C,ordered-stop planning approximation,True,DERIVED,2,historic_only,uncertain,,,historic_gtfs_baseline,sakay_gtfs_master_historic,No current route validation supplied.,,,False,,historic_only,proj-6-recto,2.2336602894046806,468.04545454545456,0,10502.94,DERIVED,sakay_gtfs_master_historic|worldpop_phl_2020_1km
LTFRB_PUJ2398,,Proj 6 Recto via Espana QAve,"Road 1 / A8A Intersection Quezon City - Quezon Blvd, Manila",725453,11.112,stop_sequence_approx,46,1.0,17.0,1020.0,1.0,gtfs_frequencies_typical_weekday,11334.24,585298.7,89.772,9.215,1.206,0.0,0.863,True,False,56.0,C,ordered-stop planning approximation,True,DERIVED,1,historic_only,uncertain,,,historic_gtfs_baseline,sakay_gtfs_master_historic,No current route validation supplied.,,,False,,historic_only,proj-6-recto,4.139668826493881,246.93333333333334,0,11334.24,DERIVED,sakay_gtfs_master_historic|worldpop_phl_2020_1km
LTFRB_PUJ2399,,QI Kalaw,"Taft Ave, Manila - Quezon Institute, Eulogio Rodriguez Sr Ave, Quezon City, Manila",725427,5.413,stop_sequence_approx,12,1.0,17.0,1020.0,1.0,gtfs_frequencies_typical_weekday,5521.26,378040.2,95.121,4.681,1.156,0.0,1.577,True,False,56.0,C,ordered-stop planning approximation,True,DERIVED,0,historic_only,uncertain,,,historic_gtfs_baseline,sakay_gtfs_master_historic,No current route validation supplied.,,,False,,historic_only,qi-kalaw,2.2168852761869573,492.09090909090907,0,5521.26,DERIVED,sakay_gtfs_master_historic|worldpop_phl_2020_1km
LTFRB_PUJ2400,,QI Kalaw,"Quezon Institute, Eulogio Rodriguez Sr Ave, Quezon City, Manila - Taft Ave / T.M. Kalaw Intersection, Manila",725218,5.876,stop_sequence_approx,18,1.0,17.0,1020.0,1.0,gtfs_frequencies_typical_weekday,5993.52,391640.2,91.818,4.909,1.197,0.0,0.728,True,False,56.0,C,ordered-stop planning approximation,True,DERIVED,0,historic_only,uncertain,,,historic_gtfs_baseline,sakay_gtfs_master_historic,No current route validation supplied.,,,False,,historic_only,qi-kalaw,3.063308373042886,345.6470588235294,0,5993.52,DERIVED,sakay_gtfs_master_historic|worldpop_phl_2020_1km
LTFRB_PUJ2401,,Quezon Ave LRT 5th Avenue Caloocan,"Gregorio Araneta Ave, Quezon City - Circumferential Road 3 / M.H. Del Pilar St, Caloocan City, Manila",725497,4.087,stop_sequence_approx,12,1.0,17.0,1020.0,1.0,gtfs_frequencies_typical_weekday,4168.74,195387.2,86.541,3.427,1.193,0.0,0.862,True,False,56.0,C,ordered-stop planning approximation,True,DERIVED,0,historic_only,uncertain,,,historic_gtfs_baseline,sakay_gtfs_master_historic,No current route validation supplied.,,,False,,historic_only,quezon-ave-lrt-5th-avenue-caloocan,2.936138977244923,371.5454545454545,0,4168.74,DERIVED,sakay_gtfs_master_historic|worldpop_phl_2020_1km
LTFRB_PUJ2403,,Quiapo (Barbosa) San Juan via Legarda,"P. Sanchez St, Manila - Arlegui, Manila",725498,4.721,stop_sequence_approx,11,1.0,17.0,1020.0,1.0,gtfs_frequencies_typical_weekday,4815.42,297467.5,96.496,4.212,1.121,0.0,1.509,True,False,44.0,D,ordered-stop planning approximation | few representative stops,True,DERIVED,0,historic_only,uncertain,,,historic_gtfs_baseline,sakay_gtfs_master_historic,No current route validation supplied.,,,False,,historic_only,quiapo-barbosa-san-juan,2.330014827367083,472.1,0,4815.42,DERIVED,sakay_gtfs_master_historic|worldpop_phl_2020_1km
LTFRB_PUJ2404,,Quiapo (Barbosa) San Juan via Legarda,"R Hidalgo, Manila - P. Sanchez St, Manila",725885,4.69,stop_sequence_approx,13,1.0,17.0,1020.0,1.0,gtfs_frequencies_typical_weekday,4783.8,297467.5,96.496,4.333,1.082,0.0,0.977,True,False,56.0,C,ordered-stop planning approximation,True,DERIVED,0,historic_only,uncertain,,,historic_gtfs_baseline,sakay_gtfs_master_historic,No current route validation supplied.,,,False,,historic_only,quiapo-barbosa-san-juan,2.7718550106609805,390.8333333333333,0,4783.8,DERIVED,sakay_gtfs_master_historic|worldpop_phl_2020_1km
LTFRB_PUJ2405,,Quiapo Sangandaan via Evangelista,"Evangelista Street, Manila City - Tutuban Cluster Mall, CM Recto Avenue, Manila",725445,1.554,stop_sequence_approx,7,1.0,17.0,1020.0,1.0,gtfs_frequencies_typical_weekday,1585.0800000000002,233864.7,96.663,1.26,1.234,0.0,0.438,True,False,44.0,D,ordered-stop planning approximation | few representative stops,True,DERIVED,2,historic_only,uncertain,,,historic_gtfs_baseline,sakay_gtfs_master_historic,No current route validation supplied.,,,False,,historic_only,quiapo-sangandaan,4.504504504504505,259.0,0,1585.0800000000002,DERIVED,sakay_gtfs_master_historic|worldpop_phl_2020_1km
LTFRB_PUJ2406,,Quiapo Sangandaan via Evangelista,"Tutuban Cluster Mall, CM Recto Avenue, Manila - Quezon Blvd, Manila",724900,1.458,stop_sequence_approx,6,1.0,17.0,1020.0,1.0,gtfs_frequencies_typical_weekday,1487.16,226060.8,100.0,1.402,1.04,0.0,0.438,True,False,44.0,D,ordered-stop planning approximation | few representative stops,True,DERIVED,2,historic_only,uncertain,,,historic_gtfs_baseline,sakay_gtfs_master_historic,No current route validation supplied.,,,False,,historic_only,quiapo-sangandaan,4.11522633744856,291.6,0,1487.16,DERIVED,sakay_gtfs_master_historic|worldpop_phl_2020_1km
LTFRB_PUJ2407,,Resettlement Zapote (DBB),"Un-named Road, Lungsod ng Dasmariñas, Manila - Quirino Ave, Bacoor City, Manila",726006,21.844,stop_sequence_approx,72,1.0,17.0,1020.0,1.0,gtfs_frequencies_typical_weekday,22280.88,817072.8,77.966,16.054,1.361,0.0,0.551,True,False,56.0,C,ordered-stop planning approximation,True,DERIVED,0,historic_only,uncertain,,,historic_gtfs_baseline,sakay_gtfs_master_historic,No current route validation supplied.,,,False,,historic_only,resettlement-zapote-dbb,3.2960996154550446,307.6619718309859,0,22280.88,DERIVED,sakay_gtfs_master_historic|worldpop_phl_2020_1km
LTFRB_PUJ2408,,Resettlement Zapote (DBB),"Quirino Ave, Bacoor City, Manila - Fatima Road, Lungsod ng Dasmariñas, Manila",726107,20.21,stop_sequence_approx,68,1.0,17.0,1020.0,1.0,gtfs_frequencies_typical_weekday,20614.2,811525.8,76.423,16.119,1.254,0.0,0.551,True,False,56.0,C,ordered-stop planning approximation,True,DERIVED,0,historic_only,uncertain,,,historic_gtfs_baseline,sakay_gtfs_master_historic,No current route validation supplied.,,,False,,historic_only,resettlement-zapote-dbb,3.3646709549727856,301.64179104477614,0,20614.2,DERIVED,sakay_gtfs_master_historic|worldpop_phl_2020_1km
LTFRB_PUJ2409,,Salcedo Amorsolo LegaspiVill Landmark,"Esperanza Street, Makati City - Del Rosa Street, Makati City",725786,1.421,stop_sequence_approx,6,1.0,17.0,1020.0,1.0,gtfs_frequencies_typical_weekday,1449.42,46342.1,43.749,0.944,1.506,0.0,0.386,True,False,44.0,D,ordered-stop planning approximation | few representative stops,True,DERIVED,0,historic_only,uncertain,,,historic_gtfs_baseline,sakay_gtfs_master_historic,No current route validation supplied.,,,False,,historic_only,salcedo-amorsolo-legaspivill-landmark,4.2223786066150595,284.2,0,1449.42,DERIVED,sakay_gtfs_master_historic|worldpop_phl_2020_1km
LTFRB_PUJ2410,,Salcedo Amorsolo LegaspiVill Landmark,"Salcedo, Makati City - Jollibee, Makati Ave, Makati City",725664,1.601,stop_sequence_approx,7,1.0,17.0,1020.0,1.0,gtfs_frequencies_typical_weekday,1633.02,48176.8,42.083,1.13,1.417,0.0,0.324,True,False,44.0,D,ordered-stop planning approximation | few representative stops,True,DERIVED,0,historic_only,uncertain,,,historic_gtfs_baseline,sakay_gtfs_master_historic,No current route validation supplied.,,,False,,historic_only,salcedo-amorsolo-legaspivill-landmark,4.372267332916927,266.8333333333333,0,1633.02,DERIVED,sakay_gtfs_master_historic|worldpop_phl_2020_1km
LTFRB_PUJ2411,,Sampol Meycauayan via San Jose,"Sta Maria Public Market, Santa Maria - Matiyaga St, City of San Jose del Monte, Manila",725433,17.259,stop_sequence_approx,56,1.0,17.0,1020.0,1.0,gtfs_frequencies_typical_weekday,17604.18,169390.0,40.646,11.248,1.534,0.0,0.833,True,False,56.0,C,ordered-stop planning approximation,True,DERIVED,1,historic_only,uncertain,,,historic_gtfs_baseline,sakay_gtfs_master_historic,No current route validation supplied.,,,False,,historic_only,sampol-meycauayan,3.244683933020453,313.8,0,17604.18,DERIVED,sakay_gtfs_master_historic|worldpop_phl_2020_1km
LTFRB_PUJ2412,,Sampol Meycauayan via San Jose,"Balasing - San Jose Rd / Dr Eduardo V. Roquero Sr. Rd, City of San Jose del Monte, Manila - Kairos Hospital, City of San Jose del Monte, Manila",725229,8.337,stop_sequence_approx,36,1.0,17.0,1020.0,1.0,gtfs_frequencies_typical_weekday,8503.74,100215.8,39.533,6.471,1.288,0.0,0.351,True,False,56.0,C,ordered-stop planning approximation,True,DERIVED,0,historic_only,uncertain,,,historic_gtfs_baseline,sakay_gtfs_master_historic,No current route validation supplied.,,,False,,historic_only,sampol-meycauayan,4.318100035984167,238.2,0,8503.74,DERIVED,sakay_gtfs_master_historic|worldpop_phl_2020_1km
LTFRB_PUJ2413,,San Andres via P Faura,"Agusto Francisco, Manila - Josefa Llanes Escoda / Felipe Agoncillo Intersection, Manila",725806,1.79,stop_sequence_approx,5,1.0,17.0,1020.0,1.0,gtfs_frequencies_typical_weekday,1825.8,220306.9,95.82,1.676,1.068,0.0,0.578,True,False,44.0,D,ordered-stop planning approximation | few representative stops,True,DERIVED,0,historic_only,uncertain,,,historic_gtfs_baseline,sakay_gtfs_master_historic,No current route validation supplied.,,,False,,historic_only,san-andres,2.793296089385475,447.5,0,1825.8,DERIVED,sakay_gtfs_master_historic|worldpop_phl_2020_1km
LTFRB_PUJ2414,,San Andres via P Faura,"Josefa Llanes Escoda / Felipe Agoncillo Intersection, Manila - Agusto Francisco, Manila",725008,2.067,stop_sequence_approx,6,1.0,17.0,1020.0,1.0,gtfs_frequencies_typical_weekday,2108.34,220306.9,95.82,1.676,1.233,0.0,0.555,True,False,44.0,D,ordered-stop planning approximation | few representative stops,True,DERIVED,0,historic_only,uncertain,,,historic_gtfs_baseline,sakay_gtfs_master_historic,No current route validation supplied.,,,False,,historic_only,san-andres,2.9027576197387517,413.4,0,2108.34,DERIVED,sakay_gtfs_master_historic|worldpop_phl_2020_1km
LTFRB_PUJ2415,,Sapang Palay Jordan Plains via Quirino Highway,"Buenmar Drive, Quezon City - Quirino Highway, Quezon City",725670,0.943,stop_sequence_approx,6,1.0,17.0,1020.0,1.0,gtfs_frequencies_typical_weekday,961.86,64685.9,93.179,0.433,2.175,0.0,0.254,True,False,44.0,D,ordered-stop planning approximation | few representative stops,True,DERIVED,0,historic_only,uncertain,,,historic_gtfs_baseline,sakay_gtfs_master_historic,No current route validation supplied.,,,False,,historic_only,sapang-palay-jordan-plains,6.362672322375398,188.6,0,961.86,DERIVED,sakay_gtfs_master_historic|worldpop_phl_2020_1km
LTFRB_PUJ2416,,Sapang Palay Jordan Plains via Quirino Highway,"Novaliches Seventh Day Adventist Church, Quirino Highway, Quezon City, Manila - Nightingale / Quirino Highway Intersection, Caloocan City",726035,1.592,stop_sequence_approx,7,1.0,17.0,1020.0,1.0,gtfs_frequencies_typical_weekday,1623.84,129699.8,96.598,1.507,1.057,0.0,0.442,True,False,44.0,D,ordered-stop planning approximation | few representative stops,True,DERIVED,0,historic_only,uncertain,,,historic_gtfs_baseline,sakay_gtfs_master_historic,No current route validation supplied.,,,False,,historic_only,sapang-palay-jordan-plains,4.396984924623116,265.3333333333333,0,1623.84,DERIVED,sakay_gtfs_master_historic|worldpop_phl_2020_1km
LTFRB_PUJ2417,,Sapang Palay Jordan Plains via Quirino Highway,"Novastop, Quirino Highway, Caloocan City - Sapang Palay - Muzon Road / Dr Eduardo V. Roquero Sr. Rd, City of San Jose del Monte, Manila",725865,22.851,stop_sequence_approx,98,1.0,17.0,1020.0,1.0,gtfs_frequencies_typical_weekday,23308.02,528659.2,58.451,12.471,1.832,0.0,0.5,True,False,56.0,C,ordered-stop planning approximation,True,DERIVED,5,historic_only,uncertain,,,historic_gtfs_baseline,sakay_gtfs_master_historic,No current route validation supplied.,,,False,,historic_only,sapang-palay-jordan-plains,4.288652575379634,235.57731958762886,0,23308.02,DERIVED,sakay_gtfs_master_historic|worldpop_phl_2020_1km
LTFRB_PUJ2418,,Sapang Palay Jordan Plains via Quirino Highway,"Sapang Palay - Muzon Road / Dr Eduardo V. Roquero Sr. Rd, City of San Jose del Monte, Manila - Ramirez / Quirino Highway, Caloocan City",724789,25.41,stop_sequence_approx,109,1.0,17.0,1020.0,1.0,gtfs_frequencies_typical_weekday,25918.2,615274.6,63.583,13.777,1.844,0.0,0.442,True,False,56.0,C,ordered-stop planning approximation,True,DERIVED,5,historic_only,uncertain,,,historic_gtfs_baseline,sakay_gtfs_master_historic,No current route validation supplied.,,,False,,historic_only,sapang-palay-jordan-plains,4.289649744195199,235.27777777777777,0,25918.2,DERIVED,sakay_gtfs_master_historic|worldpop_phl_2020_1km
LTFRB_PUJ2419,,SM Fairview Capitol Homes,"Belfast / Bulalakaw Intersection, Quezon City - Prime Rose Street, Quezon City",724657,6.379,stop_sequence_approx,23,1.0,17.0,1020.0,1.0,gtfs_frequencies_typical_weekday,6506.58,435323.2,86.241,2.195,2.906,0.0,0.538,True,False,49.0,D,ordered-stop planning approximation | high detour ratio,True,DERIVED,1,historic_only,uncertain,,,historic_gtfs_baseline,sakay_gtfs_master_historic,No current route validation supplied.,,,False,,historic_only,sm-fairview-capitol-homes,3.6055808120395048,289.95454545454544,0,6506.58,DERIVED,sakay_gtfs_master_historic|worldpop_phl_2020_1km
LTFRB_PUJ2420,,SM Fairview Capitol Homes,"Dama de Noche St, Quezon City - Robinsons Nova Market, Quirino Highway, Caloocan City",725631,5.417,stop_sequence_approx,17,1.0,17.0,1020.0,1.0,gtfs_frequencies_typical_weekday,5525.34,413728.6,90.743,2.136,2.536,0.0,0.538,True,False,49.0,D,ordered-stop planning approximation | high detour ratio,True,DERIVED,1,historic_only,uncertain,,,historic_gtfs_baseline,sakay_gtfs_master_historic,No current route validation supplied.,,,False,,historic_only,sm-fairview-capitol-homes,3.138268414251431,338.5625,0,5525.34,DERIVED,sakay_gtfs_master_historic|worldpop_phl_2020_1km
LTFRB_PUJ2421,,SM MOA NAIA,"Maria, Parañaque City, Manila - Airport Rd / Domestic Rd Intersection, Parañaque City, Manila",726197,2.545,stop_sequence_approx,12,1.0,17.0,1020.0,1.0,gtfs_frequencies_typical_weekday,2595.9,83811.4,26.417,2.327,1.094,0.0,0.377,True,False,56.0,C,ordered-stop planning approximation,True,DERIVED,1,historic_only,uncertain,,,historic_gtfs_baseline,sakay_gtfs_master_historic,No current route validation supplied.,,,False,,historic_only,sm-moa-naia,4.715127701375246,231.36363636363637,0,2595.9,DERIVED,sakay_gtfs_master_historic|worldpop_phl_2020_1km
LTFRB_PUJ2422,,SM MOA NAIA,"Quirino Ave / T. Claudio Intersection, Parañaque City, Manila - NAIA Rd, Parañaque City, Manila",725619,1.679,stop_sequence_approx,7,1.0,17.0,1020.0,1.0,gtfs_frequencies_typical_weekday,1712.5800000000002,83558.6,50.177,1.291,1.3,0.0,0.42,True,False,44.0,D,ordered-stop planning approximation | few representative stops,True,DERIVED,0,historic_only,uncertain,,,historic_gtfs_baseline,sakay_gtfs_master_historic,No current route validation supplied.,,,False,,historic_only,sm-moa-naia,4.169148302561048,279.8333333333333,0,1712.5800000000002,DERIVED,sakay_gtfs_master_historic|worldpop_phl_2020_1km
LTFRB_PUJ2423,,Soldier Hills II Talon (Las Pinas),"Bayabus Avenue, Bacoor City - Alabang-Zapote Road, Las Piñas City, Manila",725384,3.027,stop_sequence_approx,11,1.0,17.0,1020.0,1.0,gtfs_frequencies_typical_weekday,3087.54,124638.3,56.202,2.847,1.063,0.0,0.594,True,False,44.0,D,ordered-stop planning approximation | few representative stops,True,DERIVED,0,historic_only,uncertain,,,historic_gtfs_baseline,sakay_gtfs_master_historic,No current route validation supplied.,,,False,,historic_only,soldier-hills-ii-talon-las-pinas,3.6339610175090846,302.7,0,3087.54,DERIVED,sakay_gtfs_master_historic|worldpop_phl_2020_1km
LTFRB_PUJ2424,,Soldier Hills II Talon (Las Pinas),"Alabang-Zapote Road, Las Piñas City, Manila - Bayabus Avenue, Bacoor City",725489,3.202,stop_sequence_approx,12,1.0,17.0,1020.0,1.0,gtfs_frequencies_typical_weekday,3266.04,124638.3,56.202,2.847,1.125,0.0,0.594,True,False,56.0,C,ordered-stop planning approximation,True,DERIVED,0,historic_only,uncertain,,,historic_gtfs_baseline,sakay_gtfs_master_historic,No current route validation supplied.,,,False,,historic_only,soldier-hills-ii-talon-las-pinas,3.7476577139287945,291.09090909090907,0,3266.04,DERIVED,sakay_gtfs_master_historic|worldpop_phl_2020_1km
LTFRB_PUJ2425,,Soldier Hills Ph IV Talon via Alvarez,"Soldiers Hills IV, Bacoor City - Alvarez Extension, Las Piñas City, Manila",725532,1.678,stop_sequence_approx,7,1.0,17.0,1020.0,1.0,gtfs_frequencies_typical_weekday,1711.56,65476.6,0.0,1.524,1.101,0.0,0.364,True,False,44.0,D,ordered-stop planning approximation | few representative stops,True,DERIVED,0,historic_only,uncertain,,,historic_gtfs_baseline,sakay_gtfs_master_historic,No current route validation supplied.,,,False,,historic_only,soldier-hills-ph-iv-talon,4.171632896305125,279.6666666666667,0,1711.56,DERIVED,sakay_gtfs_master_historic|worldpop_phl_2020_1km
LTFRB_PUJ2426,,Soldier Hills Ph IV Talon via Alvarez,"Alvarez Extension, Las Piñas City, Manila - Colegio de Sta. Monica, Marcos Alvarez Ave, Las Piñas City Manila",725195,3.097,stop_sequence_approx,12,1.0,17.0,1020.0,1.0,gtfs_frequencies_typical_weekday,3158.94,135920.1,51.537,2.523,1.228,0.0,0.433,True,False,56.0,C,ordered-stop planning approximation,True,DERIVED,0,historic_only,uncertain,,,historic_gtfs_baseline,sakay_gtfs_master_historic,No current route validation supplied.,,,False,,historic_only,soldier-hills-ph-iv-talon,3.8747174685179204,281.54545454545456,0,3158.94,DERIVED,sakay_gtfs_master_historic|worldpop_phl_2020_1km
LTFRB_PUJ2427,,Soldier Hills Ph IV Talon via Alvarez,"Colegio de Sta. Monica, Marcos Alvarez Ave, Las Piñas City Manila - Soldiers Hills IV, Bacoor City",725675,5.322,stop_sequence_approx,19,1.0,17.0,1020.0,1.0,gtfs_frequencies_typical_weekday,5428.4400000000005,160402.6,43.671,3.581,1.486,0.0,0.539,True,False,56.0,C,ordered-stop planning approximation,True,DERIVED,0,historic_only,uncertain,,,historic_gtfs_baseline,sakay_gtfs_master_historic,No current route validation supplied.,,,False,,historic_only,soldier-hills-ph-iv-talon,3.570086433671552,295.6666666666667,0,5428.4400000000005,DERIVED,sakay_gtfs_master_historic|worldpop_phl_2020_1km
LTFRB_PUJ2428,,Sta Ana P Faura,"Philipine General Hospital, Pedro Gil, Manila - Lamayan / New Panaderos Intersection, Manila",725763,3.781,stop_sequence_approx,11,1.0,17.0,1020.0,1.0,gtfs_frequencies_typical_weekday,3856.62,292432.1,91.882,3.727,1.014,0.0,0.616,True,False,44.0,D,ordered-stop planning approximation | few representative stops,True,DERIVED,0,historic_only,uncertain,,,historic_gtfs_baseline,sakay_gtfs_master_historic,No current route validation supplied.,,,False,,historic_only,sta-ana-p-faura,2.909283258397249,378.1,0,3856.62,DERIVED,sakay_gtfs_master_historic|worldpop_phl_2020_1km
LTFRB_PUJ2429,,Sta Ana P Faura,"Lamayan / New Panaderos Intersection, Manila - Marcelo H. del Pilar / Salas Intersection, Manila",724600,5.041,stop_sequence_approx,16,1.0,17.0,1020.0,1.0,gtfs_frequencies_typical_weekday,5141.820000000001,376952.4,92.415,4.034,1.25,0.0,0.616,True,False,56.0,C,ordered-stop planning approximation,True,DERIVED,1,historic_only,uncertain,,,historic_gtfs_baseline,sakay_gtfs_master_historic,No current route validation supplied.,,,False,,historic_only,sta-ana-p-faura,3.1739734179726242,336.06666666666666,0,5141.820000000001,DERIVED,sakay_gtfs_master_historic|worldpop_phl_2020_1km
LTFRB_PUJ2431,,Sta Maria Malinta via McArthur,"C de Guzman Street, Santa Maria - Flying V Gas, MacArthur Highway, Valenzuela City",725683,18.213,stop_sequence_approx,78,1.0,17.0,1020.0,1.0,gtfs_frequencies_typical_weekday,18577.26,280481.7,24.488,14.216,1.281,0.0,0.52,True,False,56.0,C,ordered-stop planning approximation,True,DERIVED,9,historic_only,uncertain,,,historic_gtfs_baseline,sakay_gtfs_master_historic,No current route validation supplied.,,,False,,historic_only,sta-maria-malinta,4.282655246252676,236.53246753246754,0,18577.26,DERIVED,sakay_gtfs_master_historic|worldpop_phl_2020_1km
LTFRB_PUJ2432,,Talayan Vill A Bonifacio 5th Ave,"Gregorio Araneta Ave, Quezon City, Manila - Circumferential Road 3 / M.H. Del Pilar St, Caloocan City, Manila",725032,4.437,stop_sequence_approx,13,1.0,17.0,1020.0,1.0,gtfs_frequencies_typical_weekday,4525.740000000001,213537.0,87.685,3.751,1.183,0.0,0.862,True,False,56.0,C,ordered-stop planning approximation,True,DERIVED,0,historic_only,uncertain,,,historic_gtfs_baseline,sakay_gtfs_master_historic,No current route validation supplied.,,,False,,historic_only,talayan-vill-a-bonifacio-5th-ave,2.9299075952219966,369.75,0,4525.740000000001,DERIVED,sakay_gtfs_master_historic|worldpop_phl_2020_1km
LTFRB_PUJ2433,,Talayan Vill A Bonifacio 5th Ave,"5th Ave West / Maria Clara St, Caloocan City, Manila - Gregorio Araneta Ave, Quezon City",724985,3.993,stop_sequence_approx,11,1.0,17.0,1020.0,2.0,gtfs_frequencies_typical_weekday,4072.86,183935.4,85.703,3.327,1.2,0.0,0.719,True,False,44.0,D,ordered-stop planning approximation | few representative stops,True,DERIVED,0,historic_only,uncertain,,,historic_gtfs_baseline,sakay_gtfs_master_historic,No current route validation supplied.,,,False,,historic_only,talayan-vill-a-bonifacio-5th-ave,2.7548209366391188,399.3,0,4072.86,DERIVED,sakay_gtfs_master_historic|worldpop_phl_2020_1km
LTFRB_PUJ2436,,Tanay Pasig (Palengke),"Quezon Ave, Teresa, Manila - W Bank Rd / Ortigas Ave Intersection, Pasig City, Manila",724929,17.526,stop_sequence_approx,98,1.0,17.0,1020.0,1.0,gtfs_frequencies_typical_weekday,17876.52,712455.2,78.616,13.859,1.265,0.0,0.458,True,True,48.0,D,ordered-stop planning approximation | self-intersection detected,True,DERIVED,0,historic_only,uncertain,,,historic_gtfs_baseline,sakay_gtfs_master_historic,No current route validation supplied.,,,False,,historic_only,tanay-pasig-palengke,5.591692342804976,180.68041237113403,0,17876.52,DERIVED,sakay_gtfs_master_historic|worldpop_phl_2020_1km
LTFRB_PUJ2437,,Tanay Pasig (Palengke),"Ortigas Ave, Pasig City, Manila - Quezon Ave, Teresa, Manila",724717,18.429,stop_sequence_approx,106,1.0,17.0,1020.0,1.0,gtfs_frequencies_typical_weekday,18797.58,718290.1,77.977,14.388,1.281,0.0,0.44,True,True,48.0,D,ordered-stop planning approximation | self-intersection detected,True,DERIVED,0,historic_only,uncertain,,,historic_gtfs_baseline,sakay_gtfs_master_historic,No current route validation supplied.,,,False,,historic_only,tanay-pasig-palengke,5.75180422160725,175.5142857142857,0,18797.58,DERIVED,sakay_gtfs_master_historic|worldpop_phl_2020_1km
LTFRB_PUJ2438,,Tandang Sora Mindanao Ave,"Tandang Sora / Demetria Reynaldo Intersection, Quezon City - Life Value Clinic, Congressional Avenue, Quezon City",725511,4.189,stop_sequence_approx,20,1.0,17.0,1020.0,1.0,gtfs_frequencies_typical_weekday,4272.78,241903.8,79.241,3.806,1.101,0.0,0.33,True,False,56.0,C,ordered-stop planning approximation,True,DERIVED,1,historic_only,uncertain,,,historic_gtfs_baseline,sakay_gtfs_master_historic,No current route validation supplied.,,,False,,historic_only,tandang-sora-mindanao-ave,4.7744091668656,220.47368421052633,0,4272.78,DERIVED,sakay_gtfs_master_historic|worldpop_phl_2020_1km
LTFRB_PUJ2439,,Tandang Sora Mindanao Ave,"Life Value Clinic, Congressional Avenue, Quezon City - Tandang Sora / Demetria Reynaldo Intersection, Quezon City",725630,3.936,stop_sequence_approx,18,1.0,17.0,1020.0,1.0,gtfs_frequencies_typical_weekday,4014.72,241903.8,79.241,3.806,1.034,0.0,0.33,True,False,56.0,C,ordered-stop planning approximation,True,DERIVED,1,historic_only,uncertain,,,historic_gtfs_baseline,sakay_gtfs_master_historic,No current route validation supplied.,,,False,,historic_only,tandang-sora-mindanao-ave,4.573170731707317,231.52941176470588,0,4014.72,DERIVED,sakay_gtfs_master_historic|worldpop_phl_2020_1km
LTFRB_PUJ2440,,Tayuman LRT Pilapil,"Jose Corazon de Jesus Elementary School, Juan Luma, Manila - Tayuman Road / Serverino Reyes, Manila",725122,1.322,stop_sequence_approx,5,1.0,17.0,1020.0,1.0,gtfs_frequencies_typical_weekday,1348.44,247972.7,100.0,1.217,1.086,0.0,0.558,True,False,44.0,D,ordered-stop planning approximation | few representative stops,True,DERIVED,0,historic_only,uncertain,,,historic_gtfs_baseline,sakay_gtfs_master_historic,No current route validation supplied.,,,False,,historic_only,tayuman-lrt-pilapil,3.7821482602118,330.5,0,1348.44,DERIVED,sakay_gtfs_master_historic|worldpop_phl_2020_1km
LTFRB_PUJ2441,,Tayuman LRT Pilapil,"Camarines, Manila - Pritil Public Market, Juan Luma / Tayuman Road Intersection, Manila",726203,1.506,stop_sequence_approx,7,1.0,17.0,1020.0,1.0,gtfs_frequencies_typical_weekday,1536.12,247972.7,100.0,1.401,1.075,0.0,0.33,True,False,44.0,D,ordered-stop planning approximation | few representative stops,True,DERIVED,1,historic_only,uncertain,,,historic_gtfs_baseline,sakay_gtfs_master_historic,No current route validation supplied.,,,False,,historic_only,tayuman-lrt-pilapil,4.648074369189907,251.0,0,1536.12,DERIVED,sakay_gtfs_master_historic|worldpop_phl_2020_1km
LTFRB_PUJ2442,,Treze Martirez Zapote (Las Pinas),"Governer's Drive,Dasmarinas City - Quirino Ave, Bacoor City, Manila",725235,22.373,stop_sequence_approx,76,1.0,17.0,1020.0,1.0,gtfs_frequencies_typical_weekday,22820.460000000003,625089.9,64.416,18.87,1.186,0.0,0.553,True,False,56.0,C,ordered-stop planning approximation,True,DERIVED,0,historic_only,uncertain,,,historic_gtfs_baseline,sakay_gtfs_master_historic,No current route validation supplied.,,,False,,historic_only,treze-martirez-zapote-las-pinas,3.396951682831985,298.3066666666667,0,22820.460000000003,DERIVED,sakay_gtfs_master_historic|worldpop_phl_2020_1km
LTFRB_PUJ2443,,Treze Martirez Zapote (Las Pinas),"Quirino Ave, Bacoor City, Manila - Governer's Drive,Dasmarinas City",725780,22.213,stop_sequence_approx,75,1.0,17.0,1020.0,1.0,gtfs_frequencies_typical_weekday,22657.26,614684.2,65.506,19.098,1.163,0.0,0.603,True,False,56.0,C,ordered-stop planning approximation,True,DERIVED,0,historic_only,uncertain,,,historic_gtfs_baseline,sakay_gtfs_master_historic,No current route validation supplied.,,,False,,historic_only,treze-martirez-zapote-las-pinas,3.376401206500698,300.1756756756757,0,22657.26,DERIVED,sakay_gtfs_master_historic|worldpop_phl_2020_1km
LTFRB_PUJ2444,,Ugong Pasig via Pasig Market,"Caruncho Ave / Market Ave Intersection, Pasig City, Manila - JP Raceway, Pasig City, Manila",726118,4.297,stop_sequence_approx,18,1.0,17.0,1020.0,1.0,gtfs_frequencies_typical_weekday,4382.94,319358.0,86.227,3.106,1.383,0.0,0.52,True,False,56.0,C,ordered-stop planning approximation,True,DERIVED,1,historic_only,uncertain,,,historic_gtfs_baseline,sakay_gtfs_master_historic,No current route validation supplied.,,,False,,historic_only,ugong-pasig,4.188969048173145,252.76470588235293,0,4382.94,DERIVED,sakay_gtfs_master_historic|worldpop_phl_2020_1km
LTFRB_PUJ2445,,Ugong Pasig via Pasig Market,"Pasig Boulevard Extension, Pasig City, Manila - Caruncho Ave, Pasig City, Manila",725665,1.64,stop_sequence_approx,11,1.0,17.0,1020.0,1.0,gtfs_frequencies_typical_weekday,1672.8,250257.0,94.908,1.388,1.182,0.0,0.226,True,False,44.0,D,ordered-stop planning approximation | few representative stops,True,DERIVED,0,historic_only,uncertain,,,historic_gtfs_baseline,sakay_gtfs_master_historic,No current route validation supplied.,,,False,,historic_only,ugong-pasig,6.707317073170732,164.0,0,1672.8,DERIVED,sakay_gtfs_master_historic|worldpop_phl_2020_1km
LTFRB_PUJ2446,,Victoria Homes Subd Alabang Terminal via DH,"Don P. Reyes Ave, Montinlupa City - Starmall Footbridge, Starmall Starmall Service Rd, Muntinlupa City, Manila",725360,13.487,stop_sequence_approx,57,1.0,17.0,1020.0,1.0,gtfs_frequencies_typical_weekday,13756.74,185234.7,31.827,7.96,1.694,0.0,0.492,True,False,56.0,C,ordered-stop planning approximation,True,DERIVED,1,historic_only,uncertain,,,historic_gtfs_baseline,sakay_gtfs_master_historic,No current route validation supplied.,,,False,,historic_only,victoria-homes-subd-alabang-terminal,4.226291984874323,240.83928571428572,0,13756.74,DERIVED,sakay_gtfs_master_historic|worldpop_phl_2020_1km
LTFRB_PUJ2447,,Victoria Homes Subd Alabang Terminal via DH,"Centennial Road, Montinlupa City - Daang Reyna, Montinlupa City",724913,10.826,stop_sequence_approx,42,1.0,17.0,1020.0,1.0,gtfs_frequencies_typical_weekday,11042.52,167170.6,35.267,7.869,1.376,0.0,0.548,True,False,56.0,C,ordered-stop planning approximation,True,DERIVED,0,historic_only,uncertain,,,historic_gtfs_baseline,sakay_gtfs_master_historic,No current route validation supplied.,,,False,,historic_only,victoria-homes-subd-alabang-terminal,3.8795492333271753,264.0487804878049,0,11042.52,DERIVED,sakay_gtfs_master_historic|worldpop_phl_2020_1km
LTFRB_PUJ2448,,A Rivera Plaza Dela Barca via J Santo,"Reina Regente / Dadivas Intersection, Manila - Jose Abad Santos Ave./ Villaruel Street Villaruel Intersection, Manila",726193,1.484,stop_sequence_approx,9,1.0,17.0,1020.0,1.0,gtfs_frequencies_typical_weekday,1513.68,203225.9,100.0,1.42,1.045,0.0,0.21,True,False,44.0,D,ordered-stop planning approximation | few representative stops,True,DERIVED,0,historic_only,uncertain,,,historic_gtfs_baseline,sakay_gtfs_master_historic,No current route validation supplied.,,,False,,historic_only,a-rivera-plaza-dela-barca,6.064690026954178,185.5,0,1513.68,DERIVED,sakay_gtfs_master_historic|worldpop_phl_2020_1km
LTFRB_PUJ2449,,A Rivera Plaza Dela Barca via J Santo,"Jose Abad Santos Avenue / Tayuman Road, Quezon City - Juan Luna / Veronica Intersection, Manila",725513,1.897,stop_sequence_approx,11,1.0,17.0,1020.0,1.0,gtfs_frequencies_typical_weekday,1934.94,235389.6,96.685,1.822,1.041,0.0,0.246,True,False,44.0,D,ordered-stop planning approximation | few representative stops,True,DERIVED,0,historic_only,uncertain,,,historic_gtfs_baseline,sakay_gtfs_master_historic,No current route validation supplied.,,,False,,historic_only,a-rivera-plaza-dela-barca,5.7986294148655775,189.7,0,1934.94,DERIVED,sakay_gtfs_master_historic|worldpop_phl_2020_1km
LTFRB_PUJ2450,,Alabang-Bbayan via Bicutan,"Montillano St, Muntinlupa City, Manila - Manuel L. Quezon / St Martin Ave Intersection, Taguig City, Manila",725162,6.544,stop_sequence_approx,20,1.0,17.0,1020.0,1.0,gtfs_frequencies_typical_weekday,6674.879999999999,153883.6,64.573,6.439,1.016,0.0,0.52,True,False,56.0,C,ordered-stop planning approximation,True,DERIVED,0,historic_only,uncertain,,,historic_gtfs_baseline,sakay_gtfs_master_historic,No current route validation supplied.,,,False,,historic_only,alabang__bbayan,3.056234718826406,344.42105263157896,0,6674.879999999999,DERIVED,sakay_gtfs_master_historic|worldpop_phl_2020_1km
LTFRB_PUJ2451,,Alabang-Bbayan via Bicutan,"Manuel L. Quezon / St Martin Ave Intersection, Taguig City, Manila - Montillano St, Muntinlupa City, Manila",724781,6.544,stop_sequence_approx,20,,,,,,,153883.6,64.573,6.439,1.016,0.0,0.52,True,False,56.0,C,ordered-stop planning approximation,True,DERIVED,0,historic_only,uncertain,,,historic_gtfs_baseline,sakay_gtfs_master_historic,No current route validation supplied.,,,False,,historic_only,alabang__bbayan,3.056234718826406,344.42105263157896,0,,MISSING,sakay_gtfs_master_historic|worldpop_phl_2020_1km
LTFRB_PUJ2452,,Alabang Pasay Rtda,"South Luzon Expressway / Montillano St Intersection, Muntinlupa City, Manila - Epifanio de los Santos Avenue, Lungsod ng Pasay",725741,15.849,stop_sequence_approx,22,1.0,17.0,1020.0,1.0,gtfs_frequencies_typical_weekday,16165.98,460688.9,77.614,13.987,1.133,0.0,1.715,True,False,56.0,C,ordered-stop planning approximation,True,DERIVED,0,historic_only,uncertain,,,historic_gtfs_baseline,sakay_gtfs_master_historic,No current route validation supplied.,,,False,,historic_only,alabang-pasay-rtda,1.3881001955959367,754.7142857142857,0,16165.98,DERIVED,sakay_gtfs_master_historic|worldpop_phl_2020_1km
LTFRB_PUJ2453,,Alabang Pasay Rtda,"Epifanio de los Santos Avenue, Lungsod ng Pasay - South Luzon Expressway / Montillano St Intersection, Muntinlupa City, Manila",725251,15.728,stop_sequence_approx,18,1.0,17.0,1020.0,1.0,gtfs_frequencies_typical_weekday,16042.56,469842.7,79.868,13.987,1.124,0.0,1.959,True,False,56.0,C,ordered-stop planning approximation,True,DERIVED,1,historic_only,uncertain,,,historic_gtfs_baseline,sakay_gtfs_master_historic,No current route validation supplied.,,,False,,historic_only,alabang-pasay-rtda,1.1444557477110886,925.1764705882352,0,16042.56,DERIVED,sakay_gtfs_master_historic|worldpop_phl_2020_1km
LTFRB_PUJ2454,,Alabang Almanza,"Spectrum Midway Extension, Muntinlupa City, Manila - Alabang-Zapote Road, Muntinlupa City, Manila",726098,3.054,stop_sequence_approx,10,1.0,17.0,1020.0,1.0,gtfs_frequencies_typical_weekday,3115.08,98059.9,35.22,3.014,1.013,0.0,0.68,True,False,44.0,D,ordered-stop planning approximation | few representative stops,True,DERIVED,0,historic_only,uncertain,,,historic_gtfs_baseline,sakay_gtfs_master_historic,No current route validation supplied.,,,False,,historic_only,alabang-almanza,3.2743942370661427,339.3333333333333,0,3115.08,DERIVED,sakay_gtfs_master_historic|worldpop_phl_2020_1km
LTFRB_PUJ2455,,Alabang Almanza,"Alabang-Zapote Road, Muntinlupa City, Manila - Corporate Avenue, Montinlupa City",725677,3.332,stop_sequence_approx,14,1.0,17.0,1020.0,1.0,gtfs_frequencies_typical_weekday,3398.64,98059.9,35.22,3.205,1.04,0.0,0.448,True,False,56.0,C,ordered-stop planning approximation,True,DERIVED,0,historic_only,uncertain,,,historic_gtfs_baseline,sakay_gtfs_master_historic,No current route validation supplied.,,,False,,historic_only,alabang-almanza,4.201680672268908,256.3076923076923,0,3398.64,DERIVED,sakay_gtfs_master_historic|worldpop_phl_2020_1km
LTFRB_PUJ2456,,Alabang Baclaran via Coastal,"Spectrum Midway Extension, Montinlupa City - Manila-Cavite Expressway, Parañaque City, Manila",725582,15.923,stop_sequence_approx,52,1.0,17.0,1020.0,1.0,gtfs_frequencies_typical_weekday,16241.46,506350.7,65.211,11.611,1.371,0.0,0.68,True,False,56.0,C,ordered-stop planning approximation,True,DERIVED,2,historic_only,uncertain,,,historic_gtfs_baseline,sakay_gtfs_master_historic,No current route validation supplied.,,,False,,historic_only,alabang-baclaran,3.2657162594988383,312.2156862745098,0,16241.46,DERIVED,sakay_gtfs_master_historic|worldpop_phl_2020_1km
LTFRB_PUJ2457,,Alabang Baclaran via Coastal,"Roxas Blvd / Redemptorist Road Intersection, Parañaque City, Manila - Spectrum Midway Extension, Montinlupa City",725551,19.151,stop_sequence_approx,60,1.0,17.0,1020.0,1.0,gtfs_frequencies_typical_weekday,19534.02,606738.1,65.464,13.628,1.405,0.0,1.066,True,False,56.0,C,ordered-stop planning approximation,True,DERIVED,1,historic_only,uncertain,,,historic_gtfs_baseline,sakay_gtfs_master_historic,No current route validation supplied.,,,False,,historic_only,alabang-baclaran,3.132995666022662,324.59322033898303,0,19534.02,DERIVED,sakay_gtfs_master_historic|worldpop_phl_2020_1km
LTFRB_PUJ2458,,Alabang Binan via National Road,"Jac Liner Bus Terminal, Binan City - Spectrum Midway Extension, Montinlupa City",726226,11.094,stop_sequence_approx,42,1.0,17.0,1020.0,1.0,gtfs_frequencies_typical_weekday,11315.88,446922.8,72.499,9.794,1.133,0.0,0.594,True,False,56.0,C,ordered-stop planning approximation,True,DERIVED,2,historic_only,uncertain,,,historic_gtfs_baseline,sakay_gtfs_master_historic,No current route validation supplied.,,,False,,historic_only,alabang-binan,3.7858301784748516,270.5853658536585,0,11315.88,DERIVED,sakay_gtfs_master_historic|worldpop_phl_2020_1km
LTFRB_PUJ2459,,Alabang Binan via National Road,"Starmall Footbridge, Starmall Starmall Service Rd, Muntinlupa City, Manila - Jac Liner Bus Terminal, Binan City",725369,10.85,stop_sequence_approx,44,1.0,17.0,1020.0,1.0,gtfs_frequencies_typical_weekday,11067.0,446922.8,72.499,9.518,1.14,0.0,0.432,True,False,56.0,C,ordered-stop planning approximation,True,DERIVED,4,historic_only,uncertain,,,historic_gtfs_baseline,sakay_gtfs_master_historic,No current route validation supplied.,,,False,,historic_only,alabang-binan,4.055299539170507,252.32558139534885,0,11067.0,DERIVED,sakay_gtfs_master_historic|worldpop_phl_2020_1km
LTFRB_PUJ2460,,Angono-agora market,"Manila East Rd, Angono, Manila - Manila Road East, Taytay, Manila",725869,4.62,stop_sequence_approx,19,1.0,17.0,1020.0,1.0,gtfs_frequencies_typical_weekday,4712.400000000001,79376.5,0.0,4.374,1.056,0.0,0.363,True,False,56.0,C,ordered-stop planning approximation,True,DERIVED,0,historic_only,uncertain,,,historic_gtfs_baseline,sakay_gtfs_master_historic,No current route validation supplied.,,,False,,historic_only,agora-market__angono,4.112554112554112,256.6666666666667,0,4712.400000000001,DERIVED,sakay_gtfs_master_historic|worldpop_phl_2020_1km
LTFRB_PUJ2461,,Angono-agora market,"Manila Road East, Taytay, Manila - Quezon Ave, Angono, Manila",726181,4.542,stop_sequence_approx,20,1.0,17.0,1020.0,1.0,gtfs_frequencies_typical_weekday,4632.84,74071.3,0.0,4.341,1.046,0.0,0.317,True,False,56.0,C,ordered-stop planning approximation,True,DERIVED,0,historic_only,uncertain,,,historic_gtfs_baseline,sakay_gtfs_master_historic,No current route validation supplied.,,,False,,historic_only,agora-market__angono,4.4033465433729635,239.05263157894737,0,4632.84,DERIVED,sakay_gtfs_master_historic|worldpop_phl_2020_1km
LTFRB_PUJ2462,,Angono-Cainta Junction via Taytay,"Quezon Ave, Angono, Manila - Ortigas Ave, Pagis City, Manila",724671,9.558,stop_sequence_approx,41,1.0,17.0,1020.0,1.0,gtfs_frequencies_typical_weekday,9749.16,274808.7,60.896,8.541,1.119,0.0,0.333,True,False,56.0,C,ordered-stop planning approximation,True,DERIVED,1,historic_only,uncertain,,,historic_gtfs_baseline,sakay_gtfs_master_historic,No current route validation supplied.,,,False,,historic_only,angono__cainta-junction,4.289600334798075,238.95,0,9749.16,DERIVED,sakay_gtfs_master_historic|worldpop_phl_2020_1km
LTFRB_PUJ2463,,Angono-Cainta Junction via Taytay,"Ortigas Ave, Pagis City, Manila - Quezon Ave, Angono, Manila",725115,10.021,stop_sequence_approx,42,1.0,17.0,1020.0,1.0,gtfs_frequencies_typical_weekday,10221.42,286222.8,58.468,8.541,1.173,0.0,0.415,True,False,56.0,C,ordered-stop planning approximation,True,DERIVED,2,historic_only,uncertain,,,historic_gtfs_baseline,sakay_gtfs_master_historic,No current route validation supplied.,,,False,,historic_only,angono__cainta-junction,4.19119848318531,244.41463414634146,0,10221.42,DERIVED,sakay_gtfs_master_historic|worldpop_phl_2020_1km
LTFRB_PUJ2464,,Angono-Pasig,"Quezon Ave, Angono, Manila - Caruncho Ave / F. Manalo Intersection, Pasig City, Manila",726399,16.552,stop_sequence_approx,72,1.0,17.0,1020.0,1.0,gtfs_frequencies_typical_weekday,16883.04,666621.8,78.484,8.707,1.901,0.0,0.756,True,False,56.0,C,ordered-stop planning approximation,True,DERIVED,6,historic_only,uncertain,,,historic_gtfs_baseline,sakay_gtfs_master_historic,No current route validation supplied.,,,False,,historic_only,angono__pasig,4.349927501208313,233.1267605633803,0,16883.04,DERIVED,sakay_gtfs_master_historic|worldpop_phl_2020_1km
LTFRB_PUJ2465,,Angono-Pasig,"Caruncho Ave / F. Manalo Intersection, Pasig City, Manila - Quezon Ave, Angono, Manila",725777,16.521,stop_sequence_approx,66,1.0,17.0,1020.0,1.0,gtfs_frequencies_typical_weekday,16851.420000000002,697229.9,77.792,8.707,1.897,0.0,0.552,True,False,56.0,C,ordered-stop planning approximation,True,DERIVED,5,historic_only,uncertain,,,historic_gtfs_baseline,sakay_gtfs_master_historic,No current route validation supplied.,,,False,,historic_only,angono__pasig,3.9949155620119847,254.16923076923078,0,16851.420000000002,DERIVED,sakay_gtfs_master_historic|worldpop_phl_2020_1km
LTFRB_PUJ2466,,Angono Rosario,"Col Guido St, Angono - Ortigas Ave / Dr Sixto Antonio Ave Intersection, Pasig City, Manila",725903,13.519,stop_sequence_approx,66,1.0,17.0,1020.0,1.0,gtfs_frequencies_typical_weekday,13789.38,414514.6,62.199,10.585,1.277,0.0,0.756,True,False,56.0,C,ordered-stop planning approximation,True,DERIVED,0,historic_only,uncertain,,,historic_gtfs_baseline,sakay_gtfs_master_historic,No current route validation supplied.,,,False,,historic_only,angono-rosario,4.882017900732302,207.98461538461538,0,13789.38,DERIVED,sakay_gtfs_master_historic|worldpop_phl_2020_1km
LTFRB_PUJ2467,,Angono Rosario,"Ortigas Ave / Dr Sixto Antonio Ave Intersection, Pasig City, Manila - Quezon Ave, Angono, Manila",726275,14.923,stop_sequence_approx,73,1.0,17.0,1020.0,1.0,gtfs_frequencies_typical_weekday,15221.46,454040.2,63.622,10.432,1.431,0.0,0.52,True,False,56.0,C,ordered-stop planning approximation,True,DERIVED,0,historic_only,uncertain,,,historic_gtfs_baseline,sakay_gtfs_master_historic,No current route validation supplied.,,,False,,historic_only,angono-rosario,4.891777792669035,207.26388888888889,0,15221.46,DERIVED,sakay_gtfs_master_historic|worldpop_phl_2020_1km
LTFRB_PUJ2468,,Anonas via vluna,"Anonas / Tampoy Intersection, Quezon City, Manila - Victoriano Luna Ave, Quezon City, Manila",725874,2.036,stop_sequence_approx,10,1.0,17.0,1020.0,1.0,gtfs_frequencies_typical_weekday,2076.7200000000003,110601.7,100.0,1.843,1.105,0.0,0.33,True,False,44.0,D,ordered-stop planning approximation | few representative stops,True,DERIVED,0,historic_only,uncertain,,,historic_gtfs_baseline,sakay_gtfs_master_historic,No current route validation supplied.,,,False,,historic_only,anonas,4.911591355599214,226.22222222222223,0,2076.7200000000003,DERIVED,sakay_gtfs_master_historic|worldpop_phl_2020_1km
LTFRB_PUJ2469,,Anonas via vluna,"Victoriano Luna Ave, Quezon City, Manila - Anonas / Molave Intersection, Quezon City, Manila",725274,2.198,stop_sequence_approx,11,1.0,17.0,1020.0,1.0,gtfs_frequencies_typical_weekday,2241.96,136245.1,100.0,1.996,1.101,0.0,0.33,True,False,44.0,D,ordered-stop planning approximation | few representative stops,True,DERIVED,0,historic_only,uncertain,,,historic_gtfs_baseline,sakay_gtfs_master_historic,No current route validation supplied.,,,False,,historic_only,anonas,5.004549590536852,219.8,0,2241.96,DERIVED,sakay_gtfs_master_historic|worldpop_phl_2020_1km
LTFRB_PUJ2470,,Antipolo-Pasig,"Caruncho Ave / F. Manalo Intersection, Pasig City, Manila - Santo Nino Street, Antipolo",725656,15.894,stop_sequence_approx,89,1.0,17.0,1020.0,1.0,gtfs_frequencies_typical_weekday,16211.88,910191.5,87.941,10.973,1.448,0.0,0.338,True,False,56.0,C,ordered-stop planning approximation,True,DERIVED,3,historic_only,uncertain,,,historic_gtfs_baseline,sakay_gtfs_master_historic,No current route validation supplied.,,,False,,historic_only,antipolo__pasig,5.599597332326664,180.61363636363637,0,16211.88,DERIVED,sakay_gtfs_master_historic|worldpop_phl_2020_1km
LTFRB_PUJ2471,,Antipolo-Pasig,"L. Sumulong Memorial Cir, Antipolo City, Manila - Caruncho Ave, Pasig City, Manila",725282,15.787,stop_sequence_approx,83,1.0,17.0,1020.0,1.0,gtfs_frequencies_typical_weekday,16102.740000000002,889357.9,88.315,10.706,1.475,0.0,0.756,True,False,56.0,C,ordered-stop planning approximation,True,DERIVED,5,historic_only,uncertain,,,historic_gtfs_baseline,sakay_gtfs_master_historic,No current route validation supplied.,,,False,,historic_only,antipolo__pasig,5.25749034015329,192.52439024390245,0,16102.740000000002,DERIVED,sakay_gtfs_master_historic|worldpop_phl_2020_1km
LTFRB_PUJ2472,,Baclaran Divisoria via L Guinto,"Taft Avenue Extension / Epifanio de los Santos Avenue, Lungsod ng Pasay, Manila - Sto Cristo, Manila City",725228,11.042,stop_sequence_approx,29,1.0,17.0,1020.0,1.0,gtfs_frequencies_typical_weekday,11262.84,567883.1,89.514,7.75,1.425,0.0,1.644,True,True,48.0,D,ordered-stop planning approximation | self-intersection detected,True,DERIVED,0,historic_only,uncertain,,,historic_gtfs_baseline,sakay_gtfs_master_historic,No current route validation supplied.,,,False,,historic_only,baclaran-divisoria,2.6263358087303024,394.35714285714283,0,11262.84,DERIVED,sakay_gtfs_master_historic|worldpop_phl_2020_1km
LTFRB_PUJ2473,,Baclaran Divisoria via L Guinto,"Juan Luna, Manila - Cuneta Avenue, Lungsod ng Pasay, Manila",726255,8.696,stop_sequence_approx,21,1.0,17.0,1020.0,1.0,gtfs_frequencies_typical_weekday,8869.92,502006.7,89.809,7.749,1.122,0.0,0.88,True,False,56.0,C,ordered-stop planning approximation,True,DERIVED,0,historic_only,uncertain,,,historic_gtfs_baseline,sakay_gtfs_master_historic,No current route validation supplied.,,,False,,historic_only,baclaran-divisoria,2.4149034038638457,434.8,0,8869.92,DERIVED,sakay_gtfs_master_historic|worldpop_phl_2020_1km
LTFRB_PUJ2474,,Baliwag Bocaue,"Bocaue Public Market, MacArthur Highway, Bocaue, Bulacan - Ang Dating Daan, Balagtas",724930,3.987,stop_sequence_approx,13,1.0,17.0,1020.0,1.0,gtfs_frequencies_typical_weekday,4066.74,60210.5,0.0,3.943,1.011,0.0,0.898,True,False,56.0,C,ordered-stop planning approximation,True,DERIVED,3,historic_only,uncertain,,,historic_gtfs_baseline,sakay_gtfs_master_historic,No current route validation supplied.,,,False,,historic_only,baliwag-bocaue,3.260596940055179,332.25,0,4066.74,DERIVED,sakay_gtfs_master_historic|worldpop_phl_2020_1km
LTFRB_PUJ2475,,Baliwag Bocaue,"Ang Dating Daan, Balagtas - Bocaue Public Market, MacArthur Highway, Bocaue, Bulacan",726291,4.006,stop_sequence_approx,14,1.0,17.0,1020.0,1.0,gtfs_frequencies_typical_weekday,4086.12,60210.5,0.0,3.943,1.016,0.0,0.898,True,False,56.0,C,ordered-stop planning approximation,True,DERIVED,4,historic_only,uncertain,,,historic_gtfs_baseline,sakay_gtfs_master_historic,No current route validation supplied.,,,False,,historic_only,baliwag-bocaue,3.494757863205192,308.15384615384613,0,4086.12,DERIVED,sakay_gtfs_master_historic|worldpop_phl_2020_1km
LTFRB_PUJ2476,,Baliwag Malinta,"MacDonalds, MacArthur Highway, City of Meycauayan - Ang Dating Daan, Balagtas",724964,13.358,stop_sequence_approx,51,1.0,17.0,1020.0,1.0,gtfs_frequencies_typical_weekday,13625.16,155078.5,0.0,12.62,1.058,0.0,0.898,True,False,56.0,C,ordered-stop planning approximation,True,DERIVED,7,historic_only,uncertain,,,historic_gtfs_baseline,sakay_gtfs_master_historic,No current route validation supplied.,,,False,,historic_only,baliwag-malinta,3.8179368168887557,267.16,0,13625.16,DERIVED,sakay_gtfs_master_historic|worldpop_phl_2020_1km
LTFRB_PUJ2477,,Baliwag Malinta,"Ang Dating Daan, Balagtas - MacDonalds, MacArthur Highway, City of Meycauayan",726346,13.358,stop_sequence_approx,50,1.0,17.0,1020.0,1.0,gtfs_frequencies_typical_weekday,13625.16,155078.5,0.0,12.62,1.058,0.0,0.898,True,False,56.0,C,ordered-stop planning approximation,True,DERIVED,7,historic_only,uncertain,,,historic_gtfs_baseline,sakay_gtfs_master_historic,No current route validation supplied.,,,False,,historic_only,baliwag-malinta,3.7430753106752506,272.61224489795916,0,13625.16,DERIVED,sakay_gtfs_master_historic|worldpop_phl_2020_1km
LTFRB_PUJ2480,,BBB Tullahan Recto via F Huertas Oroqueta,"LRT Doroteo Jose-Recto Station Walkway / Rizal Avenue Intersection, Manila - Calalang General Hospital, MacArthur Highway, Malabon City",725999,9.701,stop_sequence_approx,38,1.0,17.0,1020.0,1.0,gtfs_frequencies_typical_weekday,9895.02,563352.0,94.053,7.691,1.261,0.0,1.106,True,True,48.0,D,ordered-stop planning approximation | self-intersection detected,True,DERIVED,4,historic_only,uncertain,,,historic_gtfs_baseline,sakay_gtfs_master_historic,No current route validation supplied.,,,False,,historic_only,bbb-tullahan-recto,3.917121946191114,262.18918918918916,0,9895.02,DERIVED,sakay_gtfs_master_historic|worldpop_phl_2020_1km
LTFRB_PUJ2481,,BBB Tullahan Recto via F Huertas Oroqueta,"Calalang General Hospital, MacArthur Highway, Malabon City - Quezon Blvd / P.Paredes Intersection, Manila",725451,7.945,stop_sequence_approx,31,1.0,17.0,1020.0,1.0,gtfs_frequencies_typical_weekday,8103.900000000001,563352.0,94.053,7.304,1.088,0.0,0.728,True,False,56.0,C,ordered-stop planning approximation,True,DERIVED,1,historic_only,uncertain,,,historic_gtfs_baseline,sakay_gtfs_master_historic,No current route validation supplied.,,,False,,historic_only,bbb-tullahan-recto,3.9018250471994964,264.8333333333333,0,8103.900000000001,DERIVED,sakay_gtfs_master_historic|worldpop_phl_2020_1km
LTFRB_PUJ2482,,BBB Tullahan Sta Cruz,"Rizal Avenue, Manila - Calalang General Hospital, MacArthur Highway, Malabon City",725495,8.559,stop_sequence_approx,38,1.0,17.0,1020.0,1.0,gtfs_frequencies_typical_weekday,8730.179999999998,597769.0,93.09,8.2,1.044,0.0,0.368,True,False,56.0,C,ordered-stop planning approximation,True,DERIVED,3,historic_only,uncertain,,,historic_gtfs_baseline,sakay_gtfs_master_historic,No current route validation supplied.,,,False,,historic_only,bbb-tullahan-sta-cruz,4.439771001285197,231.32432432432432,0,8730.179999999998,DERIVED,sakay_gtfs_master_historic|worldpop_phl_2020_1km
LTFRB_PUJ2483,,BBB Tullahan Sta Cruz,"Calalang General Hospital, MacArthur Highway, Malabon City - Plaza Santa Cruz, Manila City",725490,8.454,stop_sequence_approx,30,1.0,17.0,1020.0,1.0,gtfs_frequencies_typical_weekday,8623.08,597769.0,93.09,8.191,1.032,0.0,0.943,True,False,56.0,C,ordered-stop planning approximation,True,DERIVED,2,historic_only,uncertain,,,historic_gtfs_baseline,sakay_gtfs_master_historic,No current route validation supplied.,,,False,,historic_only,bbb-tullahan-sta-cruz,3.5486160397444992,291.51724137931035,0,8623.08,DERIVED,sakay_gtfs_master_historic|worldpop_phl_2020_1km
LTFRB_PUJ2484,,BBB Malolos via McArthur Hway,"Calalang General Hospital, MacArthur Highway, Malabon City - Ang Dating Daan, Balagtas",725269,20.434,stop_sequence_approx,84,1.0,17.0,1020.0,1.0,gtfs_frequencies_typical_weekday,20842.68,355750.7,27.75,18.848,1.084,0.0,0.898,True,False,56.0,C,ordered-stop planning approximation,True,DERIVED,13,historic_only,uncertain,,,historic_gtfs_baseline,sakay_gtfs_master_historic,No current route validation supplied.,,,False,,historic_only,bbb-malolos,4.110795732602525,246.19277108433735,0,20842.68,DERIVED,sakay_gtfs_master_historic|worldpop_phl_2020_1km
LTFRB_PUJ2485,,BBB Malolos via McArthur Hway,"Ang Dating Daan, Balagtas - Calalang General Hospital, MacArthur Highway, Malabon City",724887,20.663,stop_sequence_approx,87,1.0,17.0,1020.0,1.0,gtfs_frequencies_typical_weekday,21076.26,383291.4,32.941,18.848,1.096,0.0,0.898,True,False,56.0,C,ordered-stop planning approximation,True,DERIVED,13,historic_only,uncertain,,,historic_gtfs_baseline,sakay_gtfs_master_historic,No current route validation supplied.,,,False,,historic_only,bbb-malolos,4.210424430140831,240.2674418604651,0,21076.26,DERIVED,sakay_gtfs_master_historic|worldpop_phl_2020_1km
LTFRB_PUJ2486,,Binangonan-Cainta,"Manila East Rd, Binangonan, Manila - Elementary School, Cainta, Manila",725890,12.714,stop_sequence_approx,45,1.0,17.0,1020.0,1.0,gtfs_frequencies_typical_weekday,12968.28,259356.5,51.488,11.91,1.068,0.0,0.61,True,False,56.0,C,ordered-stop planning approximation,True,DERIVED,1,historic_only,uncertain,,,historic_gtfs_baseline,sakay_gtfs_master_historic,No current route validation supplied.,,,False,,historic_only,binangonan__cainta,3.5394053798961775,288.95454545454544,0,12968.28,DERIVED,sakay_gtfs_master_historic|worldpop_phl_2020_1km
LTFRB_PUJ2487,,Binangonan-Cainta,"Elementary School, Cainta, Manila - Manila East Rd, Binangonan, Manila",725666,13.177,stop_sequence_approx,46,1.0,17.0,1020.0,1.0,gtfs_frequencies_typical_weekday,13440.54,270770.7,49.317,11.91,1.106,0.0,0.61,True,False,56.0,C,ordered-stop planning approximation,True,DERIVED,2,historic_only,uncertain,,,historic_gtfs_baseline,sakay_gtfs_master_historic,No current route validation supplied.,,,False,,historic_only,binangonan__cainta,3.490931167944145,292.8222222222222,0,13440.54,DERIVED,sakay_gtfs_master_historic|worldpop_phl_2020_1km
LTFRB_PUJ2488,,Binangonan-EDSA Shaw via Angono,"Manila East Rd, Binangonan, Manila - Ortigas Ave, Pagis City, Manila",726397,16.517,stop_sequence_approx,73,1.0,17.0,1020.0,1.0,gtfs_frequencies_typical_weekday,16847.34,348088.5,55.014,14.167,1.166,0.0,0.61,True,False,56.0,C,ordered-stop planning approximation,True,DERIVED,0,historic_only,uncertain,,,historic_gtfs_baseline,sakay_gtfs_master_historic,No current route validation supplied.,,,False,,historic_only,binangonan__edsa-shaw,4.419688805473149,229.40277777777777,0,16847.34,DERIVED,sakay_gtfs_master_historic|worldpop_phl_2020_1km
LTFRB_PUJ2489,,Binangonan-EDSA Shaw via Angono,"Meralco Ave, Pasig City, Manila - Manila East Rd, Binangonan, Manila",726005,22.211,stop_sequence_approx,86,1.0,17.0,1020.0,1.0,gtfs_frequencies_typical_weekday,22655.22,525788.7,52.655,16.6,1.338,0.0,0.976,True,False,56.0,C,ordered-stop planning approximation,True,DERIVED,0,historic_only,uncertain,,,historic_gtfs_baseline,sakay_gtfs_master_historic,No current route validation supplied.,,,False,,historic_only,binangonan__edsa-shaw,3.87195533744541,261.3058823529412,0,22655.22,DERIVED,sakay_gtfs_master_historic|worldpop_phl_2020_1km
LTFRB_PUJ2490,,Binangonan-Rosario,"Manila East Rd, Binangonan, Manila - W Bank Rd / Ortigas Ave Intersection, Pasig City, Manila",725150,16.239,stop_sequence_approx,57,1.0,17.0,1020.0,1.0,gtfs_frequencies_typical_weekday,16563.780000000002,439222.3,61.517,14.791,1.098,0.0,0.58,True,False,56.0,C,ordered-stop planning approximation,True,DERIVED,0,historic_only,uncertain,,,historic_gtfs_baseline,sakay_gtfs_master_historic,No current route validation supplied.,,,False,,historic_only,binangonan__rosario,3.5100683539626822,289.98214285714283,0,16563.780000000002,DERIVED,sakay_gtfs_master_historic|worldpop_phl_2020_1km
LTFRB_PUJ2491,,Binangonan-Rosario,"Ortigas Ave, Pasig City, Manila - Manila East Rd, Binangonan, Manila",724839,17.11,stop_sequence_approx,60,1.0,17.0,1020.0,1.0,gtfs_frequencies_typical_weekday,17452.2,448730.3,60.214,15.19,1.126,0.0,0.58,True,False,56.0,C,ordered-stop planning approximation,True,DERIVED,0,historic_only,uncertain,,,historic_gtfs_baseline,sakay_gtfs_master_historic,No current route validation supplied.,,,False,,historic_only,binangonan__rosario,3.506721215663355,290.0,0,17452.2,DERIVED,sakay_gtfs_master_historic|worldpop_phl_2020_1km
LTFRB_PUJ2492,,Binangonan-Shaw Blvd,"Manila East Rd, Binangonan, Manila - Meralco Ave, Pasig City, Manila",724598,20.365,stop_sequence_approx,65,1.0,17.0,1020.0,1.0,gtfs_frequencies_typical_weekday,20772.3,507929.4,53.196,16.15,1.261,0.0,0.863,True,False,56.0,C,ordered-stop planning approximation,True,DERIVED,0,historic_only,uncertain,,,historic_gtfs_baseline,sakay_gtfs_master_historic,No current route validation supplied.,,,False,,historic_only,binangonan__shaw-blvd,3.191750552418365,318.203125,0,20772.3,DERIVED,sakay_gtfs_master_historic|worldpop_phl_2020_1km
LTFRB_PUJ2493,,Binangonan-Shaw Blvd,"Meralco Ave, Pasig City, Manila - Manila East Rd, Binangonan, Manila",725645,21.694,stop_sequence_approx,84,1.0,17.0,1020.0,1.0,gtfs_frequencies_typical_weekday,22127.88,531093.9,52.129,16.15,1.343,0.0,0.976,True,False,56.0,C,ordered-stop planning approximation,True,DERIVED,0,historic_only,uncertain,,,historic_gtfs_baseline,sakay_gtfs_master_historic,No current route validation supplied.,,,False,,historic_only,binangonan__shaw-blvd,3.872038351617959,261.3734939759036,0,22127.88,DERIVED,sakay_gtfs_master_historic|worldpop_phl_2020_1km
LTFRB_PUJ2494,,Binangonan-Taytay via Angono,"Manila East Rd, Binangonan, Manila - Rodriguez Ave, Taytay, Manila",724653,9.964,stop_sequence_approx,35,1.0,17.0,1020.0,1.0,gtfs_frequencies_typical_weekday,10163.28,121943.5,15.608,9.618,1.036,0.0,0.61,True,False,56.0,C,ordered-stop planning approximation,True,DERIVED,0,historic_only,uncertain,,,historic_gtfs_baseline,sakay_gtfs_master_historic,No current route validation supplied.,,,False,,historic_only,binangonan__taytay,3.5126455238859893,293.05882352941177,0,10163.28,DERIVED,sakay_gtfs_master_historic|worldpop_phl_2020_1km
LTFRB_PUJ2495,,Binangonan-Taytay via Angono,"Rodriguez Ave, Taytay, Manila - Manila East Rd, Binangonan, Manila",725368,9.963,stop_sequence_approx,34,1.0,17.0,1020.0,1.0,gtfs_frequencies_typical_weekday,10162.259999999998,121943.5,15.608,9.618,1.036,0.0,0.61,True,False,56.0,C,ordered-stop planning approximation,True,DERIVED,0,historic_only,uncertain,,,historic_gtfs_baseline,sakay_gtfs_master_historic,No current route validation supplied.,,,False,,historic_only,binangonan__taytay,3.4126267188597814,301.90909090909093,0,10162.259999999998,DERIVED,sakay_gtfs_master_historic|worldpop_phl_2020_1km
LTFRB_PUJ2496,,Cainta Junction Cubao via Imelda Avenue,"Bonifacio Ave, Cainta, Manila - 8th Ave, Quezon City, Manila",724690,11.47,stop_sequence_approx,42,1.0,17.0,1020.0,1.0,gtfs_frequencies_typical_weekday,11699.4,394282.0,66.925,7.156,1.603,0.0,0.647,True,False,56.0,C,ordered-stop planning approximation,True,DERIVED,0,historic_only,uncertain,,,historic_gtfs_baseline,sakay_gtfs_master_historic,No current route validation supplied.,,,False,,historic_only,cainta-junction-cubao,3.6617262423714037,279.7560975609756,0,11699.4,DERIVED,sakay_gtfs_master_historic|worldpop_phl_2020_1km
LTFRB_PUJ2497,,Cainta Junction Cubao via Imelda Avenue,"P. Tuazon Blvd / 9th Ave Intersection, Quezon City, Manila - Bonifacio Ave, Cainta, Manila",725272,10.232,stop_sequence_approx,34,1.0,17.0,1020.0,1.0,gtfs_frequencies_typical_weekday,10436.64,369772.6,64.732,7.26,1.409,0.0,0.548,True,False,56.0,C,ordered-stop planning approximation,True,DERIVED,0,historic_only,uncertain,,,historic_gtfs_baseline,sakay_gtfs_master_historic,No current route validation supplied.,,,False,,historic_only,cainta-junction-cubao,3.3229085222830337,310.06060606060606,0,10436.64,DERIVED,sakay_gtfs_master_historic|worldpop_phl_2020_1km
LTFRB_PUJ2498,,Escolta-Libertad via Mabini,"Epifanio de los Santos Avenue / F.B. Harrison St Intersection, Lungsod ng Pasay - Rizal Avenue, Manila",725399,7.276,stop_sequence_approx,23,1.0,17.0,1020.0,1.0,gtfs_frequencies_typical_weekday,7421.519999999999,307495.8,80.622,6.962,1.045,0.0,0.73,True,False,56.0,C,ordered-stop planning approximation,True,DERIVED,0,historic_only,uncertain,,,historic_gtfs_baseline,sakay_gtfs_master_historic,No current route validation supplied.,,,False,,historic_only,escolta__libertad,3.1610775151181967,330.72727272727275,0,7421.519999999999,DERIVED,sakay_gtfs_master_historic|worldpop_phl_2020_1km
LTFRB_PUJ2499,,Escolta-Libertad via Mabini,"A F. Torres / Ronquillo Intersection, Manila - Epifanio de los Santos Avenue, Lungsod ng Pasay",726213,8.027,stop_sequence_approx,25,1.0,17.0,1020.0,1.0,gtfs_frequencies_typical_weekday,8187.539999999999,255140.5,75.891,7.09,1.132,0.0,0.799,True,False,56.0,C,ordered-stop planning approximation,True,DERIVED,1,historic_only,uncertain,,,historic_gtfs_baseline,sakay_gtfs_master_historic,No current route validation supplied.,,,False,,historic_only,escolta__libertad,3.1144886009717205,334.4583333333333,0,8187.539999999999,DERIVED,sakay_gtfs_master_historic|worldpop_phl_2020_1km
LTFRB_PUJ2500,,Escolta-MCU via GDelMundo,"Taft Avenue Extension / Narra Street Intersection, Lungsod ng Pasay, Manila - Rizal Avenue, Manila",726185,10.864,stop_sequence_approx,25,1.0,17.0,1020.0,1.0,gtfs_frequencies_typical_weekday,11081.28,557785.4,86.468,7.561,1.437,0.0,1.644,True,True,48.0,D,ordered-stop planning approximation | self-intersection detected,True,DERIVED,0,historic_only,uncertain,,,historic_gtfs_baseline,sakay_gtfs_master_historic,No current route validation supplied.,,,False,,historic_only,escolta__mcu,2.3011782032400587,452.6666666666667,0,11081.28,DERIVED,sakay_gtfs_master_historic|worldpop_phl_2020_1km
LTFRB_PUJ2501,,Escolta-MCU via GDelMundo,"Rizal Avenue, Manila - Taft Avenue Extension / Narra Street Intersection, Lungsod ng Pasay, Manila",726327,9.705,stop_sequence_approx,28,1.0,17.0,1020.0,1.0,gtfs_frequencies_typical_weekday,9899.1,409532.9,79.718,7.561,1.284,0.0,0.88,True,False,56.0,C,ordered-stop planning approximation,True,DERIVED,1,historic_only,uncertain,,,historic_gtfs_baseline,sakay_gtfs_master_historic,No current route validation supplied.,,,False,,historic_only,escolta__mcu,2.8851107676455436,359.44444444444446,0,9899.1,DERIVED,sakay_gtfs_master_historic|worldpop_phl_2020_1km
LTFRB_PUJ2502,,Espana-Rtda-Pier,"Padre Burgos St, Manila - Instruccion / Espana Boulevard Intersection, Manila",725585,4.452,stop_sequence_approx,13,1.0,17.0,1020.0,1.0,gtfs_frequencies_typical_weekday,4541.04,316429.5,92.783,4.081,1.091,0.0,0.865,True,False,56.0,C,ordered-stop planning approximation,True,DERIVED,0,historic_only,uncertain,,,historic_gtfs_baseline,sakay_gtfs_master_historic,No current route validation supplied.,,,False,,historic_only,espana__pier__rtda,2.9200359389038635,371.0,0,4541.04,DERIVED,sakay_gtfs_master_historic|worldpop_phl_2020_1km
LTFRB_PUJ2503,,Espana-Rtda-Pier,"Halcon / Espana Boulevard Intersection, Manila - Bonifacio Drive, Manila",726141,5.416,stop_sequence_approx,20,1.0,17.0,1020.0,1.0,gtfs_frequencies_typical_weekday,5524.320000000001,343177.7,92.65,4.531,1.195,0.0,0.594,True,False,56.0,C,ordered-stop planning approximation,True,DERIVED,0,historic_only,uncertain,,,historic_gtfs_baseline,sakay_gtfs_master_historic,No current route validation supplied.,,,False,,historic_only,espana__pier__rtda,3.692762186115214,285.05263157894734,0,5524.320000000001,DERIVED,sakay_gtfs_master_historic|worldpop_phl_2020_1km
LTFRB_PUJ2504,,Frisco-Sta Cruz,"Leon Guinto Sr., Manila - Roosevelt Avenue / Adams Intersection, Quezon City",725419,12.115,stop_sequence_approx,54,1.0,17.0,1020.0,1.0,gtfs_frequencies_typical_weekday,12357.3,673106.1,91.239,9.383,1.291,0.0,0.411,True,False,56.0,C,ordered-stop planning approximation,True,DERIVED,0,historic_only,uncertain,,,historic_gtfs_baseline,sakay_gtfs_master_historic,No current route validation supplied.,,,False,,historic_only,frisco__sta-cruz,4.457284358233594,228.58490566037736,0,12357.3,DERIVED,sakay_gtfs_master_historic|worldpop_phl_2020_1km
LTFRB_PUJ2505,,Frisco-Sta Cruz,"Roosevelt Avenue / Road B Intersection, Quezon City - Taft Ave, Manila",726061,11.992,stop_sequence_approx,50,1.0,17.0,1020.0,1.0,gtfs_frequencies_typical_weekday,12231.84,657418.9,91.03,9.559,1.255,0.0,0.574,True,False,56.0,C,ordered-stop planning approximation,True,DERIVED,1,historic_only,uncertain,,,historic_gtfs_baseline,sakay_gtfs_master_historic,No current route validation supplied.,,,False,,historic_only,frisco__sta-cruz,4.169446297531687,244.73469387755102,0,12231.84,DERIVED,sakay_gtfs_master_historic|worldpop_phl_2020_1km
LTFRB_PUJ2506,,Galas-Barbosa,"Vicente G Cruz, Manila - Unang Hakbang / Luzon Ave",725271,1.897,stop_sequence_approx,8,1.0,17.0,1020.0,1.0,gtfs_frequencies_typical_weekday,1934.94,201327.2,100.0,1.31,1.448,0.0,0.342,True,False,44.0,D,ordered-stop planning approximation | few representative stops,True,DERIVED,0,historic_only,uncertain,,,historic_gtfs_baseline,sakay_gtfs_master_historic,No current route validation supplied.,,,False,,historic_only,barbosa__galas,4.217185028993147,271.0,0,1934.94,DERIVED,sakay_gtfs_master_historic|worldpop_phl_2020_1km
LTFRB_PUJ2507,,Galas-Barbosa,"Unang Hakbang / Luzon Ave - M. dela Fuente, Manila",725398,1.935,stop_sequence_approx,8,1.0,17.0,1020.0,1.0,gtfs_frequencies_typical_weekday,1973.7,201327.2,100.0,1.43,1.353,0.0,0.471,True,False,44.0,D,ordered-stop planning approximation | few representative stops,True,DERIVED,0,historic_only,uncertain,,,historic_gtfs_baseline,sakay_gtfs_master_historic,No current route validation supplied.,,,False,,historic_only,barbosa__galas,4.134366925064599,276.42857142857144,0,1973.7,DERIVED,sakay_gtfs_master_historic|worldpop_phl_2020_1km
LTFRB_PUJ2508,,Gasak-Sta Cruz via,"Oroquieta, Manila - Heath Centre, Don Bastilio Bautista Boulevard, Malabon City",725706,11.956,stop_sequence_approx,55,1.0,17.0,1020.0,1.0,gtfs_frequencies_typical_weekday,12195.12,881178.6,98.39,9.196,1.3,0.0,0.594,True,False,56.0,C,ordered-stop planning approximation,True,DERIVED,3,historic_only,uncertain,,,historic_gtfs_baseline,sakay_gtfs_master_historic,No current route validation supplied.,,,False,,historic_only,gasak__sta-cruz,4.600200736032118,221.40740740740742,0,12195.12,DERIVED,sakay_gtfs_master_historic|worldpop_phl_2020_1km
LTFRB_PUJ2509,,Gasak-Sta Cruz via,"Malabon National High School, Don Bastilio Bautista Boulevard, Malabon City - LRT Doroteo Jose-Recto Station Walkway / Rizal Avenue Intersection, Manila",726145,11.943,stop_sequence_approx,47,1.0,17.0,1020.0,1.0,gtfs_frequencies_typical_weekday,12181.86,963387.9,98.527,9.206,1.297,0.0,0.728,True,False,56.0,C,ordered-stop planning approximation,True,DERIVED,3,historic_only,uncertain,,,historic_gtfs_baseline,sakay_gtfs_master_historic,No current route validation supplied.,,,False,,historic_only,gasak__sta-cruz,3.93535962488487,259.6304347826087,0,12181.86,DERIVED,sakay_gtfs_master_historic|worldpop_phl_2020_1km
LTFRB_PUJ2510,,Gate5-Unimart,"N. Western St / Service Rd, San Juan, Manila - Anapolis, San Juan, Manila",725208,0.664,stop_sequence_approx,4,1.0,17.0,1020.0,1.0,gtfs_frequencies_typical_weekday,677.2800000000001,26926.7,0.0,0.659,1.008,0.0,0.286,True,False,44.0,D,ordered-stop planning approximation | few representative stops,True,DERIVED,1,historic_only,uncertain,,,historic_gtfs_baseline,sakay_gtfs_master_historic,No current route validation supplied.,,,False,,historic_only,gate5__unimart,6.024096385542168,221.33333333333334,0,677.2800000000001,DERIVED,sakay_gtfs_master_historic|worldpop_phl_2020_1km
LTFRB_PUJ2511,,Gate5-Unimart,"Columbia St / Florida, San Juan, Manila - N. Western St / Service Rd, San Juan, Manila",725244,1.707,stop_sequence_approx,8,1.0,17.0,1020.0,1.0,gtfs_frequencies_typical_weekday,1741.14,51623.0,0.0,1.036,1.647,0.0,0.332,True,False,44.0,D,ordered-stop planning approximation | few representative stops,True,DERIVED,0,historic_only,uncertain,,,historic_gtfs_baseline,sakay_gtfs_master_historic,No current route validation supplied.,,,False,,historic_only,gate5__unimart,4.6865846514352665,243.85714285714286,0,1741.14,DERIVED,sakay_gtfs_master_historic|worldpop_phl_2020_1km
LTFRB_PUJ2512,,Kalentong-Malinao,"Mariveles Street, Mandaluyong City - Jose Rizal University, J Fabella St, Mandaluyong City, Manila",726029,3.194,stop_sequence_approx,13,1.0,17.0,1020.0,1.0,gtfs_frequencies_typical_weekday,3257.88,252711.8,98.321,2.65,1.205,0.0,0.558,True,False,56.0,C,ordered-stop planning approximation,True,DERIVED,0,historic_only,uncertain,,,historic_gtfs_baseline,sakay_gtfs_master_historic,No current route validation supplied.,,,False,,historic_only,kalentong__malinao,4.0701314965560424,266.1666666666667,0,3257.88,DERIVED,sakay_gtfs_master_historic|worldpop_phl_2020_1km
LTFRB_PUJ2513,,Kalentong-Malinao,"Shaw Blvd, Mandaluyong City, Manila - Sierra Madre / Sultan, Makati City, Manila",725904,4.04,stop_sequence_approx,13,1.0,17.0,1020.0,1.0,gtfs_frequencies_typical_weekday,4120.8,252711.8,98.321,3.033,1.332,0.0,0.717,True,False,56.0,C,ordered-stop planning approximation,True,DERIVED,0,historic_only,uncertain,,,historic_gtfs_baseline,sakay_gtfs_master_historic,No current route validation supplied.,,,False,,historic_only,kalentong__malinao,3.217821782178218,336.6666666666667,0,4120.8,DERIVED,sakay_gtfs_master_historic|worldpop_phl_2020_1km
LTFRB_PUJ2514,,Kalentong-Sierra Madre via 9dePebrero,"Domingo M Guevara, Mandaluyong City - New Panaderos Extension / 34 Rte Rev. G. Aglipay Intersection, Mandaluyong City",725622,3.748,stop_sequence_approx,13,1.0,17.0,1020.0,1.0,gtfs_frequencies_typical_weekday,3822.96,311275.9,100.0,2.929,1.279,0.0,0.438,True,False,56.0,C,ordered-stop planning approximation,True,DERIVED,0,historic_only,uncertain,,,historic_gtfs_baseline,sakay_gtfs_master_historic,No current route validation supplied.,,,False,,historic_only,kalentong__sierra-madre,3.4685165421558164,312.3333333333333,0,3822.96,DERIVED,sakay_gtfs_master_historic|worldpop_phl_2020_1km
LTFRB_PUJ2515,,Kalentong-Sierra Madre via 9dePebrero,"Daang Bakal / New Panaderos Extension Intersection, Manila - Domingo M Guevara, Mandaluyong City",725097,3.71,stop_sequence_approx,13,1.0,17.0,1020.0,1.0,gtfs_frequencies_typical_weekday,3784.2,311275.9,100.0,2.761,1.344,0.0,0.438,True,False,56.0,C,ordered-stop planning approximation,True,DERIVED,0,historic_only,uncertain,,,historic_gtfs_baseline,sakay_gtfs_master_historic,No current route validation supplied.,,,False,,historic_only,kalentong__sierra-madre,3.5040431266846364,309.1666666666667,0,3784.2,DERIVED,sakay_gtfs_master_historic|worldpop_phl_2020_1km
LTFRB_PUJ2516,,Kalentong JRC-Namayan via P Martinez,"New Panaderos / Castañeda Intersection, Manila - Jose Rizal University, J Fabella St, Mandaluyong City, Manila",724941,1.076,stop_sequence_approx,4,1.0,17.0,1020.0,1.0,gtfs_frequencies_typical_weekday,1097.52,146328.7,100.0,0.995,1.081,0.0,0.418,True,False,44.0,D,ordered-stop planning approximation | few representative stops,True,DERIVED,0,historic_only,uncertain,,,historic_gtfs_baseline,sakay_gtfs_master_historic,No current route validation supplied.,,,False,,historic_only,kalentong-jrc__namayan,3.717472118959108,358.6666666666667,0,1097.52,DERIVED,sakay_gtfs_master_historic|worldpop_phl_2020_1km
LTFRB_PUJ2517,,Kalentong JRC-Namayan via P Martinez,"Haig, Mandaluyong City - New Panaderos / Castañeda Intersection, Manila",726360,1.045,stop_sequence_approx,4,1.0,17.0,1020.0,1.0,gtfs_frequencies_typical_weekday,1065.9,146328.7,100.0,1.042,1.003,0.0,0.418,True,False,44.0,D,ordered-stop planning approximation | few representative stops,True,DERIVED,0,historic_only,uncertain,,,historic_gtfs_baseline,sakay_gtfs_master_historic,No current route validation supplied.,,,False,,historic_only,kalentong-jrc__namayan,3.8277511961722492,348.3333333333333,0,1065.9,DERIVED,sakay_gtfs_master_historic|worldpop_phl_2020_1km
LTFRB_PUJ2518,,Kanlaon-Del Monte via Mayon,"Kanlaon, Quezon City - N. S. Amoranto, Quezon City",725531,2.125,stop_sequence_approx,12,1.0,17.0,1020.0,1.0,gtfs_frequencies_typical_weekday,2167.5,93006.7,87.074,2.029,1.047,0.0,0.236,True,False,56.0,C,ordered-stop planning approximation,True,DERIVED,0,historic_only,uncertain,,,historic_gtfs_baseline,sakay_gtfs_master_historic,No current route validation supplied.,,,False,,historic_only,del-monte__kanlaon,5.647058823529412,193.1818181818182,0,2167.5,DERIVED,sakay_gtfs_master_historic|worldpop_phl_2020_1km
LTFRB_PUJ2519,,Kanlaon-Del Monte via Mayon,"N. S. Amoranto, Quezon City - Apo / Quezon Avenue Intersection, Quezon City",724607,2.226,stop_sequence_approx,11,1.0,17.0,1020.0,1.0,gtfs_frequencies_typical_weekday,2270.52,93006.7,87.074,2.097,1.062,0.0,0.363,True,False,44.0,D,ordered-stop planning approximation | few representative stops,True,DERIVED,0,historic_only,uncertain,,,historic_gtfs_baseline,sakay_gtfs_master_historic,No current route validation supplied.,,,False,,historic_only,del-monte__kanlaon,4.941599281221923,222.6,0,2270.52,DERIVED,sakay_gtfs_master_historic|worldpop_phl_2020_1km
LTFRB_PUJ2520,,Karuhatan Monumento,"Bonifacio Market, MacArthur Highway, Caloocan City - Bureau of Telecom Training Institute, MacArthur Highway, Valenzuela City",726242,4.041,stop_sequence_approx,18,1.0,17.0,1020.0,1.0,gtfs_frequencies_typical_weekday,4121.820000000001,222997.8,68.664,3.891,1.038,0.0,0.413,True,False,56.0,C,ordered-stop planning approximation,True,DERIVED,2,historic_only,uncertain,,,historic_gtfs_baseline,sakay_gtfs_master_historic,No current route validation supplied.,,,False,,historic_only,karuhatan-monumento,4.4543429844097995,237.70588235294122,0,4121.820000000001,DERIVED,sakay_gtfs_master_historic|worldpop_phl_2020_1km
LTFRB_PUJ2521,,Karuhatan Monumento,"Bureau of Telecom Training Institute, MacArthur Highway, Valenzuela City - Bonifacio Market, MacArthur Highway, Caloocan City",725632,4.041,stop_sequence_approx,18,1.0,17.0,1020.0,1.0,gtfs_frequencies_typical_weekday,4121.820000000001,222997.8,68.664,3.891,1.038,0.0,0.413,True,False,56.0,C,ordered-stop planning approximation,True,DERIVED,2,historic_only,uncertain,,,historic_gtfs_baseline,sakay_gtfs_master_historic,No current route validation supplied.,,,False,,historic_only,karuhatan-monumento,4.4543429844097995,237.70588235294122,0,4121.820000000001,DERIVED,sakay_gtfs_master_historic|worldpop_phl_2020_1km
LTFRB_PUJ2522,,Lagro-SM Fairview,"Ascencion Avenue / Bristol Street Intersection, Quezon City - Quirino Highway / Maligaya Intersection, Caloocan City",725264,2.386,stop_sequence_approx,12,1.0,17.0,1020.0,1.0,gtfs_frequencies_typical_weekday,2433.7200000000003,124631.7,74.145,1.753,1.361,0.0,0.431,True,False,56.0,C,ordered-stop planning approximation,True,DERIVED,0,historic_only,uncertain,,,historic_gtfs_baseline,sakay_gtfs_master_historic,No current route validation supplied.,,,False,,historic_only,lagro__sm-fairview,5.029337803855825,216.9090909090909,0,2433.7200000000003,DERIVED,sakay_gtfs_master_historic|worldpop_phl_2020_1km
LTFRB_PUJ2523,,Lagro-SM Fairview,"Quirino Highway / Maligaya Intersection, Caloocan City - Ascencion Avenue / Bristol Street Intersection, Quezon City",726003,2.386,stop_sequence_approx,12,1.0,17.0,1020.0,1.0,gtfs_frequencies_typical_weekday,2433.7200000000003,124631.7,74.145,1.753,1.361,0.0,0.431,True,False,56.0,C,ordered-stop planning approximation,True,DERIVED,0,historic_only,uncertain,,,historic_gtfs_baseline,sakay_gtfs_master_historic,No current route validation supplied.,,,False,,historic_only,lagro__sm-fairview,5.029337803855825,216.9090909090909,0,2433.7200000000003,DERIVED,sakay_gtfs_master_historic|worldpop_phl_2020_1km
LTFRB_PUJ2524,,Libertad-PCampa,"Taft Ave / College Rd Intersection, Lungsod ng Pasay - Claro M. Recto Ave / Quezon Blvd Intersection, Manila",726060,6.605,stop_sequence_approx,22,1.0,17.0,1020.0,1.0,gtfs_frequencies_typical_weekday,6737.1,411015.3,90.151,6.018,1.097,0.0,0.587,True,False,56.0,C,ordered-stop planning approximation,True,DERIVED,0,historic_only,uncertain,,,historic_gtfs_baseline,sakay_gtfs_master_historic,No current route validation supplied.,,,False,,historic_only,libertad__pcampa,3.330809992429977,314.5238095238095,0,6737.1,DERIVED,sakay_gtfs_master_historic|worldpop_phl_2020_1km
LTFRB_PUJ2525,,Libertad-PCampa,"España Blvd / Quezon Blvd  Intersection, Manila - P. Villanueva, Lungsod ng Pasay",725306,7.465,stop_sequence_approx,23,1.0,17.0,1020.0,1.0,gtfs_frequencies_typical_weekday,7614.3,403049.4,88.203,6.514,1.146,0.0,0.563,True,False,56.0,C,ordered-stop planning approximation,True,DERIVED,1,historic_only,uncertain,,,historic_gtfs_baseline,sakay_gtfs_master_historic,No current route validation supplied.,,,False,,historic_only,libertad__pcampa,3.081044876088413,339.3181818181818,0,7614.3,DERIVED,sakay_gtfs_master_historic|worldpop_phl_2020_1km
LTFRB_PUJ2526,,Malabon Paco (Obando),"United Evangelical Church of Malabon, Gov. W. Pascual Avenue, Malabon City - Paliwas Road / Pedro B Jacinto Street Intersection, Obando",726336,11.815,stop_sequence_approx,43,1.0,17.0,1020.0,1.0,gtfs_frequencies_typical_weekday,12051.3,284346.1,64.936,10.38,1.138,0.0,0.667,True,False,56.0,C,ordered-stop planning approximation,True,DERIVED,3,historic_only,uncertain,,,historic_gtfs_baseline,sakay_gtfs_master_historic,No current route validation supplied.,,,False,,historic_only,malabon-paco-obando,3.639441388066018,281.3095238095238,0,12051.3,DERIVED,sakay_gtfs_master_historic|worldpop_phl_2020_1km
LTFRB_PUJ2527,,Malabon Paco (Obando),"Paliwas Road / Pedro B Jacinto Street Intersection, Obando - Don Bastilio Bautista Boulevard / A. Bonifacio Street, Malabon City",725459,8.902,stop_sequence_approx,35,1.0,17.0,1020.0,1.0,gtfs_frequencies_typical_weekday,9080.04,212908.7,61.99,7.788,1.143,0.0,0.667,True,False,56.0,C,ordered-stop planning approximation,True,DERIVED,2,historic_only,uncertain,,,historic_gtfs_baseline,sakay_gtfs_master_historic,No current route validation supplied.,,,False,,historic_only,malabon-paco-obando,3.931700741406426,261.8235294117647,0,9080.04,DERIVED,sakay_gtfs_master_historic|worldpop_phl_2020_1km
LTFRB_PUJ2528,,Malinta-Rizal Ave via Banal,"Rizal Avenue, Manila - Flying V Gas, MacArthur Highway, Valenzuela City",725614,10.938,stop_sequence_approx,47,1.0,17.0,1020.0,1.0,gtfs_frequencies_typical_weekday,11156.76,649571.1,88.041,10.199,1.073,0.0,0.465,True,False,56.0,C,ordered-stop planning approximation,True,DERIVED,5,historic_only,uncertain,,,historic_gtfs_baseline,sakay_gtfs_master_historic,No current route validation supplied.,,,False,,historic_only,malinta__rizal-ave,4.296946425306271,237.7826086956522,0,11156.76,DERIVED,sakay_gtfs_master_historic|worldpop_phl_2020_1km
LTFRB_PUJ2529,,Malinta-Rizal Ave via Banal,"Jolibee, MacArthur Highway, Malinta, Valenzuela City - Rizal Avenue, Manila",724734,11.394,stop_sequence_approx,48,1.0,17.0,1020.0,1.0,gtfs_frequencies_typical_weekday,11621.88,696548.6,88.847,10.297,1.107,0.0,0.618,True,False,56.0,C,ordered-stop planning approximation,True,DERIVED,4,historic_only,uncertain,,,historic_gtfs_baseline,sakay_gtfs_master_historic,No current route validation supplied.,,,False,,historic_only,malinta__rizal-ave,4.21274354923644,242.4255319148936,0,11621.88,DERIVED,sakay_gtfs_master_historic|worldpop_phl_2020_1km
LTFRB_PUJ2530,,Malinta-Sta Cruz,"Rizal Avenue, Manila - Flying V Gas, MacArthur Highway, Valenzuela City",726353,11.187,stop_sequence_approx,48,1.0,17.0,1020.0,1.0,gtfs_frequencies_typical_weekday,11410.74,649571.1,88.041,10.448,1.071,0.0,0.465,True,False,56.0,C,ordered-stop planning approximation,True,DERIVED,5,historic_only,uncertain,,,historic_gtfs_baseline,sakay_gtfs_master_historic,No current route validation supplied.,,,False,,historic_only,malinta__sta-cruz,4.290694556181282,238.0212765957447,0,11410.74,DERIVED,sakay_gtfs_master_historic|worldpop_phl_2020_1km
LTFRB_PUJ2531,,Malinta-Sta Cruz,"Jolibee, MacArthur Highway, Malinta, Valenzuela City - Plaza Santa Cruz, Manila City",724916,11.779,stop_sequence_approx,52,1.0,17.0,1020.0,1.0,gtfs_frequencies_typical_weekday,12014.58,696548.6,88.847,10.51,1.121,0.0,0.477,True,False,56.0,C,ordered-stop planning approximation,True,DERIVED,5,historic_only,uncertain,,,historic_gtfs_baseline,sakay_gtfs_master_historic,No current route validation supplied.,,,False,,historic_only,malinta__sta-cruz,4.41463621699635,230.9607843137255,0,12014.58,DERIVED,sakay_gtfs_master_historic|worldpop_phl_2020_1km
LTFRB_PUJ2532,,Malinta Hagonoy via MacArthur Highway,"Flying V Gas, MacArthur Highway, Valenzuela City - Ang Dating Daan, Balagtas",725023,17.946,stop_sequence_approx,75,1.0,17.0,1020.0,3.0,gtfs_frequencies_typical_weekday,18304.92,293730.0,23.383,16.278,1.102,0.0,0.898,True,False,56.0,C,ordered-stop planning approximation,True,DERIVED,11,historic_only,uncertain,,,historic_gtfs_baseline,sakay_gtfs_master_historic,No current route validation supplied.,,,False,,historic_only,malinta-hagonoy,4.179204279505182,242.51351351351352,0,18304.92,DERIVED,sakay_gtfs_master_historic|worldpop_phl_2020_1km
LTFRB_PUJ2533,,Malinta Hagonoy via MacArthur Highway,"Ang Dating Daan, Balagtas - South supermarket, MacArthur Highway, Valenzuela City",725516,18.088,stop_sequence_approx,75,1.0,17.0,1020.0,1.0,gtfs_frequencies_typical_weekday,18449.76,302835.3,22.68,16.436,1.101,0.0,0.898,True,False,56.0,C,ordered-stop planning approximation,True,DERIVED,12,historic_only,uncertain,,,historic_gtfs_baseline,sakay_gtfs_master_historic,No current route validation supplied.,,,False,,historic_only,malinta-hagonoy,4.146395400265369,244.43243243243242,0,18449.76,DERIVED,sakay_gtfs_master_historic|worldpop_phl_2020_1km
LTFRB_PUJ2535,,Malinta Hagonoy via Meycauayan,"Ang Dating Daan, Balagtas - South supermarket, MacArthur Highway, Valenzuela City",724991,18.171,stop_sequence_approx,76,1.0,17.0,1020.0,3.0,gtfs_frequencies_typical_weekday,18534.42,302835.3,22.68,16.436,1.106,0.0,0.898,True,False,56.0,C,ordered-stop planning approximation,True,DERIVED,12,historic_only,uncertain,,,historic_gtfs_baseline,sakay_gtfs_master_historic,No current route validation supplied.,,,False,,historic_only,malinta-hagonoy,4.18248858070552,242.28,0,18534.42,DERIVED,sakay_gtfs_master_historic|worldpop_phl_2020_1km
LTFRB_PUJ2536,,Malinta Meycauayan v F De Leon,"Flying V Gas, MacArthur Highway, Valenzuela City - MacArthur Highway / Malhacan Road Intersection, City of Meycauayan",724845,5.867,stop_sequence_approx,35,1.0,17.0,1020.0,1.0,gtfs_frequencies_typical_weekday,5984.34,165268.7,41.559,4.977,1.179,0.0,0.499,True,False,56.0,C,ordered-stop planning approximation,True,DERIVED,4,historic_only,uncertain,,,historic_gtfs_baseline,sakay_gtfs_master_historic,No current route validation supplied.,,,False,,historic_only,malinta-meycauayan-v-f-de-leon,5.965570138060338,172.55882352941177,0,5984.34,DERIVED,sakay_gtfs_master_historic|worldpop_phl_2020_1km
LTFRB_PUJ2537,,Malinta Meycauayan v F De Leon,"MacArthur Highway, Marilao - Flying V Gas, MacArthur Highway, Valenzuela City",725142,8.66,stop_sequence_approx,47,1.0,17.0,1020.0,1.0,gtfs_frequencies_typical_weekday,8833.2,201700.0,34.052,7.652,1.132,0.0,0.499,True,False,56.0,C,ordered-stop planning approximation,True,DERIVED,6,historic_only,uncertain,,,historic_gtfs_baseline,sakay_gtfs_master_historic,No current route validation supplied.,,,False,,historic_only,malinta-meycauayan-v-f-de-leon,5.427251732101617,188.2608695652174,0,8833.2,DERIVED,sakay_gtfs_master_historic|worldpop_phl_2020_1km
LTFRB_PUJ2538,,Malinta Pier via Monumento,"Museum of Philippine History, Rizal Park, T.M. Kalaw, Manila - Flying V Gas, MacArthur Highway, Valenzuela City",724945,13.438,stop_sequence_approx,57,1.0,17.0,1020.0,1.0,gtfs_frequencies_typical_weekday,13706.76,673812.2,84.873,12.461,1.078,0.0,0.465,True,False,56.0,C,ordered-stop planning approximation,True,DERIVED,5,historic_only,uncertain,,,historic_gtfs_baseline,sakay_gtfs_master_historic,No current route validation supplied.,,,False,,historic_only,malinta-pier,4.241702634320583,239.96428571428572,0,13706.76,DERIVED,sakay_gtfs_master_historic|worldpop_phl_2020_1km
LTFRB_PUJ2539,,Malinta Pier via Monumento,"Flying V Gas, MacArthur Highway, Valenzuela City - Padre Burgos St / Padre Burgos Street Intersection, Manila",726131,13.84,stop_sequence_approx,61,1.0,17.0,1020.0,1.0,gtfs_frequencies_typical_weekday,14116.8,691351.9,86.244,12.144,1.14,0.0,0.477,True,False,56.0,C,ordered-stop planning approximation,True,DERIVED,5,historic_only,uncertain,,,historic_gtfs_baseline,sakay_gtfs_master_historic,No current route validation supplied.,,,False,,historic_only,malinta-pier,4.407514450867052,230.66666666666666,0,14116.8,DERIVED,sakay_gtfs_master_historic|worldpop_phl_2020_1km
LTFRB_PUJ2540,,Malinta Recto via F Huertas,"Oroquieta, Manila - Jolibee, MacArthur Highway, Malinta, Valenzuela City",725049,11.267,stop_sequence_approx,52,1.0,17.0,1020.0,1.0,gtfs_frequencies_typical_weekday,11492.34,662131.5,89.446,9.928,1.135,0.0,0.413,True,False,56.0,C,ordered-stop planning approximation,True,DERIVED,5,historic_only,uncertain,,,historic_gtfs_baseline,sakay_gtfs_master_historic,No current route validation supplied.,,,False,,historic_only,malinta-recto,4.615248069583741,220.92156862745097,0,11492.34,DERIVED,sakay_gtfs_master_historic|worldpop_phl_2020_1km
LTFRB_PUJ2541,,Malinta Recto via F Huertas,"Jolibee, MacArthur Highway, Malinta, Valenzuela City - LRT Doroteo Jose-Recto Station Walkway / Rizal Avenue Intersection, Manila",726224,11.76,stop_sequence_approx,51,1.0,17.0,1020.0,1.0,gtfs_frequencies_typical_weekday,11995.2,662131.5,89.446,10.08,1.167,0.0,0.728,True,False,56.0,C,ordered-stop planning approximation,True,DERIVED,5,historic_only,uncertain,,,historic_gtfs_baseline,sakay_gtfs_master_historic,No current route validation supplied.,,,False,,historic_only,malinta-recto,4.336734693877551,235.2,0,11995.2,DERIVED,sakay_gtfs_master_historic|worldpop_phl_2020_1km
LTFRB_PUJ2543,,Malinta Sta. Maria via McArthur,"C de Guzman Street, Santa Maria - Flying V Gas, MacArthur Highway, Valenzuela City",726381,18.213,stop_sequence_approx,77,1.0,17.0,1020.0,1.0,gtfs_frequencies_typical_weekday,18577.26,280481.7,24.488,14.216,1.281,0.0,0.52,True,False,56.0,C,ordered-stop planning approximation,True,DERIVED,9,historic_only,uncertain,,,historic_gtfs_baseline,sakay_gtfs_master_historic,No current route validation supplied.,,,False,,historic_only,malinta-sta-maria,4.227749409762257,239.64473684210526,0,18577.26,DERIVED,sakay_gtfs_master_historic|worldpop_phl_2020_1km
LTFRB_PUJ2544,,Meycauayan Malolos,"MacArthur Highway / Malhacan Road Intersection, City of Meycauayan - Ang Dating Daan, Balagtas",725133,12.079,stop_sequence_approx,41,1.0,17.0,1020.0,1.0,gtfs_frequencies_typical_weekday,12320.58,141313.0,0.0,11.616,1.04,0.0,0.898,True,False,56.0,C,ordered-stop planning approximation,True,DERIVED,7,historic_only,uncertain,,,historic_gtfs_baseline,sakay_gtfs_master_historic,No current route validation supplied.,,,False,,historic_only,meycauayan-malolos,3.3943207219140654,301.975,0,12320.58,DERIVED,sakay_gtfs_master_historic|worldpop_phl_2020_1km
LTFRB_PUJ2545,,Meycauayan Malolos,"Ang Dating Daan, Balagtas - MacArthur Highway / Malhacan Road Intersection, City of Meycauayan",725039,12.079,stop_sequence_approx,41,1.0,17.0,1020.0,1.0,gtfs_frequencies_typical_weekday,12320.58,141313.0,0.0,11.616,1.04,0.0,0.898,True,False,56.0,C,ordered-stop planning approximation,True,DERIVED,7,historic_only,uncertain,,,historic_gtfs_baseline,sakay_gtfs_master_historic,No current route validation supplied.,,,False,,historic_only,meycauayan-malolos,3.3943207219140654,301.975,0,12320.58,DERIVED,sakay_gtfs_master_historic|worldpop_phl_2020_1km
LTFRB_PUJ2546,,Meycauayan Plaridel,"Banga Baranggay Hal, MacArthur Highway, City of Meycauayan - Ang Dating Daan, Balagtas",726014,13.203,stop_sequence_approx,49,1.0,17.0,1020.0,2.0,gtfs_frequencies_typical_weekday,13467.06,145644.7,0.0,12.488,1.057,0.0,0.898,True,False,56.0,C,ordered-stop planning approximation,True,DERIVED,7,historic_only,uncertain,,,historic_gtfs_baseline,sakay_gtfs_master_historic,No current route validation supplied.,,,False,,historic_only,meycauayan-plaridel,3.711277739907597,275.0625,0,13467.06,DERIVED,sakay_gtfs_master_historic|worldpop_phl_2020_1km
LTFRB_PUJ2547,,Meycauayan Plaridel,"Ang Dating Daan, Balagtas - Banga Baranggay Hal, MacArthur Highway, City of Meycauayan",726300,13.203,stop_sequence_approx,49,1.0,17.0,1020.0,1.0,gtfs_frequencies_typical_weekday,13467.06,145644.7,0.0,12.488,1.057,0.0,0.898,True,False,56.0,C,ordered-stop planning approximation,True,DERIVED,7,historic_only,uncertain,,,historic_gtfs_baseline,sakay_gtfs_master_historic,No current route validation supplied.,,,False,,historic_only,meycauayan-plaridel,3.711277739907597,275.0625,0,13467.06,DERIVED,sakay_gtfs_master_historic|worldpop_phl_2020_1km
LTFRB_PUJ2548,,Meycauayan Recto via BBB Monumento,"Valariano Fugoso, Manila - Meycauayan College, MacArthur Highway, City of Meycauayan",726333,16.295,stop_sequence_approx,82,1.0,17.0,1020.0,1.0,gtfs_frequencies_typical_weekday,16620.9,753148.6,81.519,14.55,1.12,0.0,0.499,True,False,56.0,C,ordered-stop planning approximation,True,DERIVED,9,historic_only,uncertain,,,historic_gtfs_baseline,sakay_gtfs_master_historic,No current route validation supplied.,,,False,,historic_only,meycauayan-recto,5.032218471923903,201.17283950617286,0,16620.9,DERIVED,sakay_gtfs_master_historic|worldpop_phl_2020_1km
LTFRB_PUJ2549,,Meycauayan Recto via BBB Monumento,"Meycauayan College, MacArthur Highway, City of Meycauayan - Valariano Fugoso, Manila",725392,16.045,stop_sequence_approx,79,1.0,17.0,1020.0,1.0,gtfs_frequencies_typical_weekday,16365.9,753148.6,81.519,14.55,1.103,0.0,0.499,True,False,56.0,C,ordered-stop planning approximation,True,DERIVED,8,historic_only,uncertain,,,historic_gtfs_baseline,sakay_gtfs_master_historic,No current route validation supplied.,,,False,,historic_only,meycauayan-recto,4.923652228108445,205.70512820512823,0,16365.9,DERIVED,sakay_gtfs_master_historic|worldpop_phl_2020_1km
LTFRB_PUJ2550,,Molino-Soldiers Hills,"Alvarez Extension / Magdiwang Rd Intersection, Las Piñas City, Manila - Magdiwang Rd, Las Piñas City, Manila",726015,5.002,stop_sequence_approx,20,1.0,17.0,1020.0,1.0,gtfs_frequencies_typical_weekday,5102.04,95013.1,21.641,0.432,11.592,0.0,0.438,True,False,41.0,D,ordered-stop planning approximation | extreme detour ratio,True,DERIVED,0,historic_only,uncertain,,,historic_gtfs_baseline,sakay_gtfs_master_historic,No current route validation supplied.,,,False,,historic_only,molino__soldiers-hills,3.9984006397441023,263.2631578947368,0,5102.04,DERIVED,sakay_gtfs_master_historic|worldpop_phl_2020_1km
LTFRB_PUJ2551,,Molino-Zapote,"Mariche Apartelle, Mariche Apartelle - Molino Rd, Bacoor City, Manila",725974,6.701,stop_sequence_approx,30,1.0,17.0,1020.0,1.0,gtfs_frequencies_typical_weekday,6835.02,282795.1,81.971,6.238,1.074,0.0,0.351,True,False,56.0,C,ordered-stop planning approximation,True,DERIVED,0,historic_only,uncertain,,,historic_gtfs_baseline,sakay_gtfs_master_historic,No current route validation supplied.,,,False,,historic_only,molino__zapote,4.476943739740338,231.06896551724137,0,6835.02,DERIVED,sakay_gtfs_master_historic|worldpop_phl_2020_1km
LTFRB_PUJ2552,,Molino-Zapote,"Talaba IV Barangay Hall, Emilio Aguinaldo Hwy, Bacoor City, Manila - Mariche Apartelle, Mariche Apartelle",726134,7.151,stop_sequence_approx,32,1.0,17.0,1020.0,1.0,gtfs_frequencies_typical_weekday,7294.019999999999,282795.1,81.971,6.408,1.116,0.0,0.351,True,False,56.0,C,ordered-stop planning approximation,True,DERIVED,0,historic_only,uncertain,,,historic_gtfs_baseline,sakay_gtfs_master_historic,No current route validation supplied.,,,False,,historic_only,molino__zapote,4.474898615578241,230.67741935483872,0,7294.019999999999,DERIVED,sakay_gtfs_master_historic|worldpop_phl_2020_1km
LTFRB_PUJ2553,,Monumento Bocaue,"Bonifacio Market, MacArthur Highway, Caloocan City - Sto. Nino Academy, MacArthur Highway, Bocaue, Bulacan",725095,17.941,stop_sequence_approx,81,1.0,17.0,1020.0,1.0,gtfs_frequencies_typical_weekday,18299.82,431194.0,51.439,16.391,1.095,0.0,0.52,True,False,56.0,C,ordered-stop planning approximation,True,DERIVED,10,historic_only,uncertain,,,historic_gtfs_baseline,sakay_gtfs_master_historic,No current route validation supplied.,,,False,,historic_only,monumento-bocaue,4.514798506214816,224.2625,0,18299.82,DERIVED,sakay_gtfs_master_historic|worldpop_phl_2020_1km
LTFRB_PUJ2554,,Monumento Bocaue,"Sto. Nino Academy, MacArthur Highway, Bocaue, Bulacan - Bonifacio Market, MacArthur Highway, Caloocan City",726377,17.941,stop_sequence_approx,81,1.0,17.0,1020.0,1.0,gtfs_frequencies_typical_weekday,18299.82,431194.0,51.439,16.391,1.095,0.0,0.52,True,False,56.0,C,ordered-stop planning approximation,True,DERIVED,10,historic_only,uncertain,,,historic_gtfs_baseline,sakay_gtfs_master_historic,No current route validation supplied.,,,False,,historic_only,monumento-bocaue,4.514798506214816,224.2625,0,18299.82,DERIVED,sakay_gtfs_master_historic|worldpop_phl_2020_1km
LTFRB_PUJ2555,,Monumento Divisoria via A Santos,"Antonio Rivera, Manila - Monumento, Rizal Avenue, Caloocan City",726138,6.114,stop_sequence_approx,29,1.0,17.0,1020.0,1.0,gtfs_frequencies_typical_weekday,6236.28,533758.0,98.01,5.528,1.106,0.0,0.463,True,False,56.0,C,ordered-stop planning approximation,True,DERIVED,2,historic_only,uncertain,,,historic_gtfs_baseline,sakay_gtfs_master_historic,No current route validation supplied.,,,False,,historic_only,monumento-divisoria,4.74321229964017,218.35714285714286,0,6236.28,DERIVED,sakay_gtfs_master_historic|worldpop_phl_2020_1km
LTFRB_PUJ2556,,Monumento Divisoria via A Santos,"Rizal Ave / 8th Ave West, Caloocan City, Manila - Claro M. Recto Ave / Jose Abad Santos Ave. Intersection, Manila",725571,4.992,stop_sequence_approx,25,1.0,17.0,1020.0,1.0,gtfs_frequencies_typical_weekday,5091.84,450677.2,100.0,4.823,1.035,0.0,0.477,True,False,56.0,C,ordered-stop planning approximation,True,DERIVED,1,historic_only,uncertain,,,historic_gtfs_baseline,sakay_gtfs_master_historic,No current route validation supplied.,,,False,,historic_only,monumento-divisoria,5.00801282051282,208.0,0,5091.84,DERIVED,sakay_gtfs_master_historic|worldpop_phl_2020_1km
LTFRB_PUJ2557,,Monumento Malanday,"Bonifacio Market, MacArthur Highway, Caloocan City - Mananday Tricycle and Pedicab Terminal, MacArthur Highway, Malanday, Valenzuela City",724926,8.028,stop_sequence_approx,36,1.0,17.0,1020.0,1.0,gtfs_frequencies_typical_weekday,8188.56,343809.0,64.513,7.288,1.101,0.0,0.499,True,False,56.0,C,ordered-stop planning approximation,True,DERIVED,5,historic_only,uncertain,,,historic_gtfs_baseline,sakay_gtfs_master_historic,No current route validation supplied.,,,False,,historic_only,monumento-malanday,4.484304932735426,229.3714285714286,0,8188.56,DERIVED,sakay_gtfs_master_historic|worldpop_phl_2020_1km
LTFRB_PUJ2558,,Monumento Malanday,"Mananday Tricycle and Pedicab Terminal, MacArthur Highway, Malanday, Valenzuela City - Bonifacio Market, MacArthur Highway, Caloocan City",725685,8.028,stop_sequence_approx,36,1.0,17.0,1020.0,1.0,gtfs_frequencies_typical_weekday,8188.56,343809.0,64.513,7.288,1.101,0.0,0.499,True,False,56.0,C,ordered-stop planning approximation,True,DERIVED,5,historic_only,uncertain,,,historic_gtfs_baseline,sakay_gtfs_master_historic,No current route validation supplied.,,,False,,historic_only,monumento-malanday,4.484304932735426,229.3714285714286,0,8188.56,DERIVED,sakay_gtfs_master_historic|worldpop_phl_2020_1km
LTFRB_PUJ2559,,Monumento Malolos,"Bonifacio Market, MacArthur Highway, Caloocan City - Ang Dating Daan, Balagtas",724674,22.459,stop_sequence_approx,95,1.0,17.0,1020.0,1.0,gtfs_frequencies_typical_weekday,22908.18,489453.7,45.316,20.484,1.096,0.0,0.898,True,False,56.0,C,ordered-stop planning approximation,True,DERIVED,14,historic_only,uncertain,,,historic_gtfs_baseline,sakay_gtfs_master_historic,No current route validation supplied.,,,False,,historic_only,monumento-malolos,4.229930094839485,238.9255319148936,0,22908.18,DERIVED,sakay_gtfs_master_historic|worldpop_phl_2020_1km
LTFRB_PUJ2560,,Monumento Malolos,"Ang Dating Daan, Balagtas - Bonifacio Market, MacArthur Highway, Caloocan City",725054,22.459,stop_sequence_approx,94,1.0,17.0,1020.0,1.0,gtfs_frequencies_typical_weekday,22908.18,489453.7,45.316,20.484,1.096,0.0,0.898,True,False,56.0,C,ordered-stop planning approximation,True,DERIVED,14,historic_only,uncertain,,,historic_gtfs_baseline,sakay_gtfs_master_historic,No current route validation supplied.,,,False,,historic_only,monumento-malolos,4.185404514893807,241.49462365591398,0,22908.18,DERIVED,sakay_gtfs_master_historic|worldpop_phl_2020_1km
LTFRB_PUJ2561,,Monumento Polo,"Floresco North Mortuary, MacArthur Highway, Caloocan City - San Diego de Alcala Parish, Palassan Road, Kapitan Viilila, Valenzuela City",725586,7.619,stop_sequence_approx,29,1.0,17.0,1020.0,1.0,gtfs_frequencies_typical_weekday,7771.38,358168.1,80.272,6.679,1.141,0.0,0.472,True,False,56.0,C,ordered-stop planning approximation,True,DERIVED,2,historic_only,uncertain,,,historic_gtfs_baseline,sakay_gtfs_master_historic,No current route validation supplied.,,,False,,historic_only,monumento-polo,3.8062737892111826,272.10714285714283,0,7771.38,DERIVED,sakay_gtfs_master_historic|worldpop_phl_2020_1km
LTFRB_PUJ2562,,Monumento Polo,"San Diego de Alcala Parish, Palassan Road, Kapitan Viilila, Valenzuela City - Floresco North Mortuary, MacArthur Highway, Caloocan City",725046,7.613,stop_sequence_approx,27,1.0,17.0,1020.0,1.0,gtfs_frequencies_typical_weekday,7765.26,358168.1,80.272,6.679,1.14,0.0,0.492,True,False,56.0,C,ordered-stop planning approximation,True,DERIVED,2,historic_only,uncertain,,,historic_gtfs_baseline,sakay_gtfs_master_historic,No current route validation supplied.,,,False,,historic_only,monumento-polo,3.5465650860370417,292.8076923076923,0,7765.26,DERIVED,sakay_gtfs_master_historic|worldpop_phl_2020_1km
LTFRB_PUJ2563,,Multinational Vill Gate along Imelda Ave,"Multinational Avenue, Paranaque City - Multinational Avenue, Paranaque City",726248,3.688,stop_sequence_approx,12,1.0,17.0,1020.0,1.0,gtfs_frequencies_typical_weekday,3761.76,111005.7,54.889,1.441,2.559,0.0,0.647,True,False,49.0,D,ordered-stop planning approximation | high detour ratio,True,DERIVED,0,historic_only,uncertain,,,historic_gtfs_baseline,sakay_gtfs_master_historic,No current route validation supplied.,,,False,,historic_only,multinational-vill-gate-along-imelda-ave,3.2537960954446854,335.27272727272725,0,3761.76,DERIVED,sakay_gtfs_master_historic|worldpop_phl_2020_1km
LTFRB_PUJ2564,,Multinational Vill Gate along Imelda Ave,"Multinational Avenue, Paranaque City - Multinational Avenue, Paranaque City",726042,1.742,stop_sequence_approx,8,1.0,17.0,1020.0,1.0,gtfs_frequencies_typical_weekday,1776.84,90535.6,44.689,1.441,1.209,0.0,0.35,True,False,44.0,D,ordered-stop planning approximation | few representative stops,True,DERIVED,0,historic_only,uncertain,,,historic_gtfs_baseline,sakay_gtfs_master_historic,No current route validation supplied.,,,False,,historic_only,multinational-vill-gate-along-imelda-ave,4.592422502870264,248.85714285714286,0,1776.84,DERIVED,sakay_gtfs_master_historic|worldpop_phl_2020_1km
LTFRB_PUJ2565,,Munoz Market Pantranco,"Philipine Maritime Institute, Roosevelt Avenue, Quezon City - Dangay, Quezon City",725840,2.714,stop_sequence_approx,17,1.0,17.0,1020.0,1.0,gtfs_frequencies_typical_weekday,2768.28,203588.5,93.786,2.536,1.07,0.0,0.199,True,False,56.0,C,ordered-stop planning approximation,True,DERIVED,0,historic_only,uncertain,,,historic_gtfs_baseline,sakay_gtfs_master_historic,No current route validation supplied.,,,False,,historic_only,munoz-market-pantranco,6.263817243920413,169.625,0,2768.28,DERIVED,sakay_gtfs_master_historic|worldpop_phl_2020_1km
LTFRB_PUJ2566,,Munoz Market Pantranco,"Dangay, Quezon City - Roosevelt Avenue / Atty. Pal Senador Sr. Intersection, Quezon City",724942,1.17,stop_sequence_approx,8,1.0,17.0,1020.0,1.0,gtfs_frequencies_typical_weekday,1193.4,118149.7,100.0,1.127,1.038,0.0,0.198,True,False,44.0,D,ordered-stop planning approximation | few representative stops,True,DERIVED,0,historic_only,uncertain,,,historic_gtfs_baseline,sakay_gtfs_master_historic,No current route validation supplied.,,,False,,historic_only,munoz-market-pantranco,6.837606837606838,167.14285714285714,0,1193.4,DERIVED,sakay_gtfs_master_historic|worldpop_phl_2020_1km
LTFRB_PUJ2567,,Munoz Market Pantranco,"Roosevelt Avenue / Baler Intersection, Quezon City - Quezon Avenue / Roosevelt Avenue Intersection, Quezon City",725703,1.519,stop_sequence_approx,10,1.0,17.0,1020.0,1.0,gtfs_frequencies_typical_weekday,1549.38,130806.8,90.329,1.378,1.102,0.0,0.199,True,False,44.0,D,ordered-stop planning approximation | few representative stops,True,DERIVED,0,historic_only,uncertain,,,historic_gtfs_baseline,sakay_gtfs_master_historic,No current route validation supplied.,,,False,,historic_only,munoz-market-pantranco,6.583278472679395,168.77777777777777,0,1549.38,DERIVED,sakay_gtfs_master_historic|worldpop_phl_2020_1km
LTFRB_PUJ2568,,Munoz Market V Cruz Mabini via San Joaquin,"HP Village Square, Pablo Ocampo Sr., Manila - T.M. Kalaw / Maria Y. Orosa St",726159,2.703,stop_sequence_approx,8,1.0,17.0,1020.0,1.0,gtfs_frequencies_typical_weekday,2757.06,118791.6,66.154,2.6,1.04,0.0,0.482,True,False,44.0,D,ordered-stop planning approximation | few representative stops,True,DERIVED,0,historic_only,uncertain,,,historic_gtfs_baseline,sakay_gtfs_master_historic,No current route validation supplied.,,,False,,historic_only,munoz-market-v-cruz-mabini,2.959674435812061,386.14285714285717,0,2757.06,DERIVED,sakay_gtfs_master_historic|worldpop_phl_2020_1km
LTFRB_PUJ2569,,Munoz Market V Cruz Mabini via San Joaquin,"Maria Y. Orosa St, Manila - Roosevelt Avenue / Adams Intersection, Quezon City",726163,10.815,stop_sequence_approx,48,1.0,17.0,1020.0,1.0,gtfs_frequencies_typical_weekday,11031.3,564506.3,89.554,8.888,1.217,0.0,0.434,True,False,56.0,C,ordered-stop planning approximation,True,DERIVED,0,historic_only,uncertain,,,historic_gtfs_baseline,sakay_gtfs_master_historic,No current route validation supplied.,,,False,,historic_only,munoz-market-v-cruz-mabini,4.438280166435506,230.10638297872342,0,11031.3,DERIVED,sakay_gtfs_master_historic|worldpop_phl_2020_1km
LTFRB_PUJ2570,,Munoz Market V Cruz Mabini via San Joaquin,"Roosevelt Avenue / Road B Intersection, Quezon City - HP Village Square, Pablo Ocampo Sr., Manila",725158,14.448,stop_sequence_approx,62,1.0,17.0,1020.0,1.0,gtfs_frequencies_typical_weekday,14736.96,688769.8,89.12,10.998,1.314,0.0,0.574,True,False,56.0,C,ordered-stop planning approximation,True,DERIVED,1,historic_only,uncertain,,,historic_gtfs_baseline,sakay_gtfs_master_historic,No current route validation supplied.,,,False,,historic_only,munoz-market-v-cruz-mabini,4.29125138427464,236.85245901639345,0,14736.96,DERIVED,sakay_gtfs_master_historic|worldpop_phl_2020_1km
LTFRB_PUJ2571,,Munoz-Remedios via Sta Cruz,"Leon Guinto Sr., Manila - Roosevelt Avenue / Adams Intersection, Quezon City",725094,12.768,stop_sequence_approx,55,1.0,17.0,1020.0,1.0,gtfs_frequencies_typical_weekday,13023.36,673106.1,91.239,9.383,1.361,0.0,0.44,True,False,56.0,C,ordered-stop planning approximation,True,DERIVED,0,historic_only,uncertain,,,historic_gtfs_baseline,sakay_gtfs_master_historic,No current route validation supplied.,,,False,,historic_only,munoz__remedios,4.307644110275689,236.44444444444446,0,13023.36,DERIVED,sakay_gtfs_master_historic|worldpop_phl_2020_1km
LTFRB_PUJ2572,,Munoz-Remedios via Sta Cruz,"Roosevelt Avenue / Road B Intersection, Quezon City - Taft Ave, Manila",725106,12.962,stop_sequence_approx,49,1.0,17.0,1020.0,1.0,gtfs_frequencies_typical_weekday,13221.24,657418.9,91.03,9.559,1.356,0.0,0.754,True,False,56.0,C,ordered-stop planning approximation,True,DERIVED,1,historic_only,uncertain,,,historic_gtfs_baseline,sakay_gtfs_master_historic,No current route validation supplied.,,,False,,historic_only,munoz__remedios,3.780280820860978,270.0416666666667,0,13221.24,DERIVED,sakay_gtfs_master_historic|worldpop_phl_2020_1km
LTFRB_PUJ2573,,Napindan-Pasig via Nascor,"Labao, Pasig City - M Concepcion Ave, Pasig City",725365,3.984,stop_sequence_approx,15,1.0,17.0,1020.0,1.0,gtfs_frequencies_typical_weekday,4063.68,215389.9,83.8,3.32,1.2,0.0,0.647,True,False,56.0,C,ordered-stop planning approximation,True,DERIVED,0,historic_only,uncertain,,,historic_gtfs_baseline,sakay_gtfs_master_historic,No current route validation supplied.,,,False,,historic_only,napindan__pasig,3.7650602409638556,284.57142857142856,0,4063.68,DERIVED,sakay_gtfs_master_historic|worldpop_phl_2020_1km
LTFRB_PUJ2574,,Napindan-Pasig via Nascor,"M Concepcion Ave, Pasig City - Labao, Pasig City",725258,3.829,stop_sequence_approx,12,1.0,17.0,1020.0,1.0,gtfs_frequencies_typical_weekday,3905.58,243634.2,85.678,3.32,1.153,0.0,0.647,True,False,56.0,C,ordered-stop planning approximation,True,DERIVED,0,historic_only,uncertain,,,historic_gtfs_baseline,sakay_gtfs_master_historic,No current route validation supplied.,,,False,,historic_only,napindan__pasig,3.1339775398276313,348.09090909090907,0,3905.58,DERIVED,sakay_gtfs_master_historic|worldpop_phl_2020_1km
LTFRB_PUJ2575,,Napindan-Pasig via Pateros,"F.Manalo / L.Labao Intersection, Taguig City, Manila - M. Almeda, Pateros, Manila",724755,5.532,stop_sequence_approx,26,1.0,17.0,1020.0,1.0,gtfs_frequencies_typical_weekday,5642.64,331677.6,90.652,1.359,4.071,0.0,0.48,True,False,41.0,D,ordered-stop planning approximation | extreme detour ratio,True,DERIVED,0,historic_only,uncertain,,,historic_gtfs_baseline,sakay_gtfs_master_historic,No current route validation supplied.,,,False,,historic_only,napindan__pasig,4.6999276934201015,221.28,0,5642.64,DERIVED,sakay_gtfs_master_historic|worldpop_phl_2020_1km
LTFRB_PUJ2576,,Napindan-Pasig via Pateros,"M. Almeda, Pateros, Manila - F.Manalo / L.Labao Intersection, Taguig City, Manila",725940,5.404,stop_sequence_approx,28,1.0,17.0,1020.0,1.0,gtfs_frequencies_typical_weekday,5512.08,331677.6,90.652,1.359,3.977,0.0,0.38,True,False,49.0,D,ordered-stop planning approximation | high detour ratio,True,DERIVED,0,historic_only,uncertain,,,historic_gtfs_baseline,sakay_gtfs_master_historic,No current route validation supplied.,,,False,,historic_only,napindan__pasig,5.181347150259067,200.14814814814815,0,5512.08,DERIVED,sakay_gtfs_master_historic|worldpop_phl_2020_1km
LTFRB_PUJ2577,,NPasig-Crossing via Taytay,"Rizal Ave / B.A. Cruz Intersection, Taytay, Manila - Mayflower, Mandaluyong City, Manila",725844,11.948,stop_sequence_approx,47,1.0,17.0,1020.0,1.0,gtfs_frequencies_typical_weekday,12186.96,428243.1,67.987,8.616,1.387,0.0,0.541,True,False,56.0,C,ordered-stop planning approximation,True,DERIVED,1,historic_only,uncertain,,,historic_gtfs_baseline,sakay_gtfs_master_historic,No current route validation supplied.,,,False,,historic_only,crossing__npasig,3.933712755272849,259.7391304347826,0,12186.96,DERIVED,sakay_gtfs_master_historic|worldpop_phl_2020_1km
LTFRB_PUJ2578,,NPasig-Crossing via Taytay,"Caruncho Ave / Market Ave Intersection, Pasig City, Manila - Sheridan / United Street, Mandaluyong City, Manila",725170,6.113,stop_sequence_approx,22,1.0,17.0,1020.0,2.0,gtfs_frequencies_typical_weekday,6235.26,378329.2,87.269,3.538,1.728,0.0,0.405,True,False,56.0,C,ordered-stop planning approximation,True,DERIVED,1,historic_only,uncertain,,,historic_gtfs_baseline,sakay_gtfs_master_historic,No current route validation supplied.,,,False,,historic_only,crossing__npasig,3.5988876165548827,291.0952380952381,0,6235.26,DERIVED,sakay_gtfs_master_historic|worldpop_phl_2020_1km
LTFRB_PUJ2579,,Pasig-Cubao,"Ortigas Ave, Pagis City, Manila - General Romulo Ave / Aurora Blvd Intersection, Quezon City, Manila",725721,7.738,stop_sequence_approx,31,1.0,17.0,1020.0,1.0,gtfs_frequencies_typical_weekday,7892.76,329722.5,73.875,6.08,1.273,0.0,0.402,True,False,56.0,C,ordered-stop planning approximation,True,DERIVED,0,historic_only,uncertain,,,historic_gtfs_baseline,sakay_gtfs_master_historic,No current route validation supplied.,,,False,,historic_only,cubao__pasig,4.0062031532695785,257.93333333333334,0,7892.76,DERIVED,sakay_gtfs_master_historic|worldpop_phl_2020_1km
LTFRB_PUJ2581,,Pasig-Quiapo via Sta Mesa,"Balderama / Caruncho Ave, Pasig City, Manila - Quezon Blvd, Manila",725748,14.57,stop_sequence_approx,48,1.0,17.0,1020.0,1.0,gtfs_frequencies_typical_weekday,14861.4,878855.3,91.111,11.745,1.241,0.0,0.541,True,False,56.0,C,ordered-stop planning approximation,True,DERIVED,1,historic_only,uncertain,,,historic_gtfs_baseline,sakay_gtfs_master_historic,No current route validation supplied.,,,False,,historic_only,pasig__quiapo,3.2944406314344543,310.0,0,14861.4,DERIVED,sakay_gtfs_master_historic|worldpop_phl_2020_1km
LTFRB_PUJ2582,,Pasig-Quiapo via Sta Mesa,"Quezon Blvd, Manila - Balderama / Caruncho Ave, Pasig City, Manila",725240,14.917,stop_sequence_approx,49,1.0,17.0,1020.0,1.0,gtfs_frequencies_typical_weekday,15215.34,885261.0,91.175,11.745,1.27,0.0,0.648,True,False,56.0,C,ordered-stop planning approximation,True,DERIVED,0,historic_only,uncertain,,,historic_gtfs_baseline,sakay_gtfs_master_historic,No current route validation supplied.,,,False,,historic_only,pasig__quiapo,3.2848427968090097,310.7708333333333,0,15215.34,DERIVED,sakay_gtfs_master_historic|worldpop_phl_2020_1km
LTFRB_PUJ2583,,Pasig-Stop Shop,"Balderama / Caruncho Ave, Pasig City, Manila - P. Casal, Manila",726151,14.547,stop_sequence_approx,52,1.0,17.0,1020.0,1.0,gtfs_frequencies_typical_weekday,14837.94,851374.6,90.795,11.178,1.301,0.0,0.541,True,False,56.0,C,ordered-stop planning approximation,True,DERIVED,0,historic_only,uncertain,,,historic_gtfs_baseline,sakay_gtfs_master_historic,No current route validation supplied.,,,False,,historic_only,pasig__stop-shop,3.5746201966041107,285.2352941176471,0,14837.94,DERIVED,sakay_gtfs_master_historic|worldpop_phl_2020_1km
LTFRB_PUJ2584,,Pasig-Stop Shop,"Carlos Palanca Sr, Manila - Balderama / Caruncho Ave, Pasig City, Manila",726252,15.361,stop_sequence_approx,53,1.0,17.0,1020.0,1.0,gtfs_frequencies_typical_weekday,15668.22,893312.4,90.353,11.388,1.349,0.0,0.544,True,False,56.0,C,ordered-stop planning approximation,True,DERIVED,0,historic_only,uncertain,,,historic_gtfs_baseline,sakay_gtfs_master_historic,No current route validation supplied.,,,False,,historic_only,pasig__stop-shop,3.4502962046741747,295.40384615384613,0,15668.22,DERIVED,sakay_gtfs_master_historic|worldpop_phl_2020_1km
LTFRB_PUJ2585,,Pasig-Taytay,"Rizal Avenue, Taytay, Manila - Caruncho Ave / Market Ave Intersection, Pasig City, Manila",724915,12.07,stop_sequence_approx,53,1.0,17.0,1020.0,1.0,gtfs_frequencies_typical_weekday,12311.4,623107.8,87.046,5.498,2.195,0.0189,0.546,True,True,48.0,D,ordered-stop planning approximation | self-intersection detected,True,DERIVED,6,historic_only,uncertain,,,historic_gtfs_baseline,sakay_gtfs_master_historic,No current route validation supplied.,,,False,,historic_only,pasig__taytay,4.391052195526098,232.1153846153846,0,12311.4,DERIVED,sakay_gtfs_master_historic|worldpop_phl_2020_1km
LTFRB_PUJ2586,,Pasig-Taytay,"Balderama / Caruncho Ave, Pasig City, Manila - Rizal Avenue, Taytay, Manila",725955,10.996,stop_sequence_approx,47,1.0,17.0,1020.0,1.0,gtfs_frequencies_typical_weekday,11215.92,562753.4,85.656,5.403,2.035,0.0,0.442,True,False,56.0,C,ordered-stop planning approximation,True,DERIVED,4,historic_only,uncertain,,,historic_gtfs_baseline,sakay_gtfs_master_historic,No current route validation supplied.,,,False,,historic_only,pasig__taytay,4.274281556929792,239.04347826086956,0,11215.92,DERIVED,sakay_gtfs_master_historic|worldpop_phl_2020_1km
LTFRB_PUJ2588,,Pasig-Ugong via Rodriguez,"JP Raceway, Pasig City, Manila - Caruncho Ave, Pasig City, Manila",725849,4.315,stop_sequence_approx,20,1.0,17.0,1020.0,1.0,gtfs_frequencies_typical_weekday,4401.3,319358.0,86.227,3.238,1.333,0.0,0.381,True,False,56.0,C,ordered-stop planning approximation,True,DERIVED,0,historic_only,uncertain,,,historic_gtfs_baseline,sakay_gtfs_master_historic,No current route validation supplied.,,,False,,historic_only,pasig__ugong,4.634994206257241,227.10526315789474,0,4401.3,DERIVED,sakay_gtfs_master_historic|worldpop_phl_2020_1km
LTFRB_PUJ2589,,Rosario-San Juan Taytay,"Manila Road East, Taytay, Manila - Ortigas Ave, Pasig City, Manila",724700,8.379,stop_sequence_approx,50,1.0,17.0,1020.0,1.0,gtfs_frequencies_typical_weekday,8546.58,343381.0,75.084,6.294,1.331,0.0,0.33,True,False,56.0,C,ordered-stop planning approximation,True,DERIVED,0,historic_only,uncertain,,,historic_gtfs_baseline,sakay_gtfs_master_historic,No current route validation supplied.,,,False,,historic_only,rosario__san-juan-taytay,5.967299200381907,171.0,0,8546.58,DERIVED,sakay_gtfs_master_historic|worldpop_phl_2020_1km
LTFRB_PUJ2590,,Rosario-San Juan Taytay,"Ortigas Ave, Pasig City, Manila - Manila Road East, Taytay, Manila",724686,8.379,stop_sequence_approx,49,1.0,17.0,1020.0,1.0,gtfs_frequencies_typical_weekday,8546.58,343381.0,75.084,6.294,1.331,0.0,0.442,True,False,56.0,C,ordered-stop planning approximation,True,DERIVED,0,historic_only,uncertain,,,historic_gtfs_baseline,sakay_gtfs_master_historic,No current route validation supplied.,,,False,,historic_only,rosario__san-juan-taytay,5.847953216374269,174.5625,0,8546.58,DERIVED,sakay_gtfs_master_historic|worldpop_phl_2020_1km
LTFRB_PUJ2591,,Rosario Jct-San Juan via Pinaglabanan,"Ortigas Ave / Dr Sixto Antonio Ave Intersection, Pasig City, Manila - N.Domingo,  San Juan, Manila",724992,7.332,stop_sequence_approx,24,1.0,17.0,1020.0,2.0,gtfs_frequencies_typical_weekday,7478.639999999999,257039.6,66.567,6.712,1.092,0.0,0.541,True,False,56.0,C,ordered-stop planning approximation,True,DERIVED,0,historic_only,uncertain,,,historic_gtfs_baseline,sakay_gtfs_master_historic,No current route validation supplied.,,,False,,historic_only,rosario-jct__san-juan,3.2733224222585924,318.7826086956522,0,7478.639999999999,DERIVED,sakay_gtfs_master_historic|worldpop_phl_2020_1km
LTFRB_PUJ2592,,Rosario Jct-San Juan via Pinaglabanan,"N.Domingo,  San Juan, Manila - Ortigas Ave / Dr Sixto Antonio Ave Intersection, Pasig City, Manila",725853,7.332,stop_sequence_approx,23,1.0,17.0,1020.0,1.0,gtfs_frequencies_typical_weekday,7478.639999999999,257039.6,66.567,6.712,1.092,0.0,0.651,True,False,56.0,C,ordered-stop planning approximation,True,DERIVED,0,historic_only,uncertain,,,historic_gtfs_baseline,sakay_gtfs_master_historic,No current route validation supplied.,,,False,,historic_only,rosario-jct__san-juan,3.1369339879978178,333.27272727272725,0,7478.639999999999,DERIVED,sakay_gtfs_master_historic|worldpop_phl_2020_1km
LTFRB_PUJ2593,,Sucat-SM MOA,"Dr A. Santos Ave, Parañaque City, Manila - Epifanio de los Santos Avenue, Lungsod ng Pasay",725894,14.78,stop_sequence_approx,50,1.0,17.0,1020.0,1.0,gtfs_frequencies_typical_weekday,15075.6,433939.9,55.018,11.053,1.337,0.0,0.586,True,False,56.0,C,ordered-stop planning approximation,True,DERIVED,1,historic_only,uncertain,,,historic_gtfs_baseline,sakay_gtfs_master_historic,No current route validation supplied.,,,False,,historic_only,sm-moa__sucat,3.3829499323410017,301.6326530612245,0,15075.6,DERIVED,sakay_gtfs_master_historic|worldpop_phl_2020_1km
LTFRB_PUJ2594,,Sucat-SM MOA,"Epifanio de los Santos Avenue, Lungsod ng Pasay - Dr A. Santos Ave, Parañaque City, Manila",726361,14.448,stop_sequence_approx,48,1.0,17.0,1020.0,1.0,gtfs_frequencies_typical_weekday,14736.96,433939.9,55.018,11.053,1.307,0.0,0.471,True,False,56.0,C,ordered-stop planning approximation,True,DERIVED,1,historic_only,uncertain,,,historic_gtfs_baseline,sakay_gtfs_master_historic,No current route validation supplied.,,,False,,historic_only,sm-moa__sucat,3.3222591362126246,307.40425531914894,0,14736.96,DERIVED,sakay_gtfs_master_historic|worldpop_phl_2020_1km
LTFRB_PUJ2595,,Taytay-Rosario,"Manila Road East, Taytay, Manila - N.Domingo,  San Juan, Manila",725898,15.927,stop_sequence_approx,74,1.0,17.0,1020.0,1.0,gtfs_frequencies_typical_weekday,16245.54,543268.2,68.433,13.085,1.217,0.0,0.541,True,False,56.0,C,ordered-stop planning approximation,True,DERIVED,0,historic_only,uncertain,,,historic_gtfs_baseline,sakay_gtfs_master_historic,No current route validation supplied.,,,False,,historic_only,rosario__taytay,4.646198279650908,218.17808219178082,0,16245.54,DERIVED,sakay_gtfs_master_historic|worldpop_phl_2020_1km
LTFRB_PUJ2596,,Taytay-Rosario,"N.Domingo,  San Juan, Manila - Manila Road East, Taytay, Manila",724764,15.926,stop_sequence_approx,72,1.0,17.0,1020.0,1.0,gtfs_frequencies_typical_weekday,16244.52,543268.2,68.433,13.085,1.217,0.0,0.651,True,False,56.0,C,ordered-stop planning approximation,True,DERIVED,0,historic_only,uncertain,,,historic_gtfs_baseline,sakay_gtfs_master_historic,No current route validation supplied.,,,False,,historic_only,rosario__taytay,4.5209092050734645,224.30985915492957,0,16244.52,DERIVED,sakay_gtfs_master_historic|worldpop_phl_2020_1km
LTFRB_PUJ2597,,Angono EDSA Shaw Blvd,"Quezon Ave / R. Tolentino Intersection, Angono, Manila - Epifanio de los Santos Avenue /  Shaw Blvd Intersection, Mandaluyong City, Manila",725237,17.552,stop_sequence_approx,80,1.0,17.0,1020.0,1.0,gtfs_frequencies_typical_weekday,17903.04,498123.7,55.59,12.322,1.424,0.0,0.863,True,False,56.0,C,ordered-stop planning approximation,True,DERIVED,0,historic_only,uncertain,,,historic_gtfs_baseline,sakay_gtfs_master_historic,No current route validation supplied.,,,False,,historic_only,angono-edsa-shaw-blvd,4.55788514129444,222.1772151898734,0,17903.04,DERIVED,sakay_gtfs_master_historic|worldpop_phl_2020_1km
LTFRB_PUJ2598,,Angono EDSA Shaw Blvd,"Meralco Ave, Pasig City, Manila - Quezon Ave / R. Tolentino Intersection, Angono, Manila",725797,16.382,stop_sequence_approx,76,1.0,17.0,1020.0,1.0,gtfs_frequencies_typical_weekday,16709.640000000003,474795.9,54.302,11.254,1.456,0.0,0.65,True,False,56.0,C,ordered-stop planning approximation,True,DERIVED,0,historic_only,uncertain,,,historic_gtfs_baseline,sakay_gtfs_master_historic,No current route validation supplied.,,,False,,historic_only,angono-edsa-shaw-blvd,4.639238188255402,218.4266666666667,0,16709.640000000003,DERIVED,sakay_gtfs_master_historic|worldpop_phl_2020_1km
LTFRB_PUJ2599,,Arroceros Frisco,"Taft Ave, Manila - 7/11 Del Monte Avenue, Quezon City",725682,8.807,stop_sequence_approx,35,1.0,17.0,1020.0,1.0,gtfs_frequencies_typical_weekday,8983.140000000001,507837.5,91.066,6.58,1.338,0.0,0.542,True,False,56.0,C,ordered-stop planning approximation,True,DERIVED,0,historic_only,uncertain,,,historic_gtfs_baseline,sakay_gtfs_master_historic,No current route validation supplied.,,,False,,historic_only,arroceros-frisco,3.9741115022141478,259.02941176470586,0,8983.140000000001,DERIVED,sakay_gtfs_master_historic|worldpop_phl_2020_1km
LTFRB_PUJ2600,,Arroceros Frisco,"7/11 Del Monte Avenue, Quezon City - Taft Ave, Manila",726130,8.064,stop_sequence_approx,29,1.0,17.0,1020.0,1.0,gtfs_frequencies_typical_weekday,8225.28,433655.4,89.538,6.58,1.226,0.0,1.301,True,False,56.0,C,ordered-stop planning approximation,True,DERIVED,1,historic_only,uncertain,,,historic_gtfs_baseline,sakay_gtfs_master_historic,No current route validation supplied.,,,False,,historic_only,arroceros-frisco,3.5962301587301586,288.0,0,8225.28,DERIVED,sakay_gtfs_master_historic|worldpop_phl_2020_1km
LTFRB_PUJ2601,,Arroceros Philcoa via Quezon Ave,"Taft Ave, Manila - Philippine Coconut Authority, Commonwealth Avenue, Quezon City",725905,11.149,stop_sequence_approx,24,1.0,17.0,1020.0,1.0,gtfs_frequencies_typical_weekday,11371.98,566277.2,80.755,10.414,1.071,0.0,1.382,True,False,56.0,C,ordered-stop planning approximation,True,DERIVED,1,historic_only,uncertain,,,historic_gtfs_baseline,sakay_gtfs_master_historic,No current route validation supplied.,,,False,,historic_only,arroceros-philcoa,2.1526594313391336,484.7391304347826,0,11371.98,DERIVED,sakay_gtfs_master_historic|worldpop_phl_2020_1km
LTFRB_PUJ2602,,Arroceros Philcoa via Quezon Ave,"Agricultural Training Institute, Elliptical Rd, Quezon City - Taft Ave, Manila",725371,10.67,stop_sequence_approx,41,1.0,17.0,1020.0,1.0,gtfs_frequencies_typical_weekday,10883.4,566277.2,80.755,10.151,1.051,0.0,0.728,True,False,56.0,C,ordered-stop planning approximation,True,DERIVED,1,historic_only,uncertain,,,historic_gtfs_baseline,sakay_gtfs_master_historic,No current route validation supplied.,,,False,,historic_only,arroceros-philcoa,3.8425492033739457,266.75,0,10883.4,DERIVED,sakay_gtfs_master_historic|worldpop_phl_2020_1km
LTFRB_PUJ2603,,Arroceros Proj 2&3 via Timog Q ave,"Taft Ave, Manila - Tomas Morato Ave, Quezon City, Manila",726034,7.508,stop_sequence_approx,20,1.0,17.0,1020.0,1.0,gtfs_frequencies_typical_weekday,7658.16,489831.1,90.136,6.792,1.105,0.0,0.865,True,False,56.0,C,ordered-stop planning approximation,True,DERIVED,0,historic_only,uncertain,,,historic_gtfs_baseline,sakay_gtfs_master_historic,No current route validation supplied.,,,False,,historic_only,arroceros-proj-2-3,2.6638252530633992,395.1578947368421,0,7658.16,DERIVED,sakay_gtfs_master_historic|worldpop_phl_2020_1km
LTFRB_PUJ2604,,Arroceros Proj 2&3 via Timog Q ave,"Tomas Morato Ave, Quezon City, Manila - Taft Ave, Manila",725443,7.562,stop_sequence_approx,24,1.0,17.0,1020.0,1.0,gtfs_frequencies_typical_weekday,7713.240000000001,463090.7,89.566,6.792,1.113,0.0,0.658,True,False,56.0,C,ordered-stop planning approximation,True,DERIVED,0,historic_only,uncertain,,,historic_gtfs_baseline,sakay_gtfs_master_historic,No current route validation supplied.,,,False,,historic_only,arroceros-proj-2-3,3.173763554615181,328.7826086956522,0,7713.240000000001,DERIVED,sakay_gtfs_master_historic|worldpop_phl_2020_1km
LTFRB_PUJ2605,,Arroceros Proj 6 via Quezon Ave,"Taft Ave, Manila - West Avenue, Quezon City",724682,9.69,stop_sequence_approx,26,1.0,17.0,1020.0,1.0,gtfs_frequencies_typical_weekday,9883.8,521613.2,88.32,8.779,1.104,0.0,0.956,True,False,56.0,C,ordered-stop planning approximation,True,DERIVED,1,historic_only,uncertain,,,historic_gtfs_baseline,sakay_gtfs_master_historic,No current route validation supplied.,,,False,,historic_only,arroceros-proj-6,2.6831785345717236,387.6,0,9883.8,DERIVED,sakay_gtfs_master_historic|worldpop_phl_2020_1km
LTFRB_PUJ2606,,Arroceros Proj 6 via Quezon Ave,"West Avenue, Quezon City - Taft Ave, Manila",726385,9.484,stop_sequence_approx,38,1.0,17.0,1020.0,1.0,gtfs_frequencies_typical_weekday,9673.68,521613.2,88.32,8.779,1.08,0.0,0.487,True,False,56.0,C,ordered-stop planning approximation,True,DERIVED,1,historic_only,uncertain,,,historic_gtfs_baseline,sakay_gtfs_master_historic,No current route validation supplied.,,,False,,historic_only,arroceros-proj-6,4.006748207507381,256.3243243243243,0,9673.68,DERIVED,sakay_gtfs_master_historic|worldpop_phl_2020_1km
LTFRB_PUJ2607,,Arroceros Proj 7 via Espana,"Taft Ave, Manila - FHELSEN, Epifanio de los Santos Avenue, Quezon City",725731,10.144,stop_sequence_approx,33,1.0,17.0,1020.0,1.0,gtfs_frequencies_typical_weekday,10346.88,615050.7,92.99,8.61,1.178,0.0,0.956,True,True,48.0,D,ordered-stop planning approximation | self-intersection detected,True,DERIVED,1,historic_only,uncertain,,,historic_gtfs_baseline,sakay_gtfs_master_historic,No current route validation supplied.,,,False,,historic_only,arroceros-proj-7,3.253154574132492,317.0,0,10346.88,DERIVED,sakay_gtfs_master_historic|worldpop_phl_2020_1km
LTFRB_PUJ2608,,Arroceros Proj 7 via Espana,"Epifanio de los Santos Avenue near Walter Mart Service Road, Quezon City - Taft Ave, Manila",725900,9.646,stop_sequence_approx,43,1.0,17.0,1020.0,1.0,gtfs_frequencies_typical_weekday,9838.92,615050.7,92.99,8.591,1.123,0.0,0.487,True,False,56.0,C,ordered-stop planning approximation,True,DERIVED,0,historic_only,uncertain,,,historic_gtfs_baseline,sakay_gtfs_master_historic,No current route validation supplied.,,,False,,historic_only,arroceros-proj-7,4.457806344598797,229.66666666666666,0,9838.92,DERIVED,sakay_gtfs_master_historic|worldpop_phl_2020_1km
LTFRB_PUJ2609,,Arroceros Retiro via Dimasalang,"Taft Ave, Manila - Dimasalang / Aurora Boulevard Intersection, Quezon City",726148,3.973,stop_sequence_approx,13,1.0,17.0,1020.0,1.0,gtfs_frequencies_typical_weekday,4052.46,271893.5,93.216,3.762,1.056,0.0,1.036,True,False,56.0,C,ordered-stop planning approximation,True,DERIVED,0,historic_only,uncertain,,,historic_gtfs_baseline,sakay_gtfs_master_historic,No current route validation supplied.,,,False,,historic_only,arroceros-retiro,3.2720865844450038,331.0833333333333,0,4052.46,DERIVED,sakay_gtfs_master_historic|worldpop_phl_2020_1km
LTFRB_PUJ2610,,Arroceros Retiro via Dimasalang,"Dimasalang / Aurora Boulevard Intersection, Quezon City - Taft Ave, Manila",726165,4.01,stop_sequence_approx,15,1.0,17.0,1020.0,1.0,gtfs_frequencies_typical_weekday,4090.2,271893.5,93.216,3.762,1.066,0.0,0.487,True,False,56.0,C,ordered-stop planning approximation,True,DERIVED,0,historic_only,uncertain,,,historic_gtfs_baseline,sakay_gtfs_master_historic,No current route validation supplied.,,,False,,historic_only,arroceros-retiro,3.7406483790523692,286.42857142857144,0,4090.2,DERIVED,sakay_gtfs_master_historic|worldpop_phl_2020_1km
LTFRB_PUJ2611,,BF Homes Paranaque Sucat SSH,"Dr A. Santos Ave, Parañaque City, Manila - Dr A. Santos Ave / President's Ave Intersection, Parañaque City, Manila",726359,1.502,stop_sequence_approx,6,1.0,17.0,1020.0,1.0,gtfs_frequencies_typical_weekday,1532.04,73373.4,43.728,1.491,1.007,0.0,0.354,True,False,44.0,D,ordered-stop planning approximation | few representative stops,True,DERIVED,0,historic_only,uncertain,,,historic_gtfs_baseline,sakay_gtfs_master_historic,No current route validation supplied.,,,False,,historic_only,bf-homes-paranaque-sucat-ssh,3.9946737683089215,300.4,0,1532.04,DERIVED,sakay_gtfs_master_historic|worldpop_phl_2020_1km
LTFRB_PUJ2612,,BF Homes Paranaque Sucat SSH,"Dr A. Santos Ave / President's Ave Intersection, Parañaque City, Manila - Dr A. Santos Ave, Parañaque City, Manila",724961,1.501,stop_sequence_approx,5,1.0,17.0,1020.0,1.0,gtfs_frequencies_typical_weekday,1531.02,73373.4,43.728,1.491,1.007,0.0,0.564,True,False,44.0,D,ordered-stop planning approximation | few representative stops,True,DERIVED,0,historic_only,uncertain,,,historic_gtfs_baseline,sakay_gtfs_master_historic,No current route validation supplied.,,,False,,historic_only,bf-homes-paranaque-sucat-ssh,3.3311125916055966,375.25,0,1531.02,DERIVED,sakay_gtfs_master_historic|worldpop_phl_2020_1km
LTFRB_PUJ2613,,Brgy Ayala Alabang Alabang Market,"Spectrum Midway Extension, Montinlupa City - Avacia Avenue, Montinlupa City",726217,2.652,stop_sequence_approx,10,1.0,17.0,1020.0,1.0,gtfs_frequencies_typical_weekday,2705.04,62293.6,26.014,2.311,1.148,0.0,0.68,True,False,44.0,D,ordered-stop planning approximation | few representative stops,True,DERIVED,1,historic_only,uncertain,,,historic_gtfs_baseline,sakay_gtfs_master_historic,No current route validation supplied.,,,False,,historic_only,brgy-ayala-alabang-alabang-market,3.770739064856712,294.6666666666667,0,2705.04,DERIVED,sakay_gtfs_master_historic|worldpop_phl_2020_1km
LTFRB_PUJ2614,,Brgy Ayala Alabang Alabang Market,"Alabang-Zapote Road, Muntinlupa City, Manila - Spectrum Midway Extension, Montinlupa City",724972,2.406,stop_sequence_approx,11,1.0,17.0,1020.0,1.0,gtfs_frequencies_typical_weekday,2454.1200000000003,55466.1,29.216,2.223,1.082,0.0,0.448,True,False,44.0,D,ordered-stop planning approximation | few representative stops,True,DERIVED,1,historic_only,uncertain,,,historic_gtfs_baseline,sakay_gtfs_master_historic,No current route validation supplied.,,,False,,historic_only,brgy-ayala-alabang-alabang-market,4.571903574397339,240.6,0,2454.1200000000003,DERIVED,sakay_gtfs_master_historic|worldpop_phl_2020_1km
LTFRB_PUJ2615,,DagatDagatan Delpan via Divisoria,"Sto. Nino Church, Nicolas Zamora, Manila - President Ferdinand E. Marcos Highway, Tondo",724758,4.716,stop_sequence_approx,16,1.0,17.0,1020.0,1.0,gtfs_frequencies_typical_weekday,4810.320000000001,540718.6,99.659,4.228,1.115,0.0,0.604,True,False,56.0,C,ordered-stop planning approximation,True,DERIVED,1,historic_only,uncertain,,,historic_gtfs_baseline,sakay_gtfs_master_historic,No current route validation supplied.,,,False,,historic_only,dagatdagatan-delpan,3.3927056827820183,314.4,0,4810.320000000001,DERIVED,sakay_gtfs_master_historic|worldpop_phl_2020_1km
LTFRB_PUJ2616,,DagatDagatan Delpan via Divisoria,"President Ferdinand E. Marcos Highway, Tondo - Sto. Nino Church, Nicolas Zamora, Manila",726024,4.891,stop_sequence_approx,16,1.0,17.0,1020.0,1.0,gtfs_frequencies_typical_weekday,4988.82,540718.6,99.659,4.228,1.157,0.0,0.604,True,False,56.0,C,ordered-stop planning approximation,True,DERIVED,1,historic_only,uncertain,,,historic_gtfs_baseline,sakay_gtfs_master_historic,No current route validation supplied.,,,False,,historic_only,dagatdagatan-delpan,3.271314659578818,326.06666666666666,0,4988.82,DERIVED,sakay_gtfs_master_historic|worldpop_phl_2020_1km
LTFRB_PUJ2617,,Dampalit Hulo Palengke,"Kamias Rd / Kasing-Kasing Intersection, Quezon City, Manila - Sto Rosario Parish, Don Bastilio Bautista Boulevard, Malabon City",725661,16.882,stop_sequence_approx,64,1.0,17.0,1020.0,1.0,gtfs_frequencies_typical_weekday,17219.640000000003,811259.7,89.025,13.553,1.246,0.0,0.757,True,False,56.0,C,ordered-stop planning approximation,True,DERIVED,7,historic_only,uncertain,,,historic_gtfs_baseline,sakay_gtfs_master_historic,No current route validation supplied.,,,False,,historic_only,dampalit-hulo-palengke,3.791020021324487,267.968253968254,0,17219.640000000003,DERIVED,sakay_gtfs_master_historic|worldpop_phl_2020_1km
LTFRB_PUJ2618,,Dampalit Hulo Palengke,"Sto Rosario Parish, Don Bastilio Bautista Boulevard, Malabon City - Kamias Rd / Kasing-Kasing Intersection, Quezon City, Manila",724806,16.344,stop_sequence_approx,62,1.0,17.0,1020.0,1.0,gtfs_frequencies_typical_weekday,16670.88,846004.1,89.475,13.553,1.206,0.0,0.997,True,False,56.0,C,ordered-stop planning approximation,True,DERIVED,8,historic_only,uncertain,,,historic_gtfs_baseline,sakay_gtfs_master_historic,No current route validation supplied.,,,False,,historic_only,dampalit-hulo-palengke,3.7934410181106215,267.93442622950823,0,16670.88,DERIVED,sakay_gtfs_master_historic|worldpop_phl_2020_1km
