route_id,primary_city,cities_served,city_count,city_tag_method,city_tag_confidence,boundary_source_id
LTFRB_PUJ1353,San Jose del Monte,San Jose del Monte|Quezon City,2,text_fallback,low_requires_boundary_validation,
LTFRB_PUJ1241,Pasay,Pasay|Dasmarinas,2,text_fallback,low_requires_boundary_validation,
LTFRB_PUJ2083,Dasmarinas,Dasmarinas|Paranaque,2,text_fallback,low_requires_boundary_validation,
LTFRB_PUJ1352,Quezon City,Quezon City|San Jose del Monte,2,text_fallback,low_requires_boundary_validation,
LTFRB_PUJ1240,Dasmarinas,Dasmarinas|Pasay,2,text_fallback,low_requires_boundary_validation,
LTFRB_PUJ1156,Binangonan,Binangonan|Pasig,2,text_fallback,low_requires_boundary_validation,
LTFRB_PUJ2084,Paranaque,Paranaque|Dasmarinas,2,text_fallback,low_requires_boundary_validation,
LTFRB_PUJ1157,Pasig,Pasig|Binangonan,2,text_fallback,low_requires_boundary_validation,
LTFRB_PUJ1638,Mandaluyong,Mandaluyong|Manila|Antipolo,3,text_fallback,low_requires_boundary_validation,
LTFRB_PUJ1350,San Jose del Monte,San Jose del Monte|Quezon City,2,text_fallback,low_requires_boundary_validation,
LTFRB_PUJ1153,Mandaluyong,Mandaluyong|Binangonan,2,text_fallback,low_requires_boundary_validation,
LTFRB_PUJ1639,Manila,Manila|Mandaluyong|Antipolo,3,text_fallback,low_requires_boundary_validation,
LTFRB_PUJ1152,Binangonan,Binangonan|Mandaluyong,2,text_fallback,low_requires_boundary_validation,
LTFRB_PUJ2120,Caloocan,Caloocan|Manila,2,text_fallback,low_requires_boundary_validation,
LTFRB_PUJ2101,Manila,Manila|Caloocan,2,text_fallback,low_requires_boundary_validation,
LTFRB_PUJ2102,Caloocan,Caloocan|Manila,2,text_fallback,low_requires_boundary_validation,
LTFRB_PUJ1405,Caloocan,Caloocan|Quezon City,2,text_fallback,low_requires_boundary_validation,
LTFRB_PUJ2119,Quezon City,Quezon City|Caloocan,2,text_fallback,low_requires_boundary_validation,
LTFRB_PUJ1648,Las Pinas,Las Pinas|Manila,2,text_fallback,low_requires_boundary_validation,
LTFRB_PUJ1649,Manila,Manila|Las Pinas,2,text_fallback,low_requires_boundary_validation,
LTFRB_PUJ1022,Muntinlupa,Muntinlupa|General Mariano Alvarez|Carmona,3,text_fallback,low_requires_boundary_validation,
LTFRB_PUJ1937,Quezon City,Quezon City|Manila,2,text_fallback,low_requires_boundary_validation,
LTFRB_PUJ1043,Antipolo,Antipolo|Quezon City,2,text_fallback,low_requires_boundary_validation,
LTFRB_PUJ1680,Manila,Manila|Quezon City,2,text_fallback,low_requires_boundary_validation,
LTFRB_PUJ1936,Manila,Manila|Quezon City,2,text_fallback,low_requires_boundary_validation,
LTFRB_PUJ1605,Caloocan,Caloocan|Quezon City,2,text_fallback,low_requires_boundary_validation,
LTFRB_PUJ1351,Quezon City,Quezon City|San Jose del Monte,2,text_fallback,low_requires_boundary_validation,
LTFRB_PUJ1640,Mandaluyong,Mandaluyong|Manila|Antipolo,3,text_fallback,low_requires_boundary_validation,
LTFRB_PUJ1643,Manila,Manila|Mandaluyong|Antipolo,3,text_fallback,low_requires_boundary_validation,
LTFRB_PUJ1044,Quezon City,Quezon City|Antipolo,2,text_fallback,low_requires_boundary_validation,
LTFRB_PUJ1944,Manila,Manila|Quezon City,2,text_fallback,low_requires_boundary_validation,
LTFRB_PUJ1604,Quezon City,Quezon City|Caloocan,2,text_fallback,low_requires_boundary_validation,
LTFRB_PUJ1636,Mandaluyong,Mandaluyong|Manila,2,text_fallback,low_requires_boundary_validation,
LTFRB_PUJ1637,Manila,Manila|Mandaluyong,2,text_fallback,low_requires_boundary_validation,
LTFRB_PUJ1897,Pasay,Pasay|Caloocan,2,text_fallback,low_requires_boundary_validation,
LTFRB_PUJ2113,Antipolo,Antipolo|Quezon City,2,text_fallback,low_requires_boundary_validation,
LTFRB_PUJ2407,Dasmarinas,Dasmarinas|Bacoor,2,text_fallback,low_requires_boundary_validation,
LTFRB_PUJ1401,Caloocan,Caloocan|Quezon City,2,text_fallback,low_requires_boundary_validation,
LTFRB_PUJ1609,Quezon City,Quezon City|Pasay,2,text_fallback,low_requires_boundary_validation,
LTFRB_PUJ2418,San Jose del Monte,San Jose del Monte|Caloocan,2,text_fallback,low_requires_boundary_validation,
LTFRB_PUJ1577,Marikina,Marikina|Manila,2,text_fallback,low_requires_boundary_validation,
LTFRB_PUJ1576,Manila,Manila|Marikina,2,text_fallback,low_requires_boundary_validation,
LTFRB_PUJ1983,Caloocan,Caloocan|Quezon City,2,text_fallback,low_requires_boundary_validation,
LTFRB_PUJ1608,Pasay,Pasay|Quezon City,2,text_fallback,low_requires_boundary_validation,
LTFRB_PUJ1896,Caloocan,Caloocan|Pasay,2,text_fallback,low_requires_boundary_validation,
LTFRB_PUJ1940,Manila,Manila|Quezon City,2,text_fallback,low_requires_boundary_validation,
LTFRB_PUJ1735,Quezon City,Quezon City,1,text_fallback,low_requires_boundary_validation,
LTFRB_PUJ1235,Quezon City,Quezon City,1,text_fallback,low_requires_boundary_validation,
LTFRB_PUJ1941,Quezon City,Quezon City|Manila,2,text_fallback,low_requires_boundary_validation,
LTFRB_PUJ1045,Antipolo,Antipolo|Quezon City,2,text_fallback,low_requires_boundary_validation,
LTFRB_PUJ1458,Manila,Manila|Caloocan|Marikina,3,text_fallback,low_requires_boundary_validation,
LTFRB_PUJ2323,Manila,Manila|Quezon City,2,text_fallback,low_requires_boundary_validation,
LTFRB_PUJ2408,Bacoor,Bacoor|Dasmarinas,2,text_fallback,low_requires_boundary_validation,
LTFRB_PUJ1863,Manila,Manila|Quezon City,2,text_fallback,low_requires_boundary_validation,
LTFRB_PUJ2114,Quezon City,Quezon City|Antipolo,2,text_fallback,low_requires_boundary_validation,
LTFRB_PUJ1459,Caloocan,Caloocan|Manila|Marikina,3,text_fallback,low_requires_boundary_validation,
LTFRB_PUJ2142,Quezon City,Quezon City|Manila,2,text_fallback,low_requires_boundary_validation,
LTFRB_PUJ1400,Quezon City,Quezon City|Caloocan,2,text_fallback,low_requires_boundary_validation,
LTFRB_PUJ1561,Quezon City,Quezon City,1,text_fallback,low_requires_boundary_validation,
LTFRB_PUJ2324,Quezon City,Quezon City|Manila,2,text_fallback,low_requires_boundary_validation,
LTFRB_PUJ1734,Quezon City,Quezon City,1,text_fallback,low_requires_boundary_validation,
LTFRB_PUJ2141,Manila,Manila|Quezon City,2,text_fallback,low_requires_boundary_validation,
LTFRB_PUJ1397,Quezon City,Quezon City,1,text_fallback,low_requires_boundary_validation,
LTFRB_PUJ1402,Quezon City,Quezon City|Caloocan,2,text_fallback,low_requires_boundary_validation,
LTFRB_PUJ1234,Quezon City,Quezon City,1,text_fallback,low_requires_boundary_validation,
LTFRB_PUJ1982,Quezon City,Quezon City,1,text_fallback,low_requires_boundary_validation,
LTFRB_PUJ1398,Quezon City,Quezon City|Caloocan,2,text_fallback,low_requires_boundary_validation,
LTFRB_PUJ1136,Caloocan,Caloocan|Quezon City,2,text_fallback,low_requires_boundary_validation,
LTFRB_PUJ2437,Pasig,Pasig|Manila,2,text_fallback,low_requires_boundary_validation,
LTFRB_PUJ1545,Quezon City,Quezon City|Manila,2,text_fallback,low_requires_boundary_validation,
LTFRB_PUJ1560,Quezon City,Quezon City,1,text_fallback,low_requires_boundary_validation,
LTFRB_PUJ1544,Manila,Manila|Quezon City,2,text_fallback,low_requires_boundary_validation,
LTFRB_PUJ1989,Quezon City,Quezon City|Manila,2,text_fallback,low_requires_boundary_validation,
LTFRB_PUJ2617,Quezon City,Quezon City|Malabon,2,text_fallback,low_requires_boundary_validation,
LTFRB_PUJ1399,Caloocan,Caloocan|Quezon City,2,text_fallback,low_requires_boundary_validation,
LTFRB_PUJ2078,Caloocan,Caloocan|Pasay,2,text_fallback,low_requires_boundary_validation,
LTFRB_PUJ1721,Caloocan,Caloocan|Pasay,2,text_fallback,low_requires_boundary_validation,
LTFRB_PUJ2584,Manila,Manila|Pasig,2,text_fallback,low_requires_boundary_validation,
LTFRB_PUJ1475,Caloocan,Caloocan|Pasay,2,text_fallback,low_requires_boundary_validation,
LTFRB_PUJ2618,Malabon,Malabon|Quezon City,2,text_fallback,low_requires_boundary_validation,
LTFRB_PUJ1506,Quezon City,Quezon City|San Jose del Monte,2,text_fallback,low_requires_boundary_validation,
LTFRB_PUJ2212,Manila,Manila|Pasig,2,text_fallback,low_requires_boundary_validation,
LTFRB_PUJ2341,Pasay,Pasay|Caloocan,2,text_fallback,low_requires_boundary_validation,
LTFRB_PUJ1462,Pasay,Pasay|Caloocan,2,text_fallback,low_requires_boundary_validation,
LTFRB_PUJ1460,Pasay,Pasay|Caloocan,2,text_fallback,low_requires_boundary_validation,
LTFRB_PUJ1804,Quezon City,Quezon City|Caloocan,2,text_fallback,low_requires_boundary_validation,
LTFRB_PUJ1823,Quezon City,Quezon City|Caloocan,2,text_fallback,low_requires_boundary_validation,
LTFRB_PUJ1890,Caloocan,Caloocan,1,text_fallback,low_requires_boundary_validation,
LTFRB_PUJ2289,Caloocan,Caloocan|Quezon City,2,text_fallback,low_requires_boundary_validation,
LTFRB_PUJ1315,Mandaluyong,Mandaluyong|Manila|Binangonan,3,text_fallback,low_requires_boundary_validation,
LTFRB_PUJ1396,Quezon City,Quezon City,1,text_fallback,low_requires_boundary_validation,
LTFRB_PUJ1788,Quezon City,Quezon City|Caloocan,2,text_fallback,low_requires_boundary_validation,
LTFRB_PUJ2443,Bacoor,Bacoor|Dasmarinas|Las Pinas,3,text_fallback,low_requires_boundary_validation,
LTFRB_PUJ1891,Caloocan,Caloocan,1,text_fallback,low_requires_boundary_validation,
LTFRB_PUJ2109,Mandaluyong,Mandaluyong|Antipolo,2,text_fallback,low_requires_boundary_validation,
LTFRB_PUJ1463,Caloocan,Caloocan|Pasay,2,text_fallback,low_requires_boundary_validation,
LTFRB_PUJ2322,Caloocan,Caloocan|Quezon City,2,text_fallback,low_requires_boundary_validation,
LTFRB_PUJ2111,Mandaluyong,Mandaluyong|Antipolo,2,text_fallback,low_requires_boundary_validation,
LTFRB_PUJ1720,Pasay,Pasay|Caloocan,2,text_fallback,low_requires_boundary_validation,
LTFRB_PUJ2442,Dasmarinas,Dasmarinas|Bacoor|Las Pinas,3,text_fallback,low_requires_boundary_validation,
LTFRB_PUJ1793,Caloocan,Caloocan|Pasay,2,text_fallback,low_requires_boundary_validation,
LTFRB_PUJ1795,Caloocan,Caloocan,1,text_fallback,low_requires_boundary_validation,
LTFRB_PUJ1474,Pasay,Pasay|Caloocan,2,text_fallback,low_requires_boundary_validation,
LTFRB_PUJ2077,Pasay,Pasay|Caloocan,2,text_fallback,low_requires_boundary_validation,
LTFRB_PUJ2169,Quezon City,Quezon City|Caloocan,2,text_fallback,low_requires_boundary_validation,
LTFRB_PUJ2583,Pasig,Pasig|Manila,2,text_fallback,low_requires_boundary_validation,
LTFRB_PUJ1988,Manila,Manila|Quezon City,2,text_fallback,low_requires_boundary_validation,
LTFRB_PUJ1676,Quezon City,Quezon City|Manila,2,text_fallback,low_requires_boundary_validation,
LTFRB_PUJ2321,Quezon City,Quezon City|Caloocan,2,text_fallback,low_requires_boundary_validation,
LTFRB_PUJ1791,Caloocan,Caloocan|Pasay,2,text_fallback,low_requires_boundary_validation,
LTFRB_PUJ1314,Manila,Manila|Binangonan|Mandaluyong,3,text_fallback,low_requires_boundary_validation,
LTFRB_PUJ2002,Quezon City,Quezon City,1,text_fallback,low_requires_boundary_validation,
LTFRB_PUJ1707,Quezon City,Quezon City|Manila,2,text_fallback,low_requires_boundary_validation,
LTFRB_PUJ1792,Pasay,Pasay|Caloocan,2,text_fallback,low_requires_boundary_validation,
LTFRB_PUJ1526,Pateros,Pateros|Manila|Pasig,3,text_fallback,low_requires_boundary_validation,
LTFRB_PUJ2470,Pasig,Pasig|Antipolo,2,text_fallback,low_requires_boundary_validation,
LTFRB_PUJ2471,Antipolo,Antipolo|Pasig,2,text_fallback,low_requires_boundary_validation,
LTFRB_PUJ1428,Manila,Manila,1,text_fallback,low_requires_boundary_validation,
LTFRB_PUJ1866,Quezon City,Quezon City,1,text_fallback,low_requires_boundary_validation,
LTFRB_PUJ2417,Caloocan,Caloocan|San Jose del Monte,2,text_fallback,low_requires_boundary_validation,
LTFRB_PUJ1540,Manila,Manila|Quezon City,2,text_fallback,low_requires_boundary_validation,
LTFRB_PUJ1672,Valenzuela,Valenzuela|Manila,2,text_fallback,low_requires_boundary_validation,
LTFRB_PUJ2582,Manila,Manila|Pasig,2,text_fallback,low_requires_boundary_validation,
LTFRB_PUJ2261,Quezon City,Quezon City|Caloocan,2,text_fallback,low_requires_boundary_validation,
LTFRB_PUJ1722,Pasay,Pasay|Caloocan,2,text_fallback,low_requires_boundary_validation,
LTFRB_PUJ1867,Quezon City,Quezon City,1,text_fallback,low_requires_boundary_validation,
LTFRB_PUJ1706,Manila,Manila|Quezon City,2,text_fallback,low_requires_boundary_validation,
LTFRB_PUJ1786,Muntinlupa,Muntinlupa|Pasay,2,text_fallback,low_requires_boundary_validation,
LTFRB_PUJ1824,Caloocan,Caloocan|Quezon City,2,text_fallback,low_requires_boundary_validation,
LTFRB_PUJ1995,Quezon City,Quezon City|Manila,2,text_fallback,low_requires_boundary_validation,
LTFRB_PUJ1101,Bacoor,Bacoor|Pasay,2,text_fallback,low_requires_boundary_validation,
LTFRB_PUJ1534,Manila,Manila|Quezon City,2,text_fallback,low_requires_boundary_validation,
LTFRB_PUJ1789,Caloocan,Caloocan|Quezon City,2,text_fallback,low_requires_boundary_validation,
LTFRB_PUJ1102,Pasay,Pasay|Bacoor,2,text_fallback,low_requires_boundary_validation,
LTFRB_PUJ1507,San Jose del Monte,San Jose del Monte|Quezon City,2,text_fallback,low_requires_boundary_validation,
LTFRB_PUJ2570,Quezon City,Quezon City|Manila,2,text_fallback,low_requires_boundary_validation,
LTFRB_PUJ2262,Caloocan,Caloocan|Quezon City,2,text_fallback,low_requires_boundary_validation,
LTFRB_PUJ1790,Pasay,Pasay|Caloocan,2,text_fallback,low_requires_boundary_validation,
LTFRB_PUJ2110,Antipolo,Antipolo|Mandaluyong,2,text_fallback,low_requires_boundary_validation,
LTFRB_PUJ1049,Antipolo,Antipolo|Mandaluyong,2,text_fallback,low_requires_boundary_validation,
LTFRB_PUJ2112,Antipolo,Antipolo|Mandaluyong,2,text_fallback,low_requires_boundary_validation,
LTFRB_PUJ1482,Manila,Manila|Quezon City,2,text_fallback,low_requires_boundary_validation,
LTFRB_PUJ2581,Pasig,Pasig|Manila,2,text_fallback,low_requires_boundary_validation,
LTFRB_PUJ2054,Caloocan,Caloocan|Quezon City,2,text_fallback,low_requires_boundary_validation,
LTFRB_PUJ1557,Quezon City,Quezon City|Manila,2,text_fallback,low_requires_boundary_validation,
LTFRB_PUJ1849,Manila,Manila|Malabon,2,text_fallback,low_requires_boundary_validation,
LTFRB_PUJ1137,Quezon City,Quezon City|Caloocan,2,text_fallback,low_requires_boundary_validation,
LTFRB_PUJ1611,Quezon City,Quezon City|Manila,2,text_fallback,low_requires_boundary_validation,
LTFRB_PUJ1483,Quezon City,Quezon City|Manila,2,text_fallback,low_requires_boundary_validation,
LTFRB_PUJ1589,Marikina,Marikina|Manila,2,text_fallback,low_requires_boundary_validation,
LTFRB_PUJ2236,Caloocan,Caloocan,1,text_fallback,low_requires_boundary_validation,
LTFRB_PUJ2228,Quezon City,Quezon City,1,text_fallback,low_requires_boundary_validation,
LTFRB_PUJ1784,Muntinlupa,Muntinlupa|Pasay,2,text_fallback,low_requires_boundary_validation,
LTFRB_PUJ1610,Manila,Manila|Quezon City,2,text_fallback,low_requires_boundary_validation,
LTFRB_PUJ1805,Quezon City,Quezon City,1,text_fallback,low_requires_boundary_validation,
LTFRB_PUJ2015,Caloocan,Caloocan|Quezon City,2,text_fallback,low_requires_boundary_validation,
LTFRB_PUJ1671,Manila,Manila|Valenzuela,2,text_fallback,low_requires_boundary_validation,
LTFRB_PUJ1484,Manila,Manila|Quezon City,2,text_fallback,low_requires_boundary_validation,
LTFRB_PUJ1693,Pasay,Pasay|Muntinlupa,2,text_fallback,low_requires_boundary_validation,
LTFRB_PUJ1794,Caloocan,Caloocan,1,text_fallback,low_requires_boundary_validation,
LTFRB_PUJ1050,Mandaluyong,Mandaluyong|Antipolo,2,text_fallback,low_requires_boundary_validation,
LTFRB_PUJ1488,Manila,Manila|Navotas,2,text_fallback,low_requires_boundary_validation,
LTFRB_PUJ2436,Manila,Manila|Pasig,2,text_fallback,low_requires_boundary_validation,
LTFRB_PUJ1675,Manila,Manila|Quezon City,2,text_fallback,low_requires_boundary_validation,
LTFRB_PUJ1785,Pasay,Pasay|Muntinlupa,2,text_fallback,low_requires_boundary_validation,
LTFRB_PUJ1024,Muntinlupa,Muntinlupa|Taguig|Manila,3,text_fallback,low_requires_boundary_validation,
LTFRB_PUJ1054,Quezon City,Quezon City,1,text_fallback,low_requires_boundary_validation,
LTFRB_PUJ1429,Manila,Manila,1,text_fallback,low_requires_boundary_validation,
LTFRB_PUJ1739,Quezon City,Quezon City,1,text_fallback,low_requires_boundary_validation,
LTFRB_PUJ1230,Manila,Manila|Quezon City,2,text_fallback,low_requires_boundary_validation,
LTFRB_PUJ1489,Navotas,Navotas|Manila,2,text_fallback,low_requires_boundary_validation,
LTFRB_PUJ1147,Quezon City,Quezon City,1,text_fallback,low_requires_boundary_validation,
LTFRB_PUJ1485,Quezon City,Quezon City|Manila,2,text_fallback,low_requires_boundary_validation,
LTFRB_PUJ1850,Malabon,Malabon|Manila,2,text_fallback,low_requires_boundary_validation,
LTFRB_PUJ1055,Quezon City,Quezon City|Manila,2,text_fallback,low_requires_boundary_validation,
LTFRB_PUJ2319,Quezon City,Quezon City|Caloocan,2,text_fallback,low_requires_boundary_validation,
LTFRB_PUJ1383,Quezon City,Quezon City|Manila,2,text_fallback,low_requires_boundary_validation,
LTFRB_PUJ1538,Manila,Manila|Quezon City,2,text_fallback,low_requires_boundary_validation,
LTFRB_PUJ2170,Caloocan,Caloocan|Quezon City,2,text_fallback,low_requires_boundary_validation,
LTFRB_PUJ2003,Quezon City,Quezon City,1,text_fallback,low_requires_boundary_validation,
LTFRB_PUJ1288,Manila,Manila|Quezon City,2,text_fallback,low_requires_boundary_validation,
LTFRB_PUJ1994,Manila,Manila|Quezon City,2,text_fallback,low_requires_boundary_validation,
LTFRB_PUJ1535,Quezon City,Quezon City|Manila,2,text_fallback,low_requires_boundary_validation,
LTFRB_PUJ2508,Manila,Manila|Malabon,2,text_fallback,low_requires_boundary_validation,
LTFRB_PUJ1723,Caloocan,Caloocan|Pasay,2,text_fallback,low_requires_boundary_validation,
LTFRB_PUJ1855,Manila,Manila|Quezon City,2,text_fallback,low_requires_boundary_validation,
LTFRB_PUJ2548,Manila,Manila,1,text_fallback,low_requires_boundary_validation,
LTFRB_PUJ2098,Quezon City,Quezon City|Manila,2,text_fallback,low_requires_boundary_validation,
LTFRB_PUJ2377,Quezon City,Quezon City|Manila,2,text_fallback,low_requires_boundary_validation,
LTFRB_PUJ1559,Quezon City,Quezon City,1,text_fallback,low_requires_boundary_validation,
LTFRB_PUJ1016,Muntinlupa,Muntinlupa|Paranaque,2,text_fallback,low_requires_boundary_validation,
LTFRB_PUJ1046,Quezon City,Quezon City|Antipolo,2,text_fallback,low_requires_boundary_validation,
LTFRB_PUJ1056,Manila,Manila|Quezon City,2,text_fallback,low_requires_boundary_validation,
LTFRB_PUJ1856,Quezon City,Quezon City|Manila,2,text_fallback,low_requires_boundary_validation,
LTFRB_PUJ2572,Quezon City,Quezon City|Manila,2,text_fallback,low_requires_boundary_validation,
LTFRB_PUJ1053,Quezon City,Quezon City,1,text_fallback,low_requires_boundary_validation,
LTFRB_PUJ1155,Binangonan,Binangonan|Manila,2,text_fallback,low_requires_boundary_validation,
LTFRB_PUJ2360,Navotas,Navotas|Manila,2,text_fallback,low_requires_boundary_validation,
LTFRB_PUJ1738,Quezon City,Quezon City,1,text_fallback,low_requires_boundary_validation,
LTFRB_PUJ2086,Quezon City,Quezon City|Pasay,2,text_fallback,low_requires_boundary_validation,
LTFRB_PUJ1777,Quezon City,Quezon City,1,text_fallback,low_requires_boundary_validation,
LTFRB_PUJ2258,Quezon City,Quezon City,1,text_fallback,low_requires_boundary_validation,
LTFRB_PUJ1341,Quezon City,Quezon City,1,text_fallback,low_requires_boundary_validation,
LTFRB_PUJ2097,Manila,Manila|Quezon City,2,text_fallback,low_requires_boundary_validation,
LTFRB_PUJ2453,Pasay,Pasay|Muntinlupa,2,text_fallback,low_requires_boundary_validation,
LTFRB_PUJ1588,Manila,Manila|Marikina,2,text_fallback,low_requires_boundary_validation,
LTFRB_PUJ2211,Pasig,Pasig|Manila,2,text_fallback,low_requires_boundary_validation,
LTFRB_PUJ2163,Pasay,Pasay|Manila,2,text_fallback,low_requires_boundary_validation,
LTFRB_PUJ2549,Manila,Manila,1,text_fallback,low_requires_boundary_validation,
LTFRB_PUJ2571,Manila,Manila|Quezon City,2,text_fallback,low_requires_boundary_validation,
LTFRB_PUJ2087,Muntinlupa,Muntinlupa|Paranaque,2,text_fallback,low_requires_boundary_validation,
LTFRB_PUJ1543,Quezon City,Quezon City|Manila,2,text_fallback,low_requires_boundary_validation,
LTFRB_PUJ2320,Caloocan,Caloocan|Quezon City,2,text_fallback,low_requires_boundary_validation,
LTFRB_PUJ1552,Quezon City,Quezon City,1,text_fallback,low_requires_boundary_validation,
LTFRB_PUJ2238,Caloocan,Caloocan|Manila,2,text_fallback,low_requires_boundary_validation,
LTFRB_PUJ1227,Quezon City,Quezon City|Manila,2,text_fallback,low_requires_boundary_validation,
LTFRB_PUJ1857,Quezon City,Quezon City|Manila,2,text_fallback,low_requires_boundary_validation,
LTFRB_PUJ2014,Quezon City,Quezon City|Caloocan,2,text_fallback,low_requires_boundary_validation,
LTFRB_PUJ2235,Manila,Manila|Caloocan,2,text_fallback,low_requires_boundary_validation,
LTFRB_PUJ2257,Quezon City,Quezon City,1,text_fallback,low_requires_boundary_validation,
LTFRB_PUJ1340,Quezon City,Quezon City,1,text_fallback,low_requires_boundary_validation,
LTFRB_PUJ2256,Quezon City,Quezon City|Manila,2,text_fallback,low_requires_boundary_validation,
LTFRB_PUJ1531,Quezon City,Quezon City,1,text_fallback,low_requires_boundary_validation,
LTFRB_PUJ1592,Muntinlupa,Muntinlupa|Taguig,2,text_fallback,low_requires_boundary_validation,
LTFRB_PUJ1776,Quezon City,Quezon City,1,text_fallback,low_requires_boundary_validation,
LTFRB_PUJ2457,Paranaque,Paranaque,1,text_fallback,low_requires_boundary_validation,
LTFRB_PUJ2329,Manila,Manila|Paranaque,2,text_fallback,low_requires_boundary_validation,
LTFRB_PUJ2464,Manila,Manila|Pasig,2,text_fallback,low_requires_boundary_validation,
LTFRB_PUJ1146,Quezon City,Quezon City,1,text_fallback,low_requires_boundary_validation,
LTFRB_PUJ1034,Muntinlupa,Muntinlupa|Taguig|Manila,3,text_fallback,low_requires_boundary_validation,
LTFRB_PUJ1247,Quezon City,Quezon City|Pasay,2,text_fallback,low_requires_boundary_validation,
LTFRB_PUJ2255,Manila,Manila|Quezon City,2,text_fallback,low_requires_boundary_validation,
LTFRB_PUJ2330,Paranaque,Paranaque|Manila,2,text_fallback,low_requires_boundary_validation,
LTFRB_PUJ2227,Quezon City,Quezon City,1,text_fallback,low_requires_boundary_validation,
LTFRB_PUJ1374,Malabon,Malabon,1,text_fallback,low_requires_boundary_validation,
LTFRB_PUJ1154,Manila,Manila|Binangonan,2,text_fallback,low_requires_boundary_validation,
LTFRB_PUJ2452,Muntinlupa,Muntinlupa|Pasay,2,text_fallback,low_requires_boundary_validation,
LTFRB_PUJ2288,Quezon City,Quezon City|Caloocan,2,text_fallback,low_requires_boundary_validation,
LTFRB_PUJ2376,Manila,Manila|Quezon City,2,text_fallback,low_requires_boundary_validation,
LTFRB_PUJ1375,Malabon,Malabon,1,text_fallback,low_requires_boundary_validation,
LTFRB_PUJ1530,Quezon City,Quezon City,1,text_fallback,low_requires_boundary_validation,
LTFRB_PUJ2489,Pasig,Pasig|Manila|Binangonan,3,text_fallback,low_requires_boundary_validation,
LTFRB_PUJ2465,Pasig,Pasig|Manila,2,text_fallback,low_requires_boundary_validation,
LTFRB_PUJ1015,Paranaque,Paranaque|Muntinlupa,2,text_fallback,low_requires_boundary_validation,
LTFRB_PUJ1975,Quezon City,Quezon City|Manila,2,text_fallback,low_requires_boundary_validation,
LTFRB_PUJ2509,Malabon,Malabon|Manila,2,text_fallback,low_requires_boundary_validation,
LTFRB_PUJ1357,Malabon,Malabon|Manila,2,text_fallback,low_requires_boundary_validation,
LTFRB_PUJ1494,Quezon City,Quezon City|San Jose del Monte,2,text_fallback,low_requires_boundary_validation,
LTFRB_PUJ2359,Manila,Manila|Navotas,2,text_fallback,low_requires_boundary_validation,
LTFRB_PUJ1356,Manila,Manila|Malabon,2,text_fallback,low_requires_boundary_validation,
LTFRB_PUJ2504,Manila,Manila|Quezon City,2,text_fallback,low_requires_boundary_validation,
LTFRB_PUJ2306,Paranaque,Paranaque|Binan|Taguig,3,text_fallback,low_requires_boundary_validation,
LTFRB_PUJ1539,Quezon City,Quezon City|Manila,2,text_fallback,low_requires_boundary_validation,
LTFRB_PUJ1270,Manila,Manila|Quezon City,2,text_fallback,low_requires_boundary_validation,
LTFRB_PUJ1226,Manila,Manila|Quezon City,2,text_fallback,low_requires_boundary_validation,
LTFRB_PUJ1755,Quezon City,Quezon City|Manila,2,text_fallback,low_requires_boundary_validation,
LTFRB_PUJ1289,Quezon City,Quezon City|Manila,2,text_fallback,low_requires_boundary_validation,
LTFRB_PUJ1395,Quezon City,Quezon City,1,text_fallback,low_requires_boundary_validation,
LTFRB_PUJ1593,Taguig,Taguig|Muntinlupa,2,text_fallback,low_requires_boundary_validation,
LTFRB_PUJ1522,Manila,Manila|Marikina,2,text_fallback,low_requires_boundary_validation,
LTFRB_PUJ2505,Quezon City,Quezon City|Manila,2,text_fallback,low_requires_boundary_validation,
LTFRB_PUJ1394,Quezon City,Quezon City,1,text_fallback,low_requires_boundary_validation,
LTFRB_PUJ1382,Manila,Manila|Quezon City,2,text_fallback,low_requires_boundary_validation,
LTFRB_PUJ2290,Quezon City,Quezon City|Caloocan,2,text_fallback,low_requires_boundary_validation,
LTFRB_PUJ1224,Manila,Manila|Quezon City,2,text_fallback,low_requires_boundary_validation,
LTFRB_PUJ2085,Makati,Makati|Manila,2,text_fallback,low_requires_boundary_validation,
LTFRB_PUJ1478,Manila,Manila|Caloocan,2,text_fallback,low_requires_boundary_validation,
LTFRB_PUJ1759,Quezon City,Quezon City|Manila,2,text_fallback,low_requires_boundary_validation,
LTFRB_PUJ1174,Antipolo,Antipolo|Quezon City|Pasay,3,text_fallback,low_requires_boundary_validation,
LTFRB_PUJ1523,Marikina,Marikina|Manila,2,text_fallback,low_requires_boundary_validation,
LTFRB_PUJ1754,Manila,Manila|Quezon City,2,text_fallback,low_requires_boundary_validation,
LTFRB_PUJ2305,Binan,Binan|Paranaque|Taguig,3,text_fallback,low_requires_boundary_validation,
LTFRB_PUJ1328,Manila,Manila|Caloocan,2,text_fallback,low_requires_boundary_validation,
LTFRB_PUJ2539,Valenzuela,Valenzuela|Manila,2,text_fallback,low_requires_boundary_validation,
LTFRB_PUJ1370,Taguig,Taguig|Manila|Makati,3,text_fallback,low_requires_boundary_validation,
LTFRB_PUJ2203,Manila,Manila|Quezon City,2,text_fallback,low_requires_boundary_validation,
LTFRB_PUJ1164,Quezon City,Quezon City|Pasay,2,text_fallback,low_requires_boundary_validation,
LTFRB_PUJ1615,Valenzuela,Valenzuela|Manila,2,text_fallback,low_requires_boundary_validation,
LTFRB_PUJ1132,Quezon City,Quezon City|Caloocan,2,text_fallback,low_requires_boundary_validation,
LTFRB_PUJ1133,Caloocan,Caloocan|Quezon City,2,text_fallback,low_requires_boundary_validation,
LTFRB_PUJ1175,Pasay,Pasay|Antipolo|Quezon City,3,text_fallback,low_requires_boundary_validation,
LTFRB_PUJ2231,Quezon City,Quezon City,1,text_fallback,low_requires_boundary_validation,
LTFRB_PUJ1614,Manila,Manila|Valenzuela,2,text_fallback,low_requires_boundary_validation,
LTFRB_PUJ2164,Manila,Manila|Pasay,2,text_fallback,low_requires_boundary_validation,
LTFRB_PUJ1758,Manila,Manila|Quezon City,2,text_fallback,low_requires_boundary_validation,
LTFRB_PUJ2493,Pasig,Pasig|Manila|Binangonan,3,text_fallback,low_requires_boundary_validation,
LTFRB_PUJ1495,San Jose del Monte,San Jose del Monte|Quezon City,2,text_fallback,low_requires_boundary_validation,
LTFRB_PUJ1348,Quezon City,Quezon City|San Jose del Monte,2,text_fallback,low_requires_boundary_validation,
LTFRB_PUJ1974,Manila,Manila|Quezon City,2,text_fallback,low_requires_boundary_validation,
LTFRB_PUJ2088,Paranaque,Paranaque|Muntinlupa,2,text_fallback,low_requires_boundary_validation,
LTFRB_PUJ2295,Pasig,Pasig|Muntinlupa,2,text_fallback,low_requires_boundary_validation,
LTFRB_PUJ1815,Manila,Manila|Binangonan,2,text_fallback,low_requires_boundary_validation,
LTFRB_PUJ1580,San Juan,San Juan|Pasig,2,text_fallback,low_requires_boundary_validation,
LTFRB_PUJ1688,Muntinlupa,Muntinlupa|Pasig,2,text_fallback,low_requires_boundary_validation,
LTFRB_PUJ1747,Makati,Makati|Taguig|Manila,3,text_fallback,low_requires_boundary_validation,
LTFRB_PUJ1076,Quezon City,Quezon City|Pasay,2,text_fallback,low_requires_boundary_validation,
LTFRB_PUJ1349,San Jose del Monte,San Jose del Monte|Quezon City,2,text_fallback,low_requires_boundary_validation,
LTFRB_PUJ1427,Valenzuela,Valenzuela|Manila,2,text_fallback,low_requires_boundary_validation,
LTFRB_PUJ2134,Muntinlupa,Muntinlupa|Manila,2,text_fallback,low_requires_boundary_validation,
LTFRB_PUJ1109,Muntinlupa,Muntinlupa|Pasig|Taguig,3,text_fallback,low_requires_boundary_validation,
LTFRB_PUJ1480,Manila,Manila|Caloocan,2,text_fallback,low_requires_boundary_validation,
LTFRB_PUJ2369,Quezon City,Quezon City|San Jose del Monte,2,text_fallback,low_requires_boundary_validation,
LTFRB_PUJ1110,Pasig,Pasig|Muntinlupa|Taguig,3,text_fallback,low_requires_boundary_validation,
LTFRB_PUJ1371,Makati,Makati|Taguig|Manila,3,text_fallback,low_requires_boundary_validation,
LTFRB_PUJ1757,Quezon City,Quezon City|Manila,2,text_fallback,low_requires_boundary_validation,
LTFRB_PUJ1165,Pasay,Pasay|Quezon City,2,text_fallback,low_requires_boundary_validation,
LTFRB_PUJ1176,Antipolo,Antipolo|Quezon City|Pasay,3,text_fallback,low_requires_boundary_validation,
LTFRB_PUJ1756,Manila,Manila|Quezon City,2,text_fallback,low_requires_boundary_validation,
LTFRB_PUJ1883,Navotas,Navotas|Manila,2,text_fallback,low_requires_boundary_validation,
LTFRB_PUJ2294,Muntinlupa,Muntinlupa|Pasig,2,text_fallback,low_requires_boundary_validation,
LTFRB_PUJ1558,Quezon City,Quezon City,1,text_fallback,low_requires_boundary_validation,
LTFRB_PUJ1090,Manila,Manila|Pasay,2,text_fallback,low_requires_boundary_validation,
LTFRB_PUJ1882,Manila,Manila|Navotas,2,text_fallback,low_requires_boundary_validation,
LTFRB_PUJ1075,Pasay,Pasay|Quezon City,2,text_fallback,low_requires_boundary_validation,
LTFRB_PUJ1072,Quezon City,Quezon City|Pasay,2,text_fallback,low_requires_boundary_validation,
LTFRB_PUJ1550,Manila,Manila|Quezon City,2,text_fallback,low_requires_boundary_validation,
LTFRB_PUJ1551,Quezon City,Quezon City|Manila,2,text_fallback,low_requires_boundary_validation,
LTFRB_PUJ1581,Pasig,Pasig|San Juan,2,text_fallback,low_requires_boundary_validation,
LTFRB_PUJ1814,Binangonan,Binangonan|Manila,2,text_fallback,low_requires_boundary_validation,
LTFRB_PUJ2053,Quezon City,Quezon City,1,text_fallback,low_requires_boundary_validation,
LTFRB_PUJ2277,Manila,Manila|Quezon City,2,text_fallback,low_requires_boundary_validation,
LTFRB_PUJ1444,Quezon City,Quezon City,1,text_fallback,low_requires_boundary_validation,
LTFRB_PUJ1445,Quezon City,Quezon City,1,text_fallback,low_requires_boundary_validation,
LTFRB_PUJ2241,Pasay,Pasay|Quezon City,2,text_fallback,low_requires_boundary_validation,
LTFRB_PUJ1166,Pasay,Pasay|Quezon City,2,text_fallback,low_requires_boundary_validation,
LTFRB_PUJ1071,Pasay,Pasay|Quezon City,2,text_fallback,low_requires_boundary_validation,
LTFRB_PUJ2538,Manila,Manila|Valenzuela,2,text_fallback,low_requires_boundary_validation,
LTFRB_PUJ1177,Pasay,Pasay|Antipolo|Quezon City,3,text_fallback,low_requires_boundary_validation,
LTFRB_PUJ1089,Pasay,Pasay|Manila,2,text_fallback,low_requires_boundary_validation,
LTFRB_PUJ1746,Taguig,Taguig|Manila|Makati,3,text_fallback,low_requires_boundary_validation,
LTFRB_PUJ1817,Quezon City,Quezon City,1,text_fallback,low_requires_boundary_validation,
LTFRB_PUJ1364,Quezon City,Quezon City|San Jose del Monte,2,text_fallback,low_requires_boundary_validation,
LTFRB_PUJ1365,San Jose del Monte,San Jose del Monte|Quezon City,2,text_fallback,low_requires_boundary_validation,
LTFRB_PUJ1527,Manila,Manila|Pasig,2,text_fallback,low_requires_boundary_validation,
LTFRB_PUJ1689,Pasig,Pasig|Muntinlupa,2,text_fallback,low_requires_boundary_validation,
LTFRB_PUJ2100,Quezon City,Quezon City|Manila,2,text_fallback,low_requires_boundary_validation,
LTFRB_PUJ2171,Quezon City,Quezon City,1,text_fallback,low_requires_boundary_validation,
LTFRB_PUJ2243,Pasay,Pasay|Quezon City,2,text_fallback,low_requires_boundary_validation,
LTFRB_PUJ1271,Quezon City,Quezon City|Manila,2,text_fallback,low_requires_boundary_validation,
LTFRB_PUJ2135,Manila,Manila,1,text_fallback,low_requires_boundary_validation,
LTFRB_PUJ1426,Manila,Manila|Valenzuela,2,text_fallback,low_requires_boundary_validation,
LTFRB_PUJ1985,Quezon City,Quezon City,1,text_fallback,low_requires_boundary_validation,
LTFRB_PUJ2234,Quezon City,Quezon City,1,text_fallback,low_requires_boundary_validation,
LTFRB_PUJ2242,Quezon City,Quezon City,1,text_fallback,low_requires_boundary_validation,
LTFRB_PUJ1355,Quezon City,Quezon City|Manila,2,text_fallback,low_requires_boundary_validation,
LTFRB_PUJ1091,Pasay,Pasay|Quezon City,2,text_fallback,low_requires_boundary_validation,
LTFRB_PUJ2011,Quezon City,Quezon City,1,text_fallback,low_requires_boundary_validation,
LTFRB_PUJ1225,Quezon City,Quezon City|Manila,2,text_fallback,low_requires_boundary_validation,
LTFRB_PUJ2254,Quezon City,Quezon City|Manila,2,text_fallback,low_requires_boundary_validation,
LTFRB_PUJ1246,Pasay,Pasay|Quezon City,2,text_fallback,low_requires_boundary_validation,
LTFRB_PUJ1737,Quezon City,Quezon City,1,text_fallback,low_requires_boundary_validation,
LTFRB_PUJ1542,Manila,Manila|Quezon City,2,text_fallback,low_requires_boundary_validation,
LTFRB_PUJ1232,Manila,Manila|Quezon City,2,text_fallback,low_requires_boundary_validation,
LTFRB_PUJ1606,Manila,Manila|Quezon City,2,text_fallback,low_requires_boundary_validation,
LTFRB_PUJ2472,Pasay,Pasay|Manila,2,text_fallback,low_requires_boundary_validation,
LTFRB_PUJ2607,Manila,Manila|Quezon City,2,text_fallback,low_requires_boundary_validation,
LTFRB_PUJ1169,Quezon City,Quezon City,1,text_fallback,low_requires_boundary_validation,
LTFRB_PUJ1167,Quezon City,Quezon City|Pasay,2,text_fallback,low_requires_boundary_validation,
LTFRB_PUJ2048,Quezon City,Quezon City|Pasay,2,text_fallback,low_requires_boundary_validation,
LTFRB_PUJ2492,Manila,Manila|Binangonan|Pasig,3,text_fallback,low_requires_boundary_validation,
LTFRB_PUJ1140,Quezon City,Quezon City|Caloocan,2,text_fallback,low_requires_boundary_validation,
LTFRB_PUJ1200,Quezon City,Quezon City,1,text_fallback,low_requires_boundary_validation,
LTFRB_PUJ2218,Makati,Makati|Taguig|Manila,3,text_fallback,low_requires_boundary_validation,
LTFRB_PUJ2047,Pasay,Pasay|Quezon City,2,text_fallback,low_requires_boundary_validation,
LTFRB_PUJ2244,Quezon City,Quezon City|Pasay,2,text_fallback,low_requires_boundary_validation,
LTFRB_PUJ2342,Caloocan,Caloocan|Manila,2,text_fallback,low_requires_boundary_validation,
LTFRB_PUJ1416,Pasay,Pasay|Quezon City,2,text_fallback,low_requires_boundary_validation,
LTFRB_PUJ2046,Antipolo,Antipolo|Quezon City|Pasay,3,text_fallback,low_requires_boundary_validation,
LTFRB_PUJ1607,Quezon City,Quezon City|Manila,2,text_fallback,low_requires_boundary_validation,
LTFRB_PUJ2224,Quezon City,Quezon City|Manila,2,text_fallback,low_requires_boundary_validation,
LTFRB_PUJ1178,Antipolo,Antipolo|Quezon City|Pasay,3,text_fallback,low_requires_boundary_validation,
LTFRB_PUJ2569,Manila,Manila|Quezon City,2,text_fallback,low_requires_boundary_validation,
LTFRB_PUJ1417,Quezon City,Quezon City|Pasay,2,text_fallback,low_requires_boundary_validation,
LTFRB_PUJ2380,Pasay,Pasay|Antipolo|Quezon City,3,text_fallback,low_requires_boundary_validation,
LTFRB_PUJ1094,Quezon City,Quezon City|Pasay,2,text_fallback,low_requires_boundary_validation,
LTFRB_PUJ1476,Caloocan,Caloocan,1,text_fallback,low_requires_boundary_validation,
LTFRB_PUJ1996,Manila,Manila|Quezon City,2,text_fallback,low_requires_boundary_validation,
LTFRB_PUJ1984,Quezon City,Quezon City,1,text_fallback,low_requires_boundary_validation,
LTFRB_PUJ2253,Manila,Manila|Quezon City,2,text_fallback,low_requires_boundary_validation,
LTFRB_PUJ2370,San Jose del Monte,San Jose del Monte|Caloocan,2,text_fallback,low_requires_boundary_validation,
LTFRB_PUJ2099,Manila,Manila|Quezon City,2,text_fallback,low_requires_boundary_validation,
LTFRB_PUJ2233,Quezon City,Quezon City,1,text_fallback,low_requires_boundary_validation,
LTFRB_PUJ1168,Quezon City,Quezon City,1,text_fallback,low_requires_boundary_validation,
LTFRB_PUJ2189,Antipolo,Antipolo|Quezon City,2,text_fallback,low_requires_boundary_validation,
LTFRB_PUJ1078,Antipolo,Antipolo|Quezon City|Pasay,3,text_fallback,low_requires_boundary_validation,
LTFRB_PUJ1525,Pasay,Pasay|Taguig|Manila,3,text_fallback,low_requires_boundary_validation,
LTFRB_PUJ1685,Quezon City,Quezon City|Manila,2,text_fallback,low_requires_boundary_validation,
LTFRB_PUJ2045,Pasay,Pasay|Antipolo|Quezon City,3,text_fallback,low_requires_boundary_validation,
LTFRB_PUJ2296,Quezon City,Quezon City,1,text_fallback,low_requires_boundary_validation,
LTFRB_PUJ2585,Manila,Manila|Pasig,2,text_fallback,low_requires_boundary_validation,
LTFRB_PUJ1659,Quezon City,Quezon City,1,text_fallback,low_requires_boundary_validation,
LTFRB_PUJ1042,Muntinlupa,Muntinlupa|Pasay|Las Pinas,3,text_fallback,low_requires_boundary_validation,
LTFRB_PUJ1359,Makati,Makati|Pasig,2,text_fallback,low_requires_boundary_validation,
LTFRB_PUJ1033,Taguig,Taguig|Manila|Muntinlupa,3,text_fallback,low_requires_boundary_validation,
LTFRB_PUJ2608,Quezon City,Quezon City|Manila,2,text_fallback,low_requires_boundary_validation,
LTFRB_PUJ2197,Manila,Manila|Quezon City,2,text_fallback,low_requires_boundary_validation,
LTFRB_PUJ1079,Paranaque,Paranaque|Quezon City,2,text_fallback,low_requires_boundary_validation,
LTFRB_PUJ2367,Quezon City,Quezon City|San Jose del Monte,2,text_fallback,low_requires_boundary_validation,
LTFRB_PUJ2540,Manila,Manila|Valenzuela,2,text_fallback,low_requires_boundary_validation,
LTFRB_PUJ1073,Pasay,Pasay|Antipolo|Quezon City,3,text_fallback,low_requires_boundary_validation,
LTFRB_PUJ2010,Quezon City,Quezon City,1,text_fallback,low_requires_boundary_validation,
LTFRB_PUJ2217,Taguig,Taguig|Manila|Makati,3,text_fallback,low_requires_boundary_validation,
LTFRB_PUJ1818,Quezon City,Quezon City,1,text_fallback,low_requires_boundary_validation,
LTFRB_PUJ1259,Malabon,Malabon|Manila,2,text_fallback,low_requires_boundary_validation,
LTFRB_PUJ1265,Valenzuela,Valenzuela|Manila,2,text_fallback,low_requires_boundary_validation,
LTFRB_PUJ2398,Quezon City,Quezon City|Manila,2,text_fallback,low_requires_boundary_validation,
LTFRB_PUJ1273,Navotas,Navotas|Manila,2,text_fallback,low_requires_boundary_validation,
LTFRB_PUJ2222,Quezon City,Quezon City|Manila,2,text_fallback,low_requires_boundary_validation,
LTFRB_PUJ1258,Manila,Manila|Malabon,2,text_fallback,low_requires_boundary_validation,
LTFRB_PUJ2245,Pasay,Pasay|Quezon City,2,text_fallback,low_requires_boundary_validation,
LTFRB_PUJ1179,Pasay,Pasay|Antipolo|Quezon City,3,text_fallback,low_requires_boundary_validation,
LTFRB_PUJ2123,Muntinlupa,Muntinlupa|Taguig|Manila,3,text_fallback,low_requires_boundary_validation,
LTFRB_PUJ2559,Caloocan,Caloocan,1,text_fallback,low_requires_boundary_validation,
LTFRB_PUJ2560,Caloocan,Caloocan,1,text_fallback,low_requires_boundary_validation,
LTFRB_PUJ1660,Quezon City,Quezon City,1,text_fallback,low_requires_boundary_validation,
LTFRB_PUJ1080,Quezon City,Quezon City|Paranaque,2,text_fallback,low_requires_boundary_validation,
LTFRB_PUJ1264,Manila,Manila|Valenzuela,2,text_fallback,low_requires_boundary_validation,
LTFRB_PUJ1272,Manila,Manila|Navotas,2,text_fallback,low_requires_boundary_validation,
LTFRB_PUJ2105,Manila,Manila|Quezon City,2,text_fallback,low_requires_boundary_validation,
LTFRB_PUJ2106,Quezon City,Quezon City|Manila,2,text_fallback,low_requires_boundary_validation,
LTFRB_PUJ1360,Manila,Manila|Makati,2,text_fallback,low_requires_boundary_validation,
LTFRB_PUJ2541,Valenzuela,Valenzuela|Manila,2,text_fallback,low_requires_boundary_validation,
LTFRB_PUJ2198,Quezon City,Quezon City|Manila,2,text_fallback,low_requires_boundary_validation,
LTFRB_PUJ2491,Pasig,Pasig|Manila|Binangonan,3,text_fallback,low_requires_boundary_validation,
LTFRB_PUJ2050,Antipolo,Antipolo|Quezon City|Pasay,3,text_fallback,low_requires_boundary_validation,
LTFRB_PUJ2381,Manila,Manila|Pasay,2,text_fallback,low_requires_boundary_validation,
LTFRB_PUJ1077,Pasay,Pasay|Antipolo|Quezon City,3,text_fallback,low_requires_boundary_validation,
LTFRB_PUJ2300,Muntinlupa,Muntinlupa|Pasay,2,text_fallback,low_requires_boundary_validation,
LTFRB_PUJ1041,Pasay,Pasay|Muntinlupa|Las Pinas,3,text_fallback,low_requires_boundary_validation,
LTFRB_PUJ2500,Pasay,Pasay|Manila,2,text_fallback,low_requires_boundary_validation,
LTFRB_PUJ1023,Taguig,Taguig|Manila|Muntinlupa,3,text_fallback,low_requires_boundary_validation,
LTFRB_PUJ2332,Valenzuela,Valenzuela|Manila,2,text_fallback,low_requires_boundary_validation,
LTFRB_PUJ2531,Valenzuela,Valenzuela|Manila,2,text_fallback,low_requires_boundary_validation,
LTFRB_PUJ2221,Manila,Manila|Quezon City,2,text_fallback,low_requires_boundary_validation,
LTFRB_PUJ1862,Quezon City,Quezon City|Manila,2,text_fallback,low_requires_boundary_validation,
LTFRB_PUJ1834,Muntinlupa,Muntinlupa|Taguig|Manila,3,text_fallback,low_requires_boundary_validation,
LTFRB_PUJ2223,Manila,Manila|Quezon City,2,text_fallback,low_requires_boundary_validation,
LTFRB_PUJ2331,Manila,Manila|Valenzuela,2,text_fallback,low_requires_boundary_validation,
LTFRB_PUJ2605,Manila,Manila|Quezon City,2,text_fallback,low_requires_boundary_validation,
LTFRB_PUJ2205,Manila,Manila|Mandaluyong,2,text_fallback,low_requires_boundary_validation,
LTFRB_PUJ1500,Caloocan,Caloocan|San Jose del Monte,2,text_fallback,low_requires_boundary_validation,
LTFRB_PUJ2124,Taguig,Taguig|Manila|Muntinlupa,3,text_fallback,low_requires_boundary_validation,
LTFRB_PUJ1333,Manila,Manila|Caloocan,2,text_fallback,low_requires_boundary_validation,
LTFRB_PUJ1715,Caloocan,Caloocan|Manila,2,text_fallback,low_requires_boundary_validation,
LTFRB_PUJ1284,Manila,Manila|San Juan,2,text_fallback,low_requires_boundary_validation,
LTFRB_PUJ1285,Manila,Manila|San Juan,2,text_fallback,low_requires_boundary_validation,
LTFRB_PUJ1083,Paranaque,Paranaque|Muntinlupa,2,text_fallback,low_requires_boundary_validation,
LTFRB_PUJ1684,Manila,Manila|Quezon City,2,text_fallback,low_requires_boundary_validation,
LTFRB_PUJ2606,Quezon City,Quezon City|Manila,2,text_fallback,low_requires_boundary_validation,
LTFRB_PUJ2049,Pasay,Pasay|Antipolo|Quezon City,3,text_fallback,low_requires_boundary_validation,
LTFRB_PUJ1084,Muntinlupa,Muntinlupa|Paranaque,2,text_fallback,low_requires_boundary_validation,
LTFRB_PUJ1379,Quezon City,Quezon City,1,text_fallback,low_requires_boundary_validation,
LTFRB_PUJ2595,Manila,Manila|San Juan,2,text_fallback,low_requires_boundary_validation,
LTFRB_PUJ2596,San Juan,San Juan|Manila,2,text_fallback,low_requires_boundary_validation,
LTFRB_PUJ1201,Quezon City,Quezon City,1,text_fallback,low_requires_boundary_validation,
LTFRB_PUJ1532,Quezon City,Quezon City,1,text_fallback,low_requires_boundary_validation,
LTFRB_PUJ2456,Manila,Manila|Paranaque,2,text_fallback,low_requires_boundary_validation,
LTFRB_PUJ2529,Valenzuela,Valenzuela|Manila,2,text_fallback,low_requires_boundary_validation,
LTFRB_PUJ1477,Caloocan,Caloocan,1,text_fallback,low_requires_boundary_validation,
LTFRB_PUJ1074,Antipolo,Antipolo|Quezon City|Pasay,3,text_fallback,low_requires_boundary_validation,
LTFRB_PUJ1473,Malabon,Malabon,1,text_fallback,low_requires_boundary_validation,
LTFRB_PUJ2133,Binan,Binan|Muntinlupa,2,text_fallback,low_requires_boundary_validation,
LTFRB_PUJ2310,Manila,Manila|Mandaluyong,2,text_fallback,low_requires_boundary_validation,
LTFRB_PUJ2368,San Jose del Monte,San Jose del Monte|Caloocan,2,text_fallback,low_requires_boundary_validation,
LTFRB_PUJ1472,Malabon,Malabon,1,text_fallback,low_requires_boundary_validation,
LTFRB_PUJ1150,Taguig,Taguig|Pasig|Pateros,3,text_fallback,low_requires_boundary_validation,
LTFRB_PUJ1275,Pasay,Pasay|Manila,2,text_fallback,low_requires_boundary_validation,
LTFRB_PUJ1195,Manila,Manila|Mandaluyong,2,text_fallback,low_requires_boundary_validation,
LTFRB_PUJ1278,Manila,Manila,1,text_fallback,low_requires_boundary_validation,
LTFRB_PUJ1876,Quezon City,Quezon City|San Jose del Monte,2,text_fallback,low_requires_boundary_validation,
LTFRB_PUJ1205,Marikina,Marikina|Manila,2,text_fallback,low_requires_boundary_validation,
LTFRB_PUJ2279,Quezon City,Quezon City|Manila,2,text_fallback,low_requires_boundary_validation,
LTFRB_PUJ1151,Pasig,Pasig|Taguig|Pateros,3,text_fallback,low_requires_boundary_validation,
LTFRB_PUJ1262,Manila,Manila|Pasay,2,text_fallback,low_requires_boundary_validation,
LTFRB_PUJ1517,Quezon City,Quezon City,1,text_fallback,low_requires_boundary_validation,
LTFRB_PUJ1501,San Jose del Monte,San Jose del Monte|Caloocan,2,text_fallback,low_requires_boundary_validation,
LTFRB_PUJ1141,Caloocan,Caloocan|Quezon City,2,text_fallback,low_requires_boundary_validation,
LTFRB_PUJ2397,Manila,Manila|Quezon City,2,text_fallback,low_requires_boundary_validation,
LTFRB_PUJ1194,Mandaluyong,Mandaluyong|Manila,2,text_fallback,low_requires_boundary_validation,
LTFRB_PUJ1279,Manila,Manila,1,text_fallback,low_requires_boundary_validation,
LTFRB_PUJ1354,Manila,Manila|Quezon City,2,text_fallback,low_requires_boundary_validation,
LTFRB_PUJ1233,Quezon City,Quezon City|Manila,2,text_fallback,low_requires_boundary_validation,
LTFRB_PUJ2597,Manila,Manila|Mandaluyong,2,text_fallback,low_requires_boundary_validation,
LTFRB_PUJ2156,Manila,Manila|Taguig|Makati,3,text_fallback,low_requires_boundary_validation,
LTFRB_PUJ2190,Quezon City,Quezon City|Antipolo,2,text_fallback,low_requires_boundary_validation,
LTFRB_PUJ2297,Quezon City,Quezon City|Caloocan,2,text_fallback,low_requires_boundary_validation,
LTFRB_PUJ1533,Quezon City,Quezon City,1,text_fallback,low_requires_boundary_validation,
LTFRB_PUJ2480,Manila,Manila|Malabon,2,text_fallback,low_requires_boundary_validation,
LTFRB_PUJ2530,Manila,Manila|Valenzuela,2,text_fallback,low_requires_boundary_validation,
LTFRB_PUJ2599,Manila,Manila|Quezon City,2,text_fallback,low_requires_boundary_validation,
LTFRB_PUJ2042,Quezon City,Quezon City,1,text_fallback,low_requires_boundary_validation,
LTFRB_PUJ2586,Pasig,Pasig|Manila,2,text_fallback,low_requires_boundary_validation,
LTFRB_PUJ1171,Antipolo,Antipolo|Quezon City,2,text_fallback,low_requires_boundary_validation,
LTFRB_PUJ2271,Manila,Manila|Quezon City,2,text_fallback,low_requires_boundary_validation,
LTFRB_PUJ2172,Quezon City,Quezon City,1,text_fallback,low_requires_boundary_validation,
LTFRB_PUJ2309,Makati,Makati|Manila,2,text_fallback,low_requires_boundary_validation,
LTFRB_PUJ1274,Manila,Manila|Pasay,2,text_fallback,low_requires_boundary_validation,
LTFRB_PUJ1334,Quezon City,Quezon City,1,text_fallback,low_requires_boundary_validation,
LTFRB_PUJ2089,Muntinlupa,Muntinlupa|Paranaque,2,text_fallback,low_requires_boundary_validation,
LTFRB_PUJ1021,General Mariano Alvarez,General Mariano Alvarez|Muntinlupa|Carmona,3,text_fallback,low_requires_boundary_validation,
LTFRB_PUJ1686,Taguig,Taguig|Pasig|Pateros,3,text_fallback,low_requires_boundary_validation,
LTFRB_PUJ1966,Manila,Manila|San Juan,2,text_fallback,low_requires_boundary_validation,
LTFRB_PUJ1066,Paranaque,Paranaque|Bacoor,2,text_fallback,low_requires_boundary_validation,
LTFRB_PUJ1332,Caloocan,Caloocan|Manila,2,text_fallback,low_requires_boundary_validation,
LTFRB_PUJ1516,Quezon City,Quezon City,1,text_fallback,low_requires_boundary_validation,
LTFRB_PUJ2528,Manila,Manila|Valenzuela,2,text_fallback,low_requires_boundary_validation,
LTFRB_PUJ2055,Manila,Manila,1,text_fallback,low_requires_boundary_validation,
LTFRB_PUJ2601,Manila,Manila|Quezon City,2,text_fallback,low_requires_boundary_validation,
LTFRB_PUJ1378,Quezon City,Quezon City,1,text_fallback,low_requires_boundary_validation,
LTFRB_PUJ2041,Quezon City,Quezon City,1,text_fallback,low_requires_boundary_validation,
LTFRB_PUJ2467,Pasig,Pasig|Manila,2,text_fallback,low_requires_boundary_validation,
LTFRB_PUJ1967,Manila,Manila|San Juan,2,text_fallback,low_requires_boundary_validation,
LTFRB_PUJ1335,Quezon City,Quezon City,1,text_fallback,low_requires_boundary_validation,
LTFRB_PUJ1085,Pasay,Pasay|Manila,2,text_fallback,low_requires_boundary_validation,
LTFRB_PUJ1595,Quezon City,Quezon City|Manila,2,text_fallback,low_requires_boundary_validation,
LTFRB_PUJ1736,Quezon City,Quezon City,1,text_fallback,low_requires_boundary_validation,
LTFRB_PUJ1465,Caloocan,Caloocan|Manila,2,text_fallback,low_requires_boundary_validation,
LTFRB_PUJ2034,Manila,Manila|Mandaluyong,2,text_fallback,low_requires_boundary_validation,
LTFRB_PUJ2473,Manila,Manila|Pasay,2,text_fallback,low_requires_boundary_validation,
LTFRB_PUJ1184,Quezon City,Quezon City,1,text_fallback,low_requires_boundary_validation,
LTFRB_PUJ1594,Manila,Manila|Quezon City,2,text_fallback,low_requires_boundary_validation,
LTFRB_PUJ2033,Mandaluyong,Mandaluyong|Manila,2,text_fallback,low_requires_boundary_validation,
LTFRB_PUJ2056,Manila,Manila,1,text_fallback,low_requires_boundary_validation,
LTFRB_PUJ1245,Quezon City,Quezon City,1,text_fallback,low_requires_boundary_validation,
LTFRB_PUJ1118,Caloocan,Caloocan,1,text_fallback,low_requires_boundary_validation,
LTFRB_PUJ2204,Quezon City,Quezon City|Manila,2,text_fallback,low_requires_boundary_validation,
LTFRB_PUJ1187,Manila,Manila|Antipolo|Quezon City,3,text_fallback,low_requires_boundary_validation,
LTFRB_PUJ1687,Pasig,Pasig|Taguig|Pateros,3,text_fallback,low_requires_boundary_validation,
LTFRB_PUJ1086,Manila,Manila|Pasay,2,text_fallback,low_requires_boundary_validation,
LTFRB_PUJ2246,Quezon City,Quezon City|Pasay,2,text_fallback,low_requires_boundary_validation,
LTFRB_PUJ2020,Manila,Manila|Quezon City,2,text_fallback,low_requires_boundary_validation,
LTFRB_PUJ1185,Quezon City,Quezon City,1,text_fallback,low_requires_boundary_validation,
LTFRB_PUJ1269,Caloocan,Caloocan|Manila,2,text_fallback,low_requires_boundary_validation,
LTFRB_PUJ1730,Quezon City,Quezon City,1,text_fallback,low_requires_boundary_validation,
LTFRB_PUJ1731,Quezon City,Quezon City,1,text_fallback,low_requires_boundary_validation,
LTFRB_PUJ1306,Pateros,Pateros|Mandaluyong|Pasig,3,text_fallback,low_requires_boundary_validation,
LTFRB_PUJ1877,San Jose del Monte,San Jose del Monte|Quezon City,2,text_fallback,low_requires_boundary_validation,
LTFRB_PUJ2183,Manila,Manila|Quezon City,2,text_fallback,low_requires_boundary_validation,
LTFRB_PUJ1260,Manila,Manila,1,text_fallback,low_requires_boundary_validation,
LTFRB_PUJ1449,Marikina,Marikina|Pasig,2,text_fallback,low_requires_boundary_validation,
LTFRB_PUJ1894,Quezon City,Quezon City,1,text_fallback,low_requires_boundary_validation,
LTFRB_PUJ1895,Quezon City,Quezon City,1,text_fallback,low_requires_boundary_validation,
LTFRB_PUJ2602,Quezon City,Quezon City|Manila,2,text_fallback,low_requires_boundary_validation,
LTFRB_PUJ1186,Antipolo,Antipolo|Quezon City|Manila,3,text_fallback,low_requires_boundary_validation,
LTFRB_PUJ2384,Taguig,Taguig|Pasay,2,text_fallback,low_requires_boundary_validation,
LTFRB_PUJ1947,Quezon City,Quezon City,1,text_fallback,low_requires_boundary_validation,
LTFRB_PUJ2481,Malabon,Malabon|Manila,2,text_fallback,low_requires_boundary_validation,
LTFRB_PUJ1903,Marikina,Marikina|Pateros|Pasig,3,text_fallback,low_requires_boundary_validation,
LTFRB_PUJ2201,Quezon City,Quezon City|Marikina,2,text_fallback,low_requires_boundary_validation,
LTFRB_PUJ1204,Manila,Manila|Marikina,2,text_fallback,low_requires_boundary_validation,
LTFRB_PUJ1470,Caloocan,Caloocan|Navotas,2,text_fallback,low_requires_boundary_validation,
LTFRB_PUJ1902,Pateros,Pateros|Marikina|Pasig,3,text_fallback,low_requires_boundary_validation,
LTFRB_PUJ2090,Paranaque,Paranaque|Manila,2,text_fallback,low_requires_boundary_validation,
LTFRB_PUJ1047,Antipolo,Antipolo|Mandaluyong,2,text_fallback,low_requires_boundary_validation,
LTFRB_PUJ1906,Marikina,Marikina,1,text_fallback,low_requires_boundary_validation,
LTFRB_PUJ2155,Makati,Makati,1,text_fallback,low_requires_boundary_validation,
LTFRB_PUJ1625,Quezon City,Quezon City,1,text_fallback,low_requires_boundary_validation,
LTFRB_PUJ2232,Quezon City,Quezon City,1,text_fallback,low_requires_boundary_validation,
LTFRB_PUJ1520,Quezon City,Quezon City|Marikina,2,text_fallback,low_requires_boundary_validation,
LTFRB_PUJ2259,Quezon City,Quezon City,1,text_fallback,low_requires_boundary_validation,
LTFRB_PUJ1853,Manila,Manila|Quezon City,2,text_fallback,low_requires_boundary_validation,
LTFRB_PUJ1268,Manila,Manila|Caloocan,2,text_fallback,low_requires_boundary_validation,
LTFRB_PUJ1261,Manila,Manila,1,text_fallback,low_requires_boundary_validation,
LTFRB_PUJ2490,Manila,Manila|Binangonan|Pasig,3,text_fallback,low_requires_boundary_validation,
LTFRB_PUJ1806,Quezon City,Quezon City,1,text_fallback,low_requires_boundary_validation,
LTFRB_PUJ2293,Caloocan,Caloocan|Quezon City,2,text_fallback,low_requires_boundary_validation,
LTFRB_PUJ1065,Bacoor,Bacoor|Paranaque,2,text_fallback,low_requires_boundary_validation,
LTFRB_PUJ1117,Caloocan,Caloocan,1,text_fallback,low_requires_boundary_validation,
LTFRB_PUJ1361,Makati,Makati|Manila,2,text_fallback,low_requires_boundary_validation,
LTFRB_PUJ1885,Navotas,Navotas|Manila,2,text_fallback,low_requires_boundary_validation,
LTFRB_PUJ1884,Manila,Manila|Navotas,2,text_fallback,low_requires_boundary_validation,
LTFRB_PUJ2200,Antipolo,Antipolo|Quezon City,2,text_fallback,low_requires_boundary_validation,
LTFRB_PUJ1048,Mandaluyong,Mandaluyong|Antipolo,2,text_fallback,low_requires_boundary_validation,
LTFRB_PUJ2600,Quezon City,Quezon City|Manila,2,text_fallback,low_requires_boundary_validation,
LTFRB_PUJ1448,Pasig,Pasig|Marikina,2,text_fallback,low_requires_boundary_validation,
LTFRB_PUJ1453,Marikina,Marikina|Pateros|Pasig,3,text_fallback,low_requires_boundary_validation,
LTFRB_PUJ1653,Caloocan,Caloocan,1,text_fallback,low_requires_boundary_validation,
LTFRB_PUJ2199,Quezon City,Quezon City|Antipolo,2,text_fallback,low_requires_boundary_validation,
LTFRB_PUJ1838,Manila,Manila|Pasig,2,text_fallback,low_requires_boundary_validation,
LTFRB_PUJ2140,Pasig,Pasig|Manila,2,text_fallback,low_requires_boundary_validation,
LTFRB_PUJ1471,Navotas,Navotas|Caloocan,2,text_fallback,low_requires_boundary_validation,
LTFRB_PUJ1244,Quezon City,Quezon City,1,text_fallback,low_requires_boundary_validation,
LTFRB_PUJ2346,Malabon,Malabon,1,text_fallback,low_requires_boundary_validation,
LTFRB_PUJ1562,Manila,Manila,1,text_fallback,low_requires_boundary_validation,
LTFRB_PUJ1854,Quezon City,Quezon City|Manila,2,text_fallback,low_requires_boundary_validation,
LTFRB_PUJ1907,Marikina,Marikina,1,text_fallback,low_requires_boundary_validation,
LTFRB_PUJ2206,Pasig,Pasig|Manila,2,text_fallback,low_requires_boundary_validation,
LTFRB_PUJ2482,Manila,Manila|Malabon,2,text_fallback,low_requires_boundary_validation,
LTFRB_PUJ1691,Marikina,Marikina|Pasig,2,text_fallback,low_requires_boundary_validation,
LTFRB_PUJ1490,Paranaque,Paranaque|Taguig|Manila,3,text_fallback,low_requires_boundary_validation,
LTFRB_PUJ1283,Caloocan,Caloocan|Manila,2,text_fallback,low_requires_boundary_validation,
LTFRB_PUJ2066,Caloocan,Caloocan,1,text_fallback,low_requires_boundary_validation,
LTFRB_PUJ2483,Malabon,Malabon|Manila,2,text_fallback,low_requires_boundary_validation,
LTFRB_PUJ2065,Caloocan,Caloocan,1,text_fallback,low_requires_boundary_validation,
LTFRB_PUJ2202,Marikina,Marikina|Quezon City,2,text_fallback,low_requires_boundary_validation,
LTFRB_PUJ1563,Manila,Manila,1,text_fallback,low_requires_boundary_validation,
LTFRB_PUJ1331,Caloocan,Caloocan|Manila|Dasmarinas,3,text_fallback,low_requires_boundary_validation,
LTFRB_PUJ1173,Antipolo,Antipolo|Quezon City|Manila,3,text_fallback,low_requires_boundary_validation,
LTFRB_PUJ2036,Manila,Manila|Mandaluyong,2,text_fallback,low_requires_boundary_validation,
LTFRB_PUJ1330,Manila,Manila|Caloocan|Dasmarinas,3,text_fallback,low_requires_boundary_validation,
LTFRB_PUJ1964,Manila,Manila|Caloocan,2,text_fallback,low_requires_boundary_validation,
LTFRB_PUJ1280,Manila,Manila|Quezon City,2,text_fallback,low_requires_boundary_validation,
LTFRB_PUJ1965,Caloocan,Caloocan|Manila,2,text_fallback,low_requires_boundary_validation,
LTFRB_PUJ1999,Marikina,Marikina|Quezon City,2,text_fallback,low_requires_boundary_validation,
LTFRB_PUJ2603,Manila,Manila|Quezon City,2,text_fallback,low_requires_boundary_validation,
LTFRB_PUJ1282,Manila,Manila|Caloocan,2,text_fallback,low_requires_boundary_validation,
LTFRB_PUJ2021,Quezon City,Quezon City|Manila,2,text_fallback,low_requires_boundary_validation,
LTFRB_PUJ1170,Antipolo,Antipolo|Quezon City,2,text_fallback,low_requires_boundary_validation,
LTFRB_PUJ1189,Manila,Manila|Mandaluyong,2,text_fallback,low_requires_boundary_validation,
LTFRB_PUJ2488,Manila,Manila|Binangonan,2,text_fallback,low_requires_boundary_validation,
LTFRB_PUJ1860,Quezon City,Quezon City|Manila,2,text_fallback,low_requires_boundary_validation,
LTFRB_PUJ1564,Manila,Manila,1,text_fallback,low_requires_boundary_validation,
LTFRB_PUJ2178,Quezon City,Quezon City|Manila,2,text_fallback,low_requires_boundary_validation,
LTFRB_PUJ1059,Pateros,Pateros|Makati,2,text_fallback,low_requires_boundary_validation,
LTFRB_PUJ2604,Quezon City,Quezon City|Manila,2,text_fallback,low_requires_boundary_validation,
LTFRB_PUJ1181,Manila,Manila|Antipolo|Quezon City,3,text_fallback,low_requires_boundary_validation,
LTFRB_PUJ2145,Quezon City,Quezon City,1,text_fallback,low_requires_boundary_validation,
LTFRB_PUJ1565,Manila,Manila,1,text_fallback,low_requires_boundary_validation,
LTFRB_PUJ2555,Manila,Manila|Caloocan,2,text_fallback,low_requires_boundary_validation,
LTFRB_PUJ2121,Manila,Manila|Muntinlupa,2,text_fallback,low_requires_boundary_validation,
LTFRB_PUJ1180,Antipolo,Antipolo|Quezon City|Manila,3,text_fallback,low_requires_boundary_validation,
LTFRB_PUJ1281,Quezon City,Quezon City|Manila,2,text_fallback,low_requires_boundary_validation,
LTFRB_PUJ1442,Quezon City,Quezon City,1,text_fallback,low_requires_boundary_validation,
LTFRB_PUJ1443,Quezon City,Quezon City,1,text_fallback,low_requires_boundary_validation,
LTFRB_PUJ2038,Quezon City,Quezon City|Manila,2,text_fallback,low_requires_boundary_validation,
LTFRB_PUJ1654,Caloocan,Caloocan,1,text_fallback,low_requires_boundary_validation,
LTFRB_PUJ2272,Quezon City,Quezon City|Manila,2,text_fallback,low_requires_boundary_validation,
LTFRB_PUJ1346,Taguig,Taguig|Makati,2,text_fallback,low_requires_boundary_validation,
LTFRB_PUJ2553,Caloocan,Caloocan,1,text_fallback,low_requires_boundary_validation,
LTFRB_PUJ2554,Caloocan,Caloocan,1,text_fallback,low_requires_boundary_validation,
LTFRB_PUJ2146,Quezon City,Quezon City,1,text_fallback,low_requires_boundary_validation,
LTFRB_PUJ1464,Manila,Manila|Caloocan,2,text_fallback,low_requires_boundary_validation,
LTFRB_PUJ2598,Pasig,Pasig|Manila,2,text_fallback,low_requires_boundary_validation,
LTFRB_PUJ1521,Marikina,Marikina|Quezon City,2,text_fallback,low_requires_boundary_validation,
LTFRB_PUJ1300,Quezon City,Quezon City,1,text_fallback,low_requires_boundary_validation,
LTFRB_PUJ1307,Mandaluyong,Mandaluyong|Pateros|Pasig,3,text_fallback,low_requires_boundary_validation,
LTFRB_PUJ1887,Quezon City,Quezon City|Manila,2,text_fallback,low_requires_boundary_validation,
LTFRB_PUJ2345,Malabon,Malabon,1,text_fallback,low_requires_boundary_validation,
LTFRB_PUJ2177,Manila,Manila|Quezon City,2,text_fallback,low_requires_boundary_validation,
LTFRB_PUJ1218,San Juan,San Juan|Antipolo,2,text_fallback,low_requires_boundary_validation,
LTFRB_PUJ1219,Antipolo,Antipolo|San Juan,2,text_fallback,low_requires_boundary_validation,
LTFRB_PUJ1711,Quezon City,Quezon City,1,text_fallback,low_requires_boundary_validation,
LTFRB_PUJ1831,Bacoor,Bacoor|Muntinlupa|Las Pinas,3,text_fallback,low_requires_boundary_validation,
LTFRB_PUJ1040,Bacoor,Bacoor|Muntinlupa|Las Pinas,3,text_fallback,low_requires_boundary_validation,
LTFRB_PUJ2501,Manila,Manila|Pasay,2,text_fallback,low_requires_boundary_validation,
LTFRB_PUJ1830,Muntinlupa,Muntinlupa|Bacoor|Las Pinas,3,text_fallback,low_requires_boundary_validation,
LTFRB_PUJ1991,Marikina,Marikina|Quezon City,2,text_fallback,low_requires_boundary_validation,
LTFRB_PUJ1597,Muntinlupa,Muntinlupa|Dasmarinas,2,text_fallback,low_requires_boundary_validation,
LTFRB_PUJ1596,Dasmarinas,Dasmarinas|Muntinlupa,2,text_fallback,low_requires_boundary_validation,
LTFRB_PUJ1369,Makati,Makati|Taguig,2,text_fallback,low_requires_boundary_validation,
LTFRB_PUJ1624,Quezon City,Quezon City,1,text_fallback,low_requires_boundary_validation,
LTFRB_PUJ1813,Manila,Manila|Binangonan,2,text_fallback,low_requires_boundary_validation,
LTFRB_PUJ2466,Pasig,Pasig,1,text_fallback,low_requires_boundary_validation,
LTFRB_PUJ1990,Quezon City,Quezon City|Marikina,2,text_fallback,low_requires_boundary_validation,
LTFRB_PUJ2037,Manila,Manila|Quezon City,2,text_fallback,low_requires_boundary_validation,
LTFRB_PUJ2225,Quezon City,Quezon City,1,text_fallback,low_requires_boundary_validation,
LTFRB_PUJ1238,Manila,Manila|Navotas,2,text_fallback,low_requires_boundary_validation,
LTFRB_PUJ1878,Quezon City,Quezon City,1,text_fallback,low_requires_boundary_validation,
LTFRB_PUJ2514,Mandaluyong,Mandaluyong,1,text_fallback,low_requires_boundary_validation,
LTFRB_PUJ1368,Taguig,Taguig|Makati,2,text_fallback,low_requires_boundary_validation,
LTFRB_PUJ1656,Quezon City,Quezon City|Manila,2,text_fallback,low_requires_boundary_validation,
LTFRB_PUJ2515,Manila,Manila|Mandaluyong,2,text_fallback,low_requires_boundary_validation,
LTFRB_PUJ1812,Binangonan,Binangonan|Manila,2,text_fallback,low_requires_boundary_validation,
LTFRB_PUJ1873,Pateros,Pateros|Makati,2,text_fallback,low_requires_boundary_validation,
LTFRB_PUJ1239,Navotas,Navotas|Manila,2,text_fallback,low_requires_boundary_validation,
LTFRB_PUJ1301,Quezon City,Quezon City,1,text_fallback,low_requires_boundary_validation,
LTFRB_PUJ2149,Caloocan,Caloocan|Manila,2,text_fallback,low_requires_boundary_validation,
LTFRB_PUJ1819,Mandaluyong,Mandaluyong,1,text_fallback,low_requires_boundary_validation,
LTFRB_PUJ2556,Caloocan,Caloocan|Manila,2,text_fallback,low_requires_boundary_validation,
LTFRB_PUJ1886,Manila,Manila|Quezon City,2,text_fallback,low_requires_boundary_validation,
LTFRB_PUJ1959,Manila,Manila,1,text_fallback,low_requires_boundary_validation,
LTFRB_PUJ1031,Taguig,Taguig|Manila|Pasay,3,text_fallback,low_requires_boundary_validation,
LTFRB_PUJ1859,Manila,Manila|Quezon City,2,text_fallback,low_requires_boundary_validation,
LTFRB_PUJ1308,Muntinlupa,Muntinlupa|Makati,2,text_fallback,low_requires_boundary_validation,
LTFRB_PUJ1309,Makati,Makati|Muntinlupa,2,text_fallback,low_requires_boundary_validation,
LTFRB_PUJ2513,Mandaluyong,Mandaluyong|Makati,2,text_fallback,low_requires_boundary_validation,
LTFRB_PUJ2270,San Jose del Monte,San Jose del Monte|Caloocan,2,text_fallback,low_requires_boundary_validation,
LTFRB_PUJ1893,Caloocan,Caloocan,1,text_fallback,low_requires_boundary_validation,
LTFRB_PUJ2385,Makati,Makati|Muntinlupa|Pasay,3,text_fallback,low_requires_boundary_validation,
LTFRB_PUJ2399,Manila,Manila|Quezon City,2,text_fallback,low_requires_boundary_validation,
LTFRB_PUJ1820,Mandaluyong,Mandaluyong,1,text_fallback,low_requires_boundary_validation,
LTFRB_PUJ1192,Pasig,Pasig|Mandaluyong,2,text_fallback,low_requires_boundary_validation,
LTFRB_PUJ1088,Manila,Manila|Paranaque,2,text_fallback,low_requires_boundary_validation,
LTFRB_PUJ2150,Caloocan,Caloocan,1,text_fallback,low_requires_boundary_validation,
LTFRB_PUJ1879,Quezon City,Quezon City,1,text_fallback,low_requires_boundary_validation,
LTFRB_PUJ1929,Manila,Manila|Mandaluyong,2,text_fallback,low_requires_boundary_validation,
LTFRB_PUJ1583,Mandaluyong,Mandaluyong|Manila,2,text_fallback,low_requires_boundary_validation,
LTFRB_PUJ1986,Manila,Manila|Quezon City,2,text_fallback,low_requires_boundary_validation,
LTFRB_PUJ1987,Quezon City,Quezon City|Manila,2,text_fallback,low_requires_boundary_validation,
LTFRB_PUJ1112,Quezon City,Quezon City,1,text_fallback,low_requires_boundary_validation,
LTFRB_PUJ1955,Mandaluyong,Mandaluyong|Taguig,2,text_fallback,low_requires_boundary_validation,
LTFRB_PUJ1872,Makati,Makati|Pateros,2,text_fallback,low_requires_boundary_validation,
LTFRB_PUJ1892,Manila,Manila|Caloocan,2,text_fallback,low_requires_boundary_validation,
LTFRB_PUJ2127,Muntinlupa,Muntinlupa|Bacoor|Las Pinas,3,text_fallback,low_requires_boundary_validation,
LTFRB_PUJ2616,Manila,Manila,1,text_fallback,low_requires_boundary_validation,
LTFRB_PUJ1193,Mandaluyong,Mandaluyong|Pasig,2,text_fallback,low_requires_boundary_validation,
LTFRB_PUJ1347,Makati,Makati|Taguig,2,text_fallback,low_requires_boundary_validation,
LTFRB_PUJ2122,Muntinlupa,Muntinlupa|Manila,2,text_fallback,low_requires_boundary_validation,
LTFRB_PUJ1761,Quezon City,Quezon City|Manila,2,text_fallback,low_requires_boundary_validation,
LTFRB_PUJ1486,Quezon City,Quezon City,1,text_fallback,low_requires_boundary_validation,
LTFRB_PUJ2001,Quezon City,Quezon City|Antipolo,2,text_fallback,low_requires_boundary_validation,
LTFRB_PUJ1188,Mandaluyong,Mandaluyong|Manila,2,text_fallback,low_requires_boundary_validation,
LTFRB_PUJ2184,Antipolo,Antipolo|Quezon City|Manila,3,text_fallback,low_requires_boundary_validation,
LTFRB_PUJ1263,Pasay,Pasay|Manila,2,text_fallback,low_requires_boundary_validation,
LTFRB_PUJ1081,Paranaque,Paranaque|Manila,2,text_fallback,low_requires_boundary_validation,
LTFRB_PUJ1699,Caloocan,Caloocan,1,text_fallback,low_requires_boundary_validation,
LTFRB_PUJ1852,Manila,Manila,1,text_fallback,low_requires_boundary_validation,
LTFRB_PUJ1191,Mandaluyong,Mandaluyong,1,text_fallback,low_requires_boundary_validation,
LTFRB_PUJ1698,Caloocan,Caloocan,1,text_fallback,low_requires_boundary_validation,
LTFRB_PUJ1487,Quezon City,Quezon City,1,text_fallback,low_requires_boundary_validation,
LTFRB_PUJ2082,Manila,Manila|Pasay,2,text_fallback,low_requires_boundary_validation,
LTFRB_PUJ1621,Quezon City,Quezon City,1,text_fallback,low_requires_boundary_validation,
LTFRB_PUJ1683,Quezon City,Quezon City|Manila,2,text_fallback,low_requires_boundary_validation,
LTFRB_PUJ2615,Manila,Manila,1,text_fallback,low_requires_boundary_validation,
LTFRB_PUJ2000,Antipolo,Antipolo|Quezon City,2,text_fallback,low_requires_boundary_validation,
LTFRB_PUJ1574,Manila,Manila|Quezon City,2,text_fallback,low_requires_boundary_validation,
LTFRB_PUJ2307,Makati,Makati|Manila,2,text_fallback,low_requires_boundary_validation,
LTFRB_PUJ2403,Manila,Manila|San Juan,2,text_fallback,low_requires_boundary_validation,
LTFRB_PUJ1748,Pateros,Pateros|Makati,2,text_fallback,low_requires_boundary_validation,
LTFRB_PUJ2404,Manila,Manila|San Juan,2,text_fallback,low_requires_boundary_validation,
LTFRB_PUJ2166,Manila,Manila|Pasay,2,text_fallback,low_requires_boundary_validation,
LTFRB_PUJ1682,Manila,Manila|Quezon City,2,text_fallback,low_requires_boundary_validation,
LTFRB_PUJ1651,Pasay,Pasay,1,text_fallback,low_requires_boundary_validation,
LTFRB_PUJ2400,Quezon City,Quezon City|Manila,2,text_fallback,low_requires_boundary_validation,
LTFRB_PUJ2593,Paranaque,Paranaque|Pasay,2,text_fallback,low_requires_boundary_validation,
LTFRB_PUJ1655,Manila,Manila|Quezon City,2,text_fallback,low_requires_boundary_validation,
LTFRB_PUJ2220,Makati,Makati|Pateros,2,text_fallback,low_requires_boundary_validation,
LTFRB_PUJ1367,Makati,Makati|Pateros,2,text_fallback,low_requires_boundary_validation,
LTFRB_PUJ2577,Manila,Manila|Mandaluyong,2,text_fallback,low_requires_boundary_validation,
LTFRB_PUJ2388,Manila,Manila,1,text_fallback,low_requires_boundary_validation,
LTFRB_PUJ1956,Pateros,Pateros|Mandaluyong,2,text_fallback,low_requires_boundary_validation,
LTFRB_PUJ1749,Makati,Makati|Pateros,2,text_fallback,low_requires_boundary_validation,
LTFRB_PUJ1255,Manila,Manila|Pasay,2,text_fallback,low_requires_boundary_validation,
LTFRB_PUJ1760,Manila,Manila|Quezon City,2,text_fallback,low_requires_boundary_validation,
LTFRB_PUJ1807,Quezon City,Quezon City,1,text_fallback,low_requires_boundary_validation,
LTFRB_PUJ2035,Makati,Makati|Manila,2,text_fallback,low_requires_boundary_validation,
LTFRB_PUJ1924,Manila,Manila,1,text_fallback,low_requires_boundary_validation,
LTFRB_PUJ2525,Manila,Manila|Pasay,2,text_fallback,low_requires_boundary_validation,
LTFRB_PUJ1298,Manila,Manila,1,text_fallback,low_requires_boundary_validation,
LTFRB_PUJ1001,Mandaluyong,Mandaluyong,1,text_fallback,low_requires_boundary_validation,
LTFRB_PUJ1002,Mandaluyong,Mandaluyong,1,text_fallback,low_requires_boundary_validation,
LTFRB_PUJ1190,Mandaluyong,Mandaluyong,1,text_fallback,low_requires_boundary_validation,
LTFRB_PUJ2075,Paranaque,Paranaque|Manila,2,text_fallback,low_requires_boundary_validation,
LTFRB_PUJ2187,Manila,Manila|Antipolo|Quezon City,3,text_fallback,low_requires_boundary_validation,
LTFRB_PUJ2496,Manila,Manila|Quezon City,2,text_fallback,low_requires_boundary_validation,
LTFRB_PUJ2503,Manila,Manila,1,text_fallback,low_requires_boundary_validation,
LTFRB_PUJ1750,Pateros,Pateros|Makati,2,text_fallback,low_requires_boundary_validation,
LTFRB_PUJ1851,Manila,Manila,1,text_fallback,low_requires_boundary_validation,
LTFRB_PUJ1875,Quezon City,Quezon City,1,text_fallback,low_requires_boundary_validation,
LTFRB_PUJ2229,Quezon City,Quezon City,1,text_fallback,low_requires_boundary_validation,
LTFRB_PUJ1783,Pasay,Pasay|Taguig|Manila,3,text_fallback,low_requires_boundary_validation,
LTFRB_PUJ2251,Manila,Manila|Antipolo|Quezon City|Pasay,4,text_fallback,low_requires_boundary_validation,
LTFRB_PUJ2269,Caloocan,Caloocan|San Jose del Monte,2,text_fallback,low_requires_boundary_validation,
LTFRB_PUJ1327,Manila,Manila,1,text_fallback,low_requires_boundary_validation,
LTFRB_PUJ2594,Pasay,Pasay|Paranaque,2,text_fallback,low_requires_boundary_validation,
LTFRB_PUJ1716,Quezon City,Quezon City|Caloocan,2,text_fallback,low_requires_boundary_validation,
LTFRB_PUJ2068,Caloocan,Caloocan|Quezon City,2,text_fallback,low_requires_boundary_validation,
LTFRB_PUJ1362,Makati,Makati|Pateros,2,text_fallback,low_requires_boundary_validation,
LTFRB_PUJ1363,Pateros,Pateros|Makati,2,text_fallback,low_requires_boundary_validation,
LTFRB_PUJ1547,Quezon City,Quezon City|Manila,2,text_fallback,low_requires_boundary_validation,
LTFRB_PUJ1710,Quezon City,Quezon City,1,text_fallback,low_requires_boundary_validation,
LTFRB_PUJ1060,Makati,Makati|Pateros,2,text_fallback,low_requires_boundary_validation,
LTFRB_PUJ1515,Quezon City,Quezon City,1,text_fallback,low_requires_boundary_validation,
LTFRB_PUJ1717,Caloocan,Caloocan|Quezon City,2,text_fallback,low_requires_boundary_validation,
LTFRB_PUJ1958,Manila,Manila,1,text_fallback,low_requires_boundary_validation,
LTFRB_PUJ2308,Mandaluyong,Mandaluyong,1,text_fallback,low_requires_boundary_validation,
LTFRB_PUJ1536,Manila,Manila,1,text_fallback,low_requires_boundary_validation,
LTFRB_PUJ2512,Mandaluyong,Mandaluyong,1,text_fallback,low_requires_boundary_validation,
LTFRB_PUJ1030,Pasay,Pasay|Taguig|Manila,3,text_fallback,low_requires_boundary_validation,
LTFRB_PUJ1029,Taguig,Taguig|Manila|Pasay,3,text_fallback,low_requires_boundary_validation,
LTFRB_PUJ1763,Quezon City,Quezon City|Manila,2,text_fallback,low_requires_boundary_validation,
LTFRB_PUJ1932,Manila,Manila|Quezon City,2,text_fallback,low_requires_boundary_validation,
LTFRB_PUJ1933,Quezon City,Quezon City|Manila,2,text_fallback,low_requires_boundary_validation,
LTFRB_PUJ1708,Quezon City,Quezon City,1,text_fallback,low_requires_boundary_validation,
LTFRB_PUJ1709,Quezon City,Quezon City,1,text_fallback,low_requires_boundary_validation,
LTFRB_PUJ1827,Muntinlupa,Muntinlupa|Binan,2,text_fallback,low_requires_boundary_validation,
LTFRB_PUJ2182,Manila,Manila,1,text_fallback,low_requires_boundary_validation,
LTFRB_PUJ2524,Pasay,Pasay|Manila,2,text_fallback,low_requires_boundary_validation,
LTFRB_PUJ1491,Taguig,Taguig|Manila|Paranaque,3,text_fallback,low_requires_boundary_validation,
LTFRB_PUJ2070,Caloocan,Caloocan|Quezon City,2,text_fallback,low_requires_boundary_validation,
LTFRB_PUJ1414,Manila,Manila|Makati|Pasay,3,text_fallback,low_requires_boundary_validation,
LTFRB_PUJ1928,Mandaluyong,Mandaluyong|Manila,2,text_fallback,low_requires_boundary_validation,
LTFRB_PUJ1014,Paranaque,Paranaque,1,text_fallback,low_requires_boundary_validation,
LTFRB_PUJ1130,Quezon City,Quezon City,1,text_fallback,low_requires_boundary_validation,
LTFRB_PUJ1131,Quezon City,Quezon City,1,text_fallback,low_requires_boundary_validation,
LTFRB_PUJ1087,Paranaque,Paranaque|Manila,2,text_fallback,low_requires_boundary_validation,
LTFRB_PUJ2284,Manila,Manila,1,text_fallback,low_requires_boundary_validation,
LTFRB_PUJ1843,Quezon City,Quezon City,1,text_fallback,low_requires_boundary_validation,
LTFRB_PUJ1868,Quezon City,Quezon City,1,text_fallback,low_requires_boundary_validation,
LTFRB_PUJ1869,Quezon City,Quezon City,1,text_fallback,low_requires_boundary_validation,
LTFRB_PUJ1366,Pateros,Pateros|Makati,2,text_fallback,low_requires_boundary_validation,
LTFRB_PUJ2159,Pasig,Pasig|Manila,2,text_fallback,low_requires_boundary_validation,
LTFRB_PUJ2067,Quezon City,Quezon City|Caloocan,2,text_fallback,low_requires_boundary_validation,
LTFRB_PUJ2160,Manila,Manila|Pasig,2,text_fallback,low_requires_boundary_validation,
LTFRB_PUJ1389,Manila,Manila,1,text_fallback,low_requires_boundary_validation,
LTFRB_PUJ1111,Quezon City,Quezon City,1,text_fallback,low_requires_boundary_validation,
LTFRB_PUJ2575,Taguig,Taguig|Pateros|Pasig,3,text_fallback,low_requires_boundary_validation,
LTFRB_PUJ2154,Malabon,Malabon,1,text_fallback,low_requires_boundary_validation,
LTFRB_PUJ1098,Paranaque,Paranaque,1,text_fallback,low_requires_boundary_validation,
LTFRB_PUJ1572,Manila,Manila|San Juan,2,text_fallback,low_requires_boundary_validation,
LTFRB_PUJ1267,Caloocan,Caloocan|Manila,2,text_fallback,low_requires_boundary_validation,
LTFRB_PUJ1979,Quezon City,Quezon City|Manila,2,text_fallback,low_requires_boundary_validation,
LTFRB_PUJ2210,Mandaluyong,Mandaluyong|Taguig,2,text_fallback,low_requires_boundary_validation,
LTFRB_PUJ2219,Pasig,Pasig|Makati|Pateros,3,text_fallback,low_requires_boundary_validation,
LTFRB_PUJ2429,Manila,Manila,1,text_fallback,low_requires_boundary_validation,
LTFRB_PUJ1338,Makati,Makati,1,text_fallback,low_requires_boundary_validation,
LTFRB_PUJ1992,Quezon City,Quezon City|Marikina,2,text_fallback,low_requires_boundary_validation,
LTFRB_PUJ1582,Manila,Manila|Mandaluyong,2,text_fallback,low_requires_boundary_validation,
LTFRB_PUJ2029,Pasay,Pasay,1,text_fallback,low_requires_boundary_validation,
LTFRB_PUJ2030,Pasay,Pasay,1,text_fallback,low_requires_boundary_validation,
LTFRB_PUJ1266,Manila,Manila|Caloocan,2,text_fallback,low_requires_boundary_validation,
LTFRB_PUJ1874,Quezon City,Quezon City,1,text_fallback,low_requires_boundary_validation,
LTFRB_PUJ2188,Manila,Manila,1,text_fallback,low_requires_boundary_validation,
LTFRB_PUJ2576,Pateros,Pateros|Taguig|Pasig,3,text_fallback,low_requires_boundary_validation,
LTFRB_PUJ2168,Pasay,Pasay|Bacoor,2,text_fallback,low_requires_boundary_validation,
LTFRB_PUJ2165,Pasay,Pasay|Manila,2,text_fallback,low_requires_boundary_validation,
LTFRB_PUJ2252,Manila,Manila|Pasay,2,text_fallback,low_requires_boundary_validation,
LTFRB_PUJ1573,San Juan,San Juan|Manila,2,text_fallback,low_requires_boundary_validation,
LTFRB_PUJ1771,Quezon City,Quezon City,1,text_fallback,low_requires_boundary_validation,
LTFRB_PUJ2302,Makati,Makati|Muntinlupa|Pasay,3,text_fallback,low_requires_boundary_validation,
LTFRB_PUJ1787,Pasay,Pasay|Taguig,2,text_fallback,low_requires_boundary_validation,
LTFRB_PUJ1145,Manila,Manila,1,text_fallback,low_requires_boundary_validation,
LTFRB_PUJ1900,Taguig,Taguig|Makati,2,text_fallback,low_requires_boundary_validation,
LTFRB_PUJ2181,Manila,Manila,1,text_fallback,low_requires_boundary_validation,
LTFRB_PUJ1123,Manila,Manila,1,text_fallback,low_requires_boundary_validation,
LTFRB_PUJ1620,Quezon City,Quezon City,1,text_fallback,low_requires_boundary_validation,
LTFRB_PUJ1718,Caloocan,Caloocan|Malabon,2,text_fallback,low_requires_boundary_validation,
LTFRB_PUJ1782,Taguig,Taguig|Manila|Pasay,3,text_fallback,low_requires_boundary_validation,
LTFRB_PUJ1918,Makati,Makati|Manila,2,text_fallback,low_requires_boundary_validation,
LTFRB_PUJ1993,Marikina,Marikina|Quezon City,2,text_fallback,low_requires_boundary_validation,
LTFRB_PUJ1870,Pateros,Pateros|Makati,2,text_fallback,low_requires_boundary_validation,
LTFRB_PUJ1537,Manila,Manila,1,text_fallback,low_requires_boundary_validation,
LTFRB_PUJ2578,Pasig,Pasig|Mandaluyong,2,text_fallback,low_requires_boundary_validation,
LTFRB_PUJ1745,Quezon City,Quezon City,1,text_fallback,low_requires_boundary_validation,
LTFRB_PUJ2420,Quezon City,Quezon City|Caloocan,2,text_fallback,low_requires_boundary_validation,
LTFRB_PUJ2108,Quezon City,Quezon City|Manila,2,text_fallback,low_requires_boundary_validation,
LTFRB_PUJ1128,Manila,Manila,1,text_fallback,low_requires_boundary_validation,
LTFRB_PUJ1249,Quezon City,Quezon City,1,text_fallback,low_requires_boundary_validation,
LTFRB_PUJ1057,Manila,Manila,1,text_fallback,low_requires_boundary_validation,
LTFRB_PUJ1058,Manila,Manila,1,text_fallback,low_requires_boundary_validation,
LTFRB_PUJ1318,Mandaluyong,Mandaluyong|Pasig,2,text_fallback,low_requires_boundary_validation,
LTFRB_PUJ1729,Manila,Manila,1,text_fallback,low_requires_boundary_validation,
LTFRB_PUJ1161,Quezon City,Quezon City|Antipolo,2,text_fallback,low_requires_boundary_validation,
LTFRB_PUJ1719,Malabon,Malabon|Caloocan,2,text_fallback,low_requires_boundary_validation,
LTFRB_PUJ1125,Manila,Manila,1,text_fallback,low_requires_boundary_validation,
LTFRB_PUJ1160,Antipolo,Antipolo|Quezon City,2,text_fallback,low_requires_boundary_validation,
LTFRB_PUJ1299,Manila,Manila,1,text_fallback,low_requires_boundary_validation,
LTFRB_PUJ1575,Quezon City,Quezon City|Manila,2,text_fallback,low_requires_boundary_validation,
LTFRB_PUJ1616,Quezon City,Quezon City,1,text_fallback,low_requires_boundary_validation,
LTFRB_PUJ1617,Quezon City,Quezon City,1,text_fallback,low_requires_boundary_validation,
LTFRB_PUJ1103,Manila,Manila,1,text_fallback,low_requires_boundary_validation,
LTFRB_PUJ1312,Mandaluyong,Mandaluyong,1,text_fallback,low_requires_boundary_validation,
LTFRB_PUJ1313,Mandaluyong,Mandaluyong,1,text_fallback,low_requires_boundary_validation,
LTFRB_PUJ1657,Valenzuela,Valenzuela|Malabon,2,text_fallback,low_requires_boundary_validation,
LTFRB_PUJ1658,Malabon,Malabon|Valenzuela,2,text_fallback,low_requires_boundary_validation,
LTFRB_PUJ1930,Quezon City,Quezon City,1,text_fallback,low_requires_boundary_validation,
LTFRB_PUJ1931,Quezon City,Quezon City,1,text_fallback,low_requires_boundary_validation,
LTFRB_PUJ1418,Malabon,Malabon,1,text_fallback,low_requires_boundary_validation,
LTFRB_PUJ2485,Malabon,Malabon,1,text_fallback,low_requires_boundary_validation,
LTFRB_PUJ2419,Quezon City,Quezon City,1,text_fallback,low_requires_boundary_validation,
LTFRB_PUJ2502,Manila,Manila,1,text_fallback,low_requires_boundary_validation,
LTFRB_PUJ1421,Malabon,Malabon|Navotas,2,text_fallback,low_requires_boundary_validation,
LTFRB_PUJ2167,Bacoor,Bacoor|Pasay,2,text_fallback,low_requires_boundary_validation,
LTFRB_PUJ1744,Quezon City,Quezon City,1,text_fallback,low_requires_boundary_validation,
LTFRB_PUJ2118,Caloocan,Caloocan,1,text_fallback,low_requires_boundary_validation,
LTFRB_PUJ1844,Quezon City,Quezon City,1,text_fallback,low_requires_boundary_validation,
LTFRB_PUJ2044,Antipolo,Antipolo|Quezon City|Manila,3,text_fallback,low_requires_boundary_validation,
LTFRB_PUJ2589,Manila,Manila|Pasig|San Juan,3,text_fallback,low_requires_boundary_validation,
LTFRB_PUJ2590,Pasig,Pasig|Manila|San Juan,3,text_fallback,low_requires_boundary_validation,
LTFRB_PUJ1319,Pasig,Pasig|Mandaluyong,2,text_fallback,low_requires_boundary_validation,
LTFRB_PUJ1901,Makati,Makati|Taguig,2,text_fallback,low_requires_boundary_validation,
LTFRB_PUJ1954,Taguig,Taguig|Mandaluyong,2,text_fallback,low_requires_boundary_validation,
LTFRB_PUJ2107,Manila,Manila|Quezon City,2,text_fallback,low_requires_boundary_validation,
LTFRB_PUJ1619,Makati,Makati|Pasay,2,text_fallback,low_requires_boundary_validation,
LTFRB_PUJ1781,Mandaluyong,Mandaluyong|Taguig,2,text_fallback,low_requires_boundary_validation,
LTFRB_PUJ1970,Manila,Manila,1,text_fallback,low_requires_boundary_validation,
LTFRB_PUJ1971,Manila,Manila,1,text_fallback,low_requires_boundary_validation,
LTFRB_PUJ1801,Pasay,Pasay|Makati,2,text_fallback,low_requires_boundary_validation,
LTFRB_PUJ2383,Manila,Manila|Pasay,2,text_fallback,low_requires_boundary_validation,
LTFRB_PUJ1321,Manila,Manila|Mandaluyong,2,text_fallback,low_requires_boundary_validation,
LTFRB_PUJ1388,Manila,Manila,1,text_fallback,low_requires_boundary_validation,
LTFRB_PUJ1122,Manila,Manila,1,text_fallback,low_requires_boundary_validation,
LTFRB_PUJ1144,Manila,Manila,1,text_fallback,low_requires_boundary_validation,
LTFRB_PUJ1514,Quezon City,Quezon City,1,text_fallback,low_requires_boundary_validation,
LTFRB_PUJ1871,Makati,Makati|Pateros,2,text_fallback,low_requires_boundary_validation,
LTFRB_PUJ2117,Caloocan,Caloocan,1,text_fallback,low_requires_boundary_validation,
LTFRB_PUJ1623,Quezon City,Quezon City,1,text_fallback,low_requires_boundary_validation,
LTFRB_PUJ1254,Pasay,Pasay|Manila,2,text_fallback,low_requires_boundary_validation,
LTFRB_PUJ1323,Mandaluyong,Mandaluyong|Pateros|Taguig,3,text_fallback,low_requires_boundary_validation,
LTFRB_PUJ2458,Binan,Binan,1,text_fallback,low_requires_boundary_validation,
LTFRB_PUJ2064,Manila,Manila,1,text_fallback,low_requires_boundary_validation,
LTFRB_PUJ1598,Dasmarinas,Dasmarinas|Muntinlupa,2,text_fallback,low_requires_boundary_validation,
LTFRB_PUJ1599,Muntinlupa,Muntinlupa|Dasmarinas,2,text_fallback,low_requires_boundary_validation,
LTFRB_PUJ1297,Manila,Manila,1,text_fallback,low_requires_boundary_validation,
LTFRB_PUJ1124,Manila,Manila,1,text_fallback,low_requires_boundary_validation,
LTFRB_PUJ2209,Makati,Makati|Mandaluyong,2,text_fallback,low_requires_boundary_validation,
LTFRB_PUJ1978,Manila,Manila|Quezon City,2,text_fallback,low_requires_boundary_validation,
LTFRB_PUJ1100,Paranaque,Paranaque|Bacoor|Las Pinas,3,text_fallback,low_requires_boundary_validation,
LTFRB_PUJ1376,Quezon City,Quezon City,1,text_fallback,low_requires_boundary_validation,
LTFRB_PUJ1377,Quezon City,Quezon City,1,text_fallback,low_requires_boundary_validation,
LTFRB_PUJ2498,Pasay,Pasay|Manila,2,text_fallback,low_requires_boundary_validation,
LTFRB_PUJ1919,Manila,Manila|Makati,2,text_fallback,low_requires_boundary_validation,
LTFRB_PUJ1441,Quezon City,Quezon City,1,text_fallback,low_requires_boundary_validation,
LTFRB_PUJ2610,Quezon City,Quezon City|Manila,2,text_fallback,low_requires_boundary_validation,
LTFRB_PUJ1213,Makati,Makati|Pasay,2,text_fallback,low_requires_boundary_validation,
LTFRB_PUJ2260,Quezon City,Quezon City,1,text_fallback,low_requires_boundary_validation,
LTFRB_PUJ2081,Paranaque,Paranaque|Manila,2,text_fallback,low_requires_boundary_validation,
LTFRB_PUJ2051,Manila,Manila|Quezon City,2,text_fallback,low_requires_boundary_validation,
LTFRB_PUJ2052,Quezon City,Quezon City|Manila,2,text_fallback,low_requires_boundary_validation,
LTFRB_PUJ1104,Manila,Manila,1,text_fallback,low_requires_boundary_validation,
LTFRB_PUJ2040,Quezon City,Quezon City|Manila,2,text_fallback,low_requires_boundary_validation,
LTFRB_PUJ2609,Manila,Manila|Quezon City,2,text_fallback,low_requires_boundary_validation,
LTFRB_PUJ1780,Taguig,Taguig|Mandaluyong,2,text_fallback,low_requires_boundary_validation,
LTFRB_PUJ2469,Quezon City,Quezon City,1,text_fallback,low_requires_boundary_validation,
LTFRB_PUJ2316,Manila,Manila|Pasay,2,text_fallback,low_requires_boundary_validation,
LTFRB_PUJ2459,Muntinlupa,Muntinlupa|Binan,2,text_fallback,low_requires_boundary_validation,
LTFRB_PUJ1339,Makati,Makati,1,text_fallback,low_requires_boundary_validation,
LTFRB_PUJ2303,Binan,Binan|Taguig,2,text_fallback,low_requires_boundary_validation,
LTFRB_PUJ2315,Pasay,Pasay|Manila,2,text_fallback,low_requires_boundary_validation,
LTFRB_PUJ1095,Paranaque,Paranaque,1,text_fallback,low_requires_boundary_validation,
LTFRB_PUJ1096,Paranaque,Paranaque,1,text_fallback,low_requires_boundary_validation,
LTFRB_PUJ1529,Pasig,Pasig|Taguig,2,text_fallback,low_requires_boundary_validation,
LTFRB_PUJ1712,Quezon City,Quezon City,1,text_fallback,low_requires_boundary_validation,
LTFRB_PUJ1713,Quezon City,Quezon City,1,text_fallback,low_requires_boundary_validation,
LTFRB_PUJ2153,Malabon,Malabon,1,text_fallback,low_requires_boundary_validation,
LTFRB_PUJ1296,Manila,Manila,1,text_fallback,low_requires_boundary_validation,
LTFRB_PUJ1697,Caloocan,Caloocan,1,text_fallback,low_requires_boundary_validation,
LTFRB_PUJ1419,Malabon,Malabon,1,text_fallback,low_requires_boundary_validation,
LTFRB_PUJ1528,Taguig,Taguig|Pasig,2,text_fallback,low_requires_boundary_validation,
LTFRB_PUJ1622,Quezon City,Quezon City,1,text_fallback,low_requires_boundary_validation,
LTFRB_PUJ2551,Bacoor,Bacoor,1,text_fallback,low_requires_boundary_validation,
LTFRB_PUJ1951,Quezon City,Quezon City,1,text_fallback,low_requires_boundary_validation,
LTFRB_PUJ2382,Pasay,Pasay|Manila,2,text_fallback,low_requires_boundary_validation,
LTFRB_PUJ2468,Quezon City,Quezon City,1,text_fallback,low_requires_boundary_validation,
LTFRB_PUJ1409,Manila,Manila,1,text_fallback,low_requires_boundary_validation,
LTFRB_PUJ1003,Caloocan,Caloocan,1,text_fallback,low_requires_boundary_validation,
LTFRB_PUJ1440,Quezon City,Quezon City,1,text_fallback,low_requires_boundary_validation,
LTFRB_PUJ1344,Makati,Makati|Taguig|Manila,3,text_fallback,low_requires_boundary_validation,
LTFRB_PUJ1456,Marikina,Marikina|Manila,2,text_fallback,low_requires_boundary_validation,
LTFRB_PUJ1925,Manila,Manila,1,text_fallback,low_requires_boundary_validation,
LTFRB_PUJ1457,Manila,Manila|Marikina,2,text_fallback,low_requires_boundary_validation,
LTFRB_PUJ2071,Bacoor,Bacoor|Paranaque,2,text_fallback,low_requires_boundary_validation,
LTFRB_PUJ2072,Paranaque,Paranaque|Bacoor,2,text_fallback,low_requires_boundary_validation,
LTFRB_PUJ2507,Manila,Manila,1,text_fallback,low_requires_boundary_validation,
LTFRB_PUJ1116,Caloocan,Caloocan,1,text_fallback,low_requires_boundary_validation,
LTFRB_PUJ2362,Manila,Manila,1,text_fallback,low_requires_boundary_validation,
LTFRB_PUJ2506,Manila,Manila,1,text_fallback,low_requires_boundary_validation,
LTFRB_PUJ2214,Mandaluyong,Mandaluyong|Pateros,2,text_fallback,low_requires_boundary_validation,
LTFRB_PUJ1696,Caloocan,Caloocan,1,text_fallback,low_requires_boundary_validation,
LTFRB_PUJ2116,Manila,Manila,1,text_fallback,low_requires_boundary_validation,
LTFRB_PUJ1162,Manila,Manila|Antipolo|Quezon City,3,text_fallback,low_requires_boundary_validation,
LTFRB_PUJ2432,Quezon City,Quezon City|Caloocan,2,text_fallback,low_requires_boundary_validation,
LTFRB_PUJ1865,Quezon City,Quezon City,1,text_fallback,low_requires_boundary_validation,
LTFRB_PUJ1943,Quezon City,Quezon City,1,text_fallback,low_requires_boundary_validation,
LTFRB_PUJ1770,Quezon City,Quezon City,1,text_fallback,low_requires_boundary_validation,
LTFRB_PUJ2499,Manila,Manila|Pasay,2,text_fallback,low_requires_boundary_validation,
LTFRB_PUJ1408,Manila,Manila,1,text_fallback,low_requires_boundary_validation,
LTFRB_PUJ1926,Manila,Manila,1,text_fallback,low_requires_boundary_validation,
LTFRB_PUJ1097,Paranaque,Paranaque,1,text_fallback,low_requires_boundary_validation,
LTFRB_PUJ1004,Caloocan,Caloocan,1,text_fallback,low_requires_boundary_validation,
LTFRB_PUJ1899,Pateros,Pateros|Makati,2,text_fallback,low_requires_boundary_validation,
LTFRB_PUJ2104,Quezon City,Quezon City|Manila,2,text_fallback,low_requires_boundary_validation,
LTFRB_PUJ1498,Caloocan,Caloocan,1,text_fallback,low_requires_boundary_validation,
LTFRB_PUJ1499,Caloocan,Caloocan,1,text_fallback,low_requires_boundary_validation,
LTFRB_PUJ2074,Paranaque,Paranaque,1,text_fallback,low_requires_boundary_validation,
LTFRB_PUJ2180,Quezon City,Quezon City|Manila,2,text_fallback,low_requires_boundary_validation,
LTFRB_PUJ2497,Quezon City,Quezon City|Manila,2,text_fallback,low_requires_boundary_validation,
LTFRB_PUJ1587,Quezon City,Quezon City|Manila,2,text_fallback,low_requires_boundary_validation,
LTFRB_PUJ1727,Pasay,Pasay|Makati,2,text_fallback,low_requires_boundary_validation,
LTFRB_PUJ2073,Paranaque,Paranaque,1,text_fallback,low_requires_boundary_validation,
LTFRB_PUJ2552,Bacoor,Bacoor,1,text_fallback,low_requires_boundary_validation,
LTFRB_PUJ2565,Quezon City,Quezon City,1,text_fallback,low_requires_boundary_validation,
LTFRB_PUJ1013,Paranaque,Paranaque,1,text_fallback,low_requires_boundary_validation,
LTFRB_PUJ2428,Manila,Manila,1,text_fallback,low_requires_boundary_validation,
LTFRB_PUJ1019,Binan,Binan|Muntinlupa|Carmona,3,text_fallback,low_requires_boundary_validation,
LTFRB_PUJ1159,Antipolo,Antipolo|Quezon City|Manila,3,text_fallback,low_requires_boundary_validation,
LTFRB_PUJ2179,Manila,Manila|Quezon City,2,text_fallback,low_requires_boundary_validation,
LTFRB_PUJ1386,Manila,Manila,1,text_fallback,low_requires_boundary_validation,
LTFRB_PUJ1555,Quezon City,Quezon City,1,text_fallback,low_requires_boundary_validation,
LTFRB_PUJ2304,Muntinlupa,Muntinlupa|Binan|Taguig,3,text_fallback,low_requires_boundary_validation,
LTFRB_PUJ1134,Quezon City,Quezon City,1,text_fallback,low_requires_boundary_validation,
LTFRB_PUJ1135,Quezon City,Quezon City,1,text_fallback,low_requires_boundary_validation,
LTFRB_PUJ1163,Antipolo,Antipolo|Quezon City|Manila,3,text_fallback,low_requires_boundary_validation,
LTFRB_PUJ2039,Manila,Manila|Quezon City,2,text_fallback,low_requires_boundary_validation,
LTFRB_PUJ2157,Makati,Makati,1,text_fallback,low_requires_boundary_validation,
LTFRB_PUJ1172,Manila,Manila|Antipolo|Quezon City,3,text_fallback,low_requires_boundary_validation,
LTFRB_PUJ1613,Makati,Makati,1,text_fallback,low_requires_boundary_validation,
LTFRB_PUJ2579,Manila,Manila|Quezon City|Pasig,3,text_fallback,low_requires_boundary_validation,
LTFRB_PUJ1626,Caloocan,Caloocan,1,text_fallback,low_requires_boundary_validation,
LTFRB_PUJ1627,Caloocan,Caloocan,1,text_fallback,low_requires_boundary_validation,
LTFRB_PUJ2239,Makati,Makati,1,text_fallback,low_requires_boundary_validation,
LTFRB_PUJ2401,Quezon City,Quezon City|Caloocan,2,text_fallback,low_requires_boundary_validation,
LTFRB_PUJ1387,Manila,Manila,1,text_fallback,low_requires_boundary_validation,
LTFRB_PUJ1618,Pasay,Pasay|Makati,2,text_fallback,low_requires_boundary_validation,
LTFRB_PUJ1726,Makati,Makati|Pasay,2,text_fallback,low_requires_boundary_validation,
LTFRB_PUJ1290,Manila,Manila,1,text_fallback,low_requires_boundary_validation,
LTFRB_PUJ1291,Manila,Manila,1,text_fallback,low_requires_boundary_validation,
LTFRB_PUJ1257,Manila,Manila,1,text_fallback,low_requires_boundary_validation,
LTFRB_PUJ1842,Manila,Manila,1,text_fallback,low_requires_boundary_validation,
LTFRB_PUJ2115,Manila,Manila,1,text_fallback,low_requires_boundary_validation,
LTFRB_PUJ2174,Quezon City,Quezon City|Caloocan,2,text_fallback,low_requires_boundary_validation,
LTFRB_PUJ1051,Antipolo,Antipolo|Marikina,2,text_fallback,low_requires_boundary_validation,
LTFRB_PUJ1121,Manila,Manila,1,text_fallback,low_requires_boundary_validation,
LTFRB_PUJ2151,Antipolo,Antipolo|Marikina,2,text_fallback,low_requires_boundary_validation,
LTFRB_PUJ1822,Quezon City,Quezon City,1,text_fallback,low_requires_boundary_validation,
LTFRB_PUJ2390,Manila,Manila,1,text_fallback,low_requires_boundary_validation,
LTFRB_PUJ1415,Makati,Makati|Manila|Pasay,3,text_fallback,low_requires_boundary_validation,
LTFRB_PUJ1950,Quezon City,Quezon City,1,text_fallback,low_requires_boundary_validation,
LTFRB_PUJ1898,Makati,Makati|Pateros,2,text_fallback,low_requires_boundary_validation,
LTFRB_PUJ2043,Manila,Manila|Antipolo|Quezon City,3,text_fallback,low_requires_boundary_validation,
LTFRB_PUJ2317,Quezon City,Quezon City,1,text_fallback,low_requires_boundary_validation,
LTFRB_PUJ1256,Manila,Manila,1,text_fallback,low_requires_boundary_validation,
LTFRB_PUJ2286,Manila,Manila,1,text_fallback,low_requires_boundary_validation,
LTFRB_PUJ2287,Quezon City,Quezon City,1,text_fallback,low_requires_boundary_validation,
LTFRB_PUJ1322,Pateros,Pateros|Mandaluyong|Taguig,3,text_fallback,low_requires_boundary_validation,
LTFRB_PUJ2138,Quezon City,Quezon City|Manila,2,text_fallback,low_requires_boundary_validation,
LTFRB_PUJ1800,Makati,Makati|Pasay,2,text_fallback,low_requires_boundary_validation,
LTFRB_PUJ2280,Makati,Makati,1,text_fallback,low_requires_boundary_validation,
LTFRB_PUJ2250,Quezon City,Quezon City,1,text_fallback,low_requires_boundary_validation,
LTFRB_PUJ2318,Quezon City,Quezon City,1,text_fallback,low_requires_boundary_validation,
LTFRB_PUJ2588,Pasig,Pasig,1,text_fallback,low_requires_boundary_validation,
LTFRB_PUJ1524,Taguig,Taguig|Manila|Pasay,3,text_fallback,low_requires_boundary_validation,
LTFRB_PUJ2185,Manila,Manila|Quezon City,2,text_fallback,low_requires_boundary_validation,
LTFRB_PUJ1252,Makati,Makati,1,text_fallback,low_requires_boundary_validation,
LTFRB_PUJ2444,Pasig,Pasig,1,text_fallback,low_requires_boundary_validation,
LTFRB_PUJ1212,Pasay,Pasay|Makati,2,text_fallback,low_requires_boundary_validation,
LTFRB_PUJ1243,Quezon City,Quezon City|Manila,2,text_fallback,low_requires_boundary_validation,
LTFRB_PUJ1007,Manila,Manila,1,text_fallback,low_requires_boundary_validation,
LTFRB_PUJ2027,Pasay,Pasay|Makati,2,text_fallback,low_requires_boundary_validation,
LTFRB_PUJ2389,Unspecified,Unspecified,1,text_fallback,low_requires_boundary_validation,
LTFRB_PUJ2013,Caloocan,Caloocan,1,text_fallback,low_requires_boundary_validation,
LTFRB_PUJ1248,Quezon City,Quezon City,1,text_fallback,low_requires_boundary_validation,
LTFRB_PUJ1934,Navotas,Navotas|Malabon,2,text_fallback,low_requires_boundary_validation,
LTFRB_PUJ1888,Quezon City,Quezon City,1,text_fallback,low_requires_boundary_validation,
LTFRB_PUJ2526,Malabon,Malabon,1,text_fallback,low_requires_boundary_validation,
LTFRB_PUJ1336,Manila,Manila|Quezon City,2,text_fallback,low_requires_boundary_validation,
LTFRB_PUJ2152,Marikina,Marikina|Antipolo,2,text_fallback,low_requires_boundary_validation,
LTFRB_PUJ2395,Caloocan,Caloocan|Malabon|Valenzuela,3,text_fallback,low_requires_boundary_validation,
LTFRB_PUJ2396,Valenzuela,Valenzuela|Caloocan|Malabon,3,text_fallback,low_requires_boundary_validation,
LTFRB_PUJ2566,Quezon City,Quezon City,1,text_fallback,low_requires_boundary_validation,
LTFRB_PUJ1276,Manila,Manila,1,text_fallback,low_requires_boundary_validation,
LTFRB_PUJ1277,Manila,Manila,1,text_fallback,low_requires_boundary_validation,
LTFRB_PUJ1358,Makati,Makati|Pasig,2,text_fallback,low_requires_boundary_validation,
LTFRB_PUJ2186,Quezon City,Quezon City|Manila,2,text_fallback,low_requires_boundary_validation,
LTFRB_PUJ1568,Quezon City,Quezon City,1,text_fallback,low_requires_boundary_validation,
LTFRB_PUJ1841,Manila,Manila,1,text_fallback,low_requires_boundary_validation,
LTFRB_PUJ2516,Manila,Manila|Mandaluyong,2,text_fallback,low_requires_boundary_validation,
LTFRB_PUJ1768,Quezon City,Quezon City,1,text_fallback,low_requires_boundary_validation,
LTFRB_PUJ1769,Quezon City,Quezon City,1,text_fallback,low_requires_boundary_validation,
LTFRB_PUJ1326,Manila,Manila,1,text_fallback,low_requires_boundary_validation,
LTFRB_PUJ2517,Mandaluyong,Mandaluyong|Manila,2,text_fallback,low_requires_boundary_validation,
LTFRB_PUJ2484,Malabon,Malabon,1,text_fallback,low_requires_boundary_validation,
LTFRB_PUJ2057,Quezon City,Quezon City,1,text_fallback,low_requires_boundary_validation,
LTFRB_PUJ1099,Bacoor,Bacoor|Paranaque|Las Pinas,3,text_fallback,low_requires_boundary_validation,
LTFRB_PUJ1554,Quezon City,Quezon City,1,text_fallback,low_requires_boundary_validation,
LTFRB_PUJ1826,Manila,Manila,1,text_fallback,low_requires_boundary_validation,
LTFRB_PUJ1952,Quezon City,Quezon City,1,text_fallback,low_requires_boundary_validation,
LTFRB_PUJ1828,Muntinlupa,Muntinlupa,1,text_fallback,low_requires_boundary_validation,
LTFRB_PUJ1020,Muntinlupa,Muntinlupa|Binan|Carmona,3,text_fallback,low_requires_boundary_validation,
LTFRB_PUJ1337,Quezon City,Quezon City|Manila,2,text_fallback,low_requires_boundary_validation,
LTFRB_PUJ2058,Quezon City,Quezon City,1,text_fallback,low_requires_boundary_validation,
LTFRB_PUJ1797,Makati,Makati|Manila,2,text_fallback,low_requires_boundary_validation,
LTFRB_PUJ2561,Caloocan,Caloocan|Valenzuela,2,text_fallback,low_requires_boundary_validation,
LTFRB_PUJ2562,Valenzuela,Valenzuela|Caloocan,2,text_fallback,low_requires_boundary_validation,
LTFRB_PUJ1012,Manila,Manila|Quezon City,2,text_fallback,low_requires_boundary_validation,
LTFRB_PUJ1942,Quezon City,Quezon City,1,text_fallback,low_requires_boundary_validation,
LTFRB_PUJ1237,Quezon City,Quezon City,1,text_fallback,low_requires_boundary_validation,
LTFRB_PUJ1142,Quezon City,Quezon City,1,text_fallback,low_requires_boundary_validation,
LTFRB_PUJ1143,Quezon City,Quezon City,1,text_fallback,low_requires_boundary_validation,
LTFRB_PUJ2249,Quezon City,Quezon City,1,text_fallback,low_requires_boundary_validation,
LTFRB_PUJ2336,Caloocan,Caloocan,1,text_fallback,low_requires_boundary_validation,
LTFRB_PUJ2326,Makati,Makati|Pasay,2,text_fallback,low_requires_boundary_validation,
LTFRB_PUJ2433,Caloocan,Caloocan|Quezon City,2,text_fallback,low_requires_boundary_validation,
LTFRB_PUJ2060,Makati,Makati,1,text_fallback,low_requires_boundary_validation,
LTFRB_PUJ2325,Pasay,Pasay|Makati,2,text_fallback,low_requires_boundary_validation,
LTFRB_PUJ1253,Makati,Makati,1,text_fallback,low_requires_boundary_validation,
LTFRB_PUJ1980,Manila,Manila|Quezon City,2,text_fallback,low_requires_boundary_validation,
LTFRB_PUJ1390,Manila,Manila,1,text_fallback,low_requires_boundary_validation,
LTFRB_PUJ2335,Caloocan,Caloocan,1,text_fallback,low_requires_boundary_validation,
LTFRB_PUJ2137,Manila,Manila,1,text_fallback,low_requires_boundary_validation,
LTFRB_PUJ1953,Quezon City,Quezon City,1,text_fallback,low_requires_boundary_validation,
LTFRB_PUJ2278,Quezon City,Quezon City,1,text_fallback,low_requires_boundary_validation,
LTFRB_PUJ1724,Pasay,Pasay|Manila,2,text_fallback,low_requires_boundary_validation,
LTFRB_PUJ1199,Manila,Manila|Pasay,2,text_fallback,low_requires_boundary_validation,
LTFRB_PUJ2175,Quezon City,Quezon City,1,text_fallback,low_requires_boundary_validation,
LTFRB_PUJ2059,Makati,Makati,1,text_fallback,low_requires_boundary_validation,
LTFRB_PUJ1509,Manila,Manila,1,text_fallback,low_requires_boundary_validation,
LTFRB_PUJ2012,Caloocan,Caloocan,1,text_fallback,low_requires_boundary_validation,
LTFRB_PUJ1725,Manila,Manila|Pasay,2,text_fallback,low_requires_boundary_validation,
LTFRB_PUJ1981,Quezon City,Quezon City|Manila,2,text_fallback,low_requires_boundary_validation,
LTFRB_PUJ2441,Manila,Manila,1,text_fallback,low_requires_boundary_validation,
LTFRB_PUJ2215,Pasay,Pasay|Makati,2,text_fallback,low_requires_boundary_validation,
LTFRB_PUJ2448,Manila,Manila,1,text_fallback,low_requires_boundary_validation,
LTFRB_PUJ1670,Manila,Manila|Pasay,2,text_fallback,low_requires_boundary_validation,
LTFRB_PUJ1935,Malabon,Malabon|Navotas,2,text_fallback,low_requires_boundary_validation,
LTFRB_PUJ2406,Manila,Manila,1,text_fallback,low_requires_boundary_validation,
LTFRB_PUJ1391,Manila,Manila,1,text_fallback,low_requires_boundary_validation,
LTFRB_PUJ2176,Quezon City,Quezon City|Caloocan,2,text_fallback,low_requires_boundary_validation,
LTFRB_PUJ2327,Makati,Makati,1,text_fallback,low_requires_boundary_validation,
LTFRB_PUJ1957,Mandaluyong,Mandaluyong|Pasig,2,text_fallback,low_requires_boundary_validation,
LTFRB_PUJ1011,Quezon City,Quezon City|Manila,2,text_fallback,low_requires_boundary_validation,
LTFRB_PUJ2387,Manila,Manila,1,text_fallback,low_requires_boundary_validation,
LTFRB_PUJ2285,Manila,Manila,1,text_fallback,low_requires_boundary_validation,
LTFRB_PUJ1569,Quezon City,Quezon City,1,text_fallback,low_requires_boundary_validation,
LTFRB_PUJ2440,Manila,Manila,1,text_fallback,low_requires_boundary_validation,
LTFRB_PUJ2076,Manila,Manila,1,text_fallback,low_requires_boundary_validation,
LTFRB_PUJ2031,Pasay,Pasay|Makati,2,text_fallback,low_requires_boundary_validation,
LTFRB_PUJ2340,Manila,Manila,1,text_fallback,low_requires_boundary_validation,
LTFRB_PUJ1420,Navotas,Navotas|Malabon,2,text_fallback,low_requires_boundary_validation,
LTFRB_PUJ1821,Quezon City,Quezon City,1,text_fallback,low_requires_boundary_validation,
LTFRB_PUJ1372,Taguig,Taguig|Makati,2,text_fallback,low_requires_boundary_validation,
LTFRB_PUJ1796,Manila,Manila|Makati,2,text_fallback,low_requires_boundary_validation,
LTFRB_PUJ2416,Quezon City,Quezon City|Caloocan,2,text_fallback,low_requires_boundary_validation,
LTFRB_PUJ2193,Quezon City,Quezon City,1,text_fallback,low_requires_boundary_validation,
LTFRB_PUJ1512,Manila,Manila,1,text_fallback,low_requires_boundary_validation,
LTFRB_PUJ1513,Manila,Manila,1,text_fallback,low_requires_boundary_validation,
LTFRB_PUJ2339,Manila,Manila,1,text_fallback,low_requires_boundary_validation,
LTFRB_PUJ1411,Pasay,Pasay|Manila,2,text_fallback,low_requires_boundary_validation,
LTFRB_PUJ1236,Quezon City,Quezon City,1,text_fallback,low_requires_boundary_validation,
LTFRB_PUJ1410,Manila,Manila|Pasay,2,text_fallback,low_requires_boundary_validation,
LTFRB_PUJ2161,Manila,Manila|Quezon City,2,text_fallback,low_requires_boundary_validation,
LTFRB_PUJ1762,Manila,Manila|Quezon City,2,text_fallback,low_requires_boundary_validation,
LTFRB_PUJ1920,Pasay,Pasay,1,text_fallback,low_requires_boundary_validation,
LTFRB_PUJ1600,Bacoor,Bacoor|Las Pinas,2,text_fallback,low_requires_boundary_validation,
LTFRB_PUJ1601,Bacoor,Bacoor|Las Pinas,2,text_fallback,low_requires_boundary_validation,
LTFRB_PUJ2386,Manila,Manila,1,text_fallback,low_requires_boundary_validation,
LTFRB_PUJ1294,Manila,Manila,1,text_fallback,low_requires_boundary_validation,
LTFRB_PUJ1295,Manila,Manila,1,text_fallback,low_requires_boundary_validation,
LTFRB_PUJ2445,Pasig,Pasig,1,text_fallback,low_requires_boundary_validation,
LTFRB_PUJ1630,Manila,Manila,1,text_fallback,low_requires_boundary_validation,
LTFRB_PUJ1631,Manila,Manila,1,text_fallback,low_requires_boundary_validation,
LTFRB_PUJ1845,San Juan,San Juan|Pasig,2,text_fallback,low_requires_boundary_validation,
LTFRB_PUJ1969,Manila,Manila,1,text_fallback,low_requires_boundary_validation,
LTFRB_PUJ1006,Quezon City,Quezon City|Manila,2,text_fallback,low_requires_boundary_validation,
LTFRB_PUJ2004,Marikina,Marikina|Quezon City,2,text_fallback,low_requires_boundary_validation,
LTFRB_PUJ2449,Quezon City,Quezon City|Manila,2,text_fallback,low_requires_boundary_validation,
LTFRB_PUJ1412,Pasay,Pasay|Makati,2,text_fallback,low_requires_boundary_validation,
LTFRB_PUJ2213,Pateros,Pateros|Manila,2,text_fallback,low_requires_boundary_validation,
LTFRB_PUJ1106,Caloocan,Caloocan|Malabon,2,text_fallback,low_requires_boundary_validation,
LTFRB_PUJ2414,Manila,Manila,1,text_fallback,low_requires_boundary_validation,
LTFRB_PUJ1373,Makati,Makati|Taguig,2,text_fallback,low_requires_boundary_validation,
LTFRB_PUJ1923,Quezon City,Quezon City,1,text_fallback,low_requires_boundary_validation,
LTFRB_PUJ1775,Quezon City,Quezon City,1,text_fallback,low_requires_boundary_validation,
LTFRB_PUJ1968,Manila,Manila,1,text_fallback,low_requires_boundary_validation,
LTFRB_PUJ2298,Manila,Manila,1,text_fallback,low_requires_boundary_validation,
LTFRB_PUJ2299,Manila,Manila,1,text_fallback,low_requires_boundary_validation,
LTFRB_PUJ1393,Quezon City,Quezon City,1,text_fallback,low_requires_boundary_validation,
LTFRB_PUJ1413,Makati,Makati|Pasay,2,text_fallback,low_requires_boundary_validation,
LTFRB_PUJ1766,Quezon City,Quezon City,1,text_fallback,low_requires_boundary_validation,
LTFRB_PUJ1767,Quezon City,Quezon City,1,text_fallback,low_requires_boundary_validation,
LTFRB_PUJ1105,Malabon,Malabon|Caloocan,2,text_fallback,low_requires_boundary_validation,
LTFRB_PUJ1846,Pasig,Pasig|San Juan,2,text_fallback,low_requires_boundary_validation,
LTFRB_PUJ1005,Manila,Manila|Quezon City,2,text_fallback,low_requires_boundary_validation,
LTFRB_PUJ1139,Caloocan,Caloocan|Quezon City,2,text_fallback,low_requires_boundary_validation,
LTFRB_PUJ1216,Caloocan,Caloocan,1,text_fallback,low_requires_boundary_validation,
LTFRB_PUJ1217,Caloocan,Caloocan,1,text_fallback,low_requires_boundary_validation,
LTFRB_PUJ1922,Quezon City,Quezon City,1,text_fallback,low_requires_boundary_validation,
LTFRB_PUJ2413,Manila,Manila,1,text_fallback,low_requires_boundary_validation,
LTFRB_PUJ2405,Manila,Manila,1,text_fallback,low_requires_boundary_validation,
LTFRB_PUJ1773,Quezon City,Quezon City,1,text_fallback,low_requires_boundary_validation,
LTFRB_PUJ2069,Caloocan,Caloocan,1,text_fallback,low_requires_boundary_validation,
LTFRB_PUJ1973,Manila,Manila,1,text_fallback,low_requires_boundary_validation,
LTFRB_PUJ1196,Pasay,Pasay|Makati,2,text_fallback,low_requires_boundary_validation,
LTFRB_PUJ1837,Quezon City,Quezon City,1,text_fallback,low_requires_boundary_validation,
LTFRB_PUJ1392,Quezon City,Quezon City,1,text_fallback,low_requires_boundary_validation,
LTFRB_PUJ1138,Quezon City,Quezon City|Caloocan,2,text_fallback,low_requires_boundary_validation,
LTFRB_PUJ2194,Quezon City,Quezon City,1,text_fallback,low_requires_boundary_validation,
LTFRB_PUJ1889,Quezon City,Quezon City,1,text_fallback,low_requires_boundary_validation,
LTFRB_PUJ1197,Makati,Makati|Pasay,2,text_fallback,low_requires_boundary_validation,
LTFRB_PUJ1468,Caloocan,Caloocan,1,text_fallback,low_requires_boundary_validation,
LTFRB_PUJ1469,Caloocan,Caloocan,1,text_fallback,low_requires_boundary_validation,
LTFRB_PUJ2173,Caloocan,Caloocan,1,text_fallback,low_requires_boundary_validation,
LTFRB_PUJ1198,Pasay,Pasay|Manila,2,text_fallback,low_requires_boundary_validation,
LTFRB_PUJ1508,Manila,Manila,1,text_fallback,low_requires_boundary_validation,
LTFRB_PUJ2301,Pasay,Pasay|Makati,2,text_fallback,low_requires_boundary_validation,
LTFRB_PUJ1017,Carmona,Carmona|Muntinlupa,2,text_fallback,low_requires_boundary_validation,
LTFRB_PUJ2028,Makati,Makati,1,text_fallback,low_requires_boundary_validation,
LTFRB_PUJ2567,Quezon City,Quezon City,1,text_fallback,low_requires_boundary_validation,
LTFRB_PUJ1018,Muntinlupa,Muntinlupa|Carmona,2,text_fallback,low_requires_boundary_validation,
LTFRB_PUJ2411,San Jose del Monte,San Jose del Monte,1,text_fallback,low_requires_boundary_validation,
LTFRB_PUJ1183,Quezon City,Quezon City|Antipolo,2,text_fallback,low_requires_boundary_validation,
LTFRB_PUJ1008,Manila,Manila,1,text_fallback,low_requires_boundary_validation,
LTFRB_PUJ2096,Quezon City,Quezon City,1,text_fallback,low_requires_boundary_validation,
LTFRB_PUJ2462,Manila,Manila,1,text_fallback,low_requires_boundary_validation,
LTFRB_PUJ1962,Manila,Manila,1,text_fallback,low_requires_boundary_validation,
LTFRB_PUJ1798,Pasay,Pasay|Makati,2,text_fallback,low_requires_boundary_validation,
LTFRB_PUJ2438,Quezon City,Quezon City,1,text_fallback,low_requires_boundary_validation,
LTFRB_PUJ1732,Quezon City,Quezon City,1,text_fallback,low_requires_boundary_validation,
LTFRB_PUJ2486,Manila,Manila|Binangonan,2,text_fallback,low_requires_boundary_validation,
LTFRB_PUJ1009,Manila,Manila,1,text_fallback,low_requires_boundary_validation,
LTFRB_PUJ1010,Manila,Manila,1,text_fallback,low_requires_boundary_validation,
LTFRB_PUJ1182,Antipolo,Antipolo|Quezon City,2,text_fallback,low_requires_boundary_validation,
LTFRB_PUJ2574,Pasig,Pasig,1,text_fallback,low_requires_boundary_validation,
LTFRB_PUJ2463,Manila,Manila,1,text_fallback,low_requires_boundary_validation,
LTFRB_PUJ2487,Manila,Manila|Binangonan,2,text_fallback,low_requires_boundary_validation,
LTFRB_PUJ1578,San Juan,San Juan|Pasig,2,text_fallback,low_requires_boundary_validation,
LTFRB_PUJ1809,Quezon City,Quezon City,1,text_fallback,low_requires_boundary_validation,
LTFRB_PUJ2591,Pasig,Pasig|San Juan,2,text_fallback,low_requires_boundary_validation,
LTFRB_PUJ2592,San Juan,San Juan|Pasig,2,text_fallback,low_requires_boundary_validation,
LTFRB_PUJ1502,Caloocan,Caloocan,1,text_fallback,low_requires_boundary_validation,
LTFRB_PUJ1700,Caloocan,Caloocan,1,text_fallback,low_requires_boundary_validation,
LTFRB_PUJ1799,Makati,Makati|Pasay,2,text_fallback,low_requires_boundary_validation,
LTFRB_PUJ1206,Caloocan,Caloocan,1,text_fallback,low_requires_boundary_validation,
LTFRB_PUJ1228,Quezon City,Quezon City,1,text_fallback,low_requires_boundary_validation,
LTFRB_PUJ1229,Quezon City,Quezon City,1,text_fallback,low_requires_boundary_validation,
LTFRB_PUJ1701,Caloocan,Caloocan,1,text_fallback,low_requires_boundary_validation,
LTFRB_PUJ1207,Caloocan,Caloocan,1,text_fallback,low_requires_boundary_validation,
LTFRB_PUJ1293,Manila,Manila,1,text_fallback,low_requires_boundary_validation,
LTFRB_PUJ2264,Quezon City,Quezon City,1,text_fallback,low_requires_boundary_validation,
LTFRB_PUJ2356,Mandaluyong,Mandaluyong,1,text_fallback,low_requires_boundary_validation,
LTFRB_PUJ2439,Quezon City,Quezon City,1,text_fallback,low_requires_boundary_validation,
LTFRB_PUJ2006,Quezon City,Quezon City|Marikina,2,text_fallback,low_requires_boundary_validation,
LTFRB_PUJ1223,Quezon City,Quezon City|San Juan,2,text_fallback,low_requires_boundary_validation,
LTFRB_PUJ1802,Pasay,Pasay,1,text_fallback,low_requires_boundary_validation,
LTFRB_PUJ1222,San Juan,San Juan|Quezon City,2,text_fallback,low_requires_boundary_validation,
LTFRB_PUJ1304,Quezon City,Quezon City,1,text_fallback,low_requires_boundary_validation,
LTFRB_PUJ1612,Makati,Makati,1,text_fallback,low_requires_boundary_validation,
LTFRB_PUJ2355,Mandaluyong,Mandaluyong,1,text_fallback,low_requires_boundary_validation,
LTFRB_PUJ1629,Quezon City,Quezon City,1,text_fallback,low_requires_boundary_validation,
LTFRB_PUJ2005,Quezon City,Quezon City|Marikina,2,text_fallback,low_requires_boundary_validation,
LTFRB_PUJ1493,Pasay,Pasay,1,text_fallback,low_requires_boundary_validation,
LTFRB_PUJ1650,Makati,Makati,1,text_fallback,low_requires_boundary_validation,
LTFRB_PUJ2573,Pasig,Pasig,1,text_fallback,low_requires_boundary_validation,
LTFRB_PUJ1286,Dasmarinas,Dasmarinas|Manila,2,text_fallback,low_requires_boundary_validation,
LTFRB_PUJ1342,Taguig,Taguig|Makati|Pasay,3,text_fallback,low_requires_boundary_validation,
LTFRB_PUJ1343,Makati,Makati|Taguig|Pasay,3,text_fallback,low_requires_boundary_validation,
LTFRB_PUJ1202,Quezon City,Quezon City|Marikina,2,text_fallback,low_requires_boundary_validation,
LTFRB_PUJ2519,Quezon City,Quezon City,1,text_fallback,low_requires_boundary_validation,
LTFRB_PUJ2361,Manila,Manila,1,text_fallback,low_requires_boundary_validation,
LTFRB_PUJ2263,Quezon City,Quezon City,1,text_fallback,low_requires_boundary_validation,
LTFRB_PUJ1803,Pasay,Pasay,1,text_fallback,low_requires_boundary_validation,
LTFRB_PUJ1466,Caloocan,Caloocan,1,text_fallback,low_requires_boundary_validation,
LTFRB_PUJ1764,Pasig,Pasig|Quezon City,2,text_fallback,low_requires_boundary_validation,
LTFRB_PUJ1765,Quezon City,Quezon City|Pasig,2,text_fallback,low_requires_boundary_validation,
LTFRB_PUJ2518,Quezon City,Quezon City,1,text_fallback,low_requires_boundary_validation,
LTFRB_PUJ1345,Taguig,Taguig|Manila|Makati,3,text_fallback,low_requires_boundary_validation,
LTFRB_PUJ2158,Makati,Makati,1,text_fallback,low_requires_boundary_validation,
LTFRB_PUJ1467,Caloocan,Caloocan,1,text_fallback,low_requires_boundary_validation,
LTFRB_PUJ2281,Makati,Makati,1,text_fallback,low_requires_boundary_validation,
LTFRB_PUJ1960,Manila,Manila,1,text_fallback,low_requires_boundary_validation,
LTFRB_PUJ1847,Manila,Manila|Quezon City|San Juan,3,text_fallback,low_requires_boundary_validation,
LTFRB_PUJ1811,Quezon City,Quezon City|Manila|San Juan,3,text_fallback,low_requires_boundary_validation,
LTFRB_PUJ2240,Pasay,Pasay|Makati,2,text_fallback,low_requires_boundary_validation,
LTFRB_PUJ1961,Manila,Manila,1,text_fallback,low_requires_boundary_validation,
LTFRB_PUJ2415,Quezon City,Quezon City,1,text_fallback,low_requires_boundary_validation,
LTFRB_PUJ2023,Manila,Manila|Binangonan,2,text_fallback,low_requires_boundary_validation,
LTFRB_PUJ1492,Pasay,Pasay,1,text_fallback,low_requires_boundary_validation,
LTFRB_PUJ1833,Muntinlupa,Muntinlupa|Manila,2,text_fallback,low_requires_boundary_validation,
LTFRB_PUJ2125,Manila,Manila|Muntinlupa,2,text_fallback,low_requires_boundary_validation,
LTFRB_PUJ1129,Quezon City,Quezon City,1,text_fallback,low_requires_boundary_validation,
LTFRB_PUJ2557,Caloocan,Caloocan|Valenzuela,2,text_fallback,low_requires_boundary_validation,
LTFRB_PUJ2558,Valenzuela,Valenzuela|Caloocan,2,text_fallback,low_requires_boundary_validation,
LTFRB_PUJ2126,Muntinlupa,Muntinlupa|Manila,2,text_fallback,low_requires_boundary_validation,
LTFRB_PUJ1518,Quezon City,Quezon City,1,text_fallback,low_requires_boundary_validation,
LTFRB_PUJ2095,Quezon City,Quezon City,1,text_fallback,low_requires_boundary_validation,
LTFRB_PUJ2016,Caloocan,Caloocan,1,text_fallback,low_requires_boundary_validation,
LTFRB_PUJ1433,Caloocan,Caloocan|Valenzuela,2,text_fallback,low_requires_boundary_validation,
LTFRB_PUJ2311,Quezon City,Quezon City,1,text_fallback,low_requires_boundary_validation,
LTFRB_PUJ2312,Quezon City,Quezon City,1,text_fallback,low_requires_boundary_validation,
LTFRB_PUJ1674,Manila,Manila,1,text_fallback,low_requires_boundary_validation,
LTFRB_PUJ2017,Caloocan,Caloocan,1,text_fallback,low_requires_boundary_validation,
LTFRB_PUJ1673,Manila,Manila,1,text_fallback,low_requires_boundary_validation,
LTFRB_PUJ1203,Marikina,Marikina|Quezon City,2,text_fallback,low_requires_boundary_validation,
LTFRB_PUJ1214,Pasay,Pasay|Manila,2,text_fallback,low_requires_boundary_validation,
LTFRB_PUJ1215,Manila,Manila|Pasay,2,text_fallback,low_requires_boundary_validation,
LTFRB_PUJ1972,Manila,Manila,1,text_fallback,low_requires_boundary_validation,
LTFRB_PUJ2129,Manila,Manila|Muntinlupa,2,text_fallback,low_requires_boundary_validation,
LTFRB_PUJ2130,Muntinlupa,Muntinlupa|Manila,2,text_fallback,low_requires_boundary_validation,
LTFRB_PUJ1511,Manila,Manila,1,text_fallback,low_requires_boundary_validation,
LTFRB_PUJ1677,Manila,Manila,1,text_fallback,low_requires_boundary_validation,
LTFRB_PUJ1451,Marikina,Marikina,1,text_fallback,low_requires_boundary_validation,
LTFRB_PUJ1963,Manila,Manila|Dasmarinas,2,text_fallback,low_requires_boundary_validation,
LTFRB_PUJ1549,Manila,Manila,1,text_fallback,low_requires_boundary_validation,
LTFRB_PUJ2379,Manila,Manila,1,text_fallback,low_requires_boundary_validation,
LTFRB_PUJ1450,Marikina,Marikina,1,text_fallback,low_requires_boundary_validation,
LTFRB_PUJ1904,Marikina,Marikina,1,text_fallback,low_requires_boundary_validation,
LTFRB_PUJ1905,Marikina,Marikina,1,text_fallback,low_requires_boundary_validation,
LTFRB_PUJ2080,Manila,Manila|Paranaque,2,text_fallback,low_requires_boundary_validation,
LTFRB_PUJ1665,Pasay,Pasay,1,text_fallback,low_requires_boundary_validation,
LTFRB_PUJ1666,Pasay,Pasay,1,text_fallback,low_requires_boundary_validation,
LTFRB_PUJ2025,Pasay,Pasay,1,text_fallback,low_requires_boundary_validation,
LTFRB_PUJ2026,Pasay,Pasay,1,text_fallback,low_requires_boundary_validation,
LTFRB_PUJ2337,Makati,Makati,1,text_fallback,low_requires_boundary_validation,
LTFRB_PUJ2338,Makati,Makati,1,text_fallback,low_requires_boundary_validation,
LTFRB_PUJ1250,Quezon City,Quezon City,1,text_fallback,low_requires_boundary_validation,
LTFRB_PUJ1251,Quezon City,Quezon City,1,text_fallback,low_requires_boundary_validation,
LTFRB_PUJ1667,Pasig,Pasig,1,text_fallback,low_requires_boundary_validation,
LTFRB_PUJ1325,Quezon City,Quezon City,1,text_fallback,low_requires_boundary_validation,
LTFRB_PUJ2333,Valenzuela,Valenzuela,1,text_fallback,low_requires_boundary_validation,
LTFRB_PUJ2334,Valenzuela,Valenzuela,1,text_fallback,low_requires_boundary_validation,
LTFRB_PUJ1292,Manila,Manila,1,text_fallback,low_requires_boundary_validation,
LTFRB_PUJ1571,Quezon City,Quezon City,1,text_fallback,low_requires_boundary_validation,
LTFRB_PUJ2091,Makati,Makati,1,text_fallback,low_requires_boundary_validation,
LTFRB_PUJ1025,Manila,Manila|Muntinlupa,2,text_fallback,low_requires_boundary_validation,
LTFRB_PUJ1026,Muntinlupa,Muntinlupa|Manila,2,text_fallback,low_requires_boundary_validation,
LTFRB_PUJ2313,Pasay,Pasay,1,text_fallback,low_requires_boundary_validation,
LTFRB_PUJ2314,Pasay,Pasay,1,text_fallback,low_requires_boundary_validation,
LTFRB_PUJ1028,Muntinlupa,Muntinlupa,1,text_fallback,low_requires_boundary_validation,
LTFRB_PUJ2268,Quezon City,Quezon City,1,text_fallback,low_requires_boundary_validation,
LTFRB_PUJ1380,Paranaque,Paranaque,1,text_fallback,low_requires_boundary_validation,
LTFRB_PUJ1381,Paranaque,Paranaque,1,text_fallback,low_requires_boundary_validation,
LTFRB_PUJ2022,Manila,Manila|Binangonan,2,text_fallback,low_requires_boundary_validation,
LTFRB_PUJ1840,Quezon City,Quezon City,1,text_fallback,low_requires_boundary_validation,
LTFRB_PUJ2353,Manila,Manila,1,text_fallback,low_requires_boundary_validation,
LTFRB_PUJ2354,Manila,Manila,1,text_fallback,low_requires_boundary_validation,
LTFRB_PUJ2092,Makati,Makati,1,text_fallback,low_requires_boundary_validation,
LTFRB_PUJ2247,Manila,Manila,1,text_fallback,low_requires_boundary_validation,
LTFRB_PUJ2248,Manila,Manila,1,text_fallback,low_requires_boundary_validation,
LTFRB_PUJ1694,Caloocan,Caloocan,1,text_fallback,low_requires_boundary_validation,
LTFRB_PUJ1695,Caloocan,Caloocan,1,text_fallback,low_requires_boundary_validation,
LTFRB_PUJ1324,Quezon City,Quezon City,1,text_fallback,low_requires_boundary_validation,
LTFRB_PUJ2527,Malabon,Malabon,1,text_fallback,low_requires_boundary_validation,
LTFRB_PUJ2535,Valenzuela,Valenzuela,1,text_fallback,low_requires_boundary_validation,
LTFRB_PUJ1645,Valenzuela,Valenzuela,1,text_fallback,low_requires_boundary_validation,
LTFRB_PUJ2532,Valenzuela,Valenzuela,1,text_fallback,low_requires_boundary_validation,
LTFRB_PUJ2131,Muntinlupa,Muntinlupa,1,text_fallback,low_requires_boundary_validation,
LTFRB_PUJ2132,Muntinlupa,Muntinlupa,1,text_fallback,low_requires_boundary_validation,
LTFRB_PUJ2533,Valenzuela,Valenzuela,1,text_fallback,low_requires_boundary_validation,
LTFRB_PUJ2094,Makati,Makati,1,text_fallback,low_requires_boundary_validation,
LTFRB_PUJ1839,Quezon City,Quezon City,1,text_fallback,low_requires_boundary_validation,
LTFRB_PUJ2431,Valenzuela,Valenzuela,1,text_fallback,low_requires_boundary_validation,
LTFRB_PUJ2543,Valenzuela,Valenzuela,1,text_fallback,low_requires_boundary_validation,
LTFRB_PUJ1437,Valenzuela,Valenzuela,1,text_fallback,low_requires_boundary_validation,
LTFRB_PUJ1628,Quezon City,Quezon City,1,text_fallback,low_requires_boundary_validation,
LTFRB_PUJ1436,Valenzuela,Valenzuela,1,text_fallback,low_requires_boundary_validation,
LTFRB_PUJ1911,Valenzuela,Valenzuela,1,text_fallback,low_requires_boundary_validation,
LTFRB_PUJ1910,Valenzuela,Valenzuela,1,text_fallback,low_requires_boundary_validation,
LTFRB_PUJ2192,Quezon City,Quezon City|San Juan,2,text_fallback,low_requires_boundary_validation,
LTFRB_PUJ2008,San Juan,San Juan|Quezon City,2,text_fallback,low_requires_boundary_validation,
LTFRB_PUJ2009,Quezon City,Quezon City|San Juan,2,text_fallback,low_requires_boundary_validation,
LTFRB_PUJ2275,Manila,Manila,1,text_fallback,low_requires_boundary_validation,
LTFRB_PUJ2032,Makati,Makati,1,text_fallback,low_requires_boundary_validation,
LTFRB_PUJ2450,Muntinlupa,Muntinlupa|Taguig,2,text_fallback,low_requires_boundary_validation,
LTFRB_PUJ2451,Taguig,Taguig|Muntinlupa,2,text_fallback,low_requires_boundary_validation,
LTFRB_PUJ1584,Manila,Manila,1,text_fallback,low_requires_boundary_validation,
LTFRB_PUJ2394,Manila,Manila,1,text_fallback,low_requires_boundary_validation,
LTFRB_PUJ1949,Quezon City,Quezon City,1,text_fallback,low_requires_boundary_validation,
LTFRB_PUJ2522,Quezon City,Quezon City|Caloocan,2,text_fallback,low_requires_boundary_validation,
LTFRB_PUJ2523,Caloocan,Caloocan|Quezon City,2,text_fallback,low_requires_boundary_validation,
LTFRB_PUJ1496,Caloocan,Caloocan,1,text_fallback,low_requires_boundary_validation,
LTFRB_PUJ1497,Caloocan,Caloocan,1,text_fallback,low_requires_boundary_validation,
LTFRB_PUJ1585,Manila,Manila,1,text_fallback,low_requires_boundary_validation,
LTFRB_PUJ2024,Manila,Manila,1,text_fallback,low_requires_boundary_validation,
LTFRB_PUJ2283,Pasay,Pasay,1,text_fallback,low_requires_boundary_validation,
LTFRB_PUJ1602,Quezon City,Quezon City,1,text_fallback,low_requires_boundary_validation,
LTFRB_PUJ2363,Caloocan,Caloocan,1,text_fallback,low_requires_boundary_validation,
LTFRB_PUJ1603,Quezon City,Quezon City,1,text_fallback,low_requires_boundary_validation,
LTFRB_PUJ2364,Caloocan,Caloocan,1,text_fallback,low_requires_boundary_validation,
LTFRB_PUJ1880,Caloocan,Caloocan,1,text_fallback,low_requires_boundary_validation,
LTFRB_PUJ1881,Caloocan,Caloocan,1,text_fallback,low_requires_boundary_validation,
LTFRB_PUJ1772,Quezon City,Quezon City,1,text_fallback,low_requires_boundary_validation,
LTFRB_PUJ1423,Malabon,Malabon,1,text_fallback,low_requires_boundary_validation,
LTFRB_PUJ2520,Caloocan,Caloocan|Valenzuela,2,text_fallback,low_requires_boundary_validation,
LTFRB_PUJ2521,Valenzuela,Valenzuela|Caloocan,2,text_fallback,low_requires_boundary_validation,
LTFRB_PUJ2267,Quezon City,Quezon City,1,text_fallback,low_requires_boundary_validation,
LTFRB_PUJ1948,Quezon City,Quezon City,1,text_fallback,low_requires_boundary_validation,
LTFRB_PUJ1061,Makati,Makati,1,text_fallback,low_requires_boundary_validation,
LTFRB_PUJ1570,Quezon City,Quezon City,1,text_fallback,low_requires_boundary_validation,
LTFRB_PUJ1385,Makati,Makati,1,text_fallback,low_requires_boundary_validation,
LTFRB_PUJ1384,Makati,Makati,1,text_fallback,low_requires_boundary_validation,
LTFRB_PUJ1703,Manila,Manila|Pasay,2,text_fallback,low_requires_boundary_validation,
LTFRB_PUJ1678,Manila,Manila,1,text_fallback,low_requires_boundary_validation,
LTFRB_PUJ2079,Paranaque,Paranaque|Manila,2,text_fallback,low_requires_boundary_validation,
LTFRB_PUJ1702,Pasay,Pasay|Manila,2,text_fallback,low_requires_boundary_validation,
LTFRB_PUJ1668,Pasig,Pasig,1,text_fallback,low_requires_boundary_validation,
LTFRB_PUJ2446,Muntinlupa,Muntinlupa,1,text_fallback,low_requires_boundary_validation,
LTFRB_PUJ1220,San Juan,San Juan|Quezon City,2,text_fallback,low_requires_boundary_validation,
LTFRB_PUJ1652,Manila,Manila,1,text_fallback,low_requires_boundary_validation,
LTFRB_PUJ2365,Caloocan,Caloocan,1,text_fallback,low_requires_boundary_validation,
LTFRB_PUJ2393,Manila,Manila,1,text_fallback,low_requires_boundary_validation,
LTFRB_PUJ1548,Manila,Manila,1,text_fallback,low_requires_boundary_validation,
LTFRB_PUJ1070,Paranaque,Paranaque|Pasay,2,text_fallback,low_requires_boundary_validation,
LTFRB_PUJ1510,Manila,Manila,1,text_fallback,low_requires_boundary_validation,
LTFRB_PUJ1221,Quezon City,Quezon City|San Juan,2,text_fallback,low_requires_boundary_validation,
LTFRB_PUJ1062,Makati,Makati,1,text_fallback,low_requires_boundary_validation,
LTFRB_PUJ2093,Makati,Makati,1,text_fallback,low_requires_boundary_validation,
LTFRB_PUJ1505,Caloocan,Caloocan,1,text_fallback,low_requires_boundary_validation,
LTFRB_PUJ1305,Quezon City,Quezon City,1,text_fallback,low_requires_boundary_validation,
LTFRB_PUJ1406,Quezon City,Quezon City,1,text_fallback,low_requires_boundary_validation,
LTFRB_PUJ1407,Quezon City,Quezon City,1,text_fallback,low_requires_boundary_validation,
LTFRB_PUJ2347,Pasig,Pasig|Marikina,2,text_fallback,low_requires_boundary_validation,
LTFRB_PUJ2274,Manila,Manila,1,text_fallback,low_requires_boundary_validation,
LTFRB_PUJ1504,Caloocan,Caloocan,1,text_fallback,low_requires_boundary_validation,
LTFRB_PUJ2195,Quezon City,Quezon City,1,text_fallback,low_requires_boundary_validation,
LTFRB_PUJ2568,Manila,Manila,1,text_fallback,low_requires_boundary_validation,
LTFRB_PUJ2147,Quezon City,Quezon City,1,text_fallback,low_requires_boundary_validation,
LTFRB_PUJ2378,Manila,Manila,1,text_fallback,low_requires_boundary_validation,
LTFRB_PUJ1036,Muntinlupa,Muntinlupa,1,text_fallback,low_requires_boundary_validation,
LTFRB_PUJ1912,Valenzuela,Valenzuela,1,text_fallback,low_requires_boundary_validation,
LTFRB_PUJ1913,Valenzuela,Valenzuela,1,text_fallback,low_requires_boundary_validation,
LTFRB_PUJ2196,Quezon City,Quezon City,1,text_fallback,low_requires_boundary_validation,
LTFRB_PUJ1836,Quezon City,Quezon City,1,text_fallback,low_requires_boundary_validation,
LTFRB_PUJ2230,Quezon City,Quezon City,1,text_fallback,low_requires_boundary_validation,
LTFRB_PUJ2266,Quezon City,Quezon City,1,text_fallback,low_requires_boundary_validation,
LTFRB_PUJ1519,Quezon City,Quezon City,1,text_fallback,low_requires_boundary_validation,
LTFRB_PUJ2148,Quezon City,Quezon City,1,text_fallback,low_requires_boundary_validation,
LTFRB_PUJ2371,Paranaque,Paranaque,1,text_fallback,low_requires_boundary_validation,
LTFRB_PUJ2372,Paranaque,Paranaque,1,text_fallback,low_requires_boundary_validation,
LTFRB_PUJ1916,Malabon,Malabon,1,text_fallback,low_requires_boundary_validation,
LTFRB_PUJ1917,Malabon,Malabon,1,text_fallback,low_requires_boundary_validation,
LTFRB_PUJ2447,Unspecified,Unspecified,1,text_fallback,low_requires_boundary_validation,
LTFRB_PUJ2226,Quezon City,Quezon City,1,text_fallback,low_requires_boundary_validation,
LTFRB_PUJ2348,Marikina,Marikina|Pasig,2,text_fallback,low_requires_boundary_validation,
LTFRB_PUJ1422,Malabon,Malabon,1,text_fallback,low_requires_boundary_validation,
LTFRB_PUJ1434,Valenzuela,Valenzuela|Caloocan,2,text_fallback,low_requires_boundary_validation,
LTFRB_PUJ1435,Caloocan,Caloocan|Valenzuela,2,text_fallback,low_requires_boundary_validation,
LTFRB_PUJ2366,Caloocan,Caloocan,1,text_fallback,low_requires_boundary_validation,
LTFRB_PUJ1209,Muntinlupa,Muntinlupa|Bacoor|Las Pinas,3,text_fallback,low_requires_boundary_validation,
LTFRB_PUJ1566,Las Pinas,Las Pinas,1,text_fallback,low_requires_boundary_validation,
LTFRB_PUJ2018,Marikina,Marikina|Quezon City,2,text_fallback,low_requires_boundary_validation,
LTFRB_PUJ1114,Muntinlupa,Muntinlupa|Taguig,2,text_fallback,low_requires_boundary_validation,
LTFRB_PUJ2412,San Jose del Monte,San Jose del Monte,1,text_fallback,low_requires_boundary_validation,
LTFRB_PUJ1740,Quezon City,Quezon City,1,text_fallback,low_requires_boundary_validation,
LTFRB_PUJ1741,Quezon City,Quezon City,1,text_fallback,low_requires_boundary_validation,
LTFRB_PUJ1208,Bacoor,Bacoor|Muntinlupa|Las Pinas,3,text_fallback,low_requires_boundary_validation,
LTFRB_PUJ1662,Quezon City,Quezon City,1,text_fallback,low_requires_boundary_validation,
LTFRB_PUJ1567,Las Pinas,Las Pinas,1,text_fallback,low_requires_boundary_validation,
LTFRB_PUJ1590,Paranaque,Paranaque|Manila,2,text_fallback,low_requires_boundary_validation,
LTFRB_PUJ1591,Manila,Manila|Paranaque,2,text_fallback,low_requires_boundary_validation,
LTFRB_PUJ1210,Bacoor,Bacoor|Las Pinas,2,text_fallback,low_requires_boundary_validation,
LTFRB_PUJ1664,Quezon City,Quezon City,1,text_fallback,low_requires_boundary_validation,
LTFRB_PUJ1430,Valenzuela,Valenzuela,1,text_fallback,low_requires_boundary_validation,
LTFRB_PUJ1431,Valenzuela,Valenzuela,1,text_fallback,low_requires_boundary_validation,
LTFRB_PUJ2563,Paranaque,Paranaque,1,text_fallback,low_requires_boundary_validation,
LTFRB_PUJ2424,Las Pinas,Las Pinas|Bacoor,2,text_fallback,low_requires_boundary_validation,
LTFRB_PUJ1446,Marikina,Marikina|Antipolo,2,text_fallback,low_requires_boundary_validation,
LTFRB_PUJ1633,Binan,Binan|Manila|Carmona,3,text_fallback,low_requires_boundary_validation,
LTFRB_PUJ2423,Bacoor,Bacoor|Las Pinas,2,text_fallback,low_requires_boundary_validation,
LTFRB_PUJ1742,Quezon City,Quezon City,1,text_fallback,low_requires_boundary_validation,
LTFRB_PUJ2537,Valenzuela,Valenzuela,1,text_fallback,low_requires_boundary_validation,
LTFRB_PUJ2265,Quezon City,Quezon City,1,text_fallback,low_requires_boundary_validation,
LTFRB_PUJ1211,Las Pinas,Las Pinas|Bacoor,2,text_fallback,low_requires_boundary_validation,
LTFRB_PUJ1108,Marikina,Marikina|Antipolo,2,text_fallback,low_requires_boundary_validation,
LTFRB_PUJ1743,Quezon City,Quezon City,1,text_fallback,low_requires_boundary_validation,
LTFRB_PUJ1424,Valenzuela,Valenzuela,1,text_fallback,low_requires_boundary_validation,
LTFRB_PUJ1425,Valenzuela,Valenzuela,1,text_fallback,low_requires_boundary_validation,
LTFRB_PUJ1310,Mandaluyong,Mandaluyong|Pasig,2,text_fallback,low_requires_boundary_validation,
LTFRB_PUJ1705,Pasay,Pasay,1,text_fallback,low_requires_boundary_validation,
LTFRB_PUJ1779,Pasig,Pasig|Mandaluyong,2,text_fallback,low_requires_boundary_validation,
LTFRB_PUJ2019,Quezon City,Quezon City|Marikina,2,text_fallback,low_requires_boundary_validation,
LTFRB_PUJ2427,Las Pinas,Las Pinas|Bacoor,2,text_fallback,low_requires_boundary_validation,
LTFRB_PUJ1661,Quezon City,Quezon City,1,text_fallback,low_requires_boundary_validation,
LTFRB_PUJ1816,Manila,Manila|Binangonan,2,text_fallback,low_requires_boundary_validation,
LTFRB_PUJ2426,Las Pinas,Las Pinas,1,text_fallback,low_requires_boundary_validation,
LTFRB_PUJ2422,Paranaque,Paranaque,1,text_fallback,low_requires_boundary_validation,
LTFRB_PUJ1068,Paranaque,Paranaque|Pasay,2,text_fallback,low_requires_boundary_validation,
LTFRB_PUJ1311,Pasig,Pasig|Mandaluyong,2,text_fallback,low_requires_boundary_validation,
LTFRB_PUJ1704,Pasay,Pasay,1,text_fallback,low_requires_boundary_validation,
LTFRB_PUJ1454,Marikina,Marikina|Antipolo,2,text_fallback,low_requires_boundary_validation,
LTFRB_PUJ1447,Antipolo,Antipolo|Marikina,2,text_fallback,low_requires_boundary_validation,
LTFRB_PUJ1432,Valenzuela,Valenzuela,1,text_fallback,low_requires_boundary_validation,
LTFRB_PUJ1107,Antipolo,Antipolo|Marikina,2,text_fallback,low_requires_boundary_validation,
LTFRB_PUJ2536,Valenzuela,Valenzuela,1,text_fallback,low_requires_boundary_validation,
LTFRB_PUJ1035,Muntinlupa,Muntinlupa,1,text_fallback,low_requires_boundary_validation,
LTFRB_PUJ1632,Manila,Manila|Binan|Carmona,3,text_fallback,low_requires_boundary_validation,
LTFRB_PUJ1067,Pasay,Pasay|Paranaque,2,text_fallback,low_requires_boundary_validation,
LTFRB_PUJ1778,Mandaluyong,Mandaluyong|Pasig,2,text_fallback,low_requires_boundary_validation,
LTFRB_PUJ1455,Antipolo,Antipolo|Marikina,2,text_fallback,low_requires_boundary_validation,
LTFRB_PUJ1063,Makati,Makati,1,text_fallback,low_requires_boundary_validation,
LTFRB_PUJ1064,Makati,Makati,1,text_fallback,low_requires_boundary_validation,
LTFRB_PUJ1663,Quezon City,Quezon City,1,text_fallback,low_requires_boundary_validation,
LTFRB_PUJ1037,Muntinlupa,Muntinlupa|Paranaque,2,text_fallback,low_requires_boundary_validation,
LTFRB_PUJ1038,Paranaque,Paranaque|Muntinlupa,2,text_fallback,low_requires_boundary_validation,
LTFRB_PUJ2207,Mandaluyong,Mandaluyong|Pasig,2,text_fallback,low_requires_boundary_validation,
LTFRB_PUJ1149,Makati,Makati,1,text_fallback,low_requires_boundary_validation,
LTFRB_PUJ1148,Makati,Makati,1,text_fallback,low_requires_boundary_validation,
LTFRB_PUJ2208,Pasig,Pasig|Mandaluyong,2,text_fallback,low_requires_boundary_validation,
LTFRB_PUJ2061,Makati,Makati,1,text_fallback,low_requires_boundary_validation,
LTFRB_PUJ2409,Makati,Makati,1,text_fallback,low_requires_boundary_validation,
LTFRB_PUJ2062,Makati,Makati,1,text_fallback,low_requires_boundary_validation,
LTFRB_PUJ2410,Makati,Makati,1,text_fallback,low_requires_boundary_validation,
LTFRB_PUJ2494,Manila,Manila|Binangonan,2,text_fallback,low_requires_boundary_validation,
LTFRB_PUJ2495,Manila,Manila|Binangonan,2,text_fallback,low_requires_boundary_validation,
LTFRB_PUJ2476,Unspecified,Unspecified,1,text_fallback,low_requires_boundary_validation,
LTFRB_PUJ2477,Unspecified,Unspecified,1,text_fallback,low_requires_boundary_validation,
LTFRB_PUJ2358,Quezon City,Quezon City,1,text_fallback,low_requires_boundary_validation,
LTFRB_PUJ2564,Paranaque,Paranaque,1,text_fallback,low_requires_boundary_validation,
LTFRB_PUJ2357,Quezon City,Quezon City,1,text_fallback,low_requires_boundary_validation,
LTFRB_PUJ2455,Muntinlupa,Muntinlupa,1,text_fallback,low_requires_boundary_validation,
LTFRB_PUJ2546,Unspecified,Unspecified,1,text_fallback,low_requires_boundary_validation,
LTFRB_PUJ2547,Unspecified,Unspecified,1,text_fallback,low_requires_boundary_validation,
LTFRB_PUJ2392,Unspecified,Unspecified,1,text_fallback,low_requires_boundary_validation,
LTFRB_PUJ1069,Pasay,Pasay|Paranaque,2,text_fallback,low_requires_boundary_validation,
LTFRB_PUJ2454,Muntinlupa,Muntinlupa,1,text_fallback,low_requires_boundary_validation,
LTFRB_PUJ2611,Paranaque,Paranaque,1,text_fallback,low_requires_boundary_validation,
LTFRB_PUJ2612,Paranaque,Paranaque,1,text_fallback,low_requires_boundary_validation,
LTFRB_PUJ2282,Pasay,Pasay|Paranaque,2,text_fallback,low_requires_boundary_validation,
LTFRB_PUJ1317,Manila,Manila|Pasig,2,text_fallback,low_requires_boundary_validation,
LTFRB_PUJ1113,Muntinlupa,Muntinlupa|Taguig,2,text_fallback,low_requires_boundary_validation,
LTFRB_PUJ2544,Unspecified,Unspecified,1,text_fallback,low_requires_boundary_validation,
LTFRB_PUJ2545,Unspecified,Unspecified,1,text_fallback,low_requires_boundary_validation,
LTFRB_PUJ1438,Valenzuela,Valenzuela|Caloocan,2,text_fallback,low_requires_boundary_validation,
LTFRB_PUJ1439,Caloocan,Caloocan|Valenzuela,2,text_fallback,low_requires_boundary_validation,
LTFRB_PUJ2421,Paranaque,Paranaque,1,text_fallback,low_requires_boundary_validation,
LTFRB_PUJ2550,Las Pinas,Las Pinas,1,text_fallback,low_requires_boundary_validation,
LTFRB_PUJ1909,Antipolo,Antipolo|Marikina,2,text_fallback,low_requires_boundary_validation,
LTFRB_PUJ1908,Marikina,Marikina|Antipolo,2,text_fallback,low_requires_boundary_validation,
LTFRB_PUJ1316,Pasig,Pasig|Manila,2,text_fallback,low_requires_boundary_validation,
LTFRB_PUJ2614,Muntinlupa,Muntinlupa,1,text_fallback,low_requires_boundary_validation,
LTFRB_PUJ2613,Unspecified,Unspecified,1,text_fallback,low_requires_boundary_validation,
LTFRB_PUJ2343,Valenzuela,Valenzuela|Caloocan,2,text_fallback,low_requires_boundary_validation,
LTFRB_PUJ2344,Caloocan,Caloocan|Valenzuela,2,text_fallback,low_requires_boundary_validation,
LTFRB_PUJ2276,Manila,Manila,1,text_fallback,low_requires_boundary_validation,
LTFRB_PUJ1634,Antipolo,Antipolo,1,text_fallback,low_requires_boundary_validation,
LTFRB_PUJ1635,Antipolo,Antipolo,1,text_fallback,low_requires_boundary_validation,
LTFRB_PUJ1914,Valenzuela,Valenzuela|Caloocan,2,text_fallback,low_requires_boundary_validation,
LTFRB_PUJ1915,Caloocan,Caloocan|Valenzuela,2,text_fallback,low_requires_boundary_validation,
LTFRB_PUJ2460,Manila,Manila,1,text_fallback,low_requires_boundary_validation,
LTFRB_PUJ2461,Manila,Manila,1,text_fallback,low_requires_boundary_validation,
LTFRB_PUJ2511,San Juan,San Juan,1,text_fallback,low_requires_boundary_validation,
LTFRB_PUJ2349,Unspecified,Unspecified,1,text_fallback,low_requires_boundary_validation,
LTFRB_PUJ2350,Unspecified,Unspecified,1,text_fallback,low_requires_boundary_validation,
LTFRB_PUJ2475,Unspecified,Unspecified,1,text_fallback,low_requires_boundary_validation,
LTFRB_PUJ2474,Unspecified,Unspecified,1,text_fallback,low_requires_boundary_validation,
LTFRB_PUJ1752,San Juan,San Juan,1,text_fallback,low_requires_boundary_validation,
LTFRB_PUJ2510,San Juan,San Juan,1,text_fallback,low_requires_boundary_validation,
LTFRB_PUJ1753,San Juan,San Juan,1,text_fallback,low_requires_boundary_validation,
LTFRB_PUJ2373,Pasig,Pasig|Quezon City,2,text_fallback,low_requires_boundary_validation,
LTFRB_PUJ2425,Bacoor,Bacoor|Las Pinas,2,text_fallback,low_requires_boundary_validation,
LTFRB_PUJ2351,Unspecified,Unspecified,1,text_fallback,low_requires_boundary_validation,
LTFRB_PUJ2352,Unspecified,Unspecified,1,text_fallback,low_requires_boundary_validation,
LTFRB_PUJ2273,Manila,Manila,1,text_fallback,low_requires_boundary_validation,
