route_id,rank,evidence_grade,simulations,top_5_probability,top_10_probability,top_20_probability,median_rank,rank_p10,rank_p90,score_p10,score_p90,rank_stability_score,robustness_label,sensitivity_mode,sensitivity_seed
LTFRB_PUJ1353,1,C,5000,1.0,1.0,1.0,1,1,1,77.13,82.84,100.0,ROBUST PRIORITY,around_default,20260820
LTFRB_PUJ1241,2,C,5000,0.9996,0.9998,0.9998,2,2,2,74.88,80.78,99.99,ROBUST PRIORITY,around_default,20260820
LTFRB_PUJ2083,3,C,5000,0.9994,0.9998,0.9998,3,3,3,74.76,80.54,99.99,ROBUST PRIORITY,around_default,20260820
LTFRB_PUJ1352,4,C,5000,0.7582,0.9998,0.9998,4,4,6,74.39,78.89,99.75,ROBUST PRIORITY,around_default,20260820
LTFRB_PUJ1240,5,C,5000,0.9232,0.9992,0.9992,5,5,5,73.62,78.97,99.94,ROBUST PRIORITY,around_default,20260820
LTFRB_PUJ1156,6,C,5000,0.3086,0.9906,0.9946,6,4,7,72.87,79.21,98.98,ROBUST PRIORITY,around_default,20260820
LTFRB_PUJ2084,7,C,5000,0.0,0.999,0.9992,7,6,7,73.24,78.16,99.81,ROBUST PRIORITY,around_default,20260820
LTFRB_PUJ1157,8,C,5000,0.0,0.9588,0.9844,8,8,9,71.67,77.37,97.0,ROBUST PRIORITY,around_default,20260820
LTFRB_PUJ1638,9,C,5000,0.0,0.7232,0.9898,9,9,13,71.17,74.9,80.14,ROBUST PRIORITY,around_default,20260820
LTFRB_PUJ1350,10,C,5000,0.0,0.3168,0.9448,11,10,18,70.21,74.75,51.22,SCENARIO-DEPENDENT,around_default,20260820
LTFRB_PUJ1153,11,C,5000,0.0,0.4072,0.875,11,9,24,69.74,75.09,56.7,SCENARIO-DEPENDENT,around_default,20260820
LTFRB_PUJ1639,12,C,5000,0.0,0.1664,0.9682,14,10,17,70.35,73.69,40.81,SCENARIO-DEPENDENT,around_default,20260820
LTFRB_PUJ1152,13,C,5000,0.0,0.0,0.824,13,12,29,69.44,74.58,27.96,SCENARIO-DEPENDENT,around_default,20260820
LTFRB_PUJ2120,14,C,5000,0.0,0.0036,0.994,14,11,17,70.14,73.27,29.53,SCENARIO-DEPENDENT,around_default,20260820
LTFRB_PUJ2101,15,C,5000,0.0,0.0096,0.9864,16,13,19,69.69,72.94,29.95,SCENARIO-DEPENDENT,around_default,20260820
LTFRB_PUJ2102,16,C,5000,0.0,0.0,0.954,17,14,20,69.68,72.91,29.28,SCENARIO-DEPENDENT,around_default,20260820
LTFRB_PUJ1405,17,C,5000,0.0004,0.1704,0.5792,18,9,24,69.31,73.19,40.13,SCENARIO-DEPENDENT,around_default,20260820
LTFRB_PUJ2119,18,C,5000,0.0,0.0,0.9484,18,16,19,69.7,72.74,29.64,SCENARIO-DEPENDENT,around_default,20260820
LTFRB_PUJ1648,19,C,5000,0.0,0.0,0.6164,20,15,30,69.14,73.01,28.2,SCENARIO-DEPENDENT,around_default,20260820
LTFRB_PUJ1649,20,C,5000,0.0,0.0,0.4832,21,16,31,69.14,73.01,28.2,SCENARIO-DEPENDENT,around_default,20260820
LTFRB_PUJ1022,21,C,5000,0.0,0.1596,0.5134,20,9,89,67.03,75.03,31.57,SCENARIO-DEPENDENT,around_default,20260820
LTFRB_PUJ1937,22,C,5000,0.0,0.0,0.4464,21,16,23,69.3,72.41,29.16,SCENARIO-DEPENDENT,around_default,20260820
LTFRB_PUJ1043,23,C,5000,0.0,0.0126,0.3846,23,16,26,69.02,72.12,29.68,SCENARIO-DEPENDENT,around_default,20260820
LTFRB_PUJ1680,24,C,5000,0.0,0.0,0.0052,25,22,27,68.59,71.58,29.4,SCENARIO-DEPENDENT,around_default,20260820
LTFRB_PUJ1936,25,C,5000,0.0,0.0,0.0,26,24,28,68.51,71.49,29.52,SCENARIO-DEPENDENT,around_default,20260820
LTFRB_PUJ1605,26,C,5000,0.0,0.0,0.0782,27,21,32,68.29,71.57,28.68,SCENARIO-DEPENDENT,around_default,20260820
LTFRB_PUJ1351,27,C,5000,0.0,0.0,0.0318,27,22,41,68.08,71.56,27.72,SCENARIO-DEPENDENT,around_default,20260820
LTFRB_PUJ1640,28,C,5000,0.0,0.0,0.0162,27,23,33,68.44,71.2,28.8,SCENARIO-DEPENDENT,around_default,20260820
LTFRB_PUJ1643,29,C,5000,0.0,0.0,0.0122,28,24,34,68.44,71.2,28.8,SCENARIO-DEPENDENT,around_default,20260820
LTFRB_PUJ1044,30,C,5000,0.0,0.0002,0.0522,30,24,33,68.08,71.19,28.93,SCENARIO-DEPENDENT,around_default,20260820
LTFRB_PUJ1944,31,C,5000,0.0,0.0,0.0,30,27,33,68.03,71.12,29.28,SCENARIO-DEPENDENT,around_default,20260820
LTFRB_PUJ1604,32,C,5000,0.0,0.0,0.0038,32,25,35,67.6,71.1,28.8,SCENARIO-DEPENDENT,around_default,20260820
LTFRB_PUJ1636,33,C,5000,0.0,0.0,0.0004,33,29,39,67.85,70.51,28.8,SCENARIO-DEPENDENT,around_default,20260820
LTFRB_PUJ1637,34,C,5000,0.0,0.0,0.0,34,30,40,67.81,70.46,28.8,SCENARIO-DEPENDENT,around_default,20260820
LTFRB_PUJ1897,35,C,5000,0.0094,0.0554,0.1562,35,18,42,65.85,71.52,31.0,SCENARIO-DEPENDENT,around_default,20260820
LTFRB_PUJ2113,36,C,5000,0.0,0.0,0.0002,36,35,40,66.95,69.88,29.4,SCENARIO-DEPENDENT,around_default,20260820
LTFRB_PUJ2407,37,C,5000,0.0,0.0,0.0,38,36,53,66.49,69.42,27.96,SCENARIO-DEPENDENT,around_default,20260820
LTFRB_PUJ1401,38,C,5000,0.0,0.0,0.0,40,38,50,66.17,69.4,28.56,SCENARIO-DEPENDENT,around_default,20260820
LTFRB_PUJ1609,39,C,5000,0.0,0.0046,0.0344,39,28,51,65.28,70.39,27.56,SCENARIO-DEPENDENT,around_default,20260820
LTFRB_PUJ2418,40,C,5000,0.0,0.0,0.0012,40,31,135,65.87,69.63,17.52,SCENARIO-DEPENDENT,around_default,20260820
LTFRB_PUJ1577,41,C,5000,0.0,0.0,0.0,40,36,44,65.67,69.78,29.04,SCENARIO-DEPENDENT,around_default,20260820
LTFRB_PUJ1576,42,C,5000,0.0,0.0,0.0,42,39,48,65.46,69.61,28.92,SCENARIO-DEPENDENT,around_default,20260820
LTFRB_PUJ1983,43,C,5000,0.0,0.0,0.0,43,39,49,65.71,69.23,28.8,SCENARIO-DEPENDENT,around_default,20260820
LTFRB_PUJ1608,44,C,5000,0.0,0.0,0.008,46,33,60,64.68,69.84,26.76,SCENARIO-DEPENDENT,around_default,20260820
LTFRB_PUJ1896,45,C,5000,0.0008,0.019,0.0518,47,28,69,64.16,70.33,26.41,SCENARIO-DEPENDENT,around_default,20260820
LTFRB_PUJ1940,46,C,5000,0.0,0.0,0.0,47,41,63,65.42,68.8,27.36,SCENARIO-DEPENDENT,around_default,20260820
LTFRB_PUJ1735,47,C,5000,0.0,0.0,0.0,47,42,57,65.35,68.89,28.2,SCENARIO-DEPENDENT,around_default,20260820
LTFRB_PUJ1235,48,C,5000,0.0,0.0,0.0,48,44,58,65.31,68.87,28.32,SCENARIO-DEPENDENT,around_default,20260820
LTFRB_PUJ1941,49,C,5000,0.0,0.0,0.0,48,43,65,65.37,68.76,27.36,SCENARIO-DEPENDENT,around_default,20260820
LTFRB_PUJ1045,50,C,5000,0.0,0.0,0.0,47,39,91,65.76,68.26,23.76,SCENARIO-DEPENDENT,around_default,20260820
LTFRB_PUJ1458,51,C,5000,0.0,0.0,0.0,51,42,64,64.43,69.3,27.36,SCENARIO-DEPENDENT,around_default,20260820
LTFRB_PUJ2323,52,C,5000,0.0,0.0,0.0,53,51,77,65.01,68.18,26.88,SCENARIO-DEPENDENT,around_default,20260820
LTFRB_PUJ2408,53,C,5000,0.0,0.0,0.0,54,49,93,65.09,67.91,24.72,SCENARIO-DEPENDENT,around_default,20260820
LTFRB_PUJ1863,54,C,5000,0.0,0.0,0.0,55,44,74,63.81,69.13,26.4,SCENARIO-DEPENDENT,around_default,20260820
LTFRB_PUJ2114,55,C,5000,0.0,0.0,0.0,56,49,94,64.89,67.97,24.6,SCENARIO-DEPENDENT,around_default,20260820
LTFRB_PUJ1459,56,C,5000,0.0,0.0,0.0,57,54,72,63.97,68.64,27.84,SCENARIO-DEPENDENT,around_default,20260820
LTFRB_PUJ2142,57,C,5000,0.0,0.0,0.0,57,47,77,63.57,68.95,26.4,SCENARIO-DEPENDENT,around_default,20260820
LTFRB_PUJ1400,58,C,5000,0.0,0.0,0.0,62,55,93,64.33,67.92,25.44,SCENARIO-DEPENDENT,around_default,20260820
LTFRB_PUJ1561,59,C,5000,0.0,0.0,0.0114,60,40,85,63.0,69.27,24.6,SCENARIO-DEPENDENT,around_default,20260820
LTFRB_PUJ2324,60,C,5000,0.0,0.0,0.0,62,57,100,64.43,67.63,24.84,SCENARIO-DEPENDENT,around_default,20260820
LTFRB_PUJ1734,61,C,5000,0.0,0.0,0.0,67,56,89,64.02,67.89,26.04,SCENARIO-DEPENDENT,around_default,20260820
LTFRB_PUJ2141,62,C,5000,0.0,0.0,0.0,63,51,81,63.2,68.69,26.4,SCENARIO-DEPENDENT,around_default,20260820
LTFRB_PUJ1397,63,C,5000,0.0,0.0,0.0,66,54,139,64.52,67.1,19.8,SCENARIO-DEPENDENT,around_default,20260820
LTFRB_PUJ1402,64,C,5000,0.0,0.0,0.0,69,60,94,63.79,67.85,25.92,SCENARIO-DEPENDENT,around_default,20260820
LTFRB_PUJ1234,65,C,5000,0.0,0.0,0.0,71,60,97,63.81,67.74,25.56,SCENARIO-DEPENDENT,around_default,20260820
LTFRB_PUJ1982,66,C,5000,0.0,0.0,0.0,74,62,96,63.65,67.73,25.92,SCENARIO-DEPENDENT,around_default,20260820
LTFRB_PUJ1398,67,C,5000,0.0,0.0,0.0,68,63,121,64.09,67.2,23.04,SCENARIO-DEPENDENT,around_default,20260820
LTFRB_PUJ1136,68,C,5000,0.0,0.0,0.0,72,61,86,63.09,68.22,27.0,SCENARIO-DEPENDENT,around_default,20260820
LTFRB_PUJ2437,69,C,5000,0.0,0.0,0.0,74,64,114,63.76,67.42,24.0,SCENARIO-DEPENDENT,around_default,20260820
LTFRB_PUJ1545,70,C,5000,0.0,0.0,0.0046,71,48,96,62.43,68.85,24.24,SCENARIO-DEPENDENT,around_default,20260820
LTFRB_PUJ1560,71,C,5000,0.0,0.0,0.0002,70,50,92,62.49,68.71,24.96,SCENARIO-DEPENDENT,around_default,20260820
LTFRB_PUJ1544,72,C,5000,0.0,0.0,0.0,74,56,91,62.68,68.46,25.8,SCENARIO-DEPENDENT,around_default,20260820
LTFRB_PUJ1989,73,C,5000,0.0,0.0,0.0044,71,47,94,62.39,68.74,24.36,SCENARIO-DEPENDENT,around_default,20260820
LTFRB_PUJ2617,74,C,5000,0.0,0.0,0.0,77,64,90,62.86,68.14,26.88,SCENARIO-DEPENDENT,around_default,20260820
LTFRB_PUJ1399,75,C,5000,0.0,0.0,0.0,73,67,140,63.96,66.86,21.24,SCENARIO-DEPENDENT,around_default,20260820
LTFRB_PUJ2078,76,C,5000,0.0,0.0,0.0,74,55,97,62.27,68.5,24.96,SCENARIO-DEPENDENT,around_default,20260820
LTFRB_PUJ1721,77,C,5000,0.0,0.0,0.0,77,60,105,61.98,68.35,24.6,SCENARIO-DEPENDENT,around_default,20260820
LTFRB_PUJ2584,78,C,5000,0.0,0.0,0.0,79,68,103,62.02,68.16,25.8,SCENARIO-DEPENDENT,around_default,20260820
LTFRB_PUJ1475,79,C,5000,0.0,0.0,0.0,80,65,109,61.85,68.27,24.72,SCENARIO-DEPENDENT,around_default,20260820
LTFRB_PUJ2618,80,C,5000,0.0,0.0,0.0,88,75,106,62.27,67.79,26.28,SCENARIO-DEPENDENT,around_default,20260820
LTFRB_PUJ1506,81,C,5000,0.0,0.0,0.0,84,59,228,63.77,65.89,9.72,SCENARIO-DEPENDENT,around_default,20260820
LTFRB_PUJ2212,82,C,5000,0.0,0.0,0.0,85,70,114,61.69,68.13,24.72,SCENARIO-DEPENDENT,around_default,20260820
LTFRB_PUJ2341,83,C,5000,0.0,0.0,0.0012,84,60,128,61.41,68.35,21.84,SCENARIO-DEPENDENT,around_default,20260820
LTFRB_PUJ1462,84,C,5000,0.0,0.0,0.0002,86,62,129,61.41,68.31,21.96,SCENARIO-DEPENDENT,around_default,20260820
LTFRB_PUJ1804,85,C,5000,0.0,0.0002,0.0056,92,61,147,61.13,68.4,19.69,SCENARIO-DEPENDENT,around_default,20260820
LTFRB_PUJ1460,86,C,5000,0.0,0.0,0.0,90,74,124,61.49,68.0,24.0,SCENARIO-DEPENDENT,around_default,20260820
LTFRB_PUJ1823,87,C,5000,0.0,0.0014,0.0078,93,58,152,61.05,68.45,18.82,SCENARIO-DEPENDENT,around_default,20260820
LTFRB_PUJ1890,88,C,5000,0.0,0.0,0.0,90,53,300,63.38,65.98,0.36,SCENARIO-DEPENDENT,around_default,20260820
LTFRB_PUJ2289,89,C,5000,0.0,0.0,0.0,92,79,120,61.57,67.88,25.08,SCENARIO-DEPENDENT,around_default,20260820
LTFRB_PUJ1315,90,C,5000,0.0,0.0,0.0,93,41,367,62.66,66.58,0.0,SCENARIO-DEPENDENT,around_default,20260820
LTFRB_PUJ1396,91,C,5000,0.0,0.0,0.0,92,72,204,63.47,65.78,14.16,SCENARIO-DEPENDENT,around_default,20260820
LTFRB_PUJ1788,92,C,5000,0.0,0.0004,0.007,95,60,156,60.98,68.4,18.51,SCENARIO-DEPENDENT,around_default,20260820
LTFRB_PUJ2443,93,C,5000,0.0,0.0,0.0,94,58,265,63.49,65.69,5.16,SCENARIO-DEPENDENT,around_default,20260820
LTFRB_PUJ1891,94,C,5000,0.0,0.0,0.0,95,53,314,63.27,65.94,0.0,SCENARIO-DEPENDENT,around_default,20260820
LTFRB_PUJ2109,95,C,5000,0.0,0.0,0.0,94,81,173,62.98,66.19,18.96,SCENARIO-DEPENDENT,around_default,20260820
LTFRB_PUJ1463,96,C,5000,0.0,0.0,0.0,94,69,144,61.14,68.15,21.0,SCENARIO-DEPENDENT,around_default,20260820
LTFRB_PUJ2322,97,C,5000,0.0,0.0,0.0008,96,68,141,61.19,68.02,21.24,SCENARIO-DEPENDENT,around_default,20260820
LTFRB_PUJ2111,98,C,5000,0.0,0.0,0.0,97,83,178,62.9,66.12,18.6,SCENARIO-DEPENDENT,around_default,20260820
LTFRB_PUJ1720,99,C,5000,0.0,0.0,0.0,97,80,136,61.29,67.86,23.28,SCENARIO-DEPENDENT,around_default,20260820
LTFRB_PUJ2442,100,C,5000,0.0,0.0,0.0,100,60,290,63.31,65.58,2.4,SCENARIO-DEPENDENT,around_default,20260820
LTFRB_PUJ1793,101,C,5000,0.0,0.0,0.0,99,87,133,61.32,67.69,24.48,SCENARIO-DEPENDENT,around_default,20260820
LTFRB_PUJ1795,102,C,5000,0.0,0.0,0.0,103,82,145,61.17,67.73,22.44,SCENARIO-DEPENDENT,around_default,20260820
LTFRB_PUJ1474,103,C,5000,0.0,0.0,0.0,103,86,147,61.09,67.72,22.68,SCENARIO-DEPENDENT,around_default,20260820
LTFRB_PUJ2077,104,C,5000,0.0,0.0,0.0,106,89,153,61.0,67.65,22.32,SCENARIO-DEPENDENT,around_default,20260820
LTFRB_PUJ2169,105,C,5000,0.0,0.0,0.0012,106,71,171,60.6,68.02,18.0,SCENARIO-DEPENDENT,around_default,20260820
LTFRB_PUJ2583,106,C,5000,0.0,0.0,0.0,108,94,150,61.03,67.55,23.28,LOW-PRIORITY ROBUST,around_default,20260820
LTFRB_PUJ1988,107,C,5000,0.0,0.0,0.0,109,82,159,60.89,67.65,20.76,SCENARIO-DEPENDENT,around_default,20260820
LTFRB_PUJ1676,108,C,5000,0.0,0.0,0.0,110,101,137,61.24,67.26,25.68,LOW-PRIORITY ROBUST,around_default,20260820
LTFRB_PUJ2321,109,C,5000,0.0,0.0,0.0016,109,72,172,60.54,67.97,18.0,SCENARIO-DEPENDENT,around_default,20260820
LTFRB_PUJ1791,110,C,5000,0.0,0.0,0.0,110,82,166,60.7,67.8,19.92,SCENARIO-DEPENDENT,around_default,20260820
LTFRB_PUJ1314,111,C,5000,0.0,0.0,0.0,109,49,401,62.27,66.03,0.0,SCENARIO-DEPENDENT,around_default,20260820
LTFRB_PUJ2002,112,C,5000,0.0,0.0,0.0,111,68,301,63.11,65.17,2.04,SCENARIO-DEPENDENT,around_default,20260820
LTFRB_PUJ1707,113,C,5000,0.0,0.0,0.0,114,103,146,61.08,67.23,24.84,LOW-PRIORITY ROBUST,around_default,20260820
LTFRB_PUJ1792,114,C,5000,0.0,0.0,0.0,114,99,158,60.9,67.4,22.92,LOW-PRIORITY ROBUST,around_default,20260820
LTFRB_PUJ1526,115,C,5000,0.0,0.0,0.0,119,105,155,60.92,67.2,24.0,LOW-PRIORITY ROBUST,around_default,20260820
LTFRB_PUJ2470,116,C,5000,0.0,0.0,0.0,121,107,145,61.32,66.8,25.44,LOW-PRIORITY ROBUST,around_default,20260820
LTFRB_PUJ2471,117,C,5000,0.0,0.0,0.0,121,108,146,61.27,66.84,25.44,LOW-PRIORITY ROBUST,around_default,20260820
LTFRB_PUJ1428,118,C,5000,0.0,0.0,0.0,119,89,208,62.12,65.81,15.72,SCENARIO-DEPENDENT,around_default,20260820
LTFRB_PUJ1866,119,C,5000,0.0,0.0,0.0,126,111,146,61.08,66.88,25.8,LOW-PRIORITY ROBUST,around_default,20260820
LTFRB_PUJ2417,120,C,5000,0.0,0.0,0.0,119,61,371,62.57,65.25,0.0,SCENARIO-DEPENDENT,around_default,20260820
LTFRB_PUJ1540,121,C,5000,0.0,0.0,0.0,129,116,154,61.2,66.63,25.44,LOW-PRIORITY ROBUST,around_default,20260820
LTFRB_PUJ1672,122,C,5000,0.0,0.0,0.0,126,105,181,61.77,65.94,20.88,SCENARIO-DEPENDENT,around_default,20260820
LTFRB_PUJ2582,123,C,5000,0.0,0.0,0.0,127,108,167,60.72,67.05,22.92,LOW-PRIORITY ROBUST,around_default,20260820
LTFRB_PUJ2261,124,C,5000,0.0,0.0,0.0,125,102,188,61.96,65.67,19.68,SCENARIO-DEPENDENT,around_default,20260820
LTFRB_PUJ1722,125,C,5000,0.0,0.0,0.0,126,101,177,60.45,67.28,20.88,SCENARIO-DEPENDENT,around_default,20260820
LTFRB_PUJ1867,126,C,5000,0.0,0.0,0.0,133,117,156,60.91,66.76,25.32,LOW-PRIORITY ROBUST,around_default,20260820
LTFRB_PUJ1706,127,C,5000,0.0,0.0,0.0,129,111,166,60.67,66.97,23.4,LOW-PRIORITY ROBUST,around_default,20260820
LTFRB_PUJ1786,128,C,5000,0.0,0.0,0.0,129,98,207,62.05,65.4,16.92,SCENARIO-DEPENDENT,around_default,20260820
LTFRB_PUJ1824,129,C,5000,0.0,0.0,0.0002,129,85,197,59.92,67.63,16.56,SCENARIO-DEPENDENT,around_default,20260820
LTFRB_PUJ1995,130,C,5000,0.0,0.0,0.0002,132,92,194,60.07,67.47,17.76,SCENARIO-DEPENDENT,around_default,20260820
LTFRB_PUJ1101,131,C,5000,0.0,0.0,0.0,131,94,221,62.19,65.2,14.76,SCENARIO-DEPENDENT,around_default,20260820
LTFRB_PUJ1534,132,C,5000,0.0,0.0,0.0,137,123,163,60.92,66.59,25.2,LOW-PRIORITY ROBUST,around_default,20260820
LTFRB_PUJ1789,133,C,5000,0.0,0.0,0.0002,134,88,200,59.85,67.58,16.56,SCENARIO-DEPENDENT,around_default,20260820
LTFRB_PUJ1102,134,C,5000,0.0,0.0,0.0,134,93,226,62.19,65.14,14.04,SCENARIO-DEPENDENT,around_default,20260820
LTFRB_PUJ1507,135,C,5000,0.0,0.0,0.0,133,84,280,62.59,64.69,6.48,SCENARIO-DEPENDENT,around_default,20260820
LTFRB_PUJ2570,136,C,5000,0.0,0.0,0.0,137,117,175,60.49,66.84,23.04,LOW-PRIORITY ROBUST,around_default,20260820
LTFRB_PUJ1589,137,C,5000,0.0,0.0,0.0,137,119,182,61.44,65.79,22.44,SCENARIO-DEPENDENT,around_default,20260820
LTFRB_PUJ2262,138,C,5000,0.0,0.0,0.0,138,107,202,61.77,65.42,18.6,SCENARIO-DEPENDENT,around_default,20260820
LTFRB_PUJ1790,139,C,5000,0.0,0.0,0.0,137,100,201,59.84,67.4,17.88,SCENARIO-DEPENDENT,around_default,20260820
LTFRB_PUJ2110,140,C,5000,0.0,0.0,0.0,140,105,216,61.81,65.27,16.68,SCENARIO-DEPENDENT,around_default,20260820
LTFRB_PUJ1049,141,C,5000,0.0,0.0,0.0,142,113,206,61.64,65.39,18.84,SCENARIO-DEPENDENT,around_default,20260820
LTFRB_PUJ2112,142,C,5000,0.0,0.0,0.0,144,108,220,61.76,65.23,16.56,SCENARIO-DEPENDENT,around_default,20260820
LTFRB_PUJ1482,143,C,5000,0.0,0.0,0.0,145,120,189,60.12,66.82,21.72,SCENARIO-DEPENDENT,around_default,20260820
LTFRB_PUJ2581,144,C,5000,0.0,0.0,0.0,148,127,188,60.24,66.69,22.68,SCENARIO-DEPENDENT,around_default,20260820
LTFRB_PUJ2054,145,C,5000,0.0,0.0,0.0,147,102,210,59.59,67.28,17.04,SCENARIO-DEPENDENT,around_default,20260820
LTFRB_PUJ1557,146,C,5000,0.0,0.0,0.0,152,134,178,60.42,66.41,24.72,LOW-PRIORITY ROBUST,around_default,20260820
LTFRB_PUJ1849,147,C,5000,0.0,0.0002,0.002,148,89,223,59.32,67.56,13.93,SCENARIO-DEPENDENT,around_default,20260820
LTFRB_PUJ1137,148,C,5000,0.0,0.0,0.0,152,134,187,60.29,66.54,23.64,LOW-PRIORITY ROBUST,around_default,20260820
LTFRB_PUJ1611,149,C,5000,0.0,0.0,0.0,151,108,209,59.62,67.16,17.88,SCENARIO-DEPENDENT,around_default,20260820
LTFRB_PUJ1483,150,C,5000,0.0,0.0,0.0,150,120,197,59.92,66.86,20.76,SCENARIO-DEPENDENT,around_default,20260820
LTFRB_PUJ2236,151,C,5000,0.0,0.0,0.0,153,120,203,59.84,66.89,20.04,SCENARIO-DEPENDENT,around_default,20260820
LTFRB_PUJ2228,152,C,5000,0.0,0.0,0.0,153,94,281,62.07,64.51,7.56,SCENARIO-DEPENDENT,around_default,20260820
LTFRB_PUJ1784,153,C,5000,0.0,0.0,0.0,155,129,208,61.21,65.32,20.52,SCENARIO-DEPENDENT,around_default,20260820
LTFRB_PUJ1610,154,C,5000,0.0,0.0,0.0,159,119,211,59.58,66.93,18.96,SCENARIO-DEPENDENT,around_default,20260820
LTFRB_PUJ1805,155,C,5000,0.0,0.0,0.0,160,107,223,59.33,67.19,16.08,SCENARIO-DEPENDENT,around_default,20260820
LTFRB_PUJ2015,156,C,5000,0.0,0.0,0.0,160,113,252,61.6,64.79,13.32,SCENARIO-DEPENDENT,around_default,20260820
LTFRB_PUJ1671,157,C,5000,0.0,0.0,0.0,160,135,215,61.17,65.21,20.4,SCENARIO-DEPENDENT,around_default,20260820
LTFRB_PUJ1484,158,C,5000,0.0,0.0012,0.0044,158,89,241,58.9,67.55,11.84,SCENARIO-DEPENDENT,around_default,20260820
LTFRB_PUJ1693,159,C,5000,0.0,0.0,0.0,162,143,203,60.96,65.36,22.8,LOW-PRIORITY ROBUST,around_default,20260820
LTFRB_PUJ1794,160,C,5000,0.0,0.0,0.0,163,135,204,59.8,66.57,21.72,SCENARIO-DEPENDENT,around_default,20260820
LTFRB_PUJ1050,161,C,5000,0.0,0.0,0.0,163,131,225,61.22,65.07,18.72,SCENARIO-DEPENDENT,around_default,20260820
LTFRB_PUJ1488,162,C,5000,0.0002,0.0002,0.0028,165,93,248,59.05,67.38,11.41,SCENARIO-DEPENDENT,around_default,20260820
LTFRB_PUJ2436,163,C,5000,0.0,0.0,0.0,165,127,236,61.3,64.93,16.92,SCENARIO-DEPENDENT,around_default,20260820
LTFRB_PUJ1675,164,C,5000,0.0,0.0,0.0,167,149,191,60.07,66.16,24.96,LOW-PRIORITY ROBUST,around_default,20260820
LTFRB_PUJ1785,165,C,5000,0.0,0.0,0.0,167,140,216,61.0,65.17,20.88,SCENARIO-DEPENDENT,around_default,20260820
LTFRB_PUJ1024,166,C,5000,0.0,0.0,0.0,170,145,201,59.82,66.3,23.28,LOW-PRIORITY ROBUST,around_default,20260820
LTFRB_PUJ1054,167,C,5000,0.0,0.0,0.0,169,125,254,61.32,64.75,14.52,SCENARIO-DEPENDENT,around_default,20260820
LTFRB_PUJ1429,168,C,5000,0.0,0.0,0.0,167,129,252,60.96,65.07,15.24,SCENARIO-DEPENDENT,around_default,20260820
LTFRB_PUJ1739,169,C,5000,0.0,0.0,0.0,171,121,262,61.38,64.63,13.08,SCENARIO-DEPENDENT,around_default,20260820
LTFRB_PUJ1230,170,C,5000,0.0,0.0,0.0,169,113,223,59.2,66.89,16.8,SCENARIO-DEPENDENT,around_default,20260820
LTFRB_PUJ1489,171,C,5000,0.0002,0.0002,0.002,172,100,257,58.88,67.25,11.17,SCENARIO-DEPENDENT,around_default,20260820
LTFRB_PUJ1147,172,C,5000,0.0,0.0,0.0,172,91,359,61.99,63.84,0.0,SCENARIO-DEPENDENT,around_default,20260820
LTFRB_PUJ1485,173,C,5000,0.0,0.0004,0.0026,172,98,258,58.59,67.36,10.83,SCENARIO-DEPENDENT,around_default,20260820
LTFRB_PUJ1850,174,C,5000,0.0,0.0,0.0004,174,109,254,58.71,67.17,12.6,SCENARIO-DEPENDENT,around_default,20260820
LTFRB_PUJ1055,175,C,5000,0.0,0.0,0.0,175,137,217,59.33,66.46,20.4,SCENARIO-DEPENDENT,around_default,20260820
LTFRB_PUJ2319,176,C,5000,0.0,0.0,0.0,176,122,227,59.12,66.66,17.4,SCENARIO-DEPENDENT,around_default,20260820
LTFRB_PUJ1383,177,C,5000,0.0,0.0,0.0,179,157,209,59.56,66.1,23.76,LOW-PRIORITY ROBUST,around_default,20260820
LTFRB_PUJ1538,178,C,5000,0.0,0.0,0.0,180,127,229,59.11,66.58,17.76,SCENARIO-DEPENDENT,around_default,20260820
LTFRB_PUJ2170,179,C,5000,0.0,0.0,0.0,179,128,244,58.88,66.75,16.08,SCENARIO-DEPENDENT,around_default,20260820
LTFRB_PUJ2003,180,C,5000,0.0,0.0,0.0,183,102,355,61.68,63.72,0.0,SCENARIO-DEPENDENT,around_default,20260820
LTFRB_PUJ1288,181,C,5000,0.0,0.0002,0.0018,183,105,266,58.4,67.17,10.69,SCENARIO-DEPENDENT,around_default,20260820
LTFRB_PUJ1994,182,C,5000,0.0,0.0,0.0,184,122,243,58.89,66.7,15.48,SCENARIO-DEPENDENT,around_default,20260820
LTFRB_PUJ1535,183,C,5000,0.0,0.0,0.0,187,161,216,59.51,65.94,23.4,LOW-PRIORITY ROBUST,around_default,20260820
LTFRB_PUJ1034,184,C,5000,0.0,0.0,0.0,191,162,225,59.35,65.95,22.44,SCENARIO-DEPENDENT,around_default,20260820
LTFRB_PUJ2508,185,C,5000,0.0,0.0,0.0002,187,120,268,58.42,66.95,12.24,SCENARIO-DEPENDENT,around_default,20260820
LTFRB_PUJ1723,186,C,5000,0.0,0.0,0.0,189,144,242,58.94,66.36,18.24,SCENARIO-DEPENDENT,around_default,20260820
LTFRB_PUJ1855,187,C,5000,0.0,0.0,0.0,188,145,233,58.95,66.32,19.44,SCENARIO-DEPENDENT,around_default,20260820
LTFRB_PUJ2548,188,C,5000,0.0,0.0,0.0,192,172,240,60.38,64.84,21.84,SCENARIO-DEPENDENT,around_default,20260820
LTFRB_PUJ2098,189,C,5000,0.0,0.0,0.0,191,139,254,58.72,66.53,16.2,SCENARIO-DEPENDENT,around_default,20260820
LTFRB_PUJ2377,190,C,5000,0.0,0.0,0.0,194,146,235,59.07,66.15,19.32,SCENARIO-DEPENDENT,around_default,20260820
LTFRB_PUJ1559,191,C,5000,0.0,0.0,0.0,191,149,236,58.94,66.25,19.56,SCENARIO-DEPENDENT,around_default,20260820
LTFRB_PUJ1016,192,C,5000,0.0,0.0,0.0,192,107,371,61.42,63.56,0.0,SCENARIO-DEPENDENT,around_default,20260820
LTFRB_PUJ1046,193,C,5000,0.0,0.0,0.0,194,106,373,61.28,63.71,0.0,SCENARIO-DEPENDENT,around_default,20260820
LTFRB_PUJ1056,194,C,5000,0.0,0.0,0.0,194,141,248,58.72,66.39,17.16,SCENARIO-DEPENDENT,around_default,20260820
LTFRB_PUJ1856,195,C,5000,0.0,0.0,0.0,195,155,239,58.89,66.16,19.92,SCENARIO-DEPENDENT,around_default,20260820
LTFRB_PUJ2572,196,C,5000,0.0,0.0,0.0,197,157,240,58.87,66.14,20.04,SCENARIO-DEPENDENT,around_default,20260820
LTFRB_PUJ1053,197,C,5000,0.0,0.0,0.0,200,163,294,60.63,64.22,14.28,SCENARIO-DEPENDENT,around_default,20260820
LTFRB_PUJ1155,198,C,5000,0.0,0.0,0.0,198,78,511,60.96,63.86,0.0,SCENARIO-DEPENDENT,around_default,20260820
LTFRB_PUJ2360,199,C,5000,0.0,0.0,0.0002,204,129,281,58.36,66.66,11.76,SCENARIO-DEPENDENT,around_default,20260820
LTFRB_PUJ1738,200,C,5000,0.0,0.0,0.0,203,159,308,60.7,64.1,12.12,SCENARIO-DEPENDENT,around_default,20260820
LTFRB_PUJ2086,201,C,5000,0.0,0.0,0.0,201,166,240,58.88,65.97,21.12,SCENARIO-DEPENDENT,around_default,20260820
LTFRB_PUJ1777,202,C,5000,0.0,0.0,0.0,204,165,264,60.12,64.64,18.12,SCENARIO-DEPENDENT,around_default,20260820
LTFRB_PUJ2258,203,C,5000,0.0,0.0,0.0,202,176,230,59.0,65.81,23.52,LOW-PRIORITY ROBUST,around_default,20260820
LTFRB_PUJ1341,204,C,5000,0.0,0.0,0.0,207,167,267,60.08,64.61,18.0,SCENARIO-DEPENDENT,around_default,20260820
LTFRB_PUJ2097,205,C,5000,0.0,0.0,0.0,207,151,262,58.56,66.22,16.68,SCENARIO-DEPENDENT,around_default,20260820
LTFRB_PUJ2453,206,C,5000,0.0,0.0,0.0,206,186,245,60.04,64.69,22.92,LOW-PRIORITY ROBUST,around_default,20260820
LTFRB_PUJ1588,207,C,5000,0.0,0.0,0.0,206,166,297,60.48,64.17,14.28,SCENARIO-DEPENDENT,around_default,20260820
LTFRB_PUJ2211,208,C,5000,0.0,0.0,0.0,209,169,248,58.85,65.88,20.52,SCENARIO-DEPENDENT,around_default,20260820
LTFRB_PUJ2163,209,C,5000,0.0,0.0,0.0,207,179,238,58.9,65.76,22.92,LOW-PRIORITY ROBUST,around_default,20260820
LTFRB_PUJ2549,210,C,5000,0.0,0.0,0.0,209,187,259,60.05,64.6,21.36,SCENARIO-DEPENDENT,around_default,20260820
LTFRB_PUJ2571,211,C,5000,0.0,0.0,0.0,206,163,252,58.65,66.03,19.32,SCENARIO-DEPENDENT,around_default,20260820
LTFRB_PUJ2087,212,C,5000,0.0,0.0,0.0,209,123,375,61.1,63.44,0.0,SCENARIO-DEPENDENT,around_default,20260820
LTFRB_PUJ1543,213,C,5000,0.0,0.0,0.0,208,156,261,58.5,66.13,17.4,SCENARIO-DEPENDENT,around_default,20260820
LTFRB_PUJ2320,214,C,5000,0.0,0.0,0.0,213,163,257,58.68,65.88,18.72,SCENARIO-DEPENDENT,around_default,20260820
LTFRB_PUJ1552,215,C,5000,0.0,0.0,0.0,212,170,254,58.63,65.9,19.92,SCENARIO-DEPENDENT,around_default,20260820
LTFRB_PUJ2238,216,C,5000,0.0,0.0,0.0,213,161,265,58.45,66.07,17.52,SCENARIO-DEPENDENT,around_default,20260820
LTFRB_PUJ1227,217,C,5000,0.0,0.0,0.0,215,146,273,58.22,66.25,14.76,SCENARIO-DEPENDENT,around_default,20260820
LTFRB_PUJ1857,218,C,5000,0.0,0.0,0.0,216,175,258,58.58,65.83,20.04,SCENARIO-DEPENDENT,around_default,20260820
LTFRB_PUJ2014,219,C,5000,0.0,0.0,0.0,219,176,316,60.3,64.01,13.2,SCENARIO-DEPENDENT,around_default,20260820
LTFRB_PUJ2235,220,C,5000,0.0,0.0,0.0,219,172,263,58.48,65.89,19.08,SCENARIO-DEPENDENT,around_default,20260820
LTFRB_PUJ2257,221,C,5000,0.0,0.0,0.0,219,186,250,58.71,65.61,22.32,SCENARIO-DEPENDENT,around_default,20260820
LTFRB_PUJ1340,222,C,5000,0.0,0.0,0.0,220,177,289,59.86,64.36,16.56,SCENARIO-DEPENDENT,around_default,20260820
LTFRB_PUJ2256,223,C,5000,0.0,0.0,0.0,221,188,252,58.68,65.59,22.32,SCENARIO-DEPENDENT,around_default,20260820
LTFRB_PUJ1531,224,C,5000,0.0,0.0,0.0,224,135,397,60.99,63.09,0.0,SCENARIO-DEPENDENT,around_default,20260820
LTFRB_PUJ1592,225,C,5000,0.0,0.0,0.0,225,188,254,58.86,65.34,22.08,SCENARIO-DEPENDENT,around_default,20260820
LTFRB_PUJ1776,226,C,5000,0.0,0.0,0.0,227,185,297,59.72,64.27,16.56,SCENARIO-DEPENDENT,around_default,20260820
LTFRB_PUJ2457,227,C,5000,0.0,0.0,0.0,226,125,423,60.93,63.0,0.0,SCENARIO-DEPENDENT,around_default,20260820
LTFRB_PUJ2329,228,C,5000,0.0,0.0,0.0,231,219,243,59.2,64.69,27.12,LOW-PRIORITY ROBUST,around_default,20260820
LTFRB_PUJ2464,229,C,5000,0.0,0.0,0.0,230,192,324,59.96,63.92,14.16,SCENARIO-DEPENDENT,around_default,20260820
LTFRB_PUJ1146,230,C,5000,0.0,0.0,0.0,232,134,426,60.93,62.83,0.0,SCENARIO-DEPENDENT,around_default,20260820
LTFRB_PUJ1247,231,C,5000,0.0,0.0,0.0,232,194,268,58.38,65.45,21.12,SCENARIO-DEPENDENT,around_default,20260820
LTFRB_PUJ2255,232,C,5000,0.0,0.0,0.0,234,198,268,58.37,65.39,21.6,SCENARIO-DEPENDENT,around_default,20260820
LTFRB_PUJ2330,233,C,5000,0.0,0.0,0.0,238,219,262,59.23,64.47,24.84,LOW-PRIORITY ROBUST,around_default,20260820
LTFRB_PUJ2227,234,C,5000,0.0,0.0,0.0,237,172,367,60.32,63.31,6.6,SCENARIO-DEPENDENT,around_default,20260820
LTFRB_PUJ1374,235,C,5000,0.0,0.0,0.0,238,117,465,60.94,62.56,0.0,SCENARIO-DEPENDENT,around_default,20260820
LTFRB_PUJ1154,236,C,5000,0.0,0.0,0.0,238,86,573,60.26,63.28,0.0,SCENARIO-DEPENDENT,around_default,20260820
LTFRB_PUJ2452,237,C,5000,0.0,0.0,0.0,239,200,311,59.65,63.98,16.68,SCENARIO-DEPENDENT,around_default,20260820
LTFRB_PUJ2288,238,C,5000,0.0,0.0,0.0,241,196,277,58.26,65.39,20.28,SCENARIO-DEPENDENT,around_default,20260820
LTFRB_PUJ2376,239,C,5000,0.0,0.0,0.0,238,186,279,58.07,65.51,18.84,SCENARIO-DEPENDENT,around_default,20260820
LTFRB_PUJ1375,240,C,5000,0.0,0.0,0.0,243,123,470,60.86,62.47,0.0,SCENARIO-DEPENDENT,around_default,20260820
LTFRB_PUJ1530,241,C,5000,0.0,0.0,0.0,243,157,421,60.62,62.78,0.0,SCENARIO-DEPENDENT,around_default,20260820
LTFRB_PUJ2489,242,C,5000,0.0,0.0,0.0,242,88,571,60.21,63.17,0.0,SCENARIO-DEPENDENT,around_default,20260820
LTFRB_PUJ2465,243,C,5000,0.0,0.0,0.0,243,200,342,59.77,63.63,12.96,SCENARIO-DEPENDENT,around_default,20260820
LTFRB_PUJ1015,244,C,5000,0.0,0.0,0.0,246,156,428,60.49,62.82,0.0,SCENARIO-DEPENDENT,around_default,20260820
LTFRB_PUJ1975,245,C,5000,0.0,0.0,0.0,241,144,311,57.21,66.28,9.96,SCENARIO-DEPENDENT,around_default,20260820
LTFRB_PUJ2509,246,C,5000,0.0,0.0,0.0,246,159,313,57.55,66.0,11.52,SCENARIO-DEPENDENT,around_default,20260820
LTFRB_PUJ1357,247,C,5000,0.0,0.0,0.0002,250,152,328,57.28,66.12,8.88,SCENARIO-DEPENDENT,around_default,20260820
LTFRB_PUJ1494,248,C,5000,0.0,0.0,0.0,249,174,406,60.29,62.86,2.16,SCENARIO-DEPENDENT,around_default,20260820
LTFRB_PUJ2359,249,C,5000,0.0,0.0,0.0002,250,148,327,57.01,66.32,8.52,SCENARIO-DEPENDENT,around_default,20260820
LTFRB_PUJ1356,250,C,5000,0.0,0.0,0.0002,253,155,333,57.23,66.09,8.64,SCENARIO-DEPENDENT,around_default,20260820
LTFRB_PUJ2504,251,C,5000,0.0,0.0,0.0,250,193,288,57.76,65.43,18.6,SCENARIO-DEPENDENT,around_default,20260820
LTFRB_PUJ2306,252,C,5000,0.0,0.0,0.0,252,171,431,60.2,62.76,0.0,SCENARIO-DEPENDENT,around_default,20260820
LTFRB_PUJ1539,253,C,5000,0.0,0.0,0.0,251,175,306,57.33,65.76,14.28,SCENARIO-DEPENDENT,around_default,20260820
LTFRB_PUJ1270,254,C,5000,0.0,0.0,0.0,252,157,322,56.99,66.08,10.2,SCENARIO-DEPENDENT,around_default,20260820
LTFRB_PUJ1226,255,C,5000,0.0,0.0,0.0,253,189,299,57.53,65.49,16.8,SCENARIO-DEPENDENT,around_default,20260820
LTFRB_PUJ1755,256,C,5000,0.0,0.0,0.0,254,226,278,58.05,64.94,23.76,LOW-PRIORITY ROBUST,around_default,20260820
LTFRB_PUJ1289,257,C,5000,0.0,0.0,0.0,256,157,330,56.87,66.08,9.24,SCENARIO-DEPENDENT,around_default,20260820
LTFRB_PUJ1395,258,C,5000,0.0,0.0,0.0,258,180,426,60.01,62.76,0.48,SCENARIO-DEPENDENT,around_default,20260820
LTFRB_PUJ1593,259,C,5000,0.0,0.0,0.0,263,227,287,58.13,64.69,22.8,LOW-PRIORITY ROBUST,around_default,20260820
LTFRB_PUJ1522,260,C,5000,0.0,0.0,0.0,261,222,343,59.13,63.59,15.48,SCENARIO-DEPENDENT,around_default,20260820
LTFRB_PUJ2505,261,C,5000,0.0,0.0,0.0,261,203,298,57.54,65.24,18.6,SCENARIO-DEPENDENT,around_default,20260820
LTFRB_PUJ1394,262,C,5000,0.0,0.0,0.0,262,184,430,59.95,62.72,0.48,SCENARIO-DEPENDENT,around_default,20260820
LTFRB_PUJ1382,263,C,5000,0.0,0.0,0.0,263,233,284,57.87,64.81,23.88,LOW-PRIORITY ROBUST,around_default,20260820
LTFRB_PUJ2290,264,C,5000,0.0,0.0,0.0,266,217,299,57.64,65.08,20.16,SCENARIO-DEPENDENT,around_default,20260820
LTFRB_PUJ1224,265,C,5000,0.0,0.0,0.0,263,166,335,56.78,65.93,9.72,SCENARIO-DEPENDENT,around_default,20260820
LTFRB_PUJ2085,266,C,5000,0.0,0.0,0.0,265,215,296,57.59,65.06,20.28,SCENARIO-DEPENDENT,around_default,20260820
LTFRB_PUJ1478,267,C,5000,0.0,0.0,0.0,267,206,307,57.42,65.25,17.88,SCENARIO-DEPENDENT,around_default,20260820
LTFRB_PUJ1759,268,C,5000,0.0,0.0,0.0,266,198,311,57.25,65.34,16.44,SCENARIO-DEPENDENT,around_default,20260820
LTFRB_PUJ1174,269,C,5000,0.0,0.0,0.0,268,195,312,57.18,65.37,15.96,SCENARIO-DEPENDENT,around_default,20260820
LTFRB_PUJ1523,270,C,5000,0.0,0.0,0.0,270,227,355,59.05,63.44,14.64,SCENARIO-DEPENDENT,around_default,20260820
LTFRB_PUJ1754,271,C,5000,0.0,0.0,0.0,268,237,287,57.79,64.76,24.0,LOW-PRIORITY ROBUST,around_default,20260820
LTFRB_PUJ2305,272,C,5000,0.0,0.0,0.0,272,186,449,59.88,62.5,0.0,SCENARIO-DEPENDENT,around_default,20260820
LTFRB_PUJ1328,273,C,5000,0.0,0.0,0.0,274,211,313,57.3,65.17,17.76,SCENARIO-DEPENDENT,around_default,20260820
LTFRB_PUJ2539,274,C,5000,0.0,0.0,0.0,272,258,297,58.14,64.24,25.32,LOW-PRIORITY ROBUST,around_default,20260820
LTFRB_PUJ1370,275,C,5000,0.0,0.0,0.0,273,213,304,57.33,65.04,19.08,SCENARIO-DEPENDENT,around_default,20260820
LTFRB_PUJ2203,276,C,5000,0.0,0.0,0.0,275,218,377,58.91,63.3,10.92,SCENARIO-DEPENDENT,around_default,20260820
LTFRB_PUJ1164,277,C,5000,0.0,0.0,0.0,277,207,315,57.13,65.16,17.04,SCENARIO-DEPENDENT,around_default,20260820
LTFRB_PUJ1615,278,C,5000,0.0,0.0,0.0,273,231,367,58.67,63.62,13.68,SCENARIO-DEPENDENT,around_default,20260820
LTFRB_PUJ1132,279,C,5000,0.0,0.0,0.0,276,251,291,57.71,64.56,25.2,LOW-PRIORITY ROBUST,around_default,20260820
LTFRB_PUJ1133,280,C,5000,0.0,0.0,0.0,277,252,292,57.71,64.56,25.2,LOW-PRIORITY ROBUST,around_default,20260820
LTFRB_PUJ1175,281,C,5000,0.0,0.0,0.0,277,201,321,57.01,65.25,15.6,SCENARIO-DEPENDENT,around_default,20260820
LTFRB_PUJ2231,282,C,5000,0.0,0.0,0.0,277,223,380,59.14,63.05,11.16,SCENARIO-DEPENDENT,around_default,20260820
LTFRB_PUJ1614,283,C,5000,0.0,0.0,0.0,276,233,369,58.64,63.6,13.68,SCENARIO-DEPENDENT,around_default,20260820
LTFRB_PUJ2164,284,C,5000,0.0,0.0,0.0,278,218,308,57.26,64.99,19.2,SCENARIO-DEPENDENT,around_default,20260820
LTFRB_PUJ1758,285,C,5000,0.0,0.0,0.0,283,208,327,56.95,65.12,15.72,SCENARIO-DEPENDENT,around_default,20260820
LTFRB_PUJ2493,286,C,5000,0.0,0.0,0.0,285,109,640,59.52,62.35,0.0,SCENARIO-DEPENDENT,around_default,20260820
LTFRB_PUJ1495,287,C,5000,0.0,0.0,0.0,287,217,418,59.23,62.63,5.88,SCENARIO-DEPENDENT,around_default,20260820
LTFRB_PUJ1348,288,C,5000,0.0,0.0,0.0,289,222,416,59.13,62.65,6.72,SCENARIO-DEPENDENT,around_default,20260820
LTFRB_PUJ1974,289,C,5000,0.0,0.0,0.0,288,184,362,56.26,65.58,8.64,SCENARIO-DEPENDENT,around_default,20260820
LTFRB_PUJ2088,290,C,5000,0.0,0.0,0.0,289,188,489,59.69,62.0,0.0,SCENARIO-DEPENDENT,around_default,20260820
LTFRB_PUJ2295,291,C,5000,0.0,0.0,0.0,292,256,316,57.32,64.43,22.8,LOW-PRIORITY ROBUST,around_default,20260820
LTFRB_PUJ1815,292,C,5000,0.0,0.0,0.0,292,103,700,59.08,62.43,0.0,SCENARIO-DEPENDENT,around_default,20260820
LTFRB_PUJ1580,293,C,5000,0.0,0.0,0.0,293,255,384,58.56,63.04,14.52,SCENARIO-DEPENDENT,around_default,20260820
LTFRB_PUJ1688,294,C,5000,0.0,0.0,0.0,295,260,319,57.28,64.39,22.92,LOW-PRIORITY ROBUST,around_default,20260820
LTFRB_PUJ1747,295,C,5000,0.0,0.0,0.0,294,252,318,57.05,64.57,22.08,SCENARIO-DEPENDENT,around_default,20260820
LTFRB_PUJ1076,296,C,5000,0.0,0.0,0.0,296,241,328,56.87,64.66,19.56,SCENARIO-DEPENDENT,around_default,20260820
LTFRB_PUJ1349,297,C,5000,0.0,0.0,0.0,297,258,396,58.52,62.9,13.44,SCENARIO-DEPENDENT,around_default,20260820
LTFRB_PUJ1427,298,C,5000,0.0,0.0,0.0,297,260,391,58.15,63.3,14.28,SCENARIO-DEPENDENT,around_default,20260820
LTFRB_PUJ2134,299,C,5000,0.0,0.0,0.0,302,199,519,59.55,61.67,0.0,SCENARIO-DEPENDENT,around_default,20260820
LTFRB_PUJ1109,300,C,5000,0.0,0.0,0.0,301,273,329,57.15,64.24,23.28,LOW-PRIORITY ROBUST,around_default,20260820
LTFRB_PUJ1480,301,C,5000,0.0,0.0,0.0,303,250,342,56.82,64.52,18.96,SCENARIO-DEPENDENT,around_default,20260820
LTFRB_PUJ2369,302,C,5000,0.0,0.0,0.0,306,239,443,58.81,62.3,5.52,SCENARIO-DEPENDENT,around_default,20260820
LTFRB_PUJ1110,303,C,5000,0.0,0.0,0.0,308,281,336,57.03,64.15,23.4,LOW-PRIORITY ROBUST,around_default,20260820
LTFRB_PUJ1371,304,C,5000,0.0,0.0,0.0,306,254,343,56.61,64.53,19.32,SCENARIO-DEPENDENT,around_default,20260820
LTFRB_PUJ1757,305,C,5000,0.0,0.0,0.0,305,249,344,56.6,64.55,18.6,SCENARIO-DEPENDENT,around_default,20260820
LTFRB_PUJ1165,306,C,5000,0.0,0.0,0.0,307,237,355,56.4,64.69,15.84,SCENARIO-DEPENDENT,around_default,20260820
LTFRB_PUJ1176,307,C,5000,0.0,0.0,0.0,307,233,358,56.38,64.72,15.0,SCENARIO-DEPENDENT,around_default,20260820
LTFRB_PUJ1756,308,C,5000,0.0,0.0,0.0,308,252,347,56.57,64.54,18.6,SCENARIO-DEPENDENT,around_default,20260820
LTFRB_PUJ1883,309,C,5000,0.0,0.0,0.0,309,203,405,55.96,65.21,5.76,SCENARIO-DEPENDENT,around_default,20260820
LTFRB_PUJ2294,310,C,5000,0.0,0.0,0.0,312,285,340,56.96,64.11,23.4,LOW-PRIORITY ROBUST,around_default,20260820
LTFRB_PUJ1558,311,C,5000,0.0,0.0,0.0,312,252,352,56.47,64.53,18.0,SCENARIO-DEPENDENT,around_default,20260820
LTFRB_PUJ1090,312,C,5000,0.0,0.0,0.0,312,286,331,56.83,64.15,24.6,LOW-PRIORITY ROBUST,around_default,20260820
LTFRB_PUJ1882,313,C,5000,0.0,0.0,0.0,315,208,410,55.88,65.15,5.76,SCENARIO-DEPENDENT,around_default,20260820
LTFRB_PUJ1075,314,C,5000,0.0,0.0,0.0,315,268,347,56.57,64.35,20.52,SCENARIO-DEPENDENT,around_default,20260820
LTFRB_PUJ1072,315,C,5000,0.0,0.0,0.0,317,283,339,56.69,64.18,23.28,LOW-PRIORITY ROBUST,around_default,20260820
LTFRB_PUJ1550,316,C,5000,0.0,0.0,0.0,317,257,363,56.46,64.45,17.28,SCENARIO-DEPENDENT,around_default,20260820
LTFRB_PUJ1551,317,C,5000,0.0,0.0,0.0,318,258,364,56.46,64.45,17.28,SCENARIO-DEPENDENT,around_default,20260820
LTFRB_PUJ1581,318,C,5000,0.0,0.0,0.0,320,276,411,58.07,62.71,13.8,SCENARIO-DEPENDENT,around_default,20260820
LTFRB_PUJ1814,319,C,5000,0.0,0.0,0.0,319,123,748,58.69,61.89,0.0,SCENARIO-DEPENDENT,around_default,20260820
LTFRB_PUJ2053,320,C,5000,0.0,0.0,0.0,319,199,415,55.54,65.26,4.08,SCENARIO-DEPENDENT,around_default,20260820
LTFRB_PUJ2277,321,C,5000,0.0,0.0,0.0,320,269,353,56.45,64.33,19.92,SCENARIO-DEPENDENT,around_default,20260820
LTFRB_PUJ1444,322,C,5000,0.0,0.0,0.0,323,316,329,56.87,63.8,28.44,LOW-PRIORITY ROBUST,around_default,20260820
LTFRB_PUJ1445,323,C,5000,0.0,0.0,0.0,324,317,330,56.87,63.8,28.44,LOW-PRIORITY ROBUST,around_default,20260820
LTFRB_PUJ2241,324,C,5000,0.0,0.0,0.0,324,222,389,55.76,64.93,9.96,SCENARIO-DEPENDENT,around_default,20260820
LTFRB_PUJ1166,325,C,5000,0.0,0.0,0.0,326,296,344,56.61,64.03,24.24,LOW-PRIORITY ROBUST,around_default,20260820
LTFRB_PUJ1071,326,C,5000,0.0,0.0,0.0,326,277,357,56.4,64.23,20.4,SCENARIO-DEPENDENT,around_default,20260820
LTFRB_PUJ2538,327,C,5000,0.0,0.0,0.0,326,306,363,57.25,63.36,23.16,LOW-PRIORITY ROBUST,around_default,20260820
LTFRB_PUJ1177,328,C,5000,0.0,0.0,0.0,327,236,377,55.93,64.69,13.08,SCENARIO-DEPENDENT,around_default,20260820
LTFRB_PUJ1089,329,C,5000,0.0,0.0,0.0,329,303,343,56.63,63.95,25.2,LOW-PRIORITY ROBUST,around_default,20260820
LTFRB_PUJ1746,330,C,5000,0.0,0.0,0.0,328,285,354,56.44,64.16,21.72,SCENARIO-DEPENDENT,around_default,20260820
LTFRB_PUJ1817,331,C,5000,0.0,0.0,0.0,328,241,387,56.03,64.61,12.48,SCENARIO-DEPENDENT,around_default,20260820
LTFRB_PUJ1364,332,C,5000,0.0,0.0,0.0,331,278,429,57.93,62.54,11.88,SCENARIO-DEPENDENT,around_default,20260820
LTFRB_PUJ1365,333,C,5000,0.0,0.0,0.0,332,293,392,57.54,62.94,18.12,SCENARIO-DEPENDENT,around_default,20260820
LTFRB_PUJ1527,334,C,5000,0.0,0.0,0.0,330,301,359,56.66,63.9,23.04,LOW-PRIORITY ROBUST,around_default,20260820
LTFRB_PUJ1689,335,C,5000,0.0,0.0,0.0,330,302,358,56.66,63.89,23.28,LOW-PRIORITY ROBUST,around_default,20260820
LTFRB_PUJ2100,336,C,5000,0.0,0.0,0.0,333,258,383,56.08,64.43,15.0,SCENARIO-DEPENDENT,around_default,20260820
LTFRB_PUJ2171,337,C,5000,0.0,0.0,0.0,334,246,392,55.95,64.56,12.48,SCENARIO-DEPENDENT,around_default,20260820
LTFRB_PUJ2243,338,C,5000,0.0,0.0,0.0,336,284,364,56.18,64.16,20.4,SCENARIO-DEPENDENT,around_default,20260820
LTFRB_PUJ1271,339,C,5000,0.0,0.0,0.0,336,217,416,55.42,64.94,6.12,SCENARIO-DEPENDENT,around_default,20260820
LTFRB_PUJ2135,340,C,5000,0.0,0.0,0.0,340,171,702,59.15,61.01,0.0,SCENARIO-DEPENDENT,around_default,20260820
LTFRB_PUJ1426,341,C,5000,0.0,0.0,0.0,337,289,427,57.46,62.81,13.44,SCENARIO-DEPENDENT,around_default,20260820
LTFRB_PUJ1985,342,C,5000,0.0,0.0,0.0,342,300,386,56.91,63.27,19.68,SCENARIO-DEPENDENT,around_default,20260820
LTFRB_PUJ2234,343,C,5000,0.0,0.0,0.0,341,265,483,58.36,61.75,3.84,SCENARIO-DEPENDENT,around_default,20260820
LTFRB_PUJ2242,344,C,5000,0.0,0.0,0.0,340,246,398,55.6,64.58,11.76,SCENARIO-DEPENDENT,around_default,20260820
LTFRB_PUJ1355,345,C,5000,0.0,0.0,0.0,342,308,367,56.16,63.91,22.92,LOW-PRIORITY ROBUST,around_default,20260820
LTFRB_PUJ1091,346,C,5000,0.0,0.0,0.0,345,316,365,56.17,63.84,24.12,LOW-PRIORITY ROBUST,around_default,20260820
LTFRB_PUJ2011,347,C,5000,0.0,0.0,0.0,347,331,377,56.66,63.32,24.48,LOW-PRIORITY ROBUST,around_default,20260820
LTFRB_PUJ1225,348,C,5000,0.0,0.0,0.0,346,228,434,55.15,64.76,5.28,SCENARIO-DEPENDENT,around_default,20260820
LTFRB_PUJ2254,349,C,5000,0.0,0.0,0.0,347,268,400,55.59,64.32,14.16,SCENARIO-DEPENDENT,around_default,20260820
LTFRB_PUJ1246,350,C,5000,0.0,0.0,0.0,348,299,380,55.88,64.01,20.28,SCENARIO-DEPENDENT,around_default,20260820
LTFRB_PUJ1737,351,C,5000,0.0,0.0,0.0,349,275,488,58.03,61.72,4.44,SCENARIO-DEPENDENT,around_default,20260820
LTFRB_PUJ1542,352,C,5000,0.0,0.0,0.0,350,304,381,55.86,63.96,20.76,SCENARIO-DEPENDENT,around_default,20260820
LTFRB_PUJ1232,353,C,5000,0.0,0.0,0.0,354,235,443,55.01,64.68,5.04,SCENARIO-DEPENDENT,around_default,20260820
LTFRB_PUJ1606,354,C,5000,0.0,0.0,0.0,354,275,414,55.4,64.23,13.32,SCENARIO-DEPENDENT,around_default,20260820
LTFRB_PUJ2472,355,C,5000,0.0,0.0,0.0,356,317,385,55.83,63.82,21.84,SCENARIO-DEPENDENT,around_default,20260820
LTFRB_PUJ2607,356,C,5000,0.0,0.0,0.0,354,273,415,55.4,64.26,12.96,SCENARIO-DEPENDENT,around_default,20260820
LTFRB_PUJ1169,357,C,5000,0.0,0.0,0.0,356,285,407,55.49,64.13,15.36,SCENARIO-DEPENDENT,around_default,20260820
LTFRB_PUJ1167,358,C,5000,0.0,0.0,0.0,359,341,370,56.13,63.48,26.52,LOW-PRIORITY ROBUST,around_default,20260820
LTFRB_PUJ2048,359,C,5000,0.0,0.0,0.0,358,289,406,55.49,64.11,15.96,SCENARIO-DEPENDENT,around_default,20260820
LTFRB_PUJ2492,360,C,5000,0.0,0.0,0.0,357,182,737,58.52,60.88,0.0,SCENARIO-DEPENDENT,around_default,20260820
LTFRB_PUJ1140,361,C,5000,0.0,0.0,0.0,359,280,427,55.36,64.17,12.36,SCENARIO-DEPENDENT,around_default,20260820
LTFRB_PUJ1200,362,C,5000,0.0,0.0,0.0,359,274,503,57.65,61.76,2.52,SCENARIO-DEPENDENT,around_default,20260820
LTFRB_PUJ2218,363,C,5000,0.0,0.0,0.0,362,293,417,55.38,64.06,15.12,SCENARIO-DEPENDENT,around_default,20260820
LTFRB_PUJ2047,364,C,5000,0.0,0.0,0.0,364,299,420,55.35,64.01,15.48,SCENARIO-DEPENDENT,around_default,20260820
LTFRB_PUJ2244,365,C,5000,0.0,0.0,0.0,364,280,431,55.17,64.19,11.88,SCENARIO-DEPENDENT,around_default,20260820
LTFRB_PUJ2342,366,C,5000,0.0,0.0,0.0,366,307,424,55.41,63.88,15.96,SCENARIO-DEPENDENT,around_default,20260820
LTFRB_PUJ1416,367,C,5000,0.0,0.0,0.0,370,356,384,55.95,63.27,26.64,LOW-PRIORITY ROBUST,around_default,20260820
LTFRB_PUJ2046,368,C,5000,0.0,0.0,0.0,370,300,429,55.19,64.0,14.52,SCENARIO-DEPENDENT,around_default,20260820
LTFRB_PUJ1607,369,C,5000,0.0,0.0,0.0,371,281,445,54.97,64.18,10.32,SCENARIO-DEPENDENT,around_default,20260820
LTFRB_PUJ2224,370,C,5000,0.0,0.0,0.0,370,329,410,55.46,63.71,20.28,SCENARIO-DEPENDENT,around_default,20260820
LTFRB_PUJ1178,371,C,5000,0.0,0.0,0.0,374,347,395,55.69,63.45,24.24,LOW-PRIORITY ROBUST,around_default,20260820
LTFRB_PUJ2569,372,C,5000,0.0,0.0,0.0,373,336,405,55.52,63.62,21.72,SCENARIO-DEPENDENT,around_default,20260820
LTFRB_PUJ1417,373,C,5000,0.0,0.0,0.0,374,360,388,55.89,63.22,26.64,LOW-PRIORITY ROBUST,around_default,20260820
LTFRB_PUJ2380,374,C,5000,0.0,0.0,0.0,376,289,447,54.97,64.1,11.04,SCENARIO-DEPENDENT,around_default,20260820
LTFRB_PUJ1094,375,C,5000,0.0,0.0,0.0,377,364,391,55.86,63.18,26.76,LOW-PRIORITY ROBUST,around_default,20260820
LTFRB_PUJ1476,376,C,5000,0.0,0.0,0.0,379,252,615,58.43,60.49,0.0,SCENARIO-DEPENDENT,around_default,20260820
LTFRB_PUJ1996,377,C,5000,0.0,0.0,0.0,376,262,463,54.71,64.36,5.88,SCENARIO-DEPENDENT,around_default,20260820
LTFRB_PUJ1984,378,C,5000,0.0,0.0,0.0,378,341,427,56.15,62.77,19.68,SCENARIO-DEPENDENT,around_default,20260820
LTFRB_PUJ2253,379,C,5000,0.0,0.0,0.0,380,305,442,55.02,63.96,13.56,SCENARIO-DEPENDENT,around_default,20260820
LTFRB_PUJ2370,380,C,5000,0.0,0.0,0.0,381,314,477,57.1,61.79,10.44,SCENARIO-DEPENDENT,around_default,20260820
LTFRB_PUJ2099,381,C,5000,0.0,0.0,0.0,379,317,442,55.17,63.78,15.0,SCENARIO-DEPENDENT,around_default,20260820
LTFRB_PUJ2233,382,C,5000,0.0,0.0,0.0,384,293,530,57.61,61.23,1.56,SCENARIO-DEPENDENT,around_default,20260820
LTFRB_PUJ1168,383,C,5000,0.0,0.0,0.0,386,330,436,55.08,63.7,17.28,SCENARIO-DEPENDENT,around_default,20260820
LTFRB_PUJ2189,384,C,5000,0.0,0.0,0.0,387,354,413,55.43,63.35,22.92,LOW-PRIORITY ROBUST,around_default,20260820
LTFRB_PUJ1078,385,C,5000,0.0,0.0,0.0,389,362,412,55.48,63.23,24.0,LOW-PRIORITY ROBUST,around_default,20260820
LTFRB_PUJ1525,386,C,5000,0.0,0.0,0.0,387,366,423,56.07,62.59,23.16,LOW-PRIORITY ROBUST,around_default,20260820
LTFRB_PUJ1685,387,C,5000,0.0,0.0,0.0,388,325,476,56.78,61.84,11.88,SCENARIO-DEPENDENT,around_default,20260820
LTFRB_PUJ2045,388,C,5000,0.0,0.0,0.0,389,320,452,54.89,63.8,14.16,SCENARIO-DEPENDENT,around_default,20260820
LTFRB_PUJ2296,389,C,5000,0.0,0.0,0.0,388,305,467,54.78,63.9,10.56,SCENARIO-DEPENDENT,around_default,20260820
LTFRB_PUJ2585,390,C,5000,0.0,0.0,0.0,388,369,417,55.85,62.82,24.24,LOW-PRIORITY ROBUST,around_default,20260820
LTFRB_PUJ1659,391,C,5000,0.0,0.0,0.0,393,346,428,55.39,63.19,20.16,SCENARIO-DEPENDENT,around_default,20260820
LTFRB_PUJ1042,392,C,5000,0.0,0.0,0.0,393,294,550,57.39,61.06,0.0,SCENARIO-DEPENDENT,around_default,20260820
LTFRB_PUJ1359,393,D,5000,0.0,0.0,0.0,392,350,436,55.24,63.31,19.68,SCENARIO-DEPENDENT,around_default,20260820
LTFRB_PUJ1033,394,C,5000,0.0,0.0,0.0,391,369,420,55.54,62.98,23.88,LOW-PRIORITY ROBUST,around_default,20260820
LTFRB_PUJ2608,395,C,5000,0.0,0.0,0.0,397,321,465,54.69,63.79,12.72,SCENARIO-DEPENDENT,around_default,20260820
LTFRB_PUJ2197,396,C,5000,0.0,0.0,0.0,398,280,487,54.31,64.12,5.16,SCENARIO-DEPENDENT,around_default,20260820
LTFRB_PUJ1079,397,C,5000,0.0,0.0,0.0,400,386,422,55.71,62.61,25.68,LOW-PRIORITY ROBUST,around_default,20260820
LTFRB_PUJ2367,398,C,5000,0.0,0.0,0.0,403,326,513,56.89,61.38,7.56,SCENARIO-DEPENDENT,around_default,20260820
LTFRB_PUJ2540,399,C,5000,0.0,0.0,0.0,400,374,433,55.32,62.98,22.92,LOW-PRIORITY ROBUST,around_default,20260820
LTFRB_PUJ1073,400,C,5000,0.0,0.0,0.0,403,390,417,55.45,62.83,26.76,LOW-PRIORITY ROBUST,around_default,20260820
LTFRB_PUJ2010,401,C,5000,0.0,0.0,0.0,402,384,429,55.64,62.63,24.6,LOW-PRIORITY ROBUST,around_default,20260820
LTFRB_PUJ2217,402,C,5000,0.0,0.0,0.0,402,324,469,54.59,63.67,12.6,SCENARIO-DEPENDENT,around_default,20260820
LTFRB_PUJ1818,403,C,5000,0.0,0.0,0.0,404,350,460,54.88,63.32,16.8,SCENARIO-DEPENDENT,around_default,20260820
LTFRB_PUJ1259,404,C,5000,0.0,0.0,0.0,406,288,502,54.08,64.06,4.32,SCENARIO-DEPENDENT,around_default,20260820
LTFRB_PUJ1265,405,C,5000,0.0,0.0,0.0,407,391,432,55.44,62.68,25.08,LOW-PRIORITY ROBUST,around_default,20260820
LTFRB_PUJ2398,406,C,5000,0.0,0.0,0.0,410,381,446,55.14,62.91,22.2,SCENARIO-DEPENDENT,around_default,20260820
LTFRB_PUJ1273,407,C,5000,0.0,0.0,0.0,410,291,507,53.99,64.02,4.08,SCENARIO-DEPENDENT,around_default,20260820
LTFRB_PUJ2222,408,C,5000,0.0,0.0,0.0,410,364,457,54.82,63.22,18.84,SCENARIO-DEPENDENT,around_default,20260820
LTFRB_PUJ1258,409,C,5000,0.0,0.0,0.0,412,296,507,53.99,63.99,4.68,SCENARIO-DEPENDENT,around_default,20260820
LTFRB_PUJ2245,410,C,5000,0.0,0.0,0.0,414,363,465,54.79,63.15,17.76,SCENARIO-DEPENDENT,around_default,20260820
LTFRB_PUJ1179,411,C,5000,0.0,0.0,0.0,412,381,447,54.96,62.97,22.08,SCENARIO-DEPENDENT,around_default,20260820
LTFRB_PUJ2123,412,C,5000,0.0,0.0,0.0,416,390,450,55.07,62.8,22.8,LOW-PRIORITY ROBUST,around_default,20260820
LTFRB_PUJ2559,413,C,5000,0.0,0.0,0.0,416,174,967,56.99,60.7,0.0,SCENARIO-DEPENDENT,around_default,20260820
LTFRB_PUJ2560,414,C,5000,0.0,0.0,0.0,417,175,968,56.99,60.7,0.0,SCENARIO-DEPENDENT,around_default,20260820
LTFRB_PUJ1660,415,C,5000,0.0,0.0,0.0,420,373,455,54.93,62.91,20.16,SCENARIO-DEPENDENT,around_default,20260820
LTFRB_PUJ1080,416,C,5000,0.0,0.0,0.0,418,399,450,55.51,62.25,23.88,LOW-PRIORITY ROBUST,around_default,20260820
LTFRB_PUJ1264,417,C,5000,0.0,0.0,0.0,419,405,443,55.23,62.54,25.44,LOW-PRIORITY ROBUST,around_default,20260820
LTFRB_PUJ1272,418,C,5000,0.0,0.0,0.0,418,304,513,53.86,63.92,4.92,SCENARIO-DEPENDENT,around_default,20260820
LTFRB_PUJ2105,419,C,5000,0.0,0.0,0.0,417,319,500,54.03,63.73,8.28,SCENARIO-DEPENDENT,around_default,20260820
LTFRB_PUJ2106,420,C,5000,0.0,0.0,0.0,418,320,501,54.03,63.73,8.28,SCENARIO-DEPENDENT,around_default,20260820
LTFRB_PUJ1360,421,C,5000,0.0,0.0,0.0,421,384,466,54.7,62.94,20.16,SCENARIO-DEPENDENT,around_default,20260820
LTFRB_PUJ2541,422,C,5000,0.0,0.0,0.0,425,381,481,55.17,62.46,18.0,SCENARIO-DEPENDENT,around_default,20260820
LTFRB_PUJ2198,423,C,5000,0.0,0.0,0.0,424,310,514,53.77,63.82,5.52,SCENARIO-DEPENDENT,around_default,20260820
LTFRB_PUJ2491,424,C,5000,0.0,0.0,0.0,425,275,705,57.33,60.17,0.0,SCENARIO-DEPENDENT,around_default,20260820
LTFRB_PUJ2050,425,C,5000,0.0,0.0,0.0,427,397,464,54.72,62.8,21.96,SCENARIO-DEPENDENT,around_default,20260820
LTFRB_PUJ2381,426,C,5000,0.0,0.0,0.0,425,363,488,54.27,63.22,15.0,SCENARIO-DEPENDENT,around_default,20260820
LTFRB_PUJ1077,427,C,5000,0.0,0.0,0.0,429,399,468,54.68,62.78,21.72,SCENARIO-DEPENDENT,around_default,20260820
LTFRB_PUJ2300,428,C,5000,0.0,0.0,0.0,433,418,449,55.08,62.32,26.28,LOW-PRIORITY ROBUST,around_default,20260820
LTFRB_PUJ1041,429,C,5000,0.0,0.0,0.0,429,333,583,56.59,60.72,0.0,SCENARIO-DEPENDENT,around_default,20260820
LTFRB_PUJ2500,430,C,5000,0.0,0.0,0.0,435,415,455,54.84,62.55,25.2,LOW-PRIORITY ROBUST,around_default,20260820
LTFRB_PUJ1023,431,C,5000,0.0,0.0,0.0,434,418,459,54.96,62.36,25.08,LOW-PRIORITY ROBUST,around_default,20260820
LTFRB_PUJ2332,432,C,5000,0.0,0.0,0.0,436,395,492,55.05,62.26,18.36,SCENARIO-DEPENDENT,around_default,20260820
LTFRB_PUJ2531,433,C,5000,0.0,0.0,0.0,437,396,493,55.05,62.26,18.36,SCENARIO-DEPENDENT,around_default,20260820
LTFRB_PUJ2221,434,C,5000,0.0,0.0,0.0,436,389,486,54.31,62.9,18.36,SCENARIO-DEPENDENT,around_default,20260820
LTFRB_PUJ1862,435,C,5000,0.0,0.0,0.0,437,323,524,53.5,63.7,5.88,SCENARIO-DEPENDENT,around_default,20260820
LTFRB_PUJ1834,436,C,5000,0.0,0.0,0.0,440,424,466,54.84,62.28,24.96,LOW-PRIORITY ROBUST,around_default,20260820
LTFRB_PUJ2223,437,C,5000,0.0,0.0,0.0,438,386,490,54.26,62.91,17.52,SCENARIO-DEPENDENT,around_default,20260820
LTFRB_PUJ2331,438,C,5000,0.0,0.0,0.0,441,400,498,55.0,62.22,18.24,SCENARIO-DEPENDENT,around_default,20260820
LTFRB_PUJ2605,439,C,5000,0.0,0.0,0.0,443,381,491,54.21,62.9,16.8,SCENARIO-DEPENDENT,around_default,20260820
LTFRB_PUJ2205,440,C,5000,0.0,0.0,0.0,438,257,820,57.22,59.82,0.0,SCENARIO-DEPENDENT,around_default,20260820
LTFRB_PUJ1500,441,C,5000,0.0,0.0,0.0,441,395,513,55.65,61.39,15.84,SCENARIO-DEPENDENT,around_default,20260820
LTFRB_PUJ2124,442,C,5000,0.0,0.0,0.0,446,431,473,54.72,62.21,24.96,LOW-PRIORITY ROBUST,around_default,20260820
LTFRB_PUJ1333,443,C,5000,0.0,0.0,0.0,448,385,512,54.31,62.66,14.76,SCENARIO-DEPENDENT,around_default,20260820
LTFRB_PUJ1346,444,C,5000,0.0,0.0,0.0,444,421,486,55.19,61.72,22.2,SCENARIO-DEPENDENT,around_default,20260820
LTFRB_PUJ1715,445,C,5000,0.0,0.0,0.0,447,363,524,53.62,63.14,10.68,SCENARIO-DEPENDENT,around_default,20260820
LTFRB_PUJ1284,446,C,5000,0.0,0.0,0.0,446,324,546,53.0,63.75,3.36,SCENARIO-DEPENDENT,around_default,20260820
LTFRB_PUJ1285,447,C,5000,0.0,0.0,0.0,447,325,547,53.0,63.75,3.36,SCENARIO-DEPENDENT,around_default,20260820
LTFRB_PUJ1083,448,C,5000,0.0,0.0,0.0,449,362,594,56.06,60.58,2.16,SCENARIO-DEPENDENT,around_default,20260820
LTFRB_PUJ1684,449,C,5000,0.0,0.0,0.0,450,379,567,55.78,60.85,7.44,SCENARIO-DEPENDENT,around_default,20260820
LTFRB_PUJ2606,450,C,5000,0.0,0.0,0.0,456,396,504,53.93,62.71,17.04,SCENARIO-DEPENDENT,around_default,20260820
LTFRB_PUJ2049,451,C,5000,0.0,0.0,0.0,456,428,496,54.14,62.43,21.84,SCENARIO-DEPENDENT,around_default,20260820
LTFRB_PUJ1084,452,C,5000,0.0,0.0,0.0,455,360,617,56.06,60.38,0.0,SCENARIO-DEPENDENT,around_default,20260820
LTFRB_PUJ1379,453,C,5000,0.0,0.0,0.0,455,372,605,56.04,60.43,2.04,SCENARIO-DEPENDENT,around_default,20260820
LTFRB_PUJ2595,454,C,5000,0.0,0.0,0.0,456,334,688,56.69,59.67,0.0,SCENARIO-DEPENDENT,around_default,20260820
LTFRB_PUJ2596,455,C,5000,0.0,0.0,0.0,457,335,690,56.69,59.66,0.0,SCENARIO-DEPENDENT,around_default,20260820
LTFRB_PUJ1201,456,C,5000,0.0,0.0,0.0,459,360,621,55.81,60.49,0.0,SCENARIO-DEPENDENT,around_default,20260820
LTFRB_PUJ1532,457,C,5000,0.0,0.0,0.0,459,391,578,55.6,60.76,7.56,SCENARIO-DEPENDENT,around_default,20260820
LTFRB_PUJ2456,458,C,5000,0.0,0.0,0.0,459,325,705,56.59,59.71,0.0,SCENARIO-DEPENDENT,around_default,20260820
LTFRB_PUJ2529,459,C,5000,0.0,0.0,0.0,465,426,524,54.52,61.88,18.24,SCENARIO-DEPENDENT,around_default,20260820
LTFRB_PUJ1477,460,C,5000,0.0,0.0,0.0,464,327,726,56.76,59.39,0.0,SCENARIO-DEPENDENT,around_default,20260820
LTFRB_PUJ1074,461,C,5000,0.0,0.0,0.0,469,452,488,54.43,61.79,25.68,LOW-PRIORITY ROBUST,around_default,20260820
LTFRB_PUJ1473,462,C,5000,0.0,0.0,0.0,464,383,615,55.85,60.37,2.16,SCENARIO-DEPENDENT,around_default,20260820
LTFRB_PUJ2133,463,C,5000,0.0,0.0,0.0,470,281,889,57.48,58.58,0.0,SCENARIO-DEPENDENT,around_default,20260820
LTFRB_PUJ2310,464,C,5000,0.0,0.0,0.0,463,322,576,52.5,63.76,0.0,SCENARIO-DEPENDENT,around_default,20260820
LTFRB_PUJ2368,465,C,5000,0.0,0.0,0.0,466,428,554,55.2,60.96,14.88,SCENARIO-DEPENDENT,around_default,20260820
LTFRB_PUJ1472,466,C,5000,0.0,0.0,0.0,469,387,620,55.79,60.33,2.04,SCENARIO-DEPENDENT,around_default,20260820
LTFRB_PUJ1150,467,C,5000,0.0,0.0,0.0,469,450,502,54.1,62.01,23.76,LOW-PRIORITY ROBUST,around_default,20260820
LTFRB_PUJ1275,468,C,5000,0.0,0.0,0.0,467,406,526,53.47,62.67,15.6,SCENARIO-DEPENDENT,around_default,20260820
LTFRB_PUJ1195,469,C,5000,0.0,0.0,0.0,471,331,583,52.37,63.69,0.0,SCENARIO-DEPENDENT,around_default,20260820
LTFRB_PUJ1278,470,C,5000,0.0,0.0,0.0,470,360,559,52.85,63.18,6.12,SCENARIO-DEPENDENT,around_default,20260820
LTFRB_PUJ1876,471,C,5000,0.0,0.0,0.0,473,441,553,55.0,60.97,16.56,SCENARIO-DEPENDENT,around_default,20260820
LTFRB_PUJ1205,472,C,5000,0.0,0.0,0.0,470,417,567,54.92,61.05,12.0,SCENARIO-DEPENDENT,around_default,20260820
LTFRB_PUJ2279,473,C,5000,0.0,0.0,0.0,475,429,523,53.55,62.4,18.72,SCENARIO-DEPENDENT,around_default,20260820
LTFRB_PUJ1151,474,C,5000,0.0,0.0,0.0,475,457,510,53.96,61.92,23.64,LOW-PRIORITY ROBUST,around_default,20260820
LTFRB_PUJ1262,475,C,5000,0.0,0.0,0.0,475,450,511,53.83,62.09,22.68,SCENARIO-DEPENDENT,around_default,20260820
LTFRB_PUJ1517,476,C,5000,0.0,0.0,0.0,473,343,574,52.54,63.47,2.28,SCENARIO-DEPENDENT,around_default,20260820
LTFRB_PUJ1501,477,C,5000,0.0,0.0,0.0,479,462,518,54.51,61.35,23.28,LOW-PRIORITY ROBUST,around_default,20260820
LTFRB_PUJ1141,478,C,5000,0.0,0.0,0.0,475,404,544,53.18,62.69,13.2,SCENARIO-DEPENDENT,around_default,20260820
LTFRB_PUJ2397,479,C,5000,0.0,0.0,0.0,476,455,515,53.85,61.99,22.8,LOW-PRIORITY ROBUST,around_default,20260820
LTFRB_PUJ1194,480,C,5000,0.0,0.0,0.0,478,336,588,52.27,63.61,0.0,SCENARIO-DEPENDENT,around_default,20260820
LTFRB_PUJ1279,481,C,5000,0.0,0.0,0.0,476,366,567,52.75,63.11,5.88,SCENARIO-DEPENDENT,around_default,20260820
LTFRB_PUJ1354,482,C,5000,0.0,0.0,0.0,478,445,518,53.63,62.18,21.24,SCENARIO-DEPENDENT,around_default,20260820
LTFRB_PUJ1233,483,C,5000,0.0,0.0,0.0,479,371,558,52.79,63.06,7.56,SCENARIO-DEPENDENT,around_default,20260820
LTFRB_PUJ2597,484,C,5000,0.0,0.0,0.0,479,293,872,56.55,59.23,0.0,SCENARIO-DEPENDENT,around_default,20260820
LTFRB_PUJ2156,485,C,5000,0.0,0.0,0.0,482,413,537,53.23,62.52,15.12,SCENARIO-DEPENDENT,around_default,20260820
LTFRB_PUJ2190,486,C,5000,0.0,0.0,0.0,484,473,508,53.91,61.75,25.8,LOW-PRIORITY ROBUST,around_default,20260820
LTFRB_PUJ2297,487,C,5000,0.0,0.0,0.0,483,405,554,52.97,62.67,12.12,SCENARIO-DEPENDENT,around_default,20260820
LTFRB_PUJ1533,488,C,5000,0.0,0.0,0.0,487,427,611,55.08,60.42,7.92,SCENARIO-DEPENDENT,around_default,20260820
LTFRB_PUJ2480,489,C,5000,0.0,0.0,0.0,487,425,557,53.37,62.18,14.16,SCENARIO-DEPENDENT,around_default,20260820
LTFRB_PUJ2530,490,C,5000,0.0,0.0,0.0,493,458,558,54.03,61.4,18.0,SCENARIO-DEPENDENT,around_default,20260820
LTFRB_PUJ2599,491,C,5000,0.0,0.0,0.0,492,434,544,53.06,62.33,16.8,SCENARIO-DEPENDENT,around_default,20260820
LTFRB_PUJ2042,492,C,5000,0.0,0.0,0.0,493,390,581,52.5,62.81,7.08,SCENARIO-DEPENDENT,around_default,20260820
LTFRB_PUJ2586,493,C,5000,0.0,0.0,0.0,497,482,529,53.96,61.32,24.36,LOW-PRIORITY ROBUST,around_default,20260820
LTFRB_PUJ1171,494,C,5000,0.0,0.0,0.0,494,470,536,53.4,61.82,22.08,SCENARIO-DEPENDENT,around_default,20260820
LTFRB_PUJ2271,495,C,5000,0.0,0.0,0.0,496,392,577,52.51,62.77,7.8,SCENARIO-DEPENDENT,around_default,20260820
LTFRB_PUJ2172,496,C,5000,0.0,0.0,0.0,495,438,557,52.9,62.29,15.72,SCENARIO-DEPENDENT,around_default,20260820
LTFRB_PUJ2309,497,C,5000,0.0,0.0,0.0,496,352,607,51.85,63.34,0.0,SCENARIO-DEPENDENT,around_default,20260820
LTFRB_PUJ1274,498,C,5000,0.0,0.0,0.0,498,438,552,52.88,62.28,16.32,SCENARIO-DEPENDENT,around_default,20260820
LTFRB_PUJ1334,499,C,5000,0.0,0.0,0.0,503,482,525,53.58,61.53,24.84,LOW-PRIORITY ROBUST,around_default,20260820
LTFRB_PUJ2089,500,C,5000,0.0,0.0,0.0,498,296,952,56.41,58.58,0.0,SCENARIO-DEPENDENT,around_default,20260820
LTFRB_PUJ1021,501,C,5000,0.0,0.0,0.0,504,276,1022,56.55,58.33,0.0,SCENARIO-DEPENDENT,around_default,20260820
LTFRB_PUJ1686,502,C,5000,0.0,0.0,0.0,503,419,578,52.46,62.52,10.92,SCENARIO-DEPENDENT,around_default,20260820
LTFRB_PUJ1966,503,C,5000,0.0,0.0,0.0,503,379,600,51.97,63.01,3.48,SCENARIO-DEPENDENT,around_default,20260820
LTFRB_PUJ1066,504,C,5000,0.0,0.0,0.0,504,460,601,54.22,60.65,13.08,SCENARIO-DEPENDENT,around_default,20260820
LTFRB_PUJ1332,505,C,5000,0.0,0.0,0.0,508,441,586,52.82,62.05,12.6,SCENARIO-DEPENDENT,around_default,20260820
LTFRB_PUJ1516,506,C,5000,0.0,0.0,0.0,506,399,594,52.19,62.73,6.6,SCENARIO-DEPENDENT,around_default,20260820
LTFRB_PUJ2528,507,C,5000,0.0,0.0,0.0,511,475,581,53.67,61.15,17.28,SCENARIO-DEPENDENT,around_default,20260820
LTFRB_PUJ2055,508,C,5000,0.0,0.0,0.0,510,470,553,52.85,61.85,20.04,SCENARIO-DEPENDENT,around_default,20260820
LTFRB_PUJ2601,509,C,5000,0.0,0.0,0.0,512,498,572,53.84,60.74,21.12,SCENARIO-DEPENDENT,around_default,20260820
LTFRB_PUJ1378,510,C,5000,0.0,0.0,0.0,515,453,689,54.85,59.66,1.68,SCENARIO-DEPENDENT,around_default,20260820
LTFRB_PUJ2041,511,C,5000,0.0,0.0,0.0,511,419,601,52.01,62.48,8.16,SCENARIO-DEPENDENT,around_default,20260820
LTFRB_PUJ2467,512,C,5000,0.0,0.0,0.0,513,384,804,55.26,59.14,0.0,SCENARIO-DEPENDENT,around_default,20260820
LTFRB_PUJ1967,513,C,5000,0.0,0.0,0.0,515,394,617,51.69,62.83,3.24,SCENARIO-DEPENDENT,around_default,20260820
LTFRB_PUJ1335,514,C,5000,0.0,0.0,0.0,523,503,543,53.17,61.26,25.2,LOW-PRIORITY ROBUST,around_default,20260820
LTFRB_PUJ1085,515,C,5000,0.0,0.0,0.0,523,497,547,52.99,61.41,24.0,LOW-PRIORITY ROBUST,around_default,20260820
LTFRB_PUJ1595,516,C,5000,0.0,0.0,0.0,516,483,641,54.22,60.1,11.04,SCENARIO-DEPENDENT,around_default,20260820
LTFRB_PUJ1736,517,C,5000,0.0,0.0,0.0,516,449,709,54.81,59.52,0.0,SCENARIO-DEPENDENT,around_default,20260820
LTFRB_PUJ1465,518,C,5000,0.0,0.0,0.0,518,412,625,51.93,62.46,4.44,SCENARIO-DEPENDENT,around_default,20260820
LTFRB_PUJ2034,519,C,5000,0.0,0.0,0.0,516,399,623,51.63,62.73,3.12,SCENARIO-DEPENDENT,around_default,20260820
LTFRB_PUJ2473,520,C,5000,0.0,0.0,0.0,518,476,568,52.61,61.76,18.96,SCENARIO-DEPENDENT,around_default,20260820
LTFRB_PUJ1184,521,C,5000,0.0,0.0,0.0,522,438,613,52.19,62.16,9.0,SCENARIO-DEPENDENT,around_default,20260820
LTFRB_PUJ1594,522,C,5000,0.0,0.0,0.0,520,487,649,54.15,60.06,10.56,SCENARIO-DEPENDENT,around_default,20260820
LTFRB_PUJ2033,523,C,5000,0.0,0.0,0.0,523,405,630,51.52,62.66,3.0,SCENARIO-DEPENDENT,around_default,20260820
LTFRB_PUJ2056,524,C,5000,0.0,0.0,0.0,531,505,556,52.83,61.35,23.88,LOW-PRIORITY ROBUST,around_default,20260820
LTFRB_PUJ1245,525,C,5000,0.0,0.0,0.0,535,517,578,53.23,60.77,22.68,SCENARIO-DEPENDENT,around_default,20260820
LTFRB_PUJ1118,526,C,5000,0.0,0.0,0.0,529,510,564,52.69,61.37,23.52,LOW-PRIORITY ROBUST,around_default,20260820
LTFRB_PUJ2204,527,C,5000,0.0,0.0,0.0,529,470,683,54.08,59.9,4.44,SCENARIO-DEPENDENT,around_default,20260820
LTFRB_PUJ1187,528,C,5000,0.0,0.0,0.0,533,500,579,52.55,61.39,20.52,SCENARIO-DEPENDENT,around_default,20260820
LTFRB_PUJ1687,529,C,5000,0.0,0.0,0.0,530,449,607,51.86,62.11,11.04,SCENARIO-DEPENDENT,around_default,20260820
LTFRB_PUJ1086,530,C,5000,0.0,0.0,0.0,541,519,559,52.88,61.05,25.2,LOW-PRIORITY ROBUST,around_default,20260820
LTFRB_PUJ2246,531,C,5000,0.0,0.0,0.0,534,491,588,52.37,61.52,18.36,SCENARIO-DEPENDENT,around_default,20260820
LTFRB_PUJ2020,532,C,5000,0.0,0.0,0.0,533,442,760,54.51,59.33,0.0,SCENARIO-DEPENDENT,around_default,20260820
LTFRB_PUJ1185,533,C,5000,0.0,0.0,0.0,538,451,629,51.92,61.98,8.64,SCENARIO-DEPENDENT,around_default,20260820
LTFRB_PUJ1269,534,C,5000,0.0,0.0,0.0,532,436,627,51.55,62.31,7.08,SCENARIO-DEPENDENT,around_default,20260820
LTFRB_PUJ1730,535,C,5000,0.0,0.0,0.0,535,473,730,54.53,59.3,0.0,SCENARIO-DEPENDENT,around_default,20260820
LTFRB_PUJ1731,536,C,5000,0.0,0.0,0.0,536,474,731,54.53,59.3,0.0,SCENARIO-DEPENDENT,around_default,20260820
LTFRB_PUJ1306,537,C,5000,0.0,0.0,0.0,541,467,604,51.98,61.79,13.56,SCENARIO-DEPENDENT,around_default,20260820
LTFRB_PUJ1877,538,C,5000,0.0,0.0,0.0,545,526,605,53.19,60.5,20.52,SCENARIO-DEPENDENT,around_default,20260820
LTFRB_PUJ2183,539,C,5000,0.0,0.0,0.0,546,523,569,52.66,61.09,24.48,LOW-PRIORITY ROBUST,around_default,20260820
LTFRB_PUJ1260,540,C,5000,0.0,0.0,0.0,539,456,615,51.72,62.01,10.92,SCENARIO-DEPENDENT,around_default,20260820
LTFRB_PUJ1449,541,C,5000,0.0,0.0,0.0,538,517,645,53.63,60.01,14.64,SCENARIO-DEPENDENT,around_default,20260820
LTFRB_PUJ1894,542,C,5000,0.0,0.0,0.0,556,534,576,52.63,60.87,24.96,LOW-PRIORITY ROBUST,around_default,20260820
LTFRB_PUJ1895,543,C,5000,0.0,0.0,0.0,557,535,577,52.63,60.87,24.96,LOW-PRIORITY ROBUST,around_default,20260820
LTFRB_PUJ2602,544,C,5000,0.0,0.0,0.0,548,532,617,53.17,60.3,19.8,SCENARIO-DEPENDENT,around_default,20260820
LTFRB_PUJ1186,545,C,5000,0.0,0.0,0.0,556,523,592,52.34,61.09,21.72,SCENARIO-DEPENDENT,around_default,20260820
LTFRB_PUJ2384,546,C,5000,0.0,0.0,0.0,556,532,581,52.49,60.98,24.12,LOW-PRIORITY ROBUST,around_default,20260820
LTFRB_PUJ1947,547,C,5000,0.0,0.0,0.0,550,454,640,51.27,62.07,7.68,SCENARIO-DEPENDENT,around_default,20260820
LTFRB_PUJ2481,548,C,5000,0.0,0.0,0.0,553,487,617,51.73,61.56,14.4,SCENARIO-DEPENDENT,around_default,20260820
LTFRB_PUJ1903,549,C,5000,0.0,0.0,0.0,551,528,659,53.37,59.89,14.28,SCENARIO-DEPENDENT,around_default,20260820
LTFRB_PUJ2201,550,C,5000,0.0,0.0,0.0,556,480,759,53.9,59.31,0.0,SCENARIO-DEPENDENT,around_default,20260820
LTFRB_PUJ1204,551,C,5000,0.0,0.0,0.0,559,507,685,53.36,59.88,8.64,SCENARIO-DEPENDENT,around_default,20260820
LTFRB_PUJ1470,552,C,5000,0.0,0.0,0.0,554,453,649,51.17,62.03,6.48,SCENARIO-DEPENDENT,around_default,20260820
LTFRB_PUJ1902,553,C,5000,0.0,0.0,0.0,555,537,644,53.21,60.02,17.16,SCENARIO-DEPENDENT,around_default,20260820
LTFRB_PUJ2090,554,C,5000,0.0,0.0,0.0,553,356,1014,55.47,57.74,0.0,SCENARIO-DEPENDENT,around_default,20260820
LTFRB_PUJ1047,555,C,5000,0.0,0.0,0.0,555,460,838,54.49,58.64,0.0,SCENARIO-DEPENDENT,around_default,20260820
LTFRB_PUJ1906,556,C,5000,0.0,0.0,0.0,556,479,796,54.3,58.86,0.0,SCENARIO-DEPENDENT,around_default,20260820
LTFRB_PUJ2155,557,C,5000,0.0,0.0,0.0,560,480,625,51.6,61.63,12.6,SCENARIO-DEPENDENT,around_default,20260820
LTFRB_PUJ1625,558,C,5000,0.0,0.0,0.0,558,451,651,51.12,62.09,6.0,SCENARIO-DEPENDENT,around_default,20260820
LTFRB_PUJ2232,559,C,5000,0.0,0.0,0.0,560,475,822,54.49,58.58,0.0,SCENARIO-DEPENDENT,around_default,20260820
LTFRB_PUJ1520,560,C,5000,0.0,0.0,0.0,560,520,694,53.47,59.63,9.12,SCENARIO-DEPENDENT,around_default,20260820
LTFRB_PUJ2259,561,C,5000,0.0,0.0,0.0,570,548,590,52.4,60.73,24.96,LOW-PRIORITY ROBUST,around_default,20260820
LTFRB_PUJ1853,562,C,5000,0.0,0.0,0.0,563,499,626,51.64,61.42,14.76,SCENARIO-DEPENDENT,around_default,20260820
LTFRB_PUJ1268,563,C,5000,0.0,0.0,0.0,562,458,657,51.06,61.96,6.12,SCENARIO-DEPENDENT,around_default,20260820
LTFRB_PUJ1261,564,C,5000,0.0,0.0,0.0,562,489,629,51.51,61.59,13.2,SCENARIO-DEPENDENT,around_default,20260820
LTFRB_PUJ2490,565,C,5000,0.0,0.0,0.0,564,401,957,55.36,57.56,0.0,SCENARIO-DEPENDENT,around_default,20260820
LTFRB_PUJ1806,566,C,5000,0.0,0.0,0.0,568,507,625,51.66,61.31,15.84,SCENARIO-DEPENDENT,around_default,20260820
LTFRB_PUJ2293,567,C,5000,0.0,0.0,0.0,569,515,619,51.74,61.22,17.52,SCENARIO-DEPENDENT,around_default,20260820
LTFRB_PUJ1065,568,C,5000,0.0,0.0,0.0,569,509,720,53.32,59.62,4.68,SCENARIO-DEPENDENT,around_default,20260820
LTFRB_PUJ1117,569,C,5000,0.0,0.0,0.0,567,491,636,51.35,61.57,12.6,SCENARIO-DEPENDENT,around_default,20260820
LTFRB_PUJ1361,570,C,5000,0.0,0.0,0.0,569,499,634,51.41,61.49,13.8,SCENARIO-DEPENDENT,around_default,20260820
LTFRB_PUJ1885,571,C,5000,0.0,0.0,0.0,571,462,671,50.84,61.9,4.92,SCENARIO-DEPENDENT,around_default,20260820
LTFRB_PUJ1884,572,C,5000,0.0,0.0,0.0,572,464,672,50.83,61.9,5.04,SCENARIO-DEPENDENT,around_default,20260820
LTFRB_PUJ2200,573,C,5000,0.0,0.0,0.0,573,393,989,54.82,57.98,0.0,SCENARIO-DEPENDENT,around_default,20260820
LTFRB_PUJ1048,574,C,5000,0.0,0.0,0.0,574,479,862,54.2,58.45,0.0,SCENARIO-DEPENDENT,around_default,20260820
LTFRB_PUJ2600,575,C,5000,0.0,0.0,0.0,575,538,618,51.65,61.09,20.4,SCENARIO-DEPENDENT,around_default,20260820
LTFRB_PUJ1448,576,C,5000,0.0,0.0,0.0,578,562,649,52.68,59.99,19.56,SCENARIO-DEPENDENT,around_default,20260820
LTFRB_PUJ1453,577,C,5000,0.0,0.0,0.0,575,533,719,53.25,59.4,7.68,SCENARIO-DEPENDENT,around_default,20260820
LTFRB_PUJ1653,578,C,5000,0.0,0.0,0.0,578,557,658,52.7,59.95,17.88,SCENARIO-DEPENDENT,around_default,20260820
LTFRB_PUJ2199,579,C,5000,0.0,0.0,0.0,581,401,1001,54.71,57.9,0.0,SCENARIO-DEPENDENT,around_default,20260820
LTFRB_PUJ1838,580,C,5000,0.0,0.0,0.0,586,570,652,52.43,60.01,20.16,SCENARIO-DEPENDENT,around_default,20260820
LTFRB_PUJ2140,581,C,5000,0.0,0.0,0.0,587,571,653,52.43,60.01,20.16,SCENARIO-DEPENDENT,around_default,20260820
LTFRB_PUJ1471,582,C,5000,0.0,0.0,0.0,586,492,667,50.9,61.52,9.0,SCENARIO-DEPENDENT,around_default,20260820
LTFRB_PUJ1244,583,C,5000,0.0,0.0,0.0,591,576,645,52.26,60.11,21.72,SCENARIO-DEPENDENT,around_default,20260820
LTFRB_PUJ2346,584,C,5000,0.0,0.0,0.0,588,270,1195,53.77,58.45,0.0,SCENARIO-DEPENDENT,around_default,20260820
LTFRB_PUJ1562,585,C,5000,0.0,0.0,0.0,591,504,667,50.9,61.38,10.44,SCENARIO-DEPENDENT,around_default,20260820
LTFRB_PUJ1854,586,C,5000,0.0,0.0,0.0,591,528,653,51.18,61.12,15.0,SCENARIO-DEPENDENT,around_default,20260820
LTFRB_PUJ1907,587,C,5000,0.0,0.0,0.0,587,498,871,53.96,58.32,0.0,SCENARIO-DEPENDENT,around_default,20260820
LTFRB_PUJ2206,588,C,5000,0.0,0.0,0.0,589,384,1047,54.98,57.31,0.0,SCENARIO-DEPENDENT,around_default,20260820
LTFRB_PUJ2482,589,C,5000,0.0,0.0,0.0,596,530,667,51.52,60.74,13.56,SCENARIO-DEPENDENT,around_default,20260820
LTFRB_PUJ1691,590,C,5000,0.0,0.0,0.0,594,562,701,52.67,59.51,13.32,SCENARIO-DEPENDENT,around_default,20260820
LTFRB_PUJ1490,591,C,5000,0.0,0.0,0.0,593,530,797,53.35,58.76,0.0,SCENARIO-DEPENDENT,around_default,20260820
LTFRB_PUJ1283,592,C,5000,0.0,0.0,0.0,594,479,697,50.44,61.63,3.84,SCENARIO-DEPENDENT,around_default,20260820
LTFRB_PUJ2066,593,C,5000,0.0,0.0,0.0,594,516,670,50.78,61.32,11.52,SCENARIO-DEPENDENT,around_default,20260820
LTFRB_PUJ2483,594,C,5000,0.0,0.0,0.0,604,539,679,51.37,60.64,13.2,SCENARIO-DEPENDENT,around_default,20260820
LTFRB_PUJ2065,595,C,5000,0.0,0.0,0.0,596,517,672,50.75,61.3,11.4,SCENARIO-DEPENDENT,around_default,20260820
LTFRB_PUJ2202,596,C,5000,0.0,0.0,0.0,601,518,832,53.12,58.8,0.0,SCENARIO-DEPENDENT,around_default,20260820
LTFRB_PUJ1563,597,C,5000,0.0,0.0,0.0,602,519,682,50.68,61.22,10.44,SCENARIO-DEPENDENT,around_default,20260820
LTFRB_PUJ1331,598,C,5000,0.0,0.0,0.0,603,509,689,50.55,61.3,8.4,SCENARIO-DEPENDENT,around_default,20260820
LTFRB_PUJ2036,599,C,5000,0.0,0.0,0.0,600,453,724,49.9,62.04,0.0,SCENARIO-DEPENDENT,around_default,20260820
LTFRB_PUJ1330,600,C,5000,0.0,0.0,0.0,605,512,692,50.52,61.28,8.4,SCENARIO-DEPENDENT,around_default,20260820
LTFRB_PUJ1964,601,C,5000,0.0,0.0,0.0,604,488,707,50.27,61.54,3.72,SCENARIO-DEPENDENT,around_default,20260820
LTFRB_PUJ1280,602,C,5000,0.0,0.0,0.0,601,493,691,50.38,61.48,6.24,SCENARIO-DEPENDENT,around_default,20260820
LTFRB_PUJ1965,603,C,5000,0.0,0.0,0.0,606,490,710,50.24,61.52,3.6,SCENARIO-DEPENDENT,around_default,20260820
LTFRB_PUJ1999,604,C,5000,0.0,0.0,0.0,615,572,650,51.45,60.33,20.64,SCENARIO-DEPENDENT,around_default,20260820
LTFRB_PUJ2603,605,C,5000,0.0,0.0,0.0,604,566,657,51.02,60.77,19.08,SCENARIO-DEPENDENT,around_default,20260820
LTFRB_PUJ1282,606,C,5000,0.0,0.0,0.0,609,493,713,50.21,61.49,3.6,SCENARIO-DEPENDENT,around_default,20260820
LTFRB_PUJ2021,607,C,5000,0.0,0.0,0.0,610,529,839,52.92,58.75,0.0,SCENARIO-DEPENDENT,around_default,20260820
LTFRB_PUJ1170,608,C,5000,0.0,0.0,0.0,616,599,667,51.69,59.93,21.84,SCENARIO-DEPENDENT,around_default,20260820
LTFRB_PUJ1189,609,C,5000,0.0,0.0,0.0,607,462,731,49.76,61.95,0.0,SCENARIO-DEPENDENT,around_default,20260820
LTFRB_PUJ2488,610,C,5000,0.0,0.0,0.0,609,421,1057,54.57,57.07,0.0,SCENARIO-DEPENDENT,around_default,20260820
LTFRB_PUJ1860,611,C,5000,0.0,0.0,0.0,608,499,698,50.26,61.41,6.12,SCENARIO-DEPENDENT,around_default,20260820
LTFRB_PUJ1564,612,C,5000,0.0,0.0,0.0,615,508,709,50.25,61.31,5.88,SCENARIO-DEPENDENT,around_default,20260820
LTFRB_PUJ2178,613,C,5000,0.0,0.0,0.0,613,594,647,51.23,60.41,23.64,LOW-PRIORITY ROBUST,around_default,20260820
LTFRB_PUJ1059,614,C,5000,0.0,0.0,0.0,616,597,650,51.18,60.4,23.64,LOW-PRIORITY ROBUST,around_default,20260820
LTFRB_PUJ2604,615,C,5000,0.0,0.0,0.0,612,581,662,50.95,60.62,20.28,SCENARIO-DEPENDENT,around_default,20260820
LTFRB_PUJ1181,616,C,5000,0.0,0.0,0.0,620,560,681,50.73,60.74,15.48,SCENARIO-DEPENDENT,around_default,20260820
LTFRB_PUJ2145,617,C,5000,0.0,0.0,0.0,623,608,646,51.4,60.06,25.44,LOW-PRIORITY ROBUST,around_default,20260820
LTFRB_PUJ1565,618,C,5000,0.0,0.0,0.0,621,517,717,50.16,61.26,6.0,SCENARIO-DEPENDENT,around_default,20260820
LTFRB_PUJ2555,619,C,5000,0.0,0.0,0.0,621,509,720,50.1,61.32,4.68,SCENARIO-DEPENDENT,around_default,20260820
LTFRB_PUJ2121,620,C,5000,0.0,0.0,0.0,623,365,1140,54.86,56.37,0.0,SCENARIO-DEPENDENT,around_default,20260820
LTFRB_PUJ1180,621,C,5000,0.0,0.0,0.0,627,567,687,50.67,60.66,15.6,SCENARIO-DEPENDENT,around_default,20260820
LTFRB_PUJ1281,622,C,5000,0.0,0.0,0.0,621,513,710,50.05,61.28,6.36,SCENARIO-DEPENDENT,around_default,20260820
LTFRB_PUJ1442,623,C,5000,0.0,0.0,0.0,630,612,695,51.55,59.66,20.04,SCENARIO-DEPENDENT,around_default,20260820
LTFRB_PUJ1443,624,C,5000,0.0,0.0,0.0,631,613,696,51.55,59.66,20.04,SCENARIO-DEPENDENT,around_default,20260820
LTFRB_PUJ2038,625,C,5000,0.0,0.0,0.0,623,564,689,50.47,60.78,15.0,SCENARIO-DEPENDENT,around_default,20260820
LTFRB_PUJ1654,626,C,5000,0.0,0.0,0.0,635,614,682,51.36,59.83,21.84,SCENARIO-DEPENDENT,around_default,20260820
LTFRB_PUJ2272,627,C,5000,0.0,0.0,0.0,627,576,691,50.46,60.67,16.2,SCENARIO-DEPENDENT,around_default,20260820
LTFRB_PUJ2553,628,C,5000,0.0,0.0,0.0,630,399,1120,54.62,56.32,0.0,SCENARIO-DEPENDENT,around_default,20260820
LTFRB_PUJ2554,629,C,5000,0.0,0.0,0.0,631,400,1121,54.62,56.32,0.0,SCENARIO-DEPENDENT,around_default,20260820
LTFRB_PUJ2146,630,C,5000,0.0,0.0,0.0,630,601,681,50.58,60.44,20.4,SCENARIO-DEPENDENT,around_default,20260820
LTFRB_PUJ1464,631,C,5000,0.0,0.0,0.0,646,541,745,50.1,60.8,5.52,SCENARIO-DEPENDENT,around_default,20260820
LTFRB_PUJ2598,632,C,5000,0.0,0.0,0.0,634,445,1080,54.18,56.73,0.0,SCENARIO-DEPENDENT,around_default,20260820
LTFRB_PUJ1521,633,C,5000,0.0,0.0,0.0,637,580,828,52.25,58.64,0.24,SCENARIO-DEPENDENT,around_default,20260820
LTFRB_PUJ1300,634,C,5000,0.0,0.0,0.0,637,533,730,49.79,61.1,6.36,SCENARIO-DEPENDENT,around_default,20260820
LTFRB_PUJ1307,635,C,5000,0.0,0.0,0.0,648,595,687,50.52,60.3,18.96,SCENARIO-DEPENDENT,around_default,20260820
LTFRB_PUJ1887,636,C,5000,0.0,0.0,0.0,635,532,728,49.76,61.1,6.48,SCENARIO-DEPENDENT,around_default,20260820
LTFRB_PUJ2345,637,C,5000,0.0,0.0,0.0,641,315,1205,53.24,57.34,0.0,SCENARIO-DEPENDENT,around_default,20260820
LTFRB_PUJ2177,638,C,5000,0.0,0.0,0.0,642,627,678,50.64,60.15,23.88,LOW-PRIORITY ROBUST,around_default,20260820
LTFRB_PUJ1218,639,C,5000,0.0,0.0,0.0,640,494,1037,53.8,56.87,0.0,SCENARIO-DEPENDENT,around_default,20260820
LTFRB_PUJ1219,640,C,5000,0.0,0.0,0.0,641,495,1038,53.8,56.87,0.0,SCENARIO-DEPENDENT,around_default,20260820
LTFRB_PUJ1711,641,C,5000,0.0,0.0,0.0,640,487,769,49.19,61.57,0.0,SCENARIO-DEPENDENT,around_default,20260820
LTFRB_PUJ1831,642,C,5000,0.0,0.0,0.0,643,577,863,52.28,58.39,0.0,SCENARIO-DEPENDENT,around_default,20260820
LTFRB_PUJ1040,643,C,5000,0.0,0.0,0.0,645,579,866,52.27,58.38,0.0,SCENARIO-DEPENDENT,around_default,20260820
LTFRB_PUJ2501,644,C,5000,0.0,0.0,0.0,649,618,758,51.53,59.09,13.2,SCENARIO-DEPENDENT,around_default,20260820
LTFRB_PUJ1830,645,C,5000,0.0,0.0,0.0,648,576,878,52.3,58.3,0.0,SCENARIO-DEPENDENT,around_default,20260820
LTFRB_PUJ1991,646,C,5000,0.0,0.0,0.0,651,579,852,51.94,58.66,0.0,SCENARIO-DEPENDENT,around_default,20260820
LTFRB_PUJ1193,647,C,5000,0.0,0.0,0.0,648,493,777,49.09,61.51,0.0,SCENARIO-DEPENDENT,around_default,20260820
LTFRB_PUJ1597,648,C,5000,0.0,0.0,0.0,651,452,1108,54.68,55.77,0.0,SCENARIO-DEPENDENT,around_default,20260820
LTFRB_PUJ1596,649,C,5000,0.0,0.0,0.0,653,453,1109,54.67,55.76,0.0,SCENARIO-DEPENDENT,around_default,20260820
LTFRB_PUJ1369,650,C,5000,0.0,0.0,0.0,651,541,745,49.51,61.03,5.52,SCENARIO-DEPENDENT,around_default,20260820
LTFRB_PUJ1624,651,C,5000,0.0,0.0,0.0,657,551,748,49.49,60.91,6.36,SCENARIO-DEPENDENT,around_default,20260820
LTFRB_PUJ1813,652,C,5000,0.0,0.0,0.0,656,460,1105,53.9,56.44,0.0,SCENARIO-DEPENDENT,around_default,20260820
LTFRB_PUJ2466,653,C,5000,0.0,0.0,0.0,658,521,1015,52.93,57.37,0.0,SCENARIO-DEPENDENT,around_default,20260820
LTFRB_PUJ1990,654,C,5000,0.0,0.0,0.0,660,589,868,51.77,58.56,0.0,SCENARIO-DEPENDENT,around_default,20260820
LTFRB_PUJ2037,655,C,5000,0.0,0.0,0.0,657,601,721,49.92,60.4,15.6,SCENARIO-DEPENDENT,around_default,20260820
LTFRB_PUJ2225,656,C,5000,0.0,0.0,0.0,659,638,704,50.27,60.06,22.08,SCENARIO-DEPENDENT,around_default,20260820
LTFRB_PUJ1238,657,C,5000,0.0,0.0,0.0,660,533,776,49.21,61.04,0.84,SCENARIO-DEPENDENT,around_default,20260820
LTFRB_PUJ1878,658,C,5000,0.0,0.0,0.0,665,645,738,50.98,59.31,18.84,SCENARIO-DEPENDENT,around_default,20260820
LTFRB_PUJ2514,659,C,5000,0.0,0.0,0.0,654,481,804,48.65,61.65,0.0,SCENARIO-DEPENDENT,around_default,20260820
LTFRB_PUJ1368,660,C,5000,0.0,0.0,0.0,664,552,757,49.34,60.92,5.4,SCENARIO-DEPENDENT,around_default,20260820
LTFRB_PUJ1656,661,C,5000,0.0,0.0,0.0,662,543,762,49.25,61.02,3.72,SCENARIO-DEPENDENT,around_default,20260820
LTFRB_PUJ2515,662,C,5000,0.0,0.0,0.0,659,484,809,48.6,61.62,0.0,SCENARIO-DEPENDENT,around_default,20260820
LTFRB_PUJ1812,663,C,5000,0.0,0.0,0.0,665,469,1113,53.79,56.36,0.0,SCENARIO-DEPENDENT,around_default,20260820
LTFRB_PUJ1873,664,C,5000,0.0,0.0,0.0,667,647,747,50.99,59.16,18.0,SCENARIO-DEPENDENT,around_default,20260820
LTFRB_PUJ1239,665,C,5000,0.0,0.0,0.0,668,538,786,49.09,60.96,0.24,SCENARIO-DEPENDENT,around_default,20260820
LTFRB_PUJ1301,666,C,5000,0.0,0.0,0.0,670,523,796,48.87,61.22,0.0,SCENARIO-DEPENDENT,around_default,20260820
LTFRB_PUJ2149,667,C,5000,0.0,0.0,0.0,667,578,943,52.38,57.62,0.0,SCENARIO-DEPENDENT,around_default,20260820
LTFRB_PUJ1819,668,C,5000,0.0,0.0,0.0,671,559,964,52.47,57.5,0.0,SCENARIO-DEPENDENT,around_default,20260820
LTFRB_PUJ2556,669,C,5000,0.0,0.0,0.0,672,537,794,49.0,60.96,0.0,SCENARIO-DEPENDENT,around_default,20260820
LTFRB_PUJ1886,670,C,5000,0.0,0.0,0.0,667,561,762,49.25,60.78,5.88,SCENARIO-DEPENDENT,around_default,20260820
LTFRB_PUJ1959,671,C,5000,0.0,0.0,0.0,673,564,773,49.28,60.69,4.92,SCENARIO-DEPENDENT,around_default,20260820
LTFRB_PUJ1031,672,C,5000,0.0,0.0,0.0,680,636,752,50.68,59.31,16.08,SCENARIO-DEPENDENT,around_default,20260820
LTFRB_PUJ1859,673,C,5000,0.0,0.0,0.0,669,576,753,49.36,60.64,8.76,SCENARIO-DEPENDENT,around_default,20260820
LTFRB_PUJ1308,674,C,5000,0.0,0.0,0.0,673,618,860,51.66,58.31,0.96,SCENARIO-DEPENDENT,around_default,20260820
LTFRB_PUJ1309,675,C,5000,0.0,0.0,0.0,674,619,861,51.66,58.31,0.96,SCENARIO-DEPENDENT,around_default,20260820
LTFRB_PUJ2513,676,C,5000,0.0,0.0,0.0,670,510,805,48.65,61.32,0.0,SCENARIO-DEPENDENT,around_default,20260820
LTFRB_PUJ2270,677,C,5000,0.0,0.0,0.0,677,657,770,50.93,58.92,16.44,SCENARIO-DEPENDENT,around_default,20260820
LTFRB_PUJ1893,678,C,5000,0.0,0.0,0.0,677,592,935,52.11,57.7,0.0,SCENARIO-DEPENDENT,around_default,20260820
LTFRB_PUJ2385,679,C,5000,0.0,0.0,0.0,677,625,852,51.28,58.53,2.76,SCENARIO-DEPENDENT,around_default,20260820
LTFRB_PUJ2399,680,C,5000,0.0,0.0,0.0,677,576,763,49.25,60.65,7.56,SCENARIO-DEPENDENT,around_default,20260820
LTFRB_PUJ1820,681,C,5000,0.0,0.0,0.0,680,569,976,52.34,57.42,0.0,SCENARIO-DEPENDENT,around_default,20260820
LTFRB_PUJ1192,682,C,5000,0.0,0.0,0.0,683,525,812,48.57,61.18,0.0,SCENARIO-DEPENDENT,around_default,20260820
LTFRB_PUJ1514,683,C,5000,0.0,0.0,0.0,692,642,728,49.99,59.77,19.68,SCENARIO-DEPENDENT,around_default,20260820
LTFRB_PUJ1088,684,C,5000,0.0,0.0,0.0,684,607,906,51.65,58.07,0.0,SCENARIO-DEPENDENT,around_default,20260820
LTFRB_PUJ2150,685,C,5000,0.0,0.0,0.0,685,597,943,52.02,57.63,0.0,SCENARIO-DEPENDENT,around_default,20260820
LTFRB_PUJ1879,686,C,5000,0.0,0.0,0.0,692,656,734,50.1,59.6,20.64,SCENARIO-DEPENDENT,around_default,20260820
LTFRB_PUJ1929,687,C,5000,0.0,0.0,0.0,685,576,777,49.08,60.64,5.88,SCENARIO-DEPENDENT,around_default,20260820
LTFRB_PUJ1583,688,C,5000,0.0,0.0,0.0,686,626,744,49.5,60.17,15.84,SCENARIO-DEPENDENT,around_default,20260820
LTFRB_PUJ1986,689,C,5000,0.0,0.0,0.0,686,594,766,49.19,60.48,9.36,SCENARIO-DEPENDENT,around_default,20260820
LTFRB_PUJ1987,690,C,5000,0.0,0.0,0.0,686,595,767,49.19,60.48,9.36,SCENARIO-DEPENDENT,around_default,20260820
LTFRB_PUJ1112,691,C,5000,0.0,0.0,0.0,687,602,761,49.28,60.38,10.92,SCENARIO-DEPENDENT,around_default,20260820
LTFRB_PUJ1955,692,C,5000,0.0,0.0,0.0,686,542,804,48.67,60.98,0.0,SCENARIO-DEPENDENT,around_default,20260820
LTFRB_PUJ1872,693,C,5000,0.0,0.0,0.0,687,668,774,50.66,58.96,17.28,SCENARIO-DEPENDENT,around_default,20260820
LTFRB_PUJ1892,694,C,5000,0.0,0.0,0.0,693,593,965,52.11,57.44,0.0,SCENARIO-DEPENDENT,around_default,20260820
LTFRB_PUJ2127,695,C,5000,0.0,0.0,0.0,690,605,924,51.67,57.91,0.0,SCENARIO-DEPENDENT,around_default,20260820
LTFRB_PUJ2616,696,C,5000,0.0,0.0,0.0,690,555,813,48.78,60.76,0.0,SCENARIO-DEPENDENT,around_default,20260820
LTFRB_PUJ1347,697,C,5000,0.0,0.0,0.0,696,684,729,50.24,59.32,24.6,LOW-PRIORITY ROBUST,around_default,20260820
LTFRB_PUJ2122,698,C,5000,0.0,0.0,0.0,701,438,1174,54.08,55.33,0.0,SCENARIO-DEPENDENT,around_default,20260820
LTFRB_PUJ1761,699,C,5000,0.0,0.0,0.0,694,599,775,49.08,60.44,8.88,SCENARIO-DEPENDENT,around_default,20260820
LTFRB_PUJ1486,700,C,5000,0.0,0.0,0.0,696,674,731,49.76,59.72,23.16,LOW-PRIORITY ROBUST,around_default,20260820
LTFRB_PUJ2001,701,C,5000,0.0,0.0,0.0,696,480,1138,53.1,56.35,0.0,SCENARIO-DEPENDENT,around_default,20260820
LTFRB_PUJ1188,702,C,5000,0.0,0.0,0.0,699,536,832,48.37,61.05,0.0,SCENARIO-DEPENDENT,around_default,20260820
LTFRB_PUJ2184,703,C,5000,0.0,0.0,0.0,702,688,724,49.95,59.48,25.68,LOW-PRIORITY ROBUST,around_default,20260820
LTFRB_PUJ1263,704,C,5000,0.0,0.0,0.0,703,689,747,50.24,59.16,23.04,LOW-PRIORITY ROBUST,around_default,20260820
LTFRB_PUJ1081,705,C,5000,0.0,0.0,0.0,701,670,807,50.62,58.73,13.56,SCENARIO-DEPENDENT,around_default,20260820
LTFRB_PUJ1699,706,C,5000,0.0,0.0,0.0,704,654,820,50.35,58.92,10.08,SCENARIO-DEPENDENT,around_default,20260820
LTFRB_PUJ1852,707,C,5000,0.0,0.0,0.0,703,597,797,49.0,60.33,6.0,SCENARIO-DEPENDENT,around_default,20260820
LTFRB_PUJ1191,708,C,5000,0.0,0.0,0.0,704,541,837,48.29,61.0,0.0,SCENARIO-DEPENDENT,around_default,20260820
LTFRB_PUJ1698,709,C,5000,0.0,0.0,0.0,707,656,824,50.31,58.9,9.84,SCENARIO-DEPENDENT,around_default,20260820
LTFRB_PUJ1487,710,C,5000,0.0,0.0,0.0,707,671,745,49.53,59.76,21.12,SCENARIO-DEPENDENT,around_default,20260820
LTFRB_PUJ2082,711,C,5000,0.0,0.0,0.0,706,679,798,50.48,58.77,15.72,SCENARIO-DEPENDENT,around_default,20260820
LTFRB_PUJ1621,712,C,5000,0.0,0.0,0.0,711,646,766,49.21,59.98,15.6,SCENARIO-DEPENDENT,around_default,20260820
LTFRB_PUJ1683,713,C,5000,0.0,0.0,0.0,712,644,894,51.04,58.12,0.0,SCENARIO-DEPENDENT,around_default,20260820
LTFRB_PUJ2615,714,C,5000,0.0,0.0,0.0,711,572,834,48.53,60.61,0.0,SCENARIO-DEPENDENT,around_default,20260820
LTFRB_PUJ2000,715,C,5000,0.0,0.0,0.0,712,489,1147,52.93,56.22,0.0,SCENARIO-DEPENDENT,around_default,20260820
LTFRB_PUJ1574,716,C,5000,0.0,0.0,0.0,713,685,743,49.5,59.66,23.04,LOW-PRIORITY ROBUST,around_default,20260820
LTFRB_PUJ2307,717,C,5000,0.0,0.0,0.0,713,548,847,48.19,60.95,0.0,SCENARIO-DEPENDENT,around_default,20260820
LTFRB_PUJ2403,718,C,5000,0.0,0.0,0.0,715,590,810,48.6,60.52,3.6,SCENARIO-DEPENDENT,around_default,20260820
LTFRB_PUJ1748,719,C,5000,0.0,0.0,0.0,717,607,806,48.69,60.38,6.12,SCENARIO-DEPENDENT,around_default,20260820
LTFRB_PUJ2404,720,C,5000,0.0,0.0,0.0,719,595,814,48.56,60.49,3.72,SCENARIO-DEPENDENT,around_default,20260820
LTFRB_PUJ2166,721,C,5000,0.0,0.0,0.0,719,690,815,50.32,58.66,15.0,SCENARIO-DEPENDENT,around_default,20260820
LTFRB_PUJ1682,722,C,5000,0.0,0.0,0.0,720,652,904,50.92,58.04,0.0,SCENARIO-DEPENDENT,around_default,20260820
LTFRB_PUJ1651,723,C,5000,0.0,0.0,0.0,721,624,809,48.87,60.04,7.8,SCENARIO-DEPENDENT,around_default,20260820
LTFRB_PUJ2400,724,C,5000,0.0,0.0,0.0,720,659,775,49.07,59.89,16.08,SCENARIO-DEPENDENT,around_default,20260820
LTFRB_PUJ2593,725,C,5000,0.0,0.0,0.0,722,519,1117,52.67,56.31,0.0,SCENARIO-DEPENDENT,around_default,20260820
LTFRB_PUJ1655,726,C,5000,0.0,0.0,0.0,724,593,825,48.44,60.5,2.16,SCENARIO-DEPENDENT,around_default,20260820
LTFRB_PUJ2220,727,C,5000,0.0,0.0,0.0,726,606,818,48.51,60.38,4.56,SCENARIO-DEPENDENT,around_default,20260820
LTFRB_PUJ1367,728,C,5000,0.0,0.0,0.0,728,643,797,48.78,60.02,11.52,SCENARIO-DEPENDENT,around_default,20260820
LTFRB_PUJ2577,729,C,5000,0.0,0.0,0.0,728,598,1019,51.73,57.04,0.0,SCENARIO-DEPENDENT,around_default,20260820
LTFRB_PUJ2388,730,C,5000,0.0,0.0,0.0,728,586,854,48.28,60.47,0.0,SCENARIO-DEPENDENT,around_default,20260820
LTFRB_PUJ1956,731,C,5000,0.0,0.0,0.0,731,709,754,49.36,59.4,24.6,LOW-PRIORITY ROBUST,around_default,20260820
LTFRB_PUJ1749,732,C,5000,0.0,0.0,0.0,730,594,837,48.27,60.48,0.84,SCENARIO-DEPENDENT,around_default,20260820
LTFRB_PUJ1255,733,C,5000,0.0,0.0,0.0,731,561,872,47.93,60.8,0.0,SCENARIO-DEPENDENT,around_default,20260820
LTFRB_PUJ1760,734,C,5000,0.0,0.0,0.0,734,632,814,48.59,60.13,8.16,SCENARIO-DEPENDENT,around_default,20260820
LTFRB_PUJ1807,735,C,5000,0.0,0.0,0.0,732,674,789,49.17,59.53,16.2,SCENARIO-DEPENDENT,around_default,20260820
LTFRB_PUJ2035,736,C,5000,0.0,0.0,0.0,733,562,874,47.92,60.8,0.0,SCENARIO-DEPENDENT,around_default,20260820
LTFRB_PUJ2525,737,C,5000,0.0,0.0,0.0,740,709,787,49.63,58.96,20.64,SCENARIO-DEPENDENT,around_default,20260820
LTFRB_PUJ1298,738,C,5000,0.0,0.0,0.0,738,567,881,47.84,60.75,0.0,SCENARIO-DEPENDENT,around_default,20260820
LTFRB_PUJ1001,739,C,5000,0.0,0.0,0.0,742,649,818,48.5,59.96,9.72,SCENARIO-DEPENDENT,around_default,20260820
LTFRB_PUJ1002,740,C,5000,0.0,0.0,0.0,743,638,827,48.42,60.04,7.32,SCENARIO-DEPENDENT,around_default,20260820
LTFRB_PUJ1190,741,C,5000,0.0,0.0,0.0,744,571,889,47.77,60.69,0.0,SCENARIO-DEPENDENT,around_default,20260820
LTFRB_PUJ2075,742,C,5000,0.0,0.0,0.0,745,689,897,50.31,58.08,5.04,SCENARIO-DEPENDENT,around_default,20260820
LTFRB_PUJ2187,743,C,5000,0.0,0.0,0.0,746,687,804,48.98,59.42,15.96,SCENARIO-DEPENDENT,around_default,20260820
LTFRB_PUJ2496,744,C,5000,0.0,0.0,0.0,745,607,1031,51.29,57.06,0.0,SCENARIO-DEPENDENT,around_default,20260820
LTFRB_PUJ2503,745,C,5000,0.0,0.0,0.0,746,670,807,48.62,59.75,13.56,SCENARIO-DEPENDENT,around_default,20260820
LTFRB_PUJ1750,746,C,5000,0.0,0.0,0.0,745,587,877,47.85,60.55,0.0,SCENARIO-DEPENDENT,around_default,20260820
LTFRB_PUJ1851,747,C,5000,0.0,0.0,0.0,746,637,848,48.38,59.94,4.68,SCENARIO-DEPENDENT,around_default,20260820
LTFRB_PUJ1875,748,C,5000,0.0,0.0,0.0,747,711,785,48.97,59.4,21.12,SCENARIO-DEPENDENT,around_default,20260820
LTFRB_PUJ2229,749,C,5000,0.0,0.0,0.0,756,639,1003,51.24,57.0,0.0,SCENARIO-DEPENDENT,around_default,20260820
LTFRB_PUJ1783,750,C,5000,0.0,0.0,0.0,751,683,909,50.15,58.14,2.88,SCENARIO-DEPENDENT,around_default,20260820
LTFRB_PUJ2251,751,C,5000,0.0,0.0,0.0,757,726,796,49.25,58.97,21.6,SCENARIO-DEPENDENT,around_default,20260820
LTFRB_PUJ2269,752,C,5000,0.0,0.0,0.0,754,714,873,49.99,58.22,10.92,SCENARIO-DEPENDENT,around_default,20260820
LTFRB_PUJ1327,753,C,5000,0.0,0.0,0.0,757,728,821,49.52,58.67,18.84,SCENARIO-DEPENDENT,around_default,20260820
LTFRB_PUJ2594,754,C,5000,0.0,0.0,0.0,754,541,1139,52.2,56.0,0.0,SCENARIO-DEPENDENT,around_default,20260820
LTFRB_PUJ1716,755,C,5000,0.0,0.0,0.0,756,621,869,47.97,60.23,0.24,SCENARIO-DEPENDENT,around_default,20260820
LTFRB_PUJ2068,756,C,5000,0.0,0.0,0.0,761,730,805,49.28,58.88,21.0,SCENARIO-DEPENDENT,around_default,20260820
LTFRB_PUJ1362,757,C,5000,0.0,0.0,0.0,757,598,890,47.71,60.45,0.0,SCENARIO-DEPENDENT,around_default,20260820
LTFRB_PUJ1363,758,C,5000,0.0,0.0,0.0,760,601,893,47.68,60.43,0.0,SCENARIO-DEPENDENT,around_default,20260820
LTFRB_PUJ1547,759,C,5000,0.0,0.0,0.0,759,739,829,49.5,58.57,19.2,SCENARIO-DEPENDENT,around_default,20260820
LTFRB_PUJ1710,760,C,5000,0.0,0.0,0.0,760,585,906,47.56,60.55,0.0,SCENARIO-DEPENDENT,around_default,20260820
LTFRB_PUJ1060,761,C,5000,0.0,0.0,0.0,762,747,813,49.37,58.7,22.08,SCENARIO-DEPENDENT,around_default,20260820
LTFRB_PUJ1515,762,C,5000,0.0,0.0,0.0,768,718,835,49.32,58.76,15.96,SCENARIO-DEPENDENT,around_default,20260820
LTFRB_PUJ1717,763,C,5000,0.0,0.0,0.0,763,625,879,47.89,60.17,0.0,SCENARIO-DEPENDENT,around_default,20260820
LTFRB_PUJ1958,764,C,5000,0.0,0.0,0.0,766,647,874,48.07,59.85,2.76,SCENARIO-DEPENDENT,around_default,20260820
LTFRB_PUJ2308,765,C,5000,0.0,0.0,0.0,765,589,914,47.5,60.52,0.0,SCENARIO-DEPENDENT,around_default,20260820
LTFRB_PUJ1536,766,C,5000,0.0,0.0,0.0,770,731,813,48.97,58.99,20.16,SCENARIO-DEPENDENT,around_default,20260820
LTFRB_PUJ2512,767,C,5000,0.0,0.0,0.0,766,585,911,47.46,60.53,0.0,SCENARIO-DEPENDENT,around_default,20260820
LTFRB_PUJ1030,768,C,5000,0.0,0.0,0.0,768,728,877,49.7,58.21,12.12,SCENARIO-DEPENDENT,around_default,20260820
LTFRB_PUJ1029,769,C,5000,0.0,0.0,0.0,773,732,882,49.65,58.18,12.0,SCENARIO-DEPENDENT,around_default,20260820
LTFRB_PUJ1763,770,C,5000,0.0,0.0,0.0,772,696,932,49.97,57.91,1.68,SCENARIO-DEPENDENT,around_default,20260820
LTFRB_PUJ1932,771,C,5000,0.0,0.0,0.0,773,615,905,47.59,60.29,0.0,SCENARIO-DEPENDENT,around_default,20260820
LTFRB_PUJ1933,772,C,5000,0.0,0.0,0.0,774,616,906,47.59,60.29,0.0,SCENARIO-DEPENDENT,around_default,20260820
LTFRB_PUJ1708,773,C,5000,0.0,0.0,0.0,774,597,923,47.39,60.45,0.0,SCENARIO-DEPENDENT,around_default,20260820
LTFRB_PUJ1709,774,C,5000,0.0,0.0,0.0,775,598,924,47.39,60.45,0.0,SCENARIO-DEPENDENT,around_default,20260820
LTFRB_PUJ1827,775,C,5000,0.0,0.0,0.0,786,521,1188,53.3,54.38,0.0,SCENARIO-DEPENDENT,around_default,20260820
LTFRB_PUJ2182,776,C,5000,0.0,0.0,0.0,778,752,839,49.22,58.53,19.56,SCENARIO-DEPENDENT,around_default,20260820
LTFRB_PUJ2524,777,C,5000,0.0,0.0,0.0,781,745,824,48.9,58.85,20.52,SCENARIO-DEPENDENT,around_default,20260820
LTFRB_PUJ1491,778,C,5000,0.0,0.0,0.0,783,643,1044,51.17,56.5,0.0,SCENARIO-DEPENDENT,around_default,20260820
LTFRB_PUJ2070,779,C,5000,0.0,0.0,0.0,783,752,828,49.01,58.69,20.88,SCENARIO-DEPENDENT,around_default,20260820
LTFRB_PUJ1414,780,C,5000,0.0,0.0,0.0,781,699,848,48.17,59.52,12.12,SCENARIO-DEPENDENT,around_default,20260820
LTFRB_PUJ1928,781,C,5000,0.0,0.0,0.0,781,680,860,48.04,59.66,8.4,SCENARIO-DEPENDENT,around_default,20260820
LTFRB_PUJ1014,782,C,5000,0.0,0.0,0.0,785,589,1123,51.81,55.75,0.0,SCENARIO-DEPENDENT,around_default,20260820
LTFRB_PUJ1130,783,C,5000,0.0,0.0,0.0,784,627,912,47.56,60.04,0.0,SCENARIO-DEPENDENT,around_default,20260820
LTFRB_PUJ1131,784,C,5000,0.0,0.0,0.0,785,628,913,47.56,60.04,0.0,SCENARIO-DEPENDENT,around_default,20260820
LTFRB_PUJ1087,785,C,5000,0.0,0.0,0.0,787,702,957,50.12,57.48,0.0,SCENARIO-DEPENDENT,around_default,20260820
LTFRB_PUJ2284,786,C,5000,0.0,0.0,0.0,785,668,887,47.94,59.65,3.72,SCENARIO-DEPENDENT,around_default,20260820
LTFRB_PUJ1843,787,C,5000,0.0,0.0,0.0,788,695,976,50.28,57.29,0.0,SCENARIO-DEPENDENT,around_default,20260820
LTFRB_PUJ1868,788,C,5000,0.0,0.0,0.0,791,693,980,50.36,57.2,0.0,SCENARIO-DEPENDENT,around_default,20260820
LTFRB_PUJ1869,789,C,5000,0.0,0.0,0.0,790,692,978,50.37,57.21,0.0,SCENARIO-DEPENDENT,around_default,20260820
LTFRB_PUJ1366,790,C,5000,0.0,0.0,0.0,789,670,882,47.84,59.75,4.56,SCENARIO-DEPENDENT,around_default,20260820
LTFRB_PUJ2159,791,C,5000,0.0,0.0,0.0,789,607,1089,51.21,56.32,0.0,SCENARIO-DEPENDENT,around_default,20260820
LTFRB_PUJ2067,792,C,5000,0.0,0.0,0.0,794,763,840,48.89,58.61,20.76,SCENARIO-DEPENDENT,around_default,20260820
LTFRB_PUJ2160,793,C,5000,0.0,0.0,0.0,792,609,1090,51.19,56.31,0.0,SCENARIO-DEPENDENT,around_default,20260820
LTFRB_PUJ1389,794,C,5000,0.0,0.0,0.0,791,738,837,48.29,59.2,18.12,SCENARIO-DEPENDENT,around_default,20260820
LTFRB_PUJ1111,795,C,5000,0.0,0.0,0.0,795,701,867,48.01,59.47,10.08,SCENARIO-DEPENDENT,around_default,20260820
LTFRB_PUJ1125,796,C,5000,0.0,0.0,0.0,795,653,910,47.55,59.93,0.0,SCENARIO-DEPENDENT,around_default,20260820
LTFRB_PUJ2575,797,C,5000,0.0,0.0,0.0,793,744,835,48.31,59.16,19.08,SCENARIO-DEPENDENT,around_default,20260820
LTFRB_PUJ2154,798,C,5000,0.0,0.0,0.0,799,763,841,48.64,58.73,20.64,SCENARIO-DEPENDENT,around_default,20260820
LTFRB_PUJ1098,799,C,5000,0.0,0.0,0.0,798,587,1138,51.78,55.57,0.0,SCENARIO-DEPENDENT,around_default,20260820
LTFRB_PUJ1572,800,C,5000,0.0,0.0,0.0,797,765,824,48.43,58.97,22.92,LOW-PRIORITY ROBUST,around_default,20260820
LTFRB_PUJ1267,801,C,5000,0.0,0.0,0.0,797,637,926,47.42,59.96,0.0,SCENARIO-DEPENDENT,around_default,20260820
LTFRB_PUJ1979,802,C,5000,0.0,0.0,0.0,800,775,819,48.53,58.85,24.72,LOW-PRIORITY ROBUST,around_default,20260820
LTFRB_PUJ2210,803,C,5000,0.0,0.0,0.0,796,631,926,47.29,60.13,0.0,SCENARIO-DEPENDENT,around_default,20260820
LTFRB_PUJ2219,804,C,5000,0.0,0.0,0.0,799,696,887,47.95,59.39,7.08,SCENARIO-DEPENDENT,around_default,20260820
LTFRB_PUJ2429,805,C,5000,0.0,0.0,0.0,799,723,860,48.04,59.34,13.56,SCENARIO-DEPENDENT,around_default,20260820
LTFRB_PUJ1338,806,C,5000,0.0,0.0,0.0,801,689,894,47.86,59.44,5.4,SCENARIO-DEPENDENT,around_default,20260820
LTFRB_PUJ1992,807,C,5000,0.0,0.0,0.0,800,680,1014,50.13,57.2,0.0,SCENARIO-DEPENDENT,around_default,20260820
LTFRB_PUJ1582,808,C,5000,0.0,0.0,0.0,806,700,888,47.77,59.49,7.44,SCENARIO-DEPENDENT,around_default,20260820
LTFRB_PUJ2029,809,C,5000,0.0,0.0,0.0,805,700,886,47.79,59.53,7.68,SCENARIO-DEPENDENT,around_default,20260820
LTFRB_PUJ2030,810,C,5000,0.0,0.0,0.0,806,701,887,47.79,59.53,7.68,SCENARIO-DEPENDENT,around_default,20260820
LTFRB_PUJ1266,811,C,5000,0.0,0.0,0.0,808,645,934,47.32,59.89,0.0,SCENARIO-DEPENDENT,around_default,20260820
LTFRB_PUJ1874,812,C,5000,0.0,0.0,0.0,809,783,832,48.36,58.85,24.12,LOW-PRIORITY ROBUST,around_default,20260820
LTFRB_PUJ2188,813,C,5000,0.0,0.0,0.0,811,776,854,48.55,58.63,20.64,SCENARIO-DEPENDENT,around_default,20260820
LTFRB_PUJ2576,814,C,5000,0.0,0.0,0.0,810,757,855,48.13,59.03,18.24,SCENARIO-DEPENDENT,around_default,20260820
LTFRB_PUJ2168,815,C,5000,0.0,0.0,0.0,814,712,994,49.95,57.19,0.0,SCENARIO-DEPENDENT,around_default,20260820
LTFRB_PUJ2165,816,C,5000,0.0,0.0,0.0,815,768,905,49.11,57.99,13.56,SCENARIO-DEPENDENT,around_default,20260820
LTFRB_PUJ2252,817,C,5000,0.0,0.0,0.0,815,785,870,48.8,58.27,19.8,SCENARIO-DEPENDENT,around_default,20260820
LTFRB_PUJ1573,818,C,5000,0.0,0.0,0.0,818,784,845,48.22,58.84,22.68,SCENARIO-DEPENDENT,around_default,20260820
LTFRB_PUJ1771,819,C,5000,0.0,0.0,0.0,814,602,974,46.66,60.39,0.0,SCENARIO-DEPENDENT,around_default,20260820
LTFRB_PUJ2302,820,C,5000,0.0,0.0,0.0,821,722,986,49.86,57.16,0.0,SCENARIO-DEPENDENT,around_default,20260820
LTFRB_PUJ1787,821,C,5000,0.0,0.0,0.0,821,734,964,49.6,57.43,2.4,SCENARIO-DEPENDENT,around_default,20260820
LTFRB_PUJ1145,822,C,5000,0.0,0.0,0.0,822,656,946,47.18,59.79,0.0,SCENARIO-DEPENDENT,around_default,20260820
LTFRB_PUJ1900,823,C,5000,0.0,0.0,0.0,818,678,924,47.31,59.73,0.48,SCENARIO-DEPENDENT,around_default,20260820
LTFRB_PUJ2181,824,C,5000,0.0,0.0,0.0,822,789,886,48.83,58.13,18.36,SCENARIO-DEPENDENT,around_default,20260820
LTFRB_PUJ1620,825,C,5000,0.0,0.0,0.0,824,757,875,47.92,59.03,15.84,SCENARIO-DEPENDENT,around_default,20260820
LTFRB_PUJ1718,826,C,5000,0.0,0.0,0.0,825,687,926,47.43,59.49,1.32,SCENARIO-DEPENDENT,around_default,20260820
LTFRB_PUJ1782,827,C,5000,0.0,0.0,0.0,824,735,966,49.31,57.61,2.28,SCENARIO-DEPENDENT,around_default,20260820
LTFRB_PUJ1918,828,C,5000,0.0,0.0,0.0,826,786,862,48.05,58.83,20.88,SCENARIO-DEPENDENT,around_default,20260820
LTFRB_PUJ1993,829,C,5000,0.0,0.0,0.0,829,701,1030,49.82,57.02,0.0,SCENARIO-DEPENDENT,around_default,20260820
LTFRB_PUJ1870,830,C,5000,0.0,0.0,0.0,827,649,955,46.88,59.97,0.0,SCENARIO-DEPENDENT,around_default,20260820
LTFRB_PUJ1537,831,C,5000,0.0,0.0,0.0,832,749,899,47.85,58.92,12.0,SCENARIO-DEPENDENT,around_default,20260820
LTFRB_PUJ2578,832,C,5000,0.0,0.0,0.0,835,816,849,48.28,58.51,26.04,LOW-PRIORITY ROBUST,around_default,20260820
LTFRB_PUJ1745,833,C,5000,0.0,0.0,0.0,832,764,944,49.15,57.58,8.4,SCENARIO-DEPENDENT,around_default,20260820
LTFRB_PUJ2420,834,C,5000,0.0,0.0,0.0,835,793,872,47.93,58.77,20.52,SCENARIO-DEPENDENT,around_default,20260820
LTFRB_PUJ2108,835,C,5000,0.0,0.0,0.0,834,684,950,47.07,59.6,0.0,SCENARIO-DEPENDENT,around_default,20260820
LTFRB_PUJ1128,836,C,5000,0.0,0.0,0.0,836,694,945,47.12,59.53,0.0,SCENARIO-DEPENDENT,around_default,20260820
LTFRB_PUJ1249,837,C,5000,0.0,0.0,0.0,842,835,850,48.26,58.37,28.2,LOW-PRIORITY ROBUST,around_default,20260820
LTFRB_PUJ1057,838,C,5000,0.0,0.0,0.0,839,735,925,47.36,59.24,7.2,SCENARIO-DEPENDENT,around_default,20260820
LTFRB_PUJ1058,839,C,5000,0.0,0.0,0.0,840,736,926,47.36,59.24,7.2,SCENARIO-DEPENDENT,around_default,20260820
LTFRB_PUJ1318,840,C,5000,0.0,0.0,0.0,849,780,888,48.04,58.56,17.04,SCENARIO-DEPENDENT,around_default,20260820
LTFRB_PUJ1729,841,C,5000,0.0,0.0,0.0,841,647,982,46.66,59.98,0.0,SCENARIO-DEPENDENT,around_default,20260820
LTFRB_PUJ1161,842,C,5000,0.0,0.0,0.0,842,768,901,47.59,58.96,14.04,SCENARIO-DEPENDENT,around_default,20260820
LTFRB_PUJ1719,843,C,5000,0.0,0.0,0.0,844,711,941,47.27,59.28,2.4,SCENARIO-DEPENDENT,around_default,20260820
LTFRB_PUJ1160,844,C,5000,0.0,0.0,0.0,845,771,904,47.56,58.94,14.04,SCENARIO-DEPENDENT,around_default,20260820
LTFRB_PUJ1123,845,C,5000,0.0,0.0,0.0,851,657,991,46.56,59.91,0.0,SCENARIO-DEPENDENT,around_default,20260820
LTFRB_PUJ1299,846,C,5000,0.0,0.0,0.0,851,723,947,47.1,59.33,3.12,SCENARIO-DEPENDENT,around_default,20260820
LTFRB_PUJ1575,847,C,5000,0.0,0.0,0.0,854,825,877,47.88,58.53,23.76,LOW-PRIORITY ROBUST,around_default,20260820
LTFRB_PUJ1616,848,C,5000,0.0,0.0,0.0,852,738,939,47.18,59.23,5.88,SCENARIO-DEPENDENT,around_default,20260820
LTFRB_PUJ1617,849,C,5000,0.0,0.0,0.0,853,739,940,47.18,59.23,5.88,SCENARIO-DEPENDENT,around_default,20260820
LTFRB_PUJ1103,850,C,5000,0.0,0.0,0.0,856,660,995,46.51,59.88,0.0,SCENARIO-DEPENDENT,around_default,20260820
LTFRB_PUJ1312,851,C,5000,0.0,0.0,0.0,853,693,962,46.79,59.61,0.0,SCENARIO-DEPENDENT,around_default,20260820
LTFRB_PUJ1313,852,C,5000,0.0,0.0,0.0,854,694,963,46.79,59.61,0.0,SCENARIO-DEPENDENT,around_default,20260820
LTFRB_PUJ1657,853,C,5000,0.0,0.0,0.0,861,784,969,48.95,57.3,7.8,SCENARIO-DEPENDENT,around_default,20260820
LTFRB_PUJ1658,854,C,5000,0.0,0.0,0.0,862,785,970,48.95,57.3,7.8,SCENARIO-DEPENDENT,around_default,20260820
LTFRB_PUJ1930,855,C,5000,0.0,0.0,0.0,857,707,965,46.96,59.29,0.0,SCENARIO-DEPENDENT,around_default,20260820
LTFRB_PUJ1931,856,C,5000,0.0,0.0,0.0,858,708,966,46.96,59.29,0.0,SCENARIO-DEPENDENT,around_default,20260820
LTFRB_PUJ1418,857,C,5000,0.0,0.0,0.0,859,719,957,47.05,59.22,1.44,SCENARIO-DEPENDENT,around_default,20260820
LTFRB_PUJ2485,858,C,5000,0.0,0.0,0.0,864,443,1287,50.72,55.33,0.0,SCENARIO-DEPENDENT,around_default,20260820
LTFRB_PUJ2419,859,C,5000,0.0,0.0,0.0,863,847,890,48.18,58.06,24.84,LOW-PRIORITY ROBUST,around_default,20260820
LTFRB_PUJ2502,860,C,5000,0.0,0.0,0.0,862,772,931,47.27,58.93,10.92,SCENARIO-DEPENDENT,around_default,20260820
LTFRB_PUJ1421,861,C,5000,0.0,0.0,0.0,859,742,1005,47.9,58.23,0.0,SCENARIO-DEPENDENT,around_default,20260820
LTFRB_PUJ2167,862,C,5000,0.0,0.0,0.0,865,725,1059,49.69,56.46,0.0,SCENARIO-DEPENDENT,around_default,20260820
LTFRB_PUJ1744,863,C,5000,0.0,0.0,0.0,867,782,985,48.94,57.16,5.64,SCENARIO-DEPENDENT,around_default,20260820
LTFRB_PUJ2118,864,C,5000,0.0,0.0,0.0,869,850,895,48.04,58.08,24.6,LOW-PRIORITY ROBUST,around_default,20260820
LTFRB_PUJ1844,865,C,5000,0.0,0.0,0.0,869,737,1043,49.5,56.56,0.0,SCENARIO-DEPENDENT,around_default,20260820
LTFRB_PUJ2044,866,C,5000,0.0,0.0,0.0,870,806,920,47.54,58.51,16.32,SCENARIO-DEPENDENT,around_default,20260820
LTFRB_PUJ2589,867,C,5000,0.0,0.0,0.0,868,754,1021,49.02,57.08,0.0,SCENARIO-DEPENDENT,around_default,20260820
LTFRB_PUJ2590,868,C,5000,0.0,0.0,0.0,869,755,1022,49.02,57.08,0.0,SCENARIO-DEPENDENT,around_default,20260820
LTFRB_PUJ1319,869,C,5000,0.0,0.0,0.0,878,810,917,47.72,58.36,17.16,SCENARIO-DEPENDENT,around_default,20260820
LTFRB_PUJ1901,870,C,5000,0.0,0.0,0.0,871,722,968,46.73,59.36,0.48,SCENARIO-DEPENDENT,around_default,20260820
LTFRB_PUJ1954,871,C,5000,0.0,0.0,0.0,869,675,1001,46.35,59.74,0.0,SCENARIO-DEPENDENT,around_default,20260820
LTFRB_PUJ2107,872,C,5000,0.0,0.0,0.0,871,715,977,46.68,59.39,0.0,SCENARIO-DEPENDENT,around_default,20260820
LTFRB_PUJ1619,873,C,5000,0.0,0.0,0.0,873,795,982,48.74,57.25,7.56,SCENARIO-DEPENDENT,around_default,20260820
LTFRB_PUJ1781,874,C,5000,0.0,0.0,0.0,874,727,967,46.75,59.31,1.2,SCENARIO-DEPENDENT,around_default,20260820
LTFRB_PUJ1970,875,C,5000,0.0,0.0,0.0,874,697,992,46.57,59.39,0.0,SCENARIO-DEPENDENT,around_default,20260820
LTFRB_PUJ1971,876,C,5000,0.0,0.0,0.0,875,698,993,46.57,59.39,0.0,SCENARIO-DEPENDENT,around_default,20260820
LTFRB_PUJ1801,877,C,5000,0.0,0.0,0.0,879,860,892,47.78,58.2,26.16,LOW-PRIORITY ROBUST,around_default,20260820
LTFRB_PUJ2383,878,C,5000,0.0,0.0,0.0,877,827,915,47.42,58.54,19.44,SCENARIO-DEPENDENT,around_default,20260820
LTFRB_PUJ1321,879,C,5000,0.0,0.0,0.0,878,729,1065,49.33,56.59,0.0,SCENARIO-DEPENDENT,around_default,20260820
LTFRB_PUJ1388,880,C,5000,0.0,0.0,0.0,878,801,935,47.21,58.71,13.92,SCENARIO-DEPENDENT,around_default,20260820
LTFRB_PUJ1144,881,C,5000,0.0,0.0,0.0,881,703,999,46.5,59.34,0.0,SCENARIO-DEPENDENT,around_default,20260820
LTFRB_PUJ1871,882,C,5000,0.0,0.0,0.0,881,693,1006,46.29,59.6,0.0,SCENARIO-DEPENDENT,around_default,20260820
LTFRB_PUJ2117,883,C,5000,0.0,0.0,0.0,880,809,979,48.57,57.28,9.6,SCENARIO-DEPENDENT,around_default,20260820
LTFRB_PUJ1623,884,C,5000,0.0,0.0,0.0,887,824,944,47.89,57.92,15.6,SCENARIO-DEPENDENT,around_default,20260820
LTFRB_PUJ1254,885,C,5000,0.0,0.0,0.0,883,681,1017,46.16,59.66,0.0,SCENARIO-DEPENDENT,around_default,20260820
LTFRB_PUJ1323,886,C,5000,0.0,0.0,0.0,886,852,930,48.03,57.73,20.64,SCENARIO-DEPENDENT,around_default,20260820
LTFRB_PUJ2458,887,C,5000,0.0,0.0,0.0,892,705,1110,50.13,55.59,0.0,SCENARIO-DEPENDENT,around_default,20260820
LTFRB_PUJ2064,888,C,5000,0.0,0.0,0.0,889,710,1005,46.41,59.29,0.0,SCENARIO-DEPENDENT,around_default,20260820
LTFRB_PUJ1598,889,C,5000,0.0,0.0,0.0,899,649,1171,51.09,54.5,0.0,SCENARIO-DEPENDENT,around_default,20260820
LTFRB_PUJ1599,890,C,5000,0.0,0.0,0.0,900,650,1172,51.09,54.5,0.0,SCENARIO-DEPENDENT,around_default,20260820
LTFRB_PUJ1297,891,C,5000,0.0,0.0,0.0,893,715,1009,46.37,59.26,0.0,SCENARIO-DEPENDENT,around_default,20260820
LTFRB_PUJ1124,892,C,5000,0.0,0.0,0.0,891,689,1026,46.06,59.6,0.0,SCENARIO-DEPENDENT,around_default,20260820
LTFRB_PUJ2209,893,C,5000,0.0,0.0,0.0,892,697,1023,46.08,59.58,0.0,SCENARIO-DEPENDENT,around_default,20260820
LTFRB_PUJ1978,894,C,5000,0.0,0.0,0.0,898,872,932,47.82,57.74,22.8,LOW-PRIORITY ROBUST,around_default,20260820
LTFRB_PUJ1100,895,C,5000,0.0,0.0,0.0,897,773,1050,48.93,56.55,0.0,SCENARIO-DEPENDENT,around_default,20260820
LTFRB_PUJ1376,896,C,5000,0.0,0.0,0.0,902,794,975,46.86,58.6,8.28,SCENARIO-DEPENDENT,around_default,20260820
LTFRB_PUJ1377,897,C,5000,0.0,0.0,0.0,903,795,976,46.86,58.6,8.28,SCENARIO-DEPENDENT,around_default,20260820
LTFRB_PUJ2498,898,C,5000,0.0,0.0,0.0,901,830,989,48.31,57.19,10.92,SCENARIO-DEPENDENT,around_default,20260820
LTFRB_PUJ1919,899,C,5000,0.0,0.0,0.0,903,874,923,47.32,58.16,24.12,LOW-PRIORITY ROBUST,around_default,20260820
LTFRB_PUJ1441,900,C,5000,0.0,0.0,0.0,901,815,1014,48.53,56.92,6.12,SCENARIO-DEPENDENT,around_default,20260820
LTFRB_PUJ2610,901,C,5000,0.0,0.0,0.0,901,804,967,46.75,58.7,10.44,SCENARIO-DEPENDENT,around_default,20260820
LTFRB_PUJ1213,902,C,5000,0.0,0.0,0.0,905,826,1003,48.35,57.07,8.76,SCENARIO-DEPENDENT,around_default,20260820
LTFRB_PUJ2260,903,C,5000,0.0,0.0,0.0,906,888,924,47.57,57.87,25.68,LOW-PRIORITY ROBUST,around_default,20260820
LTFRB_PUJ2081,904,C,5000,0.0,0.0,0.0,904,780,1052,48.87,56.52,0.0,SCENARIO-DEPENDENT,around_default,20260820
LTFRB_PUJ2051,905,C,5000,0.0,0.0,0.0,902,700,1039,45.92,59.52,0.0,SCENARIO-DEPENDENT,around_default,20260820
LTFRB_PUJ2052,906,C,5000,0.0,0.0,0.0,903,701,1040,45.92,59.52,0.0,SCENARIO-DEPENDENT,around_default,20260820
LTFRB_PUJ1104,907,C,5000,0.0,0.0,0.0,906,704,1043,45.89,59.5,0.0,SCENARIO-DEPENDENT,around_default,20260820
LTFRB_PUJ2040,908,C,5000,0.0,0.0,0.0,910,773,995,46.57,58.75,3.36,SCENARIO-DEPENDENT,around_default,20260820
LTFRB_PUJ2609,909,C,5000,0.0,0.0,0.0,906,810,972,46.7,58.66,10.56,SCENARIO-DEPENDENT,around_default,20260820
LTFRB_PUJ1780,910,C,5000,0.0,0.0,0.0,909,742,1013,46.2,59.19,0.0,SCENARIO-DEPENDENT,around_default,20260820
LTFRB_PUJ2469,911,C,5000,0.0,0.0,0.0,910,707,1046,45.86,59.48,0.0,SCENARIO-DEPENDENT,around_default,20260820
LTFRB_PUJ2316,912,C,5000,0.0,0.0,0.0,913,846,958,46.88,58.38,16.56,SCENARIO-DEPENDENT,around_default,20260820
LTFRB_PUJ2459,913,C,5000,0.0,0.0,0.0,922,727,1124,49.77,55.36,0.0,SCENARIO-DEPENDENT,around_default,20260820
LTFRB_PUJ1339,914,C,5000,0.0,0.0,0.0,918,737,1031,46.08,59.05,0.0,SCENARIO-DEPENDENT,around_default,20260820
LTFRB_PUJ2303,915,C,5000,0.0,0.0,0.0,927,609,1217,51.63,53.4,0.0,SCENARIO-DEPENDENT,around_default,20260820
LTFRB_PUJ2315,916,C,5000,0.0,0.0,0.0,919,810,994,46.47,58.65,7.92,SCENARIO-DEPENDENT,around_default,20260820
LTFRB_PUJ1095,917,C,5000,0.0,0.0,0.0,918,634,1197,50.71,54.34,0.0,SCENARIO-DEPENDENT,around_default,20260820
LTFRB_PUJ1096,918,C,5000,0.0,0.0,0.0,919,635,1198,50.71,54.34,0.0,SCENARIO-DEPENDENT,around_default,20260820
LTFRB_PUJ1529,919,C,5000,0.0,0.0,0.0,923,853,975,46.89,58.18,15.36,SCENARIO-DEPENDENT,around_default,20260820
LTFRB_PUJ1712,920,C,5000,0.0,0.0,0.0,922,816,986,46.6,58.55,9.6,SCENARIO-DEPENDENT,around_default,20260820
LTFRB_PUJ1713,921,C,5000,0.0,0.0,0.0,924,777,1013,46.22,58.92,1.68,SCENARIO-DEPENDENT,around_default,20260820
LTFRB_PUJ2153,922,C,5000,0.0,0.0,0.0,922,895,961,47.53,57.53,22.08,SCENARIO-DEPENDENT,around_default,20260820
LTFRB_PUJ1296,923,C,5000,0.0,0.0,0.0,925,743,1039,45.98,58.99,0.0,SCENARIO-DEPENDENT,around_default,20260820
LTFRB_PUJ1697,924,C,5000,0.0,0.0,0.0,926,816,1050,48.45,56.5,1.92,SCENARIO-DEPENDENT,around_default,20260820
LTFRB_PUJ1419,925,C,5000,0.0,0.0,0.0,928,789,1015,46.32,58.64,2.88,SCENARIO-DEPENDENT,around_default,20260820
LTFRB_PUJ1528,926,C,5000,0.0,0.0,0.0,929,876,971,46.98,57.95,18.6,SCENARIO-DEPENDENT,around_default,20260820
LTFRB_PUJ1622,927,C,5000,0.0,0.0,0.0,929,866,995,47.54,57.45,14.52,SCENARIO-DEPENDENT,around_default,20260820
LTFRB_PUJ2551,928,C,5000,0.0,0.0,0.0,929,873,992,47.82,57.14,15.72,SCENARIO-DEPENDENT,around_default,20260820
LTFRB_PUJ1951,929,C,5000,0.0,0.0,0.0,928,828,998,46.45,58.5,9.6,SCENARIO-DEPENDENT,around_default,20260820
LTFRB_PUJ2382,930,C,5000,0.0,0.0,0.0,929,850,984,46.6,58.34,13.92,SCENARIO-DEPENDENT,around_default,20260820
LTFRB_PUJ2468,931,C,5000,0.0,0.0,0.0,928,724,1063,45.64,59.31,0.0,SCENARIO-DEPENDENT,around_default,20260820
LTFRB_PUJ1409,932,C,5000,0.0,0.0,0.0,931,749,1045,45.92,58.95,0.0,SCENARIO-DEPENDENT,around_default,20260820
LTFRB_PUJ1116,933,C,5000,0.0,0.0,0.0,934,822,1055,48.37,56.44,2.04,SCENARIO-DEPENDENT,around_default,20260820
LTFRB_PUJ1440,934,C,5000,0.0,0.0,0.0,932,829,1046,48.35,56.52,3.96,SCENARIO-DEPENDENT,around_default,20260820
LTFRB_PUJ1344,935,C,5000,0.0,0.0,0.0,940,860,1021,48.07,56.72,10.68,SCENARIO-DEPENDENT,around_default,20260820
LTFRB_PUJ1456,936,C,5000,0.0,0.0,0.0,937,917,956,47.34,57.47,25.32,LOW-PRIORITY ROBUST,around_default,20260820
LTFRB_PUJ1924,937,C,5000,0.0,0.0,0.0,937,838,1000,46.38,58.44,10.56,SCENARIO-DEPENDENT,around_default,20260820
LTFRB_PUJ1925,938,C,5000,0.0,0.0,0.0,938,839,1001,46.38,58.44,10.56,SCENARIO-DEPENDENT,around_default,20260820
LTFRB_PUJ1457,939,C,5000,0.0,0.0,0.0,939,919,958,47.33,57.46,25.32,LOW-PRIORITY ROBUST,around_default,20260820
LTFRB_PUJ1122,940,C,5000,0.0,0.0,0.0,940,797,1027,46.03,58.73,2.4,SCENARIO-DEPENDENT,around_default,20260820
LTFRB_PUJ2071,941,C,5000,0.0,0.0,0.0,939,775,1096,48.88,55.87,0.0,SCENARIO-DEPENDENT,around_default,20260820
LTFRB_PUJ2072,942,C,5000,0.0,0.0,0.0,940,776,1097,48.88,55.87,0.0,SCENARIO-DEPENDENT,around_default,20260820
LTFRB_PUJ2507,943,C,5000,0.0,0.0,0.0,943,736,1074,45.51,59.22,0.0,SCENARIO-DEPENDENT,around_default,20260820
LTFRB_PUJ2362,944,C,5000,0.0,0.0,0.0,948,806,1037,45.93,58.68,2.28,SCENARIO-DEPENDENT,around_default,20260820
LTFRB_PUJ2506,945,C,5000,0.0,0.0,0.0,948,741,1079,45.44,59.19,0.0,SCENARIO-DEPENDENT,around_default,20260820
LTFRB_PUJ2214,946,C,5000,0.0,0.0,0.0,947,928,970,47.05,57.55,24.96,LOW-PRIORITY ROBUST,around_default,20260820
LTFRB_PUJ1696,947,C,5000,0.0,0.0,0.0,950,839,1065,48.17,56.31,2.88,SCENARIO-DEPENDENT,around_default,20260820
LTFRB_PUJ2116,948,C,5000,0.0,0.0,0.0,952,628,1229,50.73,53.78,0.0,SCENARIO-DEPENDENT,around_default,20260820
LTFRB_PUJ1162,949,C,5000,0.0,0.0,0.0,952,773,1070,45.68,58.77,0.0,SCENARIO-DEPENDENT,around_default,20260820
LTFRB_PUJ1173,950,C,5000,0.0,0.0,0.0,951,770,1068,45.68,58.78,0.0,SCENARIO-DEPENDENT,around_default,20260820
LTFRB_PUJ2432,951,C,5000,0.0,0.0,0.0,956,884,1000,46.6,57.91,16.08,SCENARIO-DEPENDENT,around_default,20260820
LTFRB_PUJ1865,952,C,5000,0.0,0.0,0.0,957,865,1012,46.23,58.24,12.36,SCENARIO-DEPENDENT,around_default,20260820
LTFRB_PUJ1943,953,C,5000,0.0,0.0,0.0,958,752,1142,49.31,55.1,0.0,SCENARIO-DEPENDENT,around_default,20260820
LTFRB_PUJ1770,954,C,5000,0.0,0.0,0.0,960,832,1034,45.99,58.47,5.76,SCENARIO-DEPENDENT,around_default,20260820
LTFRB_PUJ2499,955,C,5000,0.0,0.0,0.0,956,836,1073,48.17,56.22,1.56,SCENARIO-DEPENDENT,around_default,20260820
LTFRB_PUJ1408,956,C,5000,0.0,0.0,0.0,958,777,1075,45.61,58.73,0.0,SCENARIO-DEPENDENT,around_default,20260820
LTFRB_PUJ1926,957,C,5000,0.0,0.0,0.0,957,866,1022,46.22,58.12,11.28,SCENARIO-DEPENDENT,around_default,20260820
LTFRB_PUJ1097,958,C,5000,0.0,0.0,0.0,957,660,1214,50.26,54.05,0.0,SCENARIO-DEPENDENT,around_default,20260820
LTFRB_PUJ1003,959,C,5000,0.0,0.0,0.0,962,780,1078,45.58,58.7,0.0,SCENARIO-DEPENDENT,around_default,20260820
LTFRB_PUJ1004,960,C,5000,0.0,0.0,0.0,963,781,1079,45.58,58.7,0.0,SCENARIO-DEPENDENT,around_default,20260820
LTFRB_PUJ1899,961,C,5000,0.0,0.0,0.0,965,777,1080,45.41,58.89,0.0,SCENARIO-DEPENDENT,around_default,20260820
LTFRB_PUJ2104,962,C,5000,0.0,0.0,0.0,968,875,1024,46.08,58.16,12.12,SCENARIO-DEPENDENT,around_default,20260820
LTFRB_PUJ1498,963,C,5000,0.0,0.0,0.0,975,837,1085,48.27,55.89,0.24,SCENARIO-DEPENDENT,around_default,20260820
LTFRB_PUJ1499,964,C,5000,0.0,0.0,0.0,976,838,1086,48.27,55.89,0.24,SCENARIO-DEPENDENT,around_default,20260820
LTFRB_PUJ2074,965,C,5000,0.0,0.0,0.0,967,678,1206,50.05,54.1,0.0,SCENARIO-DEPENDENT,around_default,20260820
LTFRB_PUJ2180,966,C,5000,0.0,0.0,0.0,969,834,1057,45.8,58.34,3.24,SCENARIO-DEPENDENT,around_default,20260820
LTFRB_PUJ2497,967,C,5000,0.0,0.0,0.0,968,748,1157,48.96,55.22,0.0,SCENARIO-DEPENDENT,around_default,20260820
LTFRB_PUJ1587,968,C,5000,0.0,0.0,0.0,973,762,1101,45.17,59.02,0.0,SCENARIO-DEPENDENT,around_default,20260820
LTFRB_PUJ1727,969,C,5000,0.0,0.0,0.0,971,793,1085,45.48,58.62,0.0,SCENARIO-DEPENDENT,around_default,20260820
LTFRB_PUJ2073,970,C,5000,0.0,0.0,0.0,971,681,1208,50.02,54.08,0.0,SCENARIO-DEPENDENT,around_default,20260820
LTFRB_PUJ2552,971,C,5000,0.0,0.0,0.0,977,897,1044,47.64,56.45,12.36,SCENARIO-DEPENDENT,around_default,20260820
LTFRB_PUJ2565,972,C,5000,0.0,0.0,0.0,975,827,1061,45.65,58.54,1.92,SCENARIO-DEPENDENT,around_default,20260820
LTFRB_PUJ1013,973,C,5000,0.0,0.0,0.0,974,662,1220,50.19,53.86,0.0,SCENARIO-DEPENDENT,around_default,20260820
LTFRB_PUJ2428,974,C,5000,0.0,0.0,0.0,974,893,1020,46.12,58.02,14.76,SCENARIO-DEPENDENT,around_default,20260820
LTFRB_PUJ1019,975,C,5000,0.0,0.0,0.0,985,720,1189,49.89,54.12,0.0,SCENARIO-DEPENDENT,around_default,20260820
LTFRB_PUJ1159,976,C,5000,0.0,0.0,0.0,976,794,1088,45.41,58.6,0.0,SCENARIO-DEPENDENT,around_default,20260820
LTFRB_PUJ2179,977,C,5000,0.0,0.0,0.0,975,840,1062,45.72,58.3,3.36,SCENARIO-DEPENDENT,around_default,20260820
LTFRB_PUJ1386,978,C,5000,0.0,0.0,0.0,977,882,1039,46.01,57.98,11.16,SCENARIO-DEPENDENT,around_default,20260820
LTFRB_PUJ1555,979,C,5000,0.0,0.0,0.0,981,887,1037,45.94,58.07,12.0,SCENARIO-DEPENDENT,around_default,20260820
LTFRB_PUJ2304,980,C,5000,0.0,0.0,0.0,988,650,1237,50.95,52.95,0.0,SCENARIO-DEPENDENT,around_default,20260820
LTFRB_PUJ1134,981,C,5000,0.0,0.0,0.0,981,890,1034,46.08,57.92,12.72,SCENARIO-DEPENDENT,around_default,20260820
LTFRB_PUJ1135,982,C,5000,0.0,0.0,0.0,982,891,1035,46.08,57.92,12.72,SCENARIO-DEPENDENT,around_default,20260820
LTFRB_PUJ1163,983,C,5000,0.0,0.0,0.0,981,800,1092,45.36,58.57,0.0,SCENARIO-DEPENDENT,around_default,20260820
LTFRB_PUJ2039,984,C,5000,0.0,0.0,0.0,981,854,1064,45.72,58.18,4.8,SCENARIO-DEPENDENT,around_default,20260820
LTFRB_PUJ2157,985,C,5000,0.0,0.0,0.0,974,945,1009,46.9,57.07,22.32,SCENARIO-DEPENDENT,around_default,20260820
LTFRB_PUJ1172,986,C,5000,0.0,0.0,0.0,984,803,1095,45.32,58.54,0.0,SCENARIO-DEPENDENT,around_default,20260820
LTFRB_PUJ1613,987,C,5000,0.0,0.0,0.0,979,949,1013,46.86,57.05,22.32,SCENARIO-DEPENDENT,around_default,20260820
LTFRB_PUJ2579,988,C,5000,0.0,0.0,0.0,985,848,1102,47.77,56.11,0.0,SCENARIO-DEPENDENT,around_default,20260820
LTFRB_PUJ1626,989,C,5000,0.0,0.0,0.0,988,673,1223,50.37,53.43,0.0,SCENARIO-DEPENDENT,around_default,20260820
LTFRB_PUJ1627,990,C,5000,0.0,0.0,0.0,989,674,1224,50.37,53.43,0.0,SCENARIO-DEPENDENT,around_default,20260820
LTFRB_PUJ2239,991,C,5000,0.0,0.0,0.0,988,898,1043,45.89,58.0,12.6,SCENARIO-DEPENDENT,around_default,20260820
LTFRB_PUJ1387,992,C,5000,0.0,0.0,0.0,990,893,1050,45.88,57.9,11.16,SCENARIO-DEPENDENT,around_default,20260820
LTFRB_PUJ1618,993,C,5000,0.0,0.0,0.0,991,882,1082,47.68,56.12,6.0,SCENARIO-DEPENDENT,around_default,20260820
LTFRB_PUJ1726,994,C,5000,0.0,0.0,0.0,991,812,1100,45.27,58.48,0.0,SCENARIO-DEPENDENT,around_default,20260820
LTFRB_PUJ1290,995,C,5000,0.0,0.0,0.0,993,812,1102,45.23,58.49,0.0,SCENARIO-DEPENDENT,around_default,20260820
LTFRB_PUJ1291,996,C,5000,0.0,0.0,0.0,994,813,1103,45.23,58.49,0.0,SCENARIO-DEPENDENT,around_default,20260820
LTFRB_PUJ1257,997,C,5000,0.0,0.0,0.0,996,815,1104,45.22,58.48,0.0,SCENARIO-DEPENDENT,around_default,20260820
LTFRB_PUJ1842,998,C,5000,0.0,0.0,0.0,998,816,1107,45.21,58.47,0.0,SCENARIO-DEPENDENT,around_default,20260820
LTFRB_PUJ2115,999,C,5000,0.0,0.0,0.0,994,655,1240,50.26,53.44,0.0,SCENARIO-DEPENDENT,around_default,20260820
LTFRB_PUJ2174,1000,C,5000,0.0,0.0,0.0,997,835,1108,45.44,58.16,0.0,SCENARIO-DEPENDENT,around_default,20260820
LTFRB_PUJ1051,1001,C,5000,0.0,0.0,0.0,998,684,1223,49.99,53.62,0.0,SCENARIO-DEPENDENT,around_default,20260820
LTFRB_PUJ1121,1002,C,5000,0.0,0.0,0.0,998,858,1085,45.36,58.32,2.76,SCENARIO-DEPENDENT,around_default,20260820
LTFRB_PUJ2151,1003,C,5000,0.0,0.0,0.0,1003,687,1226,49.95,53.59,0.0,SCENARIO-DEPENDENT,around_default,20260820
LTFRB_PUJ1822,1004,C,5000,0.0,0.0,0.0,997,931,1044,46.16,57.42,16.44,SCENARIO-DEPENDENT,around_default,20260820
LTFRB_PUJ2390,1005,C,5000,0.0,0.0,0.0,1004,822,1115,45.1,58.42,0.0,SCENARIO-DEPENDENT,around_default,20260820
LTFRB_PUJ1415,1006,C,5000,0.0,0.0,0.0,1002,907,1060,45.66,57.91,11.64,SCENARIO-DEPENDENT,around_default,20260820
LTFRB_PUJ1950,1007,C,5000,0.0,0.0,0.0,1003,902,1065,45.59,57.97,10.44,SCENARIO-DEPENDENT,around_default,20260820
LTFRB_PUJ1898,1008,C,5000,0.0,0.0,0.0,1001,817,1120,44.95,58.61,0.0,SCENARIO-DEPENDENT,around_default,20260820
LTFRB_PUJ2043,1009,C,5000,0.0,0.0,0.0,997,967,1027,46.34,57.17,22.8,LOW-PRIORITY ROBUST,around_default,20260820
LTFRB_PUJ2317,1010,C,5000,0.0,0.0,0.0,997,925,1065,46.8,56.71,13.2,SCENARIO-DEPENDENT,around_default,20260820
LTFRB_PUJ1256,1011,C,5000,0.0,0.0,0.0,1007,826,1120,45.05,58.39,0.0,SCENARIO-DEPENDENT,around_default,20260820
LTFRB_PUJ2286,1012,C,5000,0.0,0.0,0.0,1010,829,1123,45.03,58.37,0.0,SCENARIO-DEPENDENT,around_default,20260820
LTFRB_PUJ2287,1013,C,5000,0.0,0.0,0.0,1009,808,1132,44.82,58.62,0.0,SCENARIO-DEPENDENT,around_default,20260820
LTFRB_PUJ1322,1014,C,5000,0.0,0.0,0.0,1006,959,1041,46.74,56.68,20.16,SCENARIO-DEPENDENT,around_default,20260820
LTFRB_PUJ2138,1015,C,5000,0.0,0.0,0.0,1012,833,1125,45.0,58.36,0.0,SCENARIO-DEPENDENT,around_default,20260820
LTFRB_PUJ1800,1016,C,5000,0.0,0.0,0.0,1009,917,1065,45.61,57.82,12.24,SCENARIO-DEPENDENT,around_default,20260820
LTFRB_PUJ2280,1017,C,5000,0.0,0.0,0.0,1010,965,1044,46.69,56.67,20.52,SCENARIO-DEPENDENT,around_default,20260820
LTFRB_PUJ2250,1018,C,5000,0.0,0.0,0.0,1008,945,1065,46.53,56.81,15.6,SCENARIO-DEPENDENT,around_default,20260820
LTFRB_PUJ2318,1019,C,5000,0.0,0.0,0.0,1006,944,1064,46.54,56.82,15.6,SCENARIO-DEPENDENT,around_default,20260820
LTFRB_PUJ2588,1020,C,5000,0.0,0.0,0.0,1011,945,1056,46.03,57.28,16.68,SCENARIO-DEPENDENT,around_default,20260820
LTFRB_PUJ1524,1021,C,5000,0.0,0.0,0.0,1017,909,1091,47.32,55.99,8.16,SCENARIO-DEPENDENT,around_default,20260820
LTFRB_PUJ2185,1022,C,5000,0.0,0.0,0.0,1018,840,1129,44.93,58.31,0.0,SCENARIO-DEPENDENT,around_default,20260820
LTFRB_PUJ2444,1023,C,5000,0.0,0.0,0.0,1014,947,1060,46.0,57.27,16.44,SCENARIO-DEPENDENT,around_default,20260820
LTFRB_PUJ1212,1024,C,5000,0.0,0.0,0.0,1022,912,1095,47.29,55.94,8.04,SCENARIO-DEPENDENT,around_default,20260820
LTFRB_PUJ1243,1025,C,5000,0.0,0.0,0.0,1017,888,1099,45.19,58.09,4.68,SCENARIO-DEPENDENT,around_default,20260820
LTFRB_PUJ1007,1026,C,5000,0.0,0.0,0.0,1021,874,1115,45.02,58.2,1.08,SCENARIO-DEPENDENT,around_default,20260820
LTFRB_PUJ2027,1027,C,5000,0.0,0.0,0.0,1024,924,1091,47.32,55.84,9.96,SCENARIO-DEPENDENT,around_default,20260820
LTFRB_PUJ2389,1028,C,5000,0.0,0.0,0.0,1026,858,1131,44.91,58.16,0.0,SCENARIO-DEPENDENT,around_default,20260820
LTFRB_PUJ2013,1029,C,5000,0.0,0.0,0.0,1026,911,1092,45.25,57.89,8.28,SCENARIO-DEPENDENT,around_default,20260820
LTFRB_PUJ1248,1030,C,5000,0.0,0.0,0.0,1027,944,1068,45.58,57.54,15.12,SCENARIO-DEPENDENT,around_default,20260820
LTFRB_PUJ1934,1031,C,5000,0.0,0.0,0.0,1011,904,1130,46.04,56.99,2.88,SCENARIO-DEPENDENT,around_default,20260820
LTFRB_PUJ1888,1032,C,5000,0.0,0.0,0.0,1031,948,1073,45.48,57.5,15.0,SCENARIO-DEPENDENT,around_default,20260820
LTFRB_PUJ2401,1033,C,5000,0.0,0.0,0.0,1028,957,1074,45.79,57.19,15.96,SCENARIO-DEPENDENT,around_default,20260820
LTFRB_PUJ2526,1034,C,5000,0.0,0.0,0.0,1039,759,1209,49.3,53.59,0.0,SCENARIO-DEPENDENT,around_default,20260820
LTFRB_PUJ1336,1035,C,5000,0.0,0.0,0.0,1036,861,1145,44.7,58.14,0.0,SCENARIO-DEPENDENT,around_default,20260820
LTFRB_PUJ2152,1036,C,5000,0.0,0.0,0.0,1038,713,1235,49.54,53.32,0.0,SCENARIO-DEPENDENT,around_default,20260820
LTFRB_PUJ2395,1037,C,5000,0.0,0.0,0.0,1035,965,1072,46.74,56.16,17.16,SCENARIO-DEPENDENT,around_default,20260820
LTFRB_PUJ2396,1038,C,5000,0.0,0.0,0.0,1036,966,1073,46.74,56.16,17.16,SCENARIO-DEPENDENT,around_default,20260820
LTFRB_PUJ2566,1039,C,5000,0.0,0.0,0.0,1034,826,1162,44.41,58.56,0.0,SCENARIO-DEPENDENT,around_default,20260820
LTFRB_PUJ1276,1040,C,5000,0.0,0.0,0.0,1038,861,1146,44.67,58.15,0.0,SCENARIO-DEPENDENT,around_default,20260820
LTFRB_PUJ1277,1041,C,5000,0.0,0.0,0.0,1038,862,1147,44.67,58.15,0.0,SCENARIO-DEPENDENT,around_default,20260820
LTFRB_PUJ1358,1042,C,5000,0.0,0.0,0.0,1039,916,1113,45.11,57.71,6.36,SCENARIO-DEPENDENT,around_default,20260820
LTFRB_PUJ2186,1043,C,5000,0.0,0.0,0.0,1042,865,1151,44.63,58.12,0.0,SCENARIO-DEPENDENT,around_default,20260820
LTFRB_PUJ1568,1044,C,5000,0.0,0.0,0.0,1040,936,1096,45.23,57.62,10.8,SCENARIO-DEPENDENT,around_default,20260820
LTFRB_PUJ1841,1045,C,5000,0.0,0.0,0.0,1045,870,1155,44.59,58.09,0.0,SCENARIO-DEPENDENT,around_default,20260820
LTFRB_PUJ2516,1046,C,5000,0.0,0.0,0.0,1046,837,1173,44.27,58.47,0.0,SCENARIO-DEPENDENT,around_default,20260820
LTFRB_PUJ1768,1047,C,5000,0.0,0.0,0.0,1046,951,1100,45.33,57.35,12.12,SCENARIO-DEPENDENT,around_default,20260820
LTFRB_PUJ1769,1048,C,5000,0.0,0.0,0.0,1047,952,1101,45.33,57.35,12.12,SCENARIO-DEPENDENT,around_default,20260820
LTFRB_PUJ1326,1049,C,5000,0.0,0.0,0.0,1047,981,1084,46.57,56.06,17.64,SCENARIO-DEPENDENT,around_default,20260820
LTFRB_PUJ2517,1050,C,5000,0.0,0.0,0.0,1050,841,1177,44.23,58.44,0.0,SCENARIO-DEPENDENT,around_default,20260820
LTFRB_PUJ2484,1051,C,5000,0.0,0.0,0.0,1056,527,1332,48.55,53.84,0.0,SCENARIO-DEPENDENT,around_default,20260820
LTFRB_PUJ2057,1052,C,5000,0.0,0.0,0.0,1052,877,1160,44.5,58.03,0.0,SCENARIO-DEPENDENT,around_default,20260820
LTFRB_PUJ1099,1053,C,5000,0.0,0.0,0.0,1054,880,1162,47.59,54.9,0.0,SCENARIO-DEPENDENT,around_default,20260820
LTFRB_PUJ1554,1054,C,5000,0.0,0.0,0.0,1053,947,1113,45.04,57.53,10.08,SCENARIO-DEPENDENT,around_default,20260820
LTFRB_PUJ1826,1055,C,5000,0.0,0.0,0.0,1055,917,1141,44.75,57.72,3.12,SCENARIO-DEPENDENT,around_default,20260820
LTFRB_PUJ1952,1056,C,5000,0.0,0.0,0.0,1057,860,1176,44.24,58.26,0.0,SCENARIO-DEPENDENT,around_default,20260820
LTFRB_PUJ1020,1057,C,5000,0.0,0.0,0.0,1065,806,1205,48.65,53.71,0.0,SCENARIO-DEPENDENT,around_default,20260820
LTFRB_PUJ1337,1058,C,5000,0.0,0.0,0.0,1059,887,1168,44.41,57.94,0.0,SCENARIO-DEPENDENT,around_default,20260820
LTFRB_PUJ2058,1059,C,5000,0.0,0.0,0.0,1061,887,1170,44.39,57.95,0.0,SCENARIO-DEPENDENT,around_default,20260820
LTFRB_PUJ1252,1060,C,5000,0.0,0.0,0.0,1054,1015,1078,45.63,56.78,22.44,SCENARIO-DEPENDENT,around_default,20260820
LTFRB_PUJ1797,1061,C,5000,0.0,0.0,0.0,1060,878,1172,44.28,58.15,0.0,SCENARIO-DEPENDENT,around_default,20260820
LTFRB_PUJ2561,1062,C,5000,0.0,0.0,0.0,1058,934,1141,47.1,55.22,5.16,SCENARIO-DEPENDENT,around_default,20260820
LTFRB_PUJ2562,1063,C,5000,0.0,0.0,0.0,1060,936,1143,47.09,55.21,5.16,SCENARIO-DEPENDENT,around_default,20260820
LTFRB_PUJ1012,1064,C,5000,0.0,0.0,0.0,1061,923,1148,44.68,57.67,3.0,SCENARIO-DEPENDENT,around_default,20260820
LTFRB_PUJ1942,1065,C,5000,0.0,0.0,0.0,1065,854,1181,48.03,54.29,0.0,SCENARIO-DEPENDENT,around_default,20260820
LTFRB_PUJ1142,1066,C,5000,0.0,0.0,0.0,1058,948,1140,45.13,57.11,6.96,SCENARIO-DEPENDENT,around_default,20260820
LTFRB_PUJ1143,1067,C,5000,0.0,0.0,0.0,1059,949,1141,45.13,57.11,6.96,SCENARIO-DEPENDENT,around_default,20260820
LTFRB_PUJ2249,1068,C,5000,0.0,0.0,0.0,1064,970,1114,46.61,55.65,12.72,SCENARIO-DEPENDENT,around_default,20260820
LTFRB_PUJ2336,1069,C,5000,0.0,0.0,0.0,1065,990,1100,45.17,57.12,16.8,SCENARIO-DEPENDENT,around_default,20260820
LTFRB_PUJ2326,1070,C,5000,0.0,0.0,0.0,1065,961,1120,46.69,55.55,10.92,SCENARIO-DEPENDENT,around_default,20260820
LTFRB_PUJ2433,1071,C,5000,0.0,0.0,0.0,1060,991,1106,45.45,56.81,16.2,SCENARIO-DEPENDENT,around_default,20260820
LTFRB_PUJ2060,1072,C,5000,0.0,0.0,0.0,1056,1028,1086,45.73,56.5,23.04,LOW-PRIORITY ROBUST,around_default,20260820
LTFRB_PUJ2325,1073,C,5000,0.0,0.0,0.0,1068,964,1122,46.67,55.54,11.04,SCENARIO-DEPENDENT,around_default,20260820
LTFRB_PUJ1253,1074,C,5000,0.0,0.0,0.0,1060,1031,1089,45.7,56.48,23.04,LOW-PRIORITY ROBUST,around_default,20260820
LTFRB_PUJ1980,1075,C,5000,0.0,0.0,0.0,1068,989,1111,45.14,56.98,15.36,SCENARIO-DEPENDENT,around_default,20260820
LTFRB_PUJ1390,1076,C,5000,0.0,0.0,0.0,1074,901,1185,44.23,57.84,0.0,SCENARIO-DEPENDENT,around_default,20260820
LTFRB_PUJ2335,1077,C,5000,0.0,0.0,0.0,1074,998,1109,45.08,57.07,16.68,SCENARIO-DEPENDENT,around_default,20260820
LTFRB_PUJ2137,1078,C,5000,0.0,0.0,0.0,1076,933,1162,44.48,57.54,2.52,SCENARIO-DEPENDENT,around_default,20260820
LTFRB_PUJ1953,1079,C,5000,0.0,0.0,0.0,1079,885,1197,43.97,58.09,0.0,SCENARIO-DEPENDENT,around_default,20260820
LTFRB_PUJ2278,1080,C,5000,0.0,0.0,0.0,1078,883,1196,43.97,58.09,0.0,SCENARIO-DEPENDENT,around_default,20260820
LTFRB_PUJ1724,1081,C,5000,0.0,0.0,0.0,1081,977,1124,46.62,55.37,12.36,SCENARIO-DEPENDENT,around_default,20260820
LTFRB_PUJ1199,1082,C,5000,0.0,0.0,0.0,1080,934,1164,44.37,57.67,2.4,SCENARIO-DEPENDENT,around_default,20260820
LTFRB_PUJ2175,1083,C,5000,0.0,0.0,0.0,1076,965,1155,44.95,57.0,7.2,SCENARIO-DEPENDENT,around_default,20260820
LTFRB_PUJ2059,1084,C,5000,0.0,0.0,0.0,1074,1001,1120,45.24,56.75,15.72,SCENARIO-DEPENDENT,around_default,20260820
LTFRB_PUJ1509,1085,C,5000,0.0,0.0,0.0,1081,983,1133,44.87,57.02,12.0,SCENARIO-DEPENDENT,around_default,20260820
LTFRB_PUJ2012,1086,C,5000,0.0,0.0,0.0,1072,1028,1100,45.97,55.99,21.36,SCENARIO-DEPENDENT,around_default,20260820
LTFRB_PUJ1725,1087,C,5000,0.0,0.0,0.0,1086,985,1126,46.53,55.36,13.08,SCENARIO-DEPENDENT,around_default,20260820
LTFRB_PUJ1981,1088,C,5000,0.0,0.0,0.0,1082,1000,1124,45.0,56.88,15.12,SCENARIO-DEPENDENT,around_default,20260820
LTFRB_PUJ2441,1089,C,5000,0.0,0.0,0.0,1085,910,1195,44.09,57.75,0.0,SCENARIO-DEPENDENT,around_default,20260820
LTFRB_PUJ2215,1090,C,5000,0.0,0.0,0.0,1084,982,1131,46.44,55.41,12.12,SCENARIO-DEPENDENT,around_default,20260820
LTFRB_PUJ2448,1091,C,5000,0.0,0.0,0.0,1089,912,1196,44.06,57.73,0.0,SCENARIO-DEPENDENT,around_default,20260820
LTFRB_PUJ1670,1092,C,5000,0.0,0.0,0.0,1091,991,1129,46.46,55.32,13.44,SCENARIO-DEPENDENT,around_default,20260820
LTFRB_PUJ1935,1093,C,5000,0.0,0.0,0.0,1068,978,1169,45.7,56.05,7.08,SCENARIO-DEPENDENT,around_default,20260820
LTFRB_PUJ2406,1094,C,5000,0.0,0.0,0.0,1092,917,1200,44.02,57.71,0.0,SCENARIO-DEPENDENT,around_default,20260820
LTFRB_PUJ1391,1095,C,5000,0.0,0.0,0.0,1095,919,1202,43.98,57.69,0.0,SCENARIO-DEPENDENT,around_default,20260820
LTFRB_PUJ2176,1096,C,5000,0.0,0.0,0.0,1088,977,1168,44.77,56.89,7.08,SCENARIO-DEPENDENT,around_default,20260820
LTFRB_PUJ2327,1097,C,5000,0.0,0.0,0.0,1086,1037,1110,45.21,56.51,21.24,SCENARIO-DEPENDENT,around_default,20260820
LTFRB_PUJ1957,1098,C,5000,0.0,0.0,0.0,1089,1017,1122,45.98,55.66,17.4,SCENARIO-DEPENDENT,around_default,20260820
LTFRB_PUJ1011,1099,C,5000,0.0,0.0,0.0,1098,956,1179,44.26,57.26,3.24,SCENARIO-DEPENDENT,around_default,20260820
LTFRB_PUJ2387,1100,C,5000,0.0,0.0,0.0,1102,975,1172,44.34,57.11,6.36,SCENARIO-DEPENDENT,around_default,20260820
LTFRB_PUJ2285,1101,C,5000,0.0,0.0,0.0,1099,1046,1118,45.09,56.4,21.36,SCENARIO-DEPENDENT,around_default,20260820
LTFRB_PUJ1237,1102,C,5000,0.0,0.0,0.0,1090,1025,1135,45.46,56.0,16.8,SCENARIO-DEPENDENT,around_default,20260820
LTFRB_PUJ1569,1103,C,5000,0.0,0.0,0.0,1104,992,1161,44.42,57.12,9.72,SCENARIO-DEPENDENT,around_default,20260820
LTFRB_PUJ2440,1104,C,5000,0.0,0.0,0.0,1104,928,1213,43.81,57.58,0.0,SCENARIO-DEPENDENT,around_default,20260820
LTFRB_PUJ2076,1105,C,5000,0.0,0.0,0.0,1102,1027,1130,46.05,55.38,17.64,SCENARIO-DEPENDENT,around_default,20260820
LTFRB_PUJ2031,1106,C,5000,0.0,0.0,0.0,1110,991,1150,46.49,54.89,10.92,SCENARIO-DEPENDENT,around_default,20260820
LTFRB_PUJ2340,1107,C,5000,0.0,0.0,0.0,1106,977,1179,44.26,57.07,5.76,SCENARIO-DEPENDENT,around_default,20260820
LTFRB_PUJ1420,1108,C,5000,0.0,0.0,0.0,1090,1000,1185,45.44,55.87,7.8,SCENARIO-DEPENDENT,around_default,20260820
LTFRB_PUJ1821,1109,C,5000,0.0,0.0,0.0,1096,1013,1142,45.67,55.7,14.52,SCENARIO-DEPENDENT,around_default,20260820
LTFRB_PUJ1372,1110,C,5000,0.0,0.0,0.0,1108,969,1164,46.54,54.77,6.6,SCENARIO-DEPENDENT,around_default,20260820
LTFRB_PUJ1796,1111,C,5000,0.0,0.0,0.0,1108,994,1170,44.3,57.08,8.88,SCENARIO-DEPENDENT,around_default,20260820
LTFRB_PUJ2416,1112,C,5000,0.0,0.0,0.0,1112,957,1199,43.93,57.41,0.96,SCENARIO-DEPENDENT,around_default,20260820
LTFRB_PUJ1512,1113,C,5000,0.0,0.0,0.0,1112,991,1183,44.21,56.97,6.96,SCENARIO-DEPENDENT,around_default,20260820
LTFRB_PUJ1513,1114,C,5000,0.0,0.0,0.0,1113,992,1184,44.21,56.97,6.96,SCENARIO-DEPENDENT,around_default,20260820
LTFRB_PUJ2339,1115,C,5000,0.0,0.0,0.0,1113,990,1186,44.21,56.96,6.48,SCENARIO-DEPENDENT,around_default,20260820
LTFRB_PUJ1411,1116,C,5000,0.0,0.0,0.0,1114,937,1223,43.67,57.45,0.0,SCENARIO-DEPENDENT,around_default,20260820
LTFRB_PUJ1236,1117,C,5000,0.0,0.0,0.0,1106,1026,1150,45.51,55.61,15.12,SCENARIO-DEPENDENT,around_default,20260820
LTFRB_PUJ2193,1118,C,5000,0.0,0.0,0.0,1112,1019,1164,44.49,56.66,12.6,SCENARIO-DEPENDENT,around_default,20260820
LTFRB_PUJ1410,1119,C,5000,0.0,0.0,0.0,1119,942,1228,43.6,57.41,0.0,SCENARIO-DEPENDENT,around_default,20260820
LTFRB_PUJ2161,1120,C,5000,0.0,0.0,0.0,1120,989,1196,44.03,56.97,5.16,SCENARIO-DEPENDENT,around_default,20260820
LTFRB_PUJ1762,1121,C,5000,0.0,0.0,0.0,1118,944,1193,46.49,54.5,0.12,SCENARIO-DEPENDENT,around_default,20260820
LTFRB_PUJ1920,1122,C,5000,0.0,0.0,0.0,1117,1001,1187,44.13,56.91,7.68,SCENARIO-DEPENDENT,around_default,20260820
LTFRB_PUJ1600,1123,C,5000,0.0,0.0,0.0,1123,1012,1183,44.14,56.92,9.48,SCENARIO-DEPENDENT,around_default,20260820
LTFRB_PUJ1601,1124,C,5000,0.0,0.0,0.0,1124,1013,1184,44.14,56.92,9.48,SCENARIO-DEPENDENT,around_default,20260820
LTFRB_PUJ2386,1125,C,5000,0.0,0.0,0.0,1123,1023,1180,44.25,56.66,11.16,SCENARIO-DEPENDENT,around_default,20260820
LTFRB_PUJ1294,1126,C,5000,0.0,0.0,0.0,1124,946,1233,43.5,57.4,0.0,SCENARIO-DEPENDENT,around_default,20260820
LTFRB_PUJ1295,1127,C,5000,0.0,0.0,0.0,1125,947,1234,43.5,57.4,0.0,SCENARIO-DEPENDENT,around_default,20260820
LTFRB_PUJ2445,1128,C,5000,0.0,0.0,0.0,1124,984,1206,43.82,57.2,3.36,SCENARIO-DEPENDENT,around_default,20260820
LTFRB_PUJ1630,1129,C,5000,0.0,0.0,0.0,1129,845,1249,48.18,52.62,0.0,SCENARIO-DEPENDENT,around_default,20260820
LTFRB_PUJ1631,1130,C,5000,0.0,0.0,0.0,1130,846,1250,48.18,52.62,0.0,SCENARIO-DEPENDENT,around_default,20260820
LTFRB_PUJ1845,1131,C,5000,0.0,0.0,0.0,1127,920,1209,47.1,53.74,0.0,SCENARIO-DEPENDENT,around_default,20260820
LTFRB_PUJ1969,1132,C,5000,0.0,0.0,0.0,1129,994,1209,43.84,56.95,4.2,SCENARIO-DEPENDENT,around_default,20260820
LTFRB_PUJ1006,1133,C,5000,0.0,0.0,0.0,1124,1063,1147,44.64,56.19,19.92,SCENARIO-DEPENDENT,around_default,20260820
LTFRB_PUJ2004,1134,C,5000,0.0,0.0,0.0,1129,934,1206,46.6,54.18,0.0,SCENARIO-DEPENDENT,around_default,20260820
LTFRB_PUJ2449,1135,C,5000,0.0,0.0,0.0,1131,997,1212,43.81,56.93,4.2,SCENARIO-DEPENDENT,around_default,20260820
LTFRB_PUJ1412,1136,C,5000,0.0,0.0,0.0,1119,1049,1159,45.22,55.52,16.8,SCENARIO-DEPENDENT,around_default,20260820
LTFRB_PUJ2213,1137,C,5000,0.0,0.0,0.0,1119,1081,1142,45.09,55.64,22.68,SCENARIO-DEPENDENT,around_default,20260820
LTFRB_PUJ1106,1138,C,5000,0.0,0.0,0.0,1133,972,1237,43.66,56.97,0.0,SCENARIO-DEPENDENT,around_default,20260820
LTFRB_PUJ2414,1139,C,5000,0.0,0.0,0.0,1136,1012,1208,43.83,56.78,6.48,SCENARIO-DEPENDENT,around_default,20260820
LTFRB_PUJ1373,1140,C,5000,0.0,0.0,0.0,1137,1003,1178,46.1,54.49,9.0,SCENARIO-DEPENDENT,around_default,20260820
LTFRB_PUJ1923,1141,C,5000,0.0,0.0,0.0,1136,1075,1161,44.57,55.98,19.68,SCENARIO-DEPENDENT,around_default,20260820
LTFRB_PUJ1775,1142,C,5000,0.0,0.0,0.0,1128,1048,1168,45.25,55.25,15.6,SCENARIO-DEPENDENT,around_default,20260820
LTFRB_PUJ1968,1143,C,5000,0.0,0.0,0.0,1143,1012,1227,43.58,56.78,4.2,SCENARIO-DEPENDENT,around_default,20260820
LTFRB_PUJ2298,1144,C,5000,0.0,0.0,0.0,1145,968,1254,43.13,57.15,0.0,SCENARIO-DEPENDENT,around_default,20260820
LTFRB_PUJ2299,1145,C,5000,0.0,0.0,0.0,1146,969,1255,43.13,57.15,0.0,SCENARIO-DEPENDENT,around_default,20260820
LTFRB_PUJ1393,1146,C,5000,0.0,0.0,0.0,1144,1066,1169,45.56,54.69,17.64,SCENARIO-DEPENDENT,around_default,20260820
LTFRB_PUJ1413,1147,C,5000,0.0,0.0,0.0,1138,1071,1174,44.49,55.8,17.64,SCENARIO-DEPENDENT,around_default,20260820
LTFRB_PUJ1766,1148,C,5000,0.0,0.0,0.0,1140,1074,1176,44.48,55.75,17.76,SCENARIO-DEPENDENT,around_default,20260820
LTFRB_PUJ1767,1149,C,5000,0.0,0.0,0.0,1141,1075,1177,44.48,55.75,17.76,SCENARIO-DEPENDENT,around_default,20260820
LTFRB_PUJ2263,1150,C,5000,0.0,0.0,0.0,1151,1057,1203,43.91,56.23,12.48,SCENARIO-DEPENDENT,around_default,20260820
LTFRB_PUJ1105,1151,C,5000,0.0,0.0,0.0,1152,995,1253,43.37,56.77,0.0,SCENARIO-DEPENDENT,around_default,20260820
LTFRB_PUJ1846,1152,C,5000,0.0,0.0,0.0,1151,953,1223,46.69,53.42,0.0,SCENARIO-DEPENDENT,around_default,20260820
LTFRB_PUJ1005,1153,C,5000,0.0,0.0,0.0,1149,1083,1182,44.19,55.91,18.12,SCENARIO-DEPENDENT,around_default,20260820
LTFRB_PUJ1139,1154,C,5000,0.0,0.0,0.0,1154,1037,1230,43.53,56.47,6.84,SCENARIO-DEPENDENT,around_default,20260820
LTFRB_PUJ1216,1155,C,5000,0.0,0.0,0.0,1149,1102,1171,44.48,55.54,21.72,SCENARIO-DEPENDENT,around_default,20260820
LTFRB_PUJ1217,1156,C,5000,0.0,0.0,0.0,1150,1103,1172,44.48,55.54,21.72,SCENARIO-DEPENDENT,around_default,20260820
LTFRB_PUJ1922,1157,C,5000,0.0,0.0,0.0,1149,1091,1169,45.23,54.79,20.64,SCENARIO-DEPENDENT,around_default,20260820
LTFRB_PUJ2413,1158,C,5000,0.0,0.0,0.0,1157,1032,1237,43.43,56.51,5.4,SCENARIO-DEPENDENT,around_default,20260820
LTFRB_PUJ2405,1159,C,5000,0.0,0.0,0.0,1159,1027,1244,43.29,56.6,3.96,SCENARIO-DEPENDENT,around_default,20260820
LTFRB_PUJ1773,1160,C,5000,0.0,0.0,0.0,1148,1086,1184,44.44,55.56,18.24,SCENARIO-DEPENDENT,around_default,20260820
LTFRB_PUJ2069,1161,C,5000,0.0,0.0,0.0,1149,1061,1201,45.58,54.25,13.2,SCENARIO-DEPENDENT,around_default,20260820
LTFRB_PUJ1973,1162,C,5000,0.0,0.0,0.0,1155,1111,1174,44.46,55.48,22.44,SCENARIO-DEPENDENT,around_default,20260820
LTFRB_PUJ1196,1163,C,5000,0.0,0.0,0.0,1149,1105,1169,44.86,55.05,22.32,SCENARIO-DEPENDENT,around_default,20260820
LTFRB_PUJ1837,1164,C,5000,0.0,0.0,0.0,1162,1061,1184,45.52,54.33,15.24,SCENARIO-DEPENDENT,around_default,20260820
LTFRB_PUJ1392,1165,C,5000,0.0,0.0,0.0,1162,1046,1197,45.77,53.95,11.88,SCENARIO-DEPENDENT,around_default,20260820
LTFRB_PUJ1138,1166,C,5000,0.0,0.0,0.0,1166,1047,1243,43.33,56.35,6.48,SCENARIO-DEPENDENT,around_default,20260820
LTFRB_PUJ2194,1167,C,5000,0.0,0.0,0.0,1158,1091,1193,44.19,55.58,17.76,SCENARIO-DEPENDENT,around_default,20260820
LTFRB_PUJ1889,1168,C,5000,0.0,0.0,0.0,1163,1082,1208,43.78,55.92,14.88,SCENARIO-DEPENDENT,around_default,20260820
LTFRB_PUJ1197,1169,C,5000,0.0,0.0,0.0,1162,1123,1179,44.51,55.05,23.28,LOW-PRIORITY ROBUST,around_default,20260820
LTFRB_PUJ1468,1170,C,5000,0.0,0.0,0.0,1170,897,1270,47.38,52.09,0.0,SCENARIO-DEPENDENT,around_default,20260820
LTFRB_PUJ1469,1171,C,5000,0.0,0.0,0.0,1171,898,1271,47.38,52.09,0.0,SCENARIO-DEPENDENT,around_default,20260820
LTFRB_PUJ2173,1172,C,5000,0.0,0.0,0.0,1172,1022,1269,42.95,56.49,0.36,SCENARIO-DEPENDENT,around_default,20260820
LTFRB_PUJ1198,1173,C,5000,0.0,0.0,0.0,1170,1043,1257,42.94,56.52,4.32,SCENARIO-DEPENDENT,around_default,20260820
LTFRB_PUJ1508,1174,C,5000,0.0,0.0,0.0,1174,1094,1220,43.67,55.68,14.88,SCENARIO-DEPENDENT,around_default,20260820
LTFRB_PUJ2301,1175,C,5000,0.0,0.0,0.0,1172,1059,1250,43.04,56.33,7.08,SCENARIO-DEPENDENT,around_default,20260820
LTFRB_PUJ1017,1176,C,5000,0.0,0.0,0.0,1177,862,1288,47.88,51.34,0.0,SCENARIO-DEPENDENT,around_default,20260820
LTFRB_PUJ2028,1177,C,5000,0.0,0.0,0.0,1172,1104,1194,44.88,54.39,19.2,SCENARIO-DEPENDENT,around_default,20260820
LTFRB_PUJ2567,1178,C,5000,0.0,0.0,0.0,1175,1058,1248,43.08,56.19,7.2,SCENARIO-DEPENDENT,around_default,20260820
LTFRB_PUJ1018,1179,C,5000,0.0,0.0,0.0,1183,871,1290,47.78,51.27,0.0,SCENARIO-DEPENDENT,around_default,20260820
LTFRB_PUJ2411,1180,C,5000,0.0,0.0,0.0,1188,699,1344,48.5,50.45,0.0,SCENARIO-DEPENDENT,around_default,20260820
LTFRB_PUJ1183,1181,C,5000,0.0,0.0,0.0,1180,1105,1224,43.47,55.61,15.72,SCENARIO-DEPENDENT,around_default,20260820
LTFRB_PUJ1008,1182,C,5000,0.0,0.0,0.0,1181,1094,1233,43.32,55.76,13.32,SCENARIO-DEPENDENT,around_default,20260820
LTFRB_PUJ2096,1183,C,5000,0.0,0.0,0.0,1177,1134,1196,44.7,54.31,22.56,SCENARIO-DEPENDENT,around_default,20260820
LTFRB_PUJ2462,1184,C,5000,0.0,0.0,0.0,1184,958,1262,46.46,52.48,0.0,SCENARIO-DEPENDENT,around_default,20260820
LTFRB_PUJ1962,1185,C,5000,0.0,0.0,0.0,1187,1068,1269,42.95,55.86,5.88,SCENARIO-DEPENDENT,around_default,20260820
LTFRB_PUJ1798,1186,C,5000,0.0,0.0,0.0,1186,1143,1208,43.82,55.0,22.2,SCENARIO-DEPENDENT,around_default,20260820
LTFRB_PUJ2438,1187,C,5000,0.0,0.0,0.0,1183,1127,1213,44.06,54.73,19.68,SCENARIO-DEPENDENT,around_default,20260820
LTFRB_PUJ1732,1188,C,5000,0.0,0.0,0.0,1185,1148,1203,44.45,54.31,23.4,LOW-PRIORITY ROBUST,around_default,20260820
LTFRB_PUJ2486,1189,C,5000,0.0,0.0,0.0,1192,848,1303,47.68,51.06,0.0,SCENARIO-DEPENDENT,around_default,20260820
LTFRB_PUJ1009,1190,C,5000,0.0,0.0,0.0,1191,1068,1272,42.62,56.06,5.52,SCENARIO-DEPENDENT,around_default,20260820
LTFRB_PUJ1010,1191,C,5000,0.0,0.0,0.0,1192,1069,1273,42.62,56.06,5.52,SCENARIO-DEPENDENT,around_default,20260820
LTFRB_PUJ1182,1192,C,5000,0.0,0.0,0.0,1190,1114,1237,43.26,55.48,15.24,SCENARIO-DEPENDENT,around_default,20260820
LTFRB_PUJ2574,1193,C,5000,0.0,0.0,0.0,1192,1156,1214,43.84,54.79,23.04,LOW-PRIORITY ROBUST,around_default,20260820
LTFRB_PUJ2463,1194,C,5000,0.0,0.0,0.0,1197,951,1278,46.47,52.1,0.0,SCENARIO-DEPENDENT,around_default,20260820
LTFRB_PUJ2487,1195,C,5000,0.0,0.0,0.0,1201,835,1311,47.69,50.84,0.0,SCENARIO-DEPENDENT,around_default,20260820
LTFRB_PUJ1578,1196,C,5000,0.0,0.0,0.0,1193,1036,1236,45.26,53.24,6.0,SCENARIO-DEPENDENT,around_default,20260820
LTFRB_PUJ1809,1197,C,5000,0.0,0.0,0.0,1193,1088,1225,44.7,53.82,13.56,SCENARIO-DEPENDENT,around_default,20260820
LTFRB_PUJ2591,1198,C,5000,0.0,0.0,0.0,1194,1037,1237,45.26,53.24,6.0,SCENARIO-DEPENDENT,around_default,20260820
LTFRB_PUJ2592,1199,C,5000,0.0,0.0,0.0,1195,1038,1238,45.26,53.24,6.0,SCENARIO-DEPENDENT,around_default,20260820
LTFRB_PUJ1502,1200,C,5000,0.0,0.0,0.0,1195,1117,1217,44.91,53.57,18.0,SCENARIO-DEPENDENT,around_default,20260820
LTFRB_PUJ1700,1201,C,5000,0.0,0.0,0.0,1197,1118,1218,44.9,53.57,18.0,SCENARIO-DEPENDENT,around_default,20260820
LTFRB_PUJ1799,1202,C,5000,0.0,0.0,0.0,1196,1142,1224,43.49,55.01,20.16,SCENARIO-DEPENDENT,around_default,20260820
LTFRB_PUJ1206,1203,C,5000,0.0,0.0,0.0,1198,1120,1219,44.89,53.56,18.12,SCENARIO-DEPENDENT,around_default,20260820
LTFRB_PUJ1228,1204,C,5000,0.0,0.0,0.0,1197,1130,1235,43.28,55.22,17.4,SCENARIO-DEPENDENT,around_default,20260820
LTFRB_PUJ1229,1205,C,5000,0.0,0.0,0.0,1198,1131,1236,43.28,55.22,17.4,SCENARIO-DEPENDENT,around_default,20260820
LTFRB_PUJ1701,1206,C,5000,0.0,0.0,0.0,1199,1121,1220,44.89,53.56,18.12,SCENARIO-DEPENDENT,around_default,20260820
LTFRB_PUJ1207,1207,C,5000,0.0,0.0,0.0,1202,1126,1223,44.81,53.52,18.36,SCENARIO-DEPENDENT,around_default,20260820
LTFRB_PUJ1293,1208,C,5000,0.0,0.0,0.0,1204,1152,1232,43.46,54.86,20.4,SCENARIO-DEPENDENT,around_default,20260820
LTFRB_PUJ2264,1209,C,5000,0.0,0.0,0.0,1203,1114,1263,42.88,55.43,12.12,SCENARIO-DEPENDENT,around_default,20260820
LTFRB_PUJ2356,1210,C,5000,0.0,0.0,0.0,1207,1110,1267,42.76,55.47,11.16,SCENARIO-DEPENDENT,around_default,20260820
LTFRB_PUJ2439,1211,C,5000,0.0,0.0,0.0,1200,1146,1227,43.7,54.5,20.28,SCENARIO-DEPENDENT,around_default,20260820
LTFRB_PUJ2006,1212,C,5000,0.0,0.0,0.0,1206,1044,1249,45.19,52.98,5.4,SCENARIO-DEPENDENT,around_default,20260820
LTFRB_PUJ1223,1213,C,5000,0.0,0.0,0.0,1207,1168,1214,44.02,54.1,24.48,LOW-PRIORITY ROBUST,around_default,20260820
LTFRB_PUJ1802,1214,C,5000,0.0,0.0,0.0,1212,1100,1276,42.43,55.68,8.88,SCENARIO-DEPENDENT,around_default,20260820
LTFRB_PUJ1222,1215,C,5000,0.0,0.0,0.0,1207,1166,1216,44.09,53.99,24.0,LOW-PRIORITY ROBUST,around_default,20260820
LTFRB_PUJ1304,1216,C,5000,0.0,0.0,0.0,1209,1083,1238,44.75,53.29,11.4,SCENARIO-DEPENDENT,around_default,20260820
LTFRB_PUJ1612,1217,C,5000,0.0,0.0,0.0,1211,1162,1233,43.38,54.71,21.48,SCENARIO-DEPENDENT,around_default,20260820
LTFRB_PUJ2355,1218,C,5000,0.0,0.0,0.0,1213,1117,1272,42.65,55.39,11.4,SCENARIO-DEPENDENT,around_default,20260820
LTFRB_PUJ1629,1219,C,5000,0.0,0.0,0.0,1213,1140,1253,42.96,55.08,16.44,SCENARIO-DEPENDENT,around_default,20260820
LTFRB_PUJ2005,1220,C,5000,0.0,0.0,0.0,1212,1054,1251,45.08,52.91,6.36,SCENARIO-DEPENDENT,around_default,20260820
LTFRB_PUJ1493,1221,C,5000,0.0,0.0,0.0,1217,1160,1240,43.2,54.72,20.4,SCENARIO-DEPENDENT,around_default,20260820
LTFRB_PUJ1650,1222,D,5000,0.0,0.0,0.0,1219,1147,1255,42.92,54.94,17.04,SCENARIO-DEPENDENT,around_default,20260820
LTFRB_PUJ2573,1223,C,5000,0.0,0.0,0.0,1214,1179,1232,43.59,54.26,23.64,LOW-PRIORITY ROBUST,around_default,20260820
LTFRB_PUJ1286,1224,C,5000,0.0,0.0,0.0,1223,1109,1290,42.35,55.3,8.28,SCENARIO-DEPENDENT,around_default,20260820
LTFRB_PUJ1342,1225,C,5000,0.0,0.0,0.0,1217,1154,1248,43.12,54.6,18.72,SCENARIO-DEPENDENT,around_default,20260820
LTFRB_PUJ1343,1226,C,5000,0.0,0.0,0.0,1218,1155,1249,43.12,54.6,18.72,SCENARIO-DEPENDENT,around_default,20260820
LTFRB_PUJ1202,1227,C,5000,0.0,0.0,0.0,1225,1046,1270,45.13,52.46,3.12,SCENARIO-DEPENDENT,around_default,20260820
LTFRB_PUJ2519,1228,C,5000,0.0,0.0,0.0,1226,1152,1264,42.7,54.9,16.56,SCENARIO-DEPENDENT,around_default,20260820
LTFRB_PUJ2361,1229,C,5000,0.0,0.0,0.0,1226,1122,1287,42.39,55.12,10.2,SCENARIO-DEPENDENT,around_default,20260820
LTFRB_PUJ1803,1230,C,5000,0.0,0.0,0.0,1228,1117,1290,42.05,55.44,9.24,SCENARIO-DEPENDENT,around_default,20260820
LTFRB_PUJ1466,1231,C,5000,0.0,0.0,0.0,1229,1125,1290,42.36,55.07,10.2,SCENARIO-DEPENDENT,around_default,20260820
LTFRB_PUJ1764,1232,C,5000,0.0,0.0,0.0,1224,1124,1246,44.26,53.13,15.36,SCENARIO-DEPENDENT,around_default,20260820
LTFRB_PUJ1765,1233,C,5000,0.0,0.0,0.0,1225,1125,1247,44.26,53.13,15.36,SCENARIO-DEPENDENT,around_default,20260820
LTFRB_PUJ2518,1234,C,5000,0.0,0.0,0.0,1231,1156,1271,42.55,54.82,16.2,SCENARIO-DEPENDENT,around_default,20260820
LTFRB_PUJ1345,1235,C,5000,0.0,0.0,0.0,1227,1145,1241,44.55,52.8,18.48,SCENARIO-DEPENDENT,around_default,20260820
LTFRB_PUJ2158,1236,C,5000,0.0,0.0,0.0,1226,1164,1258,42.91,54.48,18.72,SCENARIO-DEPENDENT,around_default,20260820
LTFRB_PUJ1467,1237,C,5000,0.0,0.0,0.0,1234,1131,1296,42.22,54.98,10.2,SCENARIO-DEPENDENT,around_default,20260820
LTFRB_PUJ2281,1238,C,5000,0.0,0.0,0.0,1231,1170,1264,42.78,54.4,18.72,SCENARIO-DEPENDENT,around_default,20260820
LTFRB_PUJ1960,1239,C,5000,0.0,0.0,0.0,1237,1133,1302,42.06,54.96,9.72,SCENARIO-DEPENDENT,around_default,20260820
LTFRB_PUJ1847,1240,C,5000,0.0,0.0,0.0,1235,1183,1263,42.81,53.99,20.4,SCENARIO-DEPENDENT,around_default,20260820
LTFRB_PUJ1811,1241,C,5000,0.0,0.0,0.0,1236,1184,1265,42.8,53.99,20.28,SCENARIO-DEPENDENT,around_default,20260820
LTFRB_PUJ2240,1242,C,5000,0.0,0.0,0.0,1239,1189,1266,42.67,54.09,20.76,SCENARIO-DEPENDENT,around_default,20260820
LTFRB_PUJ1961,1243,C,5000,0.0,0.0,0.0,1243,1143,1310,41.78,54.78,9.96,SCENARIO-DEPENDENT,around_default,20260820
LTFRB_PUJ2415,1244,C,5000,0.0,0.0,0.0,1244,1153,1309,41.56,54.82,11.28,SCENARIO-DEPENDENT,around_default,20260820
LTFRB_PUJ2023,1245,C,5000,0.0,0.0,0.0,1244,1021,1311,45.48,50.89,0.0,SCENARIO-DEPENDENT,around_default,20260820
LTFRB_PUJ1492,1246,C,5000,0.0,0.0,0.0,1241,1215,1254,43.24,52.98,25.32,LOW-PRIORITY ROBUST,around_default,20260820
LTFRB_PUJ1833,1247,C,5000,0.0,0.0,0.0,1248,1182,1283,44.12,51.65,17.88,SCENARIO-DEPENDENT,around_default,20260820
LTFRB_PUJ2125,1248,C,5000,0.0,0.0,0.0,1249,1183,1284,44.12,51.65,17.88,SCENARIO-DEPENDENT,around_default,20260820
LTFRB_PUJ1129,1249,C,5000,0.0,0.0,0.0,1249,1223,1268,42.75,53.07,24.6,LOW-PRIORITY ROBUST,around_default,20260820
LTFRB_PUJ2557,1250,C,5000,0.0,0.0,0.0,1250,1137,1292,44.52,51.17,11.4,SCENARIO-DEPENDENT,around_default,20260820
LTFRB_PUJ2558,1251,C,5000,0.0,0.0,0.0,1251,1138,1293,44.52,51.17,11.4,SCENARIO-DEPENDENT,around_default,20260820
LTFRB_PUJ2126,1252,C,5000,0.0,0.0,0.0,1252,1197,1285,43.93,51.7,19.44,SCENARIO-DEPENDENT,around_default,20260820
LTFRB_PUJ1518,1253,C,5000,0.0,0.0,0.0,1253,1117,1299,44.23,51.46,8.16,SCENARIO-DEPENDENT,around_default,20260820
LTFRB_PUJ2095,1254,C,5000,0.0,0.0,0.0,1253,1229,1272,42.6,52.99,24.84,LOW-PRIORITY ROBUST,around_default,20260820
LTFRB_PUJ2016,1255,C,5000,0.0,0.0,0.0,1257,1226,1268,43.42,52.0,24.96,LOW-PRIORITY ROBUST,around_default,20260820
LTFRB_PUJ1433,1256,C,5000,0.0,0.0,0.0,1258,1237,1265,43.17,52.13,26.64,LOW-PRIORITY ROBUST,around_default,20260820
LTFRB_PUJ2311,1257,C,5000,0.0,0.0,0.0,1259,1194,1311,41.51,53.82,15.96,SCENARIO-DEPENDENT,around_default,20260820
LTFRB_PUJ2312,1258,C,5000,0.0,0.0,0.0,1260,1195,1312,41.51,53.82,15.96,SCENARIO-DEPENDENT,around_default,20260820
LTFRB_PUJ1674,1259,C,5000,0.0,0.0,0.0,1261,1192,1319,41.46,53.68,14.76,SCENARIO-DEPENDENT,around_default,20260820
LTFRB_PUJ2017,1260,C,5000,0.0,0.0,0.0,1263,1235,1273,43.23,51.89,25.44,LOW-PRIORITY ROBUST,around_default,20260820
LTFRB_PUJ1673,1261,C,5000,0.0,0.0,0.0,1264,1195,1322,41.39,53.64,14.76,SCENARIO-DEPENDENT,around_default,20260820
LTFRB_PUJ1203,1262,C,5000,0.0,0.0,0.0,1264,1155,1302,43.71,51.35,12.36,SCENARIO-DEPENDENT,around_default,20260820
LTFRB_PUJ1214,1263,C,5000,0.0,0.0,0.0,1265,1230,1293,41.93,53.04,22.44,SCENARIO-DEPENDENT,around_default,20260820
LTFRB_PUJ1215,1264,C,5000,0.0,0.0,0.0,1266,1231,1294,41.93,53.04,22.44,SCENARIO-DEPENDENT,around_default,20260820
LTFRB_PUJ1972,1265,C,5000,0.0,0.0,0.0,1265,1224,1301,41.77,53.18,20.76,SCENARIO-DEPENDENT,around_default,20260820
LTFRB_PUJ2129,1266,C,5000,0.0,0.0,0.0,1264,1224,1295,43.48,51.42,21.48,SCENARIO-DEPENDENT,around_default,20260820
LTFRB_PUJ2130,1267,C,5000,0.0,0.0,0.0,1266,1225,1296,43.48,51.42,21.48,SCENARIO-DEPENDENT,around_default,20260820
LTFRB_PUJ1511,1268,C,5000,0.0,0.0,0.0,1270,1246,1284,42.16,52.46,25.44,LOW-PRIORITY ROBUST,around_default,20260820
LTFRB_PUJ1677,1269,C,5000,0.0,0.0,0.0,1272,1247,1286,42.14,52.45,25.32,LOW-PRIORITY ROBUST,around_default,20260820
LTFRB_PUJ1451,1270,C,5000,0.0,0.0,0.0,1271,1202,1300,43.14,51.46,18.24,SCENARIO-DEPENDENT,around_default,20260820
LTFRB_PUJ1963,1271,C,5000,0.0,0.0,0.0,1276,1188,1337,40.64,53.79,12.12,SCENARIO-DEPENDENT,around_default,20260820
LTFRB_PUJ1549,1272,C,5000,0.0,0.0,0.0,1278,1252,1292,41.98,52.35,25.2,LOW-PRIORITY ROBUST,around_default,20260820
LTFRB_PUJ2379,1273,C,5000,0.0,0.0,0.0,1279,1253,1293,41.97,52.34,25.2,LOW-PRIORITY ROBUST,around_default,20260820
LTFRB_PUJ1450,1274,C,5000,0.0,0.0,0.0,1278,1215,1306,42.95,51.35,19.08,SCENARIO-DEPENDENT,around_default,20260820
LTFRB_PUJ1904,1275,C,5000,0.0,0.0,0.0,1277,1214,1305,42.96,51.35,19.08,SCENARIO-DEPENDENT,around_default,20260820
LTFRB_PUJ1905,1276,C,5000,0.0,0.0,0.0,1277,1223,1303,42.86,51.41,20.4,SCENARIO-DEPENDENT,around_default,20260820
LTFRB_PUJ2080,1277,C,5000,0.0,0.0,0.0,1274,1256,1296,41.89,52.32,25.2,LOW-PRIORITY ROBUST,around_default,20260820
LTFRB_PUJ1665,1278,C,5000,0.0,0.0,0.0,1279,1231,1321,40.99,52.96,19.2,SCENARIO-DEPENDENT,around_default,20260820
LTFRB_PUJ1666,1279,C,5000,0.0,0.0,0.0,1278,1230,1320,41.0,52.97,19.2,SCENARIO-DEPENDENT,around_default,20260820
LTFRB_PUJ2025,1280,C,5000,0.0,0.0,0.0,1281,1246,1308,41.46,52.42,22.56,SCENARIO-DEPENDENT,around_default,20260820
LTFRB_PUJ2026,1281,C,5000,0.0,0.0,0.0,1282,1247,1309,41.46,52.42,22.56,SCENARIO-DEPENDENT,around_default,20260820
LTFRB_PUJ2337,1282,C,5000,0.0,0.0,0.0,1280,1260,1301,41.7,52.2,25.08,LOW-PRIORITY ROBUST,around_default,20260820
LTFRB_PUJ2338,1283,C,5000,0.0,0.0,0.0,1283,1263,1303,41.64,52.16,25.2,LOW-PRIORITY ROBUST,around_default,20260820
LTFRB_PUJ1250,1284,C,5000,0.0,0.0,0.0,1285,1235,1325,40.8,52.92,19.2,SCENARIO-DEPENDENT,around_default,20260820
LTFRB_PUJ1251,1285,C,5000,0.0,0.0,0.0,1286,1236,1326,40.8,52.92,19.2,SCENARIO-DEPENDENT,around_default,20260820
LTFRB_PUJ1667,1286,C,5000,0.0,0.0,0.0,1286,1255,1304,41.89,51.77,24.12,LOW-PRIORITY ROBUST,around_default,20260820
LTFRB_PUJ1325,1287,C,5000,0.0,0.0,0.0,1290,1253,1318,41.1,52.33,22.2,SCENARIO-DEPENDENT,around_default,20260820
LTFRB_PUJ2333,1288,C,5000,0.0,0.0,0.0,1296,1253,1325,41.28,52.06,21.36,SCENARIO-DEPENDENT,around_default,20260820
LTFRB_PUJ2334,1289,C,5000,0.0,0.0,0.0,1297,1254,1326,41.28,52.06,21.36,SCENARIO-DEPENDENT,around_default,20260820
LTFRB_PUJ1292,1290,C,5000,0.0,0.0,0.0,1293,1268,1313,41.37,51.93,24.6,LOW-PRIORITY ROBUST,around_default,20260820
LTFRB_PUJ1571,1291,C,5000,0.0,0.0,0.0,1293,1242,1333,40.42,52.79,19.08,SCENARIO-DEPENDENT,around_default,20260820
LTFRB_PUJ2091,1292,C,5000,0.0,0.0,0.0,1299,1280,1310,41.57,51.37,26.4,LOW-PRIORITY ROBUST,around_default,20260820
LTFRB_PUJ1025,1293,C,5000,0.0,0.0,0.0,1294,1271,1313,42.48,50.46,24.96,LOW-PRIORITY ROBUST,around_default,20260820
LTFRB_PUJ1026,1294,C,5000,0.0,0.0,0.0,1295,1272,1314,42.48,50.46,24.96,LOW-PRIORITY ROBUST,around_default,20260820
LTFRB_PUJ2313,1295,C,5000,0.0,0.0,0.0,1300,1266,1320,41.1,51.82,23.52,LOW-PRIORITY ROBUST,around_default,20260820
LTFRB_PUJ2314,1296,C,5000,0.0,0.0,0.0,1301,1267,1321,41.1,51.82,23.52,LOW-PRIORITY ROBUST,around_default,20260820
LTFRB_PUJ1028,1297,C,5000,0.0,0.0,0.0,1297,1274,1316,42.44,50.44,24.96,LOW-PRIORITY ROBUST,around_default,20260820
LTFRB_PUJ1828,1298,C,5000,0.0,0.0,0.0,1298,1275,1317,42.44,50.44,24.96,LOW-PRIORITY ROBUST,around_default,20260820
LTFRB_PUJ2268,1299,C,5000,0.0,0.0,0.0,1303,1284,1315,41.38,51.36,26.28,LOW-PRIORITY ROBUST,around_default,20260820
LTFRB_PUJ1380,1300,C,5000,0.0,0.0,0.0,1301,1220,1331,43.28,49.44,16.68,SCENARIO-DEPENDENT,around_default,20260820
LTFRB_PUJ1381,1301,C,5000,0.0,0.0,0.0,1302,1221,1332,43.28,49.44,16.68,SCENARIO-DEPENDENT,around_default,20260820
LTFRB_PUJ2022,1302,C,5000,0.0,0.0,0.0,1304,1192,1342,43.35,49.46,12.0,SCENARIO-DEPENDENT,around_default,20260820
LTFRB_PUJ1840,1303,C,5000,0.0,0.0,0.0,1304,1266,1329,40.76,52.0,22.44,SCENARIO-DEPENDENT,around_default,20260820
LTFRB_PUJ2353,1304,C,5000,0.0,0.0,0.0,1304,1230,1358,39.99,52.69,14.64,SCENARIO-DEPENDENT,around_default,20260820
LTFRB_PUJ2354,1305,C,5000,0.0,0.0,0.0,1305,1231,1359,39.99,52.69,14.64,SCENARIO-DEPENDENT,around_default,20260820
LTFRB_PUJ2092,1306,C,5000,0.0,0.0,0.0,1303,1286,1315,41.39,51.24,26.52,LOW-PRIORITY ROBUST,around_default,20260820
LTFRB_PUJ2247,1307,C,5000,0.0,0.0,0.0,1303,1255,1338,40.21,52.33,20.04,SCENARIO-DEPENDENT,around_default,20260820
LTFRB_PUJ2248,1308,C,5000,0.0,0.0,0.0,1304,1256,1339,40.21,52.33,20.04,SCENARIO-DEPENDENT,around_default,20260820
LTFRB_PUJ1694,1309,C,5000,0.0,0.0,0.0,1307,1240,1329,42.77,49.79,19.32,SCENARIO-DEPENDENT,around_default,20260820
LTFRB_PUJ1695,1310,C,5000,0.0,0.0,0.0,1308,1241,1330,42.77,49.79,19.32,SCENARIO-DEPENDENT,around_default,20260820
LTFRB_PUJ1324,1311,C,5000,0.0,0.0,0.0,1307,1276,1326,40.92,51.54,24.0,LOW-PRIORITY ROBUST,around_default,20260820
LTFRB_PUJ2527,1312,C,5000,0.0,0.0,0.0,1309,1220,1347,43.58,48.79,14.76,SCENARIO-DEPENDENT,around_default,20260820
LTFRB_PUJ2535,1313,C,5000,0.0,0.0,0.0,1310,858,1395,43.48,48.61,0.0,SCENARIO-DEPENDENT,around_default,20260820
LTFRB_PUJ1645,1314,C,5000,0.0,0.0,0.0,1312,875,1392,43.52,48.48,0.0,SCENARIO-DEPENDENT,around_default,20260820
LTFRB_PUJ2532,1315,C,5000,0.0,0.0,0.0,1313,876,1393,43.52,48.48,0.0,SCENARIO-DEPENDENT,around_default,20260820
LTFRB_PUJ2131,1316,C,5000,0.0,0.0,0.0,1309,1288,1323,41.98,50.17,25.8,LOW-PRIORITY ROBUST,around_default,20260820
LTFRB_PUJ2132,1317,C,5000,0.0,0.0,0.0,1310,1289,1325,41.97,50.17,25.68,LOW-PRIORITY ROBUST,around_default,20260820
LTFRB_PUJ2533,1318,C,5000,0.0,0.0,0.0,1316,869,1397,43.4,48.5,0.0,SCENARIO-DEPENDENT,around_default,20260820
LTFRB_PUJ2094,1319,C,5000,0.0,0.0,0.0,1312,1289,1328,40.75,51.26,25.32,LOW-PRIORITY ROBUST,around_default,20260820
LTFRB_PUJ1839,1320,C,5000,0.0,0.0,0.0,1315,1277,1339,40.3,51.7,22.56,SCENARIO-DEPENDENT,around_default,20260820
LTFRB_PUJ2431,1321,C,5000,0.0,0.0,0.0,1320,888,1399,43.39,48.0,0.0,SCENARIO-DEPENDENT,around_default,20260820
LTFRB_PUJ2543,1322,C,5000,0.0,0.0,0.0,1321,889,1400,43.39,48.0,0.0,SCENARIO-DEPENDENT,around_default,20260820
LTFRB_PUJ1437,1323,C,5000,0.0,0.0,0.0,1323,900,1397,43.44,47.9,0.0,SCENARIO-DEPENDENT,around_default,20260820
LTFRB_PUJ1628,1324,C,5000,0.0,0.0,0.0,1320,1294,1339,40.15,51.13,24.6,LOW-PRIORITY ROBUST,around_default,20260820
LTFRB_PUJ1436,1325,C,5000,0.0,0.0,0.0,1326,923,1403,43.11,47.65,0.0,SCENARIO-DEPENDENT,around_default,20260820
LTFRB_PUJ1911,1326,C,5000,0.0,0.0,0.0,1327,924,1404,43.11,47.65,0.0,SCENARIO-DEPENDENT,around_default,20260820
LTFRB_PUJ1910,1327,C,5000,0.0,0.0,0.0,1331,937,1406,43.0,47.5,0.0,SCENARIO-DEPENDENT,around_default,20260820
LTFRB_PUJ2192,1328,C,5000,0.0,0.0,0.0,1324,1302,1340,40.15,50.57,25.44,LOW-PRIORITY ROBUST,around_default,20260820
LTFRB_PUJ2008,1329,C,5000,0.0,0.0,0.0,1326,1305,1344,40.03,50.5,25.32,LOW-PRIORITY ROBUST,around_default,20260820
LTFRB_PUJ2009,1330,C,5000,0.0,0.0,0.0,1327,1306,1345,40.03,50.5,25.32,LOW-PRIORITY ROBUST,around_default,20260820
LTFRB_PUJ2275,1331,C,5000,0.0,0.0,0.0,1330,1286,1374,39.17,51.32,19.44,SCENARIO-DEPENDENT,around_default,20260820
LTFRB_PUJ2032,1332,C,5000,0.0,0.0,0.0,1329,1309,1337,40.92,49.47,26.64,LOW-PRIORITY ROBUST,around_default,20260820
LTFRB_PUJ2450,1333,C,5000,0.0,0.0,0.0,1328,1303,1348,41.63,48.71,24.6,LOW-PRIORITY ROBUST,around_default,20260820
LTFRB_PUJ1584,1334,C,5000,0.0,0.0,0.0,1332,1303,1357,39.63,50.61,23.52,LOW-PRIORITY ROBUST,around_default,20260820
LTFRB_PUJ2451,1335,C,5000,0.0,0.0,0.0,1331,1307,1350,41.52,48.64,24.84,LOW-PRIORITY ROBUST,around_default,20260820
LTFRB_PUJ2394,1336,C,5000,0.0,0.0,0.0,1333,1307,1357,39.64,50.47,24.0,LOW-PRIORITY ROBUST,around_default,20260820
LTFRB_PUJ1949,1337,C,5000,0.0,0.0,0.0,1333,1314,1349,39.8,50.23,25.8,LOW-PRIORITY ROBUST,around_default,20260820
LTFRB_PUJ2522,1338,C,5000,0.0,0.0,0.0,1338,1313,1357,39.42,50.25,24.72,LOW-PRIORITY ROBUST,around_default,20260820
LTFRB_PUJ2523,1339,C,5000,0.0,0.0,0.0,1339,1314,1358,39.42,50.25,24.72,LOW-PRIORITY ROBUST,around_default,20260820
LTFRB_PUJ1496,1340,C,5000,0.0,0.0,0.0,1338,1330,1342,40.51,49.01,28.56,LOW-PRIORITY ROBUST,around_default,20260820
LTFRB_PUJ1497,1341,C,5000,0.0,0.0,0.0,1336,1329,1341,40.51,49.02,28.56,LOW-PRIORITY ROBUST,around_default,20260820
LTFRB_PUJ1585,1342,C,5000,0.0,0.0,0.0,1341,1312,1372,39.15,50.3,22.8,LOW-PRIORITY ROBUST,around_default,20260820
LTFRB_PUJ2024,1343,C,5000,0.0,0.0,0.0,1342,1275,1369,42.04,47.47,18.72,SCENARIO-DEPENDENT,around_default,20260820
LTFRB_PUJ2283,1344,C,5000,0.0,0.0,0.0,1343,1307,1374,38.9,50.56,21.96,SCENARIO-DEPENDENT,around_default,20260820
LTFRB_PUJ1602,1345,C,5000,0.0,0.0,0.0,1343,1324,1353,39.75,49.55,26.52,LOW-PRIORITY ROBUST,around_default,20260820
LTFRB_PUJ2363,1346,C,5000,0.0,0.0,0.0,1346,1326,1357,39.64,49.49,26.28,LOW-PRIORITY ROBUST,around_default,20260820
LTFRB_PUJ1603,1347,C,5000,0.0,0.0,0.0,1347,1328,1358,39.62,49.47,26.4,LOW-PRIORITY ROBUST,around_default,20260820
LTFRB_PUJ2364,1348,C,5000,0.0,0.0,0.0,1348,1327,1359,39.61,49.47,26.16,LOW-PRIORITY ROBUST,around_default,20260820
LTFRB_PUJ1880,1349,C,5000,0.0,0.0,0.0,1343,1336,1349,40.2,48.81,28.44,LOW-PRIORITY ROBUST,around_default,20260820
LTFRB_PUJ1881,1350,C,5000,0.0,0.0,0.0,1344,1337,1350,40.2,48.81,28.44,LOW-PRIORITY ROBUST,around_default,20260820
LTFRB_PUJ1772,1351,C,5000,0.0,0.0,0.0,1345,1321,1361,39.27,49.75,25.2,LOW-PRIORITY ROBUST,around_default,20260820
LTFRB_PUJ1423,1352,C,5000,0.0,0.0,0.0,1344,1289,1380,41.87,46.99,19.08,SCENARIO-DEPENDENT,around_default,20260820
LTFRB_PUJ2520,1353,C,5000,0.0,0.0,0.0,1345,1336,1352,39.87,49.08,28.08,LOW-PRIORITY ROBUST,around_default,20260820
LTFRB_PUJ2521,1354,C,5000,0.0,0.0,0.0,1346,1337,1353,39.87,49.08,28.08,LOW-PRIORITY ROBUST,around_default,20260820
LTFRB_PUJ2267,1355,C,5000,0.0,0.0,0.0,1347,1337,1355,39.93,48.73,27.84,LOW-PRIORITY ROBUST,around_default,20260820
LTFRB_PUJ1948,1356,C,5000,0.0,0.0,0.0,1354,1323,1370,38.98,49.73,24.36,LOW-PRIORITY ROBUST,around_default,20260820
LTFRB_PUJ1061,1357,C,5000,0.0,0.0,0.0,1356,1326,1374,38.74,49.67,24.24,LOW-PRIORITY ROBUST,around_default,20260820
LTFRB_PUJ1570,1358,C,5000,0.0,0.0,0.0,1357,1320,1382,38.32,49.88,22.56,SCENARIO-DEPENDENT,around_default,20260820
LTFRB_PUJ1385,1359,C,5000,0.0,0.0,0.0,1358,1345,1369,39.2,48.78,27.12,LOW-PRIORITY ROBUST,around_default,20260820
LTFRB_PUJ1384,1360,C,5000,0.0,0.0,0.0,1360,1347,1372,39.1,48.73,27.0,LOW-PRIORITY ROBUST,around_default,20260820
LTFRB_PUJ1703,1361,C,5000,0.0,0.0,0.0,1362,1336,1382,38.36,49.09,24.48,LOW-PRIORITY ROBUST,around_default,20260820
LTFRB_PUJ1678,1362,C,5000,0.0,0.0,0.0,1361,1353,1369,39.16,48.21,28.08,LOW-PRIORITY ROBUST,around_default,20260820
LTFRB_PUJ2079,1363,C,5000,0.0,0.0,0.0,1363,1351,1369,38.85,48.39,27.84,LOW-PRIORITY ROBUST,around_default,20260820
LTFRB_PUJ1702,1364,C,5000,0.0,0.0,0.0,1364,1340,1388,38.12,48.94,24.24,LOW-PRIORITY ROBUST,around_default,20260820
LTFRB_PUJ1668,1365,C,5000,0.0,0.0,0.0,1365,1343,1379,38.41,48.66,25.68,LOW-PRIORITY ROBUST,around_default,20260820
LTFRB_PUJ2446,1366,C,5000,0.0,0.0,0.0,1367,1217,1407,41.75,45.13,7.2,SCENARIO-DEPENDENT,around_default,20260820
LTFRB_PUJ1220,1367,C,5000,0.0,0.0,0.0,1366,1349,1376,38.59,48.27,26.76,LOW-PRIORITY ROBUST,around_default,20260820
LTFRB_PUJ1652,1368,C,5000,0.0,0.0,0.0,1367,1351,1393,38.07,48.43,24.96,LOW-PRIORITY ROBUST,around_default,20260820
LTFRB_PUJ2365,1369,C,5000,0.0,0.0,0.0,1367,1359,1377,38.8,47.63,27.84,LOW-PRIORITY ROBUST,around_default,20260820
LTFRB_PUJ2393,1370,C,5000,0.0,0.0,0.0,1370,1351,1401,37.67,48.41,24.0,LOW-PRIORITY ROBUST,around_default,20260820
LTFRB_PUJ1548,1371,C,5000,0.0,0.0,0.0,1371,1359,1386,38.27,47.66,26.76,LOW-PRIORITY ROBUST,around_default,20260820
LTFRB_PUJ1070,1372,C,5000,0.0,0.0,0.0,1371,1350,1382,39.15,46.88,26.16,LOW-PRIORITY ROBUST,around_default,20260820
LTFRB_PUJ1510,1373,C,5000,0.0,0.0,0.0,1373,1360,1387,38.23,47.63,26.76,LOW-PRIORITY ROBUST,around_default,20260820
LTFRB_PUJ1221,1374,C,5000,0.0,0.0,0.0,1374,1357,1390,37.98,47.89,26.04,LOW-PRIORITY ROBUST,around_default,20260820
LTFRB_PUJ1062,1375,C,5000,0.0,0.0,0.0,1374,1362,1386,38.12,47.64,27.12,LOW-PRIORITY ROBUST,around_default,20260820
LTFRB_PUJ2093,1376,C,5000,0.0,0.0,0.0,1377,1360,1398,37.62,47.72,25.44,LOW-PRIORITY ROBUST,around_default,20260820
LTFRB_PUJ1505,1377,C,5000,0.0,0.0,0.0,1378,1362,1396,37.81,47.47,25.92,LOW-PRIORITY ROBUST,around_default,20260820
LTFRB_PUJ1305,1378,C,5000,0.0,0.0,0.0,1379,1352,1394,38.66,46.52,24.96,LOW-PRIORITY ROBUST,around_default,20260820
LTFRB_PUJ1406,1379,C,5000,0.0,0.0,0.0,1380,1362,1402,37.36,47.6,25.2,LOW-PRIORITY ROBUST,around_default,20260820
LTFRB_PUJ1407,1380,C,5000,0.0,0.0,0.0,1381,1363,1403,37.36,47.6,25.2,LOW-PRIORITY ROBUST,around_default,20260820
LTFRB_PUJ2347,1381,C,5000,0.0,0.0,0.0,1379,1371,1386,38.65,46.43,28.2,LOW-PRIORITY ROBUST,around_default,20260820
LTFRB_PUJ2274,1382,C,5000,0.0,0.0,0.0,1382,1350,1391,39.32,45.63,25.08,LOW-PRIORITY ROBUST,around_default,20260820
LTFRB_PUJ1504,1383,C,5000,0.0,0.0,0.0,1382,1374,1389,38.08,46.67,28.2,LOW-PRIORITY ROBUST,around_default,20260820
LTFRB_PUJ2195,1384,C,5000,0.0,0.0,0.0,1385,1368,1401,37.35,47.33,26.04,LOW-PRIORITY ROBUST,around_default,20260820
LTFRB_PUJ2568,1385,C,5000,0.0,0.0,0.0,1387,1369,1405,37.28,47.0,25.68,LOW-PRIORITY ROBUST,around_default,20260820
LTFRB_PUJ2147,1386,C,5000,0.0,0.0,0.0,1388,1362,1412,36.59,47.63,24.0,LOW-PRIORITY ROBUST,around_default,20260820
LTFRB_PUJ2378,1387,C,5000,0.0,0.0,0.0,1389,1377,1399,37.55,46.41,27.36,LOW-PRIORITY ROBUST,around_default,20260820
LTFRB_PUJ1036,1388,C,5000,0.0,0.0,0.0,1389,1368,1397,38.8,45.01,26.52,LOW-PRIORITY ROBUST,around_default,20260820
LTFRB_PUJ1912,1389,C,5000,0.0,0.0,0.0,1392,1275,1429,40.2,43.46,11.52,SCENARIO-DEPENDENT,around_default,20260820
LTFRB_PUJ1913,1390,C,5000,0.0,0.0,0.0,1393,1276,1430,40.2,43.46,11.52,SCENARIO-DEPENDENT,around_default,20260820
LTFRB_PUJ2196,1391,C,5000,0.0,0.0,0.0,1393,1372,1408,36.83,47.02,25.68,LOW-PRIORITY ROBUST,around_default,20260820
LTFRB_PUJ1836,1392,C,5000,0.0,0.0,0.0,1389,1376,1398,38.34,45.5,27.36,LOW-PRIORITY ROBUST,around_default,20260820
LTFRB_PUJ2230,1393,C,5000,0.0,0.0,0.0,1391,1361,1424,36.5,47.19,22.44,SCENARIO-DEPENDENT,around_default,20260820
LTFRB_PUJ2266,1394,C,5000,0.0,0.0,0.0,1395,1373,1418,36.24,46.91,24.6,LOW-PRIORITY ROBUST,around_default,20260820
LTFRB_PUJ1519,1395,C,5000,0.0,0.0,0.0,1394,1344,1409,38.24,44.97,22.2,SCENARIO-DEPENDENT,around_default,20260820
LTFRB_PUJ2148,1396,C,5000,0.0,0.0,0.0,1397,1370,1423,35.8,47.15,23.64,LOW-PRIORITY ROBUST,around_default,20260820
LTFRB_PUJ2371,1397,C,5000,0.0,0.0,0.0,1396,1380,1411,36.99,45.93,26.28,LOW-PRIORITY ROBUST,around_default,20260820
LTFRB_PUJ2372,1398,C,5000,0.0,0.0,0.0,1397,1381,1412,36.99,45.93,26.28,LOW-PRIORITY ROBUST,around_default,20260820
LTFRB_PUJ1916,1399,C,5000,0.0,0.0,0.0,1396,1374,1421,36.87,46.01,24.36,LOW-PRIORITY ROBUST,around_default,20260820
LTFRB_PUJ1917,1400,C,5000,0.0,0.0,0.0,1397,1375,1422,36.87,46.01,24.36,LOW-PRIORITY ROBUST,around_default,20260820
LTFRB_PUJ2447,1401,C,5000,0.0,0.0,0.0,1399,1330,1419,39.45,43.28,19.32,SCENARIO-DEPENDENT,around_default,20260820
LTFRB_PUJ2226,1402,C,5000,0.0,0.0,0.0,1402,1378,1431,35.91,45.99,23.64,LOW-PRIORITY ROBUST,around_default,20260820
LTFRB_PUJ2348,1403,C,5000,0.0,0.0,0.0,1404,1386,1419,36.07,45.51,26.04,LOW-PRIORITY ROBUST,around_default,20260820
LTFRB_PUJ1422,1404,C,5000,0.0,0.0,0.0,1402,1370,1423,38.63,42.73,23.64,LOW-PRIORITY ROBUST,around_default,20260820
LTFRB_PUJ1434,1405,C,5000,0.0,0.0,0.0,1405,1366,1418,38.08,43.34,23.76,LOW-PRIORITY ROBUST,around_default,20260820
LTFRB_PUJ1435,1406,C,5000,0.0,0.0,0.0,1406,1367,1419,38.08,43.34,23.76,LOW-PRIORITY ROBUST,around_default,20260820
LTFRB_PUJ2366,1407,C,5000,0.0,0.0,0.0,1405,1392,1417,36.62,44.75,27.0,LOW-PRIORITY ROBUST,around_default,20260820
LTFRB_PUJ1209,1408,C,5000,0.0,0.0,0.0,1406,1383,1412,38.02,43.3,26.52,LOW-PRIORITY ROBUST,around_default,20260820
LTFRB_PUJ1566,1409,C,5000,0.0,0.0,0.0,1409,1386,1432,35.66,45.14,24.48,LOW-PRIORITY ROBUST,around_default,20260820
LTFRB_PUJ2018,1410,C,5000,0.0,0.0,0.0,1411,1398,1421,35.97,44.14,27.24,LOW-PRIORITY ROBUST,around_default,20260820
LTFRB_PUJ1114,1411,D,5000,0.0,0.0,0.0,1412,1401,1429,35.75,44.02,26.64,LOW-PRIORITY ROBUST,around_default,20260820
LTFRB_PUJ2412,1412,C,5000,0.0,0.0,0.0,1414,1393,1427,37.35,42.25,25.92,LOW-PRIORITY ROBUST,around_default,20260820
LTFRB_PUJ1740,1413,C,5000,0.0,0.0,0.0,1413,1395,1434,34.93,44.75,25.32,LOW-PRIORITY ROBUST,around_default,20260820
LTFRB_PUJ1741,1414,C,5000,0.0,0.0,0.0,1415,1396,1435,34.9,44.73,25.32,LOW-PRIORITY ROBUST,around_default,20260820
LTFRB_PUJ1208,1415,C,5000,0.0,0.0,0.0,1417,1410,1421,36.51,42.57,28.68,LOW-PRIORITY ROBUST,around_default,20260820
LTFRB_PUJ1662,1416,C,5000,0.0,0.0,0.0,1418,1403,1428,35.33,43.78,27.0,LOW-PRIORITY ROBUST,around_default,20260820
LTFRB_PUJ1567,1417,C,5000,0.0,0.0,0.0,1416,1402,1442,35.04,43.86,25.2,LOW-PRIORITY ROBUST,around_default,20260820
LTFRB_PUJ1590,1418,C,5000,0.0,0.0,0.0,1418,1405,1439,35.06,43.6,25.92,LOW-PRIORITY ROBUST,around_default,20260820
LTFRB_PUJ1591,1419,C,5000,0.0,0.0,0.0,1419,1406,1440,35.06,43.6,25.92,LOW-PRIORITY ROBUST,around_default,20260820
LTFRB_PUJ1210,1420,C,5000,0.0,0.0,0.0,1421,1415,1426,36.13,42.31,28.68,LOW-PRIORITY ROBUST,around_default,20260820
LTFRB_PUJ1664,1421,C,5000,0.0,0.0,0.0,1420,1396,1453,33.9,44.43,23.16,LOW-PRIORITY ROBUST,around_default,20260820
LTFRB_PUJ1430,1422,C,5000,0.0,0.0,0.0,1423,1393,1440,36.79,41.24,24.36,LOW-PRIORITY ROBUST,around_default,20260820
LTFRB_PUJ1431,1423,C,5000,0.0,0.0,0.0,1424,1394,1441,36.79,41.24,24.36,LOW-PRIORITY ROBUST,around_default,20260820
LTFRB_PUJ2563,1424,C,5000,0.0,0.0,0.0,1423,1412,1440,34.94,43.0,26.64,LOW-PRIORITY ROBUST,around_default,20260820
LTFRB_PUJ2424,1425,C,5000,0.0,0.0,0.0,1426,1412,1447,34.61,42.97,25.8,LOW-PRIORITY ROBUST,around_default,20260820
LTFRB_PUJ1446,1426,C,5000,0.0,0.0,0.0,1426,1331,1466,35.05,42.36,13.8,SCENARIO-DEPENDENT,around_default,20260820
LTFRB_PUJ1633,1427,C,5000,0.0,0.0,0.0,1428,1391,1451,36.83,40.51,22.8,LOW-PRIORITY ROBUST,around_default,20260820
LTFRB_PUJ2423,1428,C,5000,0.0,0.0,0.0,1428,1414,1451,34.35,42.82,25.56,LOW-PRIORITY ROBUST,around_default,20260820
LTFRB_PUJ1742,1429,C,5000,0.0,0.0,0.0,1428,1413,1437,34.65,42.63,27.12,LOW-PRIORITY ROBUST,around_default,20260820
LTFRB_PUJ2537,1430,C,5000,0.0,0.0,0.0,1430,1408,1443,36.1,40.87,25.8,LOW-PRIORITY ROBUST,around_default,20260820
LTFRB_PUJ2265,1431,C,5000,0.0,0.0,0.0,1431,1417,1452,34.08,42.63,25.8,LOW-PRIORITY ROBUST,around_default,20260820
LTFRB_PUJ1211,1432,C,5000,0.0,0.0,0.0,1431,1427,1437,35.02,41.63,28.8,LOW-PRIORITY ROBUST,around_default,20260820
LTFRB_PUJ1108,1433,C,5000,0.0,0.0,0.0,1435,1358,1470,34.37,41.59,16.56,SCENARIO-DEPENDENT,around_default,20260820
LTFRB_PUJ1743,1434,C,5000,0.0,0.0,0.0,1435,1419,1450,33.49,42.54,26.28,LOW-PRIORITY ROBUST,around_default,20260820
LTFRB_PUJ1424,1435,C,5000,0.0,0.0,0.0,1435,1428,1447,35.06,40.62,27.72,LOW-PRIORITY ROBUST,around_default,20260820
LTFRB_PUJ1425,1436,C,5000,0.0,0.0,0.0,1436,1429,1448,35.06,40.62,27.72,LOW-PRIORITY ROBUST,around_default,20260820
LTFRB_PUJ1310,1437,C,5000,0.0,0.0,0.0,1438,1422,1446,33.91,41.79,27.12,LOW-PRIORITY ROBUST,around_default,20260820
LTFRB_PUJ1705,1438,C,5000,0.0,0.0,0.0,1438,1422,1461,33.02,42.41,25.32,LOW-PRIORITY ROBUST,around_default,20260820
LTFRB_PUJ1779,1439,C,5000,0.0,0.0,0.0,1438,1424,1457,33.23,42.27,26.04,LOW-PRIORITY ROBUST,around_default,20260820
LTFRB_PUJ2019,1440,C,5000,0.0,0.0,0.0,1441,1427,1450,33.4,41.88,27.24,LOW-PRIORITY ROBUST,around_default,20260820
LTFRB_PUJ2427,1441,C,5000,0.0,0.0,0.0,1441,1436,1447,34.3,40.79,28.68,LOW-PRIORITY ROBUST,around_default,20260820
LTFRB_PUJ1661,1442,C,5000,0.0,0.0,0.0,1442,1424,1449,33.72,41.42,27.0,LOW-PRIORITY ROBUST,around_default,20260820
LTFRB_PUJ1816,1443,C,5000,0.0,0.0,0.0,1440,1423,1464,35.4,39.46,25.08,LOW-PRIORITY ROBUST,around_default,20260820
LTFRB_PUJ2426,1444,C,5000,0.0,0.0,0.0,1444,1429,1460,33.2,41.39,26.28,LOW-PRIORITY ROBUST,around_default,20260820
LTFRB_PUJ2422,1445,C,5000,0.0,0.0,0.0,1445,1427,1465,32.26,42.03,25.44,LOW-PRIORITY ROBUST,around_default,20260820
LTFRB_PUJ1068,1446,C,5000,0.0,0.0,0.0,1447,1436,1459,32.75,41.27,27.24,LOW-PRIORITY ROBUST,around_default,20260820
LTFRB_PUJ1311,1447,C,5000,0.0,0.0,0.0,1448,1435,1455,32.87,41.11,27.6,LOW-PRIORITY ROBUST,around_default,20260820
LTFRB_PUJ1704,1448,C,5000,0.0,0.0,0.0,1448,1433,1466,32.39,41.43,26.04,LOW-PRIORITY ROBUST,around_default,20260820
LTFRB_PUJ1454,1449,C,5000,0.0,0.0,0.0,1448,1392,1477,33.22,40.47,19.8,SCENARIO-DEPENDENT,around_default,20260820
LTFRB_PUJ1447,1450,C,5000,0.0,0.0,0.0,1450,1396,1478,33.14,40.37,20.16,SCENARIO-DEPENDENT,around_default,20260820
LTFRB_PUJ1432,1451,C,5000,0.0,0.0,0.0,1450,1442,1464,33.84,39.31,27.36,LOW-PRIORITY ROBUST,around_default,20260820
LTFRB_PUJ1107,1452,C,5000,0.0,0.0,0.0,1452,1401,1480,32.95,40.18,20.52,SCENARIO-DEPENDENT,around_default,20260820
LTFRB_PUJ2536,1453,C,5000,0.0,0.0,0.0,1451,1443,1465,33.69,39.36,27.36,LOW-PRIORITY ROBUST,around_default,20260820
LTFRB_PUJ1035,1454,C,5000,0.0,0.0,0.0,1452,1442,1464,32.68,40.31,27.36,LOW-PRIORITY ROBUST,around_default,20260820
LTFRB_PUJ1632,1455,C,5000,0.0,0.0,0.0,1454,1423,1476,33.98,38.32,23.64,LOW-PRIORITY ROBUST,around_default,20260820
LTFRB_PUJ1067,1456,C,5000,0.0,0.0,0.0,1454,1445,1466,31.79,40.42,27.48,LOW-PRIORITY ROBUST,around_default,20260820
LTFRB_PUJ1778,1457,C,5000,0.0,0.0,0.0,1456,1448,1467,31.73,40.24,27.72,LOW-PRIORITY ROBUST,around_default,20260820
LTFRB_PUJ1455,1458,C,5000,0.0,0.0,0.0,1459,1417,1482,32.11,39.32,22.2,SCENARIO-DEPENDENT,around_default,20260820
LTFRB_PUJ1063,1459,C,5000,0.0,0.0,0.0,1460,1449,1472,31.11,40.11,27.24,LOW-PRIORITY ROBUST,around_default,20260820
LTFRB_PUJ1064,1460,C,5000,0.0,0.0,0.0,1461,1450,1473,31.11,40.11,27.24,LOW-PRIORITY ROBUST,around_default,20260820
LTFRB_PUJ1663,1461,C,5000,0.0,0.0,0.0,1461,1454,1470,31.36,39.79,28.08,LOW-PRIORITY ROBUST,around_default,20260820
LTFRB_PUJ1037,1462,C,5000,0.0,0.0,0.0,1463,1454,1470,32.07,38.99,28.08,LOW-PRIORITY ROBUST,around_default,20260820
LTFRB_PUJ1038,1463,C,5000,0.0,0.0,0.0,1464,1455,1471,32.07,38.99,28.08,LOW-PRIORITY ROBUST,around_default,20260820
LTFRB_PUJ2207,1464,C,5000,0.0,0.0,0.0,1462,1450,1471,30.92,40.05,27.48,LOW-PRIORITY ROBUST,around_default,20260820
LTFRB_PUJ1149,1465,C,5000,0.0,0.0,0.0,1465,1455,1474,30.56,39.64,27.72,LOW-PRIORITY ROBUST,around_default,20260820
LTFRB_PUJ1148,1466,C,5000,0.0,0.0,0.0,1466,1456,1475,30.56,39.64,27.72,LOW-PRIORITY ROBUST,around_default,20260820
LTFRB_PUJ2208,1467,C,5000,0.0,0.0,0.0,1467,1457,1476,30.54,39.64,27.72,LOW-PRIORITY ROBUST,around_default,20260820
LTFRB_PUJ2061,1468,C,5000,0.0,0.0,0.0,1468,1458,1477,30.5,39.61,27.72,LOW-PRIORITY ROBUST,around_default,20260820
LTFRB_PUJ2409,1469,C,5000,0.0,0.0,0.0,1468,1454,1481,30.09,39.71,26.76,LOW-PRIORITY ROBUST,around_default,20260820
LTFRB_PUJ2062,1470,C,5000,0.0,0.0,0.0,1470,1461,1478,30.34,39.5,27.96,LOW-PRIORITY ROBUST,around_default,20260820
LTFRB_PUJ2410,1471,C,5000,0.0,0.0,0.0,1471,1458,1482,29.89,39.36,27.12,LOW-PRIORITY ROBUST,around_default,20260820
LTFRB_PUJ2494,1472,C,5000,0.0,0.0,0.0,1472,1448,1483,31.68,37.35,25.8,LOW-PRIORITY ROBUST,around_default,20260820
LTFRB_PUJ2495,1473,C,5000,0.0,0.0,0.0,1473,1449,1484,31.68,37.35,25.8,LOW-PRIORITY ROBUST,around_default,20260820
LTFRB_PUJ2476,1474,C,5000,0.0,0.0,0.0,1476,1429,1491,29.87,37.43,22.56,SCENARIO-DEPENDENT,around_default,20260820
LTFRB_PUJ2477,1475,C,5000,0.0,0.0,0.0,1477,1430,1492,29.87,37.43,22.56,SCENARIO-DEPENDENT,around_default,20260820
LTFRB_PUJ2358,1476,C,5000,0.0,0.0,0.0,1479,1470,1483,29.25,38.16,28.44,LOW-PRIORITY ROBUST,around_default,20260820
LTFRB_PUJ2564,1477,C,5000,0.0,0.0,0.0,1479,1465,1488,29.39,37.98,27.24,LOW-PRIORITY ROBUST,around_default,20260820
LTFRB_PUJ2357,1478,C,5000,0.0,0.0,0.0,1480,1471,1485,29.21,38.13,28.32,LOW-PRIORITY ROBUST,around_default,20260820
LTFRB_PUJ2455,1479,C,5000,0.0,0.0,0.0,1479,1471,1483,29.68,37.67,28.56,LOW-PRIORITY ROBUST,around_default,20260820
LTFRB_PUJ2546,1480,C,5000,0.0,0.0,0.0,1480,1434,1493,29.7,37.23,22.92,LOW-PRIORITY ROBUST,around_default,20260820
LTFRB_PUJ2547,1481,C,5000,0.0,0.0,0.0,1481,1435,1494,29.7,37.23,22.92,LOW-PRIORITY ROBUST,around_default,20260820
LTFRB_PUJ2392,1482,C,5000,0.0,0.0,0.0,1482,1436,1495,29.68,37.21,22.92,LOW-PRIORITY ROBUST,around_default,20260820
LTFRB_PUJ1069,1483,C,5000,0.0,0.0,0.0,1481,1470,1486,28.99,37.93,28.08,LOW-PRIORITY ROBUST,around_default,20260820
LTFRB_PUJ2454,1484,C,5000,0.0,0.0,0.0,1483,1474,1486,29.27,37.42,28.56,LOW-PRIORITY ROBUST,around_default,20260820
LTFRB_PUJ2611,1485,C,5000,0.0,0.0,0.0,1484,1468,1493,28.75,37.42,27.0,LOW-PRIORITY ROBUST,around_default,20260820
LTFRB_PUJ2612,1486,C,5000,0.0,0.0,0.0,1485,1469,1494,28.75,37.42,27.0,LOW-PRIORITY ROBUST,around_default,20260820
LTFRB_PUJ2282,1487,C,5000,0.0,0.0,0.0,1486,1474,1489,28.57,37.57,28.2,LOW-PRIORITY ROBUST,around_default,20260820
LTFRB_PUJ1317,1488,C,5000,0.0,0.0,0.0,1484,1475,1490,28.44,37.54,28.2,LOW-PRIORITY ROBUST,around_default,20260820
LTFRB_PUJ1113,1489,C,5000,0.0,0.0,0.0,1489,1476,1497,28.01,36.54,27.48,LOW-PRIORITY ROBUST,around_default,20260820
LTFRB_PUJ2544,1490,C,5000,0.0,0.0,0.0,1489,1457,1499,28.45,35.88,24.96,LOW-PRIORITY ROBUST,around_default,20260820
LTFRB_PUJ2545,1491,C,5000,0.0,0.0,0.0,1490,1458,1500,28.45,35.88,24.96,LOW-PRIORITY ROBUST,around_default,20260820
LTFRB_PUJ1438,1492,C,5000,0.0,0.0,0.0,1490,1483,1492,28.11,35.94,28.92,LOW-PRIORITY ROBUST,around_default,20260820
LTFRB_PUJ1439,1493,C,5000,0.0,0.0,0.0,1491,1484,1493,28.11,35.94,28.92,LOW-PRIORITY ROBUST,around_default,20260820
LTFRB_PUJ2421,1494,C,5000,0.0,0.0,0.0,1494,1487,1497,26.53,35.45,28.8,LOW-PRIORITY ROBUST,around_default,20260820
LTFRB_PUJ2550,1495,C,5000,0.0,0.0,0.0,1495,1490,1497,27.17,33.91,29.16,LOW-PRIORITY ROBUST,around_default,20260820
LTFRB_PUJ1909,1496,C,5000,0.0,0.0,0.0,1495,1489,1497,26.49,34.53,29.04,LOW-PRIORITY ROBUST,around_default,20260820
LTFRB_PUJ1908,1497,C,5000,0.0,0.0,0.0,1497,1493,1500,25.76,33.95,29.16,LOW-PRIORITY ROBUST,around_default,20260820
LTFRB_PUJ1316,1498,C,5000,0.0,0.0,0.0,1498,1490,1502,25.11,34.59,28.56,LOW-PRIORITY ROBUST,around_default,20260820
LTFRB_PUJ2614,1499,C,5000,0.0,0.0,0.0,1498,1489,1504,25.86,33.74,28.2,LOW-PRIORITY ROBUST,around_default,20260820
LTFRB_PUJ2613,1500,C,5000,0.0,0.0,0.0,1500,1495,1505,25.25,32.98,28.8,LOW-PRIORITY ROBUST,around_default,20260820
LTFRB_PUJ2343,1501,C,5000,0.0,0.0,0.0,1501,1499,1501,24.71,32.65,29.76,LOW-PRIORITY ROBUST,around_default,20260820
LTFRB_PUJ2344,1502,C,5000,0.0,0.0,0.0,1502,1500,1502,24.71,32.65,29.76,LOW-PRIORITY ROBUST,around_default,20260820
LTFRB_PUJ2276,1503,C,5000,0.0,0.0,0.0,1503,1499,1505,23.58,31.9,29.28,LOW-PRIORITY ROBUST,around_default,20260820
LTFRB_PUJ1634,1504,C,5000,0.0,0.0,0.0,1504,1499,1504,23.51,31.2,29.4,LOW-PRIORITY ROBUST,around_default,20260820
LTFRB_PUJ1635,1505,C,5000,0.0,0.0,0.0,1505,1500,1505,23.51,31.2,29.4,LOW-PRIORITY ROBUST,around_default,20260820
LTFRB_PUJ1914,1506,C,5000,0.0,0.0,0.0,1506,1506,1506,20.65,29.5,30.0,LOW-PRIORITY ROBUST,around_default,20260820
LTFRB_PUJ1915,1507,C,5000,0.0,0.0,0.0,1507,1507,1507,20.65,29.5,30.0,LOW-PRIORITY ROBUST,around_default,20260820
LTFRB_PUJ2460,1508,C,5000,0.0,0.0,0.0,1508,1508,1509,19.44,27.77,29.88,LOW-PRIORITY ROBUST,around_default,20260820
LTFRB_PUJ2461,1509,C,5000,0.0,0.0,0.0,1509,1509,1510,19.33,27.69,29.88,LOW-PRIORITY ROBUST,around_default,20260820
LTFRB_PUJ2511,1510,C,5000,0.0,0.0,0.0,1512,1508,1514,17.33,28.2,29.28,LOW-PRIORITY ROBUST,around_default,20260820
LTFRB_PUJ2349,1511,C,5000,0.0,0.0,0.0,1510,1510,1515,18.92,26.38,29.4,LOW-PRIORITY ROBUST,around_default,20260820
LTFRB_PUJ2350,1512,C,5000,0.0,0.0,0.0,1511,1511,1516,18.92,26.38,29.4,LOW-PRIORITY ROBUST,around_default,20260820
LTFRB_PUJ1752,1513,C,5000,0.0,0.0,0.0,1515,1511,1515,16.92,27.14,29.52,LOW-PRIORITY ROBUST,around_default,20260820
LTFRB_PUJ2475,1514,C,5000,0.0,0.0,0.0,1513,1512,1517,17.97,25.92,29.4,LOW-PRIORITY ROBUST,around_default,20260820
LTFRB_PUJ2474,1515,C,5000,0.0,0.0,0.0,1514,1513,1518,17.95,25.9,29.4,LOW-PRIORITY ROBUST,around_default,20260820
LTFRB_PUJ2510,1516,C,5000,0.0,0.0,0.0,1516,1511,1517,15.94,27.17,29.28,LOW-PRIORITY ROBUST,around_default,20260820
LTFRB_PUJ1753,1517,C,5000,0.0,0.0,0.0,1517,1513,1517,16.06,26.47,29.52,LOW-PRIORITY ROBUST,around_default,20260820
LTFRB_PUJ2373,1518,C,5000,0.0,0.0,0.0,1518,1514,1521,15.11,25.98,29.16,LOW-PRIORITY ROBUST,around_default,20260820
LTFRB_PUJ2425,1519,C,5000,0.0,0.0,0.0,1519,1518,1519,15.57,24.85,29.88,LOW-PRIORITY ROBUST,around_default,20260820
LTFRB_PUJ2351,1520,C,5000,0.0,0.0,0.0,1520,1518,1521,15.27,21.88,29.64,LOW-PRIORITY ROBUST,around_default,20260820
LTFRB_PUJ2352,1521,C,5000,0.0,0.0,0.0,1521,1519,1522,15.27,21.88,29.64,LOW-PRIORITY ROBUST,around_default,20260820
LTFRB_PUJ2273,1522,C,5000,0.0,0.0,0.0,1522,1520,1522,14.23,22.82,29.76,LOW-PRIORITY ROBUST,around_default,20260820
